sim,snap,redshift,subhalo_id,offset,g1,g2,inclination,theta_int,draw_idx,g1_pred,g2_pred,incl_img,theta_img,vel_fill_frac,v_amp_kms,r50_light_kpc,incl_img_deg,sin2theta,cos2theta
TNG50-1,40,1.5,102573,0,0.01523585,0.0439699,0.66956198,1.53788598,0,0.021292832,0.02642981,1.36689263,,0.8411407470703125,324.33003540039056,0.7639690318596855,78.31717874653721,,
TNG50-1,40,1.5,102573,0,-0.05199921,0.0388896,1.0959875,2.93745028,1,-0.041524217,0.06283053,1.36689263,,0.8411407470703125,324.33003540039056,0.7639690318596855,78.31717874653721,,
TNG50-1,40,1.5,102573,0,0.03752256,0.00330153,0.29662282,-1.09437155,2,0.031767868,0.010734029,1.36689263,,0.8411407470703125,324.33003540039056,0.7639690318596855,78.31717874653721,,
TNG50-1,40,1.5,102573,0,0.04702824,0.05636206,0.46575209,-0.81392567,3,0.024669893,0.05498256,1.36689263,,0.8411407470703125,324.33003540039056,0.7639690318596855,78.31717874653721,,
TNG50-1,40,1.5,102573,0,-0.09755176,0.02337547,0.64260862,-0.19128648,4,-0.104839966,0.024943253,1.36689263,,0.8411407470703125,324.33003540039056,0.7639690318596855,78.31717874653721,,
TNG50-1,40,1.5,102573,0,-0.06510898,-0.04296462,1.23698764,-1.95110899,5,-0.06490268,-0.051497616,1.36689263,,0.8411407470703125,324.33003540039056,0.7639690318596855,78.31717874653721,,
TNG50-1,40,1.5,102573,0,0.00639202,0.01843754,0.99075612,-2.32527176,6,-0.018064715,0.004689846,1.36689263,,0.8411407470703125,324.33003540039056,0.7639690318596855,78.31717874653721,,
TNG50-1,40,1.5,102573,0,-0.01581213,-0.04794413,1.36387023,-0.15265045,7,-0.039805457,-0.044922948,1.36689263,,0.8411407470703125,324.33003540039056,0.7639690318596855,78.31717874653721,,
TNG50-1,40,1.5,102573,0,-0.00084006,0.04392252,1.27138584,-1.71587917,8,0.0033329576,0.046363745,1.36689263,,0.8411407470703125,324.33003540039056,0.7639690318596855,78.31717874653721,,
TNG50-1,40,1.5,102573,0,-0.0426522,-0.0024963,0.76222015,1.0669728,9,-0.039614685,-0.0024242848,1.36689263,,0.8411407470703125,324.33003540039056,0.7639690318596855,78.31717874653721,,
TNG50-1,40,1.5,36235,0,0.03716271,0.01445597,0.89198976,2.220497,0,0.043509997,-0.014621519,1.27060278,,0.681396484375,504.7424011230469,1.8398810704813573,72.80017673158945,,
TNG50-1,40,1.5,36235,0,0.02715771,0.03156441,0.66048906,-1.67170751,1,0.047906335,0.025285676,1.27060278,,0.681396484375,504.7424011230469,1.8398810704813573,72.80017673158945,,
TNG50-1,40,1.5,36235,0,-0.03327549,-0.07285779,0.81735583,-2.77526572,2,-0.022092015,-0.041400194,1.27060278,,0.681396484375,504.7424011230469,1.8398810704813573,72.80017673158945,,
TNG50-1,40,1.5,36235,0,0.01160807,-0.01598356,0.90406387,-1.37360552,3,0.0039587095,-0.0111705065,1.27060278,,0.681396484375,504.7424011230469,1.8398810704813573,72.80017673158945,,
TNG50-1,40,1.5,36235,0,0.00583429,-0.02351863,0.89824909,-1.29688867,4,0.004143793,-0.015808746,1.27060278,,0.681396484375,504.7424011230469,1.8398810704813573,72.80017673158945,,
TNG50-1,40,1.5,36235,0,0.01093443,-0.03194389,1.14153755,1.01735147,5,0.0031123608,-0.016597055,1.27060278,,0.681396484375,504.7424011230469,1.8398810704813573,72.80017673158945,,
TNG50-1,40,1.5,36235,0,0.04357144,-0.01375711,1.37460754,0.35834358,6,0.056383114,-0.01898446,1.27060278,,0.681396484375,504.7424011230469,1.8398810704813573,72.80017673158945,,
TNG50-1,40,1.5,36235,0,0.01117978,0.07474707,1.01954729,1.78378506,7,0.0008009821,0.05919564,1.27060278,,0.681396484375,504.7424011230469,1.8398810704813573,72.80017673158945,,
TNG50-1,40,1.5,36235,0,0.03394568,-0.04329156,1.21983354,1.03241242,8,0.056883402,-0.029263012,1.27060278,,0.681396484375,504.7424011230469,1.8398810704813573,72.80017673158945,,
TNG50-1,40,1.5,36235,0,0.00337895,0.04841392,1.04613956,-0.5881887,9,0.022735633,0.045822524,1.27060278,,0.681396484375,504.7424011230469,1.8398810704813573,72.80017673158945,,
TNG50-1,40,1.5,127069,0,-0.03311875,0.02605836,0.39868136,2.20622177,0,-0.013531342,0.03997331,1.32402922,,0.62603759765625,373.2526519775391,2.7395319673971,75.86128625799836,,
TNG50-1,40,1.5,127069,0,0.00691207,-0.01329194,0.65104372,-2.16636066,1,0.013204642,0.0009537153,1.32402922,,0.62603759765625,373.2526519775391,2.7395319673971,75.86128625799836,,
TNG50-1,40,1.5,127069,0,0.03800665,-0.00587711,0.74437071,1.4741678,2,0.044217028,-0.00014978647,1.32402922,,0.62603759765625,373.2526519775391,2.7395319673971,75.86128625799836,,
TNG50-1,40,1.5,127069,0,0.01146057,0.04147595,0.55705752,-1.92867719,3,0.0025939196,0.033299424,1.32402922,,0.62603759765625,373.2526519775391,2.7395319673971,75.86128625799836,,
TNG50-1,40,1.5,127069,0,0.02650324,-0.09965302,1.36689263,-1.44036525,4,0.017750993,-0.09028844,1.32402922,,0.62603759765625,373.2526519775391,2.7395319673971,75.86128625799836,,
TNG50-1,40,1.5,127069,0,-0.03523366,-0.06482362,1.23085612,1.31887011,5,-0.020668373,-0.027224392,1.32402922,,0.62603759765625,373.2526519775391,2.7395319673971,75.86128625799836,,
TNG50-1,40,1.5,127069,0,-0.00898057,-0.07410927,1.2961903,3.01721565,6,0.00621045,-0.07659324,1.32402922,,0.62603759765625,373.2526519775391,2.7395319673971,75.86128625799836,,
TNG50-1,40,1.5,127069,0,0.0098388,-0.11668081,0.95367801,0.70084915,7,0.0067432486,-0.074630715,1.32402922,,0.62603759765625,373.2526519775391,2.7395319673971,75.86128625799836,,
TNG50-1,40,1.5,127069,0,0.04102642,-0.03391322,0.68622471,-2.79915708,8,0.055997066,-0.031284787,1.32402922,,0.62603759765625,373.2526519775391,2.7395319673971,75.86128625799836,,
TNG50-1,40,1.5,127069,0,-0.01968706,0.03747169,0.82257072,0.73079081,9,-0.020492524,0.016683001,1.32402922,,0.62603759765625,373.2526519775391,2.7395319673971,75.86128625799836,,
TNG50-1,40,1.5,116691,0,0.03508318,0.05640094,1.274636,0.43487214,0,0.03822013,0.035436988,0.80110925,,0.687835693359375,258.58193817138675,2.8764697754609947,45.900178953890745,,
TNG50-1,40,1.5,116691,0,-0.05175391,-0.11403689,1.360914,0.5667143,1,-0.017742045,-0.059695996,0.80110925,,0.687835693359375,258.58193817138675,2.8764697754609947,45.900178953890745,,
TNG50-1,40,1.5,116691,0,-0.00060423,-0.07483193,1.28499409,2.19556695,2,-0.017387852,-0.06184601,0.80110925,,0.687835693359375,258.58193817138675,2.8764697754609947,45.900178953890745,,
TNG50-1,40,1.5,116691,0,-0.0105345,-0.04614432,0.41700696,-3.1118016,3,-0.0045927316,-0.05470144,0.80110925,,0.687835693359375,258.58193817138675,2.8764697754609947,45.900178953890745,,
TNG50-1,40,1.5,116691,0,-0.06079455,0.07305894,1.39238282,2.22028579,4,-0.05009754,0.022581004,0.80110925,,0.687835693359375,258.58193817138675,2.8764697754609947,45.900178953890745,,
TNG50-1,40,1.5,116691,0,-0.0781739,0.01412935,1.24239873,0.74844729,5,-0.06436519,0.025408983,0.80110925,,0.687835693359375,258.58193817138675,2.8764697754609947,45.900178953890745,,
TNG50-1,40,1.5,116691,0,0.03428745,0.03836586,1.3742229,-2.11904517,6,0.010518841,0.042150877,0.80110925,,0.687835693359375,258.58193817138675,2.8764697754609947,45.900178953890745,,
TNG50-1,40,1.5,116691,0,-0.01754762,-0.05700805,1.30820076,1.71491619,7,-0.01610902,-0.043452114,0.80110925,,0.687835693359375,258.58193817138675,2.8764697754609947,45.900178953890745,,
TNG50-1,40,1.5,116691,0,-0.05111401,-0.05597679,0.83341779,2.23361923,8,-0.049190983,-0.06764003,0.80110925,,0.687835693359375,258.58193817138675,2.8764697754609947,45.900178953890745,,
TNG50-1,40,1.5,116691,0,-0.00480895,0.02239069,1.19639146,-1.54400807,9,-0.017180488,0.017345626,0.80110925,,0.687835693359375,258.58193817138675,2.8764697754609947,45.900178953890745,,
TNG50-1,40,1.5,36236,0,-0.00232936,-0.00139912,0.5449624,-0.80894354,0,0.01820992,0.027076088,1.28846325,,0.60565185546875,331.04508514404296,1.3489294257681255,73.82350628270946,,
TNG50-1,40,1.5,36236,0,0.01394321,0.01127799,0.83712492,-0.59781389,1,0.010986172,0.007952444,1.28846325,,0.60565185546875,331.04508514404296,1.3489294257681255,73.82350628270946,,
TNG50-1,40,1.5,36236,0,-0.05039465,0.04738248,0.91557312,1.63372225,2,-0.06388767,0.04441821,1.28846325,,0.60565185546875,331.04508514404296,1.3489294257681255,73.82350628270946,,
TNG50-1,40,1.5,36236,0,0.03621413,-0.05555525,1.26202767,1.71124429,3,0.026010975,-0.05074679,1.28846325,,0.60565185546875,331.04508514404296,1.3489294257681255,73.82350628270946,,
TNG50-1,40,1.5,36236,0,0.00315012,-0.05859858,1.18626011,-1.84214494,4,-0.0052423924,-0.04396481,1.28846325,,0.60565185546875,331.04508514404296,1.3489294257681255,73.82350628270946,,
TNG50-1,40,1.5,36236,0,-0.09459731,-0.05466619,1.26627577,2.77427046,5,-0.087744206,-0.06555248,1.28846325,,0.60565185546875,331.04508514404296,1.3489294257681255,73.82350628270946,,
TNG50-1,40,1.5,36236,0,-0.09792957,0.01444583,0.53529593,-2.38349281,6,-0.0839663,0.007440403,1.28846325,,0.60565185546875,331.04508514404296,1.3489294257681255,73.82350628270946,,
TNG50-1,40,1.5,36236,0,-0.00061596,0.06224737,0.87206112,2.48890845,7,-0.0075762197,0.085465,1.28846325,,0.60565185546875,331.04508514404296,1.3489294257681255,73.82350628270946,,
TNG50-1,40,1.5,36236,0,-0.01104837,-0.02156697,0.69898593,-2.51078821,8,0.0156092085,-0.017098807,1.28846325,,0.60565185546875,331.04508514404296,1.3489294257681255,73.82350628270946,,
TNG50-1,40,1.5,36236,0,-0.00517101,-0.12508499,1.14857995,-1.47944,9,-0.008590803,-0.11696721,1.28846325,,0.60565185546875,331.04508514404296,1.3489294257681255,73.82350628270946,,
TNG50-1,40,1.5,114862,0,-0.05381226,-0.09403992,1.29043628,-2.39418696,0,-0.045849964,-0.04372309,1.35500771,,0.4350433349609375,444.5360870361328,1.7558582887232457,77.63622299068659,,
TNG50-1,40,1.5,114862,0,-0.03758779,-0.01589533,1.29556729,2.61913579,1,-0.0314274,-0.013875149,1.35500771,,0.4350433349609375,444.5360870361328,1.7558582887232457,77.63622299068659,,
TNG50-1,40,1.5,114862,0,0.01985167,-0.04335026,0.34408621,-1.12134129,2,0.028500974,-0.03171376,1.35500771,,0.4350433349609375,444.5360870361328,1.7558582887232457,77.63622299068659,,
TNG50-1,40,1.5,114862,0,0.0277791,0.00596129,0.97585521,0.67939588,3,0.039703343,0.015236009,1.35500771,,0.4350433349609375,444.5360870361328,1.7558582887232457,77.63622299068659,,
TNG50-1,40,1.5,114862,0,-0.03110839,-0.02857246,0.34178348,-0.21982269,4,-0.02874595,-0.01788295,1.35500771,,0.4350433349609375,444.5360870361328,1.7558582887232457,77.63622299068659,,
TNG50-1,40,1.5,114862,0,0.04937026,-0.00830789,1.26350215,-0.62548327,5,0.033514954,-0.038815275,1.35500771,,0.4350433349609375,444.5360870361328,1.7558582887232457,77.63622299068659,,
TNG50-1,40,1.5,114862,0,0.05787539,0.09410874,0.90320059,0.20034622,6,0.059578575,0.09265045,1.35500771,,0.4350433349609375,444.5360870361328,1.7558582887232457,77.63622299068659,,
TNG50-1,40,1.5,114862,0,0.07181509,-0.00848599,1.2257516,-1.96513567,7,0.06511225,0.017844446,1.35500771,,0.4350433349609375,444.5360870361328,1.7558582887232457,77.63622299068659,,
TNG50-1,40,1.5,114862,0,0.02647067,0.02068962,1.18632205,3.06998884,8,0.042543944,0.030502874,1.35500771,,0.4350433349609375,444.5360870361328,1.7558582887232457,77.63622299068659,,
TNG50-1,40,1.5,114862,0,0.06817144,-0.01161347,1.37523791,1.99998732,9,0.029155925,-0.015320167,1.35500771,,0.4350433349609375,444.5360870361328,1.7558582887232457,77.63622299068659,,
TNG50-1,40,1.5,170919,0,0.02275119,0.14046054,0.56535468,-2.54343915,0,0.023234297,0.12336413,1.00854694,,0.386810302734375,249.5966079711914,1.4753529271891608,57.785483102833865,,
TNG50-1,40,1.5,170919,0,0.0722563,-0.02932925,1.25262168,1.43158167,1,0.0601147,0.00032607839,1.00854694,,0.386810302734375,249.5966079711914,1.4753529271891608,57.785483102833865,,
TNG50-1,40,1.5,170919,0,-0.00386781,0.07176501,1.03207304,2.99496873,2,0.02186592,0.07420893,1.00854694,,0.386810302734375,249.5966079711914,1.4753529271891608,57.785483102833865,,
TNG50-1,40,1.5,170919,0,-0.00984428,0.01218762,0.90550057,-1.14148897,3,-0.012996174,0.030569822,1.00854694,,0.386810302734375,249.5966079711914,1.4753529271891608,57.785483102833865,,
TNG50-1,40,1.5,170919,0,-0.05573085,-0.00756238,0.95741275,-0.24373176,4,-0.0378768,0.01834578,1.00854694,,0.386810302734375,249.5966079711914,1.4753529271891608,57.785483102833865,,
TNG50-1,40,1.5,170919,0,-0.01146463,0.02162972,0.75855996,-0.47264052,5,-0.004755527,0.021966338,1.00854694,,0.386810302734375,249.5966079711914,1.4753529271891608,57.785483102833865,,
TNG50-1,40,1.5,170919,0,-0.07963971,0.00309582,0.79720598,-2.81851658,6,-0.079125926,0.002079159,1.00854694,,0.386810302734375,249.5966079711914,1.4753529271891608,57.785483102833865,,
TNG50-1,40,1.5,170919,0,-0.0456439,0.00551979,0.23020425,1.08236934,7,-0.06292899,0.011257436,1.00854694,,0.386810302734375,249.5966079711914,1.4753529271891608,57.785483102833865,,
TNG50-1,40,1.5,170919,0,0.0113393,-0.02041666,0.20234369,-0.92150644,8,0.013295986,-0.0076920763,1.00854694,,0.386810302734375,249.5966079711914,1.4753529271891608,57.785483102833865,,
TNG50-1,40,1.5,170919,0,0.06595066,-0.06990548,0.94177879,1.80618879,9,0.08139237,-0.058277972,1.00854694,,0.386810302734375,249.5966079711914,1.4753529271891608,57.785483102833865,,
TNG50-1,40,1.5,125535,0,0.00470915,0.09311588,0.88851518,-2.57246764,0,0.005337633,0.08353321,0.83761259,,0.39483642578125,395.19044494628906,0.8651263511855508,47.991666274021824,,
TNG50-1,40,1.5,125535,0,0.06243789,0.03013262,0.42957846,-1.72203914,1,0.08184994,0.0461226,0.83761259,,0.39483642578125,395.19044494628906,0.8651263511855508,47.991666274021824,,
TNG50-1,40,1.5,125535,0,-0.05432839,-0.00912499,0.92081963,-0.39055296,2,-0.052443847,-0.001774095,0.83761259,,0.39483642578125,395.19044494628906,0.8651263511855508,47.991666274021824,,
TNG50-1,40,1.5,125535,0,0.01682005,0.02877733,0.82700759,2.8003758,3,0.01633326,0.031770557,0.83761259,,0.39483642578125,395.19044494628906,0.8651263511855508,47.991666274021824,,
TNG50-1,40,1.5,125535,0,-0.04579117,-0.07049097,1.23078296,-0.76460194,4,-0.04943881,-0.06420564,0.83761259,,0.39483642578125,395.19044494628906,0.8651263511855508,47.991666274021824,,
TNG50-1,40,1.5,125535,0,-0.0335956,0.05912654,0.61196721,1.70131828,5,-0.046395607,0.07137071,0.83761259,,0.39483642578125,395.19044494628906,0.8651263511855508,47.991666274021824,,
TNG50-1,40,1.5,125535,0,0.07386968,-0.01619924,0.83599793,0.25432256,6,0.081782505,0.010092031,0.83761259,,0.39483642578125,395.19044494628906,0.8651263511855508,47.991666274021824,,
TNG50-1,40,1.5,125535,0,-0.02712789,-0.01020348,0.5155861,-1.99297127,7,-0.014028393,-0.0012731552,0.83761259,,0.39483642578125,395.19044494628906,0.8651263511855508,47.991666274021824,,
TNG50-1,40,1.5,125535,0,0.02311062,-0.02458278,0.35217581,-1.12636075,8,0.030955702,-0.012873739,0.83761259,,0.39483642578125,395.19044494628906,0.8651263511855508,47.991666274021824,,
TNG50-1,40,1.5,125535,0,-0.09356091,-0.02903257,1.10201282,0.962533,9,-0.08655484,-0.024271764,0.83761259,,0.39483642578125,395.19044494628906,0.8651263511855508,47.991666274021824,,
TNG50-1,40,1.5,131685,0,0.00474134,0.01226855,0.96876165,-1.38458578,0,0.022686854,0.04285044,1.24649426,,0.80474853515625,328.68683013916,1.1270732848635552,71.4188602852827,,
TNG50-1,40,1.5,131685,0,-0.06139578,-0.08881991,1.28209369,-2.94025684,1,-0.04677728,-0.071716346,1.24649426,,0.80474853515625,328.68683013916,1.1270732848635552,71.4188602852827,,
TNG50-1,40,1.5,131685,0,-0.10901831,-0.03269816,1.27274152,0.7187091,2,-0.09360619,-0.038254544,1.24649426,,0.80474853515625,328.68683013916,1.1270732848635552,71.4188602852827,,
TNG50-1,40,1.5,131685,0,-0.01898382,0.01076513,0.75694396,-0.79345319,3,-0.0051855,0.030730661,1.24649426,,0.80474853515625,328.68683013916,1.1270732848635552,71.4188602852827,,
TNG50-1,40,1.5,131685,0,-0.09014281,-0.05122645,1.36091525,0.95086584,4,-0.08734359,-0.0313825,1.24649426,,0.80474853515625,328.68683013916,1.1270732848635552,71.4188602852827,,
TNG50-1,40,1.5,131685,0,-0.03760804,0.04540314,1.15694708,-2.45881794,5,-0.037529387,0.055080205,1.24649426,,0.80474853515625,328.68683013916,1.1270732848635552,71.4188602852827,,
TNG50-1,40,1.5,131685,0,-0.04545514,-0.06013483,1.28365788,-3.05502698,6,-0.052417815,-0.06929544,1.24649426,,0.80474853515625,328.68683013916,1.1270732848635552,71.4188602852827,,
TNG50-1,40,1.5,131685,0,-0.0435608,-0.01431831,1.01539574,-1.58151388,7,-0.04780206,-0.01900749,1.24649426,,0.80474853515625,328.68683013916,1.1270732848635552,71.4188602852827,,
TNG50-1,40,1.5,131685,0,0.10004816,-0.02930258,1.04067862,-0.27302122,8,0.10123402,-0.024254613,1.24649426,,0.80474853515625,328.68683013916,1.1270732848635552,71.4188602852827,,
TNG50-1,40,1.5,131685,0,0.00282058,0.00821603,0.93634097,-0.66556542,9,-0.006345339,0.028813507,1.24649426,,0.80474853515625,328.68683013916,1.1270732848635552,71.4188602852827,,
TNG50-1,40,1.5,141038,0,-0.00490368,0.0289641,0.66152955,-2.87031471,0,-0.01747258,0.026985753,0.88449698,,0.511322021484375,275.43807525634764,2.4873029621239597,50.67794394606718,,
TNG50-1,40,1.5,141038,0,-0.03246315,0.10929319,1.23256314,-3.1110731,1,-0.022631094,0.0962374,0.88449698,,0.511322021484375,275.43807525634764,2.4873029621239597,50.67794394606718,,
TNG50-1,40,1.5,141038,0,-0.0742781,0.01386448,1.15188237,1.44196016,2,-0.0634428,0.015908834,0.88449698,,0.511322021484375,275.43807525634764,2.4873029621239597,50.67794394606718,,
TNG50-1,40,1.5,141038,0,0.00463397,0.02425409,0.29279588,2.820357,3,-0.0037040636,0.030091807,0.88449698,,0.511322021484375,275.43807525634764,2.4873029621239597,50.67794394606718,,
TNG50-1,40,1.5,141038,0,-0.03841778,-0.05387807,0.73225758,1.61165618,4,-0.021359757,-0.05684793,0.88449698,,0.511322021484375,275.43807525634764,2.4873029621239597,50.67794394606718,,
TNG50-1,40,1.5,141038,0,0.00429967,-0.06434537,0.84390398,-0.17818994,5,0.0027633384,-0.07348556,0.88449698,,0.511322021484375,275.43807525634764,2.4873029621239597,50.67794394606718,,
TNG50-1,40,1.5,141038,0,-0.03970218,0.07914147,1.13825789,-0.08768028,6,-0.06341319,0.06377708,0.88449698,,0.511322021484375,275.43807525634764,2.4873029621239597,50.67794394606718,,
TNG50-1,40,1.5,141038,0,-0.05498292,-0.04617399,1.14583203,-0.40126669,7,-0.07347727,-0.04756198,0.88449698,,0.511322021484375,275.43807525634764,2.4873029621239597,50.67794394606718,,
TNG50-1,40,1.5,141038,0,0.01171492,-0.0521972,1.36741185,-1.10179633,8,0.00069214404,-0.051501997,0.88449698,,0.511322021484375,275.43807525634764,2.4873029621239597,50.67794394606718,,
TNG50-1,40,1.5,141038,0,0.00754608,-0.00195495,0.70731411,0.13643443,9,0.014971986,0.044135734,0.88449698,,0.511322021484375,275.43807525634764,2.4873029621239597,50.67794394606718,,
TNG50-1,40,1.5,162442,0,0.01517335,-0.06051994,1.29344686,-2.51635513,0,0.013673715,-0.06266657,0.68940916,,0.63873291015625,177.72071075439445,2.4087661864563827,39.50023522565929,,
TNG50-1,40,1.5,162442,0,0.02557569,0.04894207,0.39279967,0.66759233,1,0.0506791,0.020382151,0.68940916,,0.63873291015625,177.72071075439445,2.4087661864563827,39.50023522565929,,
TNG50-1,40,1.5,162442,0,0.00708283,0.00393088,0.95249178,-2.72468569,2,0.026650973,0.013202779,0.68940916,,0.63873291015625,177.72071075439445,2.4087661864563827,39.50023522565929,,
TNG50-1,40,1.5,162442,0,-0.01985972,-0.04314,0.58472069,-1.62550118,3,-0.009110391,-0.036223203,0.68940916,,0.63873291015625,177.72071075439445,2.4087661864563827,39.50023522565929,,
TNG50-1,40,1.5,162442,0,-0.01662213,0.04042739,0.79582504,-2.76015816,4,0.0026310682,0.058688473,0.68940916,,0.63873291015625,177.72071075439445,2.4087661864563827,39.50023522565929,,
TNG50-1,40,1.5,162442,0,-0.04087792,-0.02802244,0.73005383,0.30716978,5,-0.048383065,-0.017813608,0.68940916,,0.63873291015625,177.72071075439445,2.4087661864563827,39.50023522565929,,
TNG50-1,40,1.5,162442,0,0.02108084,-0.07032503,0.72257638,-2.1341585,6,-0.0018383563,-0.056585737,0.68940916,,0.63873291015625,177.72071075439445,2.4087661864563827,39.50023522565929,,
TNG50-1,40,1.5,162442,0,-0.00470076,0.05106111,0.49727639,0.69370965,7,-0.0074801147,0.05723375,0.68940916,,0.63873291015625,177.72071075439445,2.4087661864563827,39.50023522565929,,
TNG50-1,40,1.5,162442,0,-0.03315869,-0.02685485,0.84055619,1.82755952,8,-0.039871372,-0.017236926,0.68940916,,0.63873291015625,177.72071075439445,2.4087661864563827,39.50023522565929,,
TNG50-1,40,1.5,162442,0,-0.03311224,-0.02044495,1.1643467,2.02243622,9,-0.032717034,-0.0066716745,0.68940916,,0.63873291015625,177.72071075439445,2.4087661864563827,39.50023522565929,,
TNG50-1,40,1.5,238569,0,0.04492776,-0.13697666,0.66434293,-0.16183863,0,0.05030305,-0.0894253,1.11057039,,0.3061676025390625,251.80143127441406,1.1270732848635552,63.63099619919784,,
TNG50-1,40,1.5,238569,0,0.04003596,-0.08834809,0.74428766,0.44441351,1,0.047364224,-0.056543157,1.11057039,,0.3061676025390625,251.80143127441406,1.1270732848635552,63.63099619919784,,
TNG50-1,40,1.5,238569,0,0.01384099,0.07108135,1.16400368,-1.16769928,2,0.023966461,0.06388882,1.11057039,,0.3061676025390625,251.80143127441406,1.1270732848635552,63.63099619919784,,
TNG50-1,40,1.5,238569,0,-0.06752107,-0.02006275,0.73133615,-2.25384601,3,-0.049023524,-0.031291038,1.11057039,,0.3061676025390625,251.80143127441406,1.1270732848635552,63.63099619919784,,
TNG50-1,40,1.5,238569,0,-0.01558197,-0.03753623,0.35380541,-1.46439907,4,-0.028340317,-0.023676269,1.11057039,,0.3061676025390625,251.80143127441406,1.1270732848635552,63.63099619919784,,
TNG50-1,40,1.5,238569,0,-0.03730582,0.08213301,1.32416387,2.25993798,5,-0.024859793,0.08466309,1.11057039,,0.3061676025390625,251.80143127441406,1.1270732848635552,63.63099619919784,,
TNG50-1,40,1.5,238569,0,0.04348379,0.063258,1.12165596,0.64350475,6,0.047422163,0.058598746,1.11057039,,0.3061676025390625,251.80143127441406,1.1270732848635552,63.63099619919784,,
TNG50-1,40,1.5,238569,0,0.05890924,0.00122244,1.20244803,-0.76661978,7,0.05120125,0.0003711842,1.11057039,,0.3061676025390625,251.80143127441406,1.1270732848635552,63.63099619919784,,
TNG50-1,40,1.5,238569,0,0.05281928,-0.01467015,1.06038194,1.821533,8,0.052431475,-0.013724454,1.11057039,,0.3061676025390625,251.80143127441406,1.1270732848635552,63.63099619919784,,
TNG50-1,40,1.5,238569,0,-0.03776097,-0.00660506,0.68986741,-2.73659466,9,-0.043706536,-0.0029338524,1.11057039,,0.3061676025390625,251.80143127441406,1.1270732848635552,63.63099619919784,,
TNG50-1,40,1.5,77694,0,0.00141634,0.0059562,0.83946745,-0.79217244,0,0.0033288077,-0.0047807023,0.65104372,,0.7164154052734375,269.0177764892578,1.7401455943262691,37.3020574344969,,
TNG50-1,40,1.5,77694,0,-0.07999747,0.01589993,0.96258604,-0.33909271,1,-0.073191196,0.012561373,0.65104372,,0.7164154052734375,269.0177764892578,1.7401455943262691,37.3020574344969,,
TNG50-1,40,1.5,77694,0,0.07049531,-0.03921293,0.8364802,-0.56736487,2,0.065303765,-0.03077057,0.65104372,,0.7164154052734375,269.0177764892578,1.7401455943262691,37.3020574344969,,
TNG50-1,40,1.5,77694,0,-0.03408073,-0.00625222,1.27361126,-1.99841135,3,-0.026599504,-0.0005909428,0.65104372,,0.7164154052734375,269.0177764892578,1.7401455943262691,37.3020574344969,,
TNG50-1,40,1.5,77694,0,0.10157001,-0.03050494,1.21898276,1.45535546,4,0.09722941,0.0039927885,0.65104372,,0.7164154052734375,269.0177764892578,1.7401455943262691,37.3020574344969,,
TNG50-1,40,1.5,77694,0,-0.00162372,0.1149832,1.17167113,-0.32384629,5,-0.016670771,0.107720874,0.65104372,,0.7164154052734375,269.0177764892578,1.7401455943262691,37.3020574344969,,
TNG50-1,40,1.5,77694,0,0.05140268,-0.00448654,0.85763512,-3.03944622,6,0.040021285,0.021928418,0.65104372,,0.7164154052734375,269.0177764892578,1.7401455943262691,37.3020574344969,,
TNG50-1,40,1.5,77694,0,-0.00266514,0.07726161,1.01461028,2.91548408,7,-0.019953236,0.080290414,0.65104372,,0.7164154052734375,269.0177764892578,1.7401455943262691,37.3020574344969,,
TNG50-1,40,1.5,77694,0,-0.00153719,-0.00978112,1.19392101,1.98400128,8,0.004640661,-0.040375806,0.65104372,,0.7164154052734375,269.0177764892578,1.7401455943262691,37.3020574344969,,
TNG50-1,40,1.5,77694,0,-0.02920147,0.01296438,0.48402199,1.40466485,9,-0.046450153,-0.012230687,0.65104372,,0.7164154052734375,269.0177764892578,1.7401455943262691,37.3020574344969,,
TNG50-1,40,1.5,196834,0,-0.07739164,0.00593321,1.33083949,-1.05887805,0,-0.078973144,-0.0063351505,1.13266064,,0.6713714599609375,237.10900115966794,2.7143519113829226,64.89667429258672,,
TNG50-1,40,1.5,196834,0,-0.01326801,0.04936237,1.06314098,0.92002821,1,-0.007373996,0.080970645,1.13266064,,0.6713714599609375,237.10900115966794,2.7143519113829226,64.89667429258672,,
TNG50-1,40,1.5,196834,0,-0.02312607,-0.02833565,1.18238419,-1.96857148,2,-0.010352567,-0.034084804,1.13266064,,0.6713714599609375,237.10900115966794,2.7143519113829226,64.89667429258672,,
TNG50-1,40,1.5,196834,0,-0.09868413,-0.03154808,1.25808887,2.75018434,3,-0.10958131,-0.007293932,1.13266064,,0.6713714599609375,237.10900115966794,2.7143519113829226,64.89667429258672,,
TNG50-1,40,1.5,196834,0,0.05301636,0.05285946,0.34178771,-1.24536917,4,0.047105245,0.05067253,1.13266064,,0.6713714599609375,237.10900115966794,2.7143519113829226,64.89667429258672,,
TNG50-1,40,1.5,196834,0,-0.01351983,0.01893197,1.23631801,-1.53820851,5,-0.019919947,0.050960112,1.13266064,,0.6713714599609375,237.10900115966794,2.7143519113829226,64.89667429258672,,
TNG50-1,40,1.5,196834,0,0.03698156,-0.10223641,0.32653413,1.32677499,6,0.027165994,-0.0953717,1.13266064,,0.6713714599609375,237.10900115966794,2.7143519113829226,64.89667429258672,,
TNG50-1,40,1.5,196834,0,0.1179886,-0.06126959,0.66596289,0.98299629,7,0.1274196,-0.051075913,1.13266064,,0.6713714599609375,237.10900115966794,2.7143519113829226,64.89667429258672,,
TNG50-1,40,1.5,196834,0,-0.01766218,0.07506179,0.81041628,-0.30599792,8,-0.0071028173,0.051971253,1.13266064,,0.6713714599609375,237.10900115966794,2.7143519113829226,64.89667429258672,,
TNG50-1,40,1.5,196834,0,-0.02105765,0.02009641,0.77043222,0.83218424,9,-0.019546285,0.033510655,1.13266064,,0.6713714599609375,237.10900115966794,2.7143519113829226,64.89667429258672,,
TNG50-1,40,1.5,15218,0,0.02048756,-0.05951717,0.47132479,-1.28016925,0,0.027340658,-0.053838685,1.06539632,,0.253814697265625,257.51940917968744,1.6758222241494247,61.0427126447693,,
TNG50-1,40,1.5,15218,0,0.02905994,0.02453035,0.76643204,-0.9685497,1,0.023396514,0.02773037,1.06539632,,0.253814697265625,257.51940917968744,1.6758222241494247,61.0427126447693,,
TNG50-1,40,1.5,15218,0,-0.04131716,0.04254305,1.19740558,1.82635604,2,-0.041814208,0.05195184,1.06539632,,0.253814697265625,257.51940917968744,1.6758222241494247,61.0427126447693,,
TNG50-1,40,1.5,15218,0,0.03588628,0.0362854,1.03554708,2.37702156,3,0.048586346,0.030590577,1.06539632,,0.253814697265625,257.51940917968744,1.6758222241494247,61.0427126447693,,
TNG50-1,40,1.5,15218,0,0.00566853,0.03924771,1.2227338,-1.11819284,4,-0.0014273077,0.02106857,1.06539632,,0.253814697265625,257.51940917968744,1.6758222241494247,61.0427126447693,,
TNG50-1,40,1.5,15218,0,-0.06280274,0.01816315,1.29310451,0.44934703,5,-0.070863366,0.020468574,1.06539632,,0.253814697265625,257.51940917968744,1.6758222241494247,61.0427126447693,,
TNG50-1,40,1.5,15218,0,-0.00849372,-0.00362062,1.07264355,-1.39384748,6,-0.008213162,0.00810051,1.06539632,,0.253814697265625,257.51940917968744,1.6758222241494247,61.0427126447693,,
TNG50-1,40,1.5,15218,0,0.06906395,-0.03041837,0.88092246,-2.80648122,7,0.06343985,-0.05546636,1.06539632,,0.253814697265625,257.51940917968744,1.6758222241494247,61.0427126447693,,
TNG50-1,40,1.5,15218,0,0.08382974,-0.09489678,1.09105649,1.49450075,8,0.068234734,-0.0762508,1.06539632,,0.253814697265625,257.51940917968744,1.6758222241494247,61.0427126447693,,
TNG50-1,40,1.5,15218,0,0.03586742,0.01698209,0.84357594,-2.06714608,9,0.012689065,0.019105963,1.06539632,,0.253814697265625,257.51940917968744,1.6758222241494247,61.0427126447693,,
TNG50-1,40,1.5,225428,0,0.0727259,-0.06639663,0.62247082,-1.32510316,0,0.057242572,-0.054874785,1.2516405,,0.2577972412109375,287.60010986328126,1.4184045043254145,71.7137181176441,,
TNG50-1,40,1.5,225428,0,0.01880348,0.0266626,0.67106344,1.25670086,1,0.013420045,0.03698968,1.2516405,,0.2577972412109375,287.60010986328126,1.4184045043254145,71.7137181176441,,
TNG50-1,40,1.5,225428,0,-0.04194281,-0.06727355,0.20699108,-3.09542293,2,-0.041597024,-0.07216411,1.2516405,,0.2577972412109375,287.60010986328126,1.4184045043254145,71.7137181176441,,
TNG50-1,40,1.5,225428,0,-0.03426214,-0.01127835,0.9792927,-0.90877207,3,-0.009881914,-0.01272244,1.2516405,,0.2577972412109375,287.60010986328126,1.4184045043254145,71.7137181176441,,
TNG50-1,40,1.5,225428,0,-0.02798501,0.01520752,0.60297,0.7258128,4,-0.024888724,0.035313036,1.2516405,,0.2577972412109375,287.60010986328126,1.4184045043254145,71.7137181176441,,
TNG50-1,40,1.5,225428,0,0.01805989,-0.0568797,0.51830452,-2.32630418,5,0.017099988,-0.037433423,1.2516405,,0.2577972412109375,287.60010986328126,1.4184045043254145,71.7137181176441,,
TNG50-1,40,1.5,225428,0,0.06690981,-0.05121312,1.22240494,2.49195472,6,0.058946498,-0.044933923,1.2516405,,0.2577972412109375,287.60010986328126,1.4184045043254145,71.7137181176441,,
TNG50-1,40,1.5,225428,0,0.05262115,-0.00470605,1.3653081,-2.1596943,7,0.052850634,0.013898764,1.2516405,,0.2577972412109375,287.60010986328126,1.4184045043254145,71.7137181176441,,
TNG50-1,40,1.5,225428,0,0.02280061,0.02518251,1.04967424,2.57480878,8,0.01209126,0.005677987,1.2516405,,0.2577972412109375,287.60010986328126,1.4184045043254145,71.7137181176441,,
TNG50-1,40,1.5,225428,0,-0.06658224,0.05307594,0.52761751,-1.78197853,9,-0.037397906,0.04253427,1.2516405,,0.2577972412109375,287.60010986328126,1.4184045043254145,71.7137181176441,,
TNG50-1,40,1.5,179803,0,0.0305501,-0.02322059,0.94250917,-0.54161177,0,0.032105863,-0.012495667,0.6632516,,0.4892578125,192.67099456787108,0.7639690318596855,38.00151743529907,,
TNG50-1,40,1.5,179803,0,-0.08144988,-0.05070346,0.49330986,1.71769273,1,-0.07926957,-0.04443016,0.6632516,,0.4892578125,192.67099456787108,0.7639690318596855,38.00151743529907,,
TNG50-1,40,1.5,179803,0,0.07985139,-0.06332981,1.29863756,2.20264565,2,0.089558005,-0.051108457,0.6632516,,0.4892578125,192.67099456787108,0.7639690318596855,38.00151743529907,,
TNG50-1,40,1.5,179803,0,0.00911946,-0.0024242,1.30515149,1.46614892,3,0.004483275,-0.013338521,0.6632516,,0.4892578125,192.67099456787108,0.7639690318596855,38.00151743529907,,
TNG50-1,40,1.5,179803,0,0.06404721,-0.02327934,1.14476962,0.36371273,4,0.062276755,-0.014664374,0.6632516,,0.4892578125,192.67099456787108,0.7639690318596855,38.00151743529907,,
TNG50-1,40,1.5,179803,0,-0.05377099,-0.03428035,1.02477154,1.40863801,5,-0.06357746,-0.052410804,0.6632516,,0.4892578125,192.67099456787108,0.7639690318596855,38.00151743529907,,
TNG50-1,40,1.5,179803,0,-0.04615826,0.07735447,1.14635028,1.13970406,6,-0.036597267,0.07154994,0.6632516,,0.4892578125,192.67099456787108,0.7639690318596855,38.00151743529907,,
TNG50-1,40,1.5,179803,0,-0.05809501,-0.00411628,0.66287775,-1.66902367,7,-0.06245701,-0.007970862,0.6632516,,0.4892578125,192.67099456787108,0.7639690318596855,38.00151743529907,,
TNG50-1,40,1.5,179803,0,0.01251488,0.06350215,1.19323263,0.31892753,8,0.015177548,0.043783955,0.6632516,,0.4892578125,192.67099456787108,0.7639690318596855,38.00151743529907,,
TNG50-1,40,1.5,179803,0,0.00329917,-0.02666261,1.32982797,1.70028858,9,0.019073036,-0.018327788,0.6632516,,0.4892578125,192.67099456787108,0.7639690318596855,38.00151743529907,,
TNG50-1,40,1.5,207043,0,0.0297643,0.00901677,0.6580256,-1.85752513,0,0.032601006,0.018783964,1.19462521,,0.4892730712890625,259.8388916015625,2.5256557104201924,68.44698263292968,,
TNG50-1,40,1.5,207043,0,0.03331436,-0.0675898,1.26090096,1.42143682,1,0.038936913,-0.04760834,1.19462521,,0.4892730712890625,259.8388916015625,2.5256557104201924,68.44698263292968,,
TNG50-1,40,1.5,207043,0,0.02541877,-0.05995052,1.3638251,-1.90401591,2,0.03526424,-0.042700335,1.19462521,,0.4892730712890625,259.8388916015625,2.5256557104201924,68.44698263292968,,
TNG50-1,40,1.5,207043,0,-0.04351868,-0.05205616,1.01681574,-1.31153158,3,-0.03668853,-0.041081466,1.19462521,,0.4892730712890625,259.8388916015625,2.5256557104201924,68.44698263292968,,
TNG50-1,40,1.5,207043,0,0.00432554,-0.02221547,0.64847858,0.04112205,4,-0.0064888597,-0.023454674,1.19462521,,0.4892730712890625,259.8388916015625,2.5256557104201924,68.44698263292968,,
TNG50-1,40,1.5,207043,0,-0.04497201,0.04684845,0.79936301,-0.08350395,5,-0.054409713,0.100116335,1.19462521,,0.4892730712890625,259.8388916015625,2.5256557104201924,68.44698263292968,,
TNG50-1,40,1.5,207043,0,-0.01662983,0.02891991,0.73986271,0.63365532,6,-0.017701931,0.033767197,1.19462521,,0.4892730712890625,259.8388916015625,2.5256557104201924,68.44698263292968,,
TNG50-1,40,1.5,207043,0,0.1076734,0.02614977,1.05145656,-0.39304717,7,0.10845147,0.04655133,1.19462521,,0.4892730712890625,259.8388916015625,2.5256557104201924,68.44698263292968,,
TNG50-1,40,1.5,207043,0,0.00478477,-0.05494623,1.20221072,2.63562853,8,0.021764196,-0.05640737,1.19462521,,0.4892730712890625,259.8388916015625,2.5256557104201924,68.44698263292968,,
TNG50-1,40,1.5,207043,0,-0.05937633,-0.02706572,0.92634377,2.13586891,9,-0.06106302,-0.03583876,1.19462521,,0.4892730712890625,259.8388916015625,2.5256557104201924,68.44698263292968,,
TNG50-1,40,1.5,119693,0,-0.03329762,-0.05224044,1.27902171,-0.89340592,0,-0.030104697,-0.032951258,0.69962568,,0.6229400634765625,300.3708557128906,1.1864330116005812,40.08559870297029,,
TNG50-1,40,1.5,119693,0,-0.03345226,0.00532431,1.27807646,1.73166718,1,-0.028058857,0.019315396,0.69962568,,0.6229400634765625,300.3708557128906,1.1864330116005812,40.08559870297029,,
TNG50-1,40,1.5,119693,0,-0.00399232,0.02556995,0.85280971,1.22561943,2,0.02314233,0.020653754,0.69962568,,0.6229400634765625,300.3708557128906,1.1864330116005812,40.08559870297029,,
TNG50-1,40,1.5,119693,0,-0.00301571,0.01638003,0.41216558,1.04208957,3,-0.009197816,0.018382907,0.69962568,,0.6229400634765625,300.3708557128906,1.1864330116005812,40.08559870297029,,
TNG50-1,40,1.5,119693,0,0.14981195,0.02851005,1.01854754,2.06986069,4,0.13176727,0.018675074,0.69962568,,0.6229400634765625,300.3708557128906,1.1864330116005812,40.08559870297029,,
TNG50-1,40,1.5,119693,0,-0.05386139,0.0706304,1.10572724,-1.40033155,5,-0.059746757,0.066655725,0.69962568,,0.6229400634765625,300.3708557128906,1.1864330116005812,40.08559870297029,,
TNG50-1,40,1.5,119693,0,0.0114485,0.04684833,0.65937667,-1.00729686,6,0.018405147,0.05313656,0.69962568,,0.6229400634765625,300.3708557128906,1.1864330116005812,40.08559870297029,,
TNG50-1,40,1.5,119693,0,0.03082539,0.00356473,0.68956644,-2.87556604,7,0.046170145,0.0050496347,0.69962568,,0.6229400634765625,300.3708557128906,1.1864330116005812,40.08559870297029,,
TNG50-1,40,1.5,119693,0,-7.86e-05,-0.05858792,1.19193353,2.31689804,8,-0.015272915,-0.054833293,0.69962568,,0.6229400634765625,300.3708557128906,1.1864330116005812,40.08559870297029,,
TNG50-1,40,1.5,119693,0,0.00550903,-0.03000026,1.26583898,0.5179213,9,0.018011063,-0.026533216,0.69962568,,0.6229400634765625,300.3708557128906,1.1864330116005812,40.08559870297029,,
TNG50-1,40,1.5,164301,0,0.03097826,0.06754955,0.32361415,2.71217377,0,0.015087947,0.0677211,1.132162,,0.6790924072265625,243.00607604980465,2.942549889724153,64.8681043250903,,
TNG50-1,40,1.5,164301,0,0.01986642,0.03565346,1.17110812,0.19100594,1,0.00014977902,0.027415281,1.132162,,0.6790924072265625,243.00607604980465,2.942549889724153,64.8681043250903,,
TNG50-1,40,1.5,164301,0,-0.03831943,-0.04912276,0.57418579,-2.02163999,2,-0.03421916,-0.020776026,1.132162,,0.6790924072265625,243.00607604980465,2.942549889724153,64.8681043250903,,
TNG50-1,40,1.5,164301,0,-0.04047587,-0.05168178,1.09825007,0.91701563,3,-0.04759998,-0.043322198,1.132162,,0.6790924072265625,243.00607604980465,2.942549889724153,64.8681043250903,,
TNG50-1,40,1.5,164301,0,0.04941422,0.02459651,0.92063671,-1.93570671,4,0.035919115,0.013104439,1.132162,,0.6790924072265625,243.00607604980465,2.942549889724153,64.8681043250903,,
TNG50-1,40,1.5,164301,0,0.05957754,-0.00886373,1.01107806,-2.74240085,5,0.049131267,-0.038973674,1.132162,,0.6790924072265625,243.00607604980465,2.942549889724153,64.8681043250903,,
TNG50-1,40,1.5,164301,0,0.07560718,-0.0013215,1.39518891,1.16437001,6,0.074027464,-0.009230532,1.132162,,0.6790924072265625,243.00607604980465,2.942549889724153,64.8681043250903,,
TNG50-1,40,1.5,164301,0,0.09019652,0.05362667,0.88234936,-2.44607619,7,0.08259316,0.054654043,1.132162,,0.6790924072265625,243.00607604980465,2.942549889724153,64.8681043250903,,
TNG50-1,40,1.5,164301,0,0.00673097,0.03795186,0.68325602,-2.47420874,8,0.0010335073,0.0038581043,1.132162,,0.6790924072265625,243.00607604980465,2.942549889724153,64.8681043250903,,
TNG50-1,40,1.5,164301,0,-0.01555996,0.06649366,1.25415994,1.50760987,9,-0.038601518,0.050281998,1.132162,,0.6790924072265625,243.00607604980465,2.942549889724153,64.8681043250903,,
TNG50-1,40,1.5,236236,0,0.06804508,0.0357769,0.78629728,3.02994566,0,0.07288324,0.019357815,0.96784494,,0.1776885986328125,227.26589660644532,1.1511845334602637,55.45343028509239,,
TNG50-1,40,1.5,236236,0,-0.08216235,-0.03133158,1.26979517,1.11048156,1,-0.08108087,0.0024346076,0.96784494,,0.1776885986328125,227.26589660644532,1.1511845334602637,55.45343028509239,,
TNG50-1,40,1.5,236236,0,0.03061725,-0.03422918,1.23744805,2.20345423,2,0.047911912,-0.024060965,0.96784494,,0.1776885986328125,227.26589660644532,1.1511845334602637,55.45343028509239,,
TNG50-1,40,1.5,236236,0,0.04792556,0.00494577,0.49020252,1.58423149,3,0.052778006,0.005057521,0.96784494,,0.1776885986328125,227.26589660644532,1.1511845334602637,55.45343028509239,,
TNG50-1,40,1.5,236236,0,-0.01293632,0.05031952,1.27668571,1.24559294,4,-0.0147753805,0.05818969,0.96784494,,0.1776885986328125,227.26589660644532,1.1511845334602637,55.45343028509239,,
TNG50-1,40,1.5,236236,0,-0.06053868,0.1143725,1.38456472,-0.72530536,5,-0.039117,0.054995038,0.96784494,,0.1776885986328125,227.26589660644532,1.1511845334602637,55.45343028509239,,
TNG50-1,40,1.5,236236,0,0.04714779,-0.07537406,0.95694998,-1.10370437,6,0.06512007,-0.07291541,0.96784494,,0.1776885986328125,227.26589660644532,1.1511845334602637,55.45343028509239,,
TNG50-1,40,1.5,236236,0,-0.05997544,0.0157671,0.51789812,1.36319106,7,-0.044155285,0.007447012,0.96784494,,0.1776885986328125,227.26589660644532,1.1511845334602637,55.45343028509239,,
TNG50-1,40,1.5,236236,0,-0.00891757,-0.05432675,1.12181027,1.36164799,8,-0.019967854,-0.059274845,0.96784494,,0.1776885986328125,227.26589660644532,1.1511845334602637,55.45343028509239,,
TNG50-1,40,1.5,236236,0,-0.0020062,0.05094056,1.29346354,2.83113031,9,-0.00042983145,0.055842597,0.96784494,,0.1776885986328125,227.26589660644532,1.1511845334602637,55.45343028509239,,
TNG50-1,40,1.5,247397,0,0.0178571,-0.00325808,0.65474883,2.22480521,0,0.023291033,-0.001882758,0.96480024,,0.40887451171875,243.1148567199707,0.8651263511855508,55.27898182520891,,
TNG50-1,40,1.5,247397,0,-0.05772928,0.08351402,0.46769937,-2.80408906,1,-0.057633787,0.08102758,0.96480024,,0.40887451171875,243.1148567199707,0.8651263511855508,55.27898182520891,,
TNG50-1,40,1.5,247397,0,-0.04471415,0.08571573,0.91222131,2.0337068,2,-0.050727278,0.06583586,0.96480024,,0.40887451171875,243.1148567199707,0.8651263511855508,55.27898182520891,,
TNG50-1,40,1.5,247397,0,-0.11049722,0.04936615,1.31244632,-2.53078764,3,-0.102944255,0.05766086,0.96480024,,0.40887451171875,243.1148567199707,0.8651263511855508,55.27898182520891,,
TNG50-1,40,1.5,247397,0,0.02823711,0.01687466,0.92366573,-2.74396986,4,0.025102414,0.015345119,0.96480024,,0.40887451171875,243.1148567199707,0.8651263511855508,55.27898182520891,,
TNG50-1,40,1.5,247397,0,-0.0606105,-0.05025532,0.52943483,1.62483736,5,-0.060434103,-0.059902735,0.96480024,,0.40887451171875,243.1148567199707,0.8651263511855508,55.27898182520891,,
TNG50-1,40,1.5,247397,0,0.00662849,0.03593108,0.68072197,0.22814637,6,0.00850793,0.038056754,0.96480024,,0.40887451171875,243.1148567199707,0.8651263511855508,55.27898182520891,,
TNG50-1,40,1.5,247397,0,0.01854941,-0.00790106,1.15295811,-0.5369106,7,0.027980905,-0.018768564,0.96480024,,0.40887451171875,243.1148567199707,0.8651263511855508,55.27898182520891,,
TNG50-1,40,1.5,247397,0,0.03011764,0.02802641,1.29705966,2.53754102,8,0.020923711,0.019487698,0.96480024,,0.40887451171875,243.1148567199707,0.8651263511855508,55.27898182520891,,
TNG50-1,40,1.5,247397,0,-0.06020085,-0.03164217,0.45192328,2.13190722,9,-0.056726195,-0.017552353,0.96480024,,0.40887451171875,243.1148567199707,0.8651263511855508,55.27898182520891,,
TNG50-1,40,1.5,178140,0,0.07254283,-0.08432384,1.19537984,-0.21991258,0,0.06973546,-0.07237101,0.47772838,,0.433319091796875,232.1764251708984,0.4462367054217134,27.371819927622006,,
TNG50-1,40,1.5,178140,0,0.03854908,-0.024245,0.93115538,2.30001474,1,0.03956817,-0.006907992,0.47772838,,0.433319091796875,232.1764251708984,0.4462367054217134,27.371819927622006,,
TNG50-1,40,1.5,178140,0,-0.01953855,0.06144075,1.21217938,-1.61120628,2,-0.012695134,0.061958,0.47772838,,0.433319091796875,232.1764251708984,0.4462367054217134,27.371819927622006,,
TNG50-1,40,1.5,178140,0,-0.00536056,0.02011577,1.36903923,1.49267221,3,-0.01190903,0.012498528,0.47772838,,0.433319091796875,232.1764251708984,0.4462367054217134,27.371819927622006,,
TNG50-1,40,1.5,178140,0,0.04689995,-0.00043243,0.7326927,2.38274633,4,0.04244633,-0.004984159,0.47772838,,0.433319091796875,232.1764251708984,0.4462367054217134,27.371819927622006,,
TNG50-1,40,1.5,178140,0,0.00157871,0.03370116,0.90879512,1.97710646,5,0.0046027154,0.043529976,0.47772838,,0.433319091796875,232.1764251708984,0.4462367054217134,27.371819927622006,,
TNG50-1,40,1.5,178140,0,0.02363415,0.09590822,0.71297362,1.95893431,6,0.035011724,0.08602304,0.47772838,,0.433319091796875,232.1764251708984,0.4462367054217134,27.371819927622006,,
TNG50-1,40,1.5,178140,0,0.12674964,-0.09979538,1.32745133,-0.23231052,7,0.11187211,-0.08325667,0.47772838,,0.433319091796875,232.1764251708984,0.4462367054217134,27.371819927622006,,
TNG50-1,40,1.5,178140,0,0.00948783,0.07596938,0.21748904,2.01055614,8,0.011439279,0.061005943,0.47772838,,0.433319091796875,232.1764251708984,0.4462367054217134,27.371819927622006,,
TNG50-1,40,1.5,178140,0,0.03312991,-0.13859778,0.22186681,1.19823368,9,0.039504156,-0.11713941,0.47772838,,0.433319091796875,232.1764251708984,0.4462367054217134,27.371819927622006,,
TNG50-1,40,1.5,226914,0,0.08557114,-0.08870483,1.19757001,-0.92529703,0,0.07614292,-0.07403501,1.30528492,,0.4692840576171875,219.6031982421875,0.5558691199514729,74.7873169780713,,
TNG50-1,40,1.5,226914,0,-0.05021173,0.03424773,0.5541485,-2.39938368,1,-0.050453328,0.046561647,1.30528492,,0.4692840576171875,219.6031982421875,0.5558691199514729,74.7873169780713,,
TNG50-1,40,1.5,226914,0,-0.04710594,0.0161737,1.33502157,2.79168043,2,-0.06387995,0.03540158,1.30528492,,0.4692840576171875,219.6031982421875,0.5558691199514729,74.7873169780713,,
TNG50-1,40,1.5,226914,0,0.08054505,-0.00287773,1.2666022,-0.38843726,3,0.07401717,0.002886571,1.30528492,,0.4692840576171875,219.6031982421875,0.5558691199514729,74.7873169780713,,
TNG50-1,40,1.5,226914,0,0.03122742,-0.01951822,1.07173389,1.19588658,4,0.033299293,-0.020091385,1.30528492,,0.4692840576171875,219.6031982421875,0.5558691199514729,74.7873169780713,,
TNG50-1,40,1.5,226914,0,0.10601851,-0.0447377,0.53191571,0.47292076,5,0.09264587,-0.05207733,1.30528492,,0.4692840576171875,219.6031982421875,0.5558691199514729,74.7873169780713,,
TNG50-1,40,1.5,226914,0,-0.02252193,0.03638565,1.27960285,0.01078142,6,-0.01274538,0.051265456,1.30528492,,0.4692840576171875,219.6031982421875,0.5558691199514729,74.7873169780713,,
TNG50-1,40,1.5,226914,0,0.00631406,-0.0585545,0.49670151,0.73247881,7,-0.0019660369,-0.07077018,1.30528492,,0.4692840576171875,219.6031982421875,0.5558691199514729,74.7873169780713,,
TNG50-1,40,1.5,226914,0,-0.03303385,0.0255948,1.20673476,2.50285853,8,-0.04359217,0.00067386776,1.30528492,,0.4692840576171875,219.6031982421875,0.5558691199514729,74.7873169780713,,
TNG50-1,40,1.5,226914,0,0.00716506,0.10372257,1.00446005,1.25231659,9,0.0018877164,0.09794507,1.30528492,,0.4692840576171875,219.6031982421875,0.5558691199514729,74.7873169780713,,
TNG50-1,40,1.5,153454,0,0.00166233,-0.00108542,0.48742793,-1.84666645,0,-0.00032290816,-0.026609004,1.36507299,,0.1431427001953125,349.14666748046875,0.9978156073785002,78.21292105430403,,
TNG50-1,40,1.5,153454,0,0.08607885,-0.03321691,0.87714425,-1.01139214,1,0.06031232,-0.040157348,1.36507299,,0.1431427001953125,349.14666748046875,0.9978156073785002,78.21292105430403,,
TNG50-1,40,1.5,153454,0,0.08109621,0.00645212,0.62332141,0.80569918,2,0.061715968,-0.016072564,1.36507299,,0.1431427001953125,349.14666748046875,0.9978156073785002,78.21292105430403,,
TNG50-1,40,1.5,153454,0,-0.00040879,0.0132712,1.17780471,-2.51355863,3,-0.007844791,-0.009045482,1.36507299,,0.1431427001953125,349.14666748046875,0.9978156073785002,78.21292105430403,,
TNG50-1,40,1.5,153454,0,-0.02267758,-0.01876975,1.29860992,-2.68922991,4,-0.010978758,-0.025436401,1.36507299,,0.1431427001953125,349.14666748046875,0.9978156073785002,78.21292105430403,,
TNG50-1,40,1.5,153454,0,0.07315868,0.04519128,0.73918012,-2.98009109,5,0.06505464,0.013524588,1.36507299,,0.1431427001953125,349.14666748046875,0.9978156073785002,78.21292105430403,,
TNG50-1,40,1.5,153454,0,0.04002092,0.06444162,0.62135388,2.61782545,6,0.038527317,0.0085985735,1.36507299,,0.1431427001953125,349.14666748046875,0.9978156073785002,78.21292105430403,,
TNG50-1,40,1.5,153454,0,0.01577906,0.04849488,1.06706962,-1.18511717,7,0.019512467,0.018704653,1.36507299,,0.1431427001953125,349.14666748046875,0.9978156073785002,78.21292105430403,,
TNG50-1,40,1.5,153454,0,-0.01609364,-0.01381242,1.38048945,1.00944911,8,-0.0051674694,-0.027439304,1.36507299,,0.1431427001953125,349.14666748046875,0.9978156073785002,78.21292105430403,,
TNG50-1,40,1.5,153454,0,0.01658483,0.03779108,0.58658778,3.07395573,9,0.018640604,0.0067408234,1.36507299,,0.1431427001953125,349.14666748046875,0.9978156073785002,78.21292105430403,,
TNG50-1,40,1.5,267973,0,0.01048397,-0.07250897,1.13490127,-0.51275129,0,0.0008390099,-0.07790733,0.70071646,,0.6470794677734375,151.4203918457031,1.891407702136989,40.148095793347565,,
TNG50-1,40,1.5,267973,0,0.05496759,0.07055836,0.82221525,-2.32911866,1,0.046060286,0.07532016,0.70071646,,0.6470794677734375,151.4203918457031,1.891407702136989,40.148095793347565,,
TNG50-1,40,1.5,267973,0,0.04597064,-0.05857226,0.82614474,-0.47778365,2,0.04878299,-0.06819145,0.70071646,,0.6470794677734375,151.4203918457031,1.891407702136989,40.148095793347565,,
TNG50-1,40,1.5,267973,0,0.01880477,-0.05706076,0.55523043,-0.69463813,3,0.008921839,-0.06309918,0.70071646,,0.6470794677734375,151.4203918457031,1.891407702136989,40.148095793347565,,
TNG50-1,40,1.5,267973,0,0.06355359,-0.01171429,0.69296489,-2.92437249,4,0.04972866,-0.033119567,0.70071646,,0.6470794677734375,151.4203918457031,1.891407702136989,40.148095793347565,,
TNG50-1,40,1.5,267973,0,-0.11728941,-0.01591032,0.55306661,-1.41289513,5,-0.11345035,-0.023522861,0.70071646,,0.6470794677734375,151.4203918457031,1.891407702136989,40.148095793347565,,
TNG50-1,40,1.5,267973,0,-0.01452316,-0.07792086,0.82786013,1.5827782,6,-0.029861823,-0.07885558,0.70071646,,0.6470794677734375,151.4203918457031,1.891407702136989,40.148095793347565,,
TNG50-1,40,1.5,267973,0,-0.01528952,0.0324939,1.00738646,0.48974647,7,-0.02723658,0.033385992,0.70071646,,0.6470794677734375,151.4203918457031,1.891407702136989,40.148095793347565,,
TNG50-1,40,1.5,267973,0,0.05763414,0.03397012,1.06008818,1.92370712,8,0.0427178,0.014959794,0.70071646,,0.6470794677734375,151.4203918457031,1.891407702136989,40.148095793347565,,
TNG50-1,40,1.5,267973,0,0.07856975,0.05270208,1.07353658,0.26821689,9,0.07183293,0.03899054,0.70071646,,0.6470794677734375,151.4203918457031,1.891407702136989,40.148095793347565,,
TNG50-1,40,1.5,189576,0,-0.02965783,0.0211518,0.28802149,-1.01001498,0,-0.039997414,0.022344887,1.39117439,,0.16552734375,270.18749084472654,0.9264485332524549,79.7084211136868,,
TNG50-1,40,1.5,189576,0,0.0009825,0.06874539,1.05343307,0.63597229,1,-0.0032764375,0.02966949,1.39117439,,0.16552734375,270.18749084472654,0.9264485332524549,79.7084211136868,,
TNG50-1,40,1.5,189576,0,-0.03931431,-0.02015369,1.26456458,-2.64040406,2,-0.04401803,0.0008030459,1.39117439,,0.16552734375,270.18749084472654,0.9264485332524549,79.7084211136868,,
TNG50-1,40,1.5,189576,0,0.00480286,-0.01077817,1.35383397,-1.74872049,3,-0.0058104172,-0.003102202,1.39117439,,0.16552734375,270.18749084472654,0.9264485332524549,79.7084211136868,,
TNG50-1,40,1.5,189576,0,-0.04827283,0.05358159,0.81574003,-0.51810998,4,-0.05676227,0.020254876,1.39117439,,0.16552734375,270.18749084472654,0.9264485332524549,79.7084211136868,,
TNG50-1,40,1.5,189576,0,-0.08304959,-0.09052229,0.25917163,-1.87352966,5,-0.07299012,-0.037853807,1.39117439,,0.16552734375,270.18749084472654,0.9264485332524549,79.7084211136868,,
TNG50-1,40,1.5,189576,0,0.04097031,0.09834343,0.46090635,2.84943091,6,0.027725473,0.055558413,1.39117439,,0.16552734375,270.18749084472654,0.9264485332524549,79.7084211136868,,
TNG50-1,40,1.5,189576,0,-0.02372073,0.12220502,0.73959489,3.1139311,7,-0.05405397,0.05239428,1.39117439,,0.16552734375,270.18749084472654,0.9264485332524549,79.7084211136868,,
TNG50-1,40,1.5,189576,0,-0.04185168,-0.13531688,0.23527632,-0.81093353,8,-0.034744084,-0.06948035,1.39117439,,0.16552734375,270.18749084472654,0.9264485332524549,79.7084211136868,,
TNG50-1,40,1.5,189576,0,-0.05469236,-0.00487516,0.7143337,1.31462449,9,-0.0654508,0.009433791,1.39117439,,0.16552734375,270.18749084472654,0.9264485332524549,79.7084211136868,,
TNG50-1,40,1.5,122852,0,-0.01994824,0.03118382,1.09997701,1.89642263,0,-0.008740924,0.037196375,1.15210602,,0.39373779296875,268.5421478271484,0.4143203796014927,66.01081249761481,,
TNG50-1,40,1.5,122852,0,-0.01341166,-0.02490962,1.20959087,2.74770796,1,-0.007828914,-0.033677556,1.15210602,,0.39373779296875,268.5421478271484,0.4143203796014927,66.01081249761481,,
TNG50-1,40,1.5,122852,0,-0.08609756,-0.05436177,0.95810451,2.87166986,2,-0.07740228,-0.065074936,1.15210602,,0.39373779296875,268.5421478271484,0.4143203796014927,66.01081249761481,,
TNG50-1,40,1.5,122852,0,0.04096705,-0.01446675,1.37854195,-0.46751389,3,0.05176273,-0.022160694,1.15210602,,0.39373779296875,268.5421478271484,0.4143203796014927,66.01081249761481,,
TNG50-1,40,1.5,122852,0,-0.05431603,-0.0232874,1.11978623,-1.48077572,4,-0.047480926,-0.02961938,1.15210602,,0.39373779296875,268.5421478271484,0.4143203796014927,66.01081249761481,,
TNG50-1,40,1.5,122852,0,0.07466508,-0.01625797,0.76827403,0.68244025,5,0.08480007,-0.039596356,1.15210602,,0.39373779296875,268.5421478271484,0.4143203796014927,66.01081249761481,,
TNG50-1,40,1.5,122852,0,0.09103163,0.047484,1.30980467,0.80545991,6,0.087997936,0.02819176,1.15210602,,0.39373779296875,268.5421478271484,0.4143203796014927,66.01081249761481,,
TNG50-1,40,1.5,122852,0,-0.01241268,-0.03926538,1.34804347,0.7687159,7,-0.0045513064,-0.03798958,1.15210602,,0.39373779296875,268.5421478271484,0.4143203796014927,66.01081249761481,,
TNG50-1,40,1.5,122852,0,0.02194863,0.08675115,0.7977812,-1.119798,8,0.021950461,0.08170098,1.15210602,,0.39373779296875,268.5421478271484,0.4143203796014927,66.01081249761481,,
TNG50-1,40,1.5,122852,0,-0.06159736,-0.06625298,1.05617619,-2.74102868,9,-0.062212586,-0.07549835,1.15210602,,0.39373779296875,268.5421478271484,0.4143203796014927,66.01081249761481,,
TNG50-1,50,1.0,5,0,0.05490741,0.0136942,1.08681135,2.38193594,0,0.05058275,0.008260235,0.88917829,,0.7940521240234375,294.86573791503906,3.413557421163166,50.94616325165958,,
TNG50-1,50,1.0,5,0,-0.06464675,0.04986923,0.82702804,-1.90408997,1,-0.06374626,0.030941881,0.88917829,,0.7940521240234375,294.86573791503906,3.413557421163166,50.94616325165958,,
TNG50-1,50,1.0,5,0,0.00636207,0.02595354,0.97582671,1.80174028,2,0.010916542,0.008478634,0.88917829,,0.7940521240234375,294.86573791503906,3.413557421163166,50.94616325165958,,
TNG50-1,50,1.0,5,0,0.05751119,0.08804406,0.54387002,0.63429538,3,0.04689328,0.047038727,0.88917829,,0.7940521240234375,294.86573791503906,3.413557421163166,50.94616325165958,,
TNG50-1,50,1.0,5,0,-0.10761235,0.02611638,0.88802236,0.21872583,4,-0.10677846,0.030501626,0.88917829,,0.7940521240234375,294.86573791503906,3.413557421163166,50.94616325165958,,
TNG50-1,50,1.0,5,0,0.10091328,0.09823178,1.15402724,0.08757872,5,0.085527174,0.06628329,0.88917829,,0.7940521240234375,294.86573791503906,3.413557421163166,50.94616325165958,,
TNG50-1,50,1.0,5,0,-0.02126426,0.04505394,0.73781103,2.2205477,6,-0.026170738,0.025609147,0.88917829,,0.7940521240234375,294.86573791503906,3.413557421163166,50.94616325165958,,
TNG50-1,50,1.0,5,0,0.00705477,-0.09028751,0.58393279,0.69663428,7,0.0061683245,-0.109897576,0.88917829,,0.7940521240234375,294.86573791503906,3.413557421163166,50.94616325165958,,
TNG50-1,50,1.0,5,0,0.02857246,0.13055513,0.99199565,0.23691369,8,0.019903153,0.11510266,0.88917829,,0.7940521240234375,294.86573791503906,3.413557421163166,50.94616325165958,,
TNG50-1,50,1.0,5,0,0.03630645,-0.02871721,0.24681672,-2.83459681,9,0.05069381,-0.017913342,0.88917829,,0.7940521240234375,294.86573791503906,3.413557421163166,50.94616325165958,,
TNG50-1,50,1.0,214137,0,-0.05083798,-0.07807985,0.97770112,-1.48081098,0,-0.052513316,-0.058271043,0.40673261,,0.69732666015625,375.4511245727539,3.5900328942282163,23.304061943340503,,
TNG50-1,50,1.0,214137,0,-0.02949435,0.02719948,1.16754876,-3.01875656,1,-0.042636268,0.017081928,0.40673261,,0.69732666015625,375.4511245727539,3.5900328942282163,23.304061943340503,,
TNG50-1,50,1.0,214137,0,0.10809709,-0.01982329,1.03107174,-2.13170292,2,0.08651127,-0.043786004,0.40673261,,0.69732666015625,375.4511245727539,3.5900328942282163,23.304061943340503,,
TNG50-1,50,1.0,214137,0,-0.01266308,0.07699257,0.43750738,-3.00554363,3,0.013635803,0.07647478,0.40673261,,0.69732666015625,375.4511245727539,3.5900328942282163,23.304061943340503,,
TNG50-1,50,1.0,214137,0,-0.03700871,-0.03030935,0.95530299,2.80897742,4,-0.018528022,-0.033014722,0.40673261,,0.69732666015625,375.4511245727539,3.5900328942282163,23.304061943340503,,
TNG50-1,50,1.0,214137,0,0.05762913,0.0525613,0.42185431,3.14144827,5,0.05509454,0.04018964,0.40673261,,0.69732666015625,375.4511245727539,3.5900328942282163,23.304061943340503,,
TNG50-1,50,1.0,214137,0,-0.04738385,0.0887849,0.90761781,1.64764134,6,-0.062205285,0.079092056,0.40673261,,0.69732666015625,375.4511245727539,3.5900328942282163,23.304061943340503,,
TNG50-1,50,1.0,214137,0,-0.02237096,-0.04254716,0.65543052,-2.46220336,7,-0.01974766,-0.041884415,0.40673261,,0.69732666015625,375.4511245727539,3.5900328942282163,23.304061943340503,,
TNG50-1,50,1.0,214137,0,0.06245261,-0.00966065,1.15074721,2.50664825,8,0.070974946,-0.011060208,0.40673261,,0.69732666015625,375.4511245727539,3.5900328942282163,23.304061943340503,,
TNG50-1,50,1.0,214137,0,0.00213838,0.01943126,0.62616545,1.53169093,9,-0.0005074218,0.03908806,0.40673261,,0.69732666015625,375.4511245727539,3.5900328942282163,23.304061943340503,,
TNG50-1,50,1.0,188936,0,0.06755922,-0.02120776,0.35126104,-0.72256393,0,0.05860209,-0.026652306,0.35263961,,0.8173980712890625,218.99872436523435,2.803942057970015,20.20476134213934,,
TNG50-1,50,1.0,188936,0,0.07222376,0.02624452,0.88427839,-1.14899973,1,0.07965669,0.009811524,0.35263961,,0.8173980712890625,218.99872436523435,2.803942057970015,20.20476134213934,,
TNG50-1,50,1.0,188936,0,0.03763922,-0.05568014,1.07914198,1.25824806,2,0.03791891,-0.038522907,0.35263961,,0.8173980712890625,218.99872436523435,2.803942057970015,20.20476134213934,,
TNG50-1,50,1.0,188936,0,-0.04903104,-0.00547405,1.37452149,2.00925268,3,-0.03640245,-0.028416455,0.35263961,,0.8173980712890625,218.99872436523435,2.803942057970015,20.20476134213934,,
TNG50-1,50,1.0,188936,0,-0.10931466,0.05445686,0.42462946,-1.74392688,4,-0.10877009,0.05767101,0.35263961,,0.8173980712890625,218.99872436523435,2.803942057970015,20.20476134213934,,
TNG50-1,50,1.0,188936,0,0.05394175,0.01055554,1.12076186,0.17738104,5,0.07133305,0.014759183,0.35263961,,0.8173980712890625,218.99872436523435,2.803942057970015,20.20476134213934,,
TNG50-1,50,1.0,188936,0,0.00556925,0.06237132,0.7363766,-2.88644288,6,-0.0006991923,0.058767617,0.35263961,,0.8173980712890625,218.99872436523435,2.803942057970015,20.20476134213934,,
TNG50-1,50,1.0,188936,0,-0.03725987,0.05668012,0.74900269,-1.79538361,7,-0.043259397,0.06858527,0.35263961,,0.8173980712890625,218.99872436523435,2.803942057970015,20.20476134213934,,
TNG50-1,50,1.0,188936,0,0.05867812,0.00038692,1.1857115,1.64469667,8,0.052675754,0.0018397793,0.35263961,,0.8173980712890625,218.99872436523435,2.803942057970015,20.20476134213934,,
TNG50-1,50,1.0,188936,0,-0.04307794,-0.11683707,1.34730725,1.84347602,9,-0.03182444,-0.1037525,0.35263961,,0.8173980712890625,218.99872436523435,2.803942057970015,20.20476134213934,,
TNG50-1,50,1.0,217773,0,0.00970521,0.04805138,0.31555111,1.08837353,0,-0.022873074,0.027643248,0.52937603,,0.6854248046875,163.57656097412104,3.7435858230382704,30.331012294390852,,
TNG50-1,50,1.0,217773,0,0.01882023,-0.00625728,0.43144502,-0.79139194,1,0.02216442,-0.013730042,0.52937603,,0.6854248046875,163.57656097412104,3.7435858230382704,30.331012294390852,,
TNG50-1,50,1.0,217773,0,-0.03161959,0.00589563,0.29044331,-0.82546507,2,-0.033674538,0.0076707453,0.52937603,,0.6854248046875,163.57656097412104,3.7435858230382704,30.331012294390852,,
TNG50-1,50,1.0,217773,0,-0.03153859,-0.15081906,0.21219436,-2.94230791,3,-0.01751694,-0.112714924,0.52937603,,0.6854248046875,163.57656097412104,3.7435858230382704,30.331012294390852,,
TNG50-1,50,1.0,217773,0,0.06121982,-0.01961268,0.77763925,-0.47884513,4,0.086545765,-0.030650623,0.52937603,,0.6854248046875,163.57656097412104,3.7435858230382704,30.331012294390852,,
TNG50-1,50,1.0,217773,0,0.03177552,0.01691361,1.00524982,-0.57582757,5,0.026123747,0.029070035,0.52937603,,0.6854248046875,163.57656097412104,3.7435858230382704,30.331012294390852,,
TNG50-1,50,1.0,217773,0,-0.05114826,0.02326449,0.53719746,-1.72918851,6,-0.03862314,0.057370283,0.52937603,,0.6854248046875,163.57656097412104,3.7435858230382704,30.331012294390852,,
TNG50-1,50,1.0,217773,0,0.00904317,0.04811779,1.38039655,-1.5876147,7,0.008512478,0.047298286,0.52937603,,0.6854248046875,163.57656097412104,3.7435858230382704,30.331012294390852,,
TNG50-1,50,1.0,217773,0,-0.1186888,-0.01051289,0.56251333,0.52866458,8,-0.10917021,-0.009089336,0.52937603,,0.6854248046875,163.57656097412104,3.7435858230382704,30.331012294390852,,
TNG50-1,50,1.0,217773,0,-0.02869701,-0.00828279,0.96085634,-1.14497579,9,-0.026580706,-0.006925963,0.52937603,,0.6854248046875,163.57656097412104,3.7435858230382704,30.331012294390852,,
TNG50-1,50,1.0,213279,0,0.02355336,0.01956568,1.37694547,-0.76988194,0,0.021525059,0.026521739,1.11886645,,0.7110748291015625,249.00497436523438,3.0389771437242046,64.10632542378515,,
TNG50-1,50,1.0,213279,0,0.01378454,0.02069542,1.10204365,3.00177838,1,0.0106005,0.042864222,1.11886645,,0.7110748291015625,249.00497436523438,3.0389771437242046,64.10632542378515,,
TNG50-1,50,1.0,213279,0,0.0342499,-0.03047789,0.891782,1.20271221,2,0.031205527,-0.043449327,1.11886645,,0.7110748291015625,249.00497436523438,3.0389771437242046,64.10632542378515,,
TNG50-1,50,1.0,213279,0,0.00669674,-0.04039112,1.09879398,-2.81351642,3,0.033752084,-0.04695764,1.11886645,,0.7110748291015625,249.00497436523438,3.0389771437242046,64.10632542378515,,
TNG50-1,50,1.0,213279,0,0.03351107,-0.0176926,0.36775817,-2.55959497,4,0.051250603,-0.0014391951,1.11886645,,0.7110748291015625,249.00497436523438,3.0389771437242046,64.10632542378515,,
TNG50-1,50,1.0,213279,0,0.03765562,-0.02461084,1.18498845,-2.5876161,5,0.032212235,-0.022084422,1.11886645,,0.7110748291015625,249.00497436523438,3.0389771437242046,64.10632542378515,,
TNG50-1,50,1.0,213279,0,0.00813594,-0.07290653,1.16170265,2.84390953,6,0.009607919,-0.060493104,1.11886645,,0.7110748291015625,249.00497436523438,3.0389771437242046,64.10632542378515,,
TNG50-1,50,1.0,213279,0,-0.01101972,-0.03257475,0.81723443,1.15642994,7,0.0008815229,-0.019602507,1.11886645,,0.7110748291015625,249.00497436523438,3.0389771437242046,64.10632542378515,,
TNG50-1,50,1.0,213279,0,0.07651989,0.01331115,1.39682278,-0.45486487,8,0.06952267,0.0033022687,1.11886645,,0.7110748291015625,249.00497436523438,3.0389771437242046,64.10632542378515,,
TNG50-1,50,1.0,213279,0,-0.02389508,0.06329718,0.7084663,-1.88192276,9,-0.028532088,0.0745071,1.11886645,,0.7110748291015625,249.00497436523438,3.0389771437242046,64.10632542378515,,
TNG50-1,50,1.0,123138,0,-0.04524363,-0.06980496,1.0276581,1.21173085,0,-0.017721161,-0.05089885,0.68843124,,0.788909912109375,187.2250274658203,3.9679694421883624,39.44420453695786,,
TNG50-1,50,1.0,123138,0,-0.02818885,-0.06533313,0.79841411,-1.28143222,1,-0.01910308,-0.047245115,0.68843124,,0.788909912109375,187.2250274658203,3.9679694421883624,39.44420453695786,,
TNG50-1,50,1.0,123138,0,0.05157065,0.00853147,1.05942936,0.36002241,2,0.06730537,0.017106012,0.68843124,,0.788909912109375,187.2250274658203,3.9679694421883624,39.44420453695786,,
TNG50-1,50,1.0,123138,0,0.07390159,0.0274669,0.59326597,-2.70174731,3,0.067526095,0.038008247,0.68843124,,0.788909912109375,187.2250274658203,3.9679694421883624,39.44420453695786,,
TNG50-1,50,1.0,123138,0,-0.03503963,-0.10330724,0.88081987,-2.06940252,4,-0.040622197,-0.08428093,0.68843124,,0.788909912109375,187.2250274658203,3.9679694421883624,39.44420453695786,,
TNG50-1,50,1.0,123138,0,-0.03615038,-0.0160655,0.54535658,0.77194693,5,-0.04198885,-0.0340793,0.68843124,,0.788909912109375,187.2250274658203,3.9679694421883624,39.44420453695786,,
TNG50-1,50,1.0,123138,0,-0.05785643,0.08091479,1.23773114,-1.22105773,6,-0.050605737,0.09873586,0.68843124,,0.788909912109375,187.2250274658203,3.9679694421883624,39.44420453695786,,
TNG50-1,50,1.0,123138,0,0.06531427,-0.01087546,1.24525488,-1.7924549,7,0.07006924,-0.021649562,0.68843124,,0.788909912109375,187.2250274658203,3.9679694421883624,39.44420453695786,,
TNG50-1,50,1.0,123138,0,0.05605022,0.0744819,1.01606358,-1.70370768,8,0.061118253,0.06968386,0.68843124,,0.788909912109375,187.2250274658203,3.9679694421883624,39.44420453695786,,
TNG50-1,50,1.0,123138,0,-0.00529909,0.03245231,1.39609262,-1.79184278,9,-0.0013444498,0.02442976,0.68843124,,0.788909912109375,187.2250274658203,3.9679694421883624,39.44420453695786,,
TNG50-1,50,1.0,227888,0,0.01468296,0.00404626,0.63553814,-1.95588146,0,0.010471754,0.0048603527,1.05640855,,0.5114593505859375,289.8185668945312,4.209788659379544,60.527751356535006,,
TNG50-1,50,1.0,227888,0,0.00940608,0.07539597,0.73443194,2.52251292,1,0.018711321,0.059918664,1.05640855,,0.5114593505859375,289.8185668945312,4.209788659379544,60.527751356535006,,
TNG50-1,50,1.0,227888,0,0.03012097,0.05634931,0.6774856,1.78375619,2,0.01757167,0.053065702,1.05640855,,0.5114593505859375,289.8185668945312,4.209788659379544,60.527751356535006,,
TNG50-1,50,1.0,227888,0,0.0302375,-0.00592821,1.19370098,-0.97717541,3,0.035408005,-0.015946962,1.05640855,,0.5114593505859375,289.8185668945312,4.209788659379544,60.527751356535006,,
TNG50-1,50,1.0,227888,0,-0.13028943,-0.00990231,1.06006131,2.81262731,4,-0.10298553,-0.015111953,1.05640855,,0.5114593505859375,289.8185668945312,4.209788659379544,60.527751356535006,,
TNG50-1,50,1.0,227888,0,-0.01202495,-0.14251621,1.30054129,-1.64039698,5,-0.03432741,-0.093573116,1.05640855,,0.5114593505859375,289.8185668945312,4.209788659379544,60.527751356535006,,
TNG50-1,50,1.0,227888,0,0.02589521,-0.01632511,1.19878215,-0.58546436,6,0.024373226,-0.040071107,1.05640855,,0.5114593505859375,289.8185668945312,4.209788659379544,60.527751356535006,,
TNG50-1,50,1.0,227888,0,-0.02052283,-0.06766344,1.14257116,1.96993763,7,-0.022396028,-0.071564935,1.05640855,,0.5114593505859375,289.8185668945312,4.209788659379544,60.527751356535006,,
TNG50-1,50,1.0,227888,0,0.00181013,0.01106148,1.12769584,-0.35885552,8,0.010783888,-0.007250428,1.05640855,,0.5114593505859375,289.8185668945312,4.209788659379544,60.527751356535006,,
TNG50-1,50,1.0,227888,0,0.037535,0.00764354,1.25374432,-1.66739827,9,0.04687731,0.034574505,1.05640855,,0.5114593505859375,289.8185668945312,4.209788659379544,60.527751356535006,,
TNG50-1,50,1.0,130254,0,0.03739247,-0.08370312,1.32613856,2.24316419,0,0.022262547,-0.07574461,0.93212589,,0.3355560302734375,332.4213409423828,1.891407702136989,53.40687947187563,,
TNG50-1,50,1.0,130254,0,0.02099984,-0.00587972,0.87535033,2.61820577,1,-0.0057545006,-0.005325116,0.93212589,,0.3355560302734375,332.4213409423828,1.891407702136989,53.40687947187563,,
TNG50-1,50,1.0,130254,0,-0.01385347,-0.05816956,0.41537008,-0.13716534,2,-0.007963434,-0.05245412,0.93212589,,0.3355560302734375,332.4213409423828,1.891407702136989,53.40687947187563,,
TNG50-1,50,1.0,130254,0,-0.00502119,0.07156233,0.63128654,1.80802379,3,-0.008857727,0.09296021,0.93212589,,0.3355560302734375,332.4213409423828,1.891407702136989,53.40687947187563,,
TNG50-1,50,1.0,130254,0,0.03807332,-0.05785605,0.55975143,-1.91586636,4,0.03727729,-0.02020239,0.93212589,,0.3355560302734375,332.4213409423828,1.891407702136989,53.40687947187563,,
TNG50-1,50,1.0,130254,0,-0.0567898,-0.08250949,0.39776977,0.64798632,5,-0.037825584,-0.062420703,0.93212589,,0.3355560302734375,332.4213409423828,1.891407702136989,53.40687947187563,,
TNG50-1,50,1.0,130254,0,0.01020839,0.00666761,0.81532661,-0.8881587,6,0.005763918,0.03502743,0.93212589,,0.3355560302734375,332.4213409423828,1.891407702136989,53.40687947187563,,
TNG50-1,50,1.0,130254,0,0.03497549,-0.02068515,0.21974308,0.60427687,7,0.040785037,0.013818741,0.93212589,,0.3355560302734375,332.4213409423828,1.891407702136989,53.40687947187563,,
TNG50-1,50,1.0,130254,0,-0.0891137,-0.07523026,1.37257222,1.1030792,8,-0.097277656,-0.06452759,0.93212589,,0.3355560302734375,332.4213409423828,1.891407702136989,53.40687947187563,,
TNG50-1,50,1.0,130254,0,0.0342469,0.02629076,0.56185127,-0.96089591,9,0.040324625,0.028983304,0.93212589,,0.3355560302734375,332.4213409423828,1.891407702136989,53.40687947187563,,
TNG50-1,50,1.0,171738,0,-0.09416642,-0.09149651,1.25812753,0.48293504,0,-0.08627492,-0.060741186,1.30425858,,0.451904296875,408.33492279052734,1.8398810704813573,74.72851202772584,,
TNG50-1,50,1.0,171738,0,0.05652389,-0.00609642,1.15857761,1.5792077,1,0.070504636,0.0002552569,1.30425858,,0.451904296875,408.33492279052734,1.8398810704813573,74.72851202772584,,
TNG50-1,50,1.0,171738,0,0.05913624,-0.01056216,1.13451286,1.41999333,2,0.06355778,-0.030955568,1.30425858,,0.451904296875,408.33492279052734,1.8398810704813573,74.72851202772584,,
TNG50-1,50,1.0,171738,0,-0.02371834,0.01361509,0.21405032,-2.44713612,3,-0.01228106,-0.017918892,1.30425858,,0.451904296875,408.33492279052734,1.8398810704813573,74.72851202772584,,
TNG50-1,50,1.0,171738,0,0.0260638,-0.03247537,1.21984422,3.13823813,4,0.028390951,-0.041384265,1.30425858,,0.451904296875,408.33492279052734,1.8398810704813573,74.72851202772584,,
TNG50-1,50,1.0,171738,0,-0.01085494,0.09428458,1.29258308,2.77647504,5,-0.017609447,0.10919586,1.30425858,,0.451904296875,408.33492279052734,1.8398810704813573,74.72851202772584,,
TNG50-1,50,1.0,171738,0,0.01209542,0.00803025,0.40304932,2.49186079,6,0.013773896,0.0142137855,1.30425858,,0.451904296875,408.33492279052734,1.8398810704813573,74.72851202772584,,
TNG50-1,50,1.0,171738,0,-0.05736297,0.01164409,1.26490095,0.76836529,7,-0.05967672,0.019319247,1.30425858,,0.451904296875,408.33492279052734,1.8398810704813573,74.72851202772584,,
TNG50-1,50,1.0,171738,0,0.03112463,0.00986169,0.49013077,0.14320216,8,0.040443175,0.0054211095,1.30425858,,0.451904296875,408.33492279052734,1.8398810704813573,74.72851202772584,,
TNG50-1,50,1.0,171738,0,-0.08205926,0.05014549,0.79972816,0.22794507,9,-0.08096741,0.032853674,1.30425858,,0.451904296875,408.33492279052734,1.8398810704813573,74.72851202772584,,
TNG50-1,50,1.0,292785,0,0.07336669,0.00948631,1.34505483,0.65155525,0,0.08216649,0.025812685,1.07565143,,0.5431671142578125,232.65364074707028,1.0899067522112271,61.6302871662117,,
TNG50-1,50,1.0,292785,0,-0.07879617,0.04520445,1.19491139,-0.91634649,1,-0.06320296,0.04218326,1.07565143,,0.5431671142578125,232.65364074707028,1.0899067522112271,61.6302871662117,,
TNG50-1,50,1.0,292785,0,-0.08450009,-0.05829785,1.14429088,-1.96103716,2,-0.08285014,-0.055923097,1.07565143,,0.5431671142578125,232.65364074707028,1.0899067522112271,61.6302871662117,,
TNG50-1,50,1.0,292785,0,0.03848433,-0.00989738,1.03126435,-2.29747062,3,0.054805823,-0.005981572,1.07565143,,0.5431671142578125,232.65364074707028,1.0899067522112271,61.6302871662117,,
TNG50-1,50,1.0,292785,0,0.04329036,-0.01221183,0.9845362,1.53419513,4,0.023881923,0.018549614,1.07565143,,0.5431671142578125,232.65364074707028,1.0899067522112271,61.6302871662117,,
TNG50-1,50,1.0,292785,0,-0.0096625,0.02089796,1.15262636,-0.19394938,5,0.0020129532,0.020387419,1.07565143,,0.5431671142578125,232.65364074707028,1.0899067522112271,61.6302871662117,,
TNG50-1,50,1.0,292785,0,0.02001972,-0.00043492,0.6261144,-2.85055833,6,0.018679138,0.023250174,1.07565143,,0.5431671142578125,232.65364074707028,1.0899067522112271,61.6302871662117,,
TNG50-1,50,1.0,292785,0,0.03726035,-0.02729418,1.21235281,3.04005328,7,0.04265099,-0.013745777,1.07565143,,0.5431671142578125,232.65364074707028,1.0899067522112271,61.6302871662117,,
TNG50-1,50,1.0,292785,0,-0.04069316,0.06242829,0.746286,1.07632964,8,-0.024762124,0.07753253,1.07565143,,0.5431671142578125,232.65364074707028,1.0899067522112271,61.6302871662117,,
TNG50-1,50,1.0,292785,0,-0.03534242,-0.02696287,0.53555767,2.16256275,9,-0.033577114,-0.046153918,1.07565143,,0.5431671142578125,232.65364074707028,1.0899067522112271,61.6302871662117,,
TNG50-1,50,1.0,176324,0,0.06901529,0.05311562,1.06192241,-0.17822043,0,0.068494275,0.041027755,0.29610492,,0.9106292724609375,133.69196166992182,5.2178055142718405,16.96556220905888,,
TNG50-1,50,1.0,176324,0,-0.00350419,-0.0178597,0.55703885,1.13275086,1,0.006962605,-0.011475317,0.29610492,,0.9106292724609375,133.69196166992182,5.2178055142718405,16.96556220905888,,
TNG50-1,50,1.0,176324,0,-0.08783669,0.15226628,0.91317148,-0.09239992,2,-0.069626465,0.097326785,0.29610492,,0.9106292724609375,133.69196166992182,5.2178055142718405,16.96556220905888,,
TNG50-1,50,1.0,176324,0,-0.04621328,-0.02822444,0.89260012,1.00104109,3,-0.043965474,-0.032694273,0.29610492,,0.9106292724609375,133.69196166992182,5.2178055142718405,16.96556220905888,,
TNG50-1,50,1.0,176324,0,-0.0638769,-0.0451665,1.09156304,1.09417573,4,-0.054979384,-0.03419596,0.29610492,,0.9106292724609375,133.69196166992182,5.2178055142718405,16.96556220905888,,
TNG50-1,50,1.0,176324,0,-0.00658718,-0.05131503,0.57145981,1.31596014,5,-0.0046947226,-0.06716191,0.29610492,,0.9106292724609375,133.69196166992182,5.2178055142718405,16.96556220905888,,
TNG50-1,50,1.0,176324,0,0.01036695,-0.01054704,1.17684031,2.03135251,6,0.009645879,-0.021956988,0.29610492,,0.9106292724609375,133.69196166992182,5.2178055142718405,16.96556220905888,,
TNG50-1,50,1.0,176324,0,-0.02516085,-0.0859768,0.96583337,0.2558674,7,-0.012919441,-0.08872927,0.29610492,,0.9106292724609375,133.69196166992182,5.2178055142718405,16.96556220905888,,
TNG50-1,50,1.0,176324,0,0.03885233,0.01472814,0.8972469,-1.92719013,8,0.038621813,0.044522725,0.29610492,,0.9106292724609375,133.69196166992182,5.2178055142718405,16.96556220905888,,
TNG50-1,50,1.0,176324,0,0.00394011,-0.09526519,0.68962752,1.1287167,9,0.0035481378,-0.08802683,0.29610492,,0.9106292724609375,133.69196166992182,5.2178055142718405,16.96556220905888,,
TNG50-1,50,1.0,216435,0,0.00761091,0.05604438,0.37740928,-2.50197202,0,0.0102304295,0.06980157,1.14167428,,0.74908447265625,221.6325584411621,3.311454176002685,65.413117822637,,
TNG50-1,50,1.0,216435,0,0.06747263,-0.02035883,0.58945635,-1.57366268,1,0.06842705,-0.019451536,1.14167428,,0.74908447265625,221.6325584411621,3.311454176002685,65.413117822637,,
TNG50-1,50,1.0,216435,0,0.01852679,0.08623006,0.93513385,0.59380794,2,0.0346027,0.09941029,1.14167428,,0.74908447265625,221.6325584411621,3.311454176002685,65.413117822637,,
TNG50-1,50,1.0,216435,0,-0.05331668,-0.10620793,0.30189167,-2.75610172,3,-0.046915777,-0.08428643,1.14167428,,0.74908447265625,221.6325584411621,3.311454176002685,65.413117822637,,
TNG50-1,50,1.0,216435,0,0.02291406,0.00673978,1.27791377,0.31469112,4,0.037612326,0.011865042,1.14167428,,0.74908447265625,221.6325584411621,3.311454176002685,65.413117822637,,
TNG50-1,50,1.0,216435,0,0.03350553,0.07146963,0.89830783,0.53087535,5,0.03508717,0.06206318,1.14167428,,0.74908447265625,221.6325584411621,3.311454176002685,65.413117822637,,
TNG50-1,50,1.0,216435,0,-0.02738118,-0.04451522,1.24676014,-1.31339193,6,-0.028169245,-0.04639122,1.14167428,,0.74908447265625,221.6325584411621,3.311454176002685,65.413117822637,,
TNG50-1,50,1.0,216435,0,-0.07210465,-0.00796005,1.13932825,-1.29984665,7,-0.07762669,-0.010255776,1.14167428,,0.74908447265625,221.6325584411621,3.311454176002685,65.413117822637,,
TNG50-1,50,1.0,216435,0,0.0050148,-0.02015179,0.37208874,-1.70224516,8,0.0025379285,-0.028430901,1.14167428,,0.74908447265625,221.6325584411621,3.311454176002685,65.413117822637,,
TNG50-1,50,1.0,216435,0,-0.05004223,-0.03418838,0.50873967,2.73743537,9,-0.04468496,-0.053545892,1.14167428,,0.74908447265625,221.6325584411621,3.311454176002685,65.413117822637,,
TNG50-1,50,1.0,278928,0,0.00503918,-0.07278145,1.08774642,2.91026021,0,0.013695262,-0.04486034,1.15888982,,0.157318115234375,323.68214721679686,0.4462367054217134,66.39949560667566,,
TNG50-1,50,1.0,278928,0,0.02194894,-0.02310338,0.67134858,1.18874612,1,0.034929037,-0.03558594,1.15888982,,0.157318115234375,323.68214721679686,0.4462367054217134,66.39949560667566,,
TNG50-1,50,1.0,278928,0,0.04815705,-0.06041371,0.40856358,0.22810482,2,0.045405563,-0.07947097,1.15888982,,0.157318115234375,323.68214721679686,0.4462367054217134,66.39949560667566,,
TNG50-1,50,1.0,278928,0,-0.00366774,-0.03024867,0.29746936,-2.31189934,3,-0.009299062,-0.045115493,1.15888982,,0.157318115234375,323.68214721679686,0.4462367054217134,66.39949560667566,,
TNG50-1,50,1.0,278928,0,-0.01863356,0.0625235,0.35491096,0.08319094,4,-0.026830532,0.04999055,1.15888982,,0.157318115234375,323.68214721679686,0.4462367054217134,66.39949560667566,,
TNG50-1,50,1.0,278928,0,0.09931323,-0.03061629,0.90253914,2.79112382,5,0.0966125,-0.024583824,1.15888982,,0.157318115234375,323.68214721679686,0.4462367054217134,66.39949560667566,,
TNG50-1,50,1.0,278928,0,0.00032931,0.03591281,0.96618918,0.64648525,6,-0.005838454,0.04718551,1.15888982,,0.157318115234375,323.68214721679686,0.4462367054217134,66.39949560667566,,
TNG50-1,50,1.0,278928,0,0.03597809,0.07586326,0.24534263,-0.59923604,7,0.021820858,0.06426748,1.15888982,,0.157318115234375,323.68214721679686,0.4462367054217134,66.39949560667566,,
TNG50-1,50,1.0,278928,0,-0.02697698,-0.00137887,1.21673082,0.32108963,8,-0.021790832,0.02010632,1.15888982,,0.157318115234375,323.68214721679686,0.4462367054217134,66.39949560667566,,
TNG50-1,50,1.0,278928,0,0.03449548,0.04968836,1.24307623,2.42622114,9,0.00931143,0.043264497,1.15888982,,0.157318115234375,323.68214721679686,0.4462367054217134,66.39949560667566,,
TNG50-1,50,1.0,202095,0,0.0167488,-0.11461507,1.32158666,2.2492053,0,0.038553536,-0.10542556,1.14348357,,0.5240631103515625,232.81002807617188,3.7104234841377104,65.51678250355224,,
TNG50-1,50,1.0,202095,0,-0.02060533,-0.04912802,0.90992492,-0.77181124,1,-0.011242032,-0.05690486,1.14348357,,0.5240631103515625,232.81002807617188,3.7104234841377104,65.51678250355224,,
TNG50-1,50,1.0,202095,0,0.05748519,0.06920529,0.86323616,2.91770958,2,0.071845606,0.06090802,1.14348357,,0.5240631103515625,232.81002807617188,3.7104234841377104,65.51678250355224,,
TNG50-1,50,1.0,202095,0,-0.00219904,-0.06279729,1.13822213,-2.39917377,3,0.0033165812,-0.07295173,1.14348357,,0.5240631103515625,232.81002807617188,3.7104234841377104,65.51678250355224,,
TNG50-1,50,1.0,202095,0,0.06246148,0.04412306,1.3612625,2.11400722,4,0.06784548,0.059667468,1.14348357,,0.5240631103515625,232.81002807617188,3.7104234841377104,65.51678250355224,,
TNG50-1,50,1.0,202095,0,0.02538064,0.03532263,1.35699418,2.56566428,5,0.04285656,0.047921654,1.14348357,,0.5240631103515625,232.81002807617188,3.7104234841377104,65.51678250355224,,
TNG50-1,50,1.0,202095,0,-0.00637542,-0.03628762,1.00339444,2.02743012,6,-0.016018733,-0.027103804,1.14348357,,0.5240631103515625,232.81002807617188,3.7104234841377104,65.51678250355224,,
TNG50-1,50,1.0,202095,0,0.03938347,-0.09976158,0.75109832,1.94050612,7,0.041941658,-0.10067525,1.14348357,,0.5240631103515625,232.81002807617188,3.7104234841377104,65.51678250355224,,
TNG50-1,50,1.0,202095,0,0.03970292,-0.02844563,0.74191025,-0.87141487,8,0.039233103,-0.031205744,1.14348357,,0.5240631103515625,232.81002807617188,3.7104234841377104,65.51678250355224,,
TNG50-1,50,1.0,202095,0,0.0235955,0.10390075,1.24868425,1.34047427,9,0.026235554,0.11372971,1.14348357,,0.5240631103515625,232.81002807617188,3.7104234841377104,65.51678250355224,,
TNG50-1,50,1.0,245604,0,0.00491335,0.00233596,1.14874711,-0.19642035,0,0.00023116916,-0.014465965,1.38026003,,0.65753173828125,240.02878112792968,1.913065748122794,79.0830743496004,,
TNG50-1,50,1.0,245604,0,-0.01516664,0.00734997,0.93995361,-1.56921786,1,-0.006951995,0.011820398,1.38026003,,0.65753173828125,240.02878112792968,1.913065748122794,79.0830743496004,,
TNG50-1,50,1.0,245604,0,0.05369848,-0.04236741,1.1161802,2.42559883,2,0.054860648,-0.03914489,1.38026003,,0.65753173828125,240.02878112792968,1.913065748122794,79.0830743496004,,
TNG50-1,50,1.0,245604,0,-0.0154249,0.04682969,0.64756976,0.10762229,3,-0.021431737,0.041447546,1.38026003,,0.65753173828125,240.02878112792968,1.913065748122794,79.0830743496004,,
TNG50-1,50,1.0,245604,0,-0.01172707,0.01033046,1.2095489,-1.67529545,4,-0.013029598,-0.004979618,1.38026003,,0.65753173828125,240.02878112792968,1.913065748122794,79.0830743496004,,
TNG50-1,50,1.0,245604,0,0.04073143,-0.00224281,0.37052701,-0.30617755,5,0.034202173,-0.0006894097,1.38026003,,0.65753173828125,240.02878112792968,1.913065748122794,79.0830743496004,,
TNG50-1,50,1.0,245604,0,0.09053558,-0.06355727,1.12598843,-1.91012432,6,0.08371574,-0.054355152,1.38026003,,0.65753173828125,240.02878112792968,1.913065748122794,79.0830743496004,,
TNG50-1,50,1.0,245604,0,0.07037492,0.00311431,1.31388209,-2.01860286,7,0.06863702,0.010113902,1.38026003,,0.65753173828125,240.02878112792968,1.913065748122794,79.0830743496004,,
TNG50-1,50,1.0,245604,0,-0.00683269,-0.09466062,1.19755202,-1.25251234,8,-0.00070817024,-0.071087204,1.38026003,,0.65753173828125,240.02878112792968,1.913065748122794,79.0830743496004,,
TNG50-1,50,1.0,245604,0,-0.00247571,-0.02908247,1.33885567,-2.46111448,9,0.01808323,-0.011973456,1.38026003,,0.65753173828125,240.02878112792968,1.913065748122794,79.0830743496004,,
TNG50-1,50,1.0,202094,0,0.02294949,-0.10417786,0.89629561,0.75605438,0,0.015638601,-0.108019195,0.92348112,,0.416107177734375,229.74558334350584,0.7817381287574023,52.91157063601432,,
TNG50-1,50,1.0,202094,0,0.04301968,0.07946493,1.17247615,-0.325044,1,0.03521209,0.06788412,0.92348112,,0.416107177734375,229.74558334350584,0.7817381287574023,52.91157063601432,,
TNG50-1,50,1.0,202094,0,-0.01751712,-0.01019455,0.81184344,2.80141188,2,-0.016309261,-0.0031471476,0.92348112,,0.416107177734375,229.74558334350584,0.7817381287574023,52.91157063601432,,
TNG50-1,50,1.0,202094,0,0.14115587,0.06229471,0.75342285,-2.50229593,3,0.11319419,0.06550318,0.92348112,,0.416107177734375,229.74558334350584,0.7817381287574023,52.91157063601432,,
TNG50-1,50,1.0,202094,0,-0.06094095,-0.10167633,1.14390586,2.38761988,4,-0.04641804,-0.07957151,0.92348112,,0.416107177734375,229.74558334350584,0.7817381287574023,52.91157063601432,,
TNG50-1,50,1.0,202094,0,-0.02638779,0.01282843,1.32764767,1.88576532,5,-0.019235834,0.020172302,0.92348112,,0.416107177734375,229.74558334350584,0.7817381287574023,52.91157063601432,,
TNG50-1,50,1.0,202094,0,0.04506793,-0.02817511,0.96857818,-0.50429737,6,0.043694954,-0.053124048,0.92348112,,0.416107177734375,229.74558334350584,0.7817381287574023,52.91157063601432,,
TNG50-1,50,1.0,202094,0,0.03763607,0.02860601,1.32304548,-2.18109989,7,0.024670318,0.01639919,0.92348112,,0.416107177734375,229.74558334350584,0.7817381287574023,52.91157063601432,,
TNG50-1,50,1.0,202094,0,0.02436945,0.01585352,0.94300423,-2.16225276,8,0.034851797,0.018183816,0.92348112,,0.416107177734375,229.74558334350584,0.7817381287574023,52.91157063601432,,
TNG50-1,50,1.0,202094,0,0.03376593,0.01830239,0.71013203,2.65028376,9,0.025733951,0.030132089,0.92348112,,0.416107177734375,229.74558334350584,0.7817381287574023,52.91157063601432,,
TNG50-1,50,1.0,87129,0,-0.00189978,-0.05885358,0.76189039,-1.2868425,0,0.01688109,-0.053507626,0.97496713,,0.606475830078125,186.34072494506836,2.5526977629834335,55.86150171298267,,
TNG50-1,50,1.0,87129,0,-0.06556476,0.02255263,0.63889382,-1.27234377,1,-0.06589462,0.0051959828,0.97496713,,0.606475830078125,186.34072494506836,2.5526977629834335,55.86150171298267,,
TNG50-1,50,1.0,87129,0,0.00842494,-0.02415733,0.4244914,-0.1059996,2,0.0061161816,-0.02698639,0.97496713,,0.606475830078125,186.34072494506836,2.5526977629834335,55.86150171298267,,
TNG50-1,50,1.0,87129,0,0.00157723,0.01419503,0.3516741,-3.07331844,3,-0.008240163,0.042392254,0.97496713,,0.606475830078125,186.34072494506836,2.5526977629834335,55.86150171298267,,
TNG50-1,50,1.0,87129,0,0.02775421,-0.03861084,0.82237875,-1.66004013,4,0.023362882,-0.03140519,0.97496713,,0.606475830078125,186.34072494506836,2.5526977629834335,55.86150171298267,,
TNG50-1,50,1.0,87129,0,-0.05934432,-0.08567367,0.30949474,-2.95862028,5,-0.045617804,-0.05574672,0.97496713,,0.606475830078125,186.34072494506836,2.5526977629834335,55.86150171298267,,
TNG50-1,50,1.0,87129,0,0.00049852,-0.01722586,0.43157055,0.94598737,6,-0.011735588,-0.0111077055,0.97496713,,0.606475830078125,186.34072494506836,2.5526977629834335,55.86150171298267,,
TNG50-1,50,1.0,87129,0,0.0690867,0.03613013,1.39785044,2.44596599,7,0.052815482,0.02493993,0.97496713,,0.606475830078125,186.34072494506836,2.5526977629834335,55.86150171298267,,
TNG50-1,50,1.0,87129,0,0.10387499,0.01439999,0.81413077,3.12769839,8,0.09157934,0.011589959,0.97496713,,0.606475830078125,186.34072494506836,2.5526977629834335,55.86150171298267,,
TNG50-1,50,1.0,87129,0,0.06400646,0.02014739,1.25081892,-0.32322658,9,0.059130117,-0.00856629,0.97496713,,0.606475830078125,186.34072494506836,2.5526977629834335,55.86150171298267,,
TNG50-1,50,1.0,197030,0,0.00428832,-0.02051173,1.24923539,-1.11352528,0,-0.0006031245,-0.0142131895,0.27377134,,0.4289093017578125,372.23701171874995,0.7639690318596855,15.685942333641094,,
TNG50-1,50,1.0,197030,0,0.05337416,0.04962291,0.89855925,0.3294694,1,0.051177204,0.0380825,0.27377134,,0.4289093017578125,372.23701171874995,0.7639690318596855,15.685942333641094,,
TNG50-1,50,1.0,197030,0,0.00642331,0.05460302,1.07686859,-2.62014403,2,0.0055014566,0.07284257,0.27377134,,0.4289093017578125,372.23701171874995,0.7639690318596855,15.685942333641094,,
TNG50-1,50,1.0,197030,0,-0.03049102,-0.04640626,0.98630985,0.28705613,3,-0.010996118,-0.012940884,0.27377134,,0.4289093017578125,372.23701171874995,0.7639690318596855,15.685942333641094,,
TNG50-1,50,1.0,197030,0,-0.00615732,-0.02590387,1.13713298,-0.43109507,4,-0.00077825785,-0.043713145,0.27377134,,0.4289093017578125,372.23701171874995,0.7639690318596855,15.685942333641094,,
TNG50-1,50,1.0,197030,0,-0.10253164,-0.0246295,0.34115081,1.62064528,5,-0.082684815,-0.0255289,0.27377134,,0.4289093017578125,372.23701171874995,0.7639690318596855,15.685942333641094,,
TNG50-1,50,1.0,197030,0,-0.00697014,0.04047728,1.1533499,2.18593803,6,-0.009162612,0.051816773,0.27377134,,0.4289093017578125,372.23701171874995,0.7639690318596855,15.685942333641094,,
TNG50-1,50,1.0,197030,0,-0.02001772,0.00727533,0.91589693,-1.88736506,7,-0.026570253,0.014028106,0.27377134,,0.4289093017578125,372.23701171874995,0.7639690318596855,15.685942333641094,,
TNG50-1,50,1.0,197030,0,-0.04667302,0.00463949,0.53143628,-2.62928745,8,-0.051791996,0.02341792,0.27377134,,0.4289093017578125,372.23701171874995,0.7639690318596855,15.685942333641094,,
TNG50-1,50,1.0,197030,0,-0.03760492,0.02681313,0.78410635,-0.68765077,9,-0.037324846,0.05690957,0.27377134,,0.4289093017578125,372.23701171874995,0.7639690318596855,15.685942333641094,,
TNG50-1,50,1.0,257926,0,0.02754201,0.03841497,0.62624319,-1.17461869,0,0.03389126,0.04854609,0.79835724,,0.5694580078125,186.87311859130853,1.708286687942959,45.742500395712945,,
TNG50-1,50,1.0,257926,0,0.0439076,0.06701937,1.10009569,-3.00215023,1,0.056105673,0.062705755,0.79835724,,0.5694580078125,186.87311859130853,1.708286687942959,45.742500395712945,,
TNG50-1,50,1.0,257926,0,-0.00983138,-0.01600189,1.19580056,0.04744115,2,-0.0016804561,-0.014655508,0.79835724,,0.5694580078125,186.87311859130853,1.708286687942959,45.742500395712945,,
TNG50-1,50,1.0,257926,0,0.05742039,0.04222374,0.7116425,-1.34605071,3,0.067629434,0.050866388,0.79835724,,0.5694580078125,186.87311859130853,1.708286687942959,45.742500395712945,,
TNG50-1,50,1.0,257926,0,0.06010869,0.07134871,0.63241627,-1.32059349,4,0.061469585,0.059927627,0.79835724,,0.5694580078125,186.87311859130853,1.708286687942959,45.742500395712945,,
TNG50-1,50,1.0,257926,0,0.06901924,-0.05436793,0.33915394,2.68379083,5,0.07837205,-0.05293286,0.79835724,,0.5694580078125,186.87311859130853,1.708286687942959,45.742500395712945,,
TNG50-1,50,1.0,257926,0,0.02292161,-0.00816631,1.27706439,-2.18046076,6,0.02618917,-0.0046336055,0.79835724,,0.5694580078125,186.87311859130853,1.708286687942959,45.742500395712945,,
TNG50-1,50,1.0,257926,0,0.11800686,-0.10706263,0.47266213,2.72836251,7,0.10085866,-0.087586515,0.79835724,,0.5694580078125,186.87311859130853,1.708286687942959,45.742500395712945,,
TNG50-1,50,1.0,257926,0,-0.03076416,-0.00891665,0.66035707,0.02391826,8,-0.026257753,-0.0074609965,0.79835724,,0.5694580078125,186.87311859130853,1.708286687942959,45.742500395712945,,
TNG50-1,50,1.0,257926,0,0.10620388,-0.04080041,0.73984085,2.12547138,9,0.10761876,-0.03016024,0.79835724,,0.5694580078125,186.87311859130853,1.708286687942959,45.742500395712945,,
TNG50-1,50,1.0,287560,0,-0.04899777,-0.05058644,1.33535125,-0.47764065,0,-0.045725375,-0.026237018,1.3669392,,0.3173980712890625,230.28623962402344,0.5040424961157789,78.31984701098914,,
TNG50-1,50,1.0,287560,0,-0.04744939,-0.0083181,0.68068398,-0.69127813,1,-0.04922957,0.007717725,1.3669392,,0.3173980712890625,230.28623962402344,0.5040424961157789,78.31984701098914,,
TNG50-1,50,1.0,287560,0,-0.01256275,-0.01245421,0.84649857,-1.94555,2,-0.008837581,0.0061894357,1.3669392,,0.3173980712890625,230.28623962402344,0.5040424961157789,78.31984701098914,,
TNG50-1,50,1.0,287560,0,0.07487831,-0.040386,1.05927434,1.90160563,3,0.07793847,-0.02139663,1.3669392,,0.3173980712890625,230.28623962402344,0.5040424961157789,78.31984701098914,,
TNG50-1,50,1.0,287560,0,0.00816258,0.1300987,0.75079864,-0.75699449,4,0.0038140118,0.10981265,1.3669392,,0.3173980712890625,230.28623962402344,0.5040424961157789,78.31984701098914,,
TNG50-1,50,1.0,287560,0,-0.01376829,0.01593133,0.43165132,2.43282586,5,-0.0075087026,0.012669355,1.3669392,,0.3173980712890625,230.28623962402344,0.5040424961157789,78.31984701098914,,
TNG50-1,50,1.0,287560,0,0.0772069,0.02321248,1.37182779,-0.91314617,6,0.0802803,0.032806102,1.3669392,,0.3173980712890625,230.28623962402344,0.5040424961157789,78.31984701098914,,
TNG50-1,50,1.0,287560,0,-0.01434692,-0.02309396,0.82514575,2.1344819,7,-0.009173125,-0.009431228,1.3669392,,0.3173980712890625,230.28623962402344,0.5040424961157789,78.31984701098914,,
TNG50-1,50,1.0,287560,0,0.11173666,-0.02888347,1.2167411,0.2793902,8,0.100805946,-0.010229893,1.3669392,,0.3173980712890625,230.28623962402344,0.5040424961157789,78.31984701098914,,
TNG50-1,50,1.0,287560,0,-0.02556416,0.05127792,0.98355589,-0.71863784,9,-0.035983525,0.059921704,1.3669392,,0.3173980712890625,230.28623962402344,0.5040424961157789,78.31984701098914,,
TNG50-1,50,1.0,283589,0,0.01270727,-0.09183669,1.24647006,-0.64578325,0,0.008200001,-0.090940304,0.49207613,,0.5024871826171875,151.04898834228516,3.311454176002685,28.193885448130835,,
TNG50-1,50,1.0,283589,0,-0.03268486,-0.01352906,0.67985452,0.99556833,1,-0.040135786,-0.01680953,0.49207613,,0.5024871826171875,151.04898834228516,3.311454176002685,28.193885448130835,,
TNG50-1,50,1.0,283589,0,-0.02754873,0.08231051,1.0505277,2.57028514,2,-0.033906184,0.08368959,0.49207613,,0.5024871826171875,151.04898834228516,3.311454176002685,28.193885448130835,,
TNG50-1,50,1.0,283589,0,-0.05668249,0.02759705,1.37840901,1.97800403,3,-0.04980041,0.033664286,0.49207613,,0.5024871826171875,151.04898834228516,3.311454176002685,28.193885448130835,,
TNG50-1,50,1.0,283589,0,-0.07806683,-0.09352286,0.31487318,-0.53471341,4,-0.08990376,-0.09221207,0.49207613,,0.5024871826171875,151.04898834228516,3.311454176002685,28.193885448130835,,
TNG50-1,50,1.0,283589,0,-0.00573744,0.03291697,1.27397623,-0.3677168,5,-0.010822944,0.02607044,0.49207613,,0.5024871826171875,151.04898834228516,3.311454176002685,28.193885448130835,,
TNG50-1,50,1.0,283589,0,0.04081298,-0.03738684,0.9477696,2.43082789,6,0.027732752,-0.0408281,0.49207613,,0.5024871826171875,151.04898834228516,3.311454176002685,28.193885448130835,,
TNG50-1,50,1.0,283589,0,-0.06901412,0.03456535,1.19057298,-2.92562198,7,-0.06857468,0.04359513,0.49207613,,0.5024871826171875,151.04898834228516,3.311454176002685,28.193885448130835,,
TNG50-1,50,1.0,283589,0,0.01364866,-0.03450409,0.6960348,-2.99826332,8,0.013901003,-0.03645289,0.49207613,,0.5024871826171875,151.04898834228516,3.311454176002685,28.193885448130835,,
TNG50-1,50,1.0,283589,0,0.03923156,-0.00265162,0.64484571,-1.84854239,9,0.049363453,0.0031852871,0.49207613,,0.5024871826171875,151.04898834228516,3.311454176002685,28.193885448130835,,
TNG50-1,59,0.7,280787,0,0.02985245,-0.00200369,0.28921413,-1.06303333,0,0.03382833,0.007068407,0.87213065,,0.776824951171875,214.67673034667968,4.989078036892501,49.96940542900117,,
TNG50-1,59,0.7,280787,0,0.02633533,0.00875092,0.97462953,-1.24787823,1,0.03899841,0.025917986,0.87213065,,0.776824951171875,214.67673034667968,4.989078036892501,49.96940542900117,,
TNG50-1,59,0.7,280787,0,0.10071951,-0.10675978,1.25122218,-1.08951233,2,0.07995238,-0.08205662,0.87213065,,0.776824951171875,214.67673034667968,4.989078036892501,49.96940542900117,,
TNG50-1,59,0.7,280787,0,0.05227425,-0.01097802,0.30070334,-2.39996982,3,0.048015635,-7.290393e-05,0.87213065,,0.776824951171875,214.67673034667968,4.989078036892501,49.96940542900117,,
TNG50-1,59,0.7,280787,0,0.01820251,0.00142909,0.32271709,1.75062383,4,-0.02022311,-0.0050524957,0.87213065,,0.776824951171875,214.67673034667968,4.989078036892501,49.96940542900117,,
TNG50-1,59,0.7,280787,0,0.06795665,0.02737687,1.0204907,-2.48211038,5,0.07799177,0.03153647,0.87213065,,0.776824951171875,214.67673034667968,4.989078036892501,49.96940542900117,,
TNG50-1,59,0.7,280787,0,0.0269452,0.08134004,1.10175379,-0.63890887,6,0.020042866,0.06592228,0.87213065,,0.776824951171875,214.67673034667968,4.989078036892501,49.96940542900117,,
TNG50-1,59,0.7,280787,0,-0.0230035,0.00928268,0.76527897,2.10451105,7,-0.02809973,0.00014181808,0.87213065,,0.776824951171875,214.67673034667968,4.989078036892501,49.96940542900117,,
TNG50-1,59,0.7,280787,0,-0.05723029,-0.04547814,0.57078313,-0.60252043,8,-0.054071397,-0.02678746,0.87213065,,0.776824951171875,214.67673034667968,4.989078036892501,49.96940542900117,,
TNG50-1,59,0.7,280787,0,-0.02846828,-0.09090397,0.95962427,-1.28954966,9,-0.029647507,-0.060229935,0.87213065,,0.776824951171875,214.67673034667968,4.989078036892501,49.96940542900117,,
TNG50-1,59,0.7,329661,0,-0.0066791,0.06519134,0.79106326,-0.98412929,0,0.0013065413,0.05183723,1.32733742,,0.480255126953125,302.55924530029296,3.149925013058347,76.05083215578355,,
TNG50-1,59,0.7,329661,0,0.06098502,0.02647246,0.94004898,0.7656111,1,0.05456858,0.03106883,1.32733742,,0.480255126953125,302.55924530029296,3.149925013058347,76.05083215578355,,
TNG50-1,59,0.7,329661,0,0.04544354,-0.05659622,1.36528437,0.74088055,2,0.034245305,-0.049235538,1.32733742,,0.480255126953125,302.55924530029296,3.149925013058347,76.05083215578355,,
TNG50-1,59,0.7,329661,0,-0.05693854,-0.02645384,0.79174667,-2.80980288,3,-0.035296842,-0.0123151615,1.32733742,,0.480255126953125,302.55924530029296,3.149925013058347,76.05083215578355,,
TNG50-1,59,0.7,329661,0,-0.03403259,-0.02732303,0.80857055,-0.4848506,4,-0.023511365,-0.023484483,1.32733742,,0.480255126953125,302.55924530029296,3.149925013058347,76.05083215578355,,
TNG50-1,59,0.7,329661,0,0.02373949,0.00799384,1.29623212,-1.74183249,5,0.030856375,0.01702647,1.32733742,,0.480255126953125,302.55924530029296,3.149925013058347,76.05083215578355,,
TNG50-1,59,0.7,329661,0,0.01766833,-0.01019884,0.61852014,-1.8876532,6,0.014253989,-0.01753334,1.32733742,,0.480255126953125,302.55924530029296,3.149925013058347,76.05083215578355,,
TNG50-1,59,0.7,329661,0,-0.05251908,-0.05727445,0.99049162,0.97365426,7,-0.066845715,-0.05468618,1.32733742,,0.480255126953125,302.55924530029296,3.149925013058347,76.05083215578355,,
TNG50-1,59,0.7,329661,0,0.03745633,-0.06971296,1.12346871,-3.06990154,8,0.027339894,-0.058719918,1.32733742,,0.480255126953125,302.55924530029296,3.149925013058347,76.05083215578355,,
TNG50-1,59,0.7,329661,0,-0.04454371,0.02745117,0.57818456,2.94731014,9,-0.051121786,0.020552546,1.32733742,,0.480255126953125,302.55924530029296,3.149925013058347,76.05083215578355,,
TNG50-1,59,0.7,232104,0,0.00432216,-0.030579,1.00014916,-2.25450819,0,0.0019339621,-0.06169405,1.17526429,,0.845001220703125,313.54251251220694,4.3855376721478665,67.33768362943925,,
TNG50-1,59,0.7,232104,0,0.04833794,-0.09774843,1.26273579,-2.32057585,1,0.054860957,-0.08319474,1.17526429,,0.845001220703125,313.54251251220694,4.3855376721478665,67.33768362943925,,
TNG50-1,59,0.7,232104,0,0.01847876,0.04317819,0.53135273,1.50198104,2,0.01739553,0.06469713,1.17526429,,0.845001220703125,313.54251251220694,4.3855376721478665,67.33768362943925,,
TNG50-1,59,0.7,232104,0,0.04143977,-0.02750953,0.36582026,-0.58835974,3,0.04959093,-0.006974384,1.17526429,,0.845001220703125,313.54251251220694,4.3855376721478665,67.33768362943925,,
TNG50-1,59,0.7,232104,0,-0.10448417,0.14791673,1.31751275,-2.20862714,4,-0.08560859,0.09817766,1.17526429,,0.845001220703125,313.54251251220694,4.3855376721478665,67.33768362943925,,
TNG50-1,59,0.7,232104,0,-0.06171728,-0.0369702,0.67788099,-1.69645767,5,-0.047639415,-0.029873088,1.17526429,,0.845001220703125,313.54251251220694,4.3855376721478665,67.33768362943925,,
TNG50-1,59,0.7,232104,0,-0.01821758,0.10526375,1.21946295,1.85103849,6,0.015102267,0.092996925,1.17526429,,0.845001220703125,313.54251251220694,4.3855376721478665,67.33768362943925,,
TNG50-1,59,0.7,232104,0,0.05397844,0.03741837,1.39447127,0.77452065,7,0.058369163,0.051155936,1.17526429,,0.845001220703125,313.54251251220694,4.3855376721478665,67.33768362943925,,
TNG50-1,59,0.7,232104,0,0.09402649,-0.05141322,1.17982107,1.63946383,8,0.091557354,-0.04023909,1.17526429,,0.845001220703125,313.54251251220694,4.3855376721478665,67.33768362943925,,
TNG50-1,59,0.7,232104,0,-0.00821179,0.01160719,0.53054956,-2.52726527,9,0.0025538653,0.024951791,1.17526429,,0.845001220703125,313.54251251220694,4.3855376721478665,67.33768362943925,,
TNG50-1,59,0.7,278396,0,0.00926147,-0.03478902,0.79212061,-1.17759822,0,0.0056214854,-0.03227009,1.17731238,,0.8343658447265625,268.4593505859375,3.34446637331961,67.4550305425022,,
TNG50-1,59,0.7,278396,0,0.03863418,-0.02473661,1.29001433,0.83175195,1,0.036073312,0.0034076534,1.17731238,,0.8343658447265625,268.4593505859375,3.34446637331961,67.4550305425022,,
TNG50-1,59,0.7,278396,0,-0.01746846,-0.07354069,1.23748048,-0.76217753,2,-0.0075846165,-0.06319562,1.17731238,,0.8343658447265625,268.4593505859375,3.34446637331961,67.4550305425022,,
TNG50-1,59,0.7,278396,0,-0.0747572,0.02422267,0.72500058,1.23844304,3,-0.07263781,0.011682335,1.17731238,,0.8343658447265625,268.4593505859375,3.34446637331961,67.4550305425022,,
TNG50-1,59,0.7,278396,0,-0.0519532,-0.04032718,1.29537657,-0.95217261,4,-0.051839873,-0.01334583,1.17731238,,0.8343658447265625,268.4593505859375,3.34446637331961,67.4550305425022,,
TNG50-1,59,0.7,278396,0,0.02710465,-0.02678761,1.1626026,-3.13331536,5,0.033366185,-0.03853657,1.17731238,,0.8343658447265625,268.4593505859375,3.34446637331961,67.4550305425022,,
TNG50-1,59,0.7,278396,0,-0.08773082,0.01733926,0.4567621,-2.55136144,6,-0.08719951,-0.0034130737,1.17731238,,0.8343658447265625,268.4593505859375,3.34446637331961,67.4550305425022,,
TNG50-1,59,0.7,278396,0,-0.07246723,-0.01283138,0.69496503,1.70282067,7,-0.08072232,-0.0078410655,1.17731238,,0.8343658447265625,268.4593505859375,3.34446637331961,67.4550305425022,,
TNG50-1,59,0.7,278396,0,0.02684174,-0.03523267,0.39519431,-2.61377213,8,0.032447673,-0.009746961,1.17731238,,0.8343658447265625,268.4593505859375,3.34446637331961,67.4550305425022,,
TNG50-1,59,0.7,278396,0,-0.01112746,-0.09947192,0.48571832,0.62469114,9,-0.014754564,-0.07463352,1.17731238,,0.8343658447265625,268.4593505859375,3.34446637331961,67.4550305425022,,
TNG50-1,59,0.7,128024,0,-0.02182445,-0.03212147,0.69030692,2.99144028,0,-0.016186178,-0.04021194,1.12007149,,0.833282470703125,257.00558929443355,5.215172917982023,64.17536912992959,,
TNG50-1,59,0.7,128024,0,-0.01798746,-0.02457743,0.71598196,-3.06841067,1,-0.027508989,-0.049316958,1.12007149,,0.833282470703125,257.00558929443355,5.215172917982023,64.17536912992959,,
TNG50-1,59,0.7,128024,0,-0.04185795,0.07674916,0.50677227,-1.08627142,2,-0.022473097,0.06111073,1.12007149,,0.833282470703125,257.00558929443355,5.215172917982023,64.17536912992959,,
TNG50-1,59,0.7,128024,0,0.03936851,-0.01021176,0.89817899,-0.99054258,3,0.04393621,-0.019279882,1.12007149,,0.833282470703125,257.00558929443355,5.215172917982023,64.17536912992959,,
TNG50-1,59,0.7,128024,0,-0.02117341,-0.01798135,0.40170217,-1.32867648,4,-0.0052905157,-0.015544541,1.12007149,,0.833282470703125,257.00558929443355,5.215172917982023,64.17536912992959,,
TNG50-1,59,0.7,128024,0,-0.04094918,-0.00875626,0.47510391,1.9944357,5,-0.03917721,0.0041791685,1.12007149,,0.833282470703125,257.00558929443355,5.215172917982023,64.17536912992959,,
TNG50-1,59,0.7,128024,0,0.0268638,0.02272275,0.53984544,-2.85840047,6,0.02106528,0.0049921796,1.12007149,,0.833282470703125,257.00558929443355,5.215172917982023,64.17536912992959,,
TNG50-1,59,0.7,128024,0,-0.04485882,-0.05169318,1.20691804,-0.88319751,7,-0.030262433,-0.046399973,1.12007149,,0.833282470703125,257.00558929443355,5.215172917982023,64.17536912992959,,
TNG50-1,59,0.7,128024,0,-0.01644911,0.02136077,0.926679,1.33005362,8,-0.019834071,0.023263965,1.12007149,,0.833282470703125,257.00558929443355,5.215172917982023,64.17536912992959,,
TNG50-1,59,0.7,128024,0,0.00535529,0.01279101,0.69759083,-0.58597163,9,0.021906152,0.026196554,1.12007149,,0.833282470703125,257.00558929443355,5.215172917982023,64.17536912992959,,
TNG50-1,59,0.7,277306,0,0.01943892,-0.0397436,0.48725603,0.95016594,0,0.011418261,-0.03878323,1.16636841,,0.45623779296875,244.0464660644531,4.090666330243843,66.82798725038441,,
TNG50-1,59,0.7,277306,0,0.05308316,0.08716651,0.80874352,0.6176419,1,0.050827354,0.06494213,1.16636841,,0.45623779296875,244.0464660644531,4.090666330243843,66.82798725038441,,
TNG50-1,59,0.7,277306,0,-0.01370224,0.03291736,0.71755612,-2.45642254,2,-0.0022685453,0.013026059,1.16636841,,0.45623779296875,244.0464660644531,4.090666330243843,66.82798725038441,,
TNG50-1,59,0.7,277306,0,-0.07153686,-0.03817988,0.79785371,-0.40073386,3,-0.061075136,-0.03342163,1.16636841,,0.45623779296875,244.0464660644531,4.090666330243843,66.82798725038441,,
TNG50-1,59,0.7,277306,0,-0.11763762,-0.06134077,0.71623544,0.70148236,4,-0.095866635,-0.032757968,1.16636841,,0.45623779296875,244.0464660644531,4.090666330243843,66.82798725038441,,
TNG50-1,59,0.7,277306,0,0.14339813,-0.02578471,1.27919538,-2.62719284,5,0.10817403,-0.0065767244,1.16636841,,0.45623779296875,244.0464660644531,4.090666330243843,66.82798725038441,,
TNG50-1,59,0.7,277306,0,0.02634615,-0.01577153,0.40939869,-2.44125618,6,0.03776961,0.01869912,1.16636841,,0.45623779296875,244.0464660644531,4.090666330243843,66.82798725038441,,
TNG50-1,59,0.7,277306,0,0.00683959,0.1024573,1.15763974,3.10063417,7,0.013567649,0.087471604,1.16636841,,0.45623779296875,244.0464660644531,4.090666330243843,66.82798725038441,,
TNG50-1,59,0.7,277306,0,0.01393199,-0.00941337,0.5592433,-1.05410392,8,0.034511074,0.019340947,1.16636841,,0.45623779296875,244.0464660644531,4.090666330243843,66.82798725038441,,
TNG50-1,59,0.7,277306,0,-0.07156695,-0.05947759,0.4652773,-0.94415863,9,-0.054417953,-0.039202265,1.16636841,,0.45623779296875,244.0464660644531,4.090666330243843,66.82798725038441,,
TNG50-1,59,0.7,172232,0,0.0274987,-0.02793179,1.12907534,0.46234107,0,0.03252408,0.0041358657,0.85755297,,0.3765716552734375,240.26378936767577,5.647537856260073,49.1341658899089,,
TNG50-1,59,0.7,172232,0,0.05028483,0.00013386,0.57114282,2.87313196,1,0.035734553,-0.013252921,0.85755297,,0.3765716552734375,240.26378936767577,5.647537856260073,49.1341658899089,,
TNG50-1,59,0.7,172232,0,-0.00100776,-0.08749663,1.27778548,1.33059222,2,0.006989263,-0.06511674,0.85755297,,0.3765716552734375,240.26378936767577,5.647537856260073,49.1341658899089,,
TNG50-1,59,0.7,172232,0,-0.01231582,0.06747108,0.65466554,0.67478608,3,-0.031220496,0.039473288,0.85755297,,0.3765716552734375,240.26378936767577,5.647537856260073,49.1341658899089,,
TNG50-1,59,0.7,172232,0,-0.0785832,0.00079546,1.2465522,2.06816505,4,-0.060489282,-0.033976056,0.85755297,,0.3765716552734375,240.26378936767577,5.647537856260073,49.1341658899089,,
TNG50-1,59,0.7,172232,0,0.03418088,-0.05496768,0.93015213,-1.76128637,5,0.03455048,-0.08283479,0.85755297,,0.3765716552734375,240.26378936767577,5.647537856260073,49.1341658899089,,
TNG50-1,59,0.7,172232,0,0.01043742,-0.12298544,1.12672025,0.83404548,6,0.005922124,-0.085393034,0.85755297,,0.3765716552734375,240.26378936767577,5.647537856260073,49.1341658899089,,
TNG50-1,59,0.7,172232,0,-0.0461092,0.05145675,0.81444605,-0.68861292,7,-0.025128618,0.06900883,0.85755297,,0.3765716552734375,240.26378936767577,5.647537856260073,49.1341658899089,,
TNG50-1,59,0.7,172232,0,-0.016292,0.02790458,1.2214241,1.5317839,8,-0.015864767,0.021887861,0.85755297,,0.3765716552734375,240.26378936767577,5.647537856260073,49.1341658899089,,
TNG50-1,59,0.7,172232,0,0.00772516,0.01053429,0.61922568,-2.98784682,9,0.00097147375,0.0032180995,0.85755297,,0.3765716552734375,240.26378936767577,5.647537856260073,49.1341658899089,,
TNG50-1,59,0.7,242629,0,0.04149682,-0.05848014,0.6928754,2.07328518,0,0.02685726,-0.040770777,1.00854048,,0.663299560546875,149.08577957153318,2.261749109252201,57.78511297209821,,
TNG50-1,59,0.7,242629,0,-0.01210524,0.01508164,0.65784728,-1.37307346,1,-0.016202167,0.009193305,1.00854048,,0.663299560546875,149.08577957153318,2.261749109252201,57.78511297209821,,
TNG50-1,59,0.7,242629,0,-0.05455152,-0.01093165,1.03194836,-2.96154403,2,-0.055124134,-0.00016957521,1.00854048,,0.663299560546875,149.08577957153318,2.261749109252201,57.78511297209821,,
TNG50-1,59,0.7,242629,0,-0.04367905,0.0451092,0.95087454,-2.88735562,3,-0.043856815,0.032897163,1.00854048,,0.663299560546875,149.08577957153318,2.261749109252201,57.78511297209821,,
TNG50-1,59,0.7,242629,0,-0.06846235,-0.03577053,1.23963705,-0.44499094,4,-0.056260765,-0.023467965,1.00854048,,0.663299560546875,149.08577957153318,2.261749109252201,57.78511297209821,,
TNG50-1,59,0.7,242629,0,0.04551974,0.03080539,0.86018494,-0.28613057,5,0.04719155,0.043440044,1.00854048,,0.663299560546875,149.08577957153318,2.261749109252201,57.78511297209821,,
TNG50-1,59,0.7,242629,0,-0.01924576,0.08204242,1.08191752,-1.12939547,6,-0.0068570226,0.089283705,1.00854048,,0.663299560546875,149.08577957153318,2.261749109252201,57.78511297209821,,
TNG50-1,59,0.7,242629,0,0.04762503,0.0136278,1.10243271,1.06047354,7,0.042598642,0.020747967,1.00854048,,0.663299560546875,149.08577957153318,2.261749109252201,57.78511297209821,,
TNG50-1,59,0.7,242629,0,0.00679572,0.03926457,0.35361711,-0.09209404,8,0.006462831,0.0393584,1.00854048,,0.663299560546875,149.08577957153318,2.261749109252201,57.78511297209821,,
TNG50-1,59,0.7,242629,0,-0.01464092,0.02859451,1.26247651,-2.67592652,9,-0.0016848966,0.038274407,1.00854048,,0.663299560546875,149.08577957153318,2.261749109252201,57.78511297209821,,
TNG50-1,59,0.7,338901,0,0.01299795,0.02603074,0.80466098,0.0990673,0,0.011701882,0.028521936,0.40988026,,0.707122802734375,127.39296073913573,5.561778503945759,23.484409003724856,,
TNG50-1,59,0.7,338901,0,0.0054866,0.01792742,0.47691863,-0.98940688,1,-0.019341484,-0.009734668,0.40988026,,0.707122802734375,127.39296073913573,5.561778503945759,23.484409003724856,,
TNG50-1,59,0.7,338901,0,0.01496767,0.16001215,0.84076893,1.10198379,2,-0.018161207,0.10077666,0.40988026,,0.707122802734375,127.39296073913573,5.561778503945759,23.484409003724856,,
TNG50-1,59,0.7,338901,0,0.02471378,0.01035101,1.3377339,0.65602611,3,0.035593063,0.019771665,0.40988026,,0.707122802734375,127.39296073913573,5.561778503945759,23.484409003724856,,
TNG50-1,59,0.7,338901,0,-0.0206599,-0.05452734,0.87382077,-0.00435368,4,-0.020625457,-0.03990724,0.40988026,,0.707122802734375,127.39296073913573,5.561778503945759,23.484409003724856,,
TNG50-1,59,0.7,338901,0,-0.04220395,-0.01406126,1.31473338,-1.55357411,5,-0.06097403,-0.018238239,0.40988026,,0.707122802734375,127.39296073913573,5.561778503945759,23.484409003724856,,
TNG50-1,59,0.7,338901,0,0.05161101,0.07758424,0.3510987,0.16174886,6,0.063499056,0.09524058,0.40988026,,0.707122802734375,127.39296073913573,5.561778503945759,23.484409003724856,,
TNG50-1,59,0.7,338901,0,0.00109914,-0.06470837,0.80399778,-0.24066556,7,-0.009114355,-0.07483182,0.40988026,,0.707122802734375,127.39296073913573,5.561778503945759,23.484409003724856,,
TNG50-1,59,0.7,338901,0,0.0474364,-0.03762298,0.90193141,2.2070686,8,0.047125332,-0.03542517,0.40988026,,0.707122802734375,127.39296073913573,5.561778503945759,23.484409003724856,,
TNG50-1,59,0.7,338901,0,0.08230794,0.05532134,1.23425764,2.47769459,9,0.078016475,0.028553713,0.40988026,,0.707122802734375,127.39296073913573,5.561778503945759,23.484409003724856,,
TNG50-1,59,0.7,355595,0,0.02895976,-0.01288583,1.17550803,-2.21679163,0,0.015526585,-0.040294074,1.00172776,,0.667816162109375,205.11892318725586,6.017210119893863,57.39477286909385,,
TNG50-1,59,0.7,355595,0,-0.05663269,-0.11789125,0.87401236,-2.22912333,1,-0.05431375,-0.09686858,1.00172776,,0.667816162109375,205.11892318725586,6.017210119893863,57.39477286909385,,
TNG50-1,59,0.7,355595,0,-0.01052845,0.01838305,0.5556205,1.47488991,2,-0.00863342,0.016996488,1.00172776,,0.667816162109375,205.11892318725586,6.017210119893863,57.39477286909385,,
TNG50-1,59,0.7,355595,0,-0.0299495,-0.11396659,0.685305,-0.28641014,3,-0.006327592,-0.074837305,1.00172776,,0.667816162109375,205.11892318725586,6.017210119893863,57.39477286909385,,
TNG50-1,59,0.7,355595,0,-0.03509099,-0.09616836,1.36153202,1.85491525,4,-0.039194822,-0.07010845,1.00172776,,0.667816162109375,205.11892318725586,6.017210119893863,57.39477286909385,,
TNG50-1,59,0.7,355595,0,-0.01250438,-0.00808338,0.89644422,-2.25517589,5,-0.009265028,0.0073392466,1.00172776,,0.667816162109375,205.11892318725586,6.017210119893863,57.39477286909385,,
TNG50-1,59,0.7,355595,0,0.04499457,0.01322886,0.91615181,-2.89116032,6,0.065193936,0.029025916,1.00172776,,0.667816162109375,205.11892318725586,6.017210119893863,57.39477286909385,,
TNG50-1,59,0.7,355595,0,0.05528344,-0.02255425,1.10003279,1.24365647,7,0.030752838,-0.034116067,1.00172776,,0.667816162109375,205.11892318725586,6.017210119893863,57.39477286909385,,
TNG50-1,59,0.7,355595,0,0.04631029,0.07677656,0.67544613,3.10836122,8,0.01124182,0.05066561,1.00172776,,0.667816162109375,205.11892318725586,6.017210119893863,57.39477286909385,,
TNG50-1,59,0.7,355595,0,0.0168177,0.02310508,0.31464087,-2.54595793,9,0.024480391,0.0120015815,1.00172776,,0.667816162109375,205.11892318725586,6.017210119893863,57.39477286909385,,
TNG50-1,59,0.7,338415,0,-0.02835156,0.08521902,1.23591537,0.07755364,0,-0.027882785,0.08834411,0.94599655,,0.7218017578125,200.2854148864746,3.950626835399431,54.20160974893656,,
TNG50-1,59,0.7,338415,0,0.01881285,0.01497961,1.2797286,-1.05237284,1,0.026731249,0.02872195,0.94599655,,0.7218017578125,200.2854148864746,3.950626835399431,54.20160974893656,,
TNG50-1,59,0.7,338415,0,0.0443611,-0.01259893,0.32644539,-0.42399394,2,0.03987407,0.0008088462,0.94599655,,0.7218017578125,200.2854148864746,3.950626835399431,54.20160974893656,,
TNG50-1,59,0.7,338415,0,0.01639354,-0.04792194,0.50360285,1.87362692,3,0.015437193,-0.06777581,0.94599655,,0.7218017578125,200.2854148864746,3.950626835399431,54.20160974893656,,
TNG50-1,59,0.7,338415,0,0.03995634,-0.02379043,0.6817495,-2.80602362,4,0.044697683,-0.023187838,0.94599655,,0.7218017578125,200.2854148864746,3.950626835399431,54.20160974893656,,
TNG50-1,59,0.7,338415,0,-0.10333196,-0.02041235,0.35152671,1.38760273,5,-0.11163814,-0.013199627,0.94599655,,0.7218017578125,200.2854148864746,3.950626835399431,54.20160974893656,,
TNG50-1,59,0.7,338415,0,-0.02464283,-0.02966246,0.95479727,-2.58723181,6,-0.009256452,-0.021948442,0.94599655,,0.7218017578125,200.2854148864746,3.950626835399431,54.20160974893656,,
TNG50-1,59,0.7,338415,0,0.05515383,-0.04591689,0.47535567,2.18341349,7,0.043674722,-0.05445663,0.94599655,,0.7218017578125,200.2854148864746,3.950626835399431,54.20160974893656,,
TNG50-1,59,0.7,338415,0,0.02546148,0.02007883,1.2641451,-1.87301876,8,0.03487023,0.01395794,0.94599655,,0.7218017578125,200.2854148864746,3.950626835399431,54.20160974893656,,
TNG50-1,59,0.7,338415,0,0.09242316,0.08483198,1.24711255,1.47616477,9,0.08399555,0.0669781,0.94599655,,0.7218017578125,200.2854148864746,3.950626835399431,54.20160974893656,,
TNG50-1,59,0.7,254370,0,0.07074003,-0.03424342,0.96826395,-1.79105237,0,0.07805912,-0.03913816,1.16322616,,0.63958740234375,302.8499221801758,3.453553600380791,66.64794958720942,,
TNG50-1,59,0.7,254370,0,0.01862972,0.08622517,0.89454332,2.90084258,1,0.0001764372,0.088533595,1.16322616,,0.63958740234375,302.8499221801758,3.453553600380791,66.64794958720942,,
TNG50-1,59,0.7,254370,0,0.0676332,0.03800203,1.21229838,3.0830273,2,0.077494755,0.047507938,1.16322616,,0.63958740234375,302.8499221801758,3.453553600380791,66.64794958720942,,
TNG50-1,59,0.7,254370,0,-0.02080413,-0.03829613,1.08883581,-0.2632629,3,-0.012352854,-0.009880871,1.16322616,,0.63958740234375,302.8499221801758,3.453553600380791,66.64794958720942,,
TNG50-1,59,0.7,254370,0,-0.01004259,-0.05224955,0.73972869,-0.61940686,4,-0.0012865216,-0.037158027,1.16322616,,0.63958740234375,302.8499221801758,3.453553600380791,66.64794958720942,,
TNG50-1,59,0.7,254370,0,0.05975504,-0.03891566,1.36785407,-2.64498567,5,0.05016136,-0.014140457,1.16322616,,0.63958740234375,302.8499221801758,3.453553600380791,66.64794958720942,,
TNG50-1,59,0.7,254370,0,0.04217108,-0.02794126,0.74162567,1.74809955,6,0.04326652,-0.009378567,1.16322616,,0.63958740234375,302.8499221801758,3.453553600380791,66.64794958720942,,
TNG50-1,59,0.7,254370,0,-0.01452252,-0.00833502,1.14169297,-2.11916763,7,-0.024248898,-0.021522395,1.16322616,,0.63958740234375,302.8499221801758,3.453553600380791,66.64794958720942,,
TNG50-1,59,0.7,254370,0,-0.05231291,0.05572732,1.16996794,2.72091995,8,-0.051777676,0.0697046,1.16322616,,0.63958740234375,302.8499221801758,3.453553600380791,66.64794958720942,,
TNG50-1,59,0.7,254370,0,-0.01019821,-0.04832584,0.74989306,3.08248509,9,0.005169682,-0.049800403,1.16322616,,0.63958740234375,302.8499221801758,3.453553600380791,66.64794958720942,,
TNG50-1,59,0.7,379270,0,-0.03378802,-0.0214769,1.08534231,2.07219846,0,-0.0420278,-0.011657931,0.89341873,,0.1500701904296875,246.6754608154297,2.231183527108567,51.18912256693803,,
TNG50-1,59,0.7,379270,0,-0.10543771,-0.03358231,1.36639809,-1.80680427,1,-0.11013357,-0.024338543,0.89341873,,0.1500701904296875,246.6754608154297,2.231183527108567,51.18912256693803,,
TNG50-1,59,0.7,379270,0,-0.03033482,0.06272612,0.66488666,1.77505002,2,-0.02098053,0.07201935,0.89341873,,0.1500701904296875,246.6754608154297,2.231183527108567,51.18912256693803,,
TNG50-1,59,0.7,379270,0,0.03737285,0.04406754,0.87705228,2.26981588,3,0.05044306,0.055241417,0.89341873,,0.1500701904296875,246.6754608154297,2.231183527108567,51.18912256693803,,
TNG50-1,59,0.7,379270,0,0.0040108,-0.04836197,0.57301158,2.36650461,4,0.0012327582,-0.035838448,0.89341873,,0.1500701904296875,246.6754608154297,2.231183527108567,51.18912256693803,,
TNG50-1,59,0.7,379270,0,-0.00684172,0.05822715,1.02957662,-0.1525655,5,-0.0014139265,0.059711214,0.89341873,,0.1500701904296875,246.6754608154297,2.231183527108567,51.18912256693803,,
TNG50-1,59,0.7,379270,0,-0.042392,-0.00725352,0.69513493,-0.44728128,6,-0.047718212,0.01236422,0.89341873,,0.1500701904296875,246.6754608154297,2.231183527108567,51.18912256693803,,
TNG50-1,59,0.7,379270,0,-0.09779129,-0.03052711,1.25713081,2.09727152,7,-0.094542846,-0.0340766,0.89341873,,0.1500701904296875,246.6754608154297,2.231183527108567,51.18912256693803,,
TNG50-1,59,0.7,379270,0,0.07124228,-0.01468062,0.20192143,0.49944552,8,0.082882166,-0.034388736,0.89341873,,0.1500701904296875,246.6754608154297,2.231183527108567,51.18912256693803,,
TNG50-1,59,0.7,379270,0,-0.01039474,-0.03916486,1.25493168,0.76200481,9,-0.015330344,-0.035343163,0.89341873,,0.1500701904296875,246.6754608154297,2.231183527108567,51.18912256693803,,
TNG50-1,59,0.7,138899,0,0.02157001,0.01444382,1.31554174,3.04492008,0,0.01734645,0.016828213,1.2641143,,0.6397857666015625,242.7929504394531,1.8248919729371995,72.4284142121344,,
TNG50-1,59,0.7,138899,0,0.0243941,0.04931191,1.35617321,-3.03891666,1,0.022826362,0.040512837,1.2641143,,0.6397857666015625,242.7929504394531,1.8248919729371995,72.4284142121344,,
TNG50-1,59,0.7,138899,0,-0.0529878,0.04341664,1.22530141,-3.04313623,2,-0.0709739,0.031222431,1.2641143,,0.6397857666015625,242.7929504394531,1.8248919729371995,72.4284142121344,,
TNG50-1,59,0.7,138899,0,-0.05448843,0.03084796,0.71502619,3.521e-05,3,-0.065336555,0.025438135,1.2641143,,0.6397857666015625,242.7929504394531,1.8248919729371995,72.4284142121344,,
TNG50-1,59,0.7,138899,0,-0.01143302,0.08309159,1.07848888,-1.46770145,4,-0.012312338,0.06965164,1.2641143,,0.6397857666015625,242.7929504394531,1.8248919729371995,72.4284142121344,,
TNG50-1,59,0.7,138899,0,-0.03875604,-0.05412083,1.00292412,1.17187944,5,-0.041651614,-0.054601632,1.2641143,,0.6397857666015625,242.7929504394531,1.8248919729371995,72.4284142121344,,
TNG50-1,59,0.7,138899,0,-0.04402061,-0.00781892,1.31553616,1.84229373,6,-0.053173803,-0.018819846,1.2641143,,0.6397857666015625,242.7929504394531,1.8248919729371995,72.4284142121344,,
TNG50-1,59,0.7,138899,0,0.08478435,-0.04264235,0.83025231,-2.49796886,7,0.10078969,-0.049509056,1.2641143,,0.6397857666015625,242.7929504394531,1.8248919729371995,72.4284142121344,,
TNG50-1,59,0.7,138899,0,-0.07666774,-0.08480398,0.60791602,2.62221326,8,-0.07754052,-0.07333971,1.2641143,,0.6397857666015625,242.7929504394531,1.8248919729371995,72.4284142121344,,
TNG50-1,59,0.7,138899,0,0.10115322,-0.03306206,0.82844465,-2.95358129,9,0.107946336,-0.04782211,1.2641143,,0.6397857666015625,242.7929504394531,1.8248919729371995,72.4284142121344,,
TNG50-1,59,0.7,359874,0,-0.09495167,0.05726697,0.40710134,-2.61002609,0,-0.08700994,0.026525192,1.31363091,,0.3242950439453125,239.9616699218749,2.168760412889267,75.2655069809297,,
TNG50-1,59,0.7,359874,0,-0.09715604,-0.08244531,1.29303753,2.3144336,1,-0.07275878,-0.07047569,1.31363091,,0.3242950439453125,239.9616699218749,2.168760412889267,75.2655069809297,,
TNG50-1,59,0.7,359874,0,-0.04150289,-0.00425374,0.91215693,-1.0771188,2,-0.03732335,-0.009139493,1.31363091,,0.3242950439453125,239.9616699218749,2.168760412889267,75.2655069809297,,
TNG50-1,59,0.7,359874,0,0.01150727,0.00687562,1.05280369,-2.71744969,3,0.011898529,0.0020668954,1.31363091,,0.3242950439453125,239.9616699218749,2.168760412889267,75.2655069809297,,
TNG50-1,59,0.7,359874,0,-0.00167351,0.03010182,1.28835443,-1.21822899,4,0.0069398656,0.02085422,1.31363091,,0.3242950439453125,239.9616699218749,2.168760412889267,75.2655069809297,,
TNG50-1,59,0.7,359874,0,0.02573893,-0.0857583,1.15127865,1.94079737,5,0.045024537,-0.08936144,1.31363091,,0.3242950439453125,239.9616699218749,2.168760412889267,75.2655069809297,,
TNG50-1,59,0.7,359874,0,-0.00877217,-0.01302035,0.81863163,1.04194974,6,-0.00045995414,-0.026396394,1.31363091,,0.3242950439453125,239.9616699218749,2.168760412889267,75.2655069809297,,
TNG50-1,59,0.7,359874,0,0.06987094,0.02002304,1.37424935,-1.64267848,7,0.07335106,-0.0014139079,1.31363091,,0.3242950439453125,239.9616699218749,2.168760412889267,75.2655069809297,,
TNG50-1,59,0.7,359874,0,0.03860557,0.02385811,0.30940563,1.37712642,8,0.04743716,-3.1985343e-05,1.31363091,,0.3242950439453125,239.9616699218749,2.168760412889267,75.2655069809297,,
TNG50-1,59,0.7,359874,0,0.00387883,0.05930649,0.43605491,1.30577857,9,0.0028246194,0.04605758,1.31363091,,0.3242950439453125,239.9616699218749,2.168760412889267,75.2655069809297,,
TNG50-1,67,0.5,289152,0,0.0334964,0.0019626,1.27590266,2.53339715,0,0.039607123,0.006342225,0.39142373,,0.6573944091796875,299.18958740234376,5.100686060817273,22.426927730268268,,
TNG50-1,67,0.5,289152,0,0.02763881,0.05450778,1.0953521,-2.5548675,1,0.032931373,0.063265175,0.39142373,,0.6573944091796875,299.18958740234376,5.100686060817273,22.426927730268268,,
TNG50-1,67,0.5,289152,0,-0.05292711,0.00576794,1.03420776,0.44934381,2,-0.032305986,0.015428051,0.39142373,,0.6573944091796875,299.18958740234376,5.100686060817273,22.426927730268268,,
TNG50-1,67,0.5,289152,0,0.0279851,-0.08736482,0.91548451,2.57000832,3,0.045817554,-0.06264516,0.39142373,,0.6573944091796875,299.18958740234376,5.100686060817273,22.426927730268268,,
TNG50-1,67,0.5,289152,0,0.06634335,0.02217089,0.593382,1.37731389,4,0.062759236,0.02070466,0.39142373,,0.6573944091796875,299.18958740234376,5.100686060817273,22.426927730268268,,
TNG50-1,67,0.5,289152,0,-0.00245133,-0.04894043,1.38896145,-2.53473176,5,-0.012734711,-0.053455077,0.39142373,,0.6573944091796875,299.18958740234376,5.100686060817273,22.426927730268268,,
TNG50-1,67,0.5,289152,0,-0.05039805,-0.06353613,0.55223375,0.71605888,6,-0.025359705,-0.061001085,0.39142373,,0.6573944091796875,299.18958740234376,5.100686060817273,22.426927730268268,,
TNG50-1,67,0.5,289152,0,0.04374771,-0.0863874,0.87942202,1.88420732,7,0.059056114,-0.06694115,0.39142373,,0.6573944091796875,299.18958740234376,5.100686060817273,22.426927730268268,,
TNG50-1,67,0.5,289152,0,0.08615227,0.05952036,0.67166026,-1.41458512,8,0.08249555,0.058887977,0.39142373,,0.6573944091796875,299.18958740234376,5.100686060817273,22.426927730268268,,
TNG50-1,67,0.5,289152,0,-0.04430702,-0.04173557,0.67100757,0.83247955,9,-0.04481195,-0.04180246,0.39142373,,0.6573944091796875,299.18958740234376,5.100686060817273,22.426927730268268,,
TNG50-1,67,0.5,160813,0,-0.00766595,0.01210445,1.24172661,1.71934731,0,0.0084920265,0.012025975,0.248466,,0.8329620361328125,220.075146484375,6.648260775412666,14.236053152497512,,
TNG50-1,67,0.5,160813,0,-0.06124109,-0.01247558,1.23630397,1.14268252,1,-0.043833166,-0.008867592,0.248466,,0.8329620361328125,220.075146484375,6.648260775412666,14.236053152497512,,
TNG50-1,67,0.5,160813,0,-0.04137905,-0.07802148,0.39139665,-2.39445951,2,-0.042356312,-0.040896,0.248466,,0.8329620361328125,220.075146484375,6.648260775412666,14.236053152497512,,
TNG50-1,67,0.5,160813,0,0.04825255,0.05080298,0.85122727,2.30421114,3,0.06719145,0.045485277,0.248466,,0.8329620361328125,220.075146484375,6.648260775412666,14.236053152497512,,
TNG50-1,67,0.5,160813,0,-0.00836287,0.00817485,0.67903229,-1.50231516,4,-0.030704811,0.0040152743,0.248466,,0.8329620361328125,220.075146484375,6.648260775412666,14.236053152497512,,
TNG50-1,67,0.5,160813,0,-0.01103559,0.01945073,1.08513452,3.11767985,5,0.00026445836,0.024660215,0.248466,,0.8329620361328125,220.075146484375,6.648260775412666,14.236053152497512,,
TNG50-1,67,0.5,160813,0,0.05300938,0.02098051,0.50040727,-0.71937488,6,0.05477711,0.031225594,0.248466,,0.8329620361328125,220.075146484375,6.648260775412666,14.236053152497512,,
TNG50-1,67,0.5,160813,0,-0.04573816,-0.06492621,0.87448235,-2.3876274,7,-0.048846126,-0.06865787,0.248466,,0.8329620361328125,220.075146484375,6.648260775412666,14.236053152497512,,
TNG50-1,67,0.5,160813,0,-0.11175881,0.01514395,0.85543119,-1.15556258,8,-0.09708221,-0.0025265291,0.248466,,0.8329620361328125,220.075146484375,6.648260775412666,14.236053152497512,,
TNG50-1,67,0.5,160813,0,-0.04264333,0.04537269,0.67705362,0.46202928,9,-0.03594964,0.062185593,0.248466,,0.8329620361328125,220.075146484375,6.648260775412666,14.236053152497512,,
TNG50-1,67,0.5,312340,0,0.03825147,-0.03955051,0.49183573,0.86782861,0,0.052672207,-0.043847106,0.86616149,,0.77471923828125,288.177001953125,5.720022591499585,49.62739775376286,,
TNG50-1,67,0.5,312340,0,0.04941362,0.03028404,0.82500263,1.76157638,1,0.048914738,0.036481213,0.86616149,,0.77471923828125,288.177001953125,5.720022591499585,49.62739775376286,,
TNG50-1,67,0.5,312340,0,0.09018329,0.0490514,0.85095707,-2.90785982,2,0.06835218,0.046084166,0.86616149,,0.77471923828125,288.177001953125,5.720022591499585,49.62739775376286,,
TNG50-1,67,0.5,312340,0,0.01949259,0.0601785,0.34748794,2.21435976,3,0.020555444,0.045030866,0.86616149,,0.77471923828125,288.177001953125,5.720022591499585,49.62739775376286,,
TNG50-1,67,0.5,312340,0,0.05496079,0.08096308,0.67226271,-0.51749384,4,0.037711225,0.07684278,0.86616149,,0.77471923828125,288.177001953125,5.720022591499585,49.62739775376286,,
TNG50-1,67,0.5,312340,0,0.02469303,-0.0838012,0.76194698,1.49012258,5,0.009130947,-0.056929193,0.86616149,,0.77471923828125,288.177001953125,5.720022591499585,49.62739775376286,,
TNG50-1,67,0.5,312340,0,-0.09500177,-0.05995,1.02047578,-2.89010618,6,-0.08571403,-0.056180708,0.86616149,,0.77471923828125,288.177001953125,5.720022591499585,49.62739775376286,,
TNG50-1,67,0.5,312340,0,-0.00772601,0.14639076,0.97392923,2.4747782,7,-0.014303915,0.09459892,0.86616149,,0.77471923828125,288.177001953125,5.720022591499585,49.62739775376286,,
TNG50-1,67,0.5,312340,0,-0.04338558,0.05047619,1.06439668,1.00433946,8,-0.04452339,0.028277533,0.86616149,,0.77471923828125,288.177001953125,5.720022591499585,49.62739775376286,,
TNG50-1,67,0.5,312340,0,0.01157167,0.0112224,0.35805203,-0.26703041,9,0.01556024,0.00917048,0.86616149,,0.77471923828125,288.177001953125,5.720022591499585,49.62739775376286,,
TNG50-1,67,0.5,297999,0,0.00416309,-0.06531566,1.06152994,2.3583337,0,-0.009393051,-0.08810421,0.42651196,,0.4809722900390625,211.2574462890625,3.624296975201277,24.43733521985259,,
TNG50-1,67,0.5,297999,0,-0.03102536,-0.025312,0.53963821,2.96230732,1,-0.03717056,-0.033906236,0.42651196,,0.4809722900390625,211.2574462890625,3.624296975201277,24.43733521985259,,
TNG50-1,67,0.5,297999,0,-0.0500851,-0.06343287,1.24659517,2.24828892,2,-0.050021842,-0.041732773,0.42651196,,0.4809722900390625,211.2574462890625,3.624296975201277,24.43733521985259,,
TNG50-1,67,0.5,297999,0,-0.00538996,0.10047558,1.23242188,-0.06310549,3,0.00095683336,0.08157121,0.42651196,,0.4809722900390625,211.2574462890625,3.624296975201277,24.43733521985259,,
TNG50-1,67,0.5,297999,0,0.03858602,0.02196482,0.72109011,2.28319793,4,0.040359903,-0.00020745397,0.42651196,,0.4809722900390625,211.2574462890625,3.624296975201277,24.43733521985259,,
TNG50-1,67,0.5,297999,0,0.06948796,-0.00478074,0.67988195,-1.79717369,5,0.067638814,-0.02648203,0.42651196,,0.4809722900390625,211.2574462890625,3.624296975201277,24.43733521985259,,
TNG50-1,67,0.5,297999,0,0.00117551,0.08610009,0.44890988,2.64628696,6,0.0049868003,0.097861506,0.42651196,,0.4809722900390625,211.2574462890625,3.624296975201277,24.43733521985259,,
TNG50-1,67,0.5,297999,0,0.06065625,-0.06511337,1.16746165,0.42000556,7,0.05647778,-0.049920388,0.42651196,,0.4809722900390625,211.2574462890625,3.624296975201277,24.43733521985259,,
TNG50-1,67,0.5,297999,0,-0.01071347,-0.00685714,1.35370619,-0.69514909,8,0.0039944574,-0.006027922,0.42651196,,0.4809722900390625,211.2574462890625,3.624296975201277,24.43733521985259,,
TNG50-1,67,0.5,297999,0,-0.0390799,0.09998369,0.95075389,0.51296668,9,-0.042882606,0.08499314,0.42651196,,0.4809722900390625,211.2574462890625,3.624296975201277,24.43733521985259,,
TNG50-1,67,0.5,385414,0,0.00294074,0.0855288,1.33641641,-3.01091189,0,-0.019913629,0.06332372,0.57033765,,0.8234405517578125,186.15869445800777,5.808174739006061,32.67794024240952,,
TNG50-1,67,0.5,385414,0,-0.11561627,0.0766247,0.54699498,-0.30217748,1,-0.106495306,0.06439134,0.57033765,,0.8234405517578125,186.15869445800777,5.808174739006061,32.67794024240952,,
TNG50-1,67,0.5,385414,0,-0.07576303,0.02979387,1.36901481,0.77523581,2,-0.07390402,0.030633956,0.57033765,,0.8234405517578125,186.15869445800777,5.808174739006061,32.67794024240952,,
TNG50-1,67,0.5,385414,0,-0.01926556,-0.07812415,0.45535326,-0.11641597,3,-0.031413242,-0.058135055,0.57033765,,0.8234405517578125,186.15869445800777,5.808174739006061,32.67794024240952,,
TNG50-1,67,0.5,385414,0,-0.04214644,0.01534025,0.28266748,1.11294266,4,-0.01809863,0.016046692,0.57033765,,0.8234405517578125,186.15869445800777,5.808174739006061,32.67794024240952,,
TNG50-1,67,0.5,385414,0,-0.01158937,0.01918485,0.78034307,-0.31665599,5,0.008866034,0.013629042,0.57033765,,0.8234405517578125,186.15869445800777,5.808174739006061,32.67794024240952,,
TNG50-1,67,0.5,385414,0,0.07020642,0.00127701,0.25638973,-2.87415639,6,0.05981597,-0.009553328,0.57033765,,0.8234405517578125,186.15869445800777,5.808174739006061,32.67794024240952,,
TNG50-1,67,0.5,385414,0,-0.00372247,-0.02850055,0.58109462,-1.72054534,7,0.0015343428,-0.056292266,0.57033765,,0.8234405517578125,186.15869445800777,5.808174739006061,32.67794024240952,,
TNG50-1,67,0.5,385414,0,-0.06610841,-0.01813155,1.36340523,3.09524937,8,-0.08051784,-0.021961913,0.57033765,,0.8234405517578125,186.15869445800777,5.808174739006061,32.67794024240952,,
TNG50-1,67,0.5,385414,0,-0.03965499,-0.03198575,1.39686632,-0.96846607,9,-0.03302726,-0.018163852,0.57033765,,0.8234405517578125,186.15869445800777,5.808174739006061,32.67794024240952,,
TNG50-1,67,0.5,293092,0,0.01149881,0.00276972,0.68123722,-2.71091248,0,0.0026570335,0.022952788,1.26625361,,0.5511627197265625,249.0246124267578,5.319460628386408,72.55098764620453,,
TNG50-1,67,0.5,293092,0,0.0452888,0.08314409,1.21144691,1.48581284,1,0.042290583,0.07654407,1.26625361,,0.5511627197265625,249.0246124267578,5.319460628386408,72.55098764620453,,
TNG50-1,67,0.5,293092,0,0.0004671,0.06415796,1.39501977,0.8453561,2,0.009655841,0.0740797,1.26625361,,0.5511627197265625,249.0246124267578,5.319460628386408,72.55098764620453,,
TNG50-1,67,0.5,293092,0,0.13824109,-0.04261138,1.35508011,-0.12971779,3,0.13212053,-0.018448323,1.26625361,,0.5511627197265625,249.0246124267578,5.319460628386408,72.55098764620453,,
TNG50-1,67,0.5,293092,0,-0.04598812,0.0160784,0.87065228,-2.83785496,4,-0.030398846,0.008772843,1.26625361,,0.5511627197265625,249.0246124267578,5.319460628386408,72.55098764620453,,
TNG50-1,67,0.5,293092,0,0.02224711,-0.07736483,0.96099319,2.6613777,5,0.017497987,-0.056326084,1.26625361,,0.5511627197265625,249.0246124267578,5.319460628386408,72.55098764620453,,
TNG50-1,67,0.5,293092,0,0.06456013,0.07608945,1.17120872,-0.14174245,6,0.060639095,0.074075826,1.26625361,,0.5511627197265625,249.0246124267578,5.319460628386408,72.55098764620453,,
TNG50-1,67,0.5,293092,0,0.05328386,0.01121157,1.39461474,-0.63078807,7,0.05387022,0.018835962,1.26625361,,0.5511627197265625,249.0246124267578,5.319460628386408,72.55098764620453,,
TNG50-1,67,0.5,293092,0,0.03275334,0.06743864,0.88909888,2.27121694,8,0.03606899,0.061181724,1.26625361,,0.5511627197265625,249.0246124267578,5.319460628386408,72.55098764620453,,
TNG50-1,67,0.5,293092,0,0.0535127,-0.00546788,0.58753458,2.17133205,9,0.058960956,0.030960962,1.26625361,,0.5511627197265625,249.0246124267578,5.319460628386408,72.55098764620453,,
TNG50-1,67,0.5,178499,0,-0.04305949,-0.06160809,1.3550686,-2.53542782,0,-0.055386566,-0.051029645,0.39279967,,0.7485504150390625,98.9704956054687,4.863634211589172,22.505763285131497,,
TNG50-1,67,0.5,178499,0,-0.01086424,-0.04198487,1.08079091,0.0976032,1,-0.011386782,-0.06190399,0.39279967,,0.7485504150390625,98.9704956054687,4.863634211589172,22.505763285131497,,
TNG50-1,67,0.5,178499,0,0.07359174,-0.01118495,0.48029685,0.07773219,2,0.062880546,0.0020787716,0.39279967,,0.7485504150390625,98.9704956054687,4.863634211589172,22.505763285131497,,
TNG50-1,67,0.5,178499,0,0.06758546,0.06523118,0.62558629,0.39193755,3,0.058178954,0.05011017,0.39279967,,0.7485504150390625,98.9704956054687,4.863634211589172,22.505763285131497,,
TNG50-1,67,0.5,178499,0,-0.06571978,0.05598827,1.30859989,-2.09250519,4,-0.07586756,0.043686017,0.39279967,,0.7485504150390625,98.9704956054687,4.863634211589172,22.505763285131497,,
TNG50-1,67,0.5,178499,0,-0.01829848,0.04098832,0.96328065,0.86932764,5,-0.026270106,0.052973714,0.39279967,,0.7485504150390625,98.9704956054687,4.863634211589172,22.505763285131497,,
TNG50-1,67,0.5,178499,0,0.09606984,-0.001958,0.85031967,-2.86299042,6,0.093908906,0.035808757,0.39279967,,0.7485504150390625,98.9704956054687,4.863634211589172,22.505763285131497,,
TNG50-1,67,0.5,178499,0,-0.00335889,0.06147849,0.97667813,1.51502355,7,0.005150035,0.036389243,0.39279967,,0.7485504150390625,98.9704956054687,4.863634211589172,22.505763285131497,,
TNG50-1,67,0.5,178499,0,0.01417113,-0.00263226,0.74503307,1.02516153,8,0.0023213327,-0.0074647814,0.39279967,,0.7485504150390625,98.9704956054687,4.863634211589172,22.505763285131497,,
TNG50-1,67,0.5,178499,0,0.0563466,0.0338984,0.21086867,-1.06547952,9,0.07792115,0.049993545,0.39279967,,0.7485504150390625,98.9704956054687,4.863634211589172,22.505763285131497,,
TNG50-1,67,0.5,355961,0,-0.03793957,0.04347049,1.11908837,1.24569169,0,-0.033614486,0.039440915,0.29911898,,0.7076416015625,181.84757614135742,3.4336137478086592,17.13825512625808,,
TNG50-1,67,0.5,355961,0,-0.06497985,-0.14765477,1.12216832,-3.04202991,1,-0.065331206,-0.1164163,0.29911898,,0.7076416015625,181.84757614135742,3.4336137478086592,17.13825512625808,,
TNG50-1,67,0.5,355961,0,0.09805479,-0.04120967,1.0023401,3.10319539,2,0.09936685,-0.05270222,0.29911898,,0.7076416015625,181.84757614135742,3.4336137478086592,17.13825512625808,,
TNG50-1,67,0.5,355961,0,-0.02502815,-0.00595419,1.1954381,-3.07346356,3,-0.021670401,-0.010194689,0.29911898,,0.7076416015625,181.84757614135742,3.4336137478086592,17.13825512625808,,
TNG50-1,67,0.5,355961,0,0.01649828,-0.00653055,0.41120998,0.1978319,4,0.013535991,-0.009028569,0.29911898,,0.7076416015625,181.84757614135742,3.4336137478086592,17.13825512625808,,
TNG50-1,67,0.5,355961,0,-0.0879486,0.1252656,0.54312581,1.05997532,5,-0.092687055,0.13253337,0.29911898,,0.7076416015625,181.84757614135742,3.4336137478086592,17.13825512625808,,
TNG50-1,67,0.5,355961,0,0.06788246,-0.01687967,0.23356599,2.602158,6,0.06717382,0.0014329255,0.29911898,,0.7076416015625,181.84757614135742,3.4336137478086592,17.13825512625808,,
TNG50-1,67,0.5,355961,0,0.00835803,0.04951135,0.313216,0.90563521,7,0.0130408555,0.0782721,0.29911898,,0.7076416015625,181.84757614135742,3.4336137478086592,17.13825512625808,,
TNG50-1,67,0.5,355961,0,-0.02219373,0.09058286,1.13215784,0.60927294,8,-0.016575277,0.11628902,0.29911898,,0.7076416015625,181.84757614135742,3.4336137478086592,17.13825512625808,,
TNG50-1,67,0.5,355961,0,-0.02175705,0.0335307,1.07209057,-1.25437952,9,-0.025040716,0.009452544,0.29911898,,0.7076416015625,181.84757614135742,3.4336137478086592,17.13825512625808,,
TNG50-1,67,0.5,294406,0,0.06789914,0.00510285,1.0441833,-2.57742324,0,0.030403432,-0.032782957,1.0862544,,0.7885284423828125,151.520849609375,5.904319811090913,62.237792597515536,,
TNG50-1,67,0.5,294406,0,0.04893502,0.0323786,0.68023125,0.66280837,1,0.012005962,0.009392533,1.0862544,,0.7885284423828125,151.520849609375,5.904319811090913,62.237792597515536,,
TNG50-1,67,0.5,294406,0,0.01365329,-0.06890762,0.90276749,1.5758455,2,0.025422778,-0.05225181,1.0862544,,0.7885284423828125,151.520849609375,5.904319811090913,62.237792597515536,,
TNG50-1,67,0.5,294406,0,0.03846849,-0.12746884,0.61586599,-1.90258299,3,0.04217765,-0.07835754,1.0862544,,0.7885284423828125,151.520849609375,5.904319811090913,62.237792597515536,,
TNG50-1,67,0.5,294406,0,-0.05774942,0.0460616,0.68792872,-0.40896218,4,-0.035931244,0.066358306,1.0862544,,0.7885284423828125,151.520849609375,5.904319811090913,62.237792597515536,,
TNG50-1,67,0.5,294406,0,-0.00404472,-0.0541491,0.25361601,0.26694922,5,0.019562934,-0.058690883,1.0862544,,0.7885284423828125,151.520849609375,5.904319811090913,62.237792597515536,,
TNG50-1,67,0.5,294406,0,0.06473921,-0.03049952,0.59731428,-0.54567756,6,0.06413075,-0.033617027,1.0862544,,0.7885284423828125,151.520849609375,5.904319811090913,62.237792597515536,,
TNG50-1,67,0.5,294406,0,-0.03385709,-0.10916177,1.34479574,2.36250785,7,-0.015015021,-0.07110012,1.0862544,,0.7885284423828125,151.520849609375,5.904319811090913,62.237792597515536,,
TNG50-1,67,0.5,294406,0,-0.04991667,0.05114563,0.64099042,-2.08034251,8,-0.036471933,0.056098975,1.0862544,,0.7885284423828125,151.520849609375,5.904319811090913,62.237792597515536,,
TNG50-1,67,0.5,294406,0,0.0039302,0.01751691,0.80057885,1.70623386,9,0.0067474544,0.022838727,1.0862544,,0.7885284423828125,151.520849609375,5.904319811090913,62.237792597515536,,
TNG50-1,67,0.5,379569,0,0.00125247,-0.02928941,1.33152978,-1.48748036,0,0.010938514,-0.036824584,0.42776144,,0.7504425048828125,105.62449645996094,8.34133018808395,24.508925150438593,,
TNG50-1,67,0.5,379569,0,-0.00629741,0.04557781,1.09468396,2.65779265,1,-0.0046458095,0.026664257,0.42776144,,0.7504425048828125,105.62449645996094,8.34133018808395,24.508925150438593,,
TNG50-1,67,0.5,379569,0,-0.03223264,-0.13667598,0.84470259,3.12763226,2,-0.023261808,-0.105917536,0.42776144,,0.7504425048828125,105.62449645996094,8.34133018808395,24.508925150438593,,
TNG50-1,67,0.5,379569,0,-0.02039719,0.0788122,1.39233237,-1.61753702,3,-0.015307613,0.07227469,0.42776144,,0.7504425048828125,105.62449645996094,8.34133018808395,24.508925150438593,,
TNG50-1,67,0.5,379569,0,-0.03205856,0.05273389,0.94306484,-1.80913091,4,-0.018968068,0.04804001,0.42776144,,0.7504425048828125,105.62449645996094,8.34133018808395,24.508925150438593,,
TNG50-1,67,0.5,379569,0,0.03826721,-0.03140266,0.28258393,-0.72973339,5,0.031477787,-0.026595987,0.42776144,,0.7504425048828125,105.62449645996094,8.34133018808395,24.508925150438593,,
TNG50-1,67,0.5,379569,0,-0.03767995,-0.02253921,0.5248616,-0.34019413,6,-0.03011465,-0.008187279,0.42776144,,0.7504425048828125,105.62449645996094,8.34133018808395,24.508925150438593,,
TNG50-1,67,0.5,379569,0,-0.11231229,0.02521935,1.20435911,-2.58082674,7,-0.08506954,0.05031578,0.42776144,,0.7504425048828125,105.62449645996094,8.34133018808395,24.508925150438593,,
TNG50-1,67,0.5,379569,0,0.0029154,0.0265608,0.93009809,-2.21351175,8,0.009450298,0.036469944,0.42776144,,0.7504425048828125,105.62449645996094,8.34133018808395,24.508925150438593,,
TNG50-1,67,0.5,379569,0,-0.01396954,-0.03169409,1.25683862,-0.47232421,9,-0.0022849739,-0.053891458,0.42776144,,0.7504425048828125,105.62449645996094,8.34133018808395,24.508925150438593,,
TNG50-1,67,0.5,269551,0,0.01905187,0.03574939,1.13454331,-1.29008679,0,0.018645335,0.025607264,0.53137675,,0.9145965576171875,140.00449066162108,4.394921857640432,30.445645106378265,,
TNG50-1,67,0.5,269551,0,0.05546179,-0.11720788,0.37168723,0.19827281,1,0.043823384,-0.113477565,0.53137675,,0.9145965576171875,140.00449066162108,4.394921857640432,30.445645106378265,,
TNG50-1,67,0.5,269551,0,-0.0102011,-0.03179164,1.16029217,2.06656589,2,-0.040230565,-0.032519303,0.53137675,,0.9145965576171875,140.00449066162108,4.394921857640432,30.445645106378265,,
TNG50-1,67,0.5,269551,0,0.01420524,-0.02923002,1.11703203,0.40599854,3,-0.0001091063,-0.027663685,0.53137675,,0.9145965576171875,140.00449066162108,4.394921857640432,30.445645106378265,,
TNG50-1,67,0.5,269551,0,0.06248843,0.00224342,0.35106983,-0.0642214,4,0.058453597,-0.015257262,0.53137675,,0.9145965576171875,140.00449066162108,4.394921857640432,30.445645106378265,,
TNG50-1,67,0.5,269551,0,-0.00666151,0.08441324,0.5532101,2.90357032,5,0.0056664944,0.077940844,0.53137675,,0.9145965576171875,140.00449066162108,4.394921857640432,30.445645106378265,,
TNG50-1,67,0.5,269551,0,-0.05626981,-0.05402708,1.12990833,-2.41016458,6,-0.05557488,-0.07110008,0.53137675,,0.9145965576171875,140.00449066162108,4.394921857640432,30.445645106378265,,
TNG50-1,67,0.5,269551,0,0.03380216,0.1121101,1.05849199,1.75970611,7,0.036388673,0.07381852,0.53137675,,0.9145965576171875,140.00449066162108,4.394921857640432,30.445645106378265,,
TNG50-1,67,0.5,269551,0,0.07174388,-0.0191164,0.55046436,-2.3434091,8,0.055846326,-0.03847959,0.53137675,,0.9145965576171875,140.00449066162108,4.394921857640432,30.445645106378265,,
TNG50-1,67,0.5,269551,0,0.06443918,-0.03834507,1.32873111,1.46289795,9,0.0655481,-0.036764205,0.53137675,,0.9145965576171875,140.00449066162108,4.394921857640432,30.445645106378265,,
TNG50-1,67,0.5,384936,0,0.00704762,-0.03965141,1.03705173,-2.42959964,0,0.017447159,-0.05182878,0.85265684,,0.3854827880859375,195.33041076660157,2.9934468221355,48.853638304961514,,
TNG50-1,67,0.5,384936,0,0.00648955,0.02719781,1.21491029,-2.67263585,1,0.024966478,0.038689338,0.85265684,,0.3854827880859375,195.33041076660157,2.9934468221355,48.853638304961514,,
TNG50-1,67,0.5,384936,0,0.00250613,-0.03564344,1.32464793,-2.12461504,2,-0.00086090714,-0.06543563,0.85265684,,0.3854827880859375,195.33041076660157,2.9934468221355,48.853638304961514,,
TNG50-1,67,0.5,384936,0,0.01345483,0.04069669,0.86596042,1.92842883,3,0.022904169,0.024193436,0.85265684,,0.3854827880859375,195.33041076660157,2.9934468221355,48.853638304961514,,
TNG50-1,67,0.5,384936,0,0.03579805,-0.00256714,0.84329333,1.40169085,4,0.031059776,-0.015518114,0.85265684,,0.3854827880859375,195.33041076660157,2.9934468221355,48.853638304961514,,
TNG50-1,67,0.5,384936,0,0.03150829,0.04097976,0.83280934,0.87118368,5,0.024925068,0.05108364,0.85265684,,0.3854827880859375,195.33041076660157,2.9934468221355,48.853638304961514,,
TNG50-1,67,0.5,384936,0,0.00117927,0.03184794,1.36936145,0.8846146,6,-0.014238328,0.023265298,0.85265684,,0.3854827880859375,195.33041076660157,2.9934468221355,48.853638304961514,,
TNG50-1,67,0.5,384936,0,-0.00245247,0.0421465,1.37741691,2.25487101,7,-0.0010150224,0.025711289,0.85265684,,0.3854827880859375,195.33041076660157,2.9934468221355,48.853638304961514,,
TNG50-1,67,0.5,384936,0,-0.00436492,-0.02381829,0.46159342,-1.04640961,8,-0.011374176,-0.02152019,0.85265684,,0.3854827880859375,195.33041076660157,2.9934468221355,48.853638304961514,,
TNG50-1,67,0.5,384936,0,-0.03901653,0.02044497,0.74749672,-1.11696172,9,-0.021039903,0.026050093,0.85265684,,0.3854827880859375,195.33041076660157,2.9934468221355,48.853638304961514,,
TNG50-1,67,0.5,376440,0,0.00971466,0.06184399,1.31782708,-2.56186263,0,0.009023774,0.062062815,0.66434293,,0.662811279296875,157.09435272216797,5.805809846913316,38.06404603835508,,
TNG50-1,67,0.5,376440,0,-0.00266393,0.09566699,1.07097928,1.1645077,1,-0.028053105,0.07398373,0.66434293,,0.662811279296875,157.09435272216797,5.805809846913316,38.06404603835508,,
TNG50-1,67,0.5,376440,0,0.03053456,0.01665364,0.80431567,1.74068633,2,0.020455875,0.0023117997,0.66434293,,0.662811279296875,157.09435272216797,5.805809846913316,38.06404603835508,,
TNG50-1,67,0.5,376440,0,0.11059546,-0.08729149,0.41706211,-1.52059504,3,0.09748964,-0.06764264,0.66434293,,0.662811279296875,157.09435272216797,5.805809846913316,38.06404603835508,,
TNG50-1,67,0.5,376440,0,-0.08565604,-0.03502036,1.19867425,-1.5404569,4,-0.071722016,-0.035511605,0.66434293,,0.662811279296875,157.09435272216797,5.805809846913316,38.06404603835508,,
TNG50-1,67,0.5,376440,0,-0.02535398,0.10930264,0.85488594,0.60410974,5,-0.036864877,0.09444706,0.66434293,,0.662811279296875,157.09435272216797,5.805809846913316,38.06404603835508,,
TNG50-1,67,0.5,376440,0,0.07705716,-0.07070989,1.2805043,0.81979599,6,0.055623114,-0.065298446,0.66434293,,0.662811279296875,157.09435272216797,5.805809846913316,38.06404603835508,,
TNG50-1,67,0.5,376440,0,-0.02610228,0.02484033,0.68354747,1.38560557,7,-0.02831138,-0.0014084429,0.66434293,,0.662811279296875,157.09435272216797,5.805809846913316,38.06404603835508,,
TNG50-1,67,0.5,376440,0,0.03947468,-0.12572546,1.29400072,0.504502,8,0.0435579,-0.10245762,0.66434293,,0.662811279296875,157.09435272216797,5.805809846913316,38.06404603835508,,
TNG50-1,67,0.5,376440,0,0.03154503,-0.06756136,0.20007139,-2.04538558,9,0.03311583,-0.0933535,0.66434293,,0.662811279296875,157.09435272216797,5.805809846913316,38.06404603835508,,
TNG50-1,67,0.5,279682,0,0.03533163,0.02255433,0.87468647,-1.35207351,0,0.038730316,0.011802807,1.05288648,,0.428741455078125,230.5505661010742,2.66842911017243,60.32595161038536,,
TNG50-1,67,0.5,279682,0,0.0361278,-0.00432243,1.09843067,2.90501789,1,0.044067547,0.00682633,1.05288648,,0.428741455078125,230.5505661010742,2.66842911017243,60.32595161038536,,
TNG50-1,67,0.5,279682,0,-0.09075174,0.03569754,0.65249603,-1.62138734,2,-0.09911916,0.035883233,1.05288648,,0.428741455078125,230.5505661010742,2.66842911017243,60.32595161038536,,
TNG50-1,67,0.5,279682,0,0.07093424,0.10926359,0.97789361,-3.07174694,3,0.069823384,0.08182046,1.05288648,,0.428741455078125,230.5505661010742,2.66842911017243,60.32595161038536,,
TNG50-1,67,0.5,279682,0,-0.12435378,-0.06706195,1.21354641,2.19799028,4,-0.10144389,-0.04115434,1.05288648,,0.428741455078125,230.5505661010742,2.66842911017243,60.32595161038536,,
TNG50-1,67,0.5,279682,0,0.05172078,-0.15940732,1.05187883,2.85536699,5,0.060549986,-0.12976715,1.05288648,,0.428741455078125,230.5505661010742,2.66842911017243,60.32595161038536,,
TNG50-1,67,0.5,279682,0,-0.0317055,-0.02078371,0.99945206,1.14436878,6,-0.01852718,-0.018018775,1.05288648,,0.428741455078125,230.5505661010742,2.66842911017243,60.32595161038536,,
TNG50-1,67,0.5,279682,0,0.03527547,-0.02420129,0.95286905,-0.58025434,7,0.042889416,-0.06116978,1.05288648,,0.428741455078125,230.5505661010742,2.66842911017243,60.32595161038536,,
TNG50-1,67,0.5,279682,0,0.02550971,-0.01887841,0.45767356,0.2749188,8,0.023371484,-0.016234174,1.05288648,,0.428741455078125,230.5505661010742,2.66842911017243,60.32595161038536,,
TNG50-1,67,0.5,279682,0,-0.00185613,-0.04632195,1.04367017,2.08602739,9,-0.00040575862,-0.048552193,1.05288648,,0.428741455078125,230.5505661010742,2.66842911017243,60.32595161038536,,
TNG50-1,67,0.5,349548,0,-0.00707279,-0.01964983,0.50668527,-1.28776643,0,-0.009716615,-0.027394123,1.27079597,,0.5961456298828125,236.4168701171875,5.499703139183116,72.81124570323358,,
TNG50-1,67,0.5,349548,0,0.07539472,0.04514242,1.02671611,-3.00869069,1,0.074609436,0.046026383,1.27079597,,0.5961456298828125,236.4168701171875,5.499703139183116,72.81124570323358,,
TNG50-1,67,0.5,349548,0,0.0342719,-0.01241936,1.03784026,2.19373608,2,0.029707216,0.001828596,1.27079597,,0.5961456298828125,236.4168701171875,5.499703139183116,72.81124570323358,,
TNG50-1,67,0.5,349548,0,0.00908812,0.02306842,0.96892554,-2.6437524,3,0.0136664435,0.0025113449,1.27079597,,0.5961456298828125,236.4168701171875,5.499703139183116,72.81124570323358,,
TNG50-1,67,0.5,349548,0,0.07942605,0.1195068,0.86401609,-1.04092681,4,0.08592814,0.077113785,1.27079597,,0.5961456298828125,236.4168701171875,5.499703139183116,72.81124570323358,,
TNG50-1,67,0.5,349548,0,0.06978876,0.04759259,0.46396177,-1.56792625,5,0.087583914,0.04369463,1.27079597,,0.5961456298828125,236.4168701171875,5.499703139183116,72.81124570323358,,
TNG50-1,67,0.5,349548,0,0.01670611,0.02384206,0.99941479,1.5358413,6,0.046158653,0.032903656,1.27079597,,0.5961456298828125,236.4168701171875,5.499703139183116,72.81124570323358,,
TNG50-1,67,0.5,349548,0,0.13880598,-0.03873514,0.39376791,2.71802539,7,0.114060946,-0.050266407,1.27079597,,0.5961456298828125,236.4168701171875,5.499703139183116,72.81124570323358,,
TNG50-1,67,0.5,349548,0,-0.01237116,0.00941144,1.05999363,1.98994626,8,0.015215896,0.01637245,1.27079597,,0.5961456298828125,236.4168701171875,5.499703139183116,72.81124570323358,,
TNG50-1,67,0.5,349548,0,0.05490142,-0.05040013,1.1230853,-1.13098385,9,0.050716877,-0.061361782,1.27079597,,0.5961456298828125,236.4168701171875,5.499703139183116,72.81124570323358,,
TNG50-1,67,0.5,115154,0,0.07619991,-0.03573037,1.36689509,2.28116762,0,0.07212959,-0.04105103,0.88625765,,0.519287109375,296.896806335449,2.0381867731554006,50.778822906182484,,
TNG50-1,67,0.5,115154,0,0.02516116,0.09790685,1.12888815,-2.58680791,1,0.042504996,0.09571109,0.88625765,,0.519287109375,296.896806335449,2.0381867731554006,50.778822906182484,,
TNG50-1,67,0.5,115154,0,-0.03448017,-0.02656064,0.77367975,-0.2162837,2,-0.043768726,0.005535379,0.88625765,,0.519287109375,296.896806335449,2.0381867731554006,50.778822906182484,,
TNG50-1,67,0.5,115154,0,0.04988085,0.04779573,1.20597679,-1.94242378,3,0.06538767,0.026604515,0.88625765,,0.519287109375,296.896806335449,2.0381867731554006,50.778822906182484,,
TNG50-1,67,0.5,115154,0,-0.01966423,0.01396224,1.00647186,-2.6187075,4,-0.017195761,0.024494354,0.88625765,,0.519287109375,296.896806335449,2.0381867731554006,50.778822906182484,,
TNG50-1,67,0.5,115154,0,-0.02952183,0.01914955,0.38992733,-1.30441749,5,-0.025671534,0.025881426,0.88625765,,0.519287109375,296.896806335449,2.0381867731554006,50.778822906182484,,
TNG50-1,67,0.5,115154,0,0.04479078,-0.01252711,0.57403209,0.69519553,6,0.042837027,-0.022662021,0.88625765,,0.519287109375,296.896806335449,2.0381867731554006,50.778822906182484,,
TNG50-1,67,0.5,115154,0,-0.12264123,-0.01513578,0.8995022,1.84958327,7,-0.116291806,0.005102247,0.88625765,,0.519287109375,296.896806335449,2.0381867731554006,50.778822906182484,,
TNG50-1,67,0.5,115154,0,0.03674085,0.07639942,0.87998239,2.59166546,8,0.042477854,0.07998124,0.88625765,,0.519287109375,296.896806335449,2.0381867731554006,50.778822906182484,,
TNG50-1,67,0.5,115154,0,-0.03565474,0.046523,0.47666457,-0.48408088,9,-0.029587328,0.038444784,0.88625765,,0.519287109375,296.896806335449,2.0381867731554006,50.778822906182484,,
TNG50-1,67,0.5,342970,0,0.01131522,-0.00609602,1.2174828,-0.87449983,0,0.002167724,-0.014552347,0.88930643,,0.192413330078125,329.83303222656247,3.97833871799249,50.95350513284638,,
TNG50-1,67,0.5,342970,0,-0.04954528,-0.01412296,0.42184056,-0.42706043,1,-0.054868087,0.0013685152,0.88930643,,0.192413330078125,329.83303222656247,3.97833871799249,50.95350513284638,,
TNG50-1,67,0.5,342970,0,-0.02190081,-0.02456158,1.1062413,1.57546357,2,-0.028330892,-0.00448329,0.88930643,,0.192413330078125,329.83303222656247,3.97833871799249,50.95350513284638,,
TNG50-1,67,0.5,342970,0,-0.07456938,0.01718748,0.57288996,-2.82763043,3,-0.06593692,0.04841429,0.88930643,,0.192413330078125,329.83303222656247,3.97833871799249,50.95350513284638,,
TNG50-1,67,0.5,342970,0,-0.0764946,-0.06072363,1.34679844,-2.91193384,4,-0.075756386,-0.038635485,0.88930643,,0.192413330078125,329.83303222656247,3.97833871799249,50.95350513284638,,
TNG50-1,67,0.5,342970,0,0.01276314,0.00653607,0.26409025,2.35569842,5,0.011743795,0.013766456,0.88930643,,0.192413330078125,329.83303222656247,3.97833871799249,50.95350513284638,,
TNG50-1,67,0.5,342970,0,0.02695058,0.03257816,0.6607625,-2.45039427,6,0.048268873,0.03628139,0.88930643,,0.192413330078125,329.83303222656247,3.97833871799249,50.95350513284638,,
TNG50-1,67,0.5,342970,0,0.09791868,0.07098689,0.44059676,1.38877213,7,0.08770427,0.072270244,0.88930643,,0.192413330078125,329.83303222656247,3.97833871799249,50.95350513284638,,
TNG50-1,67,0.5,342970,0,-0.00415468,0.01551879,0.93227637,-1.88782828,8,-0.015855007,0.01521942,0.88930643,,0.192413330078125,329.83303222656247,3.97833871799249,50.95350513284638,,
TNG50-1,67,0.5,342970,0,-0.06789174,0.05215602,0.81755619,-0.84063436,9,-0.07041848,0.06749812,0.88930643,,0.192413330078125,329.83303222656247,3.97833871799249,50.95350513284638,,
TNG50-1,67,0.5,184180,0,0.00488245,-0.00237486,0.67321596,-0.06752082,0,0.015296709,-0.011374041,1.29344686,,0.39666748046875,270.4134063720703,1.913065748122794,74.10904610244866,,
TNG50-1,67,0.5,184180,0,-0.02637339,0.08643459,0.97304942,-0.78229992,1,-0.02834177,0.09910908,1.29344686,,0.39666748046875,270.4134063720703,1.913065748122794,74.10904610244866,,
TNG50-1,67,0.5,184180,0,-0.09334055,0.01144881,1.02671987,-2.27947804,2,-0.08512664,0.0069954842,1.29344686,,0.39666748046875,270.4134063720703,1.913065748122794,74.10904610244866,,
TNG50-1,67,0.5,184180,0,-0.01750255,0.01868749,1.29238504,-0.92625432,3,-0.024588197,0.03451381,1.29344686,,0.39666748046875,270.4134063720703,1.913065748122794,74.10904610244866,,
TNG50-1,67,0.5,184180,0,-0.01904787,-0.0203627,0.83882736,1.75300141,4,-0.008472979,-0.013781413,1.29344686,,0.39666748046875,270.4134063720703,1.913065748122794,74.10904610244866,,
TNG50-1,67,0.5,184180,0,0.06376223,0.03435254,1.35678765,0.76149489,5,0.06554586,0.049022898,1.29344686,,0.39666748046875,270.4134063720703,1.913065748122794,74.10904610244866,,
TNG50-1,67,0.5,184180,0,-0.0269615,-0.00198213,1.02679947,-0.39323313,6,-0.024672136,-0.01153709,1.29344686,,0.39666748046875,270.4134063720703,1.913065748122794,74.10904610244866,,
TNG50-1,67,0.5,184180,0,0.03338951,-0.09160515,1.19980996,2.01420492,7,0.04155329,-0.083791025,1.29344686,,0.39666748046875,270.4134063720703,1.913065748122794,74.10904610244866,,
TNG50-1,67,0.5,184180,0,0.0691406,-0.01776163,0.33425808,-3.1155253,8,0.06820915,-0.028664947,1.29344686,,0.39666748046875,270.4134063720703,1.913065748122794,74.10904610244866,,
TNG50-1,67,0.5,184180,0,-0.03140344,-0.05915894,1.088012,2.05209335,9,-0.034883924,-0.06360753,1.29344686,,0.39666748046875,270.4134063720703,1.913065748122794,74.10904610244866,,
TNG50-1,67,0.5,311366,0,0.01198949,-0.01085665,1.10026365,0.10790642,0,0.028726894,-0.011347599,1.13242667,,0.3279571533203125,218.28679809570306,1.6758222241494247,64.88326879905404,,
TNG50-1,67,0.5,311366,0,0.09709091,0.05495605,0.39020913,-1.9994361,1,0.08918898,0.051117033,1.13242667,,0.3279571533203125,218.28679809570306,1.6758222241494247,64.88326879905404,,
TNG50-1,67,0.5,311366,0,0.00274082,-0.04479616,0.48075393,-0.17138171,2,0.018815834,-0.03455001,1.13242667,,0.3279571533203125,218.28679809570306,1.6758222241494247,64.88326879905404,,
TNG50-1,67,0.5,311366,0,-0.09613295,0.04841472,1.15112085,1.43814761,3,-0.08303924,0.057970155,1.13242667,,0.3279571533203125,218.28679809570306,1.6758222241494247,64.88326879905404,,
TNG50-1,67,0.5,311366,0,-0.04569538,-0.01412095,0.9748396,-0.04942156,4,-0.037637174,-0.017195985,1.13242667,,0.3279571533203125,218.28679809570306,1.6758222241494247,64.88326879905404,,
TNG50-1,67,0.5,311366,0,0.01311439,-0.07239967,0.48246046,-1.17330491,5,0.02911628,-0.07348413,1.13242667,,0.3279571533203125,218.28679809570306,1.6758222241494247,64.88326879905404,,
TNG50-1,67,0.5,311366,0,0.00464974,0.02966184,0.77667527,1.04508166,6,0.0032558255,0.037907816,1.13242667,,0.3279571533203125,218.28679809570306,1.6758222241494247,64.88326879905404,,
TNG50-1,67,0.5,311366,0,0.08122278,0.06987718,0.81450704,-0.31271569,7,0.08362947,0.065839656,1.13242667,,0.3279571533203125,218.28679809570306,1.6758222241494247,64.88326879905404,,
TNG50-1,67,0.5,311366,0,0.04800386,-0.02033009,0.78825294,2.90798547,8,0.048990414,-0.04950536,1.13242667,,0.3279571533203125,218.28679809570306,1.6758222241494247,64.88326879905404,,
TNG50-1,67,0.5,311366,0,0.04650577,0.07813809,0.41266957,-0.92902832,9,0.056834567,0.07871875,1.13242667,,0.3279571533203125,218.28679809570306,1.6758222241494247,64.88326879905404,,
TNG50-1,67,0.5,77280,0,0.09347573,-0.08025899,1.23265398,-1.18780455,0,0.082545176,-0.056637317,1.3959006,,0.235443115234375,232.66481018066406,3.248652252100573,79.97921299977932,,
TNG50-1,67,0.5,77280,0,0.00621357,-0.01228834,1.34645271,-2.45431426,1,0.0070895106,-0.00639512,1.3959006,,0.235443115234375,232.66481018066406,3.248652252100573,79.97921299977932,,
TNG50-1,67,0.5,77280,0,-0.01087692,-0.07994164,0.59413281,-2.41468334,2,-0.0071520805,-0.074386485,1.3959006,,0.235443115234375,232.66481018066406,3.248652252100573,79.97921299977932,,
TNG50-1,67,0.5,77280,0,0.00424756,-0.05281258,1.11946569,-0.02704181,3,-0.007094845,-0.041579284,1.3959006,,0.235443115234375,232.66481018066406,3.248652252100573,79.97921299977932,,
TNG50-1,67,0.5,77280,0,0.04371201,0.06488334,0.87716867,-2.26930273,4,0.05586154,0.030064331,1.3959006,,0.235443115234375,232.66481018066406,3.248652252100573,79.97921299977932,,
TNG50-1,67,0.5,77280,0,-0.03508022,0.05222289,1.31321697,-1.73760961,5,-0.04107909,0.036146566,1.3959006,,0.235443115234375,232.66481018066406,3.248652252100573,79.97921299977932,,
TNG50-1,67,0.5,77280,0,-0.0265425,0.05756611,0.95263301,-2.10601268,6,-0.020795897,0.041420177,1.3959006,,0.235443115234375,232.66481018066406,3.248652252100573,79.97921299977932,,
TNG50-1,67,0.5,77280,0,0.03283357,-0.07244941,0.82054797,1.90056529,7,0.04334049,-0.071555905,1.3959006,,0.235443115234375,232.66481018066406,3.248652252100573,79.97921299977932,,
TNG50-1,67,0.5,77280,0,-0.07581946,-0.05255281,1.00699695,-0.31593698,8,-0.06923625,-0.042397894,1.3959006,,0.235443115234375,232.66481018066406,3.248652252100573,79.97921299977932,,
TNG50-1,67,0.5,77280,0,0.04953859,0.01699363,1.11145147,0.33042977,9,0.05953745,-0.0008774772,1.3959006,,0.235443115234375,232.66481018066406,3.248652252100573,79.97921299977932,,
TNG50-1,67,0.5,371170,0,0.06721979,0.02200132,1.32301566,-0.99020553,0,0.083048455,0.039115846,0.49727639,,0.3488311767578125,134.6619415283203,2.437105587080323,28.491838398501535,,
TNG50-1,67,0.5,371170,0,0.02361697,-0.0303131,0.72925926,-2.7114086,1,0.034528904,-0.03790155,0.49727639,,0.3488311767578125,134.6619415283203,2.437105587080323,28.491838398501535,,
TNG50-1,67,0.5,371170,0,0.04451246,0.05896264,1.05895963,1.17315611,2,0.053668175,0.045330796,0.49727639,,0.3488311767578125,134.6619415283203,2.437105587080323,28.491838398501535,,
TNG50-1,67,0.5,371170,0,0.00368969,0.01219062,0.92308968,-2.85901929,3,0.010199603,-0.0019866042,0.49727639,,0.3488311767578125,134.6619415283203,2.437105587080323,28.491838398501535,,
TNG50-1,67,0.5,371170,0,-0.01408657,0.01316994,1.35727828,-3.1326782,4,-0.0030113608,0.032629956,0.49727639,,0.3488311767578125,134.6619415283203,2.437105587080323,28.491838398501535,,
TNG50-1,67,0.5,371170,0,0.03833308,0.04419478,0.64590735,-2.94693212,5,0.028231587,0.046289675,0.49727639,,0.3488311767578125,134.6619415283203,2.437105587080323,28.491838398501535,,
TNG50-1,67,0.5,371170,0,0.01296765,0.03343533,0.75133841,-1.86329449,6,0.029696532,0.030909935,0.49727639,,0.3488311767578125,134.6619415283203,2.437105587080323,28.491838398501535,,
TNG50-1,67,0.5,371170,0,-0.008498,0.01468372,0.92885297,0.44105268,7,-0.0038756877,0.024620134,0.49727639,,0.3488311767578125,134.6619415283203,2.437105587080323,28.491838398501535,,
TNG50-1,67,0.5,371170,0,-0.07070035,-0.00942925,0.96182317,1.13825683,8,-0.066382885,0.0017430894,0.49727639,,0.3488311767578125,134.6619415283203,2.437105587080323,28.491838398501535,,
TNG50-1,67,0.5,371170,0,0.04769541,0.09918321,1.11185908,-0.49801543,9,0.032836497,0.09016403,0.49727639,,0.3488311767578125,134.6619415283203,2.437105587080323,28.491838398501535,,
TNG50-1,67,0.5,377355,0,-0.01436205,-0.07023002,1.04625112,-2.37040671,0,0.0049273483,-0.07254941,1.31646945,,0.671844482421875,212.82949295043943,1.0899067522112271,75.42814334290875,,
TNG50-1,67,0.5,377355,0,0.09316327,0.0178814,0.84263367,2.87251115,1,0.09086969,-0.0023767613,1.31646945,,0.671844482421875,212.82949295043943,1.0899067522112271,75.42814334290875,,
TNG50-1,67,0.5,377355,0,-0.03348701,-0.00666499,0.93153937,-2.06675856,2,-0.029581286,-0.009063922,1.31646945,,0.671844482421875,212.82949295043943,1.0899067522112271,75.42814334290875,,
TNG50-1,67,0.5,377355,0,0.13457874,-0.02582391,1.14210898,1.70565742,3,0.13244772,-0.02507522,1.31646945,,0.671844482421875,212.82949295043943,1.0899067522112271,75.42814334290875,,
TNG50-1,67,0.5,377355,0,0.0620962,0.05394746,1.0208755,-2.89583542,4,0.05025124,0.021377075,1.31646945,,0.671844482421875,212.82949295043943,1.0899067522112271,75.42814334290875,,
TNG50-1,67,0.5,377355,0,0.04160576,-0.04418896,0.57026917,-1.66149349,5,0.046367228,-0.034020334,1.31646945,,0.671844482421875,212.82949295043943,1.0899067522112271,75.42814334290875,,
TNG50-1,67,0.5,377355,0,-0.05202388,-0.02276205,1.14462712,-1.50698863,6,-0.047199577,-0.0141342655,1.31646945,,0.671844482421875,212.82949295043943,1.0899067522112271,75.42814334290875,,
TNG50-1,67,0.5,377355,0,0.04548412,-0.03235149,0.47214057,-1.27400987,7,0.049684558,-0.03360921,1.31646945,,0.671844482421875,212.82949295043943,1.0899067522112271,75.42814334290875,,
TNG50-1,67,0.5,377355,0,0.03019692,0.02550846,0.23236948,2.63456323,8,0.028139018,0.020624608,1.31646945,,0.671844482421875,212.82949295043943,1.0899067522112271,75.42814334290875,,
TNG50-1,67,0.5,377355,0,-0.10598052,-0.08597291,1.13902617,-2.04008926,9,-0.0860406,-0.073294215,1.31646945,,0.671844482421875,212.82949295043943,1.0899067522112271,75.42814334290875,,
TNG50-1,67,0.5,146972,0,-0.03082458,0.06378777,0.67045986,1.89451908,0,0.0055550225,0.082911484,0.6166354,,0.7237396240234375,146.11558532714844,7.043446453225376,35.33060591836132,,
TNG50-1,67,0.5,146972,0,0.03399965,-0.01334898,0.48449126,2.24514855,1,0.054605033,0.0005421117,0.6166354,,0.7237396240234375,146.11558532714844,7.043446453225376,35.33060591836132,,
TNG50-1,67,0.5,146972,0,-0.04429013,0.03622272,0.62736562,1.20654697,2,-0.019570798,0.042933967,0.6166354,,0.7237396240234375,146.11558532714844,7.043446453225376,35.33060591836132,,
TNG50-1,67,0.5,146972,0,0.00013444,-0.02117699,1.37977683,-2.27257791,3,0.014324065,-0.012100488,0.6166354,,0.7237396240234375,146.11558532714844,7.043446453225376,35.33060591836132,,
TNG50-1,67,0.5,146972,0,0.07188095,-0.06777075,1.39984409,1.13689676,4,0.07106461,-0.015498608,0.6166354,,0.7237396240234375,146.11558532714844,7.043446453225376,35.33060591836132,,
TNG50-1,67,0.5,146972,0,0.00751962,0.12959613,0.48376019,0.65649042,5,0.02403447,0.09116197,0.6166354,,0.7237396240234375,146.11558532714844,7.043446453225376,35.33060591836132,,
TNG50-1,67,0.5,146972,0,-0.05395659,-0.0703269,0.70627679,-1.04506906,6,-0.018445313,-0.05859662,0.6166354,,0.7237396240234375,146.11558532714844,7.043446453225376,35.33060591836132,,
TNG50-1,67,0.5,146972,0,0.10889239,0.01487791,0.32966958,-1.83083543,7,0.08840634,0.012867916,0.6166354,,0.7237396240234375,146.11558532714844,7.043446453225376,35.33060591836132,,
TNG50-1,67,0.5,146972,0,0.08812241,0.01429383,1.15173086,2.41965431,8,0.08016118,0.032069504,0.6166354,,0.7237396240234375,146.11558532714844,7.043446453225376,35.33060591836132,,
TNG50-1,67,0.5,146972,0,0.02505883,0.02580028,0.62953771,-2.24971652,9,0.040413707,0.030216552,0.6166354,,0.7237396240234375,146.11558532714844,7.043446453225376,35.33060591836132,,
