sim,snap,redshift,subhalo_id,g1,g2,inclination,theta_int,draw_idx
TNG50-1,40,1.5,15216,0.01523585,0.0439699,1.28092483,0.78534645,0
TNG50-1,40,1.5,15216,-0.05199921,0.0388896,1.28092483,0.78534645,1
TNG50-1,40,1.5,15216,0.03752256,0.00330153,1.28092483,0.78534645,2
TNG50-1,40,1.5,15216,0.04702824,0.05636206,1.28092483,0.78534645,3
TNG50-1,40,1.5,15216,-0.09755176,0.02337547,1.28092483,0.78534645,4
TNG50-1,40,1.5,15216,-0.06510898,-0.04296462,1.28092483,0.78534645,5
TNG50-1,40,1.5,15216,0.00639202,0.01843754,1.28092483,0.78534645,6
TNG50-1,40,1.5,15216,-0.01581213,-0.04794413,1.28092483,0.78534645,7
TNG50-1,40,1.5,15216,-0.00084006,0.04392252,1.28092483,0.78534645,8
TNG50-1,40,1.5,15216,-0.0426522,-0.0024963,1.28092483,0.78534645,9
TNG50-1,40,1.5,36234,-0.00924312,0.10708238,0.64478931,-0.4822569,0
TNG50-1,40,1.5,36234,-0.03404648,-0.02032075,0.64478931,-0.4822569,1
TNG50-1,40,1.5,36234,0.06112707,-0.02561214,0.64478931,-0.4822569,2
TNG50-1,40,1.5,36234,-0.00772647,-0.04068864,0.64478931,-0.4822569,3
TNG50-1,40,1.5,36234,-0.02141639,0.03079897,0.64478931,-0.4822569,4
TNG50-1,40,1.5,36234,-0.01760668,0.05644861,0.64478931,-0.4822569,5
TNG50-1,40,1.5,36234,0.02661546,-0.00569737,0.64478931,-0.4822569,6
TNG50-1,40,1.5,36234,0.0182722,-0.04200782,0.64478931,-0.4822569,7
TNG50-1,40,1.5,36234,0.02063663,-0.04122406,0.64478931,-0.4822569,8
TNG50-1,40,1.5,36234,0.02154105,0.03252964,0.64478931,-0.4822569,9
TNG50-1,40,1.5,44886,0.03716271,0.01445597,1.23392883,-1.18164795,0
TNG50-1,40,1.5,44886,0.02715771,0.03156441,1.23392883,-1.18164795,1
TNG50-1,40,1.5,44886,-0.03327549,-0.07285779,1.23392883,-1.18164795,2
TNG50-1,40,1.5,44886,0.01160807,-0.01598356,1.23392883,-1.18164795,3
TNG50-1,40,1.5,44886,0.00583429,-0.02351863,1.23392883,-1.18164795,4
TNG50-1,40,1.5,44886,0.01093443,-0.03194389,1.23392883,-1.18164795,5
TNG50-1,40,1.5,44886,0.04357144,-0.01375711,1.23392883,-1.18164795,6
TNG50-1,40,1.5,44886,0.01117978,0.07474707,1.23392883,-1.18164795,7
TNG50-1,40,1.5,44886,0.03394568,-0.04329156,1.23392883,-1.18164795,8
TNG50-1,40,1.5,44886,0.00337895,0.04841392,1.23392883,-1.18164795,9
TNG50-1,40,1.5,59042,-0.01890813,0.02172118,1.37019102,-0.03235922,0
TNG50-1,40,1.5,59042,0.06496141,0.01188678,1.37019102,-0.03235922,1
TNG50-1,40,1.5,59042,-0.0178132,-0.0297075,1.37019102,-0.03235922,2
TNG50-1,40,1.5,59042,0.03687578,-0.07230289,1.37019102,-0.03235922,3
TNG50-1,40,1.5,59042,-0.04668088,0.00360648,1.37019102,-0.03235922,4
TNG50-1,40,1.5,59042,-0.01027188,-0.02647464,1.37019102,-0.03235922,5
TNG50-1,40,1.5,59042,-0.0475011,0.01163381,1.37019102,-0.03235922,6
TNG50-1,40,1.5,59042,-0.01695165,0.00109261,1.37019102,-0.03235922,7
TNG50-1,40,1.5,59042,0.04201541,0.08008894,1.37019102,-0.03235922,8
TNG50-1,40,1.5,59042,-0.08636602,-0.01196778,1.37019102,-0.03235922,9
TNG50-1,40,1.5,85095,-0.05117487,-0.01949049,1.39553461,1.52536943,0
TNG50-1,40,1.5,85095,0.00896378,-0.06883431,1.39553461,1.52536943,1
TNG50-1,40,1.5,85095,0.01099983,0.03175755,1.39553461,1.52536943,2
TNG50-1,40,1.5,85095,0.06795938,-0.01111113,1.39553461,1.52536943,3
TNG50-1,40,1.5,85095,0.04175556,-0.07354031,1.39553461,1.52536943,4
TNG50-1,40,1.5,85095,0.01784355,-0.05077895,1.39553461,1.52536943,5
TNG50-1,40,1.5,85095,0.07316514,0.01567569,1.39553461,1.52536943,6
TNG50-1,40,1.5,85095,-0.05943815,0.04190633,1.39553461,1.52536943,7
TNG50-1,40,1.5,85095,-0.03198758,0.09983654,1.39553461,1.52536943,8
TNG50-1,40,1.5,85095,-0.0463288,0.14569312,1.39553461,1.52536943,9
TNG50-1,40,1.5,1,0.02072047,-0.00793174,1.3573644,-0.11003913,0
TNG50-1,40,1.5,1,-0.04947691,-0.05178269,1.3573644,-0.11003913,1
TNG50-1,40,1.5,1,-0.10660231,-0.08373415,1.3573644,-0.11003913,2
TNG50-1,40,1.5,1,0.01338557,-0.0243154,1.3573644,-0.11003913,3
TNG50-1,40,1.5,1,-0.04064705,-0.00268913,1.3573644,-0.11003913,4
TNG50-1,40,1.5,1,-0.02076786,0.0883965,1.3573644,-0.11003913,5
TNG50-1,40,1.5,1,-0.03060484,0.00651373,1.3573644,-0.11003913,6
TNG50-1,40,1.5,1,-0.00703954,0.04913698,1.3573644,-0.11003913,7
TNG50-1,40,1.5,1,0.05329901,-0.02496478,1.3573644,-0.11003913,8
TNG50-1,40,1.5,1,0.00785243,-0.05924719,1.3573644,-0.11003913,9
TNG50-1,40,1.5,74669,-0.04825584,-0.03273938,0.84887651,1.50142047,0
TNG50-1,40,1.5,74669,-0.0362613,0.02230361,0.84887651,1.50142047,1
TNG50-1,40,1.5,74669,0.10642349,-0.02274917,0.84887651,1.50142047,2
TNG50-1,40,1.5,74669,-0.04106933,-0.06128029,0.84887651,1.50142047,3
TNG50-1,40,1.5,74669,0.04192446,-0.06389688,0.84887651,1.50142047,4
TNG50-1,40,1.5,74669,-0.04514636,0.0086294,0.84887651,1.50142047,5
TNG50-1,40,1.5,74669,0.04657865,0.07895456,0.84887651,1.50142047,6
TNG50-1,40,1.5,74669,0.01924755,0.00799958,0.84887651,1.50142047,7
TNG50-1,40,1.5,74669,-0.00783189,-0.00593192,0.84887651,1.50142047,8
TNG50-1,40,1.5,74669,-0.00203813,0.01429131,0.84887651,1.50142047,9
TNG50-1,40,1.5,68955,0.01687873,0.04579513,1.19907617,0.92262969,0
TNG50-1,40,1.5,68955,0.07037409,-0.06631964,1.19907617,0.92262969,1
TNG50-1,40,1.5,68955,0.00452925,0.00153157,1.19907617,0.92262969,2
TNG50-1,40,1.5,68955,0.03219694,-0.02420847,1.19907617,0.92262969,3
TNG50-1,40,1.5,68955,-0.10250861,-0.01638365,1.19907617,0.92262969,4
TNG50-1,40,1.5,68955,-0.00243592,0.05013789,1.19907617,0.92262969,5
TNG50-1,40,1.5,68955,-0.04216151,0.02690577,1.19907617,0.92262969,6
TNG50-1,40,1.5,68955,-0.06094065,0.06686991,1.19907617,0.92262969,7
TNG50-1,40,1.5,68955,-0.04390762,-0.00772528,1.19907617,0.92262969,8
TNG50-1,40,1.5,68955,-0.01670617,-0.03479713,1.19907617,0.92262969,9
TNG50-1,40,1.5,51912,-0.01119294,-0.0731721,0.53929143,-1.30432872,0
TNG50-1,40,1.5,51912,0.01212484,-0.02953535,0.53929143,-1.30432872,1
TNG50-1,40,1.5,51912,0.00882867,0.01578025,0.53929143,-1.30432872,2
TNG50-1,40,1.5,51912,-0.0542194,0.06029268,0.53929143,-1.30432872,3
TNG50-1,40,1.5,51912,0.00452449,-0.03645419,0.53929143,-1.30432872,4
TNG50-1,40,1.5,51912,0.01141142,-0.03270732,0.53929143,-1.30432872,5
TNG50-1,40,1.5,51912,0.1258737,-0.10736445,0.53929143,-1.30432872,6
TNG50-1,40,1.5,51912,0.09384223,-0.0081333,0.53929143,-1.30432872,7
TNG50-1,40,1.5,51912,-0.04266217,-0.05312072,0.53929143,-1.30432872,8
TNG50-1,40,1.5,51912,-0.01436917,-0.02647197,0.53929143,-1.30432872,9
TNG50-1,40,1.5,66106,-0.04384304,-0.01841245,1.35274172,0.1742381,0
TNG50-1,40,1.5,66106,-0.00471313,0.01707778,1.35274172,0.1742381,1
TNG50-1,40,1.5,66106,-0.08788642,0.08643488,1.35274172,0.1742381,2
TNG50-1,40,1.5,66106,-0.07335226,-0.04934285,1.35274172,0.1742381,3
TNG50-1,40,1.5,66106,0.10646236,-0.01226389,1.35274172,0.1742381,4
TNG50-1,40,1.5,66106,-0.06437113,0.03886688,1.35274172,0.1742381,5
TNG50-1,40,1.5,66106,-0.05483928,0.0217383,1.35274172,0.1742381,6
TNG50-1,40,1.5,66106,0.09184568,-0.0188078,1.35274172,0.1742381,7
TNG50-1,40,1.5,66106,0.14525336,-0.00669115,1.35274172,0.1742381,8
TNG50-1,40,1.5,66106,-0.05857833,-0.06874479,1.35274172,0.1742381,9
TNG50-1,40,1.5,77694,0.08636751,0.05887059,0.65104372,1.01342467,0
TNG50-1,40,1.5,77694,-0.07669307,0.02195433,0.65104372,1.01342467,1
TNG50-1,40,1.5,77694,0.0431914,0.08719673,0.65104372,1.01342467,2
TNG50-1,40,1.5,77694,-0.01642626,0.02194966,0.65104372,1.01342467,3
TNG50-1,40,1.5,77694,-0.00306622,0.04139941,0.65104372,1.01342467,4
TNG50-1,40,1.5,77694,-0.05264493,-0.01482855,0.65104372,1.01342467,5
TNG50-1,40,1.5,77694,-0.01672281,0.00332729,0.65104372,1.01342467,6
TNG50-1,40,1.5,77694,0.06500223,-0.03487119,0.65104372,1.01342467,7
TNG50-1,40,1.5,77694,0.02913276,0.0494792,0.65104372,1.01342467,8
TNG50-1,40,1.5,77694,0.08661558,-0.05891518,0.65104372,1.01342467,9
TNG50-1,40,1.5,89366,0.03911752,0.07556142,0.74437071,-1.45464936,0
TNG50-1,40,1.5,89366,-0.00953255,0.03187669,0.74437071,-1.45464936,1
TNG50-1,40,1.5,89366,0.05856235,-0.03494652,0.74437071,-1.45464936,2
TNG50-1,40,1.5,89366,0.03754345,-0.05068587,0.74437071,-1.45464936,3
TNG50-1,40,1.5,89366,0.09103231,0.0016391,0.74437071,-1.45464936,4
TNG50-1,40,1.5,89366,0.03653873,-0.06082801,0.74437071,-1.45464936,5
TNG50-1,40,1.5,89366,-0.07860201,-0.03355701,0.74437071,-1.45464936,6
TNG50-1,40,1.5,89366,-0.00334766,0.01560047,0.74437071,-1.45464936,7
TNG50-1,40,1.5,89366,-0.05860036,0.0577656,0.74437071,-1.45464936,8
TNG50-1,40,1.5,89366,-0.02591399,0.03043807,0.74437071,-1.45464936,9
TNG50-1,40,1.5,102573,-0.00762613,0.0005713,1.36689263,-1.41780556,0
TNG50-1,40,1.5,102573,0.01916969,0.06644803,1.36689263,-1.41780556,1
TNG50-1,40,1.5,102573,0.04999121,0.0428397,1.36689263,-1.41780556,2
TNG50-1,40,1.5,102573,-0.0529268,0.042091,1.36689263,-1.41780556,3
TNG50-1,40,1.5,102573,-0.00625045,0.02770583,1.36689263,-1.41780556,4
TNG50-1,40,1.5,102573,0.07407278,0.11638266,1.36689263,-1.41780556,5
TNG50-1,40,1.5,102573,-0.03717941,-0.01025808,1.36689263,-1.41780556,6
TNG50-1,40,1.5,102573,-0.0411125,-0.10017611,1.36689263,-1.41780556,7
TNG50-1,40,1.5,102573,0.01011531,0.08021272,1.36689263,-1.41780556,8
TNG50-1,40,1.5,102573,0.04221926,-0.02288497,1.36689263,-1.41780556,9
TNG50-1,40,1.5,80802,0.00539402,-0.11550517,1.23085612,-1.22747588,0
TNG50-1,40,1.5,80802,0.06547753,0.00271768,1.23085612,-1.22747588,1
TNG50-1,40,1.5,80802,-0.08011298,-0.0235888,1.23085612,-1.22747588,2
TNG50-1,40,1.5,80802,-0.06258236,0.02296929,1.23085612,-1.22747588,3
TNG50-1,40,1.5,80802,-0.0800639,0.03509768,1.23085612,-1.22747588,4
TNG50-1,40,1.5,80802,-0.03970681,0.00691207,1.23085612,-1.22747588,5
TNG50-1,40,1.5,80802,0.02198183,0.03800665,1.23085612,-1.22747588,6
TNG50-1,40,1.5,80802,0.02620939,0.01146057,1.23085612,-1.22747588,7
TNG50-1,40,1.5,80802,0.01381371,0.02650324,1.23085612,-1.22747588,8
TNG50-1,40,1.5,80802,-0.07063829,-0.03523366,1.23085612,-1.22747588,9
TNG50-1,40,1.5,98181,-0.00898057,-0.07410927,1.2961903,0.55073888,0
TNG50-1,40,1.5,98181,0.0098388,-0.11668081,1.2961903,0.55073888,1
TNG50-1,40,1.5,98181,0.04102642,-0.03391322,1.2961903,0.55073888,2
TNG50-1,40,1.5,98181,-0.01968706,0.03747169,1.2961903,0.55073888,3
TNG50-1,40,1.5,98181,0.02605836,-0.0142442,1.2961903,0.55073888,4
TNG50-1,40,1.5,98181,-0.01329194,0.0098895,1.2961903,0.55073888,5
TNG50-1,40,1.5,98181,-0.00587711,0.05446087,1.2961903,0.55073888,6
TNG50-1,40,1.5,98181,0.04147595,0.06638431,1.2961903,0.55073888,7
TNG50-1,40,1.5,98181,-0.09965302,-0.0034569,1.2961903,0.55073888,8
TNG50-1,40,1.5,98181,-0.06482362,0.06767929,1.2961903,0.55073888,9
TNG50-1,40,1.5,93692,0.00460633,-0.0520272,0.95367801,0.66997038,0
TNG50-1,40,1.5,93692,-0.04186991,0.02373485,0.95367801,0.66997038,1
TNG50-1,40,1.5,93692,-0.02972002,-0.00655433,0.95367801,0.66997038,2
TNG50-1,40,1.5,93692,-0.07402683,-0.09154529,0.95367801,0.66997038,3
TNG50-1,40,1.5,93692,-0.04440669,0.04641485,0.95367801,0.66997038,4
TNG50-1,40,1.5,93692,-0.01790083,-0.03025004,0.95367801,0.66997038,5
TNG50-1,40,1.5,93692,0.04017925,-0.02669501,0.95367801,0.66997038,6
TNG50-1,40,1.5,93692,0.08603849,-0.05348762,0.95367801,0.66997038,7
TNG50-1,40,1.5,93692,-0.06910908,-0.03271416,0.95367801,0.66997038,8
TNG50-1,40,1.5,93692,0.01964137,0.02139452,0.95367801,0.66997038,9
TNG50-1,40,1.5,44887,0.01569541,0.01738542,0.82257072,1.14811561,0
TNG50-1,40,1.5,44887,-0.04166844,-0.02035391,0.82257072,1.14811561,1
TNG50-1,40,1.5,44887,-0.07947837,-0.01421819,0.82257072,1.14811561,2
TNG50-1,40,1.5,44887,-0.10364917,0.00926628,0.82257072,1.14811561,3
TNG50-1,40,1.5,44887,-0.05586921,0.03095856,0.82257072,1.14811561,4
TNG50-1,40,1.5,44887,-0.02293376,-0.01696292,0.82257072,1.14811561,5
TNG50-1,40,1.5,44887,-0.01465958,0.05319258,0.82257072,1.14811561,6
TNG50-1,40,1.5,44887,0.09686156,-0.05709691,0.82257072,1.14811561,7
TNG50-1,40,1.5,44887,0.05529967,0.00031695,0.82257072,1.14811561,8
TNG50-1,40,1.5,44887,-0.04810456,0.12988369,0.82257072,1.14811561,9
TNG50-1,40,1.5,36235,0.06819311,-0.07804792,1.27060278,0.94521598,0
TNG50-1,40,1.5,36235,0.04475925,-0.01486617,1.27060278,0.94521598,1
TNG50-1,40,1.5,36235,-0.03597401,0.00497387,1.27060278,0.94521598,2
TNG50-1,40,1.5,36235,-0.07512517,-0.00430503,1.27060278,0.94521598,3
TNG50-1,40,1.5,36235,-0.14822644,0.03954031,1.27060278,0.94521598,4
TNG50-1,40,1.5,36235,-0.02717478,0.01723226,1.27060278,0.94521598,5
TNG50-1,40,1.5,36235,0.12102075,0.0334163,1.27060278,0.94521598,6
TNG50-1,40,1.5,36235,0.02174421,-0.03441861,1.27060278,0.94521598,7
TNG50-1,40,1.5,36235,-0.02797861,0.04489077,1.27060278,0.94521598,8
TNG50-1,40,1.5,36235,0.02325401,0.08144685,1.27060278,0.94521598,9
TNG50-1,40,1.5,51913,-0.00353402,-0.07240636,1.17091541,0.38295315,0
TNG50-1,40,1.5,51913,0.01671476,-0.00339901,1.17091541,0.38295315,1
TNG50-1,40,1.5,51913,0.0025571,0.01310179,1.17091541,0.38295315,2
TNG50-1,40,1.5,51913,-0.03827676,-0.04498474,1.17091541,0.38295315,3
TNG50-1,40,1.5,51913,0.04500923,0.00949217,1.17091541,0.38295315,4
TNG50-1,40,1.5,51913,0.03697063,-0.07274112,1.17091541,0.38295315,5
TNG50-1,40,1.5,51913,-0.00798242,0.06680931,1.17091541,0.38295315,6
TNG50-1,40,1.5,51913,-0.03264581,0.0623975,1.17091541,0.38295315,7
TNG50-1,40,1.5,51913,0.0274214,-0.01262587,1.17091541,0.38295315,8
TNG50-1,40,1.5,51913,0.00939868,0.01817272,1.17091541,0.38295315,9
TNG50-1,40,1.5,139282,0.02577052,-0.0517154,0.26902506,-1.55665877,0
TNG50-1,40,1.5,139282,-0.02887694,0.01176381,0.26902506,-1.55665877,1
TNG50-1,40,1.5,139282,0.06372236,-0.07118672,0.26902506,-1.55665877,2
TNG50-1,40,1.5,139282,-0.03137938,0.02231611,0.26902506,-1.55665877,3
TNG50-1,40,1.5,139282,-0.03183076,-0.04032995,0.26902506,-1.55665877,4
TNG50-1,40,1.5,139282,0.02705658,-0.06413173,0.26902506,-1.55665877,5
TNG50-1,40,1.5,139282,0.03814632,0.03569101,0.26902506,-1.55665877,6
TNG50-1,40,1.5,139282,0.02240497,0.01208223,0.26902506,-1.55665877,7
TNG50-1,40,1.5,139282,-0.08427987,-0.03069884,0.26902506,-1.55665877,8
TNG50-1,40,1.5,139282,0.02690172,0.07255894,0.26902506,-1.55665877,9
TNG50-1,40,1.5,140124,-0.02203262,0.08054685,0.8427959,0.04595943,0
TNG50-1,40,1.5,140124,0.00160538,0.1274664,0.8427959,0.04595943,1
TNG50-1,40,1.5,140124,0.01344567,-0.02026346,0.8427959,0.04595943,2
TNG50-1,40,1.5,140124,-0.0309833,-0.0968419,0.8427959,0.04595943,3
TNG50-1,40,1.5,140124,0.02355681,-0.0155242,0.8427959,0.04595943,4
TNG50-1,40,1.5,140124,-0.02667262,-0.01431115,0.8427959,0.04595943,5
TNG50-1,40,1.5,140124,-0.02058192,-0.00949619,0.8427959,0.04595943,6
TNG50-1,40,1.5,140124,0.06813213,-0.0556694,0.8427959,0.04595943,7
TNG50-1,40,1.5,140124,-0.0520293,0.02897806,0.8427959,0.04595943,8
TNG50-1,40,1.5,140124,-0.12063902,0.02622537,0.8427959,0.04595943,9
TNG50-1,40,1.5,125535,-0.08459813,0.0392422,0.83761259,-1.47778228,0
TNG50-1,40,1.5,125535,-0.00087814,0.01361849,0.83761259,-1.47778228,1
TNG50-1,40,1.5,125535,-0.04512115,-0.03569374,0.83761259,-1.47778228,2
TNG50-1,40,1.5,125535,-0.01711705,-0.06584151,0.83761259,-1.47778228,3
TNG50-1,40,1.5,125535,-0.00407939,0.04179039,0.83761259,-1.47778228,4
TNG50-1,40,1.5,125535,-0.08528261,0.01746753,0.83761259,-1.47778228,5
TNG50-1,40,1.5,125535,-0.08078292,0.11913011,0.83761259,-1.47778228,6
TNG50-1,40,1.5,125535,0.02410334,0.02100943,0.83761259,-1.47778228,7
TNG50-1,40,1.5,125535,-0.02613593,0.01938516,0.83761259,-1.47778228,8
TNG50-1,40,1.5,125535,-0.12823722,-0.0083464,0.83761259,-1.47778228,9
TNG50-1,40,1.5,135951,-0.00480895,0.02239069,0.73056709,0.53913754,0
TNG50-1,40,1.5,135951,0.05640094,0.00291372,0.73056709,0.53913754,1
TNG50-1,40,1.5,135951,-0.11403689,0.02743694,0.73056709,0.53913754,2
TNG50-1,40,1.5,135951,-0.07483193,-0.00938355,0.73056709,0.53913754,3
TNG50-1,40,1.5,135951,-0.04614432,0.01390719,0.73056709,0.53913754,4
TNG50-1,40,1.5,135951,0.07305894,0.00790595,0.73056709,0.53913754,5
TNG50-1,40,1.5,135951,0.01412935,0.03888837,0.73056709,0.53913754,6
TNG50-1,40,1.5,135951,0.03836586,0.04035041,0.73056709,0.53913754,7
TNG50-1,40,1.5,135951,-0.05700805,-0.0809936,0.73056709,0.53913754,8
TNG50-1,40,1.5,135951,-0.05597679,-0.11236343,0.73056709,0.53913754,9
TNG50-1,40,1.5,51914,0.05008727,0.00057256,1.25537408,-0.82417056,0
TNG50-1,40,1.5,51914,0.05938625,-0.01496324,1.25537408,-0.82417056,1
TNG50-1,40,1.5,51914,-0.05103115,-0.0507534,1.25537408,-0.82417056,2
TNG50-1,40,1.5,51914,-0.09299177,0.10243778,1.25537408,-0.82417056,3
TNG50-1,40,1.5,51914,0.00495174,0.08925842,1.25537408,-0.82417056,4
TNG50-1,40,1.5,51914,0.04654191,0.05680243,1.25537408,-0.82417056,5
TNG50-1,40,1.5,51914,0.08987973,-0.04604252,1.25537408,-0.82417056,6
TNG50-1,40,1.5,51914,0.02581488,0.04275097,1.25537408,-0.82417056,7
TNG50-1,40,1.5,51914,-0.01858583,0.03198132,1.25537408,-0.82417056,8
TNG50-1,40,1.5,51914,-0.04465653,0.02212728,1.25537408,-0.82417056,9
TNG50-1,40,1.5,127069,0.06248326,0.08644977,1.32402922,1.10829461,0
TNG50-1,40,1.5,127069,0.03176856,0.06796103,1.32402922,1.10829461,1
TNG50-1,40,1.5,127069,0.03700071,0.01276067,1.32402922,1.10829461,2
TNG50-1,40,1.5,127069,0.03184531,0.06753126,1.32402922,1.10829461,3
TNG50-1,40,1.5,127069,0.01703957,0.00060266,1.32402922,1.10829461,4
TNG50-1,40,1.5,127069,-0.08918056,0.01013986,1.32402922,1.10829461,5
TNG50-1,40,1.5,127069,0.00418105,-0.05467357,1.32402922,1.10829461,6
TNG50-1,40,1.5,127069,-0.0278096,0.01984957,1.32402922,1.10829461,7
TNG50-1,40,1.5,127069,-0.06399205,0.0030193,1.32402922,1.10829461,8
TNG50-1,40,1.5,127069,0.08409083,-0.06513261,1.32402922,1.10829461,9
TNG50-1,40,1.5,131685,-0.00255986,-0.03730491,1.24649426,-0.47742336,0
TNG50-1,40,1.5,131685,-0.00398648,-0.06251578,1.24649426,-0.47742336,1
TNG50-1,40,1.5,131685,0.08987806,0.02556109,1.24649426,-0.47742336,2
TNG50-1,40,1.5,131685,0.04471067,0.01956323,1.24649426,-0.47742336,3
TNG50-1,40,1.5,131685,0.00057227,-0.08933538,1.24649426,-0.47742336,4
TNG50-1,40,1.5,131685,0.01243937,-0.00613423,1.24649426,-0.47742336,5
TNG50-1,40,1.5,131685,0.00221062,0.04978507,1.24649426,-0.47742336,6
TNG50-1,40,1.5,131685,-0.0101457,0.05296119,1.24649426,-0.47742336,7
TNG50-1,40,1.5,131685,-0.05412136,0.05129184,1.24649426,-0.47742336,8
TNG50-1,40,1.5,131685,-0.00755259,0.00194566,1.24649426,-0.47742336,9
TNG50-1,40,1.5,143837,-0.04225227,-0.01010416,0.26956585,1.11006502,0
TNG50-1,40,1.5,143837,-0.05418494,-0.02889471,0.26956585,1.11006502,1
TNG50-1,40,1.5,143837,0.01723025,0.01264424,0.26956585,1.11006502,2
TNG50-1,40,1.5,143837,0.018964,-0.02519789,0.26956585,1.11006502,3
TNG50-1,40,1.5,143837,0.06436656,-0.0314033,0.26956585,1.11006502,4
TNG50-1,40,1.5,143837,0.05499898,0.01557264,0.26956585,1.11006502,5
TNG50-1,40,1.5,143837,-0.00661143,-0.02009963,0.26956585,1.11006502,6
TNG50-1,40,1.5,143837,-0.06221029,0.01220522,0.26956585,1.11006502,7
TNG50-1,40,1.5,143837,-0.01595533,0.0136602,0.26956585,1.11006502,8
TNG50-1,40,1.5,143837,0.01086156,-0.05697145,0.26956585,1.11006502,9
TNG50-1,40,1.5,161759,0.09525301,-0.01809163,0.63486684,0.28374944,0
TNG50-1,40,1.5,161759,0.00177882,-0.02448751,0.63486684,0.28374944,1
TNG50-1,40,1.5,161759,0.08768455,0.04543007,0.63486684,0.28374944,2
TNG50-1,40,1.5,161759,-0.00466493,0.00155428,0.63486684,0.28374944,3
TNG50-1,40,1.5,161759,0.00655289,0.0139288,0.63486684,0.28374944,4
TNG50-1,40,1.5,161759,0.01827372,0.00069926,0.63486684,0.28374944,5
TNG50-1,40,1.5,161759,0.15894268,0.01682916,0.63486684,0.28374944,6
TNG50-1,40,1.5,161759,0.04256428,0.02124829,0.63486684,0.28374944,7
TNG50-1,40,1.5,161759,-0.03536323,-0.09684835,0.63486684,0.28374944,8
TNG50-1,40,1.5,161759,0.04844989,0.03332863,0.63486684,0.28374944,9
TNG50-1,40,1.5,80803,-0.04910097,0.01394321,0.81547701,-0.32377233,0
TNG50-1,40,1.5,80803,-0.07211496,-0.05039465,0.81547701,-0.32377233,1
TNG50-1,40,1.5,80803,-0.00292056,0.03621413,0.81547701,-0.32377233,2
TNG50-1,40,1.5,80803,0.00419905,0.00315012,0.81547701,-0.32377233,3
TNG50-1,40,1.5,80803,-0.03467531,-0.09459731,0.81547701,-0.32377233,4
TNG50-1,40,1.5,80803,0.04155159,-0.09792957,0.81547701,-0.32377233,5
TNG50-1,40,1.5,80803,-0.06710876,-0.00061596,0.81547701,-0.32377233,6
TNG50-1,40,1.5,80803,-0.02034719,-0.01104837,0.81547701,-0.32377233,7
TNG50-1,40,1.5,80803,-0.02924371,-0.00517101,0.81547701,-0.32377233,8
TNG50-1,40,1.5,80803,-0.00232936,-0.00139912,0.81547701,-0.32377233,9
TNG50-1,40,1.5,141038,0.01127799,-0.04165184,0.88449698,-0.70740797,0
TNG50-1,40,1.5,141038,0.04738248,-0.02788644,0.88449698,-0.70740797,1
TNG50-1,40,1.5,141038,-0.05555525,-0.02041943,0.88449698,-0.70740797,2
TNG50-1,40,1.5,141038,-0.05859858,0.00192906,0.88449698,-0.70740797,3
TNG50-1,40,1.5,141038,-0.05466619,-0.01558732,0.88449698,-0.70740797,4
TNG50-1,40,1.5,141038,0.01444583,0.05246698,0.88449698,-0.70740797,5
TNG50-1,40,1.5,141038,0.06224737,-0.03380087,0.88449698,-0.70740797,6
TNG50-1,40,1.5,141038,-0.02156697,-0.0431159,0.88449698,-0.70740797,7
TNG50-1,40,1.5,141038,-0.12508499,0.02394378,0.88449698,-0.70740797,8
TNG50-1,40,1.5,141038,-0.08519964,-0.0767821,0.88449698,-0.70740797,9
TNG50-1,40,1.5,142043,-0.01589533,0.00030083,0.35873695,-0.98145339,0
TNG50-1,40,1.5,142043,-0.04335026,0.0224162,0.35873695,-0.98145339,1
TNG50-1,40,1.5,142043,0.00596129,0.05826538,0.35873695,-0.98145339,2
TNG50-1,40,1.5,142043,-0.02857246,0.0823697,0.35873695,-0.98145339,3
TNG50-1,40,1.5,142043,-0.00830789,0.015481,0.35873695,-0.98145339,4
TNG50-1,40,1.5,142043,0.09410874,0.02947734,0.35873695,-0.98145339,5
TNG50-1,40,1.5,142043,-0.00848599,-0.05754323,0.35873695,-0.98145339,6
TNG50-1,40,1.5,142043,0.02068962,-0.00439384,0.35873695,-0.98145339,7
TNG50-1,40,1.5,142043,-0.01161347,0.04701447,0.35873695,-0.98145339,8
TNG50-1,40,1.5,142043,0.00378566,0.04329843,0.35873695,-0.98145339,9
TNG50-1,40,1.5,100091,0.01058049,-0.08617317,1.14385938,-1.30435285,0
TNG50-1,40,1.5,100091,0.0443197,0.02258843,1.14385938,-1.30435285,1
TNG50-1,40,1.5,100091,0.02453834,0.02387647,1.14385938,-1.30435285,2
TNG50-1,40,1.5,100091,0.06001531,-0.05812144,1.14385938,-1.30435285,3
TNG50-1,40,1.5,100091,0.01446796,-0.0356051,1.14385938,-1.30435285,4
TNG50-1,40,1.5,100091,-0.01778492,0.06852705,1.14385938,-1.30435285,5
TNG50-1,40,1.5,100091,0.01679206,-0.02420151,1.14385938,-1.30435285,6
TNG50-1,40,1.5,100091,-0.14652972,0.11214602,1.14385938,-1.30435285,7
TNG50-1,40,1.5,100091,0.01914429,-9.599e-05,1.14385938,-1.30435285,8
TNG50-1,40,1.5,100091,-0.18242064,0.02040181,1.14385938,-1.30435285,9
TNG50-1,40,1.5,122851,0.08084372,-0.01413979,0.87861428,-0.49660117,0
TNG50-1,40,1.5,122851,0.00655136,-0.0053091,0.87861428,-0.49660117,1
TNG50-1,40,1.5,122851,-0.0501172,0.0111561,0.87861428,-0.49660117,2
TNG50-1,40,1.5,122851,-0.00548637,0.03084071,0.87861428,-0.49660117,3
TNG50-1,40,1.5,122851,-0.00178054,-0.04998561,0.87861428,-0.49660117,4
TNG50-1,40,1.5,122851,-0.06823708,-0.05207938,0.87861428,-0.49660117,5
TNG50-1,40,1.5,122851,-0.0127916,0.05523396,0.87861428,-0.49660117,6
TNG50-1,40,1.5,122851,-0.0371096,-0.02061684,0.87861428,-0.49660117,7
TNG50-1,40,1.5,122851,0.04621789,-0.0708421,0.87861428,-0.49660117,8
TNG50-1,40,1.5,122851,0.00173059,0.02219064,0.87861428,-0.49660117,9
TNG50-1,40,1.5,167639,0.01699377,0.05938172,0.37106377,1.56684851,0
TNG50-1,40,1.5,167639,0.01580239,0.01013875,0.37106377,1.56684851,1
TNG50-1,40,1.5,167639,0.02049142,-0.02501805,0.37106377,1.56684851,2
TNG50-1,40,1.5,167639,0.03080673,0.02425806,0.37106377,1.56684851,3
TNG50-1,40,1.5,167639,-0.10539767,-0.02639588,0.37106377,1.56684851,4
TNG50-1,40,1.5,167639,-0.01822191,-6.963e-05,0.37106377,1.56684851,5
TNG50-1,40,1.5,167639,-0.1090105,0.04930682,0.37106377,1.56684851,6
TNG50-1,40,1.5,167639,0.001803,-0.02788857,0.37106377,1.56684851,7
TNG50-1,40,1.5,167639,-0.00023165,0.04028393,0.37106377,1.56684851,8
TNG50-1,40,1.5,167639,0.05227661,0.03387007,0.37106377,1.56684851,9
TNG50-1,40,1.5,154108,-0.04773959,-0.06208778,1.27634223,-0.63974747,0
TNG50-1,40,1.5,154108,0.04869471,-0.01020343,1.27634223,-0.63974747,1
TNG50-1,40,1.5,154108,0.03492832,0.00548239,1.27634223,-0.63974747,2
TNG50-1,40,1.5,154108,0.00509629,0.12225651,1.27634223,-0.63974747,3
TNG50-1,40,1.5,154108,-0.03811617,-0.06886578,1.27634223,-0.63974747,4
TNG50-1,40,1.5,154108,-0.0429603,0.07360073,1.27634223,-0.63974747,5
TNG50-1,40,1.5,154108,-0.02688313,0.00749212,1.27634223,-0.63974747,6
TNG50-1,40,1.5,154108,0.02712972,0.0205586,1.27634223,-0.63974747,7
TNG50-1,40,1.5,154108,-0.04778126,0.0059174,1.27634223,-0.63974747,8
TNG50-1,40,1.5,154108,0.02187561,0.02223634,1.27634223,-0.63974747,9
TNG50-1,40,1.5,2,0.01218762,-0.02980444,1.05034106,-1.1409596,0
TNG50-1,40,1.5,2,-0.00756238,0.00042528,1.05034106,-1.1409596,1
TNG50-1,40,1.5,2,0.02162972,0.03974661,1.05034106,-1.1409596,2
TNG50-1,40,1.5,2,0.00309582,0.0090182,1.05034106,-1.1409596,3
TNG50-1,40,1.5,2,0.00551979,-0.03280275,1.05034106,-1.1409596,4
TNG50-1,40,1.5,2,-0.02041666,0.06131465,1.05034106,-1.1409596,5
TNG50-1,40,1.5,2,-0.06990548,0.07895928,1.05034106,-1.1409596,6
TNG50-1,40,1.5,2,-0.07718126,0.02472783,1.05034106,-1.1409596,7
TNG50-1,40,1.5,2,0.03266224,0.04868318,1.05034106,-1.1409596,8
TNG50-1,40,1.5,2,-0.013835,0.062098,1.05034106,-1.1409596,9
TNG50-1,40,1.5,171647,0.02251586,-0.04471037,1.30098957,1.56319379,0
TNG50-1,40,1.5,171647,0.00015543,-0.01315367,1.30098957,1.56319379,1
TNG50-1,40,1.5,171647,-0.03749067,-0.03429263,1.30098957,1.56319379,2
TNG50-1,40,1.5,171647,-0.01179147,0.06908538,1.30098957,1.56319379,3
TNG50-1,40,1.5,171647,-0.00920879,-0.00824689,1.30098957,1.56319379,4
TNG50-1,40,1.5,171647,-0.01350776,0.06442221,1.30098957,1.56319379,5
TNG50-1,40,1.5,171647,0.08856706,0.00308523,1.30098957,1.56319379,6
TNG50-1,40,1.5,171647,-0.0049223,0.00186139,1.30098957,1.56319379,7
TNG50-1,40,1.5,171647,-0.01219481,-0.00443982,1.30098957,1.56319379,8
TNG50-1,40,1.5,171647,-0.10487255,0.00018981,1.30098957,1.56319379,9
TNG50-1,40,1.5,36236,0.08593975,0.00920289,1.28846325,0.63108631,0
TNG50-1,40,1.5,36236,-0.11598054,0.04813288,1.28846325,0.63108631,1
TNG50-1,40,1.5,36236,-0.10007729,0.01363226,1.28846325,0.63108631,2
TNG50-1,40,1.5,36236,-0.02715854,-0.02807415,1.28846325,0.63108631,3
TNG50-1,40,1.5,36236,0.00072639,0.03489084,1.28846325,0.63108631,4
TNG50-1,40,1.5,36236,0.03450522,0.00553066,1.28846325,0.63108631,5
TNG50-1,40,1.5,36236,0.02365436,6.699e-05,1.28846325,0.63108631,6
TNG50-1,40,1.5,36236,-0.0192123,0.07364768,1.28846325,0.63108631,7
TNG50-1,40,1.5,36236,0.05095218,-0.12254361,1.28846325,0.63108631,8
TNG50-1,40,1.5,36236,0.05150977,-0.07088421,1.28846325,0.63108631,9
TNG50-1,40,1.5,160809,-0.05935352,-0.0574602,1.16447159,0.29911996,0
TNG50-1,40,1.5,160809,-0.01816303,-0.09540652,1.16447159,0.29911996,1
TNG50-1,40,1.5,160809,-0.01273041,-0.00584401,1.16447159,0.29911996,2
TNG50-1,40,1.5,160809,-0.07536628,-0.0498926,1.16447159,0.29911996,3
TNG50-1,40,1.5,160809,-0.0492579,-0.00424253,1.16447159,0.29911996,4
TNG50-1,40,1.5,160809,-0.04304208,-0.08001029,1.16447159,0.29911996,5
TNG50-1,40,1.5,160809,0.1228712,-0.03809872,1.16447159,0.29911996,6
TNG50-1,40,1.5,160809,0.0900871,0.00743135,1.16447159,0.29911996,7
TNG50-1,40,1.5,160809,-0.02058747,0.01831048,1.16447159,0.29911996,8
TNG50-1,40,1.5,160809,-0.01817916,0.0208736,1.16447159,0.29911996,9
TNG50-1,40,1.5,44888,-0.00222181,-0.02747763,0.84339917,-0.0096868,0
TNG50-1,40,1.5,44888,0.06452819,-0.05613842,0.84339917,-0.0096868,1
TNG50-1,40,1.5,44888,0.02054913,-0.05920642,0.84339917,-0.0096868,2
TNG50-1,40,1.5,44888,0.03912794,0.00432528,0.84339917,-0.0096868,3
TNG50-1,40,1.5,44888,-0.04504485,0.01635049,0.84339917,-0.0096868,4
TNG50-1,40,1.5,44888,0.02619755,-0.03962629,0.84339917,-0.0096868,5
TNG50-1,40,1.5,44888,0.03643571,0.00132927,0.84339917,-0.0096868,6
TNG50-1,40,1.5,44888,-0.02883236,0.02852685,0.84339917,-0.0096868,7
TNG50-1,40,1.5,44888,0.02797702,0.03090954,0.84339917,-0.0096868,8
TNG50-1,40,1.5,44888,0.02830939,0.07759401,0.84339917,-0.0096868,9
TNG50-1,40,1.5,143012,0.04996682,0.07684828,1.04306465,-0.42292603,0
TNG50-1,40,1.5,143012,0.00487067,0.07246724,1.04306465,-0.42292603,1
TNG50-1,40,1.5,143012,0.0397889,-0.01874723,1.04306465,-0.42292603,2
TNG50-1,40,1.5,143012,-0.02235788,0.01865262,1.04306465,-0.42292603,3
TNG50-1,40,1.5,143012,-0.00247794,-0.03118003,1.04306465,-0.42292603,4
TNG50-1,40,1.5,143012,-0.00577494,0.00116777,1.04306465,-0.42292603,5
TNG50-1,40,1.5,143012,-0.04180286,-0.02998747,1.04306465,-0.42292603,6
TNG50-1,40,1.5,143012,0.03310408,0.08100352,1.04306465,-0.42292603,7
TNG50-1,40,1.5,143012,0.03251245,0.01818491,1.04306465,-0.42292603,8
TNG50-1,40,1.5,143012,0.02967773,-0.01090146,1.04306465,-0.42292603,9
TNG50-1,40,1.5,157790,-0.03802544,-0.09389944,0.86773814,-1.51528821,0
TNG50-1,40,1.5,157790,-0.02803771,-0.0537383,0.86773814,-1.51528821,1
TNG50-1,40,1.5,157790,-0.00111239,0.04382718,0.86773814,-1.51528821,2
TNG50-1,40,1.5,157790,-0.07814422,0.01350477,0.86773814,-1.51528821,3
TNG50-1,40,1.5,157790,0.0114385,0.02059858,0.86773814,-1.51528821,4
TNG50-1,40,1.5,157790,0.04837331,0.09297474,0.86773814,-1.51528821,5
TNG50-1,40,1.5,157790,0.01464669,0.02342764,0.86773814,-1.51528821,6
TNG50-1,40,1.5,157790,-0.07944488,0.0328944,0.86773814,-1.51528821,7
TNG50-1,40,1.5,157790,-0.00619046,0.13553728,0.86773814,-1.51528821,8
TNG50-1,40,1.5,157790,0.03710145,-0.01069023,0.86773814,-1.51528821,9
TNG50-1,40,1.5,130662,-0.01889033,-0.07573774,1.37027607,0.42267071,0
TNG50-1,40,1.5,130662,0.04581557,0.04145605,1.37027607,0.42267071,1
TNG50-1,40,1.5,130662,-0.08666046,0.02024275,1.37027607,0.42267071,2
TNG50-1,40,1.5,130662,0.0431,-0.08026356,1.37027607,0.42267071,3
TNG50-1,40,1.5,130662,-0.01898433,-0.00121487,1.37027607,0.42267071,4
TNG50-1,40,1.5,130662,0.01884739,0.01822672,1.37027607,0.42267071,5
TNG50-1,40,1.5,130662,-0.0563494,0.02780376,1.37027607,0.42267071,6
TNG50-1,40,1.5,130662,0.06643155,0.00886307,1.37027607,0.42267071,7
TNG50-1,40,1.5,130662,0.06228175,0.01456157,1.37027607,0.42267071,8
TNG50-1,40,1.5,130662,0.04797953,0.07368057,1.37027607,0.42267071,9
TNG50-1,40,1.5,146376,0.0613017,-0.0335956,1.03687501,-0.49231125,0
TNG50-1,40,1.5,146376,-0.14335275,0.07386968,1.03687501,-0.49231125,1
TNG50-1,40,1.5,146376,-0.01587193,-0.02712789,1.03687501,-0.49231125,2
TNG50-1,40,1.5,146376,-0.00823255,0.02311062,1.03687501,-0.49231125,3
TNG50-1,40,1.5,146376,-0.08760493,-0.09356091,1.03687501,-0.49231125,4
TNG50-1,40,1.5,146376,0.00470915,0.09311588,1.03687501,-0.49231125,5
TNG50-1,40,1.5,146376,0.06243789,0.03013262,1.03687501,-0.49231125,6
TNG50-1,40,1.5,146376,-0.05432839,-0.00912499,1.03687501,-0.49231125,7
TNG50-1,40,1.5,146376,0.01682005,0.02877733,1.03687501,-0.49231125,8
TNG50-1,40,1.5,146376,-0.04579117,-0.07049097,1.03687501,-0.49231125,9
TNG50-1,40,1.5,163735,0.05912654,-0.02094244,0.98356084,-0.25012804,0
TNG50-1,40,1.5,163735,-0.01619924,0.11148659,0.98356084,-0.25012804,1
TNG50-1,40,1.5,163735,-0.01020348,-0.07839652,0.98356084,-0.25012804,2
TNG50-1,40,1.5,163735,-0.02458278,0.06304687,0.98356084,-0.25012804,3
TNG50-1,40,1.5,163735,-0.02903257,0.06839537,0.98356084,-0.25012804,4
TNG50-1,40,1.5,163735,0.03473353,-0.04260794,0.98356084,-0.25012804,5
TNG50-1,40,1.5,163735,0.01279534,0.11146368,0.98356084,-0.25012804,6
TNG50-1,40,1.5,163735,0.03258741,0.04977451,0.98356084,-0.25012804,7
TNG50-1,40,1.5,163735,-0.00043973,0.04855695,0.98356084,-0.25012804,8
TNG50-1,40,1.5,163735,0.02565999,0.00140111,0.98356084,-0.25012804,9
TNG50-1,40,1.5,192422,-0.01086131,-0.01354641,1.2103202,1.44264848,0
TNG50-1,40,1.5,192422,-0.01047044,-0.04644946,1.2103202,1.44264848,1
TNG50-1,40,1.5,192422,0.01952653,-0.04340967,1.2103202,1.44264848,2
TNG50-1,40,1.5,192422,0.07005931,-0.08177316,1.2103202,1.44264848,3
TNG50-1,40,1.5,192422,0.00906571,0.01184743,1.2103202,1.44264848,4
TNG50-1,40,1.5,192422,-0.04557218,-0.00417244,1.2103202,1.44264848,5
TNG50-1,40,1.5,192422,0.04122135,-0.02199939,1.2103202,1.44264848,6
TNG50-1,40,1.5,192422,0.04605754,-0.14778094,1.2103202,1.44264848,7
TNG50-1,40,1.5,192422,0.03273298,-0.06236587,1.2103202,1.44264848,8
TNG50-1,40,1.5,192422,0.03727495,0.05604203,1.2103202,1.44264848,9
TNG50-1,40,1.5,169392,-0.01304499,-0.07835291,1.13058346,-0.54870199,0
TNG50-1,40,1.5,169392,0.04199613,-0.03621713,1.13058346,-0.54870199,1
TNG50-1,40,1.5,169392,0.01184777,-0.02908607,1.13058346,-0.54870199,2
TNG50-1,40,1.5,169392,-0.00524791,-0.01827348,1.13058346,-0.54870199,3
TNG50-1,40,1.5,169392,0.06819252,-0.06879568,1.13058346,-0.54870199,4
TNG50-1,40,1.5,169392,-0.01183294,-0.03141856,1.13058346,-0.54870199,5
TNG50-1,40,1.5,169392,-0.08903691,-0.03643052,1.13058346,-0.54870199,6
TNG50-1,40,1.5,169392,-0.040162,0.03857666,1.13058346,-0.54870199,7
TNG50-1,40,1.5,169392,0.02755959,0.04045607,1.13058346,-0.54870199,8
TNG50-1,40,1.5,169392,0.01977546,-0.00729052,1.13058346,-0.54870199,9
TNG50-1,40,1.5,145447,-0.01960199,0.00125644,0.63027487,1.28511502,0
TNG50-1,40,1.5,145447,0.00699622,-0.01099679,0.63027487,1.28511502,1
TNG50-1,40,1.5,145447,-0.04082876,0.01707543,0.63027487,1.28511502,2
TNG50-1,40,1.5,145447,-0.0573416,-0.00064694,0.63027487,1.28511502,3
TNG50-1,40,1.5,145447,-0.04701106,-0.07267996,0.63027487,1.28511502,4
TNG50-1,40,1.5,145447,-0.03174066,-0.06311946,0.63027487,1.28511502,5
TNG50-1,40,1.5,145447,-0.05817369,0.00147118,0.63027487,1.28511502,6
TNG50-1,40,1.5,145447,0.00810298,0.05143905,0.63027487,1.28511502,7
TNG50-1,40,1.5,145447,0.03648578,-0.11070937,0.63027487,1.28511502,8
TNG50-1,40,1.5,145447,-0.07935492,0.01728633,0.63027487,1.28511502,9
TNG50-1,40,1.5,138265,0.0594811,-0.06932211,0.90862759,0.0928091,0
TNG50-1,40,1.5,138265,-0.00765129,-0.07049849,0.90862759,0.0928091,1
TNG50-1,40,1.5,138265,0.02751012,-0.00869189,0.90862759,0.0928091,2
TNG50-1,40,1.5,138265,-0.03515345,-0.03647886,0.90862759,0.0928091,3
TNG50-1,40,1.5,138265,-0.00596831,0.01889855,0.90862759,0.0928091,4
TNG50-1,40,1.5,138265,-0.08104568,0.02262692,0.90862759,0.0928091,5
TNG50-1,40,1.5,138265,-0.11721717,0.01604248,0.90862759,0.0928091,6
TNG50-1,40,1.5,138265,0.04713829,0.01193004,0.90862759,0.0928091,7
TNG50-1,40,1.5,138265,-0.04924975,0.07888841,0.90862759,0.0928091,8
TNG50-1,40,1.5,138265,-0.02277639,-0.05337969,0.90862759,0.0928091,9
TNG50-1,40,1.5,137026,0.02887013,-0.06099379,0.82698235,0.28508318,0
TNG50-1,40,1.5,137026,0.00232787,-0.04153849,0.82698235,0.28508318,1
TNG50-1,40,1.5,137026,0.03809274,0.00729691,0.82698235,0.28508318,2
TNG50-1,40,1.5,137026,0.05877533,-0.00085189,0.82698235,0.28508318,3
TNG50-1,40,1.5,137026,0.00962106,0.01415343,0.82698235,0.28508318,4
TNG50-1,40,1.5,137026,0.05660261,0.05422576,0.82698235,0.28508318,5
TNG50-1,40,1.5,137026,-0.11721489,-0.08826102,0.82698235,0.28508318,6
TNG50-1,40,1.5,137026,0.07952261,0.04869095,0.82698235,0.28508318,7
TNG50-1,40,1.5,137026,0.01875311,0.0004141,0.82698235,0.28508318,8
TNG50-1,40,1.5,137026,0.05389217,-0.01018909,0.82698235,0.28508318,9
TNG50-1,40,1.5,172860,0.11934759,-0.00446602,0.94550079,-0.63025598,0
TNG50-1,40,1.5,172860,-0.05500678,-0.07990262,0.94550079,-0.63025598,1
TNG50-1,40,1.5,172860,-0.0051331,0.00675617,0.94550079,-0.63025598,2
TNG50-1,40,1.5,172860,0.08991439,0.02250103,0.94550079,-0.63025598,3
TNG50-1,40,1.5,172860,0.05956948,-0.01137097,0.94550079,-0.63025598,4
TNG50-1,40,1.5,172860,-0.0348106,-0.08075254,0.94550079,-0.63025598,5
TNG50-1,40,1.5,172860,0.01119837,0.04942659,0.94550079,-0.63025598,6
TNG50-1,40,1.5,172860,9.997e-05,0.01822625,0.94550079,-0.63025598,7
TNG50-1,40,1.5,172860,0.01409779,-0.03630075,0.94550079,-0.63025598,8
TNG50-1,40,1.5,172860,-0.03493402,-0.01403002,0.94550079,-0.63025598,9
TNG50-1,40,1.5,178140,-0.05639765,-0.02904801,0.47772838,-0.55765674,0
TNG50-1,40,1.5,178140,-0.02467007,-0.11378682,0.47772838,-0.55765674,1
TNG50-1,40,1.5,178140,0.00707097,0.03204954,0.47772838,-0.55765674,2
TNG50-1,40,1.5,178140,-0.11626857,-0.00565842,0.47772838,-0.55765674,3
TNG50-1,40,1.5,178140,0.01184131,-0.05063419,0.47772838,-0.55765674,4
TNG50-1,40,1.5,178140,0.09514537,0.00632984,0.47772838,-0.55765674,5
TNG50-1,40,1.5,178140,-0.02267191,-0.02918402,0.47772838,-0.55765674,6
TNG50-1,40,1.5,178140,0.01299039,-0.02642131,0.47772838,-0.55765674,7
TNG50-1,40,1.5,178140,0.05124608,0.03031456,0.47772838,-0.55765674,8
TNG50-1,40,1.5,178140,-0.00819768,-0.06691912,0.47772838,-0.55765674,9
TNG50-1,40,1.5,202467,0.05236576,-0.00454355,0.41251591,-1.08246225,0
TNG50-1,40,1.5,202467,-0.06988431,-0.00154163,0.41251591,-1.08246225,1
TNG50-1,40,1.5,202467,-0.03313507,-0.01071876,0.41251591,-1.08246225,2
TNG50-1,40,1.5,202467,0.09614731,-0.07209894,0.41251591,-1.08246225,3
TNG50-1,40,1.5,202467,0.05636774,-0.02582554,0.41251591,-1.08246225,4
TNG50-1,40,1.5,202467,0.0048802,0.0457312,0.41251591,-1.08246225,5
TNG50-1,40,1.5,202467,-0.04702651,-0.06841671,0.41251591,-1.08246225,6
TNG50-1,40,1.5,202467,-0.02646362,-0.00947778,0.41251591,-1.08246225,7
TNG50-1,40,1.5,202467,0.00366377,-0.0409877,0.41251591,-1.08246225,8
TNG50-1,40,1.5,202467,0.00187616,0.00556752,0.41251591,-1.08246225,9
TNG50-1,40,1.5,118373,-0.01943166,-0.0387255,0.95456979,1.17594326,0
TNG50-1,40,1.5,118373,0.07386968,-0.03094733,0.95456979,1.17594326,1
TNG50-1,40,1.5,118373,0.02532916,-0.03281854,0.95456979,1.17594326,2
TNG50-1,40,1.5,118373,-0.06559016,-0.02828194,0.95456979,1.17594326,3
TNG50-1,40,1.5,118373,0.0335614,0.05495958,0.95456979,1.17594326,4
TNG50-1,40,1.5,118373,-0.03873259,0.03143981,0.95456979,1.17594326,5
TNG50-1,40,1.5,118373,-0.02884982,0.0854972,0.95456979,1.17594326,6
TNG50-1,40,1.5,118373,0.01569095,0.11338221,0.95456979,1.17594326,7
TNG50-1,40,1.5,118373,-0.02458737,-0.05153585,0.95456979,1.17594326,8
TNG50-1,40,1.5,118373,0.04464279,0.00352096,0.95456979,1.17594326,9
TNG50-1,40,1.5,173605,0.04045974,-0.08291678,0.61297222,0.19317463,0
TNG50-1,40,1.5,173605,0.00477195,-0.00039523,0.61297222,0.19317463,1
TNG50-1,40,1.5,173605,-0.12181878,0.01369212,0.61297222,0.19317463,2
TNG50-1,40,1.5,173605,-0.0491708,-0.01503823,0.61297222,0.19317463,3
TNG50-1,40,1.5,173605,0.03438806,-0.09260809,0.61297222,0.19317463,4
TNG50-1,40,1.5,173605,0.06064418,-0.01628491,0.61297222,0.19317463,5
TNG50-1,40,1.5,173605,0.05545849,-0.01636527,0.61297222,0.19317463,6
TNG50-1,40,1.5,173605,-0.07960065,-0.00740362,0.61297222,0.19317463,7
TNG50-1,40,1.5,173605,0.01507762,-0.02817357,0.61297222,0.19317463,8
TNG50-1,40,1.5,173605,0.05077576,-0.02215061,0.61297222,0.19317463,9
TNG50-1,40,1.5,164301,-0.00198531,-0.09764078,1.132162,0.91726471,0
TNG50-1,40,1.5,164301,0.02212273,-0.09869169,1.132162,0.91726471,1
TNG50-1,40,1.5,164301,-0.01522134,0.01369019,1.132162,0.91726471,2
TNG50-1,40,1.5,164301,-0.02048245,-0.00035584,1.132162,0.91726471,3
TNG50-1,40,1.5,164301,0.0046177,0.00850885,1.132162,0.91726471,4
TNG50-1,40,1.5,164301,-0.0960458,-0.02310635,1.132162,0.91726471,5
TNG50-1,40,1.5,164301,0.02385176,0.03321768,1.132162,0.91726471,6
TNG50-1,40,1.5,164301,-2.815e-05,0.04663194,1.132162,0.91726471,7
TNG50-1,40,1.5,164301,0.00198468,0.02419911,1.132162,0.91726471,8
TNG50-1,40,1.5,164301,0.04803672,-0.01304142,1.132162,0.91726471,9
TNG50-1,40,1.5,36238,-0.10538447,0.0373636,0.55797293,0.89165974,0
TNG50-1,40,1.5,36238,0.03846181,0.0028705,0.55797293,0.89165974,1
TNG50-1,40,1.5,36238,0.06108643,-0.05586638,0.55797293,0.89165974,2
TNG50-1,40,1.5,36238,0.03222792,0.02073081,0.55797293,0.89165974,3
TNG50-1,40,1.5,36238,-0.04398212,0.02893308,0.55797293,0.89165974,4
TNG50-1,40,1.5,36238,0.03368972,0.00439814,0.55797293,0.89165974,5
TNG50-1,40,1.5,36238,0.04302649,0.01097925,0.55797293,0.89165974,6
TNG50-1,40,1.5,36238,0.07794081,-0.0129353,0.55797293,0.89165974,7
TNG50-1,40,1.5,36238,-0.0438055,0.07391395,0.55797293,0.89165974,8
TNG50-1,40,1.5,36238,-0.01132273,-0.04503461,0.55797293,0.89165974,9
TNG50-1,40,1.5,187232,-0.02936604,-0.03207714,0.96396059,-0.19356528,0
TNG50-1,40,1.5,187232,0.00054928,0.0115641,0.96396059,-0.19356528,1
TNG50-1,40,1.5,187232,0.0439477,-0.0149669,0.96396059,-0.19356528,2
TNG50-1,40,1.5,187232,-0.07486866,0.03360572,0.96396059,-0.19356528,3
TNG50-1,40,1.5,187232,-0.06551484,0.0237564,0.96396059,-0.19356528,4
TNG50-1,40,1.5,187232,-0.10188643,-0.03459668,0.96396059,-0.19356528,5
TNG50-1,40,1.5,187232,0.00163476,-0.00843259,0.96396059,-0.19356528,6
TNG50-1,40,1.5,187232,-0.05591529,0.05218717,0.96396059,-0.19356528,7
TNG50-1,40,1.5,187232,-0.01922751,0.01966884,0.96396059,-0.19356528,8
TNG50-1,40,1.5,187232,0.03306891,-0.0698481,0.96396059,-0.19356528,9
TNG50-1,40,1.5,227364,0.0327809,0.04359672,1.30381324,-0.07458986,0
TNG50-1,40,1.5,227364,-0.05423053,-0.02809033,1.30381324,-0.07458986,1
TNG50-1,40,1.5,227364,0.07062565,-0.03080964,1.30381324,-0.07458986,2
TNG50-1,40,1.5,227364,0.05120494,-0.05971827,1.30381324,-0.07458986,3
TNG50-1,40,1.5,227364,0.01449427,-0.05322364,1.30381324,-0.07458986,4
TNG50-1,40,1.5,227364,0.00786164,-0.09141977,1.30381324,-0.07458986,5
TNG50-1,40,1.5,227364,-0.01045161,0.03649144,1.30381324,-0.07458986,6
TNG50-1,40,1.5,227364,0.0339262,0.09044573,1.30381324,-0.07458986,7
TNG50-1,40,1.5,227364,-0.01853891,0.07126645,1.30381324,-0.07458986,8
TNG50-1,40,1.5,227364,0.01177849,-0.08130422,1.30381324,-0.07458986,9
TNG50-1,40,1.5,182554,0.03624273,0.05122563,1.34042175,1.55415138,0
TNG50-1,40,1.5,182554,0.07110532,-0.03915899,1.34042175,1.55415138,1
TNG50-1,40,1.5,182554,-0.0228405,-0.05684613,1.34042175,1.55415138,2
TNG50-1,40,1.5,182554,0.00507237,-0.10780115,1.34042175,1.55415138,3
TNG50-1,40,1.5,182554,-0.10039465,-0.01332068,1.34042175,1.55415138,4
TNG50-1,40,1.5,182554,0.01333681,-0.0290797,1.34042175,1.55415138,5
TNG50-1,40,1.5,182554,-0.05317799,-0.07755097,1.34042175,1.55415138,6
TNG50-1,40,1.5,182554,0.00998175,0.02265094,1.34042175,1.55415138,7
TNG50-1,40,1.5,182554,-0.07806015,-0.02249852,1.34042175,1.55415138,8
TNG50-1,40,1.5,182554,0.02714291,-0.0537868,1.34042175,1.55415138,9
TNG50-1,40,1.5,205093,-0.05468685,-0.08595806,1.35412223,0.98846582,0
TNG50-1,40,1.5,205093,0.05134529,-0.02017961,1.35412223,0.98846582,1
TNG50-1,40,1.5,205093,-0.09607523,-0.04315928,1.35412223,0.98846582,2
TNG50-1,40,1.5,205093,0.05644956,0.0646755,1.35412223,0.98846582,3
TNG50-1,40,1.5,205093,-0.0027551,-0.06750496,1.35412223,0.98846582,4
TNG50-1,40,1.5,205093,-0.05961977,0.08021146,1.35412223,0.98846582,5
TNG50-1,40,1.5,205093,-0.02915575,-0.00166474,1.35412223,0.98846582,6
TNG50-1,40,1.5,205093,-0.05086122,-0.05809672,1.35412223,0.98846582,7
TNG50-1,40,1.5,205093,0.04331126,-0.03386371,1.35412223,0.98846582,8
TNG50-1,40,1.5,205093,0.03662139,-0.04008094,1.35412223,0.98846582,9
TNG50-1,40,1.5,184627,-0.06373092,0.00282058,1.1622341,1.26466059,0
TNG50-1,40,1.5,184627,0.00474134,0.01226855,1.1622341,1.26466059,1
TNG50-1,40,1.5,184627,-0.06139578,-0.08881991,1.1622341,1.26466059,2
TNG50-1,40,1.5,184627,-0.10901831,-0.03269816,1.1622341,1.26466059,3
TNG50-1,40,1.5,184627,-0.01898382,0.01076513,1.1622341,1.26466059,4
TNG50-1,40,1.5,184627,-0.09014281,-0.05122645,1.1622341,1.26466059,5
TNG50-1,40,1.5,184627,-0.03760804,0.04540314,1.1622341,1.26466059,6
TNG50-1,40,1.5,184627,-0.04545514,-0.06013483,1.1622341,1.26466059,7
TNG50-1,40,1.5,184627,-0.0435608,-0.01431831,1.1622341,1.26466059,8
TNG50-1,40,1.5,184627,0.10004816,-0.02930258,1.1622341,1.26466059,9
TNG50-1,40,1.5,124040,0.00821603,-0.01179171,1.11447848,0.90349012,0
TNG50-1,40,1.5,124040,-0.0320245,-0.01533486,1.11447848,0.90349012,1
TNG50-1,40,1.5,124040,-0.01354468,0.0052345,1.11447848,0.90349012,2
TNG50-1,40,1.5,124040,-0.0118065,0.08482933,1.11447848,0.90349012,3
TNG50-1,40,1.5,124040,-0.03671939,-0.06701781,1.11447848,0.90349012,4
TNG50-1,40,1.5,124040,0.02425469,0.03849284,1.11447848,0.90349012,5
TNG50-1,40,1.5,124040,0.01191942,-0.09465856,1.11447848,0.90349012,6
TNG50-1,40,1.5,124040,-0.0044307,0.01086366,1.11447848,0.90349012,7
TNG50-1,40,1.5,124040,-0.02152292,0.07875414,1.11447848,0.90349012,8
TNG50-1,40,1.5,124040,0.0398272,0.02443343,1.11447848,0.90349012,9
TNG50-1,40,1.5,196834,-0.02259755,-0.0632271,1.13266064,0.19531512,0
TNG50-1,40,1.5,196834,-0.03329389,0.08885914,1.13266064,0.19531512,1
TNG50-1,40,1.5,196834,0.02170049,0.03293987,1.13266064,0.19531512,2
TNG50-1,40,1.5,196834,0.01259272,-0.00050981,1.13266064,0.19531512,3
TNG50-1,40,1.5,196834,-0.07023958,0.07951094,1.13266064,0.19531512,4
TNG50-1,40,1.5,196834,0.05613391,0.00796489,1.13266064,0.19531512,5
TNG50-1,40,1.5,196834,-0.00470973,-0.00140415,1.13266064,0.19531512,6
TNG50-1,40,1.5,196834,-0.05554655,-0.03301501,1.13266064,0.19531512,7
TNG50-1,40,1.5,196834,0.05943921,0.02909252,1.13266064,0.19531512,8
TNG50-1,40,1.5,196834,0.03128378,0.02383015,1.13266064,0.19531512,9
TNG50-1,40,1.5,162442,0.00073401,0.06541233,0.68940916,-1.25068639,0
TNG50-1,40,1.5,162442,-0.03949932,-0.02467341,0.68940916,-1.25068639,1
TNG50-1,40,1.5,162442,0.00649649,0.03297421,0.68940916,-1.25068639,2
TNG50-1,40,1.5,162442,-0.00348994,-0.01984569,0.68940916,-1.25068639,3
TNG50-1,40,1.5,162442,-0.06667372,0.00568741,0.68940916,-1.25068639,4
TNG50-1,40,1.5,162442,-0.07359062,0.03684183,0.68940916,-1.25068639,5
TNG50-1,40,1.5,162442,0.02825767,-0.02312779,0.68940916,-1.25068639,6
TNG50-1,40,1.5,162442,-0.13009442,0.04982774,0.68940916,-1.25068639,7
TNG50-1,40,1.5,162442,0.01027053,-0.04968489,0.68940916,-1.25068639,8
TNG50-1,40,1.5,162442,-0.02390415,0.01472964,0.68940916,-1.25068639,9
TNG50-1,40,1.5,215463,0.04613199,0.03834336,1.38791693,0.48041903,0
TNG50-1,40,1.5,215463,0.03300187,-0.06123524,1.38791693,0.48041903,1
TNG50-1,40,1.5,215463,0.09582224,0.05794748,1.38791693,0.48041903,2
TNG50-1,40,1.5,215463,-0.03817197,0.14287192,1.38791693,0.48041903,3
TNG50-1,40,1.5,215463,-0.06895746,0.01832256,1.38791693,0.48041903,4
TNG50-1,40,1.5,215463,-0.04971676,0.02915541,1.38791693,0.48041903,5
TNG50-1,40,1.5,215463,0.03302213,-0.02464299,1.38791693,0.48041903,6
TNG50-1,40,1.5,215463,0.02489615,-0.09051067,1.38791693,0.48041903,7
TNG50-1,40,1.5,215463,0.00511283,-0.03013597,1.38791693,0.48041903,8
TNG50-1,40,1.5,215463,-0.05614785,-0.05464476,1.38791693,0.48041903,9
TNG50-1,40,1.5,204085,0.02036319,0.0097552,0.52792099,0.03999896,0
TNG50-1,40,1.5,204085,0.01935294,0.0314702,0.52792099,0.03999896,1
TNG50-1,40,1.5,204085,-0.05768375,0.00659369,0.52792099,0.03999896,2
TNG50-1,40,1.5,204085,0.0079224,0.0409382,0.52792099,0.03999896,3
TNG50-1,40,1.5,204085,0.05112036,0.00472963,0.52792099,0.03999896,4
TNG50-1,40,1.5,204085,0.03885365,0.03923444,0.52792099,0.03999896,5
TNG50-1,40,1.5,204085,-0.00476429,0.04354114,0.52792099,0.03999896,6
TNG50-1,40,1.5,204085,-0.02339882,-0.04022633,0.52792099,0.03999896,7
TNG50-1,40,1.5,204085,-0.03146722,-0.0904072,0.52792099,0.03999896,8
TNG50-1,40,1.5,204085,0.02339099,0.07717464,0.52792099,0.03999896,9
TNG50-1,40,1.5,188221,0.01283294,0.01952275,1.07976452,-0.21057312,0
TNG50-1,40,1.5,188221,-0.08572429,0.02481715,1.07976452,-0.21057312,1
TNG50-1,40,1.5,188221,-0.03569097,0.0455619,1.07976452,-0.21057312,2
TNG50-1,40,1.5,188221,0.03859371,0.00992893,1.07976452,-0.21057312,3
TNG50-1,40,1.5,188221,-0.01398384,0.0244692,1.07976452,-0.21057312,4
TNG50-1,40,1.5,188221,-0.02560307,-0.01296046,1.07976452,-0.21057312,5
TNG50-1,40,1.5,188221,0.07004409,0.00313492,1.07976452,-0.21057312,6
TNG50-1,40,1.5,188221,-0.05236436,0.00537671,1.07976452,-0.21057312,7
TNG50-1,40,1.5,188221,-0.03990767,0.01075491,1.07976452,-0.21057312,8
TNG50-1,40,1.5,188221,0.01056932,0.03862699,1.07976452,-0.21057312,9
TNG50-1,40,1.5,185253,0.02775728,0.0049001,1.27195942,-1.458193,0
TNG50-1,40,1.5,185253,0.00221085,0.11689226,1.27195942,-1.458193,1
TNG50-1,40,1.5,185253,-0.0404563,-0.01890196,1.27195942,-1.458193,2
TNG50-1,40,1.5,185253,0.00338356,0.01620446,1.27195942,-1.458193,3
TNG50-1,40,1.5,185253,-0.00140089,-0.03994029,1.27195942,-1.458193,4
TNG50-1,40,1.5,185253,0.00965908,-0.01757624,1.27195942,-1.458193,5
TNG50-1,40,1.5,185253,0.11032627,0.0124467,1.27195942,-1.458193,6
TNG50-1,40,1.5,185253,-0.02618864,0.0423152,1.27195942,-1.458193,7
TNG50-1,40,1.5,185253,0.02111445,0.01595474,1.27195942,-1.458193,8
TNG50-1,40,1.5,185253,0.0534231,0.06295574,1.27195942,-1.458193,9
TNG50-1,40,1.5,15219,-0.02607693,-0.04254098,1.30060709,-1.24720385,0
TNG50-1,40,1.5,15219,-0.04719768,-0.05387916,1.30060709,-1.24720385,1
TNG50-1,40,1.5,15219,0.06505792,-0.01498265,1.30060709,-1.24720385,2
TNG50-1,40,1.5,15219,0.03167108,-0.06083019,1.30060709,-1.24720385,3
TNG50-1,40,1.5,15219,0.03024967,0.01675212,1.30060709,-1.24720385,4
TNG50-1,40,1.5,15219,0.06236057,0.00258492,1.30060709,-1.24720385,5
TNG50-1,40,1.5,15219,0.14063246,0.02405143,1.30060709,-1.24720385,6
TNG50-1,40,1.5,15219,-0.08546131,0.02538642,1.30060709,-1.24720385,7
TNG50-1,40,1.5,15219,-0.03691883,0.03015034,1.30060709,-1.24720385,8
TNG50-1,40,1.5,15219,-0.03080875,-0.01867045,1.30060709,-1.24720385,9
TNG50-1,40,1.5,152693,0.10605717,0.03630492,1.0864973,-1.44174255,0
TNG50-1,40,1.5,152693,0.01172156,-0.04655367,1.0864973,-1.44174255,1
TNG50-1,40,1.5,152693,-0.09312424,-0.04995724,1.0864973,-1.44174255,2
TNG50-1,40,1.5,152693,-0.05011879,0.00184027,1.0864973,-1.44174255,3
TNG50-1,40,1.5,152693,-0.08702515,0.00865036,1.0864973,-1.44174255,4
TNG50-1,40,1.5,152693,0.00086673,-0.09281558,1.0864973,-1.44174255,5
TNG50-1,40,1.5,152693,-0.00609026,-0.00901535,1.0864973,-1.44174255,6
TNG50-1,40,1.5,152693,-0.02342128,0.0007036,1.0864973,-1.44174255,7
TNG50-1,40,1.5,152693,0.10054631,-0.01075746,1.0864973,-1.44174255,8
TNG50-1,40,1.5,152693,0.02744914,-0.04066952,1.0864973,-1.44174255,9
TNG50-1,40,1.5,195521,-0.02697676,0.03951967,0.32892519,-0.79775527,0
TNG50-1,40,1.5,195521,-0.00884296,0.04897927,0.32892519,-0.79775527,1
TNG50-1,40,1.5,195521,0.00454,0.06458432,0.32892519,-0.79775527,2
TNG50-1,40,1.5,195521,0.03023958,0.08891605,0.32892519,-0.79775527,3
TNG50-1,40,1.5,195521,0.05404281,-0.04332081,0.32892519,-0.79775527,4
TNG50-1,40,1.5,195521,-0.01471739,0.00069491,0.32892519,-0.79775527,5
TNG50-1,40,1.5,195521,-0.02280781,0.00056388,0.32892519,-0.79775527,6
TNG50-1,40,1.5,195521,0.02188278,-0.00490368,0.32892519,-0.79775527,7
TNG50-1,40,1.5,195521,0.03054225,-0.03246315,0.32892519,-0.79775527,8
TNG50-1,40,1.5,195521,-0.02171002,-0.0742781,0.32892519,-0.79775527,9
TNG50-1,40,1.5,186577,0.06146879,-0.0518291,0.65104841,-0.14100146,0
TNG50-1,40,1.5,186577,-0.04029968,-0.00422599,0.65104841,-0.14100146,1
TNG50-1,40,1.5,186577,-0.06968362,0.03375723,0.65104841,-0.14100146,2
TNG50-1,40,1.5,186577,0.04712968,-0.11906337,0.65104841,-0.14100146,3
TNG50-1,40,1.5,186577,0.02461485,0.05168931,0.65104841,-0.14100146,4
TNG50-1,40,1.5,186577,-0.03102593,-0.05912253,0.65104841,-0.14100146,5
TNG50-1,40,1.5,186577,-0.07910835,0.01659977,0.65104841,-0.14100146,6
TNG50-1,40,1.5,186577,-0.03723117,0.01233416,0.65104841,-0.14100146,7
TNG50-1,40,1.5,186577,-0.00273522,0.05422932,0.65104841,-0.14100146,8
TNG50-1,40,1.5,186577,0.0582836,0.02754622,0.65104841,-0.14100146,9
TNG50-1,40,1.5,177300,-0.11886452,0.02081841,1.13528188,0.05054132,0
TNG50-1,40,1.5,177300,-0.03923896,-0.05452236,1.13528188,0.05054132,1
TNG50-1,40,1.5,177300,0.00691026,0.03156374,1.13528188,0.05054132,2
TNG50-1,40,1.5,177300,-0.00974899,0.04541966,1.13528188,0.05054132,3
TNG50-1,40,1.5,177300,0.02388054,0.00634335,1.13528188,0.05054132,4
TNG50-1,40,1.5,177300,0.03946833,-0.15318899,1.13528188,0.05054132,5
TNG50-1,40,1.5,177300,0.03042259,-0.06390442,1.13528188,0.05054132,6
TNG50-1,40,1.5,177300,-0.01071375,0.09430946,1.13528188,0.05054132,7
TNG50-1,40,1.5,177300,-0.09231685,-0.02732689,1.13528188,0.05054132,8
TNG50-1,40,1.5,177300,-0.02277406,-0.09920716,1.13528188,0.05054132,9
TNG50-1,40,1.5,36240,-0.02451111,0.04132037,0.73561762,-1.41069925,0
TNG50-1,40,1.5,36240,-0.04450104,0.01396208,0.73561762,-1.41069925,1
TNG50-1,40,1.5,36240,-0.13813378,0.06843923,0.73561762,-1.41069925,2
TNG50-1,40,1.5,36240,-0.02173497,0.00279697,0.73561762,-1.41069925,3
TNG50-1,40,1.5,36240,0.0184679,0.02480604,0.73561762,-1.41069925,4
TNG50-1,40,1.5,36240,-0.02466109,0.01831665,0.73561762,-1.41069925,5
TNG50-1,40,1.5,36240,0.09676906,-0.01441427,0.73561762,-1.41069925,6
TNG50-1,40,1.5,36240,0.00066879,0.02024912,0.73561762,-1.41069925,7
TNG50-1,40,1.5,36240,0.06455145,0.11171931,0.73561762,-1.41069925,8
TNG50-1,40,1.5,36240,0.01307102,-0.01351985,0.73561762,-1.41069925,9
TNG50-1,40,1.5,15218,0.02097324,-0.04510556,1.06539632,-1.22019343,0
TNG50-1,40,1.5,15218,0.06288895,-0.07762537,1.06539632,-1.22019343,1
TNG50-1,40,1.5,15218,0.05701266,0.01303772,1.06539632,-1.22019343,2
TNG50-1,40,1.5,15218,0.00058582,-0.00168017,1.06539632,-1.22019343,3
TNG50-1,40,1.5,15218,-0.11916944,-0.02457704,1.06539632,-1.22019343,4
TNG50-1,40,1.5,15218,0.02583514,0.00423306,1.06539632,-1.22019343,5
TNG50-1,40,1.5,15218,-0.11097371,0.13837179,1.06539632,-1.22019343,6
TNG50-1,40,1.5,15218,0.07349686,0.04172628,1.06539632,-1.22019343,7
TNG50-1,40,1.5,15218,0.00847369,0.05247493,1.06539632,-1.22019343,8
TNG50-1,40,1.5,15218,0.0499837,0.04219684,1.06539632,-1.22019343,9
TNG50-1,40,1.5,91587,0.07397311,0.03257703,0.81048004,-0.3628402,0
TNG50-1,40,1.5,91587,-0.00950358,0.03108007,0.81048004,-0.3628402,1
TNG50-1,40,1.5,91587,-0.10273807,-0.00186246,0.81048004,-0.3628402,2
TNG50-1,40,1.5,91587,-0.00942931,0.00987781,0.81048004,-0.3628402,3
TNG50-1,40,1.5,91587,0.04058679,-0.05925923,0.81048004,-0.3628402,4
TNG50-1,40,1.5,91587,-0.04849002,-0.1093221,0.81048004,-0.3628402,5
TNG50-1,40,1.5,91587,-0.0088183,0.00750406,0.81048004,-0.3628402,6
TNG50-1,40,1.5,91587,-0.03458849,0.01619951,0.81048004,-0.3628402,7
TNG50-1,40,1.5,91587,0.07510146,0.06046323,0.81048004,-0.3628402,8
TNG50-1,40,1.5,91587,0.03747285,0.07856679,0.81048004,-0.3628402,9
TNG50-1,40,1.5,189576,0.07849992,-0.05503306,1.39117439,-1.38064059,0
TNG50-1,40,1.5,189576,-0.04990118,-0.01192182,1.39117439,-1.38064059,1
TNG50-1,40,1.5,189576,-0.01761325,-0.0057389,1.39117439,-1.38064059,2
TNG50-1,40,1.5,189576,0.02401671,0.0796456,1.39117439,-1.38064059,3
TNG50-1,40,1.5,189576,0.12659523,-0.01773487,1.39117439,-1.38064059,4
TNG50-1,40,1.5,189576,0.07400496,-0.12196248,1.39117439,-1.38064059,5
TNG50-1,40,1.5,189576,0.05596986,0.02522223,1.39117439,-1.38064059,6
TNG50-1,40,1.5,189576,-0.0193894,-0.03495109,1.39117439,-1.38064059,7
TNG50-1,40,1.5,189576,-0.04415998,0.00213155,1.39117439,-1.38064059,8
TNG50-1,40,1.5,189576,0.03944539,-0.00433524,1.39117439,-1.38064059,9
TNG50-1,40,1.5,193644,-0.0136852,-0.09804228,1.22459749,0.62263139,0
TNG50-1,40,1.5,193644,0.03951703,0.03529849,1.22459749,0.62263139,1
TNG50-1,40,1.5,193644,-0.07664324,-0.08299439,1.22459749,0.62263139,2
TNG50-1,40,1.5,193644,-0.02585071,0.01543996,1.22459749,0.62263139,3
TNG50-1,40,1.5,193644,0.0342019,-0.04437319,1.22459749,0.62263139,4
TNG50-1,40,1.5,193644,-0.03070424,-0.05799196,1.22459749,0.62263139,5
TNG50-1,40,1.5,193644,-0.08044034,-0.0220955,1.22459749,0.62263139,6
TNG50-1,40,1.5,193644,0.03342777,-0.00916488,1.22459749,0.62263139,7
TNG50-1,40,1.5,193644,0.05615473,-0.03221041,1.22459749,0.62263139,8
TNG50-1,40,1.5,193644,-0.00224976,0.02943516,1.22459749,0.62263139,9
TNG50-1,40,1.5,211773,-0.02230347,-0.0450517,0.93310649,-0.92042211,0
TNG50-1,40,1.5,211773,0.04900954,0.07878388,0.93310649,-0.92042211,1
TNG50-1,40,1.5,211773,0.01405866,-0.08513893,0.93310649,-0.92042211,2
TNG50-1,40,1.5,211773,-0.03487786,-0.07206754,0.93310649,-0.92042211,3
TNG50-1,40,1.5,211773,-0.04329699,0.05549848,0.93310649,-0.92042211,4
TNG50-1,40,1.5,211773,-0.08237481,0.06783816,0.93310649,-0.92042211,5
TNG50-1,40,1.5,211773,0.01453666,-0.03724915,0.93310649,-0.92042211,6
TNG50-1,40,1.5,211773,-0.01772938,-0.03160429,0.93310649,-0.92042211,7
TNG50-1,40,1.5,211773,-0.11860978,0.03081177,0.93310649,-0.92042211,8
TNG50-1,40,1.5,211773,-0.02678574,-0.11635499,0.93310649,-0.92042211,9
TNG50-1,40,1.5,36237,0.00350566,-0.02675436,1.26152123,-0.33261368,0
TNG50-1,40,1.5,36237,0.0285587,-0.02015813,1.26152123,-0.33261368,1
TNG50-1,40,1.5,36237,-0.04858094,0.02705654,1.26152123,-0.33261368,2
TNG50-1,40,1.5,36237,0.03698463,-0.04137921,1.26152123,-0.33261368,3
TNG50-1,40,1.5,36237,0.04096715,-0.0205267,1.26152123,-0.33261368,4
TNG50-1,40,1.5,36237,0.13018131,0.00447964,1.26152123,-0.33261368,5
TNG50-1,40,1.5,36237,-0.01880521,0.04979693,1.26152123,-0.33261368,6
TNG50-1,40,1.5,36237,-0.02290409,-0.03022993,1.26152123,-0.33261368,7
TNG50-1,40,1.5,36237,0.03844829,-0.09211922,1.26152123,-0.33261368,8
TNG50-1,40,1.5,36237,0.04095521,-0.09582987,1.26152123,-0.33261368,9
TNG50-1,40,1.5,198703,-0.06297065,-0.02305131,0.55962023,-0.26197856,0
TNG50-1,40,1.5,198703,-0.06565839,-0.02166163,0.55962023,-0.26197856,1
TNG50-1,40,1.5,198703,-0.00773054,0.01638732,0.55962023,-0.26197856,2
TNG50-1,40,1.5,198703,-0.05944401,0.02920845,0.55962023,-0.26197856,3
TNG50-1,40,1.5,198703,-0.03513775,-0.04538088,0.55962023,-0.26197856,4
TNG50-1,40,1.5,198703,-0.03870429,0.00182404,0.55962023,-0.26197856,5
TNG50-1,40,1.5,198703,-0.02202539,-0.10158098,0.55962023,-0.26197856,6
TNG50-1,40,1.5,198703,0.06612522,0.01058569,0.55962023,-0.26197856,7
TNG50-1,40,1.5,198703,0.03309738,0.03810746,0.55962023,-0.26197856,8
TNG50-1,40,1.5,198703,0.00080647,-0.01400343,0.55962023,-0.26197856,9
TNG50-1,40,1.5,156291,0.02765384,-0.03007304,0.90159769,-1.21871687,0
TNG50-1,40,1.5,156291,0.01244568,0.08533838,0.90159769,-1.21871687,1
TNG50-1,40,1.5,156291,0.05043342,0.01081023,0.90159769,-1.21871687,2
TNG50-1,40,1.5,156291,0.02422267,0.04024403,0.90159769,-1.21871687,3
TNG50-1,40,1.5,156291,0.06088626,0.006187,0.90159769,-1.21871687,4
TNG50-1,40,1.5,156291,0.04597118,-0.02932578,0.90159769,-1.21871687,5
TNG50-1,40,1.5,156291,0.07608502,0.00054914,0.90159769,-1.21871687,6
TNG50-1,40,1.5,156291,0.0179398,0.0717997,0.90159769,-1.21871687,7
TNG50-1,40,1.5,156291,0.04526297,0.027762,0.90159769,-1.21871687,8
TNG50-1,40,1.5,156291,-0.01535635,-0.08557366,0.90159769,-1.21871687,9
TNG50-1,40,1.5,233558,-0.01076222,0.05741282,0.55538585,1.13965849,0
TNG50-1,40,1.5,233558,0.08911469,0.02710976,0.55538585,1.13965849,1
TNG50-1,40,1.5,233558,-0.01068984,0.0122341,0.55538585,1.13965849,2
TNG50-1,40,1.5,233558,-0.09002393,0.00727574,0.55538585,1.13965849,3
TNG50-1,40,1.5,233558,0.09465244,-0.0087484,0.55538585,1.13965849,4
TNG50-1,40,1.5,233558,0.03411963,0.05228201,0.55538585,1.13965849,5
TNG50-1,40,1.5,233558,-0.00350064,-0.04326714,0.55538585,1.13965849,6
TNG50-1,40,1.5,233558,-0.01857089,-0.08109626,0.55538585,1.13965849,7
TNG50-1,40,1.5,233558,0.0541176,0.03072201,0.55538585,1.13965849,8
TNG50-1,40,1.5,233558,-0.02709917,0.03156192,0.55538585,1.13965849,9
TNG50-1,40,1.5,200427,0.02401206,-0.08395552,0.23623447,-1.56692255,0
TNG50-1,40,1.5,200427,0.02038642,-0.00541167,0.23623447,-1.56692255,1
TNG50-1,40,1.5,200427,-0.01602702,-0.02168137,0.23623447,-1.56692255,2
TNG50-1,40,1.5,200427,0.03937414,-0.10425141,0.23623447,-1.56692255,3
TNG50-1,40,1.5,200427,-0.00227791,0.01945188,0.23623447,-1.56692255,4
TNG50-1,40,1.5,200427,-0.02435568,-0.0190019,0.23623447,-1.56692255,5
TNG50-1,40,1.5,200427,-0.01559457,-0.10496032,0.23623447,-1.56692255,6
TNG50-1,40,1.5,200427,0.10103198,0.0419784,0.23623447,-1.56692255,7
TNG50-1,40,1.5,200427,-0.0867488,0.07175031,0.23623447,-1.56692255,8
TNG50-1,40,1.5,200427,0.02498941,0.07450622,0.23623447,-1.56692255,9
TNG50-1,40,1.5,165004,-0.0342278,0.00450784,1.33376806,-0.21574253,0
TNG50-1,40,1.5,165004,-0.03415459,-0.04931201,1.33376806,-0.21574253,1
TNG50-1,40,1.5,165004,0.07686788,-0.00278425,1.33376806,-0.21574253,2
TNG50-1,40,1.5,165004,0.01057301,0.00026614,1.33376806,-0.21574253,3
TNG50-1,40,1.5,165004,-0.02760124,0.05701047,1.33376806,-0.21574253,4
TNG50-1,40,1.5,165004,-0.00775666,0.06037125,1.33376806,-0.21574253,5
TNG50-1,40,1.5,165004,0.06765368,-0.01646047,1.33376806,-0.21574253,6
TNG50-1,40,1.5,165004,0.07331014,-0.01069766,1.33376806,-0.21574253,7
TNG50-1,40,1.5,165004,-0.04083966,0.03321462,1.33376806,-0.21574253,8
TNG50-1,40,1.5,165004,-0.00212169,-0.02925942,1.33376806,-0.21574253,9
TNG50-1,40,1.5,181911,0.06164319,-0.06397484,0.98823017,-0.75288726,0
TNG50-1,40,1.5,181911,-0.01107981,-0.05160161,0.98823017,-0.75288726,1
TNG50-1,40,1.5,181911,0.04978174,-0.00316599,0.98823017,-0.75288726,2
TNG50-1,40,1.5,181911,-0.03450578,-0.01828584,0.98823017,-0.75288726,3
TNG50-1,40,1.5,181911,-0.07427696,0.06995682,0.98823017,-0.75288726,4
TNG50-1,40,1.5,181911,0.00705845,0.04771742,0.98823017,-0.75288726,5
TNG50-1,40,1.5,181911,-0.08782384,0.02476365,0.98823017,-0.75288726,6
TNG50-1,40,1.5,181911,-0.01198855,0.00728152,0.98823017,-0.75288726,7
TNG50-1,40,1.5,181911,0.06434211,0.01966149,0.98823017,-0.75288726,8
TNG50-1,40,1.5,181911,-0.09548815,-0.04309912,0.98823017,-0.75288726,9
TNG50-1,40,1.5,234153,0.04286052,-0.00253141,1.27445054,-0.55766273,0
TNG50-1,40,1.5,234153,-0.05560221,0.03532663,1.27445054,-0.55766273,1
TNG50-1,40,1.5,234153,0.04176885,-0.00373845,1.27445054,-0.55766273,2
TNG50-1,40,1.5,234153,0.05930713,-0.05701034,1.27445054,-0.55766273,3
TNG50-1,40,1.5,234153,0.01054323,-0.00707013,1.27445054,-0.55766273,4
TNG50-1,40,1.5,234153,-0.00881065,0.00337777,1.27445054,-0.55766273,5
TNG50-1,40,1.5,234153,0.0200155,0.0057467,1.27445054,-0.55766273,6
TNG50-1,40,1.5,234153,-0.14307592,0.00809597,1.27445054,-0.55766273,7
TNG50-1,40,1.5,234153,0.01511291,0.05196845,1.27445054,-0.55766273,8
TNG50-1,40,1.5,234153,-0.0056677,-0.05430173,1.27445054,-0.55766273,9
TNG50-1,40,1.5,118372,-0.04264689,0.0195748,0.43986003,-0.06326099,0
TNG50-1,40,1.5,118372,0.03237871,-0.01968187,0.43986003,-0.06326099,1
TNG50-1,40,1.5,118372,-0.04157614,-0.08095359,0.43986003,-0.06326099,2
TNG50-1,40,1.5,118372,-0.08881838,0.00569376,0.43986003,-0.06326099,3
TNG50-1,40,1.5,118372,0.05097555,0.05395048,0.43986003,-0.06326099,4
TNG50-1,40,1.5,118372,0.05800464,-0.05987941,0.43986003,-0.06326099,5
TNG50-1,40,1.5,118372,0.05230261,0.03193797,0.43986003,-0.06326099,6
TNG50-1,40,1.5,118372,-0.02349326,0.01657708,0.43986003,-0.06326099,7
TNG50-1,40,1.5,118372,-0.00833879,0.03750741,0.43986003,-0.06326099,8
TNG50-1,40,1.5,118372,0.03748828,0.04359877,0.43986003,-0.06326099,9
TNG50-1,40,1.5,122852,-0.0129807,-0.03171655,1.15210602,-0.53175935,0
TNG50-1,40,1.5,122852,0.04849022,-0.01822142,1.15210602,-0.53175935,1
TNG50-1,40,1.5,122852,0.04371388,-0.02102542,1.15210602,-0.53175935,2
TNG50-1,40,1.5,122852,-0.04909549,-0.0266898,1.15210602,-0.53175935,3
TNG50-1,40,1.5,122852,-0.04277632,0.00036035,1.15210602,-0.53175935,4
TNG50-1,40,1.5,122852,0.00543511,-0.02676278,1.15210602,-0.53175935,5
TNG50-1,40,1.5,122852,0.08630662,-0.07312287,1.15210602,-0.53175935,6
TNG50-1,40,1.5,122852,-0.09577826,0.03899348,1.15210602,-0.53175935,7
TNG50-1,40,1.5,122852,0.01391665,0.03764361,1.15210602,-0.53175935,8
TNG50-1,40,1.5,122852,-0.06880217,0.04215872,1.15210602,-0.53175935,9
TNG50-1,40,1.5,236236,-0.07703672,-0.04576129,0.96784494,1.35209315,0
TNG50-1,40,1.5,236236,0.01494591,0.04903366,0.96784494,1.35209315,1
TNG50-1,40,1.5,236236,0.03379894,0.0485249,0.96784494,1.35209315,2
TNG50-1,40,1.5,236236,-0.0515601,-0.04978451,0.96784494,1.35209315,3
TNG50-1,40,1.5,236236,0.00045866,0.02466339,0.96784494,1.35209315,4
TNG50-1,40,1.5,236236,-0.00581333,-0.00537669,0.96784494,1.35209315,5
TNG50-1,40,1.5,236236,0.09210753,0.0277165,0.96784494,1.35209315,6
TNG50-1,40,1.5,236236,0.0962248,0.01153362,0.96784494,1.35209315,7
TNG50-1,40,1.5,236236,-0.08321782,0.05981697,0.96784494,1.35209315,8
TNG50-1,40,1.5,236236,0.12469635,0.00376998,0.96784494,1.35209315,9
TNG50-1,40,1.5,246755,-0.0083937,-0.00775651,0.86971279,-1.4182114,0
TNG50-1,40,1.5,246755,0.05480321,0.07154595,0.86971279,-1.4182114,1
TNG50-1,40,1.5,246755,0.0290198,0.06842347,0.86971279,-1.4182114,2
TNG50-1,40,1.5,246755,0.03659067,0.01216995,0.86971279,-1.4182114,3
TNG50-1,40,1.5,246755,-0.03322933,-0.04109459,0.86971279,-1.4182114,4
TNG50-1,40,1.5,246755,-0.05226314,0.07876883,0.86971279,-1.4182114,5
TNG50-1,40,1.5,246755,-0.02838611,-0.00305087,0.86971279,-1.4182114,6
TNG50-1,40,1.5,246755,-0.03104107,0.00630826,0.86971279,-1.4182114,7
TNG50-1,40,1.5,246755,0.03930996,-0.01698025,0.86971279,-1.4182114,8
TNG50-1,40,1.5,246755,0.0487992,-0.04448952,0.86971279,-1.4182114,9
TNG50-1,40,1.5,230781,0.01527901,-0.04087792,1.33037801,0.66462919,0
TNG50-1,40,1.5,230781,0.04468994,0.02108084,1.33037801,0.66462919,1
TNG50-1,40,1.5,230781,0.03761919,-0.00470076,1.33037801,0.66462919,2
TNG50-1,40,1.5,230781,0.05704064,-0.03315869,1.33037801,0.66462919,3
TNG50-1,40,1.5,230781,-9.592e-05,-0.03311224,1.33037801,0.66462919,4
TNG50-1,40,1.5,230781,0.01517335,-0.06051994,1.33037801,0.66462919,5
TNG50-1,40,1.5,230781,0.02557569,0.04894207,1.33037801,0.66462919,6
TNG50-1,40,1.5,230781,0.00708283,0.00393088,1.33037801,0.66462919,7
TNG50-1,40,1.5,230781,-0.01985972,-0.04314,1.33037801,0.66462919,8
TNG50-1,40,1.5,230781,-0.01662213,0.04042739,1.33037801,0.66462919,9
TNG50-1,40,1.5,207043,-0.02802244,-0.02424949,1.19462521,-1.09813111,0
TNG50-1,40,1.5,207043,-0.07032503,0.0943962,1.19462521,-1.09813111,1
TNG50-1,40,1.5,207043,0.05106111,-5.599e-05,1.19462521,-1.09813111,2
TNG50-1,40,1.5,207043,-0.02685485,-0.11175177,1.19462521,-1.09813111,3
TNG50-1,40,1.5,207043,-0.02044495,0.01786825,1.19462521,-1.09813111,4
TNG50-1,40,1.5,207043,0.002059,0.09722989,1.19462521,-1.09813111,5
TNG50-1,40,1.5,207043,0.05712946,0.07879601,1.19462521,-1.09813111,6
TNG50-1,40,1.5,207043,0.00100186,0.09154771,1.19462521,-1.09813111,7
TNG50-1,40,1.5,207043,-0.05995586,-0.05098801,1.19462521,-1.09813111,8
TNG50-1,40,1.5,207043,0.02719385,0.04560762,1.19462521,-1.09813111,9
TNG50-1,40,1.5,148467,-0.03609973,-0.03730582,0.54840405,-1.42196645,0
TNG50-1,40,1.5,148467,0.01121447,0.04348379,0.54840405,-1.42196645,1
TNG50-1,40,1.5,148467,-0.06364762,0.05890924,0.54840405,-1.42196645,2
TNG50-1,40,1.5,148467,-0.03222279,0.05281928,0.54840405,-1.42196645,3
TNG50-1,40,1.5,148467,-0.03381233,-0.03776097,0.54840405,-1.42196645,4
TNG50-1,40,1.5,148467,0.04492776,-0.13697666,0.54840405,-1.42196645,5
TNG50-1,40,1.5,148467,0.04003596,-0.08834809,0.54840405,-1.42196645,6
TNG50-1,40,1.5,148467,0.01384099,0.07108135,0.54840405,-1.42196645,7
TNG50-1,40,1.5,148467,-0.06752107,-0.02006275,0.54840405,-1.42196645,8
TNG50-1,40,1.5,148467,-0.01558197,-0.03753623,0.54840405,-1.42196645,9
TNG50-1,40,1.5,112197,0.08213301,-0.0584838,0.81416282,-1.13661135,0
TNG50-1,40,1.5,112197,0.063258,0.03774309,0.81416282,-1.13661135,1
TNG50-1,40,1.5,112197,0.00122244,-0.01472844,0.81416282,-1.13661135,2
TNG50-1,40,1.5,112197,-0.01467015,-0.12580476,0.81416282,-1.13661135,3
TNG50-1,40,1.5,112197,-0.00660506,-0.10640848,0.81416282,-1.13661135,4
TNG50-1,40,1.5,112197,0.01135814,-0.05090588,0.81416282,-1.13661135,5
TNG50-1,40,1.5,112197,0.08000236,0.02656116,0.81416282,-1.13661135,6
TNG50-1,40,1.5,112197,0.02112337,0.00568998,0.81416282,-1.13661135,7
TNG50-1,40,1.5,112197,0.03630145,0.00921834,0.81416282,-1.13661135,8
TNG50-1,40,1.5,112197,0.05846351,0.09754717,0.81416282,-1.13661135,9
TNG50-1,40,1.5,242135,-0.06345448,0.05140268,0.80120412,1.31577187,0
TNG50-1,40,1.5,242135,-0.00137167,-0.00266514,0.80120412,1.31577187,1
TNG50-1,40,1.5,242135,0.01522178,-0.00153719,0.80120412,1.31577187,2
TNG50-1,40,1.5,242135,-0.03681366,-0.02920147,0.80120412,1.31577187,3
TNG50-1,40,1.5,242135,0.00141634,0.0059562,0.80120412,1.31577187,4
TNG50-1,40,1.5,242135,-0.07999747,0.01589993,0.80120412,1.31577187,5
TNG50-1,40,1.5,242135,0.07049531,-0.03921293,0.80120412,1.31577187,6
TNG50-1,40,1.5,242135,-0.03408073,-0.00625222,0.80120412,1.31577187,7
TNG50-1,40,1.5,242135,0.10157001,-0.03050494,0.80120412,1.31577187,8
TNG50-1,40,1.5,242135,-0.00162372,0.1149832,0.80120412,1.31577187,9
TNG50-1,40,1.5,201002,-0.00448654,0.03203646,0.77717363,-1.54170586,0
TNG50-1,40,1.5,201002,0.07726161,0.08137007,0.77717363,-1.54170586,1
TNG50-1,40,1.5,201002,-0.00978112,-0.00295211,0.77717363,-1.54170586,2
TNG50-1,40,1.5,201002,0.01296438,0.11951114,0.77717363,-1.54170586,3
TNG50-1,40,1.5,201002,-0.0660682,-0.02426981,0.77717363,-1.54170586,4
TNG50-1,40,1.5,201002,-0.02235363,-0.03832309,0.77717363,-1.54170586,5
TNG50-1,40,1.5,201002,0.01052673,-0.06050264,0.77717363,-1.54170586,6
TNG50-1,40,1.5,201002,0.07930019,0.11655123,0.77717363,-1.54170586,7
TNG50-1,40,1.5,201002,0.01109914,0.04097238,0.77717363,-1.54170586,8
TNG50-1,40,1.5,201002,0.06918602,-0.01670604,0.77717363,-1.54170586,9
TNG50-1,40,1.5,170096,-0.06126959,-0.00499173,1.35201435,-1.47251627,0
TNG50-1,40,1.5,170096,0.07506179,0.02859296,1.35201435,-1.47251627,1
TNG50-1,40,1.5,170096,0.02009641,-0.06147537,1.35201435,-1.47251627,2
TNG50-1,40,1.5,170096,-0.0381098,0.01785643,1.35201435,-1.47251627,3
TNG50-1,40,1.5,170096,-0.00852048,0.05457918,1.35201435,-1.47251627,4
TNG50-1,40,1.5,170096,0.00066183,0.02434093,1.35201435,-1.47251627,5
TNG50-1,40,1.5,170096,0.03678667,0.00695559,1.35201435,-1.47251627,6
TNG50-1,40,1.5,170096,-0.06791317,-0.00479418,1.35201435,-1.47251627,7
TNG50-1,40,1.5,170096,-0.04204746,-0.04174256,1.35201435,-1.47251627,8
TNG50-1,40,1.5,170096,0.01364779,-0.00359993,1.35201435,-1.47251627,9
TNG50-1,40,1.5,238569,-0.02332083,0.06190802,1.11057039,-0.81166531,0
TNG50-1,40,1.5,238569,-0.05544015,-0.03325309,1.11057039,-0.81166531,1
TNG50-1,40,1.5,238569,0.01147302,0.04686885,1.11057039,-0.81166531,2
TNG50-1,40,1.5,238569,-0.02612062,-0.03920711,1.11057039,-0.81166531,3
TNG50-1,40,1.5,238569,-0.02354108,0.09131047,1.11057039,-0.81166531,4
TNG50-1,40,1.5,238569,0.0369663,-0.05668855,1.11057039,-0.81166531,5
TNG50-1,40,1.5,238569,-0.05808667,0.06642394,1.11057039,-0.81166531,6
TNG50-1,40,1.5,238569,-0.04526826,-0.03282431,1.11057039,-0.81166531,7
TNG50-1,40,1.5,238569,0.007704,0.10066232,1.11057039,-0.81166531,8
TNG50-1,40,1.5,238569,0.04847049,0.02956604,1.11057039,-0.81166531,9
TNG50-1,40,1.5,66107,-0.00946228,0.01352427,0.65568262,1.09778348,0
TNG50-1,40,1.5,66107,0.15158812,-0.04544988,0.65568262,1.09778348,1
TNG50-1,40,1.5,66107,-0.01137647,0.02092495,0.65568262,1.09778348,2
TNG50-1,40,1.5,66107,0.01275967,-0.00670136,0.65568262,1.09778348,3
TNG50-1,40,1.5,66107,-0.0198889,-0.03041199,0.65568262,1.09778348,4
TNG50-1,40,1.5,66107,0.01861628,-0.03882372,0.65568262,1.09778348,5
TNG50-1,40,1.5,66107,0.04178075,0.13358817,0.65568262,1.09778348,6
TNG50-1,40,1.5,66107,-0.00569582,-0.01317386,0.65568262,1.09778348,7
TNG50-1,40,1.5,66107,0.08883599,-0.07284927,0.65568262,1.09778348,8
TNG50-1,40,1.5,66107,0.01195746,-0.03491107,0.65568262,1.09778348,9
TNG50-1,40,1.5,223494,-0.00257839,0.05321047,0.53516512,-1.5559008,0
TNG50-1,40,1.5,223494,0.02733335,0.03443059,0.53516512,-1.5559008,1
TNG50-1,40,1.5,223494,0.02773983,0.04883327,0.53516512,-1.5559008,2
TNG50-1,40,1.5,223494,0.03383073,0.00196565,0.53516512,-1.5559008,3
TNG50-1,40,1.5,223494,-0.03224302,0.03884038,0.53516512,-1.5559008,4
TNG50-1,40,1.5,223494,0.01702202,-0.08806447,0.53516512,-1.5559008,5
TNG50-1,40,1.5,223494,-0.04380297,0.04315438,0.53516512,-1.5559008,6
TNG50-1,40,1.5,223494,-0.03098215,0.00885599,0.53516512,-1.5559008,7
TNG50-1,40,1.5,223494,-0.04588545,0.03135548,0.53516512,-1.5559008,8
TNG50-1,40,1.5,223494,-0.05941944,0.01900116,0.53516512,-1.5559008,9
TNG50-1,40,1.5,106424,-0.04935276,-0.07110259,0.95341923,1.1101429,0
TNG50-1,40,1.5,106424,-0.07490199,-0.04109176,0.95341923,1.1101429,1
TNG50-1,40,1.5,106424,-0.03560271,0.00431269,0.95341923,1.1101429,2
TNG50-1,40,1.5,106424,0.02824586,-0.05902972,0.95341923,1.1101429,3
TNG50-1,40,1.5,106424,0.03450457,-0.00579018,0.95341923,1.1101429,4
TNG50-1,40,1.5,106424,-0.06839711,0.05292764,0.95341923,1.1101429,5
TNG50-1,40,1.5,106424,-0.04905497,-0.06508899,0.95341923,1.1101429,6
TNG50-1,40,1.5,106424,-0.03616178,-0.01032229,0.95341923,1.1101429,7
TNG50-1,40,1.5,106424,-0.01786525,0.05123784,0.95341923,1.1101429,8
TNG50-1,40,1.5,106424,-0.06810254,-0.02091342,0.95341923,1.1101429,9
TNG50-1,40,1.5,231752,0.07134924,-0.02244388,0.86899298,-1.05952259,0
TNG50-1,40,1.5,231752,0.00426857,0.07549353,0.86899298,-1.05952259,1
TNG50-1,40,1.5,231752,-0.08307525,-0.05376442,0.86899298,-1.05952259,2
TNG50-1,40,1.5,231752,-0.09220602,0.04348806,0.86899298,-1.05952259,3
TNG50-1,40,1.5,231752,0.0127541,-0.02423654,0.86899298,-1.05952259,4
TNG50-1,40,1.5,231752,-0.02959894,0.02728969,0.86899298,-1.05952259,5
TNG50-1,40,1.5,231752,-0.04572881,0.05486638,0.86899298,-1.05952259,6
TNG50-1,40,1.5,231752,-0.00313733,0.03706409,0.86899298,-1.05952259,7
TNG50-1,40,1.5,231752,0.03077926,0.04545798,0.86899298,-1.05952259,8
TNG50-1,40,1.5,231752,-0.07263788,-0.05757968,0.86899298,-1.05952259,9
TNG50-1,40,1.5,188913,0.05568299,0.05746884,0.5379246,0.85745809,0
TNG50-1,40,1.5,188913,-0.04263466,-0.00223665,0.5379246,0.85745809,1
TNG50-1,40,1.5,188913,0.01297709,-0.07025822,0.5379246,0.85745809,2
TNG50-1,40,1.5,188913,0.01291231,0.04830648,0.5379246,0.85745809,3
TNG50-1,40,1.5,188913,0.02425613,-0.01851853,0.5379246,0.85745809,4
TNG50-1,40,1.5,188913,0.01684783,0.01710017,0.5379246,0.85745809,5
TNG50-1,40,1.5,188913,-0.0421905,-0.03237297,0.5379246,0.85745809,6
TNG50-1,40,1.5,188913,-0.06749337,0.08221509,0.5379246,0.85745809,7
TNG50-1,40,1.5,188913,0.04361743,-0.04382824,0.5379246,0.85745809,8
TNG50-1,40,1.5,188913,0.00929173,-0.01687149,0.5379246,0.85745809,9
TNG50-1,40,1.5,244922,-0.08031284,0.00094956,1.31293709,-0.1430762,0
TNG50-1,40,1.5,244922,-0.0156577,-0.00173396,1.31293709,-0.1430762,1
TNG50-1,40,1.5,244922,0.00827577,-0.09427865,1.31293709,-0.1430762,2
TNG50-1,40,1.5,244922,0.03894149,-0.01987417,1.31293709,-0.1430762,3
TNG50-1,40,1.5,244922,0.04550507,0.00281028,1.31293709,-0.1430762,4
TNG50-1,40,1.5,244922,0.0141953,-0.0140685,1.31293709,-0.1430762,5
TNG50-1,40,1.5,244922,0.02926238,-0.01234119,1.31293709,-0.1430762,6
TNG50-1,40,1.5,244922,0.00320684,0.02439957,1.31293709,-0.1430762,7
TNG50-1,40,1.5,244922,-0.03369258,-0.05394786,1.31293709,-0.1430762,8
TNG50-1,40,1.5,244922,-0.01306322,-0.08140211,1.31293709,-0.1430762,9
TNG50-1,40,1.5,193025,0.01129299,-0.05368512,0.82166353,-0.43499724,0
TNG50-1,40,1.5,193025,0.01624424,-0.08633033,0.82166353,-0.43499724,1
TNG50-1,40,1.5,193025,0.09391896,-0.03978394,0.82166353,-0.43499724,2
TNG50-1,40,1.5,193025,-0.03344547,-0.05235459,0.82166353,-0.43499724,3
TNG50-1,40,1.5,193025,-0.00367393,0.02918933,0.82166353,-0.43499724,4
TNG50-1,40,1.5,193025,0.0213062,0.03005459,0.82166353,-0.43499724,5
TNG50-1,40,1.5,193025,-0.00117115,-0.04519396,0.82166353,-0.43499724,6
TNG50-1,40,1.5,193025,-0.02503091,-0.01301143,0.82166353,-0.43499724,7
TNG50-1,40,1.5,193025,-0.07746286,-0.09291213,0.82166353,-0.43499724,8
TNG50-1,40,1.5,193025,-0.02554173,-0.024717,0.82166353,-0.43499724,9
TNG50-1,40,1.5,225428,0.0199491,-0.10975919,1.2516405,0.9838191,0
TNG50-1,40,1.5,225428,0.04124689,-0.10112235,1.2516405,0.9838191,1
TNG50-1,40,1.5,225428,-0.03565235,0.00647048,1.2516405,0.9838191,2
TNG50-1,40,1.5,225428,0.05259274,-0.01790313,1.2516405,0.9838191,3
TNG50-1,40,1.5,225428,-0.0757846,-0.05529176,1.2516405,0.9838191,4
TNG50-1,40,1.5,225428,-0.06238139,0.00327663,1.2516405,0.9838191,5
TNG50-1,40,1.5,225428,0.03548309,0.00575657,1.2516405,0.9838191,6
TNG50-1,40,1.5,225428,0.08355606,0.04722079,1.2516405,0.9838191,7
TNG50-1,40,1.5,225428,0.0246716,0.00683011,1.2516405,0.9838191,8
TNG50-1,40,1.5,225428,-0.00201712,0.06141972,1.2516405,0.9838191,9
TNG50-1,40,1.5,266628,0.09911302,-0.07906554,1.23958936,0.940007,0
TNG50-1,40,1.5,266628,0.00232566,0.03520952,1.23958936,0.940007,1
TNG50-1,40,1.5,266628,0.00319889,0.09704335,1.23958936,0.940007,2
TNG50-1,40,1.5,266628,-0.01867215,0.03606127,1.23958936,0.940007,3
TNG50-1,40,1.5,266628,0.05530031,0.07308996,1.23958936,0.940007,4
TNG50-1,40,1.5,266628,-0.01644599,-0.04230511,1.23958936,0.940007,5
TNG50-1,40,1.5,266628,-0.02106686,0.01181621,1.23958936,0.940007,6
TNG50-1,40,1.5,266628,0.04892964,-0.047158,1.23958936,0.940007,7
TNG50-1,40,1.5,266628,-0.02691495,-0.01138828,1.23958936,0.940007,8
TNG50-1,40,1.5,266628,-0.00188775,0.03861057,1.23958936,0.940007,9
TNG50-1,40,1.5,255629,0.00509103,-0.077265,1.37955642,0.31646494,0
TNG50-1,40,1.5,255629,-0.07063205,-0.01516008,1.37955642,0.31646494,1
TNG50-1,40,1.5,255629,-0.06575146,0.05477612,1.37955642,0.31646494,2
TNG50-1,40,1.5,255629,-0.0690582,0.02752168,1.37955642,0.31646494,3
TNG50-1,40,1.5,255629,0.02457263,-0.06545475,1.37955642,0.31646494,4
TNG50-1,40,1.5,255629,0.10319473,0.03053711,1.37955642,0.31646494,5
TNG50-1,40,1.5,255629,0.06812291,-0.10687503,1.37955642,0.31646494,6
TNG50-1,40,1.5,255629,-0.09479926,-0.01114111,1.37955642,0.31646494,7
TNG50-1,40,1.5,255629,0.0710538,0.05689784,1.37955642,0.31646494,8
TNG50-1,40,1.5,255629,0.04682002,0.00091971,1.37955642,0.31646494,9
TNG50-1,40,1.5,215839,-0.02494688,-0.06061841,0.39937979,-0.89109486,0
TNG50-1,40,1.5,215839,0.04446731,-0.04776558,0.39937979,-0.89109486,1
TNG50-1,40,1.5,215839,0.04873759,-0.01410072,0.39937979,-0.89109486,2
TNG50-1,40,1.5,215839,0.06550198,0.01207261,0.39937979,-0.89109486,3
TNG50-1,40,1.5,215839,0.04371712,0.07204063,0.39937979,-0.89109486,4
TNG50-1,40,1.5,215839,0.05406874,-0.00208986,0.39937979,-0.89109486,5
TNG50-1,40,1.5,215839,0.03664543,0.05017381,0.39937979,-0.89109486,6
TNG50-1,40,1.5,215839,0.01327643,0.05396578,0.39937979,-0.89109486,7
TNG50-1,40,1.5,215839,0.00447545,-0.01157234,0.39937979,-0.89109486,8
TNG50-1,40,1.5,215839,-0.01186299,0.02973451,0.39937979,-0.89109486,9
TNG50-1,40,1.5,239903,0.03225083,-0.00247952,1.16451872,-0.48230153,0
TNG50-1,40,1.5,239903,0.10272725,0.06736616,1.16451872,-0.48230153,1
TNG50-1,40,1.5,239903,0.00392251,0.09004953,1.16451872,-0.48230153,2
TNG50-1,40,1.5,239903,-0.00308327,0.02240711,1.16451872,-0.48230153,3
TNG50-1,40,1.5,239903,0.01545012,-0.01882974,1.16451872,-0.48230153,4
TNG50-1,40,1.5,239903,0.10161685,0.12463694,1.16451872,-0.48230153,5
TNG50-1,40,1.5,239903,-0.05118239,-0.02137772,1.16451872,-0.48230153,6
TNG50-1,40,1.5,239903,0.01016035,-0.0285568,1.16451872,-0.48230153,7
TNG50-1,40,1.5,239903,-0.03998287,-0.08874715,1.16451872,-0.48230153,8
TNG50-1,40,1.5,239903,-0.02735024,0.06980458,1.16451872,-0.48230153,9
TNG50-1,40,1.5,68956,0.04841228,0.03225563,0.73847772,-1.51099879,0
TNG50-1,40,1.5,68956,0.12089028,-0.03827477,0.73847772,-1.51099879,1
TNG50-1,40,1.5,68956,-0.06947617,-0.028972,0.73847772,-1.51099879,2
TNG50-1,40,1.5,68956,0.07290854,-0.02317223,0.73847772,-1.51099879,3
TNG50-1,40,1.5,68956,0.00350678,-0.09263639,0.73847772,-1.51099879,4
TNG50-1,40,1.5,68956,0.04030501,0.04308792,0.73847772,-1.51099879,5
TNG50-1,40,1.5,68956,-0.08238886,0.05957968,0.73847772,-1.51099879,6
TNG50-1,40,1.5,68956,0.07340409,-0.03506721,0.73847772,-1.51099879,7
TNG50-1,40,1.5,68956,0.03932584,0.01741015,0.73847772,-1.51099879,8
TNG50-1,40,1.5,68956,-0.0019455,-0.01327702,0.73847772,-1.51099879,9
TNG50-1,40,1.5,208267,-0.07779197,0.0714766,0.26410093,0.70743427,0
TNG50-1,40,1.5,208267,0.0832388,0.01283472,0.26410093,0.70743427,1
TNG50-1,40,1.5,208267,-0.00451595,0.04266163,0.26410093,0.70743427,2
TNG50-1,40,1.5,208267,-0.03237051,0.03595465,0.26410093,0.70743427,3
TNG50-1,40,1.5,208267,-0.01369959,0.03116455,0.26410093,0.70743427,4
TNG50-1,40,1.5,208267,-0.07386539,0.01739672,0.26410093,0.70743427,5
TNG50-1,40,1.5,208267,0.07115476,-0.01164254,0.26410093,0.70743427,6
TNG50-1,40,1.5,208267,-0.01965265,0.09577173,0.26410093,0.70743427,7
TNG50-1,40,1.5,208267,0.06837008,-0.04534685,0.26410093,0.70743427,8
TNG50-1,40,1.5,208267,0.00258259,0.00021538,0.26410093,0.70743427,9
TNG50-1,40,1.5,147367,0.00074429,0.02439417,0.83318967,0.6537379,0
TNG50-1,40,1.5,147367,0.02012204,0.0263349,0.83318967,0.6537379,1
TNG50-1,40,1.5,147367,-0.02147363,0.02835854,0.83318967,0.6537379,2
TNG50-1,40,1.5,147367,0.01573732,-0.09662945,0.83318967,0.6537379,3
TNG50-1,40,1.5,147367,-0.00844213,-0.06805085,0.83318967,0.6537379,4
TNG50-1,40,1.5,147367,-0.07909763,0.09867607,0.83318967,0.6537379,5
TNG50-1,40,1.5,147367,0.00047761,-0.05236044,0.83318967,0.6537379,6
TNG50-1,40,1.5,147367,-0.05502827,0.03054205,0.83318967,0.6537379,7
TNG50-1,40,1.5,147367,-0.08671929,-0.03434688,0.83318967,0.6537379,8
TNG50-1,40,1.5,147367,0.00684367,0.00398364,0.83318967,0.6537379,9
TNG50-1,40,1.5,218213,-0.03166271,0.03591739,0.98027471,0.74952239,0
TNG50-1,40,1.5,218213,0.02807706,-0.00428036,0.98027471,0.74952239,1
TNG50-1,40,1.5,218213,0.00683871,-0.09693763,0.98027471,0.74952239,2
TNG50-1,40,1.5,218213,-0.02241449,-0.06611432,0.98027471,0.74952239,3
TNG50-1,40,1.5,218213,-0.05250861,0.06413964,0.98027471,0.74952239,4
TNG50-1,40,1.5,218213,0.01338871,-0.0394878,0.98027471,0.74952239,5
TNG50-1,40,1.5,218213,-0.06063594,-0.0349626,0.98027471,0.74952239,6
TNG50-1,40,1.5,218213,0.02137405,-0.00828252,0.98027471,0.74952239,7
TNG50-1,40,1.5,218213,0.13132425,-0.05310231,0.98027471,0.74952239,8
TNG50-1,40,1.5,218213,0.0675085,-0.06133844,0.98027471,0.74952239,9
TNG50-1,40,1.5,155133,-0.02220607,-0.02197318,0.31671383,-1.1748729,0
TNG50-1,40,1.5,155133,0.03796926,-0.06719495,0.31671383,-1.1748729,1
TNG50-1,40,1.5,155133,0.01515241,0.02101811,0.31671383,-1.1748729,2
TNG50-1,40,1.5,155133,0.02951603,0.02730446,0.31671383,-1.1748729,3
TNG50-1,40,1.5,155133,-0.00325228,0.0545236,0.31671383,-1.1748729,4
TNG50-1,40,1.5,155133,0.05848731,-0.04681606,0.31671383,-1.1748729,5
TNG50-1,40,1.5,155133,0.04623496,-0.04532155,0.31671383,-1.1748729,6
TNG50-1,40,1.5,155133,0.02230705,0.02299501,0.31671383,-1.1748729,7
TNG50-1,40,1.5,155133,0.04637729,-0.00355835,0.31671383,-1.1748729,8
TNG50-1,40,1.5,155133,0.03752118,-0.09428808,0.31671383,-1.1748729,9
TNG50-1,40,1.5,226914,0.04794033,-0.0483745,1.30528492,-1.02747693,0
TNG50-1,40,1.5,226914,0.06159897,0.10717234,1.30528492,-1.02747693,1
TNG50-1,40,1.5,226914,-0.00318771,-0.00889129,1.30528492,-1.02747693,2
TNG50-1,40,1.5,226914,-0.01053595,-0.0387386,1.30528492,-1.02747693,3
TNG50-1,40,1.5,226914,-0.01645268,0.07155496,1.30528492,-1.02747693,4
TNG50-1,40,1.5,226914,-0.01279116,0.01409043,1.30528492,-1.02747693,5
TNG50-1,40,1.5,226914,0.04271199,0.02890775,1.30528492,-1.02747693,6
TNG50-1,40,1.5,226914,0.0115505,-0.00690235,1.30528492,-1.02747693,7
TNG50-1,40,1.5,226914,0.01176449,-0.01593365,1.30528492,-1.02747693,8
TNG50-1,40,1.5,226914,-0.05626118,-0.00847932,1.30528492,-1.02747693,9
TNG50-1,40,1.5,196346,-0.06913691,0.02955533,0.70239838,0.0229107,0
TNG50-1,40,1.5,196346,-0.00439637,-0.03710067,0.70239838,0.0229107,1
TNG50-1,40,1.5,196346,0.01480165,-0.06769038,0.70239838,0.0229107,2
TNG50-1,40,1.5,196346,0.09252316,-0.01741847,0.70239838,0.0229107,3
TNG50-1,40,1.5,196346,0.00429995,0.00457632,0.70239838,0.0229107,4
TNG50-1,40,1.5,196346,-0.11670885,-0.09360778,0.70239838,0.0229107,5
TNG50-1,40,1.5,196346,-0.00469927,-0.05745796,0.70239838,0.0229107,6
TNG50-1,40,1.5,196346,0.13697521,0.00051678,0.70239838,0.0229107,7
TNG50-1,40,1.5,196346,0.04331831,-0.02040866,0.70239838,0.0229107,8
TNG50-1,40,1.5,196346,-0.04054445,0.01974056,0.70239838,0.0229107,9
TNG50-1,40,1.5,66108,-0.06073342,0.00087685,1.01633812,1.54495508,0
TNG50-1,40,1.5,66108,0.03570569,-0.05131992,1.01633812,1.54495508,1
TNG50-1,40,1.5,66108,-0.05918795,-0.02450692,1.01633812,1.54495508,2
TNG50-1,40,1.5,66108,0.08213672,-0.06059549,1.01633812,1.54495508,3
TNG50-1,40,1.5,66108,-0.08578791,-0.0639355,1.01633812,1.54495508,4
TNG50-1,40,1.5,66108,-0.05462771,0.02008745,1.01633812,1.54495508,5
TNG50-1,40,1.5,66108,0.02086854,-0.0561589,1.01633812,1.54495508,6
TNG50-1,40,1.5,66108,0.08321166,0.0159777,1.01633812,1.54495508,7
TNG50-1,40,1.5,66108,0.01575215,-0.06509114,1.01633812,1.54495508,8
TNG50-1,40,1.5,66108,0.0281429,0.01481915,1.01633812,1.54495508,9
TNG50-1,40,1.5,176577,-0.02443413,-0.06077514,0.90455406,-1.55820607,0
TNG50-1,40,1.5,176577,0.07033078,-0.07067587,0.90455406,-1.55820607,1
TNG50-1,40,1.5,176577,0.01618594,-0.11698741,0.90455406,-1.55820607,2
TNG50-1,40,1.5,176577,0.06178914,-0.05281732,0.90455406,-1.55820607,3
TNG50-1,40,1.5,176577,-0.03778234,0.03137469,0.90455406,-1.55820607,4
TNG50-1,40,1.5,176577,0.00280717,-0.07992493,0.90455406,-1.55820607,5
TNG50-1,40,1.5,176577,-0.04905436,-0.06840614,0.90455406,-1.55820607,6
TNG50-1,40,1.5,176577,-0.02068026,0.08954493,0.90455406,-1.55820607,7
TNG50-1,40,1.5,176577,-0.01310521,-0.0318248,0.90455406,-1.55820607,8
TNG50-1,40,1.5,176577,-0.03629291,0.0160523,0.90455406,-1.55820607,9
TNG50-1,40,1.5,185871,0.01615416,-0.05281327,0.29906012,1.5490709,0
TNG50-1,40,1.5,185871,-0.01580624,0.03776259,0.29906012,1.5490709,1
TNG50-1,40,1.5,185871,-0.05508109,0.01756548,0.29906012,1.5490709,2
TNG50-1,40,1.5,185871,0.03329165,0.0549592,0.29906012,1.5490709,3
TNG50-1,40,1.5,185871,0.00062569,0.01982434,0.29906012,1.5490709,4
TNG50-1,40,1.5,185871,0.04441788,0.01043248,0.29906012,1.5490709,5
TNG50-1,40,1.5,185871,0.03950378,0.05998649,0.29906012,1.5490709,6
TNG50-1,40,1.5,185871,-0.0710881,0.02348637,0.29906012,1.5490709,7
TNG50-1,40,1.5,185871,-0.07171111,0.00340505,0.29906012,1.5490709,8
TNG50-1,40,1.5,185871,-0.03777704,0.07402265,0.29906012,1.5490709,9
TNG50-1,40,1.5,150534,0.00575904,-0.03634972,0.25535657,0.26590074,0
TNG50-1,40,1.5,150534,-0.01521703,0.11919305,0.25535657,0.26590074,1
TNG50-1,40,1.5,150534,-0.04189116,-0.00330963,0.25535657,0.26590074,2
TNG50-1,40,1.5,150534,0.03515127,-0.02038654,0.25535657,0.26590074,3
TNG50-1,40,1.5,150534,0.06185253,0.00129811,0.25535657,0.26590074,4
TNG50-1,40,1.5,150534,-0.00252937,-0.10014069,0.25535657,0.26590074,5
TNG50-1,40,1.5,150534,0.06539578,-0.0379934,0.25535657,0.26590074,6
TNG50-1,40,1.5,150534,-0.09850075,0.049162,0.25535657,0.26590074,7
TNG50-1,40,1.5,150534,-0.00277267,-0.03144727,0.25535657,0.26590074,8
TNG50-1,40,1.5,150534,-0.00200475,-0.04144376,0.25535657,0.26590074,9
TNG50-1,40,1.5,223070,0.06547628,-0.07818526,1.15550044,-1.17209688,0
TNG50-1,40,1.5,223070,0.06701272,0.01097013,1.15550044,-1.17209688,1
TNG50-1,40,1.5,223070,0.02584952,0.01172978,1.15550044,-1.17209688,2
TNG50-1,40,1.5,223070,-0.02275587,0.08503964,1.15550044,-1.17209688,3
TNG50-1,40,1.5,223070,-0.01197355,-0.03341692,1.15550044,-1.17209688,4
TNG50-1,40,1.5,223070,-0.0402075,0.01480503,1.15550044,-1.17209688,5
TNG50-1,40,1.5,223070,-0.04973866,0.01563563,1.15550044,-1.17209688,6
TNG50-1,40,1.5,223070,-0.05222082,-0.01269188,1.15550044,-1.17209688,7
TNG50-1,40,1.5,223070,-0.03090272,0.03721668,1.15550044,-1.17209688,8
TNG50-1,40,1.5,223070,-0.05173605,0.03876146,1.15550044,-1.17209688,9
TNG50-1,40,1.5,267973,0.01637055,0.01417207,0.70071646,1.24816167,0
TNG50-1,40,1.5,267973,-0.01278199,-0.05170556,0.70071646,1.24816167,1
TNG50-1,40,1.5,267973,-0.01787651,-0.01524611,0.70071646,1.24816167,2
TNG50-1,40,1.5,267973,-0.06838769,-0.03451648,0.70071646,1.24816167,3
TNG50-1,40,1.5,267973,-0.04029589,0.03009478,0.70071646,1.24816167,4
TNG50-1,40,1.5,267973,-0.03110038,-0.03393941,0.70071646,1.24816167,5
TNG50-1,40,1.5,267973,-0.05619859,0.05058302,0.70071646,1.24816167,6
TNG50-1,40,1.5,267973,0.0219962,-0.01228604,0.70071646,1.24816167,7
TNG50-1,40,1.5,267973,0.05983139,-0.03248019,0.70071646,1.24816167,8
TNG50-1,40,1.5,267973,-0.04540312,-0.06266526,0.70071646,1.24816167,9
TNG50-1,50,1.0,70415,0.01266023,0.01808003,0.46323777,-0.13696132,0
TNG50-1,50,1.0,70415,0.04476092,0.01282295,0.46323777,-0.13696132,1
TNG50-1,50,1.0,70415,0.01366606,0.03434768,0.46323777,-0.13696132,2
TNG50-1,50,1.0,70415,0.11194158,0.08614149,0.46323777,-0.13696132,3
TNG50-1,50,1.0,70415,0.07148937,0.00854777,0.46323777,-0.13696132,4
TNG50-1,50,1.0,70415,-0.01537639,-0.00565202,0.46323777,-0.13696132,5
TNG50-1,50,1.0,70415,-0.01590137,0.07543598,0.46323777,-0.13696132,6
TNG50-1,50,1.0,70415,0.02348484,0.04837752,0.46323777,-0.13696132,7
TNG50-1,50,1.0,70415,-0.04190096,-0.01604899,0.46323777,-0.13696132,8
TNG50-1,50,1.0,70415,0.05831442,0.00025932,0.46323777,-0.13696132,9
TNG50-1,50,1.0,79612,0.00976905,-0.06121517,0.80442316,-0.35706884,0
TNG50-1,50,1.0,79612,0.01809065,-0.02308211,0.80442316,-0.35706884,1
TNG50-1,50,1.0,79612,-0.06782999,0.02936288,0.80442316,-0.35706884,2
TNG50-1,50,1.0,79612,-0.07712423,0.02974762,0.80442316,-0.35706884,3
TNG50-1,50,1.0,79612,-0.0443695,-0.03622869,0.80442316,-0.35706884,4
TNG50-1,50,1.0,79612,-0.04823692,0.00808312,0.80442316,-0.35706884,5
TNG50-1,50,1.0,79612,-0.0321912,0.10994239,0.80442316,-0.35706884,6
TNG50-1,50,1.0,79612,0.03173553,-0.0008799,0.80442316,-0.35706884,7
TNG50-1,50,1.0,79612,-0.00844646,-0.03465935,0.80442316,-0.35706884,8
TNG50-1,50,1.0,79612,0.00981973,-0.00868812,0.80442316,-0.35706884,9
TNG50-1,50,1.0,126646,0.00460886,0.04447067,1.25636879,-0.43479947,0
TNG50-1,50,1.0,126646,-0.00755842,-0.00496059,1.25636879,-0.43479947,1
TNG50-1,50,1.0,126646,-0.00156774,0.01995516,1.25636879,-0.43479947,2
TNG50-1,50,1.0,126646,-0.07217234,-0.02708002,1.25636879,-0.43479947,3
TNG50-1,50,1.0,126646,-0.04813152,0.02860479,1.25636879,-0.43479947,4
TNG50-1,50,1.0,126646,-0.00746676,0.01878651,1.25636879,-0.43479947,5
TNG50-1,50,1.0,126646,-0.0082634,0.04329085,1.25636879,-0.43479947,6
TNG50-1,50,1.0,126646,-0.02830946,0.03567302,1.25636879,-0.43479947,7
TNG50-1,50,1.0,126646,-0.00885068,0.02943678,1.25636879,-0.43479947,8
TNG50-1,50,1.0,126646,0.00305074,-0.00492087,1.25636879,-0.43479947,9
TNG50-1,50,1.0,1,0.01224696,-0.0109797,0.47087984,-0.34084131,0
TNG50-1,50,1.0,1,0.05317545,-0.00786589,0.47087984,-0.34084131,1
TNG50-1,50,1.0,1,-0.03260373,-0.00801465,0.47087984,-0.34084131,2
TNG50-1,50,1.0,1,-0.03142039,0.07079571,0.47087984,-0.34084131,3
TNG50-1,50,1.0,1,0.00907157,-0.06078991,0.47087984,-0.34084131,4
TNG50-1,50,1.0,1,0.02076398,-0.04123113,0.47087984,-0.34084131,5
TNG50-1,50,1.0,1,-0.04120532,-0.13060979,0.47087984,-0.34084131,6
TNG50-1,50,1.0,1,-0.00373813,-0.02404583,0.47087984,-0.34084131,7
TNG50-1,50,1.0,1,-0.00469994,-0.01978218,0.47087984,-0.34084131,8
TNG50-1,50,1.0,1,-0.11076401,-0.02549886,0.47087984,-0.34084131,9
TNG50-1,50,1.0,106001,0.05538387,0.11382693,0.98761983,-1.28882822,0
TNG50-1,50,1.0,106001,0.04303088,0.00308052,0.98761983,-1.28882822,1
TNG50-1,50,1.0,106001,0.00389284,-0.03826778,0.98761983,-1.28882822,2
TNG50-1,50,1.0,106001,-0.01853065,-0.05924826,0.98761983,-1.28882822,3
TNG50-1,50,1.0,106001,0.05130948,0.02759774,0.98761983,-1.28882822,4
TNG50-1,50,1.0,106001,-0.00098789,-0.0882308,0.98761983,-1.28882822,5
TNG50-1,50,1.0,106001,-0.0409135,0.02751726,0.98761983,-1.28882822,6
TNG50-1,50,1.0,106001,-0.08581243,0.04088558,0.98761983,-1.28882822,7
TNG50-1,50,1.0,106001,-0.02206572,0.02181397,0.98761983,-1.28882822,8
TNG50-1,50,1.0,106001,0.03773218,-0.01098308,0.98761983,-1.28882822,9
TNG50-1,50,1.0,118813,-0.04045496,0.00170889,1.23626062,-1.46028772,0
TNG50-1,50,1.0,118813,-0.09945838,0.01503074,1.23626062,-1.46028772,1
TNG50-1,50,1.0,118813,0.02703048,0.02769382,1.23626062,-1.46028772,2
TNG50-1,50,1.0,118813,0.10600404,-0.00665382,1.23626062,-1.46028772,3
TNG50-1,50,1.0,118813,0.06947801,-0.00600426,1.23626062,-1.46028772,4
TNG50-1,50,1.0,118813,-0.01286589,0.06899162,1.23626062,-1.46028772,5
TNG50-1,50,1.0,118813,0.00044227,0.06047604,1.23626062,-1.46028772,6
TNG50-1,50,1.0,118813,0.04438531,0.02387053,1.23626062,-1.46028772,7
TNG50-1,50,1.0,118813,0.0561064,0.08595545,1.23626062,-1.46028772,8
TNG50-1,50,1.0,118813,-0.01717679,-0.01932229,1.23626062,-1.46028772,9
TNG50-1,50,1.0,2,0.08114867,0.05812315,0.76634306,-1.07592215,0
TNG50-1,50,1.0,2,0.02712577,0.03523239,0.76634306,-1.07592215,1
TNG50-1,50,1.0,2,0.16355131,-0.04804982,0.76634306,-1.07592215,2
TNG50-1,50,1.0,2,-0.0596241,0.07038794,0.76634306,-1.07592215,3
TNG50-1,50,1.0,2,-0.03446726,0.06146625,0.76634306,-1.07592215,4
TNG50-1,50,1.0,2,0.02093989,0.02997923,0.76634306,-1.07592215,5
TNG50-1,50,1.0,2,0.0198617,0.01021738,0.76634306,-1.07592215,6
TNG50-1,50,1.0,2,0.09750695,0.0113054,0.76634306,-1.07592215,7
TNG50-1,50,1.0,2,-0.03341873,-0.00393679,0.76634306,-1.07592215,8
TNG50-1,50,1.0,2,0.04524593,0.03203926,0.76634306,-1.07592215,9
TNG50-1,50,1.0,141965,0.00155674,-0.01338554,1.22025828,-0.92419438,0
TNG50-1,50,1.0,141965,-0.04242625,-0.02167135,1.22025828,-0.92419438,1
TNG50-1,50,1.0,141965,-0.05242958,0.02411931,1.22025828,-0.92419438,2
TNG50-1,50,1.0,141965,-0.03760181,-0.09182551,1.22025828,-0.92419438,3
TNG50-1,50,1.0,141965,0.01110661,-0.03952672,1.22025828,-0.92419438,4
TNG50-1,50,1.0,141965,-0.00134779,0.04905364,1.22025828,-0.92419438,5
TNG50-1,50,1.0,141965,0.01076719,-0.0868711,1.22025828,-0.92419438,6
TNG50-1,50,1.0,141965,0.02504066,0.05587871,1.22025828,-0.92419438,7
TNG50-1,50,1.0,141965,-0.03136605,0.07555683,1.22025828,-0.92419438,8
TNG50-1,50,1.0,141965,0.07328301,-0.01847277,1.22025828,-0.92419438,9
TNG50-1,50,1.0,146546,0.07042244,-0.02209279,1.22638174,-0.88371674,0
TNG50-1,50,1.0,146546,-0.1269604,-0.07869295,1.22638174,-0.88371674,1
TNG50-1,50,1.0,146546,0.03989296,-0.04328491,1.22638174,-0.88371674,2
TNG50-1,50,1.0,146546,-0.02318725,0.06406669,1.22638174,-0.88371674,3
TNG50-1,50,1.0,146546,-0.02051704,0.00373884,1.22638174,-0.88371674,4
TNG50-1,50,1.0,146546,0.08461576,0.02255436,1.22638174,-0.88371674,5
TNG50-1,50,1.0,146546,-0.03570655,-0.01307106,1.22638174,-0.88371674,6
TNG50-1,50,1.0,146546,-0.03400346,-0.03297488,1.22638174,-0.88371674,7
TNG50-1,50,1.0,146546,-0.00651971,0.08387847,1.22638174,-0.88371674,8
TNG50-1,50,1.0,146546,0.02069237,-0.00940959,1.22638174,-0.88371674,9
TNG50-1,50,1.0,123137,0.01762312,-0.0777355,0.52188501,-0.82824812,0
TNG50-1,50,1.0,123137,0.01694973,-0.02949407,0.52188501,-0.82824812,1
TNG50-1,50,1.0,123137,-0.01848504,-0.05681514,0.52188501,-0.82824812,2
TNG50-1,50,1.0,123137,-0.02981858,0.08857546,0.52188501,-0.82824812,3
TNG50-1,50,1.0,123137,-0.10932032,0.04378278,0.52188501,-0.82824812,4
TNG50-1,50,1.0,123137,0.04843703,-0.11013463,0.52188501,-0.82824812,5
TNG50-1,50,1.0,123137,0.02241549,-0.07568808,0.52188501,-0.82824812,6
TNG50-1,50,1.0,123137,-0.0089583,-0.00661728,0.52188501,-0.82824812,7
TNG50-1,50,1.0,123137,-0.00686134,-0.02362201,0.52188501,-0.82824812,8
TNG50-1,50,1.0,123137,0.03680721,-0.06621911,0.52188501,-0.82824812,9
TNG50-1,50,1.0,186226,-0.0024242,0.07141692,1.09030204,-1.08824194,0
TNG50-1,50,1.0,186226,-0.02327934,-0.00675768,1.09030204,-1.08824194,1
TNG50-1,50,1.0,186226,-0.03428035,0.03732091,1.09030204,-1.08824194,2
TNG50-1,50,1.0,186226,0.07735447,-0.03760144,1.09030204,-1.08824194,3
TNG50-1,50,1.0,186226,-0.00411628,-0.00824222,1.09030204,-1.08824194,4
TNG50-1,50,1.0,186226,0.06350215,-0.04334262,1.09030204,-1.08824194,5
TNG50-1,50,1.0,186226,-0.02666261,0.06179992,1.09030204,-1.08824194,6
TNG50-1,50,1.0,186226,0.01223881,0.01557047,1.09030204,-1.08824194,7
TNG50-1,50,1.0,186226,-0.0027738,0.01835268,1.09030204,-1.08824194,8
TNG50-1,50,1.0,186226,-0.08488112,0.06790921,1.09030204,-1.08824194,9
TNG50-1,50,1.0,178021,0.05781706,-0.00265782,1.354369,-1.37184404,0
TNG50-1,50,1.0,178021,0.03826713,-0.08276863,1.354369,-1.37184404,1
TNG50-1,50,1.0,178021,-0.07108637,0.02644137,1.354369,-1.37184404,2
TNG50-1,50,1.0,178021,-0.03478396,0.01889813,1.354369,-1.37184404,3
TNG50-1,50,1.0,178021,-0.05019441,0.09539742,1.354369,-1.37184404,4
TNG50-1,50,1.0,178021,0.03637668,0.04239366,1.354369,-1.37184404,5
TNG50-1,50,1.0,178021,0.0085326,-0.02114571,1.354369,-1.37184404,6
TNG50-1,50,1.0,178021,-0.06952562,0.0409035,1.354369,-1.37184404,7
TNG50-1,50,1.0,178021,-0.00943721,-0.06988319,1.354369,-1.37184404,8
TNG50-1,50,1.0,178021,-0.07470562,-0.04812363,1.354369,-1.37184404,9
TNG50-1,50,1.0,158267,0.01908453,0.01489666,1.17614397,0.21541811,0
TNG50-1,50,1.0,158267,-0.00266874,-0.03751095,1.17614397,0.21541811,1
TNG50-1,50,1.0,158267,0.0543163,0.08928104,1.17614397,0.21541811,2
TNG50-1,50,1.0,158267,-0.03084898,0.04434132,1.17614397,0.21541811,3
TNG50-1,50,1.0,158267,0.0493087,-0.03391749,1.17614397,0.21541811,4
TNG50-1,50,1.0,158267,0.02692489,0.02562975,1.17614397,0.21541811,5
TNG50-1,50,1.0,158267,-0.0006015,0.01288479,1.17614397,0.21541811,6
TNG50-1,50,1.0,158267,-0.01574683,-0.02583124,1.17614397,0.21541811,7
TNG50-1,50,1.0,158267,0.12133339,0.03790821,1.17614397,0.21541811,8
TNG50-1,50,1.0,158267,-0.04085043,0.01946527,1.17614397,0.21541811,9
TNG50-1,50,1.0,179342,0.01078494,0.08797736,0.84394403,1.29574611,0
TNG50-1,50,1.0,179342,-0.00209599,-0.04517413,0.84394403,1.29574611,1
TNG50-1,50,1.0,179342,0.02155272,-0.03676316,0.84394403,1.29574611,2
TNG50-1,50,1.0,179342,0.01146938,-0.0484909,0.84394403,1.29574611,3
TNG50-1,50,1.0,179342,0.00295467,0.01617325,0.84394403,1.29574611,4
TNG50-1,50,1.0,179342,-0.0320508,-0.06865253,0.84394403,1.29574611,5
TNG50-1,50,1.0,179342,0.08468831,-0.02392642,0.84394403,1.29574611,6
TNG50-1,50,1.0,179342,-0.052521,-0.10761829,0.84394403,1.29574611,7
TNG50-1,50,1.0,179342,0.02138181,0.01202107,0.84394403,1.29574611,8
TNG50-1,50,1.0,179342,-0.01601204,-0.02501074,0.84394403,1.29574611,9
TNG50-1,50,1.0,151037,-0.07440284,-0.01311891,1.22775401,0.11692657,0
TNG50-1,50,1.0,151037,0.05428047,-0.00846713,1.22775401,0.11692657,1
TNG50-1,50,1.0,151037,-0.06538334,0.06361194,1.22775401,0.11692657,2
TNG50-1,50,1.0,151037,0.03984718,-0.03743444,1.22775401,0.11692657,3
TNG50-1,50,1.0,151037,-0.03505204,0.00456469,1.22775401,0.11692657,4
TNG50-1,50,1.0,151037,0.08007857,0.04773139,1.22775401,0.11692657,5
TNG50-1,50,1.0,151037,0.03747753,0.04045587,1.22775401,0.11692657,6
TNG50-1,50,1.0,151037,-0.05040239,-0.00798063,1.22775401,0.11692657,7
TNG50-1,50,1.0,151037,-0.04585413,-0.01444529,1.22775401,0.11692657,8
TNG50-1,50,1.0,151037,0.03027626,-0.08694077,1.22775401,0.11692657,9
TNG50-1,50,1.0,138975,-0.05281225,0.04542934,0.47425872,0.39580787,0
TNG50-1,50,1.0,138975,0.01591796,0.01450667,0.47425872,0.39580787,1
TNG50-1,50,1.0,138975,-0.00689411,0.08971159,0.47425872,0.39580787,2
TNG50-1,50,1.0,138975,0.00374635,-0.07494476,0.47425872,0.39580787,3
TNG50-1,50,1.0,138975,0.05196268,-0.00038631,0.47425872,0.39580787,4
TNG50-1,50,1.0,138975,-0.05936616,0.01831685,0.47425872,0.39580787,5
TNG50-1,50,1.0,138975,-0.01180902,-0.04572775,0.47425872,0.39580787,6
TNG50-1,50,1.0,138975,0.00943555,0.01503573,0.47425872,0.39580787,7
TNG50-1,50,1.0,138975,-0.035208,-0.05532912,0.47425872,0.39580787,8
TNG50-1,50,1.0,138975,0.07157386,0.03452787,0.47425872,0.39580787,9
TNG50-1,50,1.0,160370,-0.05529925,-0.08799544,0.83405238,1.41008221,0
TNG50-1,50,1.0,160370,-0.0020959,-0.07825642,0.83405238,1.41008221,1
TNG50-1,50,1.0,160370,0.00337273,-0.04482226,0.83405238,1.41008221,2
TNG50-1,50,1.0,160370,0.04230626,-0.05888949,0.83405238,1.41008221,3
TNG50-1,50,1.0,160370,0.0919751,0.01566183,0.83405238,1.41008221,4
TNG50-1,50,1.0,160370,0.01942758,-0.05997009,0.83405238,1.41008221,5
TNG50-1,50,1.0,160370,-0.02698942,-0.15718332,0.83405238,1.41008221,6
TNG50-1,50,1.0,160370,0.03935422,-0.05219559,0.83405238,1.41008221,7
TNG50-1,50,1.0,160370,-0.03491263,-0.02359298,0.83405238,1.41008221,8
TNG50-1,50,1.0,160370,-0.05166687,-0.03027247,0.83405238,1.41008221,9
TNG50-1,50,1.0,162738,-0.08113837,-0.12803687,0.53458218,-1.28623382,0
TNG50-1,50,1.0,162738,-0.01793037,-0.02230628,0.53458218,-1.28623382,1
TNG50-1,50,1.0,162738,0.02834853,0.02791093,0.53458218,-1.28623382,2
TNG50-1,50,1.0,162738,-0.03473297,0.00757585,0.53458218,-1.28623382,3
TNG50-1,50,1.0,162738,0.12603543,0.01377363,0.53458218,-1.28623382,4
TNG50-1,50,1.0,162738,0.04428428,0.0660455,0.53458218,-1.28623382,5
TNG50-1,50,1.0,162738,0.06521651,0.01910288,0.53458218,-1.28623382,6
TNG50-1,50,1.0,162738,0.03976215,0.03994565,0.53458218,-1.28623382,7
TNG50-1,50,1.0,162738,0.09264325,-0.04697814,0.53458218,-1.28623382,8
TNG50-1,50,1.0,162738,-0.0393501,-0.05476968,0.53458218,-1.28623382,9
TNG50-1,50,1.0,148668,0.0807057,0.05535796,0.67452759,-0.86101957,0
TNG50-1,50,1.0,148668,0.00504508,0.01465383,0.67452759,-0.86101957,1
TNG50-1,50,1.0,148668,-0.03116146,0.01326588,0.67452759,-0.86101957,2
TNG50-1,50,1.0,148668,-0.03106972,-0.03715602,0.67452759,-0.86101957,3
TNG50-1,50,1.0,148668,-0.03245616,-0.00605142,0.67452759,-0.86101957,4
TNG50-1,50,1.0,148668,-0.03544795,0.01805006,0.67452759,-0.86101957,5
TNG50-1,50,1.0,148668,-0.06415739,0.03580979,0.67452759,-0.86101957,6
TNG50-1,50,1.0,148668,-0.07502102,-0.00469459,0.67452759,-0.86101957,7
TNG50-1,50,1.0,148668,-0.00975022,0.05395619,0.67452759,-0.86101957,8
TNG50-1,50,1.0,148668,-0.02964629,0.00039947,0.67452759,-0.86101957,9
TNG50-1,50,1.0,174075,0.03964236,0.02132237,0.58430831,-0.19527648,0
TNG50-1,50,1.0,174075,-0.02449261,-0.02804495,0.58430831,-0.19527648,1
TNG50-1,50,1.0,174075,-0.09062942,0.05547121,0.58430831,-0.19527648,2
TNG50-1,50,1.0,174075,0.01341795,-0.04414328,0.58430831,-0.19527648,3
TNG50-1,50,1.0,174075,0.0362662,-0.02917617,0.58430831,-0.19527648,4
TNG50-1,50,1.0,174075,0.02876737,0.08182126,0.58430831,-0.19527648,5
TNG50-1,50,1.0,174075,0.02110933,0.0434291,0.58430831,-0.19527648,6
TNG50-1,50,1.0,174075,-0.01742935,-0.01790047,0.58430831,-0.19527648,7
TNG50-1,50,1.0,174075,-0.04033731,0.01436904,0.58430831,-0.19527648,8
TNG50-1,50,1.0,174075,0.02758641,0.00773961,0.58430831,-0.19527648,9
TNG50-1,50,1.0,130254,-0.13728069,-0.00780318,0.93212589,1.4001879,0
TNG50-1,50,1.0,130254,-0.0453237,-0.01458869,0.93212589,1.4001879,1
TNG50-1,50,1.0,130254,-0.00254233,0.11209189,0.93212589,1.4001879,2
TNG50-1,50,1.0,130254,-0.01783057,-0.11203521,0.93212589,1.4001879,3
TNG50-1,50,1.0,130254,0.01235513,-0.0194167,0.93212589,1.4001879,4
TNG50-1,50,1.0,130254,0.05647412,-0.00018445,0.93212589,1.4001879,5
TNG50-1,50,1.0,130254,-0.01607679,-0.03905712,0.93212589,1.4001879,6
TNG50-1,50,1.0,130254,-0.05288274,0.04499129,0.93212589,1.4001879,7
TNG50-1,50,1.0,130254,0.01624258,0.04066288,0.93212589,1.4001879,8
TNG50-1,50,1.0,130254,-0.01633117,-0.00238773,0.93212589,1.4001879,9
TNG50-1,50,1.0,169401,-0.01353369,0.04331987,0.21312459,-0.38230097,0
TNG50-1,50,1.0,169401,-0.00559784,0.01251616,0.21312459,-0.38230097,1
TNG50-1,50,1.0,169401,-0.00523933,0.02526338,0.21312459,-0.38230097,2
TNG50-1,50,1.0,169401,-0.00391865,-0.07147491,0.21312459,-0.38230097,3
TNG50-1,50,1.0,169401,-0.00939996,0.08924741,0.21312459,-0.38230097,4
TNG50-1,50,1.0,169401,0.01262247,-0.03044255,0.21312459,-0.38230097,5
TNG50-1,50,1.0,169401,0.0376606,0.00841029,0.21312459,-0.38230097,6
TNG50-1,50,1.0,169401,-0.06151301,0.04271923,0.21312459,-0.38230097,7
TNG50-1,50,1.0,169401,-0.05253319,-0.04934899,0.21312459,-0.38230097,8
TNG50-1,50,1.0,169401,-0.0874259,-0.02731622,0.21312459,-0.38230097,9
TNG50-1,50,1.0,156083,-0.01741922,-0.08628174,1.05292505,0.12716128,0
TNG50-1,50,1.0,156083,0.06136456,-0.1555244,1.05292505,0.12716128,1
TNG50-1,50,1.0,156083,-0.04251037,0.03665268,1.05292505,0.12716128,2
TNG50-1,50,1.0,156083,0.01565828,-0.00481067,1.05292505,0.12716128,3
TNG50-1,50,1.0,156083,0.0033985,0.0570633,1.05292505,0.12716128,4
TNG50-1,50,1.0,156083,-0.0778358,-0.0440359,1.05292505,0.12716128,5
TNG50-1,50,1.0,156083,-0.06595151,0.01751062,1.05292505,0.12716128,6
TNG50-1,50,1.0,156083,0.00059555,0.04230867,1.05292505,0.12716128,7
TNG50-1,50,1.0,156083,0.09906,-0.02237318,1.05292505,0.12716128,8
TNG50-1,50,1.0,156083,0.02896349,-0.02130428,1.05292505,0.12716128,9
TNG50-1,50,1.0,79613,0.00126314,0.00335906,1.1236568,-0.99648564,0
TNG50-1,50,1.0,79613,0.02713382,-0.01933418,1.1236568,-0.99648564,1
TNG50-1,50,1.0,79613,-0.0007167,-0.00087169,1.1236568,-0.99648564,2
TNG50-1,50,1.0,79613,0.04869982,-0.00198811,1.1236568,-0.99648564,3
TNG50-1,50,1.0,79613,-0.02309676,0.00874097,1.1236568,-0.99648564,4
TNG50-1,50,1.0,79613,-0.06641976,-0.11787437,1.1236568,-0.99648564,5
TNG50-1,50,1.0,79613,0.09884877,0.09404382,1.1236568,-0.99648564,6
TNG50-1,50,1.0,79613,-0.03023169,-0.00736442,1.1236568,-0.99648564,7
TNG50-1,50,1.0,79613,-0.0284221,0.02903113,1.1236568,-0.99648564,8
TNG50-1,50,1.0,79613,-0.00329017,-0.06890507,1.1236568,-0.99648564,9
TNG50-1,50,1.0,188936,-0.02355001,-0.06578318,0.35263961,-0.56318037,0
TNG50-1,50,1.0,188936,-0.03361579,-0.09736526,0.35263961,-0.56318037,1
TNG50-1,50,1.0,188936,0.07348619,-0.05437511,0.35263961,-0.56318037,2
TNG50-1,50,1.0,188936,-0.02929068,-0.04058,0.35263961,-0.56318037,3
TNG50-1,50,1.0,188936,0.037904,-0.08072406,0.35263961,-0.56318037,4
TNG50-1,50,1.0,188936,-0.03252102,-0.03670739,0.35263961,-0.56318037,5
TNG50-1,50,1.0,188936,-0.02263095,-0.10073572,0.35263961,-0.56318037,6
TNG50-1,50,1.0,188936,-0.01227751,-0.05089944,0.35263961,-0.56318037,7
TNG50-1,50,1.0,188936,0.06419226,0.06002102,0.35263961,-0.56318037,8
TNG50-1,50,1.0,188936,-0.09449263,0.0201794,0.35263961,-0.56318037,9
TNG50-1,50,1.0,219145,0.00937338,-0.01606713,0.87983036,0.4812665,0
TNG50-1,50,1.0,219145,-0.05013893,-0.01005949,0.87983036,0.4812665,1
TNG50-1,50,1.0,219145,-0.07680425,0.10185639,0.87983036,0.4812665,2
TNG50-1,50,1.0,219145,-0.0569578,-0.08810001,0.87983036,0.4812665,3
TNG50-1,50,1.0,219145,-0.00216049,-0.01173384,0.87983036,0.4812665,4
TNG50-1,50,1.0,219145,0.04340884,0.06058745,0.87983036,0.4812665,5
TNG50-1,50,1.0,219145,0.04511837,-0.07329457,0.87983036,0.4812665,6
TNG50-1,50,1.0,219145,0.03153062,-0.03218737,0.87983036,0.4812665,7
TNG50-1,50,1.0,219145,-0.03687784,-0.02645192,0.87983036,0.4812665,8
TNG50-1,50,1.0,219145,0.00122749,-0.01116449,0.87983036,0.4812665,9
TNG50-1,50,1.0,222506,-0.07979786,-0.05937633,0.6040149,0.54303495,0
TNG50-1,50,1.0,222506,0.0297643,0.00901677,0.6040149,0.54303495,1
TNG50-1,50,1.0,222506,0.03331436,-0.0675898,0.6040149,0.54303495,2
TNG50-1,50,1.0,222506,0.02541877,-0.05995052,0.6040149,0.54303495,3
TNG50-1,50,1.0,222506,-0.04351868,-0.05205616,0.6040149,0.54303495,4
TNG50-1,50,1.0,222506,0.00432554,-0.02221547,0.6040149,0.54303495,5
TNG50-1,50,1.0,222506,-0.04497201,0.04684845,0.6040149,0.54303495,6
TNG50-1,50,1.0,222506,-0.01662983,0.02891991,0.6040149,0.54303495,7
TNG50-1,50,1.0,222506,0.1076734,0.02614977,0.6040149,0.54303495,8
TNG50-1,50,1.0,222506,0.00478477,-0.05494623,0.6040149,0.54303495,9
TNG50-1,50,1.0,197030,-0.10411206,-0.03877036,0.27377134,-0.85248498,0
TNG50-1,50,1.0,197030,0.00352948,0.02502323,0.27377134,-0.85248498,1
TNG50-1,50,1.0,197030,0.00128851,0.01784544,0.27377134,-0.85248498,2
TNG50-1,50,1.0,197030,0.00914644,-0.05441539,0.27377134,-0.85248498,3
TNG50-1,50,1.0,197030,0.10531201,0.05984084,0.27377134,-0.85248498,4
TNG50-1,50,1.0,197030,0.06202983,0.00511552,0.27377134,-0.85248498,5
TNG50-1,50,1.0,197030,0.03925305,-0.08645356,0.27377134,-0.85248498,6
TNG50-1,50,1.0,197030,-0.04810386,-0.00256714,0.27377134,-0.85248498,7
TNG50-1,50,1.0,197030,-0.02564974,0.01406032,0.27377134,-0.85248498,8
TNG50-1,50,1.0,197030,-0.00474223,0.04863962,0.27377134,-0.85248498,9
TNG50-1,50,1.0,203704,0.01853041,0.05649852,0.9644236,-1.04026602,0
TNG50-1,50,1.0,203704,-0.02608102,-0.04149092,0.9644236,-1.04026602,1
TNG50-1,50,1.0,203704,-0.01322094,-0.00387194,0.9644236,-1.04026602,2
TNG50-1,50,1.0,203704,-0.03784549,-0.09109791,0.9644236,-1.04026602,3
TNG50-1,50,1.0,203704,-0.00806147,0.05615511,0.9644236,-1.04026602,4
TNG50-1,50,1.0,203704,0.09446898,0.10325121,0.9644236,-1.04026602,5
TNG50-1,50,1.0,203704,0.06925298,0.00400413,0.9644236,-1.04026602,6
TNG50-1,50,1.0,203704,0.01772395,-0.10625051,0.9644236,-1.04026602,7
TNG50-1,50,1.0,203704,-0.00126471,0.03044453,0.9644236,-1.04026602,8
TNG50-1,50,1.0,203704,0.04221006,-0.04520446,0.9644236,-1.04026602,9
TNG50-1,50,1.0,176324,-0.03316747,-0.00890517,0.29610492,1.3718383,0
TNG50-1,50,1.0,176324,0.03132882,-0.07067543,0.29610492,1.3718383,1
TNG50-1,50,1.0,176324,0.01272771,0.04945323,0.29610492,1.3718383,2
TNG50-1,50,1.0,176324,-0.02440544,-0.13694057,0.29610492,1.3718383,3
TNG50-1,50,1.0,176324,-0.03248028,-0.02231826,0.29610492,1.3718383,4
TNG50-1,50,1.0,176324,0.0062918,-0.03100992,0.29610492,1.3718383,5
TNG50-1,50,1.0,176324,-0.02047328,0.00740894,0.29610492,1.3718383,6
TNG50-1,50,1.0,176324,-0.05546186,0.02808309,0.29610492,1.3718383,7
TNG50-1,50,1.0,176324,-0.01662816,0.05633824,0.29610492,1.3718383,8
TNG50-1,50,1.0,176324,0.01697963,-0.03562024,0.29610492,1.3718383,9
TNG50-1,50,1.0,248389,0.02932912,-0.07801837,1.07196658,-0.98047982,0
TNG50-1,50,1.0,248389,0.00979092,-0.00329144,1.07196658,-0.98047982,1
TNG50-1,50,1.0,248389,-0.08557697,-0.02819373,1.07196658,-0.98047982,2
TNG50-1,50,1.0,248389,0.09502701,-0.0338649,1.07196658,-0.98047982,3
TNG50-1,50,1.0,248389,-0.07193876,0.02143739,1.07196658,-0.98047982,4
TNG50-1,50,1.0,248389,0.02097486,0.05387393,1.07196658,-0.98047982,5
TNG50-1,50,1.0,248389,0.019498,-0.01716279,1.07196658,-0.98047982,6
TNG50-1,50,1.0,248389,0.01378184,0.03903405,1.07196658,-0.98047982,7
TNG50-1,50,1.0,248389,-0.02472884,0.00248703,1.07196658,-0.98047982,8
TNG50-1,50,1.0,248389,0.04136263,-0.04463661,1.07196658,-0.98047982,9
TNG50-1,50,1.0,227888,-0.0128976,0.03904658,1.05640855,-1.2336646,0
TNG50-1,50,1.0,227888,-0.01497429,-0.06354764,1.05640855,-1.2336646,1
TNG50-1,50,1.0,227888,-0.034833,-0.07057686,1.05640855,-1.2336646,2
TNG50-1,50,1.0,227888,0.02142415,0.08372158,1.05640855,-1.2336646,3
TNG50-1,50,1.0,227888,0.01173231,0.01757854,1.05640855,-1.2336646,4
TNG50-1,50,1.0,227888,-0.07953248,-0.02096203,1.05640855,-1.2336646,5
TNG50-1,50,1.0,227888,-0.0825763,-0.04669702,1.05640855,-1.2336646,6
TNG50-1,50,1.0,227888,0.02123422,-0.02552204,1.05640855,-1.2336646,7
TNG50-1,50,1.0,227888,-0.04076432,-0.05952862,1.05640855,-1.2336646,8
TNG50-1,50,1.0,227888,0.01510206,0.04417061,1.05640855,-1.2336646,9
TNG50-1,50,1.0,184805,-0.03883756,0.05809332,0.87150569,-0.00738996,0
TNG50-1,50,1.0,184805,0.05467673,0.04102996,0.87150569,-0.00738996,1
TNG50-1,50,1.0,184805,-0.02003145,0.06260218,0.87150569,-0.00738996,2
TNG50-1,50,1.0,184805,-0.05216751,-0.00263607,0.87150569,-0.00738996,3
TNG50-1,50,1.0,184805,-0.02131508,0.05069484,0.87150569,-0.00738996,4
TNG50-1,50,1.0,184805,-0.13120834,-0.0735622,0.87150569,-0.00738996,5
TNG50-1,50,1.0,184805,-0.00603843,0.03565238,0.87150569,-0.00738996,6
TNG50-1,50,1.0,184805,-0.00850596,-0.03855814,0.87150569,-0.00738996,7
TNG50-1,50,1.0,184805,0.04123714,-0.08257009,0.87150569,-0.00738996,8
TNG50-1,50,1.0,184805,-0.09431525,-0.05620703,0.87150569,-0.00738996,9
TNG50-1,50,1.0,87125,-0.04920243,0.01523347,1.23821383,-0.19896495,0
TNG50-1,50,1.0,87125,-0.03192881,0.02399012,1.23821383,-0.19896495,1
TNG50-1,50,1.0,87125,0.00498552,-0.06701042,1.23821383,-0.19896495,2
TNG50-1,50,1.0,87125,-0.01104094,-5.85e-05,1.23821383,-0.19896495,3
TNG50-1,50,1.0,87125,0.03551374,0.0254624,1.23821383,-0.19896495,4
TNG50-1,50,1.0,87125,0.06523658,-0.01263788,1.23821383,-0.19896495,5
TNG50-1,50,1.0,87125,-0.04879192,0.05378528,1.23821383,-0.19896495,6
TNG50-1,50,1.0,87125,-0.03669744,0.11559156,1.23821383,-0.19896495,7
TNG50-1,50,1.0,87125,-0.07181197,-0.04735314,1.23821383,-0.19896495,8
TNG50-1,50,1.0,87125,0.10151865,-0.05110436,1.23821383,-0.19896495,9
TNG50-1,50,1.0,87127,0.00856204,-0.04682989,0.51227755,-0.04310073,0
TNG50-1,50,1.0,87127,-0.07113143,0.00059648,0.51227755,-0.04310073,1
TNG50-1,50,1.0,87127,-0.01640348,0.0006527,0.51227755,-0.04310073,2
TNG50-1,50,1.0,87127,-0.00414485,-0.06835569,0.51227755,-0.04310073,3
TNG50-1,50,1.0,87127,-0.02552289,-0.02697637,0.51227755,-0.04310073,4
TNG50-1,50,1.0,87127,0.07408678,-0.01616413,0.51227755,-0.04310073,5
TNG50-1,50,1.0,87127,0.02399195,0.02067398,0.51227755,-0.04310073,6
TNG50-1,50,1.0,87127,0.06865875,0.02306751,0.51227755,-0.04310073,7
TNG50-1,50,1.0,87127,0.01317126,-0.02906592,0.51227755,-0.04310073,8
TNG50-1,50,1.0,87127,0.00406939,0.02344348,0.51227755,-0.04310073,9
TNG50-1,50,1.0,240072,-0.00910395,0.08136156,0.86664926,-0.06928286,0
TNG50-1,50,1.0,240072,-0.143481,-0.00416663,0.86664926,-0.06928286,1
TNG50-1,50,1.0,240072,-0.0242351,0.00233134,0.86664926,-0.06928286,2
TNG50-1,50,1.0,240072,0.05394943,0.06771502,0.86664926,-0.06928286,3
TNG50-1,50,1.0,240072,-0.08409029,0.03307392,0.86664926,-0.06928286,4
TNG50-1,50,1.0,240072,0.00563456,-0.04378144,0.86664926,-0.06928286,5
TNG50-1,50,1.0,240072,0.07926306,-0.0323639,0.86664926,-0.06928286,6
TNG50-1,50,1.0,240072,-0.03803065,0.02474657,0.86664926,-0.06928286,7
TNG50-1,50,1.0,240072,0.00010745,-0.03120605,0.86664926,-0.06928286,8
TNG50-1,50,1.0,240072,-0.06520081,-0.10586217,0.86664926,-0.06928286,9
TNG50-1,50,1.0,207683,-0.00266204,0.03631983,1.09220665,-0.24577916,0
TNG50-1,50,1.0,207683,-0.07401063,-0.00460213,1.09220665,-0.24577916,1
TNG50-1,50,1.0,207683,0.08081409,-0.02159797,1.09220665,-0.24577916,2
TNG50-1,50,1.0,207683,0.00883938,-0.04782479,1.09220665,-0.24577916,3
TNG50-1,50,1.0,207683,-0.04525875,0.10298829,1.09220665,-0.24577916,4
TNG50-1,50,1.0,207683,-0.03493162,-0.00943744,1.09220665,-0.24577916,5
TNG50-1,50,1.0,207683,-0.09446988,0.10578149,1.09220665,-0.24577916,6
TNG50-1,50,1.0,207683,-0.05497309,0.06967598,1.09220665,-0.24577916,7
TNG50-1,50,1.0,207683,0.05081616,-0.08703982,1.09220665,-0.24577916,8
TNG50-1,50,1.0,207683,0.11158931,-0.03329762,1.09220665,-0.24577916,9
TNG50-1,50,1.0,255891,-0.03345226,0.00532431,1.04600783,-1.36085703,0
TNG50-1,50,1.0,255891,-0.00399232,0.02556995,1.04600783,-1.36085703,1
TNG50-1,50,1.0,255891,-0.00301571,0.01638003,1.04600783,-1.36085703,2
TNG50-1,50,1.0,255891,0.14981195,0.02851005,1.04600783,-1.36085703,3
TNG50-1,50,1.0,255891,-0.05386139,0.0706304,1.04600783,-1.36085703,4
TNG50-1,50,1.0,255891,0.0114485,0.04684833,1.04600783,-1.36085703,5
TNG50-1,50,1.0,255891,0.03082539,0.00356473,1.04600783,-1.36085703,6
TNG50-1,50,1.0,255891,-7.86e-05,-0.05858792,1.04600783,-1.36085703,7
TNG50-1,50,1.0,255891,0.00550903,-0.03000026,1.04600783,-1.36085703,8
TNG50-1,50,1.0,255891,-0.05224044,-0.01098156,1.04600783,-1.36085703,9
TNG50-1,50,1.0,110863,0.04628223,0.04339381,0.8190973,-0.85461445,0
TNG50-1,50,1.0,110863,-0.09886394,-0.07932283,0.8190973,-0.85461445,1
TNG50-1,50,1.0,110863,0.06769178,-0.02707879,0.8190973,-0.85461445,2
TNG50-1,50,1.0,110863,0.01960311,0.10224116,0.8190973,-0.85461445,3
TNG50-1,50,1.0,110863,0.05053907,-0.03130402,0.8190973,-0.85461445,4
TNG50-1,50,1.0,110863,0.01935809,-0.01193419,0.8190973,-0.85461445,5
TNG50-1,50,1.0,110863,0.00244624,-0.04412905,0.8190973,-0.85461445,6
TNG50-1,50,1.0,110863,-0.01376546,0.01679228,0.8190973,-0.85461445,7
TNG50-1,50,1.0,110863,0.01835722,-0.03681324,0.8190973,-0.85461445,8
TNG50-1,50,1.0,110863,-0.0155874,-0.00928055,0.8190973,-0.85461445,9
TNG50-1,50,1.0,274509,0.02615997,0.04362493,0.38814852,-1.4110983,0
TNG50-1,50,1.0,274509,0.04516885,0.05541738,0.38814852,-1.4110983,1
TNG50-1,50,1.0,274509,0.02485681,-0.03096587,0.38814852,-1.4110983,2
TNG50-1,50,1.0,274509,0.0265793,0.02951555,0.38814852,-1.4110983,3
TNG50-1,50,1.0,274509,-0.04923263,-0.03305784,0.38814852,-1.4110983,4
TNG50-1,50,1.0,274509,-0.00524883,-0.09229394,0.38814852,-1.4110983,5
TNG50-1,50,1.0,274509,-0.07535584,0.00616547,0.38814852,-1.4110983,6
TNG50-1,50,1.0,274509,-0.10016846,-0.02354369,0.38814852,-1.4110983,7
TNG50-1,50,1.0,274509,0.03703214,-0.02200445,0.38814852,-1.4110983,8
TNG50-1,50,1.0,274509,-0.03765622,0.09876716,0.38814852,-1.4110983,9
TNG50-1,50,1.0,212082,-0.07629285,0.02401539,1.06201353,1.51232218,0
TNG50-1,50,1.0,212082,0.01914356,-0.04487104,1.06201353,1.51232218,1
TNG50-1,50,1.0,212082,-0.04974036,0.01694693,1.06201353,1.51232218,2
TNG50-1,50,1.0,212082,0.04541307,0.1213736,1.06201353,1.51232218,3
TNG50-1,50,1.0,212082,0.01492156,0.00512114,1.06201353,1.51232218,4
TNG50-1,50,1.0,212082,0.01896722,0.07309204,1.06201353,1.51232218,5
TNG50-1,50,1.0,212082,-0.04724448,-0.03701647,1.06201353,1.51232218,6
TNG50-1,50,1.0,212082,-0.0382794,-0.0021043,1.06201353,1.51232218,7
TNG50-1,50,1.0,212082,0.04636253,0.03097826,1.06201353,1.51232218,8
TNG50-1,50,1.0,212082,0.08853989,0.01986642,1.06201353,1.51232218,9
TNG50-1,50,1.0,130255,0.03473443,0.01938129,1.00586282,1.24644376,0
TNG50-1,50,1.0,130255,-0.07632929,0.01994898,1.00586282,1.24644376,1
TNG50-1,50,1.0,130255,-0.03274478,0.01518713,1.00586282,1.24644376,2
TNG50-1,50,1.0,130255,-0.04202426,0.08437851,1.00586282,1.24644376,3
TNG50-1,50,1.0,130255,0.00108491,0.05512333,1.00586282,1.24644376,4
TNG50-1,50,1.0,130255,0.0813927,-0.05300769,1.00586282,1.24644376,5
TNG50-1,50,1.0,130255,0.10112947,0.03978605,1.00586282,1.24644376,6
TNG50-1,50,1.0,130255,-0.04071438,0.04461867,1.00586282,1.24644376,7
TNG50-1,50,1.0,130255,0.02632786,0.01574836,1.00586282,1.24644376,8
TNG50-1,50,1.0,130255,0.02793989,0.05657122,1.00586282,1.24644376,9
TNG50-1,50,1.0,187650,-0.02508143,0.03751006,0.99549746,-1.38126147,0
TNG50-1,50,1.0,187650,0.00688123,0.01535542,0.99549746,-1.38126147,1
TNG50-1,50,1.0,187650,0.09618136,-0.00328153,0.99549746,-1.38126147,2
TNG50-1,50,1.0,187650,-0.01619612,-0.03120207,0.99549746,-1.38126147,3
TNG50-1,50,1.0,187650,0.01458555,0.00378958,0.99549746,-1.38126147,4
TNG50-1,50,1.0,187650,0.09973732,0.04486807,0.99549746,-1.38126147,5
TNG50-1,50,1.0,187650,-0.02750078,-0.00065557,0.99549746,-1.38126147,6
TNG50-1,50,1.0,187650,0.09073377,-0.01583114,0.99549746,-1.38126147,7
TNG50-1,50,1.0,187650,0.00026615,-0.01253913,0.99549746,-1.38126147,8
TNG50-1,50,1.0,187650,0.08909481,0.04962383,0.99549746,-1.38126147,9
TNG50-1,50,1.0,239390,0.04714779,-0.07537406,1.12654874,0.88516587,0
TNG50-1,50,1.0,239390,-0.05997544,0.0157671,1.12654874,0.88516587,1
TNG50-1,50,1.0,239390,-0.00891757,-0.05432675,1.12654874,0.88516587,2
TNG50-1,50,1.0,239390,-0.0020062,0.05094056,1.12654874,0.88516587,3
TNG50-1,50,1.0,239390,0.0357769,-0.04692723,1.12654874,0.88516587,4
TNG50-1,50,1.0,239390,-0.03133158,-0.03373241,1.12654874,0.88516587,5
TNG50-1,50,1.0,239390,-0.03422918,-0.02946354,1.12654874,0.88516587,6
TNG50-1,50,1.0,239390,0.00494577,-0.00380995,1.12654874,0.88516587,7
TNG50-1,50,1.0,239390,0.05031952,0.01615988,1.12654874,0.88516587,8
TNG50-1,50,1.0,239390,0.1143725,0.02418507,1.12654874,0.88516587,9
TNG50-1,50,1.0,191612,-0.00028838,-0.00998349,1.10398231,-0.22566103,0
TNG50-1,50,1.0,191612,-0.06649455,-0.04351735,1.10398231,-0.22566103,1
TNG50-1,50,1.0,191612,0.03638931,0.08788832,1.10398231,-0.22566103,2
TNG50-1,50,1.0,191612,-0.00264793,-0.05148013,1.10398231,-0.22566103,3
TNG50-1,50,1.0,191612,0.05808674,-0.03626971,1.10398231,-0.22566103,4
TNG50-1,50,1.0,191612,-0.03538694,0.02850171,1.10398231,-0.22566103,5
TNG50-1,50,1.0,191612,-0.08011374,-0.09280103,1.10398231,-0.22566103,6
TNG50-1,50,1.0,191612,-0.0017013,0.06372953,1.10398231,-0.22566103,7
TNG50-1,50,1.0,191612,0.06479763,0.03120966,1.10398231,-0.22566103,8
TNG50-1,50,1.0,191612,0.00804711,0.04496155,1.10398231,-0.22566103,9
TNG50-1,50,1.0,240875,0.02790585,-0.01485724,1.07393931,0.43334106,0
TNG50-1,50,1.0,240875,-0.00805618,-0.02391386,1.07393931,0.43334106,1
TNG50-1,50,1.0,240875,-0.05315744,0.02368359,1.07393931,0.43334106,2
TNG50-1,50,1.0,240875,-0.00700377,-0.01932364,1.07393931,0.43334106,3
TNG50-1,50,1.0,240875,-0.04876182,0.01345929,1.07393931,0.43334106,4
TNG50-1,50,1.0,240875,0.02430777,-0.05305961,1.07393931,0.43334106,5
TNG50-1,50,1.0,240875,0.04033899,-0.04408138,1.07393931,0.43334106,6
TNG50-1,50,1.0,240875,0.07384043,0.03177047,1.07393931,0.43334106,7
TNG50-1,50,1.0,240875,0.01858838,0.0443345,1.07393931,0.43334106,8
TNG50-1,50,1.0,240875,0.04622877,-0.04928281,1.07393931,0.43334106,9
TNG50-1,50,1.0,204984,0.03353072,-0.01272505,1.32159012,1.11912642,0
TNG50-1,50,1.0,204984,-0.02663678,-0.11772753,1.32159012,1.11912642,1
TNG50-1,50,1.0,204984,0.00082526,-0.01037141,1.32159012,1.11912642,2
TNG50-1,50,1.0,204984,0.07084722,-0.02722854,1.32159012,1.11912642,3
TNG50-1,50,1.0,204984,0.04037436,0.03918799,1.32159012,1.11912642,4
TNG50-1,50,1.0,204984,0.0397936,0.01762097,1.32159012,1.11912642,5
TNG50-1,50,1.0,204984,0.09543952,-0.03003483,1.32159012,1.11912642,6
TNG50-1,50,1.0,204984,-0.03519397,0.02949804,1.32159012,1.11912642,7
TNG50-1,50,1.0,204984,-0.04929375,0.03616315,1.32159012,1.11912642,8
TNG50-1,50,1.0,204984,-0.03610611,-0.03842729,1.32159012,1.11912642,9
TNG50-1,50,1.0,226788,-0.02465121,0.02011827,1.26138876,0.41175423,0
TNG50-1,50,1.0,226788,-0.11126816,0.00061806,1.26138876,0.41175423,1
TNG50-1,50,1.0,226788,-0.054533,-0.07705365,1.26138876,0.41175423,2
TNG50-1,50,1.0,226788,-0.03712348,-0.03099768,1.26138876,0.41175423,3
TNG50-1,50,1.0,226788,0.00370831,-0.02036533,1.26138876,0.41175423,4
TNG50-1,50,1.0,226788,-0.04726913,-0.02016477,1.26138876,0.41175423,5
TNG50-1,50,1.0,226788,-0.0256726,0.00374906,1.26138876,0.41175423,6
TNG50-1,50,1.0,226788,-0.06126653,0.07127707,1.26138876,0.41175423,7
TNG50-1,50,1.0,226788,0.00855569,0.04060481,1.26138876,0.41175423,8
TNG50-1,50,1.0,226788,0.02128573,-0.04937589,1.26138876,0.41175423,9
TNG50-1,50,1.0,262167,0.08449113,0.04606651,0.67288109,-0.4055409,0
TNG50-1,50,1.0,262167,0.06710911,-0.0346077,0.67288109,-0.4055409,1
TNG50-1,50,1.0,262167,0.03164196,-0.03415378,0.67288109,-0.4055409,2
TNG50-1,50,1.0,262167,0.01892335,0.07254283,0.67288109,-0.4055409,3
TNG50-1,50,1.0,262167,-0.00439795,0.03854908,0.67288109,-0.4055409,4
TNG50-1,50,1.0,262167,-0.06305619,-0.01953855,0.67288109,-0.4055409,5
TNG50-1,50,1.0,262167,-0.01080861,-0.00536056,0.67288109,-0.4055409,6
TNG50-1,50,1.0,262167,0.00507,-0.0051357,0.67288109,-0.4055409,7
TNG50-1,50,1.0,262167,0.01147282,0.00157871,0.67288109,-0.4055409,8
TNG50-1,50,1.0,262167,0.02347682,0.02363415,0.67288109,-0.4055409,9
TNG50-1,50,1.0,7,0.0345932,0.03885642,0.57397525,0.9805632,0
TNG50-1,50,1.0,7,0.0874877,0.0300552,0.57397525,0.9805632,1
TNG50-1,50,1.0,7,0.05647904,-0.02740796,0.57397525,0.9805632,2
TNG50-1,50,1.0,7,-0.09939379,-0.0086261,0.57397525,0.9805632,3
TNG50-1,50,1.0,7,-0.07574472,-0.09749006,0.57397525,0.9805632,4
TNG50-1,50,1.0,7,-0.04229839,-0.01661311,0.57397525,0.9805632,5
TNG50-1,50,1.0,7,-0.07964877,0.00036925,0.57397525,0.9805632,6
TNG50-1,50,1.0,7,0.0022095,0.00843738,0.57397525,0.9805632,7
TNG50-1,50,1.0,7,0.01967079,0.01894385,0.57397525,0.9805632,8
TNG50-1,50,1.0,7,-0.07151266,0.01221209,0.57397525,0.9805632,9
TNG50-1,50,1.0,138976,-0.01321718,0.00141277,0.39928728,0.01810285,0
TNG50-1,50,1.0,138976,0.01430975,-0.01519673,0.39928728,0.01810285,1
TNG50-1,50,1.0,138976,0.0501016,-0.01640714,0.39928728,0.01810285,2
TNG50-1,50,1.0,138976,-0.0047749,-0.02540605,0.39928728,0.01810285,3
TNG50-1,50,1.0,138976,0.01587974,-0.08229006,0.39928728,0.01810285,4
TNG50-1,50,1.0,138976,-0.00930855,0.01914475,0.39928728,0.01810285,5
TNG50-1,50,1.0,138976,-0.03233795,0.01157734,0.39928728,0.01810285,6
TNG50-1,50,1.0,138976,0.02614398,0.04248351,0.39928728,0.01810285,7
TNG50-1,50,1.0,138976,-0.0277613,-0.02657285,0.39928728,0.01810285,8
TNG50-1,50,1.0,138976,0.01930735,0.09476918,0.39928728,0.01810285,9
TNG50-1,50,1.0,225857,-0.0189868,-0.01345129,0.85804723,0.74321629,0
TNG50-1,50,1.0,225857,-0.04375548,0.07186295,0.85804723,0.74321629,1
TNG50-1,50,1.0,225857,-0.04968425,0.03294553,0.85804723,0.74321629,2
TNG50-1,50,1.0,225857,-0.08669612,0.11005516,0.85804723,0.74321629,3
TNG50-1,50,1.0,225857,0.07663139,0.01243611,0.85804723,0.74321629,4
TNG50-1,50,1.0,225857,0.06855337,-0.01985154,0.85804723,0.74321629,5
TNG50-1,50,1.0,225857,0.03003726,-0.03059024,0.85804723,0.74321629,6
TNG50-1,50,1.0,225857,-0.04480444,-0.09234981,0.85804723,0.74321629,7
TNG50-1,50,1.0,225857,0.09056338,-0.01392979,0.85804723,0.74321629,8
TNG50-1,50,1.0,225857,-0.01758596,0.05722967,0.85804723,0.74321629,9
TNG50-1,50,1.0,70416,0.00083754,0.06853723,1.35660334,-0.89379837,0
TNG50-1,50,1.0,70416,0.15899322,0.00211906,1.35660334,-0.89379837,1
TNG50-1,50,1.0,70416,0.00756735,-0.01680623,1.35660334,-0.89379837,2
TNG50-1,50,1.0,70416,0.0097641,-0.0929244,1.35660334,-0.89379837,3
TNG50-1,50,1.0,70416,-0.0855234,0.02261271,1.35660334,-0.89379837,4
TNG50-1,50,1.0,70416,-0.02717252,0.03306376,1.35660334,-0.89379837,5
TNG50-1,50,1.0,70416,0.05736888,-0.08908662,1.35660334,-0.89379837,6
TNG50-1,50,1.0,70416,-0.06677284,0.05672662,1.35660334,-0.89379837,7
TNG50-1,50,1.0,70416,-0.10787786,0.03828478,1.35660334,-0.89379837,8
TNG50-1,50,1.0,70416,0.00161577,0.0566158,1.35660334,-0.89379837,9
TNG50-1,50,1.0,195636,-0.02978516,-0.0027174,1.06109243,-1.15876021,0
TNG50-1,50,1.0,195636,0.09636849,0.05551955,1.06109243,-1.15876021,1
TNG50-1,50,1.0,195636,-0.01737156,0.12692416,1.06109243,-1.15876021,2
TNG50-1,50,1.0,195636,0.00662597,0.01587052,1.06109243,-1.15876021,3
TNG50-1,50,1.0,195636,-0.02435579,0.005838,1.06109243,-1.15876021,4
TNG50-1,50,1.0,195636,0.08259959,0.00853135,1.06109243,-1.15876021,5
TNG50-1,50,1.0,195636,-0.00524924,0.06552148,1.06109243,-1.15876021,6
TNG50-1,50,1.0,195636,0.00747421,-0.02995989,1.06109243,-1.15876021,7
TNG50-1,50,1.0,195636,0.06018911,-0.01391588,1.06109243,-1.15876021,8
TNG50-1,50,1.0,195636,0.02925697,-0.07687215,1.06109243,-1.15876021,9
TNG50-1,50,1.0,214137,-0.05919339,-0.02212632,0.40673261,-0.94692735,0
TNG50-1,50,1.0,214137,-0.02589,0.05624664,0.40673261,-0.94692735,1
TNG50-1,50,1.0,214137,-0.00279685,-0.04966636,0.40673261,-0.94692735,2
TNG50-1,50,1.0,214137,0.08845417,0.01960152,0.40673261,-0.94692735,3
TNG50-1,50,1.0,214137,0.02679964,0.11363295,0.40673261,-0.94692735,4
TNG50-1,50,1.0,214137,-0.04560393,0.01026778,0.40673261,-0.94692735,5
TNG50-1,50,1.0,214137,-0.03639902,-0.03878047,0.40673261,-0.94692735,6
TNG50-1,50,1.0,214137,0.06873743,0.02051844,0.40673261,-0.94692735,7
TNG50-1,50,1.0,214137,0.05633052,-0.02350044,0.40673261,-0.94692735,8
TNG50-1,50,1.0,214137,0.0014075,-0.06970579,0.40673261,-0.94692735,9
TNG50-1,50,1.0,241679,0.0350518,0.02861976,0.87760334,0.39843243,0
TNG50-1,50,1.0,241679,0.05589172,0.04416998,0.87760334,0.39843243,1
TNG50-1,50,1.0,241679,-0.01554533,0.03855181,0.87760334,0.39843243,2
TNG50-1,50,1.0,241679,-0.01886178,-0.0206555,0.87760334,0.39843243,3
TNG50-1,50,1.0,241679,-0.04807827,0.01362763,0.87760334,0.39843243,4
TNG50-1,50,1.0,241679,-0.00749678,-0.01345152,0.87760334,0.39843243,5
TNG50-1,50,1.0,241679,-0.02811842,0.02192318,0.87760334,0.39843243,6
TNG50-1,50,1.0,241679,-0.05055163,0.01708454,0.87760334,0.39843243,7
TNG50-1,50,1.0,241679,0.09460844,-0.01913301,0.87760334,0.39843243,8
TNG50-1,50,1.0,241679,0.02332464,-0.06646494,0.87760334,0.39843243,9
TNG50-1,50,1.0,253145,0.00731185,0.01011591,1.39620181,0.77682099,0
TNG50-1,50,1.0,253145,-0.01021347,-0.04056482,1.39620181,0.77682099,1
TNG50-1,50,1.0,253145,-0.09451861,-0.00874649,1.39620181,0.77682099,2
TNG50-1,50,1.0,253145,0.02538309,-0.09893328,1.39620181,0.77682099,3
TNG50-1,50,1.0,253145,0.04826711,0.04631884,1.39620181,0.77682099,4
TNG50-1,50,1.0,253145,0.12641782,-0.03853396,1.39620181,0.77682099,5
TNG50-1,50,1.0,253145,-0.01955988,-0.00173282,1.39620181,0.77682099,6
TNG50-1,50,1.0,253145,-0.02693559,-0.07133467,1.39620181,0.77682099,7
TNG50-1,50,1.0,253145,-0.05547105,-0.02911768,1.39620181,0.77682099,8
TNG50-1,50,1.0,253145,0.0104321,-0.01397956,1.39620181,0.77682099,9
TNG50-1,50,1.0,272378,-0.00254879,0.09991445,0.89465983,-1.22294581,0
TNG50-1,50,1.0,272378,-0.00299272,0.05934457,0.89465983,-1.22294581,1
TNG50-1,50,1.0,272378,0.03912591,0.00128372,0.89465983,-1.22294581,2
TNG50-1,50,1.0,272378,0.07767823,-0.01083466,0.89465983,-1.22294581,3
TNG50-1,50,1.0,272378,0.01840733,0.02880348,0.89465983,-1.22294581,4
TNG50-1,50,1.0,272378,0.09874455,0.08369872,0.89465983,-1.22294581,5
TNG50-1,50,1.0,272378,0.04485972,0.02168846,0.89465983,-1.22294581,6
TNG50-1,50,1.0,272378,-0.01173997,0.02272659,0.89465983,-1.22294581,7
TNG50-1,50,1.0,272378,0.04143557,0.00256989,0.89465983,-1.22294581,8
TNG50-1,50,1.0,272378,0.08529701,-0.01639455,0.89465983,-1.22294581,9
TNG50-1,50,1.0,194155,-0.00810673,0.02871771,1.3781458,1.43271284,0
TNG50-1,50,1.0,194155,0.0067713,-0.00767752,1.3781458,1.43271284,1
TNG50-1,50,1.0,194155,0.085905,0.02640093,1.3781458,1.43271284,2
TNG50-1,50,1.0,194155,-0.01198569,0.01569826,1.3781458,1.43271284,3
TNG50-1,50,1.0,194155,0.0026306,0.00291322,1.3781458,1.43271284,4
TNG50-1,50,1.0,194155,-0.04326888,0.00688768,1.3781458,1.43271284,5
TNG50-1,50,1.0,194155,0.03583155,0.02259611,1.3781458,1.43271284,6
TNG50-1,50,1.0,194155,0.06833396,-0.01470762,1.3781458,1.43271284,7
TNG50-1,50,1.0,194155,0.08122489,-0.01212484,1.3781458,1.43271284,8
TNG50-1,50,1.0,194155,0.01016823,0.0853681,1.3781458,1.43271284,9
TNG50-1,50,1.0,123138,0.13552734,-0.01220614,0.68843124,-1.08566189,0
TNG50-1,50,1.0,123138,-0.06021835,-0.00100473,0.68843124,-1.08566189,1
TNG50-1,50,1.0,123138,-0.06297356,-0.07921082,0.68843124,-1.08566189,2
TNG50-1,50,1.0,123138,-0.04785764,-0.05806551,0.68843124,-1.08566189,3
TNG50-1,50,1.0,123138,-0.00516442,-0.0560783,0.68843124,-1.08566189,4
TNG50-1,50,1.0,123138,0.04478903,0.03820541,0.68843124,-1.08566189,5
TNG50-1,50,1.0,123138,0.02956265,0.01226775,0.68843124,-1.08566189,6
TNG50-1,50,1.0,123138,0.00860156,0.03055306,0.68843124,-1.08566189,7
TNG50-1,50,1.0,123138,0.02644678,-0.09198275,0.68843124,-1.08566189,8
TNG50-1,50,1.0,123138,-0.03460431,-0.07417833,0.68843124,-1.08566189,9
TNG50-1,50,1.0,200752,0.03316077,-0.09040814,0.53495887,-0.94980719,0
TNG50-1,50,1.0,200752,-0.13893348,0.02133845,0.53495887,-0.94980719,1
TNG50-1,50,1.0,200752,0.06123147,-0.01033861,0.53495887,-0.94980719,2
TNG50-1,50,1.0,200752,-0.09116586,0.00648912,0.53495887,-0.94980719,3
TNG50-1,50,1.0,200752,0.04216724,-0.04558431,0.53495887,-0.94980719,4
TNG50-1,50,1.0,200752,-0.04442923,0.03902706,0.53495887,-0.94980719,5
TNG50-1,50,1.0,200752,0.05244519,-0.07241789,0.53495887,-0.94980719,6
TNG50-1,50,1.0,200752,0.16040805,0.06208186,0.53495887,-0.94980719,7
TNG50-1,50,1.0,200752,-0.11365888,-0.02046252,0.53495887,-0.94980719,8
TNG50-1,50,1.0,200752,0.03476886,-0.07013453,0.53495887,-0.94980719,9
TNG50-1,50,1.0,87126,-0.00733583,0.07199716,0.63134965,0.81852947,0
TNG50-1,50,1.0,87126,0.03067928,0.01949034,0.63134965,0.81852947,1
TNG50-1,50,1.0,87126,-0.0668205,-0.01508404,0.63134965,0.81852947,2
TNG50-1,50,1.0,87126,0.02493179,-0.03179013,0.63134965,0.81852947,3
TNG50-1,50,1.0,87126,0.00445061,-0.01514629,0.63134965,0.81852947,4
TNG50-1,50,1.0,87126,-0.03218778,0.02719036,0.63134965,0.81852947,5
TNG50-1,50,1.0,87126,0.04273365,-0.04036219,0.63134965,0.81852947,6
TNG50-1,50,1.0,87126,-0.11011284,0.03787119,0.63134965,0.81852947,7
TNG50-1,50,1.0,87126,0.01733404,0.10665803,0.63134965,0.81852947,8
TNG50-1,50,1.0,87126,0.08097176,-0.00309416,0.63134965,0.81852947,9
TNG50-1,50,1.0,258649,-0.06721974,-0.05985272,1.11755705,0.65394624,0
TNG50-1,50,1.0,258649,-0.06723724,0.09946798,1.11755705,0.65394624,1
TNG50-1,50,1.0,258649,0.03882828,-0.00481909,1.11755705,0.65394624,2
TNG50-1,50,1.0,258649,-0.00298731,0.0322257,1.11755705,0.65394624,3
TNG50-1,50,1.0,258649,0.04384154,-0.02684346,1.11755705,0.65394624,4
TNG50-1,50,1.0,258649,-0.02668171,-0.05259639,1.11755705,0.65394624,5
TNG50-1,50,1.0,258649,0.04153118,-0.01169403,1.11755705,0.65394624,6
TNG50-1,50,1.0,258649,-0.00791496,0.05505963,1.11755705,0.65394624,7
TNG50-1,50,1.0,258649,-0.0366252,-0.02603659,1.11755705,0.65394624,8
TNG50-1,50,1.0,258649,-0.02004992,-0.0435266,1.11755705,0.65394624,9
TNG50-1,50,1.0,260271,0.00777321,0.03977299,0.49101853,-1.02045034,0
TNG50-1,50,1.0,260271,0.02495113,0.0145025,0.49101853,-1.02045034,1
TNG50-1,50,1.0,260271,0.08214241,0.0039748,0.49101853,-1.02045034,2
TNG50-1,50,1.0,260271,0.01768752,-0.12963583,0.49101853,-1.02045034,3
TNG50-1,50,1.0,260271,0.03219963,0.10277384,0.49101853,-1.02045034,4
TNG50-1,50,1.0,260271,0.03596376,-0.0447136,0.49101853,-1.02045034,5
TNG50-1,50,1.0,260271,-0.05765077,0.10259064,0.49101853,-1.02045034,6
TNG50-1,50,1.0,260271,-0.0481666,-0.07246207,0.49101853,-1.02045034,7
TNG50-1,50,1.0,260271,-0.05419481,-0.04062006,0.49101853,-1.02045034,8
TNG50-1,50,1.0,260271,-0.06660729,-0.11014247,0.49101853,-1.02045034,9
TNG50-1,50,1.0,250975,0.01810625,-0.01675195,1.07903037,-0.4471032,0
TNG50-1,50,1.0,250975,-0.05506284,-0.02594227,1.07903037,-0.4471032,1
TNG50-1,50,1.0,250975,-0.05365001,0.0232225,1.07903037,-0.4471032,2
TNG50-1,50,1.0,250975,-0.06862571,0.05085109,1.07903037,-0.4471032,3
TNG50-1,50,1.0,250975,0.03886775,0.04955333,1.07903037,-0.4471032,4
TNG50-1,50,1.0,250975,0.03557318,-0.04214061,1.07903037,-0.4471032,5
TNG50-1,50,1.0,250975,0.09060169,0.0499234,1.07903037,-0.4471032,6
TNG50-1,50,1.0,250975,-0.03428533,-0.00220426,1.07903037,-0.4471032,7
TNG50-1,50,1.0,250975,0.01094097,-0.01622984,1.07903037,-0.4471032,8
TNG50-1,50,1.0,250975,-0.06446676,-0.03542557,1.07903037,-0.4471032,9
TNG50-1,50,1.0,176325,0.04721612,0.04459488,1.1712821,-1.10764403,0
TNG50-1,50,1.0,176325,-0.01321828,-0.07351078,1.1712821,-1.10764403,1
TNG50-1,50,1.0,176325,-0.01431567,0.03680281,1.1712821,-1.10764403,2
TNG50-1,50,1.0,176325,-0.07258527,-0.00102478,1.1712821,-1.10764403,3
TNG50-1,50,1.0,176325,0.03908701,-0.05293186,1.1712821,-1.10764403,4
TNG50-1,50,1.0,176325,0.02455273,-0.10423029,1.1712821,-1.10764403,5
TNG50-1,50,1.0,176325,0.06429987,-0.00682369,1.1712821,-1.10764403,6
TNG50-1,50,1.0,176325,-0.01054149,0.07238565,1.1712821,-1.10764403,7
TNG50-1,50,1.0,176325,-0.00708896,0.08373423,1.1712821,-1.10764403,8
TNG50-1,50,1.0,176325,0.00850228,0.01776881,1.1712821,-1.10764403,9
TNG50-1,50,1.0,233979,0.00362865,-0.01567129,0.64729221,-0.602139,0
TNG50-1,50,1.0,233979,-0.02387093,-0.06007597,0.64729221,-0.602139,1
TNG50-1,50,1.0,233979,0.0807123,0.08555508,0.64729221,-0.602139,2
TNG50-1,50,1.0,233979,0.02734798,0.01221391,0.64729221,-0.602139,3
TNG50-1,50,1.0,233979,0.03349117,-0.03838978,0.64729221,-0.602139,4
TNG50-1,50,1.0,233979,-0.13334587,0.0017079,0.64729221,-0.602139,5
TNG50-1,50,1.0,233979,-0.00333943,-0.13036828,0.64729221,-0.602139,6
TNG50-1,50,1.0,233979,0.10416055,-0.05424807,0.64729221,-0.602139,7
TNG50-1,50,1.0,233979,0.06630645,0.00182219,0.64729221,-0.602139,8
TNG50-1,50,1.0,233979,-0.09235448,0.04228377,0.64729221,-0.602139,9
TNG50-1,50,1.0,259473,-0.09706571,-0.06631743,0.96154359,-1.17094636,0
TNG50-1,50,1.0,259473,-0.01905777,-0.01104416,0.96154359,-1.17094636,1
TNG50-1,50,1.0,259473,0.05048429,-0.02278625,0.96154359,-1.17094636,2
TNG50-1,50,1.0,259473,-0.07257267,-0.00694559,0.96154359,-1.17094636,3
TNG50-1,50,1.0,259473,0.01145914,0.04242032,0.96154359,-1.17094636,4
TNG50-1,50,1.0,259473,0.00329873,0.02770807,0.96154359,-1.17094636,5
TNG50-1,50,1.0,259473,0.08571902,-0.03743412,0.96154359,-1.17094636,6
TNG50-1,50,1.0,259473,-0.01150681,0.00683496,0.96154359,-1.17094636,7
TNG50-1,50,1.0,259473,-0.00858003,0.07452208,0.96154359,-1.17094636,8
TNG50-1,50,1.0,259473,0.04274799,-0.04156828,0.96154359,-1.17094636,9
TNG50-1,50,1.0,253881,0.00725834,0.04969423,0.92156323,0.15783265,0
TNG50-1,50,1.0,253881,-0.00965803,0.01043329,0.92156323,0.15783265,1
TNG50-1,50,1.0,253881,-0.00315025,0.03805753,0.92156323,0.15783265,2
TNG50-1,50,1.0,253881,-0.08153288,-0.01442764,0.92156323,0.15783265,3
TNG50-1,50,1.0,253881,0.07053814,-0.00041838,0.92156323,0.15783265,4
TNG50-1,50,1.0,253881,-0.0387176,-0.03308122,0.92156323,0.15783265,5
TNG50-1,50,1.0,253881,0.0513036,0.04520325,0.92156323,0.15783265,6
TNG50-1,50,1.0,253881,-0.03106883,-0.03467067,0.92156323,0.15783265,7
TNG50-1,50,1.0,253881,-0.03127523,0.07425782,0.92156323,0.15783265,8
TNG50-1,50,1.0,253881,0.06065616,-0.01579171,0.92156323,0.15783265,9
TNG50-1,50,1.0,292471,0.00102543,-0.00499227,0.31092801,0.64411508,0
TNG50-1,50,1.0,292471,0.0379364,0.09041495,0.31092801,0.64411508,1
TNG50-1,50,1.0,292471,0.00119322,-0.00782693,0.31092801,0.64411508,2
TNG50-1,50,1.0,292471,-0.01489542,-0.01188418,0.31092801,0.64411508,3
TNG50-1,50,1.0,292471,-0.00150117,-0.00855161,0.31092801,0.64411508,4
TNG50-1,50,1.0,292471,0.04469092,-0.06583207,0.31092801,0.64411508,5
TNG50-1,50,1.0,292471,-0.03314261,-0.05183634,0.31092801,0.64411508,6
TNG50-1,50,1.0,292471,-0.00631185,-0.02653334,0.31092801,0.64411508,7
TNG50-1,50,1.0,292471,0.00051434,0.05679149,0.31092801,0.64411508,8
TNG50-1,50,1.0,292471,0.04322926,-0.0016563,0.31092801,0.64411508,9
TNG50-1,50,1.0,217773,-0.01610113,0.02684087,0.52937603,-0.05930352,0
TNG50-1,50,1.0,217773,-0.03242091,0.15509429,0.52937603,-0.05930352,1
TNG50-1,50,1.0,217773,0.00257773,-0.00613381,0.52937603,-0.05930352,2
TNG50-1,50,1.0,217773,-0.05734814,-0.00595625,0.52937603,-0.05930352,3
TNG50-1,50,1.0,217773,0.02144016,0.03718035,0.52937603,-0.05930352,4
TNG50-1,50,1.0,217773,0.05656934,0.08226663,0.52937603,-0.05930352,5
TNG50-1,50,1.0,217773,-0.0039602,0.04874839,0.52937603,-0.05930352,6
TNG50-1,50,1.0,217773,-0.01013245,-0.10778034,0.52937603,-0.05930352,7
TNG50-1,50,1.0,217773,0.01867202,0.02816994,0.52937603,-0.05930352,8
TNG50-1,50,1.0,217773,-0.10142347,0.12859651,0.52937603,-0.05930352,9
TNG50-1,50,1.0,138977,-0.01190059,0.00391144,0.86138515,0.77908397,0
TNG50-1,50,1.0,138977,-0.05397884,0.02751315,0.86138515,0.77908397,1
TNG50-1,50,1.0,138977,0.04953809,0.08804512,0.86138515,0.77908397,2
TNG50-1,50,1.0,138977,0.10487553,0.09742133,0.86138515,0.77908397,3
TNG50-1,50,1.0,138977,-0.08809085,-0.00309836,0.86138515,0.77908397,4
TNG50-1,50,1.0,138977,-0.0173081,-0.02661889,0.86138515,0.77908397,5
TNG50-1,50,1.0,138977,0.06323899,-0.04599901,0.86138515,0.77908397,6
TNG50-1,50,1.0,138977,-0.07234728,0.04884821,0.86138515,0.77908397,7
TNG50-1,50,1.0,138977,0.0283342,-0.06858878,0.86138515,0.77908397,8
TNG50-1,50,1.0,138977,0.06107361,-0.0126287,0.86138515,0.77908397,9
TNG50-1,50,1.0,106002,0.03111294,0.10351993,1.07774025,-0.16260685,0
TNG50-1,50,1.0,106002,-0.04022489,-0.028981,1.07774025,-0.16260685,1
TNG50-1,50,1.0,106002,-0.0492689,0.07780082,1.07774025,-0.16260685,2
TNG50-1,50,1.0,106002,0.0594175,-0.00944344,1.07774025,-0.16260685,3
TNG50-1,50,1.0,106002,0.01773106,0.04035486,1.07774025,-0.16260685,4
TNG50-1,50,1.0,106002,-0.01174647,0.03671117,1.07774025,-0.16260685,5
TNG50-1,50,1.0,106002,0.03207165,0.05734259,1.07774025,-0.16260685,6
TNG50-1,50,1.0,106002,0.00044659,-0.04203119,1.07774025,-0.16260685,7
TNG50-1,50,1.0,106002,0.01915066,0.05378177,1.07774025,-0.16260685,8
TNG50-1,50,1.0,106002,-0.0408424,0.09232199,1.07774025,-0.16260685,9
TNG50-1,50,1.0,271207,0.03638565,0.0192658,0.59717447,-0.81444825,0
TNG50-1,50,1.0,271207,-0.0585545,-0.00050084,0.59717447,-0.81444825,1
TNG50-1,50,1.0,271207,0.0255948,0.09571627,0.59717447,-0.81444825,2
TNG50-1,50,1.0,271207,0.10372257,-0.01266144,0.59717447,-0.81444825,3
TNG50-1,50,1.0,271207,0.07427607,0.05840017,0.59717447,-0.81444825,4
TNG50-1,50,1.0,271207,-0.0752564,-0.06335442,0.59717447,-0.81444825,5
TNG50-1,50,1.0,271207,-0.0268369,-0.05140046,0.59717447,-0.81444825,6
TNG50-1,50,1.0,271207,0.02107254,0.0360831,0.59717447,-0.81444825,7
TNG50-1,50,1.0,271207,-0.0035141,0.05418654,0.59717447,-0.81444825,8
TNG50-1,50,1.0,271207,-0.06997029,-0.04786964,0.59717447,-0.81444825,9
TNG50-1,50,1.0,251634,0.00120387,-0.05011539,0.97611656,-0.43727652,0
TNG50-1,50,1.0,251634,-0.06907896,-0.0157386,0.97611656,-0.43727652,1
TNG50-1,50,1.0,251634,-0.00906099,-0.07987138,0.97611656,-0.43727652,2
TNG50-1,50,1.0,251634,0.04184614,-0.05070798,0.97611656,-0.43727652,3
TNG50-1,50,1.0,251634,-0.02174792,0.06801699,0.97611656,-0.43727652,4
TNG50-1,50,1.0,251634,-0.01245174,-0.00712412,0.97611656,-0.43727652,5
TNG50-1,50,1.0,251634,-0.05648977,0.09453651,0.97611656,-0.43727652,6
TNG50-1,50,1.0,251634,-0.03241792,-0.00476739,0.97611656,-0.43727652,7
TNG50-1,50,1.0,251634,0.08790555,-0.00179893,0.97611656,-0.43727652,8
TNG50-1,50,1.0,251634,0.00364624,0.03204471,0.97611656,-0.43727652,9
TNG50-1,50,1.0,285786,-0.13362938,-0.01013847,0.89286731,-1.01675894,0
TNG50-1,50,1.0,285786,0.01024697,0.07692327,0.89286731,-1.01675894,1
TNG50-1,50,1.0,285786,-0.00244932,0.0170311,0.89286731,-1.01675894,2
TNG50-1,50,1.0,285786,0.07430194,0.01028295,0.89286731,-1.01675894,3
TNG50-1,50,1.0,285786,0.04823397,0.04503235,0.89286731,-1.01675894,4
TNG50-1,50,1.0,285786,-0.05668458,0.05464358,0.89286731,-1.01675894,5
TNG50-1,50,1.0,285786,0.06210693,0.03918025,0.89286731,-1.01675894,6
TNG50-1,50,1.0,285786,-0.01311573,0.07097317,0.89286731,-1.01675894,7
TNG50-1,50,1.0,285786,-0.04522266,0.03043412,0.89286731,-1.01675894,8
TNG50-1,50,1.0,285786,0.00985516,0.00838257,0.89286731,-1.01675894,9
TNG50-1,50,1.0,244863,0.0619586,-0.01609364,0.26304887,-0.10215033,0
TNG50-1,50,1.0,244863,-0.00454481,0.01658483,0.26304887,-0.10215033,1
TNG50-1,50,1.0,244863,0.00166233,-0.00108542,0.26304887,-0.10215033,2
TNG50-1,50,1.0,244863,0.08607885,-0.03321691,0.26304887,-0.10215033,3
TNG50-1,50,1.0,244863,0.08109621,0.00645212,0.26304887,-0.10215033,4
TNG50-1,50,1.0,244863,-0.00040879,0.0132712,0.26304887,-0.10215033,5
TNG50-1,50,1.0,244863,-0.02267758,-0.01876975,0.26304887,-0.10215033,6
TNG50-1,50,1.0,244863,0.07315868,0.04519128,0.26304887,-0.10215033,7
TNG50-1,50,1.0,244863,0.04002092,0.06444162,0.26304887,-0.10215033,8
TNG50-1,50,1.0,244863,0.01577906,0.04849488,0.26304887,-0.10215033,9
TNG50-1,50,1.0,160371,-0.01707569,-0.05473482,1.03067191,-0.81390147,0
TNG50-1,50,1.0,160371,0.08619469,-0.00215702,1.03067191,-0.81390147,1
TNG50-1,50,1.0,160371,0.03310726,0.00590049,1.03067191,-0.81390147,2
TNG50-1,50,1.0,160371,-0.02801504,-0.09863521,1.03067191,-0.81390147,3
TNG50-1,50,1.0,160371,-0.00341739,-0.00203732,1.03067191,-0.81390147,4
TNG50-1,50,1.0,160371,-0.00141567,0.043399,1.03067191,-0.81390147,5
TNG50-1,50,1.0,160371,-0.03839777,0.02256147,1.03067191,-0.81390147,6
TNG50-1,50,1.0,160371,-0.03845651,0.11148976,1.03067191,-0.81390147,7
TNG50-1,50,1.0,160371,0.0505262,0.06255547,1.03067191,-0.81390147,8
TNG50-1,50,1.0,160371,-0.02098922,0.0724467,1.03067191,-0.81390147,9
TNG50-1,50,1.0,260976,0.1400043,0.02067366,1.08185529,0.79099243,0
TNG50-1,50,1.0,260976,0.03790781,-0.00688557,1.08185529,0.79099243,1
TNG50-1,50,1.0,260976,0.00815351,-0.09637606,1.08185529,0.79099243,2
TNG50-1,50,1.0,260976,0.04868701,-0.07277785,1.08185529,0.79099243,3
TNG50-1,50,1.0,260976,-0.02796182,-0.05736332,1.08185529,0.79099243,4
TNG50-1,50,1.0,260976,0.00538432,-0.0441486,1.08185529,0.79099243,5
TNG50-1,50,1.0,260976,-0.03238638,0.02072117,1.08185529,0.79099243,6
TNG50-1,50,1.0,260976,0.01989923,0.01094694,1.08185529,0.79099243,7
TNG50-1,50,1.0,260976,-0.03259545,0.05326397,1.08185529,0.79099243,8
TNG50-1,50,1.0,260976,-0.03434642,0.03764009,1.08185529,0.79099243,9
TNG50-1,50,1.0,254473,0.05359515,0.05763414,1.0376096,-0.58481761,0
TNG50-1,50,1.0,254473,0.03041981,0.07856975,1.0376096,-0.58481761,1
TNG50-1,50,1.0,254473,0.01048397,-0.07250897,1.0376096,-0.58481761,2
TNG50-1,50,1.0,254473,0.05496759,0.07055836,1.0376096,-0.58481761,3
TNG50-1,50,1.0,254473,0.04597064,-0.05857226,1.0376096,-0.58481761,4
TNG50-1,50,1.0,254473,0.01880477,-0.05706076,1.0376096,-0.58481761,5
TNG50-1,50,1.0,254473,0.06355359,-0.01171429,1.0376096,-0.58481761,6
TNG50-1,50,1.0,254473,-0.11728941,-0.01591032,1.0376096,-0.58481761,7
TNG50-1,50,1.0,254473,-0.01452316,-0.07792086,1.0376096,-0.58481761,8
TNG50-1,50,1.0,254473,-0.01528952,0.0324939,1.0376096,-0.58481761,9
TNG50-1,50,1.0,234932,0.03397012,-0.01291602,1.30167741,-0.71375625,0
TNG50-1,50,1.0,234932,0.05270208,-0.00630378,1.30167741,-0.71375625,1
TNG50-1,50,1.0,234932,-0.02167277,-0.03288431,1.30167741,-0.71375625,2
TNG50-1,50,1.0,234932,-0.00197914,0.00322345,1.30167741,-0.71375625,3
TNG50-1,50,1.0,234932,-0.00152136,0.03140746,1.30167741,-0.71375625,4
TNG50-1,50,1.0,234932,0.08439977,-0.01181332,1.30167741,-0.71375625,5
TNG50-1,50,1.0,234932,-0.14171224,-0.02265974,1.30167741,-0.71375625,6
TNG50-1,50,1.0,234932,-0.04784722,-0.00828825,1.30167741,-0.71375625,7
TNG50-1,50,1.0,234932,0.00027704,-0.00037182,1.30167741,-0.71375625,8
TNG50-1,50,1.0,234932,-0.05427851,-0.08701598,1.30167741,-0.71375625,9
TNG50-1,50,1.0,296598,0.0230777,0.07437453,0.62014513,-1.15959222,0
TNG50-1,50,1.0,296598,-0.02255006,-0.05740666,0.62014513,-1.15959222,1
TNG50-1,50,1.0,296598,0.06307675,-0.02291388,0.62014513,-1.15959222,2
TNG50-1,50,1.0,296598,0.02955267,-0.00380978,0.62014513,-1.15959222,3
TNG50-1,50,1.0,296598,0.05850332,0.02928028,0.62014513,-1.15959222,4
TNG50-1,50,1.0,296598,-0.05055019,-0.08799051,0.62014513,-1.15959222,5
TNG50-1,50,1.0,296598,-0.01856933,-0.08015,0.62014513,-1.15959222,6
TNG50-1,50,1.0,296598,-0.06212292,0.02448131,0.62014513,-1.15959222,7
TNG50-1,50,1.0,296598,-0.03525956,-0.09745193,0.62014513,-1.15959222,8
TNG50-1,50,1.0,296598,0.06260527,-0.02233987,0.62014513,-1.15959222,9
TNG50-1,50,1.0,257247,0.00810459,0.03931618,0.55746093,-0.19219729,0
TNG50-1,50,1.0,257247,0.0207833,0.06072784,0.55746093,-0.19219729,1
TNG50-1,50,1.0,257247,-0.0070859,-0.03053037,0.55746093,-0.19219729,2
TNG50-1,50,1.0,257247,-0.01828784,-0.02620915,0.55746093,-0.19219729,3
TNG50-1,50,1.0,257247,0.04222854,-0.011769,0.55746093,-0.19219729,4
TNG50-1,50,1.0,257247,0.0142603,-0.00717863,0.55746093,-0.19219729,5
TNG50-1,50,1.0,257247,-0.03235083,-0.05040125,0.55746093,-0.19219729,6
TNG50-1,50,1.0,257247,0.00188614,0.06329668,0.55746093,-0.19219729,7
TNG50-1,50,1.0,257247,0.01915845,0.04416758,0.55746093,-0.19219729,8
TNG50-1,50,1.0,257247,0.08591186,-0.01528389,0.55746093,-0.19219729,9
TNG50-1,50,1.0,278928,0.03208553,-0.0030524,1.15888982,-0.61900487,0
TNG50-1,50,1.0,278928,0.01114496,0.00319421,1.15888982,-0.61900487,1
TNG50-1,50,1.0,278928,0.0359914,0.08418741,1.15888982,-0.61900487,2
TNG50-1,50,1.0,278928,-0.06721536,0.02913732,1.15888982,-0.61900487,3
TNG50-1,50,1.0,278928,-0.00728305,0.00407651,1.15888982,-0.61900487,4
TNG50-1,50,1.0,278928,-0.00290193,-0.00161956,1.15888982,-0.61900487,5
TNG50-1,50,1.0,278928,0.0311821,0.05520917,1.15888982,-0.61900487,6
TNG50-1,50,1.0,278928,-0.03142188,-0.02950552,1.15888982,-0.61900487,7
TNG50-1,50,1.0,278928,-0.12499654,-0.00701419,1.15888982,-0.61900487,8
TNG50-1,50,1.0,278928,-0.05408499,-0.05446291,1.15888982,-0.61900487,9
TNG50-1,50,1.0,216435,0.0709453,-0.02268789,1.14167428,-0.41069148,0
TNG50-1,50,1.0,216435,0.01962495,-0.06680309,1.14167428,-0.41069148,1
TNG50-1,50,1.0,216435,-0.03537616,0.00388203,1.14167428,-0.41069148,2
TNG50-1,50,1.0,216435,-0.00572275,-0.00906117,1.14167428,-0.41069148,3
TNG50-1,50,1.0,216435,0.02548254,-0.01608242,1.14167428,-0.41069148,4
TNG50-1,50,1.0,216435,-0.01253595,0.00993853,1.14167428,-0.41069148,5
TNG50-1,50,1.0,216435,-0.02672353,0.03740011,1.14167428,-0.41069148,6
TNG50-1,50,1.0,216435,-0.03271368,0.03507827,1.14167428,-0.41069148,7
TNG50-1,50,1.0,216435,0.01694809,0.02763643,1.14167428,-0.41069148,8
TNG50-1,50,1.0,216435,-0.01790271,-0.01203351,1.14167428,-0.41069148,9
TNG50-1,50,1.0,303705,-0.02834992,-0.04185168,0.49857505,-0.82938906,0
TNG50-1,50,1.0,303705,-0.05219578,-0.05469236,0.49857505,-0.82938906,1
TNG50-1,50,1.0,303705,-0.02965783,0.0211518,0.49857505,-0.82938906,2
TNG50-1,50,1.0,303705,0.0009825,0.06874539,0.49857505,-0.82938906,3
TNG50-1,50,1.0,303705,-0.03931431,-0.02015369,0.49857505,-0.82938906,4
TNG50-1,50,1.0,303705,0.00480286,-0.01077817,0.49857505,-0.82938906,5
TNG50-1,50,1.0,303705,-0.04827283,0.05358159,0.49857505,-0.82938906,6
TNG50-1,50,1.0,303705,-0.08304959,-0.09052229,0.49857505,-0.82938906,7
TNG50-1,50,1.0,303705,0.04097031,0.09834343,0.49857505,-0.82938906,8
TNG50-1,50,1.0,303705,-0.02372073,0.12220502,0.49857505,-0.82938906,9
TNG50-1,50,1.0,245604,-0.13531688,-0.05918607,1.38026003,0.82672735,0
TNG50-1,50,1.0,245604,-0.00487516,-0.08231168,1.38026003,0.82672735,1
TNG50-1,50,1.0,245604,-0.03594735,0.09963714,1.38026003,0.82672735,2
TNG50-1,50,1.0,245604,-0.01323859,-0.03212133,1.38026003,0.82672735,3
TNG50-1,50,1.0,245604,-0.02091925,-0.00686765,1.38026003,0.82672735,4
TNG50-1,50,1.0,245604,0.04058795,-0.01988977,1.38026003,0.82672735,5
TNG50-1,50,1.0,245604,-0.0056285,0.02740439,1.38026003,0.82672735,6
TNG50-1,50,1.0,245604,-0.04554536,0.0886395,1.38026003,0.82672735,7
TNG50-1,50,1.0,245604,-0.00860926,0.02899669,1.38026003,0.82672735,8
TNG50-1,50,1.0,245604,0.02573921,-0.07591826,1.38026003,0.82672735,9
TNG50-1,50,1.0,256471,-0.06920617,-0.06159736,0.9377675,1.35089536,0
TNG50-1,50,1.0,256471,-0.01994824,0.03118382,0.9377675,1.35089536,1
TNG50-1,50,1.0,256471,-0.01341166,-0.02490962,0.9377675,1.35089536,2
TNG50-1,50,1.0,256471,-0.08609756,-0.05436177,0.9377675,1.35089536,3
TNG50-1,50,1.0,256471,0.04096705,-0.01446675,0.9377675,1.35089536,4
TNG50-1,50,1.0,256471,-0.05431603,-0.0232874,0.9377675,1.35089536,5
TNG50-1,50,1.0,256471,0.07466508,-0.01625797,0.9377675,1.35089536,6
TNG50-1,50,1.0,256471,0.09103163,0.047484,0.9377675,1.35089536,7
TNG50-1,50,1.0,256471,-0.01241268,-0.03926538,0.9377675,1.35089536,8
TNG50-1,50,1.0,256471,0.02194863,0.08675115,0.9377675,1.35089536,9
TNG50-1,50,1.0,231714,-0.06625298,0.00921276,0.99370267,-0.00649728,0
TNG50-1,50,1.0,231714,0.08077151,-0.03910389,0.99370267,-0.00649728,1
TNG50-1,50,1.0,231714,-0.05082553,-0.04957752,0.99370267,-0.00649728,2
TNG50-1,50,1.0,231714,-5.066e-05,-0.05731505,0.99370267,-0.00649728,3
TNG50-1,50,1.0,231714,-0.02450981,-0.02187867,0.99370267,-0.00649728,4
TNG50-1,50,1.0,231714,-0.01718643,0.01248028,0.99370267,-0.00649728,5
TNG50-1,50,1.0,231714,0.04006786,-0.09559076,0.99370267,-0.00649728,6
TNG50-1,50,1.0,231714,0.07499134,-0.00231769,0.99370267,-0.00649728,7
TNG50-1,50,1.0,231714,0.05952624,0.07580126,0.99370267,-0.00649728,8
TNG50-1,50,1.0,231714,-0.02024282,0.05609555,0.99370267,-0.00649728,9
TNG50-1,50,1.0,292785,-0.05770745,0.01778467,1.07565143,0.35662255,0
TNG50-1,50,1.0,292785,0.07679535,-0.03616673,1.07565143,0.35662255,1
TNG50-1,50,1.0,292785,-0.01829659,0.00325845,1.07565143,0.35662255,2
TNG50-1,50,1.0,292785,-0.05526024,0.09604504,1.07565143,0.35662255,3
TNG50-1,50,1.0,292785,-0.0881059,-0.0174243,1.07565143,0.35662255,4
TNG50-1,50,1.0,292785,-0.03229826,0.01922147,1.07565143,0.35662255,5
TNG50-1,50,1.0,292785,-0.07273191,-0.07827636,1.07565143,0.35662255,6
TNG50-1,50,1.0,292785,-0.03114104,0.07600531,1.07565143,0.35662255,7
TNG50-1,50,1.0,292785,0.03722044,-0.02386033,1.07565143,0.35662255,8
TNG50-1,50,1.0,292785,-0.01877001,0.05252668,1.07565143,0.35662255,9
TNG50-1,50,1.0,307741,0.07732169,-0.01005681,0.93596427,-0.12273765,0
TNG50-1,50,1.0,307741,0.00381534,-0.00680999,0.93596427,-0.12273765,1
TNG50-1,50,1.0,307741,-0.01445822,-0.06061587,0.93596427,-0.12273765,2
TNG50-1,50,1.0,307741,0.0240587,0.03798785,0.93596427,-0.12273765,3
TNG50-1,50,1.0,307741,-0.02928558,-0.043792,0.93596427,-0.12273765,4
TNG50-1,50,1.0,307741,0.00734376,-0.02432112,0.93596427,-0.12273765,5
TNG50-1,50,1.0,307741,-0.07212334,5.236e-05,0.93596427,-0.12273765,6
TNG50-1,50,1.0,307741,0.05435436,0.00606121,0.93596427,-0.12273765,7
TNG50-1,50,1.0,307741,-0.00522055,-0.08530485,0.93596427,-0.12273765,8
TNG50-1,50,1.0,307741,0.05794004,-0.01154029,0.93596427,-0.12273765,9
TNG50-1,50,1.0,6,-0.03665592,0.03425245,1.28379635,-1.52114171,0
TNG50-1,50,1.0,6,0.02331126,0.10690872,1.28379635,-1.52114171,1
TNG50-1,50,1.0,6,-0.04181507,-0.0814818,1.28379635,-1.52114171,2
TNG50-1,50,1.0,6,0.03797669,-0.0421241,1.28379635,-1.52114171,3
TNG50-1,50,1.0,6,-0.0513041,-0.01184488,1.28379635,-1.52114171,4
TNG50-1,50,1.0,6,0.0019614,-0.02085441,1.28379635,-1.52114171,5
TNG50-1,50,1.0,6,0.00264257,-0.01663783,1.28379635,-1.52114171,6
TNG50-1,50,1.0,6,0.11639027,-0.06521161,1.28379635,-1.52114171,7
TNG50-1,50,1.0,6,0.03152126,0.0701978,1.28379635,-1.52114171,8
TNG50-1,50,1.0,6,-0.0296452,-0.07113043,1.28379635,-1.52114171,9
TNG50-1,50,1.0,279432,-0.01001064,0.00577748,1.24226836,-0.07162632,0
TNG50-1,50,1.0,279432,0.05229153,0.00949182,1.24226836,-0.07162632,1
TNG50-1,50,1.0,279432,-0.00150924,0.07205384,1.24226836,-0.07162632,2
TNG50-1,50,1.0,279432,-0.04896971,-0.02188977,1.24226836,-0.07162632,3
TNG50-1,50,1.0,279432,-0.06743378,-0.03629083,1.24226836,-0.07162632,4
TNG50-1,50,1.0,279432,-0.01149996,-0.02738818,1.24226836,-0.07162632,5
TNG50-1,50,1.0,279432,-0.03785148,-0.00962633,1.24226836,-0.07162632,6
TNG50-1,50,1.0,279432,0.01026155,-0.00454824,1.24226836,-0.07162632,7
TNG50-1,50,1.0,279432,-0.07007256,-0.04153489,1.24226836,-0.07162632,8
TNG50-1,50,1.0,279432,0.04065179,-0.10115426,1.24226836,-0.07162632,9
TNG50-1,50,1.0,284334,-0.02235047,-0.01386766,0.3557361,0.21415405,0
TNG50-1,50,1.0,284334,-0.06110022,0.00171051,0.3557361,0.21415405,1
TNG50-1,50,1.0,284334,-0.0543926,0.03481037,0.3557361,0.21415405,2
TNG50-1,50,1.0,284334,0.02017612,0.05412107,0.3557361,0.21415405,3
TNG50-1,50,1.0,284334,-0.0556166,-0.01550477,0.3557361,0.21415405,4
TNG50-1,50,1.0,284334,0.03701422,-0.0522111,0.3557361,0.21415405,5
TNG50-1,50,1.0,284334,-0.0331483,0.00380472,0.3557361,0.21415405,6
TNG50-1,50,1.0,284334,-0.06065169,0.02353248,0.3557361,0.21415405,7
TNG50-1,50,1.0,284334,-0.02639046,-0.07303627,0.3557361,0.21415405,8
TNG50-1,50,1.0,284334,0.01683536,-0.04453041,0.3557361,0.21415405,9
TNG50-1,50,1.0,269902,-0.03595934,-0.02005219,1.04944476,0.16387397,0
TNG50-1,50,1.0,269902,-0.01039111,-0.0196649,1.04944476,0.16387397,1
TNG50-1,50,1.0,269902,-0.0380517,0.00759407,1.04944476,0.16387397,2
TNG50-1,50,1.0,269902,0.03535204,-0.03307894,1.04944476,0.16387397,3
TNG50-1,50,1.0,269902,-0.08025666,0.07389182,1.04944476,0.16387397,4
TNG50-1,50,1.0,269902,-0.07898593,0.02441023,1.04944476,0.16387397,5
TNG50-1,50,1.0,269902,-0.01669444,-0.04035568,1.04944476,0.16387397,6
TNG50-1,50,1.0,269902,-0.00878264,0.00472557,1.04944476,0.16387397,7
TNG50-1,50,1.0,269902,-0.07273219,0.00620077,1.04944476,0.16387397,8
TNG50-1,50,1.0,269902,-0.03033744,0.06073607,1.04944476,0.16387397,9
TNG50-1,50,1.0,298512,-0.03001912,0.0039235,0.60004012,1.05750106,0
TNG50-1,50,1.0,298512,0.03836693,-0.02028213,0.60004012,1.05750106,1
TNG50-1,50,1.0,298512,0.00209272,-0.02298075,0.60004012,1.05750106,2
TNG50-1,50,1.0,298512,0.07457833,-0.06065178,0.60004012,1.05750106,3
TNG50-1,50,1.0,298512,0.06454457,0.02782796,0.60004012,1.05750106,4
TNG50-1,50,1.0,298512,0.00984897,-0.04100056,0.60004012,1.05750106,5
TNG50-1,50,1.0,298512,-0.01311413,0.05490741,0.60004012,1.05750106,6
TNG50-1,50,1.0,298512,0.0253303,-0.06464675,0.60004012,1.05750106,7
TNG50-1,50,1.0,298512,-0.0090225,0.00636207,0.60004012,1.05750106,8
TNG50-1,50,1.0,298512,0.08401536,0.05751119,0.60004012,1.05750106,9
TNG50-1,50,1.0,298213,0.03128723,-0.01829521,1.33319631,-0.86337983,0
TNG50-1,50,1.0,298213,-0.01265953,0.00243936,1.33319631,-0.86337983,1
TNG50-1,50,1.0,298213,0.07895016,0.05906134,1.33319631,-0.86337983,2
TNG50-1,50,1.0,298213,0.02193341,-0.11393445,1.33319631,-0.86337983,3
TNG50-1,50,1.0,298213,0.04679713,0.02946753,1.33319631,-0.86337983,4
TNG50-1,50,1.0,298213,-0.10820384,-0.01669424,1.33319631,-0.86337983,5
TNG50-1,50,1.0,298213,-0.00427863,-0.04561591,1.33319631,-0.86337983,6
TNG50-1,50,1.0,298213,0.02052758,0.01682721,1.33319631,-0.86337983,7
TNG50-1,50,1.0,298213,0.01118075,0.06137256,1.33319631,-0.86337983,8
TNG50-1,50,1.0,298213,0.04805786,0.05195719,1.33319631,-0.86337983,9
TNG50-1,50,1.0,257926,-0.00675565,0.04159157,0.79835724,0.92050229,0
TNG50-1,50,1.0,257926,0.04378705,-0.02733892,0.79835724,0.92050229,1
TNG50-1,50,1.0,257926,0.04340339,0.01651939,0.79835724,0.92050229,2
TNG50-1,50,1.0,257926,-0.00436856,0.06198535,0.79835724,0.92050229,3
TNG50-1,50,1.0,257926,-0.03465403,-0.06544622,0.79835724,0.92050229,4
TNG50-1,50,1.0,257926,-0.0317617,-0.00225687,0.79835724,0.92050229,5
TNG50-1,50,1.0,257926,0.04189267,-0.00853471,0.79835724,0.92050229,6
TNG50-1,50,1.0,257926,-0.00210734,0.01898714,0.79835724,0.92050229,7
TNG50-1,50,1.0,257926,-0.05230911,0.061958,0.79835724,0.92050229,8
TNG50-1,50,1.0,257926,-0.08424314,-0.06647259,0.79835724,0.92050229,9
TNG50-1,50,1.0,200753,-0.08228916,-0.00953599,0.81789316,1.55453611,0
TNG50-1,50,1.0,200753,0.01757324,-0.02116598,0.81789316,1.55453611,1
TNG50-1,50,1.0,200753,-0.00282545,-0.01757016,0.81789316,1.55453611,2
TNG50-1,50,1.0,200753,0.02582071,0.12538624,0.81789316,1.55453611,3
TNG50-1,50,1.0,200753,-0.01957662,-0.03853626,0.81789316,1.55453611,4
TNG50-1,50,1.0,200753,-0.04007397,-0.0278986,0.81789316,1.55453611,5
TNG50-1,50,1.0,200753,-0.03854223,0.16469271,0.81789316,1.55453611,6
TNG50-1,50,1.0,200753,-0.02690851,0.02105067,0.81789316,1.55453611,7
TNG50-1,50,1.0,200753,0.00094125,-0.06899903,0.81789316,1.55453611,8
TNG50-1,50,1.0,200753,0.00739792,0.04213436,0.81789316,1.55453611,9
TNG50-1,50,1.0,293832,-0.04550194,0.06046077,1.02684511,1.17153765,0
TNG50-1,50,1.0,293832,0.04545308,0.0067369,1.02684511,1.17153765,1
TNG50-1,50,1.0,293832,-0.01054811,0.09008213,1.02684511,1.17153765,2
TNG50-1,50,1.0,293832,-0.02198979,0.04252436,1.02684511,1.17153765,3
TNG50-1,50,1.0,293832,0.08045825,0.01059913,1.02684511,1.17153765,4
TNG50-1,50,1.0,293832,0.02832007,0.01257433,1.02684511,1.17153765,5
TNG50-1,50,1.0,293832,0.04864947,0.00686186,1.02684511,1.17153765,6
TNG50-1,50,1.0,293832,0.02174598,-0.06256194,1.02684511,1.17153765,7
TNG50-1,50,1.0,293832,-0.02222223,-0.00450361,1.02684511,1.17153765,8
TNG50-1,50,1.0,293832,0.03056772,0.01105932,1.02684511,1.17153765,9
TNG50-1,50,1.0,41131,-0.02080426,-0.01712604,1.02490292,1.22490386,0
TNG50-1,50,1.0,41131,0.01688385,-0.02442058,1.02490292,1.22490386,1
TNG50-1,50,1.0,41131,0.00106537,0.0772029,1.02490292,1.22490386,2
TNG50-1,50,1.0,41131,0.03868459,0.06930222,1.02490292,1.22490386,3
TNG50-1,50,1.0,41131,0.03315562,0.02221967,1.02490292,1.22490386,4
TNG50-1,50,1.0,41131,0.00835766,-0.00537501,1.02490292,1.22490386,5
TNG50-1,50,1.0,41131,-0.06836064,0.0309559,1.02490292,1.22490386,6
TNG50-1,50,1.0,41131,0.08953614,0.00368985,1.02490292,1.22490386,7
TNG50-1,50,1.0,41131,-0.00709455,-0.00951115,1.02490292,1.22490386,8
TNG50-1,50,1.0,41131,-0.00404432,0.0169053,1.02490292,1.22490386,9
TNG50-1,50,1.0,287037,-0.02205789,0.05078311,1.37040911,-0.58324314,0
TNG50-1,50,1.0,287037,0.01261321,-0.04845262,1.37040911,-0.58324314,1
TNG50-1,50,1.0,287037,0.01021105,-0.03494582,1.37040911,-0.58324314,2
TNG50-1,50,1.0,287037,0.0301468,0.06277039,1.37040911,-0.58324314,3
TNG50-1,50,1.0,287037,-0.03095685,-0.02852914,1.37040911,-0.58324314,4
TNG50-1,50,1.0,287037,0.03550682,-0.00940713,1.37040911,-0.58324314,5
TNG50-1,50,1.0,287037,-0.04531557,-0.05060145,1.37040911,-0.58324314,6
TNG50-1,50,1.0,287037,-0.02862833,0.04164756,1.37040911,-0.58324314,7
TNG50-1,50,1.0,287037,-0.02644625,0.04233681,1.37040911,-0.58324314,8
TNG50-1,50,1.0,287037,-0.05360259,0.0369473,1.37040911,-0.58324314,9
TNG50-1,50,1.0,316899,0.02884427,-0.05613116,0.22481321,-0.72858213,0
TNG50-1,50,1.0,316899,-0.00914554,-0.03388849,0.22481321,-0.72858213,1
TNG50-1,50,1.0,316899,-0.03935588,0.01904675,0.22481321,-0.72858213,2
TNG50-1,50,1.0,316899,0.00570588,0.05852485,0.22481321,-0.72858213,3
TNG50-1,50,1.0,316899,-0.06313373,0.08333045,0.22481321,-0.72858213,4
TNG50-1,50,1.0,316899,0.02697193,0.00206831,0.22481321,-0.72858213,5
TNG50-1,50,1.0,316899,-0.04685746,0.09188728,0.22481321,-0.72858213,6
TNG50-1,50,1.0,316899,0.04591163,-0.01448323,0.22481321,-0.72858213,7
TNG50-1,50,1.0,316899,-0.01692279,0.05493838,0.22481321,-0.72858213,8
TNG50-1,50,1.0,316899,0.05312668,-0.04710905,0.22481321,-0.72858213,9
TNG50-1,50,1.0,250015,0.02101003,-0.04829062,0.32822643,0.33394941,0
TNG50-1,50,1.0,250015,-0.11708465,-0.00506068,0.32822643,0.33394941,1
TNG50-1,50,1.0,250015,-0.05607955,0.00510453,0.32822643,0.33394941,2
TNG50-1,50,1.0,250015,0.02333384,-0.01530051,0.32822643,0.33394941,3
TNG50-1,50,1.0,250015,-0.06562194,0.08371796,0.32822643,0.33394941,4
TNG50-1,50,1.0,250015,0.02134748,-0.03597019,0.32822643,0.33394941,5
TNG50-1,50,1.0,250015,0.04532291,0.06957166,0.32822643,0.33394941,6
TNG50-1,50,1.0,250015,-0.02506601,-0.05206196,0.32822643,0.33394941,7
TNG50-1,50,1.0,250015,-0.04844765,0.00363888,0.32822643,0.33394941,8
TNG50-1,50,1.0,250015,-0.02370933,0.05915527,0.32822643,0.33394941,9
TNG50-1,50,1.0,302096,0.05656786,-0.07304883,1.36668753,1.37854768,0
TNG50-1,50,1.0,302096,-0.02101289,0.02301123,1.36668753,1.37854768,1
TNG50-1,50,1.0,302096,0.02775349,-0.05083798,1.36668753,1.37854768,2
TNG50-1,50,1.0,302096,0.02105895,-0.02949435,1.36668753,1.37854768,3
TNG50-1,50,1.0,302096,-0.02699696,0.10809709,1.36668753,1.37854768,4
TNG50-1,50,1.0,302096,0.0307975,-0.01266308,1.36668753,1.37854768,5
TNG50-1,50,1.0,302096,0.09312461,-0.03700871,1.36668753,1.37854768,6
TNG50-1,50,1.0,302096,0.02358503,0.05762913,1.36668753,1.37854768,7
TNG50-1,50,1.0,302096,0.02831782,-0.04738385,1.36668753,1.37854768,8
TNG50-1,50,1.0,302096,0.03360775,-0.02237096,1.36668753,1.37854768,9
TNG50-1,50,1.0,202095,-0.02775859,0.00094309,1.14348357,0.17907638,0
TNG50-1,50,1.0,202095,-0.00592938,0.00883848,1.14348357,0.17907638,1
TNG50-1,50,1.0,202095,-0.00223788,-0.02416154,1.14348357,0.17907638,2
TNG50-1,50,1.0,202095,-0.02194247,-0.00078895,1.14348357,0.17907638,3
TNG50-1,50,1.0,202095,0.01619698,-0.06076267,1.14348357,0.17907638,4
TNG50-1,50,1.0,202095,-0.09073809,-0.00849085,1.14348357,0.17907638,5
TNG50-1,50,1.0,202095,-0.03652331,-0.04685042,1.14348357,0.17907638,6
TNG50-1,50,1.0,202095,-0.01399639,-0.01387018,1.14348357,0.17907638,7
TNG50-1,50,1.0,202095,-0.04280576,-0.12799583,1.14348357,0.17907638,8
TNG50-1,50,1.0,202095,0.0814599,-0.05640016,1.14348357,0.17907638,9
TNG50-1,50,1.0,300297,0.07319632,-0.0182549,0.44762375,-0.63994358,0
TNG50-1,50,1.0,300297,0.04151989,0.09864479,0.44762375,-0.63994358,1
TNG50-1,50,1.0,300297,0.06595197,-0.00783959,0.44762375,-0.63994358,2
TNG50-1,50,1.0,300297,0.06938606,0.06680243,0.44762375,-0.63994358,3
TNG50-1,50,1.0,300297,0.03364937,0.08483459,0.44762375,-0.63994358,4
TNG50-1,50,1.0,300297,-0.02264343,-0.0511475,0.44762375,-0.63994358,5
TNG50-1,50,1.0,300297,-0.05186255,-0.0242499,0.44762375,-0.63994358,6
TNG50-1,50,1.0,300297,0.05733723,-0.05164896,0.44762375,-0.63994358,7
TNG50-1,50,1.0,300297,0.0032284,-0.06149722,0.44762375,-0.63994358,8
TNG50-1,50,1.0,300297,0.12470114,0.03335334,0.44762375,-0.63994358,9
TNG50-1,50,1.0,237548,-0.00983142,-0.10618187,1.36278493,-1.03735398,0
TNG50-1,50,1.0,237548,0.00261832,0.00285638,1.36278493,-1.03735398,1
TNG50-1,50,1.0,237548,0.02781196,0.01003534,1.36278493,-1.03735398,2
TNG50-1,50,1.0,237548,-0.09286934,-0.05171304,1.36278493,-1.03735398,3
TNG50-1,50,1.0,237548,0.0643383,0.00737453,1.36278493,-1.03735398,4
TNG50-1,50,1.0,237548,-0.01745471,-0.01805092,1.36278493,-1.03735398,5
TNG50-1,50,1.0,237548,0.02662007,-0.0671377,1.36278493,-1.03735398,6
TNG50-1,50,1.0,237548,0.03103564,0.03357424,1.36278493,-1.03735398,7
TNG50-1,50,1.0,237548,0.06853983,-0.02818626,1.36278493,-1.03735398,8
TNG50-1,50,1.0,237548,-0.00524287,-0.02031896,1.36278493,-1.03735398,9
TNG50-1,50,1.0,291550,0.00394626,-0.03725654,0.55783004,-1.38875566,0
TNG50-1,50,1.0,291550,-0.02169168,0.01909815,0.55783004,-1.38875566,1
TNG50-1,50,1.0,291550,0.05452868,-0.06711772,0.55783004,-1.38875566,2
TNG50-1,50,1.0,291550,-0.00808129,0.00073509,0.55783004,-1.38875566,3
TNG50-1,50,1.0,291550,0.03481654,0.02862078,0.55783004,-1.38875566,4
TNG50-1,50,1.0,291550,0.01016069,0.04537978,0.55783004,-1.38875566,5
TNG50-1,50,1.0,291550,-0.07010355,-0.03820839,0.55783004,-1.38875566,6
TNG50-1,50,1.0,291550,-0.00453291,0.00088755,0.55783004,-1.38875566,7
TNG50-1,50,1.0,291550,-0.0617812,0.00920735,0.55783004,-1.38875566,8
TNG50-1,50,1.0,291550,-0.00540604,0.07735631,0.55783004,-1.38875566,9
TNG50-1,50,1.0,110864,0.02745952,0.07222376,1.35059017,-0.30511271,0
TNG50-1,50,1.0,110864,0.01001998,0.03763922,1.35059017,-0.30511271,1
TNG50-1,50,1.0,110864,0.0103345,-0.04903104,1.35059017,-0.30511271,2
TNG50-1,50,1.0,110864,-0.07231537,-0.10931466,1.35059017,-0.30511271,3
TNG50-1,50,1.0,110864,0.02462958,0.05394175,1.35059017,-0.30511271,4
TNG50-1,50,1.0,110864,-0.01654332,0.00556925,1.35059017,-0.30511271,5
TNG50-1,50,1.0,110864,-0.00832992,-0.03725987,1.35059017,-0.30511271,6
TNG50-1,50,1.0,110864,0.05241322,0.05867812,1.35059017,-0.30511271,7
TNG50-1,50,1.0,110864,-0.03597178,-0.04307794,1.35059017,-0.30511271,8
TNG50-1,50,1.0,110864,0.06755922,-0.02120776,1.35059017,-0.30511271,9
TNG50-1,50,1.0,87131,0.05246342,-0.03161959,1.27014085,0.56966334,0
TNG50-1,50,1.0,87131,-0.03995719,-0.03153859,1.27014085,0.56966334,1
TNG50-1,50,1.0,87131,0.00600805,0.06121982,1.27014085,0.56966334,2
TNG50-1,50,1.0,87131,0.02226064,0.03177552,1.27014085,0.56966334,3
TNG50-1,50,1.0,87131,-0.02001164,-0.05114826,1.27014085,0.56966334,4
TNG50-1,50,1.0,87131,0.0419855,0.00904317,1.27014085,0.56966334,5
TNG50-1,50,1.0,87131,0.00744793,-0.1186888,1.27014085,0.56966334,6
TNG50-1,50,1.0,87131,0.03944229,-0.02869701,1.27014085,0.56966334,7
TNG50-1,50,1.0,87131,0.00970521,0.04805138,1.27014085,0.56966334,8
TNG50-1,50,1.0,87131,0.01882023,-0.00625728,1.27014085,0.56966334,9
TNG50-1,50,1.0,194156,0.00589563,-0.06307875,0.92317906,-0.96785822,0
TNG50-1,50,1.0,194156,-0.15081906,-0.09239351,0.92317906,-0.96785822,1
TNG50-1,50,1.0,194156,-0.01961268,-0.05425897,0.92317906,-0.96785822,2
TNG50-1,50,1.0,194156,0.01691361,0.07543425,0.92317906,-0.96785822,3
TNG50-1,50,1.0,194156,0.02326449,-0.01352806,0.92317906,-0.96785822,4
TNG50-1,50,1.0,194156,0.04811779,0.01099387,0.92317906,-0.96785822,5
TNG50-1,50,1.0,194156,-0.01051289,-0.02567481,0.92317906,-0.96785822,6
TNG50-1,50,1.0,194156,-0.00828279,-0.08952755,0.92317906,-0.96785822,7
TNG50-1,50,1.0,194156,-0.06660587,0.04680566,0.92317906,-0.96785822,8
TNG50-1,50,1.0,194156,-0.01022608,-0.10860991,0.92317906,-0.96785822,9
TNG50-1,50,1.0,165283,0.02155916,-0.07490727,0.8896853,0.98013984,0
TNG50-1,50,1.0,165283,0.02377512,0.07761835,0.8896853,0.98013984,1
TNG50-1,50,1.0,165283,-0.02624663,0.02107055,0.8896853,0.98013984,2
TNG50-1,50,1.0,165283,0.07448611,0.02265306,0.8896853,0.98013984,3
TNG50-1,50,1.0,165283,-0.02299389,0.15583521,0.8896853,0.98013984,4
TNG50-1,50,1.0,165283,0.02104395,0.01625224,0.8896853,0.98013984,5
TNG50-1,50,1.0,165283,0.02973181,-0.06511607,0.8896853,0.98013984,6
TNG50-1,50,1.0,165283,0.08593701,-0.00979518,0.8896853,0.98013984,7
TNG50-1,50,1.0,165283,-0.01585148,-0.04873912,0.8896853,0.98013984,8
TNG50-1,50,1.0,165283,-0.03265965,-0.01979342,0.8896853,0.98013984,9
TNG50-1,50,1.0,41132,-0.02012948,0.00669674,1.05667998,-0.73917996,0
TNG50-1,50,1.0,41132,-0.02935122,0.03351107,1.05667998,-0.73917996,1
TNG50-1,50,1.0,41132,-0.06966413,0.03765562,1.05667998,-0.73917996,2
TNG50-1,50,1.0,41132,0.07962508,0.00813594,1.05667998,-0.73917996,3
TNG50-1,50,1.0,41132,0.0149424,-0.01101972,1.05667998,-0.73917996,4
TNG50-1,50,1.0,41132,-0.0112736,0.07651989,1.05667998,-0.73917996,5
TNG50-1,50,1.0,41132,0.03788189,-0.02389508,1.05667998,-0.73917996,6
TNG50-1,50,1.0,41132,0.02355336,0.01956568,1.05667998,-0.73917996,7
TNG50-1,50,1.0,41132,0.01378454,0.02069542,1.05667998,-0.73917996,8
TNG50-1,50,1.0,41132,0.0342499,-0.03047789,1.05667998,-0.73917996,9
TNG50-1,50,1.0,297780,-0.04039112,-0.02790759,1.01163623,1.2983737,0
TNG50-1,50,1.0,297780,-0.0176926,0.022654,1.01163623,1.2983737,1
TNG50-1,50,1.0,297780,-0.02461084,-0.00070676,1.01163623,1.2983737,2
TNG50-1,50,1.0,297780,-0.07290653,-0.00963438,1.01163623,1.2983737,3
TNG50-1,50,1.0,297780,-0.03257475,-0.00511179,1.01163623,1.2983737,4
TNG50-1,50,1.0,297780,0.01331115,-0.00112122,1.01163623,1.2983737,5
TNG50-1,50,1.0,297780,0.06329718,0.06722025,1.01163623,1.2983737,6
TNG50-1,50,1.0,297780,0.02771957,-0.00098301,1.01163623,1.2983737,7
TNG50-1,50,1.0,297780,-0.12997672,0.05427681,1.01163623,1.2983737,8
TNG50-1,50,1.0,297780,0.03206519,0.04699529,1.01163623,1.2983737,9
TNG50-1,50,1.0,238585,0.03335228,0.00592102,1.3478558,-1.1307993,0
TNG50-1,50,1.0,238585,-0.08933094,-0.021006,1.3478558,-1.1307993,1
TNG50-1,50,1.0,238585,0.05583163,-0.00224144,1.3478558,-1.1307993,2
TNG50-1,50,1.0,238585,-0.02289506,-0.06505472,1.3478558,-1.1307993,3
TNG50-1,50,1.0,238585,0.03578636,-0.00068772,1.3478558,-1.1307993,4
TNG50-1,50,1.0,238585,-0.04862664,-0.05413702,1.3478558,-1.1307993,5
TNG50-1,50,1.0,238585,-0.0592537,-0.01977219,1.3478558,-1.1307993,6
TNG50-1,50,1.0,238585,0.09881944,0.04626498,1.3478558,-1.1307993,7
TNG50-1,50,1.0,238585,-0.04784915,0.01270953,1.3478558,-1.1307993,8
TNG50-1,50,1.0,238585,0.05730533,-0.07410852,1.3478558,-1.1307993,9
TNG50-1,50,1.0,276807,0.04257441,0.05899829,0.30196869,0.55828808,0
TNG50-1,50,1.0,276807,-0.00035499,-0.02624393,0.30196869,0.55828808,1
TNG50-1,50,1.0,276807,-0.02710926,-0.07724899,0.30196869,0.55828808,2
TNG50-1,50,1.0,276807,0.03733382,-0.03393388,0.30196869,0.55828808,3
TNG50-1,50,1.0,276807,-0.00836034,0.06633873,0.30196869,0.55828808,4
TNG50-1,50,1.0,276807,-0.05828307,0.04160661,0.30196869,0.55828808,5
TNG50-1,50,1.0,276807,0.09239049,-0.01275078,0.30196869,0.55828808,6
TNG50-1,50,1.0,276807,-0.00086437,0.06866276,0.30196869,0.55828808,7
TNG50-1,50,1.0,276807,-0.00406926,0.03739711,0.30196869,0.55828808,8
TNG50-1,50,1.0,276807,-0.02025526,-0.01332947,0.30196869,0.55828808,9
TNG50-1,50,1.0,288097,-0.00829549,-0.0190753,1.13555645,0.98794882,0
TNG50-1,50,1.0,288097,0.01646589,-0.02408773,1.13555645,0.98794882,1
TNG50-1,50,1.0,288097,-0.04159435,0.04800355,1.13555645,0.98794882,2
TNG50-1,50,1.0,288097,0.00022525,-0.00217733,1.13555645,0.98794882,3
TNG50-1,50,1.0,288097,0.01542567,0.08980473,1.13555645,0.98794882,4
TNG50-1,50,1.0,288097,-0.08434831,0.03311067,1.13555645,0.98794882,5
TNG50-1,50,1.0,288097,-0.00946602,-0.02051115,1.13555645,0.98794882,6
TNG50-1,50,1.0,288097,-0.01515281,0.01198293,1.13555645,0.98794882,7
TNG50-1,50,1.0,288097,0.0514034,-0.01770344,1.13555645,0.98794882,8
TNG50-1,50,1.0,288097,-0.09222485,0.0429698,1.13555645,0.98794882,9
TNG50-1,50,1.0,292022,-0.0059746,-0.05691127,0.31367736,1.45932912,0
TNG50-1,50,1.0,292022,-0.09321866,0.0370965,0.31367736,1.45932912,1
TNG50-1,50,1.0,292022,-0.03730603,0.04090139,0.31367736,1.45932912,2
TNG50-1,50,1.0,292022,-0.07596997,0.04744477,0.31367736,1.45932912,3
TNG50-1,50,1.0,292022,0.01220301,-0.03041743,0.31367736,1.45932912,4
TNG50-1,50,1.0,292022,0.02516587,0.05896812,0.31367736,1.45932912,5
TNG50-1,50,1.0,292022,0.01282741,-0.02467911,0.31367736,1.45932912,6
TNG50-1,50,1.0,292022,-0.03937022,0.03267507,0.31367736,1.45932912,7
TNG50-1,50,1.0,292022,0.0123427,-0.02554563,0.31367736,1.45932912,8
TNG50-1,50,1.0,292022,-0.02350571,-0.01119911,0.31367736,1.45932912,9
TNG50-1,50,1.0,229968,-0.12105889,0.07390159,1.32188579,-0.73953843,0
TNG50-1,50,1.0,229968,-0.01509566,-0.03503963,1.32188579,-0.73953843,1
TNG50-1,50,1.0,229968,0.0045545,-0.03615038,1.32188579,-0.73953843,2
TNG50-1,50,1.0,229968,-0.02050248,-0.05785643,1.32188579,-0.73953843,3
TNG50-1,50,1.0,229968,0.0878094,0.06531427,1.32188579,-0.73953843,4
TNG50-1,50,1.0,229968,-0.0581233,0.05605022,1.32188579,-0.73953843,5
TNG50-1,50,1.0,229968,-0.02817906,-0.00529909,1.32188579,-0.73953843,6
TNG50-1,50,1.0,229968,-0.04524363,-0.06980496,1.32188579,-0.73953843,7
TNG50-1,50,1.0,229968,-0.02818885,-0.06533313,1.32188579,-0.73953843,8
TNG50-1,50,1.0,229968,0.05157065,0.00853147,1.32188579,-0.73953843,9
TNG50-1,50,1.0,281395,-0.10232148,-0.10159666,0.73267019,-0.21200852,0
TNG50-1,50,1.0,281395,0.02198537,-0.00066118,0.73267019,-0.21200852,1
TNG50-1,50,1.0,281395,-0.12342651,0.01557147,0.73267019,-0.21200852,2
TNG50-1,50,1.0,281395,-0.01134234,-0.01415186,0.73267019,-0.21200852,3
TNG50-1,50,1.0,281395,0.04271215,0.02626605,0.73267019,-0.21200852,4
TNG50-1,50,1.0,281395,0.03111477,0.01118621,0.73267019,-0.21200852,5
TNG50-1,50,1.0,281395,-0.06492052,-0.02708271,0.73267019,-0.21200852,6
TNG50-1,50,1.0,281395,-0.05848322,-0.09680947,0.73267019,-0.21200852,7
TNG50-1,50,1.0,281395,-0.0344336,0.00667065,0.73267019,-0.21200852,8
TNG50-1,50,1.0,281395,0.00931079,-0.04765377,0.73267019,-0.21200852,9
TNG50-1,50,1.0,278201,-0.00923802,-0.00803106,0.28185484,0.86642325,0
TNG50-1,50,1.0,278201,-0.01174659,-0.02035038,0.28185484,0.86642325,1
TNG50-1,50,1.0,278201,-0.05579669,0.05857623,0.28185484,0.86642325,2
TNG50-1,50,1.0,278201,0.10751096,-0.05983501,0.28185484,0.86642325,3
TNG50-1,50,1.0,278201,-0.01099955,-0.02885736,0.28185484,0.86642325,4
TNG50-1,50,1.0,278201,0.02984655,-0.04492202,0.28185484,0.86642325,5
TNG50-1,50,1.0,278201,-0.01673264,0.07212652,0.28185484,0.86642325,6
TNG50-1,50,1.0,278201,-0.01773818,-0.04347042,0.28185484,0.86642325,7
TNG50-1,50,1.0,278201,-0.02277218,0.02811499,0.28185484,0.86642325,8
TNG50-1,50,1.0,278201,-0.07749229,0.04850807,0.28185484,0.86642325,9
TNG50-1,50,1.0,298803,0.00768988,0.0141036,0.36478453,-0.38227523,0
TNG50-1,50,1.0,298803,0.07937147,0.02763006,0.36478453,-0.38227523,1
TNG50-1,50,1.0,298803,-0.05310536,0.05958357,0.36478453,-0.38227523,2
TNG50-1,50,1.0,298803,-0.00041075,-0.05935987,0.36478453,-0.38227523,3
TNG50-1,50,1.0,298803,0.03365808,-0.0656,0.36478453,-0.38227523,4
TNG50-1,50,1.0,298803,-0.00952059,0.06282095,0.36478453,-0.38227523,5
TNG50-1,50,1.0,298803,0.05761095,0.01369942,0.36478453,-0.38227523,6
TNG50-1,50,1.0,298803,-0.02160198,-0.01132526,0.36478453,-0.38227523,7
TNG50-1,50,1.0,298803,0.10346856,0.00055617,0.36478453,-0.38227523,8
TNG50-1,50,1.0,298803,0.10610988,-0.11930207,0.36478453,-0.38227523,9
TNG50-1,50,1.0,210927,-0.05121126,-0.00120974,0.61869673,-0.90140168,0
TNG50-1,50,1.0,210927,-0.01801638,-0.02813912,0.61869673,-0.90140168,1
TNG50-1,50,1.0,210927,-0.06142951,-0.00035233,0.61869673,-0.90140168,2
TNG50-1,50,1.0,210927,-0.00242857,0.03561157,0.61869673,-0.90140168,3
TNG50-1,50,1.0,210927,-0.00827451,-0.02056671,0.61869673,-0.90140168,4
TNG50-1,50,1.0,210927,-0.03932576,0.0259206,0.61869673,-0.90140168,5
TNG50-1,50,1.0,210927,0.04368831,-0.04063735,0.61869673,-0.90140168,6
TNG50-1,50,1.0,210927,-0.00297503,0.03795253,0.61869673,-0.90140168,7
TNG50-1,50,1.0,210927,0.05313237,-0.02899529,0.61869673,-0.90140168,8
TNG50-1,50,1.0,210927,-0.00975249,0.04258399,0.61869673,-0.90140168,9
TNG50-1,50,1.0,87129,0.0003683,0.13284047,0.97496713,0.0594221,0
TNG50-1,50,1.0,87129,-0.04265961,-0.07046666,0.97496713,0.0594221,1
TNG50-1,50,1.0,87129,0.01790012,-0.0292368,0.97496713,0.0594221,2
TNG50-1,50,1.0,87129,0.00731448,-0.02528711,0.97496713,0.0594221,3
TNG50-1,50,1.0,87129,-0.00362935,0.10202467,0.97496713,0.0594221,4
TNG50-1,50,1.0,87129,-0.00342887,-0.06600673,0.97496713,0.0594221,5
TNG50-1,50,1.0,87129,-0.00450051,0.02129611,0.97496713,0.0594221,6
TNG50-1,50,1.0,87129,-0.01838498,0.0124197,0.97496713,0.0594221,7
TNG50-1,50,1.0,87129,0.0069917,0.01668012,0.97496713,0.0594221,8
TNG50-1,50,1.0,87129,-0.03219571,0.06181716,0.97496713,0.0594221,9
TNG50-1,59,0.7,114122,0.06079147,0.00741423,1.07463506,-1.35982054,0
TNG50-1,59,0.7,114122,-0.02254784,-0.06132528,1.07463506,-1.35982054,1
TNG50-1,59,0.7,114122,0.00970087,-0.04248205,1.07463506,-1.35982054,2
TNG50-1,59,0.7,114122,-0.0932051,0.05773661,1.07463506,-1.35982054,3
TNG50-1,59,0.7,114122,0.00495465,0.0293959,1.07463506,-1.35982054,4
TNG50-1,59,0.7,114122,-0.03969947,0.05746016,1.07463506,-1.35982054,5
TNG50-1,59,0.7,114122,-0.00931912,0.07798636,1.07463506,-1.35982054,6
TNG50-1,59,0.7,114122,-0.08426859,-0.03864194,1.07463506,-1.35982054,7
TNG50-1,59,0.7,114122,0.02024361,0.07494858,1.07463506,-1.35982054,8
TNG50-1,59,0.7,114122,-0.08482843,-0.07327528,1.07463506,-1.35982054,9
TNG50-1,59,0.7,104587,0.03730502,0.02706779,0.9276986,-1.44905543,0
TNG50-1,59,0.7,104587,-0.02466689,0.01019997,0.9276986,-1.44905543,1
TNG50-1,59,0.7,104587,-0.04651501,0.04213919,0.9276986,-1.44905543,2
TNG50-1,59,0.7,104587,0.03072349,-0.08136039,0.9276986,-1.44905543,3
TNG50-1,59,0.7,104587,0.04724758,-0.00656367,0.9276986,-1.44905543,4
TNG50-1,59,0.7,104587,0.04576342,-0.06919232,0.9276986,-1.44905543,5
TNG50-1,59,0.7,104587,0.01074299,0.0138351,0.9276986,-1.44905543,6
TNG50-1,59,0.7,104587,0.00659787,0.08209651,0.9276986,-1.44905543,7
TNG50-1,59,0.7,104587,0.02634333,-0.02370424,0.9276986,-1.44905543,8
TNG50-1,59,0.7,104587,0.0151882,0.0063626,0.9276986,-1.44905543,9
TNG50-1,59,0.7,147940,0.03782434,0.01075521,0.86219321,0.48295852,0
TNG50-1,59,0.7,147940,-0.10338615,0.02776975,0.86219321,0.48295852,1
TNG50-1,59,0.7,147940,-0.02610552,-0.01578269,0.86219321,0.48295852,2
TNG50-1,59,0.7,147940,0.01822578,0.00579063,0.86219321,0.48295852,3
TNG50-1,59,0.7,147940,-0.14484974,-0.03161852,0.86219321,0.48295852,4
TNG50-1,59,0.7,147940,-0.04884042,0.06317417,0.86219321,0.48295852,5
TNG50-1,59,0.7,147940,0.0550429,0.07607797,0.86219321,0.48295852,6
TNG50-1,59,0.7,147940,0.05014985,0.06899564,0.86219321,0.48295852,7
TNG50-1,59,0.7,147940,0.01871591,-0.02040544,0.86219321,0.48295852,8
TNG50-1,59,0.7,147940,0.04410988,-0.0476887,0.86219321,0.48295852,9
TNG50-1,59,0.7,128023,0.06384868,-0.06910108,1.38202444,-0.5057466,0
TNG50-1,59,0.7,128023,0.02719536,0.00986651,1.38202444,-0.5057466,1
TNG50-1,59,0.7,128023,0.01642922,0.10698409,1.38202444,-0.5057466,2
TNG50-1,59,0.7,128023,-0.0316816,-0.04343058,1.38202444,-0.5057466,3
TNG50-1,59,0.7,128023,0.02128319,-0.00295908,1.38202444,-0.5057466,4
TNG50-1,59,0.7,128023,-0.0542639,0.07067622,1.38202444,-0.5057466,5
TNG50-1,59,0.7,128023,0.03170312,0.0308567,1.38202444,-0.5057466,6
TNG50-1,59,0.7,128023,0.06894433,0.12400782,1.38202444,-0.5057466,7
TNG50-1,59,0.7,128023,0.08155228,-0.03664347,1.38202444,-0.5057466,8
TNG50-1,59,0.7,128023,0.0354262,-0.04948779,1.38202444,-0.5057466,9
TNG50-1,59,0.7,1,0.06120627,0.0345641,0.94310663,0.48839009,0
TNG50-1,59,0.7,1,-0.05979393,0.00498361,0.94310663,0.48839009,1
TNG50-1,59,0.7,1,-0.0098384,-0.06489315,0.94310663,0.48839009,2
TNG50-1,59,0.7,1,-0.00328233,-0.03187407,0.94310663,0.48839009,3
TNG50-1,59,0.7,1,0.05179947,-0.01068551,0.94310663,0.48839009,4
TNG50-1,59,0.7,1,0.0307134,-0.02673001,0.94310663,0.48839009,5
TNG50-1,59,0.7,1,0.02285325,-0.00080389,0.94310663,0.48839009,6
TNG50-1,59,0.7,1,-0.02012154,0.0889008,0.94310663,0.48839009,7
TNG50-1,59,0.7,1,0.0607502,0.06235835,0.94310663,0.48839009,8
TNG50-1,59,0.7,1,-0.060414,0.06686838,0.94310663,0.48839009,9
TNG50-1,59,0.7,95226,-0.00245271,0.03635846,1.10479817,-1.27542001,0
TNG50-1,59,0.7,95226,-0.08632502,-0.02341612,1.10479817,-1.27542001,1
TNG50-1,59,0.7,95226,0.03562151,0.02710273,1.10479817,-1.27542001,2
TNG50-1,59,0.7,95226,0.05128433,-0.05557578,1.10479817,-1.27542001,3
TNG50-1,59,0.7,95226,-0.12129542,-0.06761665,1.10479817,-1.27542001,4
TNG50-1,59,0.7,95226,-0.04122773,0.03776346,1.10479817,-1.27542001,5
TNG50-1,59,0.7,95226,-0.0055227,0.012626,1.10479817,-1.27542001,6
TNG50-1,59,0.7,95226,0.03672555,0.04612279,1.10479817,-1.27542001,7
TNG50-1,59,0.7,95226,-0.02578733,-0.02662965,1.10479817,-1.27542001,8
TNG50-1,59,0.7,95226,-0.0416071,-0.03975527,1.10479817,-1.27542001,9
TNG50-1,59,0.7,151360,0.06803594,0.03223671,1.03416244,1.41324979,0
TNG50-1,59,0.7,151360,-0.07614794,0.03246746,1.03416244,1.41324979,1
TNG50-1,59,0.7,151360,0.06257304,-0.05247874,1.03416244,1.41324979,2
TNG50-1,59,0.7,151360,0.06602524,0.0338061,1.03416244,1.41324979,3
TNG50-1,59,0.7,151360,0.04300448,0.02271517,1.03416244,1.41324979,4
TNG50-1,59,0.7,151360,-0.03439038,0.07549431,1.03416244,1.41324979,5
TNG50-1,59,0.7,151360,-0.04082619,0.02845682,1.03416244,1.41324979,6
TNG50-1,59,0.7,151360,-0.01050279,0.05292905,1.03416244,1.41324979,7
TNG50-1,59,0.7,151360,-0.06475198,0.02385388,1.03416244,1.41324979,8
TNG50-1,59,0.7,151360,-0.0480847,0.04899646,1.03416244,1.41324979,9
TNG50-1,59,0.7,165277,0.00762077,-0.010112,0.66201241,0.11678132,0
TNG50-1,59,0.7,165277,-0.02058342,0.00776829,0.66201241,0.11678132,1
TNG50-1,59,0.7,165277,0.01121702,0.02868632,0.66201241,0.11678132,2
TNG50-1,59,0.7,165277,-0.05684107,-0.03703833,0.66201241,0.11678132,3
TNG50-1,59,0.7,165277,0.06544716,0.00968547,0.66201241,0.11678132,4
TNG50-1,59,0.7,165277,0.00932971,0.01372178,0.66201241,0.11678132,5
TNG50-1,59,0.7,165277,-0.03347286,-0.07770394,0.66201241,0.11678132,6
TNG50-1,59,0.7,165277,-0.00833977,0.01263482,0.66201241,0.11678132,7
TNG50-1,59,0.7,165277,-0.02635181,-0.0022881,0.66201241,0.11678132,8
TNG50-1,59,0.7,165277,0.0655835,0.00649831,0.66201241,0.11678132,9
TNG50-1,59,0.7,155054,0.00178149,0.05654689,1.15852693,-0.63815647,0
TNG50-1,59,0.7,155054,0.01295849,-0.0153536,1.15852693,-0.63815647,1
TNG50-1,59,0.7,155054,0.06686716,-0.04964562,1.15852693,-0.63815647,2
TNG50-1,59,0.7,155054,-0.05897537,-0.01571587,1.15852693,-0.63815647,3
TNG50-1,59,0.7,155054,-0.01710762,0.03559801,1.15852693,-0.63815647,4
TNG50-1,59,0.7,155054,0.03333093,0.02034139,1.15852693,-0.63815647,5
TNG50-1,59,0.7,155054,0.02404629,0.02016257,1.15852693,-0.63815647,6
TNG50-1,59,0.7,155054,0.02297028,-0.01071722,1.15852693,-0.63815647,7
TNG50-1,59,0.7,155054,0.13767886,-0.01869013,1.15852693,-0.63815647,8
TNG50-1,59,0.7,155054,0.03070678,-0.00899286,1.15852693,-0.63815647,9
TNG50-1,59,0.7,169307,0.03622377,0.03032966,0.63010528,-1.38031923,0
TNG50-1,59,0.7,169307,0.04203637,-0.04369794,0.63010528,-1.38031923,1
TNG50-1,59,0.7,169307,-0.05031208,-0.00364285,0.63010528,-1.38031923,2
TNG50-1,59,0.7,169307,0.03811713,-0.01332924,0.63010528,-1.38031923,3
TNG50-1,59,0.7,169307,-0.03253606,-0.02569067,0.63010528,-1.38031923,4
TNG50-1,59,0.7,169307,0.02344608,-0.02198615,0.63010528,-1.38031923,5
TNG50-1,59,0.7,169307,-0.00959829,0.05560073,0.63010528,-1.38031923,6
TNG50-1,59,0.7,169307,0.07828943,-0.02992754,0.63010528,-1.38031923,7
TNG50-1,59,0.7,169307,-0.02090373,0.02832039,0.63010528,-1.38031923,8
TNG50-1,59,0.7,169307,0.00893059,0.01572975,0.63010528,-1.38031923,9
TNG50-1,59,0.7,201917,-0.06984901,-0.03035835,0.81997756,-0.41193072,0
TNG50-1,59,0.7,201917,0.02595847,0.02273105,0.81997756,-0.41193072,1
TNG50-1,59,0.7,201917,-0.07067566,0.02398092,0.81997756,-0.41193072,2
TNG50-1,59,0.7,201917,0.03140459,-0.12170896,0.81997756,-0.41193072,3
TNG50-1,59,0.7,201917,-0.02535958,0.10077032,0.81997756,-0.41193072,4
TNG50-1,59,0.7,201917,0.00041836,0.02642767,0.81997756,-0.41193072,5
TNG50-1,59,0.7,201917,-0.064714,0.03484593,0.81997756,-0.41193072,6
TNG50-1,59,0.7,201917,0.00611912,-0.00717702,0.81997756,-0.41193072,7
TNG50-1,59,0.7,201917,0.04634752,-0.09276768,0.81997756,-0.41193072,8
TNG50-1,59,0.7,201917,-0.04034827,0.0337361,0.81997756,-0.41193072,9
TNG50-1,59,0.7,2,-0.0282594,0.06377395,0.39581856,-0.77110607,0
TNG50-1,59,0.7,2,0.02719658,-0.00422742,0.39581856,-0.77110607,1
TNG50-1,59,0.7,2,-0.01094005,0.05832734,0.39581856,-0.77110607,2
TNG50-1,59,0.7,2,0.01190197,-0.00480882,0.39581856,-0.77110607,3
TNG50-1,59,0.7,2,-0.03874982,-0.07767588,0.39581856,-0.77110607,4
TNG50-1,59,0.7,2,0.04321945,0.07516007,0.39581856,-0.77110607,5
TNG50-1,59,0.7,2,-0.05941895,0.05644122,0.39581856,-0.77110607,6
TNG50-1,59,0.7,2,0.11227847,-0.00156696,0.39581856,-0.77110607,7
TNG50-1,59,0.7,2,0.11189743,-0.06125921,0.39581856,-0.77110607,8
TNG50-1,59,0.7,2,0.08163498,-0.02931003,0.39581856,-0.77110607,9
TNG50-1,59,0.7,158822,-0.09105728,-0.03786573,0.2665758,-0.35838883,0
TNG50-1,59,0.7,158822,0.04725404,-0.11938211,0.2665758,-0.35838883,1
TNG50-1,59,0.7,158822,-0.08016545,-0.10921733,0.2665758,-0.35838883,2
TNG50-1,59,0.7,158822,0.01434154,0.08990962,0.2665758,-0.35838883,3
TNG50-1,59,0.7,158822,-0.04218467,0.10417991,0.2665758,-0.35838883,4
TNG50-1,59,0.7,158822,-0.07133517,0.00463631,0.2665758,-0.35838883,5
TNG50-1,59,0.7,158822,0.01191775,-0.04119144,0.2665758,-0.35838883,6
TNG50-1,59,0.7,158822,-0.01668997,-0.01492245,0.2665758,-0.35838883,7
TNG50-1,59,0.7,158822,0.04190946,0.04367871,0.2665758,-0.35838883,8
TNG50-1,59,0.7,158822,-0.06338026,-0.02571945,0.2665758,-0.35838883,9
TNG50-1,59,0.7,224175,0.01188169,-0.0084096,1.36507666,-0.95202967,0
TNG50-1,59,0.7,224175,-0.0006378,0.04599022,1.36507666,-0.95202967,1
TNG50-1,59,0.7,224175,-0.02844063,-0.08960164,1.36507666,-0.95202967,2
TNG50-1,59,0.7,224175,-0.02630964,-0.02351815,1.36507666,-0.95202967,3
TNG50-1,59,0.7,224175,0.01466604,0.00138443,1.36507666,-0.95202967,4
TNG50-1,59,0.7,224175,-0.04884441,0.09616653,1.36507666,-0.95202967,5
TNG50-1,59,0.7,224175,0.02258647,-0.0979976,1.36507666,-0.95202967,6
TNG50-1,59,0.7,224175,-0.02357895,-0.00481049,1.36507666,-0.95202967,7
TNG50-1,59,0.7,224175,0.00636837,0.07283444,1.36507666,-0.95202967,8
TNG50-1,59,0.7,224175,0.06919813,-0.03925102,1.36507666,-0.95202967,9
TNG50-1,59,0.7,199650,0.00897812,0.03276776,0.9108409,0.39883254,0
TNG50-1,59,0.7,199650,0.03719509,-0.01516245,0.9108409,0.39883254,1
TNG50-1,59,0.7,199650,0.00549734,0.04682146,0.9108409,0.39883254,2
TNG50-1,59,0.7,199650,-0.08316987,-0.00891005,0.9108409,0.39883254,3
TNG50-1,59,0.7,199650,0.05043968,0.05117049,0.9108409,0.39883254,4
TNG50-1,59,0.7,199650,-0.00438415,0.02116522,0.9108409,0.39883254,5
TNG50-1,59,0.7,199650,0.0394758,0.01439875,0.9108409,0.39883254,6
TNG50-1,59,0.7,199650,0.03451232,-0.01870056,0.9108409,0.39883254,7
TNG50-1,59,0.7,199650,-0.03866482,0.01162138,0.9108409,0.39883254,8
TNG50-1,59,0.7,199650,-0.04573977,0.05964264,0.9108409,0.39883254,9
TNG50-1,59,0.7,178493,-0.00271077,0.01546989,1.27777743,-0.35137509,0
TNG50-1,59,0.7,178493,0.02655872,0.04253068,1.27777743,-0.35137509,1
TNG50-1,59,0.7,178493,0.002318,0.03746104,1.27777743,-0.35137509,2
TNG50-1,59,0.7,178493,0.0062302,-0.05546295,1.27777743,-0.35137509,3
TNG50-1,59,0.7,178493,0.08617054,0.04884914,1.27777743,-0.35137509,4
TNG50-1,59,0.7,178493,0.0600865,-0.00443868,1.27777743,-0.35137509,5
TNG50-1,59,0.7,178493,0.00397019,-0.04934957,1.27777743,-0.35137509,6
TNG50-1,59,0.7,178493,0.0107227,0.06681924,1.27777743,-0.35137509,7
TNG50-1,59,0.7,178493,-0.03509353,0.07316395,1.27777743,-0.35137509,8
TNG50-1,59,0.7,178493,-0.00864858,0.01318735,1.27777743,-0.35137509,9
TNG50-1,59,0.7,229117,0.03574759,0.01025723,0.24531949,0.10651769,0
TNG50-1,59,0.7,229117,0.03029663,-0.0816574,0.24531949,0.10651769,1
TNG50-1,59,0.7,229117,-0.0394179,0.01016002,0.24531949,0.10651769,2
TNG50-1,59,0.7,229117,-0.05841322,0.10219785,0.24531949,0.10651769,3
TNG50-1,59,0.7,229117,0.00078818,-0.06436954,0.24531949,0.10651769,4
TNG50-1,59,0.7,229117,0.02805164,0.00148623,0.24531949,0.10651769,5
TNG50-1,59,0.7,229117,0.02025876,-0.01131677,0.24531949,0.10651769,6
TNG50-1,59,0.7,229117,-0.02560799,0.00479415,0.24531949,0.10651769,7
TNG50-1,59,0.7,229117,0.01489122,0.00971261,0.24531949,0.10651769,8
TNG50-1,59,0.7,229117,0.07511777,0.0569986,0.24531949,0.10651769,9
TNG50-1,59,0.7,172231,0.00423916,-0.02065157,1.3866418,0.85407508,0
TNG50-1,59,0.7,172231,0.06386298,-0.01221667,1.3866418,0.85407508,1
TNG50-1,59,0.7,172231,-0.00588278,0.04923207,1.3866418,0.85407508,2
TNG50-1,59,0.7,172231,-0.01750684,0.10043468,1.3866418,0.85407508,3
TNG50-1,59,0.7,172231,-0.03345915,0.0743974,1.3866418,0.85407508,4
TNG50-1,59,0.7,172231,-0.09085435,0.04026223,1.3866418,0.85407508,5
TNG50-1,59,0.7,172231,0.01378907,0.00175753,1.3866418,0.85407508,6
TNG50-1,59,0.7,172231,0.10270001,0.01048595,1.3866418,0.85407508,7
TNG50-1,59,0.7,172231,0.02291177,-0.03767537,1.3866418,0.85407508,8
TNG50-1,59,0.7,172231,0.03433737,-0.07240838,1.3866418,0.85407508,9
TNG50-1,59,0.7,215210,0.07755357,0.00501671,0.54985333,0.27495059,0
TNG50-1,59,0.7,215210,-0.01621136,-0.0287997,0.54985333,0.27495059,1
TNG50-1,59,0.7,215210,-0.00265926,0.01627594,0.54985333,0.27495059,2
TNG50-1,59,0.7,215210,0.12377091,0.10143229,0.54985333,0.27495059,3
TNG50-1,59,0.7,215210,-0.00973801,0.0605341,0.54985333,0.27495059,4
TNG50-1,59,0.7,215210,0.02780784,0.0151959,0.54985333,0.27495059,5
TNG50-1,59,0.7,215210,0.03231547,0.04279149,0.54985333,0.27495059,6
TNG50-1,59,0.7,215210,0.03657008,-0.0434588,0.54985333,0.27495059,7
TNG50-1,59,0.7,215210,0.01447436,-0.01302561,0.54985333,0.27495059,8
TNG50-1,59,0.7,215210,0.00969204,0.04739249,0.54985333,0.27495059,9
TNG50-1,59,0.7,208302,0.07435836,0.06788888,1.12368861,1.46461874,0
TNG50-1,59,0.7,208302,-0.03854331,-0.05175011,1.12368861,1.46461874,1
TNG50-1,59,0.7,208302,-0.02417942,-0.01762253,1.12368861,1.46461874,2
TNG50-1,59,0.7,208302,0.10906879,0.04575393,1.12368861,1.46461874,3
TNG50-1,59,0.7,208302,0.00481306,-0.00647743,1.12368861,1.46461874,4
TNG50-1,59,0.7,208302,0.0911681,-0.02466927,1.12368861,1.46461874,5
TNG50-1,59,0.7,208302,0.01034287,0.05047711,1.12368861,1.46461874,6
TNG50-1,59,0.7,208302,0.01230901,0.05517266,1.12368861,1.46461874,7
TNG50-1,59,0.7,208302,-0.01527454,-0.0224821,1.12368861,1.46461874,8
TNG50-1,59,0.7,208302,0.04712776,0.01061833,1.12368861,1.46461874,9
TNG50-1,59,0.7,196722,-0.06042374,-0.09314708,0.97803712,0.06905257,0
TNG50-1,59,0.7,196722,-0.04477405,0.02095103,0.97803712,0.06905257,1
TNG50-1,59,0.7,196722,0.00620826,-0.09013668,0.97803712,0.06905257,2
TNG50-1,59,0.7,196722,0.00157034,0.00158646,0.97803712,0.06905257,3
TNG50-1,59,0.7,196722,-0.0483438,0.0819762,0.97803712,0.06905257,4
TNG50-1,59,0.7,196722,-0.0357987,0.0836717,0.97803712,0.06905257,5
TNG50-1,59,0.7,196722,-0.05325222,-0.09029538,0.97803712,0.06905257,6
TNG50-1,59,0.7,196722,0.02275299,0.01492048,0.97803712,0.06905257,7
TNG50-1,59,0.7,196722,-0.09838196,-0.04944856,0.97803712,0.06905257,8
TNG50-1,59,0.7,196722,-0.05057886,-0.0596568,0.97803712,0.06905257,9
TNG50-1,59,0.7,206045,-0.0056735,-0.00707355,0.27552887,1.28741706,0
TNG50-1,59,0.7,206045,0.06141456,-0.00873598,0.27552887,1.28741706,1
TNG50-1,59,0.7,206045,0.02998294,0.00112036,0.27552887,1.28741706,2
TNG50-1,59,0.7,206045,-0.03575705,0.02700655,0.27552887,1.28741706,3
TNG50-1,59,0.7,206045,0.0352517,0.00746655,0.27552887,1.28741706,4
TNG50-1,59,0.7,206045,-0.11218542,-0.01421759,0.27552887,1.28741706,5
TNG50-1,59,0.7,206045,-0.03764729,0.02008741,0.27552887,1.28741706,6
TNG50-1,59,0.7,206045,-0.04119458,0.04130618,0.27552887,1.28741706,7
TNG50-1,59,0.7,206045,0.00391603,-0.02780129,0.27552887,1.28741706,8
TNG50-1,59,0.7,206045,-0.0101414,-0.00297014,0.27552887,1.28741706,9
TNG50-1,59,0.7,233630,0.05809533,0.00478014,0.9828365,0.92259976,0
TNG50-1,59,0.7,233630,-0.05513803,-0.01642209,0.9828365,0.92259976,1
TNG50-1,59,0.7,233630,0.09023511,-0.00664434,0.9828365,0.92259976,2
TNG50-1,59,0.7,233630,-0.06695775,-0.1764605,0.9828365,0.92259976,3
TNG50-1,59,0.7,233630,-0.01726823,0.00285799,0.9828365,0.92259976,4
TNG50-1,59,0.7,233630,-0.0475095,0.00089033,0.9828365,0.92259976,5
TNG50-1,59,0.7,233630,0.10939635,0.05192844,0.9828365,0.92259976,6
TNG50-1,59,0.7,233630,-0.0251675,0.06545305,0.9828365,0.92259976,7
TNG50-1,59,0.7,233630,-0.02504206,-0.0093854,0.9828365,0.92259976,8
TNG50-1,59,0.7,233630,-0.01853744,0.04081145,0.9828365,0.92259976,9
TNG50-1,59,0.7,247082,-0.05507844,-0.032608,1.29113888,-1.38632615,0
TNG50-1,59,0.7,247082,0.03836712,0.01126643,1.29113888,-1.38632615,1
TNG50-1,59,0.7,247082,-0.02862379,0.01083414,1.29113888,-1.38632615,2
TNG50-1,59,0.7,247082,-0.05923487,0.03307459,1.29113888,-1.38632615,3
TNG50-1,59,0.7,247082,-0.00927943,0.01253703,1.29113888,-1.38632615,4
TNG50-1,59,0.7,247082,0.07002362,-0.03695923,1.29113888,-1.38632615,5
TNG50-1,59,0.7,247082,0.00905028,0.04401535,1.29113888,-1.38632615,6
TNG50-1,59,0.7,247082,0.07482441,0.08658283,1.29113888,-1.38632615,7
TNG50-1,59,0.7,247082,-0.03743664,-0.02919017,1.29113888,-1.38632615,8
TNG50-1,59,0.7,247082,0.05239256,-0.0917616,1.29113888,-1.38632615,9
TNG50-1,59,0.7,175517,0.0302375,-0.00592821,0.36013694,0.62303565,0
TNG50-1,59,0.7,175517,-0.13028943,-0.00990231,0.36013694,0.62303565,1
TNG50-1,59,0.7,175517,-0.01202495,-0.14251621,0.36013694,0.62303565,2
TNG50-1,59,0.7,175517,0.02589521,-0.01632511,0.36013694,0.62303565,3
TNG50-1,59,0.7,175517,-0.02052283,-0.06766344,0.36013694,0.62303565,4
TNG50-1,59,0.7,175517,0.00181013,0.01106148,0.36013694,0.62303565,5
TNG50-1,59,0.7,175517,0.037535,0.00764354,0.36013694,0.62303565,6
TNG50-1,59,0.7,175517,0.00404626,0.03479279,0.36013694,0.62303565,7
TNG50-1,59,0.7,175517,0.07539597,0.06983352,0.36013694,0.62303565,8
TNG50-1,59,0.7,175517,0.05634931,-0.00131347,0.36013694,0.62303565,9
TNG50-1,59,0.7,232104,0.11402082,0.04057077,1.17526429,1.52905057,0
TNG50-1,59,0.7,232104,0.01162257,0.03206607,1.17526429,1.52905057,1
TNG50-1,59,0.7,232104,-0.06551082,0.05832836,1.17526429,1.52905057,2
TNG50-1,59,0.7,232104,-0.02810359,-0.01655126,1.17526429,1.52905057,3
TNG50-1,59,0.7,232104,-0.01863734,0.06012638,1.17526429,1.52905057,4
TNG50-1,59,0.7,232104,0.02960636,-0.06819985,1.17526429,1.52905057,5
TNG50-1,59,0.7,232104,-0.0473625,-0.06941922,1.17526429,1.52905057,6
TNG50-1,59,0.7,232104,-0.01489879,-0.06069008,1.17526429,1.52905057,7
TNG50-1,59,0.7,232104,-0.00805201,0.00046058,1.17526429,1.52905057,8
TNG50-1,59,0.7,232104,-0.02240604,0.06011891,1.17526429,1.52905057,9
TNG50-1,59,0.7,241194,0.07033371,-0.08397119,0.39383276,-1.17318445,0
TNG50-1,59,0.7,241194,0.01368136,-0.08633591,0.39383276,-1.17318445,1
TNG50-1,59,0.7,241194,0.02173938,0.03089854,0.39383276,-1.17318445,2
TNG50-1,59,0.7,241194,0.00658147,-0.05757522,0.39383276,-1.17318445,3
TNG50-1,59,0.7,241194,-0.02527375,0.01500429,0.39383276,-1.17318445,4
TNG50-1,59,0.7,241194,-8.414e-05,0.00682873,0.39383276,-1.17318445,5
TNG50-1,59,0.7,241194,-0.02212951,-0.00323543,0.39383276,-1.17318445,6
TNG50-1,59,0.7,241194,0.0479773,0.02192026,0.39383276,-1.17318445,7
TNG50-1,59,0.7,241194,-0.01015286,0.00791518,0.39383276,-1.17318445,8
TNG50-1,59,0.7,241194,-0.07482536,-0.13548649,0.39383276,-1.17318445,9
TNG50-1,59,0.7,138897,0.05666566,0.0879442,0.29540889,0.024118,0
TNG50-1,59,0.7,138897,0.08320581,-0.02245308,0.29540889,0.024118,1
TNG50-1,59,0.7,138897,-0.03746979,-0.00442159,0.29540889,0.024118,2
TNG50-1,59,0.7,138897,-0.01316883,-0.06266611,0.29540889,0.024118,3
TNG50-1,59,0.7,138897,0.01754665,-0.00861752,0.29540889,0.024118,4
TNG50-1,59,0.7,138897,0.02432995,-0.07444638,0.29540889,0.024118,5
TNG50-1,59,0.7,138897,-0.02611832,0.03739247,0.29540889,0.024118,6
TNG50-1,59,0.7,138897,0.09417603,0.02099984,0.29540889,0.024118,7
TNG50-1,59,0.7,138897,0.02110476,-0.01385347,0.29540889,0.024118,8
TNG50-1,59,0.7,138897,0.02656917,-0.00502119,0.29540889,0.024118,9
TNG50-1,59,0.7,275347,0.03807332,-0.05785605,1.18137866,0.70193035,0
TNG50-1,59,0.7,275347,-0.0567898,-0.08250949,1.18137866,0.70193035,1
TNG50-1,59,0.7,275347,0.01020839,0.00666761,1.18137866,0.70193035,2
TNG50-1,59,0.7,275347,0.03497549,-0.02068515,1.18137866,0.70193035,3
TNG50-1,59,0.7,275347,-0.0891137,-0.07523026,1.18137866,0.70193035,4
TNG50-1,59,0.7,275347,0.0342469,0.02629076,1.18137866,0.70193035,5
TNG50-1,59,0.7,275347,-0.08370312,-0.09957495,1.18137866,0.70193035,6
TNG50-1,59,0.7,275347,-0.00587972,-0.05181205,1.18137866,0.70193035,7
TNG50-1,59,0.7,275347,-0.05816956,-0.02876091,1.18137866,0.70193035,8
TNG50-1,59,0.7,275347,0.07156233,0.04011112,1.18137866,0.70193035,9
TNG50-1,59,0.7,162909,0.06477342,0.09669072,0.95366385,1.1603844,0
TNG50-1,59,0.7,162909,0.05513911,-0.07083648,0.95366385,1.1603844,1
TNG50-1,59,0.7,162909,-0.00766369,-0.05739206,0.95366385,1.1603844,2
TNG50-1,59,0.7,162909,-0.12136541,0.04712758,0.95366385,1.1603844,3
TNG50-1,59,0.7,162909,0.01954265,-0.02155796,0.95366385,1.1603844,4
TNG50-1,59,0.7,162909,0.07352869,-0.05908776,0.95366385,1.1603844,5
TNG50-1,59,0.7,162909,0.06168952,0.07639856,0.95366385,1.1603844,6
TNG50-1,59,0.7,162909,0.02314745,0.0230528,0.95366385,1.1603844,7
TNG50-1,59,0.7,162909,-0.05947514,-0.01909006,0.95366385,1.1603844,8
TNG50-1,59,0.7,162909,-0.02626535,-0.05728874,0.95366385,1.1603844,9
TNG50-1,59,0.7,242629,0.02466416,0.02916735,1.00854048,0.35323857,0
TNG50-1,59,0.7,242629,0.08972815,0.06346627,1.00854048,0.35323857,1
TNG50-1,59,0.7,242629,-0.008004,0.04450223,1.00854048,0.35323857,2
TNG50-1,59,0.7,242629,-0.0274395,0.06499892,1.00854048,0.35323857,3
TNG50-1,59,0.7,242629,0.08792078,-0.0055211,1.00854048,0.35323857,4
TNG50-1,59,0.7,242629,-0.02890299,-0.04313352,1.00854048,0.35323857,5
TNG50-1,59,0.7,242629,-0.0089146,0.10549927,1.00854048,0.35323857,6
TNG50-1,59,0.7,242629,0.03600237,-0.07633478,1.00854048,0.35323857,7
TNG50-1,59,0.7,242629,-0.06188629,-0.07132565,1.00854048,0.35323857,8
TNG50-1,59,0.7,242629,0.03556473,0.0282564,1.00854048,0.35323857,9
TNG50-1,59,0.7,254370,0.0812493,0.05309122,1.16322616,0.79975617,0
TNG50-1,59,0.7,254370,0.00947754,-0.00794841,1.16322616,0.79975617,1
TNG50-1,59,0.7,254370,0.04996518,0.02850863,1.16322616,0.79975617,2
TNG50-1,59,0.7,254370,-0.09979014,0.02688941,1.16322616,0.79975617,3
TNG50-1,59,0.7,254370,-0.02497725,-0.01077134,1.16322616,0.79975617,4
TNG50-1,59,0.7,254370,-0.09369739,-0.05473527,1.16322616,0.79975617,5
TNG50-1,59,0.7,254370,0.03902055,0.02824457,1.16322616,0.79975617,6
TNG50-1,59,0.7,254370,-0.07736157,0.03065478,1.16322616,0.79975617,7
TNG50-1,59,0.7,254370,-0.06389094,0.04470122,1.16322616,0.79975617,8
TNG50-1,59,0.7,254370,0.02570126,0.01560332,1.16322616,0.79975617,9
TNG50-1,59,0.7,230669,-0.04354136,0.0254521,1.06349939,1.15941666,0
TNG50-1,59,0.7,230669,0.08759896,-0.08356172,1.06349939,1.15941666,1
TNG50-1,59,0.7,230669,-0.11139662,-0.10335069,1.06349939,1.15941666,2
TNG50-1,59,0.7,230669,-0.01840253,0.05189946,1.06349939,1.15941666,3
TNG50-1,59,0.7,230669,-0.02086053,-0.00900497,1.06349939,1.15941666,4
TNG50-1,59,0.7,230669,0.05761685,-0.0642591,1.06349939,1.15941666,5
TNG50-1,59,0.7,230669,0.06491512,-0.0104086,1.06349939,1.15941666,6
TNG50-1,59,0.7,230669,0.04771118,0.01820205,1.06349939,1.15941666,7
TNG50-1,59,0.7,230669,-0.0675275,-0.00414256,1.06349939,1.15941666,8
TNG50-1,59,0.7,230669,0.04313095,-0.07759931,1.06349939,1.15941666,9
TNG50-1,59,0.7,191405,0.09427785,-0.0559042,0.92741299,-1.45634749,0
TNG50-1,59,0.7,191405,0.0502109,0.08228613,0.92741299,-1.45634749,1
TNG50-1,59,0.7,191405,-0.01676887,0.00296129,0.92741299,-1.45634749,2
TNG50-1,59,0.7,191405,-0.01475473,0.01037032,0.92741299,-1.45634749,3
TNG50-1,59,0.7,191405,0.01797437,-0.10056899,0.92741299,-1.45634749,4
TNG50-1,59,0.7,191405,-0.05648107,-0.02985009,0.92741299,-1.45634749,5
TNG50-1,59,0.7,191405,0.01613382,0.02306061,0.92741299,-1.45634749,6
TNG50-1,59,0.7,191405,-0.06653662,0.00970681,0.92741299,-1.45634749,7
TNG50-1,59,0.7,191405,-0.00352671,-0.10770149,0.92741299,-1.45634749,8
TNG50-1,59,0.7,191405,-0.05842857,0.0103569,0.92741299,-1.45634749,9
TNG50-1,59,0.7,252992,0.05934352,0.07411449,1.24397192,-0.89136625,0
TNG50-1,59,0.7,252992,0.13639154,-0.00997935,1.24397192,-0.89136625,1
TNG50-1,59,0.7,252992,0.02419705,-0.02023334,1.24397192,-0.89136625,2
TNG50-1,59,0.7,252992,-0.03174732,0.00358105,1.24397192,-0.89136625,3
TNG50-1,59,0.7,252992,-0.12668292,-0.03138189,1.24397192,-0.89136625,4
TNG50-1,59,0.7,252992,-0.08422321,-0.02869096,1.24397192,-0.89136625,5
TNG50-1,59,0.7,252992,0.07774309,0.02059401,1.24397192,-0.89136625,6
TNG50-1,59,0.7,252992,-0.05145959,0.00926458,1.24397192,-0.89136625,7
TNG50-1,59,0.7,252992,-0.01854174,0.10658027,1.24397192,-0.89136625,8
TNG50-1,59,0.7,252992,0.0327663,0.02194244,1.24397192,-0.89136625,9
TNG50-1,59,0.7,104588,0.05755728,0.03821431,1.14380776,1.13206,0
TNG50-1,59,0.7,104588,-0.05356426,0.08816804,1.14380776,1.13206,1
TNG50-1,59,0.7,104588,0.02625786,-0.07184846,1.14380776,1.13206,2
TNG50-1,59,0.7,104588,-0.03614907,0.06851416,1.14380776,1.13206,3
TNG50-1,59,0.7,104588,0.01977266,-0.04956222,1.14380776,1.13206,4
TNG50-1,59,0.7,104588,0.03442573,-0.02821696,1.14380776,1.13206,5
TNG50-1,59,0.7,104588,0.00249344,0.02806962,1.14380776,1.13206,6
TNG50-1,59,0.7,104588,0.12036629,0.06166101,1.14380776,1.13206,7
TNG50-1,59,0.7,104588,0.07139899,-0.05767883,1.14380776,1.13206,8
TNG50-1,59,0.7,104588,0.05886227,-0.02562724,1.14380776,1.13206,9
TNG50-1,59,0.7,289575,0.0048766,0.02260108,1.37439959,0.46620508,0
TNG50-1,59,0.7,289575,-0.0093183,-0.02315841,1.37439959,0.46620508,1
TNG50-1,59,0.7,289575,0.0427016,0.09924775,1.37439959,0.46620508,2
TNG50-1,59,0.7,289575,0.17179638,-0.03677237,1.37439959,0.46620508,3
TNG50-1,59,0.7,289575,0.02096604,-0.00597155,1.37439959,0.46620508,4
TNG50-1,59,0.7,289575,-0.03675982,0.03195813,1.37439959,0.46620508,5
TNG50-1,59,0.7,289575,-0.06482542,0.04460274,1.37439959,0.46620508,6
TNG50-1,59,0.7,289575,-0.0162627,0.06387883,1.37439959,0.46620508,7
TNG50-1,59,0.7,289575,-0.04701249,0.02142482,1.37439959,0.46620508,8
TNG50-1,59,0.7,289575,0.02337749,0.05254564,1.37439959,0.46620508,9
TNG50-1,59,0.7,310579,-0.03325541,-0.02881876,1.06169281,-0.25062847,0
TNG50-1,59,0.7,310579,0.0459041,-0.0215095,1.06169281,-0.25062847,1
TNG50-1,59,0.7,310579,0.04523646,-0.05370687,1.06169281,-0.25062847,2
TNG50-1,59,0.7,310579,0.07564433,-0.02607736,1.06169281,-0.25062847,3
TNG50-1,59,0.7,310579,-0.0834218,-0.02462843,1.06169281,-0.25062847,4
TNG50-1,59,0.7,310579,-0.04535916,-0.03414206,1.06169281,-0.25062847,5
TNG50-1,59,0.7,310579,0.04115705,-0.03688391,1.06169281,-0.25062847,6
TNG50-1,59,0.7,310579,-0.13256822,-0.01355024,1.06169281,-0.25062847,7
TNG50-1,59,0.7,310579,0.02460031,-0.01415522,1.06169281,-0.25062847,8
TNG50-1,59,0.7,310579,0.05299022,0.09370659,1.06169281,-0.25062847,9
TNG50-1,59,0.7,48194,-0.05149181,-0.05106268,1.24838395,0.64018651,0
TNG50-1,59,0.7,48194,0.02046284,-0.00890333,1.24838395,0.64018651,1
TNG50-1,59,0.7,48194,-0.02785113,-0.0192942,1.24838395,0.64018651,2
TNG50-1,59,0.7,48194,-0.00164042,-0.00516809,1.24838395,0.64018651,3
TNG50-1,59,0.7,48194,0.0297579,-0.05046413,1.24838395,0.64018651,4
TNG50-1,59,0.7,48194,0.04763985,-0.09259722,1.24838395,0.64018651,5
TNG50-1,59,0.7,48194,0.00462462,0.02603713,1.24838395,0.64018651,6
TNG50-1,59,0.7,48194,-0.04070051,0.04820657,1.24838395,0.64018651,7
TNG50-1,59,0.7,48194,-0.02290194,-0.08960875,1.24838395,0.64018651,8
TNG50-1,59,0.7,48194,0.03184777,0.01844631,1.24838395,0.64018651,9
TNG50-1,59,0.7,217467,0.05415915,0.02354272,0.77183426,-0.92878188,0
TNG50-1,59,0.7,217467,0.02979555,0.01004111,0.77183426,-0.92878188,1
TNG50-1,59,0.7,217467,-0.02083351,0.00554968,0.77183426,-0.92878188,2
TNG50-1,59,0.7,217467,-0.04717482,0.08396247,0.77183426,-0.92878188,3
TNG50-1,59,0.7,217467,0.0040489,-0.03121894,0.77183426,-0.92878188,4
TNG50-1,59,0.7,217467,0.01238925,0.06407175,0.77183426,-0.92878188,5
TNG50-1,59,0.7,217467,0.00479038,-0.03670122,0.77183426,-0.92878188,6
TNG50-1,59,0.7,217467,-0.00900673,0.05544753,0.77183426,-0.92878188,7
TNG50-1,59,0.7,217467,-0.05413259,0.06166838,0.77183426,-0.92878188,8
TNG50-1,59,0.7,217467,0.02113441,-0.01465256,0.77183426,-0.92878188,9
TNG50-1,59,0.7,286741,-0.03866479,-0.09317116,1.09535721,1.2190283,0
TNG50-1,59,0.7,286741,-0.04449108,-0.01485802,1.09535721,1.2190283,1
TNG50-1,59,0.7,286741,0.02837232,-0.06960483,1.09535721,1.2190283,2
TNG50-1,59,0.7,286741,-0.03115169,0.08199695,1.09535721,1.2190283,3
TNG50-1,59,0.7,286741,-0.0134289,0.10825713,1.09535721,1.2190283,4
TNG50-1,59,0.7,286741,0.04382025,-0.05290986,1.09535721,1.2190283,5
TNG50-1,59,0.7,286741,-0.02720511,0.01283793,1.09535721,1.2190283,6
TNG50-1,59,0.7,286741,-0.09827129,-0.04802019,1.09535721,1.2190283,7
TNG50-1,59,0.7,286741,-0.06505422,-0.01546578,1.09535721,1.2190283,8
TNG50-1,59,0.7,286741,0.00049778,0.09017347,1.09535721,1.2190283,9
TNG50-1,59,0.7,181442,-0.02333443,-0.07060198,1.101141,0.83004129,0
TNG50-1,59,0.7,181442,-0.01430187,0.10467433,1.101141,0.83004129,1
TNG50-1,59,0.7,181442,-0.04712646,-0.07116294,1.101141,0.83004129,2
TNG50-1,59,0.7,181442,0.05730947,0.06443153,1.101141,0.83004129,3
TNG50-1,59,0.7,181442,-0.16316334,0.00749138,1.101141,0.83004129,4
TNG50-1,59,0.7,181442,-0.02213987,-0.02518505,1.101141,0.83004129,5
TNG50-1,59,0.7,181442,-0.0022943,-0.02046835,1.101141,0.83004129,6
TNG50-1,59,0.7,181442,-0.03305387,-0.00167564,1.101141,0.83004129,7
TNG50-1,59,0.7,181442,0.04317728,0.01042089,1.101141,0.83004129,8
TNG50-1,59,0.7,181442,0.06010136,-0.04600772,1.101141,0.83004129,9
TNG50-1,59,0.7,263630,-0.011697,0.02346705,0.72181557,-0.94312204,0
TNG50-1,59,0.7,263630,-0.03853364,0.00032101,0.72181557,-0.94312204,1
TNG50-1,59,0.7,263630,-0.06075248,0.04078352,0.72181557,-0.94312204,2
TNG50-1,59,0.7,263630,-0.04086559,0.03582326,0.72181557,-0.94312204,3
TNG50-1,59,0.7,263630,-0.05749873,-0.00824959,0.72181557,-0.94312204,4
TNG50-1,59,0.7,263630,-0.02100775,0.00863256,0.72181557,-0.94312204,5
TNG50-1,59,0.7,263630,0.02162375,-0.03720346,0.72181557,-0.94312204,6
TNG50-1,59,0.7,263630,0.00603552,0.030684,0.72181557,-0.94312204,7
TNG50-1,59,0.7,263630,0.09871724,-0.0939438,0.72181557,-0.94312204,8
TNG50-1,59,0.7,263630,-0.11052265,0.03884132,0.72181557,-0.94312204,9
TNG50-1,59,0.7,138898,-0.00115867,-0.04625804,0.99096118,-0.65247253,0
TNG50-1,59,0.7,138898,-0.0243531,-0.06303996,0.99096118,-0.65247253,1
TNG50-1,59,0.7,138898,-0.01162666,-0.00316405,0.99096118,-0.65247253,2
TNG50-1,59,0.7,138898,-0.00795981,0.04038538,0.99096118,-0.65247253,3
TNG50-1,59,0.7,138898,0.06486519,-0.08059041,0.99096118,-0.65247253,4
TNG50-1,59,0.7,138898,0.16167468,-0.03604489,0.99096118,-0.65247253,5
TNG50-1,59,0.7,138898,0.06099354,0.02863259,0.99096118,-0.65247253,6
TNG50-1,59,0.7,138898,-0.02826629,0.00208618,0.99096118,-0.65247253,7
TNG50-1,59,0.7,138898,0.03148909,0.07081368,0.99096118,-0.65247253,8
TNG50-1,59,0.7,138898,0.03366646,-0.07056837,0.99096118,-0.65247253,9
TNG50-1,59,0.7,276162,0.11760825,-0.01586686,1.08980847,1.4830522,0
TNG50-1,59,0.7,276162,-0.07689962,0.05518324,1.08980847,1.4830522,1
TNG50-1,59,0.7,276162,-0.10145819,-0.00901861,1.08980847,1.4830522,2
TNG50-1,59,0.7,276162,-0.00294564,-0.04823237,1.08980847,1.4830522,3
TNG50-1,59,0.7,276162,-0.05672295,-0.08438553,1.08980847,1.4830522,4
TNG50-1,59,0.7,276162,-0.00193778,-0.00860547,1.08980847,1.4830522,5
TNG50-1,59,0.7,276162,-0.00368634,-0.06346023,1.08980847,1.4830522,6
TNG50-1,59,0.7,276162,-0.00978871,-0.06749809,1.08980847,1.4830522,7
TNG50-1,59,0.7,276162,-0.04212055,0.02637287,1.08980847,1.4830522,8
TNG50-1,59,0.7,276162,0.02163281,-0.0888835,1.08980847,1.4830522,9
TNG50-1,59,0.7,305741,0.07060967,-0.0560093,0.53419981,0.65403085,0
TNG50-1,59,0.7,305741,0.00798582,0.01747636,0.53419981,0.65403085,1
TNG50-1,59,0.7,305741,-0.00219213,-0.00016292,0.53419981,0.65403085,2
TNG50-1,59,0.7,305741,-0.0517383,0.05244896,0.53419981,0.65403085,3
TNG50-1,59,0.7,305741,0.03821861,-0.04599949,0.53419981,0.65403085,4
TNG50-1,59,0.7,305741,-0.00014525,0.02873339,0.53419981,0.65403085,5
TNG50-1,59,0.7,305741,-0.03430483,-0.00569353,0.53419981,0.65403085,6
TNG50-1,59,0.7,305741,0.00999123,-0.04715226,0.53419981,0.65403085,7
TNG50-1,59,0.7,305741,-0.08413927,0.01926538,0.53419981,0.65403085,8
TNG50-1,59,0.7,305741,-0.08176636,-0.00330059,0.53419981,0.65403085,9
TNG50-1,59,0.7,143613,-0.03145596,0.03670133,0.88498124,0.34721512,0
TNG50-1,59,0.7,143613,0.00209995,0.00928068,0.88498124,0.34721512,1
TNG50-1,59,0.7,143613,-0.00647652,-0.02655711,0.88498124,0.34721512,2
TNG50-1,59,0.7,143613,-0.0076844,-0.0285673,0.88498124,0.34721512,3
TNG50-1,59,0.7,143613,-0.02062966,0.03179066,0.88498124,0.34721512,4
TNG50-1,59,0.7,143613,-0.06524743,-0.11983679,0.88498124,0.34721512,5
TNG50-1,59,0.7,143613,0.00373827,0.03986825,0.88498124,0.34721512,6
TNG50-1,59,0.7,143613,-0.04013572,-0.09370079,0.88498124,0.34721512,7
TNG50-1,59,0.7,143613,-0.05101644,-0.0707704,0.88498124,0.34721512,8
TNG50-1,59,0.7,143613,-0.01203499,-0.02571329,0.88498124,0.34721512,9
TNG50-1,59,0.7,245787,-0.10343385,0.04387279,1.10677486,-1.44662922,0
TNG50-1,59,0.7,245787,-0.0799966,0.01986473,1.10677486,-1.44662922,1
TNG50-1,59,0.7,245787,0.03796513,-0.03384042,1.10677486,-1.44662922,2
TNG50-1,59,0.7,245787,0.06682263,-0.00871035,1.10677486,-1.44662922,3
TNG50-1,59,0.7,245787,-0.03408986,0.09906317,1.10677486,-1.44662922,4
TNG50-1,59,0.7,245787,0.06394748,0.01256069,1.10677486,-1.44662922,5
TNG50-1,59,0.7,245787,0.0370795,0.04346627,1.10677486,-1.44662922,6
TNG50-1,59,0.7,245787,-0.00947401,0.02699425,1.10677486,-1.44662922,7
TNG50-1,59,0.7,245787,-0.01302231,0.01366789,1.10677486,-1.44662922,8
TNG50-1,59,0.7,245787,0.00904351,0.00543495,1.10677486,-1.44662922,9
TNG50-1,59,0.7,191406,0.04486953,-0.04313355,1.36786199,0.71779695,0
TNG50-1,59,0.7,191406,0.03593211,0.00655977,1.36786199,0.71779695,1
TNG50-1,59,0.7,191406,0.01319467,0.12842938,1.36786199,0.71779695,2
TNG50-1,59,0.7,191406,-0.03468813,-0.04811845,1.36786199,0.71779695,3
TNG50-1,59,0.7,191406,0.01927794,-0.03619363,1.36786199,0.71779695,4
TNG50-1,59,0.7,191406,-0.0033504,-0.00087569,1.36786199,0.71779695,5
TNG50-1,59,0.7,191406,-0.0154128,-0.04236085,1.36786199,0.71779695,6
TNG50-1,59,0.7,191406,0.1339388,0.04420282,1.36786199,0.71779695,7
TNG50-1,59,0.7,191406,-0.07695257,-0.02672647,1.36786199,0.71779695,8
TNG50-1,59,0.7,191406,0.04792564,0.03270048,1.36786199,0.71779695,9
TNG50-1,59,0.7,312793,-0.06645946,0.10199821,0.96350829,-1.43515736,0
TNG50-1,59,0.7,312793,-0.09034158,-0.05008169,0.96350829,-1.43515736,1
TNG50-1,59,0.7,312793,-0.01144925,-0.00981289,0.96350829,-1.43515736,2
TNG50-1,59,0.7,312793,-0.07842539,-0.01045963,0.96350829,-1.43515736,3
TNG50-1,59,0.7,312793,0.07591345,0.03551546,0.96350829,-1.43515736,4
TNG50-1,59,0.7,312793,-0.07649017,0.02311762,0.96350829,-1.43515736,5
TNG50-1,59,0.7,312793,-0.05188433,-0.04134005,0.96350829,-1.43515736,6
TNG50-1,59,0.7,312793,0.02068099,-0.01629136,0.96350829,-1.43515736,7
TNG50-1,59,0.7,312793,-0.0293182,-0.01134612,0.96350829,-1.43515736,8
TNG50-1,59,0.7,312793,-0.0759194,0.03744797,0.96350829,-1.43515736,9
TNG50-1,59,0.7,255493,-0.0584161,0.03477762,1.29701974,-1.55553655,0
TNG50-1,59,0.7,255493,0.10090553,-0.03914919,1.29701974,-1.55553655,1
TNG50-1,59,0.7,255493,-0.03795917,-0.04469077,1.29701974,-1.55553655,2
TNG50-1,59,0.7,255493,-0.00043747,-0.01964844,1.29701974,-1.55553655,3
TNG50-1,59,0.7,255493,-0.05799947,0.04964194,1.29701974,-1.55553655,4
TNG50-1,59,0.7,255493,-0.06490795,0.01074381,1.29701974,-1.55553655,5
TNG50-1,59,0.7,255493,-0.04372142,-0.00498448,1.29701974,-1.55553655,6
TNG50-1,59,0.7,255493,-0.04852616,-0.07165224,1.29701974,-1.55553655,7
TNG50-1,59,0.7,255493,-0.02071285,-0.05713542,1.29701974,-1.55553655,8
TNG50-1,59,0.7,255493,-0.04894825,-0.0639205,1.29701974,-1.55553655,9
TNG50-1,59,0.7,203535,0.06534256,0.06547402,1.19915127,0.72098008,0
TNG50-1,59,0.7,203535,0.02652816,0.03356785,1.19915127,0.72098008,1
TNG50-1,59,0.7,203535,-0.04308103,-0.02113295,1.19915127,0.72098008,2
TNG50-1,59,0.7,203535,-0.02821858,0.02988954,1.19915127,0.72098008,3
TNG50-1,59,0.7,203535,-0.04126451,-0.01744163,1.19915127,0.72098008,4
TNG50-1,59,0.7,203535,-0.04429306,0.0815138,1.19915127,0.72098008,5
TNG50-1,59,0.7,203535,0.02301505,0.02021397,1.19915127,0.72098008,6
TNG50-1,59,0.7,203535,-0.01437681,0.01311802,1.19915127,0.72098008,7
TNG50-1,59,0.7,203535,0.10405839,0.00635363,1.19915127,0.72098008,8
TNG50-1,59,0.7,203535,0.06251799,0.08701332,1.19915127,0.72098008,9
TNG50-1,59,0.7,297676,-0.07168752,-0.03360085,0.68376273,1.4101785,0
TNG50-1,59,0.7,297676,0.09191439,-0.01340518,0.68376273,1.4101785,1
TNG50-1,59,0.7,297676,-0.00930769,-0.06516833,0.68376273,1.4101785,2
TNG50-1,59,0.7,297676,-0.07030745,-0.01941786,0.68376273,1.4101785,3
TNG50-1,59,0.7,297676,-0.03761049,0.12870118,0.68376273,1.4101785,4
TNG50-1,59,0.7,297676,-0.08254036,0.03889666,0.68376273,1.4101785,5
TNG50-1,59,0.7,297676,0.03268284,-0.01323652,0.68376273,1.4101785,6
TNG50-1,59,0.7,297676,-0.05191465,-0.0305844,0.68376273,1.4101785,7
TNG50-1,59,0.7,297676,0.00843338,-0.00213167,0.68376273,1.4101785,8
TNG50-1,59,0.7,297676,0.05671085,0.00650254,0.68376273,1.4101785,9
TNG50-1,59,0.7,244418,-0.02095349,-0.08425733,1.29128173,0.80582809,0
TNG50-1,59,0.7,244418,0.02650296,0.0346681,1.29128173,0.80582809,1
TNG50-1,59,0.7,244418,-0.04767237,-0.01243572,1.29128173,0.80582809,2
TNG50-1,59,0.7,244418,-0.04791938,0.09255421,1.29128173,0.80582809,3
TNG50-1,59,0.7,244418,0.01850977,0.05356564,1.29128173,0.80582809,4
TNG50-1,59,0.7,244418,-0.05843209,-0.05303463,1.29128173,0.80582809,5
TNG50-1,59,0.7,244418,0.03645086,-0.10103699,1.29128173,0.80582809,6
TNG50-1,59,0.7,244418,-0.00071403,-0.03775506,1.29128173,0.80582809,7
TNG50-1,59,0.7,244418,-0.09139546,-0.06106293,1.29128173,0.80582809,8
TNG50-1,59,0.7,244418,0.00547496,0.0912869,1.29128173,0.80582809,9
TNG50-1,59,0.7,316484,-0.00051573,-0.02277601,0.60293964,-0.08909497,0
TNG50-1,59,0.7,316484,0.04667094,-0.14147527,0.60293964,-0.08909497,1
TNG50-1,59,0.7,316484,-0.01425155,0.03171998,0.60293964,-0.08909497,2
TNG50-1,59,0.7,316484,-0.00898337,0.00505063,0.60293964,-0.08909497,3
TNG50-1,59,0.7,316484,-0.00163135,0.00499628,0.60293964,-0.08909497,4
TNG50-1,59,0.7,316484,0.05532697,-0.02014123,0.60293964,-0.08909497,5
TNG50-1,59,0.7,316484,0.01558124,-0.02876089,0.60293964,-0.08909497,6
TNG50-1,59,0.7,316484,-0.05286669,-0.01847902,0.60293964,-0.08909497,7
TNG50-1,59,0.7,316484,0.08112571,0.02315804,0.60293964,-0.08909497,8
TNG50-1,59,0.7,316484,-0.01464077,0.03195589,0.60293964,-0.08909497,9
TNG50-1,59,0.7,155055,-0.01155158,-0.00875585,0.37921585,-0.04384014,0
TNG50-1,59,0.7,155055,0.04744687,0.08048169,0.37921585,-0.04384014,1
TNG50-1,59,0.7,155055,-0.00394871,-0.00585383,0.37921585,-0.04384014,2
TNG50-1,59,0.7,155055,-0.02521132,0.03217927,0.37921585,-0.04384014,3
TNG50-1,59,0.7,155055,0.00992078,0.11761569,0.37921585,-0.04384014,4
TNG50-1,59,0.7,155055,-0.06796932,0.02020279,0.37921585,-0.04384014,5
TNG50-1,59,0.7,155055,0.01163592,-0.0382606,0.37921585,-0.04384014,6
TNG50-1,59,0.7,155055,-0.07710911,-0.03137843,0.37921585,-0.04384014,7
TNG50-1,59,0.7,155055,-0.05138635,3.291e-05,0.37921585,-0.04384014,8
TNG50-1,59,0.7,155055,-0.10093457,-0.03164473,0.37921585,-0.04384014,9
TNG50-1,59,0.7,346240,-0.06273737,0.04779243,0.72961855,-0.55089817,0
TNG50-1,59,0.7,346240,-0.01290494,0.03363814,0.72961855,-0.55089817,1
TNG50-1,59,0.7,346240,-0.10455414,0.03211261,0.72961855,-0.55089817,2
TNG50-1,59,0.7,346240,-0.06054589,0.0770705,0.72961855,-0.55089817,3
TNG50-1,59,0.7,346240,0.0317753,-0.01840436,0.72961855,-0.55089817,4
TNG50-1,59,0.7,346240,-0.01236702,0.06675404,0.72961855,-0.55089817,5
TNG50-1,59,0.7,346240,0.04612541,-0.05221031,0.72961855,-0.55089817,6
TNG50-1,59,0.7,346240,-0.09834461,-0.05404389,0.72961855,-0.55089817,7
TNG50-1,59,0.7,346240,-0.01212307,0.03763733,0.72961855,-0.55089817,8
TNG50-1,59,0.7,346240,-0.02377562,-0.07523704,0.72961855,-0.55089817,9
TNG50-1,59,0.7,281996,0.02863828,-0.0203657,0.72568763,0.06821722,0
TNG50-1,59,0.7,281996,0.00506566,-0.0041392,0.72568763,0.06821722,1
TNG50-1,59,0.7,281996,0.05359264,0.07972798,0.72568763,0.06821722,2
TNG50-1,59,0.7,281996,-0.0029722,-0.02215092,0.72568763,0.06821722,3
TNG50-1,59,0.7,281996,0.00280245,-0.02360098,0.72568763,0.06821722,4
TNG50-1,59,0.7,281996,0.02546325,-0.08537221,0.72568763,0.06821722,5
TNG50-1,59,0.7,281996,-0.03313248,-0.00211765,0.72568763,0.06821722,6
TNG50-1,59,0.7,281996,-0.03531032,0.03284418,0.72568763,0.06821722,7
TNG50-1,59,0.7,281996,0.02372147,0.04180991,0.72568763,0.06821722,8
TNG50-1,59,0.7,281996,-0.00146439,0.00541088,0.72568763,0.06821722,9
TNG50-1,59,0.7,133957,0.04779168,0.06406452,0.22746891,-0.21629565,0
TNG50-1,59,0.7,133957,0.03656152,0.09727362,0.22746891,-0.21629565,1
TNG50-1,59,0.7,133957,0.05564751,0.0309927,0.22746891,-0.21629565,2
TNG50-1,59,0.7,133957,0.04921513,0.01144053,0.22746891,-0.21629565,3
TNG50-1,59,0.7,133957,0.07849891,-0.06924916,0.22746891,-0.21629565,4
TNG50-1,59,0.7,133957,-0.00848466,0.01540483,0.22746891,-0.21629565,5
TNG50-1,59,0.7,133957,-0.0663529,-0.02762517,0.22746891,-0.21629565,6
TNG50-1,59,0.7,133957,0.03318594,0.0105755,0.22746891,-0.21629565,7
TNG50-1,59,0.7,133957,0.03902766,0.00272566,0.22746891,-0.21629565,8
TNG50-1,59,0.7,133957,0.07849977,0.02358668,0.22746891,-0.21629565,9
TNG50-1,59,0.7,317932,-0.00486654,0.02647078,1.10778198,0.30840349,0
TNG50-1,59,0.7,317932,0.04675101,-0.00015971,1.10778198,0.30840349,1
TNG50-1,59,0.7,317932,-0.13615772,-0.03911787,1.10778198,0.30840349,2
TNG50-1,59,0.7,317932,0.00949968,-0.02576201,1.10778198,0.30840349,3
TNG50-1,59,0.7,317932,0.06012449,-0.05560765,1.10778198,0.30840349,4
TNG50-1,59,0.7,317932,0.09350243,0.02641885,1.10778198,0.30840349,5
TNG50-1,59,0.7,317932,0.03659807,0.00056959,1.10778198,0.30840349,6
TNG50-1,59,0.7,317932,0.08424415,-0.01801431,1.10778198,0.30840349,7
TNG50-1,59,0.7,317932,0.0084468,-0.02833419,1.10778198,0.30840349,8
TNG50-1,59,0.7,317932,0.00014313,0.02525282,1.10778198,0.30840349,9
TNG50-1,59,0.7,138899,0.03902241,0.11259537,1.2641143,1.25073112,0
TNG50-1,59,0.7,138899,-0.0565257,-0.11671978,1.2641143,1.25073112,1
TNG50-1,59,0.7,138899,-0.06438423,-0.02321678,1.2641143,1.25073112,2
TNG50-1,59,0.7,138899,0.0477255,0.04242459,1.2641143,1.25073112,3
TNG50-1,59,0.7,138899,-0.06875666,-0.01686435,1.2641143,1.25073112,4
TNG50-1,59,0.7,138899,0.02737434,0.06198892,1.2641143,1.25073112,5
TNG50-1,59,0.7,138899,0.08084546,-0.0019677,1.2641143,1.25073112,6
TNG50-1,59,0.7,138899,0.08096174,0.00658719,1.2641143,1.25073112,7
TNG50-1,59,0.7,138899,0.03689363,-0.01373373,1.2641143,1.25073112,8
TNG50-1,59,0.7,138899,0.03544048,-0.02612555,1.2641143,1.25073112,9
TNG50-1,59,0.7,85605,-0.0273555,0.06331044,0.93906327,1.55511795,0
TNG50-1,59,0.7,85605,0.01355831,-0.02772232,0.93906327,1.55511795,1
TNG50-1,59,0.7,85605,-0.03872825,0.02122561,0.93906327,1.55511795,2
TNG50-1,59,0.7,85605,0.04766024,0.03637935,0.93906327,1.55511795,3
TNG50-1,59,0.7,85605,0.0326613,-0.06841941,0.93906327,1.55511795,4
TNG50-1,59,0.7,85605,0.05497082,0.06848129,0.93906327,1.55511795,5
TNG50-1,59,0.7,85605,-0.05644622,-0.00837121,0.93906327,1.55511795,6
TNG50-1,59,0.7,85605,-0.08497383,-0.00453404,0.93906327,1.55511795,7
TNG50-1,59,0.7,85605,-0.00020929,0.00118923,0.93906327,1.55511795,8
TNG50-1,59,0.7,85605,0.14494003,0.05722701,0.93906327,1.55511795,9
TNG50-1,59,0.7,307402,0.02712212,0.03240225,1.25129417,-0.36227756,0
TNG50-1,59,0.7,307402,0.01306322,0.04196984,1.25129417,-0.36227756,1
TNG50-1,59,0.7,307402,0.01779773,-0.0887326,1.25129417,-0.36227756,2
TNG50-1,59,0.7,307402,-0.01034355,-0.0045924,1.25129417,-0.36227756,3
TNG50-1,59,0.7,307402,-0.03507943,0.02298723,1.25129417,-0.36227756,4
TNG50-1,59,0.7,307402,-0.01675356,0.00260081,1.25129417,-0.36227756,5
TNG50-1,59,0.7,307402,-0.08415725,0.06720375,1.25129417,-0.36227756,6
TNG50-1,59,0.7,307402,0.04209742,-0.04109034,1.25129417,-0.36227756,7
TNG50-1,59,0.7,307402,-0.0617582,-0.10245206,1.25129417,-0.36227756,8
TNG50-1,59,0.7,307402,-0.01088235,0.0405163,1.25129417,-0.36227756,9
TNG50-1,59,0.7,287600,-0.02685431,-0.00668739,0.84109541,-1.00309107,0
TNG50-1,59,0.7,287600,-0.08792703,-0.0744747,0.84109541,-1.00309107,1
TNG50-1,59,0.7,287600,-0.00792562,0.14129135,0.84109541,-1.00309107,2
TNG50-1,59,0.7,287600,0.0615279,-0.02476686,0.84109541,-1.00309107,3
TNG50-1,59,0.7,287600,-0.06316263,-0.02472313,0.84109541,-1.00309107,4
TNG50-1,59,0.7,287600,0.1167998,0.04845179,0.84109541,-1.00309107,5
TNG50-1,59,0.7,287600,-0.04189408,0.09071274,0.84109541,-1.00309107,6
TNG50-1,59,0.7,287600,0.00435054,0.05632184,0.84109541,-1.00309107,7
TNG50-1,59,0.7,287600,-0.06095662,-0.06005901,0.84109541,-1.00309107,8
TNG50-1,59,0.7,287600,0.00208052,0.01069545,0.84109541,-1.00309107,9
TNG50-1,59,0.7,256985,-0.09406862,-0.06147005,1.3883767,-0.46457723,0
TNG50-1,59,0.7,256985,0.04508525,0.08496839,1.3883767,-0.46457723,1
TNG50-1,59,0.7,256985,-0.08175941,-0.04015326,1.3883767,-0.46457723,2
TNG50-1,59,0.7,256985,-0.04016007,0.08687712,1.3883767,-0.46457723,3
TNG50-1,59,0.7,256985,-0.00016008,0.10110975,1.3883767,-0.46457723,4
TNG50-1,59,0.7,256985,0.02225033,0.02563283,1.3883767,-0.46457723,5
TNG50-1,59,0.7,256985,-0.01304673,0.05160065,1.3883767,-0.46457723,6
TNG50-1,59,0.7,256985,0.07595418,-0.15414599,1.3883767,-0.46457723,7
TNG50-1,59,0.7,256985,0.03616198,-0.00975012,1.3883767,-0.46457723,8
TNG50-1,59,0.7,256985,0.03223624,0.05510828,1.3883767,-0.46457723,9
TNG50-1,59,0.7,264368,0.09428458,-0.00380294,1.17634835,-1.02247176,0
TNG50-1,59,0.7,264368,0.00803025,-0.00988369,1.17634835,-1.02247176,1
TNG50-1,59,0.7,264368,0.01164409,0.02899049,1.17634835,-1.02247176,2
TNG50-1,59,0.7,264368,0.00986169,0.00100085,1.17634835,-1.02247176,3
TNG50-1,59,0.7,264368,0.05014549,0.02909325,1.17634835,-1.02247176,4
TNG50-1,59,0.7,264368,0.02880087,-0.06227976,1.17634835,-1.02247176,5
TNG50-1,59,0.7,264368,0.02210089,-0.00053723,1.17634835,-1.02247176,6
TNG50-1,59,0.7,264368,0.03679921,-0.06705284,1.17634835,-1.02247176,7
TNG50-1,59,0.7,264368,-0.09123073,0.0193429,1.17634835,-1.02247176,8
TNG50-1,59,0.7,264368,-0.08934238,-0.09391425,1.17634835,-1.02247176,9
TNG50-1,59,0.7,238084,0.02366699,0.03039698,1.37296185,-1.36037869,0
TNG50-1,59,0.7,238084,-0.07814904,0.09807259,1.37296185,-1.36037869,1
TNG50-1,59,0.7,238084,-0.02862496,-0.00631222,1.37296185,-1.36037869,2
TNG50-1,59,0.7,238084,0.07174465,-0.00206487,1.37296185,-1.36037869,3
TNG50-1,59,0.7,238084,-0.0522855,0.07637262,1.37296185,-1.36037869,4
TNG50-1,59,0.7,238084,-0.03745124,-0.02745829,1.37296185,-1.36037869,5
TNG50-1,59,0.7,238084,0.00065968,-0.06621765,1.37296185,-1.36037869,6
TNG50-1,59,0.7,238084,0.01415711,0.01251245,1.37296185,-1.36037869,7
TNG50-1,59,0.7,238084,-0.0312502,0.05380875,1.37296185,-1.36037869,8
TNG50-1,59,0.7,238084,0.00384822,0.01805236,1.37296185,-1.36037869,9
TNG50-1,59,0.7,272859,0.04354763,0.01175568,1.2384423,-1.31859769,0
TNG50-1,59,0.7,272859,0.03791771,0.00904683,1.2384423,-1.31859769,1
TNG50-1,59,0.7,272859,-0.0177199,-0.00228568,1.2384423,-1.31859769,2
TNG50-1,59,0.7,272859,0.06395825,0.03932999,1.2384423,-1.31859769,3
TNG50-1,59,0.7,272859,2.375e-05,-0.00994463,1.2384423,-1.31859769,4
TNG50-1,59,0.7,272859,0.00640531,-0.07275987,1.2384423,-1.31859769,5
TNG50-1,59,0.7,272859,-0.07689167,0.02844778,1.2384423,-1.31859769,6
TNG50-1,59,0.7,272859,0.03223825,-0.04045028,1.2384423,-1.31859769,7
TNG50-1,59,0.7,272859,-0.01302059,-0.06621309,1.2384423,-1.31859769,8
TNG50-1,59,0.7,272859,0.02323894,-0.05111217,1.2384423,-1.31859769,9
TNG50-1,59,0.7,259600,-0.00436471,-0.0074103,1.0678703,1.52690747,0
TNG50-1,59,0.7,259600,-0.0120354,-0.037899,1.0678703,1.52690747,1
TNG50-1,59,0.7,259600,0.02613599,-0.00648625,1.0678703,1.52690747,2
TNG50-1,59,0.7,259600,-0.01281643,-0.03355454,1.0678703,1.52690747,3
TNG50-1,59,0.7,259600,-0.01699911,-0.00103699,1.0678703,1.52690747,4
TNG50-1,59,0.7,259600,0.05185675,-0.05196378,1.0678703,1.52690747,5
TNG50-1,59,0.7,259600,0.06298889,-0.06403587,1.0678703,1.52690747,6
TNG50-1,59,0.7,259600,0.05419831,0.06113457,1.0678703,1.52690747,7
TNG50-1,59,0.7,259600,-0.00841149,-0.04848288,1.0678703,1.52690747,8
TNG50-1,59,0.7,259600,-0.10698945,1.658e-05,1.0678703,1.52690747,9
TNG50-1,59,0.7,315126,0.04772574,-0.0313548,1.11007189,-0.91433036,0
TNG50-1,59,0.7,315126,0.04571521,0.08100531,1.11007189,-0.91433036,1
TNG50-1,59,0.7,315126,0.03974241,-0.00315899,1.11007189,-0.91433036,2
TNG50-1,59,0.7,315126,0.01514333,0.00426244,1.11007189,-0.91433036,3
TNG50-1,59,0.7,315126,0.03620017,0.05623721,1.11007189,-0.91433036,4
TNG50-1,59,0.7,315126,0.06865441,-0.00914249,1.11007189,-0.91433036,5
TNG50-1,59,0.7,315126,0.02125113,0.00881385,1.11007189,-0.91433036,6
TNG50-1,59,0.7,315126,-0.09186012,0.04495617,1.11007189,-0.91433036,7
TNG50-1,59,0.7,315126,-0.02642666,-0.07361353,1.11007189,-0.91433036,8
TNG50-1,59,0.7,315126,0.0348185,-0.01426491,1.11007189,-0.91433036,9
TNG50-1,59,0.7,128024,0.04145766,-0.04069316,1.12007149,-0.94839109,0
TNG50-1,59,0.7,128024,0.00328001,-0.03534242,1.12007149,-0.94839109,1
TNG50-1,59,0.7,128024,0.07336669,0.00948631,1.12007149,-0.94839109,2
TNG50-1,59,0.7,128024,-0.07879617,0.04520445,1.12007149,-0.94839109,3
TNG50-1,59,0.7,128024,-0.08450009,-0.05829785,1.12007149,-0.94839109,4
TNG50-1,59,0.7,128024,0.03848433,-0.00989738,1.12007149,-0.94839109,5
TNG50-1,59,0.7,128024,0.04329036,-0.01221183,1.12007149,-0.94839109,6
TNG50-1,59,0.7,128024,-0.0096625,0.02089796,1.12007149,-0.94839109,7
TNG50-1,59,0.7,128024,0.02001972,-0.00043492,1.12007149,-0.94839109,8
TNG50-1,59,0.7,128024,0.03726035,-0.02729418,1.12007149,-0.94839109,9
TNG50-1,59,0.7,270248,-0.01781865,0.05018312,1.37924135,-0.00628855,0
TNG50-1,59,0.7,270248,-0.08162595,0.0009984,1.37924135,-0.00628855,1
TNG50-1,59,0.7,270248,0.0526589,-0.04151129,1.37924135,-0.00628855,2
TNG50-1,59,0.7,270248,-0.09192972,-0.06237692,1.37924135,-0.00628855,3
TNG50-1,59,0.7,270248,-0.03775015,-0.04047973,1.37924135,-0.00628855,4
TNG50-1,59,0.7,270248,0.02600561,0.01961669,1.37924135,-0.00628855,5
TNG50-1,59,0.7,270248,-0.00511907,0.01718011,1.37924135,-0.00628855,6
TNG50-1,59,0.7,270248,-0.00954764,-0.04002536,1.37924135,-0.00628855,7
TNG50-1,59,0.7,270248,-0.0590395,-0.11053797,1.37924135,-0.00628855,8
TNG50-1,59,0.7,270248,-0.00054012,0.02100064,1.37924135,-0.00628855,9
TNG50-1,59,0.7,184870,-0.02823232,0.03885233,0.67143713,-0.38724754,0
TNG50-1,59,0.7,184870,-0.08790353,0.00394011,0.67143713,-0.38724754,1
TNG50-1,59,0.7,184870,0.06901529,0.05311562,0.67143713,-0.38724754,2
TNG50-1,59,0.7,184870,-0.00350419,-0.0178597,0.67143713,-0.38724754,3
TNG50-1,59,0.7,184870,-0.08783669,0.15226628,0.67143713,-0.38724754,4
TNG50-1,59,0.7,184870,-0.04621328,-0.02822444,0.67143713,-0.38724754,5
TNG50-1,59,0.7,184870,-0.0638769,-0.0451665,0.67143713,-0.38724754,6
TNG50-1,59,0.7,184870,-0.00658718,-0.05131503,0.67143713,-0.38724754,7
TNG50-1,59,0.7,184870,0.01036695,-0.01054704,0.67143713,-0.38724754,8
TNG50-1,59,0.7,184870,-0.02516085,-0.0859768,0.67143713,-0.38724754,9
TNG50-1,59,0.7,266754,0.0053881,0.01074456,0.95398753,-0.22496114,0
TNG50-1,59,0.7,266754,-0.02981052,0.0517095,0.95398753,-0.22496114,1
TNG50-1,59,0.7,266754,-0.00982145,0.06358426,0.95398753,-0.22496114,2
TNG50-1,59,0.7,266754,0.13090867,0.01415495,0.95398753,-0.22496114,3
TNG50-1,59,0.7,266754,0.00910949,-0.00573062,0.95398753,-0.22496114,4
TNG50-1,59,0.7,266754,0.02251225,0.04472855,0.95398753,-0.22496114,5
TNG50-1,59,0.7,266754,-0.03527403,-0.04520627,0.95398753,-0.22496114,6
TNG50-1,59,0.7,266754,0.05100367,-0.03589801,0.95398753,-0.22496114,7
TNG50-1,59,0.7,266754,0.03801362,-0.00266502,0.95398753,-0.22496114,8
TNG50-1,59,0.7,266754,0.03836763,-0.08706785,0.95398753,-0.22496114,9
TNG50-1,59,0.7,271409,0.04137976,0.0540737,0.92629816,0.59615443,0
TNG50-1,59,0.7,271409,-0.04814569,-0.10522029,0.92629816,0.59615443,1
TNG50-1,59,0.7,271409,-0.02357455,-0.01028576,0.92629816,0.59615443,2
TNG50-1,59,0.7,271409,-0.01066398,-0.02344497,0.92629816,0.59615443,3
TNG50-1,59,0.7,271409,0.00196434,0.02093957,0.92629816,0.59615443,4
TNG50-1,59,0.7,271409,-0.01718266,-0.07271464,0.92629816,0.59615443,5
TNG50-1,59,0.7,271409,-0.00336855,-0.02498927,0.92629816,0.59615443,6
TNG50-1,59,0.7,271409,-0.00298138,-0.00511799,0.92629816,0.59615443,7
TNG50-1,59,0.7,271409,-0.02235155,0.05350368,0.92629816,0.59615443,8
TNG50-1,59,0.7,271409,-0.03865972,0.01660925,0.92629816,0.59615443,9
TNG50-1,59,0.7,328138,-0.05917441,-0.03831506,1.13204489,1.1568489,0
TNG50-1,59,0.7,328138,-0.02437384,0.0263874,1.13204489,1.1568489,1
TNG50-1,59,0.7,328138,0.04430257,0.04353938,1.13204489,1.1568489,2
TNG50-1,59,0.7,328138,-0.06003874,-0.0293982,1.13204489,1.1568489,3
TNG50-1,59,0.7,328138,-0.00393221,-0.00273509,1.13204489,1.1568489,4
TNG50-1,59,0.7,328138,-0.00045602,-0.04476399,1.13204489,1.1568489,5
TNG50-1,59,0.7,328138,-0.01928915,-0.05722019,1.13204489,1.1568489,6
TNG50-1,59,0.7,328138,0.13478759,0.05183977,1.13204489,1.1568489,7
TNG50-1,59,0.7,328138,-0.02063657,-0.02770005,1.13204489,1.1568489,8
TNG50-1,59,0.7,328138,0.02248826,-0.12068062,1.13204489,1.1568489,9
TNG50-1,59,0.7,322345,0.08826781,0.01527627,0.64859211,-0.40975288,0
TNG50-1,59,0.7,322345,-0.04010477,-0.02406305,0.64859211,-0.40975288,1
TNG50-1,59,0.7,322345,-0.01231865,0.00101289,0.64859211,-0.40975288,2
TNG50-1,59,0.7,322345,0.08204533,-0.0918605,0.64859211,-0.40975288,3
TNG50-1,59,0.7,322345,-0.0070871,0.02300835,0.64859211,-0.40975288,4
TNG50-1,59,0.7,322345,-0.00816683,0.00807029,0.64859211,-0.40975288,5
TNG50-1,59,0.7,322345,-0.06140865,0.09868304,0.64859211,-0.40975288,6
TNG50-1,59,0.7,322345,-0.08174168,0.00037398,0.64859211,-0.40975288,7
TNG50-1,59,0.7,322345,-0.00831931,-0.04713347,0.64859211,-0.40975288,8
TNG50-1,59,0.7,322345,0.01814049,-0.00253616,0.64859211,-0.40975288,9
TNG50-1,59,0.7,285957,0.05839792,0.02872435,0.54734029,-1.35358678,0
TNG50-1,59,0.7,285957,-0.11735869,0.01903885,0.54734029,-1.35358678,1
TNG50-1,59,0.7,285957,0.00152692,-0.008234,0.54734029,-1.35358678,2
TNG50-1,59,0.7,285957,-0.00397482,0.09996886,0.54734029,-1.35358678,3
TNG50-1,59,0.7,285957,-0.06857506,0.04010838,0.54734029,-1.35358678,4
TNG50-1,59,0.7,285957,0.03358836,-0.0374775,0.54734029,-1.35358678,5
TNG50-1,59,0.7,285957,-0.03622501,-0.07000511,0.54734029,-1.35358678,6
TNG50-1,59,0.7,285957,-0.01785163,0.0283419,0.54734029,-1.35358678,7
TNG50-1,59,0.7,285957,0.0924391,-0.00279346,0.54734029,-1.35358678,8
TNG50-1,59,0.7,285957,0.05049868,-0.07144691,0.54734029,-1.35358678,9
TNG50-1,59,0.7,158823,0.06485965,0.00876029,1.02179776,-1.35359238,0
TNG50-1,59,0.7,158823,0.00799556,0.02920202,1.02179776,-1.35359238,1
TNG50-1,59,0.7,158823,0.06417993,-0.01919825,1.02179776,-1.35359238,2
TNG50-1,59,0.7,158823,0.02471101,-0.056747,1.02179776,-1.35359238,3
TNG50-1,59,0.7,158823,-0.01546154,-0.04031355,1.02179776,-1.35359238,4
TNG50-1,59,0.7,158823,-0.01951786,-0.01205177,1.02179776,-1.35359238,5
TNG50-1,59,0.7,158823,0.02808044,0.03311036,1.02179776,-1.35359238,6
TNG50-1,59,0.7,158823,0.04102128,0.06294887,1.02179776,-1.35359238,7
TNG50-1,59,0.7,158823,0.04983963,-0.06780236,1.02179776,-1.35359238,8
TNG50-1,59,0.7,158823,-0.01307693,-0.02986725,1.02179776,-1.35359238,9
TNG50-1,59,0.7,326511,0.05420942,0.00699303,0.60371849,-0.66582925,0
TNG50-1,59,0.7,326511,-0.05927358,-0.02864857,0.60371849,-0.66582925,1
TNG50-1,59,0.7,326511,0.06524555,-0.03540176,0.60371849,-0.66582925,2
TNG50-1,59,0.7,326511,-0.01789676,0.02051174,0.60371849,-0.66582925,3
TNG50-1,59,0.7,326511,-0.03775148,-0.00412589,0.60371849,-0.66582925,4
TNG50-1,59,0.7,326511,-0.00846638,-0.06877526,0.60371849,-0.66582925,5
TNG50-1,59,0.7,326511,0.04155642,0.04235807,0.60371849,-0.66582925,6
TNG50-1,59,0.7,326511,0.02702321,-0.02401375,0.60371849,-0.66582925,7
TNG50-1,59,0.7,326511,-0.01276932,0.07960598,0.60371849,-0.66582925,8
TNG50-1,59,0.7,326511,0.04188329,-0.0701495,0.60371849,-0.66582925,9
TNG50-1,59,0.7,303109,-0.06098862,0.10934879,0.39565126,-1.36219998,0
TNG50-1,59,0.7,303109,0.08411316,0.03165105,0.39565126,-1.36219998,1
TNG50-1,59,0.7,303109,0.00217612,0.01372674,0.39565126,-1.36219998,2
TNG50-1,59,0.7,303109,-0.00615731,-0.04881867,0.39565126,-1.36219998,3
TNG50-1,59,0.7,303109,0.07963569,0.04556254,0.39565126,-1.36219998,4
TNG50-1,59,0.7,303109,-0.00080238,-0.06788466,0.39565126,-1.36219998,5
TNG50-1,59,0.7,303109,0.02001517,-0.07835282,0.39565126,-1.36219998,6
TNG50-1,59,0.7,303109,-0.03753991,-0.02794436,0.39565126,-1.36219998,7
TNG50-1,59,0.7,303109,-0.0685251,0.09772455,0.39565126,-1.36219998,8
TNG50-1,59,0.7,303109,-0.03051808,0.09489471,0.39565126,-1.36219998,9
TNG50-1,59,0.7,291301,-0.02034323,-0.0066155,0.22215888,1.05409921,0
TNG50-1,59,0.7,291301,-0.01873151,-0.08237553,0.22215888,1.05409921,1
TNG50-1,59,0.7,291301,0.06548419,-0.08589011,0.22215888,1.05409921,2
TNG50-1,59,0.7,291301,0.00712669,-0.01632063,0.22215888,1.05409921,3
TNG50-1,59,0.7,291301,0.05147148,-0.11689508,0.22215888,1.05409921,4
TNG50-1,59,0.7,291301,0.01508374,0.08975522,0.22215888,1.05409921,5
TNG50-1,59,0.7,291301,-0.02678336,0.02984666,0.22215888,1.05409921,6
TNG50-1,59,0.7,291301,0.00668584,-0.03178335,0.22215888,1.05409921,7
TNG50-1,59,0.7,291301,0.03647132,-0.05548238,0.22215888,1.05409921,8
TNG50-1,59,0.7,291301,0.05967007,0.05140595,0.22215888,1.05409921,9
TNG50-1,59,0.7,308587,-0.05568186,-0.0910433,0.65373612,-1.29141844,0
TNG50-1,59,0.7,308587,-0.05091134,-0.03355655,0.65373612,-1.29141844,1
TNG50-1,59,0.7,308587,-0.0382973,-0.04031303,0.65373612,-1.29141844,2
TNG50-1,59,0.7,308587,0.00570437,-0.03159935,0.65373612,-1.29141844,3
TNG50-1,59,0.7,308587,0.03103987,-0.04796874,0.65373612,-1.29141844,4
TNG50-1,59,0.7,308587,0.05963361,-0.02305548,0.65373612,-1.29141844,5
TNG50-1,59,0.7,308587,0.05224856,0.03100086,0.65373612,-1.29141844,6
TNG50-1,59,0.7,308587,3.869e-05,0.08576286,0.65373612,-1.29141844,7
TNG50-1,59,0.7,308587,0.0510261,-0.08626732,0.65373612,-1.29141844,8
TNG50-1,59,0.7,308587,-0.03354998,-0.06438673,0.65373612,-1.29141844,9
TNG50-1,59,0.7,175519,-0.03957231,-0.01205066,1.32273422,-1.49616306,0
TNG50-1,59,0.7,175519,0.03828709,-0.02562001,1.32273422,-1.49616306,1
TNG50-1,59,0.7,175519,-0.01024737,0.04624916,1.32273422,-1.49616306,2
TNG50-1,59,0.7,175519,-0.03620546,0.01249401,1.32273422,-1.49616306,3
TNG50-1,59,0.7,175519,0.03583665,0.05178504,1.32273422,-1.49616306,4
TNG50-1,59,0.7,175519,0.04781951,0.06681631,1.32273422,-1.49616306,5
TNG50-1,59,0.7,175519,-0.000938,0.02294904,1.32273422,-1.49616306,6
TNG50-1,59,0.7,175519,-0.04081096,-0.02532386,1.32273422,-1.49616306,7
TNG50-1,59,0.7,175519,0.01351398,0.05201631,1.32273422,-1.49616306,8
TNG50-1,59,0.7,175519,-0.01166341,0.02328324,1.32273422,-1.49616306,9
TNG50-1,59,0.7,331479,-0.04842677,0.02937533,1.3718303,1.11096195,0
TNG50-1,59,0.7,331479,0.08642327,-0.02495146,1.3718303,1.11096195,1
TNG50-1,59,0.7,331479,0.00569805,-0.01624216,1.3718303,1.11096195,2
TNG50-1,59,0.7,331479,0.05626339,-0.00866834,1.3718303,1.11096195,3
TNG50-1,59,0.7,331479,0.06924535,0.10557647,1.3718303,1.11096195,4
TNG50-1,59,0.7,331479,-0.02054235,-0.09170245,1.3718303,1.11096195,5
TNG50-1,59,0.7,331479,0.02117529,0.02508216,1.3718303,1.11096195,6
TNG50-1,59,0.7,331479,0.00225054,-0.01266695,1.3718303,1.11096195,7
TNG50-1,59,0.7,331479,-0.05786069,-0.03203275,1.3718303,1.11096195,8
TNG50-1,59,0.7,331479,-0.009274,-0.01389379,1.3718303,1.11096195,9
TNG50-1,59,0.7,245788,0.02291406,0.00673978,0.61388338,0.1516551,0
TNG50-1,59,0.7,245788,0.03350553,0.07146963,0.61388338,0.1516551,1
TNG50-1,59,0.7,245788,-0.02738118,-0.04451522,0.61388338,0.1516551,2
TNG50-1,59,0.7,245788,-0.07210465,-0.00796005,0.61388338,0.1516551,3
TNG50-1,59,0.7,245788,0.0050148,-0.02015179,0.61388338,0.1516551,4
TNG50-1,59,0.7,245788,-0.05004223,-0.03418838,0.61388338,0.1516551,5
TNG50-1,59,0.7,245788,0.05604438,0.01223113,0.61388338,0.1516551,6
TNG50-1,59,0.7,245788,-0.02035883,-0.06477108,0.61388338,0.1516551,7
TNG50-1,59,0.7,245788,0.08623006,-0.00554844,0.61388338,0.1516551,8
TNG50-1,59,0.7,245788,-0.10620793,0.02579971,0.61388338,0.1516551,9
TNG50-1,59,0.7,203536,-0.01075469,-0.01630751,0.85266406,-0.23171067,0
TNG50-1,59,0.7,203536,-0.05001021,-0.04623671,0.85266406,-0.23171067,1
TNG50-1,59,0.7,203536,0.05150927,0.04594232,0.85266406,-0.23171067,2
TNG50-1,59,0.7,203536,0.03651285,-0.02767243,0.85266406,-0.23171067,3
TNG50-1,59,0.7,203536,-0.05205936,0.0093274,0.85266406,-0.23171067,4
TNG50-1,59,0.7,203536,-0.06470538,-0.07749624,0.85266406,-0.23171067,5
TNG50-1,59,0.7,203536,-0.04759622,-0.02849052,0.85266406,-0.23171067,6
TNG50-1,59,0.7,203536,0.02726366,0.05046982,0.85266406,-0.23171067,7
TNG50-1,59,0.7,203536,0.01377864,-0.03581373,0.85266406,-0.23171067,8
TNG50-1,59,0.7,203536,0.03950414,0.04072519,0.85266406,-0.23171067,9
TNG50-1,59,0.7,283152,-0.11655098,-0.07407425,0.52741843,0.92842082,0
TNG50-1,59,0.7,283152,-0.02796958,-0.02275516,0.52741843,0.92842082,1
TNG50-1,59,0.7,283152,-0.00856773,0.0638056,0.52741843,0.92842082,2
TNG50-1,59,0.7,283152,0.08712702,0.02613274,0.52741843,0.92842082,3
TNG50-1,59,0.7,283152,-0.05845314,-0.00783756,0.52741843,0.92842082,4
TNG50-1,59,0.7,283152,0.03354966,0.00565362,0.52741843,0.92842082,5
TNG50-1,59,0.7,283152,0.05284659,0.02904527,0.52741843,0.92842082,6
TNG50-1,59,0.7,283152,-0.03607448,0.03862051,0.52741843,0.92842082,7
TNG50-1,59,0.7,283152,-0.0186762,-0.02782071,0.52741843,0.92842082,8
TNG50-1,59,0.7,283152,0.00708144,0.07673605,0.52741843,0.92842082,9
TNG50-1,59,0.7,341319,0.06581741,-0.03380264,1.31887786,-0.03487701,0
TNG50-1,59,0.7,341319,0.03386288,-0.03972017,1.31887786,-0.03487701,1
TNG50-1,59,0.7,341319,-0.04214799,0.01499262,1.31887786,-0.03487701,2
TNG50-1,59,0.7,341319,-0.0510112,-0.00766519,1.31887786,-0.03487701,3
TNG50-1,59,0.7,341319,-0.01633019,0.02215206,1.31887786,-0.03487701,4
TNG50-1,59,0.7,341319,0.00303825,0.03008607,1.31887786,-0.03487701,5
TNG50-1,59,0.7,341319,-0.08842459,0.05459453,1.31887786,-0.03487701,6
TNG50-1,59,0.7,341319,0.02473466,-0.05660617,1.31887786,-0.03487701,7
TNG50-1,59,0.7,341319,0.06437311,0.01108095,1.31887786,-0.03487701,8
TNG50-1,59,0.7,341319,0.02882371,-0.01817375,1.31887786,-0.03487701,9
TNG50-1,59,0.7,277306,-0.00493175,0.02529485,1.16636841,0.00207609,0
TNG50-1,59,0.7,277306,0.04322044,0.03394983,1.16636841,0.00207609,1
TNG50-1,59,0.7,277306,0.04865629,-0.06226578,1.16636841,0.00207609,2
TNG50-1,59,0.7,277306,0.06992218,-0.04616732,1.16636841,0.00207609,3
TNG50-1,59,0.7,277306,0.02127951,0.077351,1.16636841,0.00207609,4
TNG50-1,59,0.7,277306,-0.00550084,0.01452178,1.16636841,0.00207609,5
TNG50-1,59,0.7,277306,-0.01264392,-0.02902928,1.16636841,0.00207609,6
TNG50-1,59,0.7,277306,-0.08673775,-0.00631735,1.16636841,0.00207609,7
TNG50-1,59,0.7,277306,0.06698675,0.05431185,1.16636841,0.00207609,8
TNG50-1,59,0.7,277306,-0.01609492,0.04671572,1.16636841,0.00207609,9
TNG50-1,59,0.7,319156,-0.02697698,-0.00137887,1.17578742,-1.40821971,0
TNG50-1,59,0.7,319156,0.03449548,0.04968836,1.17578742,-1.40821971,1
TNG50-1,59,0.7,319156,-0.07278145,0.0265543,1.17578742,-1.40821971,2
TNG50-1,59,0.7,319156,-0.02310338,0.00582185,1.17578742,-1.40821971,3
TNG50-1,59,0.7,319156,-0.06041371,0.03751578,1.17578742,-1.40821971,4
TNG50-1,59,0.7,319156,-0.03024867,0.0919969,1.17578742,-1.40821971,5
TNG50-1,59,0.7,319156,0.0625235,-0.03186345,1.17578742,-1.40821971,6
TNG50-1,59,0.7,319156,-0.03061629,-0.04796005,1.17578742,-1.40821971,7
TNG50-1,59,0.7,319156,0.03591281,-0.05089573,1.17578742,-1.40821971,8
TNG50-1,59,0.7,319156,0.07586326,0.0497214,1.17578742,-1.40821971,9
TNG50-1,59,0.7,48195,0.05646838,0.02932317,1.06086014,-0.07021846,0
TNG50-1,59,0.7,48195,-0.02685185,0.00795328,1.06086014,-0.07021846,1
TNG50-1,59,0.7,48195,-0.10680068,0.02621841,1.06086014,-0.07021846,2
TNG50-1,59,0.7,48195,-0.03373784,0.02292858,1.06086014,-0.07021846,3
TNG50-1,59,0.7,48195,0.02739271,-0.04640373,1.06086014,-0.07021846,4
TNG50-1,59,0.7,48195,-0.00333616,0.01865315,1.06086014,-0.07021846,5
TNG50-1,59,0.7,48195,0.00901739,0.03957541,1.06086014,-0.07021846,6
TNG50-1,59,0.7,48195,-0.02616722,0.05775707,1.06086014,-0.07021846,7
TNG50-1,59,0.7,48195,0.05070446,0.02080536,1.06086014,-0.07021846,8
TNG50-1,59,0.7,48195,0.01715959,-0.04826253,1.06086014,-0.07021846,9
TNG50-1,59,0.7,315620,-0.01684405,0.08301894,0.48990388,0.51903498,0
TNG50-1,59,0.7,315620,0.0018101,-0.02894109,0.48990388,0.51903498,1
TNG50-1,59,0.7,315620,-0.05469063,0.0340753,0.48990388,0.51903498,2
TNG50-1,59,0.7,315620,-0.06722485,0.05444815,0.48990388,0.51903498,3
TNG50-1,59,0.7,315620,-0.07494862,-0.04774642,0.48990388,0.51903498,4
TNG50-1,59,0.7,315620,0.03246239,0.00380236,0.48990388,0.51903498,5
TNG50-1,59,0.7,315620,-0.01689539,0.0276734,0.48990388,0.51903498,6
TNG50-1,59,0.7,315620,-0.09355601,0.00577731,0.48990388,0.51903498,7
TNG50-1,59,0.7,315620,-0.00315445,0.01805504,0.48990388,0.51903498,8
TNG50-1,59,0.7,315620,-0.06244107,-0.06648147,0.48990388,0.51903498,9
TNG50-1,59,0.7,325890,0.02770181,0.00819785,1.17128282,0.58186889,0
TNG50-1,59,0.7,325890,-0.02430821,0.04660334,1.17128282,0.58186889,1
TNG50-1,59,0.7,325890,0.01747256,-0.02451938,1.17128282,0.58186889,2
TNG50-1,59,0.7,325890,0.04599944,-0.06676337,1.17128282,0.58186889,3
TNG50-1,59,0.7,325890,0.03344043,0.02466151,1.17128282,0.58186889,4
TNG50-1,59,0.7,325890,0.01743599,-0.01030118,1.17128282,0.58186889,5
TNG50-1,59,0.7,325890,0.03210641,-0.06037637,1.17128282,0.58186889,6
TNG50-1,59,0.7,325890,0.03442055,0.0250271,1.17128282,0.58186889,7
TNG50-1,59,0.7,325890,0.07477506,0.07155665,1.17128282,0.58186889,8
TNG50-1,59,0.7,325890,-0.00170253,-0.08148713,1.17128282,0.58186889,9
TNG50-1,59,0.7,225435,-0.02369016,0.10602166,1.02973504,-0.25580484,0
TNG50-1,59,0.7,225435,-0.06322227,-0.05270451,1.02973504,-0.25580484,1
TNG50-1,59,0.7,225435,-0.01293648,-0.04572238,1.02973504,-0.25580484,2
TNG50-1,59,0.7,225435,-0.01796033,-0.05297016,1.02973504,-0.25580484,3
TNG50-1,59,0.7,225435,-0.03788984,0.0528527,1.02973504,-0.25580484,4
TNG50-1,59,0.7,225435,0.00775231,-0.01992646,1.02973504,-0.25580484,5
TNG50-1,59,0.7,225435,0.01199447,0.01198371,1.02973504,-0.25580484,6
TNG50-1,59,0.7,225435,-0.02783236,0.09984837,1.02973504,-0.25580484,7
TNG50-1,59,0.7,225435,-0.00720671,-0.00052324,1.02973504,-0.25580484,8
TNG50-1,59,0.7,225435,0.10793119,0.03531244,1.02973504,-0.25580484,9
TNG50-1,59,0.7,225436,0.02602104,-0.12156743,1.12017603,-0.41914795,0
TNG50-1,59,0.7,225436,-0.02941087,-0.01166662,1.12017603,-0.41914795,1
TNG50-1,59,0.7,225436,0.05295809,-0.02539871,1.12017603,-0.41914795,2
TNG50-1,59,0.7,225436,-0.04248504,0.03950055,1.12017603,-0.41914795,3
TNG50-1,59,0.7,225436,0.06699399,0.02114904,1.12017603,-0.41914795,4
TNG50-1,59,0.7,225436,-0.02937255,-0.03538187,1.12017603,-0.41914795,5
TNG50-1,59,0.7,225436,-0.02389839,-0.02292754,1.12017603,-0.41914795,6
TNG50-1,59,0.7,225436,-0.05442439,-0.0117309,1.12017603,-0.41914795,7
TNG50-1,59,0.7,225436,-0.04621297,0.07429783,1.12017603,-0.41914795,8
TNG50-1,59,0.7,225436,-0.02133822,-0.04111523,1.12017603,-0.41914795,9
TNG50-1,59,0.7,324664,-0.03598803,-0.06501132,0.95568203,0.06736583,0
TNG50-1,59,0.7,324664,-0.05642921,0.03482891,0.95568203,0.06736583,1
TNG50-1,59,0.7,324664,-0.07410197,0.00592671,0.95568203,0.06736583,2
TNG50-1,59,0.7,324664,0.01535018,0.03256332,0.95568203,0.06736583,3
TNG50-1,59,0.7,324664,0.01014517,-0.05695621,0.95568203,0.06736583,4
TNG50-1,59,0.7,324664,0.06413809,0.01758021,0.95568203,0.06736583,5
TNG50-1,59,0.7,324664,0.05207045,0.01025998,0.95568203,0.06736583,6
TNG50-1,59,0.7,324664,0.11985584,0.00695175,0.95568203,0.06736583,7
TNG50-1,59,0.7,324664,-0.00369364,-0.0341633,0.95568203,0.06736583,8
TNG50-1,59,0.7,324664,-0.01302648,0.05946623,0.95568203,0.06736583,9
TNG50-1,59,0.7,323872,-0.01335353,0.00044374,1.1826597,-0.54381487,0
TNG50-1,59,0.7,323872,-0.01175546,0.05469727,1.1826597,-0.54381487,1
TNG50-1,59,0.7,323872,-0.0268991,-0.02990901,1.1826597,-0.54381487,2
TNG50-1,59,0.7,323872,-0.08551061,-0.01296996,1.1826597,-0.54381487,3
TNG50-1,59,0.7,323872,-0.03388109,0.00062764,1.1826597,-0.54381487,4
TNG50-1,59,0.7,323872,0.06945997,-0.03870665,1.1826597,-0.54381487,5
TNG50-1,59,0.7,323872,-0.01905722,-0.01018589,1.1826597,-0.54381487,6
TNG50-1,59,0.7,323872,-0.00516268,0.04440255,1.1826597,-0.54381487,7
TNG50-1,59,0.7,323872,0.00702628,-0.04001823,1.1826597,-0.54381487,8
TNG50-1,59,0.7,323872,0.11090707,4.45e-06,1.1826597,-0.54381487,9
TNG50-1,59,0.7,333646,0.07930415,0.08296078,0.89141289,-1.09974128,0
TNG50-1,59,0.7,333646,0.04259692,0.0519174,0.89141289,-1.09974128,1
TNG50-1,59,0.7,333646,-0.01192337,0.06007598,0.89141289,-1.09974128,2
TNG50-1,59,0.7,333646,-0.05040075,0.0026467,0.89141289,-1.09974128,3
TNG50-1,59,0.7,333646,-0.03287905,-0.10381478,0.89141289,-1.09974128,4
TNG50-1,59,0.7,333646,0.0971321,0.00139405,0.89141289,-1.09974128,5
TNG50-1,59,0.7,333646,-0.03460987,0.03107864,0.89141289,-1.09974128,6
TNG50-1,59,0.7,333646,-0.11777977,-0.0067635,0.89141289,-1.09974128,7
TNG50-1,59,0.7,333646,0.05150828,-0.00904181,0.89141289,-1.09974128,8
TNG50-1,59,0.7,333646,0.07502516,-0.0482059,0.89141289,-1.09974128,9
TNG50-1,59,0.7,184871,0.01084643,0.07772847,0.57825426,0.32081753,0
TNG50-1,59,0.7,184871,-0.04405906,-0.00822479,0.57825426,0.32081753,1
TNG50-1,59,0.7,184871,-0.02317803,0.00150655,0.57825426,0.32081753,2
TNG50-1,59,0.7,184871,-0.02279537,-0.00875519,0.57825426,0.32081753,3
TNG50-1,59,0.7,184871,-0.0421222,0.05665154,0.57825426,0.32081753,4
TNG50-1,59,0.7,184871,0.01567698,0.05859043,0.57825426,0.32081753,5
TNG50-1,59,0.7,184871,0.0209056,0.05566041,0.57825426,0.32081753,6
TNG50-1,59,0.7,184871,0.04897588,0.00132838,0.57825426,0.32081753,7
TNG50-1,59,0.7,184871,-0.04288112,-0.0436218,0.57825426,0.32081753,8
TNG50-1,59,0.7,184871,-0.02887393,0.09626065,0.57825426,0.32081753,9
TNG50-1,59,0.7,342076,0.01401164,-0.02696701,0.30511069,-0.824556,0
TNG50-1,59,0.7,342076,0.07158073,0.0115184,0.30511069,-0.824556,1
TNG50-1,59,0.7,342076,-0.03239013,0.0111619,0.30511069,-0.824556,2
TNG50-1,59,0.7,342076,-0.0364012,0.05789965,0.30511069,-0.824556,3
TNG50-1,59,0.7,342076,0.06105096,0.09196961,0.30511069,-0.824556,4
TNG50-1,59,0.7,342076,-0.02286226,0.07562417,0.30511069,-0.824556,5
TNG50-1,59,0.7,342076,-0.020528,0.04573262,0.30511069,-0.824556,6
TNG50-1,59,0.7,342076,-0.01865721,-0.00743673,0.30511069,-0.824556,7
TNG50-1,59,0.7,342076,-0.00324905,-0.03115345,0.30511069,-0.824556,8
TNG50-1,59,0.7,342076,-0.0786819,0.00089392,0.30511069,-0.824556,9
TNG50-1,59,0.7,236586,0.02927894,-0.03406088,0.55681793,-1.09767061,0
TNG50-1,59,0.7,236586,0.04109689,0.01285376,0.55681793,-1.09767061,1
TNG50-1,59,0.7,236586,0.03115429,0.02599019,0.55681793,-1.09767061,2
TNG50-1,59,0.7,236586,-0.00605877,-0.07072662,0.55681793,-1.09767061,3
TNG50-1,59,0.7,236586,0.03934311,-0.02519976,0.55681793,-1.09767061,4
TNG50-1,59,0.7,236586,0.06304363,0.01216427,0.55681793,-1.09767061,5
TNG50-1,59,0.7,236586,0.04400802,-0.044984,0.55681793,-1.09767061,6
TNG50-1,59,0.7,236586,-0.00160065,0.02169521,0.55681793,-1.09767061,7
TNG50-1,59,0.7,236586,-0.04169243,-0.01537141,0.55681793,-1.09767061,8
TNG50-1,59,0.7,236586,-0.04287837,-0.03617101,0.55681793,-1.09767061,9
TNG50-1,59,0.7,313477,0.00266027,-0.01738609,1.28170075,-1.54372442,0
TNG50-1,59,0.7,313477,0.01961402,0.08324714,1.28170075,-1.54372442,1
TNG50-1,59,0.7,313477,-0.04242645,-0.06892992,1.28170075,-1.54372442,2
TNG50-1,59,0.7,313477,-0.01213062,-0.01413024,1.28170075,-1.54372442,3
TNG50-1,59,0.7,313477,0.02338392,0.10661523,1.28170075,-1.54372442,4
TNG50-1,59,0.7,313477,-0.03810451,0.0204065,1.28170075,-1.54372442,5
TNG50-1,59,0.7,313477,-0.08288784,-0.01838616,1.28170075,-1.54372442,6
TNG50-1,59,0.7,313477,-0.07682869,-0.00784413,1.28170075,-1.54372442,7
TNG50-1,59,0.7,313477,-0.02090254,0.02146813,1.28170075,-1.54372442,8
TNG50-1,59,0.7,313477,-0.06592091,0.0847886,1.28170075,-1.54372442,9
TNG50-1,59,0.7,340937,-0.02654268,-0.0802046,0.93172268,-1.42235501,0
TNG50-1,59,0.7,340937,-0.03788051,0.00657535,0.93172268,-1.42235501,1
TNG50-1,59,0.7,340937,-0.06894044,-0.06015802,0.93172268,-1.42235501,2
TNG50-1,59,0.7,340937,0.0051548,-0.02128242,0.93172268,-1.42235501,3
TNG50-1,59,0.7,340937,-0.07028437,0.11056013,0.93172268,-1.42235501,4
TNG50-1,59,0.7,340937,-0.02318913,0.04660872,0.93172268,-1.42235501,5
TNG50-1,59,0.7,340937,-0.04543417,-0.00642063,0.93172268,-1.42235501,6
TNG50-1,59,0.7,340937,0.05370618,0.1599471,0.93172268,-1.42235501,7
TNG50-1,59,0.7,340937,-0.02541982,-0.04575873,0.93172268,-1.42235501,8
TNG50-1,59,0.7,340937,0.01984652,0.05826082,0.93172268,-1.42235501,9
TNG50-1,59,0.7,321630,-0.07663372,-0.07416106,1.25805657,0.82388691,0
TNG50-1,59,0.7,321630,-0.01219614,-0.03742072,1.25805657,0.82388691,1
TNG50-1,59,0.7,321630,-0.06738949,0.00269305,1.25805657,0.82388691,2
TNG50-1,59,0.7,321630,0.0128638,0.03150767,1.25805657,0.82388691,3
TNG50-1,59,0.7,321630,0.00279851,0.07106189,1.25805657,0.82388691,4
TNG50-1,59,0.7,321630,-0.01538324,-0.01079399,1.25805657,0.82388691,5
TNG50-1,59,0.7,321630,0.05460285,-0.01582355,1.25805657,0.82388691,6
TNG50-1,59,0.7,321630,-0.02835495,-0.0436298,1.25805657,0.82388691,7
TNG50-1,59,0.7,321630,0.01634259,0.0164992,1.25805657,0.82388691,8
TNG50-1,59,0.7,321630,0.04102775,-0.01485588,1.25805657,0.82388691,9
TNG50-1,59,0.7,104589,-0.01370161,-0.02204664,0.58662681,1.530541,0
TNG50-1,59,0.7,104589,-0.00469443,-0.02803581,0.58662681,1.530541,1
TNG50-1,59,0.7,104589,0.0275814,-0.00243112,0.58662681,1.530541,2
TNG50-1,59,0.7,104589,-0.02818653,-0.02976862,0.58662681,1.530541,3
TNG50-1,59,0.7,104589,-0.0386079,-0.02013241,0.58662681,1.530541,4
TNG50-1,59,0.7,104589,0.02158621,0.00485552,0.58662681,1.530541,5
TNG50-1,59,0.7,104589,-0.15128625,-0.02110202,0.58662681,1.530541,6
TNG50-1,59,0.7,104589,-0.03018391,-0.02146087,0.58662681,1.530541,7
TNG50-1,59,0.7,104589,-0.05756547,-0.05050788,0.58662681,1.530541,8
TNG50-1,59,0.7,104589,0.06016291,-0.05768919,0.58662681,1.530541,9
TNG50-1,59,0.7,332703,-0.0230512,0.01651927,0.39490077,-1.34503467,0
TNG50-1,59,0.7,332703,-0.10784474,0.01980718,0.39490077,-1.34503467,1
TNG50-1,59,0.7,332703,0.03413838,-0.08905695,0.39490077,-1.34503467,2
TNG50-1,59,0.7,332703,-0.06165255,-0.01587625,0.39490077,-1.34503467,3
TNG50-1,59,0.7,332703,0.00316351,-0.01124545,0.39490077,-1.34503467,4
TNG50-1,59,0.7,332703,-0.04041342,0.06118324,0.39490077,-1.34503467,5
TNG50-1,59,0.7,332703,-0.01943633,-0.02531147,0.39490077,-1.34503467,6
TNG50-1,59,0.7,332703,0.05761462,0.01324298,0.39490077,-1.34503467,7
TNG50-1,59,0.7,332703,0.02658091,0.01128787,0.39490077,-1.34503467,8
TNG50-1,59,0.7,332703,0.056502,0.05788376,0.39490077,-1.34503467,9
TNG50-1,59,0.7,181444,-0.0066872,-0.00605238,1.30437647,0.28944381,0
TNG50-1,59,0.7,181444,0.04138935,0.07218497,1.30437647,0.28944381,1
TNG50-1,59,0.7,181444,-0.08524326,0.08469141,1.30437647,0.28944381,2
TNG50-1,59,0.7,181444,-0.08070097,0.03969042,1.30437647,0.28944381,3
TNG50-1,59,0.7,181444,-0.11416722,0.01655099,1.30437647,0.28944381,4
TNG50-1,59,0.7,181444,0.03929925,0.06676913,1.30437647,0.28944381,5
TNG50-1,59,0.7,181444,0.03368335,-0.01279212,1.30437647,0.28944381,6
TNG50-1,59,0.7,181444,0.04484138,-0.01954708,1.30437647,0.28944381,7
TNG50-1,59,0.7,181444,-0.03386809,-0.00645111,1.30437647,0.28944381,8
TNG50-1,59,0.7,181444,-0.02817738,-0.04893572,1.30437647,0.28944381,9
TNG50-1,59,0.7,379270,-0.00875047,0.06538603,0.89341873,0.80448423,0
TNG50-1,59,0.7,379270,-0.0558704,0.01127867,0.89341873,0.80448423,1
TNG50-1,59,0.7,379270,0.05125039,-0.01219146,0.89341873,0.80448423,2
TNG50-1,59,0.7,379270,0.02718437,-0.03963137,0.89341873,0.80448423,3
TNG50-1,59,0.7,379270,0.07147812,-0.06879676,0.89341873,0.80448423,4
TNG50-1,59,0.7,379270,-0.08146414,0.05663137,0.89341873,0.80448423,5
TNG50-1,59,0.7,379270,0.09508485,0.03993196,0.89341873,0.80448423,6
TNG50-1,59,0.7,379270,-0.07862377,0.06762252,0.89341873,0.80448423,7
TNG50-1,59,0.7,379270,-0.0599154,0.01984091,0.89341873,0.80448423,8
TNG50-1,59,0.7,379270,-0.03104108,-0.13210512,0.89341873,0.80448423,9
TNG50-1,59,0.7,330321,-0.06222915,-0.06688825,0.71654153,-0.44232243,0
TNG50-1,59,0.7,330321,0.02324357,-0.0064914,0.71654153,-0.44232243,1
TNG50-1,59,0.7,330321,-0.01848585,-0.12639648,0.71654153,-0.44232243,2
TNG50-1,59,0.7,330321,-0.0279421,-0.07840581,0.71654153,-0.44232243,3
TNG50-1,59,0.7,330321,-0.05516134,-0.01611559,0.71654153,-0.44232243,4
TNG50-1,59,0.7,330321,0.04737948,0.11875591,0.71654153,-0.44232243,5
TNG50-1,59,0.7,330321,0.02280963,-0.09003715,0.71654153,-0.44232243,6
TNG50-1,59,0.7,330321,0.02505956,-0.06217903,0.71654153,-0.44232243,7
TNG50-1,59,0.7,330321,-0.03168011,0.01083874,0.71654153,-0.44232243,8
TNG50-1,59,0.7,330321,0.00881439,0.08847115,0.71654153,-0.44232243,9
TNG50-1,59,0.7,172232,0.01853204,-0.05773403,0.85755297,0.29904617,0
TNG50-1,59,0.7,172232,0.01603074,0.03273905,0.85755297,0.29904617,1
TNG50-1,59,0.7,172232,-0.04517924,0.03540763,0.85755297,0.29904617,2
TNG50-1,59,0.7,172232,-0.01710255,-0.02551826,0.85755297,0.29904617,3
TNG50-1,59,0.7,172232,0.02685971,-0.06087384,0.85755297,0.29904617,4
TNG50-1,59,0.7,172232,-0.01057188,-0.09852166,0.85755297,0.29904617,5
TNG50-1,59,0.7,172232,-0.01436527,-0.03075568,0.85755297,0.29904617,6
TNG50-1,59,0.7,172232,0.09517338,0.02631093,0.85755297,0.29904617,7
TNG50-1,59,0.7,172232,-0.04754946,-0.05388141,0.85755297,0.29904617,8
TNG50-1,59,0.7,172232,0.05402092,0.00484743,0.85755297,0.29904617,9
TNG50-1,59,0.7,332100,-0.07382149,-0.01800874,0.59002233,1.54329051,0
TNG50-1,59,0.7,332100,-0.01169441,-0.11011127,0.59002233,1.54329051,1
TNG50-1,59,0.7,332100,-0.0573522,-0.03116404,0.59002233,1.54329051,2
TNG50-1,59,0.7,332100,-0.00389903,0.04573559,0.59002233,1.54329051,3
TNG50-1,59,0.7,332100,-0.02505397,-0.03806793,0.59002233,1.54329051,4
TNG50-1,59,0.7,332100,-0.05951831,0.07488719,0.59002233,1.54329051,5
TNG50-1,59,0.7,332100,-0.03294367,-0.0428331,0.59002233,1.54329051,6
TNG50-1,59,0.7,332100,-0.04670784,0.0251704,0.59002233,1.54329051,7
TNG50-1,59,0.7,332100,-0.06569624,0.05183193,0.59002233,1.54329051,8
TNG50-1,59,0.7,332100,0.05413729,0.0225097,0.59002233,1.54329051,9
TNG50-1,59,0.7,334171,-0.0687247,0.01127998,1.34419095,-0.76146732,0
TNG50-1,59,0.7,334171,-0.04712343,0.00465988,1.34419095,-0.76146732,1
TNG50-1,59,0.7,334171,0.05850355,0.02313249,1.34419095,-0.76146732,2
TNG50-1,59,0.7,334171,-0.04023057,-0.02452613,1.34419095,-0.76146732,3
TNG50-1,59,0.7,334171,0.04878383,-0.0465115,1.34419095,-0.76146732,4
TNG50-1,59,0.7,334171,-0.02151424,0.00913645,1.34419095,-0.76146732,5
TNG50-1,59,0.7,334171,0.00707187,-0.05147945,1.34419095,-0.76146732,6
TNG50-1,59,0.7,334171,-0.06930536,0.05392113,1.34419095,-0.76146732,7
TNG50-1,59,0.7,334171,-0.03041338,-0.00572612,1.34419095,-0.76146732,8
TNG50-1,59,0.7,334171,-0.04376532,-0.01630676,1.34419095,-0.76146732,9
TNG50-1,59,0.7,338415,0.02310878,-0.05724364,0.94599655,-0.97549192,0
TNG50-1,59,0.7,338415,-0.00381822,0.04999647,0.94599655,-0.97549192,1
TNG50-1,59,0.7,338415,-0.08290259,-0.09827492,0.94599655,-0.97549192,2
TNG50-1,59,0.7,338415,-0.05307149,-0.0418766,0.94599655,-0.97549192,3
TNG50-1,59,0.7,338415,0.05288544,0.00600634,0.94599655,-0.97549192,4
TNG50-1,59,0.7,338415,0.00419422,0.07891815,0.94599655,-0.97549192,5
TNG50-1,59,0.7,338415,-0.08407839,0.02769291,0.94599655,-0.97549192,6
TNG50-1,59,0.7,338415,0.0176056,-0.04230123,0.94599655,-0.97549192,7
TNG50-1,59,0.7,338415,-0.02796294,0.07646767,0.94599655,-0.97549192,8
TNG50-1,59,0.7,338415,-0.043725,-0.06775617,0.94599655,-0.97549192,9
TNG50-1,59,0.7,7,-0.06279729,0.06073922,0.78554652,0.17359065,0
TNG50-1,59,0.7,7,0.04412306,-0.01214579,0.78554652,0.17359065,1
TNG50-1,59,0.7,7,0.03532263,-0.03129531,0.78554652,0.17359065,2
TNG50-1,59,0.7,7,-0.03628762,0.0706737,0.78554652,0.17359065,3
TNG50-1,59,0.7,7,-0.09976158,0.0289747,0.78554652,0.17359065,4
TNG50-1,59,0.7,7,-0.02844563,-0.04596451,0.78554652,0.17359065,5
TNG50-1,59,0.7,7,0.10390075,-0.0611792,0.78554652,0.17359065,6
TNG50-1,59,0.7,7,-0.04316386,0.0579085,0.78554652,0.17359065,7
TNG50-1,59,0.7,7,-0.03971287,0.00083941,0.78554652,0.17359065,8
TNG50-1,59,0.7,7,-0.04987912,-0.0774532,0.78554652,0.17359065,9
TNG50-1,59,0.7,327485,0.02231254,0.04065009,0.37890029,0.91819591,0
TNG50-1,59,0.7,327485,-0.06875937,0.05124396,0.37890029,0.91819591,1
TNG50-1,59,0.7,327485,-0.05538897,-0.00315578,0.37890029,0.91819591,2
TNG50-1,59,0.7,327485,0.01719538,-0.0058463,0.37890029,0.91819591,3
TNG50-1,59,0.7,327485,0.04988346,0.07957029,0.37890029,0.91819591,4
TNG50-1,59,0.7,327485,0.02513222,-0.00102109,0.37890029,0.91819591,5
TNG50-1,59,0.7,327485,0.04270587,0.00378429,0.37890029,0.91819591,6
TNG50-1,59,0.7,327485,0.01869093,0.0242113,0.37890029,0.91819591,7
TNG50-1,59,0.7,327485,0.0086248,-0.00489031,0.37890029,0.91819591,8
TNG50-1,59,0.7,327485,-0.02518466,-0.04101702,0.37890029,0.91819591,9
TNG50-1,59,0.7,298387,0.01889828,-0.00495468,0.46284406,0.79505314,0
TNG50-1,59,0.7,298387,-0.00193775,0.00292397,0.46284406,0.79505314,1
TNG50-1,59,0.7,298387,0.09211249,-0.04425995,0.46284406,0.79505314,2
TNG50-1,59,0.7,298387,0.03942243,0.02879558,0.46284406,0.79505314,3
TNG50-1,59,0.7,298387,-0.02977411,0.02089821,0.46284406,0.79505314,4
TNG50-1,59,0.7,298387,0.03645301,0.06426118,0.46284406,0.79505314,5
TNG50-1,59,0.7,298387,0.01539329,-0.00050129,0.46284406,0.79505314,6
TNG50-1,59,0.7,298387,0.06547132,-0.02059198,0.46284406,0.79505314,7
TNG50-1,59,0.7,298387,-0.02622271,0.03946472,0.46284406,0.79505314,8
TNG50-1,59,0.7,298387,0.00943381,-0.03971022,0.46284406,0.79505314,9
TNG50-1,59,0.7,309616,0.05424923,-0.04461115,1.24440717,1.23320548,0
TNG50-1,59,0.7,309616,0.0541421,0.09414368,1.24440717,1.23320548,1
TNG50-1,59,0.7,309616,0.06286395,0.00486946,1.24440717,1.23320548,2
TNG50-1,59,0.7,309616,0.01883115,-0.05470515,1.24440717,1.23320548,3
TNG50-1,59,0.7,309616,-0.02432482,-0.04151271,1.24440717,1.23320548,4
TNG50-1,59,0.7,309616,0.00545939,0.07438918,1.24440717,1.23320548,5
TNG50-1,59,0.7,309616,0.01900344,0.09124925,1.24440717,1.23320548,6
TNG50-1,59,0.7,309616,-0.02800708,0.05047425,1.24440717,1.23320548,7
TNG50-1,59,0.7,309616,0.06665581,0.06596543,1.24440717,1.23320548,8
TNG50-1,59,0.7,309616,0.02900421,0.06083077,1.24440717,1.23320548,9
TNG50-1,59,0.7,345857,0.02784581,-0.03248288,1.12425936,0.96061326,0
TNG50-1,59,0.7,345857,0.01645209,-0.06584093,1.12425936,0.96061326,1
TNG50-1,59,0.7,345857,0.02699316,0.05738595,1.12425936,0.96061326,2
TNG50-1,59,0.7,345857,0.03680077,-0.02254756,1.12425936,0.96061326,3
TNG50-1,59,0.7,345857,-0.0370799,0.00092243,1.12425936,0.96061326,4
TNG50-1,59,0.7,345857,0.03659794,-0.03050625,1.12425936,0.96061326,5
TNG50-1,59,0.7,345857,0.07293084,0.06383774,1.12425936,0.96061326,6
TNG50-1,59,0.7,345857,-0.01031862,0.04265881,1.12425936,0.96061326,7
TNG50-1,59,0.7,345857,-0.01566239,-0.01203698,1.12425936,0.96061326,8
TNG50-1,59,0.7,345857,0.02382732,-0.05899487,1.12425936,0.96061326,9
TNG50-1,59,0.7,262484,-0.01734649,-0.01419297,0.86845076,-0.79398388,0
TNG50-1,59,0.7,262484,0.02850763,0.01017965,0.86845076,-0.79398388,1
TNG50-1,59,0.7,262484,0.00943179,0.02832328,0.86845076,-0.79398388,2
TNG50-1,59,0.7,262484,0.0054549,-0.02053953,0.86845076,-0.79398388,3
TNG50-1,59,0.7,262484,0.01058494,0.00039124,0.86845076,-0.79398388,4
TNG50-1,59,0.7,262484,0.03793981,-0.00021624,0.86845076,-0.79398388,5
TNG50-1,59,0.7,262484,-0.00209296,-0.0457019,0.86845076,-0.79398388,6
TNG50-1,59,0.7,262484,0.02250067,0.02192947,0.86845076,-0.79398388,7
TNG50-1,59,0.7,262484,-0.04934596,-0.08246109,0.86845076,-0.79398388,8
TNG50-1,59,0.7,262484,0.12769254,0.08763542,0.86845076,-0.79398388,9
TNG50-1,59,0.7,261224,-0.0252105,0.05464438,1.01389,-0.6364491,0
TNG50-1,59,0.7,261224,-0.05406532,0.01477334,1.01389,-0.6364491,1
TNG50-1,59,0.7,261224,0.02888378,-0.02156477,1.01389,-0.6364491,2
TNG50-1,59,0.7,261224,0.03304855,0.00333821,1.01389,-0.6364491,3
TNG50-1,59,0.7,261224,-0.06468196,0.0040685,1.01389,-0.6364491,4
TNG50-1,59,0.7,261224,-0.01483159,-0.00458476,1.01389,-0.6364491,5
TNG50-1,59,0.7,261224,0.09280299,-0.06595557,1.01389,-0.6364491,6
TNG50-1,59,0.7,261224,-0.04903814,0.06215443,1.01389,-0.6364491,7
TNG50-1,59,0.7,261224,0.02133189,0.05332168,1.01389,-0.6364491,8
TNG50-1,59,0.7,261224,0.0052761,-0.05220945,1.01389,-0.6364491,9
TNG50-1,59,0.7,69765,-0.01503628,-0.00633428,1.2696882,-0.534745,0
TNG50-1,59,0.7,69765,-0.01125428,-0.09202058,1.2696882,-0.534745,1
TNG50-1,59,0.7,69765,-0.05782594,0.03578512,1.2696882,-0.534745,2
TNG50-1,59,0.7,69765,-0.09333981,0.00731961,1.2696882,-0.534745,3
TNG50-1,59,0.7,69765,-0.03352963,0.02121756,1.2696882,-0.534745,4
TNG50-1,59,0.7,69765,-0.01782012,0.09680514,1.2696882,-0.534745,5
TNG50-1,59,0.7,69765,-0.07206167,-0.04124058,1.2696882,-0.534745,6
TNG50-1,59,0.7,69765,0.00884889,-0.1437408,1.2696882,-0.534745,7
TNG50-1,59,0.7,69765,0.05814282,-0.05267273,1.2696882,-0.534745,8
TNG50-1,59,0.7,69765,0.04210581,0.02430225,1.2696882,-0.534745,9
TNG50-1,59,0.7,355595,-0.02815489,0.03344055,1.00172776,1.49096976,0
TNG50-1,59,0.7,355595,0.01434976,-0.00018392,1.00172776,1.49096976,1
TNG50-1,59,0.7,355595,0.0939925,0.01101769,1.00172776,1.49096976,2
TNG50-1,59,0.7,355595,0.02859537,-0.01243334,1.00172776,1.49096976,3
TNG50-1,59,0.7,355595,0.0724201,-0.02981294,1.00172776,1.49096976,4
TNG50-1,59,0.7,355595,0.03226061,0.08103823,1.00172776,1.49096976,5
TNG50-1,59,0.7,355595,0.05625267,-0.05499306,1.00172776,1.49096976,6
TNG50-1,59,0.7,355595,0.09285637,0.03431961,1.00172776,1.49096976,7
TNG50-1,59,0.7,355595,-0.03659184,0.02621141,1.00172776,1.49096976,8
TNG50-1,59,0.7,355595,-0.03985522,-0.07895066,1.00172776,1.49096976,9
TNG50-1,59,0.7,296530,-0.04153902,-0.03263137,0.50162025,-0.26102696,0
TNG50-1,59,0.7,296530,-0.03313453,0.09563423,0.50162025,-0.26102696,1
TNG50-1,59,0.7,296530,0.02822921,-0.09583608,0.50162025,-0.26102696,2
TNG50-1,59,0.7,296530,-0.01835176,0.01393235,0.50162025,-0.26102696,3
TNG50-1,59,0.7,296530,-0.00427949,-0.06057519,0.50162025,-0.26102696,4
TNG50-1,59,0.7,296530,-0.07288237,-0.02025006,0.50162025,-0.26102696,5
TNG50-1,59,0.7,296530,0.11629559,-0.03190472,0.50162025,-0.26102696,6
TNG50-1,59,0.7,296530,0.00355978,-0.04929888,0.50162025,-0.26102696,7
TNG50-1,59,0.7,296530,0.02495004,0.00177209,0.50162025,-0.26102696,8
TNG50-1,59,0.7,296530,-0.02703127,-0.12840146,0.50162025,-0.26102696,9
TNG50-1,59,0.7,357791,-0.01577442,0.03728196,0.97551746,0.11761361,0
TNG50-1,59,0.7,357791,-0.0045145,0.05439969,0.97551746,0.11761361,1
TNG50-1,59,0.7,357791,-0.06796383,0.08582137,0.97551746,0.11761361,2
TNG50-1,59,0.7,357791,0.07566094,0.01244355,0.97551746,0.11761361,3
TNG50-1,59,0.7,357791,-0.02972292,0.07851254,0.97551746,0.11761361,4
TNG50-1,59,0.7,357791,-0.01187421,0.03962006,0.97551746,0.11761361,5
TNG50-1,59,0.7,357791,-0.02961096,0.00719937,0.97551746,0.11761361,6
TNG50-1,59,0.7,357791,-0.00407831,0.01751705,0.97551746,0.11761361,7
TNG50-1,59,0.7,357791,0.0654072,-0.09107085,0.97551746,0.11761361,8
TNG50-1,59,0.7,357791,0.12365079,0.01460596,0.97551746,0.11761361,9
TNG50-1,59,0.7,338901,-0.07718738,0.02205378,0.40988026,-0.0404781,0
TNG50-1,59,0.7,338901,-0.08126346,-0.05982198,0.40988026,-0.0404781,1
TNG50-1,59,0.7,338901,0.00964393,-0.00891638,0.40988026,-0.0404781,2
TNG50-1,59,0.7,338901,-0.05570393,0.05486472,0.40988026,-0.0404781,3
TNG50-1,59,0.7,338901,-0.00035569,0.04850888,0.40988026,-0.0404781,4
TNG50-1,59,0.7,338901,0.00692173,-0.03986463,0.40988026,-0.0404781,5
TNG50-1,59,0.7,338901,0.00915248,-0.02727791,0.40988026,-0.0404781,6
TNG50-1,59,0.7,338901,-0.04520607,-0.04943434,0.40988026,-0.0404781,7
TNG50-1,59,0.7,338901,0.04493412,-0.03282065,0.40988026,-0.0404781,8
TNG50-1,59,0.7,338901,-0.00446176,-0.06995338,0.40988026,-0.0404781,9
TNG50-1,59,0.7,329661,-0.00690879,0.02645925,1.32733742,-1.2337441,0
TNG50-1,59,0.7,329661,0.03165692,-0.00675554,1.32733742,-1.2337441,1
TNG50-1,59,0.7,329661,-0.03925264,0.00274049,1.32733742,-1.2337441,2
TNG50-1,59,0.7,329661,-0.00453031,0.06373206,1.32733742,-1.2337441,3
TNG50-1,59,0.7,329661,-0.01102492,0.06660404,1.32733742,-1.2337441,4
TNG50-1,59,0.7,329661,0.05275594,-0.08231172,1.32733742,-1.2337441,5
TNG50-1,59,0.7,329661,-0.03057959,0.03239173,1.32733742,-1.2337441,6
TNG50-1,59,0.7,329661,-0.02876081,0.01128235,1.32733742,-1.2337441,7
TNG50-1,59,0.7,329661,-0.04230106,-0.02307955,1.32733742,-1.2337441,8
TNG50-1,59,0.7,329661,-0.05687548,0.01638418,1.32733742,-1.2337441,9
TNG50-1,59,0.7,346534,0.06263453,-0.08050164,0.3553329,-1.3591337,0
TNG50-1,59,0.7,346534,-0.02520684,0.00960855,0.3553329,-1.3591337,1
TNG50-1,59,0.7,346534,0.01673036,-0.06821957,0.3553329,-1.3591337,2
TNG50-1,59,0.7,346534,0.04207082,-0.01429199,0.3553329,-1.3591337,3
TNG50-1,59,0.7,346534,0.02370172,0.00781322,0.3553329,-1.3591337,4
TNG50-1,59,0.7,346534,-0.10983178,0.05370185,0.3553329,-1.3591337,5
TNG50-1,59,0.7,346534,0.03476784,-0.04098066,0.3553329,-1.3591337,6
TNG50-1,59,0.7,346534,-0.00503069,0.07257937,0.3553329,-1.3591337,7
TNG50-1,59,0.7,346534,-0.01645143,0.04734266,0.3553329,-1.3591337,8
TNG50-1,59,0.7,346534,-0.00545375,-0.02147049,0.3553329,-1.3591337,9
TNG50-1,59,0.7,330994,-0.01685731,-0.02055347,1.03898019,0.83353121,0
TNG50-1,59,0.7,330994,-0.08976366,-0.00427652,1.03898019,0.83353121,1
TNG50-1,59,0.7,330994,-0.01202606,-0.03920322,1.03898019,0.83353121,2
TNG50-1,59,0.7,330994,-0.01281468,0.00054083,1.03898019,0.83353121,3
TNG50-1,59,0.7,330994,-0.07961587,0.00290432,1.03898019,0.83353121,4
TNG50-1,59,0.7,330994,-0.00365176,-0.0450125,1.03898019,0.83353121,5
TNG50-1,59,0.7,330994,-0.10335551,0.01338496,1.03898019,0.83353121,6
TNG50-1,59,0.7,330994,-0.01738434,0.01307263,1.03898019,0.83353121,7
TNG50-1,59,0.7,330994,0.0121798,-0.0083105,1.03898019,0.83353121,8
TNG50-1,59,0.7,330994,0.00484981,0.12105235,1.03898019,0.83353121,9
TNG50-1,59,0.7,300306,0.07718934,0.00814811,0.45618296,1.25751074,0
TNG50-1,59,0.7,300306,0.00012577,-0.02313827,0.45618296,1.25751074,1
TNG50-1,59,0.7,300306,-0.03241387,0.14311318,0.45618296,1.25751074,2
TNG50-1,59,0.7,300306,0.02938378,0.00779125,0.45618296,1.25751074,3
TNG50-1,59,0.7,300306,-0.04081299,-0.0298196,0.45618296,1.25751074,4
TNG50-1,59,0.7,300306,0.02667358,-0.06891509,0.45618296,1.25751074,5
TNG50-1,59,0.7,300306,0.02069205,0.06527031,0.45618296,1.25751074,6
TNG50-1,59,0.7,300306,-0.00947013,-0.01750164,0.45618296,1.25751074,7
TNG50-1,59,0.7,300306,0.02829058,-0.0395676,0.45618296,1.25751074,8
TNG50-1,59,0.7,300306,-0.0743895,0.01681496,0.45618296,1.25751074,9
TNG50-1,59,0.7,350676,0.01527655,-0.00644541,0.73577932,-1.35521755,0
TNG50-1,59,0.7,350676,-0.06464351,0.04187384,0.73577932,-1.35521755,1
TNG50-1,59,0.7,350676,-0.05536088,-0.04667113,0.73577932,-1.35521755,2
TNG50-1,59,0.7,350676,-0.01506256,-0.06986933,0.73577932,-1.35521755,3
TNG50-1,59,0.7,350676,-0.00726878,-0.01548938,0.73577932,-1.35521755,4
TNG50-1,59,0.7,350676,-0.05629776,0.00301181,0.73577932,-1.35521755,5
TNG50-1,59,0.7,350676,0.03948238,-0.0620378,0.73577932,-1.35521755,6
TNG50-1,59,0.7,350676,-0.02087805,-0.06938768,0.73577932,-1.35521755,7
TNG50-1,59,0.7,350676,-0.02109088,0.00911489,0.73577932,-1.35521755,8
TNG50-1,59,0.7,350676,0.01413294,-0.03788903,0.73577932,-1.35521755,9
TNG50-1,67,0.5,92816,-0.01751712,-0.01019455,1.02308027,1.33291614,0
TNG50-1,67,0.5,92816,0.14115587,0.06229471,1.02308027,1.33291614,1
TNG50-1,67,0.5,92816,-0.06094095,-0.10167633,1.02308027,1.33291614,2
TNG50-1,67,0.5,92816,-0.02638779,0.01282843,1.02308027,1.33291614,3
TNG50-1,67,0.5,92816,0.04506793,-0.02817511,1.02308027,1.33291614,4
TNG50-1,67,0.5,92816,0.03763607,0.02860601,1.02308027,1.33291614,5
TNG50-1,67,0.5,92816,0.02436945,0.01585352,1.02308027,1.33291614,6
TNG50-1,67,0.5,92816,0.03376593,0.01830239,1.02308027,1.33291614,7
TNG50-1,67,0.5,92816,-0.10417786,-0.05294708,1.02308027,1.33291614,8
TNG50-1,67,0.5,92816,0.07946493,-0.00284846,1.02308027,1.33291614,9
TNG50-1,67,0.5,194783,0.01497328,0.02752066,1.075895,-0.78956184,0
TNG50-1,67,0.5,194783,-0.05109313,-0.02159147,1.075895,-0.78956184,1
TNG50-1,67,0.5,194783,0.02457201,0.00426761,1.075895,-0.78956184,2
TNG50-1,67,0.5,194783,-0.0637882,-0.07536173,1.075895,-0.78956184,3
TNG50-1,67,0.5,194783,0.06526223,-2.648e-05,1.075895,-0.78956184,4
TNG50-1,67,0.5,194783,0.02110693,0.00217887,1.075895,-0.78956184,5
TNG50-1,67,0.5,194783,-0.04124153,0.08994989,1.075895,-0.78956184,6
TNG50-1,67,0.5,194783,0.04023387,-0.08975016,1.075895,-0.78956184,7
TNG50-1,67,0.5,194783,0.11207624,-0.01404417,1.075895,-0.78956184,8
TNG50-1,67,0.5,194783,-0.01088085,0.06440586,1.075895,-0.78956184,9
TNG50-1,67,0.5,2,-0.01208857,-0.02261027,1.07242481,1.2144075,0
TNG50-1,67,0.5,2,-0.00856708,-0.00240826,1.07242481,1.2144075,1
TNG50-1,67,0.5,2,-0.04166295,-0.02642611,1.07242481,1.2144075,2
TNG50-1,67,0.5,2,-0.04663027,-0.0530893,1.07242481,1.2144075,3
TNG50-1,67,0.5,2,-0.09129269,0.00428832,1.07242481,1.2144075,4
TNG50-1,67,0.5,2,-0.03146076,0.05337416,1.07242481,1.2144075,5
TNG50-1,67,0.5,2,-0.04946775,0.00642331,1.07242481,1.2144075,6
TNG50-1,67,0.5,2,0.00590194,-0.03049102,1.07242481,1.2144075,7
TNG50-1,67,0.5,2,-0.03938341,-0.00615732,1.07242481,1.2144075,8
TNG50-1,67,0.5,2,-0.02397955,-0.10253164,1.07242481,1.2144075,9
TNG50-1,67,0.5,131715,-0.00697014,0.04047728,1.0246736,-1.26435059,0
TNG50-1,67,0.5,131715,-0.02001772,0.00727533,1.0246736,-1.26435059,1
TNG50-1,67,0.5,131715,-0.04667302,0.00463949,1.0246736,-1.26435059,2
TNG50-1,67,0.5,131715,-0.03760492,0.02681313,1.0246736,-1.26435059,3
TNG50-1,67,0.5,131715,-0.02051173,-0.02982067,1.0246736,-1.26435059,4
TNG50-1,67,0.5,131715,0.04962291,0.06819433,1.0246736,-1.26435059,5
TNG50-1,67,0.5,131715,0.05460302,-8.723e-05,1.0246736,-1.26435059,6
TNG50-1,67,0.5,131715,-0.04640626,-0.04279562,1.0246736,-1.26435059,7
TNG50-1,67,0.5,131715,-0.02590387,-0.01148201,1.0246736,-1.26435059,8
TNG50-1,67,0.5,131715,-0.0246295,0.06159642,1.0246736,-1.26435059,9
TNG50-1,67,0.5,244815,0.01836015,0.01236514,0.78789917,0.36865679,0
TNG50-1,67,0.5,244815,0.09641665,-0.00920389,0.78789917,0.36865679,1
TNG50-1,67,0.5,244815,0.01258061,-0.01957634,0.78789917,0.36865679,2
TNG50-1,67,0.5,244815,0.04506384,0.06479822,0.78789917,0.36865679,3
TNG50-1,67,0.5,244815,0.03466359,-0.03665731,0.78789917,0.36865679,4
TNG50-1,67,0.5,244815,0.01535248,-0.06973845,0.78789917,0.36865679,5
TNG50-1,67,0.5,244815,0.00932394,0.03978581,0.78789917,0.36865679,6
TNG50-1,67,0.5,244815,0.02736578,-0.07101969,0.78789917,0.36865679,7
TNG50-1,67,0.5,244815,0.03816413,-0.09639715,0.78789917,0.36865679,8
TNG50-1,67,0.5,244815,-0.0676082,0.04541338,0.78789917,0.36865679,9
TNG50-1,67,0.5,146970,-0.06434218,0.04738559,0.68289172,-0.89356097,0
TNG50-1,67,0.5,146970,-0.01578866,0.03610356,0.68289172,-0.89356097,1
TNG50-1,67,0.5,146970,-0.05457647,0.04243548,0.68289172,-0.89356097,2
TNG50-1,67,0.5,146970,0.03723007,-0.01157896,0.68289172,-0.89356097,3
TNG50-1,67,0.5,146970,-0.07025583,-0.01022965,0.68289172,-0.89356097,4
TNG50-1,67,0.5,146970,-0.04643274,-0.03240406,0.68289172,-0.89356097,5
TNG50-1,67,0.5,146970,0.02671571,0.00838646,0.68289172,-0.89356097,6
TNG50-1,67,0.5,146970,-0.03146873,-0.02639492,0.68289172,-0.89356097,7
TNG50-1,67,0.5,146970,-0.04641953,-0.02165331,0.68289172,-0.89356097,8
TNG50-1,67,0.5,146970,0.04533597,0.02999502,0.68289172,-0.89356097,9
TNG50-1,67,0.5,160812,-0.0529744,0.01210315,0.93291,-0.18252316,0
TNG50-1,67,0.5,160812,0.01659269,-0.02821656,0.93291,-0.18252316,1
TNG50-1,67,0.5,160812,0.05985677,-0.02835085,0.93291,-0.18252316,2
TNG50-1,67,0.5,160812,-0.01139707,0.07615475,0.93291,-0.18252316,3
TNG50-1,67,0.5,160812,-0.04337971,-0.07045433,0.93291,-0.18252316,4
TNG50-1,67,0.5,160812,-0.008879,0.02426831,0.93291,-0.18252316,5
TNG50-1,67,0.5,160812,0.04273066,0.08656622,0.93291,-0.18252316,6
TNG50-1,67,0.5,160812,-0.06131594,0.0342761,0.93291,-0.18252316,7
TNG50-1,67,0.5,160812,0.02892791,-0.06655485,0.93291,-0.18252316,8
TNG50-1,67,0.5,160812,-0.03390072,-0.06407903,0.93291,-0.18252316,9
TNG50-1,67,0.5,222322,-0.03758127,-0.05665701,1.12923249,-0.80275282,0
TNG50-1,67,0.5,222322,0.0078954,0.03177723,1.12923249,-0.80275282,1
TNG50-1,67,0.5,222322,0.01129713,-0.00206708,1.12923249,-0.80275282,2
TNG50-1,67,0.5,222322,-0.06358483,-0.04481133,1.12923249,-0.80275282,3
TNG50-1,67,0.5,222322,-0.04363787,-0.01813978,1.12923249,-0.80275282,4
TNG50-1,67,0.5,222322,-0.04057412,-0.03957552,1.12923249,-0.80275282,5
TNG50-1,67,0.5,222322,-0.00903734,0.01479456,1.12923249,-0.80275282,6
TNG50-1,67,0.5,222322,0.09923477,0.13421883,1.12923249,-0.80275282,7
TNG50-1,67,0.5,222322,-0.04665935,0.02754322,1.12923249,-0.80275282,8
TNG50-1,67,0.5,222322,-0.04884789,-0.00464943,1.12923249,-0.80275282,9
TNG50-1,67,0.5,261417,-0.03324877,-0.04774423,1.31354822,1.20263099,0
TNG50-1,67,0.5,261417,-0.06717,-0.00727683,1.31354822,1.20263099,1
TNG50-1,67,0.5,261417,0.03668449,0.04210253,1.31354822,1.20263099,2
TNG50-1,67,0.5,261417,0.03396771,-0.02540676,1.31354822,1.20263099,3
TNG50-1,67,0.5,261417,-0.02330505,0.02198707,1.31354822,1.20263099,4
TNG50-1,67,0.5,261417,0.0606667,-0.05413679,1.31354822,1.20263099,5
TNG50-1,67,0.5,261417,0.00105535,0.03900292,1.31354822,1.20263099,6
TNG50-1,67,0.5,261417,0.03873804,0.01564707,1.31354822,1.20263099,7
TNG50-1,67,0.5,261417,0.01480985,-0.06010554,1.31354822,1.20263099,8
TNG50-1,67,0.5,261417,-0.00885679,-0.01120073,1.31354822,1.20263099,9
TNG50-1,67,0.5,268469,-0.02431319,-0.01103082,1.29708804,-0.16954635,0
TNG50-1,67,0.5,268469,-0.07352552,0.02709921,1.29708804,-0.16954635,1
TNG50-1,67,0.5,268469,-0.01335394,-0.00905627,1.29708804,-0.16954635,2
TNG50-1,67,0.5,268469,0.00729994,0.03585002,1.29708804,-0.16954635,3
TNG50-1,67,0.5,268469,0.08577105,-0.0798629,1.29708804,-0.16954635,4
TNG50-1,67,0.5,268469,0.02641602,0.08020911,1.29708804,-0.16954635,5
TNG50-1,67,0.5,268469,-0.0432427,-0.05562417,1.29708804,-0.16954635,6
TNG50-1,67,0.5,268469,-0.07196841,0.03968662,1.29708804,-0.16954635,7
TNG50-1,67,0.5,268469,-0.0103276,-0.0136092,1.29708804,-0.16954635,8
TNG50-1,67,0.5,268469,0.04058822,-0.0057914,1.29708804,-0.16954635,9
TNG50-1,67,0.5,232227,-0.07206656,0.07893559,0.39255217,0.72767773,0
TNG50-1,67,0.5,232227,0.00376012,-0.01359629,0.39255217,0.72767773,1
TNG50-1,67,0.5,232227,0.01277016,0.02754201,0.39255217,0.72767773,2
TNG50-1,67,0.5,232227,-0.01353552,0.0439076,0.39255217,0.72767773,3
TNG50-1,67,0.5,232227,0.01208556,-0.00983138,0.39255217,0.72767773,4
TNG50-1,67,0.5,232227,0.02084506,0.05742039,0.39255217,0.72767773,5
TNG50-1,67,0.5,232227,0.0128431,0.06010869,0.39255217,0.72767773,6
TNG50-1,67,0.5,232227,-0.06007651,0.06901924,0.39255217,0.72767773,7
TNG50-1,67,0.5,232227,-0.01266322,0.02292161,0.39255217,0.72767773,8
TNG50-1,67,0.5,232227,0.02049215,0.11800686,0.39255217,0.72767773,9
TNG50-1,67,0.5,266535,0.01379911,0.08113654,0.83198418,-1.51972311,0
TNG50-1,67,0.5,266535,-0.06733057,-0.03479103,0.83198418,-1.51972311,1
TNG50-1,67,0.5,266535,-0.05156647,0.00965549,0.83198418,-1.51972311,2
TNG50-1,67,0.5,266535,0.00861484,-0.01771477,0.83198418,-1.51972311,3
TNG50-1,67,0.5,266535,0.00497013,0.02939805,0.83198418,-1.51972311,4
TNG50-1,67,0.5,266535,-0.03542814,-0.03907939,0.83198418,-1.51972311,5
TNG50-1,67,0.5,266535,-0.03971881,0.09636989,0.83198418,-1.51972311,6
TNG50-1,67,0.5,266535,-0.00448896,-0.08453062,0.83198418,-1.51972311,7
TNG50-1,67,0.5,266535,0.04430755,0.08577401,0.83198418,-1.51972311,8
TNG50-1,67,0.5,266535,-0.00382429,0.00449942,0.83198418,-1.51972311,9
TNG50-1,67,0.5,256225,0.02762123,-0.04466447,0.9994344,1.45774204,0
TNG50-1,67,0.5,256225,0.06672625,-0.01116435,0.9994344,1.45774204,1
TNG50-1,67,0.5,256225,0.04288307,-0.09776392,0.9994344,1.45774204,2
TNG50-1,67,0.5,256225,-0.03650134,-0.02076222,0.9994344,1.45774204,3
TNG50-1,67,0.5,256225,0.03000448,-0.01314636,0.9994344,1.45774204,4
TNG50-1,67,0.5,256225,0.0933737,-0.05372068,0.9994344,1.45774204,5
TNG50-1,67,0.5,256225,-0.04436459,0.03739226,0.9994344,1.45774204,6
TNG50-1,67,0.5,256225,0.10592143,-0.01093831,0.9994344,1.45774204,7
TNG50-1,67,0.5,256225,0.01928512,-0.03178973,0.9994344,1.45774204,8
TNG50-1,67,0.5,256225,-0.02166139,-0.0162667,0.9994344,1.45774204,9
TNG50-1,67,0.5,262786,-0.02556416,0.05127792,1.18949788,0.70233242,0
TNG50-1,67,0.5,262786,-0.05058644,-0.08379209,1.18949788,0.70233242,1
TNG50-1,67,0.5,262786,-0.0083181,-0.05714322,1.18949788,0.70233242,2
TNG50-1,67,0.5,262786,-0.01245421,-0.01236543,1.18949788,0.70233242,3
TNG50-1,67,0.5,262786,-0.040386,0.06755237,1.18949788,0.70233242,4
TNG50-1,67,0.5,262786,0.1300987,-0.01872585,1.18949788,0.70233242,5
TNG50-1,67,0.5,262786,0.01593133,0.02080758,1.18949788,0.70233242,6
TNG50-1,67,0.5,262786,0.02321248,0.00138643,1.18949788,0.70233242,7
TNG50-1,67,0.5,262786,-0.02309396,0.06481292,1.18949788,0.70233242,8
TNG50-1,67,0.5,262786,-0.02888347,-0.07923615,1.18949788,0.70233242,9
TNG50-1,67,0.5,258162,0.03679816,-0.03784561,1.30160499,1.15953631,0
TNG50-1,67,0.5,258162,-0.00994495,-0.01650368,1.30160499,1.15953631,1
TNG50-1,67,0.5,258162,0.04624421,-0.09428987,1.30160499,1.15953631,2
TNG50-1,67,0.5,258162,-0.04096411,-0.0185325,1.30160499,1.15953631,3
TNG50-1,67,0.5,258162,0.00121965,0.05117933,1.30160499,1.15953631,4
TNG50-1,67,0.5,258162,-0.00512534,0.03525902,1.30160499,1.15953631,5
TNG50-1,67,0.5,258162,-0.05012177,-0.0043461,1.30160499,1.15953631,6
TNG50-1,67,0.5,258162,-0.06402065,0.01218264,1.30160499,1.15953631,7
TNG50-1,67,0.5,258162,-0.02902057,-0.04141302,1.30160499,1.15953631,8
TNG50-1,67,0.5,258162,0.00649656,0.08122193,1.30160499,1.15953631,9
TNG50-1,67,0.5,153307,0.10338813,-0.04492294,1.21792679,1.27802268,0
TNG50-1,67,0.5,153307,0.00824118,0.05700111,1.21792679,1.27802268,1
TNG50-1,67,0.5,153307,0.12953429,0.04986509,1.21792679,1.27802268,2
TNG50-1,67,0.5,153307,-0.03400912,-0.02427391,1.21792679,1.27802268,3
TNG50-1,67,0.5,153307,-0.06255396,-0.09378921,1.21792679,1.27802268,4
TNG50-1,67,0.5,153307,-0.03548119,-0.05642968,1.21792679,1.27802268,5
TNG50-1,67,0.5,153307,-0.01097451,0.08606219,1.21792679,1.27802268,6
TNG50-1,67,0.5,153307,0.11560333,0.03444039,1.21792679,1.27802268,7
TNG50-1,67,0.5,153307,-0.01405796,0.00327307,1.21792679,1.27802268,8
TNG50-1,67,0.5,153307,-0.04298279,0.09344166,1.21792679,1.27802268,9
TNG50-1,67,0.5,279682,-0.00602633,0.07044741,1.05288648,0.34858697,0
TNG50-1,67,0.5,279682,0.00539146,-0.05698886,1.05288648,0.34858697,1
TNG50-1,67,0.5,279682,-0.01756915,0.03604115,1.05288648,0.34858697,2
TNG50-1,67,0.5,279682,-0.09094457,0.00235276,1.05288648,0.34858697,3
TNG50-1,67,0.5,279682,-0.02904397,0.01224053,1.05288648,0.34858697,4
TNG50-1,67,0.5,279682,0.03517594,-0.03661781,1.05288648,0.34858697,5
TNG50-1,67,0.5,279682,-0.01044498,-0.01758887,1.05288648,0.34858697,6
TNG50-1,67,0.5,279682,-0.01637203,-0.00028601,1.05288648,0.34858697,7
TNG50-1,67,0.5,279682,-0.04653883,-0.02603335,1.05288648,0.34858697,8
TNG50-1,67,0.5,279682,-0.03050257,0.01657161,1.05288648,0.34858697,9
TNG50-1,67,0.5,314577,0.07370039,-0.02129394,1.39918611,-0.73104965,0
TNG50-1,67,0.5,314577,-0.00383265,-0.07293653,1.39918611,-0.73104965,1
TNG50-1,67,0.5,314577,0.00795287,-0.07728998,1.39918611,-0.73104965,2
TNG50-1,67,0.5,314577,-0.02712619,0.15133258,1.39918611,-0.73104965,3
TNG50-1,67,0.5,314577,-0.02263512,0.07390867,1.39918611,-0.73104965,4
TNG50-1,67,0.5,314577,-0.03935479,0.06700913,1.39918611,-0.73104965,5
TNG50-1,67,0.5,314577,0.02355754,-0.03373034,1.39918611,-0.73104965,6
TNG50-1,67,0.5,314577,-0.004869,0.00047549,1.39918611,-0.73104965,7
TNG50-1,67,0.5,314577,0.02175027,-0.04076814,1.39918611,-0.73104965,8
TNG50-1,67,0.5,314577,0.01697192,-0.0656041,1.39918611,-0.73104965,9
TNG50-1,67,0.5,251705,0.09517301,-0.04262959,1.11903537,0.88253304,0
TNG50-1,67,0.5,251705,0.02015773,0.06390775,1.11903537,0.88253304,1
TNG50-1,67,0.5,251705,-0.0024879,0.08158602,1.11903537,0.88253304,2
TNG50-1,67,0.5,251705,-0.07503026,0.00979464,1.11903537,0.88253304,3
TNG50-1,67,0.5,251705,0.00023344,-0.01515402,1.11903537,0.88253304,4
TNG50-1,67,0.5,251705,0.09460919,0.07743552,1.11903537,0.88253304,5
TNG50-1,67,0.5,251705,0.07788184,-0.04892868,1.11903537,0.88253304,6
TNG50-1,67,0.5,251705,0.01371193,0.00259117,1.11903537,0.88253304,7
TNG50-1,67,0.5,251705,-0.05743342,0.0231483,1.11903537,0.88253304,8
TNG50-1,67,0.5,251705,-0.04785827,-0.04314003,1.11903537,0.88253304,9
TNG50-1,67,0.5,273179,-0.03179571,0.02066164,0.9093943,0.81980796,0
TNG50-1,67,0.5,273179,-0.03568688,-0.02026565,0.9093943,0.81980796,1
TNG50-1,67,0.5,273179,0.07083634,-0.0094794,0.9093943,0.81980796,2
TNG50-1,67,0.5,273179,0.09571836,-0.00927272,0.9093943,0.81980796,3
TNG50-1,67,0.5,273179,0.00573963,-0.01587817,0.9093943,0.81980796,4
TNG50-1,67,0.5,273179,-0.01341093,-0.02207239,0.9093943,0.81980796,5
TNG50-1,67,0.5,273179,-0.02999205,0.03810983,0.9093943,0.81980796,6
TNG50-1,67,0.5,273179,8.732e-05,-0.0885368,0.9093943,0.81980796,7
TNG50-1,67,0.5,273179,-0.02751109,0.07871399,0.9093943,0.81980796,8
TNG50-1,67,0.5,273179,-0.00485151,0.00677647,0.9093943,0.81980796,9
TNG50-1,67,0.5,225712,0.03050088,-0.01927836,1.21358167,-0.57718793,0
TNG50-1,67,0.5,225712,0.03625389,0.05835687,1.21358167,-0.57718793,1
TNG50-1,67,0.5,225712,-0.03540296,-0.00854856,1.21358167,-0.57718793,2
TNG50-1,67,0.5,225712,-0.04571793,-0.04145718,1.21358167,-0.57718793,3
TNG50-1,67,0.5,225712,-0.05161346,-0.03284216,1.21358167,-0.57718793,4
TNG50-1,67,0.5,225712,-0.0123534,-0.15140113,1.21358167,-0.57718793,5
TNG50-1,67,0.5,225712,0.03496023,-0.0505901,1.21358167,-0.57718793,6
TNG50-1,67,0.5,225712,-0.0291881,0.05286207,1.21358167,-0.57718793,7
TNG50-1,67,0.5,225712,0.03039658,-0.02913014,1.21358167,-0.57718793,8
TNG50-1,67,0.5,225712,-0.11839606,-0.02322722,1.21358167,-0.57718793,9
TNG50-1,67,0.5,190043,-0.11659061,0.02863043,1.38004634,-0.92595349,0
TNG50-1,67,0.5,190043,-0.08154189,0.02959287,1.38004634,-0.92595349,1
TNG50-1,67,0.5,190043,0.05950246,0.04376187,1.38004634,-0.92595349,2
TNG50-1,67,0.5,190043,0.0308647,-0.07767786,1.38004634,-0.92595349,3
TNG50-1,67,0.5,190043,-0.06487195,0.0028951,1.38004634,-0.92595349,4
TNG50-1,67,0.5,190043,-0.03152862,-0.01342257,1.38004634,-0.92595349,5
TNG50-1,67,0.5,190043,-0.00145862,-0.00436103,1.38004634,-0.92595349,6
TNG50-1,67,0.5,190043,-0.05980639,-0.01058908,1.38004634,-0.92595349,7
TNG50-1,67,0.5,190043,-0.10020719,-0.03302241,1.38004634,-0.92595349,8
TNG50-1,67,0.5,190043,-0.00796052,-0.15088952,1.38004634,-0.92595349,9
TNG50-1,67,0.5,264305,0.05809145,0.05658724,0.3693341,-0.14572536,0
TNG50-1,67,0.5,264305,0.01649951,-0.00894407,0.3693341,-0.14572536,1
TNG50-1,67,0.5,264305,-0.07421449,-0.00737432,0.3693341,-0.14572536,2
TNG50-1,67,0.5,264305,0.02365658,0.03462321,0.3693341,-0.14572536,3
TNG50-1,67,0.5,264305,-0.02236524,-0.03337934,0.3693341,-0.14572536,4
TNG50-1,67,0.5,264305,-0.02094862,-0.02340766,0.3693341,-0.14572536,5
TNG50-1,67,0.5,264305,-0.03842073,0.01528576,0.3693341,-0.14572536,6
TNG50-1,67,0.5,264305,0.02684652,-0.07706888,0.3693341,-0.14572536,7
TNG50-1,67,0.5,264305,-0.03999118,0.01105495,0.3693341,-0.14572536,8
TNG50-1,67,0.5,264305,-0.05484173,-0.03778557,0.3693341,-0.14572536,9
TNG50-1,67,0.5,207315,0.04277363,0.01845266,1.31014753,0.14706882,0
TNG50-1,67,0.5,207315,0.02733317,-0.01769079,1.31014753,0.14706882,1
TNG50-1,67,0.5,207315,0.02072742,-0.04543717,1.31014753,0.14706882,2
TNG50-1,67,0.5,207315,-0.08034793,-0.0542127,1.31014753,0.14706882,3
TNG50-1,67,0.5,207315,-0.00516977,0.01000779,1.31014753,0.14706882,4
TNG50-1,67,0.5,207315,-0.05886333,-0.01718162,1.31014753,0.14706882,5
TNG50-1,67,0.5,207315,-0.0018432,0.07733236,1.31014753,0.14706882,6
TNG50-1,67,0.5,207315,-0.11576398,-0.00923819,1.31014753,0.14706882,7
TNG50-1,67,0.5,207315,-0.07704161,0.00293602,1.31014753,0.14706882,8
TNG50-1,67,0.5,207315,0.05945168,-0.06942517,1.31014753,0.14706882,9
TNG50-1,67,0.5,184179,-0.04921709,-0.08623712,0.26573895,1.3070858,0
TNG50-1,67,0.5,184179,0.05737902,-0.0408975,0.26573895,1.3070858,1
TNG50-1,67,0.5,184179,-0.02045758,-0.0127975,0.26573895,1.3070858,2
TNG50-1,67,0.5,184179,-0.06818819,0.11305868,0.26573895,1.3070858,3
TNG50-1,67,0.5,184179,0.04268564,0.08990012,0.26573895,1.3070858,4
TNG50-1,67,0.5,184179,-0.02077869,0.06443454,0.26573895,1.3070858,5
TNG50-1,67,0.5,184179,0.03267098,-0.0397062,0.26573895,1.3070858,6
TNG50-1,67,0.5,184179,0.0467783,-0.03387574,0.26573895,1.3070858,7
TNG50-1,67,0.5,184179,0.01372318,-0.041428,0.26573895,1.3070858,8
TNG50-1,67,0.5,184179,0.11979537,-0.03917134,0.26573895,1.3070858,9
TNG50-1,67,0.5,323513,0.07463523,0.01127909,0.8361384,1.10038174,0
TNG50-1,67,0.5,323513,-0.01218836,0.01106067,0.8361384,1.10038174,1
TNG50-1,67,0.5,323513,-0.00557491,-0.01099103,0.8361384,1.10038174,2
TNG50-1,67,0.5,323513,0.03871934,0.01853422,0.8361384,1.10038174,3
TNG50-1,67,0.5,323513,-0.0831764,-0.04343073,0.8361384,1.10038174,4
TNG50-1,67,0.5,323513,0.00263229,0.03407929,0.8361384,1.10038174,5
TNG50-1,67,0.5,323513,-0.05484359,-0.01030995,0.8361384,1.10038174,6
TNG50-1,67,0.5,323513,-0.01472075,-0.02418318,0.8361384,1.10038174,7
TNG50-1,67,0.5,323513,-0.02932103,-0.03973794,0.8361384,1.10038174,8
TNG50-1,67,0.5,323513,-0.03189904,-0.01206987,0.8361384,1.10038174,9
TNG50-1,67,0.5,115153,0.09353196,-0.05246303,0.84415553,1.4595249,0
TNG50-1,67,0.5,115153,-0.00316569,-0.01464532,0.84415553,1.4595249,1
TNG50-1,67,0.5,115153,-0.05722018,0.06999979,0.84415553,1.4595249,2
TNG50-1,67,0.5,115153,0.04594095,0.00840871,0.84415553,1.4595249,3
TNG50-1,67,0.5,115153,-0.02359642,0.1135733,0.84415553,1.4595249,4
TNG50-1,67,0.5,115153,0.01418795,-0.01345702,0.84415553,1.4595249,5
TNG50-1,67,0.5,115153,-0.03028303,0.01285214,0.84415553,1.4595249,6
TNG50-1,67,0.5,115153,0.06403867,0.09525746,0.84415553,1.4595249,7
TNG50-1,67,0.5,115153,-0.02953799,-0.07569616,0.84415553,1.4595249,8
TNG50-1,67,0.5,115153,0.0698929,-0.0818875,0.84415553,1.4595249,9
TNG50-1,67,0.5,285387,-0.05508849,0.05503809,1.22893841,-0.34470767,0
TNG50-1,67,0.5,285387,0.11306824,-0.02437361,1.22893841,-0.34470767,1
TNG50-1,67,0.5,285387,-0.03066025,0.00424042,1.22893841,-0.34470767,2
TNG50-1,67,0.5,285387,0.08602526,0.06241943,1.22893841,-0.34470767,3
TNG50-1,67,0.5,285387,-0.00922369,-0.03526278,1.22893841,-0.34470767,4
TNG50-1,67,0.5,285387,0.07903734,0.02862705,1.22893841,-0.34470767,5
TNG50-1,67,0.5,285387,-0.03674343,-0.01095801,1.22893841,-0.34470767,6
TNG50-1,67,0.5,285387,0.00094182,0.01029371,1.22893841,-0.34470767,7
TNG50-1,67,0.5,285387,0.04023747,0.00422751,1.22893841,-0.34470767,8
TNG50-1,67,0.5,285387,0.03310386,-0.03941416,1.22893841,-0.34470767,9
TNG50-1,67,0.5,289152,-0.09190672,0.01471218,0.39142373,-0.95686758,0
TNG50-1,67,0.5,289152,0.05036849,-0.0752775,0.39142373,-0.95686758,1
TNG50-1,67,0.5,289152,-0.06392801,0.07810688,0.39142373,-0.95686758,2
TNG50-1,67,0.5,289152,-0.00978877,-0.07012824,0.39142373,-0.95686758,3
TNG50-1,67,0.5,289152,0.01030615,-0.01732199,0.39142373,-0.95686758,4
TNG50-1,67,0.5,289152,0.01927327,-0.06594371,0.39142373,-0.95686758,5
TNG50-1,67,0.5,289152,0.04242005,-0.03650831,0.39142373,-0.95686758,6
TNG50-1,67,0.5,289152,0.02904257,0.00067142,0.39142373,-0.95686758,7
TNG50-1,67,0.5,289152,0.02749463,-0.0264379,0.39142373,-0.95686758,8
TNG50-1,67,0.5,289152,-0.03953759,0.05721231,0.39142373,-0.95686758,9
TNG50-1,67,0.5,331991,-0.06971296,-0.02616859,0.21161877,0.81944938,0
TNG50-1,67,0.5,331991,0.02745117,-0.14302197,0.21161877,0.81944938,1
TNG50-1,67,0.5,331991,0.01431184,0.05343471,0.21161877,0.81944938,2
TNG50-1,67,0.5,331991,0.00527688,0.03933027,0.21161877,0.81944938,3
TNG50-1,67,0.5,331991,0.01353659,-0.0271914,0.21161877,0.81944938,4
TNG50-1,67,0.5,331991,-0.03094596,-0.07158538,0.21161877,0.81944938,5
TNG50-1,67,0.5,331991,0.00919962,-0.05776337,0.21161877,0.81944938,6
TNG50-1,67,0.5,331991,0.12692528,0.02221989,0.21161877,0.81944938,7
TNG50-1,67,0.5,331991,0.05872836,-0.00446704,0.21161877,0.81944938,8
TNG50-1,67,0.5,331991,-0.01442042,0.0345796,0.21161877,0.81944938,9
TNG50-1,67,0.5,335792,0.03361709,-0.05968103,0.30426357,-0.52943903,0
TNG50-1,67,0.5,335792,-0.03290934,-0.09040958,0.30426357,-0.52943903,1
TNG50-1,67,0.5,335792,-0.01678001,0.03159652,0.30426357,-0.52943903,2
TNG50-1,67,0.5,335792,-0.05264856,-0.03465409,0.30426357,-0.52943903,3
TNG50-1,67,0.5,335792,0.00363839,-0.02445902,0.30426357,-0.52943903,4
TNG50-1,67,0.5,335792,0.05325892,-0.01082987,0.30426357,-0.52943903,5
TNG50-1,67,0.5,335792,0.04663691,0.01912853,0.30426357,-0.52943903,6
TNG50-1,67,0.5,335792,0.07930948,-0.07426605,0.30426357,-0.52943903,7
TNG50-1,67,0.5,335792,0.08639797,-0.06294317,0.30426357,-0.52943903,8
TNG50-1,67,0.5,335792,-0.10229371,6.481e-05,0.30426357,-0.52943903,9
TNG50-1,67,0.5,222323,0.03847972,0.03978053,0.40884893,-0.98428574,0
TNG50-1,67,0.5,222323,0.00482457,0.05321851,0.40884893,-0.98428574,1
TNG50-1,67,0.5,222323,0.06922314,-0.03293501,0.40884893,-0.98428574,2
TNG50-1,67,0.5,222323,-0.10888438,0.13146186,0.40884893,-0.98428574,3
TNG50-1,67,0.5,222323,-0.04211167,0.00981745,0.40884893,-0.98428574,4
TNG50-1,67,0.5,222323,0.0737528,-0.10963845,0.40884893,-0.98428574,5
TNG50-1,67,0.5,222323,0.04560132,0.0190636,0.40884893,-0.98428574,6
TNG50-1,67,0.5,222323,0.02702559,-0.035993,0.40884893,-0.98428574,7
TNG50-1,67,0.5,222323,0.06166077,0.05824976,0.40884893,-0.98428574,8
TNG50-1,67,0.5,222323,-0.09582789,0.0273972,0.40884893,-0.98428574,9
TNG50-1,67,0.5,342970,-0.0298961,-0.11163827,0.88930643,1.37509217,0
TNG50-1,67,0.5,342970,0.0751226,0.01195674,0.88930643,1.37509217,1
TNG50-1,67,0.5,342970,0.04697257,-0.099445,0.88930643,1.37509217,2
TNG50-1,67,0.5,342970,-0.041396,-0.04965194,0.88930643,1.37509217,3
TNG50-1,67,0.5,342970,-0.00760225,-0.08857912,0.88930643,1.37509217,4
TNG50-1,67,0.5,342970,0.02584584,-0.08242222,0.88930643,1.37509217,5
TNG50-1,67,0.5,342970,-0.01821316,0.02131776,0.88930643,1.37509217,6
TNG50-1,67,0.5,342970,-0.01671997,-0.01111541,0.88930643,1.37509217,7
TNG50-1,67,0.5,342970,0.00183625,-0.01292002,0.88930643,1.37509217,8
TNG50-1,67,0.5,342970,-0.05328993,-0.06579509,0.88930643,1.37509217,9
TNG50-1,67,0.5,287780,0.01031031,-0.02733879,0.92471272,0.6633875,0
TNG50-1,67,0.5,287780,0.02162653,0.02887887,0.92471272,0.6633875,1
TNG50-1,67,0.5,287780,0.01280219,0.00456501,0.92471272,0.6633875,2
TNG50-1,67,0.5,287780,0.00092592,-0.05110134,0.92471272,0.6633875,3
TNG50-1,67,0.5,287780,0.10825854,0.0735504,0.92471272,0.6633875,4
TNG50-1,67,0.5,287780,-0.03745267,0.0545067,0.92471272,0.6633875,5
TNG50-1,67,0.5,287780,0.05774529,0.07930278,0.92471272,0.6633875,6
TNG50-1,67,0.5,287780,-0.00629285,0.01184823,0.92471272,0.6633875,7
TNG50-1,67,0.5,287780,-0.07402096,-0.00178665,0.92471272,0.6633875,8
TNG50-1,67,0.5,287780,-0.00941589,0.03517802,0.92471272,0.6633875,9
TNG50-1,67,0.5,317880,-0.02887375,-0.01682791,0.77334194,0.49149814,0
TNG50-1,67,0.5,317880,0.00650298,-0.03825413,0.77334194,0.49149814,1
TNG50-1,67,0.5,317880,-0.00878389,-0.04150903,0.77334194,0.49149814,2
TNG50-1,67,0.5,317880,-0.07305172,-0.02972845,0.77334194,0.49149814,3
TNG50-1,67,0.5,317880,0.00637278,-0.00982251,0.77334194,0.49149814,4
TNG50-1,67,0.5,317880,-0.02204834,0.02929358,0.77334194,0.49149814,5
TNG50-1,67,0.5,317880,-0.01212761,0.01602229,0.77334194,0.49149814,6
TNG50-1,67,0.5,317880,0.01818925,-0.05284285,0.77334194,0.49149814,7
TNG50-1,67,0.5,317880,0.06362666,0.06470802,0.77334194,0.49149814,8
TNG50-1,67,0.5,317880,-0.0424385,0.04722062,0.77334194,0.49149814,9
TNG50-1,67,0.5,313615,-0.04505928,0.02635913,1.00086667,-0.15299896,0
TNG50-1,67,0.5,313615,0.06120554,-0.01868276,1.00086667,-0.15299896,1
TNG50-1,67,0.5,313615,0.01634692,0.03889733,1.00086667,-0.15299896,2
TNG50-1,67,0.5,313615,-0.00782277,0.02408375,1.00086667,-0.15299896,3
TNG50-1,67,0.5,313615,0.017904,-0.01738321,1.00086667,-0.15299896,4
TNG50-1,67,0.5,313615,-0.00128854,0.05114941,1.00086667,-0.15299896,5
TNG50-1,67,0.5,313615,0.02725393,0.01024208,1.00086667,-0.15299896,6
TNG50-1,67,0.5,313615,0.00936578,0.00818214,1.00086667,-0.15299896,7
TNG50-1,67,0.5,313615,-0.0168713,-0.00690553,1.00086667,-0.15299896,8
TNG50-1,67,0.5,313615,-0.10129134,0.08417779,1.00086667,-0.15299896,9
TNG50-1,67,0.5,349548,-0.03566334,0.0228852,1.27079597,0.41609212,0
TNG50-1,67,0.5,349548,-0.01613373,-0.10567789,1.27079597,0.41609212,1
TNG50-1,67,0.5,349548,-0.06186676,0.04270689,1.27079597,0.41609212,2
TNG50-1,67,0.5,349548,0.03633655,0.07792639,1.27079597,0.41609212,3
TNG50-1,67,0.5,349548,-0.02910745,-0.00821119,1.27079597,0.41609212,4
TNG50-1,67,0.5,349548,-0.02350178,0.06497465,1.27079597,0.41609212,5
TNG50-1,67,0.5,349548,-0.02584683,-0.00121282,1.27079597,0.41609212,6
TNG50-1,67,0.5,349548,0.0031361,0.07996206,1.27079597,0.41609212,7
TNG50-1,67,0.5,349548,-0.06253798,-0.02281089,1.27079597,0.41609212,8
TNG50-1,67,0.5,349548,-0.11216226,-0.11824409,1.27079597,0.41609212,9
TNG50-1,67,0.5,131717,0.0150743,-0.02778107,1.37158933,-0.72064775,0
TNG50-1,67,0.5,131717,0.00207125,0.0175572,1.37158933,-0.72064775,1
TNG50-1,67,0.5,131717,0.00739353,-0.0284254,1.37158933,-0.72064775,2
TNG50-1,67,0.5,131717,0.09179445,-0.04572446,1.37158933,-0.72064775,3
TNG50-1,67,0.5,131717,0.0086337,0.03063219,1.37158933,-0.72064775,4
TNG50-1,67,0.5,131717,-0.02572243,0.06846972,1.37158933,-0.72064775,5
TNG50-1,67,0.5,131717,-0.09544995,-0.05535838,1.37158933,-0.72064775,6
TNG50-1,67,0.5,131717,-0.07169687,0.01218579,1.37158933,-0.72064775,7
TNG50-1,67,0.5,131717,-0.02335129,-0.09525023,1.37158933,-0.72064775,8
TNG50-1,67,0.5,131717,-0.00541884,-0.07372691,1.37158933,-0.72064775,9
TNG50-1,67,0.5,274916,0.04678573,-0.06550105,0.20247213,-1.06129303,0
TNG50-1,67,0.5,274916,0.04773463,-0.02506522,0.20247213,-1.06129303,1
TNG50-1,67,0.5,274916,0.07828603,-0.02310132,0.20247213,-1.06129303,2
TNG50-1,67,0.5,274916,0.00992738,0.06023715,0.20247213,-1.06129303,3
TNG50-1,67,0.5,274916,-0.00534573,-0.03041194,0.20247213,-1.06129303,4
TNG50-1,67,0.5,274916,-0.12299268,0.02262061,0.20247213,-1.06129303,5
TNG50-1,67,0.5,274916,-0.08056303,0.00978531,0.20247213,-1.06129303,6
TNG50-1,67,0.5,274916,-0.01971258,0.04516442,0.20247213,-1.06129303,7
TNG50-1,67,0.5,274916,-0.05505295,0.04251075,0.20247213,-1.06129303,8
TNG50-1,67,0.5,274916,0.04070653,-0.00167201,0.20247213,-1.06129303,9
TNG50-1,67,0.5,340055,-0.08481473,0.03321889,1.39384522,-0.52660276,0
TNG50-1,67,0.5,340055,-0.01158704,0.05242283,1.39384522,-0.52660276,1
TNG50-1,67,0.5,340055,-0.00099778,-0.05207935,1.39384522,-0.52660276,2
TNG50-1,67,0.5,340055,0.01430046,-0.03444148,1.39384522,-0.52660276,3
TNG50-1,67,0.5,340055,-0.03687776,-0.03407112,1.39384522,-0.52660276,4
TNG50-1,67,0.5,340055,0.05704506,0.00921969,1.39384522,-0.52660276,5
TNG50-1,67,0.5,340055,0.00068097,-0.00870009,1.39384522,-0.52660276,6
TNG50-1,67,0.5,340055,-0.04602487,-0.02447472,1.39384522,-0.52660276,7
TNG50-1,67,0.5,340055,-0.02291139,-0.01820348,1.39384522,-0.52660276,8
TNG50-1,67,0.5,340055,0.09642713,-0.03970176,1.39384522,-0.52660276,9
TNG50-1,67,0.5,271075,-0.00899196,-0.05199221,1.26565271,-0.53014043,0
TNG50-1,67,0.5,271075,0.05566078,-0.09350505,1.26565271,-0.53014043,1
TNG50-1,67,0.5,271075,-0.07565697,-0.00759921,1.26565271,-0.53014043,2
TNG50-1,67,0.5,271075,0.01732397,-0.06316975,1.26565271,-0.53014043,3
TNG50-1,67,0.5,271075,0.06900463,-0.00058353,1.26565271,-0.53014043,4
TNG50-1,67,0.5,271075,-0.00915935,0.05575148,1.26565271,-0.53014043,5
TNG50-1,67,0.5,271075,-0.0264438,0.09271277,1.26565271,-0.53014043,6
TNG50-1,67,0.5,271075,0.04621157,0.00467646,1.26565271,-0.53014043,7
TNG50-1,67,0.5,271075,-0.04921109,0.05096079,1.26565271,-0.53014043,8
TNG50-1,67,0.5,271075,-0.00113458,0.01994813,1.26565271,-0.53014043,9
TNG50-1,67,0.5,362619,-0.01915568,-0.02563565,0.77261036,-0.14395088,0
TNG50-1,67,0.5,362619,-0.09623882,-0.03559904,0.77261036,-0.14395088,1
TNG50-1,67,0.5,362619,0.08132462,0.0050104,0.77261036,-0.14395088,2
TNG50-1,67,0.5,362619,-0.05245511,-0.00827569,0.77261036,-0.14395088,3
TNG50-1,67,0.5,362619,0.06913855,0.05998687,0.77261036,-0.14395088,4
TNG50-1,67,0.5,362619,0.02684038,0.03697946,0.77261036,-0.14395088,5
TNG50-1,67,0.5,362619,-0.04880064,-0.08461208,0.77261036,-0.14395088,6
TNG50-1,67,0.5,362619,0.01559992,0.02293376,0.77261036,-0.14395088,7
TNG50-1,67,0.5,362619,0.10664555,-0.00895455,0.77261036,-0.14395088,8
TNG50-1,67,0.5,362619,0.07678263,0.00185541,0.77261036,-0.14395088,9
TNG50-1,67,0.5,341492,0.01244715,-0.00120309,1.35045195,-0.97257581,0
TNG50-1,67,0.5,341492,0.05993645,-0.00280691,1.35045195,-0.97257581,1
TNG50-1,67,0.5,341492,0.04888965,0.01438677,1.35045195,-0.97257581,2
TNG50-1,67,0.5,341492,-0.03748714,-0.04813625,1.35045195,-0.97257581,3
TNG50-1,67,0.5,341492,-0.0029306,-0.07125553,1.35045195,-0.97257581,4
TNG50-1,67,0.5,341492,-0.02242607,-0.06892988,1.35045195,-0.97257581,5
TNG50-1,67,0.5,341492,-0.0840923,0.06654669,1.35045195,-0.97257581,6
TNG50-1,67,0.5,341492,-0.00546853,-0.0491343,1.35045195,-0.97257581,7
TNG50-1,67,0.5,341492,0.09223772,-0.02497811,1.35045195,-0.97257581,8
TNG50-1,67,0.5,341492,-0.08560217,0.10523163,1.35045195,-0.97257581,9
TNG50-1,67,0.5,312340,-0.03671278,0.02097872,0.86616149,-0.96444527,0
TNG50-1,67,0.5,312340,0.01711998,0.03098291,0.86616149,-0.96444527,1
TNG50-1,67,0.5,312340,0.05319058,0.0340127,0.86616149,-0.96444527,2
TNG50-1,67,0.5,312340,0.05078601,-0.04231779,0.86616149,-0.96444527,3
TNG50-1,67,0.5,312340,-0.06657882,-0.02660241,0.86616149,-0.96444527,4
TNG50-1,67,0.5,312340,-0.03566762,0.01077506,0.86616149,-0.96444527,5
TNG50-1,67,0.5,312340,0.0151182,0.06311557,0.86616149,-0.96444527,6
TNG50-1,67,0.5,312340,0.09645087,-0.0119242,0.86616149,-0.96444527,7
TNG50-1,67,0.5,312340,-0.03807553,-0.0011151,0.86616149,-0.96444527,8
TNG50-1,67,0.5,312340,-0.02468065,-0.05129642,0.86616149,-0.96444527,9
TNG50-1,67,0.5,294406,0.02468526,-0.10510199,1.0862544,0.59343745,0
TNG50-1,67,0.5,294406,0.05786407,0.03186774,1.0862544,0.59343745,1
TNG50-1,67,0.5,294406,0.05108439,-0.03481237,1.0862544,0.59343745,2
TNG50-1,67,0.5,294406,-0.0056386,0.09410901,1.0862544,0.59343745,3
TNG50-1,67,0.5,294406,0.04951552,0.0126403,1.0862544,0.59343745,4
TNG50-1,67,0.5,294406,0.00870261,-0.03968977,1.0862544,0.59343745,5
TNG50-1,67,0.5,294406,0.09584634,-0.01332474,1.0862544,0.59343745,6
TNG50-1,67,0.5,294406,0.05488639,-0.03569657,1.0862544,0.59343745,7
TNG50-1,67,0.5,294406,-0.03128047,-0.01528885,1.0862544,0.59343745,8
TNG50-1,67,0.5,294406,0.11653553,-0.01643238,1.0862544,0.59343745,9
TNG50-1,67,0.5,310159,-0.03755779,0.04985339,0.74537275,1.39470103,0
TNG50-1,67,0.5,310159,0.01350319,0.13399141,0.74537275,1.39470103,1
TNG50-1,67,0.5,310159,0.01956121,0.15503236,0.74537275,1.39470103,2
TNG50-1,67,0.5,310159,-0.04981532,-0.08790513,0.74537275,1.39470103,3
TNG50-1,67,0.5,310159,-0.08291344,-0.10985693,0.74537275,1.39470103,4
TNG50-1,67,0.5,310159,0.01554782,-0.00036956,0.74537275,1.39470103,5
TNG50-1,67,0.5,310159,0.02659603,0.02521162,0.74537275,1.39470103,6
TNG50-1,67,0.5,310159,0.03651084,-0.00379425,0.74537275,1.39470103,7
TNG50-1,67,0.5,310159,0.02755872,0.03517902,0.74537275,1.39470103,8
TNG50-1,67,0.5,310159,0.07863584,-0.0135121,0.74537275,1.39470103,9
TNG50-1,67,0.5,290744,0.04025037,0.02487097,0.89417416,-1.26192565,0
TNG50-1,67,0.5,290744,-0.01501997,-0.06670512,0.89417416,-1.26192565,1
TNG50-1,67,0.5,290744,-0.02742549,0.0307251,0.89417416,-1.26192565,2
TNG50-1,67,0.5,290744,0.03581941,0.05133007,0.89417416,-1.26192565,3
TNG50-1,67,0.5,290744,-0.05647615,0.01604757,0.89417416,-1.26192565,4
TNG50-1,67,0.5,290744,0.02288345,0.03006079,0.89417416,-1.26192565,5
TNG50-1,67,0.5,290744,0.0186259,-0.00549597,0.89417416,-1.26192565,6
TNG50-1,67,0.5,290744,-0.01372948,0.04456663,0.89417416,-1.26192565,7
TNG50-1,67,0.5,290744,0.0198839,0.00326236,0.89417416,-1.26192565,8
TNG50-1,67,0.5,290744,0.00510472,-0.05739706,0.89417416,-1.26192565,9
TNG50-1,67,0.5,184181,0.04101081,0.06690898,0.48559011,-1.43584096,0
TNG50-1,67,0.5,184181,-0.08170731,0.01023913,0.48559011,-1.43584096,1
TNG50-1,67,0.5,184181,0.01413899,0.03154005,0.48559011,-1.43584096,2
TNG50-1,67,0.5,184181,-0.01921114,0.07082944,0.48559011,-1.43584096,3
TNG50-1,67,0.5,184181,-0.02240629,0.07000893,0.48559011,-1.43584096,4
TNG50-1,67,0.5,184181,0.00859944,0.02898927,0.48559011,-1.43584096,5
TNG50-1,67,0.5,184181,-0.03546441,-0.01513291,0.48559011,-1.43584096,6
TNG50-1,67,0.5,184181,0.0256103,-0.07148519,0.48559011,-1.43584096,7
TNG50-1,67,0.5,184181,0.00283983,0.01033454,0.48559011,-1.43584096,8
TNG50-1,67,0.5,184181,-0.0308647,0.05472922,0.48559011,-1.43584096,9
TNG50-1,67,0.5,361368,0.01771574,-0.00286223,0.78105894,0.69545084,0
TNG50-1,67,0.5,361368,-0.1722292,-0.00785012,0.78105894,0.69545084,1
TNG50-1,67,0.5,361368,0.04350311,-0.04127191,0.78105894,0.69545084,2
TNG50-1,67,0.5,361368,0.04657496,0.01518969,0.78105894,0.69545084,3
TNG50-1,67,0.5,361368,-0.01506111,0.06551844,0.78105894,0.69545084,4
TNG50-1,67,0.5,361368,0.04941808,0.06238709,0.78105894,0.69545084,5
TNG50-1,67,0.5,361368,0.03139827,0.03618321,0.78105894,0.69545084,6
TNG50-1,67,0.5,361368,-0.03427534,-0.08479613,0.78105894,0.69545084,7
TNG50-1,67,0.5,361368,0.06356506,-0.06679762,0.78105894,0.69545084,8
TNG50-1,67,0.5,361368,-0.06337385,0.00830846,0.78105894,0.69545084,9
TNG50-1,67,0.5,304703,-0.00171175,-0.04714129,0.98583735,0.82002346,0
TNG50-1,67,0.5,304703,-0.02490399,0.07813291,0.98583735,0.82002346,1
TNG50-1,67,0.5,304703,0.09526616,0.04010429,0.98583735,0.82002346,2
TNG50-1,67,0.5,304703,0.00529301,-0.0272076,0.98583735,0.82002346,3
TNG50-1,67,0.5,304703,0.02712064,-0.04319382,0.98583735,0.82002346,4
TNG50-1,67,0.5,304703,0.04939469,0.06924453,0.98583735,0.82002346,5
TNG50-1,67,0.5,304703,0.00274792,0.01808439,0.98583735,0.82002346,6
TNG50-1,67,0.5,304703,0.12955311,0.0705209,0.98583735,0.82002346,7
TNG50-1,67,0.5,304703,-0.04701862,-0.00300747,0.98583735,0.82002346,8
TNG50-1,67,0.5,304703,-0.03030358,0.02557677,0.98583735,0.82002346,9
TNG50-1,67,0.5,335208,0.01501138,0.04461542,1.12576934,1.07774925,0
TNG50-1,67,0.5,335208,-0.03120557,0.06942732,1.12576934,1.07774925,1
TNG50-1,67,0.5,335208,-0.00720721,0.07256434,1.12576934,1.07774925,2
TNG50-1,67,0.5,335208,-0.05921517,-0.00627998,1.12576934,1.07774925,3
TNG50-1,67,0.5,335208,0.02470534,0.01939397,1.12576934,1.07774925,4
TNG50-1,67,0.5,335208,0.03806244,0.03872826,1.12576934,1.07774925,5
TNG50-1,67,0.5,335208,0.04950806,-0.05745709,1.12576934,1.07774925,6
TNG50-1,67,0.5,335208,0.03332724,-0.05634866,1.12576934,1.07774925,7
TNG50-1,67,0.5,335208,-0.00641051,-0.06496558,1.12576934,1.07774925,8
TNG50-1,67,0.5,335208,0.07759853,-0.005405,1.12576934,1.07774925,9
TNG50-1,67,0.5,303329,-0.05187315,0.01410489,1.19378919,0.86992917,0
TNG50-1,67,0.5,303329,-0.02849467,0.06387461,1.19378919,0.86992917,1
TNG50-1,67,0.5,303329,-0.03499193,-0.0060558,1.19378919,0.86992917,2
TNG50-1,67,0.5,303329,-0.12804534,-0.08859948,1.19378919,0.86992917,3
TNG50-1,67,0.5,303329,-0.05043159,-0.02069703,1.19378919,0.86992917,4
TNG50-1,67,0.5,303329,0.08011049,0.0639631,1.19378919,0.86992917,5
TNG50-1,67,0.5,303329,0.01843001,0.01293148,1.19378919,0.86992917,6
TNG50-1,67,0.5,303329,-0.01882619,-0.0709155,1.19378919,0.86992917,7
TNG50-1,67,0.5,303329,0.01992399,0.11838146,1.19378919,0.86992917,8
TNG50-1,67,0.5,303329,-0.09767023,-0.06269043,1.19378919,0.86992917,9
TNG50-1,67,0.5,153310,-0.01283138,0.08190328,0.59151349,1.55827945,0
TNG50-1,67,0.5,153310,-0.03523267,0.03523873,0.59151349,1.55827945,1
TNG50-1,67,0.5,153310,-0.09947192,-0.00536415,0.59151349,1.55827945,2
TNG50-1,67,0.5,153310,0.01837129,0.03691394,0.59151349,1.55827945,3
TNG50-1,67,0.5,153310,0.00394965,0.00243311,0.59151349,1.55827945,4
TNG50-1,67,0.5,153310,-0.02586937,0.00225964,0.59151349,1.55827945,5
TNG50-1,67,0.5,153310,-0.05186996,0.06481819,0.59151349,1.55827945,6
TNG50-1,67,0.5,153310,0.00063812,-0.04490289,0.59151349,1.55827945,7
TNG50-1,67,0.5,153310,0.02402359,0.00116548,0.59151349,1.55827945,8
TNG50-1,67,0.5,153310,0.00488794,0.0594855,0.59151349,1.55827945,9
TNG50-1,67,0.5,232228,0.04585854,-0.02433136,0.33076544,1.12605515,0
TNG50-1,67,0.5,232228,-0.01682313,-0.00664561,0.33076544,1.12605515,1
TNG50-1,67,0.5,232228,0.06156264,0.04707154,0.33076544,1.12605515,2
TNG50-1,67,0.5,232228,-0.05235732,0.02592558,0.33076544,1.12605515,3
TNG50-1,67,0.5,232228,0.0716892,-0.05626827,0.33076544,1.12605515,4
TNG50-1,67,0.5,232228,0.023602,-0.05340482,0.33076544,1.12605515,5
TNG50-1,67,0.5,232228,-0.04842675,0.01353878,0.33076544,1.12605515,6
TNG50-1,67,0.5,232228,0.02544893,0.01715936,0.33076544,1.12605515,7
TNG50-1,67,0.5,232228,-0.03251514,-0.03372225,0.33076544,1.12605515,8
TNG50-1,67,0.5,232228,0.0016714,0.07956577,0.33076544,1.12605515,9
TNG50-1,67,0.5,237938,0.04067475,0.00291304,0.49694584,-0.99339651,0
TNG50-1,67,0.5,237938,-0.03127882,0.02013093,0.49694584,-0.99339651,1
TNG50-1,67,0.5,237938,-0.03611277,0.02970938,0.49694584,-0.99339651,2
TNG50-1,67,0.5,237938,-0.01139066,0.02438029,0.49694584,-0.99339651,3
TNG50-1,67,0.5,237938,-0.01659272,-0.03894019,0.49694584,-0.99339651,4
TNG50-1,67,0.5,237938,0.06280787,-0.03388549,0.49694584,-0.99339651,5
TNG50-1,67,0.5,237938,0.04922615,-0.01442973,0.49694584,-0.99339651,6
TNG50-1,67,0.5,237938,0.00175348,-0.03533321,0.49694584,-0.99339651,7
TNG50-1,67,0.5,237938,0.03389528,-0.07365503,0.49694584,-0.99339651,8
TNG50-1,67,0.5,237938,0.04114876,0.0337976,0.49694584,-0.99339651,9
TNG50-1,67,0.5,211992,0.01732041,-0.01630386,1.27198911,-1.56820572,0
TNG50-1,67,0.5,211992,-0.06696833,-0.00616422,1.27198911,-1.56820572,1
TNG50-1,67,0.5,211992,-0.01204584,0.01263588,1.27198911,-1.56820572,2
TNG50-1,67,0.5,211992,-0.00921429,0.07992853,1.27198911,-1.56820572,3
TNG50-1,67,0.5,211992,0.00909722,-0.07997461,1.27198911,-1.56820572,4
TNG50-1,67,0.5,211992,-0.05409612,0.04382908,1.27198911,-1.56820572,5
TNG50-1,67,0.5,211992,-0.06769971,-0.1256079,1.27198911,-1.56820572,6
TNG50-1,67,0.5,211992,0.02598622,0.06968556,1.27198911,-1.56820572,7
TNG50-1,67,0.5,211992,-0.0766981,-0.10214347,1.27198911,-1.56820572,8
TNG50-1,67,0.5,211992,-0.01163317,0.12181973,1.27198911,-1.56820572,9
TNG50-1,67,0.5,338450,0.1024573,-0.02644352,0.94035626,-0.98602418,0
TNG50-1,67,0.5,338450,-0.00941337,-0.0829418,0.94035626,-0.98602418,1
TNG50-1,67,0.5,338450,-0.05947759,-0.00669176,0.94035626,-0.98602418,2
TNG50-1,67,0.5,338450,-0.00293012,0.015539,0.94035626,-0.98602418,3
TNG50-1,67,0.5,338450,0.01321692,-0.04483163,0.94035626,-0.98602418,4
TNG50-1,67,0.5,338450,-0.06402733,0.09698501,0.94035626,-0.98602418,5
TNG50-1,67,0.5,338450,0.02010828,0.03961397,0.94035626,-0.98602418,6
TNG50-1,67,0.5,338450,0.0604458,-0.08963887,0.94035626,-0.98602418,7
TNG50-1,67,0.5,338450,0.00693356,-0.08861313,0.94035626,-0.98602418,8
TNG50-1,67,0.5,338450,-0.03985326,-0.04920119,0.94035626,-0.98602418,9
TNG50-1,67,0.5,348804,0.07865927,-0.00631728,1.11244604,-0.52857512,0
TNG50-1,67,0.5,348804,0.04454609,0.06654907,1.11244604,-0.52857512,1
TNG50-1,67,0.5,348804,0.08118561,-0.07940373,1.11244604,-0.52857512,2
TNG50-1,67,0.5,348804,0.00051046,0.13440561,1.11244604,-0.52857512,3
TNG50-1,67,0.5,348804,-0.01047447,-0.01866352,1.11244604,-0.52857512,4
TNG50-1,67,0.5,348804,-0.06237547,0.0353592,1.11244604,-0.52857512,5
TNG50-1,67,0.5,348804,0.0174842,0.04331365,1.11244604,-0.52857512,6
TNG50-1,67,0.5,348804,-0.00980841,-0.02486784,1.11244604,-0.52857512,7
TNG50-1,67,0.5,348804,-0.01173361,0.0409515,1.11244604,-0.52857512,8
TNG50-1,67,0.5,348804,0.08090254,0.04355016,1.11244604,-0.52857512,9
TNG50-1,67,0.5,153309,-0.03565723,0.01439105,1.26906537,-1.35015168,0
TNG50-1,67,0.5,153309,-0.03506501,0.05576828,1.26906537,-1.35015168,1
TNG50-1,67,0.5,153309,0.00226534,0.00998847,1.26906537,-1.35015168,2
TNG50-1,67,0.5,153309,-0.0057747,0.07291195,1.26906537,-1.35015168,3
TNG50-1,67,0.5,153309,0.0696565,0.04339699,1.26906537,-1.35015168,4
TNG50-1,67,0.5,153309,0.03513341,-0.02441647,1.26906537,-1.35015168,5
TNG50-1,67,0.5,153309,-0.00352118,-0.00700153,1.26906537,-1.35015168,6
TNG50-1,67,0.5,153309,0.0303039,0.02042108,1.26906537,-1.35015168,7
TNG50-1,67,0.5,153309,-0.10233265,-0.02243178,1.26906537,-1.35015168,8
TNG50-1,67,0.5,153309,-0.03076555,0.07656451,1.26906537,-1.35015168,9
TNG50-1,67,0.5,346643,-0.05543631,0.01996482,1.39028392,-1.39199823,0
TNG50-1,67,0.5,346643,0.01580532,0.05039287,1.39028392,-1.39199823,1
TNG50-1,67,0.5,346643,0.03677234,0.03796659,1.39028392,-1.39199823,2
TNG50-1,67,0.5,346643,-0.01567235,0.10899447,1.39028392,-1.39199823,3
TNG50-1,67,0.5,346643,-0.02693997,0.0557486,1.39028392,-1.39199823,4
TNG50-1,67,0.5,346643,-0.00380406,-0.03620398,1.39028392,-1.39199823,5
TNG50-1,67,0.5,346643,0.04059993,0.0235134,1.39028392,-1.39199823,6
TNG50-1,67,0.5,346643,-0.0249924,-0.02787444,1.39028392,-1.39199823,7
TNG50-1,67,0.5,346643,-0.05344606,-0.02270631,1.39028392,-1.39199823,8
TNG50-1,67,0.5,346643,0.05752924,-0.07062502,1.39028392,-1.39199823,9
TNG50-1,67,0.5,297999,0.05736712,-0.04636268,0.42651196,-0.59029662,0
TNG50-1,67,0.5,297999,-0.04216202,0.0068246,0.42651196,-0.59029662,1
TNG50-1,67,0.5,297999,-0.06951425,-0.04824858,0.42651196,-0.59029662,2
TNG50-1,67,0.5,297999,-0.00696526,0.0089331,0.42651196,-0.59029662,3
TNG50-1,67,0.5,297999,-0.01691707,0.07340233,0.42651196,-0.59029662,4
TNG50-1,67,0.5,297999,-0.02976138,-0.00299113,0.42651196,-0.59029662,5
TNG50-1,67,0.5,297999,-0.0594173,-0.06068082,0.42651196,-0.59029662,6
TNG50-1,67,0.5,297999,0.02595923,0.01960517,0.42651196,-0.59029662,7
TNG50-1,67,0.5,297999,0.02976318,-0.00888274,0.42651196,-0.59029662,8
TNG50-1,67,0.5,297999,-0.05328234,-0.00750785,0.42651196,-0.59029662,9
TNG50-1,67,0.5,355961,-0.07064634,0.05460932,0.29911898,1.45885198,0
TNG50-1,67,0.5,355961,-0.03713227,0.00529435,0.29911898,1.45885198,1
TNG50-1,67,0.5,355961,-0.04464832,0.00667845,0.29911898,1.45885198,2
TNG50-1,67,0.5,355961,0.01446803,-0.08274216,0.29911898,1.45885198,3
TNG50-1,67,0.5,355961,0.04057469,-0.04499534,0.29911898,1.45885198,4
TNG50-1,67,0.5,355961,-0.00642196,0.05479761,0.29911898,1.45885198,5
TNG50-1,67,0.5,355961,0.07044585,-0.10376711,0.29911898,1.45885198,6
TNG50-1,67,0.5,355961,-0.03914489,0.06714963,0.29911898,1.45885198,7
TNG50-1,67,0.5,355961,-0.00677686,0.02498322,0.29911898,1.45885198,8
TNG50-1,67,0.5,355961,-0.00254936,-0.03737607,0.29911898,1.45885198,9
TNG50-1,67,0.5,377355,-0.04160245,-0.0047807,1.31646945,-1.12289543,0
TNG50-1,67,0.5,377355,0.09479776,-0.05240109,1.31646945,-1.12289543,1
TNG50-1,67,0.5,377355,0.07057029,-0.0683186,1.31646945,-1.12289543,2
TNG50-1,67,0.5,377355,-0.00597204,0.00635589,1.31646945,-1.12289543,3
TNG50-1,67,0.5,377355,0.00672959,-0.03804476,1.31646945,-1.12289543,4
TNG50-1,67,0.5,377355,-0.03230907,0.01233016,1.31646945,-1.12289543,5
TNG50-1,67,0.5,377355,0.0067392,-0.08097515,1.31646945,-1.12289543,6
TNG50-1,67,0.5,377355,-0.03369518,0.03451251,1.31646945,-1.12289543,7
TNG50-1,67,0.5,377355,-0.00392715,-0.05300824,1.31646945,-1.12289543,8
TNG50-1,67,0.5,377355,0.09051647,0.00231486,1.31646945,-1.12289543,9
TNG50-1,67,0.5,374417,-0.01691516,0.02654966,0.86361869,0.67520461,0
TNG50-1,67,0.5,374417,0.08591945,-0.01639674,0.86361869,0.67520461,1
TNG50-1,67,0.5,374417,0.00857446,-0.00793882,0.86361869,0.67520461,2
TNG50-1,67,0.5,374417,0.0972736,0.0568831,0.86361869,0.67520461,3
TNG50-1,67,0.5,374417,0.02803712,0.06729556,0.86361869,0.67520461,4
TNG50-1,67,0.5,374417,0.0712703,-0.02964314,0.86361869,0.67520461,5
TNG50-1,67,0.5,374417,-0.01043991,-0.03718795,0.86361869,0.67520461,6
TNG50-1,67,0.5,374417,0.01727515,-0.04520669,0.86361869,0.67520461,7
TNG50-1,67,0.5,374417,0.06093218,0.04148503,0.86361869,0.67520461,8
TNG50-1,67,0.5,374417,0.045248,-0.04647375,0.86361869,0.67520461,9
TNG50-1,67,0.5,365785,0.04088017,-0.02141058,1.18285384,0.3166879,0
TNG50-1,67,0.5,365785,0.02728452,-0.04823603,1.18285384,0.3166879,1
TNG50-1,67,0.5,365785,-0.02725459,-0.07845334,1.18285384,0.3166879,2
TNG50-1,67,0.5,365785,0.07819297,0.12077231,1.18285384,0.3166879,3
TNG50-1,67,0.5,365785,-0.07311295,-0.04616909,1.18285384,0.3166879,4
TNG50-1,67,0.5,365785,0.08297663,-0.06317943,1.18285384,0.3166879,5
TNG50-1,67,0.5,365785,0.01594429,0.01339596,1.18285384,0.3166879,6
TNG50-1,67,0.5,365785,-0.10367332,-0.08189467,1.18285384,0.3166879,7
TNG50-1,67,0.5,365785,0.07959398,-0.04907742,1.18285384,0.3166879,8
TNG50-1,67,0.5,365785,0.04861063,0.04974846,1.18285384,0.3166879,9
TNG50-1,67,0.5,324869,0.02321053,0.03850587,0.91498317,0.59893544,0
TNG50-1,67,0.5,324869,-0.0193185,-0.04661816,0.91498317,0.59893544,1
TNG50-1,67,0.5,324869,0.00091533,-0.05971969,0.91498317,0.59893544,2
TNG50-1,67,0.5,324869,-0.02212353,-0.00786383,0.91498317,0.59893544,3
TNG50-1,67,0.5,324869,-0.00309989,0.10776438,0.91498317,0.59893544,4
TNG50-1,67,0.5,324869,-0.03809057,-0.05138526,0.91498317,0.59893544,5
TNG50-1,67,0.5,324869,-0.02901197,-0.00806122,0.91498317,0.59893544,6
TNG50-1,67,0.5,324869,-0.03053391,0.00443602,0.91498317,0.59893544,7
TNG50-1,67,0.5,324869,-0.03629304,-0.00543211,0.91498317,0.59893544,8
TNG50-1,67,0.5,324869,0.05219555,-0.02291049,0.91498317,0.59893544,9
TNG50-1,67,0.5,293091,0.057754,0.0423656,1.12678258,-1.26860339,0
TNG50-1,67,0.5,293091,0.02272293,0.03552176,1.12678258,-1.26860339,1
TNG50-1,67,0.5,293091,0.04229027,0.09601475,1.12678258,-1.26860339,2
TNG50-1,67,0.5,293091,0.029469,-0.04835793,1.12678258,-1.26860339,3
TNG50-1,67,0.5,293091,0.04469742,0.02789755,1.12678258,-1.26860339,4
TNG50-1,67,0.5,293091,0.07922029,-0.03405352,1.12678258,-1.26860339,5
TNG50-1,67,0.5,293091,0.0665522,0.02562726,1.12678258,-1.26860339,6
TNG50-1,67,0.5,293091,0.1162402,-0.01073733,1.12678258,-1.26860339,7
TNG50-1,67,0.5,293091,0.06086706,0.02397344,1.12678258,-1.26860339,8
TNG50-1,67,0.5,293091,-0.03347234,-0.07051691,1.12678258,-1.26860339,9
TNG50-1,67,0.5,184182,0.03966132,-0.02836399,1.15971323,-0.97841737,0
TNG50-1,67,0.5,184182,0.01030298,0.09354514,1.15971323,-0.97841737,1
TNG50-1,67,0.5,184182,0.00760964,-0.01538444,1.15971323,-0.97841737,2
TNG50-1,67,0.5,184182,0.09751141,-0.08025891,1.15971323,-0.97841737,3
TNG50-1,67,0.5,184182,-0.01912417,-0.03704219,1.15971323,-0.97841737,4
TNG50-1,67,0.5,184182,0.01711327,-0.06232937,1.15971323,-0.97841737,5
TNG50-1,67,0.5,184182,0.00501353,-0.08999827,1.15971323,-0.97841737,6
TNG50-1,67,0.5,184182,0.00990196,-0.01815075,1.15971323,-0.97841737,7
TNG50-1,67,0.5,184182,0.1110902,-0.0035108,1.15971323,-0.97841737,8
TNG50-1,67,0.5,184182,0.00319035,0.0590264,1.15971323,-0.97841737,9
TNG50-1,67,0.5,280993,0.03147008,0.01614762,0.88299633,-1.33002887,0
TNG50-1,67,0.5,280993,0.02919172,-0.02971786,0.88299633,-1.33002887,1
TNG50-1,67,0.5,280993,-0.0446605,-0.00809974,0.88299633,-1.33002887,2
TNG50-1,67,0.5,280993,0.04424666,-0.02102104,0.88299633,-1.33002887,3
TNG50-1,67,0.5,280993,0.06956164,-0.01802248,0.88299633,-1.33002887,4
TNG50-1,67,0.5,280993,0.01972854,0.03239915,0.88299633,-1.33002887,5
TNG50-1,67,0.5,280993,0.02112588,0.01397321,0.88299633,-1.33002887,6
TNG50-1,67,0.5,280993,-0.06323461,0.05019683,0.88299633,-1.33002887,7
TNG50-1,67,0.5,280993,0.05272179,0.01854513,0.88299633,-1.33002887,8
TNG50-1,67,0.5,280993,0.08904153,-0.0432044,0.88299633,-1.33002887,9
TNG50-1,67,0.5,357197,-0.03045841,-0.04829522,0.79932636,0.54030536,0
TNG50-1,67,0.5,357197,0.10665109,0.04090955,0.79932636,0.54030536,1
TNG50-1,67,0.5,357197,-0.09523244,0.03303391,0.79932636,0.54030536,2
TNG50-1,67,0.5,357197,-0.07925675,0.07142156,0.79932636,0.54030536,3
TNG50-1,67,0.5,357197,0.08765424,0.08821205,0.79932636,0.54030536,4
TNG50-1,67,0.5,357197,0.02370208,0.0165238,0.79932636,0.54030536,5
TNG50-1,67,0.5,357197,0.0170693,-0.06137745,0.79932636,0.54030536,6
TNG50-1,67,0.5,357197,0.02156377,0.08862615,0.79932636,0.54030536,7
TNG50-1,67,0.5,357197,0.02856036,-0.0509075,0.79932636,0.54030536,8
TNG50-1,67,0.5,357197,0.01498839,0.01689821,0.79932636,0.54030536,9
TNG50-1,67,0.5,184180,-0.0128367,0.09221521,1.29344686,0.66212689,0
TNG50-1,67,0.5,184180,-0.02153127,-0.01296943,1.29344686,0.66212689,1
TNG50-1,67,0.5,184180,0.03821501,-0.10627992,1.29344686,0.66212689,2
TNG50-1,67,0.5,184180,0.01222298,0.06975458,1.29344686,0.66212689,3
TNG50-1,67,0.5,184180,0.02566207,0.02246297,1.29344686,0.66212689,4
TNG50-1,67,0.5,184180,-0.04078431,-0.00655052,1.29344686,0.66212689,5
TNG50-1,67,0.5,184180,-0.00870375,-0.02186077,1.29344686,0.66212689,6
TNG50-1,67,0.5,184180,-0.03847675,-0.04734628,1.29344686,0.66212689,7
TNG50-1,67,0.5,184180,-0.00995358,0.0969024,1.29344686,0.66212689,8
TNG50-1,67,0.5,184180,-0.00593811,0.00259224,1.29344686,0.66212689,9
TNG50-1,67,0.5,178499,-0.08688756,0.0192067,0.39279967,1.52236881,0
TNG50-1,67,0.5,178499,0.016387,0.00705184,0.39279967,1.52236881,1
TNG50-1,67,0.5,178499,0.06030859,-0.02244477,0.39279967,1.52236881,2
TNG50-1,67,0.5,178499,0.00782173,-0.05102034,0.39279967,1.52236881,3
TNG50-1,67,0.5,178499,-0.04507967,-0.05319474,0.39279967,1.52236881,4
TNG50-1,67,0.5,178499,-0.04955371,0.05433169,0.39279967,1.52236881,5
TNG50-1,67,0.5,178499,-0.04586595,0.01237564,0.39279967,1.52236881,6
TNG50-1,67,0.5,178499,0.0760829,0.02393218,0.39279967,1.52236881,7
TNG50-1,67,0.5,178499,-0.0035832,0.01223794,0.39279967,1.52236881,8
TNG50-1,67,0.5,178499,-0.08393622,0.01638444,0.39279967,1.52236881,9
TNG50-1,67,0.5,322045,-0.02341973,0.06375231,0.95249178,0.55923979,0
TNG50-1,67,0.5,322045,-0.01029147,0.00293182,0.95249178,0.55923979,1
TNG50-1,67,0.5,322045,0.05824559,0.05222083,0.95249178,0.55923979,2
TNG50-1,67,0.5,322045,0.07072951,0.03941393,0.95249178,0.55923979,3
TNG50-1,67,0.5,322045,-0.0611046,-0.0631982,0.95249178,0.55923979,4
TNG50-1,67,0.5,322045,-0.01041294,0.0274987,0.95249178,0.55923979,5
TNG50-1,67,0.5,322045,0.04196427,0.05028483,0.95249178,0.55923979,6
TNG50-1,67,0.5,322045,0.09410399,-0.00100776,0.95249178,0.55923979,7
TNG50-1,67,0.5,322045,0.08909798,-0.01231582,0.95249178,0.55923979,8
TNG50-1,67,0.5,322045,-0.03978789,-0.0785832,0.95249178,0.55923979,9
TNG50-1,67,0.5,242561,0.03418088,-0.05496768,0.58472069,-1.44456219,0
TNG50-1,67,0.5,242561,0.01043742,-0.12298544,0.58472069,-1.44456219,1
TNG50-1,67,0.5,242561,-0.0461092,0.05145675,0.58472069,-1.44456219,2
TNG50-1,67,0.5,242561,-0.016292,0.02790458,0.58472069,-1.44456219,3
TNG50-1,67,0.5,242561,0.00772516,0.01053429,0.58472069,-1.44456219,4
TNG50-1,67,0.5,242561,-0.02793179,0.0431824,0.58472069,-1.44456219,5
TNG50-1,67,0.5,242561,0.00013386,0.04304492,0.58472069,-1.44456219,6
TNG50-1,67,0.5,242561,-0.08749663,0.0097219,0.58472069,-1.44456219,7
TNG50-1,67,0.5,242561,0.06747108,-0.01271071,0.58472069,-1.44456219,8
TNG50-1,67,0.5,242561,0.00079546,-0.02085708,0.58472069,-1.44456219,9
TNG50-1,67,0.5,371170,0.11059398,-0.11800193,0.49727639,0.02272684,0
TNG50-1,67,0.5,371170,-0.03818606,0.00352358,0.49727639,0.02272684,1
TNG50-1,67,0.5,371170,0.07987242,-0.03549347,0.49727639,0.02272684,2
TNG50-1,67,0.5,371170,0.07956336,-0.05376743,0.49727639,0.02272684,3
TNG50-1,67,0.5,371170,-0.01161319,0.02110958,0.49727639,0.02272684,4
TNG50-1,67,0.5,371170,0.02367777,-0.07256561,0.49727639,0.02272684,5
TNG50-1,67,0.5,371170,0.06203666,0.04030399,0.49727639,0.02272684,6
TNG50-1,67,0.5,371170,-0.00294623,0.02417997,0.49727639,0.02272684,7
TNG50-1,67,0.5,371170,-0.00681959,-0.02000966,0.49727639,0.02272684,8
TNG50-1,67,0.5,371170,-0.03136687,-0.00316551,0.49727639,0.02272684,9
TNG50-1,67,0.5,242560,-0.05951105,0.02045551,0.84055619,1.37292312,0
TNG50-1,67,0.5,242560,0.03751693,0.06289867,0.84055619,1.37292312,1
TNG50-1,67,0.5,242560,0.00936821,0.05693504,0.84055619,1.37292312,2
TNG50-1,67,0.5,242560,0.0130925,-0.02822794,0.84055619,1.37292312,3
TNG50-1,67,0.5,242560,0.02509452,-0.07443805,0.84055619,1.37292312,4
TNG50-1,67,0.5,242560,-0.03212077,-0.06586076,0.84055619,1.37292312,5
TNG50-1,67,0.5,242560,-0.07595291,-0.0155863,0.84055619,1.37292312,6
TNG50-1,67,0.5,242560,0.04786592,0.07311586,0.84055619,1.37292312,7
TNG50-1,67,0.5,242560,0.03443592,-0.03642227,0.84055619,1.37292312,8
TNG50-1,67,0.5,242560,-0.02676794,-0.02981639,0.84055619,1.37292312,9
TNG50-1,67,0.5,307254,-0.03084555,-0.0205842,1.1643467,-0.76236813,0
TNG50-1,67,0.5,307254,-0.02658654,-0.01975303,1.1643467,-0.76236813,1
TNG50-1,67,0.5,307254,-0.00056134,-0.04606489,1.1643467,-0.76236813,2
TNG50-1,67,0.5,307254,-0.06400251,-0.04549107,1.1643467,-0.76236813,3
TNG50-1,67,0.5,307254,0.054218,-3.03e-05,1.1643467,-0.76236813,4
TNG50-1,67,0.5,307254,-0.00724105,0.0010348,1.1643467,-0.76236813,5
TNG50-1,67,0.5,307254,0.12395673,-0.08011776,1.1643467,-0.76236813,6
TNG50-1,67,0.5,307254,-0.05867855,0.11467527,1.1643467,-0.76236813,7
TNG50-1,67,0.5,307254,0.07949331,-0.01297584,1.1643467,-0.76236813,8
TNG50-1,67,0.5,307254,0.06956727,0.00328061,1.1643467,-0.76236813,9
TNG50-1,67,0.5,331154,-0.03131187,-0.01206528,1.31751716,-0.02666215,0
TNG50-1,67,0.5,331154,-0.01335048,0.05015559,1.31751716,-0.02666215,1
TNG50-1,67,0.5,331154,-0.01789391,0.01613112,1.31751716,-0.02666215,2
TNG50-1,67,0.5,331154,-0.00014652,-0.00790374,1.31751716,-0.02666215,3
TNG50-1,67,0.5,331154,-0.0007295,-0.00939551,1.31751716,-0.02666215,4
TNG50-1,67,0.5,331154,0.04024332,-0.00546197,1.31751716,-0.02666215,5
TNG50-1,67,0.5,331154,0.011361,0.0015222,1.31751716,-0.02666215,6
TNG50-1,67,0.5,331154,0.03521415,-0.00281806,1.31751716,-0.02666215,7
TNG50-1,67,0.5,331154,-0.00049054,-0.02794208,1.31751716,-0.02666215,8
TNG50-1,67,0.5,331154,0.01156263,0.03824503,1.31751716,-0.02666215,9
TNG50-1,67,0.5,371626,-0.0305378,0.01564416,1.34516728,-1.38954945,0
TNG50-1,67,0.5,371626,0.01181461,-0.0524449,1.34516728,-1.38954945,1
TNG50-1,67,0.5,371626,-0.04694544,-0.05081591,1.34516728,-1.38954945,2
TNG50-1,67,0.5,371626,0.01855673,0.00076412,1.34516728,-1.38954945,3
TNG50-1,67,0.5,371626,0.12756745,0.04659977,1.34516728,-1.38954945,4
TNG50-1,67,0.5,371626,0.00635828,-0.0575495,1.34516728,-1.38954945,5
TNG50-1,67,0.5,371626,-0.02299239,0.05567047,1.34516728,-1.38954945,6
TNG50-1,67,0.5,371626,-0.01160806,-0.00458168,1.34516728,-1.38954945,7
TNG50-1,67,0.5,371626,-0.0734515,-0.04651217,1.34516728,-1.38954945,8
TNG50-1,67,0.5,371626,0.07244816,-0.02338452,1.34516728,-1.38954945,9
TNG50-1,67,0.5,359432,-0.08677688,-0.01127162,1.34985722,0.71317579,0
TNG50-1,67,0.5,359432,-0.01577768,0.0477129,1.34985722,0.71317579,1
TNG50-1,67,0.5,359432,0.02503441,-0.04442323,1.34985722,0.71317579,2
TNG50-1,67,0.5,359432,-0.02471086,-0.13083748,1.34985722,0.71317579,3
TNG50-1,67,0.5,359432,0.08913834,-0.08022715,1.34985722,0.71317579,4
TNG50-1,67,0.5,359432,0.08146876,-0.05141508,1.34985722,0.71317579,5
TNG50-1,67,0.5,359432,-0.04079651,-0.03278458,1.34985722,0.71317579,6
TNG50-1,67,0.5,359432,-0.00812,0.00935872,1.34985722,0.71317579,7
TNG50-1,67,0.5,359432,-0.03747771,-0.0539897,1.34985722,0.71317579,8
TNG50-1,67,0.5,359432,-0.00975642,-0.06055503,1.34985722,0.71317579,9
TNG50-1,67,0.5,234936,-0.04647237,0.05253484,0.90889133,1.14377368,0
TNG50-1,67,0.5,234936,-0.0557827,-0.05761851,0.90889133,1.14377368,1
TNG50-1,67,0.5,234936,-0.02772469,-0.00246833,0.90889133,1.14377368,2
TNG50-1,67,0.5,234936,-0.02986437,-0.02879455,0.90889133,1.14377368,3
TNG50-1,67,0.5,234936,0.03445284,-0.0613023,0.90889133,1.14377368,4
TNG50-1,67,0.5,234936,-0.04947647,-0.00337555,0.90889133,1.14377368,5
TNG50-1,67,0.5,234936,-0.01787983,0.08664639,0.90889133,1.14377368,6
TNG50-1,67,0.5,234936,-0.02725113,-0.04264544,0.90889133,1.14377368,7
TNG50-1,67,0.5,234936,0.04044425,-0.00637275,0.90889133,1.14377368,8
TNG50-1,67,0.5,234936,-0.00771396,-0.06561158,0.90889133,1.14377368,9
TNG50-1,67,0.5,293092,-0.07296139,0.01464219,1.26625361,-1.12060975,0
TNG50-1,67,0.5,293092,-0.03936262,-0.03911335,1.26625361,-1.12060975,1
TNG50-1,67,0.5,293092,-0.02249915,0.01707622,1.26625361,-1.12060975,2
TNG50-1,67,0.5,293092,-0.02027915,-0.07605631,1.26625361,-1.12060975,3
TNG50-1,67,0.5,293092,-0.01130125,0.04442248,1.26625361,-1.12060975,4
TNG50-1,67,0.5,293092,-0.08241663,0.01829004,1.26625361,-1.12060975,5
TNG50-1,67,0.5,293092,-0.03129731,0.00278327,1.26625361,-1.12060975,6
TNG50-1,67,0.5,293092,0.02508792,0.0562409,1.26625361,-1.12060975,7
TNG50-1,67,0.5,293092,-0.06791225,-0.01646745,1.26625361,-1.12060975,8
TNG50-1,67,0.5,293092,-0.01775728,-0.03089281,1.26625361,-1.12060975,9
TNG50-1,67,0.5,334210,0.06862721,-0.00030963,0.84402831,-0.66501683,0
TNG50-1,67,0.5,334210,0.09203829,-0.06084343,0.84402831,-0.66501683,1
TNG50-1,67,0.5,334210,-0.03467189,-0.04948263,0.84402831,-0.66501683,2
TNG50-1,67,0.5,334210,-0.00568716,-0.03262085,0.84402831,-0.66501683,3
TNG50-1,67,0.5,334210,0.05225213,0.04642599,0.84402831,-0.66501683,4
TNG50-1,67,0.5,334210,-0.00390725,0.04806791,0.84402831,-0.66501683,5
TNG50-1,67,0.5,334210,0.02972943,0.03749565,0.84402831,-0.66501683,6
TNG50-1,67,0.5,334210,0.03902018,0.02200554,0.84402831,-0.66501683,7
TNG50-1,67,0.5,334210,-0.02811523,0.02064132,0.84402831,-0.66501683,8
TNG50-1,67,0.5,334210,0.02096373,0.01387802,0.84402831,-0.66501683,9
TNG50-1,67,0.5,364391,-0.02977547,0.03515799,0.58125859,-1.48642642,0
TNG50-1,67,0.5,364391,-0.05429892,0.14244126,0.58125859,-1.48642642,1
TNG50-1,67,0.5,364391,-0.01959077,0.07267691,0.58125859,-1.48642642,2
TNG50-1,67,0.5,364391,0.01022858,0.00667567,0.58125859,-1.48642642,3
TNG50-1,67,0.5,364391,-0.09796959,0.04292172,0.58125859,-1.48642642,4
TNG50-1,67,0.5,364391,-0.03900382,-0.06848414,0.58125859,-1.48642642,5
TNG50-1,67,0.5,364391,-0.0998346,-0.07867073,0.58125859,-1.48642642,6
TNG50-1,67,0.5,364391,-0.03085374,0.00143491,0.58125859,-1.48642642,7
TNG50-1,67,0.5,364391,0.05986574,0.01993053,0.58125859,-1.48642642,8
TNG50-1,67,0.5,364391,-0.05930582,0.05472021,0.58125859,-1.48642642,9
TNG50-1,67,0.5,328098,-0.02843811,0.05139158,1.13654849,0.1678596,0
TNG50-1,67,0.5,328098,0.00966977,0.03386881,1.13654849,0.1678596,1
TNG50-1,67,0.5,328098,0.00795558,-0.05212217,1.13654849,0.1678596,2
TNG50-1,67,0.5,328098,-0.00656971,0.00498229,1.13654849,0.1678596,3
TNG50-1,67,0.5,328098,-0.00362374,-0.04557158,1.13654849,0.1678596,4
TNG50-1,67,0.5,328098,-0.04273523,0.00482774,1.13654849,0.1678596,5
TNG50-1,67,0.5,328098,0.01398537,-0.04537683,1.13654849,0.1678596,6
TNG50-1,67,0.5,328098,0.0097525,0.06385817,1.13654849,0.1678596,7
TNG50-1,67,0.5,328098,-0.02200059,0.03916657,1.13654849,0.1678596,8
TNG50-1,67,0.5,328098,0.03328871,0.05764947,1.13654849,0.1678596,9
TNG50-1,67,0.5,381701,-0.04411847,0.077634,0.79445385,0.17281978,0
TNG50-1,67,0.5,381701,-0.02269526,-0.00789074,0.79445385,0.17281978,1
TNG50-1,67,0.5,381701,0.02062116,-0.03759212,0.79445385,0.17281978,2
TNG50-1,67,0.5,381701,-0.02215346,-0.04921206,0.79445385,0.17281978,3
TNG50-1,67,0.5,381701,0.03262651,-0.05508899,0.79445385,0.17281978,4
TNG50-1,67,0.5,381701,0.05326899,0.00058452,0.79445385,0.17281978,5
TNG50-1,67,0.5,381701,0.05508796,0.04239259,0.79445385,0.17281978,6
TNG50-1,67,0.5,381701,-0.05590905,0.06532792,0.79445385,0.17281978,7
TNG50-1,67,0.5,381701,0.06929645,-0.02427786,0.79445385,0.17281978,8
TNG50-1,67,0.5,381701,0.07330361,-0.00193441,0.79445385,0.17281978,9
TNG50-1,67,0.5,378980,-0.00520938,0.01276831,1.22371077,-1.27517464,0
TNG50-1,67,0.5,378980,-0.03176401,-0.02173081,1.22371077,-1.27517464,1
TNG50-1,67,0.5,378980,0.03678748,0.01171148,1.22371077,-1.27517464,2
TNG50-1,67,0.5,378980,0.01814241,0.01722387,1.22371077,-1.27517464,3
TNG50-1,67,0.5,378980,0.00709116,0.05408918,1.22371077,-1.27517464,4
TNG50-1,67,0.5,378980,0.01791527,-0.05230778,1.22371077,-1.27517464,5
TNG50-1,67,0.5,378980,0.03077256,0.06624922,1.22371077,-1.27517464,6
TNG50-1,67,0.5,378980,0.03027185,0.00115832,1.22371077,-1.27517464,7
TNG50-1,67,0.5,378980,-0.0419245,-0.02530766,1.22371077,-1.27517464,8
TNG50-1,67,0.5,378980,0.04481643,-0.0268379,1.22371077,-1.27517464,9
TNG50-1,67,0.5,376070,-0.05006839,-0.02903137,0.27194032,-1.0860369,0
TNG50-1,67,0.5,376070,-0.08704574,-0.01129211,0.27194032,-1.0860369,1
TNG50-1,67,0.5,376070,0.03386999,-0.11910447,0.27194032,-1.0860369,2
TNG50-1,67,0.5,376070,0.09904432,-0.05717422,0.27194032,-1.0860369,3
TNG50-1,67,0.5,376070,-0.08088077,0.04741397,0.27194032,-1.0860369,4
TNG50-1,67,0.5,376070,-0.0475214,0.05959499,0.27194032,-1.0860369,5
TNG50-1,67,0.5,376070,0.03757916,0.0703083,0.27194032,-1.0860369,6
TNG50-1,67,0.5,376070,-0.00228185,0.02204347,0.27194032,-1.0860369,7
TNG50-1,67,0.5,376070,0.04172096,-0.11280344,0.27194032,-1.0860369,8
TNG50-1,67,0.5,376070,-0.00508603,-0.03175033,0.27194032,-1.0860369,9
TNG50-1,67,0.5,131716,-0.04321966,0.0865264,0.8615738,1.32807404,0
TNG50-1,67,0.5,131716,0.0129782,-0.00018598,0.8615738,1.32807404,1
TNG50-1,67,0.5,131716,0.08645766,-0.05760972,0.8615738,1.32807404,2
TNG50-1,67,0.5,131716,0.00853003,0.05769031,0.8615738,1.32807404,3
TNG50-1,67,0.5,131716,-0.07267562,0.06315123,0.8615738,1.32807404,4
TNG50-1,67,0.5,131716,-0.04233981,0.01162215,0.8615738,1.32807404,5
TNG50-1,67,0.5,131716,-0.01427029,-0.01231972,0.8615738,1.32807404,6
TNG50-1,67,0.5,131716,-0.01761176,0.03112732,0.8615738,1.32807404,7
TNG50-1,67,0.5,131716,0.00760069,-0.01055399,0.8615738,1.32807404,8
TNG50-1,67,0.5,131716,0.01562215,-0.10278545,0.8615738,1.32807404,9
TNG50-1,67,0.5,139869,0.02817371,0.03703405,1.19359087,1.30903972,0
TNG50-1,67,0.5,139869,0.04461257,0.06101438,1.19359087,1.30903972,1
TNG50-1,67,0.5,139869,0.07205436,-0.03781662,1.19359087,1.30903972,2
TNG50-1,67,0.5,139869,-0.03653792,-0.00861507,1.19359087,1.30903972,3
TNG50-1,67,0.5,139869,0.01130827,-0.02113041,1.19359087,1.30903972,4
TNG50-1,67,0.5,139869,0.01238998,-0.02828362,1.19359087,1.30903972,5
TNG50-1,67,0.5,139869,0.00426913,-0.08080157,1.19359087,1.30903972,6
TNG50-1,67,0.5,139869,0.0057428,0.00121112,1.19359087,1.30903972,7
TNG50-1,67,0.5,139869,0.0018568,0.02396602,1.19359087,1.30903972,8
TNG50-1,67,0.5,139869,0.01058747,-0.00775499,1.19359087,1.30903972,9
TNG50-1,67,0.5,333436,-0.00044789,-0.11827671,0.685602,0.46933075,0
TNG50-1,67,0.5,333436,0.02092185,0.02051113,0.685602,0.46933075,1
TNG50-1,67,0.5,333436,0.07055598,0.03017053,0.685602,0.46933075,2
TNG50-1,67,0.5,333436,-0.02098823,-0.01336676,0.685602,0.46933075,3
TNG50-1,67,0.5,333436,-0.05858061,-0.03232193,0.685602,0.46933075,4
TNG50-1,67,0.5,333436,-0.00452201,-0.02953312,0.685602,0.46933075,5
TNG50-1,67,0.5,333436,0.09417806,-0.01642842,0.685602,0.46933075,6
TNG50-1,67,0.5,333436,-0.05804503,-0.0151048,0.685602,0.46933075,7
TNG50-1,67,0.5,333436,0.03250678,-0.02453885,0.685602,0.46933075,8
TNG50-1,67,0.5,333436,0.05789566,-0.01722376,0.685602,0.46933075,9
TNG50-1,67,0.5,392041,0.05759517,-0.09972126,0.86595387,-1.55943556,0
TNG50-1,67,0.5,392041,0.05256434,-0.01755629,0.86595387,-1.55943556,1
TNG50-1,67,0.5,392041,-0.06017558,-0.12237419,0.86595387,-1.55943556,2
TNG50-1,67,0.5,392041,0.00085703,-0.05425626,0.86595387,-1.55943556,3
TNG50-1,67,0.5,392041,0.06113867,0.12792559,0.86595387,-1.55943556,4
TNG50-1,67,0.5,392041,0.01361724,-0.01900204,0.86595387,-1.55943556,5
TNG50-1,67,0.5,392041,0.027718,-0.07138936,0.86595387,-1.55943556,6
TNG50-1,67,0.5,392041,-0.06939437,0.00126489,0.86595387,-1.55943556,7
TNG50-1,67,0.5,392041,0.0959395,-0.04489019,0.86595387,-1.55943556,8
TNG50-1,67,0.5,392041,-0.03956872,0.04322596,0.86595387,-1.55943556,9
TNG50-1,67,0.5,382229,-0.03339416,-0.01955709,1.33422117,-1.22683175,0
TNG50-1,67,0.5,382229,0.02879383,-0.03265422,1.33422117,-1.22683175,1
TNG50-1,67,0.5,382229,-0.01955676,0.05124488,1.33422117,-1.22683175,2
TNG50-1,67,0.5,382229,-0.01207746,0.00577,1.33422117,-1.22683175,3
TNG50-1,67,0.5,382229,0.04100668,-0.00817765,1.33422117,-1.22683175,4
TNG50-1,67,0.5,382229,0.03740124,0.00574876,1.33422117,-1.22683175,5
TNG50-1,67,0.5,382229,-0.0082714,0.01688984,1.33422117,-1.22683175,6
TNG50-1,67,0.5,382229,-0.02358118,-0.00283446,1.33422117,-1.22683175,7
TNG50-1,67,0.5,382229,0.07995738,0.06018434,1.33422117,-1.22683175,8
TNG50-1,67,0.5,382229,0.02946654,0.06296692,1.33422117,-1.22683175,9
TNG50-1,67,0.5,376440,-0.05537543,0.02127075,0.66434293,0.91310016,0
TNG50-1,67,0.5,376440,0.07398381,-0.02911704,0.66434293,0.91310016,1
TNG50-1,67,0.5,376440,-0.04953402,0.0227979,0.66434293,0.91310016,2
TNG50-1,67,0.5,376440,-0.06432729,-0.0680392,0.66434293,0.91310016,3
TNG50-1,67,0.5,376440,0.01241693,-0.03118378,0.66434293,0.91310016,4
TNG50-1,67,0.5,376440,0.08434106,0.07157313,0.66434293,0.91310016,5
TNG50-1,67,0.5,376440,-0.00580335,0.06509963,0.66434293,0.91310016,6
TNG50-1,67,0.5,376440,-0.00193597,0.02187423,0.66434293,0.91310016,7
TNG50-1,67,0.5,376440,0.06453787,-0.09646769,0.66434293,0.91310016,8
TNG50-1,67,0.5,376440,0.04391147,-0.06041108,0.66434293,0.91310016,9
TNG50-1,67,0.5,173135,0.0675905,0.01092856,1.16400368,-1.11075352,0
TNG50-1,67,0.5,173135,-0.10036141,0.01904073,1.16400368,-1.11075352,1
TNG50-1,67,0.5,173135,0.07410345,-0.01619844,1.16400368,-1.11075352,2
TNG50-1,67,0.5,173135,-0.02722934,0.0346855,1.16400368,-1.11075352,3
TNG50-1,67,0.5,173135,-0.02674815,0.05282081,1.16400368,-1.11075352,4
TNG50-1,67,0.5,173135,-0.0177464,0.04982197,1.16400368,-1.11075352,5
TNG50-1,67,0.5,173135,0.01600421,0.02138051,1.16400368,-1.11075352,6
TNG50-1,67,0.5,173135,-0.05556271,0.04694463,1.16400368,-1.11075352,7
TNG50-1,67,0.5,173135,-0.0142407,0.04355303,1.16400368,-1.11075352,8
TNG50-1,67,0.5,173135,0.02626386,0.1338254,1.16400368,-1.11075352,9
TNG50-1,67,0.5,372099,0.06090335,-0.0067558,0.73133615,0.77880585,0
TNG50-1,67,0.5,372099,-0.00443721,-0.04212795,0.73133615,0.77880585,1
TNG50-1,67,0.5,372099,-0.04558396,-0.06291169,0.73133615,0.77880585,2
TNG50-1,67,0.5,372099,-0.01305701,-0.0318535,0.73133615,0.77880585,3
TNG50-1,67,0.5,372099,-0.01658924,-0.03807429,0.73133615,0.77880585,4
TNG50-1,67,0.5,372099,0.02557113,0.00050672,0.73133615,0.77880585,5
TNG50-1,67,0.5,372099,-0.03501281,-0.03102354,0.73133615,0.77880585,6
TNG50-1,67,0.5,372099,0.05960886,-0.02695672,0.73133615,0.77880585,7
TNG50-1,67,0.5,372099,-0.06947815,-0.00024329,0.73133615,0.77880585,8
TNG50-1,67,0.5,372099,-0.08162626,0.05071208,0.73133615,0.77880585,9
TNG50-1,67,0.5,384402,0.07353727,-0.0013142,0.35380541,-0.45615322,0
TNG50-1,67,0.5,384402,0.00738838,-0.04695865,0.35380541,-0.45615322,1
TNG50-1,67,0.5,384402,0.01127716,-0.06496833,0.35380541,-0.45615322,2
TNG50-1,67,0.5,384402,-0.00915935,0.04031612,0.35380541,-0.45615322,3
TNG50-1,67,0.5,384402,0.02406243,-0.03784629,0.35380541,-0.45615322,4
TNG50-1,67,0.5,384402,0.01951097,-0.08774502,0.35380541,-0.45615322,5
TNG50-1,67,0.5,384402,0.06629238,0.04282864,0.35380541,-0.45615322,6
TNG50-1,67,0.5,384402,-0.09443523,0.02294915,0.35380541,-0.45615322,7
TNG50-1,67,0.5,384402,-0.01172489,-0.0057937,0.35380541,-0.45615322,8
TNG50-1,67,0.5,384402,0.01695949,-0.04572758,0.35380541,-0.45615322,9
TNG50-1,67,0.5,218607,-0.00567207,0.02802162,1.32416387,-1.52997652,0
TNG50-1,67,0.5,218607,0.06077938,0.01360498,1.32416387,-1.52997652,1
TNG50-1,67,0.5,218607,-0.08073496,0.0004754,1.32416387,-1.52997652,2
TNG50-1,67,0.5,218607,-0.07819888,-0.06467793,1.32416387,-1.52997652,3
TNG50-1,67,0.5,218607,-0.03138827,-0.05139959,1.32416387,-1.52997652,4
TNG50-1,67,0.5,218607,-0.00133218,-0.06754592,1.32416387,-1.52997652,5
TNG50-1,67,0.5,218607,-0.02481459,-0.00742524,1.32416387,-1.52997652,6
TNG50-1,67,0.5,218607,0.03214083,0.0116139,1.32416387,-1.52997652,7
TNG50-1,67,0.5,218607,0.0544417,-0.07246312,1.32416387,-1.52997652,8
TNG50-1,67,0.5,218607,0.01393844,0.00362975,1.32416387,-1.52997652,9
TNG50-1,67,0.5,419738,-0.04376082,-0.08115302,1.12165596,-0.68930118,0
TNG50-1,67,0.5,419738,-0.05345997,0.06422406,1.12165596,-0.68930118,1
TNG50-1,67,0.5,419738,-0.03126747,0.0827262,1.12165596,-0.68930118,2
TNG50-1,67,0.5,419738,-0.05602382,0.03829087,1.12165596,-0.68930118,3
TNG50-1,67,0.5,419738,0.03033296,-0.01652352,1.12165596,-0.68930118,4
TNG50-1,67,0.5,419738,-0.00840022,0.0713451,1.12165596,-0.68930118,5
TNG50-1,67,0.5,419738,0.0407607,-0.01608807,1.12165596,-0.68930118,6
TNG50-1,67,0.5,419738,-0.02217482,-0.03528928,1.12165596,-0.68930118,7
TNG50-1,67,0.5,419738,-0.0202843,-0.01941342,1.12165596,-0.68930118,8
TNG50-1,67,0.5,419738,0.09366913,-0.02850969,1.12165596,-0.68930118,9
TNG50-1,67,0.5,373825,-0.04733116,0.02202068,1.20244803,-0.53218405,0
TNG50-1,67,0.5,373825,0.05550039,0.02545602,1.20244803,-0.53218405,1
TNG50-1,67,0.5,373825,-0.03867242,-0.00649586,1.20244803,-0.53218405,2
TNG50-1,67,0.5,373825,-0.00148235,-0.01678201,1.20244803,-0.53218405,3
TNG50-1,67,0.5,373825,-0.07218859,0.03955703,1.20244803,-0.53218405,4
TNG50-1,67,0.5,373825,0.00154053,-0.02815886,1.20244803,-0.53218405,5
TNG50-1,67,0.5,373825,-0.0577963,0.04172171,1.20244803,-0.53218405,6
TNG50-1,67,0.5,373825,-0.05902429,0.06179735,1.20244803,-0.53218405,7
TNG50-1,67,0.5,373825,-0.0054644,-0.04206934,1.20244803,-0.53218405,8
TNG50-1,67,0.5,373825,0.05284861,-0.03472227,1.20244803,-0.53218405,9
TNG50-1,67,0.5,242562,0.01142692,-0.06917495,0.68986741,0.97976898,0
TNG50-1,67,0.5,242562,0.00266729,-0.02309257,0.68986741,0.97976898,1
TNG50-1,67,0.5,242562,0.03587792,0.10070708,0.68986741,0.97976898,2
TNG50-1,67,0.5,242562,0.04367832,0.000854,0.68986741,0.97976898,3
TNG50-1,67,0.5,242562,0.07348647,-0.03085921,0.68986741,0.97976898,4
TNG50-1,67,0.5,242562,-0.05951715,-0.03427011,0.68986741,0.97976898,5
TNG50-1,67,0.5,242562,0.07510081,-0.06613612,0.68986741,0.97976898,6
TNG50-1,67,0.5,242562,0.09411557,0.0437288,0.68986741,0.97976898,7
TNG50-1,67,0.5,242562,-0.0183115,-0.00460344,0.68986741,0.97976898,8
TNG50-1,67,0.5,242562,-0.08342458,0.10499148,0.68986741,0.97976898,9
TNG50-1,67,0.5,115154,0.02859451,0.02080083,0.88625765,0.61434482,0
TNG50-1,67,0.5,115154,0.09490457,0.04588927,0.88625765,0.61434482,1
TNG50-1,67,0.5,115154,0.01857802,-0.0257356,0.88625765,0.61434482,2
TNG50-1,67,0.5,115154,0.03499794,-0.0395365,0.88625765,0.61434482,3
TNG50-1,67,0.5,115154,-0.0018138,0.01891859,0.88625765,0.61434482,4
TNG50-1,67,0.5,115154,-0.03871943,-0.01461708,0.88625765,0.61434482,5
TNG50-1,67,0.5,115154,-0.06040878,-0.06155142,0.88625765,0.61434482,6
TNG50-1,67,0.5,115154,0.0633462,0.09692628,0.88625765,0.61434482,7
TNG50-1,67,0.5,115154,-0.05041797,-0.03957041,0.88625765,0.61434482,8
TNG50-1,67,0.5,115154,0.03729322,-0.04968164,0.88625765,0.61434482,9
TNG50-1,67,0.5,377799,0.00158591,0.04087139,1.2823892,0.96708875,0
TNG50-1,67,0.5,377799,-0.01088701,0.06375376,1.2823892,0.96708875,1
TNG50-1,67,0.5,377799,0.05970719,0.0156546,1.2823892,0.96708875,2
TNG50-1,67,0.5,377799,-0.08690657,0.04630745,1.2823892,0.96708875,3
TNG50-1,67,0.5,377799,-0.03376604,0.02298869,1.2823892,0.96708875,4
TNG50-1,67,0.5,377799,0.06162144,0.0261112,1.2823892,0.96708875,5
TNG50-1,67,0.5,377799,0.09150246,-0.04591846,1.2823892,0.96708875,6
TNG50-1,67,0.5,377799,0.11429962,-0.01646069,1.2823892,0.96708875,7
TNG50-1,67,0.5,377799,0.00251778,-0.02613846,1.2823892,0.96708875,8
TNG50-1,67,0.5,377799,0.02289487,-0.05944477,1.2823892,0.96708875,9
TNG50-1,67,0.5,295829,0.09782109,-0.04401657,0.52286177,-0.95869568,0
TNG50-1,67,0.5,295829,0.02795792,0.05633338,0.52286177,-0.95869568,1
TNG50-1,67,0.5,295829,0.02715526,0.0631475,0.52286177,-0.95869568,2
TNG50-1,67,0.5,295829,-0.02437079,0.02645889,0.52286177,-0.95869568,3
TNG50-1,67,0.5,295829,0.04130074,0.06231824,0.52286177,-0.95869568,4
TNG50-1,67,0.5,295829,-0.03280585,0.00036685,0.52286177,-0.95869568,5
TNG50-1,67,0.5,295829,-0.07352278,0.11170873,0.52286177,-0.95869568,6
TNG50-1,67,0.5,295829,0.07631617,0.03730826,0.52286177,-0.95869568,7
TNG50-1,67,0.5,295829,-0.06245908,-0.04502758,0.52286177,-0.95869568,8
TNG50-1,67,0.5,295829,0.02194259,0.00348034,0.52286177,-0.95869568,9
TNG50-1,67,0.5,354839,0.04975787,-0.0460935,1.07449593,-0.05179971,0
TNG50-1,67,0.5,354839,-0.02179802,-0.04877365,1.07449593,-0.05179971,1
TNG50-1,67,0.5,354839,-0.03953133,0.0261956,1.07449593,-0.05179971,2
TNG50-1,67,0.5,354839,0.02652032,-0.03993335,1.07449593,-0.05179971,3
TNG50-1,67,0.5,354839,-0.07408144,-0.0301752,1.07449593,-0.05179971,4
TNG50-1,67,0.5,354839,-0.05440023,-0.09283824,1.07449593,-0.05179971,5
TNG50-1,67,0.5,354839,-0.03333782,0.0145423,1.07449593,-0.05179971,6
TNG50-1,67,0.5,354839,0.02252571,0.07706452,1.07449593,-0.05179971,7
TNG50-1,67,0.5,354839,0.01094563,-0.05146445,1.07449593,-0.05179971,8
TNG50-1,67,0.5,354839,0.05161854,0.05108518,1.07449593,-0.05179971,9
TNG50-1,67,0.5,383974,-0.00296993,-0.06339897,0.62686666,-0.1905374,0
TNG50-1,67,0.5,383974,-0.08827073,0.00477238,0.62686666,-0.1905374,1
TNG50-1,67,0.5,383974,-0.04473634,7.4e-05,0.62686666,-0.1905374,2
TNG50-1,67,0.5,383974,-0.04782337,-0.09069012,0.62686666,-0.1905374,3
TNG50-1,67,0.5,383974,-0.01582639,0.00090753,0.62686666,-0.1905374,4
TNG50-1,67,0.5,383974,0.02097571,-0.0602698,0.62686666,-0.1905374,5
TNG50-1,67,0.5,383974,0.09244614,0.00059139,0.62686666,-0.1905374,6
TNG50-1,67,0.5,383974,-0.07155729,0.06347482,0.62686666,-0.1905374,7
TNG50-1,67,0.5,383974,-0.02423887,0.0231534,0.62686666,-0.1905374,8
TNG50-1,67,0.5,383974,-0.04479904,0.00887585,0.62686666,-0.1905374,9
TNG50-1,67,0.5,296869,-0.02643829,0.00467993,1.34674236,-1.21855102,0
TNG50-1,67,0.5,296869,0.00334338,0.07394829,1.34674236,-1.21855102,1
TNG50-1,67,0.5,296869,0.02816271,0.02540097,1.34674236,-1.21855102,2
TNG50-1,67,0.5,296869,0.02320832,-0.01165638,1.34674236,-1.21855102,3
TNG50-1,67,0.5,296869,-0.00496094,-0.06098764,1.34674236,-1.21855102,4
TNG50-1,67,0.5,296869,0.01086882,0.07193666,1.34674236,-1.21855102,5
TNG50-1,67,0.5,296869,-0.06582809,0.03851587,1.34674236,-1.21855102,6
TNG50-1,67,0.5,296869,-0.03671684,0.08991557,1.34674236,-1.21855102,7
TNG50-1,67,0.5,296869,0.03537799,0.10834237,1.34674236,-1.21855102,8
TNG50-1,67,0.5,296869,0.04210165,-0.06434702,1.34674236,-1.21855102,9
TNG50-1,67,0.5,372664,-0.06421669,0.03319006,1.18570458,0.05750458,0
TNG50-1,67,0.5,372664,-0.14316,-0.00620654,1.18570458,0.05750458,1
TNG50-1,67,0.5,372664,0.04591811,0.05907409,1.18570458,0.05750458,2
TNG50-1,67,0.5,372664,0.03282413,0.0315865,1.18570458,0.05750458,3
TNG50-1,67,0.5,372664,0.00488895,-0.05934665,1.18570458,0.05750458,4
TNG50-1,67,0.5,372664,-0.06130666,0.06946102,1.18570458,0.05750458,5
TNG50-1,67,0.5,372664,-0.00445168,0.06127858,1.18570458,0.05750458,6
TNG50-1,67,0.5,372664,0.00923527,0.02327374,1.18570458,0.05750458,7
TNG50-1,67,0.5,372664,0.03913628,0.01403589,1.18570458,0.05750458,8
TNG50-1,67,0.5,372664,0.01364935,0.08293058,1.18570458,0.05750458,9
TNG50-1,67,0.5,383421,-0.0524548,-0.00934864,0.25282189,-1.05477909,0
TNG50-1,67,0.5,383421,-0.04028407,-0.03842793,0.25282189,-1.05477909,1
TNG50-1,67,0.5,383421,0.05922838,0.00031903,0.25282189,-1.05477909,2
TNG50-1,67,0.5,383421,-0.07761734,0.00776996,0.25282189,-1.05477909,3
TNG50-1,67,0.5,383421,0.02205196,0.0117329,0.25282189,-1.05477909,4
TNG50-1,67,0.5,383421,-0.01852585,-0.00619454,0.25282189,-1.05477909,5
TNG50-1,67,0.5,383421,-0.04803536,-0.03510809,0.25282189,-1.05477909,6
TNG50-1,67,0.5,383421,0.09859659,0.03217015,0.25282189,-1.05477909,7
TNG50-1,67,0.5,383421,-0.04772513,-0.00558464,0.25282189,-1.05477909,8
TNG50-1,67,0.5,383421,-0.0565051,-0.02478087,0.25282189,-1.05477909,9
TNG50-1,67,0.5,393423,0.07399968,0.03594034,0.73478158,-1.1543898,0
TNG50-1,67,0.5,393423,-0.0060656,0.01222328,0.73478158,-1.1543898,1
TNG50-1,67,0.5,393423,0.05459933,0.04127621,0.73478158,-1.1543898,2
TNG50-1,67,0.5,393423,0.06134192,-0.00585008,0.73478158,-1.1543898,3
TNG50-1,67,0.5,393423,0.06438364,0.03324126,0.73478158,-1.1543898,4
TNG50-1,67,0.5,393423,0.03455789,-0.06887535,0.73478158,-1.1543898,5
TNG50-1,67,0.5,393423,-3.167e-05,-0.05846328,0.73478158,-1.1543898,6
TNG50-1,67,0.5,393423,-0.00320208,-0.12381058,0.73478158,-1.1543898,7
TNG50-1,67,0.5,393423,-0.01220601,-0.00671746,0.73478158,-1.1543898,8
TNG50-1,67,0.5,393423,-0.10834478,-0.03862628,0.73478158,-1.1543898,9
TNG50-1,67,0.5,173134,-0.04516909,0.06510821,0.83600117,1.42662323,0
TNG50-1,67,0.5,173134,0.01673262,-0.0039715,0.83600117,1.42662323,1
TNG50-1,67,0.5,173134,-0.02127536,0.09276041,0.83600117,1.42662323,2
TNG50-1,67,0.5,173134,-0.07165455,-0.02162115,0.83600117,1.42662323,3
TNG50-1,67,0.5,173134,0.12723834,0.0213218,0.83600117,1.42662323,4
TNG50-1,67,0.5,173134,-0.00185053,0.05109901,0.83600117,1.42662323,5
TNG50-1,67,0.5,173134,-0.05415815,0.05975762,0.83600117,1.42662323,6
TNG50-1,67,0.5,173134,-0.03349177,0.06559361,0.83600117,1.42662323,7
TNG50-1,67,0.5,173134,-0.00865715,-0.01360059,0.83600117,1.42662323,8
TNG50-1,67,0.5,173134,-0.0087623,-0.00027446,0.83600117,1.42662323,9
TNG50-1,67,0.5,77280,-0.12397113,0.03111975,1.3959006,-0.67586751,0
TNG50-1,67,0.5,77280,-0.0098005,0.01442409,1.3959006,-0.67586751,1
TNG50-1,67,0.5,77280,0.05456271,0.03049897,1.3959006,-0.67586751,2
TNG50-1,67,0.5,77280,0.04484182,-0.02071856,1.3959006,-0.67586751,3
TNG50-1,67,0.5,77280,-0.00432436,-0.00290365,1.3959006,-0.67586751,4
TNG50-1,67,0.5,77280,0.08495697,-0.10892094,1.3959006,-0.67586751,5
TNG50-1,67,0.5,77280,-0.01920026,0.01881128,1.3959006,-0.67586751,6
TNG50-1,67,0.5,77280,-0.03580699,0.00494207,1.3959006,-0.67586751,7
TNG50-1,67,0.5,77280,-0.02340809,-0.05502638,1.3959006,-0.67586751,8
TNG50-1,67,0.5,77280,-0.05612325,-0.00523288,1.3959006,-0.67586751,9
