sim,snap,redshift,subhalo_id,offset,g1,g2,inclination,theta_int,draw_idx,g1_pred,g2_pred,incl_img,theta_img,vel_fill_frac,v_amp_kms,r50_light_kpc,incl_img_deg,sin2theta,cos2theta
TNG50-1,40,1.5,102573,0,0.01523585,0.0439699,0.66956198,1.53788598,0,0.0077169426,0.019931063,1.36689263,,0.8411407470703125,324.33003540039056,0.7639690318596855,78.31717874653721,,
TNG50-1,40,1.5,102573,0,-0.05199921,0.0388896,1.0959875,2.93745028,1,-0.055239223,0.019381445,1.36689263,,0.8411407470703125,324.33003540039056,0.7639690318596855,78.31717874653721,,
TNG50-1,40,1.5,102573,0,0.03752256,0.00330153,0.29662282,-1.09437155,2,0.020763956,0.00888392,1.36689263,,0.8411407470703125,324.33003540039056,0.7639690318596855,78.31717874653721,,
TNG50-1,40,1.5,102573,0,0.04702824,0.05636206,0.46575209,-0.81392567,3,0.029784389,0.01983871,1.36689263,,0.8411407470703125,324.33003540039056,0.7639690318596855,78.31717874653721,,
TNG50-1,40,1.5,102573,0,-0.09755176,0.02337547,0.64260862,-0.19128648,4,-0.07356321,0.033970084,1.36689263,,0.8411407470703125,324.33003540039056,0.7639690318596855,78.31717874653721,,
TNG50-1,40,1.5,102573,0,-0.06510898,-0.04296462,1.23698764,-1.95110899,5,-0.0313128,-0.011152241,1.36689263,,0.8411407470703125,324.33003540039056,0.7639690318596855,78.31717874653721,,
TNG50-1,40,1.5,102573,0,0.00639202,0.01843754,0.99075612,-2.32527176,6,-0.009286143,-0.016160559,1.36689263,,0.8411407470703125,324.33003540039056,0.7639690318596855,78.31717874653721,,
TNG50-1,40,1.5,102573,0,-0.01581213,-0.04794413,1.36387023,-0.15265045,7,-0.028915092,-0.016514543,1.36689263,,0.8411407470703125,324.33003540039056,0.7639690318596855,78.31717874653721,,
TNG50-1,40,1.5,102573,0,-0.00084006,0.04392252,1.27138584,-1.71587917,8,0.020182744,0.007183071,1.36689263,,0.8411407470703125,324.33003540039056,0.7639690318596855,78.31717874653721,,
TNG50-1,40,1.5,102573,0,-0.0426522,-0.0024963,0.76222015,1.0669728,9,-0.018990107,0.001951769,1.36689263,,0.8411407470703125,324.33003540039056,0.7639690318596855,78.31717874653721,,
TNG50-1,40,1.5,36235,0,0.03716271,0.01445597,0.89198976,2.220497,0,0.041214585,-0.05895609,1.27060278,,0.681396484375,504.7424011230469,1.8398810704813573,72.80017673158945,,
TNG50-1,40,1.5,36235,0,0.02715771,0.03156441,0.66048906,-1.67170751,1,0.006535832,-0.011206072,1.27060278,,0.681396484375,504.7424011230469,1.8398810704813573,72.80017673158945,,
TNG50-1,40,1.5,36235,0,-0.03327549,-0.07285779,0.81735583,-2.77526572,2,-0.00026280433,0.004395563,1.27060278,,0.681396484375,504.7424011230469,1.8398810704813573,72.80017673158945,,
TNG50-1,40,1.5,36235,0,0.01160807,-0.01598356,0.90406387,-1.37360552,3,-0.01848773,-0.025549125,1.27060278,,0.681396484375,504.7424011230469,1.8398810704813573,72.80017673158945,,
TNG50-1,40,1.5,36235,0,0.00583429,-0.02351863,0.89824909,-1.29688867,4,-0.0041010827,-0.032990422,1.27060278,,0.681396484375,504.7424011230469,1.8398810704813573,72.80017673158945,,
TNG50-1,40,1.5,36235,0,0.01093443,-0.03194389,1.14153755,1.01735147,5,-0.030028962,-0.01966511,1.27060278,,0.681396484375,504.7424011230469,1.8398810704813573,72.80017673158945,,
TNG50-1,40,1.5,36235,0,0.04357144,-0.01375711,1.37460754,0.35834358,6,0.053307608,0.02219063,1.27060278,,0.681396484375,504.7424011230469,1.8398810704813573,72.80017673158945,,
TNG50-1,40,1.5,36235,0,0.01117978,0.07474707,1.01954729,1.78378506,7,-0.027729169,-0.01935887,1.27060278,,0.681396484375,504.7424011230469,1.8398810704813573,72.80017673158945,,
TNG50-1,40,1.5,36235,0,0.03394568,-0.04329156,1.21983354,1.03241242,8,0.01826175,-0.023576442,1.27060278,,0.681396484375,504.7424011230469,1.8398810704813573,72.80017673158945,,
TNG50-1,40,1.5,36235,0,0.00337895,0.04841392,1.04613956,-0.5881887,9,0.029070046,-0.0015773699,1.27060278,,0.681396484375,504.7424011230469,1.8398810704813573,72.80017673158945,,
TNG50-1,40,1.5,127069,0,-0.03311875,0.02605836,0.39868136,2.20622177,0,-0.022108786,0.052054856,1.32402922,,0.62603759765625,373.2526519775391,2.7395319673971,75.86128625799836,,
TNG50-1,40,1.5,127069,0,0.00691207,-0.01329194,0.65104372,-2.16636066,1,-0.0023933053,0.009279188,1.32402922,,0.62603759765625,373.2526519775391,2.7395319673971,75.86128625799836,,
TNG50-1,40,1.5,127069,0,0.03800665,-0.00587711,0.74437071,1.4741678,2,0.028258294,0.013292249,1.32402922,,0.62603759765625,373.2526519775391,2.7395319673971,75.86128625799836,,
TNG50-1,40,1.5,127069,0,0.01146057,0.04147595,0.55705752,-1.92867719,3,0.027252167,0.009892937,1.32402922,,0.62603759765625,373.2526519775391,2.7395319673971,75.86128625799836,,
TNG50-1,40,1.5,127069,0,0.02650324,-0.09965302,1.36689263,-1.44036525,4,0.0063737966,0.0030799173,1.32402922,,0.62603759765625,373.2526519775391,2.7395319673971,75.86128625799836,,
TNG50-1,40,1.5,127069,0,-0.03523366,-0.06482362,1.23085612,1.31887011,5,-0.043328516,0.016255073,1.32402922,,0.62603759765625,373.2526519775391,2.7395319673971,75.86128625799836,,
TNG50-1,40,1.5,127069,0,-0.00898057,-0.07410927,1.2961903,3.01721565,6,0.05044053,-0.010815557,1.32402922,,0.62603759765625,373.2526519775391,2.7395319673971,75.86128625799836,,
TNG50-1,40,1.5,127069,0,0.0098388,-0.11668081,0.95367801,0.70084915,7,0.024701998,-0.022484798,1.32402922,,0.62603759765625,373.2526519775391,2.7395319673971,75.86128625799836,,
TNG50-1,40,1.5,127069,0,0.04102642,-0.03391322,0.68622471,-2.79915708,8,0.043086823,-0.015289683,1.32402922,,0.62603759765625,373.2526519775391,2.7395319673971,75.86128625799836,,
TNG50-1,40,1.5,127069,0,-0.01968706,0.03747169,0.82257072,0.73079081,9,0.0033638626,0.028324172,1.32402922,,0.62603759765625,373.2526519775391,2.7395319673971,75.86128625799836,,
TNG50-1,40,1.5,116691,0,0.03508318,0.05640094,1.274636,0.43487214,0,0.048184954,0.01606084,0.80110925,,0.687835693359375,258.58193817138675,2.8764697754609947,45.900178953890745,,
TNG50-1,40,1.5,116691,0,-0.05175391,-0.11403689,1.360914,0.5667143,1,0.0070163757,0.018071465,0.80110925,,0.687835693359375,258.58193817138675,2.8764697754609947,45.900178953890745,,
TNG50-1,40,1.5,116691,0,-0.00060423,-0.07483193,1.28499409,2.19556695,2,0.021181978,-0.040811088,0.80110925,,0.687835693359375,258.58193817138675,2.8764697754609947,45.900178953890745,,
TNG50-1,40,1.5,116691,0,-0.0105345,-0.04614432,0.41700696,-3.1118016,3,0.01580077,0.009118263,0.80110925,,0.687835693359375,258.58193817138675,2.8764697754609947,45.900178953890745,,
TNG50-1,40,1.5,116691,0,-0.06079455,0.07305894,1.39238282,2.22028579,4,0.013715498,-0.004012149,0.80110925,,0.687835693359375,258.58193817138675,2.8764697754609947,45.900178953890745,,
TNG50-1,40,1.5,116691,0,-0.0781739,0.01412935,1.24239873,0.74844729,5,-0.0034829304,0.029148139,0.80110925,,0.687835693359375,258.58193817138675,2.8764697754609947,45.900178953890745,,
TNG50-1,40,1.5,116691,0,0.03428745,0.03836586,1.3742229,-2.11904517,6,-0.025618806,0.029622983,0.80110925,,0.687835693359375,258.58193817138675,2.8764697754609947,45.900178953890745,,
TNG50-1,40,1.5,116691,0,-0.01754762,-0.05700805,1.30820076,1.71491619,7,-0.032665066,-0.013635162,0.80110925,,0.687835693359375,258.58193817138675,2.8764697754609947,45.900178953890745,,
TNG50-1,40,1.5,116691,0,-0.05111401,-0.05597679,0.83341779,2.23361923,8,-0.02747754,-0.052082192,0.80110925,,0.687835693359375,258.58193817138675,2.8764697754609947,45.900178953890745,,
TNG50-1,40,1.5,116691,0,-0.00480895,0.02239069,1.19639146,-1.54400807,9,-0.03218075,-0.019271467,0.80110925,,0.687835693359375,258.58193817138675,2.8764697754609947,45.900178953890745,,
TNG50-1,40,1.5,36236,0,-0.00232936,-0.00139912,0.5449624,-0.80894354,0,0.048683833,0.0058228,1.28846325,,0.60565185546875,331.04508514404296,1.3489294257681255,73.82350628270946,,
TNG50-1,40,1.5,36236,0,0.01394321,0.01127799,0.83712492,-0.59781389,1,0.014361456,-0.010940138,1.28846325,,0.60565185546875,331.04508514404296,1.3489294257681255,73.82350628270946,,
TNG50-1,40,1.5,36236,0,-0.05039465,0.04738248,0.91557312,1.63372225,2,-0.03706608,0.05312848,1.28846325,,0.60565185546875,331.04508514404296,1.3489294257681255,73.82350628270946,,
TNG50-1,40,1.5,36236,0,0.03621413,-0.05555525,1.26202767,1.71124429,3,-0.020108618,-0.012991231,1.28846325,,0.60565185546875,331.04508514404296,1.3489294257681255,73.82350628270946,,
TNG50-1,40,1.5,36236,0,0.00315012,-0.05859858,1.18626011,-1.84214494,4,-0.0053347275,-0.003682781,1.28846325,,0.60565185546875,331.04508514404296,1.3489294257681255,73.82350628270946,,
TNG50-1,40,1.5,36236,0,-0.09459731,-0.05466619,1.26627577,2.77427046,5,-0.07795758,-0.041666772,1.28846325,,0.60565185546875,331.04508514404296,1.3489294257681255,73.82350628270946,,
TNG50-1,40,1.5,36236,0,-0.09792957,0.01444583,0.53529593,-2.38349281,6,-0.099243216,0.02957739,1.28846325,,0.60565185546875,331.04508514404296,1.3489294257681255,73.82350628270946,,
TNG50-1,40,1.5,36236,0,-0.00061596,0.06224737,0.87206112,2.48890845,7,-0.021141686,0.036669772,1.28846325,,0.60565185546875,331.04508514404296,1.3489294257681255,73.82350628270946,,
TNG50-1,40,1.5,36236,0,-0.01104837,-0.02156697,0.69898593,-2.51078821,8,0.013049386,0.005237516,1.28846325,,0.60565185546875,331.04508514404296,1.3489294257681255,73.82350628270946,,
TNG50-1,40,1.5,36236,0,-0.00517101,-0.12508499,1.14857995,-1.47944,9,0.012951087,-0.03436363,1.28846325,,0.60565185546875,331.04508514404296,1.3489294257681255,73.82350628270946,,
TNG50-1,40,1.5,114862,0,-0.05381226,-0.09403992,1.29043628,-2.39418696,0,0.00032336265,0.018348351,1.35500771,,0.4350433349609375,444.5360870361328,1.7558582887232457,77.63622299068659,,
TNG50-1,40,1.5,114862,0,-0.03758779,-0.01589533,1.29556729,2.61913579,1,0.007265918,-0.040822264,1.35500771,,0.4350433349609375,444.5360870361328,1.7558582887232457,77.63622299068659,,
TNG50-1,40,1.5,114862,0,0.01985167,-0.04335026,0.34408621,-1.12134129,2,0.04517199,-0.010736849,1.35500771,,0.4350433349609375,444.5360870361328,1.7558582887232457,77.63622299068659,,
TNG50-1,40,1.5,114862,0,0.0277791,0.00596129,0.97585521,0.67939588,3,0.025353305,0.0019022375,1.35500771,,0.4350433349609375,444.5360870361328,1.7558582887232457,77.63622299068659,,
TNG50-1,40,1.5,114862,0,-0.03110839,-0.02857246,0.34178348,-0.21982269,4,-0.017550215,-0.006254375,1.35500771,,0.4350433349609375,444.5360870361328,1.7558582887232457,77.63622299068659,,
TNG50-1,40,1.5,114862,0,0.04937026,-0.00830789,1.26350215,-0.62548327,5,0.034151398,-0.05043452,1.35500771,,0.4350433349609375,444.5360870361328,1.7558582887232457,77.63622299068659,,
TNG50-1,40,1.5,114862,0,0.05787539,0.09410874,0.90320059,0.20034622,6,0.04147464,0.041299112,1.35500771,,0.4350433349609375,444.5360870361328,1.7558582887232457,77.63622299068659,,
TNG50-1,40,1.5,114862,0,0.07181509,-0.00848599,1.2257516,-1.96513567,7,0.03010865,-0.0070153363,1.35500771,,0.4350433349609375,444.5360870361328,1.7558582887232457,77.63622299068659,,
TNG50-1,40,1.5,114862,0,0.02647067,0.02068962,1.18632205,3.06998884,8,0.04040493,-0.027910706,1.35500771,,0.4350433349609375,444.5360870361328,1.7558582887232457,77.63622299068659,,
TNG50-1,40,1.5,114862,0,0.06817144,-0.01161347,1.37523791,1.99998732,9,0.040397808,-0.0066030286,1.35500771,,0.4350433349609375,444.5360870361328,1.7558582887232457,77.63622299068659,,
TNG50-1,40,1.5,170919,0,0.02275119,0.14046054,0.56535468,-2.54343915,0,0.02402931,0.038361747,1.00854694,,0.386810302734375,249.5966079711914,1.4753529271891608,57.785483102833865,,
TNG50-1,40,1.5,170919,0,0.0722563,-0.02932925,1.25262168,1.43158167,1,0.017717693,0.0032913312,1.00854694,,0.386810302734375,249.5966079711914,1.4753529271891608,57.785483102833865,,
TNG50-1,40,1.5,170919,0,-0.00386781,0.07176501,1.03207304,2.99496873,2,-0.0017625317,-0.008777019,1.00854694,,0.386810302734375,249.5966079711914,1.4753529271891608,57.785483102833865,,
TNG50-1,40,1.5,170919,0,-0.00984428,0.01218762,0.90550057,-1.14148897,3,-0.05077918,0.02985458,1.00854694,,0.386810302734375,249.5966079711914,1.4753529271891608,57.785483102833865,,
TNG50-1,40,1.5,170919,0,-0.05573085,-0.00756238,0.95741275,-0.24373176,4,0.006094098,-0.007585045,1.00854694,,0.386810302734375,249.5966079711914,1.4753529271891608,57.785483102833865,,
TNG50-1,40,1.5,170919,0,-0.01146463,0.02162972,0.75855996,-0.47264052,5,-0.01957661,0.002154123,1.00854694,,0.386810302734375,249.5966079711914,1.4753529271891608,57.785483102833865,,
TNG50-1,40,1.5,170919,0,-0.07963971,0.00309582,0.79720598,-2.81851658,6,-0.02168791,0.0077286586,1.00854694,,0.386810302734375,249.5966079711914,1.4753529271891608,57.785483102833865,,
TNG50-1,40,1.5,170919,0,-0.0456439,0.00551979,0.23020425,1.08236934,7,-0.028335266,-0.0025698207,1.00854694,,0.386810302734375,249.5966079711914,1.4753529271891608,57.785483102833865,,
TNG50-1,40,1.5,170919,0,0.0113393,-0.02041666,0.20234369,-0.92150644,8,0.010973014,-0.016396824,1.00854694,,0.386810302734375,249.5966079711914,1.4753529271891608,57.785483102833865,,
TNG50-1,40,1.5,170919,0,0.06595066,-0.06990548,0.94177879,1.80618879,9,0.037387263,-0.025878746,1.00854694,,0.386810302734375,249.5966079711914,1.4753529271891608,57.785483102833865,,
TNG50-1,40,1.5,125535,0,0.00470915,0.09311588,0.88851518,-2.57246764,0,0.008830234,-0.0030014217,0.83761259,,0.39483642578125,395.19044494628906,0.8651263511855508,47.991666274021824,,
TNG50-1,40,1.5,125535,0,0.06243789,0.03013262,0.42957846,-1.72203914,1,0.026394233,-0.010156143,0.83761259,,0.39483642578125,395.19044494628906,0.8651263511855508,47.991666274021824,,
TNG50-1,40,1.5,125535,0,-0.05432839,-0.00912499,0.92081963,-0.39055296,2,-0.039792903,0.02716697,0.83761259,,0.39483642578125,395.19044494628906,0.8651263511855508,47.991666274021824,,
TNG50-1,40,1.5,125535,0,0.01682005,0.02877733,0.82700759,2.8003758,3,0.0076223537,-0.02500641,0.83761259,,0.39483642578125,395.19044494628906,0.8651263511855508,47.991666274021824,,
TNG50-1,40,1.5,125535,0,-0.04579117,-0.07049097,1.23078296,-0.76460194,4,-0.030530147,-0.0071839355,0.83761259,,0.39483642578125,395.19044494628906,0.8651263511855508,47.991666274021824,,
TNG50-1,40,1.5,125535,0,-0.0335956,0.05912654,0.61196721,1.70131828,5,-0.03342423,-0.0051053725,0.83761259,,0.39483642578125,395.19044494628906,0.8651263511855508,47.991666274021824,,
TNG50-1,40,1.5,125535,0,0.07386968,-0.01619924,0.83599793,0.25432256,6,0.02171962,0.016094096,0.83761259,,0.39483642578125,395.19044494628906,0.8651263511855508,47.991666274021824,,
TNG50-1,40,1.5,125535,0,-0.02712789,-0.01020348,0.5155861,-1.99297127,7,0.003993407,-0.02677301,0.83761259,,0.39483642578125,395.19044494628906,0.8651263511855508,47.991666274021824,,
TNG50-1,40,1.5,125535,0,0.02311062,-0.02458278,0.35217581,-1.12636075,8,0.019997083,0.01673495,0.83761259,,0.39483642578125,395.19044494628906,0.8651263511855508,47.991666274021824,,
TNG50-1,40,1.5,125535,0,-0.09356091,-0.02903257,1.10201282,0.962533,9,-0.060567997,-0.030836511,0.83761259,,0.39483642578125,395.19044494628906,0.8651263511855508,47.991666274021824,,
TNG50-1,40,1.5,131685,0,0.00474134,0.01226855,0.96876165,-1.38458578,0,0.026125249,0.026782176,1.24649426,,0.80474853515625,328.68683013916,1.1270732848635552,71.4188602852827,,
TNG50-1,40,1.5,131685,0,-0.06139578,-0.08881991,1.28209369,-2.94025684,1,-0.00877627,-0.03648038,1.24649426,,0.80474853515625,328.68683013916,1.1270732848635552,71.4188602852827,,
TNG50-1,40,1.5,131685,0,-0.10901831,-0.03269816,1.27274152,0.7187091,2,-0.07281289,-0.017204266,1.24649426,,0.80474853515625,328.68683013916,1.1270732848635552,71.4188602852827,,
TNG50-1,40,1.5,131685,0,-0.01898382,0.01076513,0.75694396,-0.79345319,3,-0.042640716,0.012460981,1.24649426,,0.80474853515625,328.68683013916,1.1270732848635552,71.4188602852827,,
TNG50-1,40,1.5,131685,0,-0.09014281,-0.05122645,1.36091525,0.95086584,4,-0.09751216,0.0076526105,1.24649426,,0.80474853515625,328.68683013916,1.1270732848635552,71.4188602852827,,
TNG50-1,40,1.5,131685,0,-0.03760804,0.04540314,1.15694708,-2.45881794,5,-0.04831642,0.029825702,1.24649426,,0.80474853515625,328.68683013916,1.1270732848635552,71.4188602852827,,
TNG50-1,40,1.5,131685,0,-0.04545514,-0.06013483,1.28365788,-3.05502698,6,-0.020898156,-0.04896451,1.24649426,,0.80474853515625,328.68683013916,1.1270732848635552,71.4188602852827,,
TNG50-1,40,1.5,131685,0,-0.0435608,-0.01431831,1.01539574,-1.58151388,7,-0.022799782,0.033961285,1.24649426,,0.80474853515625,328.68683013916,1.1270732848635552,71.4188602852827,,
TNG50-1,40,1.5,131685,0,0.10004816,-0.02930258,1.04067862,-0.27302122,8,0.09082378,-0.034267556,1.24649426,,0.80474853515625,328.68683013916,1.1270732848635552,71.4188602852827,,
TNG50-1,40,1.5,131685,0,0.00282058,0.00821603,0.93634097,-0.66556542,9,-0.00651405,0.009236354,1.24649426,,0.80474853515625,328.68683013916,1.1270732848635552,71.4188602852827,,
TNG50-1,40,1.5,141038,0,-0.00490368,0.0289641,0.66152955,-2.87031471,0,0.008026097,0.03129725,0.88449698,,0.511322021484375,275.43807525634764,2.4873029621239597,50.67794394606718,,
TNG50-1,40,1.5,141038,0,-0.03246315,0.10929319,1.23256314,-3.1110731,1,-0.032101512,0.035871565,0.88449698,,0.511322021484375,275.43807525634764,2.4873029621239597,50.67794394606718,,
TNG50-1,40,1.5,141038,0,-0.0742781,0.01386448,1.15188237,1.44196016,2,-0.004912831,0.017301042,0.88449698,,0.511322021484375,275.43807525634764,2.4873029621239597,50.67794394606718,,
TNG50-1,40,1.5,141038,0,0.00463397,0.02425409,0.29279588,2.820357,3,-0.014700651,0.0045357905,0.88449698,,0.511322021484375,275.43807525634764,2.4873029621239597,50.67794394606718,,
TNG50-1,40,1.5,141038,0,-0.03841778,-0.05387807,0.73225758,1.61165618,4,0.010019638,-0.012494829,0.88449698,,0.511322021484375,275.43807525634764,2.4873029621239597,50.67794394606718,,
TNG50-1,40,1.5,141038,0,0.00429967,-0.06434537,0.84390398,-0.17818994,5,0.016279064,0.010634325,0.88449698,,0.511322021484375,275.43807525634764,2.4873029621239597,50.67794394606718,,
TNG50-1,40,1.5,141038,0,-0.03970218,0.07914147,1.13825789,-0.08768028,6,-0.05446296,0.015337728,0.88449698,,0.511322021484375,275.43807525634764,2.4873029621239597,50.67794394606718,,
TNG50-1,40,1.5,141038,0,-0.05498292,-0.04617399,1.14583203,-0.40126669,7,-0.015461206,0.004275404,0.88449698,,0.511322021484375,275.43807525634764,2.4873029621239597,50.67794394606718,,
TNG50-1,40,1.5,141038,0,0.01171492,-0.0521972,1.36741185,-1.10179633,8,-0.0108582005,-0.0012097843,0.88449698,,0.511322021484375,275.43807525634764,2.4873029621239597,50.67794394606718,,
TNG50-1,40,1.5,141038,0,0.00754608,-0.00195495,0.70731411,0.13643443,9,0.0077276677,-0.013484415,0.88449698,,0.511322021484375,275.43807525634764,2.4873029621239597,50.67794394606718,,
TNG50-1,40,1.5,162442,0,0.01517335,-0.06051994,1.29344686,-2.51635513,0,0.01228407,-0.025996055,0.68940916,,0.63873291015625,177.72071075439445,2.4087661864563827,39.50023522565929,,
TNG50-1,40,1.5,162442,0,0.02557569,0.04894207,0.39279967,0.66759233,1,0.026933186,-0.010857437,0.68940916,,0.63873291015625,177.72071075439445,2.4087661864563827,39.50023522565929,,
TNG50-1,40,1.5,162442,0,0.00708283,0.00393088,0.95249178,-2.72468569,2,0.0022777393,0.037941404,0.68940916,,0.63873291015625,177.72071075439445,2.4087661864563827,39.50023522565929,,
TNG50-1,40,1.5,162442,0,-0.01985972,-0.04314,0.58472069,-1.62550118,3,-0.014114454,-0.023294989,0.68940916,,0.63873291015625,177.72071075439445,2.4087661864563827,39.50023522565929,,
TNG50-1,40,1.5,162442,0,-0.01662213,0.04042739,0.79582504,-2.76015816,4,-0.005133033,0.038045086,0.68940916,,0.63873291015625,177.72071075439445,2.4087661864563827,39.50023522565929,,
TNG50-1,40,1.5,162442,0,-0.04087792,-0.02802244,0.73005383,0.30716978,5,0.0017824993,0.009936202,0.68940916,,0.63873291015625,177.72071075439445,2.4087661864563827,39.50023522565929,,
TNG50-1,40,1.5,162442,0,0.02108084,-0.07032503,0.72257638,-2.1341585,6,0.016967371,-0.011519056,0.68940916,,0.63873291015625,177.72071075439445,2.4087661864563827,39.50023522565929,,
TNG50-1,40,1.5,162442,0,-0.00470076,0.05106111,0.49727639,0.69370965,7,-0.020305514,-0.005109947,0.68940916,,0.63873291015625,177.72071075439445,2.4087661864563827,39.50023522565929,,
TNG50-1,40,1.5,162442,0,-0.03315869,-0.02685485,0.84055619,1.82755952,8,-0.03767497,-0.003930602,0.68940916,,0.63873291015625,177.72071075439445,2.4087661864563827,39.50023522565929,,
TNG50-1,40,1.5,162442,0,-0.03311224,-0.02044495,1.1643467,2.02243622,9,-0.013029285,-0.01509821,0.68940916,,0.63873291015625,177.72071075439445,2.4087661864563827,39.50023522565929,,
TNG50-1,40,1.5,238569,0,0.04492776,-0.13697666,0.66434293,-0.16183863,0,0.033701017,-0.026926715,1.11057039,,0.3061676025390625,251.80143127441406,1.1270732848635552,63.63099619919784,,
TNG50-1,40,1.5,238569,0,0.04003596,-0.08834809,0.74428766,0.44441351,1,0.0408376,0.004400987,1.11057039,,0.3061676025390625,251.80143127441406,1.1270732848635552,63.63099619919784,,
TNG50-1,40,1.5,238569,0,0.01384099,0.07108135,1.16400368,-1.16769928,2,0.04123291,-0.015644316,1.11057039,,0.3061676025390625,251.80143127441406,1.1270732848635552,63.63099619919784,,
TNG50-1,40,1.5,238569,0,-0.06752107,-0.02006275,0.73133615,-2.25384601,3,0.00079419464,-0.033818584,1.11057039,,0.3061676025390625,251.80143127441406,1.1270732848635552,63.63099619919784,,
TNG50-1,40,1.5,238569,0,-0.01558197,-0.03753623,0.35380541,-1.46439907,4,-0.010511927,0.013595413,1.11057039,,0.3061676025390625,251.80143127441406,1.1270732848635552,63.63099619919784,,
TNG50-1,40,1.5,238569,0,-0.03730582,0.08213301,1.32416387,2.25993798,5,-0.027840793,-0.025595468,1.11057039,,0.3061676025390625,251.80143127441406,1.1270732848635552,63.63099619919784,,
TNG50-1,40,1.5,238569,0,0.04348379,0.063258,1.12165596,0.64350475,6,0.014828,0.018774293,1.11057039,,0.3061676025390625,251.80143127441406,1.1270732848635552,63.63099619919784,,
TNG50-1,40,1.5,238569,0,0.05890924,0.00122244,1.20244803,-0.76661978,7,0.008144587,0.008478105,1.11057039,,0.3061676025390625,251.80143127441406,1.1270732848635552,63.63099619919784,,
TNG50-1,40,1.5,238569,0,0.05281928,-0.01467015,1.06038194,1.821533,8,0.037891444,-0.008385014,1.11057039,,0.3061676025390625,251.80143127441406,1.1270732848635552,63.63099619919784,,
TNG50-1,40,1.5,238569,0,-0.03776097,-0.00660506,0.68986741,-2.73659466,9,-0.027400792,0.00026756898,1.11057039,,0.3061676025390625,251.80143127441406,1.1270732848635552,63.63099619919784,,
TNG50-1,40,1.5,77694,0,0.00141634,0.0059562,0.83946745,-0.79217244,0,-0.018755913,0.008105379,0.65104372,,0.7164154052734375,269.0177764892578,1.7401455943262691,37.3020574344969,,
TNG50-1,40,1.5,77694,0,-0.07999747,0.01589993,0.96258604,-0.33909271,1,-0.043387122,0.0031986572,0.65104372,,0.7164154052734375,269.0177764892578,1.7401455943262691,37.3020574344969,,
TNG50-1,40,1.5,77694,0,0.07049531,-0.03921293,0.8364802,-0.56736487,2,0.06726337,0.0036818944,0.65104372,,0.7164154052734375,269.0177764892578,1.7401455943262691,37.3020574344969,,
TNG50-1,40,1.5,77694,0,-0.03408073,-0.00625222,1.27361126,-1.99841135,3,0.0215103,-0.030010294,0.65104372,,0.7164154052734375,269.0177764892578,1.7401455943262691,37.3020574344969,,
TNG50-1,40,1.5,77694,0,0.10157001,-0.03050494,1.21898276,1.45535546,4,0.07130137,0.01718697,0.65104372,,0.7164154052734375,269.0177764892578,1.7401455943262691,37.3020574344969,,
TNG50-1,40,1.5,77694,0,-0.00162372,0.1149832,1.17167113,-0.32384629,5,-0.010274388,0.039164223,0.65104372,,0.7164154052734375,269.0177764892578,1.7401455943262691,37.3020574344969,,
TNG50-1,40,1.5,77694,0,0.05140268,-0.00448654,0.85763512,-3.03944622,6,-0.004022993,0.00012980029,0.65104372,,0.7164154052734375,269.0177764892578,1.7401455943262691,37.3020574344969,,
TNG50-1,40,1.5,77694,0,-0.00266514,0.07726161,1.01461028,2.91548408,7,-0.021313213,0.045169238,0.65104372,,0.7164154052734375,269.0177764892578,1.7401455943262691,37.3020574344969,,
TNG50-1,40,1.5,77694,0,-0.00153719,-0.00978112,1.19392101,1.98400128,8,0.0017983019,-0.047129218,0.65104372,,0.7164154052734375,269.0177764892578,1.7401455943262691,37.3020574344969,,
TNG50-1,40,1.5,77694,0,-0.02920147,0.01296438,0.48402199,1.40466485,9,-0.045626126,-0.0025915354,0.65104372,,0.7164154052734375,269.0177764892578,1.7401455943262691,37.3020574344969,,
TNG50-1,40,1.5,196834,0,-0.07739164,0.00593321,1.33083949,-1.05887805,0,-0.052475482,0.007294055,1.13266064,,0.6713714599609375,237.10900115966794,2.7143519113829226,64.89667429258672,,
TNG50-1,40,1.5,196834,0,-0.01326801,0.04936237,1.06314098,0.92002821,1,0.012849994,0.03657776,1.13266064,,0.6713714599609375,237.10900115966794,2.7143519113829226,64.89667429258672,,
TNG50-1,40,1.5,196834,0,-0.02312607,-0.02833565,1.18238419,-1.96857148,2,0.0006890446,-0.03230435,1.13266064,,0.6713714599609375,237.10900115966794,2.7143519113829226,64.89667429258672,,
TNG50-1,40,1.5,196834,0,-0.09868413,-0.03154808,1.25808887,2.75018434,3,-0.069887124,-0.009320926,1.13266064,,0.6713714599609375,237.10900115966794,2.7143519113829226,64.89667429258672,,
TNG50-1,40,1.5,196834,0,0.05301636,0.05285946,0.34178771,-1.24536917,4,0.048887298,0.011343192,1.13266064,,0.6713714599609375,237.10900115966794,2.7143519113829226,64.89667429258672,,
TNG50-1,40,1.5,196834,0,-0.01351983,0.01893197,1.23631801,-1.53820851,5,-0.00082788616,0.0068361163,1.13266064,,0.6713714599609375,237.10900115966794,2.7143519113829226,64.89667429258672,,
TNG50-1,40,1.5,196834,0,0.03698156,-0.10223641,0.32653413,1.32677499,6,0.026613079,-0.068236455,1.13266064,,0.6713714599609375,237.10900115966794,2.7143519113829226,64.89667429258672,,
TNG50-1,40,1.5,196834,0,0.1179886,-0.06126959,0.66596289,0.98299629,7,0.09328416,-0.007069137,1.13266064,,0.6713714599609375,237.10900115966794,2.7143519113829226,64.89667429258672,,
TNG50-1,40,1.5,196834,0,-0.01766218,0.07506179,0.81041628,-0.30599792,8,-0.0018676445,-0.009151969,1.13266064,,0.6713714599609375,237.10900115966794,2.7143519113829226,64.89667429258672,,
TNG50-1,40,1.5,196834,0,-0.02105765,0.02009641,0.77043222,0.83218424,9,-0.025948614,-0.0041614287,1.13266064,,0.6713714599609375,237.10900115966794,2.7143519113829226,64.89667429258672,,
TNG50-1,40,1.5,15218,0,0.02048756,-0.05951717,0.47132479,-1.28016925,0,0.016046569,-0.01919036,1.06539632,,0.253814697265625,257.51940917968744,1.6758222241494247,61.0427126447693,,
TNG50-1,40,1.5,15218,0,0.02905994,0.02453035,0.76643204,-0.9685497,1,0.03302497,0.014443014,1.06539632,,0.253814697265625,257.51940917968744,1.6758222241494247,61.0427126447693,,
TNG50-1,40,1.5,15218,0,-0.04131716,0.04254305,1.19740558,1.82635604,2,-0.017761774,0.018589418,1.06539632,,0.253814697265625,257.51940917968744,1.6758222241494247,61.0427126447693,,
TNG50-1,40,1.5,15218,0,0.03588628,0.0362854,1.03554708,2.37702156,3,0.03273647,0.020234626,1.06539632,,0.253814697265625,257.51940917968744,1.6758222241494247,61.0427126447693,,
TNG50-1,40,1.5,15218,0,0.00566853,0.03924771,1.2227338,-1.11819284,4,-0.02014789,0.011645488,1.06539632,,0.253814697265625,257.51940917968744,1.6758222241494247,61.0427126447693,,
TNG50-1,40,1.5,15218,0,-0.06280274,0.01816315,1.29310451,0.44934703,5,-0.033192724,0.0036435015,1.06539632,,0.253814697265625,257.51940917968744,1.6758222241494247,61.0427126447693,,
TNG50-1,40,1.5,15218,0,-0.00849372,-0.00362062,1.07264355,-1.39384748,6,0.00985473,0.025585014,1.06539632,,0.253814697265625,257.51940917968744,1.6758222241494247,61.0427126447693,,
TNG50-1,40,1.5,15218,0,0.06906395,-0.03041837,0.88092246,-2.80648122,7,0.039740488,0.010795046,1.06539632,,0.253814697265625,257.51940917968744,1.6758222241494247,61.0427126447693,,
TNG50-1,40,1.5,15218,0,0.08382974,-0.09489678,1.09105649,1.49450075,8,0.07008508,0.014895577,1.06539632,,0.253814697265625,257.51940917968744,1.6758222241494247,61.0427126447693,,
TNG50-1,40,1.5,15218,0,0.03586742,0.01698209,0.84357594,-2.06714608,9,0.021817602,0.005634643,1.06539632,,0.253814697265625,257.51940917968744,1.6758222241494247,61.0427126447693,,
TNG50-1,40,1.5,225428,0,0.0727259,-0.06639663,0.62247082,-1.32510316,0,0.027832113,0.0003979057,1.2516405,,0.2577972412109375,287.60010986328126,1.4184045043254145,71.7137181176441,,
TNG50-1,40,1.5,225428,0,0.01880348,0.0266626,0.67106344,1.25670086,1,-0.0019532815,-0.0057994425,1.2516405,,0.2577972412109375,287.60010986328126,1.4184045043254145,71.7137181176441,,
TNG50-1,40,1.5,225428,0,-0.04194281,-0.06727355,0.20699108,-3.09542293,2,-0.01634752,0.008719314,1.2516405,,0.2577972412109375,287.60010986328126,1.4184045043254145,71.7137181176441,,
TNG50-1,40,1.5,225428,0,-0.03426214,-0.01127835,0.9792927,-0.90877207,3,0.0032396466,0.020256866,1.2516405,,0.2577972412109375,287.60010986328126,1.4184045043254145,71.7137181176441,,
TNG50-1,40,1.5,225428,0,-0.02798501,0.01520752,0.60297,0.7258128,4,-0.019404955,0.005114693,1.2516405,,0.2577972412109375,287.60010986328126,1.4184045043254145,71.7137181176441,,
TNG50-1,40,1.5,225428,0,0.01805989,-0.0568797,0.51830452,-2.32630418,5,0.017345056,0.0055482835,1.2516405,,0.2577972412109375,287.60010986328126,1.4184045043254145,71.7137181176441,,
TNG50-1,40,1.5,225428,0,0.06690981,-0.05121312,1.22240494,2.49195472,6,0.011035886,-0.031902257,1.2516405,,0.2577972412109375,287.60010986328126,1.4184045043254145,71.7137181176441,,
TNG50-1,40,1.5,225428,0,0.05262115,-0.00470605,1.3653081,-2.1596943,7,0.042899758,0.0035411417,1.2516405,,0.2577972412109375,287.60010986328126,1.4184045043254145,71.7137181176441,,
TNG50-1,40,1.5,225428,0,0.02280061,0.02518251,1.04967424,2.57480878,8,0.012397371,-0.033616636,1.2516405,,0.2577972412109375,287.60010986328126,1.4184045043254145,71.7137181176441,,
TNG50-1,40,1.5,225428,0,-0.06658224,0.05307594,0.52761751,-1.78197853,9,-0.006221056,0.061170906,1.2516405,,0.2577972412109375,287.60010986328126,1.4184045043254145,71.7137181176441,,
TNG50-1,40,1.5,179803,0,0.0305501,-0.02322059,0.94250917,-0.54161177,0,0.025455631,-0.016614508,0.6632516,,0.4892578125,192.67099456787108,0.7639690318596855,38.00151743529907,,
TNG50-1,40,1.5,179803,0,-0.08144988,-0.05070346,0.49330986,1.71769273,1,-0.045975618,0.008290339,0.6632516,,0.4892578125,192.67099456787108,0.7639690318596855,38.00151743529907,,
TNG50-1,40,1.5,179803,0,0.07985139,-0.06332981,1.29863756,2.20264565,2,0.058159187,-0.061470117,0.6632516,,0.4892578125,192.67099456787108,0.7639690318596855,38.00151743529907,,
TNG50-1,40,1.5,179803,0,0.00911946,-0.0024242,1.30515149,1.46614892,3,-0.0029149204,-0.037914377,0.6632516,,0.4892578125,192.67099456787108,0.7639690318596855,38.00151743529907,,
TNG50-1,40,1.5,179803,0,0.06404721,-0.02327934,1.14476962,0.36371273,4,0.027629718,-0.018697929,0.6632516,,0.4892578125,192.67099456787108,0.7639690318596855,38.00151743529907,,
TNG50-1,40,1.5,179803,0,-0.05377099,-0.03428035,1.02477154,1.40863801,5,-0.036531627,-0.02311631,0.6632516,,0.4892578125,192.67099456787108,0.7639690318596855,38.00151743529907,,
TNG50-1,40,1.5,179803,0,-0.04615826,0.07735447,1.14635028,1.13970406,6,-0.037075453,0.022451568,0.6632516,,0.4892578125,192.67099456787108,0.7639690318596855,38.00151743529907,,
TNG50-1,40,1.5,179803,0,-0.05809501,-0.00411628,0.66287775,-1.66902367,7,-0.05319774,-0.0142039545,0.6632516,,0.4892578125,192.67099456787108,0.7639690318596855,38.00151743529907,,
TNG50-1,40,1.5,179803,0,0.01251488,0.06350215,1.19323263,0.31892753,8,-0.014472179,-0.0041763,0.6632516,,0.4892578125,192.67099456787108,0.7639690318596855,38.00151743529907,,
TNG50-1,40,1.5,179803,0,0.00329917,-0.02666261,1.32982797,1.70028858,9,0.036524683,-0.025393892,0.6632516,,0.4892578125,192.67099456787108,0.7639690318596855,38.00151743529907,,
TNG50-1,40,1.5,207043,0,0.0297643,0.00901677,0.6580256,-1.85752513,0,0.03023056,-0.0064154565,1.19462521,,0.4892730712890625,259.8388916015625,2.5256557104201924,68.44698263292968,,
TNG50-1,40,1.5,207043,0,0.03331436,-0.0675898,1.26090096,1.42143682,1,0.014499132,-0.026707854,1.19462521,,0.4892730712890625,259.8388916015625,2.5256557104201924,68.44698263292968,,
TNG50-1,40,1.5,207043,0,0.02541877,-0.05995052,1.3638251,-1.90401591,2,0.0342306,-0.058794517,1.19462521,,0.4892730712890625,259.8388916015625,2.5256557104201924,68.44698263292968,,
TNG50-1,40,1.5,207043,0,-0.04351868,-0.05205616,1.01681574,-1.31153158,3,-0.015361406,-0.029045936,1.19462521,,0.4892730712890625,259.8388916015625,2.5256557104201924,68.44698263292968,,
TNG50-1,40,1.5,207043,0,0.00432554,-0.02221547,0.64847858,0.04112205,4,-0.018090181,-0.0101813115,1.19462521,,0.4892730712890625,259.8388916015625,2.5256557104201924,68.44698263292968,,
TNG50-1,40,1.5,207043,0,-0.04497201,0.04684845,0.79936301,-0.08350395,5,-0.042503953,0.055341586,1.19462521,,0.4892730712890625,259.8388916015625,2.5256557104201924,68.44698263292968,,
TNG50-1,40,1.5,207043,0,-0.01662983,0.02891991,0.73986271,0.63365532,6,0.009348519,0.015798897,1.19462521,,0.4892730712890625,259.8388916015625,2.5256557104201924,68.44698263292968,,
TNG50-1,40,1.5,207043,0,0.1076734,0.02614977,1.05145656,-0.39304717,7,0.07522528,0.011704322,1.19462521,,0.4892730712890625,259.8388916015625,2.5256557104201924,68.44698263292968,,
TNG50-1,40,1.5,207043,0,0.00478477,-0.05494623,1.20221072,2.63562853,8,0.0030151084,-0.013838377,1.19462521,,0.4892730712890625,259.8388916015625,2.5256557104201924,68.44698263292968,,
TNG50-1,40,1.5,207043,0,-0.05937633,-0.02706572,0.92634377,2.13586891,9,-0.080266766,-0.02587169,1.19462521,,0.4892730712890625,259.8388916015625,2.5256557104201924,68.44698263292968,,
TNG50-1,40,1.5,119693,0,-0.03329762,-0.05224044,1.27902171,-0.89340592,0,-0.04370319,-0.009069297,0.69962568,,0.6229400634765625,300.3708557128906,1.1864330116005812,40.08559870297029,,
TNG50-1,40,1.5,119693,0,-0.03345226,0.00532431,1.27807646,1.73166718,1,-0.047037937,-0.008006465,0.69962568,,0.6229400634765625,300.3708557128906,1.1864330116005812,40.08559870297029,,
TNG50-1,40,1.5,119693,0,-0.00399232,0.02556995,0.85280971,1.22561943,2,0.026502296,0.0142059885,0.69962568,,0.6229400634765625,300.3708557128906,1.1864330116005812,40.08559870297029,,
TNG50-1,40,1.5,119693,0,-0.00301571,0.01638003,0.41216558,1.04208957,3,-0.0062187538,-0.010864574,0.69962568,,0.6229400634765625,300.3708557128906,1.1864330116005812,40.08559870297029,,
TNG50-1,40,1.5,119693,0,0.14981195,0.02851005,1.01854754,2.06986069,4,0.088598005,-0.009654906,0.69962568,,0.6229400634765625,300.3708557128906,1.1864330116005812,40.08559870297029,,
TNG50-1,40,1.5,119693,0,-0.05386139,0.0706304,1.10572724,-1.40033155,5,-0.042091243,0.032931834,0.69962568,,0.6229400634765625,300.3708557128906,1.1864330116005812,40.08559870297029,,
TNG50-1,40,1.5,119693,0,0.0114485,0.04684833,0.65937667,-1.00729686,6,-0.011018939,-0.03397746,0.69962568,,0.6229400634765625,300.3708557128906,1.1864330116005812,40.08559870297029,,
TNG50-1,40,1.5,119693,0,0.03082539,0.00356473,0.68956644,-2.87556604,7,0.056782052,-0.0074664764,0.69962568,,0.6229400634765625,300.3708557128906,1.1864330116005812,40.08559870297029,,
TNG50-1,40,1.5,119693,0,-7.86e-05,-0.05858792,1.19193353,2.31689804,8,-0.015054993,-0.02146687,0.69962568,,0.6229400634765625,300.3708557128906,1.1864330116005812,40.08559870297029,,
TNG50-1,40,1.5,119693,0,0.00550903,-0.03000026,1.26583898,0.5179213,9,0.0217571,-0.010241289,0.69962568,,0.6229400634765625,300.3708557128906,1.1864330116005812,40.08559870297029,,
TNG50-1,40,1.5,164301,0,0.03097826,0.06754955,0.32361415,2.71217377,0,0.026021682,0.006387312,1.132162,,0.6790924072265625,243.00607604980465,2.942549889724153,64.8681043250903,,
TNG50-1,40,1.5,164301,0,0.01986642,0.03565346,1.17110812,0.19100594,1,0.009189516,0.005227685,1.132162,,0.6790924072265625,243.00607604980465,2.942549889724153,64.8681043250903,,
TNG50-1,40,1.5,164301,0,-0.03831943,-0.04912276,0.57418579,-2.02163999,2,-0.02097655,-0.011004683,1.132162,,0.6790924072265625,243.00607604980465,2.942549889724153,64.8681043250903,,
TNG50-1,40,1.5,164301,0,-0.04047587,-0.05168178,1.09825007,0.91701563,3,-0.04456023,-0.0036675073,1.132162,,0.6790924072265625,243.00607604980465,2.942549889724153,64.8681043250903,,
TNG50-1,40,1.5,164301,0,0.04941422,0.02459651,0.92063671,-1.93570671,4,-0.025866859,-0.007818434,1.132162,,0.6790924072265625,243.00607604980465,2.942549889724153,64.8681043250903,,
TNG50-1,40,1.5,164301,0,0.05957754,-0.00886373,1.01107806,-2.74240085,5,0.03053635,-0.01882707,1.132162,,0.6790924072265625,243.00607604980465,2.942549889724153,64.8681043250903,,
TNG50-1,40,1.5,164301,0,0.07560718,-0.0013215,1.39518891,1.16437001,6,0.04389489,-0.0047072507,1.132162,,0.6790924072265625,243.00607604980465,2.942549889724153,64.8681043250903,,
TNG50-1,40,1.5,164301,0,0.09019652,0.05362667,0.88234936,-2.44607619,7,0.03782993,0.014794182,1.132162,,0.6790924072265625,243.00607604980465,2.942549889724153,64.8681043250903,,
TNG50-1,40,1.5,164301,0,0.00673097,0.03795186,0.68325602,-2.47420874,8,0.016348228,-0.033646543,1.132162,,0.6790924072265625,243.00607604980465,2.942549889724153,64.8681043250903,,
TNG50-1,40,1.5,164301,0,-0.01555996,0.06649366,1.25415994,1.50760987,9,0.009597823,0.013762157,1.132162,,0.6790924072265625,243.00607604980465,2.942549889724153,64.8681043250903,,
TNG50-1,40,1.5,236236,0,0.06804508,0.0357769,0.78629728,3.02994566,0,0.03140155,0.007078577,0.96784494,,0.1776885986328125,227.26589660644532,1.1511845334602637,55.45343028509239,,
TNG50-1,40,1.5,236236,0,-0.08216235,-0.03133158,1.26979517,1.11048156,1,-0.03893601,0.04562484,0.96784494,,0.1776885986328125,227.26589660644532,1.1511845334602637,55.45343028509239,,
TNG50-1,40,1.5,236236,0,0.03061725,-0.03422918,1.23744805,2.20345423,2,0.049158797,-0.03198975,0.96784494,,0.1776885986328125,227.26589660644532,1.1511845334602637,55.45343028509239,,
TNG50-1,40,1.5,236236,0,0.04792556,0.00494577,0.49020252,1.58423149,3,0.036901224,0.0032118596,0.96784494,,0.1776885986328125,227.26589660644532,1.1511845334602637,55.45343028509239,,
TNG50-1,40,1.5,236236,0,-0.01293632,0.05031952,1.27668571,1.24559294,4,-0.0081907585,0.021909028,0.96784494,,0.1776885986328125,227.26589660644532,1.1511845334602637,55.45343028509239,,
TNG50-1,40,1.5,236236,0,-0.06053868,0.1143725,1.38456472,-0.72530536,5,-0.007375881,0.007887285,0.96784494,,0.1776885986328125,227.26589660644532,1.1511845334602637,55.45343028509239,,
TNG50-1,40,1.5,236236,0,0.04714779,-0.07537406,0.95694998,-1.10370437,6,0.053676978,-0.027275864,0.96784494,,0.1776885986328125,227.26589660644532,1.1511845334602637,55.45343028509239,,
TNG50-1,40,1.5,236236,0,-0.05997544,0.0157671,0.51789812,1.36319106,7,-0.04523336,0.002261348,0.96784494,,0.1776885986328125,227.26589660644532,1.1511845334602637,55.45343028509239,,
TNG50-1,40,1.5,236236,0,-0.00891757,-0.05432675,1.12181027,1.36164799,8,-0.012157701,-0.021290433,0.96784494,,0.1776885986328125,227.26589660644532,1.1511845334602637,55.45343028509239,,
TNG50-1,40,1.5,236236,0,-0.0020062,0.05094056,1.29346354,2.83113031,9,0.02133846,0.043684423,0.96784494,,0.1776885986328125,227.26589660644532,1.1511845334602637,55.45343028509239,,
TNG50-1,40,1.5,247397,0,0.0178571,-0.00325808,0.65474883,2.22480521,0,0.01521134,-0.04416256,0.96480024,,0.40887451171875,243.1148567199707,0.8651263511855508,55.27898182520891,,
TNG50-1,40,1.5,247397,0,-0.05772928,0.08351402,0.46769937,-2.80408906,1,-0.036563776,0.022388212,0.96480024,,0.40887451171875,243.1148567199707,0.8651263511855508,55.27898182520891,,
TNG50-1,40,1.5,247397,0,-0.04471415,0.08571573,0.91222131,2.0337068,2,-0.05250629,0.013221685,0.96480024,,0.40887451171875,243.1148567199707,0.8651263511855508,55.27898182520891,,
TNG50-1,40,1.5,247397,0,-0.11049722,0.04936615,1.31244632,-2.53078764,3,-0.050496303,0.0015730374,0.96480024,,0.40887451171875,243.1148567199707,0.8651263511855508,55.27898182520891,,
TNG50-1,40,1.5,247397,0,0.02823711,0.01687466,0.92366573,-2.74396986,4,0.012676995,0.0069938228,0.96480024,,0.40887451171875,243.1148567199707,0.8651263511855508,55.27898182520891,,
TNG50-1,40,1.5,247397,0,-0.0606105,-0.05025532,0.52943483,1.62483736,5,-0.03550238,-0.029066715,0.96480024,,0.40887451171875,243.1148567199707,0.8651263511855508,55.27898182520891,,
TNG50-1,40,1.5,247397,0,0.00662849,0.03593108,0.68072197,0.22814637,6,0.017986525,0.022586469,0.96480024,,0.40887451171875,243.1148567199707,0.8651263511855508,55.27898182520891,,
TNG50-1,40,1.5,247397,0,0.01854941,-0.00790106,1.15295811,-0.5369106,7,0.020564627,-0.0453105,0.96480024,,0.40887451171875,243.1148567199707,0.8651263511855508,55.27898182520891,,
TNG50-1,40,1.5,247397,0,0.03011764,0.02802641,1.29705966,2.53754102,8,0.016033992,-0.02639943,0.96480024,,0.40887451171875,243.1148567199707,0.8651263511855508,55.27898182520891,,
TNG50-1,40,1.5,247397,0,-0.06020085,-0.03164217,0.45192328,2.13190722,9,-0.054113247,-0.008354027,0.96480024,,0.40887451171875,243.1148567199707,0.8651263511855508,55.27898182520891,,
TNG50-1,40,1.5,178140,0,0.07254283,-0.08432384,1.19537984,-0.21991258,0,0.06336611,-0.014755089,0.47772838,,0.433319091796875,232.1764251708984,0.4462367054217134,27.371819927622006,,
TNG50-1,40,1.5,178140,0,0.03854908,-0.024245,0.93115538,2.30001474,1,0.030074794,0.02613178,0.47772838,,0.433319091796875,232.1764251708984,0.4462367054217134,27.371819927622006,,
TNG50-1,40,1.5,178140,0,-0.01953855,0.06144075,1.21217938,-1.61120628,2,0.017882362,-0.0021677725,0.47772838,,0.433319091796875,232.1764251708984,0.4462367054217134,27.371819927622006,,
TNG50-1,40,1.5,178140,0,-0.00536056,0.02011577,1.36903923,1.49267221,3,-0.007960908,0.010669153,0.47772838,,0.433319091796875,232.1764251708984,0.4462367054217134,27.371819927622006,,
TNG50-1,40,1.5,178140,0,0.04689995,-0.00043243,0.7326927,2.38274633,4,0.025690664,0.016400553,0.47772838,,0.433319091796875,232.1764251708984,0.4462367054217134,27.371819927622006,,
TNG50-1,40,1.5,178140,0,0.00157871,0.03370116,0.90879512,1.97710646,5,0.01656608,-0.0058908053,0.47772838,,0.433319091796875,232.1764251708984,0.4462367054217134,27.371819927622006,,
TNG50-1,40,1.5,178140,0,0.02363415,0.09590822,0.71297362,1.95893431,6,-0.010753699,0.0014950484,0.47772838,,0.433319091796875,232.1764251708984,0.4462367054217134,27.371819927622006,,
TNG50-1,40,1.5,178140,0,0.12674964,-0.09979538,1.32745133,-0.23231052,7,0.10766438,-0.035169687,0.47772838,,0.433319091796875,232.1764251708984,0.4462367054217134,27.371819927622006,,
TNG50-1,40,1.5,178140,0,0.00948783,0.07596938,0.21748904,2.01055614,8,0.012170043,0.012853578,0.47772838,,0.433319091796875,232.1764251708984,0.4462367054217134,27.371819927622006,,
TNG50-1,40,1.5,178140,0,0.03312991,-0.13859778,0.22186681,1.19823368,9,0.038078643,-0.056422133,0.47772838,,0.433319091796875,232.1764251708984,0.4462367054217134,27.371819927622006,,
TNG50-1,40,1.5,226914,0,0.08557114,-0.08870483,1.19757001,-0.92529703,0,0.050378583,-0.042134408,1.30528492,,0.4692840576171875,219.6031982421875,0.5558691199514729,74.7873169780713,,
TNG50-1,40,1.5,226914,0,-0.05021173,0.03424773,0.5541485,-2.39938368,1,-0.02996371,0.03523432,1.30528492,,0.4692840576171875,219.6031982421875,0.5558691199514729,74.7873169780713,,
TNG50-1,40,1.5,226914,0,-0.04710594,0.0161737,1.33502157,2.79168043,2,-0.05390185,0.0074382126,1.30528492,,0.4692840576171875,219.6031982421875,0.5558691199514729,74.7873169780713,,
TNG50-1,40,1.5,226914,0,0.08054505,-0.00287773,1.2666022,-0.38843726,3,0.054754764,-0.009159241,1.30528492,,0.4692840576171875,219.6031982421875,0.5558691199514729,74.7873169780713,,
TNG50-1,40,1.5,226914,0,0.03122742,-0.01951822,1.07173389,1.19588658,4,0.024683442,-0.0046655573,1.30528492,,0.4692840576171875,219.6031982421875,0.5558691199514729,74.7873169780713,,
TNG50-1,40,1.5,226914,0,0.10601851,-0.0447377,0.53191571,0.47292076,5,0.065421015,-0.023811694,1.30528492,,0.4692840576171875,219.6031982421875,0.5558691199514729,74.7873169780713,,
TNG50-1,40,1.5,226914,0,-0.02252193,0.03638565,1.27960285,0.01078142,6,-0.0032911599,0.0041049607,1.30528492,,0.4692840576171875,219.6031982421875,0.5558691199514729,74.7873169780713,,
TNG50-1,40,1.5,226914,0,0.00631406,-0.0585545,0.49670151,0.73247881,7,0.011294439,-0.05707397,1.30528492,,0.4692840576171875,219.6031982421875,0.5558691199514729,74.7873169780713,,
TNG50-1,40,1.5,226914,0,-0.03303385,0.0255948,1.20673476,2.50285853,8,-0.032243162,-0.011159483,1.30528492,,0.4692840576171875,219.6031982421875,0.5558691199514729,74.7873169780713,,
TNG50-1,40,1.5,226914,0,0.00716506,0.10372257,1.00446005,1.25231659,9,-0.011916608,-0.016935203,1.30528492,,0.4692840576171875,219.6031982421875,0.5558691199514729,74.7873169780713,,
TNG50-1,40,1.5,153454,0,0.00166233,-0.00108542,0.48742793,-1.84666645,0,0.04132291,-0.019929532,1.36507299,,0.1431427001953125,349.14666748046875,0.9978156073785002,78.21292105430403,,
TNG50-1,40,1.5,153454,0,0.08607885,-0.03321691,0.87714425,-1.01139214,1,0.06425545,-0.02131189,1.36507299,,0.1431427001953125,349.14666748046875,0.9978156073785002,78.21292105430403,,
TNG50-1,40,1.5,153454,0,0.08109621,0.00645212,0.62332141,0.80569918,2,0.070978545,-0.0067065395,1.36507299,,0.1431427001953125,349.14666748046875,0.9978156073785002,78.21292105430403,,
TNG50-1,40,1.5,153454,0,-0.00040879,0.0132712,1.17780471,-2.51355863,3,0.043995485,-0.019117717,1.36507299,,0.1431427001953125,349.14666748046875,0.9978156073785002,78.21292105430403,,
TNG50-1,40,1.5,153454,0,-0.02267758,-0.01876975,1.29860992,-2.68922991,4,0.024089605,-0.03312097,1.36507299,,0.1431427001953125,349.14666748046875,0.9978156073785002,78.21292105430403,,
TNG50-1,40,1.5,153454,0,0.07315868,0.04519128,0.73918012,-2.98009109,5,0.06597019,-0.008083764,1.36507299,,0.1431427001953125,349.14666748046875,0.9978156073785002,78.21292105430403,,
TNG50-1,40,1.5,153454,0,0.04002092,0.06444162,0.62135388,2.61782545,6,0.043324113,-0.0046428964,1.36507299,,0.1431427001953125,349.14666748046875,0.9978156073785002,78.21292105430403,,
TNG50-1,40,1.5,153454,0,0.01577906,0.04849488,1.06706962,-1.18511717,7,0.039508104,-0.007278014,1.36507299,,0.1431427001953125,349.14666748046875,0.9978156073785002,78.21292105430403,,
TNG50-1,40,1.5,153454,0,-0.01609364,-0.01381242,1.38048945,1.00944911,8,0.027600855,-0.02963129,1.36507299,,0.1431427001953125,349.14666748046875,0.9978156073785002,78.21292105430403,,
TNG50-1,40,1.5,153454,0,0.01658483,0.03779108,0.58658778,3.07395573,9,0.045187876,-0.008771878,1.36507299,,0.1431427001953125,349.14666748046875,0.9978156073785002,78.21292105430403,,
TNG50-1,40,1.5,267973,0,0.01048397,-0.07250897,1.13490127,-0.51275129,0,0.018211886,-0.030670729,0.70071646,,0.6470794677734375,151.4203918457031,1.891407702136989,40.148095793347565,,
TNG50-1,40,1.5,267973,0,0.05496759,0.07055836,0.82221525,-2.32911866,1,0.008253545,0.005147647,0.70071646,,0.6470794677734375,151.4203918457031,1.891407702136989,40.148095793347565,,
TNG50-1,40,1.5,267973,0,0.04597064,-0.05857226,0.82614474,-0.47778365,2,0.05421257,-0.03502282,0.70071646,,0.6470794677734375,151.4203918457031,1.891407702136989,40.148095793347565,,
TNG50-1,40,1.5,267973,0,0.01880477,-0.05706076,0.55523043,-0.69463813,3,0.018604487,-0.041990485,0.70071646,,0.6470794677734375,151.4203918457031,1.891407702136989,40.148095793347565,,
TNG50-1,40,1.5,267973,0,0.06355359,-0.01171429,0.69296489,-2.92437249,4,0.054072183,-0.020631868,0.70071646,,0.6470794677734375,151.4203918457031,1.891407702136989,40.148095793347565,,
TNG50-1,40,1.5,267973,0,-0.11728941,-0.01591032,0.55306661,-1.41289513,5,-0.08376064,0.011375699,0.70071646,,0.6470794677734375,151.4203918457031,1.891407702136989,40.148095793347565,,
TNG50-1,40,1.5,267973,0,-0.01452316,-0.07792086,0.82786013,1.5827782,6,0.002162613,-0.0227083,0.70071646,,0.6470794677734375,151.4203918457031,1.891407702136989,40.148095793347565,,
TNG50-1,40,1.5,267973,0,-0.01528952,0.0324939,1.00738646,0.48974647,7,-0.0057714134,0.03613472,0.70071646,,0.6470794677734375,151.4203918457031,1.891407702136989,40.148095793347565,,
TNG50-1,40,1.5,267973,0,0.05763414,0.03397012,1.06008818,1.92370712,8,0.043089226,-0.0058708787,0.70071646,,0.6470794677734375,151.4203918457031,1.891407702136989,40.148095793347565,,
TNG50-1,40,1.5,267973,0,0.07856975,0.05270208,1.07353658,0.26821689,9,0.05658573,0.013745703,0.70071646,,0.6470794677734375,151.4203918457031,1.891407702136989,40.148095793347565,,
TNG50-1,40,1.5,189576,0,-0.02965783,0.0211518,0.28802149,-1.01001498,0,-0.0029041842,0.019907914,1.39117439,,0.16552734375,270.18749084472654,0.9264485332524549,79.7084211136868,,
TNG50-1,40,1.5,189576,0,0.0009825,0.06874539,1.05343307,0.63597229,1,-0.0040696785,0.0060456097,1.39117439,,0.16552734375,270.18749084472654,0.9264485332524549,79.7084211136868,,
TNG50-1,40,1.5,189576,0,-0.03931431,-0.02015369,1.26456458,-2.64040406,2,-0.021992333,-0.0057799034,1.39117439,,0.16552734375,270.18749084472654,0.9264485332524549,79.7084211136868,,
TNG50-1,40,1.5,189576,0,0.00480286,-0.01077817,1.35383397,-1.74872049,3,-0.0006746799,0.007928405,1.39117439,,0.16552734375,270.18749084472654,0.9264485332524549,79.7084211136868,,
TNG50-1,40,1.5,189576,0,-0.04827283,0.05358159,0.81574003,-0.51810998,4,-0.012871712,0.033086486,1.39117439,,0.16552734375,270.18749084472654,0.9264485332524549,79.7084211136868,,
TNG50-1,40,1.5,189576,0,-0.08304959,-0.09052229,0.25917163,-1.87352966,5,-0.042758033,-0.010001514,1.39117439,,0.16552734375,270.18749084472654,0.9264485332524549,79.7084211136868,,
TNG50-1,40,1.5,189576,0,0.04097031,0.09834343,0.46090635,2.84943091,6,-0.0024485067,-0.0040644854,1.39117439,,0.16552734375,270.18749084472654,0.9264485332524549,79.7084211136868,,
TNG50-1,40,1.5,189576,0,-0.02372073,0.12220502,0.73959489,3.1139311,7,-0.023065448,0.023970302,1.39117439,,0.16552734375,270.18749084472654,0.9264485332524549,79.7084211136868,,
TNG50-1,40,1.5,189576,0,-0.04185168,-0.13531688,0.23527632,-0.81093353,8,-0.016198926,-0.018727388,1.39117439,,0.16552734375,270.18749084472654,0.9264485332524549,79.7084211136868,,
TNG50-1,40,1.5,189576,0,-0.05469236,-0.00487516,0.7143337,1.31462449,9,-0.0255327,0.0043998025,1.39117439,,0.16552734375,270.18749084472654,0.9264485332524549,79.7084211136868,,
TNG50-1,40,1.5,122852,0,-0.01994824,0.03118382,1.09997701,1.89642263,0,0.022336733,-0.016337115,1.15210602,,0.39373779296875,268.5421478271484,0.4143203796014927,66.01081249761481,,
TNG50-1,40,1.5,122852,0,-0.01341166,-0.02490962,1.20959087,2.74770796,1,0.030546378,-0.045532543,1.15210602,,0.39373779296875,268.5421478271484,0.4143203796014927,66.01081249761481,,
TNG50-1,40,1.5,122852,0,-0.08609756,-0.05436177,0.95810451,2.87166986,2,-0.05683898,-0.011547167,1.15210602,,0.39373779296875,268.5421478271484,0.4143203796014927,66.01081249761481,,
TNG50-1,40,1.5,122852,0,0.04096705,-0.01446675,1.37854195,-0.46751389,3,0.06943329,-0.042728554,1.15210602,,0.39373779296875,268.5421478271484,0.4143203796014927,66.01081249761481,,
TNG50-1,40,1.5,122852,0,-0.05431603,-0.0232874,1.11978623,-1.48077572,4,-0.021921568,-0.022664566,1.15210602,,0.39373779296875,268.5421478271484,0.4143203796014927,66.01081249761481,,
TNG50-1,40,1.5,122852,0,0.07466508,-0.01625797,0.76827403,0.68244025,5,0.06434612,-0.044656593,1.15210602,,0.39373779296875,268.5421478271484,0.4143203796014927,66.01081249761481,,
TNG50-1,40,1.5,122852,0,0.09103163,0.047484,1.30980467,0.80545991,6,0.08015654,-0.021165479,1.15210602,,0.39373779296875,268.5421478271484,0.4143203796014927,66.01081249761481,,
TNG50-1,40,1.5,122852,0,-0.01241268,-0.03926538,1.34804347,0.7687159,7,0.026716392,-0.053597283,1.15210602,,0.39373779296875,268.5421478271484,0.4143203796014927,66.01081249761481,,
TNG50-1,40,1.5,122852,0,0.02194863,0.08675115,0.7977812,-1.119798,8,0.038797684,-0.002135314,1.15210602,,0.39373779296875,268.5421478271484,0.4143203796014927,66.01081249761481,,
TNG50-1,40,1.5,122852,0,-0.06159736,-0.06625298,1.05617619,-2.74102868,9,-0.022670627,-0.029982444,1.15210602,,0.39373779296875,268.5421478271484,0.4143203796014927,66.01081249761481,,
TNG50-1,50,1.0,5,0,0.05490741,0.0136942,1.08681135,2.38193594,0,0.021728683,0.009327311,0.88917829,,0.7940521240234375,294.86573791503906,3.413557421163166,50.94616325165958,,
TNG50-1,50,1.0,5,0,-0.06464675,0.04986923,0.82702804,-1.90408997,1,-0.049230672,-0.0076652355,0.88917829,,0.7940521240234375,294.86573791503906,3.413557421163166,50.94616325165958,,
TNG50-1,50,1.0,5,0,0.00636207,0.02595354,0.97582671,1.80174028,2,0.001334615,-0.038454484,0.88917829,,0.7940521240234375,294.86573791503906,3.413557421163166,50.94616325165958,,
TNG50-1,50,1.0,5,0,0.05751119,0.08804406,0.54387002,0.63429538,3,0.019819103,0.013078243,0.88917829,,0.7940521240234375,294.86573791503906,3.413557421163166,50.94616325165958,,
TNG50-1,50,1.0,5,0,-0.10761235,0.02611638,0.88802236,0.21872583,4,-0.0805575,0.028925322,0.88917829,,0.7940521240234375,294.86573791503906,3.413557421163166,50.94616325165958,,
TNG50-1,50,1.0,5,0,0.10091328,0.09823178,1.15402724,0.08757872,5,0.06690702,0.037016835,0.88917829,,0.7940521240234375,294.86573791503906,3.413557421163166,50.94616325165958,,
TNG50-1,50,1.0,5,0,-0.02126426,0.04505394,0.73781103,2.2205477,6,0.0061752573,0.02383133,0.88917829,,0.7940521240234375,294.86573791503906,3.413557421163166,50.94616325165958,,
TNG50-1,50,1.0,5,0,0.00705477,-0.09028751,0.58393279,0.69663428,7,0.019756913,-0.059034754,0.88917829,,0.7940521240234375,294.86573791503906,3.413557421163166,50.94616325165958,,
TNG50-1,50,1.0,5,0,0.02857246,0.13055513,0.99199565,0.23691369,8,-0.0014737695,0.046555795,0.88917829,,0.7940521240234375,294.86573791503906,3.413557421163166,50.94616325165958,,
TNG50-1,50,1.0,5,0,0.03630645,-0.02871721,0.24681672,-2.83459681,9,0.02400238,-0.011727732,0.88917829,,0.7940521240234375,294.86573791503906,3.413557421163166,50.94616325165958,,
TNG50-1,50,1.0,214137,0,-0.05083798,-0.07807985,0.97770112,-1.48081098,0,0.0018115714,-0.05440856,0.40673261,,0.69732666015625,375.4511245727539,3.5900328942282163,23.304061943340503,,
TNG50-1,50,1.0,214137,0,-0.02949435,0.02719948,1.16754876,-3.01875656,1,-0.04193657,-0.0039817207,0.40673261,,0.69732666015625,375.4511245727539,3.5900328942282163,23.304061943340503,,
TNG50-1,50,1.0,214137,0,0.10809709,-0.01982329,1.03107174,-2.13170292,2,0.069031954,-0.025486883,0.40673261,,0.69732666015625,375.4511245727539,3.5900328942282163,23.304061943340503,,
TNG50-1,50,1.0,214137,0,-0.01266308,0.07699257,0.43750738,-3.00554363,3,-0.001706712,0.037722994,0.40673261,,0.69732666015625,375.4511245727539,3.5900328942282163,23.304061943340503,,
TNG50-1,50,1.0,214137,0,-0.03700871,-0.03030935,0.95530299,2.80897742,4,-0.050162993,-0.0038501248,0.40673261,,0.69732666015625,375.4511245727539,3.5900328942282163,23.304061943340503,,
TNG50-1,50,1.0,214137,0,0.05762913,0.0525613,0.42185431,3.14144827,5,0.04469514,-0.018361155,0.40673261,,0.69732666015625,375.4511245727539,3.5900328942282163,23.304061943340503,,
TNG50-1,50,1.0,214137,0,-0.04738385,0.0887849,0.90761781,1.64764134,6,-0.026543848,0.030913997,0.40673261,,0.69732666015625,375.4511245727539,3.5900328942282163,23.304061943340503,,
TNG50-1,50,1.0,214137,0,-0.02237096,-0.04254716,0.65543052,-2.46220336,7,-0.020496167,-0.012446698,0.40673261,,0.69732666015625,375.4511245727539,3.5900328942282163,23.304061943340503,,
TNG50-1,50,1.0,214137,0,0.06245261,-0.00966065,1.15074721,2.50664825,8,0.041463472,-0.0132947005,0.40673261,,0.69732666015625,375.4511245727539,3.5900328942282163,23.304061943340503,,
TNG50-1,50,1.0,214137,0,0.00213838,0.01943126,0.62616545,1.53169093,9,-0.017546922,-0.045877155,0.40673261,,0.69732666015625,375.4511245727539,3.5900328942282163,23.304061943340503,,
TNG50-1,50,1.0,188936,0,0.06755922,-0.02120776,0.35126104,-0.72256393,0,0.05520358,-0.049361933,0.35263961,,0.8173980712890625,218.99872436523435,2.803942057970015,20.20476134213934,,
TNG50-1,50,1.0,188936,0,0.07222376,0.02624452,0.88427839,-1.14899973,1,0.086431116,-0.032021414,0.35263961,,0.8173980712890625,218.99872436523435,2.803942057970015,20.20476134213934,,
TNG50-1,50,1.0,188936,0,0.03763922,-0.05568014,1.07914198,1.25824806,2,0.027012382,-0.013678696,0.35263961,,0.8173980712890625,218.99872436523435,2.803942057970015,20.20476134213934,,
TNG50-1,50,1.0,188936,0,-0.04903104,-0.00547405,1.37452149,2.00925268,3,-0.024866506,-0.0096079,0.35263961,,0.8173980712890625,218.99872436523435,2.803942057970015,20.20476134213934,,
TNG50-1,50,1.0,188936,0,-0.10931466,0.05445686,0.42462946,-1.74392688,4,-0.080130436,0.045696482,0.35263961,,0.8173980712890625,218.99872436523435,2.803942057970015,20.20476134213934,,
TNG50-1,50,1.0,188936,0,0.05394175,0.01055554,1.12076186,0.17738104,5,0.050840132,-0.027639005,0.35263961,,0.8173980712890625,218.99872436523435,2.803942057970015,20.20476134213934,,
TNG50-1,50,1.0,188936,0,0.00556925,0.06237132,0.7363766,-2.88644288,6,0.012807667,-0.0031903982,0.35263961,,0.8173980712890625,218.99872436523435,2.803942057970015,20.20476134213934,,
TNG50-1,50,1.0,188936,0,-0.03725987,0.05668012,0.74900269,-1.79538361,7,-0.008185908,0.008953806,0.35263961,,0.8173980712890625,218.99872436523435,2.803942057970015,20.20476134213934,,
TNG50-1,50,1.0,188936,0,0.05867812,0.00038692,1.1857115,1.64469667,8,0.047466118,0.0071871355,0.35263961,,0.8173980712890625,218.99872436523435,2.803942057970015,20.20476134213934,,
TNG50-1,50,1.0,188936,0,-0.04307794,-0.11683707,1.34730725,1.84347602,9,-0.012466319,-0.04579198,0.35263961,,0.8173980712890625,218.99872436523435,2.803942057970015,20.20476134213934,,
TNG50-1,50,1.0,217773,0,0.00970521,0.04805138,0.31555111,1.08837353,0,-0.024202235,-0.020036783,0.52937603,,0.6854248046875,163.57656097412104,3.7435858230382704,30.331012294390852,,
TNG50-1,50,1.0,217773,0,0.01882023,-0.00625728,0.43144502,-0.79139194,1,-0.011004023,0.022365998,0.52937603,,0.6854248046875,163.57656097412104,3.7435858230382704,30.331012294390852,,
TNG50-1,50,1.0,217773,0,-0.03161959,0.00589563,0.29044331,-0.82546507,2,-0.015299082,0.012017813,0.52937603,,0.6854248046875,163.57656097412104,3.7435858230382704,30.331012294390852,,
TNG50-1,50,1.0,217773,0,-0.03153859,-0.15081906,0.21219436,-2.94230791,3,0.009931184,-0.023302082,0.52937603,,0.6854248046875,163.57656097412104,3.7435858230382704,30.331012294390852,,
TNG50-1,50,1.0,217773,0,0.06121982,-0.01961268,0.77763925,-0.47884513,4,0.067858696,-0.03673244,0.52937603,,0.6854248046875,163.57656097412104,3.7435858230382704,30.331012294390852,,
TNG50-1,50,1.0,217773,0,0.03177552,0.01691361,1.00524982,-0.57582757,5,0.03580922,0.03928914,0.52937603,,0.6854248046875,163.57656097412104,3.7435858230382704,30.331012294390852,,
TNG50-1,50,1.0,217773,0,-0.05114826,0.02326449,0.53719746,-1.72918851,6,0.012766629,0.013445951,0.52937603,,0.6854248046875,163.57656097412104,3.7435858230382704,30.331012294390852,,
TNG50-1,50,1.0,217773,0,0.00904317,0.04811779,1.38039655,-1.5876147,7,-0.019144483,0.02058531,0.52937603,,0.6854248046875,163.57656097412104,3.7435858230382704,30.331012294390852,,
TNG50-1,50,1.0,217773,0,-0.1186888,-0.01051289,0.56251333,0.52866458,8,-0.09491766,-0.026518304,0.52937603,,0.6854248046875,163.57656097412104,3.7435858230382704,30.331012294390852,,
TNG50-1,50,1.0,217773,0,-0.02869701,-0.00828279,0.96085634,-1.14497579,9,-0.02244579,-0.04758549,0.52937603,,0.6854248046875,163.57656097412104,3.7435858230382704,30.331012294390852,,
TNG50-1,50,1.0,213279,0,0.02355336,0.01956568,1.37694547,-0.76988194,0,0.036673367,0.02390059,1.11886645,,0.7110748291015625,249.00497436523438,3.0389771437242046,64.10632542378515,,
TNG50-1,50,1.0,213279,0,0.01378454,0.02069542,1.10204365,3.00177838,1,0.012634113,0.013685361,1.11886645,,0.7110748291015625,249.00497436523438,3.0389771437242046,64.10632542378515,,
TNG50-1,50,1.0,213279,0,0.0342499,-0.03047789,0.891782,1.20271221,2,0.051936135,-0.0027029477,1.11886645,,0.7110748291015625,249.00497436523438,3.0389771437242046,64.10632542378515,,
TNG50-1,50,1.0,213279,0,0.00669674,-0.04039112,1.09879398,-2.81351642,3,0.04971774,-0.025528181,1.11886645,,0.7110748291015625,249.00497436523438,3.0389771437242046,64.10632542378515,,
TNG50-1,50,1.0,213279,0,0.03351107,-0.0176926,0.36775817,-2.55959497,4,0.06575887,0.017911773,1.11886645,,0.7110748291015625,249.00497436523438,3.0389771437242046,64.10632542378515,,
TNG50-1,50,1.0,213279,0,0.03765562,-0.02461084,1.18498845,-2.5876161,5,0.02407394,-0.013144713,1.11886645,,0.7110748291015625,249.00497436523438,3.0389771437242046,64.10632542378515,,
TNG50-1,50,1.0,213279,0,0.00813594,-0.07290653,1.16170265,2.84390953,6,0.020356279,-0.010302398,1.11886645,,0.7110748291015625,249.00497436523438,3.0389771437242046,64.10632542378515,,
TNG50-1,50,1.0,213279,0,-0.01101972,-0.03257475,0.81723443,1.15642994,7,0.027101792,-0.019337568,1.11886645,,0.7110748291015625,249.00497436523438,3.0389771437242046,64.10632542378515,,
TNG50-1,50,1.0,213279,0,0.07651989,0.01331115,1.39682278,-0.45486487,8,0.06749242,-0.011637259,1.11886645,,0.7110748291015625,249.00497436523438,3.0389771437242046,64.10632542378515,,
TNG50-1,50,1.0,213279,0,-0.02389508,0.06329718,0.7084663,-1.88192276,9,0.0019762143,0.044711407,1.11886645,,0.7110748291015625,249.00497436523438,3.0389771437242046,64.10632542378515,,
TNG50-1,50,1.0,123138,0,-0.04524363,-0.06980496,1.0276581,1.21173085,0,-0.043552272,-0.0033371262,0.68843124,,0.788909912109375,187.2250274658203,3.9679694421883624,39.44420453695786,,
TNG50-1,50,1.0,123138,0,-0.02818885,-0.06533313,0.79841411,-1.28143222,1,-0.0041541234,-0.042115327,0.68843124,,0.788909912109375,187.2250274658203,3.9679694421883624,39.44420453695786,,
TNG50-1,50,1.0,123138,0,0.05157065,0.00853147,1.05942936,0.36002241,2,0.03533534,0.0073494352,0.68843124,,0.788909912109375,187.2250274658203,3.9679694421883624,39.44420453695786,,
TNG50-1,50,1.0,123138,0,0.07390159,0.0274669,0.59326597,-2.70174731,3,0.02907487,-0.006964702,0.68843124,,0.788909912109375,187.2250274658203,3.9679694421883624,39.44420453695786,,
TNG50-1,50,1.0,123138,0,-0.03503963,-0.10330724,0.88081987,-2.06940252,4,-0.004494451,-0.056319732,0.68843124,,0.788909912109375,187.2250274658203,3.9679694421883624,39.44420453695786,,
TNG50-1,50,1.0,123138,0,-0.03615038,-0.0160655,0.54535658,0.77194693,5,-0.01250048,-0.010422725,0.68843124,,0.788909912109375,187.2250274658203,3.9679694421883624,39.44420453695786,,
TNG50-1,50,1.0,123138,0,-0.05785643,0.08091479,1.23773114,-1.22105773,6,-0.040633045,0.053256758,0.68843124,,0.788909912109375,187.2250274658203,3.9679694421883624,39.44420453695786,,
TNG50-1,50,1.0,123138,0,0.06531427,-0.01087546,1.24525488,-1.7924549,7,0.084568895,-0.021401834,0.68843124,,0.788909912109375,187.2250274658203,3.9679694421883624,39.44420453695786,,
TNG50-1,50,1.0,123138,0,0.05605022,0.0744819,1.01606358,-1.70370768,8,0.035800822,0.01014464,0.68843124,,0.788909912109375,187.2250274658203,3.9679694421883624,39.44420453695786,,
TNG50-1,50,1.0,123138,0,-0.00529909,0.03245231,1.39609262,-1.79184278,9,0.0077653416,0.032435838,0.68843124,,0.788909912109375,187.2250274658203,3.9679694421883624,39.44420453695786,,
TNG50-1,50,1.0,227888,0,0.01468296,0.00404626,0.63553814,-1.95588146,0,-0.020562634,-0.036560033,1.05640855,,0.5114593505859375,289.8185668945312,4.209788659379544,60.527751356535006,,
TNG50-1,50,1.0,227888,0,0.00940608,0.07539597,0.73443194,2.52251292,1,-0.005534999,0.039082,1.05640855,,0.5114593505859375,289.8185668945312,4.209788659379544,60.527751356535006,,
TNG50-1,50,1.0,227888,0,0.03012097,0.05634931,0.6774856,1.78375619,2,0.007013187,-0.018361475,1.05640855,,0.5114593505859375,289.8185668945312,4.209788659379544,60.527751356535006,,
TNG50-1,50,1.0,227888,0,0.0302375,-0.00592821,1.19370098,-0.97717541,3,0.0049152747,0.0014030933,1.05640855,,0.5114593505859375,289.8185668945312,4.209788659379544,60.527751356535006,,
TNG50-1,50,1.0,227888,0,-0.13028943,-0.00990231,1.06006131,2.81262731,4,-0.061980404,-0.010443334,1.05640855,,0.5114593505859375,289.8185668945312,4.209788659379544,60.527751356535006,,
TNG50-1,50,1.0,227888,0,-0.01202495,-0.14251621,1.30054129,-1.64039698,5,-0.0060028657,-0.026442546,1.05640855,,0.5114593505859375,289.8185668945312,4.209788659379544,60.527751356535006,,
TNG50-1,50,1.0,227888,0,0.02589521,-0.01632511,1.19878215,-0.58546436,6,0.018508554,0.017539691,1.05640855,,0.5114593505859375,289.8185668945312,4.209788659379544,60.527751356535006,,
TNG50-1,50,1.0,227888,0,-0.02052283,-0.06766344,1.14257116,1.96993763,7,-0.017048903,0.020977918,1.05640855,,0.5114593505859375,289.8185668945312,4.209788659379544,60.527751356535006,,
TNG50-1,50,1.0,227888,0,0.00181013,0.01106148,1.12769584,-0.35885552,8,0.002542697,0.020158395,1.05640855,,0.5114593505859375,289.8185668945312,4.209788659379544,60.527751356535006,,
TNG50-1,50,1.0,227888,0,0.037535,0.00764354,1.25374432,-1.66739827,9,0.030109577,0.00073844194,1.05640855,,0.5114593505859375,289.8185668945312,4.209788659379544,60.527751356535006,,
TNG50-1,50,1.0,130254,0,0.03739247,-0.08370312,1.32613856,2.24316419,0,0.013494208,-0.010961752,0.93212589,,0.3355560302734375,332.4213409423828,1.891407702136989,53.40687947187563,,
TNG50-1,50,1.0,130254,0,0.02099984,-0.00587972,0.87535033,2.61820577,1,0.022760086,0.001867801,0.93212589,,0.3355560302734375,332.4213409423828,1.891407702136989,53.40687947187563,,
TNG50-1,50,1.0,130254,0,-0.01385347,-0.05816956,0.41537008,-0.13716534,2,-0.013778113,-0.017392393,0.93212589,,0.3355560302734375,332.4213409423828,1.891407702136989,53.40687947187563,,
TNG50-1,50,1.0,130254,0,-0.00502119,0.07156233,0.63128654,1.80802379,3,0.0018583611,0.067477986,0.93212589,,0.3355560302734375,332.4213409423828,1.891407702136989,53.40687947187563,,
TNG50-1,50,1.0,130254,0,0.03807332,-0.05785605,0.55975143,-1.91586636,4,0.017617255,-0.008317854,0.93212589,,0.3355560302734375,332.4213409423828,1.891407702136989,53.40687947187563,,
TNG50-1,50,1.0,130254,0,-0.0567898,-0.08250949,0.39776977,0.64798632,5,-0.015752904,-0.041299593,0.93212589,,0.3355560302734375,332.4213409423828,1.891407702136989,53.40687947187563,,
TNG50-1,50,1.0,130254,0,0.01020839,0.00666761,0.81532661,-0.8881587,6,-0.0056362525,0.03244316,0.93212589,,0.3355560302734375,332.4213409423828,1.891407702136989,53.40687947187563,,
TNG50-1,50,1.0,130254,0,0.03497549,-0.02068515,0.21974308,0.60427687,7,0.026372049,0.012130614,0.93212589,,0.3355560302734375,332.4213409423828,1.891407702136989,53.40687947187563,,
TNG50-1,50,1.0,130254,0,-0.0891137,-0.07523026,1.37257222,1.1030792,8,-0.069808595,-0.028733525,0.93212589,,0.3355560302734375,332.4213409423828,1.891407702136989,53.40687947187563,,
TNG50-1,50,1.0,130254,0,0.0342469,0.02629076,0.56185127,-0.96089591,9,0.030993503,-0.028970096,0.93212589,,0.3355560302734375,332.4213409423828,1.891407702136989,53.40687947187563,,
TNG50-1,50,1.0,171738,0,-0.09416642,-0.09149651,1.25812753,0.48293504,0,-0.07108017,0.008370612,1.30425858,,0.451904296875,408.33492279052734,1.8398810704813573,74.72851202772584,,
TNG50-1,50,1.0,171738,0,0.05652389,-0.00609642,1.15857761,1.5792077,1,0.042539716,-0.013999317,1.30425858,,0.451904296875,408.33492279052734,1.8398810704813573,74.72851202772584,,
TNG50-1,50,1.0,171738,0,0.05913624,-0.01056216,1.13451286,1.41999333,2,0.057598375,-0.030704875,1.30425858,,0.451904296875,408.33492279052734,1.8398810704813573,74.72851202772584,,
TNG50-1,50,1.0,171738,0,-0.02371834,0.01361509,0.21405032,-2.44713612,3,-0.036348037,-0.023576807,1.30425858,,0.451904296875,408.33492279052734,1.8398810704813573,74.72851202772584,,
TNG50-1,50,1.0,171738,0,0.0260638,-0.03247537,1.21984422,3.13823813,4,0.045987822,0.01362798,1.30425858,,0.451904296875,408.33492279052734,1.8398810704813573,74.72851202772584,,
TNG50-1,50,1.0,171738,0,-0.01085494,0.09428458,1.29258308,2.77647504,5,0.000408642,0.025226457,1.30425858,,0.451904296875,408.33492279052734,1.8398810704813573,74.72851202772584,,
TNG50-1,50,1.0,171738,0,0.01209542,0.00803025,0.40304932,2.49186079,6,0.010588974,-0.007227566,1.30425858,,0.451904296875,408.33492279052734,1.8398810704813573,74.72851202772584,,
TNG50-1,50,1.0,171738,0,-0.05736297,0.01164409,1.26490095,0.76836529,7,-0.0393551,0.02182573,1.30425858,,0.451904296875,408.33492279052734,1.8398810704813573,74.72851202772584,,
TNG50-1,50,1.0,171738,0,0.03112463,0.00986169,0.49013077,0.14320216,8,-0.002924122,-0.00055554137,1.30425858,,0.451904296875,408.33492279052734,1.8398810704813573,74.72851202772584,,
TNG50-1,50,1.0,171738,0,-0.08205926,0.05014549,0.79972816,0.22794507,9,-0.07506674,0.03862772,1.30425858,,0.451904296875,408.33492279052734,1.8398810704813573,74.72851202772584,,
TNG50-1,50,1.0,292785,0,0.07336669,0.00948631,1.34505483,0.65155525,0,0.0648647,0.0034217276,1.07565143,,0.5431671142578125,232.65364074707028,1.0899067522112271,61.6302871662117,,
TNG50-1,50,1.0,292785,0,-0.07879617,0.04520445,1.19491139,-0.91634649,1,-0.047479093,0.013224658,1.07565143,,0.5431671142578125,232.65364074707028,1.0899067522112271,61.6302871662117,,
TNG50-1,50,1.0,292785,0,-0.08450009,-0.05829785,1.14429088,-1.96103716,2,-0.063817464,-0.0044253655,1.07565143,,0.5431671142578125,232.65364074707028,1.0899067522112271,61.6302871662117,,
TNG50-1,50,1.0,292785,0,0.03848433,-0.00989738,1.03126435,-2.29747062,3,0.0324506,-0.011268701,1.07565143,,0.5431671142578125,232.65364074707028,1.0899067522112271,61.6302871662117,,
TNG50-1,50,1.0,292785,0,0.04329036,-0.01221183,0.9845362,1.53419513,4,0.0403726,0.0075689815,1.07565143,,0.5431671142578125,232.65364074707028,1.0899067522112271,61.6302871662117,,
TNG50-1,50,1.0,292785,0,-0.0096625,0.02089796,1.15262636,-0.19394938,5,-0.018727466,0.023535248,1.07565143,,0.5431671142578125,232.65364074707028,1.0899067522112271,61.6302871662117,,
TNG50-1,50,1.0,292785,0,0.02001972,-0.00043492,0.6261144,-2.85055833,6,0.014991984,0.07183689,1.07565143,,0.5431671142578125,232.65364074707028,1.0899067522112271,61.6302871662117,,
TNG50-1,50,1.0,292785,0,0.03726035,-0.02729418,1.21235281,3.04005328,7,0.025277883,0.007326957,1.07565143,,0.5431671142578125,232.65364074707028,1.0899067522112271,61.6302871662117,,
TNG50-1,50,1.0,292785,0,-0.04069316,0.06242829,0.746286,1.07632964,8,-0.0021606386,0.04634197,1.07565143,,0.5431671142578125,232.65364074707028,1.0899067522112271,61.6302871662117,,
TNG50-1,50,1.0,292785,0,-0.03534242,-0.02696287,0.53555767,2.16256275,9,-0.037341632,0.004825201,1.07565143,,0.5431671142578125,232.65364074707028,1.0899067522112271,61.6302871662117,,
TNG50-1,50,1.0,176324,0,0.06901529,0.05311562,1.06192241,-0.17822043,0,0.03854692,0.013500698,0.29610492,,0.9106292724609375,133.69196166992182,5.2178055142718405,16.96556220905888,,
TNG50-1,50,1.0,176324,0,-0.00350419,-0.0178597,0.55703885,1.13275086,1,0.0060088187,0.0062940754,0.29610492,,0.9106292724609375,133.69196166992182,5.2178055142718405,16.96556220905888,,
TNG50-1,50,1.0,176324,0,-0.08783669,0.15226628,0.91317148,-0.09239992,2,-0.07723098,0.028642485,0.29610492,,0.9106292724609375,133.69196166992182,5.2178055142718405,16.96556220905888,,
TNG50-1,50,1.0,176324,0,-0.04621328,-0.02822444,0.89260012,1.00104109,3,0.00073140115,-0.026152987,0.29610492,,0.9106292724609375,133.69196166992182,5.2178055142718405,16.96556220905888,,
TNG50-1,50,1.0,176324,0,-0.0638769,-0.0451665,1.09156304,1.09417573,4,-0.038047887,-0.020808283,0.29610492,,0.9106292724609375,133.69196166992182,5.2178055142718405,16.96556220905888,,
TNG50-1,50,1.0,176324,0,-0.00658718,-0.05131503,0.57145981,1.31596014,5,-0.014794871,-0.029631402,0.29610492,,0.9106292724609375,133.69196166992182,5.2178055142718405,16.96556220905888,,
TNG50-1,50,1.0,176324,0,0.01036695,-0.01054704,1.17684031,2.03135251,6,0.02460818,-0.008414324,0.29610492,,0.9106292724609375,133.69196166992182,5.2178055142718405,16.96556220905888,,
TNG50-1,50,1.0,176324,0,-0.02516085,-0.0859768,0.96583337,0.2558674,7,-0.048052497,-0.0089283995,0.29610492,,0.9106292724609375,133.69196166992182,5.2178055142718405,16.96556220905888,,
TNG50-1,50,1.0,176324,0,0.03885233,0.01472814,0.8972469,-1.92719013,8,0.010313861,0.030948333,0.29610492,,0.9106292724609375,133.69196166992182,5.2178055142718405,16.96556220905888,,
TNG50-1,50,1.0,176324,0,0.00394011,-0.09526519,0.68962752,1.1287167,9,0.0036663786,5.2571297e-05,0.29610492,,0.9106292724609375,133.69196166992182,5.2178055142718405,16.96556220905888,,
TNG50-1,50,1.0,216435,0,0.00761091,0.05604438,0.37740928,-2.50197202,0,-0.016406558,0.030351492,1.14167428,,0.74908447265625,221.6325584411621,3.311454176002685,65.413117822637,,
TNG50-1,50,1.0,216435,0,0.06747263,-0.02035883,0.58945635,-1.57366268,1,0.059574988,-0.035654884,1.14167428,,0.74908447265625,221.6325584411621,3.311454176002685,65.413117822637,,
TNG50-1,50,1.0,216435,0,0.01852679,0.08623006,0.93513385,0.59380794,2,0.001935564,0.0686053,1.14167428,,0.74908447265625,221.6325584411621,3.311454176002685,65.413117822637,,
TNG50-1,50,1.0,216435,0,-0.05331668,-0.10620793,0.30189167,-2.75610172,3,-0.04839184,-0.023965124,1.14167428,,0.74908447265625,221.6325584411621,3.311454176002685,65.413117822637,,
TNG50-1,50,1.0,216435,0,0.02291406,0.00673978,1.27791377,0.31469112,4,0.030872982,-0.025110308,1.14167428,,0.74908447265625,221.6325584411621,3.311454176002685,65.413117822637,,
TNG50-1,50,1.0,216435,0,0.03350553,0.07146963,0.89830783,0.53087535,5,-0.006305188,0.030724572,1.14167428,,0.74908447265625,221.6325584411621,3.311454176002685,65.413117822637,,
TNG50-1,50,1.0,216435,0,-0.02738118,-0.04451522,1.24676014,-1.31339193,6,-0.0010830536,-0.014126036,1.14167428,,0.74908447265625,221.6325584411621,3.311454176002685,65.413117822637,,
TNG50-1,50,1.0,216435,0,-0.07210465,-0.00796005,1.13932825,-1.29984665,7,-0.04040172,0.021511596,1.14167428,,0.74908447265625,221.6325584411621,3.311454176002685,65.413117822637,,
TNG50-1,50,1.0,216435,0,0.0050148,-0.02015179,0.37208874,-1.70224516,8,0.02752626,-0.01755621,1.14167428,,0.74908447265625,221.6325584411621,3.311454176002685,65.413117822637,,
TNG50-1,50,1.0,216435,0,-0.05004223,-0.03418838,0.50873967,2.73743537,9,-0.030953325,-0.03733341,1.14167428,,0.74908447265625,221.6325584411621,3.311454176002685,65.413117822637,,
TNG50-1,50,1.0,278928,0,0.00503918,-0.07278145,1.08774642,2.91026021,0,0.02511736,0.0008690953,1.15888982,,0.157318115234375,323.68214721679686,0.4462367054217134,66.39949560667566,,
TNG50-1,50,1.0,278928,0,0.02194894,-0.02310338,0.67134858,1.18874612,1,0.0512579,-0.007852633,1.15888982,,0.157318115234375,323.68214721679686,0.4462367054217134,66.39949560667566,,
TNG50-1,50,1.0,278928,0,0.04815705,-0.06041371,0.40856358,0.22810482,2,0.033285417,-0.039856803,1.15888982,,0.157318115234375,323.68214721679686,0.4462367054217134,66.39949560667566,,
TNG50-1,50,1.0,278928,0,-0.00366774,-0.03024867,0.29746936,-2.31189934,3,-0.008697048,-0.021664593,1.15888982,,0.157318115234375,323.68214721679686,0.4462367054217134,66.39949560667566,,
TNG50-1,50,1.0,278928,0,-0.01863356,0.0625235,0.35491096,0.08319094,4,-0.040094323,0.0030352436,1.15888982,,0.157318115234375,323.68214721679686,0.4462367054217134,66.39949560667566,,
TNG50-1,50,1.0,278928,0,0.09931323,-0.03061629,0.90253914,2.79112382,5,0.08472303,0.006305311,1.15888982,,0.157318115234375,323.68214721679686,0.4462367054217134,66.39949560667566,,
TNG50-1,50,1.0,278928,0,0.00032931,0.03591281,0.96618918,0.64648525,6,-0.031246014,0.02169317,1.15888982,,0.157318115234375,323.68214721679686,0.4462367054217134,66.39949560667566,,
TNG50-1,50,1.0,278928,0,0.03597809,0.07586326,0.24534263,-0.59923604,7,-0.004095547,-0.026850965,1.15888982,,0.157318115234375,323.68214721679686,0.4462367054217134,66.39949560667566,,
TNG50-1,50,1.0,278928,0,-0.02697698,-0.00137887,1.21673082,0.32108963,8,0.0009385869,-0.015428279,1.15888982,,0.157318115234375,323.68214721679686,0.4462367054217134,66.39949560667566,,
TNG50-1,50,1.0,278928,0,0.03449548,0.04968836,1.24307623,2.42622114,9,0.018272772,-0.026281271,1.15888982,,0.157318115234375,323.68214721679686,0.4462367054217134,66.39949560667566,,
TNG50-1,50,1.0,202095,0,0.0167488,-0.11461507,1.32158666,2.2492053,0,0.044783104,-0.05881529,1.14348357,,0.5240631103515625,232.81002807617188,3.7104234841377104,65.51678250355224,,
TNG50-1,50,1.0,202095,0,-0.02060533,-0.04912802,0.90992492,-0.77181124,1,-0.004732497,0.035014022,1.14348357,,0.5240631103515625,232.81002807617188,3.7104234841377104,65.51678250355224,,
TNG50-1,50,1.0,202095,0,0.05748519,0.06920529,0.86323616,2.91770958,2,0.04359296,-0.002359081,1.14348357,,0.5240631103515625,232.81002807617188,3.7104234841377104,65.51678250355224,,
TNG50-1,50,1.0,202095,0,-0.00219904,-0.06279729,1.13822213,-2.39917377,3,0.019147411,-0.039565746,1.14348357,,0.5240631103515625,232.81002807617188,3.7104234841377104,65.51678250355224,,
TNG50-1,50,1.0,202095,0,0.06246148,0.04412306,1.3612625,2.11400722,4,0.06887634,0.016070213,1.14348357,,0.5240631103515625,232.81002807617188,3.7104234841377104,65.51678250355224,,
TNG50-1,50,1.0,202095,0,0.02538064,0.03532263,1.35699418,2.56566428,5,0.041107796,0.018778402,1.14348357,,0.5240631103515625,232.81002807617188,3.7104234841377104,65.51678250355224,,
TNG50-1,50,1.0,202095,0,-0.00637542,-0.03628762,1.00339444,2.02743012,6,-0.018301979,-0.02865937,1.14348357,,0.5240631103515625,232.81002807617188,3.7104234841377104,65.51678250355224,,
TNG50-1,50,1.0,202095,0,0.03938347,-0.09976158,0.75109832,1.94050612,7,0.016014889,-0.048325103,1.14348357,,0.5240631103515625,232.81002807617188,3.7104234841377104,65.51678250355224,,
TNG50-1,50,1.0,202095,0,0.03970292,-0.02844563,0.74191025,-0.87141487,8,0.027029358,0.014081694,1.14348357,,0.5240631103515625,232.81002807617188,3.7104234841377104,65.51678250355224,,
TNG50-1,50,1.0,202095,0,0.0235955,0.10390075,1.24868425,1.34047427,9,0.00306613,0.058332488,1.14348357,,0.5240631103515625,232.81002807617188,3.7104234841377104,65.51678250355224,,
TNG50-1,50,1.0,245604,0,0.00491335,0.00233596,1.14874711,-0.19642035,0,0.012866534,0.008493442,1.38026003,,0.65753173828125,240.02878112792968,1.913065748122794,79.0830743496004,,
TNG50-1,50,1.0,245604,0,-0.01516664,0.00734997,0.93995361,-1.56921786,1,0.00035249442,0.017262883,1.38026003,,0.65753173828125,240.02878112792968,1.913065748122794,79.0830743496004,,
TNG50-1,50,1.0,245604,0,0.05369848,-0.04236741,1.1161802,2.42559883,2,0.04096262,-0.013966095,1.38026003,,0.65753173828125,240.02878112792968,1.913065748122794,79.0830743496004,,
TNG50-1,50,1.0,245604,0,-0.0154249,0.04682969,0.64756976,0.10762229,3,-0.002463773,0.015109856,1.38026003,,0.65753173828125,240.02878112792968,1.913065748122794,79.0830743496004,,
TNG50-1,50,1.0,245604,0,-0.01172707,0.01033046,1.2095489,-1.67529545,4,-0.0086158365,-0.0067193247,1.38026003,,0.65753173828125,240.02878112792968,1.913065748122794,79.0830743496004,,
TNG50-1,50,1.0,245604,0,0.04073143,-0.00224281,0.37052701,-0.30617755,5,0.02854696,-0.0039455257,1.38026003,,0.65753173828125,240.02878112792968,1.913065748122794,79.0830743496004,,
TNG50-1,50,1.0,245604,0,0.09053558,-0.06355727,1.12598843,-1.91012432,6,0.055903837,-0.049987454,1.38026003,,0.65753173828125,240.02878112792968,1.913065748122794,79.0830743496004,,
TNG50-1,50,1.0,245604,0,0.07037492,0.00311431,1.31388209,-2.01860286,7,0.055364266,0.012638804,1.38026003,,0.65753173828125,240.02878112792968,1.913065748122794,79.0830743496004,,
TNG50-1,50,1.0,245604,0,-0.00683269,-0.09466062,1.19755202,-1.25251234,8,0.01981638,-0.045744654,1.38026003,,0.65753173828125,240.02878112792968,1.913065748122794,79.0830743496004,,
TNG50-1,50,1.0,245604,0,-0.00247571,-0.02908247,1.33885567,-2.46111448,9,-0.013370022,-0.0020734556,1.38026003,,0.65753173828125,240.02878112792968,1.913065748122794,79.0830743496004,,
TNG50-1,50,1.0,202094,0,0.02294949,-0.10417786,0.89629561,0.75605438,0,-0.010009728,-0.056568246,0.92348112,,0.416107177734375,229.74558334350584,0.7817381287574023,52.91157063601432,,
TNG50-1,50,1.0,202094,0,0.04301968,0.07946493,1.17247615,-0.325044,1,0.012759555,-0.01883949,0.92348112,,0.416107177734375,229.74558334350584,0.7817381287574023,52.91157063601432,,
TNG50-1,50,1.0,202094,0,-0.01751712,-0.01019455,0.81184344,2.80141188,2,-0.038822316,0.0060908534,0.92348112,,0.416107177734375,229.74558334350584,0.7817381287574023,52.91157063601432,,
TNG50-1,50,1.0,202094,0,0.14115587,0.06229471,0.75342285,-2.50229593,3,0.0712938,-0.00044715777,0.92348112,,0.416107177734375,229.74558334350584,0.7817381287574023,52.91157063601432,,
TNG50-1,50,1.0,202094,0,-0.06094095,-0.10167633,1.14390586,2.38761988,4,-0.04002767,-0.024210338,0.92348112,,0.416107177734375,229.74558334350584,0.7817381287574023,52.91157063601432,,
TNG50-1,50,1.0,202094,0,-0.02638779,0.01282843,1.32764767,1.88576532,5,-0.012825213,-0.021785509,0.92348112,,0.416107177734375,229.74558334350584,0.7817381287574023,52.91157063601432,,
TNG50-1,50,1.0,202094,0,0.04506793,-0.02817511,0.96857818,-0.50429737,6,0.042225663,-0.03946216,0.92348112,,0.416107177734375,229.74558334350584,0.7817381287574023,52.91157063601432,,
TNG50-1,50,1.0,202094,0,0.03763607,0.02860601,1.32304548,-2.18109989,7,0.038607694,0.035103947,0.92348112,,0.416107177734375,229.74558334350584,0.7817381287574023,52.91157063601432,,
TNG50-1,50,1.0,202094,0,0.02436945,0.01585352,0.94300423,-2.16225276,8,0.038778964,-0.0026834756,0.92348112,,0.416107177734375,229.74558334350584,0.7817381287574023,52.91157063601432,,
TNG50-1,50,1.0,202094,0,0.03376593,0.01830239,0.71013203,2.65028376,9,0.023455366,0.0050568692,0.92348112,,0.416107177734375,229.74558334350584,0.7817381287574023,52.91157063601432,,
TNG50-1,50,1.0,87129,0,-0.00189978,-0.05885358,0.76189039,-1.2868425,0,-0.0017546713,-0.025690716,0.97496713,,0.606475830078125,186.34072494506836,2.5526977629834335,55.86150171298267,,
TNG50-1,50,1.0,87129,0,-0.06556476,0.02255263,0.63889382,-1.27234377,1,-0.057131656,0.00881372,0.97496713,,0.606475830078125,186.34072494506836,2.5526977629834335,55.86150171298267,,
TNG50-1,50,1.0,87129,0,0.00842494,-0.02415733,0.4244914,-0.1059996,2,0.0072340816,0.009791296,0.97496713,,0.606475830078125,186.34072494506836,2.5526977629834335,55.86150171298267,,
TNG50-1,50,1.0,87129,0,0.00157723,0.01419503,0.3516741,-3.07331844,3,-0.0022853017,0.023288157,0.97496713,,0.606475830078125,186.34072494506836,2.5526977629834335,55.86150171298267,,
TNG50-1,50,1.0,87129,0,0.02775421,-0.03861084,0.82237875,-1.66004013,4,0.011269208,-0.0059693195,0.97496713,,0.606475830078125,186.34072494506836,2.5526977629834335,55.86150171298267,,
TNG50-1,50,1.0,87129,0,-0.05934432,-0.08567367,0.30949474,-2.95862028,5,-0.0356751,-0.028030504,0.97496713,,0.606475830078125,186.34072494506836,2.5526977629834335,55.86150171298267,,
TNG50-1,50,1.0,87129,0,0.00049852,-0.01722586,0.43157055,0.94598737,6,-0.023360103,-0.0013315938,0.97496713,,0.606475830078125,186.34072494506836,2.5526977629834335,55.86150171298267,,
TNG50-1,50,1.0,87129,0,0.0690867,0.03613013,1.39785044,2.44596599,7,0.05329353,-0.0031342283,0.97496713,,0.606475830078125,186.34072494506836,2.5526977629834335,55.86150171298267,,
TNG50-1,50,1.0,87129,0,0.10387499,0.01439999,0.81413077,3.12769839,8,0.065414466,-0.023032788,0.97496713,,0.606475830078125,186.34072494506836,2.5526977629834335,55.86150171298267,,
TNG50-1,50,1.0,87129,0,0.06400646,0.02014739,1.25081892,-0.32322658,9,0.028517641,0.015574213,0.97496713,,0.606475830078125,186.34072494506836,2.5526977629834335,55.86150171298267,,
TNG50-1,50,1.0,197030,0,0.00428832,-0.02051173,1.24923539,-1.11352528,0,-0.019621216,-0.014697928,0.27377134,,0.4289093017578125,372.23701171874995,0.7639690318596855,15.685942333641094,,
TNG50-1,50,1.0,197030,0,0.05337416,0.04962291,0.89855925,0.3294694,1,0.036404103,0.022702288,0.27377134,,0.4289093017578125,372.23701171874995,0.7639690318596855,15.685942333641094,,
TNG50-1,50,1.0,197030,0,0.00642331,0.05460302,1.07686859,-2.62014403,2,0.008349404,0.043936968,0.27377134,,0.4289093017578125,372.23701171874995,0.7639690318596855,15.685942333641094,,
TNG50-1,50,1.0,197030,0,-0.03049102,-0.04640626,0.98630985,0.28705613,3,0.0022890046,0.009729717,0.27377134,,0.4289093017578125,372.23701171874995,0.7639690318596855,15.685942333641094,,
TNG50-1,50,1.0,197030,0,-0.00615732,-0.02590387,1.13713298,-0.43109507,4,-0.016578458,-0.011228818,0.27377134,,0.4289093017578125,372.23701171874995,0.7639690318596855,15.685942333641094,,
TNG50-1,50,1.0,197030,0,-0.10253164,-0.0246295,0.34115081,1.62064528,5,-0.048944436,-0.029916529,0.27377134,,0.4289093017578125,372.23701171874995,0.7639690318596855,15.685942333641094,,
TNG50-1,50,1.0,197030,0,-0.00697014,0.04047728,1.1533499,2.18593803,6,-0.013020523,0.036738593,0.27377134,,0.4289093017578125,372.23701171874995,0.7639690318596855,15.685942333641094,,
TNG50-1,50,1.0,197030,0,-0.02001772,0.00727533,0.91589693,-1.88736506,7,-0.05219572,0.005990129,0.27377134,,0.4289093017578125,372.23701171874995,0.7639690318596855,15.685942333641094,,
TNG50-1,50,1.0,197030,0,-0.04667302,0.00463949,0.53143628,-2.62928745,8,-0.011407934,-0.0017060526,0.27377134,,0.4289093017578125,372.23701171874995,0.7639690318596855,15.685942333641094,,
TNG50-1,50,1.0,197030,0,-0.03760492,0.02681313,0.78410635,-0.68765077,9,-0.0049268752,0.011951406,0.27377134,,0.4289093017578125,372.23701171874995,0.7639690318596855,15.685942333641094,,
TNG50-1,50,1.0,257926,0,0.02754201,0.03841497,0.62624319,-1.17461869,0,0.038237225,-0.0050069094,0.79835724,,0.5694580078125,186.87311859130853,1.708286687942959,45.742500395712945,,
TNG50-1,50,1.0,257926,0,0.0439076,0.06701937,1.10009569,-3.00215023,1,0.043901384,0.011174314,0.79835724,,0.5694580078125,186.87311859130853,1.708286687942959,45.742500395712945,,
TNG50-1,50,1.0,257926,0,-0.00983138,-0.01600189,1.19580056,0.04744115,2,0.0021641627,-0.017012801,0.79835724,,0.5694580078125,186.87311859130853,1.708286687942959,45.742500395712945,,
TNG50-1,50,1.0,257926,0,0.05742039,0.04222374,0.7116425,-1.34605071,3,0.057896703,0.0042820573,0.79835724,,0.5694580078125,186.87311859130853,1.708286687942959,45.742500395712945,,
TNG50-1,50,1.0,257926,0,0.06010869,0.07134871,0.63241627,-1.32059349,4,0.057951547,0.008380409,0.79835724,,0.5694580078125,186.87311859130853,1.708286687942959,45.742500395712945,,
TNG50-1,50,1.0,257926,0,0.06901924,-0.05436793,0.33915394,2.68379083,5,0.08656393,-0.05969118,0.79835724,,0.5694580078125,186.87311859130853,1.708286687942959,45.742500395712945,,
TNG50-1,50,1.0,257926,0,0.02292161,-0.00816631,1.27706439,-2.18046076,6,0.04455869,-0.019167747,0.79835724,,0.5694580078125,186.87311859130853,1.708286687942959,45.742500395712945,,
TNG50-1,50,1.0,257926,0,0.11800686,-0.10706263,0.47266213,2.72836251,7,0.09538091,-0.048803892,0.79835724,,0.5694580078125,186.87311859130853,1.708286687942959,45.742500395712945,,
TNG50-1,50,1.0,257926,0,-0.03076416,-0.00891665,0.66035707,0.02391826,8,-0.010917328,-0.0056220144,0.79835724,,0.5694580078125,186.87311859130853,1.708286687942959,45.742500395712945,,
TNG50-1,50,1.0,257926,0,0.10620388,-0.04080041,0.73984085,2.12547138,9,0.07364695,-0.036144447,0.79835724,,0.5694580078125,186.87311859130853,1.708286687942959,45.742500395712945,,
TNG50-1,50,1.0,287560,0,-0.04899777,-0.05058644,1.33535125,-0.47764065,0,-0.041193627,0.02278838,1.3669392,,0.3173980712890625,230.28623962402344,0.5040424961157789,78.31984701098914,,
TNG50-1,50,1.0,287560,0,-0.04744939,-0.0083181,0.68068398,-0.69127813,1,-0.06211651,0.015834007,1.3669392,,0.3173980712890625,230.28623962402344,0.5040424961157789,78.31984701098914,,
TNG50-1,50,1.0,287560,0,-0.01256275,-0.01245421,0.84649857,-1.94555,2,-0.026597582,-0.00093185157,1.3669392,,0.3173980712890625,230.28623962402344,0.5040424961157789,78.31984701098914,,
TNG50-1,50,1.0,287560,0,0.07487831,-0.040386,1.05927434,1.90160563,3,0.054402627,-0.0110124685,1.3669392,,0.3173980712890625,230.28623962402344,0.5040424961157789,78.31984701098914,,
TNG50-1,50,1.0,287560,0,0.00816258,0.1300987,0.75079864,-0.75699449,4,-0.015068255,0.085491374,1.3669392,,0.3173980712890625,230.28623962402344,0.5040424961157789,78.31984701098914,,
TNG50-1,50,1.0,287560,0,-0.01376829,0.01593133,0.43165132,2.43282586,5,-0.013949789,0.009232834,1.3669392,,0.3173980712890625,230.28623962402344,0.5040424961157789,78.31984701098914,,
TNG50-1,50,1.0,287560,0,0.0772069,0.02321248,1.37182779,-0.91314617,6,0.04950162,-0.014192853,1.3669392,,0.3173980712890625,230.28623962402344,0.5040424961157789,78.31984701098914,,
TNG50-1,50,1.0,287560,0,-0.01434692,-0.02309396,0.82514575,2.1344819,7,-0.024981216,-0.0025333576,1.3669392,,0.3173980712890625,230.28623962402344,0.5040424961157789,78.31984701098914,,
TNG50-1,50,1.0,287560,0,0.11173666,-0.02888347,1.2167411,0.2793902,8,0.07035744,-0.016758446,1.3669392,,0.3173980712890625,230.28623962402344,0.5040424961157789,78.31984701098914,,
TNG50-1,50,1.0,287560,0,-0.02556416,0.05127792,0.98355589,-0.71863784,9,-0.043341465,0.03765171,1.3669392,,0.3173980712890625,230.28623962402344,0.5040424961157789,78.31984701098914,,
TNG50-1,50,1.0,283589,0,0.01270727,-0.09183669,1.24647006,-0.64578325,0,0.019849636,-0.019532252,0.49207613,,0.5024871826171875,151.04898834228516,3.311454176002685,28.193885448130835,,
TNG50-1,50,1.0,283589,0,-0.03268486,-0.01352906,0.67985452,0.99556833,1,-0.042883687,0.026487108,0.49207613,,0.5024871826171875,151.04898834228516,3.311454176002685,28.193885448130835,,
TNG50-1,50,1.0,283589,0,-0.02754873,0.08231051,1.0505277,2.57028514,2,-0.046275668,0.039231297,0.49207613,,0.5024871826171875,151.04898834228516,3.311454176002685,28.193885448130835,,
TNG50-1,50,1.0,283589,0,-0.05668249,0.02759705,1.37840901,1.97800403,3,-0.07972055,0.034154147,0.49207613,,0.5024871826171875,151.04898834228516,3.311454176002685,28.193885448130835,,
TNG50-1,50,1.0,283589,0,-0.07806683,-0.09352286,0.31487318,-0.53471341,4,-0.06077043,-0.016659688,0.49207613,,0.5024871826171875,151.04898834228516,3.311454176002685,28.193885448130835,,
TNG50-1,50,1.0,283589,0,-0.00573744,0.03291697,1.27397623,-0.3677168,5,-0.036386736,0.039133716,0.49207613,,0.5024871826171875,151.04898834228516,3.311454176002685,28.193885448130835,,
TNG50-1,50,1.0,283589,0,0.04081298,-0.03738684,0.9477696,2.43082789,6,0.028150514,-0.0023412816,0.49207613,,0.5024871826171875,151.04898834228516,3.311454176002685,28.193885448130835,,
TNG50-1,50,1.0,283589,0,-0.06901412,0.03456535,1.19057298,-2.92562198,7,-0.0791307,0.013302613,0.49207613,,0.5024871826171875,151.04898834228516,3.311454176002685,28.193885448130835,,
TNG50-1,50,1.0,283589,0,0.01364866,-0.03450409,0.6960348,-2.99826332,8,0.0005689487,-0.007401321,0.49207613,,0.5024871826171875,151.04898834228516,3.311454176002685,28.193885448130835,,
TNG50-1,50,1.0,283589,0,0.03923156,-0.00265162,0.64484571,-1.84854239,9,0.043557093,0.015422907,0.49207613,,0.5024871826171875,151.04898834228516,3.311454176002685,28.193885448130835,,
TNG50-1,59,0.7,280787,0,0.02985245,-0.00200369,0.28921413,-1.06303333,0,0.013636835,-0.0028829426,0.87213065,,0.776824951171875,214.67673034667968,4.989078036892501,49.96940542900117,,
TNG50-1,59,0.7,280787,0,0.02633533,0.00875092,0.97462953,-1.24787823,1,0.019280106,0.0029479526,0.87213065,,0.776824951171875,214.67673034667968,4.989078036892501,49.96940542900117,,
TNG50-1,59,0.7,280787,0,0.10071951,-0.10675978,1.25122218,-1.08951233,2,0.036563203,-0.042100247,0.87213065,,0.776824951171875,214.67673034667968,4.989078036892501,49.96940542900117,,
TNG50-1,59,0.7,280787,0,0.05227425,-0.01097802,0.30070334,-2.39996982,3,0.052461386,-0.0027083755,0.87213065,,0.776824951171875,214.67673034667968,4.989078036892501,49.96940542900117,,
TNG50-1,59,0.7,280787,0,0.01820251,0.00142909,0.32271709,1.75062383,4,-0.0099617615,0.029864177,0.87213065,,0.776824951171875,214.67673034667968,4.989078036892501,49.96940542900117,,
TNG50-1,59,0.7,280787,0,0.06795665,0.02737687,1.0204907,-2.48211038,5,0.057841867,0.013732247,0.87213065,,0.776824951171875,214.67673034667968,4.989078036892501,49.96940542900117,,
TNG50-1,59,0.7,280787,0,0.0269452,0.08134004,1.10175379,-0.63890887,6,0.0019841567,0.008702286,0.87213065,,0.776824951171875,214.67673034667968,4.989078036892501,49.96940542900117,,
TNG50-1,59,0.7,280787,0,-0.0230035,0.00928268,0.76527897,2.10451105,7,0.0011654496,0.008352276,0.87213065,,0.776824951171875,214.67673034667968,4.989078036892501,49.96940542900117,,
TNG50-1,59,0.7,280787,0,-0.05723029,-0.04547814,0.57078313,-0.60252043,8,-0.034403495,-0.032684255,0.87213065,,0.776824951171875,214.67673034667968,4.989078036892501,49.96940542900117,,
TNG50-1,59,0.7,280787,0,-0.02846828,-0.09090397,0.95962427,-1.28954966,9,-0.014124908,-0.01139928,0.87213065,,0.776824951171875,214.67673034667968,4.989078036892501,49.96940542900117,,
TNG50-1,59,0.7,329661,0,-0.0066791,0.06519134,0.79106326,-0.98412929,0,-0.042089432,0.039645165,1.32733742,,0.480255126953125,302.55924530029296,3.149925013058347,76.05083215578355,,
TNG50-1,59,0.7,329661,0,0.06098502,0.02647246,0.94004898,0.7656111,1,0.034817293,0.024786673,1.32733742,,0.480255126953125,302.55924530029296,3.149925013058347,76.05083215578355,,
TNG50-1,59,0.7,329661,0,0.04544354,-0.05659622,1.36528437,0.74088055,2,0.017735533,-0.000809066,1.32733742,,0.480255126953125,302.55924530029296,3.149925013058347,76.05083215578355,,
TNG50-1,59,0.7,329661,0,-0.05693854,-0.02645384,0.79174667,-2.80980288,3,-0.0077030733,-0.012525614,1.32733742,,0.480255126953125,302.55924530029296,3.149925013058347,76.05083215578355,,
TNG50-1,59,0.7,329661,0,-0.03403259,-0.02732303,0.80857055,-0.4848506,4,-0.014458291,-0.010561433,1.32733742,,0.480255126953125,302.55924530029296,3.149925013058347,76.05083215578355,,
TNG50-1,59,0.7,329661,0,0.02373949,0.00799384,1.29623212,-1.74183249,5,0.027756918,-0.006179165,1.32733742,,0.480255126953125,302.55924530029296,3.149925013058347,76.05083215578355,,
TNG50-1,59,0.7,329661,0,0.01766833,-0.01019884,0.61852014,-1.8876532,6,0.002319321,-0.016043607,1.32733742,,0.480255126953125,302.55924530029296,3.149925013058347,76.05083215578355,,
TNG50-1,59,0.7,329661,0,-0.05251908,-0.05727445,0.99049162,0.97365426,7,-0.07197421,0.00452812,1.32733742,,0.480255126953125,302.55924530029296,3.149925013058347,76.05083215578355,,
TNG50-1,59,0.7,329661,0,0.03745633,-0.06971296,1.12346871,-3.06990154,8,0.034598522,-0.0031596422,1.32733742,,0.480255126953125,302.55924530029296,3.149925013058347,76.05083215578355,,
TNG50-1,59,0.7,329661,0,-0.04454371,0.02745117,0.57818456,2.94731014,9,-0.027579762,0.012517285,1.32733742,,0.480255126953125,302.55924530029296,3.149925013058347,76.05083215578355,,
TNG50-1,59,0.7,232104,0,0.00432216,-0.030579,1.00014916,-2.25450819,0,0.021828346,-0.042278368,1.17526429,,0.845001220703125,313.54251251220694,4.3855376721478665,67.33768362943925,,
TNG50-1,59,0.7,232104,0,0.04833794,-0.09774843,1.26273579,-2.32057585,1,0.043049917,0.0027649105,1.17526429,,0.845001220703125,313.54251251220694,4.3855376721478665,67.33768362943925,,
TNG50-1,59,0.7,232104,0,0.01847876,0.04317819,0.53135273,1.50198104,2,0.0008126721,0.009899709,1.17526429,,0.845001220703125,313.54251251220694,4.3855376721478665,67.33768362943925,,
TNG50-1,59,0.7,232104,0,0.04143977,-0.02750953,0.36582026,-0.58835974,3,0.03877817,-0.014066484,1.17526429,,0.845001220703125,313.54251251220694,4.3855376721478665,67.33768362943925,,
TNG50-1,59,0.7,232104,0,-0.10448417,0.14791673,1.31751275,-2.20862714,4,-0.048866935,0.0775298,1.17526429,,0.845001220703125,313.54251251220694,4.3855376721478665,67.33768362943925,,
TNG50-1,59,0.7,232104,0,-0.06171728,-0.0369702,0.67788099,-1.69645767,5,-0.063978635,-0.041136857,1.17526429,,0.845001220703125,313.54251251220694,4.3855376721478665,67.33768362943925,,
TNG50-1,59,0.7,232104,0,-0.01821758,0.10526375,1.21946295,1.85103849,6,0.00405775,0.040662445,1.17526429,,0.845001220703125,313.54251251220694,4.3855376721478665,67.33768362943925,,
TNG50-1,59,0.7,232104,0,0.05397844,0.03741837,1.39447127,0.77452065,7,0.038237765,0.05080334,1.17526429,,0.845001220703125,313.54251251220694,4.3855376721478665,67.33768362943925,,
TNG50-1,59,0.7,232104,0,0.09402649,-0.05141322,1.17982107,1.63946383,8,0.060696818,-0.022745255,1.17526429,,0.845001220703125,313.54251251220694,4.3855376721478665,67.33768362943925,,
TNG50-1,59,0.7,232104,0,-0.00821179,0.01160719,0.53054956,-2.52726527,9,-0.027090043,0.02678952,1.17526429,,0.845001220703125,313.54251251220694,4.3855376721478665,67.33768362943925,,
TNG50-1,59,0.7,278396,0,0.00926147,-0.03478902,0.79212061,-1.17759822,0,-0.0123348385,-0.008589584,1.17731238,,0.8343658447265625,268.4593505859375,3.34446637331961,67.4550305425022,,
TNG50-1,59,0.7,278396,0,0.03863418,-0.02473661,1.29001433,0.83175195,1,0.024856564,-0.0042853802,1.17731238,,0.8343658447265625,268.4593505859375,3.34446637331961,67.4550305425022,,
TNG50-1,59,0.7,278396,0,-0.01746846,-0.07354069,1.23748048,-0.76217753,2,0.0025972351,-0.036016736,1.17731238,,0.8343658447265625,268.4593505859375,3.34446637331961,67.4550305425022,,
TNG50-1,59,0.7,278396,0,-0.0747572,0.02422267,0.72500058,1.23844304,3,-0.061805494,-0.012370642,1.17731238,,0.8343658447265625,268.4593505859375,3.34446637331961,67.4550305425022,,
TNG50-1,59,0.7,278396,0,-0.0519532,-0.04032718,1.29537657,-0.95217261,4,-0.04487387,-0.01450311,1.17731238,,0.8343658447265625,268.4593505859375,3.34446637331961,67.4550305425022,,
TNG50-1,59,0.7,278396,0,0.02710465,-0.02678761,1.1626026,-3.13331536,5,0.03682223,-0.02172799,1.17731238,,0.8343658447265625,268.4593505859375,3.34446637331961,67.4550305425022,,
TNG50-1,59,0.7,278396,0,-0.08773082,0.01733926,0.4567621,-2.55136144,6,-0.066209935,-0.03968205,1.17731238,,0.8343658447265625,268.4593505859375,3.34446637331961,67.4550305425022,,
TNG50-1,59,0.7,278396,0,-0.07246723,-0.01283138,0.69496503,1.70282067,7,-0.03341814,-0.014073815,1.17731238,,0.8343658447265625,268.4593505859375,3.34446637331961,67.4550305425022,,
TNG50-1,59,0.7,278396,0,0.02684174,-0.03523267,0.39519431,-2.61377213,8,0.00460067,0.0381507,1.17731238,,0.8343658447265625,268.4593505859375,3.34446637331961,67.4550305425022,,
TNG50-1,59,0.7,278396,0,-0.01112746,-0.09947192,0.48571832,0.62469114,9,0.017069355,0.01128735,1.17731238,,0.8343658447265625,268.4593505859375,3.34446637331961,67.4550305425022,,
TNG50-1,59,0.7,128024,0,-0.02182445,-0.03212147,0.69030692,2.99144028,0,-0.014372654,-0.0023590326,1.12007149,,0.833282470703125,257.00558929443355,5.215172917982023,64.17536912992959,,
TNG50-1,59,0.7,128024,0,-0.01798746,-0.02457743,0.71598196,-3.06841067,1,-0.005802378,-0.0025117844,1.12007149,,0.833282470703125,257.00558929443355,5.215172917982023,64.17536912992959,,
TNG50-1,59,0.7,128024,0,-0.04185795,0.07674916,0.50677227,-1.08627142,2,-0.041200504,0.038925853,1.12007149,,0.833282470703125,257.00558929443355,5.215172917982023,64.17536912992959,,
TNG50-1,59,0.7,128024,0,0.03936851,-0.01021176,0.89817899,-0.99054258,3,0.045678683,0.016060136,1.12007149,,0.833282470703125,257.00558929443355,5.215172917982023,64.17536912992959,,
TNG50-1,59,0.7,128024,0,-0.02117341,-0.01798135,0.40170217,-1.32867648,4,0.011616234,-0.020665135,1.12007149,,0.833282470703125,257.00558929443355,5.215172917982023,64.17536912992959,,
TNG50-1,59,0.7,128024,0,-0.04094918,-0.00875626,0.47510391,1.9944357,5,-0.031882927,0.02651712,1.12007149,,0.833282470703125,257.00558929443355,5.215172917982023,64.17536912992959,,
TNG50-1,59,0.7,128024,0,0.0268638,0.02272275,0.53984544,-2.85840047,6,-0.009494312,-0.0053278543,1.12007149,,0.833282470703125,257.00558929443355,5.215172917982023,64.17536912992959,,
TNG50-1,59,0.7,128024,0,-0.04485882,-0.05169318,1.20691804,-0.88319751,7,-0.010178484,7.6744705e-05,1.12007149,,0.833282470703125,257.00558929443355,5.215172917982023,64.17536912992959,,
TNG50-1,59,0.7,128024,0,-0.01644911,0.02136077,0.926679,1.33005362,8,-0.00026801229,0.022122752,1.12007149,,0.833282470703125,257.00558929443355,5.215172917982023,64.17536912992959,,
TNG50-1,59,0.7,128024,0,0.00535529,0.01279101,0.69759083,-0.58597163,9,0.02072315,0.00084841996,1.12007149,,0.833282470703125,257.00558929443355,5.215172917982023,64.17536912992959,,
TNG50-1,59,0.7,277306,0,0.01943892,-0.0397436,0.48725603,0.95016594,0,-0.0056550726,0.021205284,1.16636841,,0.45623779296875,244.0464660644531,4.090666330243843,66.82798725038441,,
TNG50-1,59,0.7,277306,0,0.05308316,0.08716651,0.80874352,0.6176419,1,0.01518666,0.029824167,1.16636841,,0.45623779296875,244.0464660644531,4.090666330243843,66.82798725038441,,
TNG50-1,59,0.7,277306,0,-0.01370224,0.03291736,0.71755612,-2.45642254,2,0.02799138,-0.008417826,1.16636841,,0.45623779296875,244.0464660644531,4.090666330243843,66.82798725038441,,
TNG50-1,59,0.7,277306,0,-0.07153686,-0.03817988,0.79785371,-0.40073386,3,-0.047747314,-0.008506853,1.16636841,,0.45623779296875,244.0464660644531,4.090666330243843,66.82798725038441,,
TNG50-1,59,0.7,277306,0,-0.11763762,-0.06134077,0.71623544,0.70148236,4,-0.027685948,-0.040755484,1.16636841,,0.45623779296875,244.0464660644531,4.090666330243843,66.82798725038441,,
TNG50-1,59,0.7,277306,0,0.14339813,-0.02578471,1.27919538,-2.62719284,5,0.064632475,-0.004740216,1.16636841,,0.45623779296875,244.0464660644531,4.090666330243843,66.82798725038441,,
TNG50-1,59,0.7,277306,0,0.02634615,-0.01577153,0.40939869,-2.44125618,6,0.031696063,0.02828727,1.16636841,,0.45623779296875,244.0464660644531,4.090666330243843,66.82798725038441,,
TNG50-1,59,0.7,277306,0,0.00683959,0.1024573,1.15763974,3.10063417,7,-0.013186581,0.0071054734,1.16636841,,0.45623779296875,244.0464660644531,4.090666330243843,66.82798725038441,,
TNG50-1,59,0.7,277306,0,0.01393199,-0.00941337,0.5592433,-1.05410392,8,0.016092584,0.02948513,1.16636841,,0.45623779296875,244.0464660644531,4.090666330243843,66.82798725038441,,
TNG50-1,59,0.7,277306,0,-0.07156695,-0.05947759,0.4652773,-0.94415863,9,-0.056122437,-0.025710013,1.16636841,,0.45623779296875,244.0464660644531,4.090666330243843,66.82798725038441,,
TNG50-1,59,0.7,172232,0,0.0274987,-0.02793179,1.12907534,0.46234107,0,0.026188456,0.036899284,0.85755297,,0.3765716552734375,240.26378936767577,5.647537856260073,49.1341658899089,,
TNG50-1,59,0.7,172232,0,0.05028483,0.00013386,0.57114282,2.87313196,1,-0.014919326,0.058615856,0.85755297,,0.3765716552734375,240.26378936767577,5.647537856260073,49.1341658899089,,
TNG50-1,59,0.7,172232,0,-0.00100776,-0.08749663,1.27778548,1.33059222,2,0.01257734,0.017849438,0.85755297,,0.3765716552734375,240.26378936767577,5.647537856260073,49.1341658899089,,
TNG50-1,59,0.7,172232,0,-0.01231582,0.06747108,0.65466554,0.67478608,3,-0.023309194,0.028662829,0.85755297,,0.3765716552734375,240.26378936767577,5.647537856260073,49.1341658899089,,
TNG50-1,59,0.7,172232,0,-0.0785832,0.00079546,1.2465522,2.06816505,4,-0.025404602,-0.015287962,0.85755297,,0.3765716552734375,240.26378936767577,5.647537856260073,49.1341658899089,,
TNG50-1,59,0.7,172232,0,0.03418088,-0.05496768,0.93015213,-1.76128637,5,0.008162096,0.03265422,0.85755297,,0.3765716552734375,240.26378936767577,5.647537856260073,49.1341658899089,,
TNG50-1,59,0.7,172232,0,0.01043742,-0.12298544,1.12672025,0.83404548,6,0.029558703,-0.05585685,0.85755297,,0.3765716552734375,240.26378936767577,5.647537856260073,49.1341658899089,,
TNG50-1,59,0.7,172232,0,-0.0461092,0.05145675,0.81444605,-0.68861292,7,-0.0026339293,0.0703416,0.85755297,,0.3765716552734375,240.26378936767577,5.647537856260073,49.1341658899089,,
TNG50-1,59,0.7,172232,0,-0.016292,0.02790458,1.2214241,1.5317839,8,0.003171876,-0.003420893,0.85755297,,0.3765716552734375,240.26378936767577,5.647537856260073,49.1341658899089,,
TNG50-1,59,0.7,172232,0,0.00772516,0.01053429,0.61922568,-2.98784682,9,-0.009089641,-0.014803309,0.85755297,,0.3765716552734375,240.26378936767577,5.647537856260073,49.1341658899089,,
TNG50-1,59,0.7,242629,0,0.04149682,-0.05848014,0.6928754,2.07328518,0,0.016188785,0.008780915,1.00854048,,0.663299560546875,149.08577957153318,2.261749109252201,57.78511297209821,,
TNG50-1,59,0.7,242629,0,-0.01210524,0.01508164,0.65784728,-1.37307346,1,-0.010685429,0.05703915,1.00854048,,0.663299560546875,149.08577957153318,2.261749109252201,57.78511297209821,,
TNG50-1,59,0.7,242629,0,-0.05455152,-0.01093165,1.03194836,-2.96154403,2,-0.04718016,0.019571472,1.00854048,,0.663299560546875,149.08577957153318,2.261749109252201,57.78511297209821,,
TNG50-1,59,0.7,242629,0,-0.04367905,0.0451092,0.95087454,-2.88735562,3,-0.042979382,0.020893026,1.00854048,,0.663299560546875,149.08577957153318,2.261749109252201,57.78511297209821,,
TNG50-1,59,0.7,242629,0,-0.06846235,-0.03577053,1.23963705,-0.44499094,4,-0.075430475,0.045231223,1.00854048,,0.663299560546875,149.08577957153318,2.261749109252201,57.78511297209821,,
TNG50-1,59,0.7,242629,0,0.04551974,0.03080539,0.86018494,-0.28613057,5,0.013382655,0.03296614,1.00854048,,0.663299560546875,149.08577957153318,2.261749109252201,57.78511297209821,,
TNG50-1,59,0.7,242629,0,-0.01924576,0.08204242,1.08191752,-1.12939547,6,-0.019881465,0.044509284,1.00854048,,0.663299560546875,149.08577957153318,2.261749109252201,57.78511297209821,,
TNG50-1,59,0.7,242629,0,0.04762503,0.0136278,1.10243271,1.06047354,7,0.0446311,0.002217278,1.00854048,,0.663299560546875,149.08577957153318,2.261749109252201,57.78511297209821,,
TNG50-1,59,0.7,242629,0,0.00679572,0.03926457,0.35361711,-0.09209404,8,0.017368086,0.008110769,1.00854048,,0.663299560546875,149.08577957153318,2.261749109252201,57.78511297209821,,
TNG50-1,59,0.7,242629,0,-0.01464092,0.02859451,1.26247651,-2.67592652,9,-0.012457974,0.03338747,1.00854048,,0.663299560546875,149.08577957153318,2.261749109252201,57.78511297209821,,
TNG50-1,59,0.7,338901,0,0.01299795,0.02603074,0.80466098,0.0990673,0,0.050961565,-0.0041667335,0.40988026,,0.707122802734375,127.39296073913573,5.561778503945759,23.484409003724856,,
TNG50-1,59,0.7,338901,0,0.0054866,0.01792742,0.47691863,-0.98940688,1,-0.04414069,0.008425992,0.40988026,,0.707122802734375,127.39296073913573,5.561778503945759,23.484409003724856,,
TNG50-1,59,0.7,338901,0,0.01496767,0.16001215,0.84076893,1.10198379,2,0.0009671673,0.041399352,0.40988026,,0.707122802734375,127.39296073913573,5.561778503945759,23.484409003724856,,
TNG50-1,59,0.7,338901,0,0.02471378,0.01035101,1.3377339,0.65602611,3,0.013383895,0.0063527264,0.40988026,,0.707122802734375,127.39296073913573,5.561778503945759,23.484409003724856,,
TNG50-1,59,0.7,338901,0,-0.0206599,-0.05452734,0.87382077,-0.00435368,4,-0.00935021,0.0010909326,0.40988026,,0.707122802734375,127.39296073913573,5.561778503945759,23.484409003724856,,
TNG50-1,59,0.7,338901,0,-0.04220395,-0.01406126,1.31473338,-1.55357411,5,-0.0486992,-0.00905906,0.40988026,,0.707122802734375,127.39296073913573,5.561778503945759,23.484409003724856,,
TNG50-1,59,0.7,338901,0,0.05161101,0.07758424,0.3510987,0.16174886,6,0.034807567,0.009992048,0.40988026,,0.707122802734375,127.39296073913573,5.561778503945759,23.484409003724856,,
TNG50-1,59,0.7,338901,0,0.00109914,-0.06470837,0.80399778,-0.24066556,7,0.0408346,-0.0249908,0.40988026,,0.707122802734375,127.39296073913573,5.561778503945759,23.484409003724856,,
TNG50-1,59,0.7,338901,0,0.0474364,-0.03762298,0.90193141,2.2070686,8,0.046103165,-0.042734634,0.40988026,,0.707122802734375,127.39296073913573,5.561778503945759,23.484409003724856,,
TNG50-1,59,0.7,338901,0,0.08230794,0.05532134,1.23425764,2.47769459,9,0.040209636,0.013371363,0.40988026,,0.707122802734375,127.39296073913573,5.561778503945759,23.484409003724856,,
TNG50-1,59,0.7,355595,0,0.02895976,-0.01288583,1.17550803,-2.21679163,0,0.034907177,-0.017549124,1.00172776,,0.667816162109375,205.11892318725586,6.017210119893863,57.39477286909385,,
TNG50-1,59,0.7,355595,0,-0.05663269,-0.11789125,0.87401236,-2.22912333,1,-0.044274025,-0.049031902,1.00172776,,0.667816162109375,205.11892318725586,6.017210119893863,57.39477286909385,,
TNG50-1,59,0.7,355595,0,-0.01052845,0.01838305,0.5556205,1.47488991,2,-0.017129451,0.008322578,1.00172776,,0.667816162109375,205.11892318725586,6.017210119893863,57.39477286909385,,
TNG50-1,59,0.7,355595,0,-0.0299495,-0.11396659,0.685305,-0.28641014,3,-0.008207448,0.008585509,1.00172776,,0.667816162109375,205.11892318725586,6.017210119893863,57.39477286909385,,
TNG50-1,59,0.7,355595,0,-0.03509099,-0.09616836,1.36153202,1.85491525,4,-0.03401892,-0.06219357,1.00172776,,0.667816162109375,205.11892318725586,6.017210119893863,57.39477286909385,,
TNG50-1,59,0.7,355595,0,-0.01250438,-0.00808338,0.89644422,-2.25517589,5,-0.022075787,0.013816714,1.00172776,,0.667816162109375,205.11892318725586,6.017210119893863,57.39477286909385,,
TNG50-1,59,0.7,355595,0,0.04499457,0.01322886,0.91615181,-2.89116032,6,0.039817985,0.02790001,1.00172776,,0.667816162109375,205.11892318725586,6.017210119893863,57.39477286909385,,
TNG50-1,59,0.7,355595,0,0.05528344,-0.02255425,1.10003279,1.24365647,7,0.019676816,0.008586254,1.00172776,,0.667816162109375,205.11892318725586,6.017210119893863,57.39477286909385,,
TNG50-1,59,0.7,355595,0,0.04631029,0.07677656,0.67544613,3.10836122,8,0.0005129352,0.018196944,1.00172776,,0.667816162109375,205.11892318725586,6.017210119893863,57.39477286909385,,
TNG50-1,59,0.7,355595,0,0.0168177,0.02310508,0.31464087,-2.54595793,9,0.028810196,-0.016981956,1.00172776,,0.667816162109375,205.11892318725586,6.017210119893863,57.39477286909385,,
TNG50-1,59,0.7,338415,0,-0.02835156,0.08521902,1.23591537,0.07755364,0,-0.03425584,0.010422051,0.94599655,,0.7218017578125,200.2854148864746,3.950626835399431,54.20160974893656,,
TNG50-1,59,0.7,338415,0,0.01881285,0.01497961,1.2797286,-1.05237284,1,0.0062889233,0.033204056,0.94599655,,0.7218017578125,200.2854148864746,3.950626835399431,54.20160974893656,,
TNG50-1,59,0.7,338415,0,0.0443611,-0.01259893,0.32644539,-0.42399394,2,0.0086852275,0.011328757,0.94599655,,0.7218017578125,200.2854148864746,3.950626835399431,54.20160974893656,,
TNG50-1,59,0.7,338415,0,0.01639354,-0.04792194,0.50360285,1.87362692,3,0.024636209,-0.01831999,0.94599655,,0.7218017578125,200.2854148864746,3.950626835399431,54.20160974893656,,
TNG50-1,59,0.7,338415,0,0.03995634,-0.02379043,0.6817495,-2.80602362,4,0.027393244,-0.025165249,0.94599655,,0.7218017578125,200.2854148864746,3.950626835399431,54.20160974893656,,
TNG50-1,59,0.7,338415,0,-0.10333196,-0.02041235,0.35152671,1.38760273,5,-0.06306975,-0.0026545152,0.94599655,,0.7218017578125,200.2854148864746,3.950626835399431,54.20160974893656,,
TNG50-1,59,0.7,338415,0,-0.02464283,-0.02966246,0.95479727,-2.58723181,6,-0.007866234,0.01264713,0.94599655,,0.7218017578125,200.2854148864746,3.950626835399431,54.20160974893656,,
TNG50-1,59,0.7,338415,0,0.05515383,-0.04591689,0.47535567,2.18341349,7,0.018282223,-0.031248648,0.94599655,,0.7218017578125,200.2854148864746,3.950626835399431,54.20160974893656,,
TNG50-1,59,0.7,338415,0,0.02546148,0.02007883,1.2641451,-1.87301876,8,0.024471156,-0.026375193,0.94599655,,0.7218017578125,200.2854148864746,3.950626835399431,54.20160974893656,,
TNG50-1,59,0.7,338415,0,0.09242316,0.08483198,1.24711255,1.47616477,9,0.082055666,0.0147878975,0.94599655,,0.7218017578125,200.2854148864746,3.950626835399431,54.20160974893656,,
TNG50-1,59,0.7,254370,0,0.07074003,-0.03424342,0.96826395,-1.79105237,0,0.027503058,-0.010198887,1.16322616,,0.63958740234375,302.8499221801758,3.453553600380791,66.64794958720942,,
TNG50-1,59,0.7,254370,0,0.01862972,0.08622517,0.89454332,2.90084258,1,-0.0052351505,0.04878469,1.16322616,,0.63958740234375,302.8499221801758,3.453553600380791,66.64794958720942,,
TNG50-1,59,0.7,254370,0,0.0676332,0.03800203,1.21229838,3.0830273,2,0.036631946,0.036766782,1.16322616,,0.63958740234375,302.8499221801758,3.453553600380791,66.64794958720942,,
TNG50-1,59,0.7,254370,0,-0.02080413,-0.03829613,1.08883581,-0.2632629,3,-0.012909494,-0.013358798,1.16322616,,0.63958740234375,302.8499221801758,3.453553600380791,66.64794958720942,,
TNG50-1,59,0.7,254370,0,-0.01004259,-0.05224955,0.73972869,-0.61940686,4,0.013685208,-0.002923455,1.16322616,,0.63958740234375,302.8499221801758,3.453553600380791,66.64794958720942,,
TNG50-1,59,0.7,254370,0,0.05975504,-0.03891566,1.36785407,-2.64498567,5,0.029514633,0.016097534,1.16322616,,0.63958740234375,302.8499221801758,3.453553600380791,66.64794958720942,,
TNG50-1,59,0.7,254370,0,0.04217108,-0.02794126,0.74162567,1.74809955,6,0.016761184,-0.00866371,1.16322616,,0.63958740234375,302.8499221801758,3.453553600380791,66.64794958720942,,
TNG50-1,59,0.7,254370,0,-0.01452252,-0.00833502,1.14169297,-2.11916763,7,-0.025511965,0.027032811,1.16322616,,0.63958740234375,302.8499221801758,3.453553600380791,66.64794958720942,,
TNG50-1,59,0.7,254370,0,-0.05231291,0.05572732,1.16996794,2.72091995,8,-0.046287596,0.015480541,1.16322616,,0.63958740234375,302.8499221801758,3.453553600380791,66.64794958720942,,
TNG50-1,59,0.7,254370,0,-0.01019821,-0.04832584,0.74989306,3.08248509,9,0.007978961,-0.022360269,1.16322616,,0.63958740234375,302.8499221801758,3.453553600380791,66.64794958720942,,
TNG50-1,59,0.7,379270,0,-0.03378802,-0.0214769,1.08534231,2.07219846,0,-0.036546685,-0.008048218,0.89341873,,0.1500701904296875,246.6754608154297,2.231183527108567,51.18912256693803,,
TNG50-1,59,0.7,379270,0,-0.10543771,-0.03358231,1.36639809,-1.80680427,1,-0.04947353,-0.007811483,0.89341873,,0.1500701904296875,246.6754608154297,2.231183527108567,51.18912256693803,,
TNG50-1,59,0.7,379270,0,-0.03033482,0.06272612,0.66488666,1.77505002,2,-0.028027318,0.013542697,0.89341873,,0.1500701904296875,246.6754608154297,2.231183527108567,51.18912256693803,,
TNG50-1,59,0.7,379270,0,0.03737285,0.04406754,0.87705228,2.26981588,3,0.030118901,-0.008629683,0.89341873,,0.1500701904296875,246.6754608154297,2.231183527108567,51.18912256693803,,
TNG50-1,59,0.7,379270,0,0.0040108,-0.04836197,0.57301158,2.36650461,4,0.017122984,-0.010861766,0.89341873,,0.1500701904296875,246.6754608154297,2.231183527108567,51.18912256693803,,
TNG50-1,59,0.7,379270,0,-0.00684172,0.05822715,1.02957662,-0.1525655,5,0.014367335,0.019293495,0.89341873,,0.1500701904296875,246.6754608154297,2.231183527108567,51.18912256693803,,
TNG50-1,59,0.7,379270,0,-0.042392,-0.00725352,0.69513493,-0.44728128,6,0.014991738,0.013424911,0.89341873,,0.1500701904296875,246.6754608154297,2.231183527108567,51.18912256693803,,
TNG50-1,59,0.7,379270,0,-0.09779129,-0.03052711,1.25713081,2.09727152,7,-0.03642171,-0.032234866,0.89341873,,0.1500701904296875,246.6754608154297,2.231183527108567,51.18912256693803,,
TNG50-1,59,0.7,379270,0,0.07124228,-0.01468062,0.20192143,0.49944552,8,0.050992638,0.007806938,0.89341873,,0.1500701904296875,246.6754608154297,2.231183527108567,51.18912256693803,,
TNG50-1,59,0.7,379270,0,-0.01039474,-0.03916486,1.25493168,0.76200481,9,0.006231535,0.0047967173,0.89341873,,0.1500701904296875,246.6754608154297,2.231183527108567,51.18912256693803,,
TNG50-1,59,0.7,138899,0,0.02157001,0.01444382,1.31554174,3.04492008,0,-0.00033049285,0.029022805,1.2641143,,0.6397857666015625,242.7929504394531,1.8248919729371995,72.4284142121344,,
TNG50-1,59,0.7,138899,0,0.0243941,0.04931191,1.35617321,-3.03891666,1,0.013424732,0.028595395,1.2641143,,0.6397857666015625,242.7929504394531,1.8248919729371995,72.4284142121344,,
TNG50-1,59,0.7,138899,0,-0.0529878,0.04341664,1.22530141,-3.04313623,2,-0.058801584,0.04501061,1.2641143,,0.6397857666015625,242.7929504394531,1.8248919729371995,72.4284142121344,,
TNG50-1,59,0.7,138899,0,-0.05448843,0.03084796,0.71502619,3.521e-05,3,-0.04890825,0.039925244,1.2641143,,0.6397857666015625,242.7929504394531,1.8248919729371995,72.4284142121344,,
TNG50-1,59,0.7,138899,0,-0.01143302,0.08309159,1.07848888,-1.46770145,4,-0.0030482784,0.04565622,1.2641143,,0.6397857666015625,242.7929504394531,1.8248919729371995,72.4284142121344,,
TNG50-1,59,0.7,138899,0,-0.03875604,-0.05412083,1.00292412,1.17187944,5,-0.016401209,0.008695971,1.2641143,,0.6397857666015625,242.7929504394531,1.8248919729371995,72.4284142121344,,
TNG50-1,59,0.7,138899,0,-0.04402061,-0.00781892,1.31553616,1.84229373,6,-0.046575777,0.034946166,1.2641143,,0.6397857666015625,242.7929504394531,1.8248919729371995,72.4284142121344,,
TNG50-1,59,0.7,138899,0,0.08478435,-0.04264235,0.83025231,-2.49796886,7,0.060376756,0.003634069,1.2641143,,0.6397857666015625,242.7929504394531,1.8248919729371995,72.4284142121344,,
TNG50-1,59,0.7,138899,0,-0.07666774,-0.08480398,0.60791602,2.62221326,8,-0.057276867,0.0043818094,1.2641143,,0.6397857666015625,242.7929504394531,1.8248919729371995,72.4284142121344,,
TNG50-1,59,0.7,138899,0,0.10115322,-0.03306206,0.82844465,-2.95358129,9,0.07362832,-0.0018201806,1.2641143,,0.6397857666015625,242.7929504394531,1.8248919729371995,72.4284142121344,,
TNG50-1,59,0.7,359874,0,-0.09495167,0.05726697,0.40710134,-2.61002609,0,-0.054279618,0.0024504885,1.31363091,,0.3242950439453125,239.9616699218749,2.168760412889267,75.2655069809297,,
TNG50-1,59,0.7,359874,0,-0.09715604,-0.08244531,1.29303753,2.3144336,1,-0.0640128,-0.025845263,1.31363091,,0.3242950439453125,239.9616699218749,2.168760412889267,75.2655069809297,,
TNG50-1,59,0.7,359874,0,-0.04150289,-0.00425374,0.91215693,-1.0771188,2,-0.022422068,-0.020933699,1.31363091,,0.3242950439453125,239.9616699218749,2.168760412889267,75.2655069809297,,
TNG50-1,59,0.7,359874,0,0.01150727,0.00687562,1.05280369,-2.71744969,3,-0.025008254,-0.015137967,1.31363091,,0.3242950439453125,239.9616699218749,2.168760412889267,75.2655069809297,,
TNG50-1,59,0.7,359874,0,-0.00167351,0.03010182,1.28835443,-1.21822899,4,-0.010826454,-0.00954077,1.31363091,,0.3242950439453125,239.9616699218749,2.168760412889267,75.2655069809297,,
TNG50-1,59,0.7,359874,0,0.02573893,-0.0857583,1.15127865,1.94079737,5,0.012453929,-0.055920657,1.31363091,,0.3242950439453125,239.9616699218749,2.168760412889267,75.2655069809297,,
TNG50-1,59,0.7,359874,0,-0.00877217,-0.01302035,0.81863163,1.04194974,6,-0.032795362,-0.012324113,1.31363091,,0.3242950439453125,239.9616699218749,2.168760412889267,75.2655069809297,,
TNG50-1,59,0.7,359874,0,0.06987094,0.02002304,1.37424935,-1.64267848,7,0.009773329,-0.008277226,1.31363091,,0.3242950439453125,239.9616699218749,2.168760412889267,75.2655069809297,,
TNG50-1,59,0.7,359874,0,0.03860557,0.02385811,0.30940563,1.37712642,8,-0.0022078678,0.0030277781,1.31363091,,0.3242950439453125,239.9616699218749,2.168760412889267,75.2655069809297,,
TNG50-1,59,0.7,359874,0,0.00387883,0.05930649,0.43605491,1.30577857,9,-0.015202582,-0.0048460327,1.31363091,,0.3242950439453125,239.9616699218749,2.168760412889267,75.2655069809297,,
TNG50-1,67,0.5,289152,0,0.0334964,0.0019626,1.27590266,2.53339715,0,-0.022296362,-0.006682966,0.39142373,,0.6573944091796875,299.18958740234376,5.100686060817273,22.426927730268268,,
TNG50-1,67,0.5,289152,0,0.02763881,0.05450778,1.0953521,-2.5548675,1,0.01713065,0.008905873,0.39142373,,0.6573944091796875,299.18958740234376,5.100686060817273,22.426927730268268,,
TNG50-1,67,0.5,289152,0,-0.05292711,0.00576794,1.03420776,0.44934381,2,-0.032917194,-0.02897394,0.39142373,,0.6573944091796875,299.18958740234376,5.100686060817273,22.426927730268268,,
TNG50-1,67,0.5,289152,0,0.0279851,-0.08736482,0.91548451,2.57000832,3,0.03676504,-0.010032091,0.39142373,,0.6573944091796875,299.18958740234376,5.100686060817273,22.426927730268268,,
TNG50-1,67,0.5,289152,0,0.06634335,0.02217089,0.593382,1.37731389,4,-0.0046237633,-0.009112891,0.39142373,,0.6573944091796875,299.18958740234376,5.100686060817273,22.426927730268268,,
TNG50-1,67,0.5,289152,0,-0.00245133,-0.04894043,1.38896145,-2.53473176,5,-0.01499676,0.0054186434,0.39142373,,0.6573944091796875,299.18958740234376,5.100686060817273,22.426927730268268,,
TNG50-1,67,0.5,289152,0,-0.05039805,-0.06353613,0.55223375,0.71605888,6,-0.04629565,-0.005057797,0.39142373,,0.6573944091796875,299.18958740234376,5.100686060817273,22.426927730268268,,
TNG50-1,67,0.5,289152,0,0.04374771,-0.0863874,0.87942202,1.88420732,7,0.057874545,-0.050133433,0.39142373,,0.6573944091796875,299.18958740234376,5.100686060817273,22.426927730268268,,
TNG50-1,67,0.5,289152,0,0.08615227,0.05952036,0.67166026,-1.41458512,8,0.022638842,0.0048861243,0.39142373,,0.6573944091796875,299.18958740234376,5.100686060817273,22.426927730268268,,
TNG50-1,67,0.5,289152,0,-0.04430702,-0.04173557,0.67100757,0.83247955,9,-0.008121572,-0.004247535,0.39142373,,0.6573944091796875,299.18958740234376,5.100686060817273,22.426927730268268,,
TNG50-1,67,0.5,160813,0,-0.00766595,0.01210445,1.24172661,1.71934731,0,0.0075429007,0.015358485,0.248466,,0.8329620361328125,220.075146484375,6.648260775412666,14.236053152497512,,
TNG50-1,67,0.5,160813,0,-0.06124109,-0.01247558,1.23630397,1.14268252,1,-0.020829663,-0.02211174,0.248466,,0.8329620361328125,220.075146484375,6.648260775412666,14.236053152497512,,
TNG50-1,67,0.5,160813,0,-0.04137905,-0.07802148,0.39139665,-2.39445951,2,-0.06237667,-0.002008073,0.248466,,0.8329620361328125,220.075146484375,6.648260775412666,14.236053152497512,,
TNG50-1,67,0.5,160813,0,0.04825255,0.05080298,0.85122727,2.30421114,3,0.06315011,0.010629263,0.248466,,0.8329620361328125,220.075146484375,6.648260775412666,14.236053152497512,,
TNG50-1,67,0.5,160813,0,-0.00836287,0.00817485,0.67903229,-1.50231516,4,-0.044933558,0.028703306,0.248466,,0.8329620361328125,220.075146484375,6.648260775412666,14.236053152497512,,
TNG50-1,67,0.5,160813,0,-0.01103559,0.01945073,1.08513452,3.11767985,5,-0.0065039992,-0.010975871,0.248466,,0.8329620361328125,220.075146484375,6.648260775412666,14.236053152497512,,
TNG50-1,67,0.5,160813,0,0.05300938,0.02098051,0.50040727,-0.71937488,6,0.05835058,-0.025025044,0.248466,,0.8329620361328125,220.075146484375,6.648260775412666,14.236053152497512,,
TNG50-1,67,0.5,160813,0,-0.04573816,-0.06492621,0.87448235,-2.3876274,7,-0.043812163,-0.055932794,0.248466,,0.8329620361328125,220.075146484375,6.648260775412666,14.236053152497512,,
TNG50-1,67,0.5,160813,0,-0.11175881,0.01514395,0.85543119,-1.15556258,8,-0.027072705,-0.0066622384,0.248466,,0.8329620361328125,220.075146484375,6.648260775412666,14.236053152497512,,
TNG50-1,67,0.5,160813,0,-0.04264333,0.04537269,0.67705362,0.46202928,9,-0.062491022,0.052470345,0.248466,,0.8329620361328125,220.075146484375,6.648260775412666,14.236053152497512,,
TNG50-1,67,0.5,312340,0,0.03825147,-0.03955051,0.49183573,0.86782861,0,0.050201286,-0.02058072,0.86616149,,0.77471923828125,288.177001953125,5.720022591499585,49.62739775376286,,
TNG50-1,67,0.5,312340,0,0.04941362,0.03028404,0.82500263,1.76157638,1,0.015347309,0.010359485,0.86616149,,0.77471923828125,288.177001953125,5.720022591499585,49.62739775376286,,
TNG50-1,67,0.5,312340,0,0.09018329,0.0490514,0.85095707,-2.90785982,2,0.07620272,-0.0311178,0.86616149,,0.77471923828125,288.177001953125,5.720022591499585,49.62739775376286,,
TNG50-1,67,0.5,312340,0,0.01949259,0.0601785,0.34748794,2.21435976,3,0.054019928,0.03450988,0.86616149,,0.77471923828125,288.177001953125,5.720022591499585,49.62739775376286,,
TNG50-1,67,0.5,312340,0,0.05496079,0.08096308,0.67226271,-0.51749384,4,0.01476603,0.0034025684,0.86616149,,0.77471923828125,288.177001953125,5.720022591499585,49.62739775376286,,
TNG50-1,67,0.5,312340,0,0.02469303,-0.0838012,0.76194698,1.49012258,5,0.00013392419,-0.03033391,0.86616149,,0.77471923828125,288.177001953125,5.720022591499585,49.62739775376286,,
TNG50-1,67,0.5,312340,0,-0.09500177,-0.05995,1.02047578,-2.89010618,6,-0.0649505,-0.024728943,0.86616149,,0.77471923828125,288.177001953125,5.720022591499585,49.62739775376286,,
TNG50-1,67,0.5,312340,0,-0.00772601,0.14639076,0.97392923,2.4747782,7,-0.006081648,0.01521581,0.86616149,,0.77471923828125,288.177001953125,5.720022591499585,49.62739775376286,,
TNG50-1,67,0.5,312340,0,-0.04338558,0.05047619,1.06439668,1.00433946,8,-0.0528794,-0.025520924,0.86616149,,0.77471923828125,288.177001953125,5.720022591499585,49.62739775376286,,
TNG50-1,67,0.5,312340,0,0.01157167,0.0112224,0.35805203,-0.26703041,9,-0.0086233765,-0.00948957,0.86616149,,0.77471923828125,288.177001953125,5.720022591499585,49.62739775376286,,
TNG50-1,67,0.5,297999,0,0.00416309,-0.06531566,1.06152994,2.3583337,0,0.016806945,-0.02082162,0.42651196,,0.4809722900390625,211.2574462890625,3.624296975201277,24.43733521985259,,
TNG50-1,67,0.5,297999,0,-0.03102536,-0.025312,0.53963821,2.96230732,1,0.013979174,-0.0084017925,0.42651196,,0.4809722900390625,211.2574462890625,3.624296975201277,24.43733521985259,,
TNG50-1,67,0.5,297999,0,-0.0500851,-0.06343287,1.24659517,2.24828892,2,-0.06390666,-0.01089656,0.42651196,,0.4809722900390625,211.2574462890625,3.624296975201277,24.43733521985259,,
TNG50-1,67,0.5,297999,0,-0.00538996,0.10047558,1.23242188,-0.06310549,3,0.022075534,0.05493558,0.42651196,,0.4809722900390625,211.2574462890625,3.624296975201277,24.43733521985259,,
TNG50-1,67,0.5,297999,0,0.03858602,0.02196482,0.72109011,2.28319793,4,0.037672862,-0.023900855,0.42651196,,0.4809722900390625,211.2574462890625,3.624296975201277,24.43733521985259,,
TNG50-1,67,0.5,297999,0,0.06948796,-0.00478074,0.67988195,-1.79717369,5,0.08858998,-0.010171015,0.42651196,,0.4809722900390625,211.2574462890625,3.624296975201277,24.43733521985259,,
TNG50-1,67,0.5,297999,0,0.00117551,0.08610009,0.44890988,2.64628696,6,-0.011629924,0.04352065,0.42651196,,0.4809722900390625,211.2574462890625,3.624296975201277,24.43733521985259,,
TNG50-1,67,0.5,297999,0,0.06065625,-0.06511337,1.16746165,0.42000556,7,0.06125026,-0.014107171,0.42651196,,0.4809722900390625,211.2574462890625,3.624296975201277,24.43733521985259,,
TNG50-1,67,0.5,297999,0,-0.01071347,-0.00685714,1.35370619,-0.69514909,8,-0.0071962997,-0.01463848,0.42651196,,0.4809722900390625,211.2574462890625,3.624296975201277,24.43733521985259,,
TNG50-1,67,0.5,297999,0,-0.0390799,0.09998369,0.95075389,0.51296668,9,-0.028290838,0.052544788,0.42651196,,0.4809722900390625,211.2574462890625,3.624296975201277,24.43733521985259,,
TNG50-1,67,0.5,385414,0,0.00294074,0.0855288,1.33641641,-3.01091189,0,0.0071806684,-0.0053522997,0.57033765,,0.8234405517578125,186.15869445800777,5.808174739006061,32.67794024240952,,
TNG50-1,67,0.5,385414,0,-0.11561627,0.0766247,0.54699498,-0.30217748,1,-0.07399618,0.06614225,0.57033765,,0.8234405517578125,186.15869445800777,5.808174739006061,32.67794024240952,,
TNG50-1,67,0.5,385414,0,-0.07576303,0.02979387,1.36901481,0.77523581,2,-0.021014981,0.007959083,0.57033765,,0.8234405517578125,186.15869445800777,5.808174739006061,32.67794024240952,,
TNG50-1,67,0.5,385414,0,-0.01926556,-0.07812415,0.45535326,-0.11641597,3,0.0010800883,0.0047958978,0.57033765,,0.8234405517578125,186.15869445800777,5.808174739006061,32.67794024240952,,
TNG50-1,67,0.5,385414,0,-0.04214644,0.01534025,0.28266748,1.11294266,4,-0.021774545,-0.011064012,0.57033765,,0.8234405517578125,186.15869445800777,5.808174739006061,32.67794024240952,,
TNG50-1,67,0.5,385414,0,-0.01158937,0.01918485,0.78034307,-0.31665599,5,0.026538529,-0.003300324,0.57033765,,0.8234405517578125,186.15869445800777,5.808174739006061,32.67794024240952,,
TNG50-1,67,0.5,385414,0,0.07020642,0.00127701,0.25638973,-2.87415639,6,0.06610194,0.012389857,0.57033765,,0.8234405517578125,186.15869445800777,5.808174739006061,32.67794024240952,,
TNG50-1,67,0.5,385414,0,-0.00372247,-0.02850055,0.58109462,-1.72054534,7,-0.012371726,-0.004299149,0.57033765,,0.8234405517578125,186.15869445800777,5.808174739006061,32.67794024240952,,
TNG50-1,67,0.5,385414,0,-0.06610841,-0.01813155,1.36340523,3.09524937,8,-0.029409565,0.0042160563,0.57033765,,0.8234405517578125,186.15869445800777,5.808174739006061,32.67794024240952,,
TNG50-1,67,0.5,385414,0,-0.03965499,-0.03198575,1.39686632,-0.96846607,9,0.025663432,-0.02507719,0.57033765,,0.8234405517578125,186.15869445800777,5.808174739006061,32.67794024240952,,
TNG50-1,67,0.5,293092,0,0.01149881,0.00276972,0.68123722,-2.71091248,0,0.0002857074,0.02849063,1.26625361,,0.5511627197265625,249.0246124267578,5.319460628386408,72.55098764620453,,
TNG50-1,67,0.5,293092,0,0.0452888,0.08314409,1.21144691,1.48581284,1,-0.01610206,0.05268215,1.26625361,,0.5511627197265625,249.0246124267578,5.319460628386408,72.55098764620453,,
TNG50-1,67,0.5,293092,0,0.0004671,0.06415796,1.39501977,0.8453561,2,-0.010964528,0.029212642,1.26625361,,0.5511627197265625,249.0246124267578,5.319460628386408,72.55098764620453,,
TNG50-1,67,0.5,293092,0,0.13824109,-0.04261138,1.35508011,-0.12971779,3,0.069289625,-0.006467443,1.26625361,,0.5511627197265625,249.0246124267578,5.319460628386408,72.55098764620453,,
TNG50-1,67,0.5,293092,0,-0.04598812,0.0160784,0.87065228,-2.83785496,4,-0.053958386,0.01671588,1.26625361,,0.5511627197265625,249.0246124267578,5.319460628386408,72.55098764620453,,
TNG50-1,67,0.5,293092,0,0.02224711,-0.07736483,0.96099319,2.6613777,5,0.0139374025,-0.0006396845,1.26625361,,0.5511627197265625,249.0246124267578,5.319460628386408,72.55098764620453,,
TNG50-1,67,0.5,293092,0,0.06456013,0.07608945,1.17120872,-0.14174245,6,0.035677265,0.038087107,1.26625361,,0.5511627197265625,249.0246124267578,5.319460628386408,72.55098764620453,,
TNG50-1,67,0.5,293092,0,0.05328386,0.01121157,1.39461474,-0.63078807,7,0.0056634247,0.024532449,1.26625361,,0.5511627197265625,249.0246124267578,5.319460628386408,72.55098764620453,,
TNG50-1,67,0.5,293092,0,0.03275334,0.06743864,0.88909888,2.27121694,8,0.006319359,0.0034940727,1.26625361,,0.5511627197265625,249.0246124267578,5.319460628386408,72.55098764620453,,
TNG50-1,67,0.5,293092,0,0.0535127,-0.00546788,0.58753458,2.17133205,9,0.048093673,-0.005175531,1.26625361,,0.5511627197265625,249.0246124267578,5.319460628386408,72.55098764620453,,
TNG50-1,67,0.5,178499,0,-0.04305949,-0.06160809,1.3550686,-2.53542782,0,-0.025471322,-0.0072786696,0.39279967,,0.7485504150390625,98.9704956054687,4.863634211589172,22.505763285131497,,
TNG50-1,67,0.5,178499,0,-0.01086424,-0.04198487,1.08079091,0.0976032,1,-0.008674055,-0.022227358,0.39279967,,0.7485504150390625,98.9704956054687,4.863634211589172,22.505763285131497,,
TNG50-1,67,0.5,178499,0,0.07359174,-0.01118495,0.48029685,0.07773219,2,0.055269092,0.0048350394,0.39279967,,0.7485504150390625,98.9704956054687,4.863634211589172,22.505763285131497,,
TNG50-1,67,0.5,178499,0,0.06758546,0.06523118,0.62558629,0.39193755,3,0.03137451,0.026777765,0.39279967,,0.7485504150390625,98.9704956054687,4.863634211589172,22.505763285131497,,
TNG50-1,67,0.5,178499,0,-0.06571978,0.05598827,1.30859989,-2.09250519,4,-0.04531371,0.0147473775,0.39279967,,0.7485504150390625,98.9704956054687,4.863634211589172,22.505763285131497,,
TNG50-1,67,0.5,178499,0,-0.01829848,0.04098832,0.96328065,0.86932764,5,-0.011869617,0.023076635,0.39279967,,0.7485504150390625,98.9704956054687,4.863634211589172,22.505763285131497,,
TNG50-1,67,0.5,178499,0,0.09606984,-0.001958,0.85031967,-2.86299042,6,0.07382774,0.017122887,0.39279967,,0.7485504150390625,98.9704956054687,4.863634211589172,22.505763285131497,,
TNG50-1,67,0.5,178499,0,-0.00335889,0.06147849,0.97667813,1.51502355,7,0.012340024,0.005286712,0.39279967,,0.7485504150390625,98.9704956054687,4.863634211589172,22.505763285131497,,
TNG50-1,67,0.5,178499,0,0.01417113,-0.00263226,0.74503307,1.02516153,8,0.019885082,0.016247042,0.39279967,,0.7485504150390625,98.9704956054687,4.863634211589172,22.505763285131497,,
TNG50-1,67,0.5,178499,0,0.0563466,0.0338984,0.21086867,-1.06547952,9,0.041878253,0.028619725,0.39279967,,0.7485504150390625,98.9704956054687,4.863634211589172,22.505763285131497,,
TNG50-1,67,0.5,355961,0,-0.03793957,0.04347049,1.11908837,1.24569169,0,-0.03556984,-0.0072587915,0.29911898,,0.7076416015625,181.84757614135742,3.4336137478086592,17.13825512625808,,
TNG50-1,67,0.5,355961,0,-0.06497985,-0.14765477,1.12216832,-3.04202991,1,-0.027343407,-0.05098475,0.29911898,,0.7076416015625,181.84757614135742,3.4336137478086592,17.13825512625808,,
TNG50-1,67,0.5,355961,0,0.09805479,-0.04120967,1.0023401,3.10319539,2,0.075680785,-0.027231846,0.29911898,,0.7076416015625,181.84757614135742,3.4336137478086592,17.13825512625808,,
TNG50-1,67,0.5,355961,0,-0.02502815,-0.00595419,1.1954381,-3.07346356,3,-0.004080482,0.022188842,0.29911898,,0.7076416015625,181.84757614135742,3.4336137478086592,17.13825512625808,,
TNG50-1,67,0.5,355961,0,0.01649828,-0.00653055,0.41120998,0.1978319,4,0.0077273175,0.0064825825,0.29911898,,0.7076416015625,181.84757614135742,3.4336137478086592,17.13825512625808,,
TNG50-1,67,0.5,355961,0,-0.0879486,0.1252656,0.54312581,1.05997532,5,-0.03535164,0.04854584,0.29911898,,0.7076416015625,181.84757614135742,3.4336137478086592,17.13825512625808,,
TNG50-1,67,0.5,355961,0,0.06788246,-0.01687967,0.23356599,2.602158,6,0.044520717,0.0215359,0.29911898,,0.7076416015625,181.84757614135742,3.4336137478086592,17.13825512625808,,
TNG50-1,67,0.5,355961,0,0.00835803,0.04951135,0.313216,0.90563521,7,0.02276298,0.02655058,0.29911898,,0.7076416015625,181.84757614135742,3.4336137478086592,17.13825512625808,,
TNG50-1,67,0.5,355961,0,-0.02219373,0.09058286,1.13215784,0.60927294,8,-0.00048552454,0.053724557,0.29911898,,0.7076416015625,181.84757614135742,3.4336137478086592,17.13825512625808,,
TNG50-1,67,0.5,355961,0,-0.02175705,0.0335307,1.07209057,-1.25437952,9,-0.030638829,0.018746555,0.29911898,,0.7076416015625,181.84757614135742,3.4336137478086592,17.13825512625808,,
TNG50-1,67,0.5,294406,0,0.06789914,0.00510285,1.0441833,-2.57742324,0,0.04852292,-0.018496413,1.0862544,,0.7885284423828125,151.520849609375,5.904319811090913,62.237792597515536,,
TNG50-1,67,0.5,294406,0,0.04893502,0.0323786,0.68023125,0.66280837,1,0.0045162663,0.009970255,1.0862544,,0.7885284423828125,151.520849609375,5.904319811090913,62.237792597515536,,
TNG50-1,67,0.5,294406,0,0.01365329,-0.06890762,0.90276749,1.5758455,2,0.0011928752,-0.0021332838,1.0862544,,0.7885284423828125,151.520849609375,5.904319811090913,62.237792597515536,,
TNG50-1,67,0.5,294406,0,0.03846849,-0.12746884,0.61586599,-1.90258299,3,0.023770511,-0.03015266,1.0862544,,0.7885284423828125,151.520849609375,5.904319811090913,62.237792597515536,,
TNG50-1,67,0.5,294406,0,-0.05774942,0.0460616,0.68792872,-0.40896218,4,-0.033250093,0.01770489,1.0862544,,0.7885284423828125,151.520849609375,5.904319811090913,62.237792597515536,,
TNG50-1,67,0.5,294406,0,-0.00404472,-0.0541491,0.25361601,0.26694922,5,0.0061961263,-0.029782508,1.0862544,,0.7885284423828125,151.520849609375,5.904319811090913,62.237792597515536,,
TNG50-1,67,0.5,294406,0,0.06473921,-0.03049952,0.59731428,-0.54567756,6,0.04352931,-0.024668109,1.0862544,,0.7885284423828125,151.520849609375,5.904319811090913,62.237792597515536,,
TNG50-1,67,0.5,294406,0,-0.03385709,-0.10916177,1.34479574,2.36250785,7,-0.0034811646,-0.030873392,1.0862544,,0.7885284423828125,151.520849609375,5.904319811090913,62.237792597515536,,
TNG50-1,67,0.5,294406,0,-0.04991667,0.05114563,0.64099042,-2.08034251,8,-0.025550194,-0.0029000305,1.0862544,,0.7885284423828125,151.520849609375,5.904319811090913,62.237792597515536,,
TNG50-1,67,0.5,294406,0,0.0039302,0.01751691,0.80057885,1.70623386,9,0.011920068,-0.012120511,1.0862544,,0.7885284423828125,151.520849609375,5.904319811090913,62.237792597515536,,
TNG50-1,67,0.5,379569,0,0.00125247,-0.02928941,1.33152978,-1.48748036,0,0.01275792,-0.03739104,0.42776144,,0.7504425048828125,105.62449645996094,8.34133018808395,24.508925150438593,,
TNG50-1,67,0.5,379569,0,-0.00629741,0.04557781,1.09468396,2.65779265,1,0.010543726,0.012478463,0.42776144,,0.7504425048828125,105.62449645996094,8.34133018808395,24.508925150438593,,
TNG50-1,67,0.5,379569,0,-0.03223264,-0.13667598,0.84470259,3.12763226,2,-0.0019491836,-0.031768534,0.42776144,,0.7504425048828125,105.62449645996094,8.34133018808395,24.508925150438593,,
TNG50-1,67,0.5,379569,0,-0.02039719,0.0788122,1.39233237,-1.61753702,3,0.004384499,0.0454987,0.42776144,,0.7504425048828125,105.62449645996094,8.34133018808395,24.508925150438593,,
TNG50-1,67,0.5,379569,0,-0.03205856,0.05273389,0.94306484,-1.80913091,4,-0.027895577,0.031221338,0.42776144,,0.7504425048828125,105.62449645996094,8.34133018808395,24.508925150438593,,
TNG50-1,67,0.5,379569,0,0.03826721,-0.03140266,0.28258393,-0.72973339,5,0.020890411,-0.038743306,0.42776144,,0.7504425048828125,105.62449645996094,8.34133018808395,24.508925150438593,,
TNG50-1,67,0.5,379569,0,-0.03767995,-0.02253921,0.5248616,-0.34019413,6,-0.04256598,-0.045846973,0.42776144,,0.7504425048828125,105.62449645996094,8.34133018808395,24.508925150438593,,
TNG50-1,67,0.5,379569,0,-0.11231229,0.02521935,1.20435911,-2.58082674,7,-0.041485243,0.041330528,0.42776144,,0.7504425048828125,105.62449645996094,8.34133018808395,24.508925150438593,,
TNG50-1,67,0.5,379569,0,0.0029154,0.0265608,0.93009809,-2.21351175,8,0.017509602,0.024498452,0.42776144,,0.7504425048828125,105.62449645996094,8.34133018808395,24.508925150438593,,
TNG50-1,67,0.5,379569,0,-0.01396954,-0.03169409,1.25683862,-0.47232421,9,-0.009446122,-0.018879946,0.42776144,,0.7504425048828125,105.62449645996094,8.34133018808395,24.508925150438593,,
TNG50-1,67,0.5,269551,0,0.01905187,0.03574939,1.13454331,-1.29008679,0,0.026439022,0.009027991,0.53137675,,0.9145965576171875,140.00449066162108,4.394921857640432,30.445645106378265,,
TNG50-1,67,0.5,269551,0,0.05546179,-0.11720788,0.37168723,0.19827281,1,0.056257285,-0.010886069,0.53137675,,0.9145965576171875,140.00449066162108,4.394921857640432,30.445645106378265,,
TNG50-1,67,0.5,269551,0,-0.0102011,-0.03179164,1.16029217,2.06656589,2,-0.043583058,0.013230026,0.53137675,,0.9145965576171875,140.00449066162108,4.394921857640432,30.445645106378265,,
TNG50-1,67,0.5,269551,0,0.01420524,-0.02923002,1.11703203,0.40599854,3,-0.049477063,0.033782996,0.53137675,,0.9145965576171875,140.00449066162108,4.394921857640432,30.445645106378265,,
TNG50-1,67,0.5,269551,0,0.06248843,0.00224342,0.35106983,-0.0642214,4,0.04564286,-0.023366485,0.53137675,,0.9145965576171875,140.00449066162108,4.394921857640432,30.445645106378265,,
TNG50-1,67,0.5,269551,0,-0.00666151,0.08441324,0.5532101,2.90357032,5,-0.03065706,0.02850375,0.53137675,,0.9145965576171875,140.00449066162108,4.394921857640432,30.445645106378265,,
TNG50-1,67,0.5,269551,0,-0.05626981,-0.05402708,1.12990833,-2.41016458,6,-0.021467417,-0.055041272,0.53137675,,0.9145965576171875,140.00449066162108,4.394921857640432,30.445645106378265,,
TNG50-1,67,0.5,269551,0,0.03380216,0.1121101,1.05849199,1.75970611,7,0.04818383,0.048272356,0.53137675,,0.9145965576171875,140.00449066162108,4.394921857640432,30.445645106378265,,
TNG50-1,67,0.5,269551,0,0.07174388,-0.0191164,0.55046436,-2.3434091,8,0.023494571,-0.03679848,0.53137675,,0.9145965576171875,140.00449066162108,4.394921857640432,30.445645106378265,,
TNG50-1,67,0.5,269551,0,0.06443918,-0.03834507,1.32873111,1.46289795,9,0.07995644,-0.008680973,0.53137675,,0.9145965576171875,140.00449066162108,4.394921857640432,30.445645106378265,,
TNG50-1,67,0.5,384936,0,0.00704762,-0.03965141,1.03705173,-2.42959964,0,0.01302395,0.0057540387,0.85265684,,0.3854827880859375,195.33041076660157,2.9934468221355,48.853638304961514,,
TNG50-1,67,0.5,384936,0,0.00648955,0.02719781,1.21491029,-2.67263585,1,-0.0010188967,0.0013735443,0.85265684,,0.3854827880859375,195.33041076660157,2.9934468221355,48.853638304961514,,
TNG50-1,67,0.5,384936,0,0.00250613,-0.03564344,1.32464793,-2.12461504,2,0.0091718435,-0.057186138,0.85265684,,0.3854827880859375,195.33041076660157,2.9934468221355,48.853638304961514,,
TNG50-1,67,0.5,384936,0,0.01345483,0.04069669,0.86596042,1.92842883,3,0.0111786835,-0.00024057925,0.85265684,,0.3854827880859375,195.33041076660157,2.9934468221355,48.853638304961514,,
TNG50-1,67,0.5,384936,0,0.03579805,-0.00256714,0.84329333,1.40169085,4,-0.0068620965,-0.0054333657,0.85265684,,0.3854827880859375,195.33041076660157,2.9934468221355,48.853638304961514,,
TNG50-1,67,0.5,384936,0,0.03150829,0.04097976,0.83280934,0.87118368,5,0.03676477,0.020696402,0.85265684,,0.3854827880859375,195.33041076660157,2.9934468221355,48.853638304961514,,
TNG50-1,67,0.5,384936,0,0.00117927,0.03184794,1.36936145,0.8846146,6,0.0018734783,0.004895013,0.85265684,,0.3854827880859375,195.33041076660157,2.9934468221355,48.853638304961514,,
TNG50-1,67,0.5,384936,0,-0.00245247,0.0421465,1.37741691,2.25487101,7,-0.041885786,0.0033296458,0.85265684,,0.3854827880859375,195.33041076660157,2.9934468221355,48.853638304961514,,
TNG50-1,67,0.5,384936,0,-0.00436492,-0.02381829,0.46159342,-1.04640961,8,-0.035046108,-0.014382537,0.85265684,,0.3854827880859375,195.33041076660157,2.9934468221355,48.853638304961514,,
TNG50-1,67,0.5,384936,0,-0.03901653,0.02044497,0.74749672,-1.11696172,9,-0.032809637,0.02340331,0.85265684,,0.3854827880859375,195.33041076660157,2.9934468221355,48.853638304961514,,
TNG50-1,67,0.5,376440,0,0.00971466,0.06184399,1.31782708,-2.56186263,0,0.013913818,0.009985909,0.66434293,,0.662811279296875,157.09435272216797,5.805809846913316,38.06404603835508,,
TNG50-1,67,0.5,376440,0,-0.00266393,0.09566699,1.07097928,1.1645077,1,-0.046562627,0.017546896,0.66434293,,0.662811279296875,157.09435272216797,5.805809846913316,38.06404603835508,,
TNG50-1,67,0.5,376440,0,0.03053456,0.01665364,0.80431567,1.74068633,2,-0.008495346,0.011972349,0.66434293,,0.662811279296875,157.09435272216797,5.805809846913316,38.06404603835508,,
TNG50-1,67,0.5,376440,0,0.11059546,-0.08729149,0.41706211,-1.52059504,3,0.07436196,-0.031360667,0.66434293,,0.662811279296875,157.09435272216797,5.805809846913316,38.06404603835508,,
TNG50-1,67,0.5,376440,0,-0.08565604,-0.03502036,1.19867425,-1.5404569,4,-0.05603292,0.005402148,0.66434293,,0.662811279296875,157.09435272216797,5.805809846913316,38.06404603835508,,
TNG50-1,67,0.5,376440,0,-0.02535398,0.10930264,0.85488594,0.60410974,5,-0.040896155,0.048406005,0.66434293,,0.662811279296875,157.09435272216797,5.805809846913316,38.06404603835508,,
TNG50-1,67,0.5,376440,0,0.07705716,-0.07070989,1.2805043,0.81979599,6,0.06301028,-0.018349748,0.66434293,,0.662811279296875,157.09435272216797,5.805809846913316,38.06404603835508,,
TNG50-1,67,0.5,376440,0,-0.02610228,0.02484033,0.68354747,1.38560557,7,-0.03260859,0.014406931,0.66434293,,0.662811279296875,157.09435272216797,5.805809846913316,38.06404603835508,,
TNG50-1,67,0.5,376440,0,0.03947468,-0.12572546,1.29400072,0.504502,8,0.05733555,-0.059367288,0.66434293,,0.662811279296875,157.09435272216797,5.805809846913316,38.06404603835508,,
TNG50-1,67,0.5,376440,0,0.03154503,-0.06756136,0.20007139,-2.04538558,9,0.011490032,-0.03190874,0.66434293,,0.662811279296875,157.09435272216797,5.805809846913316,38.06404603835508,,
TNG50-1,67,0.5,279682,0,0.03533163,0.02255433,0.87468647,-1.35207351,0,0.04783514,-0.035663325,1.05288648,,0.428741455078125,230.5505661010742,2.66842911017243,60.32595161038536,,
TNG50-1,67,0.5,279682,0,0.0361278,-0.00432243,1.09843067,2.90501789,1,0.041645214,-0.0042626746,1.05288648,,0.428741455078125,230.5505661010742,2.66842911017243,60.32595161038536,,
TNG50-1,67,0.5,279682,0,-0.09075174,0.03569754,0.65249603,-1.62138734,2,-0.05419088,0.037699685,1.05288648,,0.428741455078125,230.5505661010742,2.66842911017243,60.32595161038536,,
TNG50-1,67,0.5,279682,0,0.07093424,0.10926359,0.97789361,-3.07174694,3,0.057720583,0.026147524,1.05288648,,0.428741455078125,230.5505661010742,2.66842911017243,60.32595161038536,,
TNG50-1,67,0.5,279682,0,-0.12435378,-0.06706195,1.21354641,2.19799028,4,-0.0699495,-0.023549926,1.05288648,,0.428741455078125,230.5505661010742,2.66842911017243,60.32595161038536,,
TNG50-1,67,0.5,279682,0,0.05172078,-0.15940732,1.05187883,2.85536699,5,0.05658352,-0.03373776,1.05288648,,0.428741455078125,230.5505661010742,2.66842911017243,60.32595161038536,,
TNG50-1,67,0.5,279682,0,-0.0317055,-0.02078371,0.99945206,1.14436878,6,0.03862516,-0.00143582,1.05288648,,0.428741455078125,230.5505661010742,2.66842911017243,60.32595161038536,,
TNG50-1,67,0.5,279682,0,0.03527547,-0.02420129,0.95286905,-0.58025434,7,-0.002355218,-0.020415727,1.05288648,,0.428741455078125,230.5505661010742,2.66842911017243,60.32595161038536,,
TNG50-1,67,0.5,279682,0,0.02550971,-0.01887841,0.45767356,0.2749188,8,0.033825185,-0.06031211,1.05288648,,0.428741455078125,230.5505661010742,2.66842911017243,60.32595161038536,,
TNG50-1,67,0.5,279682,0,-0.00185613,-0.04632195,1.04367017,2.08602739,9,-0.0060173646,-0.00456509,1.05288648,,0.428741455078125,230.5505661010742,2.66842911017243,60.32595161038536,,
TNG50-1,67,0.5,349548,0,-0.00707279,-0.01964983,0.50668527,-1.28776643,0,-0.01446414,0.0024289154,1.27079597,,0.5961456298828125,236.4168701171875,5.499703139183116,72.81124570323358,,
TNG50-1,67,0.5,349548,0,0.07539472,0.04514242,1.02671611,-3.00869069,1,0.013569534,-0.008285124,1.27079597,,0.5961456298828125,236.4168701171875,5.499703139183116,72.81124570323358,,
TNG50-1,67,0.5,349548,0,0.0342719,-0.01241936,1.03784026,2.19373608,2,0.011128042,-0.050120134,1.27079597,,0.5961456298828125,236.4168701171875,5.499703139183116,72.81124570323358,,
TNG50-1,67,0.5,349548,0,0.00908812,0.02306842,0.96892554,-2.6437524,3,-0.008393526,0.0005081445,1.27079597,,0.5961456298828125,236.4168701171875,5.499703139183116,72.81124570323358,,
TNG50-1,67,0.5,349548,0,0.07942605,0.1195068,0.86401609,-1.04092681,4,-0.0025588647,-0.006211113,1.27079597,,0.5961456298828125,236.4168701171875,5.499703139183116,72.81124570323358,,
TNG50-1,67,0.5,349548,0,0.06978876,0.04759259,0.46396177,-1.56792625,5,0.04400661,0.0042058714,1.27079597,,0.5961456298828125,236.4168701171875,5.499703139183116,72.81124570323358,,
TNG50-1,67,0.5,349548,0,0.01670611,0.02384206,0.99941479,1.5358413,6,0.028561607,0.04577729,1.27079597,,0.5961456298828125,236.4168701171875,5.499703139183116,72.81124570323358,,
TNG50-1,67,0.5,349548,0,0.13880598,-0.03873514,0.39376791,2.71802539,7,0.06598764,-0.042142797,1.27079597,,0.5961456298828125,236.4168701171875,5.499703139183116,72.81124570323358,,
TNG50-1,67,0.5,349548,0,-0.01237116,0.00941144,1.05999363,1.98994626,8,-0.009460039,0.0058046617,1.27079597,,0.5961456298828125,236.4168701171875,5.499703139183116,72.81124570323358,,
TNG50-1,67,0.5,349548,0,0.05490142,-0.05040013,1.1230853,-1.13098385,9,0.0123220235,-0.016528163,1.27079597,,0.5961456298828125,236.4168701171875,5.499703139183116,72.81124570323358,,
TNG50-1,67,0.5,115154,0,0.07619991,-0.03573037,1.36689509,2.28116762,0,0.05877618,-0.02918223,0.88625765,,0.519287109375,296.896806335449,2.0381867731554006,50.778822906182484,,
TNG50-1,67,0.5,115154,0,0.02516116,0.09790685,1.12888815,-2.58680791,1,0.026763573,0.03784506,0.88625765,,0.519287109375,296.896806335449,2.0381867731554006,50.778822906182484,,
TNG50-1,67,0.5,115154,0,-0.03448017,-0.02656064,0.77367975,-0.2162837,2,-0.0008183792,-0.02562156,0.88625765,,0.519287109375,296.896806335449,2.0381867731554006,50.778822906182484,,
TNG50-1,67,0.5,115154,0,0.04988085,0.04779573,1.20597679,-1.94242378,3,0.0074523613,0.017286904,0.88625765,,0.519287109375,296.896806335449,2.0381867731554006,50.778822906182484,,
TNG50-1,67,0.5,115154,0,-0.01966423,0.01396224,1.00647186,-2.6187075,4,-0.047642685,0.0068246163,0.88625765,,0.519287109375,296.896806335449,2.0381867731554006,50.778822906182484,,
TNG50-1,67,0.5,115154,0,-0.02952183,0.01914955,0.38992733,-1.30441749,5,-0.049614184,0.04568512,0.88625765,,0.519287109375,296.896806335449,2.0381867731554006,50.778822906182484,,
TNG50-1,67,0.5,115154,0,0.04479078,-0.01252711,0.57403209,0.69519553,6,0.029222034,0.015419722,0.88625765,,0.519287109375,296.896806335449,2.0381867731554006,50.778822906182484,,
TNG50-1,67,0.5,115154,0,-0.12264123,-0.01513578,0.8995022,1.84958327,7,-0.07460701,0.027904239,0.88625765,,0.519287109375,296.896806335449,2.0381867731554006,50.778822906182484,,
TNG50-1,67,0.5,115154,0,0.03674085,0.07639942,0.87998239,2.59166546,8,0.030341215,0.0431524,0.88625765,,0.519287109375,296.896806335449,2.0381867731554006,50.778822906182484,,
TNG50-1,67,0.5,115154,0,-0.03565474,0.046523,0.47666457,-0.48408088,9,-0.038777106,0.04175481,0.88625765,,0.519287109375,296.896806335449,2.0381867731554006,50.778822906182484,,
TNG50-1,67,0.5,342970,0,0.01131522,-0.00609602,1.2174828,-0.87449983,0,0.002591461,-0.047472548,0.88930643,,0.192413330078125,329.83303222656247,3.97833871799249,50.95350513284638,,
TNG50-1,67,0.5,342970,0,-0.04954528,-0.01412296,0.42184056,-0.42706043,1,-0.052645944,-0.019658063,0.88930643,,0.192413330078125,329.83303222656247,3.97833871799249,50.95350513284638,,
TNG50-1,67,0.5,342970,0,-0.02190081,-0.02456158,1.1062413,1.57546357,2,0.0047298037,-0.028682653,0.88930643,,0.192413330078125,329.83303222656247,3.97833871799249,50.95350513284638,,
TNG50-1,67,0.5,342970,0,-0.07456938,0.01718748,0.57288996,-2.82763043,3,-0.017829306,0.060892463,0.88930643,,0.192413330078125,329.83303222656247,3.97833871799249,50.95350513284638,,
TNG50-1,67,0.5,342970,0,-0.0764946,-0.06072363,1.34679844,-2.91193384,4,-0.021704428,0.052143622,0.88930643,,0.192413330078125,329.83303222656247,3.97833871799249,50.95350513284638,,
TNG50-1,67,0.5,342970,0,0.01276314,0.00653607,0.26409025,2.35569842,5,0.022209562,-0.03223666,0.88930643,,0.192413330078125,329.83303222656247,3.97833871799249,50.95350513284638,,
TNG50-1,67,0.5,342970,0,0.02695058,0.03257816,0.6607625,-2.45039427,6,0.019305434,-0.01259635,0.88930643,,0.192413330078125,329.83303222656247,3.97833871799249,50.95350513284638,,
TNG50-1,67,0.5,342970,0,0.09791868,0.07098689,0.44059676,1.38877213,7,0.04225333,0.011029992,0.88930643,,0.192413330078125,329.83303222656247,3.97833871799249,50.95350513284638,,
TNG50-1,67,0.5,342970,0,-0.00415468,0.01551879,0.93227637,-1.88782828,8,0.0009761378,-0.016156923,0.88930643,,0.192413330078125,329.83303222656247,3.97833871799249,50.95350513284638,,
TNG50-1,67,0.5,342970,0,-0.06789174,0.05215602,0.81755619,-0.84063436,9,-0.026936464,0.052536447,0.88930643,,0.192413330078125,329.83303222656247,3.97833871799249,50.95350513284638,,
TNG50-1,67,0.5,184180,0,0.00488245,-0.00237486,0.67321596,-0.06752082,0,0.037506294,0.0016802177,1.29344686,,0.39666748046875,270.4134063720703,1.913065748122794,74.10904610244866,,
TNG50-1,67,0.5,184180,0,-0.02637339,0.08643459,0.97304942,-0.78229992,1,-0.016585164,0.05772484,1.29344686,,0.39666748046875,270.4134063720703,1.913065748122794,74.10904610244866,,
TNG50-1,67,0.5,184180,0,-0.09334055,0.01144881,1.02671987,-2.27947804,2,-0.04335443,-0.01896615,1.29344686,,0.39666748046875,270.4134063720703,1.913065748122794,74.10904610244866,,
TNG50-1,67,0.5,184180,0,-0.01750255,0.01868749,1.29238504,-0.92625432,3,-0.0028783828,0.015536554,1.29344686,,0.39666748046875,270.4134063720703,1.913065748122794,74.10904610244866,,
TNG50-1,67,0.5,184180,0,-0.01904787,-0.0203627,0.83882736,1.75300141,4,0.0025819987,-0.025769163,1.29344686,,0.39666748046875,270.4134063720703,1.913065748122794,74.10904610244866,,
TNG50-1,67,0.5,184180,0,0.06376223,0.03435254,1.35678765,0.76149489,5,0.06134347,0.04223843,1.29344686,,0.39666748046875,270.4134063720703,1.913065748122794,74.10904610244866,,
TNG50-1,67,0.5,184180,0,-0.0269615,-0.00198213,1.02679947,-0.39323313,6,-0.013876975,-0.021259155,1.29344686,,0.39666748046875,270.4134063720703,1.913065748122794,74.10904610244866,,
TNG50-1,67,0.5,184180,0,0.03338951,-0.09160515,1.19980996,2.01420492,7,0.019026637,-0.037611786,1.29344686,,0.39666748046875,270.4134063720703,1.913065748122794,74.10904610244866,,
TNG50-1,67,0.5,184180,0,0.0691406,-0.01776163,0.33425808,-3.1155253,8,0.06023273,-0.006951172,1.29344686,,0.39666748046875,270.4134063720703,1.913065748122794,74.10904610244866,,
TNG50-1,67,0.5,184180,0,-0.03140344,-0.05915894,1.088012,2.05209335,9,-0.028292313,-0.03160413,1.29344686,,0.39666748046875,270.4134063720703,1.913065748122794,74.10904610244866,,
TNG50-1,67,0.5,311366,0,0.01198949,-0.01085665,1.10026365,0.10790642,0,0.021555293,-1.7121434e-05,1.13242667,,0.3279571533203125,218.28679809570306,1.6758222241494247,64.88326879905404,,
TNG50-1,67,0.5,311366,0,0.09709091,0.05495605,0.39020913,-1.9994361,1,0.061175592,-0.023541693,1.13242667,,0.3279571533203125,218.28679809570306,1.6758222241494247,64.88326879905404,,
TNG50-1,67,0.5,311366,0,0.00274082,-0.04479616,0.48075393,-0.17138171,2,0.014016949,-0.050278675,1.13242667,,0.3279571533203125,218.28679809570306,1.6758222241494247,64.88326879905404,,
TNG50-1,67,0.5,311366,0,-0.09613295,0.04841472,1.15112085,1.43814761,3,-0.07125398,0.052446842,1.13242667,,0.3279571533203125,218.28679809570306,1.6758222241494247,64.88326879905404,,
TNG50-1,67,0.5,311366,0,-0.04569538,-0.01412095,0.9748396,-0.04942156,4,-0.015538268,-0.007195931,1.13242667,,0.3279571533203125,218.28679809570306,1.6758222241494247,64.88326879905404,,
TNG50-1,67,0.5,311366,0,0.01311439,-0.07239967,0.48246046,-1.17330491,5,0.012871429,-0.05571306,1.13242667,,0.3279571533203125,218.28679809570306,1.6758222241494247,64.88326879905404,,
TNG50-1,67,0.5,311366,0,0.00464974,0.02966184,0.77667527,1.04508166,6,-0.01532881,0.027016753,1.13242667,,0.3279571533203125,218.28679809570306,1.6758222241494247,64.88326879905404,,
TNG50-1,67,0.5,311366,0,0.08122278,0.06987718,0.81450704,-0.31271569,7,0.066221654,0.036956556,1.13242667,,0.3279571533203125,218.28679809570306,1.6758222241494247,64.88326879905404,,
TNG50-1,67,0.5,311366,0,0.04800386,-0.02033009,0.78825294,2.90798547,8,0.08045564,-0.012148883,1.13242667,,0.3279571533203125,218.28679809570306,1.6758222241494247,64.88326879905404,,
TNG50-1,67,0.5,311366,0,0.04650577,0.07813809,0.41266957,-0.92902832,9,0.03244172,0.040866323,1.13242667,,0.3279571533203125,218.28679809570306,1.6758222241494247,64.88326879905404,,
TNG50-1,67,0.5,77280,0,0.09347573,-0.08025899,1.23265398,-1.18780455,0,0.08542543,-0.02090909,1.3959006,,0.235443115234375,232.66481018066406,3.248652252100573,79.97921299977932,,
TNG50-1,67,0.5,77280,0,0.00621357,-0.01228834,1.34645271,-2.45431426,1,0.018003814,-0.010572482,1.3959006,,0.235443115234375,232.66481018066406,3.248652252100573,79.97921299977932,,
TNG50-1,67,0.5,77280,0,-0.01087692,-0.07994164,0.59413281,-2.41468334,2,0.013290457,-0.04454315,1.3959006,,0.235443115234375,232.66481018066406,3.248652252100573,79.97921299977932,,
TNG50-1,67,0.5,77280,0,0.00424756,-0.05281258,1.11946569,-0.02704181,3,0.050491747,-0.04809535,1.3959006,,0.235443115234375,232.66481018066406,3.248652252100573,79.97921299977932,,
TNG50-1,67,0.5,77280,0,0.04371201,0.06488334,0.87716867,-2.26930273,4,0.07618568,0.007964656,1.3959006,,0.235443115234375,232.66481018066406,3.248652252100573,79.97921299977932,,
TNG50-1,67,0.5,77280,0,-0.03508022,0.05222289,1.31321697,-1.73760961,5,-0.018990047,0.04665039,1.3959006,,0.235443115234375,232.66481018066406,3.248652252100573,79.97921299977932,,
TNG50-1,67,0.5,77280,0,-0.0265425,0.05756611,0.95263301,-2.10601268,6,-0.01899141,0.0066301003,1.3959006,,0.235443115234375,232.66481018066406,3.248652252100573,79.97921299977932,,
TNG50-1,67,0.5,77280,0,0.03283357,-0.07244941,0.82054797,1.90056529,7,0.03594327,-0.03586716,1.3959006,,0.235443115234375,232.66481018066406,3.248652252100573,79.97921299977932,,
TNG50-1,67,0.5,77280,0,-0.07581946,-0.05255281,1.00699695,-0.31593698,8,-0.04624138,-0.010578003,1.3959006,,0.235443115234375,232.66481018066406,3.248652252100573,79.97921299977932,,
TNG50-1,67,0.5,77280,0,0.04953859,0.01699363,1.11145147,0.33042977,9,0.048990723,-0.040614787,1.3959006,,0.235443115234375,232.66481018066406,3.248652252100573,79.97921299977932,,
TNG50-1,67,0.5,371170,0,0.06721979,0.02200132,1.32301566,-0.99020553,0,0.065505944,0.010680299,0.49727639,,0.3488311767578125,134.6619415283203,2.437105587080323,28.491838398501535,,
TNG50-1,67,0.5,371170,0,0.02361697,-0.0303131,0.72925926,-2.7114086,1,0.024232239,-0.039946374,0.49727639,,0.3488311767578125,134.6619415283203,2.437105587080323,28.491838398501535,,
TNG50-1,67,0.5,371170,0,0.04451246,0.05896264,1.05895963,1.17315611,2,0.044042516,0.045051076,0.49727639,,0.3488311767578125,134.6619415283203,2.437105587080323,28.491838398501535,,
TNG50-1,67,0.5,371170,0,0.00368969,0.01219062,0.92308968,-2.85901929,3,-0.0031309202,0.0034985319,0.49727639,,0.3488311767578125,134.6619415283203,2.437105587080323,28.491838398501535,,
TNG50-1,67,0.5,371170,0,-0.01408657,0.01316994,1.35727828,-3.1326782,4,0.018999726,0.021572147,0.49727639,,0.3488311767578125,134.6619415283203,2.437105587080323,28.491838398501535,,
TNG50-1,67,0.5,371170,0,0.03833308,0.04419478,0.64590735,-2.94693212,5,0.014771659,-0.01718017,0.49727639,,0.3488311767578125,134.6619415283203,2.437105587080323,28.491838398501535,,
TNG50-1,67,0.5,371170,0,0.01296765,0.03343533,0.75133841,-1.86329449,6,0.027452253,0.021035433,0.49727639,,0.3488311767578125,134.6619415283203,2.437105587080323,28.491838398501535,,
TNG50-1,67,0.5,371170,0,-0.008498,0.01468372,0.92885297,0.44105268,7,-0.0127100125,-0.032209035,0.49727639,,0.3488311767578125,134.6619415283203,2.437105587080323,28.491838398501535,,
TNG50-1,67,0.5,371170,0,-0.07070035,-0.00942925,0.96182317,1.13825683,8,-0.050884716,-0.02600203,0.49727639,,0.3488311767578125,134.6619415283203,2.437105587080323,28.491838398501535,,
TNG50-1,67,0.5,371170,0,0.04769541,0.09918321,1.11185908,-0.49801543,9,0.017738309,0.019220363,0.49727639,,0.3488311767578125,134.6619415283203,2.437105587080323,28.491838398501535,,
TNG50-1,67,0.5,377355,0,-0.01436205,-0.07023002,1.04625112,-2.37040671,0,-0.034681164,-0.020501476,1.31646945,,0.671844482421875,212.82949295043943,1.0899067522112271,75.42814334290875,,
TNG50-1,67,0.5,377355,0,0.09316327,0.0178814,0.84263367,2.87251115,1,0.042127524,-0.016167272,1.31646945,,0.671844482421875,212.82949295043943,1.0899067522112271,75.42814334290875,,
TNG50-1,67,0.5,377355,0,-0.03348701,-0.00666499,0.93153937,-2.06675856,2,-0.0485795,0.020063486,1.31646945,,0.671844482421875,212.82949295043943,1.0899067522112271,75.42814334290875,,
TNG50-1,67,0.5,377355,0,0.13457874,-0.02582391,1.14210898,1.70565742,3,0.05245065,-0.018641155,1.31646945,,0.671844482421875,212.82949295043943,1.0899067522112271,75.42814334290875,,
TNG50-1,67,0.5,377355,0,0.0620962,0.05394746,1.0208755,-2.89583542,4,0.011014193,0.009858493,1.31646945,,0.671844482421875,212.82949295043943,1.0899067522112271,75.42814334290875,,
TNG50-1,67,0.5,377355,0,0.04160576,-0.04418896,0.57026917,-1.66149349,5,0.017019399,-0.03215758,1.31646945,,0.671844482421875,212.82949295043943,1.0899067522112271,75.42814334290875,,
TNG50-1,67,0.5,377355,0,-0.05202388,-0.02276205,1.14462712,-1.50698863,6,-0.045835234,-0.00027204305,1.31646945,,0.671844482421875,212.82949295043943,1.0899067522112271,75.42814334290875,,
TNG50-1,67,0.5,377355,0,0.04548412,-0.03235149,0.47214057,-1.27400987,7,0.021320753,-0.040043842,1.31646945,,0.671844482421875,212.82949295043943,1.0899067522112271,75.42814334290875,,
TNG50-1,67,0.5,377355,0,0.03019692,0.02550846,0.23236948,2.63456323,8,-0.0018447414,-0.017386038,1.31646945,,0.671844482421875,212.82949295043943,1.0899067522112271,75.42814334290875,,
TNG50-1,67,0.5,377355,0,-0.10598052,-0.08597291,1.13902617,-2.04008926,9,-0.09686353,-0.034117218,1.31646945,,0.671844482421875,212.82949295043943,1.0899067522112271,75.42814334290875,,
TNG50-1,67,0.5,146972,0,-0.03082458,0.06378777,0.67045986,1.89451908,0,-0.02617643,0.036822677,0.6166354,,0.7237396240234375,146.11558532714844,7.043446453225376,35.33060591836132,,
TNG50-1,67,0.5,146972,0,0.03399965,-0.01334898,0.48449126,2.24514855,1,0.009747632,0.0008100346,0.6166354,,0.7237396240234375,146.11558532714844,7.043446453225376,35.33060591836132,,
TNG50-1,67,0.5,146972,0,-0.04429013,0.03622272,0.62736562,1.20654697,2,-0.033342563,0.018238205,0.6166354,,0.7237396240234375,146.11558532714844,7.043446453225376,35.33060591836132,,
TNG50-1,67,0.5,146972,0,0.00013444,-0.02117699,1.37977683,-2.27257791,3,0.015835922,-0.004372701,0.6166354,,0.7237396240234375,146.11558532714844,7.043446453225376,35.33060591836132,,
TNG50-1,67,0.5,146972,0,0.07188095,-0.06777075,1.39984409,1.13689676,4,0.04994398,-0.04708531,0.6166354,,0.7237396240234375,146.11558532714844,7.043446453225376,35.33060591836132,,
TNG50-1,67,0.5,146972,0,0.00751962,0.12959613,0.48376019,0.65649042,5,-0.013279475,0.054716084,0.6166354,,0.7237396240234375,146.11558532714844,7.043446453225376,35.33060591836132,,
TNG50-1,67,0.5,146972,0,-0.05395659,-0.0703269,0.70627679,-1.04506906,6,-0.023879923,-0.015476573,0.6166354,,0.7237396240234375,146.11558532714844,7.043446453225376,35.33060591836132,,
TNG50-1,67,0.5,146972,0,0.10889239,0.01487791,0.32966958,-1.83083543,7,0.056972407,0.020455312,0.6166354,,0.7237396240234375,146.11558532714844,7.043446453225376,35.33060591836132,,
TNG50-1,67,0.5,146972,0,0.08812241,0.01429383,1.15173086,2.41965431,8,0.033357263,0.012735639,0.6166354,,0.7237396240234375,146.11558532714844,7.043446453225376,35.33060591836132,,
TNG50-1,67,0.5,146972,0,0.02505883,0.02580028,0.62953771,-2.24971652,9,-0.0046930015,0.028341778,0.6166354,,0.7237396240234375,146.11558532714844,7.043446453225376,35.33060591836132,,
