sim,snap,redshift,subhalo_id,offset,g1,g2,inclination,theta_int,draw_idx
TNG50-1,40,1.5,102573,0,0.01523585,0.0439699,0.66956198,1.53788598,0
TNG50-1,40,1.5,102573,0,-0.05199921,0.0388896,1.0959875,2.93745028,1
TNG50-1,40,1.5,102573,0,0.03752256,0.00330153,0.29662282,-1.09437155,2
TNG50-1,40,1.5,102573,0,0.04702824,0.05636206,0.46575209,-0.81392567,3
TNG50-1,40,1.5,102573,0,-0.09755176,0.02337547,0.64260862,-0.19128648,4
TNG50-1,40,1.5,102573,0,-0.06510898,-0.04296462,1.23698764,-1.95110899,5
TNG50-1,40,1.5,102573,0,0.00639202,0.01843754,0.99075612,-2.32527176,6
TNG50-1,40,1.5,102573,0,-0.01581213,-0.04794413,1.36387023,-0.15265045,7
TNG50-1,40,1.5,102573,0,-0.00084006,0.04392252,1.27138584,-1.71587917,8
TNG50-1,40,1.5,102573,0,-0.0426522,-0.0024963,0.76222015,1.0669728,9
TNG50-1,40,1.5,36235,0,0.03716271,0.01445597,0.89198976,2.220497,0
TNG50-1,40,1.5,36235,0,0.02715771,0.03156441,0.66048906,-1.67170751,1
TNG50-1,40,1.5,36235,0,-0.03327549,-0.07285779,0.81735583,-2.77526572,2
TNG50-1,40,1.5,36235,0,0.01160807,-0.01598356,0.90406387,-1.37360552,3
TNG50-1,40,1.5,36235,0,0.00583429,-0.02351863,0.89824909,-1.29688867,4
TNG50-1,40,1.5,36235,0,0.01093443,-0.03194389,1.14153755,1.01735147,5
TNG50-1,40,1.5,36235,0,0.04357144,-0.01375711,1.37460754,0.35834358,6
TNG50-1,40,1.5,36235,0,0.01117978,0.07474707,1.01954729,1.78378506,7
TNG50-1,40,1.5,36235,0,0.03394568,-0.04329156,1.21983354,1.03241242,8
TNG50-1,40,1.5,36235,0,0.00337895,0.04841392,1.04613956,-0.5881887,9
TNG50-1,40,1.5,112196,0,0.02283876,0.03326926,1.17521114,-1.21921049,0
TNG50-1,40,1.5,112196,0,-0.0330963,-0.00492427,0.30081144,0.49775123,1
TNG50-1,40,1.5,112196,0,-0.01815269,-0.02116492,0.6421118,-2.0308965,2
TNG50-1,40,1.5,112196,0,-0.01908689,-0.00398591,0.72164582,2.24067363,3
TNG50-1,40,1.5,112196,0,-0.05979198,-0.08436672,1.00747811,1.62432611,4
TNG50-1,40,1.5,112196,0,0.02434862,-0.07235562,1.16961094,1.37892642,5
TNG50-1,40,1.5,112196,0,-0.02347012,-0.06613498,1.32012598,-0.42667201,6
TNG50-1,40,1.5,112196,0,0.00062471,-0.04986234,0.44834708,0.79990504,7
TNG50-1,40,1.5,112196,0,0.02403733,0.01998871,1.00131981,0.52840312,8
TNG50-1,40,1.5,112196,0,0.02232656,-0.04527395,1.23035663,0.94151397,9
TNG50-1,40,1.5,148467,0,-0.05117487,-0.01949049,0.37719931,-2.26038164,0
TNG50-1,40,1.5,148467,0,0.00896378,-0.06883431,0.8852142,0.3395191,1
TNG50-1,40,1.5,148467,0,0.01099983,0.03175755,0.98418669,-2.45939115,2
TNG50-1,40,1.5,148467,0,0.06795938,-0.01111113,1.17424025,1.08221642,3
TNG50-1,40,1.5,148467,0,0.04175556,-0.07354031,1.11678835,-1.37454868,4
TNG50-1,40,1.5,148467,0,0.01784355,-0.05077895,0.9375515,1.00168196,5
TNG50-1,40,1.5,148467,0,0.07316514,0.01567569,1.01745947,1.42624923,6
TNG50-1,40,1.5,148467,0,-0.05943815,0.04190633,1.38220531,1.68796197,7
TNG50-1,40,1.5,148467,0,-0.03198758,0.09983654,0.57471775,-2.46463632,8
TNG50-1,40,1.5,148467,0,-0.0463288,0.14569312,0.46023875,2.61387951,9
TNG50-1,40,1.5,91585,0,-0.05924719,-0.00203813,0.9393733,-2.37028182,0
TNG50-1,40,1.5,91585,0,-0.04825584,-0.03273938,1.13083874,2.08044228,1
TNG50-1,40,1.5,91585,0,-0.0362613,0.02230361,0.65117199,-2.17847889,2
TNG50-1,40,1.5,91585,0,0.10642349,-0.02274917,0.78699244,-2.01521665,3
TNG50-1,40,1.5,91585,0,-0.04106933,-0.06128029,1.07848152,0.6244405,4
TNG50-1,40,1.5,91585,0,0.04192446,-0.06389688,1.32173482,2.35344271,5
TNG50-1,40,1.5,91585,0,-0.04514636,0.0086294,0.68417461,-1.90735725,6
TNG50-1,40,1.5,91585,0,0.04657865,0.07895456,1.17820242,-1.19177151,7
TNG50-1,40,1.5,91585,0,0.01924755,0.00799958,0.3794218,1.742986,8
TNG50-1,40,1.5,91585,0,-0.00783189,-0.00593192,1.19697311,2.96457287,9
TNG50-1,40,1.5,95933,0,-0.00025609,-0.04390762,1.15707762,2.72076514,0
TNG50-1,40,1.5,95933,0,-0.00817214,-0.01670617,0.4048692,1.91235603,1
TNG50-1,40,1.5,95933,0,0.01687873,0.04579513,1.37952641,-0.20494744,2
TNG50-1,40,1.5,95933,0,0.07037409,-0.06631964,0.90239418,1.78922152,3
TNG50-1,40,1.5,95933,0,0.00452925,0.00153157,0.81818101,-3.02952083,4
TNG50-1,40,1.5,95933,0,0.03219694,-0.02420847,1.31216818,-2.4558207,5
TNG50-1,40,1.5,95933,0,-0.10250861,-0.01638365,1.28319158,2.06986103,6
TNG50-1,40,1.5,95933,0,-0.00243592,0.05013789,1.03620269,1.86495677,7
TNG50-1,40,1.5,95933,0,-0.04216151,0.02690577,0.30876014,-1.67986776,8
TNG50-1,40,1.5,95933,0,-0.06094065,0.06686991,0.85949397,0.19333104,9
TNG50-1,40,1.5,15219,0,-0.05312072,0.14525336,1.271959,0.02843919,0
TNG50-1,40,1.5,15219,0,-0.02647197,-0.05857833,1.30412117,2.35622554,1
TNG50-1,40,1.5,15219,0,-0.04384304,-0.01841245,1.38258802,2.20622508,2
TNG50-1,40,1.5,15219,0,-0.00471313,0.01707778,1.35426532,-2.86843078,3
TNG50-1,40,1.5,15219,0,-0.08788642,0.08643488,1.25408399,-2.00120451,4
TNG50-1,40,1.5,15219,0,-0.07335226,-0.04934285,1.35593513,-1.65408076,5
TNG50-1,40,1.5,15219,0,0.10646236,-0.01226389,0.86472103,-1.5746443,6
TNG50-1,40,1.5,15219,0,-0.06437113,0.03886688,0.76495489,0.44756795,7
TNG50-1,40,1.5,15219,0,-0.05483928,0.0217383,1.0600288,-0.5261387,8
TNG50-1,40,1.5,15219,0,0.09184568,-0.0188078,1.12899165,-2.83211989,9
TNG50-1,40,1.5,163735,0,-0.05562057,0.00262334,1.28367408,2.82025753,0
TNG50-1,40,1.5,163735,0,0.05955715,-0.01460856,0.97991245,2.61599176,1
TNG50-1,40,1.5,163735,0,0.01313746,-0.00517441,1.03829609,-0.11994332,2
TNG50-1,40,1.5,163735,0,0.02400717,-0.01259887,1.20427293,-1.07843835,3
TNG50-1,40,1.5,163735,0,-0.0872293,0.00762813,1.08412278,0.22264335,4
TNG50-1,40,1.5,163735,0,0.04637192,0.0735746,1.08514841,2.19007014,5
TNG50-1,40,1.5,163735,0,0.02272102,-0.12833292,1.12045693,0.95873454,6
TNG50-1,40,1.5,163735,0,-0.05552153,-0.01184251,1.07313622,1.91255026,7
TNG50-1,40,1.5,163735,0,-0.02357624,0.00882562,0.75905395,0.20560012,8
TNG50-1,40,1.5,163735,0,0.01318586,0.0147997,1.14783062,0.8351461,9
TNG50-1,40,1.5,157182,0,-0.03487119,-0.00334766,0.83776878,2.70953718,0
TNG50-1,40,1.5,157182,0,0.0494792,-0.05860036,1.25693867,-2.38928433,1
TNG50-1,40,1.5,157182,0,-0.05891518,-0.02591399,0.89228688,-2.40580925,2
TNG50-1,40,1.5,157182,0,0.03911752,0.07556142,0.8844788,-2.59050068,3
TNG50-1,40,1.5,157182,0,-0.00953255,0.03187669,0.99146864,0.99188427,4
TNG50-1,40,1.5,157182,0,0.05856235,-0.03494652,0.93558101,-0.51139913,5
TNG50-1,40,1.5,157182,0,0.03754345,-0.05068587,0.66190787,1.72361229,6
TNG50-1,40,1.5,157182,0,0.09103231,0.0016391,0.61385273,1.0758787,7
TNG50-1,40,1.5,157182,0,0.03653873,-0.06082801,0.9659202,-1.04528479,8
TNG50-1,40,1.5,157182,0,-0.07860201,-0.03355701,0.85569033,2.50301084,9
TNG50-1,40,1.5,122851,0,0.01172004,-0.03717941,0.81473621,-1.2445269,0
TNG50-1,40,1.5,122851,0,0.01351716,-0.0411125,1.29871599,2.62914797,1
TNG50-1,40,1.5,122851,0,-0.04316726,0.01011531,0.86778937,1.76742255,2
TNG50-1,40,1.5,122851,0,-0.00737643,0.04221926,0.75863833,-2.44674517,3
TNG50-1,40,1.5,122851,0,-0.00762613,0.0005713,1.38987744,3.12296086,4
TNG50-1,40,1.5,122851,0,0.01916969,0.06644803,1.00272195,2.38258402,5
TNG50-1,40,1.5,122851,0,0.04999121,0.0428397,0.57604632,-1.35774333,6
TNG50-1,40,1.5,122851,0,-0.0529268,0.042091,1.1491783,2.11678364,7
TNG50-1,40,1.5,122851,0,-0.00625045,0.02770583,0.99865133,-2.47293901,8
TNG50-1,40,1.5,122851,0,0.07407278,0.11638266,1.01421623,3.13596751,9
TNG50-1,40,1.5,127069,0,-0.03311875,0.02605836,0.39868136,2.20622177,0
TNG50-1,40,1.5,127069,0,0.00691207,-0.01329194,0.65104372,-2.16636066,1
TNG50-1,40,1.5,127069,0,0.03800665,-0.00587711,0.74437071,1.4741678,2
TNG50-1,40,1.5,127069,0,0.01146057,0.04147595,0.55705752,-1.92867719,3
TNG50-1,40,1.5,127069,0,0.02650324,-0.09965302,1.36689263,-1.44036525,4
TNG50-1,40,1.5,127069,0,-0.03523366,-0.06482362,1.23085612,1.31887011,5
TNG50-1,40,1.5,127069,0,-0.00898057,-0.07410927,1.2961903,3.01721565,6
TNG50-1,40,1.5,127069,0,0.0098388,-0.11668081,0.95367801,0.70084915,7
TNG50-1,40,1.5,127069,0,0.04102642,-0.03391322,0.68622471,-2.79915708,8
TNG50-1,40,1.5,127069,0,-0.01968706,0.03747169,0.82257072,0.73079081,9
TNG50-1,40,1.5,51913,0,0.02373485,0.0164331,1.05034106,-0.57313263,0
TNG50-1,40,1.5,51913,0,-0.00655433,0.01809609,0.98352575,-1.77419229,1
TNG50-1,40,1.5,51913,0,-0.09154529,0.06603308,1.30098957,0.55484452,2
TNG50-1,40,1.5,51913,0,0.04641485,-0.01713931,1.28846325,-1.14956586,3
TNG50-1,40,1.5,51913,0,-0.03025004,-0.07384289,1.16447159,-2.91502203,4
TNG50-1,40,1.5,51913,0,-0.02669501,0.05336112,1.14086523,-0.51270764,5
TNG50-1,40,1.5,51913,0,-0.05348762,-0.01657441,1.02790787,-0.1625292,6
TNG50-1,40,1.5,51913,0,-0.03271416,0.05572962,0.84339917,-1.72415086,7
TNG50-1,40,1.5,51913,0,0.02139452,0.01916886,0.8174549,0.45526662,8
TNG50-1,40,1.5,51913,0,-0.00946222,-0.00655688,1.04306465,0.41325704,9
TNG50-1,40,1.5,137026,0,-0.02035391,0.07166073,1.35412223,-2.17641434,0
TNG50-1,40,1.5,137026,0,-0.01421819,0.00457601,1.1622341,0.63359897,1
TNG50-1,40,1.5,137026,0,0.00926628,0.02903885,1.11447848,-2.38966781,2
TNG50-1,40,1.5,137026,0,0.03095856,-0.00283916,1.25548776,-0.84873669,3
TNG50-1,40,1.5,137026,0,-0.01696292,-0.00852038,1.13266064,2.88039549,4
TNG50-1,40,1.5,137026,0,0.05319258,-0.03897412,0.68940916,3.11309509,5
TNG50-1,40,1.5,137026,0,-0.05709691,0.02151507,1.38791693,1.70968546,6
TNG50-1,40,1.5,137026,0,0.00031695,-0.04257686,0.57340276,-1.18776386,7
TNG50-1,40,1.5,137026,0,0.12988369,0.03327926,0.52792099,1.17913428,8
TNG50-1,40,1.5,137026,0,0.01115399,0.05426435,1.07976452,1.29060626,9
TNG50-1,40,1.5,163071,0,-0.01486617,-0.04438478,1.24872114,2.15882949,0
TNG50-1,40,1.5,163071,0,0.00497387,0.06678922,0.43986003,0.8644953,1
TNG50-1,40,1.5,163071,0,-0.00430503,-0.0095672,1.36317045,0.93713112,2
TNG50-1,40,1.5,163071,0,0.03954031,0.07019107,1.20402792,1.06941859,3
TNG50-1,40,1.5,163071,0,0.01723226,-0.02212679,1.15210602,1.65186839,4
TNG50-1,40,1.5,163071,0,0.0334163,0.07275228,0.96784494,-2.7764863,5
TNG50-1,40,1.5,163071,0,-0.03441861,0.00657429,0.86971279,-0.83812424,6
TNG50-1,40,1.5,163071,0,0.04489077,0.01291144,0.96480024,0.2483582,7
TNG50-1,40,1.5,163071,0,0.08144685,0.0782359,1.33037801,-1.01500785,8
TNG50-1,40,1.5,163071,0,-0.04850748,-0.01808852,1.19462521,2.1644246,9
TNG50-1,40,1.5,184627,0,0.02782667,0.01671476,1.39398392,2.91044195,0
TNG50-1,40,1.5,184627,0,0.0148209,0.0025571,1.16451872,1.77189075,1
TNG50-1,40,1.5,184627,0,0.10175367,-0.03827676,0.73847772,2.30468141,2
TNG50-1,40,1.5,184627,0,-0.00435471,0.04500923,0.81840889,-2.42465563,3
TNG50-1,40,1.5,184627,0,-0.01535416,0.03697063,0.26410093,1.46029711,4
TNG50-1,40,1.5,184627,0,-0.03767638,-0.00798242,0.83318967,-0.3764338,5
TNG50-1,40,1.5,184627,0,-0.05161313,-0.03264581,0.98027471,0.33366103,6
TNG50-1,40,1.5,184627,0,-0.06222359,0.0274214,0.665184,0.968254,7
TNG50-1,40,1.5,184627,0,-0.04443987,0.00939868,0.44698937,2.95193544,8
TNG50-1,40,1.5,184627,0,-0.00353402,-0.07240636,0.71696648,3.04469388,9
TNG50-1,40,1.5,80803,0,0.01245181,-0.02887694,0.7712616,-3.11331753,0
TNG50-1,40,1.5,80803,0,0.09106494,0.06372236,0.72608843,0.09191887,1
TNG50-1,40,1.5,80803,0,-0.08258796,-0.03137938,0.64888542,1.11392958,2
TNG50-1,40,1.5,80803,0,-0.06405346,-0.03183076,0.51341356,-2.95556457,3
TNG50-1,40,1.5,80803,0,-0.02118033,0.02705658,0.69355203,-0.61980131,4
TNG50-1,40,1.5,80803,0,-0.02602942,0.03814632,0.61156101,2.48584727,5
TNG50-1,40,1.5,80803,0,0.04063006,0.02240497,1.35959711,1.07827508,6
TNG50-1,40,1.5,80803,0,0.01208299,-0.08427987,1.20256709,-1.64834112,7
TNG50-1,40,1.5,80803,0,-0.0887481,0.02690172,0.83150261,2.21658921,8
TNG50-1,40,1.5,80803,0,0.02577052,-0.0517154,0.52537891,-0.95484673,9
TNG50-1,40,1.5,149622,0,0.1274664,0.03495984,1.28823356,1.58313098,0
TNG50-1,40,1.5,149622,0,-0.02026346,0.10263425,1.08607701,0.25670982,1
TNG50-1,40,1.5,149622,0,-0.0968419,0.00859802,1.34449077,-1.35376961,2
TNG50-1,40,1.5,149622,0,-0.0155242,-0.01686626,1.23068691,2.49440445,3
TNG50-1,40,1.5,149622,0,-0.01431115,-0.00710016,1.38545644,-1.6644339,4
TNG50-1,40,1.5,149622,0,-0.00949619,0.03076284,1.00371924,-1.09740399,5
TNG50-1,40,1.5,149622,0,-0.0556694,-0.08653358,0.81755358,2.57023003,6
TNG50-1,40,1.5,149622,0,0.02897806,0.00821954,1.10619304,0.18561821,7
TNG50-1,40,1.5,149622,0,0.02622537,-0.0195232,1.03500902,1.52252858,8
TNG50-1,40,1.5,149622,0,-0.07472028,0.09239125,0.3269632,0.57016636,9
TNG50-1,40,1.5,187232,0,0.01361849,0.03125426,1.02310467,-2.8213985,0
TNG50-1,40,1.5,187232,0,-0.03569374,0.06258625,1.37045552,-2.44038686,1
TNG50-1,40,1.5,187232,0,-0.06584151,-0.02606615,0.32553444,-0.7256804,2
TNG50-1,40,1.5,187232,0,0.04179039,-0.02177037,1.31459308,-2.76128118,3
TNG50-1,40,1.5,187232,0,0.01746753,-0.02395516,1.36612507,1.24526277,4
TNG50-1,40,1.5,187232,0,0.11913011,0.03954009,1.19253468,-1.84084423,5
TNG50-1,40,1.5,187232,0,0.02100943,0.07491872,1.34585075,-1.24362101,6
TNG50-1,40,1.5,187232,0,0.01938516,-0.02294202,1.00195304,-0.66522736,7
TNG50-1,40,1.5,187232,0,-0.0083464,-0.02123869,0.94215103,-0.52395713,8
TNG50-1,40,1.5,187232,0,0.04083879,0.01570386,1.13384424,-3.13115812,9
TNG50-1,40,1.5,116691,0,0.03508318,0.05640094,1.274636,0.43487214,0
TNG50-1,40,1.5,116691,0,-0.05175391,-0.11403689,1.360914,0.5667143,1
TNG50-1,40,1.5,116691,0,-0.00060423,-0.07483193,1.28499409,2.19556695,2
TNG50-1,40,1.5,116691,0,-0.0105345,-0.04614432,0.41700696,-3.1118016,3
TNG50-1,40,1.5,116691,0,-0.06079455,0.07305894,1.39238282,2.22028579,4
TNG50-1,40,1.5,116691,0,-0.0781739,0.01412935,1.24239873,0.74844729,5
TNG50-1,40,1.5,116691,0,0.03428745,0.03836586,1.3742229,-2.11904517,6
TNG50-1,40,1.5,116691,0,-0.01754762,-0.05700805,1.30820076,1.71491619,7
TNG50-1,40,1.5,116691,0,-0.05111401,-0.05597679,0.83341779,2.23361923,8
TNG50-1,40,1.5,116691,0,-0.00480895,0.02239069,1.19639146,-1.54400807,9
TNG50-1,40,1.5,89366,0,-0.01496324,0.03176856,1.12974243,-3.03741869,0
TNG50-1,40,1.5,89366,0,-0.0507534,0.03700071,0.47131625,3.0981418,1
TNG50-1,40,1.5,89366,0,0.10243778,0.03184531,0.86185713,0.53180148,2
TNG50-1,40,1.5,89366,0,0.08925842,0.01703957,1.29526214,-2.34419376,3
TNG50-1,40,1.5,89366,0,0.05680243,-0.08918056,1.28033574,2.49632334,4
TNG50-1,40,1.5,89366,0,-0.04604252,0.00418105,0.75036011,2.38999991,5
TNG50-1,40,1.5,89366,0,0.04275097,-0.0278096,1.25553079,0.2274539,6
TNG50-1,40,1.5,89366,0,0.03198132,-0.06399205,0.95093207,0.76524189,7
TNG50-1,40,1.5,89366,0,0.02212728,0.08409083,0.23115215,-1.42510691,8
TNG50-1,40,1.5,89366,0,0.06248326,0.08644977,1.39670456,-2.82416804,9
TNG50-1,40,1.5,133930,0,-0.06251578,-0.05418494,0.61836144,-1.88783334,0
TNG50-1,40,1.5,133930,0,0.02556109,0.01723025,0.93799595,2.25555583,1
TNG50-1,40,1.5,133930,0,0.01956323,0.018964,1.04667039,2.59233384,2
TNG50-1,40,1.5,133930,0,-0.08933538,0.06436656,1.32206473,-1.80863118,3
TNG50-1,40,1.5,133930,0,-0.00613423,0.05499898,0.47196355,-0.18974662,4
TNG50-1,40,1.5,133930,0,0.04978507,-0.00661143,1.05874984,1.46709175,5
TNG50-1,40,1.5,133930,0,0.05296119,-0.06221029,0.76276828,2.37734202,6
TNG50-1,40,1.5,133930,0,0.05129184,-0.01595533,1.27555049,-0.75993433,7
TNG50-1,40,1.5,133930,0,0.00194566,0.01086156,0.32100768,0.10693659,8
TNG50-1,40,1.5,133930,0,-0.04225227,-0.01010416,1.25084252,1.518749,9
TNG50-1,40,1.5,146376,0,-0.13364172,-0.01679696,0.85334751,2.85821089,0
TNG50-1,40,1.5,146376,0,0.01979669,0.09525301,0.38254118,-1.61102916,1
TNG50-1,40,1.5,146376,0,0.07807191,0.00177882,0.98986556,-2.52003166,2
TNG50-1,40,1.5,146376,0,-0.05638904,0.08768455,1.2351835,1.59281615,3
TNG50-1,40,1.5,146376,0,-0.01899033,-0.00466493,1.07521685,2.39412012,4
TNG50-1,40,1.5,146376,0,-0.0376446,0.00655289,1.05958624,-1.3941549,5
TNG50-1,40,1.5,146376,0,-0.0447173,0.01827372,1.29098094,-1.87183566,6
TNG50-1,40,1.5,146376,0,-0.0163131,0.15894268,1.2641016,-1.9743896,7
TNG50-1,40,1.5,146376,0,0.07137426,0.04256428,0.76044337,0.13830737,8
TNG50-1,40,1.5,146376,0,0.09186933,-0.03536323,1.10964677,-0.1984441,9
TNG50-1,40,1.5,36236,0,-0.00232936,-0.00139912,0.5449624,-0.80894354,0
TNG50-1,40,1.5,36236,0,0.01394321,0.01127799,0.83712492,-0.59781389,1
TNG50-1,40,1.5,36236,0,-0.05039465,0.04738248,0.91557312,1.63372225,2
TNG50-1,40,1.5,36236,0,0.03621413,-0.05555525,1.26202767,1.71124429,3
TNG50-1,40,1.5,36236,0,0.00315012,-0.05859858,1.18626011,-1.84214494,4
TNG50-1,40,1.5,36236,0,-0.09459731,-0.05466619,1.26627577,2.77427046,5
TNG50-1,40,1.5,36236,0,-0.09792957,0.01444583,0.53529593,-2.38349281,6
TNG50-1,40,1.5,36236,0,-0.00061596,0.06224737,0.87206112,2.48890845,7
TNG50-1,40,1.5,36236,0,-0.01104837,-0.02156697,0.69898593,-2.51078821,8
TNG50-1,40,1.5,36236,0,-0.00517101,-0.12508499,1.14857995,-1.47944,9
TNG50-1,40,1.5,114862,0,-0.05381226,-0.09403992,1.29043628,-2.39418696,0
TNG50-1,40,1.5,114862,0,-0.03758779,-0.01589533,1.29556729,2.61913579,1
TNG50-1,40,1.5,114862,0,0.01985167,-0.04335026,0.34408621,-1.12134129,2
TNG50-1,40,1.5,114862,0,0.0277791,0.00596129,0.97585521,0.67939588,3
TNG50-1,40,1.5,114862,0,-0.03110839,-0.02857246,0.34178348,-0.21982269,4
TNG50-1,40,1.5,114862,0,0.04937026,-0.00830789,1.26350215,-0.62548327,5
TNG50-1,40,1.5,114862,0,0.05787539,0.09410874,0.90320059,0.20034622,6
TNG50-1,40,1.5,114862,0,0.07181509,-0.00848599,1.2257516,-1.96513567,7
TNG50-1,40,1.5,114862,0,0.02647067,0.02068962,1.18632205,3.06998884,8
TNG50-1,40,1.5,114862,0,0.06817144,-0.01161347,1.37523791,1.99998732,9
TNG50-1,40,1.5,128103,0,-0.18242064,0.02040181,1.29273254,-0.17100334,0
TNG50-1,40,1.5,128103,0,-0.08617317,0.08084372,1.27304949,2.82781726,1
TNG50-1,40,1.5,128103,0,0.02258843,0.00655136,0.8200576,-0.98825933,2
TNG50-1,40,1.5,128103,0,0.02387647,-0.0501172,1.06068157,-2.02798916,3
TNG50-1,40,1.5,128103,0,-0.05812144,-0.00548637,0.41090604,1.11899799,4
TNG50-1,40,1.5,128103,0,-0.0356051,-0.00178054,1.12794703,2.17402963,5
TNG50-1,40,1.5,128103,0,0.06852705,-0.06823708,0.71017889,-2.88867095,6
TNG50-1,40,1.5,128103,0,-0.02420151,-0.0127916,0.99619101,-0.31646715,7
TNG50-1,40,1.5,128103,0,0.11214602,-0.0371096,0.78894645,2.46607289,8
TNG50-1,40,1.5,128103,0,-9.599e-05,0.04621789,0.85558097,1.56840004,9
TNG50-1,40,1.5,113443,0,0.03021562,0.0060589,0.79399521,-1.41275835,0
TNG50-1,40,1.5,113443,0,-0.01513099,0.00653821,0.78556341,-2.27040076,1
TNG50-1,40,1.5,113443,0,-0.02413951,0.04118766,1.38372723,-1.36017914,2
TNG50-1,40,1.5,113443,0,0.04352778,-0.00296413,1.12131043,1.09790211,3
TNG50-1,40,1.5,113443,0,0.07396373,-0.03646435,1.23426733,2.57816001,4
TNG50-1,40,1.5,113443,0,0.0897185,-0.02072365,0.64292227,-1.86910684,5
TNG50-1,40,1.5,113443,0,0.06574039,0.03169552,0.52131839,0.26439037,6
TNG50-1,40,1.5,113443,0,-0.00548671,0.00014966,1.19199959,1.26537761,7
TNG50-1,40,1.5,113443,0,0.01763601,0.0170105,0.77988932,2.8457958,8
TNG50-1,40,1.5,113443,0,0.03834114,0.03350396,1.29245221,0.69153041,9
TNG50-1,40,1.5,15217,0,0.001803,-0.02788857,0.40678565,-1.32374063,0
TNG50-1,40,1.5,15217,0,-0.00023165,0.04028393,0.54881648,-1.52173464,1
TNG50-1,40,1.5,15217,0,0.05227661,0.03387007,0.27505596,0.54011124,2
TNG50-1,40,1.5,15217,0,0.05938172,-0.04773959,0.68647603,-0.56559734,3
TNG50-1,40,1.5,15217,0,0.01013875,0.04869471,0.66092684,-1.76647602,4
TNG50-1,40,1.5,15217,0,-0.02501805,0.03492832,0.66366323,1.98583852,5
TNG50-1,40,1.5,15217,0,0.02425806,0.00509629,0.97724661,2.26552762,6
TNG50-1,40,1.5,15217,0,-0.02639588,-0.03811617,1.00066951,-2.0879055,7
TNG50-1,40,1.5,15217,0,-6.963e-05,-0.0429603,1.19762071,-3.09442458,8
TNG50-1,40,1.5,15217,0,0.04930682,-0.02688313,0.80607657,-1.02962577,9
TNG50-1,40,1.5,170919,0,0.02275119,0.14046054,0.56535468,-2.54343915,0
TNG50-1,40,1.5,170919,0,0.0722563,-0.02932925,1.25262168,1.43158167,1
TNG50-1,40,1.5,170919,0,-0.00386781,0.07176501,1.03207304,2.99496873,2
TNG50-1,40,1.5,170919,0,-0.00984428,0.01218762,0.90550057,-1.14148897,3
TNG50-1,40,1.5,170919,0,-0.05573085,-0.00756238,0.95741275,-0.24373176,4
TNG50-1,40,1.5,170919,0,-0.01146463,0.02162972,0.75855996,-0.47264052,5
TNG50-1,40,1.5,170919,0,-0.07963971,0.00309582,0.79720598,-2.81851658,6
TNG50-1,40,1.5,170919,0,-0.0456439,0.00551979,0.23020425,1.08236934,7
TNG50-1,40,1.5,170919,0,0.0113393,-0.02041666,0.20234369,-0.92150644,8
TNG50-1,40,1.5,170919,0,0.06595066,-0.06990548,0.94177879,1.80618879,9
TNG50-1,40,1.5,124040,0,-0.0677907,0.05668402,0.5794168,-1.52397429,0
TNG50-1,40,1.5,124040,0,-0.03972997,-0.01806352,1.2597399,1.58542933,1
TNG50-1,40,1.5,124040,0,0.06517825,0.01760172,1.27767547,0.02625495,2
TNG50-1,40,1.5,124040,0,0.04201101,-0.04943136,0.52104086,1.57246758,3
TNG50-1,40,1.5,124040,0,0.07436991,0.02251586,0.5794208,-0.22192438,4
TNG50-1,40,1.5,124040,0,-0.01358372,0.00015543,0.91906527,-0.82998151,5
TNG50-1,40,1.5,124040,0,-0.05761244,-0.03749067,0.58520204,-1.76438619,6
TNG50-1,40,1.5,124040,0,-0.01202186,-0.01179147,1.32316442,-1.83230664,7
TNG50-1,40,1.5,124040,0,0.00510156,-0.00920879,1.05923832,1.58016337,8
TNG50-1,40,1.5,124040,0,0.00394944,-0.01350776,0.69561998,-2.3944569,9
TNG50-1,40,1.5,143837,0,0.02365436,6.699e-05,0.57134846,0.38467588,0
TNG50-1,40,1.5,143837,0,-0.0192123,0.07364768,0.72940758,-0.72024479,1
TNG50-1,40,1.5,143837,0,0.05095218,-0.12254361,1.37810839,-1.44075474,2
TNG50-1,40,1.5,143837,0,0.05150977,-0.07088421,1.35918663,0.13771781,3
TNG50-1,40,1.5,143837,0,0.00920289,-0.05935352,0.85358004,-1.16396247,4
TNG50-1,40,1.5,143837,0,0.04813288,-0.01816303,0.97177912,0.40272162,5
TNG50-1,40,1.5,143837,0,0.01363226,-0.01273041,1.18019709,1.10993965,6
TNG50-1,40,1.5,143837,0,-0.02807415,-0.07536628,1.03663404,-2.72640473,7
TNG50-1,40,1.5,143837,0,0.03489084,-0.0492579,0.66979353,-3.13488557,8
TNG50-1,40,1.5,143837,0,0.00553066,-0.04304208,0.57424135,-1.80781605,9
TNG50-1,40,1.5,198703,0,-0.01580989,-0.06139999,1.09030204,-2.41697527,0
TNG50-1,40,1.5,198703,0,0.01826819,-0.04632666,1.354369,0.75127579,1
TNG50-1,40,1.5,198703,0,0.03064827,0.07424594,1.0933956,-2.37523905,2
TNG50-1,40,1.5,198703,0,-0.00704939,-0.05291405,1.17614397,2.2140834,3
TNG50-1,40,1.5,198703,0,0.07658894,-0.06612706,0.84394403,1.59763505,4
TNG50-1,40,1.5,198703,0,0.05037554,-0.02430971,1.22775401,2.00941832,5
TNG50-1,40,1.5,198703,0,-0.01283271,0.02101134,0.47425872,0.16374312,6
TNG50-1,40,1.5,198703,0,0.03750609,-0.00511984,0.3947583,3.12071496,7
TNG50-1,40,1.5,198703,0,0.09668967,-0.03252818,1.31724819,-2.8640323,8
TNG50-1,40,1.5,198703,0,0.09802423,-0.03371062,1.31090636,-0.62037053,9
TNG50-1,40,1.5,187778,0,0.03643571,0.00132927,0.40081707,-0.96930193,0
TNG50-1,40,1.5,187778,0,-0.02883236,0.02852685,0.38814852,-0.76282401,1
TNG50-1,40,1.5,187778,0,0.02797702,0.03090954,1.06201353,-2.54695345,2
TNG50-1,40,1.5,187778,0,0.02830939,0.07759401,1.11886645,-2.09819036,3
TNG50-1,40,1.5,187778,0,-0.02747763,0.06384904,1.00586282,1.40186536,4
TNG50-1,40,1.5,187778,0,-0.05613842,-0.05006457,0.88917829,-0.69682591,5
TNG50-1,40,1.5,187778,0,-0.05920642,0.08417931,0.99549746,-1.79360453,6
TNG50-1,40,1.5,187778,0,0.00432528,-0.02654883,0.79031305,0.39378237,7
TNG50-1,40,1.5,187778,0,0.01635049,0.05224364,0.90321867,1.6056023,8
TNG50-1,40,1.5,187778,0,-0.03962629,0.00339933,1.12654874,-1.52416025,9
TNG50-1,40,1.5,44887,0,-0.04180286,-0.02998747,1.11755705,2.91275849,0
TNG50-1,40,1.5,44887,0,0.03310408,0.08100352,0.49101853,2.23456535,1
TNG50-1,40,1.5,44887,0,0.03251245,0.01818491,1.07903037,-1.9628087,2
TNG50-1,40,1.5,44887,0,0.02967773,-0.01090146,0.89215441,0.59233281,3
TNG50-1,40,1.5,44887,0,0.07684828,0.05968093,1.1712821,2.37597034,4
TNG50-1,40,1.5,44887,0,0.07246724,-0.10853077,1.26604115,-0.78876635,5
TNG50-1,40,1.5,44887,0,-0.01874723,-0.10070513,0.64729221,-2.50632388,6
TNG50-1,40,1.5,44887,0,0.01865262,0.03979193,0.96154359,1.95383754,7
TNG50-1,40,1.5,44887,0,-0.03118003,0.00302342,0.92156323,-0.11458299,8
TNG50-1,40,1.5,44887,0,0.00116777,0.01252232,0.31092801,0.40459114,9
TNG50-1,40,1.5,108378,0,-0.12403543,0.09181129,0.99558505,2.9808507,0
TNG50-1,40,1.5,108378,0,-0.04982093,-0.0101471,0.93596427,-2.63431793,1
TNG50-1,40,1.5,108378,0,0.0616451,0.01880222,1.22005634,0.95296737,2
TNG50-1,40,1.5,108378,0,-0.13889971,-0.07425277,1.28379635,2.33363212,3
TNG50-1,40,1.5,108378,0,-0.01737617,0.05952068,1.24226836,0.84341982,4
TNG50-1,40,1.5,108378,0,-0.05900004,-0.03802544,1.10542392,-0.44594203,5
TNG50-1,40,1.5,108378,0,0.04022852,-0.02803771,1.31977543,-0.43306002,6
TNG50-1,40,1.5,108378,0,-0.0337557,-0.00111239,0.3557361,-2.9160333,7
TNG50-1,40,1.5,108378,0,0.0201977,-0.07814422,1.04944476,0.21740293,8
TNG50-1,40,1.5,108378,0,0.02827302,0.0114385,0.60004012,3.10102211,9
TNG50-1,40,1.5,179009,0,0.11549222,0.02330888,1.15743054,1.85849437,0
TNG50-1,40,1.5,179009,0,0.01634217,-0.01881061,0.31367736,0.28698885,1
TNG50-1,40,1.5,179009,0,-0.03661427,-0.02535526,1.32188579,0.27329088,2
TNG50-1,40,1.5,179009,0,0.04579652,-0.020517,0.51035972,2.50649819,3
TNG50-1,40,1.5,179009,0,-0.00545726,-0.01269813,0.73267019,2.96443082,4
TNG50-1,40,1.5,179009,0,-0.01264407,-0.01889033,0.56913914,1.28703714,5
TNG50-1,40,1.5,179009,0,0.02811364,0.04581557,0.28185484,-0.10720126,6
TNG50-1,40,1.5,179009,0,-0.06459411,-0.08666046,0.55062791,-0.27392264,7
TNG50-1,40,1.5,179009,0,0.01763136,0.0431,0.36478453,-0.71413769,8
TNG50-1,40,1.5,179009,0,0.09564774,-0.01898433,1.29449689,-0.86959894,9
TNG50-1,40,1.5,125535,0,0.00470915,0.09311588,0.88851518,-2.57246764,0
TNG50-1,40,1.5,125535,0,0.06243789,0.03013262,0.42957846,-1.72203914,1
TNG50-1,40,1.5,125535,0,-0.05432839,-0.00912499,0.92081963,-0.39055296,2
TNG50-1,40,1.5,125535,0,0.01682005,0.02877733,0.82700759,2.8003758,3
TNG50-1,40,1.5,125535,0,-0.04579117,-0.07049097,1.23078296,-0.76460194,4
TNG50-1,40,1.5,125535,0,-0.0335956,0.05912654,0.61196721,1.70131828,5
TNG50-1,40,1.5,125535,0,0.07386968,-0.01619924,0.83599793,0.25432256,6
TNG50-1,40,1.5,125535,0,-0.02712789,-0.01020348,0.5155861,-1.99297127,7
TNG50-1,40,1.5,125535,0,0.02311062,-0.02458278,0.35217581,-1.12636075,8
TNG50-1,40,1.5,125535,0,-0.09356091,-0.02903257,1.10201282,0.962533,9
TNG50-1,40,1.5,130662,0,-0.04557218,-0.00417244,1.35804775,0.86668212,0
TNG50-1,40,1.5,130662,0,0.04122135,-0.02199939,0.26539764,2.23825284,1
TNG50-1,40,1.5,130662,0,0.04605754,-0.14778094,0.98854237,0.82350846,2
TNG50-1,40,1.5,130662,0,0.03273298,-0.06236587,0.45915308,-0.95709478,3
TNG50-1,40,1.5,130662,0,0.03727495,0.05604203,0.98217009,1.02120356,4
TNG50-1,40,1.5,130662,0,-0.01354641,-0.0332313,1.3501697,1.07979171,5
TNG50-1,40,1.5,130662,0,-0.04644946,0.01802958,0.58076736,2.89395324,6
TNG50-1,40,1.5,130662,0,-0.04340967,-0.06953427,0.8022924,-0.8110818,7
TNG50-1,40,1.5,130662,0,-0.08177316,0.07193527,0.63803435,-0.47072514,8
TNG50-1,40,1.5,130662,0,0.01184743,-0.00720138,1.02765557,1.9611264,9
TNG50-1,40,1.5,100092,0,0.00201283,-0.00813995,1.25362438,-0.11860705,0
TNG50-1,40,1.5,100092,0,-0.06431967,0.10479994,1.0931101,1.77318524,1
TNG50-1,40,1.5,100092,0,-0.06801292,-0.0728569,0.97939764,1.55816793,2
TNG50-1,40,1.5,100092,0,-0.07135682,-0.01953388,1.27719969,1.97966265,3
TNG50-1,40,1.5,100092,0,-0.08838111,0.08529263,1.16856518,-0.32521369,4
TNG50-1,40,1.5,100092,0,0.00547427,0.02249892,1.137629,2.01411955,5
TNG50-1,40,1.5,100092,0,0.0562522,0.02816565,1.29420979,-1.62889649,6
TNG50-1,40,1.5,100092,0,-0.00067079,0.00572922,0.90750201,-0.87455304,7
TNG50-1,40,1.5,100092,0,-0.11302074,0.01649718,0.73607404,-2.03351789,8
TNG50-1,40,1.5,100092,0,-0.00953802,0.03888048,1.34219165,-0.20430066,9
TNG50-1,40,1.5,134949,0,0.02493597,0.01051456,0.99635318,-1.72675965,0
TNG50-1,40,1.5,134949,0,-0.10535962,-0.03574383,1.33284729,1.84100458,1
TNG50-1,40,1.5,134949,0,-0.00215668,0.06560126,1.38699192,2.18552349,2
TNG50-1,40,1.5,134949,0,0.09987571,-0.01575872,0.98057237,3.10907223,3
TNG50-1,40,1.5,134949,0,0.00661733,-0.09672654,0.96379009,2.3430753,4
TNG50-1,40,1.5,134949,0,0.00339566,-0.0634007,1.04723083,2.44980771,5
TNG50-1,40,1.5,134949,0,0.02740642,-0.1374838,0.88893507,-1.16648628,6
TNG50-1,40,1.5,134949,0,0.04478026,-0.01170628,0.90552346,-0.61787818,7
TNG50-1,40,1.5,134949,0,-0.09987333,-0.00941921,0.5591489,-1.45716426,8
TNG50-1,40,1.5,134949,0,-0.08411632,-0.02122314,1.30985492,0.66789882,9
TNG50-1,40,1.5,104580,0,-0.01183294,-0.03141856,1.16611856,-1.80280336,0
TNG50-1,40,1.5,104580,0,-0.08903691,-0.03643052,0.31329463,-3.11453867,1
TNG50-1,40,1.5,104580,0,-0.040162,0.03857666,1.17632788,0.44715772,2
TNG50-1,40,1.5,104580,0,0.02755959,0.04045607,1.02596353,3.1043822,3
TNG50-1,40,1.5,104580,0,0.01977546,-0.00729052,1.02353817,-2.89878329,4
TNG50-1,40,1.5,104580,0,-0.07835291,-0.01960199,1.186453,-1.83470221,5
TNG50-1,40,1.5,104580,0,-0.03621713,0.00699622,0.64610482,0.1188442,6
TNG50-1,40,1.5,104580,0,-0.02908607,-0.04082876,0.65138994,1.94741508,7
TNG50-1,40,1.5,104580,0,-0.01827348,-0.0573416,1.07419251,-2.58212524,8
TNG50-1,40,1.5,104580,0,-0.06879568,-0.04701106,0.56141605,-0.65826008,9
TNG50-1,40,1.5,36237,0,-0.08104568,0.02262692,0.99355535,-0.61545184,0
TNG50-1,40,1.5,36237,0,-0.11721717,0.01604248,1.15443647,-1.72982705,1
TNG50-1,40,1.5,36237,0,0.04713829,0.01193004,0.61831687,2.17819845,2
TNG50-1,40,1.5,36237,0,-0.04924975,0.07888841,0.4389054,-0.63337459,3
TNG50-1,40,1.5,36237,0,-0.02277639,-0.05337969,0.60894725,-2.92094722,4
TNG50-1,40,1.5,36237,0,-0.06932211,-0.00274674,1.17506987,-2.12408376,5
TNG50-1,40,1.5,36237,0,-0.07049849,0.05663449,1.16794472,0.87493569,6
TNG50-1,40,1.5,36237,0,-0.00869189,0.06322699,1.1849726,1.77754626,7
TNG50-1,40,1.5,36237,0,-0.03647886,-0.07108818,1.28766733,-1.8162528,8
TNG50-1,40,1.5,36237,0,0.01889855,-0.01561777,0.36383867,2.62257383,9
TNG50-1,40,1.5,156291,0,0.05660261,0.05422576,0.95532204,-1.95702226,0
TNG50-1,40,1.5,156291,0,-0.11721489,-0.08826102,0.95293687,1.85499899,1
TNG50-1,40,1.5,156291,0,0.07952261,0.04869095,0.87373537,2.89420031,2
TNG50-1,40,1.5,156291,0,0.01875311,0.0004141,1.05866193,1.39383878,3
TNG50-1,40,1.5,156291,0,0.05389217,-0.01018909,0.63101789,2.62549179,4
TNG50-1,40,1.5,156291,0,-0.06099379,-0.07355576,0.42820521,3.04222574,5
TNG50-1,40,1.5,156291,0,-0.04153849,0.02515243,1.19196063,-0.92959303,6
TNG50-1,40,1.5,156291,0,0.00729691,-0.12070539,0.6972293,0.8684842,7
TNG50-1,40,1.5,156291,0,-0.00085189,0.0324197,0.76815796,-0.16378544,8
TNG50-1,40,1.5,156291,0,0.01415343,-0.07460529,0.93511927,3.05757859,9
TNG50-1,40,1.5,174639,0,-0.0348106,-0.08075254,1.10167217,2.42345706,0
TNG50-1,40,1.5,174639,0,0.01119837,0.04942659,0.51400096,-1.78489718,1
TNG50-1,40,1.5,174639,0,9.997e-05,0.01822625,1.37454559,0.19661818,2
TNG50-1,40,1.5,174639,0,0.01409779,-0.03630075,1.0574214,1.75470481,3
TNG50-1,40,1.5,174639,0,-0.03493402,-0.01403002,0.36075317,-1.59781564,4
TNG50-1,40,1.5,174639,0,-0.00446602,-0.07503347,1.35800857,-1.69177086,5
TNG50-1,40,1.5,174639,0,-0.07990262,-0.05127051,0.68042828,-2.97080227,6
TNG50-1,40,1.5,174639,0,0.00675617,-0.02689057,1.18244937,2.88093656,7
TNG50-1,40,1.5,174639,0,0.02250103,0.06142104,0.51150979,1.31957498,8
TNG50-1,40,1.5,174639,0,-0.01137097,-0.03197517,0.68509903,0.85175082,9
TNG50-1,40,1.5,193644,0,-0.11626857,-0.00565842,0.23795412,1.33674575,0
TNG50-1,40,1.5,193644,0,0.01184131,-0.05063419,1.33875848,-0.33054109,1
TNG50-1,40,1.5,193644,0,0.09514537,0.00632984,1.28977255,-0.96720953,2
TNG50-1,40,1.5,193644,0,-0.02267191,-0.02918402,0.57328154,-0.20324564,3
TNG50-1,40,1.5,193644,0,0.01299039,-0.02642131,0.87627279,-2.07524748,4
TNG50-1,40,1.5,193644,0,0.05124608,0.03031456,0.64795112,1.86341514,5
TNG50-1,40,1.5,193644,0,-0.00819768,-0.06691912,0.82157528,-1.50354249,6
TNG50-1,40,1.5,193644,0,-0.02904801,0.05236576,0.48512499,-2.1769255,7
TNG50-1,40,1.5,193644,0,-0.11378682,-0.06988431,0.81318329,-1.59371587,8
TNG50-1,40,1.5,193644,0,0.03204954,-0.03313507,0.93609084,2.14929015,9
TNG50-1,40,1.5,183284,0,-0.06559016,-0.02828194,1.33874777,1.63627771,0
TNG50-1,40,1.5,183284,0,0.0335614,0.05495958,1.00989335,-0.17243584,1
TNG50-1,40,1.5,183284,0,-0.03873259,0.03143981,1.04566543,-0.00506283,2
TNG50-1,40,1.5,183284,0,-0.02884982,0.0854972,1.32821202,0.75221911,3
TNG50-1,40,1.5,183284,0,0.01569095,0.11338221,1.2131107,2.68901864,4
TNG50-1,40,1.5,183284,0,-0.02458737,-0.05153585,1.01550518,-0.05144307,5
TNG50-1,40,1.5,183284,0,0.04464279,0.00352096,0.6891369,0.18006062,6
TNG50-1,40,1.5,183284,0,-0.0387255,-0.05881002,1.20037201,0.64086582,7
TNG50-1,40,1.5,183284,0,-0.03094733,-0.0388803,0.56954378,1.49235162,8
TNG50-1,40,1.5,183284,0,-0.03281854,-0.03150413,0.91206006,-2.69014368,9
TNG50-1,40,1.5,205093,0,0.00477195,-0.00039523,1.12158787,-1.73450054,0
TNG50-1,40,1.5,205093,0,-0.12181878,0.01369212,0.80972773,-1.33899446,1
TNG50-1,40,1.5,205093,0,-0.0491708,-0.01503823,1.0426448,-1.56807516,2
TNG50-1,40,1.5,205093,0,0.03438806,-0.09260809,0.66752929,-1.48992336,3
TNG50-1,40,1.5,205093,0,0.06064418,-0.01628491,1.20591314,0.51801559,4
TNG50-1,40,1.5,205093,0,0.05545849,-0.01636527,0.44234906,3.10089347,5
TNG50-1,40,1.5,205093,0,-0.07960065,-0.00740362,0.95796397,3.08050807,6
TNG50-1,40,1.5,205093,0,0.01507762,-0.02817357,0.67216118,0.16822117,7
TNG50-1,40,1.5,205093,0,0.05077576,-0.02215061,0.53878428,0.87353372,8
TNG50-1,40,1.5,205093,0,-0.08291678,-0.00198531,0.20472152,2.26176163,9
TNG50-1,40,1.5,176051,0,0.03846181,0.0028705,1.29425209,0.97937807,0
TNG50-1,40,1.5,176051,0,0.06108643,-0.05586638,1.24206474,-1.41352166,1
TNG50-1,40,1.5,176051,0,0.03222792,0.02073081,0.5375346,-2.73352,2
TNG50-1,40,1.5,176051,0,-0.04398212,0.02893308,1.01042566,-2.79642594,3
TNG50-1,40,1.5,176051,0,0.03368972,0.00439814,1.20834998,0.51350776,4
TNG50-1,40,1.5,176051,0,0.04302649,0.01097925,0.66792433,-3.00510016,5
TNG50-1,40,1.5,176051,0,0.07794081,-0.0129353,0.90364968,2.19152548,6
TNG50-1,40,1.5,176051,0,-0.0438055,0.07391395,1.38258143,-2.16520376,7
TNG50-1,40,1.5,176051,0,-0.01132273,-0.04503461,1.13045155,0.66957603,8
TNG50-1,40,1.5,176051,0,0.0373636,-0.02936604,1.25207148,-0.34753537,9
TNG50-1,40,1.5,160809,0,-0.05423053,-0.02809033,1.09809361,-0.15693861,0
TNG50-1,40,1.5,160809,0,0.07062565,-0.03080964,0.72834139,0.64971879,1
TNG50-1,40,1.5,160809,0,0.05120494,-0.05971827,1.38482256,-1.59865573,2
TNG50-1,40,1.5,160809,0,0.01449427,-0.05322364,1.01720516,-2.8742317,3
TNG50-1,40,1.5,160809,0,0.00786164,-0.09141977,0.80698531,-1.73673323,4
TNG50-1,40,1.5,160809,0,-0.01045161,0.03649144,0.84403179,-0.28340683,5
TNG50-1,40,1.5,160809,0,0.0339262,0.09044573,0.64495037,-0.54079175,6
TNG50-1,40,1.5,160809,0,-0.01853891,0.07126645,0.59781266,-2.03156127,7
TNG50-1,40,1.5,160809,0,0.01177849,-0.08130422,0.7279805,2.03836297,8
TNG50-1,40,1.5,160809,0,0.04359672,0.03624273,1.31476474,2.67466822,9
TNG50-1,40,1.5,138265,0,0.05356523,0.02549104,0.70569323,-0.22668296,0
TNG50-1,40,1.5,138265,0,0.03014685,0.02759294,0.53997004,2.78073927,1
TNG50-1,40,1.5,138265,0,-0.0065013,-0.14585799,0.98517924,1.47118488,2
TNG50-1,40,1.5,138265,0,0.03095525,0.05951529,0.94840415,-1.7891763,3
TNG50-1,40,1.5,138265,0,-0.0580456,-0.15238163,1.13416223,2.25918923,4
TNG50-1,40,1.5,138265,0,0.00161851,-0.03080245,0.3000389,-0.76528868,5
TNG50-1,40,1.5,138265,0,0.00736612,0.0512674,0.70150641,2.20993565,6
TNG50-1,40,1.5,138265,0,-0.02349183,-0.01586434,1.08276884,-1.62294929,7
TNG50-1,40,1.5,138265,0,0.02177292,-0.0733093,1.25394254,0.74556661,8
TNG50-1,40,1.5,138265,0,-0.03902167,-0.05468685,1.21552107,2.68084974,9
TNG50-1,40,1.5,131685,0,0.00474134,0.01226855,0.96876165,-1.38458578,0
TNG50-1,40,1.5,131685,0,-0.06139578,-0.08881991,1.28209369,-2.94025684,1
TNG50-1,40,1.5,131685,0,-0.10901831,-0.03269816,1.27274152,0.7187091,2
TNG50-1,40,1.5,131685,0,-0.01898382,0.01076513,0.75694396,-0.79345319,3
TNG50-1,40,1.5,131685,0,-0.09014281,-0.05122645,1.36091525,0.95086584,4
TNG50-1,40,1.5,131685,0,-0.03760804,0.04540314,1.15694708,-2.45881794,5
TNG50-1,40,1.5,131685,0,-0.04545514,-0.06013483,1.28365788,-3.05502698,6
TNG50-1,40,1.5,131685,0,-0.0435608,-0.01431831,1.01539574,-1.58151388,7
TNG50-1,40,1.5,131685,0,0.10004816,-0.02930258,1.04067862,-0.27302122,8
TNG50-1,40,1.5,131685,0,0.00282058,0.00821603,0.93634097,-0.66556542,9
TNG50-1,40,1.5,143012,0,-0.02802247,0.02726616,1.01171105,3.00365001,0
TNG50-1,40,1.5,143012,0,0.00155236,0.01158302,0.9108409,-0.15785349,1
TNG50-1,40,1.5,143012,0,-0.01260314,0.04825852,1.27777743,-2.31898979,2
TNG50-1,40,1.5,143012,0,-0.03929883,0.00439338,1.11253209,-2.81661694,3
TNG50-1,40,1.5,143012,0,-0.01449378,0.01960055,0.24531949,2.79863486,4
TNG50-1,40,1.5,143012,0,0.00991906,0.01519187,1.3866418,-1.47146285,5
TNG50-1,40,1.5,143012,0,-0.03836085,-0.004577,1.0044605,0.02553428,6
TNG50-1,40,1.5,143012,0,-0.04031409,-0.02654109,0.54985333,-2.57169665,7
TNG50-1,40,1.5,143012,0,-0.06801217,0.11070763,1.12368861,-0.47968902,8
TNG50-1,40,1.5,143012,0,0.01953625,-0.02259755,0.97803712,2.70243268,9
TNG50-1,40,1.5,36240,0,0.00073401,0.06541233,1.09535721,-2.896678,0
TNG50-1,40,1.5,36240,0,-0.03949932,-0.02467341,1.101141,-0.03392779,1
TNG50-1,40,1.5,36240,0,0.00649649,0.03297421,0.72181557,-2.36286689,2
TNG50-1,40,1.5,36240,0,-0.00348994,-0.01984569,0.99096118,-1.6432638,3
TNG50-1,40,1.5,36240,0,-0.06667372,0.00568741,1.08980847,1.5526434,4
TNG50-1,40,1.5,36240,0,-0.07359062,0.03684183,0.53419981,-2.32005478,5
TNG50-1,40,1.5,36240,0,0.02825767,-0.02312779,0.88498124,1.92858744,6
TNG50-1,40,1.5,36240,0,-0.13009442,0.04982774,1.2204838,2.74516945,7
TNG50-1,40,1.5,36240,0,0.01027053,-0.04968489,0.45301731,0.66936093,8
TNG50-1,40,1.5,36240,0,-0.02390415,0.01472964,1.10677486,1.32172578,9
TNG50-1,40,1.5,233856,0,-0.05464476,-0.00980021,1.12007149,1.72121226,0
TNG50-1,40,1.5,233856,0,-0.07235023,-0.01710764,1.32569111,1.66351533,1
TNG50-1,40,1.5,233856,0,0.086118,-0.07034571,1.37924135,2.16312702,2
TNG50-1,40,1.5,233856,0,0.01364313,-0.09888745,1.23057067,2.48502855,3
TNG50-1,40,1.5,233856,0,0.01898438,-0.0130781,0.67143713,-0.41249584,4
TNG50-1,40,1.5,233856,0,-0.01545112,0.00282483,0.23453902,1.67682865,5
TNG50-1,40,1.5,233856,0,-0.00864355,-0.0643065,0.39715368,1.92515999,6
TNG50-1,40,1.5,233856,0,0.04822753,-0.00172374,0.95398753,-1.20348369,7
TNG50-1,40,1.5,233856,0,-0.00161686,0.00268763,0.92629816,2.69700856,8
TNG50-1,40,1.5,233856,0,0.0265347,-0.1078004,1.13204489,-2.54882751,9
TNG50-1,40,1.5,112197,0,0.07717464,0.01056932,1.02973504,2.03520139,0
TNG50-1,40,1.5,112197,0,0.01283294,0.01952275,1.12017603,-1.52856225,1
TNG50-1,40,1.5,112197,0,-0.08572429,0.02481715,0.95568203,2.95166188,2
TNG50-1,40,1.5,112197,0,-0.03569097,0.0455619,1.03749296,1.78896122,3
TNG50-1,40,1.5,112197,0,0.03859371,0.00992893,1.1826597,2.93797363,4
TNG50-1,40,1.5,112197,0,-0.01398384,0.0244692,0.9555161,2.12457463,5
TNG50-1,40,1.5,112197,0,-0.02560307,-0.01296046,1.27349432,-2.24872735,6
TNG50-1,40,1.5,112197,0,0.07004409,0.00313492,1.09835068,0.16625365,7
TNG50-1,40,1.5,112197,0,-0.05236436,0.00537671,0.89141289,-2.07358611,8
TNG50-1,40,1.5,112197,0,-0.03990767,0.01075491,1.04156621,1.99948143,9
TNG50-1,40,1.5,132762,0,0.06295574,0.00636812,1.01389,2.69945865,0
TNG50-1,40,1.5,132762,0,-0.00474827,-0.00317543,1.2696882,2.81168173,1
TNG50-1,40,1.5,132762,0,-0.01660843,0.03657462,1.31363091,-1.16416461,2
TNG50-1,40,1.5,132762,0,0.13519926,-0.0423372,0.20095462,-0.91002585,3
TNG50-1,40,1.5,132762,0,0.01971188,-0.05377861,1.00172776,-0.29876399,4
TNG50-1,40,1.5,132762,0,-0.03597408,0.01121487,0.50162025,-0.5267717,5
TNG50-1,40,1.5,132762,0,-0.03471319,0.03004796,0.97551746,-1.94750334,6
TNG50-1,40,1.5,132762,0,-0.047134,0.01662662,0.40988026,2.50306636,7
TNG50-1,40,1.5,132762,0,0.04682847,-0.04047269,1.32733742,-1.55001406,8
TNG50-1,40,1.5,132762,0,-0.01821886,0.03387424,1.30535618,1.28976459,9
TNG50-1,40,1.5,139282,0,0.02538642,-0.02342128,0.82594722,1.84519952,0
TNG50-1,40,1.5,139282,0,0.03015034,0.10054631,1.0651073,-2.7726523,1
TNG50-1,40,1.5,139282,0,-0.01867045,0.02744914,1.10429744,-0.44548493,2
TNG50-1,40,1.5,139282,0,0.10605717,0.03630492,0.92418685,1.24607131,3
TNG50-1,40,1.5,139282,0,0.01172156,-0.04655367,0.65137497,3.05810114,4
TNG50-1,40,1.5,139282,0,-0.09312424,-0.04995724,1.07368572,-0.26152948,5
TNG50-1,40,1.5,139282,0,-0.05011879,0.00184027,0.86857331,-2.55860445,6
TNG50-1,40,1.5,139282,0,-0.08702515,0.00865036,0.3088382,0.38961514,7
TNG50-1,40,1.5,139282,0,0.00086673,-0.09281558,0.93623668,-2.34636889,8
TNG50-1,40,1.5,139282,0,-0.00609026,-0.00901535,0.4347066,1.58034401,9
TNG50-1,40,1.5,141038,0,-0.00490368,0.0289641,0.66152955,-2.87031471,0
TNG50-1,40,1.5,141038,0,-0.03246315,0.10929319,1.23256314,-3.1110731,1
TNG50-1,40,1.5,141038,0,-0.0742781,0.01386448,1.15188237,1.44196016,2
TNG50-1,40,1.5,141038,0,0.00463397,0.02425409,0.29279588,2.820357,3
TNG50-1,40,1.5,141038,0,-0.03841778,-0.05387807,0.73225758,1.61165618,4
TNG50-1,40,1.5,141038,0,0.00429967,-0.06434537,0.84390398,-0.17818994,5
TNG50-1,40,1.5,141038,0,-0.03970218,0.07914147,1.13825789,-0.08768028,6
TNG50-1,40,1.5,141038,0,-0.05498292,-0.04617399,1.14583203,-0.40126669,7
TNG50-1,40,1.5,141038,0,0.01171492,-0.0521972,1.36741185,-1.10179633,8
TNG50-1,40,1.5,141038,0,0.00754608,-0.00195495,0.70731411,0.13643443,9
TNG50-1,40,1.5,182554,0,0.01233416,-0.01071375,1.23400307,-0.81950577,0
TNG50-1,40,1.5,182554,0,0.05422932,-0.09231685,0.88321087,0.42565815,1
TNG50-1,40,1.5,182554,0,0.02754622,-0.02277406,0.96015223,-2.70717357,2
TNG50-1,40,1.5,182554,0,-0.11886452,0.02081841,0.87606393,-2.07144626,3
TNG50-1,40,1.5,182554,0,-0.03923896,-0.05452236,1.07565026,-2.70718477,4
TNG50-1,40,1.5,182554,0,0.00691026,0.03156374,0.57401631,1.43181787,5
TNG50-1,40,1.5,182554,0,-0.00974899,0.04541966,1.28467729,-1.33165849,6
TNG50-1,40,1.5,182554,0,0.02388054,0.00634335,1.02744474,1.40583312,7
TNG50-1,40,1.5,182554,0,0.03946833,-0.15318899,0.75431203,-2.72439996,8
TNG50-1,40,1.5,182554,0,0.03042259,-0.06390442,0.50880965,2.27795501,9
TNG50-1,40,1.5,185871,0,-0.03750009,0.00066879,1.03671055,0.64163506,0
TNG50-1,40,1.5,185871,0,-0.02537003,0.06455145,1.08497563,-2.30098775,1
TNG50-1,40,1.5,185871,0,-0.01530595,0.01307102,0.93677666,1.21805412,2
TNG50-1,40,1.5,185871,0,-0.02451111,0.04132037,0.99510153,2.18445284,3
TNG50-1,40,1.5,185871,0,-0.04450104,0.01396208,1.12099424,-1.64911201,4
TNG50-1,40,1.5,185871,0,-0.13813378,0.06843923,1.14017354,-2.19534121,5
TNG50-1,40,1.5,185871,0,-0.02173497,0.00279697,1.18835889,-3.08744883,6
TNG50-1,40,1.5,185871,0,0.0184679,0.02480604,1.08638023,-2.84471002,7
TNG50-1,40,1.5,185871,0,-0.02466109,0.01831665,1.27507008,1.64777382,8
TNG50-1,40,1.5,185871,0,0.09676906,-0.01441427,0.50233992,3.061082,9
TNG50-1,40,1.5,170096,0,0.04172628,-0.03458849,1.14735485,0.17364437,0
TNG50-1,40,1.5,170096,0,0.05247493,0.07510146,1.1183955,-2.71826741,1
TNG50-1,40,1.5,170096,0,0.04219684,0.03747285,0.38993242,2.71095525,2
TNG50-1,40,1.5,170096,0,0.07397311,0.03257703,0.7635719,-2.36345985,3
TNG50-1,40,1.5,170096,0,-0.00950358,0.03108007,0.28563727,-1.89764294,4
TNG50-1,40,1.5,170096,0,-0.10273807,-0.00186246,1.0382743,1.66706242,5
TNG50-1,40,1.5,170096,0,-0.00942931,0.00987781,0.92059707,-2.53253496,6
TNG50-1,40,1.5,170096,0,0.04058679,-0.05925923,0.97087315,2.51502147,7
TNG50-1,40,1.5,170096,0,-0.04849002,-0.1093221,1.31100351,1.41812102,8
TNG50-1,40,1.5,170096,0,-0.0088183,0.00750406,1.20068492,-2.71043509,9
TNG50-1,40,1.5,194867,0,-0.03495109,0.03342777,1.05011502,-2.50577598,0
TNG50-1,40,1.5,194867,0,0.00213155,0.05615473,0.87338252,-1.42529949,1
TNG50-1,40,1.5,194867,0,-0.00433524,-0.00224976,0.87104127,0.1721579,2
TNG50-1,40,1.5,194867,0,-0.0136852,-0.09804228,0.79193001,2.34354779,3
TNG50-1,40,1.5,194867,0,0.03951703,0.03529849,0.71755794,1.12501411,4
TNG50-1,40,1.5,194867,0,-0.07664324,-0.08299439,0.80974353,-2.57354194,5
TNG50-1,40,1.5,194867,0,-0.02585071,0.01543996,0.62640087,0.57978061,6
TNG50-1,40,1.5,194867,0,0.0342019,-0.04437319,0.82835956,-1.74837179,7
TNG50-1,40,1.5,194867,0,-0.03070424,-0.05799196,0.92052574,1.47036941,8
TNG50-1,40,1.5,194867,0,-0.08044034,-0.0220955,0.84858369,2.05737155,9
TNG50-1,40,1.5,161759,0,0.06783816,0.05668946,0.60896938,-1.81118407,0
TNG50-1,40,1.5,161759,0,-0.03724915,0.10534424,1.30804028,2.00716829,1
TNG50-1,40,1.5,161759,0,-0.03160429,-0.02884242,0.84592107,-0.00879622,2
TNG50-1,40,1.5,161759,0,0.03081177,-0.00084184,0.32724864,-2.92873219,3
TNG50-1,40,1.5,161759,0,-0.11635499,0.09110276,1.05211082,1.14991689,4
TNG50-1,40,1.5,161759,0,-0.09305968,-0.07610996,1.35795606,2.83055154,5
TNG50-1,40,1.5,161759,0,-0.01403667,0.05137905,0.40795482,2.06811352,6
TNG50-1,40,1.5,161759,0,0.07749453,-0.05091578,0.48252803,-1.39990537,7
TNG50-1,40,1.5,161759,0,-0.0217865,0.00512362,0.93607439,-2.80654126,8
TNG50-1,40,1.5,161759,0,0.00504684,-0.01213095,0.90543035,2.76680953,9
TNG50-1,40,1.5,202938,0,-0.04137921,-0.05944401,0.44855715,-0.77106095,0
TNG50-1,40,1.5,202938,0,-0.0205267,-0.03513775,0.57053801,-3.06369866,1
TNG50-1,40,1.5,202938,0,0.00447964,-0.03870429,0.82116152,0.06116467,2
TNG50-1,40,1.5,202938,0,0.04979693,-0.02202539,0.83342067,0.04517685,3
TNG50-1,40,1.5,202938,0,-0.03022993,0.06612522,0.81235206,-0.39590798,4
TNG50-1,40,1.5,202938,0,-0.09211922,0.03309738,0.75344367,-1.00708745,5
TNG50-1,40,1.5,202938,0,-0.09582987,0.00080647,1.38643435,-1.57188905,6
TNG50-1,40,1.5,202938,0,-0.06297065,-0.02305131,0.3297683,0.17306955,7
TNG50-1,40,1.5,202938,0,-0.06565839,-0.02166163,0.87060447,-0.78365056,8
TNG50-1,40,1.5,202938,0,-0.00773054,0.01638732,0.63843032,2.9526691,9
TNG50-1,40,1.5,150534,0,-0.03508835,0.01244568,1.3171471,2.25545147,0
TNG50-1,40,1.5,150534,0,0.03829777,0.05043342,0.79458779,-2.37322483,1
TNG50-1,40,1.5,150534,0,-0.03809958,0.02422267,0.21737969,2.67778171,2
TNG50-1,40,1.5,150534,0,0.054533,0.06088626,1.38699382,-2.97812049,3
TNG50-1,40,1.5,150534,0,0.11053204,0.04597118,0.89992947,2.11240534,4
TNG50-1,40,1.5,150534,0,-0.00610419,0.07608502,0.67874871,-2.65941833,5
TNG50-1,40,1.5,150534,0,-0.10962717,0.0179398,0.5739977,-1.91870753,6
TNG50-1,40,1.5,150534,0,-0.02740365,0.04526297,0.91266781,-3.11712501,7
TNG50-1,40,1.5,150534,0,0.06159376,-0.01535635,0.83367309,-0.34396226,8
TNG50-1,40,1.5,150534,0,0.02765384,-0.03007304,0.74603821,-1.04075167,9
TNG50-1,40,1.5,91587,0,-0.02709917,0.03156192,0.78195718,2.0298937,0
TNG50-1,40,1.5,91587,0,0.05741282,0.02401206,1.09899378,2.52678089,1
TNG50-1,40,1.5,91587,0,0.02710976,0.02038642,0.47730062,2.37175782,2
TNG50-1,40,1.5,91587,0,0.0122341,-0.01602702,0.58511476,2.88772848,3
TNG50-1,40,1.5,91587,0,0.00727574,0.03937414,0.96524584,-1.7069138,4
TNG50-1,40,1.5,91587,0,-0.0087484,-0.00227791,0.64999138,2.71323204,5
TNG50-1,40,1.5,91587,0,0.05228201,-0.02435568,1.17058195,0.44744568,6
TNG50-1,40,1.5,91587,0,-0.04326714,-0.01559457,0.96384409,-0.48697775,7
TNG50-1,40,1.5,91587,0,-0.08109626,0.10103198,1.23454864,0.37934038,8
TNG50-1,40,1.5,91587,0,0.03072201,-0.0867488,0.5209022,-0.98895856,9
TNG50-1,40,1.5,172175,0,0.02346803,0.06861712,0.78364865,-2.47593719,0
TNG50-1,40,1.5,172175,0,0.11364959,-0.04955532,0.54410846,-1.72300527,1
TNG50-1,40,1.5,172175,0,0.03199681,0.04839994,0.22642153,2.14065717,2
TNG50-1,40,1.5,172175,0,0.07367065,-0.004348,1.03521525,-0.64997841,3
TNG50-1,40,1.5,172175,0,0.00914574,0.01699043,0.59290709,-0.66548929,4
TNG50-1,40,1.5,172175,0,-0.00366092,0.02301093,0.68700216,-1.59604833,5
TNG50-1,40,1.5,172175,0,0.01906357,0.04971752,1.00411272,-0.05271382,6
TNG50-1,40,1.5,172175,0,-0.04079133,0.00413591,0.40044399,1.92150464,7
TNG50-1,40,1.5,172175,0,-0.04818876,0.0705081,1.05928996,2.48288938,8
TNG50-1,40,1.5,172175,0,0.06331523,0.01547064,0.89175055,-2.70105068,9
TNG50-1,40,1.5,172860,0,-0.06654386,0.08286881,1.18462606,-0.67040404,0
TNG50-1,40,1.5,172860,0,-0.08340173,-0.0342278,0.947094,2.32938648,1
TNG50-1,40,1.5,172860,0,0.04118605,-0.03415459,0.35263734,1.18596513,2
TNG50-1,40,1.5,172860,0,-0.03014892,0.07686788,1.0714359,0.20571417,3
TNG50-1,40,1.5,172860,0,-0.0196113,0.01057301,0.49619085,-0.70457111,4
TNG50-1,40,1.5,172860,0,-0.09284052,-0.02760124,0.24765308,1.96221959,5
TNG50-1,40,1.5,172860,0,-0.03394897,-0.00775666,0.49769916,1.31669428,6
TNG50-1,40,1.5,172860,0,-0.00037836,0.06765368,1.26155596,-0.19851523,7
TNG50-1,40,1.5,172860,0,0.04651889,0.07331014,0.5845295,2.46605182,8
TNG50-1,40,1.5,172860,0,-0.03856151,-0.04083966,1.37350763,-1.69678665,9
TNG50-1,40,1.5,93692,0,-0.02568181,-0.04752681,0.4661418,0.47309214,0
TNG50-1,40,1.5,93692,0,0.01456026,-0.008997,1.39777403,-2.55656947,1
TNG50-1,40,1.5,93692,0,0.11963384,0.02249077,1.14615752,2.16398314,2
TNG50-1,40,1.5,93692,0,-0.05286934,-0.05041544,0.90255495,-2.04217448,3
TNG50-1,40,1.5,93692,0,-0.09489072,-0.0350042,1.11451113,1.66386287,4
TNG50-1,40,1.5,93692,0,0.06432951,-0.01736914,1.16978374,-0.87609525,5
TNG50-1,40,1.5,93692,0,-0.04134046,-0.07144077,0.99721554,1.77664195,6
TNG50-1,40,1.5,93692,0,-0.00103532,-0.02112805,1.24821172,-1.84554178,7
TNG50-1,40,1.5,93692,0,-0.02929591,0.00593983,0.92852434,-1.96876007,8
TNG50-1,40,1.5,93692,0,0.01340814,-0.01997745,0.7340595,-0.01868716,9
TNG50-1,40,1.5,186577,0,-0.01198855,0.00728152,0.2338741,-2.29197178,0
TNG50-1,40,1.5,186577,0,0.06434211,0.01966149,1.26502688,-2.40679152,1
TNG50-1,40,1.5,186577,0,-0.09548815,-0.04309912,0.61347588,-2.49239599,2
TNG50-1,40,1.5,186577,0,-0.06397484,0.04286052,0.47592799,0.86576036,3
TNG50-1,40,1.5,186577,0,-0.05160161,-0.05560221,1.3596703,-0.93361316,4
TNG50-1,40,1.5,186577,0,-0.00316599,0.04176885,0.67476228,-1.78044462,5
TNG50-1,40,1.5,186577,0,-0.01828584,0.05930713,1.09580591,1.2056496,6
TNG50-1,40,1.5,186577,0,0.06995682,0.01054323,0.80182686,1.17401045,7
TNG50-1,40,1.5,186577,0,0.04771742,-0.00881065,0.94419234,0.24610164,8
TNG50-1,40,1.5,186577,0,0.02476365,0.0200155,1.18058464,2.73292056,9
TNG50-1,40,1.5,184041,0,-0.00847754,-0.01175753,1.26165213,2.65975127,0
TNG50-1,40,1.5,184041,0,0.09206278,0.12291218,1.36290954,-1.33323528,1
TNG50-1,40,1.5,184041,0,-0.06322152,0.06960355,0.50042584,1.12560355,2
TNG50-1,40,1.5,184041,0,-0.0584805,-0.04264689,0.74987291,-2.8019594,3
TNG50-1,40,1.5,184041,0,-0.06509673,0.03237871,1.36706208,2.86425621,4
TNG50-1,40,1.5,184041,0,0.08637091,-0.04157614,1.37669306,3.02068826,5
TNG50-1,40,1.5,184041,0,-0.02311699,-0.08881838,0.89880082,1.5021502,6
TNG50-1,40,1.5,184041,0,-0.00128195,0.05097555,1.16053596,-0.21857649,7
TNG50-1,40,1.5,184041,0,-0.02013915,0.05800464,0.85876247,-1.75933311,8
TNG50-1,40,1.5,184041,0,-0.04722114,0.05230261,1.02155565,1.96359808,9
TNG50-1,40,1.5,204556,0,-0.09106752,0.0277956,1.075895,-0.26453863,0
TNG50-1,40,1.5,204556,0,0.08763238,-0.02319002,1.07242481,-0.53766931,1
TNG50-1,40,1.5,204556,0,0.04128568,0.02327484,1.0246736,0.1588588,2
TNG50-1,40,1.5,204556,0,0.0384948,-0.05054345,0.59126809,-1.14528435,3
TNG50-1,40,1.5,204556,0,0.04838627,0.07522534,1.12643986,-2.48656923,4
TNG50-1,40,1.5,204556,0,0.02883542,-0.03305345,0.66962924,-0.53500063,5
TNG50-1,40,1.5,204556,0,-0.01221644,0.02505427,0.37340159,-2.36337692,6
TNG50-1,40,1.5,204556,0,-0.00818821,0.05329888,0.78789917,-0.56271282,7
TNG50-1,40,1.5,204556,0,-0.02137822,0.01923843,1.02432963,0.35772512,8
TNG50-1,40,1.5,204556,0,0.13173704,0.0047235,0.68289172,2.70623817,9
TNG50-1,40,1.5,142043,0,0.00543511,-0.02676278,1.27794362,-0.72915226,0
TNG50-1,40,1.5,142043,0,0.08630662,-0.07312287,0.26573895,2.70958175,1
TNG50-1,40,1.5,142043,0,-0.09577826,0.03899348,0.8361384,-2.20396718,2
TNG50-1,40,1.5,142043,0,0.01391665,0.03764361,0.84415553,3.12317671,3
TNG50-1,40,1.5,142043,0,-0.06880217,0.04215872,0.248466,-0.75947964,4
TNG50-1,40,1.5,142043,0,-0.03171655,-0.07703672,1.32677028,0.93478029,5
TNG50-1,40,1.5,142043,0,-0.01822142,0.01494591,0.28589453,2.9399447,6
TNG50-1,40,1.5,142043,0,-0.02102542,0.03379894,1.22893841,-2.77967458,7
TNG50-1,40,1.5,142043,0,-0.0266898,-0.0515601,0.8302151,2.65693515,8
TNG50-1,40,1.5,142043,0,0.00036035,0.00045866,1.03528994,0.4260715,9
TNG50-1,40,1.5,80802,0,-0.05226314,0.07876883,0.86136195,3.05756082,0
TNG50-1,40,1.5,80802,0,-0.02838611,-0.00305087,1.22582053,-1.74369544,1
TNG50-1,40,1.5,80802,0,-0.03104107,0.00630826,0.89417416,1.9784239,2
TNG50-1,40,1.5,80802,0,0.03930996,-0.01698025,0.48559011,-2.08196561,3
TNG50-1,40,1.5,80802,0,0.0487992,-0.04448952,0.78105894,-1.35967408,4
TNG50-1,40,1.5,80802,0,-0.00775651,-0.07343197,0.98583735,-0.51347875,5
TNG50-1,40,1.5,80802,0,0.07154595,0.03164342,1.12576934,-1.10329175,6
TNG50-1,40,1.5,80802,0,0.06842347,-0.03917005,1.32890068,1.87459344,7
TNG50-1,40,1.5,80802,0,0.01216995,0.15297656,1.19378919,2.8757725,8
TNG50-1,40,1.5,80802,0,-0.04109459,-0.05430368,1.39079638,2.35804479,9
TNG50-1,40,1.5,162442,0,0.01517335,-0.06051994,1.29344686,-2.51635513,0
TNG50-1,40,1.5,162442,0,0.02557569,0.04894207,0.39279967,0.66759233,1
TNG50-1,40,1.5,162442,0,0.00708283,0.00393088,0.95249178,-2.72468569,2
TNG50-1,40,1.5,162442,0,-0.01985972,-0.04314,0.58472069,-1.62550118,3
TNG50-1,40,1.5,162442,0,-0.01662213,0.04042739,0.79582504,-2.76015816,4
TNG50-1,40,1.5,162442,0,-0.04087792,-0.02802244,0.73005383,0.30716978,5
TNG50-1,40,1.5,162442,0,0.02108084,-0.07032503,0.72257638,-2.1341585,6
TNG50-1,40,1.5,162442,0,-0.00470076,0.05106111,0.49727639,0.69370965,7
TNG50-1,40,1.5,162442,0,-0.03315869,-0.02685485,0.84055619,1.82755952,8
TNG50-1,40,1.5,162442,0,-0.03311224,-0.02044495,1.1643467,2.02243622,9
TNG50-1,40,1.5,238569,0,0.04492776,-0.13697666,0.66434293,-0.16183863,0
TNG50-1,40,1.5,238569,0,0.04003596,-0.08834809,0.74428766,0.44441351,1
TNG50-1,40,1.5,238569,0,0.01384099,0.07108135,1.16400368,-1.16769928,2
TNG50-1,40,1.5,238569,0,-0.06752107,-0.02006275,0.73133615,-2.25384601,3
TNG50-1,40,1.5,238569,0,-0.01558197,-0.03753623,0.35380541,-1.46439907,4
TNG50-1,40,1.5,238569,0,-0.03730582,0.08213301,1.32416387,2.25993798,5
TNG50-1,40,1.5,238569,0,0.04348379,0.063258,1.12165596,0.64350475,6
TNG50-1,40,1.5,238569,0,0.05890924,0.00122244,1.20244803,-0.76661978,7
TNG50-1,40,1.5,238569,0,0.05281928,-0.01467015,1.06038194,1.821533,8
TNG50-1,40,1.5,238569,0,-0.03776097,-0.00660506,0.68986741,-2.73659466,9
TNG50-1,40,1.5,77694,0,0.00141634,0.0059562,0.83946745,-0.79217244,0
TNG50-1,40,1.5,77694,0,-0.07999747,0.01589993,0.96258604,-0.33909271,1
TNG50-1,40,1.5,77694,0,0.07049531,-0.03921293,0.8364802,-0.56736487,2
TNG50-1,40,1.5,77694,0,-0.03408073,-0.00625222,1.27361126,-1.99841135,3
TNG50-1,40,1.5,77694,0,0.10157001,-0.03050494,1.21898276,1.45535546,4
TNG50-1,40,1.5,77694,0,-0.00162372,0.1149832,1.17167113,-0.32384629,5
TNG50-1,40,1.5,77694,0,0.05140268,-0.00448654,0.85763512,-3.03944622,6
TNG50-1,40,1.5,77694,0,-0.00266514,0.07726161,1.01461028,2.91548408,7
TNG50-1,40,1.5,77694,0,-0.00153719,-0.00978112,1.19392101,1.98400128,8
TNG50-1,40,1.5,77694,0,-0.02920147,0.01296438,0.48402199,1.40466485,9
TNG50-1,40,1.5,196834,0,-0.07739164,0.00593321,1.33083949,-1.05887805,0
TNG50-1,40,1.5,196834,0,-0.01326801,0.04936237,1.06314098,0.92002821,1
TNG50-1,40,1.5,196834,0,-0.02312607,-0.02833565,1.18238419,-1.96857148,2
TNG50-1,40,1.5,196834,0,-0.09868413,-0.03154808,1.25808887,2.75018434,3
TNG50-1,40,1.5,196834,0,0.05301636,0.05285946,0.34178771,-1.24536917,4
TNG50-1,40,1.5,196834,0,-0.01351983,0.01893197,1.23631801,-1.53820851,5
TNG50-1,40,1.5,196834,0,0.03698156,-0.10223641,0.32653413,1.32677499,6
TNG50-1,40,1.5,196834,0,0.1179886,-0.06126959,0.66596289,0.98299629,7
TNG50-1,40,1.5,196834,0,-0.01766218,0.07506179,0.81041628,-0.30599792,8
TNG50-1,40,1.5,196834,0,-0.02105765,0.02009641,0.77043222,0.83218424,9
TNG50-1,40,1.5,188913,0,-0.0444902,-0.04517672,0.5492273,1.47705399,0
TNG50-1,40,1.5,188913,0,-0.02461235,-0.00378857,1.35308544,1.3302579,1
TNG50-1,40,1.5,188913,0,0.01004251,-0.02255877,0.64460179,2.25211029,2
TNG50-1,40,1.5,188913,0,-0.0186757,-0.05691634,1.07583121,-1.98679302,3
TNG50-1,40,1.5,188913,0,0.02426516,-0.02208459,1.14208314,-3.13641143,4
TNG50-1,40,1.5,188913,0,0.02614219,-0.02372565,1.25546264,0.61907275,5
TNG50-1,40,1.5,188913,0,0.04444916,-0.03359239,0.21564331,-0.91823325,6
TNG50-1,40,1.5,188913,0,0.07117797,-0.01578947,1.34740189,-2.36381391,7
TNG50-1,40,1.5,188913,0,0.04979294,0.05892254,0.57364972,-1.97204837,8
TNG50-1,40,1.5,188913,0,-0.04671195,0.0099619,0.81203756,-1.05715025,9
TNG50-1,40,1.5,106423,0,0.01147302,0.04686885,0.51085276,1.42635159,0
TNG50-1,40,1.5,106423,0,-0.02612062,-0.03920711,1.08671796,2.28754737,1
TNG50-1,40,1.5,106423,0,-0.02354108,0.09131047,1.39641172,-2.24121949,2
TNG50-1,40,1.5,106423,0,0.0369663,-0.05668855,0.95099032,-1.33003366,3
TNG50-1,40,1.5,106423,0,-0.05808667,0.06642394,0.37898007,-1.91618637,4
TNG50-1,40,1.5,106423,0,-0.04526826,-0.03282431,1.18269613,-2.97285283,5
TNG50-1,40,1.5,106423,0,0.007704,0.10066232,0.9665504,0.3357192,6
TNG50-1,40,1.5,106423,0,0.04847049,0.02956604,1.25482096,1.25614804,7
TNG50-1,40,1.5,106423,0,0.06190802,-0.05080083,1.35235941,0.92914162,8
TNG50-1,40,1.5,106423,0,-0.03325309,-0.02611192,1.33335495,-0.70338031,9
TNG50-1,40,1.5,181327,0,0.03438262,0.0025916,1.38930862,-1.91739136,0
TNG50-1,40,1.5,181327,0,0.02730559,-0.03118013,1.16225424,0.93050161,1
TNG50-1,40,1.5,181327,0,0.01213221,-0.02632533,1.11766114,-0.10359941,2
TNG50-1,40,1.5,181327,0,0.02783083,-0.05624647,1.16784685,-0.3810748,3
TNG50-1,40,1.5,181327,0,-0.00213415,0.06328875,0.59586616,-2.43710204,4
TNG50-1,40,1.5,181327,0,0.02064457,0.05328426,0.66715841,0.11500916,5
TNG50-1,40,1.5,181327,0,-0.03630722,0.02687169,0.74743708,-2.51370258,6
TNG50-1,40,1.5,181327,0,0.0184853,0.0986098,1.28431879,-2.10955818,7
TNG50-1,40,1.5,181327,0,0.03342088,-0.00946228,0.60166748,-2.3087796,8
TNG50-1,40,1.5,181327,0,-0.03348407,0.15158812,0.76908547,2.85324647,9
TNG50-1,40,1.5,224515,0,0.02773983,0.04883327,1.13725831,1.65506197,0
TNG50-1,40,1.5,224515,0,0.03383073,0.00196565,0.89190604,2.83712327,1
TNG50-1,40,1.5,224515,0,-0.03224302,0.03884038,1.36455609,-2.26081736,2
TNG50-1,40,1.5,224515,0,0.01702202,-0.08806447,1.33437839,2.88826228,3
TNG50-1,40,1.5,224515,0,-0.04380297,0.04315438,0.7467643,0.59541037,4
TNG50-1,40,1.5,224515,0,-0.03098215,0.00885599,1.34065644,0.89007858,5
TNG50-1,40,1.5,224515,0,-0.04588545,0.03135548,0.98068719,1.31900633,6
TNG50-1,40,1.5,224515,0,-0.05941944,0.01900116,1.11035414,1.28251681,7
TNG50-1,40,1.5,224515,0,0.05321047,-0.04935276,1.20816662,2.00943246,8
TNG50-1,40,1.5,224515,0,0.03443059,-0.07490199,1.24200766,-0.10386953,9
TNG50-1,40,1.5,118372,0,-0.0153101,0.03520741,0.96115919,-2.9813616,0
TNG50-1,40,1.5,118372,0,0.05522475,-0.05125896,0.9785995,0.62592401,1
TNG50-1,40,1.5,118372,0,0.02144827,0.05084885,1.37818982,-2.69193964,2
TNG50-1,40,1.5,118372,0,-0.01714223,0.02331644,0.36676201,2.72305936,3
TNG50-1,40,1.5,118372,0,0.02398453,-0.06584625,1.12793136,2.74516475,4
TNG50-1,40,1.5,118372,0,0.01602248,0.06041314,1.18391374,0.28936624,5
TNG50-1,40,1.5,118372,0,0.05104414,0.11170465,0.20239602,0.73286402,6
TNG50-1,40,1.5,118372,0,-0.02741728,0.0500917,0.7194364,-1.30756604,7
TNG50-1,40,1.5,118372,0,0.0020603,0.07134924,1.36092249,-2.73964132,8
TNG50-1,40,1.5,118372,0,-0.00307578,0.00426857,1.3488788,1.49200798,9
TNG50-1,40,1.5,135951,0,0.05568299,0.05746884,0.48346888,0.56312956,0
TNG50-1,40,1.5,135951,0,-0.04263466,-0.00223665,1.15185871,1.7206488,1
TNG50-1,40,1.5,135951,0,0.01297709,-0.07025822,0.9374528,-0.67412258,2
TNG50-1,40,1.5,135951,0,0.01291231,0.04830648,1.10904856,-2.93507899,3
TNG50-1,40,1.5,135951,0,0.02425613,-0.01851853,0.58141741,-2.41211919,4
TNG50-1,40,1.5,135951,0,0.01684783,0.01710017,1.26857662,-2.89829137,5
TNG50-1,40,1.5,135951,0,-0.0421905,-0.03237297,1.31416799,-1.07477874,6
TNG50-1,40,1.5,135951,0,-0.06749337,0.08221509,0.95520266,-0.02832874,7
TNG50-1,40,1.5,135951,0,0.04361743,-0.04382824,0.77522598,-0.90278388,8
TNG50-1,40,1.5,135951,0,0.00929173,-0.01687149,0.6190645,0.38075773,9
TNG50-1,40,1.5,195521,0,0.08718109,-0.01085718,0.42380773,2.79306227,0
TNG50-1,40,1.5,195521,0,0.03843019,0.01386721,1.00213823,-0.38156489,1
TNG50-1,40,1.5,195521,0,-0.02785853,-0.02473742,0.33920547,-1.45447165,2
TNG50-1,40,1.5,195521,0,0.06522568,0.02769768,1.15681424,-2.2727098,3
TNG50-1,40,1.5,195521,0,-0.03702579,-0.02914969,0.51206072,1.24805152,4
TNG50-1,40,1.5,195521,0,0.05045499,0.03101862,0.40981534,2.97891859,5
TNG50-1,40,1.5,195521,0,-0.06794386,0.0221111,0.90070602,-2.96350349,6
TNG50-1,40,1.5,195521,0,0.05366289,-0.00304615,1.23008639,1.51076272,7
TNG50-1,40,1.5,195521,0,-0.02030668,-0.02206912,0.7596375,2.68248258,8
TNG50-1,40,1.5,195521,0,-0.05142521,0.00757704,0.90879841,-2.67172642,9
TNG50-1,40,1.5,2,0,-0.08031284,0.00094956,0.6311616,2.37801069,0
TNG50-1,40,1.5,2,0,-0.0156577,-0.00173396,1.3526828,2.66589118,1
TNG50-1,40,1.5,2,0,0.00827577,-0.09427865,0.53790976,2.02075494,2
TNG50-1,40,1.5,2,0,0.03894149,-0.01987417,0.52109502,0.39287577,3
TNG50-1,40,1.5,2,0,0.04550507,0.00281028,1.10712017,0.36190262,4
TNG50-1,40,1.5,2,0,0.0141953,-0.0140685,0.79002724,3.04487795,5
TNG50-1,40,1.5,2,0,0.02926238,-0.01234119,1.05166773,-1.5839804,6
TNG50-1,40,1.5,2,0,0.00320684,0.02439957,1.27146944,-2.664395,7
TNG50-1,40,1.5,2,0,-0.03369258,-0.05394786,0.92949806,0.3891863,8
TNG50-1,40,1.5,2,0,-0.01306322,-0.08140211,1.3285056,-1.07577182,9
TNG50-1,40,1.5,223494,0,0.00828061,0.00623486,0.4489059,-1.24874419,0
TNG50-1,40,1.5,223494,0,-0.00279727,-0.01275821,1.38316941,-1.19152698,1
TNG50-1,40,1.5,223494,0,-0.11296069,-0.07681362,0.62418076,2.93276448,2
TNG50-1,40,1.5,223494,0,0.0107754,-0.0738604,1.00576763,-0.38194114,3
TNG50-1,40,1.5,223494,0,-0.04641621,-0.02919435,0.62734677,-0.33221997,4
TNG50-1,40,1.5,223494,0,0.02428445,-0.00041399,1.39447656,0.32881637,5
TNG50-1,40,1.5,223494,0,-0.06409256,-0.0304124,1.15552607,-0.56861359,6
TNG50-1,40,1.5,223494,0,0.00150033,0.0312606,0.67834213,0.3309452,7
TNG50-1,40,1.5,223494,0,-0.01415817,-0.01396105,0.62255229,-0.42514908,8
TNG50-1,40,1.5,223494,0,0.01515509,-0.04825064,0.8338934,2.05281038,9
TNG50-1,40,1.5,213766,0,-0.024717,-0.00201712,0.8864892,1.30229819,0
TNG50-1,40,1.5,213766,0,0.0199491,-0.10975919,1.39947196,3.06581071,1
TNG50-1,40,1.5,213766,0,0.04124689,-0.10112235,0.80601603,2.96102218,2
TNG50-1,40,1.5,213766,0,-0.03565235,0.00647048,0.72006791,2.63208742,3
TNG50-1,40,1.5,213766,0,0.05259274,-0.01790313,0.89003849,1.60454672,4
TNG50-1,40,1.5,213766,0,-0.0757846,-0.05529176,0.96157486,0.687565,5
TNG50-1,40,1.5,213766,0,-0.06238139,0.00327663,0.59865161,-2.05981247,6
TNG50-1,40,1.5,213766,0,0.03548309,0.00575657,0.76418462,0.27238499,7
TNG50-1,40,1.5,213766,0,0.08355606,0.04722079,1.16447292,1.66740987,8
TNG50-1,40,1.5,213766,0,0.0246716,0.00683011,0.3273059,0.13104939,9
TNG50-1,40,1.5,151882,0,0.09625064,-0.00188775,0.91380065,0.33425686,0
TNG50-1,40,1.5,151882,0,0.09911302,-0.07906554,0.47863359,-0.97994337,1
TNG50-1,40,1.5,151882,0,0.00232566,0.03520952,1.21061892,0.12080118,2
TNG50-1,40,1.5,151882,0,0.00319889,0.09704335,1.11818026,-1.30396387,3
TNG50-1,40,1.5,151882,0,-0.01867215,0.03606127,0.98665271,1.87934753,4
TNG50-1,40,1.5,151882,0,0.05530031,0.07308996,0.97776208,-0.01081236,5
TNG50-1,40,1.5,151882,0,-0.01644599,-0.04230511,0.2093741,2.67564532,6
TNG50-1,40,1.5,151882,0,-0.02106686,0.01181621,1.30499843,0.77089245,7
TNG50-1,40,1.5,151882,0,0.04892964,-0.047158,0.53524531,0.08997102,8
TNG50-1,40,1.5,151882,0,-0.02691495,-0.01138828,0.51633285,1.32618786,9
TNG50-1,40,1.5,118373,0,0.00091971,-0.01186299,0.62393682,-1.08026087,0
TNG50-1,40,1.5,118373,0,-0.02494688,-0.06061841,1.05252054,1.92259553,1
TNG50-1,40,1.5,118373,0,0.04446731,-0.04776558,0.71476694,-2.59620938,2
TNG50-1,40,1.5,118373,0,0.04873759,-0.01410072,0.42431673,-2.86263621,3
TNG50-1,40,1.5,118373,0,0.06550198,0.01207261,0.61178478,3.12698706,4
TNG50-1,40,1.5,118373,0,0.04371712,0.07204063,1.06298304,2.32136757,5
TNG50-1,40,1.5,118373,0,0.05406874,-0.00208986,0.97371857,2.40550181,6
TNG50-1,40,1.5,118373,0,0.03664543,0.05017381,0.64129077,2.83547554,7
TNG50-1,40,1.5,118373,0,0.01327643,0.05396578,1.15163136,-0.38757006,8
TNG50-1,40,1.5,118373,0,0.00447545,-0.01157234,0.60729943,-1.33935171,9
TNG50-1,40,1.5,231752,0,-0.00300461,-0.06617942,1.1649693,2.92257412,0
TNG50-1,40,1.5,231752,0,0.00062893,-0.07701772,1.00598868,0.62114546,1
TNG50-1,40,1.5,231752,0,0.03284093,-0.0056082,0.56082653,-0.52977676,2
TNG50-1,40,1.5,231752,0,-0.03636839,0.07805933,0.77920431,0.55933431,3
TNG50-1,40,1.5,231752,0,0.00201682,-0.00933791,0.89675103,-2.75321665,4
TNG50-1,40,1.5,231752,0,-0.01561341,0.06534998,0.47990868,2.02398535,5
TNG50-1,40,1.5,231752,0,-0.07928017,0.01759654,0.77458685,-1.78036861,6
TNG50-1,40,1.5,231752,0,-0.04602279,0.02356252,0.80841974,1.91351899,7
TNG50-1,40,1.5,231752,0,0.07841032,-0.06678603,1.2411608,0.21600613,8
TNG50-1,40,1.5,231752,0,0.01923617,0.04687615,1.31175648,-1.40383944,9
TNG50-1,40,1.5,15218,0,0.02048756,-0.05951717,0.47132479,-1.28016925,0
TNG50-1,40,1.5,15218,0,0.02905994,0.02453035,0.76643204,-0.9685497,1
TNG50-1,40,1.5,15218,0,-0.04131716,0.04254305,1.19740558,1.82635604,2
TNG50-1,40,1.5,15218,0,0.03588628,0.0362854,1.03554708,2.37702156,3
TNG50-1,40,1.5,15218,0,0.00566853,0.03924771,1.2227338,-1.11819284,4
TNG50-1,40,1.5,15218,0,-0.06280274,0.01816315,1.29310451,0.44934703,5
TNG50-1,40,1.5,15218,0,-0.00849372,-0.00362062,1.07264355,-1.39384748,6
TNG50-1,40,1.5,15218,0,0.06906395,-0.03041837,0.88092246,-2.80648122,7
TNG50-1,40,1.5,15218,0,0.08382974,-0.09489678,1.09105649,1.49450075,8
TNG50-1,40,1.5,15218,0,0.03586742,0.01698209,0.84357594,-2.06714608,9
TNG50-1,40,1.5,157790,0,-0.0285568,0.07340409,1.34975536,2.21280714,0
TNG50-1,40,1.5,157790,0,-0.08874715,0.03932584,1.27239384,2.08831942,1
TNG50-1,40,1.5,157790,0,0.06980458,-0.0019455,1.11705173,1.44680245,2
TNG50-1,40,1.5,157790,0,0.04841228,0.03225563,0.77730079,1.89627674,3
TNG50-1,40,1.5,157790,0,0.12089028,-0.03827477,1.01734172,2.73119527,4
TNG50-1,40,1.5,157790,0,-0.06947617,-0.028972,0.70016147,-0.15577663,5
TNG50-1,40,1.5,157790,0,0.07290854,-0.02317223,0.50987057,0.868883,6
TNG50-1,40,1.5,157790,0,0.00350678,-0.09263639,0.6691905,0.09386904,7
TNG50-1,40,1.5,157790,0,0.04030501,0.04308792,0.22947458,2.20563044,8
TNG50-1,40,1.5,157790,0,-0.08238886,0.05957968,0.67441142,-0.43128033,9
TNG50-1,40,1.5,3,0,0.06681897,-0.01965265,1.32535231,-0.2224085,0
TNG50-1,40,1.5,3,0,0.01186691,0.06837008,0.72148727,-0.98133321,1
TNG50-1,40,1.5,3,0,-0.06730307,0.00258259,1.18895418,-1.49756633,2
TNG50-1,40,1.5,3,0,-0.07779197,0.0714766,0.49507299,-1.39394511,3
TNG50-1,40,1.5,3,0,0.0832388,0.01283472,1.13652324,2.68824765,4
TNG50-1,40,1.5,3,0,-0.00451595,0.04266163,1.23215443,-2.10437321,5
TNG50-1,40,1.5,3,0,-0.03237051,0.03595465,1.32975815,3.06730294,6
TNG50-1,40,1.5,3,0,-0.01369959,0.03116455,0.94670735,-1.08749714,7
TNG50-1,40,1.5,3,0,-0.07386539,0.01739672,1.00615907,-2.58622043,8
TNG50-1,40,1.5,3,0,0.07115476,-0.01164254,0.67835714,-1.57902491,9
TNG50-1,40,1.5,165812,0,0.03054205,0.02137405,0.93338586,0.39162776,0
TNG50-1,40,1.5,165812,0,-0.03434688,0.13132425,0.3985503,0.96189326,1
TNG50-1,40,1.5,165812,0,0.00398364,0.0675085,0.32438888,0.93564063,2
TNG50-1,40,1.5,165812,0,-0.03166271,0.03591739,1.29369928,1.74899042,3
TNG50-1,40,1.5,165812,0,0.02807706,-0.00428036,1.10101056,-0.53230258,4
TNG50-1,40,1.5,165812,0,0.00683871,-0.09693763,0.74434219,-1.4231998,5
TNG50-1,40,1.5,165812,0,-0.02241449,-0.06611432,1.21381063,-3.04369623,6
TNG50-1,40,1.5,165812,0,-0.05250861,0.06413964,1.12290741,-1.84329917,7
TNG50-1,40,1.5,165812,0,0.01338871,-0.0394878,1.38082044,-1.17880214,8
TNG50-1,40,1.5,165812,0,-0.06063594,-0.0349626,1.27203674,-2.02188595,9
TNG50-1,40,1.5,62919,0,0.0222471,0.03161881,0.71420294,-1.3175258,0
TNG50-1,40,1.5,62919,0,0.02276492,0.01410439,0.91289507,-0.37791286,1
TNG50-1,40,1.5,62919,0,0.01404272,0.01235034,1.17093098,1.16611039,2
TNG50-1,40,1.5,62919,0,0.00231016,-0.0367876,1.12014515,-2.89063014,3
TNG50-1,40,1.5,62919,0,0.03482059,0.03506754,0.38205168,1.85371187,4
TNG50-1,40,1.5,62919,0,0.04675544,0.14226472,0.82879749,-1.36357976,5
TNG50-1,40,1.5,62919,0,0.0455614,-0.01873975,0.98182792,1.14705701,6
TNG50-1,40,1.5,62919,0,-0.0050389,0.00354974,0.8325721,0.8967696,7
TNG50-1,40,1.5,62919,0,0.06934964,-0.02231026,1.04125265,0.95899032,8
TNG50-1,40,1.5,62919,0,0.01142303,-0.024401,0.98740016,0.67939402,9
TNG50-1,40,1.5,215839,0,-0.0072409,0.04623496,1.1234883,-0.55096795,0
TNG50-1,40,1.5,215839,0,-0.06359276,0.02230705,0.89347747,-3.12946794,1
TNG50-1,40,1.5,215839,0,0.01985158,0.04637729,1.18264634,2.84583552,2
TNG50-1,40,1.5,215839,0,-0.08933633,0.03752118,0.83345791,-3.01605509,3
TNG50-1,40,1.5,215839,0,-0.02220607,-0.02197318,0.99044487,-0.51153846,4
TNG50-1,40,1.5,215839,0,0.03796926,-0.06719495,1.08126435,1.36645197,5
TNG50-1,40,1.5,215839,0,0.01515241,0.02101811,1.22921681,2.60500388,6
TNG50-1,40,1.5,215839,0,0.02951603,0.02730446,1.30745253,1.33760402,7
TNG50-1,40,1.5,215839,0,-0.00325228,0.0545236,1.30043344,-0.22854612,8
TNG50-1,40,1.5,215839,0,0.05848731,-0.04681606,0.20387738,2.98100725,9
TNG50-1,40,1.5,129305,0,0.03100394,-0.13125733,0.59437027,0.11750642,0
TNG50-1,40,1.5,129305,0,-0.08297984,-0.04158806,0.48675867,0.28180107,1
TNG50-1,40,1.5,129305,0,-0.05277169,0.00795481,0.91081173,1.00820711,2
TNG50-1,40,1.5,129305,0,0.04196007,-0.00494316,0.5841963,-0.43666686,3
TNG50-1,40,1.5,129305,0,-0.00249527,0.02016881,0.94693212,-1.77288058,4
TNG50-1,40,1.5,129305,0,-0.01595529,0.01337701,0.98317406,2.30493666,5
TNG50-1,40,1.5,129305,0,-0.03743748,-0.01524339,0.51345429,-0.96760509,6
TNG50-1,40,1.5,129305,0,-0.0110328,-0.02634266,1.06675473,2.65743188,7
TNG50-1,40,1.5,129305,0,0.01505566,-0.01227507,1.05790823,-1.83875324,8
TNG50-1,40,1.5,129305,0,0.04914581,0.05743712,1.14068097,0.37735225,9
TNG50-1,40,1.5,152693,0,0.01409043,-0.11670885,1.223992,3.0729673,0
TNG50-1,40,1.5,152693,0,0.02890775,-0.00469927,1.32452172,2.80805748,1
TNG50-1,40,1.5,152693,0,-0.00690235,0.13697521,0.49617803,-2.47555935,2
TNG50-1,40,1.5,152693,0,-0.01593365,0.04331831,1.14920622,-0.65365671,3
TNG50-1,40,1.5,152693,0,-0.00847932,-0.04054445,1.03025318,-1.15901681,4
TNG50-1,40,1.5,152693,0,-0.06913691,0.02955533,0.3274242,-2.32648692,5
TNG50-1,40,1.5,152693,0,-0.00439637,-0.03710067,0.36253694,1.22395389,6
TNG50-1,40,1.5,152693,0,0.01480165,-0.06769038,0.72406231,-1.42095263,7
TNG50-1,40,1.5,152693,0,0.09252316,-0.01741847,1.34301723,-0.97473691,8
TNG50-1,40,1.5,152693,0,0.00429995,0.00457632,0.86238041,-2.57385109,9
TNG50-1,40,1.5,266628,0,0.02008745,0.00280717,0.99072521,-0.29410375,0
TNG50-1,40,1.5,266628,0,-0.0561589,-0.04905436,0.23581696,-1.00743045,1
TNG50-1,40,1.5,266628,0,0.0159777,-0.02068026,0.2146974,-2.0083968,2
TNG50-1,40,1.5,266628,0,-0.06509114,-0.01310521,0.2707966,1.35779616,3
TNG50-1,40,1.5,266628,0,0.01481915,-0.03629291,1.03245901,-0.89776919,4
TNG50-1,40,1.5,266628,0,-0.02443413,-0.06077514,1.33324207,2.21085094,5
TNG50-1,40,1.5,266628,0,0.07033078,-0.07067587,1.12398311,-1.6274885,6
TNG50-1,40,1.5,266628,0,0.01618594,-0.11698741,1.19980508,0.24123341,7
TNG50-1,40,1.5,266628,0,0.06178914,-0.05281732,1.38837518,-1.98461183,8
TNG50-1,40,1.5,266628,0,-0.03778234,0.03137469,1.32109368,-0.0295271,9
TNG50-1,40,1.5,100091,0,-0.01220544,0.04441788,0.78554989,2.17922088,0
TNG50-1,40,1.5,100091,0,-0.01581827,0.03950378,0.97781002,-0.76125467,1
TNG50-1,40,1.5,100091,0,-0.03256481,-0.0710881,0.44349363,2.02039111,2
TNG50-1,40,1.5,100091,0,0.01106876,-0.07171111,0.94736005,-0.36197686,3
TNG50-1,40,1.5,100091,0,0.01975866,-0.03777704,1.09550095,1.59279102,4
TNG50-1,40,1.5,100091,0,0.01615416,-0.05281327,0.8110541,-2.29159123,5
TNG50-1,40,1.5,100091,0,-0.01580624,0.03776259,0.91171046,2.66815602,6
TNG50-1,40,1.5,100091,0,-0.05508109,0.01756548,1.29695094,-0.12214581,7
TNG50-1,40,1.5,100091,0,0.03329165,0.0549592,1.06086905,-1.50923213,8
TNG50-1,40,1.5,100091,0,0.00062569,0.01982434,1.13316868,-1.62426871,9
TNG50-1,40,1.5,144699,0,0.00129811,-0.01197355,0.43414439,-2.15989999,0
TNG50-1,40,1.5,144699,0,-0.10014069,-0.0402075,1.24865009,-0.30980223,1
TNG50-1,40,1.5,144699,0,-0.0379934,-0.04973866,1.06074613,-0.8201376,2
TNG50-1,40,1.5,144699,0,0.049162,-0.05222082,0.80349165,-1.41872815,3
TNG50-1,40,1.5,144699,0,-0.03144727,-0.03090272,1.0356902,1.44055371,4
TNG50-1,40,1.5,144699,0,-0.04144376,-0.05173605,1.25393269,-1.19599157,5
TNG50-1,40,1.5,144699,0,0.06547628,-0.07818526,1.37604961,0.25221933,6
TNG50-1,40,1.5,144699,0,0.06701272,0.01097013,1.04794556,2.6591919,7
TNG50-1,40,1.5,144699,0,0.02584952,0.01172978,0.80113647,0.24677827,8
TNG50-1,40,1.5,144699,0,-0.02275587,0.08503964,0.88285068,0.73527663,9
TNG50-1,40,1.5,89368,0,0.03009478,0.07148937,0.42394641,-1.14363709,0
TNG50-1,40,1.5,89368,0,-0.03393941,-0.01537639,0.93965204,-0.10335851,1
TNG50-1,40,1.5,89368,0,0.05058302,-0.01590137,1.12573502,2.8339984,2
TNG50-1,40,1.5,89368,0,-0.01228604,0.02348484,0.57255514,1.87372026,3
TNG50-1,40,1.5,89368,0,-0.03248019,-0.04190096,0.65277702,2.43183789,4
TNG50-1,40,1.5,89368,0,-0.06266526,0.05831442,0.95785902,-0.72101398,5
TNG50-1,40,1.5,89368,0,0.01266023,0.01808003,0.65670531,3.11963455,6
TNG50-1,40,1.5,89368,0,0.04476092,0.01282295,1.17344974,-2.18299469,7
TNG50-1,40,1.5,89368,0,0.01366606,0.03434768,0.86646307,0.11793905,8
TNG50-1,40,1.5,89368,0,0.11194158,0.08614149,0.51386382,-0.13022918,9
TNG50-1,40,1.5,225905,0,-0.03622869,-0.04813152,1.02109628,-0.30834891,0
TNG50-1,40,1.5,225905,0,0.00808312,-0.00746676,1.03943456,-1.83863045,1
TNG50-1,40,1.5,225905,0,0.10994239,-0.0082634,1.18911507,0.14942903,2
TNG50-1,40,1.5,225905,0,-0.0008799,-0.02830946,0.92019721,-1.38085495,3
TNG50-1,40,1.5,225905,0,-0.03465935,-0.00885068,1.01830163,2.26198754,4
TNG50-1,40,1.5,225905,0,-0.00868812,0.00305074,0.98370505,-0.65119037,5
TNG50-1,40,1.5,225905,0,0.00460886,0.04447067,0.87560719,0.87182687,6
TNG50-1,40,1.5,225905,0,-0.00755842,-0.00496059,1.3947984,-1.5778352,7
TNG50-1,40,1.5,225905,0,-0.00156774,0.01995516,0.43873187,-3.01966021,8
TNG50-1,40,1.5,225905,0,-0.07217234,-0.02708002,1.34123025,-0.60221481,9
TNG50-1,40,1.5,233114,0,-0.00801465,0.00389284,1.34245833,-2.04200405,0
TNG50-1,40,1.5,233114,0,0.07079571,-0.01853065,0.9648447,-2.49843166,1
TNG50-1,40,1.5,233114,0,-0.06078991,0.05130948,1.33316591,-1.85322175,2
TNG50-1,40,1.5,233114,0,-0.04123113,-0.00098789,0.71328188,1.92410919,3
TNG50-1,40,1.5,233114,0,-0.13060979,-0.0409135,0.90532175,-2.47674037,4
TNG50-1,40,1.5,233114,0,-0.02404583,-0.08581243,0.56025972,0.71896915,5
TNG50-1,40,1.5,233114,0,-0.01978218,-0.02206572,1.162954,1.54680273,6
TNG50-1,40,1.5,233114,0,-0.02549886,0.03773218,0.93908983,1.57758946,7
TNG50-1,40,1.5,233114,0,0.05538387,0.11382693,1.30244994,-1.94740488,8
TNG50-1,40,1.5,233114,0,0.04303088,0.00308052,0.48087785,-2.75439765,9
TNG50-1,40,1.5,181911,0,-0.03213918,-0.04999924,0.90088484,0.23247747,0
TNG50-1,40,1.5,181911,0,0.02735612,0.01783563,1.18405232,0.97582172,1
TNG50-1,40,1.5,181911,0,-0.04043152,0.03734234,0.28097004,1.77822209,2
TNG50-1,40,1.5,181911,0,-0.03043785,-0.00441227,1.37300545,2.06165628,3
TNG50-1,40,1.5,181911,0,0.05634716,0.05050318,0.7025176,-0.14900861,4
TNG50-1,40,1.5,181911,0,0.04873288,-0.01521551,0.64985491,0.05524892,5
TNG50-1,40,1.5,181911,0,-0.03531878,-0.01069278,1.34449401,1.3697712,6
TNG50-1,40,1.5,181911,0,-0.03667882,-0.04886231,1.2564463,-1.48696381,7
TNG50-1,40,1.5,181911,0,-0.03227983,0.05085887,1.06866627,2.2273247,8
TNG50-1,40,1.5,181911,0,0.03663198,-0.03832602,0.50894535,-3.01098518,9
TNG50-1,40,1.5,225428,0,0.0727259,-0.06639663,0.62247082,-1.32510316,0
TNG50-1,40,1.5,225428,0,0.01880348,0.0266626,0.67106344,1.25670086,1
TNG50-1,40,1.5,225428,0,-0.04194281,-0.06727355,0.20699108,-3.09542293,2
TNG50-1,40,1.5,225428,0,-0.03426214,-0.01127835,0.9792927,-0.90877207,3
TNG50-1,40,1.5,225428,0,-0.02798501,0.01520752,0.60297,0.7258128,4
TNG50-1,40,1.5,225428,0,0.01805989,-0.0568797,0.51830452,-2.32630418,5
TNG50-1,40,1.5,225428,0,0.06690981,-0.05121312,1.22240494,2.49195472,6
TNG50-1,40,1.5,225428,0,0.05262115,-0.00470605,1.3653081,-2.1596943,7
TNG50-1,40,1.5,225428,0,0.02280061,0.02518251,1.04967424,2.57480878,8
TNG50-1,40,1.5,225428,0,-0.06658224,0.05307594,0.52761751,-1.78197853,9
TNG50-1,40,1.5,204085,0,0.10608375,0.01591456,0.37242823,2.22194916,0
TNG50-1,40,1.5,204085,0,0.05016029,-0.04045496,0.82540303,-0.64745275,1
TNG50-1,40,1.5,204085,0,0.04109686,-0.09945838,0.93787025,2.03725338,2
TNG50-1,40,1.5,204085,0,0.02881446,0.02703048,0.61554568,0.31938477,3
TNG50-1,40,1.5,204085,0,-0.05016587,0.10600404,1.18159386,0.74481027,4
TNG50-1,40,1.5,204085,0,0.06387651,0.06947801,0.58441157,-2.77141666,5
TNG50-1,40,1.5,204085,0,-0.04215663,-0.01286589,1.39748304,-1.87520599,6
TNG50-1,40,1.5,204085,0,0.01416434,0.00044227,0.83393413,0.32021887,7
TNG50-1,40,1.5,204085,0,-0.0819695,0.04438531,0.3838936,-2.77213471,8
TNG50-1,40,1.5,204085,0,-0.10204294,0.0561064,0.6296867,1.51705503,9
TNG50-1,40,1.5,222555,0,-0.03341873,-0.00393679,1.24703268,-1.6161673,0
TNG50-1,40,1.5,222555,0,0.04524593,0.03203926,1.34350871,0.26294389,1
TNG50-1,40,1.5,222555,0,0.05812315,0.00155674,0.79350054,1.00196244,2
TNG50-1,40,1.5,222555,0,0.03523239,-0.04242625,1.35712021,3.0084435,3
TNG50-1,40,1.5,222555,0,-0.04804982,-0.05242958,0.46690469,1.53751614,4
TNG50-1,40,1.5,222555,0,0.07038794,-0.03760181,0.75218936,-2.39935463,5
TNG50-1,40,1.5,222555,0,0.06146625,0.01110661,0.34420384,-0.1549845,6
TNG50-1,40,1.5,222555,0,0.02997923,-0.00134779,1.13266665,0.55776328,7
TNG50-1,40,1.5,222555,0,0.01021738,0.01076719,0.97181224,-2.22033228,8
TNG50-1,40,1.5,222555,0,0.0113054,0.02504066,0.69068456,-0.42746987,9
TNG50-1,40,1.5,171647,0,0.01713236,-0.01197493,1.23151422,1.87243858,0
TNG50-1,40,1.5,171647,0,0.05789845,-0.01891426,0.66667464,1.54943955,1
TNG50-1,40,1.5,171647,0,-0.00920565,-0.04792296,0.93930096,-3.01955568,2
TNG50-1,40,1.5,171647,0,-0.06356246,0.07042244,0.79640342,-1.42544607,3
TNG50-1,40,1.5,171647,0,-0.05413534,-0.1269604,1.09159851,-0.19893983,4
TNG50-1,40,1.5,171647,0,0.01972997,0.03989296,1.01728225,0.60032304,5
TNG50-1,40,1.5,171647,0,0.09220582,-0.02318725,1.24922032,2.63405014,6
TNG50-1,40,1.5,171647,0,0.01968625,-0.02051704,0.67161103,-0.78159073,7
TNG50-1,40,1.5,171647,0,-0.01934483,0.08461576,1.26907739,2.35634101,8
TNG50-1,40,1.5,171647,0,0.0383092,-0.03570655,0.64271797,-2.11473615,9
TNG50-1,40,1.5,208267,0,0.10458345,-0.02710404,0.44955602,-1.16435049,0
TNG50-1,40,1.5,208267,0,0.01681241,-0.04738432,0.56711719,2.37450229,1
TNG50-1,40,1.5,208267,0,-0.1189027,0.15118907,1.08000135,2.58859473,2
TNG50-1,40,1.5,208267,0,0.01631495,-0.03579287,0.88090984,-2.45273346,3
TNG50-1,40,1.5,208267,0,0.001894,0.00500715,0.8897766,-0.26352596,4
TNG50-1,40,1.5,208267,0,0.0021725,-0.07478301,0.57106284,-0.74550684,5
TNG50-1,40,1.5,208267,0,0.01229737,0.00582342,1.20104281,-0.06685814,6
TNG50-1,40,1.5,208267,0,-0.00143391,-0.04666128,1.14826499,0.34381291,7
TNG50-1,40,1.5,208267,0,-0.0026306,-0.02212365,1.14346526,-3.01430311,8
TNG50-1,40,1.5,208267,0,0.03065221,0.05225323,1.36629807,2.15037146,9
TNG50-1,40,1.5,202467,0,-0.11275878,-0.01813055,1.16399442,0.85400593,0
TNG50-1,40,1.5,202467,0,0.02035649,-0.02239332,0.80261214,1.82472038,1
TNG50-1,40,1.5,202467,0,0.02595515,0.09773463,1.36660503,-1.62427214,2
TNG50-1,40,1.5,202467,0,-0.00998159,0.01762312,0.9624684,2.28990928,3
TNG50-1,40,1.5,202467,0,-0.05739514,0.01694973,0.79507125,-1.38103844,4
TNG50-1,40,1.5,202467,0,0.00444678,-0.01848504,0.92173423,1.73309605,5
TNG50-1,40,1.5,202467,0,-0.07322662,-0.02981858,1.19969989,-2.4372524,6
TNG50-1,40,1.5,202467,0,-0.05136153,-0.10932032,0.57142332,-1.32960556,7
TNG50-1,40,1.5,202467,0,-0.0375349,0.04843703,0.29817514,0.21124027,8
TNG50-1,40,1.5,202467,0,0.04219695,0.02241549,0.9980268,0.15659015,9
TNG50-1,40,1.5,179803,0,0.0305501,-0.02322059,0.94250917,-0.54161177,0
TNG50-1,40,1.5,179803,0,-0.08144988,-0.05070346,0.49330986,1.71769273,1
TNG50-1,40,1.5,179803,0,0.07985139,-0.06332981,1.29863756,2.20264565,2
TNG50-1,40,1.5,179803,0,0.00911946,-0.0024242,1.30515149,1.46614892,3
TNG50-1,40,1.5,179803,0,0.06404721,-0.02327934,1.14476962,0.36371273,4
TNG50-1,40,1.5,179803,0,-0.05377099,-0.03428035,1.02477154,1.40863801,5
TNG50-1,40,1.5,179803,0,-0.04615826,0.07735447,1.14635028,1.13970406,6
TNG50-1,40,1.5,179803,0,-0.05809501,-0.00411628,0.66287775,-1.66902367,7
TNG50-1,40,1.5,179803,0,0.01251488,0.06350215,1.19323263,0.31892753,8
TNG50-1,40,1.5,179803,0,0.00329917,-0.02666261,1.32982797,1.70028858,9
TNG50-1,40,1.5,68956,0,-0.06952562,0.0409035,1.39865919,-1.41850089,0
TNG50-1,40,1.5,68956,0,-0.00943721,-0.06988319,0.77074675,1.96994541,1
TNG50-1,40,1.5,68956,0,-0.07470562,-0.04812363,1.18877474,-2.1337898,2
TNG50-1,40,1.5,68956,0,-0.00265782,0.01665713,0.68505261,1.00897699,3
TNG50-1,40,1.5,68956,0,-0.08276863,-0.10791248,0.65418962,1.60237799,4
TNG50-1,40,1.5,68956,0,0.02644137,-0.00185804,0.7127507,-2.90810533,5
TNG50-1,40,1.5,68956,0,0.01889813,-0.05101316,1.3798367,0.3377972,6
TNG50-1,40,1.5,68956,0,0.09539742,0.00506535,0.73763114,0.47675088,7
TNG50-1,40,1.5,68956,0,0.04239366,-0.05388682,0.23684306,-1.2350047,8
TNG50-1,40,1.5,68956,0,-0.02114571,0.02121241,1.19553271,2.3646433,9
TNG50-1,40,1.5,208817,0,-0.01574683,-0.02583124,0.70564558,3.05733562,0
TNG50-1,40,1.5,208817,0,0.12133339,0.03790821,1.2300486,0.95315141,1
TNG50-1,40,1.5,208817,0,-0.04085043,0.01946527,1.22263142,1.25614924,2
TNG50-1,40,1.5,208817,0,0.01489666,0.01078494,0.27553782,-1.11948034,3
TNG50-1,40,1.5,208817,0,-0.03751095,-0.00209599,1.02154977,2.24409364,4
TNG50-1,40,1.5,208817,0,0.08928104,0.02155272,1.247962,-1.77312535,5
TNG50-1,40,1.5,208817,0,0.04434132,0.01146938,1.1168831,-2.47318332,6
TNG50-1,40,1.5,208817,0,-0.03391749,0.00295467,1.05654708,2.97355508,7
TNG50-1,40,1.5,208817,0,0.02562975,-0.0320508,0.8302,2.28795078,8
TNG50-1,40,1.5,208817,0,0.01288479,0.08468831,0.40854256,-1.23373401,9
TNG50-1,40,1.5,106424,0,-0.05040239,-0.00798063,0.80192211,-1.42666124,0
TNG50-1,40,1.5,106424,0,-0.04585413,-0.01444529,1.35622497,3.10894161,1
TNG50-1,40,1.5,106424,0,0.03027626,-0.08694077,1.10884512,2.62886093,2
TNG50-1,40,1.5,106424,0,-0.01311891,-0.05281225,0.75432372,-1.7902315,3
TNG50-1,40,1.5,106424,0,-0.00846713,0.01591796,1.25305376,-1.19378993,4
TNG50-1,40,1.5,106424,0,0.06361194,-0.00689411,1.21435583,-0.22805084,5
TNG50-1,40,1.5,106424,0,-0.03743444,0.00374635,1.23181447,2.16401414,6
TNG50-1,40,1.5,106424,0,0.00456469,0.05196268,1.39923863,1.90158053,7
TNG50-1,40,1.5,106424,0,0.04773139,-0.05936616,0.98391591,-2.34839431,8
TNG50-1,40,1.5,106424,0,0.04045587,-0.01180902,1.36787902,-2.35965748,9
TNG50-1,40,1.5,173605,0,-0.01519034,0.01798557,1.30758373,-1.34768675,0
TNG50-1,40,1.5,173605,0,0.06214152,0.02311928,1.28990475,-0.29479373,1
TNG50-1,40,1.5,173605,0,0.00683283,0.03957495,1.33584905,2.24042791,2
TNG50-1,40,1.5,173605,0,-0.04095373,-0.06284918,0.4980646,1.43629622,3
TNG50-1,40,1.5,173605,0,0.04974778,0.03220742,0.36311693,-0.17829284,4
TNG50-1,40,1.5,173605,0,-0.033877,-0.03670367,1.36158723,-1.60495899,5
TNG50-1,40,1.5,173605,0,-0.03442261,0.0159239,0.66696804,1.42638197,6
TNG50-1,40,1.5,173605,0,0.01791763,-0.01137338,0.69643594,2.22755801,7
TNG50-1,40,1.5,173605,0,0.08905192,0.02506042,0.21223339,-0.62862495,8
TNG50-1,40,1.5,173605,0,0.08117936,0.00590517,1.10204016,1.0592536,9
TNG50-1,40,1.5,230781,0,0.00743641,0.01200358,1.27618913,-0.56529998,0
TNG50-1,40,1.5,230781,0,0.0644033,-0.01463521,1.009934,-1.15321494,1
TNG50-1,40,1.5,230781,0,-0.01476084,0.03785592,0.91485541,2.61463251,2
TNG50-1,40,1.5,230781,0,0.02338074,0.04343513,1.17392665,-0.98481567,3
TNG50-1,40,1.5,230781,0,0.02529425,-0.01798308,0.84181673,-1.65451411,4
TNG50-1,40,1.5,230781,0,0.07508009,0.01651537,1.34200163,2.57171601,5
TNG50-1,40,1.5,230781,0,-0.08533187,0.05902636,1.11224193,1.54531396,6
TNG50-1,40,1.5,230781,0,-0.02292041,0.09452295,0.60673975,1.14228129,7
TNG50-1,40,1.5,230781,0,0.04242581,0.03713025,1.18098531,-2.83035543,8
TNG50-1,40,1.5,230781,0,0.07729482,0.00220694,0.84968393,-2.31720757,9
TNG50-1,40,1.5,200427,0,0.00337273,-0.04482226,0.38957193,1.31578015,0
TNG50-1,40,1.5,200427,0,0.04230626,-0.05888949,0.95652511,0.90532442,1
TNG50-1,40,1.5,200427,0,0.0919751,0.01566183,0.95444727,-0.64507023,2
TNG50-1,40,1.5,200427,0,0.01942758,-0.05997009,0.41067907,-3.11394085,3
TNG50-1,40,1.5,200427,0,-0.02698942,-0.15718332,0.95090094,-0.33564053,4
TNG50-1,40,1.5,200427,0,0.03935422,-0.05219559,1.01793965,-3.10352838,5
TNG50-1,40,1.5,200427,0,-0.03491263,-0.02359298,1.16939355,-2.67036325,6
TNG50-1,40,1.5,200427,0,-0.05166687,-0.03027247,0.79024081,-0.43599084,7
TNG50-1,40,1.5,200427,0,-0.08799544,0.07597623,0.88739223,-2.62687484,8
TNG50-1,40,1.5,200427,0,-0.07825642,-0.03067713,1.22003992,-1.40953565,9
TNG50-1,40,1.5,165004,0,0.02834853,0.02791093,1.01941927,0.10998869,0
TNG50-1,40,1.5,165004,0,-0.03473297,0.00757585,1.22488233,1.13704668,1
TNG50-1,40,1.5,165004,0,0.12603543,0.01377363,1.36199819,0.04843609,2
TNG50-1,40,1.5,165004,0,0.04428428,0.0660455,0.99471287,2.76844055,3
TNG50-1,40,1.5,165004,0,0.06521651,0.01910288,0.59165961,-0.45221227,4
TNG50-1,40,1.5,165004,0,0.03976215,0.03994565,0.7058166,-3.04158757,5
TNG50-1,40,1.5,165004,0,0.09264325,-0.04697814,1.04607205,-1.65641393,6
TNG50-1,40,1.5,165004,0,-0.0393501,-0.05476968,0.86092598,0.003813,7
TNG50-1,40,1.5,165004,0,-0.12803687,0.0807057,1.01999501,0.25492046,8
TNG50-1,40,1.5,165004,0,-0.02230628,0.00504508,0.87756271,0.32914334,9
TNG50-1,40,1.5,110111,0,-0.09062942,0.05547121,0.49073427,-1.87434949,0
TNG50-1,40,1.5,110111,0,0.01341795,-0.04414328,1.03066972,1.4537488,1
TNG50-1,40,1.5,110111,0,0.0362662,-0.02917617,1.16724252,1.92005413,2
TNG50-1,40,1.5,110111,0,0.02876737,0.08182126,1.02679873,-2.35414611,3
TNG50-1,40,1.5,110111,0,0.02110933,0.0434291,1.05890442,-2.59655292,4
TNG50-1,40,1.5,110111,0,-0.01742935,-0.01790047,1.14375344,2.82474903,5
TNG50-1,40,1.5,110111,0,-0.04033731,0.01436904,1.28525227,-0.23218376,6
TNG50-1,40,1.5,110111,0,0.02758641,0.00773961,0.79354333,0.81829375,7
TNG50-1,40,1.5,110111,0,0.02132237,-0.13728069,1.2863456,-2.995443,8
TNG50-1,40,1.5,110111,0,-0.02804495,-0.0453237,0.64659796,-1.39040494,9
TNG50-1,40,1.5,206049,0,-0.00523933,0.02526338,1.2752456,-1.72772749,0
TNG50-1,40,1.5,206049,0,-0.00391865,-0.07147491,0.8586437,-1.37900709,1
TNG50-1,40,1.5,206049,0,-0.00939996,0.08924741,0.85239061,-0.36375688,2
TNG50-1,40,1.5,206049,0,0.01262247,-0.03044255,1.10890225,-1.45320558,3
TNG50-1,40,1.5,206049,0,0.0376606,0.00841029,0.52258632,1.2063299,4
TNG50-1,40,1.5,206049,0,-0.06151301,0.04271923,0.54549203,-0.11995787,5
TNG50-1,40,1.5,206049,0,-0.05253319,-0.04934899,1.30952186,-1.75377,6
TNG50-1,40,1.5,206049,0,-0.0874259,-0.02731622,0.74804901,0.04004946,7
TNG50-1,40,1.5,206049,0,0.04331987,0.00895859,1.05983908,2.44282558,8
TNG50-1,40,1.5,206049,0,0.01251616,0.14287365,0.20115942,1.83717603,9
TNG50-1,40,1.5,176577,0,0.06136456,-0.1555244,1.16651095,1.80680887,0
TNG50-1,40,1.5,176577,0,-0.04251037,0.03665268,0.48927559,-1.56508096,1
TNG50-1,40,1.5,176577,0,0.01565828,-0.00481067,0.98331807,0.82327411,2
TNG50-1,40,1.5,176577,0,0.0033985,0.0570633,1.10794943,-2.1756454,3
TNG50-1,40,1.5,176577,0,-0.0778358,-0.0440359,1.21851557,-0.8557888,4
TNG50-1,40,1.5,176577,0,-0.06595151,0.01751062,0.97298689,1.40969605,5
TNG50-1,40,1.5,176577,0,0.00059555,0.04230867,0.72192147,0.82729687,6
TNG50-1,40,1.5,176577,0,0.09906,-0.02237318,1.15686014,-1.9612289,7
TNG50-1,40,1.5,176577,0,0.02896349,-0.02130428,0.67004637,2.25153341,8
TNG50-1,40,1.5,176577,0,-0.08628174,0.00126314,0.82281837,-2.80637855,9
TNG50-1,40,1.5,223070,0,-0.03361579,-0.09736526,0.97161594,-1.14956176,0
TNG50-1,40,1.5,223070,0,0.07348619,-0.05437511,1.19459969,2.34240624,1
TNG50-1,40,1.5,223070,0,-0.02929068,-0.04058,1.20159197,0.51627092,2
TNG50-1,40,1.5,223070,0,0.037904,-0.08072406,1.39239999,-0.55307912,3
TNG50-1,40,1.5,223070,0,-0.03252102,-0.03670739,1.08142834,-0.21927105,4
TNG50-1,40,1.5,223070,0,-0.02263095,-0.10073572,1.12875913,-1.83293085,5
TNG50-1,40,1.5,223070,0,-0.01227751,-0.05089944,1.37432838,1.95960926,6
TNG50-1,40,1.5,223070,0,0.06419226,0.06002102,0.83223096,2.60126828,7
TNG50-1,40,1.5,223070,0,-0.09449263,0.0201794,0.82627461,2.58027828,8
TNG50-1,40,1.5,223070,0,-0.06578318,0.00937338,1.34146895,-1.73457137,9
TNG50-1,40,1.5,207043,0,0.0297643,0.00901677,0.6580256,-1.85752513,0
TNG50-1,40,1.5,207043,0,0.03331436,-0.0675898,1.26090096,1.42143682,1
TNG50-1,40,1.5,207043,0,0.02541877,-0.05995052,1.3638251,-1.90401591,2
TNG50-1,40,1.5,207043,0,-0.04351868,-0.05205616,1.01681574,-1.31153158,3
TNG50-1,40,1.5,207043,0,0.00432554,-0.02221547,0.64847858,0.04112205,4
TNG50-1,40,1.5,207043,0,-0.04497201,0.04684845,0.79936301,-0.08350395,5
TNG50-1,40,1.5,207043,0,-0.01662983,0.02891991,0.73986271,0.63365532,6
TNG50-1,40,1.5,207043,0,0.1076734,0.02614977,1.05145656,-0.39304717,7
TNG50-1,40,1.5,207043,0,0.00478477,-0.05494623,1.20221072,2.63562853,8
TNG50-1,40,1.5,207043,0,-0.05937633,-0.02706572,0.92634377,2.13586891,9
TNG50-1,40,1.5,242135,0,0.00352948,0.02502323,1.13056684,0.36796888,0
TNG50-1,40,1.5,242135,0,0.00128851,0.01784544,1.05601254,-2.38581522,1
TNG50-1,40,1.5,242135,0,0.00914644,-0.05441539,1.19278043,1.99063919,2
TNG50-1,40,1.5,242135,0,0.10531201,0.05984084,0.20447057,-1.41569255,3
TNG50-1,40,1.5,242135,0,0.06202983,0.00511552,1.20680341,0.30957192,4
TNG50-1,40,1.5,242135,0,0.03925305,-0.08645356,0.56821301,0.31185843,5
TNG50-1,40,1.5,242135,0,-0.04810386,-0.00256714,1.26728975,0.64491024,6
TNG50-1,40,1.5,242135,0,-0.02564974,0.01406032,0.26890361,-2.79296392,7
TNG50-1,40,1.5,242135,0,-0.00474223,0.04863962,1.21038029,-2.08212973,8
TNG50-1,40,1.5,242135,0,-0.03877036,-0.01687382,1.03377742,-2.12879192,9
TNG50-1,40,1.5,244922,0,-0.02608102,-0.04149092,1.03847318,-0.98226723,0
TNG50-1,40,1.5,244922,0,-0.01322094,-0.00387194,1.35742937,-0.85226966,1
TNG50-1,40,1.5,244922,0,-0.03784549,-0.09109791,0.38751527,3.10906569,2
TNG50-1,40,1.5,244922,0,-0.00806147,0.05615511,1.0413833,0.34943637,3
TNG50-1,40,1.5,244922,0,0.09446898,0.10325121,0.63507773,1.18991248,4
TNG50-1,40,1.5,244922,0,0.06925298,0.00400413,1.03883749,0.9013998,5
TNG50-1,40,1.5,244922,0,0.01772395,-0.10625051,0.37822323,2.06040818,6
TNG50-1,40,1.5,244922,0,-0.00126471,0.03044453,1.15351452,2.27341415,7
TNG50-1,40,1.5,244922,0,0.04221006,-0.04520446,1.04267102,0.39745,8
TNG50-1,40,1.5,244922,0,0.05649852,-0.03316747,0.6685478,-1.29084225,9
TNG50-1,40,1.5,227364,0,0.00979092,-0.00329144,1.02435891,-1.7624074,0
TNG50-1,40,1.5,227364,0,-0.08557697,-0.02819373,0.90332274,-0.1397867,1
TNG50-1,40,1.5,227364,0,0.09502701,-0.0338649,0.90512672,2.35308808,2
TNG50-1,40,1.5,227364,0,-0.07193876,0.02143739,1.36547766,0.00022755,3
TNG50-1,40,1.5,227364,0,0.02097486,0.05387393,1.01691634,-2.79355407,4
TNG50-1,40,1.5,227364,0,0.019498,-0.01716279,1.22049472,-2.89098402,5
TNG50-1,40,1.5,227364,0,0.01378184,0.03903405,0.4212432,-1.71285321,6
TNG50-1,40,1.5,227364,0,-0.02472884,0.00248703,0.27986028,2.15369546,7
TNG50-1,40,1.5,227364,0,0.04136263,-0.04463661,1.14536805,0.76328485,8
TNG50-1,40,1.5,227364,0,-0.07801837,-0.0128976,1.25362026,0.39557586,9
TNG50-1,40,1.5,233558,0,-0.03883756,0.05809332,1.29557617,2.11875427,0
TNG50-1,40,1.5,233558,0,0.05467673,0.04102996,1.03997081,-2.8471813,1
TNG50-1,40,1.5,233558,0,-0.02003145,0.06260218,0.80154484,-2.04585717,2
TNG50-1,40,1.5,233558,0,-0.05216751,-0.00263607,0.70104646,-2.83689221,3
TNG50-1,40,1.5,233558,0,-0.02131508,0.05069484,1.085167,-1.93450338,4
TNG50-1,40,1.5,233558,0,-0.13120834,-0.0735622,0.68482521,-3.11468296,5
TNG50-1,40,1.5,233558,0,-0.00603843,0.03565238,1.29684139,0.02645411,6
TNG50-1,40,1.5,233558,0,-0.00850596,-0.03855814,1.11656873,0.17790459,7
TNG50-1,40,1.5,233558,0,0.04123714,-0.08257009,0.72220607,0.99206332,8
TNG50-1,40,1.5,233558,0,-0.09431525,-0.05620703,0.82734523,-0.72311642,9
TNG50-1,40,1.5,215463,0,0.00172037,0.06099816,1.2578422,2.90719121,0
TNG50-1,40,1.5,215463,0,-0.05242138,-0.02390825,0.99804518,2.58230019,1
TNG50-1,40,1.5,215463,0,0.0400898,-0.00244218,1.25793237,-0.59851582,2
TNG50-1,40,1.5,215463,0,-0.04881926,0.0956893,1.38376639,-0.32212936,3
TNG50-1,40,1.5,215463,0,-0.01091167,-0.01386691,1.35700725,-0.78468406,4
TNG50-1,40,1.5,215463,0,-0.01476402,0.06194249,0.394299,-2.90367283,5
TNG50-1,40,1.5,215463,0,0.01790518,0.00195225,1.33967099,-1.3015817,6
TNG50-1,40,1.5,215463,0,-0.1059552,0.02077094,1.33948843,-2.37081251,7
TNG50-1,40,1.5,215463,0,0.04454549,0.00349793,1.00572667,-2.4983809,8
TNG50-1,40,1.5,215463,0,-0.03384952,0.04239258,1.19337691,0.38240454,9
TNG50-1,40,1.5,248052,0,-0.05110436,0.03043949,1.13976129,-1.51976744,0
TNG50-1,40,1.5,248052,0,-0.0438878,-0.00939975,1.17922133,1.91030057,1
TNG50-1,40,1.5,248052,0,0.08030996,-0.0117483,0.99651734,1.58164315,2
TNG50-1,40,1.5,248052,0,0.05211777,0.00052876,0.79677916,2.36132555,3
TNG50-1,40,1.5,248052,0,-0.00677639,0.03976777,0.94884327,0.64143673,4
TNG50-1,40,1.5,248052,0,0.00182798,0.08232465,1.23113585,-0.4843963,5
TNG50-1,40,1.5,248052,0,-0.04082718,0.02927431,1.31464638,-0.46096591,6
TNG50-1,40,1.5,248052,0,0.04450136,0.04016571,0.58127372,-1.92265442,7
TNG50-1,40,1.5,248052,0,-0.01899509,-0.0099927,0.97851937,0.94749782,8
TNG50-1,40,1.5,248052,0,-0.01300383,-0.03538989,1.3486681,0.53450276,9
TNG50-1,40,1.5,177300,0,0.02344348,-0.06520081,0.25022846,2.27868591,0
TNG50-1,40,1.5,177300,0,-0.00910395,0.08136156,1.07413906,1.05662114,1
TNG50-1,40,1.5,177300,0,-0.143481,-0.00416663,1.23262448,1.64871938,2
TNG50-1,40,1.5,177300,0,-0.0242351,0.00233134,1.30681072,0.52460546,3
TNG50-1,40,1.5,177300,0,0.05394943,0.06771502,0.63366251,3.087545,4
TNG50-1,40,1.5,177300,0,-0.08409029,0.03307392,0.90277877,-1.62476847,5
TNG50-1,40,1.5,177300,0,0.00563456,-0.04378144,1.13870148,-1.49356869,6
TNG50-1,40,1.5,177300,0,0.07926306,-0.0323639,0.84614764,-2.56002769,7
TNG50-1,40,1.5,177300,0,-0.03803065,0.02474657,1.11630857,0.33941454,8
TNG50-1,40,1.5,177300,0,0.00010745,-0.03120605,1.00843955,0.71225709,9
TNG50-1,40,1.5,119693,0,-0.03329762,-0.05224044,1.27902171,-0.89340592,0
TNG50-1,40,1.5,119693,0,-0.03345226,0.00532431,1.27807646,1.73166718,1
TNG50-1,40,1.5,119693,0,-0.00399232,0.02556995,0.85280971,1.22561943,2
TNG50-1,40,1.5,119693,0,-0.00301571,0.01638003,0.41216558,1.04208957,3
TNG50-1,40,1.5,119693,0,0.14981195,0.02851005,1.01854754,2.06986069,4
TNG50-1,40,1.5,119693,0,-0.05386139,0.0706304,1.10572724,-1.40033155,5
TNG50-1,40,1.5,119693,0,0.0114485,0.04684833,0.65937667,-1.00729686,6
TNG50-1,40,1.5,119693,0,0.03082539,0.00356473,0.68956644,-2.87556604,7
TNG50-1,40,1.5,119693,0,-7.86e-05,-0.05858792,1.19193353,2.31689804,8
TNG50-1,40,1.5,119693,0,0.00550903,-0.03000026,1.26583898,0.5179213,9
TNG50-1,40,1.5,239903,0,0.0300775,-0.0155874,0.48107371,0.94381155,0
TNG50-1,40,1.5,239903,0,0.04628223,0.04339381,0.34508686,1.14221612,1
TNG50-1,40,1.5,239903,0,-0.09886394,-0.07932283,1.02795731,-1.53543617,2
TNG50-1,40,1.5,239903,0,0.06769178,-0.02707879,0.63489422,1.39222345,3
TNG50-1,40,1.5,239903,0,0.01960311,0.10224116,0.5718305,-1.7819141,4
TNG50-1,40,1.5,239903,0,0.05053907,-0.03130402,1.13104659,2.06740833,5
TNG50-1,40,1.5,239903,0,0.01935809,-0.01193419,1.27896653,-1.76484199,6
TNG50-1,40,1.5,239903,0,0.00244624,-0.04412905,0.2117832,1.23594043,7
TNG50-1,40,1.5,239903,0,-0.01376546,0.01679228,1.37510195,1.78073945,8
TNG50-1,40,1.5,239903,0,0.01835722,-0.03681324,0.85810999,-1.95441149,9
TNG50-1,40,1.5,188221,0,-0.07437356,0.03703214,0.90491751,1.4282218,0
TNG50-1,40,1.5,188221,0,0.01195793,-0.03765622,0.70623057,-0.19763741,1
TNG50-1,40,1.5,188221,0,0.02615997,0.04362493,1.09586944,-2.94507189,2
TNG50-1,40,1.5,188221,0,0.04516885,0.05541738,1.26363839,2.88990345,3
TNG50-1,40,1.5,188221,0,0.02485681,-0.03096587,1.20952991,-2.21323038,4
TNG50-1,40,1.5,188221,0,0.0265793,0.02951555,0.58679426,-0.92107113,5
TNG50-1,40,1.5,188221,0,-0.04923263,-0.03305784,1.17364905,-0.72385666,6
TNG50-1,40,1.5,188221,0,-0.00524883,-0.09229394,0.64756797,-0.0664139,7
TNG50-1,40,1.5,188221,0,-0.07535584,0.00616547,1.11712148,1.79349769,8
TNG50-1,40,1.5,188221,0,-0.10016846,-0.02354369,1.24204732,-3.1033263,9
TNG50-1,40,1.5,164301,0,0.03097826,0.06754955,0.32361415,2.71217377,0
TNG50-1,40,1.5,164301,0,0.01986642,0.03565346,1.17110812,0.19100594,1
TNG50-1,40,1.5,164301,0,-0.03831943,-0.04912276,0.57418579,-2.02163999,2
TNG50-1,40,1.5,164301,0,-0.04047587,-0.05168178,1.09825007,0.91701563,3
TNG50-1,40,1.5,164301,0,0.04941422,0.02459651,0.92063671,-1.93570671,4
TNG50-1,40,1.5,164301,0,0.05957754,-0.00886373,1.01107806,-2.74240085,5
TNG50-1,40,1.5,164301,0,0.07560718,-0.0013215,1.39518891,1.16437001,6
TNG50-1,40,1.5,164301,0,0.09019652,0.05362667,0.88234936,-2.44607619,7
TNG50-1,40,1.5,164301,0,0.00673097,0.03795186,0.68325602,-2.47420874,8
TNG50-1,40,1.5,164301,0,-0.01555996,0.06649366,1.25415994,1.50760987,9
TNG50-1,40,1.5,89367,0,0.01574836,0.02521038,0.42931823,-1.56759796,0
TNG50-1,40,1.5,89367,0,0.05657122,-0.00149155,0.48798383,2.91743428,1
TNG50-1,40,1.5,89367,0,0.0094037,-0.02824017,1.28079221,-1.21730708,2
TNG50-1,40,1.5,89367,0,0.01002339,0.01480848,1.04278901,-2.99376118,3
TNG50-1,40,1.5,89367,0,0.00606203,0.0495718,0.68533305,-1.54000304,4
TNG50-1,40,1.5,89367,0,-0.1009122,-0.04134829,1.13380748,-2.06588028,5
TNG50-1,40,1.5,89367,0,-0.00401992,-0.00024142,0.78518726,0.04289509,6
TNG50-1,40,1.5,89367,0,-0.03341253,0.04340332,1.20030181,-2.43337672,7
TNG50-1,40,1.5,89367,0,-0.0593224,-0.09680006,1.1241216,0.79198845,8
TNG50-1,40,1.5,89367,0,0.07170091,-0.00287849,0.52164484,2.35556033,9
TNG50-1,40,1.5,167639,0,0.06940741,-0.06259261,1.13940171,-1.26998982,0
TNG50-1,40,1.5,167639,0,-0.01583114,-0.0132038,1.23395046,0.67028088,1
TNG50-1,40,1.5,167639,0,-0.01253913,-0.04653018,0.33847536,-0.82064543,2
TNG50-1,40,1.5,167639,0,0.04962383,-0.01337563,0.59775379,-3.13498292,3
TNG50-1,40,1.5,167639,0,0.06125807,0.0802205,1.10633334,2.90167388,4
TNG50-1,40,1.5,167639,0,-0.03335753,-0.07113003,0.551746,0.31182868,5
TNG50-1,40,1.5,167639,0,-0.03342939,-0.08094326,0.93941757,0.61847028,6
TNG50-1,40,1.5,167639,0,0.01896795,-0.04142771,1.10305525,0.62763634,7
TNG50-1,40,1.5,167639,0,0.0763766,0.01436553,0.55455278,0.31818968,8
TNG50-1,40,1.5,167639,0,0.05729952,0.03103774,0.6772553,-1.3191683,9
TNG50-1,40,1.5,236236,0,0.06804508,0.0357769,0.78629728,3.02994566,0
TNG50-1,40,1.5,236236,0,-0.08216235,-0.03133158,1.26979517,1.11048156,1
TNG50-1,40,1.5,236236,0,0.03061725,-0.03422918,1.23744805,2.20345423,2
TNG50-1,40,1.5,236236,0,0.04792556,0.00494577,0.49020252,1.58423149,3
TNG50-1,40,1.5,236236,0,-0.01293632,0.05031952,1.27668571,1.24559294,4
TNG50-1,40,1.5,236236,0,-0.06053868,0.1143725,1.38456472,-0.72530536,5
TNG50-1,40,1.5,236236,0,0.04714779,-0.07537406,0.95694998,-1.10370437,6
TNG50-1,40,1.5,236236,0,-0.05997544,0.0157671,0.51789812,1.36319106,7
TNG50-1,40,1.5,236236,0,-0.00891757,-0.05432675,1.12181027,1.36164799,8
TNG50-1,40,1.5,236236,0,-0.0020062,0.05094056,1.29346354,2.83113031,9
TNG50-1,40,1.5,66107,0,-0.03626971,-0.04876182,1.3524728,-0.37414895,0
TNG50-1,40,1.5,66107,0,0.02850171,0.02430777,0.85745176,2.10884596,1
TNG50-1,40,1.5,66107,0,-0.09280103,0.04033899,1.02672613,0.66345186,2
TNG50-1,40,1.5,66107,0,0.06372953,0.07384043,0.73121593,-2.70969716,3
TNG50-1,40,1.5,66107,0,0.03120966,0.01858838,1.36112032,-0.35871439,4
TNG50-1,40,1.5,66107,0,0.04496155,0.04622877,0.72897605,-1.1826748,5
TNG50-1,40,1.5,66107,0,0.02790585,-0.01485724,1.15668157,0.88998605,6
TNG50-1,40,1.5,66107,0,-0.00805618,-0.02391386,0.79831668,0.71982647,7
TNG50-1,40,1.5,66107,0,-0.05315744,0.02368359,0.82575588,-3.07625945,8
TNG50-1,40,1.5,66107,0,-0.00700377,-0.01932364,1.209239,0.67667084,9
TNG50-1,40,1.5,169392,0,0.03918799,0.00370831,1.02155554,-2.30428819,0
TNG50-1,40,1.5,169392,0,0.01762097,-0.04726913,1.24718264,1.55021812,1
TNG50-1,40,1.5,169392,0,-0.03003483,-0.0256726,0.48302553,-0.51188622,2
TNG50-1,40,1.5,169392,0,0.02949804,-0.06126653,1.01174635,-3.04485262,3
TNG50-1,40,1.5,169392,0,0.03616315,0.00855569,0.86511495,0.17823713,4
TNG50-1,40,1.5,169392,0,-0.03842729,0.02128573,1.09064625,-2.32448677,5
TNG50-1,40,1.5,169392,0,-0.02465121,0.02011827,1.15504639,-1.82253646,6
TNG50-1,40,1.5,169392,0,-0.11126816,0.00061806,1.22987839,1.23176169,7
TNG50-1,40,1.5,169392,0,-0.054533,-0.07705365,0.43069981,-1.52592158,8
TNG50-1,40,1.5,169392,0,-0.03712348,-0.03099768,0.61354176,2.46230619,9
TNG50-1,40,1.5,247397,0,0.0178571,-0.00325808,0.65474883,2.22480521,0
TNG50-1,40,1.5,247397,0,-0.05772928,0.08351402,0.46769937,-2.80408906,1
TNG50-1,40,1.5,247397,0,-0.04471415,0.08571573,0.91222131,2.0337068,2
TNG50-1,40,1.5,247397,0,-0.11049722,0.04936615,1.31244632,-2.53078764,3
TNG50-1,40,1.5,247397,0,0.02823711,0.01687466,0.92366573,-2.74396986,4
TNG50-1,40,1.5,247397,0,-0.0606105,-0.05025532,0.52943483,1.62483736,5
TNG50-1,40,1.5,247397,0,0.00662849,0.03593108,0.68072197,0.22814637,6
TNG50-1,40,1.5,247397,0,0.01854941,-0.00790106,1.15295811,-0.5369106,7
TNG50-1,40,1.5,247397,0,0.03011764,0.02802641,1.29705966,2.53754102,8
TNG50-1,40,1.5,247397,0,-0.06020085,-0.03164217,0.45192328,2.13190722,9
TNG50-1,40,1.5,152694,0,0.03105988,-0.05274212,0.44136141,2.60161935,0
TNG50-1,40,1.5,152694,0,0.0562398,-0.02760131,1.14618912,-0.74925116,1
TNG50-1,40,1.5,152694,0,-0.00412957,0.00789667,1.16673232,1.37963038,2
TNG50-1,40,1.5,152694,0,0.020262,-0.02821566,0.47773273,0.88178613,3
TNG50-1,40,1.5,152694,0,-0.02372456,0.03915683,0.76482847,1.80800366,4
TNG50-1,40,1.5,152694,0,-0.04228864,-0.00936996,0.46112926,2.49406512,5
TNG50-1,40,1.5,152694,0,0.05132128,-0.04962664,1.27001904,1.13135572,6
TNG50-1,40,1.5,152694,0,0.01937479,0.00328858,0.34397313,-2.7166008,7
TNG50-1,40,1.5,152694,0,0.02451843,0.00851694,0.84149449,-1.99088792,8
TNG50-1,40,1.5,152694,0,0.07510576,0.0467341,0.77967516,2.85242904,9
TNG50-1,40,1.5,178140,0,0.07254283,-0.08432384,1.19537984,-0.21991258,0
TNG50-1,40,1.5,178140,0,0.03854908,-0.024245,0.93115538,2.30001474,1
TNG50-1,40,1.5,178140,0,-0.01953855,0.06144075,1.21217938,-1.61120628,2
TNG50-1,40,1.5,178140,0,-0.00536056,0.02011577,1.36903923,1.49267221,3
TNG50-1,40,1.5,178140,0,0.04689995,-0.00043243,0.7326927,2.38274633,4
TNG50-1,40,1.5,178140,0,0.00157871,0.03370116,0.90879512,1.97710646,5
TNG50-1,40,1.5,178140,0,0.02363415,0.09590822,0.71297362,1.95893431,6
TNG50-1,40,1.5,178140,0,0.12674964,-0.09979538,1.32745133,-0.23231052,7
TNG50-1,40,1.5,178140,0,0.00948783,0.07596938,0.21748904,2.01055614,8
TNG50-1,40,1.5,178140,0,0.03312991,-0.13859778,0.22186681,1.19823368,9
TNG50-1,40,1.5,218213,0,-0.0086261,-0.0047749,0.76694677,1.38806993,0
TNG50-1,40,1.5,218213,0,-0.09749006,0.01587974,0.72207491,-2.04839658,1
TNG50-1,40,1.5,218213,0,-0.01661311,-0.00930855,0.93457887,-0.84058285,2
TNG50-1,40,1.5,218213,0,0.00036925,-0.03233795,0.62147036,-2.14624994,3
TNG50-1,40,1.5,218213,0,0.00843738,0.02614398,1.14483328,1.17322275,4
TNG50-1,40,1.5,218213,0,0.01894385,-0.0277613,1.23074862,-1.58228275,5
TNG50-1,40,1.5,218213,0,0.01221209,0.01930735,1.09943844,0.1595108,6
TNG50-1,40,1.5,218213,0,-0.01321718,0.00141277,1.04471451,1.83362098,7
TNG50-1,40,1.5,218213,0,0.01430975,-0.01519673,0.74698223,1.07404314,8
TNG50-1,40,1.5,218213,0,0.0501016,-0.01640714,0.54539516,-1.26685358,9
TNG50-1,40,1.5,185253,0,0.11005516,0.01134365,1.38048522,0.91741872,0
TNG50-1,40,1.5,185253,0,0.01243611,0.05064069,1.18800028,1.4729912,1
TNG50-1,40,1.5,185253,0,-0.01985154,0.02153596,1.36425221,1.08715608,2
TNG50-1,40,1.5,185253,0,-0.03059024,0.00833676,0.58288149,-1.05483674,3
TNG50-1,40,1.5,185253,0,-0.09234981,-0.03984788,0.87504202,2.04997035,4
TNG50-1,40,1.5,185253,0,-0.01392979,0.04335909,0.94452198,1.35430288,5
TNG50-1,40,1.5,185253,0,0.05722967,-0.15659524,0.90316621,-2.3354768,6
TNG50-1,40,1.5,185253,0,0.02994171,0.01914229,1.18696283,-1.91546535,7
TNG50-1,40,1.5,185253,0,0.0010154,0.1285161,0.85349414,0.86147757,8
TNG50-1,40,1.5,185253,0,-0.04974672,-0.07541867,1.37473214,-1.32313746,9
TNG50-1,40,1.5,193025,0,-0.0929244,0.04342362,0.94049545,-2.27218395,0
TNG50-1,40,1.5,193025,0,0.02261271,-0.09093789,0.54252956,1.87128667,1
TNG50-1,40,1.5,193025,0,0.03306376,-0.07505297,1.37730783,-0.22072124,2
TNG50-1,40,1.5,193025,0,-0.08908662,-0.0368004,0.64427047,2.3963359,3
TNG50-1,40,1.5,193025,0,0.05672662,-0.00649101,1.30318555,0.85092722,4
TNG50-1,40,1.5,193025,0,0.03828478,0.01940685,0.55275553,0.77615405,5
TNG50-1,40,1.5,193025,0,0.0566158,0.01623408,0.92897853,-1.30542533,6
TNG50-1,40,1.5,193025,0,0.02917625,0.05585529,1.34950665,-2.30165315,7
TNG50-1,40,1.5,193025,0,0.03268414,0.05742476,0.5642714,2.89763159,8
TNG50-1,40,1.5,193025,0,0.02603604,-0.04361926,1.37750059,-2.48312935,9
TNG50-1,40,1.5,242783,0,0.01587052,0.08845417,1.13664656,-2.21338672,0
TNG50-1,40,1.5,242783,0,0.005838,0.02679964,1.18968329,1.9862129,1
TNG50-1,40,1.5,242783,0,0.00853135,-0.04560393,1.17375098,-2.90738763,2
TNG50-1,40,1.5,242783,0,0.06552148,-0.03639902,0.9050099,-1.48162748,3
TNG50-1,40,1.5,242783,0,-0.02995989,0.06873743,1.19798237,-2.78308091,4
TNG50-1,40,1.5,242783,0,-0.01391588,0.05633052,1.059898,1.05198728,5
TNG50-1,40,1.5,242783,0,-0.07687215,0.0014075,0.79389429,-0.82704888,6
TNG50-1,40,1.5,242783,0,-0.05919339,-0.02212632,0.56004445,0.9553488,7
TNG50-1,40,1.5,242783,0,-0.02589,0.05624664,0.75078048,-0.96113283,8
TNG50-1,40,1.5,242783,0,-0.00279685,-0.04966636,0.8613316,-0.27808919,9
TNG50-1,40,1.5,155133,0,0.03855181,-0.09451861,0.92262294,2.05706877,0
TNG50-1,40,1.5,155133,0,-0.0206555,0.02538309,0.2179283,-1.02702637,1
TNG50-1,40,1.5,155133,0,0.01362763,0.04826711,0.3013155,1.04988734,2
TNG50-1,40,1.5,155133,0,-0.01345152,0.12641782,1.21427429,-0.84074381,3
TNG50-1,40,1.5,155133,0,0.02192318,-0.01955988,0.67267703,-2.87315049,4
TNG50-1,40,1.5,155133,0,0.01708454,-0.02693559,1.10468883,-0.76645369,5
TNG50-1,40,1.5,155133,0,-0.01913301,-0.05547105,1.26630935,2.82764993,6
TNG50-1,40,1.5,155133,0,-0.06646494,0.0104321,0.78211535,-0.10516493,7
TNG50-1,40,1.5,155133,0,0.00731185,0.01011591,0.95731112,-2.46156076,8
TNG50-1,40,1.5,155133,0,-0.01021347,-0.04056482,0.91877098,1.18015077,9
TNG50-1,40,1.5,216482,0,-0.04207301,-0.03037645,1.29992678,2.12771987,0
TNG50-1,40,1.5,216482,0,-0.01374271,-0.08245332,1.35155072,2.33160122,1
TNG50-1,40,1.5,216482,0,0.03898105,-0.01437356,1.26958571,-2.18852381,2
TNG50-1,40,1.5,216482,0,-0.00106732,0.06623685,0.57917286,-2.40776796,3
TNG50-1,40,1.5,216482,0,0.05684343,0.0230371,0.68793453,2.66286973,4
TNG50-1,40,1.5,216482,0,0.06576183,0.10089047,0.35234182,-2.04940761,5
TNG50-1,40,1.5,216482,0,0.05995852,0.00886151,0.27274437,-0.82547401,6
TNG50-1,40,1.5,216482,0,0.06027703,0.12239014,0.46545822,-0.27655535,7
TNG50-1,40,1.5,216482,0,-0.0518497,0.00887606,1.28944878,-2.35969719,8
TNG50-1,40,1.5,216482,0,0.02413177,0.00112401,0.4916725,-3.0119436,9
TNG50-1,40,1.5,212189,0,0.05934457,0.0067713,1.28840067,-0.08344461,0
TNG50-1,40,1.5,212189,0,0.00128372,0.085905,0.88651656,-1.7203619,1
TNG50-1,40,1.5,212189,0,-0.01083466,-0.01198569,0.60116508,-1.32700203,2
TNG50-1,40,1.5,212189,0,0.02880348,0.0026306,0.47701772,-2.28412532,3
TNG50-1,40,1.5,212189,0,0.08369872,-0.04326888,0.81691713,2.63004994,4
TNG50-1,40,1.5,212189,0,0.02168846,0.03583155,1.05117295,-2.82526037,5
TNG50-1,40,1.5,212189,0,0.02272659,0.06833396,1.27119489,-3.06087729,6
TNG50-1,40,1.5,212189,0,0.00256989,0.08122489,1.05278205,-1.99183928,7
TNG50-1,40,1.5,212189,0,-0.01639455,0.01016823,1.11602549,1.95327906,8
TNG50-1,40,1.5,212189,0,-0.00810673,0.02871771,0.50582586,0.14744617,9
TNG50-1,40,1.5,211773,0,-0.00100473,-0.13893348,0.92049543,-2.32948411,0
TNG50-1,40,1.5,211773,0,-0.07921082,0.06123147,0.81331789,-0.83117868,1
TNG50-1,40,1.5,211773,0,-0.05806551,-0.09116586,1.28381398,0.63033839,2
TNG50-1,40,1.5,211773,0,-0.0560783,0.04216724,0.90480323,-2.60854097,3
TNG50-1,40,1.5,211773,0,0.03820541,-0.04442923,1.234304,-0.73729721,4
TNG50-1,40,1.5,211773,0,0.01226775,0.05244519,0.5466274,-1.50060005,5
TNG50-1,40,1.5,211773,0,0.03055306,0.16040805,0.56136172,2.84031531,6
TNG50-1,40,1.5,211773,0,-0.09198275,-0.11365888,1.02627415,-0.55552266,7
TNG50-1,40,1.5,211773,0,-0.07417833,0.03476886,0.30739421,1.65040968,8
TNG50-1,40,1.5,211773,0,0.03316077,-0.09040814,0.27033531,-0.7118512,9
TNG50-1,40,1.5,192422,0,-0.00252785,0.03522058,1.24679562,2.62903386,0
TNG50-1,40,1.5,192422,0,0.0652296,-0.12393783,1.01161784,1.46526779,1
TNG50-1,40,1.5,192422,0,0.00018527,0.02841557,1.24155614,1.91454053,2
TNG50-1,40,1.5,192422,0,-0.01974986,-0.00806764,1.26933435,1.38834622,3
TNG50-1,40,1.5,192422,0,-0.02822536,-0.024072,1.32055363,-0.88934941,4
TNG50-1,40,1.5,192422,0,-0.02768826,0.009048,0.81128175,-1.36324708,5
TNG50-1,40,1.5,192422,0,-0.0701048,-0.02479126,0.84221121,-0.48683961,6
TNG50-1,40,1.5,192422,0,-0.03751877,-0.10619375,0.80005991,-2.53193292,7
TNG50-1,40,1.5,192422,0,0.07492101,0.0461124,0.64944915,-0.30611364,8
TNG50-1,40,1.5,192422,0,-0.01032996,0.01215088,1.12148026,-2.87052986,9
TNG50-1,40,1.5,168294,0,0.00234881,0.03067928,1.02516777,0.69711333,0
TNG50-1,40,1.5,168294,0,-0.04338118,-0.0668205,1.36973676,2.13494861,1
TNG50-1,40,1.5,168294,0,-0.0489689,0.02493179,0.93035308,-2.2866251,2
TNG50-1,40,1.5,168294,0,0.05129661,0.00445061,0.59657193,-1.91738622,3
TNG50-1,40,1.5,168294,0,-0.07556113,-0.03218778,0.78824241,-0.08815621,4
TNG50-1,40,1.5,168294,0,0.05322352,0.04273365,1.23374289,-2.8642205,5
TNG50-1,40,1.5,168294,0,-0.00825996,-0.11011284,0.70787198,-0.5303373,6
TNG50-1,40,1.5,168294,0,-0.00479172,0.01733404,0.71849059,1.81093365,7
TNG50-1,40,1.5,168294,0,-0.08540439,0.08097176,1.17813342,-2.20719256,8
TNG50-1,40,1.5,168294,0,-0.00733583,0.07199716,0.83043113,-0.25164951,9
TNG50-1,40,1.5,36238,0,0.09946798,0.02495113,1.27846068,-1.72377685,0
TNG50-1,40,1.5,36238,0,-0.00481909,0.08214241,0.94848511,-0.92939121,1
TNG50-1,40,1.5,36238,0,0.0322257,0.01768752,1.3058495,-2.66979216,2
TNG50-1,40,1.5,36238,0,-0.02684346,0.03219963,0.97241622,-0.49795629,3
TNG50-1,40,1.5,36238,0,-0.05259639,0.03596376,1.13471215,1.05997265,4
TNG50-1,40,1.5,36238,0,-0.01169403,-0.05765077,1.00471165,2.12476614,5
TNG50-1,40,1.5,36238,0,0.05505963,-0.0481666,1.02236734,0.41415561,6
TNG50-1,40,1.5,36238,0,-0.02603659,-0.05419481,0.43827926,0.88010254,7
TNG50-1,40,1.5,36238,0,-0.0435266,-0.06660729,0.96810255,-2.02779076,8
TNG50-1,40,1.5,36238,0,0.00777321,0.03977299,0.58622929,-2.90782022,9
TNG50-1,40,1.5,251469,0,-0.02594227,0.08711569,0.73679671,-2.97937969,0
TNG50-1,40,1.5,251469,0,0.0232225,0.01537054,1.00371332,-2.9192336,1
TNG50-1,40,1.5,251469,0,0.05085109,0.00873059,0.55646782,1.42721609,2
TNG50-1,40,1.5,251469,0,0.04955333,-0.01311234,1.33828236,-1.82108599,3
TNG50-1,40,1.5,251469,0,-0.04214061,0.12229893,0.61127235,0.98279777,4
TNG50-1,40,1.5,251469,0,0.0499234,0.06525052,1.36922202,1.57030725,5
TNG50-1,40,1.5,251469,0,-0.00220426,-0.03605311,1.37687658,-2.76880394,6
TNG50-1,40,1.5,251469,0,-0.01622984,-0.01368075,0.99598223,1.69491408,7
TNG50-1,40,1.5,251469,0,-0.03542557,-0.01071223,1.21404165,-1.4550524,8
TNG50-1,40,1.5,251469,0,-0.02799679,0.0072936,0.86197648,-0.69400321,9
TNG50-1,40,1.5,234153,0,0.04459488,0.09810028,1.32641263,0.03663786,0
TNG50-1,40,1.5,234153,0,-0.07351078,-0.00214705,0.75035732,0.19791614,1
TNG50-1,40,1.5,234153,0,0.03680281,0.04766518,0.54054164,1.29741317,2
TNG50-1,40,1.5,234153,0,-0.00102478,-0.02256154,1.10065421,-0.07074553,3
TNG50-1,40,1.5,234153,0,-0.05293186,-0.02572994,0.73075824,0.63036931,4
TNG50-1,40,1.5,234153,0,-0.10423029,-0.03387546,1.26927873,-1.69079876,5
TNG50-1,40,1.5,234153,0,-0.00682369,-0.10302645,0.54472475,-0.76336557,6
TNG50-1,40,1.5,234153,0,0.07238565,0.06435461,0.34460939,2.2948728,7
TNG50-1,40,1.5,234153,0,0.08373423,-0.03208162,1.2727385,-2.45105481,8
TNG50-1,40,1.5,234153,0,0.01776881,-0.04007194,0.75182727,0.61308345,9
TNG50-1,40,1.5,224995,0,-0.01567129,-0.09706571,0.70909656,2.78197198,0
TNG50-1,40,1.5,224995,0,-0.06007597,-0.01905777,0.96326328,0.05005087,1
TNG50-1,40,1.5,224995,0,0.08555508,0.05048429,0.75543907,-0.17557522,2
TNG50-1,40,1.5,224995,0,0.01221391,-0.07257267,0.65046935,-0.95381129,3
TNG50-1,40,1.5,224995,0,-0.03838978,0.01145914,0.41611387,0.87591995,4
TNG50-1,40,1.5,224995,0,0.0017079,0.00329873,0.66284,0.1259859,5
TNG50-1,40,1.5,224995,0,-0.13036828,0.08571902,1.02289774,-2.33075436,6
TNG50-1,40,1.5,224995,0,-0.05424807,-0.01150681,1.16840952,2.31980109,7
TNG50-1,40,1.5,224995,0,0.00182219,-0.00858003,0.95828874,-0.8858485,8
TNG50-1,40,1.5,224995,0,0.04228377,0.04274799,1.11984283,-0.42362222,9
TNG50-1,40,1.5,147367,0,0.0513036,0.04520325,1.2309783,1.97089933,0
TNG50-1,40,1.5,147367,0,-0.03106883,-0.03467067,1.28630545,-2.12945311,1
TNG50-1,40,1.5,147367,0,-0.03127523,0.07425782,0.82697309,-1.83668658,2
TNG50-1,40,1.5,147367,0,0.06065616,-0.01579171,1.12821002,-3.1264414,3
TNG50-1,40,1.5,147367,0,0.04969423,0.00102543,1.28909194,0.15478097,4
TNG50-1,40,1.5,147367,0,0.01043329,0.0379364,0.85405005,-1.91837148,5
TNG50-1,40,1.5,147367,0,0.03805753,0.00119322,0.66838966,1.40895766,6
TNG50-1,40,1.5,147367,0,-0.01442764,-0.01489542,0.62230554,2.90417531,7
TNG50-1,40,1.5,147367,0,-0.00041838,-0.00150117,1.2703487,-1.82994323,8
TNG50-1,40,1.5,147367,0,-0.03308122,0.04469092,0.9006702,0.93680415,9
TNG50-1,40,1.5,145447,0,0.0906868,-0.05571948,1.2864661,0.47133341,0
TNG50-1,40,1.5,145447,0,0.01205698,-0.04917902,1.0436813,-0.03207054,1
TNG50-1,40,1.5,145447,0,-0.01338135,-0.028155,1.01487571,2.58166913,2
TNG50-1,40,1.5,145447,0,0.0359174,0.02385598,1.30949196,2.12358907,3
TNG50-1,40,1.5,145447,0,0.05036495,-0.01610113,0.42131277,1.96539225,4
TNG50-1,40,1.5,145447,0,-0.02857248,-0.03242091,0.85617039,-1.72404822,5
TNG50-1,40,1.5,145447,0,0.010972,0.00257773,1.06475382,-2.17949177,6
TNG50-1,40,1.5,145447,0,0.046328,-0.05734814,0.95131571,1.19441166,7
TNG50-1,40,1.5,145447,0,-0.05801436,0.02144016,1.13238856,-0.19702651,8
TNG50-1,40,1.5,145447,0,0.00061727,0.05656934,0.53147548,1.15430102,9
TNG50-1,40,1.5,196346,0,0.00371218,0.04901169,0.84749133,-0.21835743,0
TNG50-1,40,1.5,196346,0,-0.042889,-0.02801757,0.2311675,2.3153506,1
TNG50-1,40,1.5,196346,0,-0.0273224,0.07852718,0.88865326,1.47608101,2
TNG50-1,40,1.5,196346,0,0.07430753,-0.03587502,1.30450952,2.97831875,3
TNG50-1,40,1.5,196346,0,0.00517286,-0.01190059,1.36252328,2.44104116,4
TNG50-1,40,1.5,196346,0,-0.02796012,-0.05397884,0.62630226,-1.54222535,5
TNG50-1,40,1.5,196346,0,-0.0572614,0.04953809,1.03194758,0.99939863,6
TNG50-1,40,1.5,196346,0,-0.09358507,0.10487553,1.19188404,-3.01251696,7
TNG50-1,40,1.5,196346,0,-0.06256403,-0.08809085,1.10222052,3.08571456,8
TNG50-1,40,1.5,196346,0,0.00559796,-0.0173081,0.67049453,-1.50164291,9
TNG50-1,40,1.5,246755,0,-0.02177028,-0.06811247,1.27633879,-0.32251201,0
TNG50-1,40,1.5,246755,0,0.05076659,0.06277887,1.25004991,-2.86225809,1
TNG50-1,40,1.5,246755,0,0.01197918,0.00151233,0.67733044,-1.76190004,2
TNG50-1,40,1.5,246755,0,0.07196679,-0.01220935,1.2754399,-0.99000953,3
TNG50-1,40,1.5,246755,0,0.00823438,-0.04219275,0.9881155,3.13838449,4
TNG50-1,40,1.5,246755,0,-0.01242116,0.03111294,0.70335761,-1.23972557,5
TNG50-1,40,1.5,246755,0,-0.08918624,-0.04022489,0.79884071,-2.97574264,6
TNG50-1,40,1.5,246755,0,-0.08098673,-0.0492689,1.2232653,0.08118867,7
TNG50-1,40,1.5,246755,0,-0.09178493,0.0594175,1.14152849,-2.61628453,8
TNG50-1,40,1.5,246755,0,0.01896696,0.01773106,0.3013618,-1.41957514,9
TNG50-1,40,1.5,226914,0,0.08557114,-0.08870483,1.19757001,-0.92529703,0
TNG50-1,40,1.5,226914,0,-0.05021173,0.03424773,0.5541485,-2.39938368,1
TNG50-1,40,1.5,226914,0,-0.04710594,0.0161737,1.33502157,2.79168043,2
TNG50-1,40,1.5,226914,0,0.08054505,-0.00287773,1.2666022,-0.38843726,3
TNG50-1,40,1.5,226914,0,0.03122742,-0.01951822,1.07173389,1.19588658,4
TNG50-1,40,1.5,226914,0,0.10601851,-0.0447377,0.53191571,0.47292076,5
TNG50-1,40,1.5,226914,0,-0.02252193,0.03638565,1.27960285,0.01078142,6
TNG50-1,40,1.5,226914,0,0.00631406,-0.0585545,0.49670151,0.73247881,7
TNG50-1,40,1.5,226914,0,-0.03303385,0.0255948,1.20673476,2.50285853,8
TNG50-1,40,1.5,226914,0,0.00716506,0.10372257,1.00446005,1.25231659,9
TNG50-1,40,1.5,66108,0,-0.02174792,0.06801699,1.02136861,-1.43447793,0
TNG50-1,40,1.5,66108,0,-0.01245174,-0.00712412,0.60805596,-2.13714521,1
TNG50-1,40,1.5,66108,0,-0.05648977,0.09453651,0.20195554,1.45869864,2
TNG50-1,40,1.5,66108,0,-0.03241792,-0.00476739,1.10093935,-2.47805818,3
TNG50-1,40,1.5,66108,0,0.08790555,-0.00179893,1.19398443,2.29960878,4
TNG50-1,40,1.5,66108,0,0.00364624,0.03204471,1.17388293,-1.75228925,5
TNG50-1,40,1.5,66108,0,-0.05011539,-0.13362938,1.32267126,-2.45929768,6
TNG50-1,40,1.5,66108,0,-0.0157386,0.01024697,1.0596427,-3.07809073,7
TNG50-1,40,1.5,66108,0,-0.07987138,-0.00244932,1.38565732,1.35217292,8
TNG50-1,40,1.5,66108,0,-0.05070798,0.07430194,1.30504021,-1.52922209,9
TNG50-1,40,1.5,153454,0,0.00166233,-0.00108542,0.48742793,-1.84666645,0
TNG50-1,40,1.5,153454,0,0.08607885,-0.03321691,0.87714425,-1.01139214,1
TNG50-1,40,1.5,153454,0,0.08109621,0.00645212,0.62332141,0.80569918,2
TNG50-1,40,1.5,153454,0,-0.00040879,0.0132712,1.17780471,-2.51355863,3
TNG50-1,40,1.5,153454,0,-0.02267758,-0.01876975,1.29860992,-2.68922991,4
TNG50-1,40,1.5,153454,0,0.07315868,0.04519128,0.73918012,-2.98009109,5
TNG50-1,40,1.5,153454,0,0.04002092,0.06444162,0.62135388,2.61782545,6
TNG50-1,40,1.5,153454,0,0.01577906,0.04849488,1.06706962,-1.18511717,7
TNG50-1,40,1.5,153454,0,-0.01609364,-0.01381242,1.38048945,1.00944911,8
TNG50-1,40,1.5,153454,0,0.01658483,0.03779108,0.58658778,3.07395573,9
TNG50-1,40,1.5,51914,0,0.03310726,0.00590049,0.94821887,0.58927624,0
TNG50-1,40,1.5,51914,0,-0.02801504,-0.09863521,1.02109772,2.03879481,1
TNG50-1,40,1.5,51914,0,-0.00341739,-0.00203732,0.76221632,-1.74238372,2
TNG50-1,40,1.5,51914,0,-0.00141567,0.043399,1.28584472,-0.92482559,3
TNG50-1,40,1.5,51914,0,-0.03839777,0.02256147,1.02052434,2.77799901,4
TNG50-1,40,1.5,51914,0,-0.03845651,0.11148976,0.46830583,2.42515316,5
TNG50-1,40,1.5,51914,0,0.0505262,0.06255547,1.37027369,0.36412933,6
TNG50-1,40,1.5,51914,0,-0.02098922,0.0724467,0.99981655,-0.15401132,7
TNG50-1,40,1.5,51914,0,-0.05473482,0.1400043,0.78828334,-0.30745265,8
TNG50-1,40,1.5,51914,0,-0.00215702,0.03790781,0.47541818,-2.77220632,9
TNG50-1,40,1.5,267973,0,0.01048397,-0.07250897,1.13490127,-0.51275129,0
TNG50-1,40,1.5,267973,0,0.05496759,0.07055836,0.82221525,-2.32911866,1
TNG50-1,40,1.5,267973,0,0.04597064,-0.05857226,0.82614474,-0.47778365,2
TNG50-1,40,1.5,267973,0,0.01880477,-0.05706076,0.55523043,-0.69463813,3
TNG50-1,40,1.5,267973,0,0.06355359,-0.01171429,0.69296489,-2.92437249,4
TNG50-1,40,1.5,267973,0,-0.11728941,-0.01591032,0.55306661,-1.41289513,5
TNG50-1,40,1.5,267973,0,-0.01452316,-0.07792086,0.82786013,1.5827782,6
TNG50-1,40,1.5,267973,0,-0.01528952,0.0324939,1.00738646,0.48974647,7
TNG50-1,40,1.5,267973,0,0.05763414,0.03397012,1.06008818,1.92370712,8
TNG50-1,40,1.5,267973,0,0.07856975,0.05270208,1.07353658,0.26821689,9
TNG50-1,40,1.5,246391,0,0.06307675,-0.02291388,0.64394672,2.57528596,0
TNG50-1,40,1.5,246391,0,0.02955267,-0.00380978,0.43436113,1.11770343,1
TNG50-1,40,1.5,246391,0,0.05850332,0.02928028,1.01800675,-1.14826092,2
TNG50-1,40,1.5,246391,0,-0.05055019,-0.08799051,1.33257221,0.89779382,3
TNG50-1,40,1.5,246391,0,-0.01856933,-0.08015,0.61457801,2.08644734,4
TNG50-1,40,1.5,246391,0,-0.06212292,0.02448131,0.47989542,-0.15186422,5
TNG50-1,40,1.5,246391,0,-0.03525956,-0.09745193,1.04132967,2.00903901,6
TNG50-1,40,1.5,246391,0,0.06260527,-0.02233987,1.19489712,-0.67915153,7
TNG50-1,40,1.5,246391,0,0.07437453,0.00810459,1.36373124,-0.95186689,8
TNG50-1,40,1.5,246391,0,-0.05740666,0.0207833,0.86478596,0.52143291,9
TNG50-1,40,1.5,237053,0,0.0359914,0.08418741,0.87462202,-0.75654869,0
TNG50-1,40,1.5,237053,0,-0.06721536,0.02913732,0.82059068,2.41883786,1
TNG50-1,40,1.5,237053,0,-0.00728305,0.00407651,0.9020588,1.71421452,2
TNG50-1,40,1.5,237053,0,-0.00290193,-0.00161956,0.65026182,0.16518987,3
TNG50-1,40,1.5,237053,0,0.0311821,0.05520917,1.24092726,2.82776738,4
TNG50-1,40,1.5,237053,0,-0.03142188,-0.02950552,0.90186341,-0.4752269,5
TNG50-1,40,1.5,237053,0,-0.12499654,-0.00701419,1.26815208,1.81001559,6
TNG50-1,40,1.5,237053,0,-0.05408499,-0.05446291,1.04733414,-2.08641814,7
TNG50-1,40,1.5,237053,0,-0.0030524,0.0709453,0.78432082,-1.34590556,8
TNG50-1,40,1.5,237053,0,0.00319421,0.01962495,0.96501545,-1.0173383,9
TNG50-1,40,1.5,189576,0,-0.02965783,0.0211518,0.28802149,-1.01001498,0
TNG50-1,40,1.5,189576,0,0.0009825,0.06874539,1.05343307,0.63597229,1
TNG50-1,40,1.5,189576,0,-0.03931431,-0.02015369,1.26456458,-2.64040406,2
TNG50-1,40,1.5,189576,0,0.00480286,-0.01077817,1.35383397,-1.74872049,3
TNG50-1,40,1.5,189576,0,-0.04827283,0.05358159,0.81574003,-0.51810998,4
TNG50-1,40,1.5,189576,0,-0.08304959,-0.09052229,0.25917163,-1.87352966,5
TNG50-1,40,1.5,189576,0,0.04097031,0.09834343,0.46090635,2.84943091,6
TNG50-1,40,1.5,189576,0,-0.02372073,0.12220502,0.73959489,3.1139311,7
TNG50-1,40,1.5,189576,0,-0.04185168,-0.13531688,0.23527632,-0.81093353,8
TNG50-1,40,1.5,189576,0,-0.05469236,-0.00487516,0.7143337,1.31462449,9
TNG50-1,40,1.5,122852,0,-0.01994824,0.03118382,1.09997701,1.89642263,0
TNG50-1,40,1.5,122852,0,-0.01341166,-0.02490962,1.20959087,2.74770796,1
TNG50-1,40,1.5,122852,0,-0.08609756,-0.05436177,0.95810451,2.87166986,2
TNG50-1,40,1.5,122852,0,0.04096705,-0.01446675,1.37854195,-0.46751389,3
TNG50-1,40,1.5,122852,0,-0.05431603,-0.0232874,1.11978623,-1.48077572,4
TNG50-1,40,1.5,122852,0,0.07466508,-0.01625797,0.76827403,0.68244025,5
TNG50-1,40,1.5,122852,0,0.09103163,0.047484,1.30980467,0.80545991,6
TNG50-1,40,1.5,122852,0,-0.01241268,-0.03926538,1.34804347,0.7687159,7
TNG50-1,40,1.5,122852,0,0.02194863,0.08675115,0.7977812,-1.119798,8
TNG50-1,40,1.5,122852,0,-0.06159736,-0.06625298,1.05617619,-2.74102868,9
TNG50-1,40,1.5,98181,0,-0.06984365,-0.06849217,0.69299117,0.05479078,0
TNG50-1,40,1.5,98181,0,0.02299152,0.0297874,0.68039536,-1.04395217,1
TNG50-1,40,1.5,98181,0,-0.11587141,0.03380687,0.47888601,-2.07950596,2
TNG50-1,40,1.5,98181,0,0.05550771,0.08925639,1.10072213,-1.50471352,3
TNG50-1,40,1.5,98181,0,-0.01067937,0.05040251,0.79630578,2.58953317,4
TNG50-1,40,1.5,98181,0,0.09156502,-0.02969477,1.16251745,-1.20027976,5
TNG50-1,40,1.5,98181,0,-0.08634827,-0.05019313,0.86106906,2.98300087,6
TNG50-1,40,1.5,98181,0,0.04590731,-0.06842457,0.67853399,-1.6243411,7
TNG50-1,40,1.5,98181,0,-0.00502544,0.07366122,0.62535275,1.40159698,8
TNG50-1,40,1.5,98181,0,-0.01655253,-0.03890871,1.03525138,0.46434809,9
TNG50-1,40,1.5,113444,0,-0.01939053,0.10355413,0.82041633,-0.65349782,0
TNG50-1,40,1.5,113444,0,-0.0150159,0.00148754,0.72160124,-2.53904684,1
TNG50-1,40,1.5,113444,0,0.06911637,-0.01320022,0.98055308,0.40741651,2
TNG50-1,40,1.5,113444,0,-0.0176915,-0.0583876,1.15551802,0.23779601,3
TNG50-1,40,1.5,113444,0,-0.0316278,0.05411715,0.90770991,-2.05336326,4
TNG50-1,40,1.5,113444,0,0.09361173,-0.0385064,1.08665444,0.61347871,5
TNG50-1,40,1.5,113444,0,-0.00238388,-0.00474043,0.43600033,0.42322891,6
TNG50-1,40,1.5,113444,0,0.08842127,-0.06172511,1.09392199,1.71915881,7
TNG50-1,40,1.5,113444,0,-0.0699196,0.07784473,1.2531755,-0.86978178,8
TNG50-1,40,1.5,113444,0,0.02590924,0.05774427,0.88032625,-1.57859047,9
TNG50-1,50,1.0,87127,0,-0.02386033,0.0174779,0.93959978,0.17953844,0
TNG50-1,50,1.0,87127,0,0.05252668,-0.02309965,0.61715416,2.45146365,1
TNG50-1,50,1.0,87127,0,-0.00615901,0.0024988,0.55654931,-0.2861254,2
TNG50-1,50,1.0,87127,0,0.03057897,-0.05373469,0.69922049,1.95765642,3
TNG50-1,50,1.0,87127,0,0.03355062,0.01237785,1.06211265,-2.80326599,4
TNG50-1,50,1.0,87127,0,-0.02262202,0.00220939,0.51604175,-3.13348769,5
TNG50-1,50,1.0,87127,0,0.05459532,-0.02700768,0.69022743,0.17776695,6
TNG50-1,50,1.0,87127,0,-0.03794924,-0.0027514,0.68882454,-2.67907548,7
TNG50-1,50,1.0,87127,0,0.03889671,0.00670022,0.45026456,2.99420806,8
TNG50-1,50,1.0,87127,0,-0.01951026,-0.03081785,0.8566877,-3.10702776,9
TNG50-1,50,1.0,169401,0,0.08870911,0.06151292,0.82709236,2.90500058,0
TNG50-1,50,1.0,169401,0,-0.03951943,0.09436705,1.31485125,-0.74192553,1
TNG50-1,50,1.0,169401,0,0.03714137,-0.00087641,0.69469157,-1.09458403,2
TNG50-1,50,1.0,169401,0,-0.00298342,-0.06463174,0.47663531,0.06289834,3
TNG50-1,50,1.0,169401,0,-0.01638712,-0.02097919,0.4011941,-1.30886232,4
TNG50-1,50,1.0,169401,0,0.03161577,0.00057123,0.78869011,3.01380807,5
TNG50-1,50,1.0,169401,0,-0.01495867,-0.05035191,1.23462213,-1.75161767,6
TNG50-1,50,1.0,169401,0,-0.13309827,0.08242874,1.32939264,-0.82220078,7
TNG50-1,50,1.0,169401,0,-0.15314341,0.11197514,1.20474579,-0.44377588,8
TNG50-1,50,1.0,169401,0,0.06362111,0.02391404,0.31995963,-2.35579222,9
TNG50-1,50,1.0,156083,0,0.00606121,0.04970366,1.20845936,1.54368936,0
TNG50-1,50,1.0,156083,0,-0.08530485,-0.0525588,0.22509397,-1.43529711,1
TNG50-1,50,1.0,156083,0,-0.01154029,-0.01872409,1.30404665,-2.00358598,2
TNG50-1,50,1.0,156083,0,0.03976151,-0.06908157,0.33523748,-1.07993514,3
TNG50-1,50,1.0,156083,0,-0.0189169,0.0470691,0.5999301,-0.12664086,4
TNG50-1,50,1.0,156083,0,-0.01123659,-0.00461791,0.55565652,0.46357811,5
TNG50-1,50,1.0,156083,0,0.0081203,-0.04250998,0.61991227,2.11712157,6
TNG50-1,50,1.0,156083,0,-0.00629802,0.00461328,1.22536102,1.69039191,7
TNG50-1,50,1.0,156083,0,-0.05152578,-0.06018001,0.81972565,1.10678639,8
TNG50-1,50,1.0,156083,0,-0.00181731,-0.05167478,0.6713064,-1.4860406,9
TNG50-1,50,1.0,257247,0,-0.06521161,0.01026155,1.07014077,-1.14902071,0
TNG50-1,50,1.0,257247,0,0.0701978,-0.07007256,0.75400031,-0.2585896,1
TNG50-1,50,1.0,257247,0,-0.07113043,0.04065179,1.20659956,2.20702555,2
TNG50-1,50,1.0,257247,0,-0.01001064,0.00577748,0.79814731,-1.22775733,3
TNG50-1,50,1.0,257247,0,0.05229153,0.00949182,1.0548906,-0.31076456,4
TNG50-1,50,1.0,257247,0,-0.00150924,0.07205384,1.3944224,1.04041486,5
TNG50-1,50,1.0,257247,0,-0.04896971,-0.02188977,0.33612536,-2.32184083,6
TNG50-1,50,1.0,257247,0,-0.06743378,-0.03629083,0.50846846,-0.48788702,7
TNG50-1,50,1.0,257247,0,-0.01149996,-0.02738818,1.15318998,-1.19751268,8
TNG50-1,50,1.0,257247,0,-0.03785148,-0.00962633,0.20894749,1.11070572,9
TNG50-1,50,1.0,174075,0,-0.00955531,0.05435551,0.52910922,1.3693112,0
TNG50-1,50,1.0,174075,0,-0.11775849,0.01046012,0.33858022,-1.90506689,1
TNG50-1,50,1.0,174075,0,0.08615449,0.07125397,1.23832106,0.2170963,2
TNG50-1,50,1.0,174075,0,-0.01102373,-0.05843174,1.26190156,-3.00458919,3
TNG50-1,50,1.0,174075,0,0.02277902,-0.01443074,0.86981174,0.02356551,4
TNG50-1,50,1.0,174075,0,0.07288933,0.07221252,1.00754177,0.28485737,5
TNG50-1,50,1.0,174075,0,0.01501467,-0.09335301,0.88626593,1.47934667,6
TNG50-1,50,1.0,174075,0,0.07221719,0.02802289,0.61554114,0.93924064,7
TNG50-1,50,1.0,174075,0,-0.06208689,0.02660881,0.39042206,-0.88971956,8
TNG50-1,50,1.0,174075,0,0.11986883,0.09846129,1.03780099,-3.10558434,9
TNG50-1,50,1.0,233979,0,0.02353248,-0.00878264,1.29135026,0.27500762,0
TNG50-1,50,1.0,233979,0,-0.07303627,-0.07273219,0.48209629,-2.88695379,1
TNG50-1,50,1.0,233979,0,-0.04453041,-0.03033744,0.73635304,-2.05051152,2
TNG50-1,50,1.0,233979,0,-0.03595934,-0.02005219,0.75100364,0.77509327,3
TNG50-1,50,1.0,233979,0,-0.01039111,-0.0196649,1.07789018,0.08960909,4
TNG50-1,50,1.0,233979,0,-0.0380517,0.00759407,1.10563502,1.80374431,5
TNG50-1,50,1.0,233979,0,0.03535204,-0.03307894,1.39536213,0.99740974,6
TNG50-1,50,1.0,233979,0,-0.08025666,0.07389182,0.26286008,0.63733915,7
TNG50-1,50,1.0,233979,0,-0.07898593,0.02441023,0.8482496,1.98087284,8
TNG50-1,50,1.0,233979,0,-0.01669444,-0.04035568,1.05193307,-2.71268291,9
TNG50-1,50,1.0,5,0,0.05490741,0.0136942,1.08681135,2.38193594,0
TNG50-1,50,1.0,5,0,-0.06464675,0.04986923,0.82702804,-1.90408997,1
TNG50-1,50,1.0,5,0,0.00636207,0.02595354,0.97582671,1.80174028,2
TNG50-1,50,1.0,5,0,0.05751119,0.08804406,0.54387002,0.63429538,3
TNG50-1,50,1.0,5,0,-0.10761235,0.02611638,0.88802236,0.21872583,4
TNG50-1,50,1.0,5,0,0.10091328,0.09823178,1.15402724,0.08757872,5
TNG50-1,50,1.0,5,0,-0.02126426,0.04505394,0.73781103,2.2205477,6
TNG50-1,50,1.0,5,0,0.00705477,-0.09028751,0.58393279,0.69663428,7
TNG50-1,50,1.0,5,0,0.02857246,0.13055513,0.99199565,0.23691369,8
TNG50-1,50,1.0,5,0,0.03630645,-0.02871721,0.24681672,-2.83459681,9
TNG50-1,50,1.0,79613,0,-0.04561591,0.04189267,1.06115543,1.8686964,0
TNG50-1,50,1.0,79613,0,0.01682721,-0.00210734,0.79258924,-2.40822831,1
TNG50-1,50,1.0,79613,0,0.06137256,-0.05230911,0.8421283,0.46666141,2
TNG50-1,50,1.0,79613,0,0.05195719,-0.08424314,0.69311663,-1.96518793,3
TNG50-1,50,1.0,79613,0,-0.00675565,0.04159157,0.71947481,-0.82696811,4
TNG50-1,50,1.0,79613,0,0.04378705,-0.02733892,1.32891354,-1.46340867,5
TNG50-1,50,1.0,79613,0,0.04340339,0.01651939,1.26802615,2.06673431,6
TNG50-1,50,1.0,79613,0,-0.00436856,0.06198535,1.28961651,-2.23397774,7
TNG50-1,50,1.0,79613,0,-0.03465403,-0.06544622,0.38878918,0.9184708,8
TNG50-1,50,1.0,79613,0,-0.0317617,-0.00225687,0.42744587,3.04039984,9
TNG50-1,50,1.0,184805,0,-0.0180069,-0.03854223,0.50692552,2.94082242,0
TNG50-1,50,1.0,184805,0,-0.07046847,-0.02690851,0.29624947,-0.4476273,1
TNG50-1,50,1.0,184805,0,0.03036461,0.00094125,0.99861689,-1.40245255,2
TNG50-1,50,1.0,184805,0,0.00829777,0.00739792,1.12088507,-0.46273621,3
TNG50-1,50,1.0,184805,0,-0.08228916,-0.00953599,1.3608245,-1.81242736,4
TNG50-1,50,1.0,184805,0,0.01757324,-0.02116598,1.36962155,2.42303985,5
TNG50-1,50,1.0,184805,0,-0.00282545,-0.01757016,1.06072371,-0.87227382,6
TNG50-1,50,1.0,184805,0,0.02582071,0.12538624,0.3935445,0.99254828,7
TNG50-1,50,1.0,184805,0,-0.01957662,-0.03853626,0.70453359,-0.69713701,8
TNG50-1,50,1.0,184805,0,-0.04007397,-0.0278986,1.10076961,2.52415294,9
TNG50-1,50,1.0,148668,0,0.00686186,-0.06836064,0.73197198,-2.07696596,0
TNG50-1,50,1.0,148668,0,-0.06256194,0.08953614,1.28241438,1.78147588,1
TNG50-1,50,1.0,148668,0,-0.00450361,-0.00709455,1.16618686,2.60017742,2
TNG50-1,50,1.0,148668,0,0.01105932,-0.00404432,0.79355849,2.67317407,3
TNG50-1,50,1.0,148668,0,-0.02080426,-0.01712604,0.978754,-1.26784759,4
TNG50-1,50,1.0,148668,0,0.01688385,-0.02442058,0.65373369,2.13842795,5
TNG50-1,50,1.0,148668,0,0.00106537,0.0772029,0.45850472,0.22767458,6
TNG50-1,50,1.0,148668,0,0.03868459,0.06930222,0.5790538,2.028161,7
TNG50-1,50,1.0,148668,0,0.03315562,0.02221967,1.24591776,0.30388527,8
TNG50-1,50,1.0,148668,0,0.00835766,-0.00537501,1.32423871,-2.22491852,9
TNG50-1,50,1.0,183225,0,-0.05060145,-0.03466521,1.06347663,2.88649587,0
TNG50-1,50,1.0,183225,0,0.04164756,0.00199159,1.12771639,0.47504806,1
TNG50-1,50,1.0,183225,0,0.04233681,-0.01500575,0.20056662,0.56019777,2
TNG50-1,50,1.0,183225,0,0.0369473,-0.05641054,0.65473487,-1.81288033,3
TNG50-1,50,1.0,183225,0,0.02687649,0.00888257,0.92068408,1.66496355,4
TNG50-1,50,1.0,183225,0,0.00367946,-0.02077463,1.18493493,1.49077695,5
TNG50-1,50,1.0,183225,0,-0.02621883,-0.04762683,1.12601941,-2.54369747,6
TNG50-1,50,1.0,183225,0,-0.04074847,-0.07395663,0.94287543,0.59686724,7
TNG50-1,50,1.0,183225,0,0.06449528,-0.07819018,0.91586068,0.99396062,8
TNG50-1,50,1.0,183225,0,0.03824021,-0.01857131,1.38874416,2.10843702,9
TNG50-1,50,1.0,178021,0,0.08333045,-0.06562194,1.32586843,0.89383424,0
TNG50-1,50,1.0,178021,0,0.00206831,0.02134748,1.0930463,-0.82043142,1
TNG50-1,50,1.0,178021,0,0.09188728,0.04532291,1.2119214,-0.17161474,2
TNG50-1,50,1.0,178021,0,-0.01448323,-0.02506601,0.42193283,-0.0681764,3
TNG50-1,50,1.0,178021,0,0.05493838,-0.04844765,0.48879353,-1.63407974,4
TNG50-1,50,1.0,178021,0,-0.04710905,-0.02370933,0.58557889,-1.16762561,5
TNG50-1,50,1.0,178021,0,0.02101003,-0.04829062,0.7252509,-0.51277355,6
TNG50-1,50,1.0,178021,0,-0.11708465,-0.00506068,1.27157029,0.64829296,7
TNG50-1,50,1.0,178021,0,-0.05607955,0.00510453,1.36009111,2.86399654,8
TNG50-1,50,1.0,178021,0,0.02333384,-0.01530051,0.79584496,0.24180593,9
TNG50-1,50,1.0,214137,0,-0.05083798,-0.07807985,0.97770112,-1.48081098,0
TNG50-1,50,1.0,214137,0,-0.02949435,0.02719948,1.16754876,-3.01875656,1
TNG50-1,50,1.0,214137,0,0.10809709,-0.01982329,1.03107174,-2.13170292,2
TNG50-1,50,1.0,214137,0,-0.01266308,0.07699257,0.43750738,-3.00554363,3
TNG50-1,50,1.0,214137,0,-0.03700871,-0.03030935,0.95530299,2.80897742,4
TNG50-1,50,1.0,214137,0,0.05762913,0.0525613,0.42185431,3.14144827,5
TNG50-1,50,1.0,214137,0,-0.04738385,0.0887849,0.90761781,1.64764134,6
TNG50-1,50,1.0,214137,0,-0.02237096,-0.04254716,0.65543052,-2.46220336,7
TNG50-1,50,1.0,214137,0,0.06245261,-0.00966065,1.15074721,2.50664825,8
TNG50-1,50,1.0,214137,0,0.00213838,0.01943126,0.62616545,1.53169093,9
TNG50-1,50,1.0,212082,0,0.0814599,-0.05640016,0.50522075,1.76251729,0
TNG50-1,50,1.0,212082,0,0.00094309,0.07319632,0.77459006,1.70455178,1
TNG50-1,50,1.0,212082,0,0.00883848,0.04151989,1.08856006,-0.73551605,2
TNG50-1,50,1.0,212082,0,-0.02416154,0.06595197,1.38378667,-2.0585953,3
TNG50-1,50,1.0,212082,0,-0.00078895,0.06938606,1.35114027,-2.44473472,4
TNG50-1,50,1.0,212082,0,-0.06076267,0.03364937,1.09847047,-2.59414304,5
TNG50-1,50,1.0,212082,0,-0.00849085,-0.02264343,0.99521993,-0.68311261,6
TNG50-1,50,1.0,212082,0,-0.04685042,-0.05186255,1.26070108,-2.85544111,7
TNG50-1,50,1.0,212082,0,-0.01387018,0.05733723,1.24153735,-1.04530189,8
TNG50-1,50,1.0,212082,0,-0.12799583,0.0032284,1.20631875,2.89989889,9
TNG50-1,50,1.0,208603,0,-0.00524287,-0.02031896,1.14581963,-2.91140853,0
TNG50-1,50,1.0,208603,0,-0.10618187,-0.02312894,1.12579177,0.8411958,1
TNG50-1,50,1.0,208603,0,0.00285638,0.06177393,0.53161981,2.55211279,2
TNG50-1,50,1.0,208603,0,0.01003534,-0.00204581,0.46529245,2.99500825,3
TNG50-1,50,1.0,208603,0,-0.05171304,0.00395499,0.42647964,0.94329838,4
TNG50-1,50,1.0,208603,0,0.00737453,-0.02203181,1.15113499,2.82694931,5
TNG50-1,50,1.0,208603,0,-0.01805092,0.02314334,1.30006906,-2.66621023,6
TNG50-1,50,1.0,208603,0,-0.0671377,0.0674659,1.01642495,-0.88418023,7
TNG50-1,50,1.0,208603,0,0.03357424,0.03239304,1.14881794,-3.0868366,8
TNG50-1,50,1.0,208603,0,-0.02818626,0.03434335,0.48217807,3.02336681,9
TNG50-1,50,1.0,267987,0,-0.00540604,0.07735631,0.73766786,-2.73202663,0
TNG50-1,50,1.0,267987,0,-0.03725654,-0.0740665,1.04995506,-1.11438742,1
TNG50-1,50,1.0,267987,0,0.01909815,-0.04555513,0.85525531,2.49167467,2
TNG50-1,50,1.0,267987,0,-0.06711772,0.14022312,0.2073965,1.68610852,3
TNG50-1,50,1.0,267987,0,0.00073509,-0.01365486,0.25552746,1.52199527,4
TNG50-1,50,1.0,267987,0,0.02862078,-0.09454969,0.94562091,1.05509277,5
TNG50-1,50,1.0,267987,0,0.04537978,-0.02912751,0.8829773,-0.53241293,6
TNG50-1,50,1.0,267987,0,-0.03820839,-0.13844366,0.45811669,-0.60795271,7
TNG50-1,50,1.0,267987,0,0.00088755,0.01204604,0.25194224,1.94108007,8
TNG50-1,50,1.0,267987,0,0.00920735,0.04048924,0.64230535,-1.29571664,9
TNG50-1,50,1.0,188936,0,0.06755922,-0.02120776,0.35126104,-0.72256393,0
TNG50-1,50,1.0,188936,0,0.07222376,0.02624452,0.88427839,-1.14899973,1
TNG50-1,50,1.0,188936,0,0.03763922,-0.05568014,1.07914198,1.25824806,2
TNG50-1,50,1.0,188936,0,-0.04903104,-0.00547405,1.37452149,2.00925268,3
TNG50-1,50,1.0,188936,0,-0.10931466,0.05445686,0.42462946,-1.74392688,4
TNG50-1,50,1.0,188936,0,0.05394175,0.01055554,1.12076186,0.17738104,5
TNG50-1,50,1.0,188936,0,0.00556925,0.06237132,0.7363766,-2.88644288,6
TNG50-1,50,1.0,188936,0,-0.03725987,0.05668012,0.74900269,-1.79538361,7
TNG50-1,50,1.0,188936,0,0.05867812,0.00038692,1.1857115,1.64469667,8
TNG50-1,50,1.0,188936,0,-0.04307794,-0.11683707,1.34730725,1.84347602,9
TNG50-1,50,1.0,217773,0,0.00970521,0.04805138,0.31555111,1.08837353,0
TNG50-1,50,1.0,217773,0,0.01882023,-0.00625728,0.43144502,-0.79139194,1
TNG50-1,50,1.0,217773,0,-0.03161959,0.00589563,0.29044331,-0.82546507,2
TNG50-1,50,1.0,217773,0,-0.03153859,-0.15081906,0.21219436,-2.94230791,3
TNG50-1,50,1.0,217773,0,0.06121982,-0.01961268,0.77763925,-0.47884513,4
TNG50-1,50,1.0,217773,0,0.03177552,0.01691361,1.00524982,-0.57582757,5
TNG50-1,50,1.0,217773,0,-0.05114826,0.02326449,0.53719746,-1.72918851,6
TNG50-1,50,1.0,217773,0,0.00904317,0.04811779,1.38039655,-1.5876147,7
TNG50-1,50,1.0,217773,0,-0.1186888,-0.01051289,0.56251333,0.52866458,8
TNG50-1,50,1.0,217773,0,-0.02869701,-0.00828279,0.96085634,-1.14497579,9
TNG50-1,50,1.0,204984,0,-0.03865467,-0.07514705,0.56784249,-1.47058266,0
TNG50-1,50,1.0,204984,0,0.04850293,-0.1319139,0.65503911,0.62850352,1
TNG50-1,50,1.0,204984,0,-0.06068014,0.01887734,1.01852747,-2.18632287,2
TNG50-1,50,1.0,204984,0,0.01504896,0.02155916,1.23571695,0.97348737,3
TNG50-1,50,1.0,204984,0,0.00791485,0.02377512,0.51665699,-0.38854005,4
TNG50-1,50,1.0,204984,0,0.04802275,-0.02624663,1.35311584,-1.04056146,5
TNG50-1,50,1.0,204984,0,-0.00665659,0.07448611,1.05482811,-1.62781321,6
TNG50-1,50,1.0,204984,0,0.03955655,-0.02299389,0.52781304,2.03154222,7
TNG50-1,50,1.0,204984,0,-0.00861101,0.02104395,1.06045013,-0.64921674,8
TNG50-1,50,1.0,204984,0,0.02171963,0.02973181,1.3021174,1.49840942,9
TNG50-1,50,1.0,213279,0,0.02355336,0.01956568,1.37694547,-0.76988194,0
TNG50-1,50,1.0,213279,0,0.01378454,0.02069542,1.10204365,3.00177838,1
TNG50-1,50,1.0,213279,0,0.0342499,-0.03047789,0.891782,1.20271221,2
TNG50-1,50,1.0,213279,0,0.00669674,-0.04039112,1.09879398,-2.81351642,3
TNG50-1,50,1.0,213279,0,0.03351107,-0.0176926,0.36775817,-2.55959497,4
TNG50-1,50,1.0,213279,0,0.03765562,-0.02461084,1.18498845,-2.5876161,5
TNG50-1,50,1.0,213279,0,0.00813594,-0.07290653,1.16170265,2.84390953,6
TNG50-1,50,1.0,213279,0,-0.01101972,-0.03257475,0.81723443,1.15642994,7
TNG50-1,50,1.0,213279,0,0.07651989,0.01331115,1.39682278,-0.45486487,8
TNG50-1,50,1.0,213279,0,-0.02389508,0.06329718,0.7084663,-1.88192276,9
TNG50-1,50,1.0,87125,0,0.09881944,0.04626498,0.4957502,-1.00892092,0
TNG50-1,50,1.0,87125,0,-0.04784915,0.01270953,1.07305598,2.79651625,1
TNG50-1,50,1.0,87125,0,0.05730533,-0.07410852,1.17058297,-2.94926052,2
TNG50-1,50,1.0,87125,0,0.00592102,0.04257441,1.23657489,-2.3062865,3
TNG50-1,50,1.0,87125,0,-0.021006,-0.00035499,0.60688962,0.55786537,4
TNG50-1,50,1.0,87125,0,-0.00224144,-0.02710926,1.09631665,1.26547664,5
TNG50-1,50,1.0,87125,0,-0.06505472,0.03733382,0.97451621,-1.56650498,6
TNG50-1,50,1.0,87125,0,-0.00068772,-0.00836034,1.21271986,0.33973872,7
TNG50-1,50,1.0,87125,0,-0.05413702,-0.05828307,0.75864457,-1.14111286,8
TNG50-1,50,1.0,87125,0,-0.01977219,0.09239049,0.63901792,0.33985275,9
TNG50-1,50,1.0,151037,0,-0.01515281,0.01198293,0.71934897,-1.34234208,0
TNG50-1,50,1.0,151037,0,0.0514034,-0.01770344,0.6911028,-1.79073079,1
TNG50-1,50,1.0,151037,0,-0.09222485,0.0429698,1.12071761,1.27665161,2
TNG50-1,50,1.0,151037,0,-0.0190753,-0.06660989,0.49535876,0.29530557,3
TNG50-1,50,1.0,151037,0,-0.02408773,-0.0411848,1.17261356,2.13478288,4
TNG50-1,50,1.0,151037,0,0.04800355,0.0227845,1.34224755,0.51044343,5
TNG50-1,50,1.0,151037,0,-0.00217733,0.06128782,0.85539587,-0.10400424,6
TNG50-1,50,1.0,151037,0,0.08980473,-0.11009843,1.31118497,-1.50007058,7
TNG50-1,50,1.0,151037,0,0.03311067,0.06872356,1.16571605,1.83510402,8
TNG50-1,50,1.0,151037,0,-0.02051115,-0.00700676,0.95103787,-1.90461563,9
TNG50-1,50,1.0,138976,0,0.10713743,-0.03749475,0.35319869,0.99963596,0
TNG50-1,50,1.0,138976,0,0.01048413,-0.01435484,1.16862201,0.22301597,1
TNG50-1,50,1.0,138976,0,0.06169212,0.02661163,1.37577053,2.58097318,2
TNG50-1,50,1.0,138976,0,0.0518039,-0.0059746,1.11873159,-2.49355213,3
TNG50-1,50,1.0,138976,0,-0.03028199,-0.09321866,0.73189928,-2.20106752,4
TNG50-1,50,1.0,138976,0,0.00133171,-0.03730603,1.35060937,-0.73230726,5
TNG50-1,50,1.0,138976,0,-0.06412723,-0.07596997,1.09125739,0.97943582,6
TNG50-1,50,1.0,138976,0,-0.01024711,0.01220301,1.14680157,0.52828577,7
TNG50-1,50,1.0,138976,0,-0.03130952,0.02516587,1.21572321,-2.67636873,8
TNG50-1,50,1.0,138976,0,-0.0201443,0.01282741,0.7347427,2.88036799,9
TNG50-1,50,1.0,123138,0,-0.04524363,-0.06980496,1.0276581,1.21173085,0
TNG50-1,50,1.0,123138,0,-0.02818885,-0.06533313,0.79841411,-1.28143222,1
TNG50-1,50,1.0,123138,0,0.05157065,0.00853147,1.05942936,0.36002241,2
TNG50-1,50,1.0,123138,0,0.07390159,0.0274669,0.59326597,-2.70174731,3
TNG50-1,50,1.0,123138,0,-0.03503963,-0.10330724,0.88081987,-2.06940252,4
TNG50-1,50,1.0,123138,0,-0.03615038,-0.0160655,0.54535658,0.77194693,5
TNG50-1,50,1.0,123138,0,-0.05785643,0.08091479,1.23773114,-1.22105773,6
TNG50-1,50,1.0,123138,0,0.06531427,-0.01087546,1.24525488,-1.7924549,7
TNG50-1,50,1.0,123138,0,0.05605022,0.0744819,1.01606358,-1.70370768,8
TNG50-1,50,1.0,123138,0,-0.00529909,0.03245231,1.39609262,-1.79184278,9
TNG50-1,50,1.0,101011,0,-0.05848322,-0.09680947,1.18085067,-2.19896534,0
TNG50-1,50,1.0,101011,0,-0.0344336,0.00667065,0.75271916,0.15675948,1
TNG50-1,50,1.0,101011,0,0.00931079,-0.04765377,0.72986979,-3.0529447,2
TNG50-1,50,1.0,101011,0,-0.10159666,-0.02891713,1.26588795,1.75884742,3
TNG50-1,50,1.0,101011,0,-0.00066118,0.02395621,0.59259462,2.5103221,4
TNG50-1,50,1.0,101011,0,0.01557147,0.07086667,0.94794852,2.12926319,5
TNG50-1,50,1.0,101011,0,-0.01415186,-0.00190301,0.54079161,2.87991566,6
TNG50-1,50,1.0,101011,0,0.02626605,0.02770324,1.32773305,2.53272532,7
TNG50-1,50,1.0,101011,0,0.01118621,-0.07222397,1.3646762,-0.35174516,8
TNG50-1,50,1.0,101011,0,-0.02708271,0.01227618,0.81482918,-0.63869704,9
TNG50-1,50,1.0,224620,0,-0.01773818,-0.04347042,1.37860376,-0.87071256,0
TNG50-1,50,1.0,224620,0,-0.02277218,0.02811499,0.6462879,-3.12740159,1
TNG50-1,50,1.0,224620,0,-0.07749229,0.04850807,0.73926659,-1.62770519,2
TNG50-1,50,1.0,224620,0,-0.00803106,-0.00730615,0.91237416,1.65826145,3
TNG50-1,50,1.0,224620,0,-0.02035038,-0.06884055,0.590835,1.31865998,4
TNG50-1,50,1.0,224620,0,0.05857623,-0.06820769,0.55382499,-1.06171918,5
TNG50-1,50,1.0,224620,0,-0.05983501,0.0429882,0.86816595,0.7890611,6
TNG50-1,50,1.0,224620,0,-0.02885736,-0.0630297,0.30956985,-1.91456523,7
TNG50-1,50,1.0,224620,0,-0.04492202,0.01960133,0.71817875,-1.48517084,8
TNG50-1,50,1.0,224620,0,0.07212652,0.00571746,0.76943553,2.81114796,9
TNG50-1,50,1.0,240072,0,-0.02160198,-0.01132526,0.99938841,1.27583576,0
TNG50-1,50,1.0,240072,0,0.10346856,0.00055617,0.3916169,2.73902087,1
TNG50-1,50,1.0,240072,0,0.10610988,-0.11930207,1.22437646,0.55702104,2
TNG50-1,50,1.0,240072,0,0.0141036,-0.00952812,0.72367585,0.48466883,3
TNG50-1,50,1.0,240072,0,0.02763006,-0.03765234,0.27566945,-1.22756232,4
TNG50-1,50,1.0,240072,0,0.05958357,0.04590358,0.90814548,1.31712837,5
TNG50-1,50,1.0,240072,0,-0.05935987,0.04975154,0.75144238,2.39987847,6
TNG50-1,50,1.0,240072,0,-0.0656,0.02883401,1.06040374,0.91933196,7
TNG50-1,50,1.0,240072,0,0.06282095,0.01977293,0.67832462,-1.67736405,8
TNG50-1,50,1.0,240072,0,0.01369942,-0.07486734,0.43647967,0.27714574,9
TNG50-1,50,1.0,186226,0,-0.00297503,0.03795253,0.87921979,3.08016614,0
TNG50-1,50,1.0,186226,0,0.05313237,-0.02899529,1.29535107,-2.86134206,1
TNG50-1,50,1.0,186226,0,-0.00975249,0.04258399,0.58599112,2.25546453,2
TNG50-1,50,1.0,186226,0,-0.00120974,0.00304883,0.37333463,-2.65494376,3
TNG50-1,50,1.0,186226,0,-0.02813912,0.07604769,1.25549426,0.18219309,4
TNG50-1,50,1.0,186226,0,-0.00035233,-0.05770339,0.9946338,-0.30084022,5
TNG50-1,50,1.0,186226,0,0.03561157,-0.07380884,1.31539667,2.7115379,6
TNG50-1,50,1.0,186226,0,-0.02056671,-0.03081086,1.10995227,-1.89092548,7
TNG50-1,50,1.0,186226,0,0.0259206,-0.06923055,1.34621031,-2.01261725,8
TNG50-1,50,1.0,186226,0,-0.04063735,-0.06913674,1.1763727,1.56271671,9
TNG50-1,50,1.0,222506,0,-0.1268215,0.11348063,1.23635625,2.03737945,0
TNG50-1,50,1.0,222506,0,0.02976934,-0.00100085,0.3628286,-1.51796474,1
TNG50-1,50,1.0,222506,0,-0.01309136,0.05577013,1.09448692,-0.50640369,2
TNG50-1,50,1.0,222506,0,-0.00810752,-0.04149864,1.03595748,0.33815564,3
TNG50-1,50,1.0,222506,0,-0.0845722,-0.08374732,0.74389998,-2.86393355,4
TNG50-1,50,1.0,222506,0,-0.05490512,-0.01761508,0.84578543,1.69515426,5
TNG50-1,50,1.0,222506,0,-0.02389795,-0.07988609,1.01630845,-1.10921202,6
TNG50-1,50,1.0,222506,0,-0.03361628,0.00073366,0.80053503,-1.36598913,7
TNG50-1,50,1.0,222506,0,0.0058918,-0.03902271,0.4479247,-1.51241291,8
TNG50-1,50,1.0,222506,0,0.02917341,-0.09771357,0.61239013,-1.36106822,9
TNG50-1,50,1.0,138975,0,0.06388832,-0.00990166,1.21313037,0.24910349,0
TNG50-1,50,1.0,138975,0,-0.07139168,-0.10962699,1.07135984,-2.66714694,1
TNG50-1,50,1.0,138975,0,0.08220182,-0.07708307,0.77506909,2.47164054,2
TNG50-1,50,1.0,138975,0,-0.00111366,0.10260098,0.7562457,0.78857253,3
TNG50-1,50,1.0,138975,0,0.01587591,-0.0546268,0.2812157,0.4502996,4
TNG50-1,50,1.0,138975,0,-0.01975221,0.07135247,1.23031188,0.24818798,5
TNG50-1,50,1.0,138975,0,-0.08335365,-0.04670434,1.06074491,-0.67912306,6
TNG50-1,50,1.0,138975,0,-0.00698049,-0.0091228,0.31287745,-1.54148721,7
TNG50-1,50,1.0,138975,0,0.01673725,0.03126041,0.75401991,1.60423535,8
TNG50-1,50,1.0,138975,0,0.03381127,-0.04100972,0.86351235,0.06011449,9
TNG50-1,50,1.0,219145,0,-0.01838498,0.0124197,1.08127044,-2.7462502,0
TNG50-1,50,1.0,219145,0,0.0069917,0.01668012,1.05618844,2.21127138,1
TNG50-1,50,1.0,219145,0,-0.03219571,0.06181716,1.11365106,0.46483673,2
TNG50-1,50,1.0,219145,0,0.13284047,0.06079147,0.8143733,-0.53775356,3
TNG50-1,50,1.0,219145,0,-0.07046666,-0.02254784,0.32257876,1.96014849,4
TNG50-1,50,1.0,219145,0,-0.0292368,0.00970087,1.02721569,-1.19015856,5
TNG50-1,50,1.0,219145,0,-0.02528711,-0.0932051,0.28924824,1.78201978,6
TNG50-1,50,1.0,219145,0,0.10202467,0.00495465,0.77994914,-1.0809351,7
TNG50-1,50,1.0,219145,0,-0.06600673,-0.03969947,0.84756863,2.64447449,8
TNG50-1,50,1.0,219145,0,0.02129611,-0.00931912,1.20033571,-1.45790713,9
TNG50-1,50,1.0,297347,0,0.00659787,0.08209651,1.25997352,-1.88185074,0
TNG50-1,50,1.0,297347,0,0.02634333,-0.02370424,1.27105097,1.67665664,1
TNG50-1,50,1.0,297347,0,0.0151882,0.0063626,1.33954574,-1.57393668,2
TNG50-1,50,1.0,297347,0,0.02706779,0.03782434,1.06221998,1.63041494,3
TNG50-1,50,1.0,297347,0,0.01019997,-0.10338615,1.35683028,0.42347145,4
TNG50-1,50,1.0,297347,0,0.04213919,-0.02610552,1.05907511,-0.83746996,5
TNG50-1,50,1.0,297347,0,-0.08136039,0.01822578,1.28483783,-2.61699457,6
TNG50-1,50,1.0,297347,0,-0.00656367,-0.14484974,0.70475963,2.05780294,7
TNG50-1,50,1.0,297347,0,-0.06919232,-0.04884042,0.56409323,2.76242077,8
TNG50-1,50,1.0,297347,0,0.0138351,0.0550429,0.75661182,1.04249216,9
TNG50-1,50,1.0,135871,0,-0.0542639,0.07067622,1.26001769,-0.53368872,0
TNG50-1,50,1.0,135871,0,0.03170312,0.0308567,1.05307768,1.09104708,1
TNG50-1,50,1.0,135871,0,0.06894433,0.12400782,0.4247089,-1.39664832,2
TNG50-1,50,1.0,135871,0,0.08155228,-0.03664347,1.10068908,-3.12646184,3
TNG50-1,50,1.0,135871,0,0.0354262,-0.04948779,1.18928436,-0.97705907,4
TNG50-1,50,1.0,135871,0,-0.06910108,0.06120627,0.68919306,1.28674824,5
TNG50-1,50,1.0,135871,0,0.00986651,-0.05979393,0.35150103,-0.67158905,6
TNG50-1,50,1.0,135871,0,0.10698409,-0.0098384,0.99809667,-1.76448092,7
TNG50-1,50,1.0,135871,0,-0.04343058,-0.00328233,1.39292183,-0.22615154,8
TNG50-1,50,1.0,135871,0,-0.00295908,0.05179947,0.7562177,1.58555253,9
TNG50-1,50,1.0,179342,0,-0.08632502,-0.02341612,1.22017604,1.1619899,0
TNG50-1,50,1.0,179342,0,0.03562151,0.02710273,0.74287739,2.06115597,1
TNG50-1,50,1.0,179342,0,0.05128433,-0.05557578,0.88908841,-2.45342848,2
TNG50-1,50,1.0,179342,0,-0.12129542,-0.06761665,0.61087478,-0.62663117,3
TNG50-1,50,1.0,179342,0,-0.04122773,0.03776346,0.98208152,1.46725941,4
TNG50-1,50,1.0,179342,0,-0.0055227,0.012626,1.23944462,-2.11301598,5
TNG50-1,50,1.0,179342,0,0.03672555,0.04612279,0.81164793,0.41798055,6
TNG50-1,50,1.0,179342,0,-0.02578733,-0.02662965,1.33357551,1.07969617,7
TNG50-1,50,1.0,179342,0,-0.0416071,-0.03975527,0.87168003,-0.91235867,8
TNG50-1,50,1.0,179342,0,0.03635846,0.06803594,1.2214548,2.08590615,9
TNG50-1,50,1.0,176325,0,-0.00608722,-0.05093069,1.30064248,1.40215937,0
TNG50-1,50,1.0,176325,0,-0.00194914,-0.00968438,0.67104714,2.11369202,1
TNG50-1,50,1.0,176325,0,-0.0121875,-0.08716498,1.11430176,-0.57088813,2
TNG50-1,50,1.0,176325,0,0.02219433,0.00176853,1.30281154,-0.48401088,3
TNG50-1,50,1.0,176325,0,0.03171898,-0.009919,1.0335466,-0.02078393,4
TNG50-1,50,1.0,176325,0,0.01961285,-0.02872335,0.90902967,0.41691057,5
TNG50-1,50,1.0,176325,0,-0.00884719,0.07923001,1.22726248,-2.46098122,6
TNG50-1,50,1.0,176325,0,-0.0367865,-0.05780771,1.04918746,-1.17724679,7
TNG50-1,50,1.0,176325,0,0.0548593,0.03531965,0.81629154,-2.06156465,8
TNG50-1,50,1.0,176325,0,0.01748664,0.10933541,0.88026437,-0.71720825,9
TNG50-1,50,1.0,87131,0,-0.06066983,-0.03155497,1.24184527,2.7843578,0
TNG50-1,50,1.0,87131,0,0.08790273,0.0081779,0.72692056,2.24198085,1
TNG50-1,50,1.0,87131,0,-0.0534942,-0.06465418,0.4886228,-1.04355192,2
TNG50-1,50,1.0,87131,0,0.03303861,-0.05166406,0.76460103,-2.55392538,3
TNG50-1,50,1.0,87131,0,0.01000253,0.00256933,0.75904372,-1.38143125,4
TNG50-1,50,1.0,87131,0,0.03004053,0.01840434,0.95801087,2.1540982,5
TNG50-1,50,1.0,87131,0,0.0853429,-0.08511953,0.81484495,0.97901143,6
TNG50-1,50,1.0,87131,0,0.02808194,0.02486437,1.15004672,2.93232642,7
TNG50-1,50,1.0,87131,0,-0.02793321,-0.04097145,1.32646028,-0.98846431,8
TNG50-1,50,1.0,87131,0,0.05529961,0.0639844,0.57259367,0.32340887,9
TNG50-1,50,1.0,130255,0,-0.02104224,-0.01480728,1.02219945,2.8412095,0
TNG50-1,50,1.0,130255,0,0.02880973,-0.02131324,0.76573469,2.46692124,1
TNG50-1,50,1.0,130255,0,-0.06780931,0.01159688,1.30838028,0.978452,2
TNG50-1,50,1.0,130255,0,-0.03363231,0.02054078,0.62361734,0.32315005,3
TNG50-1,50,1.0,130255,0,0.00524316,0.00991796,0.36813009,2.63411672,4
TNG50-1,50,1.0,130255,0,0.02261154,-0.05892985,1.32468595,0.97716145,5
TNG50-1,50,1.0,130255,0,-0.00487296,-0.04994639,1.27252286,0.99523556,6
TNG50-1,50,1.0,130255,0,0.01240068,0.01994409,0.2870518,2.15944009,7
TNG50-1,50,1.0,130255,0,0.00391682,0.07358367,1.23422802,0.96287099,8
TNG50-1,50,1.0,130255,0,-0.00817887,0.00762077,1.33469271,0.02310256,9
TNG50-1,50,1.0,239390,0,0.00649831,0.03070678,0.36799299,-2.13927422,0
TNG50-1,50,1.0,239390,0,0.00178149,0.05654689,1.34760043,2.60329724,1
TNG50-1,50,1.0,239390,0,0.01295849,-0.0153536,0.61386676,0.35601726,2
TNG50-1,50,1.0,239390,0,0.06686716,-0.04964562,0.73155249,-3.10331294,3
TNG50-1,50,1.0,239390,0,-0.05897537,-0.01571587,1.22634693,-3.02670749,4
TNG50-1,50,1.0,239390,0,-0.01710762,0.03559801,0.39044805,1.7444171,5
TNG50-1,50,1.0,239390,0,0.03333093,0.02034139,1.05018466,-2.12411654,6
TNG50-1,50,1.0,239390,0,0.02404629,0.02016257,0.47559613,0.62039189,7
TNG50-1,50,1.0,239390,0,0.02297028,-0.01071722,0.84975204,1.13777152,8
TNG50-1,50,1.0,239390,0,0.13767886,-0.01869013,0.93143212,-1.38628686,9
TNG50-1,50,1.0,195636,0,0.01572975,-0.04034827,0.58275298,-2.44175206,0
TNG50-1,50,1.0,195636,0,-0.06984901,-0.03035835,0.74826189,2.82064406,1
TNG50-1,50,1.0,195636,0,0.02595847,0.02273105,0.68157856,-2.43669676,2
TNG50-1,50,1.0,195636,0,-0.07067566,0.02398092,1.17622467,-1.5263739,3
TNG50-1,50,1.0,195636,0,0.03140459,-0.12170896,0.80917695,-1.99406943,4
TNG50-1,50,1.0,195636,0,-0.02535958,0.10077032,1.36865551,-3.09469609,5
TNG50-1,50,1.0,195636,0,0.00041836,0.02642767,1.23505655,-1.16782566,6
TNG50-1,50,1.0,195636,0,-0.064714,0.03484593,0.3892177,2.97935372,7
TNG50-1,50,1.0,195636,0,0.00611912,-0.00717702,0.69380058,-0.99335083,8
TNG50-1,50,1.0,195636,0,0.04634752,-0.09276768,1.20591885,0.02704836,9
TNG50-1,50,1.0,258649,0,-0.06125921,0.04190946,1.00183968,-1.50788104,0
TNG50-1,50,1.0,258649,0,-0.02931003,-0.06338026,0.74891735,0.76484955,1
TNG50-1,50,1.0,258649,0,-0.09105728,-0.03786573,0.62113646,-2.15629556,2
TNG50-1,50,1.0,258649,0,0.04725404,-0.11938211,0.82489855,0.5282151,3
TNG50-1,50,1.0,258649,0,-0.08016545,-0.10921733,0.36407505,-0.86960527,4
TNG50-1,50,1.0,258649,0,0.01434154,0.08990962,0.60924895,0.21605034,5
TNG50-1,50,1.0,258649,0,-0.04218467,0.10417991,1.05391152,-3.12981264,6
TNG50-1,50,1.0,258649,0,-0.07133517,0.00463631,0.34752273,2.18919594,7
TNG50-1,50,1.0,258649,0,0.01191775,-0.04119144,0.93362409,-0.86754775,8
TNG50-1,50,1.0,258649,0,-0.01668997,-0.01492245,1.3814092,-2.26095124,9
TNG50-1,50,1.0,110863,0,0.07283444,-0.01128616,0.68619756,1.16866656,0
TNG50-1,50,1.0,110863,0,-0.03925102,-0.05795515,1.18010453,-2.0229412,1
TNG50-1,50,1.0,110863,0,-0.01064194,0.02417558,1.26452763,1.4236938,2
TNG50-1,50,1.0,110863,0,0.01658695,-0.01929391,1.27119473,2.74007492,3
TNG50-1,50,1.0,110863,0,0.00922543,-0.03358944,0.70633937,0.63491785,4
TNG50-1,50,1.0,110863,0,0.07828852,0.02493292,0.80832954,-1.9092714,5
TNG50-1,50,1.0,110863,0,0.02242369,-0.05718579,1.34229606,1.12810731,6
TNG50-1,50,1.0,110863,0,0.06638864,0.03852511,1.30449675,-0.98594686,7
TNG50-1,50,1.0,110863,0,-0.01800042,-0.02391687,0.81832334,-2.83190861,8
TNG50-1,50,1.0,110863,0,-0.03702627,0.05795482,0.88585448,-1.24194261,9
TNG50-1,50,1.0,303705,0,-0.01870056,0.0107227,1.19107221,-0.05667535,0
TNG50-1,50,1.0,303705,0,0.01162138,-0.03509353,0.99699191,0.40103755,1
TNG50-1,50,1.0,303705,0,0.05964264,-0.00864858,0.80602675,-0.46714201,2
TNG50-1,50,1.0,303705,0,-0.00271077,0.01546989,1.1251069,-1.42907988,3
TNG50-1,50,1.0,303705,0,0.02655872,0.04253068,0.35234141,-1.39096167,4
TNG50-1,50,1.0,303705,0,0.002318,0.03746104,0.27064224,3.0921324,5
TNG50-1,50,1.0,303705,0,0.0062302,-0.05546295,1.30060624,2.66204345,6
TNG50-1,50,1.0,303705,0,0.08617054,0.04884914,1.10571506,-2.66470617,7
TNG50-1,50,1.0,303705,0,0.0600865,-0.00443868,1.22553223,0.98363676,8
TNG50-1,50,1.0,303705,0,0.00397019,-0.04934957,1.2437099,-0.27094598,9
TNG50-1,50,1.0,272378,0,0.00730479,-0.02560799,1.18338073,-0.88903536,0
TNG50-1,50,1.0,272378,0,-0.06716632,0.01489122,1.3736893,-2.10294978,1
TNG50-1,50,1.0,272378,0,-0.01260914,0.07511777,0.5763228,-2.43233694,2
TNG50-1,50,1.0,272378,0,0.03574759,0.01025723,0.95222687,-1.40549941,3
TNG50-1,50,1.0,272378,0,0.03029663,-0.0816574,1.12123281,0.31107138,4
TNG50-1,50,1.0,272378,0,-0.0394179,0.01016002,1.39059682,-1.82208222,5
TNG50-1,50,1.0,272378,0,-0.05841322,0.10219785,1.37088147,-0.98224357,6
TNG50-1,50,1.0,272378,0,0.00078818,-0.06436954,0.62310434,-0.13866435,7
TNG50-1,50,1.0,272378,0,0.02805164,0.00148623,0.96832842,-0.50246797,8
TNG50-1,50,1.0,272378,0,0.02025876,-0.01131677,1.2752559,-2.33340036,9
TNG50-1,50,1.0,276807,0,0.01048595,-0.01850895,1.09171203,-1.03571242,0
TNG50-1,50,1.0,276807,0,-0.03767537,-0.01604765,1.29539869,1.79046191,1
TNG50-1,50,1.0,276807,0,-0.07240838,-0.03083186,1.08803557,0.87673452,2
TNG50-1,50,1.0,276807,0,-0.05633992,0.04633351,1.21225786,-3.08815586,3
TNG50-1,50,1.0,276807,0,0.00249,-0.09514508,0.92712704,1.00563223,4
TNG50-1,50,1.0,276807,0,-0.01459961,-0.09928995,1.07412839,-2.07243322,5
TNG50-1,50,1.0,276807,0,-0.07347209,0.00016429,0.97740122,1.41041042,6
TNG50-1,50,1.0,276807,0,-0.00186617,0.00480636,0.6628771,0.42310132,7
TNG50-1,50,1.0,276807,0,-0.01592152,0.02021076,1.16804459,-0.61900259,8
TNG50-1,50,1.0,276807,0,-0.05864244,-0.02694868,0.92055926,1.21935534,9
TNG50-1,50,1.0,226788,0,-0.0434588,0.01230901,0.25556985,1.87289463,0
TNG50-1,50,1.0,226788,0,-0.01302561,-0.01527454,0.89216495,2.30192639,1
TNG50-1,50,1.0,226788,0,0.04739249,0.04712776,1.33458647,-1.65036963,2
TNG50-1,50,1.0,226788,0,0.07435836,0.06788888,1.31467658,0.60294571,3
TNG50-1,50,1.0,226788,0,-0.03854331,-0.05175011,0.30265328,-2.15449229,4
TNG50-1,50,1.0,226788,0,-0.02417942,-0.01762253,0.7666842,2.87943852,5
TNG50-1,50,1.0,226788,0,0.10906879,0.04575393,0.67686214,-1.55694637,6
TNG50-1,50,1.0,226788,0,0.00481306,-0.00647743,0.77072902,1.42399051,7
TNG50-1,50,1.0,226788,0,0.0911681,-0.02466927,1.24983888,-1.6894672,8
TNG50-1,50,1.0,226788,0,0.01034287,0.05047711,1.00843534,0.72918843,9
TNG50-1,50,1.0,260976,0,0.01492048,-0.04119458,0.62877198,1.83765995,0
TNG50-1,50,1.0,260976,0,-0.04944856,0.00391603,0.43533937,1.73289483,1
TNG50-1,50,1.0,260976,0,-0.0596568,-0.0101414,0.48814916,2.48990552,2
TNG50-1,50,1.0,260976,0,-0.0056735,-0.00707355,0.57958017,-0.72765563,3
TNG50-1,50,1.0,260976,0,0.06141456,-0.00873598,0.22958412,-0.62797317,4
TNG50-1,50,1.0,260976,0,0.02998294,0.00112036,0.8697586,0.87997461,5
TNG50-1,50,1.0,260976,0,-0.03575705,0.02700655,0.31833186,1.49416998,6
TNG50-1,50,1.0,260976,0,0.0352517,0.00746655,0.35217317,2.38595858,7
TNG50-1,50,1.0,260976,0,-0.11218542,-0.01421759,1.1332462,2.3615058,8
TNG50-1,50,1.0,260976,0,-0.03764729,0.02008741,0.51674011,1.39071788,9
TNG50-1,50,1.0,187650,0,0.06545305,0.07482441,0.86436589,2.86983464,0
TNG50-1,50,1.0,187650,0,-0.0093854,-0.03743664,0.61655267,-1.55059185,1
TNG50-1,50,1.0,187650,0,0.04081145,0.05239256,0.28002883,-1.84170886,2
TNG50-1,50,1.0,187650,0,-0.05507844,-0.032608,1.0625071,-1.79748201,3
TNG50-1,50,1.0,187650,0,0.03836712,0.01126643,1.27506949,-0.70735139,4
TNG50-1,50,1.0,187650,0,-0.02862379,0.01083414,1.28736467,2.2193918,5
TNG50-1,50,1.0,187650,0,-0.05923487,0.03307459,0.85795828,0.60293829,6
TNG50-1,50,1.0,187650,0,-0.00927943,0.01253703,0.91072268,-2.71714192,7
TNG50-1,50,1.0,187650,0,0.07002362,-0.03695923,1.24589411,-0.16977742,8
TNG50-1,50,1.0,187650,0,0.00905028,0.04401535,0.48524677,-2.57402195,9
TNG50-1,50,1.0,227888,0,0.01468296,0.00404626,0.63553814,-1.95588146,0
TNG50-1,50,1.0,227888,0,0.00940608,0.07539597,0.73443194,2.52251292,1
TNG50-1,50,1.0,227888,0,0.03012097,0.05634931,0.6774856,1.78375619,2
TNG50-1,50,1.0,227888,0,0.0302375,-0.00592821,1.19370098,-0.97717541,3
TNG50-1,50,1.0,227888,0,-0.13028943,-0.00990231,1.06006131,2.81262731,4
TNG50-1,50,1.0,227888,0,-0.01202495,-0.14251621,1.30054129,-1.64039698,5
TNG50-1,50,1.0,227888,0,0.02589521,-0.01632511,1.19878215,-0.58546436,6
TNG50-1,50,1.0,227888,0,-0.02052283,-0.06766344,1.14257116,1.96993763,7
TNG50-1,50,1.0,227888,0,0.00181013,0.01106148,1.12769584,-0.35885552,8
TNG50-1,50,1.0,227888,0,0.037535,0.00764354,1.25374432,-1.66739827,9
TNG50-1,50,1.0,158267,0,-0.06069008,-0.02858606,0.84391133,-2.27246892,0
TNG50-1,50,1.0,158267,0,0.00046058,0.05887309,1.16166714,-2.4052943,1
TNG50-1,50,1.0,158267,0,0.06011891,0.0045463,1.2823376,-2.70834953,2
TNG50-1,50,1.0,158267,0,-0.0301071,-0.03699273,0.32103017,1.6651572,3
TNG50-1,50,1.0,158267,0,-0.02383467,0.0618072,0.59923575,1.7965294,4
TNG50-1,50,1.0,158267,0,-0.0108009,-0.02926068,0.32874866,1.22758396,5
TNG50-1,50,1.0,158267,0,0.02864141,0.07099778,1.21702991,-2.80675012,6
TNG50-1,50,1.0,158267,0,-0.02388127,0.07018035,1.38534069,1.40296199,7
TNG50-1,50,1.0,158267,0,-0.02667085,0.00280058,1.01902971,-0.32277472,8
TNG50-1,50,1.0,158267,0,-0.06726976,-0.07492748,0.3863695,-2.14951274,9
TNG50-1,50,1.0,246598,0,0.02160918,-0.09119354,0.51257597,0.20415834,0
TNG50-1,50,1.0,246598,0,0.00040489,-0.00011707,1.06322915,0.4370209,1
TNG50-1,50,1.0,246598,0,-0.07632979,0.0985245,0.5730088,0.87141737,2
TNG50-1,50,1.0,246598,0,-0.06507987,-0.03493221,1.35331839,2.05196137,3
TNG50-1,50,1.0,246598,0,-0.0390491,0.0431899,1.14672648,0.60876875,4
TNG50-1,50,1.0,246598,0,-0.10695024,-0.02399512,1.33532902,1.561879,5
TNG50-1,50,1.0,246598,0,0.07040154,0.00276196,1.37392002,-1.37615549,6
TNG50-1,50,1.0,246598,0,0.01838516,0.06073419,0.41692884,2.99558235,7
TNG50-1,50,1.0,246598,0,-0.00149805,-0.01729758,0.72167212,-2.94117658,8
TNG50-1,50,1.0,246598,0,-0.10951179,-0.03450525,0.82797532,-0.71266027,9
TNG50-1,50,1.0,225857,0,-0.00323543,-0.07830574,1.00807215,-1.23590334,0
TNG50-1,50,1.0,225857,0,0.02192026,0.07599425,0.7609253,3.09654262,1
TNG50-1,50,1.0,225857,0,0.00791518,0.05064281,0.47183066,2.56743122,2
TNG50-1,50,1.0,225857,0,-0.13548649,0.01752939,1.1457387,-0.09109714,3
TNG50-1,50,1.0,225857,0,-0.01618126,0.00830474,0.28671024,1.40008165,4
TNG50-1,50,1.0,225857,0,0.02125516,0.06903156,0.54692119,0.15085233,5
TNG50-1,50,1.0,225857,0,0.08201414,0.06056626,0.79952657,1.63947501,6
TNG50-1,50,1.0,225857,0,0.08432288,0.05790223,1.06161135,2.05448978,7
TNG50-1,50,1.0,225857,0,-0.06815753,0.02283399,0.72870518,-2.99568104,8
TNG50-1,50,1.0,225857,0,-0.01748626,-0.01746141,0.58959696,-2.64439145,9
TNG50-1,50,1.0,130254,0,0.03739247,-0.08370312,1.32613856,2.24316419,0
TNG50-1,50,1.0,130254,0,0.02099984,-0.00587972,0.87535033,2.61820577,1
TNG50-1,50,1.0,130254,0,-0.01385347,-0.05816956,0.41537008,-0.13716534,2
TNG50-1,50,1.0,130254,0,-0.00502119,0.07156233,0.63128654,1.80802379,3
TNG50-1,50,1.0,130254,0,0.03807332,-0.05785605,0.55975143,-1.91586636,4
TNG50-1,50,1.0,130254,0,-0.0567898,-0.08250949,0.39776977,0.64798632,5
TNG50-1,50,1.0,130254,0,0.01020839,0.00666761,0.81532661,-0.8881587,6
TNG50-1,50,1.0,130254,0,0.03497549,-0.02068515,0.21974308,0.60427687,7
TNG50-1,50,1.0,130254,0,-0.0891137,-0.07523026,1.37257222,1.1030792,8
TNG50-1,50,1.0,130254,0,0.0342469,0.02629076,0.56185127,-0.96089591,9
TNG50-1,50,1.0,191612,0,0.07639856,0.07231574,0.78641844,-1.16745695,0
TNG50-1,50,1.0,191612,0,0.0230528,0.07312587,0.91644518,0.12689165,1
TNG50-1,50,1.0,191612,0,-0.01909006,-0.0938458,1.29063936,-0.12333883,2
TNG50-1,50,1.0,191612,0,-0.05728874,0.02748901,1.21288978,1.36120831,3
TNG50-1,50,1.0,191612,0,0.10237033,-0.00606074,1.21297714,1.44695643,4
TNG50-1,50,1.0,191612,0,-0.00122259,-0.05166616,0.855305,1.43929379,5
TNG50-1,50,1.0,191612,0,0.0698664,0.0130873,0.99568432,-1.87540779,6
TNG50-1,50,1.0,191612,0,0.04468168,-0.06747984,1.0656339,-0.31985726,7
TNG50-1,50,1.0,191612,0,-0.02604508,-0.02332277,0.90090574,1.95516825,8
TNG50-1,50,1.0,191612,0,-0.02564706,-0.03992369,0.29823228,-0.74436789,9
TNG50-1,50,1.0,87126,0,-0.04313352,-0.09369739,1.32242342,-0.40571192,0
TNG50-1,50,1.0,87126,0,0.10549927,0.03902055,0.70017033,2.78960309,1
TNG50-1,50,1.0,87126,0,-0.07633478,-0.07736157,1.03553835,-1.71032057,2
TNG50-1,50,1.0,87126,0,-0.07132565,-0.06389094,0.86879859,1.1048291,3
TNG50-1,50,1.0,87126,0,0.0282564,0.02570126,1.3786988,-2.82841643,4
TNG50-1,50,1.0,87126,0,0.0812493,0.05309122,0.74756885,1.37036137,5
TNG50-1,50,1.0,87126,0,0.00947754,-0.00794841,0.9621353,-1.64344762,6
TNG50-1,50,1.0,87126,0,0.04996518,0.02850863,0.82782029,-0.30462729,7
TNG50-1,50,1.0,87126,0,-0.09979014,0.02688941,1.13107249,-0.83093178,8
TNG50-1,50,1.0,87126,0,-0.02497725,-0.01077134,1.2785584,-2.43259587,9
TNG50-1,50,1.0,287037,0,-0.05870042,0.05761685,0.76917544,-2.51435557,0
TNG50-1,50,1.0,287037,0,-0.12607291,0.06491512,1.37960164,-0.6224979,1
TNG50-1,50,1.0,287037,0,-0.00361108,0.04771118,1.26639001,3.03994228,2
TNG50-1,50,1.0,287037,0,0.05612122,-0.0675275,0.44833641,1.5936249,3
TNG50-1,50,1.0,287037,0,0.0795631,0.04313095,0.20978225,3.04763312,4
TNG50-1,50,1.0,287037,0,-0.04354136,0.0254521,0.97040681,1.54596911,5
TNG50-1,50,1.0,287037,0,0.08759896,-0.08356172,0.96274864,0.67927561,6
TNG50-1,50,1.0,287037,0,-0.11139662,-0.10335069,0.64931685,1.5973166,7
TNG50-1,50,1.0,287037,0,-0.01840253,0.05189946,1.37016881,0.99960246,8
TNG50-1,50,1.0,287037,0,-0.02086053,-0.00900497,1.0287419,-0.22577979,9
TNG50-1,50,1.0,41132,0,-0.02985009,-0.05485325,1.07189523,-1.08188005,0
TNG50-1,50,1.0,41132,0,0.02306061,0.03683544,1.28780403,-1.04539883,1
TNG50-1,50,1.0,41132,0,0.00970681,-0.13583683,1.30940409,1.17707279,2
TNG50-1,50,1.0,41132,0,-0.10770149,-0.02241782,1.39476769,-2.83340752,3
TNG50-1,50,1.0,41132,0,0.0103569,0.07128977,0.68779922,2.04687158,4
TNG50-1,50,1.0,41132,0,0.01832794,0.00036062,0.26537205,3.12461094,5
TNG50-1,50,1.0,41132,0,0.0641881,0.04481584,0.22743372,1.72831439,6
TNG50-1,50,1.0,41132,0,-0.03276156,-0.08208992,0.63470796,1.76982559,7
TNG50-1,50,1.0,41132,0,-0.11210344,-0.08009948,1.26468594,-0.68917953,8
TNG50-1,50,1.0,41132,0,-0.04983854,0.07186212,0.27652848,-2.72739635,9
TNG50-1,50,1.0,254473,0,-0.02869096,0.03442573,0.73620018,1.2918354,0
TNG50-1,50,1.0,254473,0,0.02059401,0.00249344,0.64320708,2.20027176,1
TNG50-1,50,1.0,254473,0,0.00926458,0.12036629,0.57605024,-2.19412905,2
TNG50-1,50,1.0,254473,0,0.10658027,0.07139899,1.22436189,1.34744942,3
TNG50-1,50,1.0,254473,0,0.02194244,0.05886227,0.91873387,-0.19014036,4
TNG50-1,50,1.0,254473,0,0.05755728,0.03821431,0.45316569,2.21727882,5
TNG50-1,50,1.0,254473,0,-0.05356426,0.08816804,1.06158821,2.56009841,6
TNG50-1,50,1.0,254473,0,0.02625786,-0.07184846,1.02603358,2.34039167,7
TNG50-1,50,1.0,254473,0,-0.03614907,0.06851416,0.25457007,-2.7370489,8
TNG50-1,50,1.0,254473,0,0.01977266,-0.04956222,1.30616751,1.6138693,9
TNG50-1,50,1.0,252468,0,0.03195813,-0.04535916,0.73802938,-1.60302502,0
TNG50-1,50,1.0,252468,0,0.04460274,0.04115705,1.33176222,0.43972836,1
TNG50-1,50,1.0,252468,0,0.06387883,-0.13256822,1.26661952,-3.05757306,2
TNG50-1,50,1.0,252468,0,0.02142482,0.02460031,1.06125599,-0.21741291,3
TNG50-1,50,1.0,252468,0,0.05254564,0.05299022,1.31595585,2.16019048,4
TNG50-1,50,1.0,252468,0,-0.03325541,-0.02881876,0.38543923,2.6895652,5
TNG50-1,50,1.0,252468,0,0.0459041,-0.0215095,0.79765281,-0.98925797,6
TNG50-1,50,1.0,252468,0,0.04523646,-0.05370687,1.32143695,0.89495548,7
TNG50-1,50,1.0,252468,0,0.07564433,-0.02607736,0.62941495,-1.71641896,8
TNG50-1,50,1.0,252468,0,-0.0834218,-0.02462843,1.08330313,0.37832988,9
TNG50-1,50,1.0,261670,0,-0.00237585,-0.00587866,0.84137593,-1.88349901,0
TNG50-1,50,1.0,261670,0,0.07276142,0.02723387,0.79267336,0.81841419,1
TNG50-1,50,1.0,261670,0,0.02289505,0.04156735,0.57175455,0.48410359,2
TNG50-1,50,1.0,261670,0,-0.03800459,0.02387248,1.03467876,-0.63062398,3
TNG50-1,50,1.0,261670,0,0.00794576,-0.01515967,0.90953797,2.09540026,4
TNG50-1,50,1.0,261670,0,-0.04137745,0.0466665,0.87804259,1.24659399,5
TNG50-1,50,1.0,261670,0,0.0210241,-0.04365314,1.1343133,-2.99870382,6
TNG50-1,50,1.0,261670,0,0.02576701,-0.0660261,1.35556741,1.73852014,7
TNG50-1,50,1.0,261670,0,-0.06835799,-0.15976433,1.39652498,0.04397487,8
TNG50-1,50,1.0,261670,0,0.00875747,-0.00350705,0.55989314,-0.96120616,9
TNG50-1,50,1.0,255891,0,-0.09259722,0.01238925,0.30217052,2.68909901,0
TNG50-1,50,1.0,255891,0,0.02603713,0.00479038,0.8832004,-0.1361919,1
TNG50-1,50,1.0,255891,0,0.04820657,-0.00900673,1.21747597,0.09189992,2
TNG50-1,50,1.0,255891,0,-0.08960875,-0.05413259,0.20501939,2.42959533,3
TNG50-1,50,1.0,255891,0,0.01844631,0.02113441,1.25405345,1.99653236,4
TNG50-1,50,1.0,255891,0,0.05415915,0.02354272,1.11318971,-1.63537471,5
TNG50-1,50,1.0,255891,0,0.02979555,0.01004111,1.25628204,-3.06037648,6
TNG50-1,50,1.0,255891,0,-0.02083351,0.00554968,0.99289323,0.81366994,7
TNG50-1,50,1.0,255891,0,-0.04717482,0.08396247,1.03642703,2.16675535,8
TNG50-1,50,1.0,255891,0,0.0040489,-0.03121894,0.96681841,0.33206705,9
TNG50-1,50,1.0,207683,0,0.05037138,0.04382025,0.32006761,-1.86435163,0
TNG50-1,50,1.0,207683,0,-0.08338662,-0.02720511,0.52201585,0.65536239,1
TNG50-1,50,1.0,207683,0,-0.0226827,-0.09827129,0.89634017,1.76823304,2
TNG50-1,50,1.0,207683,0,0.05245352,-0.06505422,1.05256309,-2.27382343,3
TNG50-1,50,1.0,207683,0,0.07850989,0.00049778,0.69684813,-0.37316953,4
TNG50-1,50,1.0,207683,0,-0.03866479,-0.09317116,0.93044221,1.18543025,5
TNG50-1,50,1.0,207683,0,-0.04449108,-0.01485802,0.28199027,2.09772668,6
TNG50-1,50,1.0,207683,0,0.02837232,-0.06960483,1.35449159,-0.02297076,7
TNG50-1,50,1.0,207683,0,-0.03115169,0.08199695,1.37174243,-1.84629147,8
TNG50-1,50,1.0,207683,0,-0.0134289,0.10825713,0.88847206,0.53909262,9
TNG50-1,50,1.0,262167,0,0.06443153,-0.04086559,0.7804405,-2.1535149,0
TNG50-1,50,1.0,262167,0,0.00749138,-0.05749873,0.92548186,2.98877203,1
TNG50-1,50,1.0,262167,0,-0.02518505,-0.02100775,1.28557707,-1.66120989,2
TNG50-1,50,1.0,262167,0,-0.02046835,0.02162375,1.22845891,-1.87670461,3
TNG50-1,50,1.0,262167,0,-0.00167564,0.00603552,1.25038517,0.75948187,4
TNG50-1,50,1.0,262167,0,0.01042089,0.09871724,0.86934265,0.35303072,5
TNG50-1,50,1.0,262167,0,-0.04600772,-0.11052265,0.28908781,-1.72252593,6
TNG50-1,50,1.0,262167,0,-0.011697,0.02346705,0.49363106,1.07043401,7
TNG50-1,50,1.0,262167,0,-0.03853364,0.00032101,1.37920262,-2.53207837,8
TNG50-1,50,1.0,262167,0,-0.06075248,0.04078352,1.16830377,-3.01989322,9
TNG50-1,50,1.0,253145,0,0.04038538,-0.00294564,0.86552984,-1.84283312,0
TNG50-1,50,1.0,253145,0,-0.08059041,-0.05672295,1.33204371,0.49854936,1
TNG50-1,50,1.0,253145,0,-0.03604489,-0.00193778,1.26586966,0.78878071,2
TNG50-1,50,1.0,253145,0,0.02863259,-0.00368634,1.3364133,0.44236965,3
TNG50-1,50,1.0,253145,0,0.00208618,-0.00978871,1.31041163,-1.97189937,4
TNG50-1,50,1.0,253145,0,0.07081368,-0.04212055,0.27876607,1.40153107,5
TNG50-1,50,1.0,253145,0,-0.07056837,0.02163281,1.22191818,-2.68139229,6
TNG50-1,50,1.0,253145,0,0.11760825,-0.01586686,0.75301845,0.57302657,7
TNG50-1,50,1.0,253145,0,-0.07689962,0.05518324,0.81534357,-0.40049443,8
TNG50-1,50,1.0,253145,0,-0.10145819,-0.00901861,0.82131762,-1.56899561,9
TNG50-1,50,1.0,281395,0,0.05244896,-0.0076844,0.96428595,0.15038941,0
TNG50-1,50,1.0,281395,0,-0.04599949,-0.02062966,0.42001179,0.61433758,1
TNG50-1,50,1.0,281395,0,0.02873339,-0.06524743,1.09568564,-1.4134807,2
TNG50-1,50,1.0,281395,0,-0.00569353,0.00373827,0.52648928,1.09623636,3
TNG50-1,50,1.0,281395,0,-0.04715226,-0.04013572,1.2014458,1.24760151,4
TNG50-1,50,1.0,281395,0,0.01926538,-0.05101644,0.7331111,0.15756025,5
TNG50-1,50,1.0,281395,0,-0.00330059,-0.01203499,1.32662567,-2.21331051,6
TNG50-1,50,1.0,281395,0,-0.03145596,0.03670133,0.25059123,2.63382296,7
TNG50-1,50,1.0,281395,0,0.00209995,0.00928068,0.34001255,-2.41874308,8
TNG50-1,50,1.0,281395,0,-0.00647652,-0.02655711,1.0143121,0.81161267,9
TNG50-1,50,1.0,250015,0,-0.04395486,0.00035472,0.72015726,2.04037142,0
TNG50-1,50,1.0,250015,0,-0.02048179,-0.01390883,1.35692151,1.94582903,1
TNG50-1,50,1.0,250015,0,0.01523132,-0.03056413,0.90251293,2.22503776,2
TNG50-1,50,1.0,250015,0,-0.05586539,0.07949211,1.27935544,-1.09264662,3
TNG50-1,50,1.0,250015,0,0.00821161,0.020762,0.76300271,0.17623096,4
TNG50-1,50,1.0,250015,0,-0.01061691,-0.01913561,1.30036913,1.71749207,5
TNG50-1,50,1.0,250015,0,-0.03302934,0.00729302,1.33915332,-2.28088728,6
TNG50-1,50,1.0,250015,0,-0.02352862,-0.05134101,0.72625361,1.40988948,7
TNG50-1,50,1.0,250015,0,-0.00772759,-0.02183858,1.34751126,-2.52906786,8
TNG50-1,50,1.0,250015,0,-0.03839183,-0.01600387,1.2112395,2.59653015,9
TNG50-1,50,1.0,106002,0,-0.00871035,-0.03468813,1.35728337,1.78891848,0
TNG50-1,50,1.0,106002,0,0.09906317,0.01927794,1.01853282,1.26111434,1
TNG50-1,50,1.0,106002,0,0.01256069,-0.0033504,1.39163272,-1.72952567,2
TNG50-1,50,1.0,106002,0,0.04346627,-0.0154128,1.34130087,-0.87405427,3
TNG50-1,50,1.0,106002,0,0.02699425,0.1339388,0.8602592,2.82282758,4
TNG50-1,50,1.0,106002,0,0.01366789,-0.07695257,0.71229891,1.01291594,5
TNG50-1,50,1.0,106002,0,0.00543495,0.04792564,1.25978459,1.81599596,6
TNG50-1,50,1.0,106002,0,0.04486953,-0.04313355,0.7022894,2.94489514,7
TNG50-1,50,1.0,106002,0,0.03593211,0.00655977,0.35009685,-1.6874316,8
TNG50-1,50,1.0,106002,0,0.01319467,0.12842938,0.68879314,-1.12037571,9
TNG50-1,50,1.0,200752,0,-0.00981289,-0.03795917,0.39158063,2.66284133,0
TNG50-1,50,1.0,200752,0,-0.01045963,-0.00043747,1.05793385,2.3295689,1
TNG50-1,50,1.0,200752,0,0.03551546,-0.05799947,1.09010292,-1.38933652,2
TNG50-1,50,1.0,200752,0,0.02311762,-0.06490795,0.66769691,2.93203814,3
TNG50-1,50,1.0,200752,0,-0.04134005,-0.04372142,1.17687659,2.68855359,4
TNG50-1,50,1.0,200752,0,-0.01629136,-0.04852616,0.56199077,0.21596883,5
TNG50-1,50,1.0,200752,0,-0.01134612,-0.02071285,1.33709844,-0.61526424,6
TNG50-1,50,1.0,200752,0,0.03744797,-0.04894825,0.69192874,-2.45504625,7
TNG50-1,50,1.0,200752,0,-0.0584161,0.03477762,0.3099374,0.56947071,8
TNG50-1,50,1.0,200752,0,0.10090553,-0.03914919,0.21657629,1.26006736,9
TNG50-1,50,1.0,291550,0,0.03356785,0.09191439,1.27234399,1.82055632,0
TNG50-1,50,1.0,291550,0,-0.02113295,-0.00930769,1.21491452,0.70758612,1
TNG50-1,50,1.0,291550,0,0.02988954,-0.07030745,1.34645133,1.96810045,2
TNG50-1,50,1.0,291550,0,-0.01744163,-0.03761049,1.3042929,-0.60173919,3
TNG50-1,50,1.0,291550,0,0.0815138,-0.08254036,0.27597792,2.2587885,4
TNG50-1,50,1.0,291550,0,0.02021397,0.03268284,1.16296192,1.87564925,5
TNG50-1,50,1.0,291550,0,0.01311802,-0.05191465,1.13879582,-3.13075639,6
TNG50-1,50,1.0,291550,0,0.00635363,0.00843338,1.29435283,-0.07669171,7
TNG50-1,50,1.0,291550,0,0.08701332,0.05671085,0.67336881,-1.47895767,8
TNG50-1,50,1.0,291550,0,-0.07168752,-0.03360085,0.40623594,-2.59977526,9
TNG50-1,50,1.0,234932,0,0.0346681,0.04667094,0.83116116,2.12387531,0
TNG50-1,50,1.0,234932,0,-0.01243572,-0.01425155,0.78944738,-2.30438329,1
TNG50-1,50,1.0,234932,0,0.09255421,-0.00898337,0.94781089,2.86940156,2
TNG50-1,50,1.0,234932,0,0.05356564,-0.00163135,1.06918246,2.46138948,3
TNG50-1,50,1.0,234932,0,-0.05303463,0.05532697,0.88052751,-1.12514771,4
TNG50-1,50,1.0,234932,0,-0.10103699,0.01558124,0.80768463,-3.01477021,5
TNG50-1,50,1.0,234932,0,-0.03775506,-0.05286669,0.60786802,0.65330014,6
TNG50-1,50,1.0,234932,0,-0.06106293,0.08112571,0.62292724,-0.38693378,7
TNG50-1,50,1.0,234932,0,0.0912869,-0.01464077,0.78339492,1.56807359,8
TNG50-1,50,1.0,234932,0,-0.00051573,-0.02277601,0.46374316,0.15456488,9
TNG50-1,50,1.0,244863,0,-0.00875585,-0.02790435,0.7500768,-1.78229582,0
TNG50-1,50,1.0,244863,0,0.08048169,0.0492627,0.59202044,2.53176494,1
TNG50-1,50,1.0,244863,0,-0.00585383,0.05130781,1.24862701,-1.6537414,2
TNG50-1,50,1.0,244863,0,0.03217927,-0.08234462,0.94146592,-2.38236631,3
TNG50-1,50,1.0,244863,0,0.11761569,-0.04090848,0.78794133,-2.92070532,4
TNG50-1,50,1.0,244863,0,0.02020279,-0.02320022,1.2119588,-2.85914166,5
TNG50-1,50,1.0,244863,0,-0.0382606,0.02995445,0.94130939,-1.93782084,6
TNG50-1,50,1.0,244863,0,-0.03137843,0.05715378,0.81320838,0.67989413,7
TNG50-1,50,1.0,244863,0,3.291e-05,0.1350984,1.21995014,-3.03069522,8
TNG50-1,50,1.0,244863,0,-0.03164473,-0.02328366,1.07672885,-1.33992744,9
TNG50-1,50,1.0,248389,0,0.04779243,0.02863828,1.05451921,-0.28231966,0
TNG50-1,50,1.0,248389,0,0.03363814,0.00506566,0.48150208,0.09530013,1
TNG50-1,50,1.0,248389,0,0.03211261,0.05359264,0.58437701,1.84822735,2
TNG50-1,50,1.0,248389,0,0.0770705,-0.0029722,0.43036165,-1.73119922,3
TNG50-1,50,1.0,248389,0,-0.01840436,0.00280245,0.924312,1.31884486,4
TNG50-1,50,1.0,248389,0,0.06675404,0.02546325,1.00806752,1.32430534,5
TNG50-1,50,1.0,248389,0,-0.05221031,-0.03313248,1.06722923,2.19630491,6
TNG50-1,50,1.0,248389,0,-0.05404389,-0.03531032,1.36170572,-3.087032,7
TNG50-1,50,1.0,248389,0,0.03763733,0.02372147,0.43523782,-2.07096588,8
TNG50-1,50,1.0,248389,0,-0.07523704,-0.00146439,0.96195287,-0.18191799,9
TNG50-1,50,1.0,198351,0,0.03902766,0.00272566,0.93971183,-2.09751457,0
TNG50-1,50,1.0,198351,0,0.07849977,0.02358668,0.95784829,2.66982608,1
TNG50-1,50,1.0,198351,0,0.06406452,-0.00486654,1.27236292,-2.86527231,2
TNG50-1,50,1.0,198351,0,0.09727362,0.04675101,0.95757316,2.01556627,3
TNG50-1,50,1.0,198351,0,0.0309927,-0.13615772,1.350496,0.9841844,4
TNG50-1,50,1.0,198351,0,0.01144053,0.00949968,0.40270421,-1.57245685,5
TNG50-1,50,1.0,198351,0,-0.06924916,0.06012449,1.35208151,-1.86975274,6
TNG50-1,50,1.0,198351,0,0.01540483,0.09350243,1.0320402,-0.89423592,7
TNG50-1,50,1.0,198351,0,-0.02762517,0.03659807,1.39953054,2.06341617,8
TNG50-1,50,1.0,198351,0,0.0105755,0.08424415,0.63203459,2.27424007,9
TNG50-1,50,1.0,193153,0,0.02737434,0.06198892,1.21041429,-2.46504217,0
TNG50-1,50,1.0,193153,0,0.08084546,-0.0019677,1.23058287,0.84197182,1
TNG50-1,50,1.0,193153,0,0.08096174,0.00658719,0.72696238,2.45127484,2
TNG50-1,50,1.0,193153,0,0.03689363,-0.01373373,0.95678981,-1.55386862,3
TNG50-1,50,1.0,193153,0,0.03544048,-0.02612555,0.85615404,-1.08802983,4
TNG50-1,50,1.0,193153,0,0.11259537,-0.0273555,0.7318237,-1.22244536,5
TNG50-1,50,1.0,193153,0,-0.11671978,0.01355831,0.91038922,0.40378081,6
TNG50-1,50,1.0,193153,0,-0.02321678,-0.03872825,0.62991572,-0.54744253,7
TNG50-1,50,1.0,193153,0,0.04242459,0.04766024,1.12820625,-2.46326446,8
TNG50-1,50,1.0,193153,0,-0.01686435,0.0326613,0.52397983,2.45853012,9
TNG50-1,50,1.0,269303,0,0.05934371,0.08594224,0.44733069,-3.11363538,0
TNG50-1,50,1.0,269303,0,0.0289547,-0.0265408,1.20707484,3.10605263,1
TNG50-1,50,1.0,269303,0,0.0521178,0.07035633,0.63174087,1.97498959,2
TNG50-1,50,1.0,269303,0,0.03101757,0.02965698,0.88383454,-0.08500351,3
TNG50-1,50,1.0,269303,0,0.12051672,-0.00162305,1.1373198,1.13311825,4
TNG50-1,50,1.0,269303,0,-0.02941198,0.02712212,1.37077675,-0.14706275,5
TNG50-1,50,1.0,269303,0,0.01990658,0.01306322,0.585572,1.53678087,6
TNG50-1,50,1.0,269303,0,-0.02190602,0.01779773,1.1968854,-2.29758151,7
TNG50-1,50,1.0,269303,0,0.04784006,-0.01034355,0.82065547,-0.33708664,8
TNG50-1,50,1.0,269303,0,-0.00307874,-0.03507943,0.90891152,-1.03335039,9
TNG50-1,50,1.0,162738,0,0.1167998,0.04845179,1.1618492,-1.30854899,0
TNG50-1,50,1.0,162738,0,-0.04189408,0.09071274,1.39017956,-0.96323894,1
TNG50-1,50,1.0,162738,0,0.00435054,0.05632184,0.25058817,-0.81990063,2
TNG50-1,50,1.0,162738,0,-0.06095662,-0.06005901,0.85698718,-2.26192353,3
TNG50-1,50,1.0,162738,0,0.00208052,0.01069545,0.84707874,-0.90510627,4
TNG50-1,50,1.0,162738,0,-0.00668739,-0.09406862,0.32758591,-0.33459825,5
TNG50-1,50,1.0,162738,0,-0.0744747,0.04508525,0.56611037,-1.197906,6
TNG50-1,50,1.0,162738,0,0.14129135,-0.08175941,0.59243249,-2.10268701,7
TNG50-1,50,1.0,162738,0,-0.02476686,-0.04016007,1.1096245,-0.79538593,8
TNG50-1,50,1.0,162738,0,-0.02472313,-0.00016008,1.11381657,-0.11996,9
TNG50-1,50,1.0,171738,0,-0.09416642,-0.09149651,1.25812753,0.48293504,0
TNG50-1,50,1.0,171738,0,0.05652389,-0.00609642,1.15857761,1.5792077,1
TNG50-1,50,1.0,171738,0,0.05913624,-0.01056216,1.13451286,1.41999333,2
TNG50-1,50,1.0,171738,0,-0.02371834,0.01361509,0.21405032,-2.44713612,3
TNG50-1,50,1.0,171738,0,0.0260638,-0.03247537,1.21984422,3.13823813,4
TNG50-1,50,1.0,171738,0,-0.01085494,0.09428458,1.29258308,2.77647504,5
TNG50-1,50,1.0,171738,0,0.01209542,0.00803025,0.40304932,2.49186079,6
TNG50-1,50,1.0,171738,0,-0.05736297,0.01164409,1.26490095,0.76836529,7
TNG50-1,50,1.0,171738,0,0.03112463,0.00986169,0.49013077,0.14320216,8
TNG50-1,50,1.0,171738,0,-0.08205926,0.05014549,0.79972816,0.22794507,9
TNG50-1,50,1.0,234933,0,0.011369,-0.01366951,0.97385463,2.55880756,0
TNG50-1,50,1.0,234933,0,-0.08228301,-0.05365347,0.59449765,-1.18576764,1
TNG50-1,50,1.0,234933,0,-0.03361969,-0.02200398,1.34185992,1.88596291,2
TNG50-1,50,1.0,234933,0,-0.07506893,-0.06606742,0.88464442,-2.07849488,3
TNG50-1,50,1.0,234933,0,-0.08473792,-0.04225828,0.40591682,1.5429643,4
TNG50-1,50,1.0,234933,0,0.00588316,0.00444634,1.05746891,0.35831084,5
TNG50-1,50,1.0,234933,0,0.02801492,-0.0058903,0.32470738,-2.04192857,6
TNG50-1,50,1.0,234933,0,0.0220303,0.1532364,1.21456568,1.3702826,7
TNG50-1,50,1.0,234933,0,0.03013134,-0.06728978,1.31238905,1.34306927,8
TNG50-1,50,1.0,234933,0,-0.00059554,-0.00625494,0.9334351,0.0969824,9
TNG50-1,50,1.0,299541,0,-0.05116556,-0.03836636,0.65247992,-1.27112363,0
TNG50-1,50,1.0,299541,0,-0.00083493,0.01071705,0.37993867,-1.09245653,1
TNG50-1,50,1.0,299541,0,0.0174351,0.00755786,0.60340311,2.26614052,2
TNG50-1,50,1.0,299541,0,-0.015776,-0.09444737,0.79828371,-3.07557613,3
TNG50-1,50,1.0,299541,0,-0.02820192,0.00405408,1.15875202,-0.40179323,4
TNG50-1,50,1.0,299541,0,0.02817661,0.02572663,1.12100945,2.78244376,5
TNG50-1,50,1.0,299541,0,0.02487891,0.03185762,0.35584941,0.26789212,6
TNG50-1,50,1.0,299541,0,-0.01731448,0.00586829,0.52132617,-0.31135828,7
TNG50-1,50,1.0,299541,0,-0.08270331,-0.0988593,1.09146028,-1.17891529,8
TNG50-1,50,1.0,299541,0,0.02281891,0.06385405,1.07884028,-2.6771859,9
TNG50-1,50,1.0,307741,0,-0.0522855,0.07637262,1.12579334,-2.86460122,0
TNG50-1,50,1.0,307741,0,-0.03745124,-0.02745829,1.28536176,-1.00442454,1
TNG50-1,50,1.0,307741,0,0.00065968,-0.06621765,0.93968151,-0.93400876,2
TNG50-1,50,1.0,307741,0,0.01415711,0.01251245,0.41296809,-1.00451026,3
TNG50-1,50,1.0,307741,0,-0.0312502,0.05380875,1.39302396,-0.0773717,4
TNG50-1,50,1.0,307741,0,0.00384822,0.01805236,1.35364473,1.82574942,5
TNG50-1,50,1.0,307741,0,0.03039698,-0.00485078,1.0381498,-1.14427727,6
TNG50-1,50,1.0,307741,0,0.09807259,-0.07241967,0.77049393,1.53613329,7
TNG50-1,50,1.0,307741,0,-0.00631222,-0.00291846,0.98164472,-2.22132296,8
TNG50-1,50,1.0,307741,0,-0.00206487,0.06165775,0.45770132,0.38154552,9
TNG50-1,50,1.0,230938,0,2.375e-05,-0.00994463,1.22147296,-1.22638723,0
TNG50-1,50,1.0,230938,0,0.00640531,-0.07275987,1.35942991,-0.17921365,1
TNG50-1,50,1.0,230938,0,-0.07689167,0.02844778,1.36319953,-3.1387682,2
TNG50-1,50,1.0,230938,0,0.03223825,-0.04045028,1.32645878,2.64492688,3
TNG50-1,50,1.0,230938,0,-0.01302059,-0.06621309,0.87671796,-2.51893784,4
TNG50-1,50,1.0,230938,0,0.02323894,-0.05111217,1.10172487,1.1464966,5
TNG50-1,50,1.0,230938,0,0.01175568,0.01416662,1.19511334,0.80968567,6
TNG50-1,50,1.0,230938,0,0.00904683,-0.00482594,1.21575698,1.94190547,7
TNG50-1,50,1.0,230938,0,-0.00228568,-0.10663415,0.35278962,0.95119716,8
TNG50-1,50,1.0,230938,0,0.03932999,-0.0191828,1.30132655,1.69261106,9
TNG50-1,50,1.0,236658,0,-0.01699911,-0.00103699,0.78544596,-1.0385614,0
TNG50-1,50,1.0,236658,0,0.05185675,-0.05196378,0.73322864,-1.41298108,1
TNG50-1,50,1.0,236658,0,0.06298889,-0.06403587,0.6933512,1.76839187,2
TNG50-1,50,1.0,236658,0,0.05419831,0.06113457,0.71241583,-1.57496301,3
TNG50-1,50,1.0,236658,0,-0.00841149,-0.04848288,0.69535332,2.01590582,4
TNG50-1,50,1.0,236658,0,-0.10698945,1.658e-05,1.33879009,-2.02862974,5
TNG50-1,50,1.0,236658,0,-0.0074103,0.04772574,1.34772756,-0.8829539,6
TNG50-1,50,1.0,236658,0,-0.037899,0.04571521,1.08997199,-0.62156028,7
TNG50-1,50,1.0,236658,0,-0.00648625,0.03974241,0.93057501,-1.25971301,8
TNG50-1,50,1.0,236658,0,-0.03355454,0.01514333,0.66362515,-3.12050054,9
TNG50-1,50,1.0,292785,0,0.07336669,0.00948631,1.34505483,0.65155525,0
TNG50-1,50,1.0,292785,0,-0.07879617,0.04520445,1.19491139,-0.91634649,1
TNG50-1,50,1.0,292785,0,-0.08450009,-0.05829785,1.14429088,-1.96103716,2
TNG50-1,50,1.0,292785,0,0.03848433,-0.00989738,1.03126435,-2.29747062,3
TNG50-1,50,1.0,292785,0,0.04329036,-0.01221183,0.9845362,1.53419513,4
TNG50-1,50,1.0,292785,0,-0.0096625,0.02089796,1.15262636,-0.19394938,5
TNG50-1,50,1.0,292785,0,0.02001972,-0.00043492,0.6261144,-2.85055833,6
TNG50-1,50,1.0,292785,0,0.03726035,-0.02729418,1.21235281,3.04005328,7
TNG50-1,50,1.0,292785,0,-0.04069316,0.06242829,0.746286,1.07632964,8
TNG50-1,50,1.0,292785,0,-0.03534242,-0.02696287,0.53555767,2.16256275,9
TNG50-1,50,1.0,158268,0,0.0526589,-0.04151129,0.50732243,1.3340886,0
TNG50-1,50,1.0,158268,0,-0.09192972,-0.06237692,0.84986654,2.19025758,1
TNG50-1,50,1.0,158268,0,-0.03775015,-0.04047973,0.95033746,-0.96517242,2
TNG50-1,50,1.0,158268,0,0.02600561,0.01961669,1.29779632,0.0560126,3
TNG50-1,50,1.0,158268,0,-0.00511907,0.01718011,0.73826622,2.97991995,4
TNG50-1,50,1.0,158268,0,-0.00954764,-0.04002536,1.29013908,-0.51906304,5
TNG50-1,50,1.0,158268,0,-0.0590395,-0.11053797,1.37811489,1.93076268,6
TNG50-1,50,1.0,158268,0,-0.00054012,0.02100064,0.96948295,0.16329444,7
TNG50-1,50,1.0,158268,0,0.05018312,-0.04488537,0.88446335,-1.73439884,8
TNG50-1,50,1.0,158268,0,0.0009984,0.03445312,0.20382118,0.5052852,9
TNG50-1,50,1.0,176324,0,0.06901529,0.05311562,1.06192241,-0.17822043,0
TNG50-1,50,1.0,176324,0,-0.00350419,-0.0178597,0.55703885,1.13275086,1
TNG50-1,50,1.0,176324,0,-0.08783669,0.15226628,0.91317148,-0.09239992,2
TNG50-1,50,1.0,176324,0,-0.04621328,-0.02822444,0.89260012,1.00104109,3
TNG50-1,50,1.0,176324,0,-0.0638769,-0.0451665,1.09156304,1.09417573,4
TNG50-1,50,1.0,176324,0,-0.00658718,-0.05131503,0.57145981,1.31596014,5
TNG50-1,50,1.0,176324,0,0.01036695,-0.01054704,1.17684031,2.03135251,6
TNG50-1,50,1.0,176324,0,-0.02516085,-0.0859768,0.96583337,0.2558674,7
TNG50-1,50,1.0,176324,0,0.03885233,0.01472814,0.8972469,-1.92719013,8
TNG50-1,50,1.0,176324,0,0.00394011,-0.09526519,0.68962752,1.1287167,9
TNG50-1,50,1.0,250975,0,-0.08193898,-0.09223286,0.66256247,0.92162827,0
TNG50-1,50,1.0,250975,0,-0.06704757,0.02183188,1.13772669,-0.37335755,1
TNG50-1,50,1.0,250975,0,-0.02957731,-0.05028392,0.81662435,-2.80121967,2
TNG50-1,50,1.0,250975,0,0.03414734,-0.00326534,0.85365044,-0.65028551,3
TNG50-1,50,1.0,250975,0,0.06165301,0.00598135,1.28079092,2.51485881,4
TNG50-1,50,1.0,250975,0,0.06902711,0.01240598,1.23817014,1.91603726,5
TNG50-1,50,1.0,250975,0,0.02649008,0.04688958,0.76203574,2.68558149,6
TNG50-1,50,1.0,250975,0,-0.00414448,0.04160376,0.3864927,-2.18132348,7
TNG50-1,50,1.0,250975,0,0.03973129,0.00975,0.88043638,0.03743369,8
TNG50-1,50,1.0,250975,0,-0.05722503,-0.02210076,0.8893046,0.5323627,9
TNG50-1,50,1.0,238585,0,0.04137976,0.0540737,1.30751188,-1.69116761,0
TNG50-1,50,1.0,238585,0,-0.04814569,-0.10522029,0.6339649,2.59407338,1
TNG50-1,50,1.0,238585,0,-0.02357455,-0.01028576,1.02984099,2.6261618,2
TNG50-1,50,1.0,238585,0,-0.01066398,-0.02344497,0.84356534,-0.49636754,3
TNG50-1,50,1.0,238585,0,0.00196434,0.02093957,1.39675825,-1.23148474,4
TNG50-1,50,1.0,238585,0,-0.01718266,-0.07271464,0.82655564,-0.7474757,5
TNG50-1,50,1.0,238585,0,-0.00336855,-0.02498927,1.16025727,3.07460816,6
TNG50-1,50,1.0,238585,0,-0.00298138,-0.00511799,0.96373465,0.74641871,7
TNG50-1,50,1.0,238585,0,-0.02235155,0.05350368,1.14708058,0.28136253,8
TNG50-1,50,1.0,238585,0,-0.03865972,0.01660925,0.21471382,-2.91591395,9
TNG50-1,50,1.0,241679,0,-0.12068062,0.01814049,1.06905138,-0.10068805,0
TNG50-1,50,1.0,241679,0,0.08826781,0.01527627,1.23271762,-0.41606325,1
TNG50-1,50,1.0,241679,0,-0.04010477,-0.02406305,0.98956809,-1.90393742,2
TNG50-1,50,1.0,241679,0,-0.01231865,0.00101289,1.18456194,2.48905182,3
TNG50-1,50,1.0,241679,0,0.08204533,-0.0918605,1.20144991,2.97916134,4
TNG50-1,50,1.0,241679,0,-0.0070871,0.02300835,0.88360797,-2.81645548,5
TNG50-1,50,1.0,241679,0,-0.00816683,0.00807029,0.65738321,1.85822931,6
TNG50-1,50,1.0,241679,0,-0.06140865,0.09868304,0.56167683,0.91556414,7
TNG50-1,50,1.0,241679,0,-0.08174168,0.00037398,1.05627377,-1.4989402,8
TNG50-1,50,1.0,241679,0,-0.00831931,-0.04713347,1.34479244,0.84921094,9
TNG50-1,50,1.0,165283,0,-0.0025669,0.05049868,0.87263897,-2.75500772,0
TNG50-1,50,1.0,165283,0,0.05839792,0.02872435,1.32984182,0.96426401,1
TNG50-1,50,1.0,165283,0,-0.11735869,0.01903885,1.38576976,0.59398935,2
TNG50-1,50,1.0,165283,0,0.00152692,-0.008234,0.63751092,2.84019143,3
TNG50-1,50,1.0,165283,0,-0.00397482,0.09996886,0.9083892,2.55391641,4
TNG50-1,50,1.0,165283,0,-0.06857506,0.04010838,0.63673424,1.56721736,5
TNG50-1,50,1.0,165283,0,0.03358836,-0.0374775,1.26417216,-3.02122418,6
TNG50-1,50,1.0,165283,0,-0.03622501,-0.07000511,1.04717397,-0.12323231,7
TNG50-1,50,1.0,165283,0,-0.01785163,0.0283419,0.41631419,2.48878187,8
TNG50-1,50,1.0,165283,0,0.0924391,-0.00279346,1.25667745,-0.41688251,9
TNG50-1,50,1.0,285786,0,-0.02943591,0.04983963,0.86897134,-0.66568972,0
TNG50-1,50,1.0,285786,0,-0.02074069,-0.01307693,1.05959922,-2.68249798,1
TNG50-1,50,1.0,285786,0,0.06485965,0.00876029,0.90117008,1.91428256,2
TNG50-1,50,1.0,285786,0,0.00799556,0.02920202,0.92529969,2.15428342,3
TNG50-1,50,1.0,285786,0,0.06417993,-0.01919825,0.40502461,-1.02882517,4
TNG50-1,50,1.0,285786,0,0.02471101,-0.056747,1.22002472,0.11682506,5
TNG50-1,50,1.0,285786,0,-0.01546154,-0.04031355,0.39792312,1.9444515,6
TNG50-1,50,1.0,285786,0,-0.01951786,-0.01205177,1.37417538,-1.93495104,7
TNG50-1,50,1.0,285786,0,0.02808044,0.03311036,0.65491733,0.81037858,8
TNG50-1,50,1.0,285786,0,0.04102128,0.06294887,0.41531375,-0.43586042,9
TNG50-1,50,1.0,240875,0,0.0415779,-0.01276932,0.8458406,-1.71037041,0
TNG50-1,50,1.0,240875,0,0.05811683,0.04188329,0.29284184,-0.17278281,1
TNG50-1,50,1.0,240875,0,0.05420942,0.00699303,1.28440423,-2.69654335,2
TNG50-1,50,1.0,240875,0,-0.05927358,-0.02864857,0.88333808,2.49983508,3
TNG50-1,50,1.0,240875,0,0.06524555,-0.03540176,1.34775363,1.45115427,4
TNG50-1,50,1.0,240875,0,-0.01789676,0.02051174,0.60154652,1.63561232,5
TNG50-1,50,1.0,240875,0,-0.03775148,-0.00412589,0.83761001,2.35301083,6
TNG50-1,50,1.0,240875,0,-0.00846638,-0.06877526,1.02745783,1.83200461,7
TNG50-1,50,1.0,240875,0,0.04155642,0.04235807,0.60963372,-0.4281828,8
TNG50-1,50,1.0,240875,0,0.02702321,-0.02401375,1.00206384,-2.39617816,9
TNG50-1,50,1.0,271207,0,-0.09472231,0.02001517,1.20029229,2.94676197,0
TNG50-1,50,1.0,271207,0,-0.04006964,-0.03753991,1.34734216,2.46792768,1
TNG50-1,50,1.0,271207,0,-0.04271169,-0.0685251,0.53022671,0.30022594,2
TNG50-1,50,1.0,271207,0,0.00728607,-0.03051808,0.847433,-1.19764476,3
TNG50-1,50,1.0,271207,0,-0.06098862,0.10934879,1.26239688,1.2444177,4
TNG50-1,50,1.0,271207,0,0.08411316,0.03165105,1.14678968,2.0946531,5
TNG50-1,50,1.0,271207,0,0.00217612,0.01372674,0.23757426,1.79775384,6
TNG50-1,50,1.0,271207,0,-0.00615731,-0.04881867,0.8176831,2.99737704,7
TNG50-1,50,1.0,271207,0,0.07963569,0.04556254,0.81580654,0.85988783,8
TNG50-1,50,1.0,271207,0,-0.00080238,-0.06788466,1.34033479,-1.12327374,9
TNG50-1,50,1.0,256471,0,-0.07851995,-0.02678336,1.14953538,-0.09167832,0
TNG50-1,50,1.0,256471,0,-0.05324581,0.00668584,1.37513718,1.57159539,1
TNG50-1,50,1.0,256471,0,-0.01350298,0.03647132,1.24966365,-2.53155731,2
TNG50-1,50,1.0,256471,0,-0.07216317,0.05967007,1.31493567,-0.45105676,3
TNG50-1,50,1.0,256471,0,-0.02034323,-0.0066155,1.23587804,-0.00738529,4
TNG50-1,50,1.0,256471,0,-0.01873151,-0.08237553,0.61895389,2.08005673,5
TNG50-1,50,1.0,256471,0,0.06548419,-0.08589011,1.15142067,1.97428779,6
TNG50-1,50,1.0,256471,0,0.00712669,-0.01632063,0.67092844,2.18821579,7
TNG50-1,50,1.0,256471,0,0.05147148,-0.11689508,0.35213014,1.24327227,8
TNG50-1,50,1.0,256471,0,0.01508374,0.08975522,0.8825477,0.1919878,9
TNG50-1,50,1.0,292022,0,0.03100086,-0.000938,0.80524807,-3.03119769,0
TNG50-1,50,1.0,292022,0,0.08576286,-0.04081096,0.76862,0.4015931,1
TNG50-1,50,1.0,292022,0,-0.08626732,0.01351398,0.56858394,-2.05180547,2
TNG50-1,50,1.0,292022,0,-0.06438673,-0.01166341,1.02119801,-1.38617536,3
TNG50-1,50,1.0,292022,0,-0.03957231,-0.01205066,0.96063506,-2.92348268,4
TNG50-1,50,1.0,292022,0,0.03828709,-0.02562001,1.25294949,-2.07682673,5
TNG50-1,50,1.0,292022,0,-0.01024737,0.04624916,0.83938726,3.05758265,6
TNG50-1,50,1.0,292022,0,-0.03620546,0.01249401,1.14882403,3.13231089,7
TNG50-1,50,1.0,292022,0,0.03583665,0.05178504,0.95060156,1.38134522,8
TNG50-1,50,1.0,292022,0,0.04781951,0.06681631,0.65842863,0.70281735,9
TNG50-1,50,1.0,25241,0,0.01382754,0.02117529,1.03085523,2.70053777,0
TNG50-1,50,1.0,25241,0,0.01518659,0.00225054,1.26699721,2.51622174,1
TNG50-1,50,1.0,25241,0,-0.00587239,-0.05786069,1.13355017,-1.97739646,2
TNG50-1,50,1.0,25241,0,-0.03938994,-0.009274,1.17579712,1.16971769,3
TNG50-1,50,1.0,25241,0,-0.04842677,0.02937533,0.7645518,-1.79306558,4
TNG50-1,50,1.0,25241,0,0.08642327,-0.02495146,1.25047417,2.03138087,5
TNG50-1,50,1.0,25241,0,0.00569805,-0.01624216,0.80612906,0.85277373,6
TNG50-1,50,1.0,25241,0,0.05626339,-0.00866834,0.99148626,-1.29359668,7
TNG50-1,50,1.0,25241,0,0.06924535,0.10557647,0.55447686,-1.57630273,8
TNG50-1,50,1.0,25241,0,-0.02054235,-0.09170245,0.97294917,-0.44247664,9
TNG50-1,50,1.0,216435,0,0.00761091,0.05604438,0.37740928,-2.50197202,0
TNG50-1,50,1.0,216435,0,0.06747263,-0.02035883,0.58945635,-1.57366268,1
TNG50-1,50,1.0,216435,0,0.01852679,0.08623006,0.93513385,0.59380794,2
TNG50-1,50,1.0,216435,0,-0.05331668,-0.10620793,0.30189167,-2.75610172,3
TNG50-1,50,1.0,216435,0,0.02291406,0.00673978,1.27791377,0.31469112,4
TNG50-1,50,1.0,216435,0,0.03350553,0.07146963,0.89830783,0.53087535,5
TNG50-1,50,1.0,216435,0,-0.02738118,-0.04451522,1.24676014,-1.31339193,6
TNG50-1,50,1.0,216435,0,-0.07210465,-0.00796005,1.13932825,-1.29984665,7
TNG50-1,50,1.0,216435,0,0.0050148,-0.02015179,0.37208874,-1.70224516,8
TNG50-1,50,1.0,216435,0,-0.05004223,-0.03418838,0.50873967,2.73743537,9
TNG50-1,50,1.0,259473,0,0.0093274,-0.05845314,0.66655481,1.73073931,0
TNG50-1,50,1.0,259473,0,-0.07749624,0.03354966,1.36528157,0.85011965,1
TNG50-1,50,1.0,259473,0,-0.02849052,0.05284659,1.13355687,-1.60702487,2
TNG50-1,50,1.0,259473,0,0.05046982,-0.03607448,0.76059854,1.9182273,3
TNG50-1,50,1.0,259473,0,-0.03581373,-0.0186762,1.11852184,-1.79421068,4
TNG50-1,50,1.0,259473,0,0.04072519,0.00708144,1.33502964,2.54984824,5
TNG50-1,50,1.0,259473,0,-0.11655098,-0.07407425,1.10463298,1.29839322,6
TNG50-1,50,1.0,259473,0,-0.02796958,-0.02275516,0.72823742,-2.79777721,7
TNG50-1,50,1.0,259473,0,-0.00856773,0.0638056,1.29866285,1.88047643,8
TNG50-1,50,1.0,259473,0,0.08712702,0.02613274,0.71210115,0.04042313,9
TNG50-1,50,1.0,298512,0,0.02215206,0.02127951,1.00236592,-2.47673183,0
TNG50-1,50,1.0,298512,0,0.03008607,-0.00550084,1.27750843,2.24311423,1
TNG50-1,50,1.0,298512,0,0.05459453,-0.01264392,0.58683772,1.67972725,2
TNG50-1,50,1.0,298512,0,-0.05660617,-0.08673775,1.17910065,2.27051574,3
TNG50-1,50,1.0,298512,0,0.01108095,0.06698675,0.21711223,2.4818189,4
TNG50-1,50,1.0,298512,0,-0.01817375,-0.01609492,0.89404052,-1.69785601,5
TNG50-1,50,1.0,298512,0,-0.00493175,0.02529485,1.2042186,0.13198338,6
TNG50-1,50,1.0,298512,0,0.04322044,0.03394983,0.96212206,2.19862615,7
TNG50-1,50,1.0,298512,0,0.04865629,-0.06226578,1.11334901,-0.77039409,8
TNG50-1,50,1.0,298512,0,0.06992218,-0.04616732,0.64113578,-2.76204065,9
TNG50-1,50,1.0,278201,0,-0.05042483,0.01594215,0.72960674,0.16974601,0
TNG50-1,50,1.0,278201,0,0.08860495,-0.03127559,0.85958169,0.96055037,1
TNG50-1,50,1.0,278201,0,0.04238797,0.00320369,0.79228899,1.36474209,2
TNG50-1,50,1.0,278201,0,0.07037196,-0.08382066,0.79773204,-0.82442046,3
TNG50-1,50,1.0,278201,0,0.01240926,-0.11604844,0.39044195,-1.28400397,4
TNG50-1,50,1.0,278201,0,0.06270096,0.04156707,0.31385406,-1.99715716,5
TNG50-1,50,1.0,278201,0,-0.04241602,-0.01873719,1.02903488,0.36326581,6
TNG50-1,50,1.0,278201,0,0.00812955,-0.01307086,0.83677256,2.63456116,7
TNG50-1,50,1.0,278201,0,0.01435268,0.04154733,0.6088248,2.4880041,8
TNG50-1,50,1.0,278201,0,0.06912235,0.06985052,1.39914651,-0.87986003,9
TNG50-1,50,1.0,278928,0,0.00503918,-0.07278145,1.08774642,2.91026021,0
TNG50-1,50,1.0,278928,0,0.02194894,-0.02310338,0.67134858,1.18874612,1
TNG50-1,50,1.0,278928,0,0.04815705,-0.06041371,0.40856358,0.22810482,2
TNG50-1,50,1.0,278928,0,-0.00366774,-0.03024867,0.29746936,-2.31189934,3
TNG50-1,50,1.0,278928,0,-0.01863356,0.0625235,0.35491096,0.08319094,4
TNG50-1,50,1.0,278928,0,0.09931323,-0.03061629,0.90253914,2.79112382,5
TNG50-1,50,1.0,278928,0,0.00032931,0.03591281,0.96618918,0.64648525,6
TNG50-1,50,1.0,278928,0,0.03597809,0.07586326,0.24534263,-0.59923604,7
TNG50-1,50,1.0,278928,0,-0.02697698,-0.00137887,1.21673082,0.32108963,8
TNG50-1,50,1.0,278928,0,0.03449548,0.04968836,1.24307623,2.42622114,9
TNG50-1,50,1.0,231714,0,0.02621841,0.0094732,1.24881974,2.94408963,0
TNG50-1,50,1.0,231714,0,0.02292858,-0.00611181,0.54299859,1.52151229,1
TNG50-1,50,1.0,231714,0,-0.04640373,-0.0561866,0.57220801,-2.38815372,2
TNG50-1,50,1.0,231714,0,0.01865315,-0.056486,1.10039154,1.93129967,3
TNG50-1,50,1.0,231714,0,0.03957541,-0.10492609,0.66200367,0.92670099,4
TNG50-1,50,1.0,231714,0,0.05775707,-0.15597375,0.91488243,-1.01268411,5
TNG50-1,50,1.0,231714,0,0.02080536,-0.00658909,0.43614404,2.41293512,6
TNG50-1,50,1.0,231714,0,-0.04826253,0.11601152,0.60880027,0.41196765,7
TNG50-1,50,1.0,231714,0,-0.04056587,0.08983898,1.366194,2.21751159,8
TNG50-1,50,1.0,231714,0,-0.0217574,-0.04891157,0.49013756,1.06885621,9
TNG50-1,50,1.0,101012,0,0.0340753,0.01747256,0.92745897,-1.34853193,0
TNG50-1,50,1.0,101012,0,0.05444815,0.04599944,0.51715188,0.69713852,1
TNG50-1,50,1.0,101012,0,-0.04774642,0.03344043,0.43227734,1.91504946,2
TNG50-1,50,1.0,101012,0,0.00380236,0.01743599,0.93976429,2.4283652,3
TNG50-1,50,1.0,101012,0,0.0276734,0.03210641,1.00137979,-0.32222572,4
TNG50-1,50,1.0,101012,0,0.00577731,0.03442055,0.90477852,-0.81834918,5
TNG50-1,50,1.0,101012,0,0.01805504,0.07477506,0.54191908,-1.54910921,6
TNG50-1,50,1.0,101012,0,-0.06648147,-0.00170253,0.31292289,-2.30330785,7
TNG50-1,50,1.0,101012,0,0.02770181,0.00819785,1.11971307,-0.84874795,8
TNG50-1,50,1.0,101012,0,-0.02430821,0.04660334,0.69456656,2.33720548,9
TNG50-1,50,1.0,293832,0,-0.01907697,-0.01293648,1.1207579,1.31086261,0
TNG50-1,50,1.0,293832,0,-0.04641779,-0.01796033,0.33370082,-1.18544212,1
TNG50-1,50,1.0,293832,0,-0.05172059,-0.03788984,1.13146702,3.13326133,2
TNG50-1,50,1.0,293832,0,0.05637014,0.00775231,1.33141296,1.45623918,3
TNG50-1,50,1.0,293832,0,0.00133258,0.01199447,0.93818499,0.56807225,4
TNG50-1,50,1.0,293832,0,-0.02777836,-0.02783236,1.20835189,2.30666904,5
TNG50-1,50,1.0,293832,0,-0.0258923,-0.00720671,0.67618841,0.56116196,6
TNG50-1,50,1.0,293832,0,-0.02816135,0.10793119,0.79196228,0.33143719,7
TNG50-1,50,1.0,293832,0,-0.02369016,0.10602166,0.75819924,-1.65049474,8
TNG50-1,50,1.0,293832,0,-0.06322227,-0.05270451,1.23797284,1.11911067,9
TNG50-1,50,1.0,7,0,-0.02539871,-0.07410197,0.79800457,2.85550056,0
TNG50-1,50,1.0,7,0,0.03950055,0.01535018,0.95996033,-1.16107804,1
TNG50-1,50,1.0,7,0,0.02114904,0.01014517,1.26158706,-0.91551194,2
TNG50-1,50,1.0,7,0,-0.03538187,0.06413809,1.08820612,-1.74143017,3
TNG50-1,50,1.0,7,0,-0.02292754,0.05207045,1.01359828,-2.6095949,4
TNG50-1,50,1.0,7,0,-0.0117309,0.11985584,0.77870704,1.82241773,5
TNG50-1,50,1.0,7,0,0.07429783,-0.00369364,0.45176627,-1.63054891,6
TNG50-1,50,1.0,7,0,-0.04111523,-0.01302648,0.90736237,-1.36541323,7
TNG50-1,50,1.0,7,0,-0.03598803,-0.06501132,0.77002598,-1.99933296,8
TNG50-1,50,1.0,7,0,-0.05642921,0.03482891,1.33615062,2.98379222,9
TNG50-1,50,1.0,298803,0,-0.01797398,-0.01175546,1.23208393,2.05862927,0
TNG50-1,50,1.0,298803,0,-0.02566844,-0.0268991,1.37084183,0.55544067,1
TNG50-1,50,1.0,298803,0,0.07905243,-0.08551061,0.44221372,-3.08543213,2
TNG50-1,50,1.0,298803,0,0.02158805,-0.03388109,0.49520312,2.41066598,3
TNG50-1,50,1.0,298803,0,-0.05886086,0.06945997,1.24539518,1.43106863,4
TNG50-1,50,1.0,298803,0,-0.02356472,-0.01905722,1.17567407,1.80897552,5
TNG50-1,50,1.0,298803,0,0.07780521,-0.00516268,1.24219709,-2.69030158,6
TNG50-1,50,1.0,298803,0,0.03571827,0.00702628,0.71839714,1.3104222,7
TNG50-1,50,1.0,298803,0,-0.04591167,0.11090707,1.18909575,1.91379211,8
TNG50-1,50,1.0,298803,0,-0.01335353,0.00044374,0.39098516,2.86912456,9
TNG50-1,50,1.0,237548,0,-0.06045523,0.03159313,0.8436117,-2.12038624,0
TNG50-1,50,1.0,237548,0,-0.00634112,0.01703081,1.38627788,0.05280047,1
TNG50-1,50,1.0,237548,0,0.06103732,-0.02064249,1.25423626,0.91409357,2
TNG50-1,50,1.0,237548,0,-0.04438668,0.00189358,1.26180601,1.9598817,3
TNG50-1,50,1.0,237548,0,0.04826113,0.00823586,1.3188208,-2.33381249,4
TNG50-1,50,1.0,237548,0,0.03666589,0.01999378,0.69854976,0.73002286,5
TNG50-1,50,1.0,237548,0,0.01373618,0.03671701,1.30021648,1.72058495,6
TNG50-1,50,1.0,237548,0,-0.01643513,-0.03912358,0.7794919,-1.17869307,7
TNG50-1,50,1.0,237548,0,-0.04931476,-0.07332985,1.25088643,-2.6407249,8
TNG50-1,50,1.0,237548,0,0.08876896,0.00421404,1.30175212,-2.16175527,9
TNG50-1,50,1.0,165282,0,0.07975569,0.04259692,0.86406292,-0.23178534,0
TNG50-1,50,1.0,165282,0,0.00226475,-0.01192337,1.01751116,-1.65336946,1
TNG50-1,50,1.0,165282,0,0.00248726,-0.05040075,0.67080803,-0.05868737,2
TNG50-1,50,1.0,165282,0,0.00494906,-0.03287905,0.69301159,-1.56948873,3
TNG50-1,50,1.0,165282,0,0.00346579,0.0971321,1.28586116,0.18048689,4
TNG50-1,50,1.0,165282,0,-0.13150667,-0.03460987,0.62309157,-0.23556803,5
TNG50-1,50,1.0,165282,0,-0.00927532,-0.11777977,1.33501155,1.76246165,6
TNG50-1,50,1.0,165282,0,-0.06819732,0.05150828,0.95763069,-1.63306198,7
TNG50-1,50,1.0,165282,0,0.08131679,0.07502516,0.80578168,-1.88504868,8
TNG50-1,50,1.0,165282,0,0.07930415,0.08296078,0.5815416,-0.1621983,9
TNG50-1,50,1.0,298213,0,0.02695111,0.01084643,1.09736345,-1.35268775,0
TNG50-1,50,1.0,298213,0,0.02638033,-0.04405906,1.28817024,2.89894097,1
TNG50-1,50,1.0,298213,0,0.08214088,-0.02317803,1.29479436,2.7114372,2
TNG50-1,50,1.0,298213,0,0.10180091,-0.02279537,1.04714825,-0.41408311,3
TNG50-1,50,1.0,298213,0,-0.01167418,-0.0421222,1.13936166,-1.70546421,4
TNG50-1,50,1.0,298213,0,0.03365868,0.01567698,1.3240244,2.10394164,5
TNG50-1,50,1.0,298213,0,0.00421169,0.0209056,0.85062561,-0.87156676,6
TNG50-1,50,1.0,298213,0,-0.03160576,0.04897588,0.95648752,-2.11397333,7
TNG50-1,50,1.0,298213,0,0.01354071,-0.04288112,1.33622555,0.32426084,8
TNG50-1,50,1.0,298213,0,0.03357498,-0.02887393,0.51786921,-0.06658642,9
TNG50-1,50,1.0,279432,0,-0.03711506,-0.0270922,1.21314443,-1.00074106,0
TNG50-1,50,1.0,279432,0,0.07162716,-0.0074236,1.10127896,1.20655258,1
TNG50-1,50,1.0,279432,0,0.0008673,-0.00022717,1.38843522,-2.86367849,2
TNG50-1,50,1.0,279432,0,-0.06206821,0.01086608,0.75111965,2.07331691,3
TNG50-1,50,1.0,279432,0,-0.00599936,0.05549154,1.19108648,2.90173294,4
TNG50-1,50,1.0,279432,0,0.00012324,0.01359699,1.0988287,0.67630449,5
TNG50-1,50,1.0,279432,0,-0.05294451,-0.07013483,1.113782,2.86832669,6
TNG50-1,50,1.0,279432,0,0.01560868,-0.02811605,0.94640916,-0.54624864,7
TNG50-1,50,1.0,279432,0,0.04789046,0.00830105,0.52266801,-0.53387138,8
TNG50-1,50,1.0,279432,0,0.01191003,0.05620622,1.27553711,-2.47401107,9
TNG50-1,50,1.0,288097,0,0.01532888,0.01401164,1.26865139,2.6597575,0
TNG50-1,50,1.0,288097,0,-0.15414026,0.07158073,0.9394766,-2.06279613,1
TNG50-1,50,1.0,288097,0,0.12104693,-0.03239013,0.40911921,1.88953327,2
TNG50-1,50,1.0,288097,0,0.00915312,-0.0364012,1.23203699,0.82634411,3
TNG50-1,50,1.0,288097,0,0.01716845,0.06105096,1.31108779,1.96630239,4
TNG50-1,50,1.0,288097,0,0.05433474,-0.02286226,0.57622914,-2.06909474,5
TNG50-1,50,1.0,288097,0,0.02327014,-0.020528,0.99699142,-0.41414692,6
TNG50-1,50,1.0,288097,0,0.03734543,-0.01865721,0.48436697,-2.33208447,7
TNG50-1,50,1.0,288097,0,-0.02118617,-0.00324905,1.13960052,2.89078114,8
TNG50-1,50,1.0,288097,0,-0.06148977,-0.0786819,0.82530831,-2.74768894,9
TNG50-1,50,1.0,130256,0,-0.03406088,0.00266027,0.76604089,-0.52654894,0
TNG50-1,50,1.0,130256,0,0.01285376,0.01961402,0.55628094,1.10495783,1
TNG50-1,50,1.0,130256,0,0.02599019,-0.04242645,0.72230314,-0.80156024,2
TNG50-1,50,1.0,130256,0,-0.07072662,-0.01213062,1.27617901,0.08070859,3
TNG50-1,50,1.0,130256,0,-0.02519976,0.02338392,0.27588134,-1.96061747,4
TNG50-1,50,1.0,130256,0,0.01216427,-0.03810451,0.63143673,-2.1664351,5
TNG50-1,50,1.0,130256,0,-0.044984,-0.08288784,0.88417376,-2.66630259,6
TNG50-1,50,1.0,130256,0,0.02169521,-0.07682869,1.26209602,2.00835298,7
TNG50-1,50,1.0,130256,0,-0.01537141,-0.02090254,1.25575513,0.34800208,8
TNG50-1,50,1.0,130256,0,-0.03617101,-0.06592091,0.83976677,2.80947001,9
TNG50-1,50,1.0,138977,0,-0.0802046,-0.07663372,1.11201291,1.81211854,0
TNG50-1,50,1.0,138977,0,0.00657535,-0.01219614,1.19915409,-1.53355696,1
TNG50-1,50,1.0,138977,0,-0.06015802,-0.06738949,0.67328065,1.19478029,2
TNG50-1,50,1.0,138977,0,-0.02128242,0.0128638,0.5394877,0.27136063,3
TNG50-1,50,1.0,138977,0,0.11056013,0.00279851,1.12607388,2.12034652,4
TNG50-1,50,1.0,138977,0,0.04660872,-0.01538324,1.16822227,2.89264486,5
TNG50-1,50,1.0,138977,0,-0.00642063,0.05460285,1.17352344,-0.83383138,6
TNG50-1,50,1.0,138977,0,0.1599471,-0.02835495,1.35824503,-2.58653091,7
TNG50-1,50,1.0,138977,0,-0.04575873,0.01634259,1.16182482,1.5685706,8
TNG50-1,50,1.0,138977,0,0.05826082,0.04102775,1.37887333,-3.00774619,9
TNG50-1,50,1.0,296598,0,0.06016291,-0.05768919,0.61537756,-1.67639463,0
TNG50-1,50,1.0,296598,0,-0.02204664,0.00303184,0.54531097,1.48691967,1
TNG50-1,50,1.0,296598,0,-0.02803581,0.01533003,0.82941483,-2.48757118,2
TNG50-1,50,1.0,296598,0,-0.00243112,-0.07140783,0.8291262,-2.97356466,3
TNG50-1,50,1.0,296598,0,-0.02976862,0.03799707,1.29702505,-2.96456846,4
TNG50-1,50,1.0,296598,0,-0.02013241,0.03820238,0.7433603,-2.07190245,5
TNG50-1,50,1.0,296598,0,0.00485552,0.04873446,1.16275047,1.22489694,6
TNG50-1,50,1.0,296598,0,-0.02110202,0.01499445,0.93897685,-0.8588744,7
TNG50-1,50,1.0,296598,0,-0.02146087,0.03185411,0.3380976,-3.04142336,8
TNG50-1,50,1.0,296598,0,-0.05050788,0.10925129,0.50483936,3.06633663,9
TNG50-1,50,1.0,235672,0,-0.01512588,-0.01474751,0.88730251,0.6428143,0
TNG50-1,50,1.0,235672,0,-0.01820822,-0.0230512,1.04966372,0.48802003,1
TNG50-1,50,1.0,235672,0,-0.01513451,-0.10784474,1.35462614,-2.82939986,2
TNG50-1,50,1.0,235672,0,-0.02755409,0.03413838,0.52084776,-2.76776592,3
TNG50-1,50,1.0,235672,0,-0.0497946,-0.06165255,1.38708917,1.42809671,4
TNG50-1,50,1.0,235672,0,-0.09110159,0.00316351,0.45598385,-2.47830707,5
TNG50-1,50,1.0,235672,0,0.00723735,-0.04041342,0.62416493,-1.62204135,6
TNG50-1,50,1.0,235672,0,-0.0150062,-0.01943633,1.33728859,-0.0073099,7
TNG50-1,50,1.0,235672,0,-0.06876408,0.05761462,0.71336515,-2.11012187,8
TNG50-1,50,1.0,235672,0,0.00312667,0.02658091,0.65260175,1.82111567,9
TNG50-1,50,1.0,285389,0,0.04484138,-0.01954708,0.86274999,0.58533652,0
TNG50-1,50,1.0,285389,0,-0.03386809,-0.00645111,0.5401453,2.0892755,1
TNG50-1,50,1.0,285389,0,-0.02817738,-0.04893572,0.91403419,3.09971331,2
TNG50-1,50,1.0,285389,0,-0.00605238,-0.00875047,1.01502083,-1.11510633,3
TNG50-1,50,1.0,285389,0,0.07218497,-0.0558704,1.24143586,2.52555438,4
TNG50-1,50,1.0,285389,0,0.08469141,0.05125039,1.27214799,1.92297434,5
TNG50-1,50,1.0,285389,0,0.03969042,0.02718437,1.02405631,-2.71429402,6
TNG50-1,50,1.0,285389,0,0.01655099,0.07147812,1.00112906,-1.04201017,7
TNG50-1,50,1.0,285389,0,0.06676913,-0.08146414,0.70127035,-1.76530515,8
TNG50-1,50,1.0,285389,0,-0.01279212,0.09508485,1.01443482,1.03285685,9
TNG50-1,50,1.0,41131,0,0.02505956,-0.06217903,1.32601653,-3.11807828,0
TNG50-1,50,1.0,41131,0,-0.03168011,0.01083874,0.54019924,-2.6442058,1
TNG50-1,50,1.0,41131,0,0.00881439,0.08847115,1.29397076,0.14285185,2
TNG50-1,50,1.0,41131,0,-0.06688825,0.01010862,1.17821157,-1.69084949,3
TNG50-1,50,1.0,41131,0,-0.0064914,0.03510709,0.22464272,1.74391149,4
TNG50-1,50,1.0,41131,0,-0.12639648,-0.01688019,1.24078362,2.24629299,5
TNG50-1,50,1.0,41131,0,-0.07840581,-0.02553108,1.31615081,-2.23157996,6
TNG50-1,50,1.0,41131,0,-0.01611559,0.00410922,0.81325268,-1.02403435,7
TNG50-1,50,1.0,41131,0,0.11875591,-0.03291447,1.06049433,-2.22064026,8
TNG50-1,50,1.0,41131,0,-0.09003715,0.03621347,1.32393363,-1.34024927,9
TNG50-1,50,1.0,280271,0,0.09517338,0.02631093,0.29617201,2.09862791,0
TNG50-1,50,1.0,280271,0,-0.04754946,-0.05388141,0.70809985,-0.49050843,1
TNG50-1,50,1.0,280271,0,0.05402092,0.00484743,1.33671562,0.17213386,2
TNG50-1,50,1.0,280271,0,-0.05773403,-0.07382149,1.04932868,0.39504184,3
TNG50-1,50,1.0,280271,0,0.03273905,-0.01169441,0.84576673,0.39582044,4
TNG50-1,50,1.0,280271,0,0.03540763,-0.0573522,0.86573067,-1.80251069,5
TNG50-1,50,1.0,280271,0,-0.02551826,-0.00389903,1.24827947,0.62488391,6
TNG50-1,50,1.0,280271,0,-0.06087384,-0.02505397,0.87341796,-1.03909051,7
TNG50-1,50,1.0,280271,0,-0.09852166,-0.05951831,1.10039605,0.97402124,8
TNG50-1,50,1.0,280271,0,-0.03075568,-0.03294367,1.11014505,-2.22614764,9
TNG50-1,50,1.0,229968,0,-0.06930536,0.05392113,1.05008172,-1.86795723,0
TNG50-1,50,1.0,229968,0,-0.03041338,-0.00572612,1.00511857,1.54743464,1
TNG50-1,50,1.0,229968,0,-0.04376532,-0.01630676,0.50948449,-1.8851846,2
TNG50-1,50,1.0,229968,0,0.01127998,0.02310878,0.31898286,-1.48904802,3
TNG50-1,50,1.0,229968,0,0.00465988,-0.00381822,0.54750794,-1.21393944,4
TNG50-1,50,1.0,229968,0,0.02313249,-0.08290259,0.55139831,2.17392818,5
TNG50-1,50,1.0,229968,0,-0.02452613,-0.05307149,1.23323273,1.45822613,6
TNG50-1,50,1.0,229968,0,-0.0465115,0.05288544,1.17274463,0.19280228,7
TNG50-1,50,1.0,229968,0,0.00913645,0.00419422,0.85948688,2.00904409,8
TNG50-1,50,1.0,229968,0,-0.05147945,-0.08407839,0.79329106,1.96618617,9
TNG50-1,50,1.0,202095,0,0.0167488,-0.11461507,1.32158666,2.2492053,0
TNG50-1,50,1.0,202095,0,-0.02060533,-0.04912802,0.90992492,-0.77181124,1
TNG50-1,50,1.0,202095,0,0.05748519,0.06920529,0.86323616,2.91770958,2
TNG50-1,50,1.0,202095,0,-0.00219904,-0.06279729,1.13822213,-2.39917377,3
TNG50-1,50,1.0,202095,0,0.06246148,0.04412306,1.3612625,2.11400722,4
TNG50-1,50,1.0,202095,0,0.02538064,0.03532263,1.35699418,2.56566428,5
TNG50-1,50,1.0,202095,0,-0.00637542,-0.03628762,1.00339444,2.02743012,6
TNG50-1,50,1.0,202095,0,0.03938347,-0.09976158,0.75109832,1.94050612,7
TNG50-1,50,1.0,202095,0,0.03970292,-0.02844563,0.74191025,-0.87141487,8
TNG50-1,50,1.0,202095,0,0.0235955,0.10390075,1.24868425,1.34047427,9
TNG50-1,50,1.0,110864,0,-0.04595403,0.1383233,1.02647363,-0.77237921,0
TNG50-1,50,1.0,110864,0,-0.02313406,0.04555629,0.98392902,0.04283528,1
TNG50-1,50,1.0,110864,0,0.0846455,-0.0540861,1.34273611,-0.99528612,2
TNG50-1,50,1.0,110864,0,-0.01334216,0.01851111,1.27650884,0.93618995,3
TNG50-1,50,1.0,110864,0,-0.00837874,-0.03958684,0.38255514,-1.7190951,4
TNG50-1,50,1.0,110864,0,0.02546277,0.02231254,1.34355564,-2.98147864,5
TNG50-1,50,1.0,110864,0,-0.0118659,-0.06875937,0.8657833,-3.13172145,6
TNG50-1,50,1.0,110864,0,0.02000765,-0.05538897,0.67413379,-0.97067666,7
TNG50-1,50,1.0,110864,0,0.01403074,0.01719538,1.39023909,-0.86919827,8
TNG50-1,50,1.0,110864,0,0.00612943,0.04988346,1.21278185,2.8186628,9
TNG50-1,50,1.0,3,0,0.03645301,0.06426118,0.66203311,2.91705783,0
TNG50-1,50,1.0,3,0,0.01539329,-0.00050129,1.04532311,-0.21058683,1
TNG50-1,50,1.0,3,0,0.06547132,-0.02059198,0.73886301,2.72211939,2
TNG50-1,50,1.0,3,0,-0.02622271,0.03946472,0.69271542,3.12899196,3
TNG50-1,50,1.0,3,0,0.00943381,-0.03971022,0.77258028,-0.08673364,4
TNG50-1,50,1.0,3,0,-0.00495468,0.05424923,0.77331328,1.40966639,5
TNG50-1,50,1.0,3,0,0.00292397,0.0541421,0.84359366,0.90346134,6
TNG50-1,50,1.0,3,0,-0.04425995,0.06286395,0.93981118,-1.65081385,7
TNG50-1,50,1.0,3,0,0.02879558,0.01883115,1.23426146,-2.84572095,8
TNG50-1,50,1.0,3,0,0.02089821,-0.02432482,0.54962266,-0.29307722,9
TNG50-1,50,1.0,133838,0,0.03659794,-0.03050625,0.52644715,-1.56174157,0
TNG50-1,50,1.0,133838,0,0.07293084,0.06383774,0.81674153,-0.83105102,1
TNG50-1,50,1.0,133838,0,-0.01031862,0.04265881,0.92330562,2.46562252,2
TNG50-1,50,1.0,133838,0,-0.01566239,-0.01203698,1.00405904,-1.63936327,3
TNG50-1,50,1.0,133838,0,0.02382732,-0.05899487,0.97571426,-1.13349569,4
TNG50-1,50,1.0,133838,0,-0.03248288,-0.01734649,0.65489424,-1.74035098,5
TNG50-1,50,1.0,133838,0,-0.06584093,0.02850763,0.94509872,0.28740432,6
TNG50-1,50,1.0,133838,0,0.05738595,0.00943179,1.25290456,0.73567741,7
TNG50-1,50,1.0,133838,0,-0.02254756,0.0054549,1.35195702,0.20186324,8
TNG50-1,50,1.0,133838,0,0.00092243,0.01058494,1.2951275,2.83909907,9
TNG50-1,50,1.0,206386,0,0.03304855,-0.06468196,1.05603968,-2.11257826,0
TNG50-1,50,1.0,206386,0,0.05973462,0.0050429,0.27663168,-0.98890814,1
TNG50-1,50,1.0,206386,0,0.05184717,-0.0007702,1.31080469,-1.53436035,2
TNG50-1,50,1.0,206386,0,0.02624871,-0.05628583,0.61853428,-0.73375107,3
TNG50-1,50,1.0,206386,0,-0.04237486,-0.03353655,1.39048186,2.83917226,4
TNG50-1,50,1.0,206386,0,0.0497587,-0.03102131,0.97146405,-2.5056958,5
TNG50-1,50,1.0,206386,0,-0.05506037,-0.07026357,1.2721379,-0.48203273,6
TNG50-1,50,1.0,206386,0,-0.06052926,-0.0252105,0.85647518,-0.26960286,7
TNG50-1,50,1.0,206386,0,-0.06367647,-0.05406532,0.61536261,-1.38015159,8
TNG50-1,50,1.0,206386,0,0.04878613,0.02888378,1.37276992,-1.39168434,9
TNG50-1,50,1.0,191613,0,-0.05782594,0.03578512,1.10096764,0.89959106,0
TNG50-1,50,1.0,191613,0,-0.09333981,0.00731961,1.06130656,2.48579416,1
TNG50-1,50,1.0,191613,0,-0.03352963,0.02121756,0.68262197,3.13564259,2
TNG50-1,50,1.0,191613,0,-0.01782012,0.09680514,0.722433,-0.88465846,3
TNG50-1,50,1.0,191613,0,-0.07206167,-0.04124058,0.56408784,1.40297053,4
TNG50-1,50,1.0,191613,0,0.00884889,-0.1437408,0.62877931,0.25106749,5
TNG50-1,50,1.0,191613,0,0.05814282,-0.05267273,0.85950324,-0.28292052,6
TNG50-1,50,1.0,191613,0,0.04210581,0.02430225,1.28352197,-1.63446335,7
TNG50-1,50,1.0,191613,0,-0.00633428,0.0013463,0.81653697,-1.59646568,8
TNG50-1,50,1.0,191613,0,-0.09202058,-0.06078181,0.47657052,-1.9793775,9
TNG50-1,50,1.0,245604,0,0.00491335,0.00233596,1.14874711,-0.19642035,0
TNG50-1,50,1.0,245604,0,-0.01516664,0.00734997,0.93995361,-1.56921786,1
TNG50-1,50,1.0,245604,0,0.05369848,-0.04236741,1.1161802,2.42559883,2
TNG50-1,50,1.0,245604,0,-0.0154249,0.04682969,0.64756976,0.10762229,3
TNG50-1,50,1.0,245604,0,-0.01172707,0.01033046,1.2095489,-1.67529545,4
TNG50-1,50,1.0,245604,0,0.04073143,-0.00224281,0.37052701,-0.30617755,5
TNG50-1,50,1.0,245604,0,0.09053558,-0.06355727,1.12598843,-1.91012432,6
TNG50-1,50,1.0,245604,0,0.07037492,0.00311431,1.31388209,-2.01860286,7
TNG50-1,50,1.0,245604,0,-0.00683269,-0.09466062,1.19755202,-1.25251234,8
TNG50-1,50,1.0,245604,0,-0.00247571,-0.02908247,1.33885567,-2.46111448,9
TNG50-1,50,1.0,316899,0,-0.04153902,-0.03263137,0.43826345,2.60368603,0
TNG50-1,50,1.0,316899,0,-0.03313453,0.09563423,0.66221754,0.53280755,1
TNG50-1,50,1.0,316899,0,0.02822921,-0.09583608,0.99982476,-1.77283483,2
TNG50-1,50,1.0,316899,0,-0.01835176,0.01393235,0.33638275,-1.40254692,3
TNG50-1,50,1.0,316899,0,-0.00427949,-0.06057519,1.3564314,-0.31702838,4
TNG50-1,50,1.0,316899,0,-0.07288237,-0.02025006,0.46476033,-1.11350495,5
TNG50-1,50,1.0,316899,0,0.11629559,-0.03190472,1.35008957,-3.00767344,6
TNG50-1,50,1.0,316899,0,0.00355978,-0.04929888,1.06234863,0.98178545,7
TNG50-1,50,1.0,316899,0,0.02495004,0.00177209,1.35541858,0.71268854,8
TNG50-1,50,1.0,316899,0,-0.02703127,-0.12840146,0.20416137,2.54035907,9
TNG50-1,50,1.0,215165,0,-0.07718738,0.02205378,1.07031949,2.5679766,0
TNG50-1,50,1.0,215165,0,-0.08126346,-0.05982198,0.91875254,-0.6997448,1
TNG50-1,50,1.0,215165,0,0.00964393,-0.00891638,0.73811048,0.05746903,2
TNG50-1,50,1.0,215165,0,-0.05570393,0.05486472,0.95373217,-2.40960577,3
TNG50-1,50,1.0,215165,0,-0.00035569,0.04850888,1.28331937,1.49163413,4
TNG50-1,50,1.0,215165,0,0.00692173,-0.03986463,1.32593765,1.2585406,5
TNG50-1,50,1.0,215165,0,0.00915248,-0.02727791,1.01750967,1.84878953,6
TNG50-1,50,1.0,215165,0,-0.04520607,-0.04943434,0.40880737,-1.09835537,7
TNG50-1,50,1.0,215165,0,0.04493412,-0.03282065,0.89972707,-0.40178947,8
TNG50-1,50,1.0,215165,0,-0.00446176,-0.06995338,1.09261978,-2.08387049,9
TNG50-1,50,1.0,282698,0,-0.08631916,0.06383986,1.27283857,-2.41442195,0
TNG50-1,50,1.0,282698,0,0.07313212,-0.00136802,1.33963657,2.29707234,1
TNG50-1,50,1.0,282698,0,0.0257472,-0.01528234,0.83945007,0.68583532,2
TNG50-1,50,1.0,282698,0,-0.04325989,0.02174923,0.95789859,-2.22360555,3
TNG50-1,50,1.0,282698,0,-0.02927051,-0.00098195,1.19952492,-0.47831123,4
TNG50-1,50,1.0,282698,0,-0.08515732,-0.05410896,1.15147597,-0.52328936,5
TNG50-1,50,1.0,282698,0,-0.01569786,-0.0326339,1.06146135,0.63221963,6
TNG50-1,50,1.0,282698,0,-0.0241366,-0.0148218,0.96259981,0.68404798,7
TNG50-1,50,1.0,282698,0,-0.06625552,0.01240933,1.0631569,0.9124576,8
TNG50-1,50,1.0,282698,0,0.03883511,0.00046684,1.06590548,1.24346158,9
TNG50-1,50,1.0,269902,0,0.06263453,-0.08050164,1.33118475,2.04950984,0
TNG50-1,50,1.0,269902,0,-0.02520684,0.00960855,0.50372623,1.6640816,1
TNG50-1,50,1.0,269902,0,0.01673036,-0.06821957,0.94224611,-0.72615998,2
TNG50-1,50,1.0,269902,0,0.04207082,-0.01429199,1.25255107,0.89174586,3
TNG50-1,50,1.0,269902,0,0.02370172,0.00781322,1.12052802,2.24535853,4
TNG50-1,50,1.0,269902,0,-0.10983178,0.05370185,0.61174279,-2.18805247,5
TNG50-1,50,1.0,269902,0,0.03476784,-0.04098066,0.50548989,-0.70285794,6
TNG50-1,50,1.0,269902,0,-0.00503069,0.07257937,0.93851492,-2.78584571,7
TNG50-1,50,1.0,269902,0,-0.01645143,0.04734266,0.97753598,-0.5725409,8
TNG50-1,50,1.0,269902,0,-0.00545375,-0.02147049,0.6791022,1.71079879,9
TNG50-1,50,1.0,193154,0,0.05161964,-0.07696072,1.16584634,-1.05244072,0
TNG50-1,50,1.0,193154,0,-0.01463153,-0.07106889,0.84172696,-0.74974885,1
TNG50-1,50,1.0,193154,0,0.01235786,-0.01607803,0.93963349,-1.23075782,2
TNG50-1,50,1.0,193154,0,-0.01555747,0.00206155,0.55068217,1.94484299,3
TNG50-1,50,1.0,193154,0,0.02308789,-0.00991037,1.15518048,2.70420109,4
TNG50-1,50,1.0,193154,0,-0.01882449,-0.08210676,0.90265599,0.82371856,5
TNG50-1,50,1.0,193154,0,0.08237758,0.05757959,0.34797042,0.77679102,6
TNG50-1,50,1.0,193154,0,0.10086814,0.10770991,1.11587158,-0.69112764,7
TNG50-1,50,1.0,193154,0,0.04369691,0.06404938,1.0169889,-3.06315494,8
TNG50-1,50,1.0,193154,0,0.07706483,0.05427616,0.47346364,-2.04871049,9
TNG50-1,50,1.0,160370,0,-0.01685731,-0.02055347,1.11665964,3.05073352,0
TNG50-1,50,1.0,160370,0,-0.08976366,-0.00427652,1.27644526,1.2017547,1
TNG50-1,50,1.0,160370,0,-0.01202606,-0.03920322,0.61756571,1.39084467,2
TNG50-1,50,1.0,160370,0,-0.01281468,0.00054083,1.35428799,0.09944346,3
TNG50-1,50,1.0,160370,0,-0.07961587,0.00290432,0.77198235,1.31578857,4
TNG50-1,50,1.0,160370,0,-0.00365176,-0.0450125,0.51505454,1.39845469,5
TNG50-1,50,1.0,160370,0,-0.10335551,0.01338496,0.96071567,-2.72464751,6
TNG50-1,50,1.0,160370,0,-0.01738434,0.01307263,1.34196779,-1.74291461,7
TNG50-1,50,1.0,160370,0,0.0121798,-0.0083105,1.02742125,-3.0601151,8
TNG50-1,50,1.0,160370,0,0.00484981,0.12105235,1.10625272,0.06162175,9
TNG50-1,50,1.0,101010,0,-0.00057322,-0.0743895,0.9299161,-1.18096631,0
TNG50-1,50,1.0,101010,0,0.07718934,0.00814811,1.03755152,1.65447868,1
TNG50-1,50,1.0,101010,0,0.00012577,-0.02313827,1.32929049,-0.51772944,2
TNG50-1,50,1.0,101010,0,-0.03241387,0.14311318,1.2952425,-0.19604906,3
TNG50-1,50,1.0,101010,0,0.02938378,0.00779125,0.66670126,-0.25887313,4
TNG50-1,50,1.0,101010,0,-0.04081299,-0.0298196,1.37968767,-1.87154474,5
TNG50-1,50,1.0,101010,0,0.02667358,-0.06891509,1.35682798,1.39104343,6
TNG50-1,50,1.0,101010,0,0.02069205,0.06527031,0.44451718,-2.49438479,7
TNG50-1,50,1.0,101010,0,-0.00947013,-0.01750164,0.73731731,0.04556004,8
TNG50-1,50,1.0,101010,0,0.02829058,-0.0395676,1.39653585,-2.0737287,9
TNG50-1,50,1.0,87130,0,-0.01304151,0.01413294,0.37278621,-1.87047258,0
TNG50-1,50,1.0,87130,0,0.01527655,-0.00644541,1.1098827,-2.23003798,1
TNG50-1,50,1.0,87130,0,-0.06464351,0.04187384,0.7498731,-2.17125488,2
TNG50-1,50,1.0,87130,0,-0.05536088,-0.04667113,0.7222135,-0.28746414,3
TNG50-1,50,1.0,87130,0,-0.01506256,-0.06986933,1.21416484,2.37841533,4
TNG50-1,50,1.0,87130,0,-0.00726878,-0.01548938,0.82365309,-0.3221812,5
TNG50-1,50,1.0,87130,0,-0.05629776,0.00301181,0.79410477,1.05859356,6
TNG50-1,50,1.0,87130,0,0.03948238,-0.0620378,0.66170655,-0.77597877,7
TNG50-1,50,1.0,87130,0,-0.02087805,-0.06938768,0.20021495,-1.13308881,8
TNG50-1,50,1.0,87130,0,-0.02109088,0.00911489,1.36682557,2.1000616,9
TNG50-1,50,1.0,202094,0,0.02294949,-0.10417786,0.89629561,0.75605438,0
TNG50-1,50,1.0,202094,0,0.04301968,0.07946493,1.17247615,-0.325044,1
TNG50-1,50,1.0,202094,0,-0.01751712,-0.01019455,0.81184344,2.80141188,2
TNG50-1,50,1.0,202094,0,0.14115587,0.06229471,0.75342285,-2.50229593,3
TNG50-1,50,1.0,202094,0,-0.06094095,-0.10167633,1.14390586,2.38761988,4
TNG50-1,50,1.0,202094,0,-0.02638779,0.01282843,1.32764767,1.88576532,5
TNG50-1,50,1.0,202094,0,0.04506793,-0.02817511,0.96857818,-0.50429737,6
TNG50-1,50,1.0,202094,0,0.03763607,0.02860601,1.32304548,-2.18109989,7
TNG50-1,50,1.0,202094,0,0.02436945,0.01585352,0.94300423,-2.16225276,8
TNG50-1,50,1.0,202094,0,0.03376593,0.01830239,0.71013203,2.65028376,9
TNG50-1,50,1.0,308254,0,-0.0574235,-0.10774826,1.20231017,-1.54263825,0
TNG50-1,50,1.0,308254,0,0.05943443,-0.02909076,0.4542495,1.77976064,1
TNG50-1,50,1.0,308254,0,-0.00279965,0.02277752,1.23997399,-0.48905458,2
TNG50-1,50,1.0,308254,0,-0.04675121,0.03920423,1.2716661,1.73114516,3
TNG50-1,50,1.0,308254,0,0.05621751,0.11382698,1.38999278,-1.11207572,4
TNG50-1,50,1.0,308254,0,-0.07725655,0.07034488,1.24784889,0.40623449,5
TNG50-1,50,1.0,308254,0,-0.0277605,0.00939613,1.24116533,-0.7438629,6
TNG50-1,50,1.0,308254,0,-0.02858375,-0.04457077,1.33590027,-1.96239072,7
TNG50-1,50,1.0,308254,0,0.1071971,0.08120137,0.50963277,0.53804728,8
TNG50-1,50,1.0,308254,0,-0.03425104,-0.01842818,0.64042324,1.5760164,9
TNG50-1,50,1.0,87129,0,-0.00189978,-0.05885358,0.76189039,-1.2868425,0
TNG50-1,50,1.0,87129,0,-0.06556476,0.02255263,0.63889382,-1.27234377,1
TNG50-1,50,1.0,87129,0,0.00842494,-0.02415733,0.4244914,-0.1059996,2
TNG50-1,50,1.0,87129,0,0.00157723,0.01419503,0.3516741,-3.07331844,3
TNG50-1,50,1.0,87129,0,0.02775421,-0.03861084,0.82237875,-1.66004013,4
TNG50-1,50,1.0,87129,0,-0.05934432,-0.08567367,0.30949474,-2.95862028,5
TNG50-1,50,1.0,87129,0,0.00049852,-0.01722586,0.43157055,0.94598737,6
TNG50-1,50,1.0,87129,0,0.0690867,0.03613013,1.39785044,2.44596599,7
TNG50-1,50,1.0,87129,0,0.10387499,0.01439999,0.81413077,3.12769839,8
TNG50-1,50,1.0,87129,0,0.06400646,0.02014739,1.25081892,-0.32322658,9
TNG50-1,50,1.0,297780,0,0.00600919,-0.03688629,1.16396621,1.93590904,0
TNG50-1,50,1.0,297780,0,-0.04966157,-0.00636079,0.55948125,-0.92617154,1
TNG50-1,50,1.0,297780,0,0.03866351,-0.02425943,0.75284962,-2.35302966,2
TNG50-1,50,1.0,297780,0,-0.06992126,-0.09283451,0.73404349,-2.64428177,3
TNG50-1,50,1.0,297780,0,0.05227038,0.06360339,0.93008211,2.15531301,4
TNG50-1,50,1.0,297780,0,-0.00286833,-0.01221788,0.49578209,1.7505931,5
TNG50-1,50,1.0,297780,0,-0.11344325,-0.03659675,1.20842299,-1.3317755,6
TNG50-1,50,1.0,297780,0,0.00891648,-0.05642118,1.05252684,-2.41046746,7
TNG50-1,50,1.0,297780,0,-0.02030962,0.0385366,0.61807628,-1.58817294,8
TNG50-1,50,1.0,297780,0,-0.02784246,-0.0649216,1.28941939,-1.80335187,9
TNG50-1,50,1.0,195637,0,-0.0966153,0.06526223,1.39989732,1.48352224,0
TNG50-1,50,1.0,195637,0,-0.07372141,0.02110693,1.18254032,-2.63668139,1
TNG50-1,50,1.0,195637,0,0.02967285,-0.04124153,0.97045396,-1.61657822,2
TNG50-1,50,1.0,195637,0,-0.01424369,0.04023387,0.58214717,2.42465142,3
TNG50-1,50,1.0,195637,0,0.07502873,0.11207624,0.80779095,0.48330775,4
TNG50-1,50,1.0,195637,0,0.03081682,-0.01088085,0.41652612,-2.84887407,5
TNG50-1,50,1.0,195637,0,0.01497328,0.02752066,1.00152358,1.28337232,6
TNG50-1,50,1.0,195637,0,-0.05109313,-0.02159147,1.06264118,0.04198655,7
TNG50-1,50,1.0,195637,0,0.02457201,0.00426761,1.20527213,2.22752571,8
TNG50-1,50,1.0,195637,0,-0.0637882,-0.07536173,1.21683162,1.14626583,9
TNG50-1,50,1.0,197030,0,0.00428832,-0.02051173,1.24923539,-1.11352528,0
TNG50-1,50,1.0,197030,0,0.05337416,0.04962291,0.89855925,0.3294694,1
TNG50-1,50,1.0,197030,0,0.00642331,0.05460302,1.07686859,-2.62014403,2
TNG50-1,50,1.0,197030,0,-0.03049102,-0.04640626,0.98630985,0.28705613,3
TNG50-1,50,1.0,197030,0,-0.00615732,-0.02590387,1.13713298,-0.43109507,4
TNG50-1,50,1.0,197030,0,-0.10253164,-0.0246295,0.34115081,1.62064528,5
TNG50-1,50,1.0,197030,0,-0.00697014,0.04047728,1.1533499,2.18593803,6
TNG50-1,50,1.0,197030,0,-0.02001772,0.00727533,0.91589693,-1.88736506,7
TNG50-1,50,1.0,197030,0,-0.04667302,0.00463949,0.53143628,-2.62928745,8
TNG50-1,50,1.0,197030,0,-0.03760492,0.02681313,0.78410635,-0.68765077,9
TNG50-1,50,1.0,251634,0,0.02668881,-0.01140495,0.76662764,-2.13711838,0
TNG50-1,50,1.0,251634,0,0.00122203,0.06700283,0.42696603,-2.01976637,1
TNG50-1,50,1.0,251634,0,0.00120289,-0.09180408,0.82362058,0.65021181,2
TNG50-1,50,1.0,251634,0,-0.00826026,0.06364104,1.18964599,1.57717821,3
TNG50-1,50,1.0,251634,0,-0.04287087,-0.0440094,0.84727262,0.85740267,4
TNG50-1,50,1.0,251634,0,0.016757,0.01057663,1.05235495,-1.07264028,5
TNG50-1,50,1.0,251634,0,-0.01443709,-0.02940319,1.03315381,-2.76700063,6
TNG50-1,50,1.0,251634,0,-0.04524,-0.04615005,0.27169489,-0.18683766,7
TNG50-1,50,1.0,251634,0,0.05070866,0.06569433,1.16401695,0.02682702,8
TNG50-1,50,1.0,251634,0,0.00495048,0.09281083,0.9886102,1.70055421,9
TNG50-1,50,1.0,209967,0,0.00665788,0.06111881,0.761367,1.39591713,0
TNG50-1,50,1.0,209967,0,0.1096002,0.01894048,1.23628652,1.74712542,1
TNG50-1,50,1.0,209967,0,-0.02152599,0.06101913,1.29486811,1.68836055,2
TNG50-1,50,1.0,209967,0,0.0802705,-0.03351105,0.73885054,0.52788544,3
TNG50-1,50,1.0,209967,0,0.00667516,-0.04114172,1.26784678,2.7627093,4
TNG50-1,50,1.0,209967,0,0.08470995,0.00080525,0.62073247,0.52666604,5
TNG50-1,50,1.0,209967,0,-0.0612489,-0.00193261,0.90043454,0.12595013,6
TNG50-1,50,1.0,209967,0,0.00923261,-0.00929297,0.98089758,-1.42181922,7
TNG50-1,50,1.0,209967,0,-0.01968434,-0.04793159,1.16671628,-1.37139366,8
TNG50-1,50,1.0,209967,0,0.00697362,0.05993258,0.2576953,1.48838548,9
TNG50-1,50,1.0,210927,0,-0.03665731,-0.05928936,1.2889661,2.84724558,0
TNG50-1,50,1.0,210927,0,-0.06973845,-0.01360944,0.66601957,-1.09783709,1
TNG50-1,50,1.0,210927,0,0.03978581,-0.06362014,1.3142039,0.36346447,2
TNG50-1,50,1.0,210927,0,-0.07101969,0.01535265,0.7828652,1.26662702,3
TNG50-1,50,1.0,210927,0,-0.09639715,-0.0231229,1.17359494,-1.88955101,4
TNG50-1,50,1.0,210927,0,0.04541338,0.0092518,0.98545011,-0.34705842,5
TNG50-1,50,1.0,210927,0,0.00793611,0.00775741,1.23239737,-2.71542002,6
TNG50-1,50,1.0,210927,0,0.02363598,0.01933998,0.70513982,1.23812539,7
TNG50-1,50,1.0,210927,0,-0.02212138,0.02497413,0.3535053,-0.52391637,8
TNG50-1,50,1.0,210927,0,-0.06922031,-0.01719503,1.21364913,2.46077517,9
TNG50-1,50,1.0,292471,0,-0.01022965,-0.09189873,1.14400393,0.22658491,0
TNG50-1,50,1.0,292471,0,-0.03240406,0.03573139,0.88160626,1.3753238,1
TNG50-1,50,1.0,292471,0,0.00838646,-0.03859168,0.38598752,1.24186071,2
TNG50-1,50,1.0,292471,0,-0.02639492,-0.01368461,1.15273758,1.06850382,3
TNG50-1,50,1.0,292471,0,-0.02165331,-0.08848983,0.94574819,-0.74056957,4
TNG50-1,50,1.0,292471,0,0.02999502,-0.04496051,0.60312864,2.06429432,5
TNG50-1,50,1.0,292471,0,0.05922696,-0.07511137,0.75199493,-1.65748613,6
TNG50-1,50,1.0,292471,0,0.01991301,-0.02171516,0.67814277,-2.16309985,7
TNG50-1,50,1.0,292471,0,0.08971579,-0.01972757,0.65042726,-0.97287447,8
TNG50-1,50,1.0,292471,0,-0.03527578,0.00449802,0.91807218,-1.54672393,9
TNG50-1,50,1.0,160371,0,0.00892885,-0.01139707,1.19458726,-1.84952688,0
TNG50-1,50,1.0,160371,0,-0.10650742,-0.04337971,0.52185492,0.50867819,1
TNG50-1,50,1.0,160371,0,0.02190627,-0.008879,0.63955298,2.16031474,2
TNG50-1,50,1.0,160371,0,0.00466829,0.04273066,0.22220468,-2.64553809,3
TNG50-1,50,1.0,160371,0,-0.03324574,-0.06131594,1.13264682,2.20464915,4
TNG50-1,50,1.0,160371,0,0.00900252,0.02892791,0.36135374,-0.98570278,5
TNG50-1,50,1.0,160371,0,0.00850608,-0.03390072,1.10583384,-0.58919556,6
TNG50-1,50,1.0,160371,0,-0.0529744,0.01210315,0.72384668,-1.00618241,7
TNG50-1,50,1.0,160371,0,0.01659269,-0.02821656,0.48413754,2.58540449,8
TNG50-1,50,1.0,160371,0,0.05985677,-0.02835085,1.25737234,-2.31978766,9
TNG50-1,50,1.0,274509,0,-0.04481133,0.03396771,1.3767175,0.02893578,0
TNG50-1,50,1.0,274509,0,-0.01813978,-0.02330505,0.98852457,0.62507177,1
TNG50-1,50,1.0,274509,0,-0.03957552,0.0606667,1.35686187,-1.03108873,2
TNG50-1,50,1.0,274509,0,0.01479456,0.00105535,1.11774473,1.32160239,3
TNG50-1,50,1.0,274509,0,0.13421883,0.03873804,1.38718177,1.75719231,4
TNG50-1,50,1.0,274509,0,0.02754322,0.01480985,0.98845151,1.7481321,5
TNG50-1,50,1.0,274509,0,-0.00464943,-0.00885679,0.65782112,-1.44852686,6
TNG50-1,50,1.0,274509,0,-0.03324877,-0.04774423,1.31692266,0.96702626,7
TNG50-1,50,1.0,274509,0,-0.06717,-0.00727683,0.6988685,-2.21107977,8
TNG50-1,50,1.0,274509,0,0.03668449,0.04210253,0.87209561,-0.02877942,9
TNG50-1,50,1.0,300297,0,-0.00122181,0.00729994,1.22656972,0.9859623,0
TNG50-1,50,1.0,300297,0,0.04495468,0.08577105,1.0810988,2.12686841,1
TNG50-1,50,1.0,300297,0,0.00287129,0.02641602,0.34215021,2.33452889,2
TNG50-1,50,1.0,300297,0,0.05452539,-0.0432427,0.54526756,-2.13590979,3
TNG50-1,50,1.0,300297,0,0.02901637,-0.07196841,1.15089513,1.5270713,4
TNG50-1,50,1.0,300297,0,-0.00297707,-0.0103276,0.92811323,-2.29519963,5
TNG50-1,50,1.0,300297,0,-0.03139628,0.04058822,1.23902125,-0.79347198,6
TNG50-1,50,1.0,300297,0,-0.02431319,-0.01103082,1.16503731,0.09761916,7
TNG50-1,50,1.0,300297,0,-0.07352552,0.02709921,1.34628884,-2.83076402,8
TNG50-1,50,1.0,300297,0,-0.01335394,-0.00905627,0.80855777,-2.1566172,9
TNG50-1,50,1.0,242495,0,0.02515859,-0.0168223,1.36863139,-1.4749737,0
TNG50-1,50,1.0,242495,0,-0.00160991,-0.02813739,1.33602203,1.13910609,1
TNG50-1,50,1.0,242495,0,0.02064283,-0.03685047,0.63300734,-2.18416696,2
TNG50-1,50,1.0,242495,0,0.04326815,-0.03410631,0.88965779,-2.06145846,3
TNG50-1,50,1.0,242495,0,-0.00116866,0.02648714,0.89180305,2.5227621,4
TNG50-1,50,1.0,242495,0,-0.14719438,0.10151817,0.48912184,-2.40039673,5
TNG50-1,50,1.0,242495,0,0.08391351,0.04102858,1.19686229,-2.98862514,6
TNG50-1,50,1.0,242495,0,-0.01487957,0.05612991,1.26617476,1.72750178,7
TNG50-1,50,1.0,242495,0,-0.04116401,-0.0188705,0.84033814,-0.86387798,8
TNG50-1,50,1.0,242495,0,-0.05620551,0.00523327,0.48469394,-0.64931347,9
TNG50-1,50,1.0,257926,0,0.02754201,0.03841497,0.62624319,-1.17461869,0
TNG50-1,50,1.0,257926,0,0.0439076,0.06701937,1.10009569,-3.00215023,1
TNG50-1,50,1.0,257926,0,-0.00983138,-0.01600189,1.19580056,0.04744115,2
TNG50-1,50,1.0,257926,0,0.05742039,0.04222374,0.7116425,-1.34605071,3
TNG50-1,50,1.0,257926,0,0.06010869,0.07134871,0.63241627,-1.32059349,4
TNG50-1,50,1.0,257926,0,0.06901924,-0.05436793,0.33915394,2.68379083,5
TNG50-1,50,1.0,257926,0,0.02292161,-0.00816631,1.27706439,-2.18046076,6
TNG50-1,50,1.0,257926,0,0.11800686,-0.10706263,0.47266213,2.72836251,7
TNG50-1,50,1.0,257926,0,-0.03076416,-0.00891665,0.66035707,0.02391826,8
TNG50-1,50,1.0,257926,0,0.10620388,-0.04080041,0.73984085,2.12547138,9
TNG50-1,50,1.0,194155,0,-0.03479103,0.06672625,0.66276997,-1.49280772,0
TNG50-1,50,1.0,194155,0,0.00965549,0.04288307,1.10190864,2.15871527,1
TNG50-1,50,1.0,194155,0,-0.01771477,-0.03650134,0.76959656,-0.69828791,2
TNG50-1,50,1.0,194155,0,0.02939805,0.03000448,1.01080317,-2.33038548,3
TNG50-1,50,1.0,194155,0,-0.03907939,0.0933737,0.84684605,-1.63383221,4
TNG50-1,50,1.0,194155,0,0.09636989,-0.04436459,0.57064631,0.21728177,5
TNG50-1,50,1.0,194155,0,-0.08453062,0.10592143,0.94418184,2.6156116,6
TNG50-1,50,1.0,194155,0,0.08577401,0.01928512,0.98254794,-1.25310906,7
TNG50-1,50,1.0,194155,0,0.00449942,-0.02166139,1.1742412,-1.48040514,8
TNG50-1,50,1.0,194155,0,0.02762123,-0.04466447,0.94233453,-0.58710187,9
TNG50-1,50,1.0,287560,0,-0.04899777,-0.05058644,1.33535125,-0.47764065,0
TNG50-1,50,1.0,287560,0,-0.04744939,-0.0083181,0.68068398,-0.69127813,1
TNG50-1,50,1.0,287560,0,-0.01256275,-0.01245421,0.84649857,-1.94555,2
TNG50-1,50,1.0,287560,0,0.07487831,-0.040386,1.05927434,1.90160563,3
TNG50-1,50,1.0,287560,0,0.00816258,0.1300987,0.75079864,-0.75699449,4
TNG50-1,50,1.0,287560,0,-0.01376829,0.01593133,0.43165132,2.43282586,5
TNG50-1,50,1.0,287560,0,0.0772069,0.02321248,1.37182779,-0.91314617,6
TNG50-1,50,1.0,287560,0,-0.01434692,-0.02309396,0.82514575,2.1344819,7
TNG50-1,50,1.0,287560,0,0.11173666,-0.02888347,1.2167411,0.2793902,8
TNG50-1,50,1.0,287560,0,-0.02556416,0.05127792,0.98355589,-0.71863784,9
TNG50-1,50,1.0,311047,0,-0.03784561,0.10338813,0.84696645,-2.39281707,0
TNG50-1,50,1.0,311047,0,-0.01650368,0.00824118,1.3066065,-2.33492919,1
TNG50-1,50,1.0,311047,0,-0.09428987,0.12953429,1.31042915,-3.11328001,2
TNG50-1,50,1.0,311047,0,-0.0185325,-0.03400912,1.34433459,1.23389549,3
TNG50-1,50,1.0,311047,0,0.05117933,-0.06255396,1.08427466,2.70983587,4
TNG50-1,50,1.0,311047,0,0.03525902,-0.03548119,0.98477293,0.76369328,5
TNG50-1,50,1.0,311047,0,-0.0043461,-0.01097451,1.19383187,-2.53713733,6
TNG50-1,50,1.0,311047,0,0.01218264,0.11560333,1.10039878,3.07655823,7
TNG50-1,50,1.0,311047,0,-0.04141302,-0.01405796,1.39485156,2.98818976,8
TNG50-1,50,1.0,311047,0,0.08122193,-0.04298279,1.09911607,-0.1995883,9
TNG50-1,50,1.0,6,0,0.09749811,-0.00602633,0.86450449,0.3300215,0
TNG50-1,50,1.0,6,0,-0.03651889,0.00539146,0.32188609,-1.61352902,1
TNG50-1,50,1.0,6,0,0.0868675,-0.01756915,1.10010026,-3.03822355,2
TNG50-1,50,1.0,6,0,-0.01825272,-0.09094457,1.39811755,2.30537037,3
TNG50-1,50,1.0,6,0,-0.07830934,-0.02904397,0.63870251,-0.05218078,4
TNG50-1,50,1.0,6,0,0.06418894,0.03517594,0.57309592,1.76996765,5
TNG50-1,50,1.0,6,0,0.07009328,-0.01044498,1.35152062,1.40047823,6
TNG50-1,50,1.0,6,0,-0.04530255,-0.01637203,0.82769024,3.10204164,7
TNG50-1,50,1.0,6,0,-0.01658261,-0.04653883,0.78772811,-0.38985026,8
TNG50-1,50,1.0,6,0,-0.0452898,-0.03050257,1.27863142,-0.45521296,9
TNG50-1,50,1.0,200753,0,-0.02969776,0.07370039,1.04326423,-2.81154957,0
TNG50-1,50,1.0,200753,0,0.00013454,-0.00383265,0.72039056,-2.73615518,1
TNG50-1,50,1.0,200753,0,0.03379924,0.00795287,1.08780977,-2.48341626,2
TNG50-1,50,1.0,200753,0,0.05565001,-0.02712619,0.68622775,2.10942819,3
TNG50-1,50,1.0,200753,0,0.04476029,-0.02263512,0.52548343,0.27443146,4
TNG50-1,50,1.0,200753,0,0.00374948,-0.03935479,1.10814562,2.81102289,5
TNG50-1,50,1.0,200753,0,0.1241712,0.02355754,0.61226053,0.23876293,6
TNG50-1,50,1.0,200753,0,-0.01825102,-0.004869,1.29454285,0.80871715,7
TNG50-1,50,1.0,200753,0,-0.08036003,0.02175027,1.03980538,-1.98244574,8
TNG50-1,50,1.0,200753,0,-0.07073496,0.01697192,1.31914627,0.25497807,9
TNG50-1,50,1.0,283589,0,0.01270727,-0.09183669,1.24647006,-0.64578325,0
TNG50-1,50,1.0,283589,0,-0.03268486,-0.01352906,0.67985452,0.99556833,1
TNG50-1,50,1.0,283589,0,-0.02754873,0.08231051,1.0505277,2.57028514,2
TNG50-1,50,1.0,283589,0,-0.05668249,0.02759705,1.37840901,1.97800403,3
TNG50-1,50,1.0,283589,0,-0.07806683,-0.09352286,0.31487318,-0.53471341,4
TNG50-1,50,1.0,283589,0,-0.00573744,0.03291697,1.27397623,-0.3677168,5
TNG50-1,50,1.0,283589,0,0.04081298,-0.03738684,0.9477696,2.43082789,6
TNG50-1,50,1.0,283589,0,-0.06901412,0.03456535,1.19057298,-2.92562198,7
TNG50-1,50,1.0,283589,0,0.01364866,-0.03450409,0.6960348,-2.99826332,8
TNG50-1,50,1.0,283589,0,0.03923156,-0.00265162,0.64484571,-1.84854239,9
TNG50-1,50,1.0,70416,0,0.03607062,0.09517301,1.26314274,-1.99100868,0
TNG50-1,50,1.0,70416,0,-0.02214727,0.02015773,1.24655166,-0.91453867,1
TNG50-1,50,1.0,70416,0,-0.03206335,-0.0024879,0.85950986,-0.78597232,2
TNG50-1,50,1.0,70416,0,-0.00248771,-0.07503026,1.17169197,0.00096003,3
TNG50-1,50,1.0,70416,0,-0.03800507,0.00023344,1.24529356,2.32877385,4
TNG50-1,50,1.0,70416,0,-0.05260961,0.09460919,1.32155199,2.10342326,5
TNG50-1,50,1.0,70416,0,-0.10640262,0.07788184,1.33691597,-3.07903518,6
TNG50-1,50,1.0,70416,0,-0.07746314,0.01371193,0.67595722,-0.57016723,7
TNG50-1,50,1.0,70416,0,0.09927032,-0.05743342,1.16086391,2.06048725,8
TNG50-1,50,1.0,70416,0,-0.03282501,-0.04785827,0.27441479,-3.14034979,9
TNG50-1,50,1.0,317082,0,-0.02751109,0.07871399,0.79454313,1.08474711,0
TNG50-1,50,1.0,317082,0,-0.00485151,0.00677647,1.22021101,0.96052168,1
TNG50-1,50,1.0,317082,0,0.02066164,0.03050088,0.87395109,1.5640659,2
TNG50-1,50,1.0,317082,0,-0.02026565,0.03625389,1.09589598,-1.84253323,3
TNG50-1,50,1.0,317082,0,-0.0094794,-0.03540296,0.81478473,-2.44798408,4
TNG50-1,50,1.0,317082,0,-0.00927272,-0.04571793,0.90997229,1.06298662,5
TNG50-1,50,1.0,317082,0,-0.01587817,-0.05161346,1.24978567,-1.6588555,6
TNG50-1,50,1.0,317082,0,-0.02207239,-0.0123534,0.69948373,-2.42150903,7
TNG50-1,50,1.0,317082,0,0.03810983,0.03496023,1.00012932,-2.31700317,8
TNG50-1,50,1.0,317082,0,-0.0885368,-0.0291881,0.90626579,-1.17621151,9
TNG50-1,59,0.7,217467,0,-0.10020719,-0.03302241,1.21043134,2.46879913,0
TNG50-1,59,0.7,217467,0,-0.00796052,-0.15088952,1.11016397,-1.74977685,1
TNG50-1,59,0.7,217467,0,0.02863043,0.05809145,1.23378216,0.75335851,2
TNG50-1,59,0.7,217467,0,0.02959287,0.01649951,0.94765776,2.81468971,3
TNG50-1,59,0.7,217467,0,0.04376187,-0.07421449,0.8193384,0.18720911,4
TNG50-1,59,0.7,217467,0,-0.07767786,0.02365658,1.02267039,2.99643677,5
TNG50-1,59,0.7,217467,0,0.0028951,-0.02236524,1.02873181,-1.1935159,6
TNG50-1,59,0.7,217467,0,-0.01342257,-0.02094862,0.63811259,0.40397044,7
TNG50-1,59,0.7,217467,0,-0.00436103,-0.03842073,1.14414943,-1.18729739,8
TNG50-1,59,0.7,217467,0,-0.01058908,0.02684652,0.83054725,-3.11822282,9
TNG50-1,59,0.7,252992,0,-0.11576398,-0.00923819,0.83338969,-2.04191239,0
TNG50-1,59,0.7,252992,0,-0.07704161,0.00293602,1.22743239,-1.27872339,1
TNG50-1,59,0.7,252992,0,0.05945168,-0.06942517,0.36462825,-1.11786207,2
TNG50-1,59,0.7,252992,0,0.01845266,-0.01803496,1.25389735,-1.05277284,3
TNG50-1,59,0.7,252992,0,-0.01769079,0.00884957,1.27381148,1.63593789,4
TNG50-1,59,0.7,252992,0,-0.04543717,-0.01863929,1.12936959,-2.88433164,5
TNG50-1,59,0.7,252992,0,-0.0542127,-0.02428143,0.88324767,-1.90683478,6
TNG50-1,59,0.7,252992,0,0.01000779,0.01634548,0.76406764,-3.00135679,7
TNG50-1,59,0.7,252992,0,-0.01718162,0.07574116,1.38906208,1.74860706,8
TNG50-1,59,0.7,252992,0,0.07733236,0.00724847,0.64309676,3.03931709,9
TNG50-1,59,0.7,258554,0,0.02372921,0.11439872,0.57181812,-1.80309329,0
TNG50-1,59,0.7,258554,0,-0.06244094,-0.00547394,0.63614217,-2.6103966,1
TNG50-1,59,0.7,258554,0,-0.02139591,-0.05856471,0.83935829,-0.50866431,2
TNG50-1,59,0.7,258554,0,0.00198805,-0.04921709,0.71351063,-2.56551459,3
TNG50-1,59,0.7,258554,0,-0.03653682,0.05737902,0.69475534,-2.07782405,4
TNG50-1,59,0.7,258554,0,0.0041277,-0.02045758,0.47257534,-2.99180144,5
TNG50-1,59,0.7,258554,0,0.00332785,-0.06818819,0.70248675,-1.2553409,6
TNG50-1,59,0.7,258554,0,-0.04100908,0.04268564,0.69730992,2.95308341,7
TNG50-1,59,0.7,258554,0,0.02839872,-0.02077869,0.60701768,-0.76069725,8
TNG50-1,59,0.7,258554,0,-0.03820783,0.03267098,0.90119953,-1.62801977,9
TNG50-1,59,0.7,48195,0,-0.01472075,-0.02418318,1.19074677,-2.27327411,0
TNG50-1,59,0.7,48195,0,-0.02932103,-0.03973794,0.54291647,-0.68344625,1
TNG50-1,59,0.7,48195,0,-0.03189904,-0.01206987,0.96244208,0.69059125,2
TNG50-1,59,0.7,48195,0,0.01127909,0.09353196,0.22072596,-1.81019605,3
TNG50-1,59,0.7,48195,0,0.01106067,-0.00316569,0.6220839,-1.72608498,4
TNG50-1,59,0.7,48195,0,-0.01099103,-0.05722018,0.50718628,-0.2121119,5
TNG50-1,59,0.7,48195,0,0.01853422,0.04594095,0.64940596,-0.87402192,6
TNG50-1,59,0.7,48195,0,-0.04343073,-0.02359642,1.31214514,1.10945764,7
TNG50-1,59,0.7,48195,0,0.03407929,0.01418795,1.34626744,-2.669875,8
TNG50-1,59,0.7,48195,0,-0.01030995,-0.03028303,0.42443405,-0.07063136,9
TNG50-1,59,0.7,280787,0,0.02985245,-0.00200369,0.28921413,-1.06303333,0
TNG50-1,59,0.7,280787,0,0.02633533,0.00875092,0.97462953,-1.24787823,1
TNG50-1,59,0.7,280787,0,0.10071951,-0.10675978,1.25122218,-1.08951233,2
TNG50-1,59,0.7,280787,0,0.05227425,-0.01097802,0.30070334,-2.39996982,3
TNG50-1,59,0.7,280787,0,0.01820251,0.00142909,0.32271709,1.75062383,4
TNG50-1,59,0.7,280787,0,0.06795665,0.02737687,1.0204907,-2.48211038,5
TNG50-1,59,0.7,280787,0,0.0269452,0.08134004,1.10175379,-0.63890887,6
TNG50-1,59,0.7,280787,0,-0.0230035,0.00928268,0.76527897,2.10451105,7
TNG50-1,59,0.7,280787,0,-0.05723029,-0.04547814,0.57078313,-0.60252043,8
TNG50-1,59,0.7,280787,0,-0.02846828,-0.09090397,0.95962427,-1.28954966,9
TNG50-1,59,0.7,315126,0,-0.05294705,0.00631898,1.27737211,1.60845087,0
TNG50-1,59,0.7,315126,0,-0.00085279,0.02484658,1.19298601,2.8245673,1
TNG50-1,59,0.7,315126,0,0.00260467,-0.06322257,0.79927767,-0.9432273,2
TNG50-1,59,0.7,315126,0,0.03076273,0.0895398,0.70686538,-2.11677517,3
TNG50-1,59,0.7,315126,0,0.034825,0.03552512,1.35750421,-1.48230392,4
TNG50-1,59,0.7,315126,0,0.00429307,-0.01439984,1.29478809,-2.21064799,5
TNG50-1,59,0.7,315126,0,0.05474542,-0.04677266,1.01058281,-0.66447423,6
TNG50-1,59,0.7,315126,0,-0.01874623,0.05385767,0.86296185,2.34090917,7
TNG50-1,59,0.7,315126,0,-0.07220123,-0.05508849,1.00323768,-0.96095101,8
TNG50-1,59,0.7,315126,0,0.02385268,0.11306824,0.80354657,-2.20651204,9
TNG50-1,59,0.7,276162,0,-0.0051362,-0.01556618,1.17003946,-0.527781,0
TNG50-1,59,0.7,276162,0,0.0786368,-0.05011019,0.58620807,0.46471546,1
TNG50-1,59,0.7,276162,0,0.05049778,-0.03924483,1.08321268,0.69042992,2
TNG50-1,59,0.7,276162,0,0.01449902,-0.02732525,1.08290271,2.10868628,3
TNG50-1,59,0.7,276162,0,-0.03815731,-0.03547464,0.6793111,0.26016675,4
TNG50-1,59,0.7,276162,0,-0.04120115,0.06638602,0.94796996,-1.73597823,5
TNG50-1,59,0.7,276162,0,0.09869055,-0.0004563,1.23154748,-1.49749461,6
TNG50-1,59,0.7,276162,0,-0.05049427,-0.02619006,0.5377123,-2.50799255,7
TNG50-1,59,0.7,276162,0,0.00569298,0.0053479,1.10903566,1.48235603,8
TNG50-1,59,0.7,276162,0,0.01804744,0.0333978,1.31478228,-2.47594229,9
TNG50-1,59,0.7,261224,0,-0.08124537,-0.00487304,1.12215113,2.21557208,0
TNG50-1,59,0.7,261224,0,-0.0427942,-0.01526267,1.16367389,1.35172507,1
TNG50-1,59,0.7,261224,0,0.03492426,-0.07529461,1.27092916,-3.00046637,2
TNG50-1,59,0.7,261224,0,-0.02270156,0.07358846,0.63025838,-2.71196449,3
TNG50-1,59,0.7,261224,0,0.04303932,0.03726937,1.34984671,1.84736391,4
TNG50-1,59,0.7,261224,0,0.01035567,-0.01725136,0.30462192,-0.77631988,5
TNG50-1,59,0.7,261224,0,0.07896021,0.06522963,0.39968163,1.0582887,6
TNG50-1,59,0.7,261224,0,0.05213581,-0.03151838,1.30164379,1.50282248,7
TNG50-1,59,0.7,261224,0,0.05305083,-0.09190672,0.92862691,-0.48893123,8
TNG50-1,59,0.7,261224,0,-0.02059358,0.05036849,0.22731294,-2.24069854,9
TNG50-1,59,0.7,329661,0,-0.0066791,0.06519134,0.79106326,-0.98412929,0
TNG50-1,59,0.7,329661,0,0.06098502,0.02647246,0.94004898,0.7656111,1
TNG50-1,59,0.7,329661,0,0.04544354,-0.05659622,1.36528437,0.74088055,2
TNG50-1,59,0.7,329661,0,-0.05693854,-0.02645384,0.79174667,-2.80980288,3
TNG50-1,59,0.7,329661,0,-0.03403259,-0.02732303,0.80857055,-0.4848506,4
TNG50-1,59,0.7,329661,0,0.02373949,0.00799384,1.29623212,-1.74183249,5
TNG50-1,59,0.7,329661,0,0.01766833,-0.01019884,0.61852014,-1.8876532,6
TNG50-1,59,0.7,329661,0,-0.05251908,-0.05727445,0.99049162,0.97365426,7
TNG50-1,59,0.7,329661,0,0.03745633,-0.06971296,1.12346871,-3.06990154,8
TNG50-1,59,0.7,329661,0,-0.04454371,0.02745117,0.57818456,2.94731014,9
TNG50-1,59,0.7,232104,0,0.00432216,-0.030579,1.00014916,-2.25450819,0
TNG50-1,59,0.7,232104,0,0.04833794,-0.09774843,1.26273579,-2.32057585,1
TNG50-1,59,0.7,232104,0,0.01847876,0.04317819,0.53135273,1.50198104,2
TNG50-1,59,0.7,232104,0,0.04143977,-0.02750953,0.36582026,-0.58835974,3
TNG50-1,59,0.7,232104,0,-0.10448417,0.14791673,1.31751275,-2.20862714,4
TNG50-1,59,0.7,232104,0,-0.06171728,-0.0369702,0.67788099,-1.69645767,5
TNG50-1,59,0.7,232104,0,-0.01821758,0.10526375,1.21946295,1.85103849,6
TNG50-1,59,0.7,232104,0,0.05397844,0.03741837,1.39447127,0.77452065,7
TNG50-1,59,0.7,232104,0,0.09402649,-0.05141322,1.17982107,1.63946383,8
TNG50-1,59,0.7,232104,0,-0.00821179,0.01160719,0.53054956,-2.52726527,9
TNG50-1,59,0.7,293678,0,0.03361709,-0.05968103,0.72864641,-2.73698207,0
TNG50-1,59,0.7,293678,0,-0.03290934,-0.09040958,0.49577202,-2.02816968,1
TNG50-1,59,0.7,293678,0,-0.01678001,0.03159652,0.40360058,-2.20589808,2
TNG50-1,59,0.7,293678,0,-0.05264856,-0.03465409,1.22527153,-2.96619411,3
TNG50-1,59,0.7,293678,0,0.00363839,-0.02445902,1.23595912,1.39620108,4
TNG50-1,59,0.7,293678,0,0.05325892,-0.01082987,0.90725891,-1.09657577,5
TNG50-1,59,0.7,293678,0,0.04663691,0.01912853,0.21752584,-2.08264778,6
TNG50-1,59,0.7,293678,0,0.07930948,-0.07426605,0.96788941,0.07692988,7
TNG50-1,59,0.7,293678,0,0.08639797,-0.06294317,1.11738684,-1.10933151,8
TNG50-1,59,0.7,293678,0,-0.10229371,6.481e-05,0.92077649,-0.67218917,9
TNG50-1,59,0.7,275347,0,0.03847972,0.03978053,1.26741598,-2.58451785,0
TNG50-1,59,0.7,275347,0,0.00482457,0.05321851,1.23121135,0.15688499,1
TNG50-1,59,0.7,275347,0,0.06922314,-0.03293501,0.85475491,-1.64993308,2
TNG50-1,59,0.7,275347,0,-0.10888438,0.13146186,0.27009193,1.14170945,3
TNG50-1,59,0.7,275347,0,-0.04211167,0.00981745,1.06725257,1.55615517,4
TNG50-1,59,0.7,275347,0,0.0737528,-0.10963845,0.80177241,2.18744403,5
TNG50-1,59,0.7,275347,0,0.04560132,0.0190636,1.27305767,3.09381135,6
TNG50-1,59,0.7,275347,0,0.02702559,-0.035993,0.80991141,-0.25538145,7
TNG50-1,59,0.7,275347,0,0.06166077,0.05824976,1.18677865,1.07187634,8
TNG50-1,59,0.7,275347,0,-0.09582789,0.0273972,0.84090173,-3.02583303,9
TNG50-1,59,0.7,85605,0,-0.01292002,-0.00488446,0.8800461,-0.50058454,0
TNG50-1,59,0.7,85605,0,-0.06579509,-0.03882435,0.83277166,-0.27541435,1
TNG50-1,59,0.7,85605,0,-0.03279245,-0.05273121,0.93482821,0.12295803,2
TNG50-1,59,0.7,85605,0,0.01882276,0.00348761,0.4703191,-1.41778141,3
TNG50-1,59,0.7,85605,0,-0.00260436,0.12151516,1.32294367,-1.17729672,4
TNG50-1,59,0.7,85605,0,0.0411337,-0.0244094,1.15621724,0.97758592,5
TNG50-1,59,0.7,85605,0,0.0482546,-0.00014029,0.51286356,0.76525522,6
TNG50-1,59,0.7,85605,0,-0.01261099,-0.06560179,0.37369357,1.01852014,7
TNG50-1,59,0.7,85605,0,-0.09261246,0.06217005,1.02977841,-0.77104119,8
TNG50-1,59,0.7,85605,0,-0.03783224,0.04373715,1.23869747,-1.02757199,9
TNG50-1,59,0.7,332703,0,0.11213704,-0.07402096,0.82435137,0.66560293,0
TNG50-1,59,0.7,332703,0,0.04575354,-0.00941589,1.01647955,-1.1515316,1
TNG50-1,59,0.7,332703,0,0.01031031,-0.02733879,0.51970591,1.70608975,2
TNG50-1,59,0.7,332703,0,0.02162653,0.02887887,1.17827866,-2.42157505,3
TNG50-1,59,0.7,332703,0,0.01280219,0.00456501,0.81423938,0.35319712,4
TNG50-1,59,0.7,332703,0,0.00092592,-0.05110134,1.19011323,0.58859537,5
TNG50-1,59,0.7,332703,0,0.10825854,0.0735504,0.81557856,-3.0027085,6
TNG50-1,59,0.7,332703,0,-0.03745267,0.0545067,1.36010999,-2.91548776,7
TNG50-1,59,0.7,332703,0,0.05774529,0.07930278,1.06181368,-1.20486253,8
TNG50-1,59,0.7,332703,0,-0.00629285,0.01184823,1.2557509,0.6853412,9
TNG50-1,59,0.7,296530,0,0.06470802,-0.0168713,1.39256937,0.05310027,0
TNG50-1,59,0.7,296530,0,0.04722062,-0.10129134,1.20539501,-2.43028256,1
TNG50-1,59,0.7,296530,0,-0.04505928,0.02635913,1.36504346,0.61664514,2
TNG50-1,59,0.7,296530,0,0.06120554,-0.01868276,1.02850694,1.38343035,3
TNG50-1,59,0.7,296530,0,0.01634692,0.03889733,0.55384514,0.69723137,4
TNG50-1,59,0.7,296530,0,-0.00782277,0.02408375,0.69536814,1.54544955,5
TNG50-1,59,0.7,296530,0,0.017904,-0.01738321,0.62823777,-2.39457678,6
TNG50-1,59,0.7,296530,0,-0.00128854,0.05114941,0.60257465,1.64248085,7
TNG50-1,59,0.7,296530,0,0.02725393,0.01024208,1.0800601,-1.83380981,8
TNG50-1,59,0.7,296530,0,0.00936578,0.00818214,0.95219247,2.36767276,9
TNG50-1,59,0.7,225435,0,0.07996206,0.1313195,1.03040947,-1.91510972,0
TNG50-1,59,0.7,225435,0,-0.02281089,-0.0258709,0.46334308,-0.13506566,1
TNG50-1,59,0.7,225435,0,-0.11824409,0.05012554,0.45999123,-0.92924405,2
TNG50-1,59,0.7,225435,0,-0.00399559,0.03809686,0.93333778,0.0226969,3
TNG50-1,59,0.7,225435,0,0.08539816,-0.03499137,1.16562713,0.43947922,4
TNG50-1,59,0.7,225435,0,0.02674842,-0.02122201,1.25638657,3.08463536,5
TNG50-1,59,0.7,225435,0,-0.02576616,0.05090493,1.17019299,2.51261468,6
TNG50-1,59,0.7,225435,0,0.01644506,0.00723939,0.6395692,1.23066537,7
TNG50-1,59,0.7,225435,0,0.04855624,0.01690359,1.12306902,-2.17559394,8
TNG50-1,59,0.7,225435,0,-0.00428082,-0.08179837,0.74861683,2.63283407,9
TNG50-1,59,0.7,158823,0,-0.00386297,-0.07169687,1.38854725,0.04407446,0
TNG50-1,59,0.7,158823,0,-0.00618236,-0.02335129,0.4999725,-0.44122161,1
TNG50-1,59,0.7,158823,0,0.05325657,-0.00541884,1.31506508,3.11563597,2
TNG50-1,59,0.7,158823,0,0.0150743,-0.02778107,0.20116418,1.05170522,3
TNG50-1,59,0.7,158823,0,0.00207125,0.0175572,0.82470105,0.08752315,4
TNG50-1,59,0.7,158823,0,0.00739353,-0.0284254,1.34525565,-0.64123602,5
TNG50-1,59,0.7,158823,0,0.09179445,-0.04572446,0.89489968,-1.10217841,6
TNG50-1,59,0.7,158823,0,0.0086337,0.03063219,1.11702379,1.29068831,7
TNG50-1,59,0.7,158823,0,-0.02572243,0.06846972,0.34217554,0.55220098,8
TNG50-1,59,0.7,158823,0,-0.09544995,-0.05535838,0.67297017,2.18770984,9
TNG50-1,59,0.7,181442,0,0.05503976,-0.12299268,0.62925384,-1.8517872,0
TNG50-1,59,0.7,181442,0,0.02748404,-0.08056303,0.45197553,2.36231895,1
TNG50-1,59,0.7,181442,0,0.04872683,-0.01971258,0.56407355,-0.10226547,2
TNG50-1,59,0.7,181442,0,-0.00459396,-0.05505295,0.28734309,2.14017951,3
TNG50-1,59,0.7,181442,0,-0.00935204,0.04070653,0.82357704,2.87955679,4
TNG50-1,59,0.7,181442,0,0.04678573,-0.06550105,1.2088775,-0.48916199,5
TNG50-1,59,0.7,181442,0,0.04773463,-0.02506522,1.06380182,1.23530276,6
TNG50-1,59,0.7,181442,0,0.07828603,-0.02310132,0.6776247,-1.71708394,7
TNG50-1,59,0.7,181442,0,0.00992738,0.06023715,1.26911307,1.8898924,8
TNG50-1,59,0.7,181442,0,-0.00534573,-0.03041194,0.394388,2.01015214,9
TNG50-1,59,0.7,155055,0,0.00921969,-0.00915935,0.89969616,1.11303895,0
TNG50-1,59,0.7,155055,0,-0.00870009,-0.0264438,1.08840133,-1.62112921,1
TNG50-1,59,0.7,155055,0,-0.02447472,0.04621157,1.07141236,-2.89535719,2
TNG50-1,59,0.7,155055,0,-0.01820348,-0.04921109,1.1938827,2.09030181,3
TNG50-1,59,0.7,155055,0,-0.03970176,-0.00113458,1.16731869,2.33931058,4
TNG50-1,59,0.7,155055,0,-0.00899196,-0.05199221,1.00238487,3.00895159,5
TNG50-1,59,0.7,155055,0,0.05566078,-0.09350505,1.19072221,2.8884529,6
TNG50-1,59,0.7,155055,0,-0.07565697,-0.00759921,0.99102831,0.84077833,7
TNG50-1,59,0.7,155055,0,0.01732397,-0.06316975,0.87931856,2.47728218,8
TNG50-1,59,0.7,155055,0,0.06900463,-0.00058353,0.7287039,-0.32667274,9
TNG50-1,59,0.7,236586,0,0.03697946,-0.02242607,0.87324654,1.97845688,0
TNG50-1,59,0.7,236586,0,-0.08461208,-0.0840923,0.75818389,-1.4052516,1
TNG50-1,59,0.7,236586,0,0.02293376,-0.00546853,0.43045835,3.09721245,2
TNG50-1,59,0.7,236586,0,-0.00895455,0.09223772,1.14080816,2.74574213,3
TNG50-1,59,0.7,236586,0,0.00185541,-0.08560217,0.5457605,-0.43872579,4
TNG50-1,59,0.7,236586,0,0.01244715,-0.00120309,1.13513646,-2.84496677,5
TNG50-1,59,0.7,236586,0,0.05993645,-0.00280691,0.90578423,-1.23466682,6
TNG50-1,59,0.7,236586,0,0.04888965,0.01438677,0.57201786,2.11210864,7
TNG50-1,59,0.7,236586,0,-0.03748714,-0.04813625,0.71393625,2.8329024,8
TNG50-1,59,0.7,236586,0,-0.0029306,-0.07125553,0.5176643,2.08395635,9
TNG50-1,59,0.7,297676,0,0.01077506,-0.07501544,0.99581262,1.30015418,0
TNG50-1,59,0.7,297676,0,0.06311557,-0.10753809,1.05879513,-1.04997,1
TNG50-1,59,0.7,297676,0,-0.0119242,0.06259526,1.17090722,-3.09160479,2
TNG50-1,59,0.7,297676,0,-0.0011151,0.00390291,1.09536143,-2.61169002,3
TNG50-1,59,0.7,297676,0,-0.05129642,0.01032141,1.02731511,-0.0188595,4
TNG50-1,59,0.7,297676,0,0.09316134,-0.06245269,0.87718003,-1.95724047,5
TNG50-1,59,0.7,297676,0,0.00771315,-0.04515321,0.95829524,-0.03378839,6
TNG50-1,59,0.7,297676,0,0.05388774,0.0531151,1.31044865,0.4662461,7
TNG50-1,59,0.7,297676,0,0.00149486,0.08700719,1.10919813,2.72337066,8
TNG50-1,59,0.7,297676,0,0.00426335,-0.0310637,1.07614902,0.97753749,9
TNG50-1,59,0.7,266754,0,0.01060586,0.05786407,1.05109876,0.88525941,0
TNG50-1,59,0.7,266754,0,-0.00174316,0.05108439,1.34793767,2.76639943,1
TNG50-1,59,0.7,266754,0,0.03048898,-0.0056386,0.52463447,-1.05431283,2
TNG50-1,59,0.7,266754,0,0.01302784,0.04951552,1.38078453,0.53317548,3
TNG50-1,59,0.7,266754,0,0.03389037,0.00870261,0.761662,2.52409469,4
TNG50-1,59,0.7,266754,0,-0.01339809,0.09584634,1.16874829,-1.31801242,5
TNG50-1,59,0.7,266754,0,0.07490903,0.05488639,0.98163598,2.29367668,6
TNG50-1,59,0.7,266754,0,0.03894721,-0.03128047,1.16139797,2.87490346,7
TNG50-1,59,0.7,266754,0,0.02712633,0.11653553,1.05403821,2.18336735,8
TNG50-1,59,0.7,266754,0,0.02468526,-0.10510199,0.91105612,0.43894648,9
TNG50-1,59,0.7,326511,0,0.13399141,-0.02714454,1.05039025,-2.50035138,0
TNG50-1,59,0.7,326511,0,0.15503236,-0.01000842,0.63998813,-0.83568593,1
TNG50-1,59,0.7,326511,0,-0.08790513,0.04217562,0.68797881,0.33043773,2
TNG50-1,59,0.7,326511,0,-0.10985693,-0.02433703,0.53578857,1.60043753,3
TNG50-1,59,0.7,326511,0,-0.00036956,-0.01444844,0.69360415,0.27374311,4
TNG50-1,59,0.7,326511,0,0.02521162,0.02851084,0.35626523,1.74389332,5
TNG50-1,59,0.7,326511,0,-0.00379425,-0.00993982,0.95989387,2.1212629,6
TNG50-1,59,0.7,326511,0,0.03517902,0.05583553,0.82887706,-1.4757426,7
TNG50-1,59,0.7,326511,0,-0.0135121,-0.04597531,0.54197208,0.72946634,8
TNG50-1,59,0.7,326511,0,-0.03469754,-0.05681819,0.74009191,0.35883508,9
TNG50-1,59,0.7,298387,0,0.07458824,0.04025037,1.24078871,1.61819647,0
TNG50-1,59,0.7,298387,0,-0.08128463,-0.01501997,1.1326802,2.92570368,1
TNG50-1,59,0.7,298387,0,-0.01432545,-0.02742549,0.38049962,-2.83386239,2
TNG50-1,59,0.7,298387,0,-0.0268055,0.03581941,0.85721306,-1.74015549,3
TNG50-1,59,0.7,298387,0,0.07688528,-0.05647615,0.91924972,1.84705786,4
TNG50-1,59,0.7,298387,0,0.00926244,0.02288345,0.4231917,0.12596005,5
TNG50-1,59,0.7,298387,0,-0.10440416,0.0186259,0.49880486,-2.59735348,6
TNG50-1,59,0.7,298387,0,-0.06550648,-0.01372948,0.70854212,-1.4579627,7
TNG50-1,59,0.7,298387,0,-0.05063311,0.0198839,0.4849908,-1.10546614,8
TNG50-1,59,0.7,298387,0,0.04670251,0.00510472,1.30551082,-1.12429608,9
TNG50-1,59,0.7,323872,0,0.00283983,0.01033454,0.36122954,0.52750054,0
TNG50-1,59,0.7,323872,0,-0.0308647,0.05472922,0.87076208,-0.56215975,1
TNG50-1,59,0.7,323872,0,0.06690898,0.01771574,0.81700636,-3.11457366,2
TNG50-1,59,0.7,323872,0,0.01023913,-0.1722292,1.39199354,-0.31665636,3
TNG50-1,59,0.7,323872,0,0.03154005,0.04350311,1.35325343,1.50094374,4
TNG50-1,59,0.7,323872,0,0.07082944,0.04657496,1.34468416,-1.66354044,5
TNG50-1,59,0.7,323872,0,0.07000893,-0.01506111,0.58455305,1.30915199,6
TNG50-1,59,0.7,323872,0,0.02898927,0.04941808,1.20055447,-3.04638468,7
TNG50-1,59,0.7,323872,0,-0.01513291,0.03139827,1.11924848,2.56358864,8
TNG50-1,59,0.7,323872,0,-0.07148519,-0.03427534,0.84452092,2.82767974,9
TNG50-1,59,0.7,219801,0,0.00274792,0.01808439,0.75631393,0.35729198,0
TNG50-1,59,0.7,219801,0,0.12955311,0.0705209,1.25450915,-2.51243581,1
TNG50-1,59,0.7,219801,0,-0.04701862,-0.00300747,0.81532094,-1.00925533,2
TNG50-1,59,0.7,219801,0,-0.03030358,0.02557677,1.02773182,-0.80199933,3
TNG50-1,59,0.7,219801,0,-0.04714129,0.01501138,1.00625688,2.40913279,4
TNG50-1,59,0.7,219801,0,0.07813291,-0.03120557,1.24939459,-0.53053913,5
TNG50-1,59,0.7,219801,0,0.04010429,-0.00720721,0.68679829,0.61870443,6
TNG50-1,59,0.7,219801,0,-0.0272076,-0.05921517,0.74458567,2.35480583,7
TNG50-1,59,0.7,219801,0,-0.04319382,0.02470534,0.92582555,-0.4664672,8
TNG50-1,59,0.7,219801,0,0.06924453,0.03806244,1.26932524,2.41088032,9
TNG50-1,59,0.7,346534,0,-0.00478095,-0.00888955,0.83801103,-1.1673156,0
TNG50-1,59,0.7,346534,0,0.05911201,0.04020482,0.71784357,-2.01826678,1
TNG50-1,59,0.7,346534,0,0.10064895,0.02555128,0.83228579,2.92902468,2
TNG50-1,59,0.7,346534,0,0.02282252,0.09127881,0.92826904,-1.91807496,3
TNG50-1,59,0.7,346534,0,-0.03483153,0.0337169,0.87831844,-1.67928749,4
TNG50-1,59,0.7,346534,0,0.03233622,0.02121475,0.7545631,0.74572676,5
TNG50-1,59,0.7,346534,0,0.00046515,-0.01531152,0.51701914,-2.65547323,6
TNG50-1,59,0.7,346534,0,-0.01200626,-0.05187315,1.11247896,-2.92766494,7
TNG50-1,59,0.7,346534,0,-0.04308006,-0.02849467,0.99758527,-2.73938332,8
TNG50-1,59,0.7,346534,0,-0.023211,-0.03499193,0.81603183,-2.36710433,9
TNG50-1,59,0.7,312112,0,-0.02260756,0.00490754,1.27900157,2.3577301,0
TNG50-1,59,0.7,312112,0,0.03180751,-0.00908256,0.31454722,2.62388292,1
TNG50-1,59,0.7,312112,0,0.06452657,0.05351219,1.29511699,2.72052481,2
TNG50-1,59,0.7,312112,0,-0.01930841,0.11142298,1.00237409,2.54834579,3
TNG50-1,59,0.7,312112,0,-0.05050718,0.00898266,1.26741031,0.87293799,4
TNG50-1,59,0.7,312112,0,0.02393197,-0.00032861,1.27485893,-0.98981123,5
TNG50-1,59,0.7,312112,0,0.02539818,0.01279307,0.30453654,2.67392058,6
TNG50-1,59,0.7,312112,0,0.01201882,-0.03289609,0.88480102,-2.37192427,7
TNG50-1,59,0.7,312112,0,0.01378699,0.03824892,1.18108155,-2.08099214,8
TNG50-1,59,0.7,312112,0,-0.00562832,0.02205882,0.64528593,-0.41577383,9
TNG50-1,59,0.7,278396,0,0.00926147,-0.03478902,0.79212061,-1.17759822,0
TNG50-1,59,0.7,278396,0,0.03863418,-0.02473661,1.29001433,0.83175195,1
TNG50-1,59,0.7,278396,0,-0.01746846,-0.07354069,1.23748048,-0.76217753,2
TNG50-1,59,0.7,278396,0,-0.0747572,0.02422267,0.72500058,1.23844304,3
TNG50-1,59,0.7,278396,0,-0.0519532,-0.04032718,1.29537657,-0.95217261,4
TNG50-1,59,0.7,278396,0,0.02710465,-0.02678761,1.1626026,-3.13331536,5
TNG50-1,59,0.7,278396,0,-0.08773082,0.01733926,0.4567621,-2.55136144,6
TNG50-1,59,0.7,278396,0,-0.07246723,-0.01283138,0.69496503,1.70282067,7
TNG50-1,59,0.7,278396,0,0.02684174,-0.03523267,0.39519431,-2.61377213,8
TNG50-1,59,0.7,278396,0,-0.01112746,-0.09947192,0.48571832,0.62469114,9
TNG50-1,59,0.7,337387,0,-0.11351735,-0.07988287,1.0803148,0.7642489,0
TNG50-1,59,0.7,337387,0,0.10380906,0.05106439,0.73273147,1.44852894,1
TNG50-1,59,0.7,337387,0,0.01542559,-0.0493441,1.22048947,1.84684959,2
TNG50-1,59,0.7,337387,0,-0.02920366,0.02674461,0.80588399,2.58504872,3
TNG50-1,59,0.7,337387,0,0.01747284,0.04783237,1.29569336,-2.63569678,4
TNG50-1,59,0.7,337387,0,-0.04738371,0.00082898,1.25825492,0.44955572,5
TNG50-1,59,0.7,337387,0,-0.01656006,-0.01492836,0.83962449,1.56311095,6
TNG50-1,59,0.7,337387,0,-0.04704702,0.00665115,1.11209334,-1.77850928,7
TNG50-1,59,0.7,337387,0,-0.07066368,-0.02083102,0.7375812,-1.48521216,8
TNG50-1,59,0.7,337387,0,-0.10524925,0.06019546,0.759741,-1.46420621,9
TNG50-1,59,0.7,301103,0,-0.02606809,0.01995296,1.36078537,-1.18456861,0
TNG50-1,59,0.7,301103,0,0.07324502,-0.06606971,0.98784602,-2.55532557,1
TNG50-1,59,0.7,301103,0,0.0295765,0.0285985,0.6307652,1.66945045,2
TNG50-1,59,0.7,301103,0,0.05734065,0.01553566,0.77193941,1.28816596,3
TNG50-1,59,0.7,301103,0,-0.02918463,-0.01016543,0.53387702,2.41073099,4
TNG50-1,59,0.7,301103,0,0.00253333,0.02247586,1.16820859,2.46347828,5
TNG50-1,59,0.7,301103,0,0.02010995,-0.01824702,0.95732889,-1.39156354,6
TNG50-1,59,0.7,301103,0,-0.02750346,-0.03350654,0.7694318,0.88820851,7
TNG50-1,59,0.7,301103,0,-0.00477661,0.02718631,1.25932367,3.13608228,8
TNG50-1,59,0.7,301103,0,-0.02918052,0.0293507,0.59015991,-1.60971093,9
TNG50-1,59,0.7,235213,0,-0.04877341,0.00106533,0.83421937,-2.17696097,0
TNG50-1,59,0.7,235213,0,0.01411236,-0.01074959,1.13237161,-1.81215367,1
TNG50-1,59,0.7,235213,0,-0.16124781,0.0463323,1.14378564,-2.53709127,2
TNG50-1,59,0.7,235213,0,-0.0421773,0.02359436,1.23801471,0.52074516,3
TNG50-1,59,0.7,235213,0,-0.09613805,0.01443129,0.61128105,-1.36565006,4
TNG50-1,59,0.7,235213,0,-0.01213121,-0.00693901,0.31379467,2.59443211,5
TNG50-1,59,0.7,235213,0,0.09789496,-0.01730324,0.82505911,0.71256205,6
TNG50-1,59,0.7,235213,0,-0.0108588,0.04585854,0.3601293,-0.88209289,7
TNG50-1,59,0.7,235213,0,-0.00537514,-0.01682313,0.48214752,3.0450869,8
TNG50-1,59,0.7,235213,0,0.04196155,0.06156264,1.21694865,2.847505,9
TNG50-1,59,0.7,245787,0,-0.01139066,0.02438029,1.14269475,3.04510092,0
TNG50-1,59,0.7,245787,0,-0.01659272,-0.03894019,0.94144364,3.01351007,1
TNG50-1,59,0.7,245787,0,0.06280787,-0.03388549,0.39406933,-1.11229725,2
TNG50-1,59,0.7,245787,0,0.04922615,-0.01442973,0.20741158,-1.6270398,3
TNG50-1,59,0.7,245787,0,0.00175348,-0.03533321,0.63680429,-1.69948806,4
TNG50-1,59,0.7,245787,0,0.03389528,-0.07365503,0.70627578,-0.09509988,5
TNG50-1,59,0.7,245787,0,0.04114876,0.0337976,0.93048852,-1.73562577,6
TNG50-1,59,0.7,245787,0,0.00291304,0.01732041,0.7824456,0.93303186,7
TNG50-1,59,0.7,245787,0,0.02013093,-0.06696833,1.27973916,-2.67148591,8
TNG50-1,59,0.7,245787,0,0.02970938,-0.01204584,1.17228932,-2.49016945,9
TNG50-1,59,0.7,128024,0,-0.02182445,-0.03212147,0.69030692,2.99144028,0
TNG50-1,59,0.7,128024,0,-0.01798746,-0.02457743,0.71598196,-3.06841067,1
TNG50-1,59,0.7,128024,0,-0.04185795,0.07674916,0.50677227,-1.08627142,2
TNG50-1,59,0.7,128024,0,0.03936851,-0.01021176,0.89817899,-0.99054258,3
TNG50-1,59,0.7,128024,0,-0.02117341,-0.01798135,0.40170217,-1.32867648,4
TNG50-1,59,0.7,128024,0,-0.04094918,-0.00875626,0.47510391,1.9944357,5
TNG50-1,59,0.7,128024,0,0.0268638,0.02272275,0.53984544,-2.85840047,6
TNG50-1,59,0.7,128024,0,-0.04485882,-0.05169318,1.20691804,-0.88319751,7
TNG50-1,59,0.7,128024,0,-0.01644911,0.02136077,0.926679,1.33005362,8
TNG50-1,59,0.7,128024,0,0.00535529,0.01279101,0.69759083,-0.58597163,9
TNG50-1,59,0.7,277306,0,0.01943892,-0.0397436,0.48725603,0.95016594,0
TNG50-1,59,0.7,277306,0,0.05308316,0.08716651,0.80874352,0.6176419,1
TNG50-1,59,0.7,277306,0,-0.01370224,0.03291736,0.71755612,-2.45642254,2
TNG50-1,59,0.7,277306,0,-0.07153686,-0.03817988,0.79785371,-0.40073386,3
TNG50-1,59,0.7,277306,0,-0.11763762,-0.06134077,0.71623544,0.70148236,4
TNG50-1,59,0.7,277306,0,0.14339813,-0.02578471,1.27919538,-2.62719284,5
TNG50-1,59,0.7,277306,0,0.02634615,-0.01577153,0.40939869,-2.44125618,6
TNG50-1,59,0.7,277306,0,0.00683959,0.1024573,1.15763974,3.10063417,7
TNG50-1,59,0.7,277306,0,0.01393199,-0.00941337,0.5592433,-1.05410392,8
TNG50-1,59,0.7,277306,0,-0.07156695,-0.05947759,0.4652773,-0.94415863,9
TNG50-1,59,0.7,104589,0,0.00051046,0.13440561,0.81541716,2.33911156,0
TNG50-1,59,0.7,104589,0,-0.01047447,-0.01866352,0.51541811,2.6172114,1
TNG50-1,59,0.7,104589,0,-0.06237547,0.0353592,0.6301052,-2.6076749,2
TNG50-1,59,0.7,104589,0,0.0174842,0.04331365,0.38299814,1.42037165,3
TNG50-1,59,0.7,104589,0,-0.00980841,-0.02486784,0.71710239,-1.85916756,4
TNG50-1,59,0.7,104589,0,-0.01173361,0.0409515,1.05969784,1.75375917,5
TNG50-1,59,0.7,104589,0,0.08090254,0.04355016,0.41373832,1.26097077,6
TNG50-1,59,0.7,104589,0,-0.00631728,-0.03565723,1.2105246,-2.00212218,7
TNG50-1,59,0.7,104589,0,0.06654907,-0.03506501,0.87261708,2.09123365,8
TNG50-1,59,0.7,104589,0,-0.07940373,0.00226534,0.65961828,-0.24008803,9
TNG50-1,59,0.7,203536,0,0.01580532,0.05039287,1.11489776,-0.05050406,0
TNG50-1,59,0.7,203536,0,0.03677234,0.03796659,0.49240257,1.5398883,1
TNG50-1,59,0.7,203536,0,-0.01567235,0.10899447,1.21041809,-1.77374154,2
TNG50-1,59,0.7,203536,0,-0.02693997,0.0557486,0.71427646,-2.27964513,3
TNG50-1,59,0.7,203536,0,-0.00380406,-0.03620398,0.8420418,1.51617519,4
TNG50-1,59,0.7,203536,0,0.04059993,0.0235134,1.26340799,1.09216952,5
TNG50-1,59,0.7,203536,0,-0.0249924,-0.02787444,0.69066275,-1.41932326,6
TNG50-1,59,0.7,203536,0,-0.05344606,-0.02270631,0.92603756,1.54744446,7
TNG50-1,59,0.7,203536,0,0.05752924,-0.07062502,1.30702925,0.0313673,8
TNG50-1,59,0.7,203536,0,0.01996482,-0.01430566,0.350933,-0.95129149,9
TNG50-1,59,0.7,287600,0,-0.04216202,0.0068246,1.03272592,-1.13369256,0
TNG50-1,59,0.7,287600,0,-0.06951425,-0.04824858,1.07482759,-1.39930043,1
TNG50-1,59,0.7,287600,0,-0.00696526,0.0089331,0.92283218,1.31018379,2
TNG50-1,59,0.7,287600,0,-0.01691707,0.07340233,0.89676376,-0.2763307,3
TNG50-1,59,0.7,287600,0,-0.02976138,-0.00299113,1.21048329,-1.26014412,4
TNG50-1,59,0.7,287600,0,-0.0594173,-0.06068082,1.22847185,2.08194601,5
TNG50-1,59,0.7,287600,0,0.02595923,0.01960517,0.60774809,-2.60252588,6
TNG50-1,59,0.7,287600,0,0.02976318,-0.00888274,1.33697749,1.67359329,7
TNG50-1,59,0.7,287600,0,-0.05328234,-0.00750785,0.96480412,-1.58139758,8
TNG50-1,59,0.7,287600,0,-0.04636268,0.02376614,1.23955218,2.62649224,9
TNG50-1,59,0.7,244419,0,-0.00213928,-0.03914489,1.35210006,2.67920237,0
TNG50-1,59,0.7,244419,0,-0.03403344,-0.00677686,0.76944379,-1.46206481,1
TNG50-1,59,0.7,244419,0,-0.10650363,-0.00254936,1.16003534,2.33110324,2
TNG50-1,59,0.7,244419,0,-0.07064634,0.05460932,1.34274591,-3.06550775,3
TNG50-1,59,0.7,244419,0,-0.03713227,0.00529435,0.84815987,-2.5307633,4
TNG50-1,59,0.7,244419,0,-0.04464832,0.00667845,0.70265521,-0.30531063,5
TNG50-1,59,0.7,244419,0,0.01446803,-0.08274216,0.94095213,1.62487808,6
TNG50-1,59,0.7,244419,0,0.04057469,-0.04499534,1.3953549,2.78069717,7
TNG50-1,59,0.7,244419,0,-0.00642196,0.05479761,0.87980747,0.13254263,8
TNG50-1,59,0.7,244419,0,0.07044585,-0.10376711,1.39456436,-0.90816712,9
TNG50-1,59,0.7,328138,0,0.03451251,0.01727515,1.34607551,0.61307347,0
TNG50-1,59,0.7,328138,0,-0.05300824,0.06093218,1.04033211,1.53229283,1
TNG50-1,59,0.7,328138,0,0.00231486,0.045248,1.11373665,1.1640736,2
TNG50-1,59,0.7,328138,0,-0.01691516,0.02654966,0.83817627,-1.40630194,3
TNG50-1,59,0.7,328138,0,0.08591945,-0.01639674,1.36874623,2.22704259,4
TNG50-1,59,0.7,328138,0,0.00857446,-0.00793882,1.26002255,0.70259947,5
TNG50-1,59,0.7,328138,0,0.0972736,0.0568831,1.22413737,0.72047213,6
TNG50-1,59,0.7,328138,0,0.02803712,0.06729556,1.01595401,-1.80422639,7
TNG50-1,59,0.7,328138,0,0.0712703,-0.02964314,1.19186497,-1.6197242,8
TNG50-1,59,0.7,328138,0,-0.01043991,-0.03718795,1.28545228,-0.15864906,9
TNG50-1,59,0.7,203535,0,-0.08189467,-0.03053391,1.39137898,3.11833662,0
TNG50-1,59,0.7,203535,0,-0.04907742,-0.03629304,0.66096478,-0.89485163,1
TNG50-1,59,0.7,203535,0,0.04974846,0.05219555,1.32970963,-2.06397757,2
TNG50-1,59,0.7,203535,0,0.02321053,0.03850587,1.31156548,2.1738341,3
TNG50-1,59,0.7,203535,0,-0.0193185,-0.04661816,0.63810259,-0.53048758,4
TNG50-1,59,0.7,203535,0,0.00091533,-0.05971969,0.75459608,2.35305071,5
TNG50-1,59,0.7,203535,0,-0.02212353,-0.00786383,0.89545398,-2.75727318,6
TNG50-1,59,0.7,203535,0,-0.00309989,0.10776438,0.58316722,-2.44383166,7
TNG50-1,59,0.7,203535,0,-0.03809057,-0.05138526,0.53619199,-2.88855206,8
TNG50-1,59,0.7,203535,0,-0.02901197,-0.00806122,0.99964908,0.64095377,9
TNG50-1,59,0.7,341319,0,0.02562726,0.00501353,0.98473935,-1.26384963,0
TNG50-1,59,0.7,341319,0,-0.01073733,0.00990196,0.65316912,-1.88855037,1
TNG50-1,59,0.7,341319,0,0.02397344,0.1110902,1.06960236,2.07619656,2
TNG50-1,59,0.7,341319,0,-0.07051691,0.00319035,1.19913897,-2.54336197,3
TNG50-1,59,0.7,341319,0,0.03966132,-0.02836399,1.31289297,2.526643,4
TNG50-1,59,0.7,341319,0,0.01030298,0.09354514,0.77520018,-2.97251747,5
TNG50-1,59,0.7,341319,0,0.00760964,-0.01538444,0.98763284,0.13981555,6
TNG50-1,59,0.7,341319,0,0.09751141,-0.08025891,0.5994125,-2.77510349,7
TNG50-1,59,0.7,341319,0,-0.01912417,-0.03704219,0.99949264,1.75682336,8
TNG50-1,59,0.7,341319,0,0.01711327,-0.06232937,1.04024954,-1.8127208,9
TNG50-1,59,0.7,324664,0,0.01397321,0.00593819,1.2021977,1.51903451,0
TNG50-1,59,0.7,324664,0,0.05019683,-0.06808261,1.28903217,1.33035847,1
TNG50-1,59,0.7,324664,0,0.01854513,0.01100042,1.35444578,-0.42578768,2
TNG50-1,59,0.7,324664,0,-0.0432044,-0.03950036,0.27953055,2.1445776,3
TNG50-1,59,0.7,324664,0,-0.0250346,0.08152609,0.92126938,-2.58341096,4
TNG50-1,59,0.7,324664,0,-0.02814205,-0.08030528,0.70586347,1.56880903,5
TNG50-1,59,0.7,324664,0,-0.0093235,0.01922422,0.64988648,-0.86712015,6
TNG50-1,59,0.7,324664,0,0.08973568,-0.04371197,1.09799852,0.41452634,7
TNG50-1,59,0.7,324664,0,0.09774498,-0.00047576,0.61432906,2.46906419,8
TNG50-1,59,0.7,324664,0,0.04183006,0.03330341,0.32117551,0.65985736,9
TNG50-1,59,0.7,263630,0,-0.01488417,0.02370208,1.1432133,1.97723129,0
TNG50-1,59,0.7,263630,0,-0.04423097,0.0170693,0.60327938,1.79824119,1
TNG50-1,59,0.7,263630,0,0.03571396,0.02156377,0.96461341,-0.405273,2
TNG50-1,59,0.7,263630,0,0.00554118,0.02856036,1.25669893,2.47339011,3
TNG50-1,59,0.7,263630,0,0.04918268,0.01498839,1.13378843,-0.75235541,4
TNG50-1,59,0.7,263630,0,-0.03045841,-0.04829522,0.34087412,2.28915026,5
TNG50-1,59,0.7,263630,0,0.10665109,0.04090955,1.02406753,-2.94326045,6
TNG50-1,59,0.7,263630,0,-0.09523244,0.03303391,1.01489815,-0.9598804,7
TNG50-1,59,0.7,263630,0,-0.07925675,0.07142156,1.27241992,2.23096104,8
TNG50-1,59,0.7,263630,0,0.08765424,0.08821205,1.14099917,2.52150234,9
TNG50-1,59,0.7,271409,0,-0.00655052,-0.04955371,1.31685671,0.10796102,0
TNG50-1,59,0.7,271409,0,-0.02186077,-0.04586595,0.94669627,0.4040033,1
TNG50-1,59,0.7,271409,0,-0.04734628,0.0760829,0.87391533,2.25302518,2
TNG50-1,59,0.7,271409,0,0.0969024,-0.0035832,0.46979902,2.32242605,3
TNG50-1,59,0.7,271409,0,0.00259224,-0.08393622,1.3224413,1.89924711,4
TNG50-1,59,0.7,271409,0,-0.08688756,0.0192067,1.11044,2.00164236,5
TNG50-1,59,0.7,271409,0,0.016387,0.00705184,0.78963484,2.38528475,6
TNG50-1,59,0.7,271409,0,0.06030859,-0.02244477,0.26986105,-2.4266797,7
TNG50-1,59,0.7,271409,0,0.00782173,-0.05102034,0.54107849,-1.30288522,8
TNG50-1,59,0.7,271409,0,-0.04507967,-0.05319474,0.54387047,2.99150956,9
TNG50-1,59,0.7,172232,0,0.0274987,-0.02793179,1.12907534,0.46234107,0
TNG50-1,59,0.7,172232,0,0.05028483,0.00013386,0.57114282,2.87313196,1
TNG50-1,59,0.7,172232,0,-0.00100776,-0.08749663,1.27778548,1.33059222,2
TNG50-1,59,0.7,172232,0,-0.01231582,0.06747108,0.65466554,0.67478608,3
TNG50-1,59,0.7,172232,0,-0.0785832,0.00079546,1.2465522,2.06816505,4
TNG50-1,59,0.7,172232,0,0.03418088,-0.05496768,0.93015213,-1.76128637,5
TNG50-1,59,0.7,172232,0,0.01043742,-0.12298544,1.12672025,0.83404548,6
TNG50-1,59,0.7,172232,0,-0.0461092,0.05145675,0.81444605,-0.68861292,7
TNG50-1,59,0.7,172232,0,-0.016292,0.02790458,1.2214241,1.5317839,8
TNG50-1,59,0.7,172232,0,0.00772516,0.01053429,0.61922568,-2.98784682,9
TNG50-1,59,0.7,344331,0,-0.0541677,-0.03158116,0.96684848,0.3880712,0
TNG50-1,59,0.7,344331,0,0.02041269,-0.02239783,0.89071223,0.40454878,1
TNG50-1,59,0.7,344331,0,-0.05807826,-0.02582482,0.55271441,-2.78868254,2
TNG50-1,59,0.7,344331,0,0.08988499,-0.04573581,1.24511322,-1.57223645,3
TNG50-1,59,0.7,344331,0,0.0275787,-0.06298442,1.25362224,1.6040812,4
TNG50-1,59,0.7,344331,0,0.11399358,-0.02212134,1.03461337,-0.55123566,5
TNG50-1,59,0.7,344331,0,-0.0511512,0.00580142,0.63206503,0.38023941,6
TNG50-1,59,0.7,344331,0,0.07745896,0.05818472,1.35165162,2.79519199,7
TNG50-1,59,0.7,344331,0,-0.09013562,0.01476752,0.61955993,-2.85085856,8
TNG50-1,59,0.7,344331,0,0.01040377,0.05832701,0.95742222,-0.31616759,9
TNG50-1,59,0.7,247082,0,-0.03061231,0.07956336,1.23744465,-1.45354469,0
TNG50-1,59,0.7,247082,0,-0.08245706,-0.01161319,0.79973422,-2.87429206,1
TNG50-1,59,0.7,247082,0,-0.04634272,0.02367777,1.31009124,0.39209855,2
TNG50-1,59,0.7,247082,0,-0.03356179,0.06203666,0.77989904,-1.73193345,3
TNG50-1,59,0.7,247082,0,-0.03742914,-0.00294623,1.05344999,-0.25633434,4
TNG50-1,59,0.7,247082,0,0.049051,-0.00681959,0.77593951,1.89949618,5
TNG50-1,59,0.7,247082,0,0.04852942,-0.03136687,1.0710465,1.83184232,6
TNG50-1,59,0.7,247082,0,0.11059398,-0.11800193,0.54456342,0.63074143,7
TNG50-1,59,0.7,247082,0,-0.03818606,0.00352358,1.35413198,3.00255776,8
TNG50-1,59,0.7,247082,0,0.07987242,-0.03549347,0.46543417,-0.22775859,9
TNG50-1,59,0.7,285957,0,-0.02822794,-0.06400251,1.13279114,-3.13724936,0
TNG50-1,59,0.7,285957,0,-0.07443805,0.054218,0.67993094,0.00645039,1
TNG50-1,59,0.7,285957,0,-0.06586076,-0.00724105,0.67746883,-1.98334516,2
TNG50-1,59,0.7,285957,0,-0.0155863,0.12395673,1.19851814,0.9226353,3
TNG50-1,59,0.7,285957,0,0.07311586,-0.05867855,0.83231349,1.13329099,4
TNG50-1,59,0.7,285957,0,-0.03642227,0.07949331,0.77142841,0.00707806,5
TNG50-1,59,0.7,285957,0,-0.02981639,0.06956727,1.16768579,0.2640794,6
TNG50-1,59,0.7,285957,0,-0.03084555,-0.0205842,1.00513996,-1.16202367,7
TNG50-1,59,0.7,285957,0,-0.02658654,-0.01975303,1.02044063,-1.1729282,8
TNG50-1,59,0.7,285957,0,-0.00056134,-0.04606489,0.64916838,1.54011591,9
TNG50-1,59,0.7,316484,0,0.00261297,-0.03018149,0.87488529,-1.89960916,0
TNG50-1,59,0.7,316484,0,-0.00790374,0.03332194,1.30019529,-2.07535745,1
TNG50-1,59,0.7,316484,0,-0.00939551,-0.09545687,0.6746635,-1.22022523,2
TNG50-1,59,0.7,316484,0,-0.00546197,0.04145215,1.27193673,2.7722132,3
TNG50-1,59,0.7,316484,0,0.0015222,-0.07282911,0.51115369,-0.08405848,4
TNG50-1,59,0.7,316484,0,-0.00281806,-0.04921656,1.19733302,-1.50244822,5
TNG50-1,59,0.7,316484,0,-0.02794208,0.01661127,1.26619095,-2.07099594,6
TNG50-1,59,0.7,316484,0,0.03824503,-0.03107495,1.34138252,-3.02283153,7
TNG50-1,59,0.7,316484,0,0.0414038,-0.03791768,0.72839521,-0.84827622,8
TNG50-1,59,0.7,316484,0,0.08919284,-0.0242408,1.244211,-2.45005602,9
TNG50-1,59,0.7,330321,0,0.01564416,0.08742769,0.64433705,-2.64788906,0
TNG50-1,59,0.7,330321,0,-0.0524449,-0.06941067,1.04919699,3.01687482,1
TNG50-1,59,0.7,330321,0,-0.05081591,-0.03659465,0.71312472,-2.36966171,2
TNG50-1,59,0.7,330321,0,0.00076412,0.04762918,1.32392031,-1.87960894,3
TNG50-1,59,0.7,330321,0,0.04659977,0.01082285,0.7115717,1.94581294,4
TNG50-1,59,0.7,330321,0,-0.0575495,-0.03956204,0.94632771,-1.59118906,5
TNG50-1,59,0.7,330321,0,0.05567047,0.04823966,0.45248562,-1.7448824,6
TNG50-1,59,0.7,330321,0,-0.00458168,0.05061479,1.24233331,1.08265428,7
TNG50-1,59,0.7,330321,0,-0.04651217,0.01656953,1.3092688,-0.63607682,8
TNG50-1,59,0.7,330321,0,-0.02338452,-0.03061983,1.23563122,2.10787769,9
TNG50-1,59,0.7,239876,0,-0.00975642,-0.06055503,1.1754012,0.46106479,0
TNG50-1,59,0.7,239876,0,-0.01127162,-0.04647237,0.54954559,-1.82724385,1
TNG50-1,59,0.7,239876,0,0.0477129,-0.0557827,0.76255113,3.01044649,2
TNG50-1,59,0.7,239876,0,-0.04442323,-0.02772469,1.39678081,0.29180097,3
TNG50-1,59,0.7,239876,0,-0.13083748,-0.02986437,0.89153327,-2.10190033,4
TNG50-1,59,0.7,239876,0,-0.08022715,0.03445284,1.20491087,0.10833575,5
TNG50-1,59,0.7,239876,0,-0.05141508,-0.04947647,1.38735317,2.88617525,6
TNG50-1,59,0.7,239876,0,-0.03278458,-0.01787983,0.8342734,-0.47620116,7
TNG50-1,59,0.7,239876,0,0.00935872,-0.02725113,1.22816339,-0.46906798,8
TNG50-1,59,0.7,239876,0,-0.0539897,0.04044425,0.45385961,-0.24424801,9
TNG50-1,59,0.7,325890,0,-0.01775728,-0.03089281,1.1467057,2.30882585,0
TNG50-1,59,0.7,325890,0,0.01464219,0.06862721,0.49688363,-1.41964463,1
TNG50-1,59,0.7,325890,0,-0.03911335,0.09203829,1.35551863,-1.40982441,2
TNG50-1,59,0.7,325890,0,0.01707622,-0.03467189,0.3691771,2.50543155,3
TNG50-1,59,0.7,325890,0,-0.07605631,-0.00568716,1.120849,2.07710956,4
TNG50-1,59,0.7,325890,0,0.04442248,0.05225213,0.69426188,-2.47701263,5
TNG50-1,59,0.7,325890,0,0.01829004,-0.00390725,1.11817538,0.50378523,6
TNG50-1,59,0.7,325890,0,0.00278327,0.02972943,0.3415517,-1.73795929,7
TNG50-1,59,0.7,325890,0,0.0562409,0.03902018,1.36993365,-1.78983903,8
TNG50-1,59,0.7,325890,0,-0.01646745,-0.02811523,1.09708668,0.72510463,9
TNG50-1,59,0.7,191405,0,-0.1084524,-0.01079806,1.27831433,-3.08150692,0
TNG50-1,59,0.7,191405,0,0.07824073,0.03288659,0.35844478,1.00569105,1
TNG50-1,59,0.7,191405,0,0.00433607,-0.00328487,0.72096313,-1.88455931,2
TNG50-1,59,0.7,191405,0,0.05063599,-0.02977547,0.61813348,0.26914126,3
TNG50-1,59,0.7,191405,0,0.02532336,-0.05429892,0.68256571,-3.04809854,4
TNG50-1,59,0.7,191405,0,0.07201975,-0.01959077,1.19536396,0.05560528,5
TNG50-1,59,0.7,191405,0,0.01048712,0.01022858,1.28292373,-0.6684776,6
TNG50-1,59,0.7,191405,0,-0.06817272,-0.09796959,1.02645931,2.39019901,7
TNG50-1,59,0.7,191405,0,-0.00528374,-0.03900382,0.57064069,1.39369721,8
TNG50-1,59,0.7,191405,0,0.0257828,-0.0998346,1.11773793,-2.91522108,9
TNG50-1,59,0.7,225436,0,0.0097525,0.06385817,1.17539251,-0.19142434,0
TNG50-1,59,0.7,225436,0,-0.02200059,0.03916657,1.11522132,1.09201446,1
TNG50-1,59,0.7,225436,0,0.03328871,0.05764947,0.78870796,0.38353257,2
TNG50-1,59,0.7,225436,0,0.05139158,0.0525861,0.47735326,1.73491283,3
TNG50-1,59,0.7,225436,0,0.03386881,-0.01352999,1.30463002,-2.80125266,4
TNG50-1,59,0.7,225436,0,-0.05212217,-0.02128049,1.22388617,2.00459211,5
TNG50-1,59,0.7,225436,0,0.00498229,0.08708619,0.35407,-2.77684525,6
TNG50-1,59,0.7,225436,0,-0.04557158,-0.00825598,0.64407574,2.39372977,7
TNG50-1,59,0.7,225436,0,0.00482774,-0.06772903,1.10367479,-2.86981702,8
TNG50-1,59,0.7,225436,0,-0.04537683,0.05037334,1.09315372,-2.3383978,9
TNG50-1,59,0.7,238084,0,-0.03509682,0.03789839,0.45986225,-2.15933909,0
TNG50-1,59,0.7,238084,0,-0.0599509,0.07968412,0.73302603,0.58712323,1
TNG50-1,59,0.7,238084,0,0.01020815,-0.04093002,1.35091732,2.87084425,2
TNG50-1,59,0.7,238084,0,-0.02770338,-0.08004724,0.46150048,-0.52386395,3
TNG50-1,59,0.7,238084,0,-0.00358703,-0.00072151,1.04110568,3.11775539,4
TNG50-1,59,0.7,238084,0,-0.01193894,0.04290136,1.14663011,-2.033147,5
TNG50-1,59,0.7,238084,0,-0.02222155,0.03505809,0.77419013,1.86044777,6
TNG50-1,59,0.7,238084,0,0.01469018,0.06056908,0.72031587,2.68988349,7
TNG50-1,59,0.7,238084,0,0.0277252,-0.12682727,1.1421605,1.18158035,8
TNG50-1,59,0.7,238084,0,0.09826395,0.06264884,1.09859939,-2.45467532,9
TNG50-1,59,0.7,314230,0,0.05508796,0.04239259,0.34082565,-0.82806264,0
TNG50-1,59,0.7,314230,0,-0.05590905,0.06532792,0.36327901,0.05419357,1
TNG50-1,59,0.7,314230,0,0.06929645,-0.02427786,1.32076947,-1.71178896,2
TNG50-1,59,0.7,314230,0,0.07330361,-0.00193441,0.3586058,0.25727281,3
TNG50-1,59,0.7,314230,0,0.077634,-0.00520938,0.64652007,1.90113271,4
TNG50-1,59,0.7,314230,0,-0.00789074,-0.03176401,1.31154236,-1.78908503,5
TNG50-1,59,0.7,314230,0,-0.03759212,0.03678748,0.93890462,0.33606724,6
TNG50-1,59,0.7,314230,0,-0.04921206,0.01814241,1.37119236,-0.91330323,7
TNG50-1,59,0.7,314230,0,-0.05508899,0.00709116,0.86715307,1.5574262,8
TNG50-1,59,0.7,314230,0,0.00058452,0.01791527,0.38727424,1.26944635,9
TNG50-1,59,0.7,138897,0,0.03757916,0.0703083,1.18831315,-2.66076304,0
TNG50-1,59,0.7,138897,0,-0.00228185,0.02204347,0.34524402,-1.79638652,1
TNG50-1,59,0.7,138897,0,0.04172096,-0.11280344,1.16677548,1.22045832,2
TNG50-1,59,0.7,138897,0,-0.00508603,-0.03175033,0.67765933,-2.4609438,3
TNG50-1,59,0.7,138897,0,-0.02903137,0.06623278,0.94973236,1.89139655,4
TNG50-1,59,0.7,138897,0,-0.01129211,0.08115271,1.13746729,0.7857814,5
TNG50-1,59,0.7,138897,0,-0.11910447,0.06813239,0.23354808,-2.5078857,6
TNG50-1,59,0.7,138897,0,-0.05717422,-0.01181262,1.361245,-1.33948319,7
TNG50-1,59,0.7,138897,0,0.04741397,-0.06532879,0.87433455,-2.27967872,8
TNG50-1,59,0.7,138897,0,0.05959499,-0.00203158,0.9957868,1.86988409,9
TNG50-1,59,0.7,162909,0,-0.03119611,-0.0119645,1.27588943,2.45524286,0
TNG50-1,59,0.7,162909,0,-0.0017303,-0.07117001,1.04879176,-0.5852337,1
TNG50-1,59,0.7,162909,0,-0.02909608,-0.04095382,0.94780981,-1.2453662,2
TNG50-1,59,0.7,162909,0,0.12172663,0.0158477,1.37387802,1.51538355,3
TNG50-1,59,0.7,162909,0,-0.01200086,-0.04321966,0.8436923,-2.90289333,4
TNG50-1,59,0.7,162909,0,-0.01868785,0.0129782,0.67964302,0.30671062,5
TNG50-1,59,0.7,162909,0,-0.02708181,0.08645766,0.3347825,-0.31296552,6
TNG50-1,59,0.7,162909,0,0.08884754,0.00853003,1.22970082,0.78450728,7
TNG50-1,59,0.7,162909,0,-0.08195334,-0.07267562,1.22490947,1.45204207,8
TNG50-1,59,0.7,162909,0,0.01797162,-0.04233981,1.14075274,-1.0996304,9
TNG50-1,59,0.7,262484,0,0.01130827,-0.02113041,0.83553684,2.93758517,0
TNG50-1,59,0.7,262484,0,0.01238998,-0.02828362,0.67020241,0.53122695,1
TNG50-1,59,0.7,262484,0,0.00426913,-0.08080157,0.53078217,2.54037696,2
TNG50-1,59,0.7,262484,0,0.0057428,0.00121112,1.12839773,0.89154242,3
TNG50-1,59,0.7,262484,0,0.0018568,0.02396602,1.37204351,-1.99965925,4
TNG50-1,59,0.7,262484,0,0.01058747,-0.00775499,0.84669083,1.88060876,5
TNG50-1,59,0.7,262484,0,0.03703405,-0.00044789,1.21016814,1.21704435,6
TNG50-1,59,0.7,262484,0,0.06101438,0.02092185,0.63920579,3.00298419,7
TNG50-1,59,0.7,262484,0,-0.03781662,0.07055598,0.76592864,-1.61206436,8
TNG50-1,59,0.7,262484,0,-0.00861507,-0.02098823,0.64960071,-1.0485033,9
TNG50-1,59,0.7,95227,0,-0.00960089,-0.00880438,1.3288623,2.57838514,0
TNG50-1,59,0.7,95227,0,-0.01941161,0.0335052,1.26595446,2.73511585,1
TNG50-1,59,0.7,95227,0,-0.00556086,0.02382873,1.01802492,-1.23761021,2
TNG50-1,59,0.7,95227,0,0.01046384,0.02749069,0.62994366,2.05905345,3
TNG50-1,59,0.7,95227,0,-0.02620256,-0.00038878,0.48131737,0.81854558,4
TNG50-1,59,0.7,95227,0,0.02529656,0.01941137,0.67275606,-2.510203,5
TNG50-1,59,0.7,95227,0,-0.04811313,-0.04806422,0.2810455,0.64571139,6
TNG50-1,59,0.7,95227,0,-0.01509131,-0.05855893,1.38613443,2.9911546,7
TNG50-1,59,0.7,95227,0,-0.11073481,-0.0050553,0.83412096,-1.20578065,8
TNG50-1,59,0.7,95227,0,0.05861186,-0.03398882,1.30340213,-3.13442495,9
TNG50-1,59,0.7,337952,0,0.06113867,0.12792559,1.03843874,0.34304389,0
TNG50-1,59,0.7,337952,0,0.01361724,-0.01900204,0.91877187,0.22942333,1
TNG50-1,59,0.7,337952,0,0.027718,-0.07138936,1.25756912,1.62037556,2
TNG50-1,59,0.7,337952,0,-0.06939437,0.00126489,0.74931415,0.68868255,3
TNG50-1,59,0.7,337952,0,0.0959395,-0.04489019,0.5579912,-2.65697413,4
TNG50-1,59,0.7,337952,0,-0.03956872,0.04322596,0.61468959,-2.01155139,5
TNG50-1,59,0.7,337952,0,-0.09972126,-0.04447724,1.10388049,0.20256374,6
TNG50-1,59,0.7,337952,0,-0.01755629,0.01353669,0.31657648,1.22237863,7
TNG50-1,59,0.7,337952,0,-0.12237419,-0.05735295,1.30004046,0.08906121,8
TNG50-1,59,0.7,337952,0,-0.05425626,0.12995141,0.96412984,-0.90787137,9
TNG50-1,59,0.7,327485,0,-0.04387516,0.00577,0.77157073,-0.03210416,0
TNG50-1,59,0.7,327485,0,0.04100668,-0.00817765,1.30147436,-1.78871603,1
TNG50-1,59,0.7,327485,0,0.03740124,0.00574876,0.999213,-0.06001992,2
TNG50-1,59,0.7,327485,0,-0.0082714,0.01688984,0.54342096,-3.06123534,3
TNG50-1,59,0.7,327485,0,-0.02358118,-0.00283446,1.34089044,3.13831041,4
TNG50-1,59,0.7,327485,0,0.07995738,0.06018434,0.23867335,-1.05485608,5
TNG50-1,59,0.7,327485,0,0.02946654,0.06296692,0.87564466,-0.12426791,6
TNG50-1,59,0.7,327485,0,-0.01955709,0.02659441,1.05876264,1.789314,7
TNG50-1,59,0.7,327485,0,-0.03265422,0.06873595,1.38393844,1.33692576,8
TNG50-1,59,0.7,327485,0,0.05124488,0.00042484,0.86931209,2.44138846,9
TNG50-1,59,0.7,270248,0,-0.03503673,-0.01589836,1.12255424,0.10658086,0
TNG50-1,59,0.7,270248,0,-0.02870795,0.0587893,0.29017824,0.66879558,1
TNG50-1,59,0.7,270248,0,0.00858948,0.09865473,1.32287149,-0.83160947,2
TNG50-1,59,0.7,270248,0,0.03999947,-0.04965455,0.64485376,0.72622316,3
TNG50-1,59,0.7,270248,0,-0.04092002,-0.0369406,0.97698323,-0.41389189,4
TNG50-1,59,0.7,270248,0,-0.04955962,0.019055,1.03646639,2.37548296,5
TNG50-1,59,0.7,270248,0,0.00117418,-0.02888716,1.37894424,1.3729591,6
TNG50-1,59,0.7,270248,0,0.02696263,-0.03796159,0.70816422,-2.44730078,7
TNG50-1,59,0.7,270248,0,0.07313776,0.01222353,0.65175573,1.88246232,8
TNG50-1,59,0.7,270248,0,-0.05356648,0.077471,1.12812544,-1.02098223,9
TNG50-1,59,0.7,350676,0,-0.04953402,0.0227979,0.60518556,-0.57716185,0
TNG50-1,59,0.7,350676,0,-0.06432729,-0.0680392,1.0329084,2.96141604,1
TNG50-1,59,0.7,350676,0,0.01241693,-0.03118378,0.30458432,0.96504305,2
TNG50-1,59,0.7,350676,0,0.08434106,0.07157313,0.45092974,-2.53526224,3
TNG50-1,59,0.7,350676,0,-0.00580335,0.06509963,0.66778012,-0.13165951,4
TNG50-1,59,0.7,350676,0,-0.00193597,0.02187423,1.32552993,-2.82913768,5
TNG50-1,59,0.7,350676,0,0.06453787,-0.09646769,0.73956705,-0.65925867,6
TNG50-1,59,0.7,350676,0,0.04391147,-0.06041108,0.24662716,2.60991714,7
TNG50-1,59,0.7,350676,0,0.02127075,-0.03397362,1.0788172,-1.68262324,8
TNG50-1,59,0.7,350676,0,-0.02911704,-0.00858495,0.48617682,2.83100084,9
TNG50-1,59,0.7,181444,0,0.07410345,-0.01619844,1.10783817,2.13901191,0
TNG50-1,59,0.7,181444,0,-0.02722934,0.0346855,0.76282141,2.81900728,1
TNG50-1,59,0.7,181444,0,-0.02674815,0.05282081,0.64660581,2.02366286,2
TNG50-1,59,0.7,181444,0,-0.0177464,0.04982197,0.57141002,-3.13751874,3
TNG50-1,59,0.7,181444,0,0.01600421,0.02138051,1.2500727,0.42740891,4
TNG50-1,59,0.7,181444,0,-0.05556271,0.04694463,1.24773883,-2.09443618,5
TNG50-1,59,0.7,181444,0,-0.0142407,0.04355303,1.35682052,-0.78070518,6
TNG50-1,59,0.7,181444,0,0.02626386,0.1338254,0.96720128,-0.45289863,7
TNG50-1,59,0.7,181444,0,0.01092856,0.06090335,1.28556124,2.78307886,8
TNG50-1,59,0.7,181444,0,0.01904073,-0.00443721,1.12844861,0.84030524,9
TNG50-1,59,0.7,133957,0,0.01127716,-0.06496833,1.33552368,-1.56473489,0
TNG50-1,59,0.7,133957,0,-0.00915935,0.04031612,0.33604178,1.26605521,1
TNG50-1,59,0.7,133957,0,0.02406243,-0.03784629,1.1321899,-1.6737468,2
TNG50-1,59,0.7,133957,0,0.01951097,-0.08774502,1.39823989,-1.82760376,3
TNG50-1,59,0.7,133957,0,0.06629238,0.04282864,0.45004863,-3.06855282,4
TNG50-1,59,0.7,133957,0,-0.09443523,0.02294915,0.8796307,-1.37032033,5
TNG50-1,59,0.7,133957,0,-0.01172489,-0.0057937,0.70158649,-1.59129967,6
TNG50-1,59,0.7,133957,0,0.01695949,-0.04572758,1.27276177,1.66100123,7
TNG50-1,59,0.7,133957,0,-0.0013142,-0.00567207,1.04980755,0.43800026,8
TNG50-1,59,0.7,133957,0,-0.04695865,0.06077938,0.80580481,-2.02428847,9
TNG50-1,59,0.7,256985,0,-0.03126747,0.0827262,0.92165558,-1.49431266,0
TNG50-1,59,0.7,256985,0,-0.05602382,0.03829087,0.82639393,-2.17412865,1
TNG50-1,59,0.7,256985,0,0.03033296,-0.01652352,0.98893042,1.40474156,2
TNG50-1,59,0.7,256985,0,-0.00840022,0.0713451,0.49340646,0.49595312,3
TNG50-1,59,0.7,256985,0,0.0407607,-0.01608807,1.33719585,-2.73646159,4
TNG50-1,59,0.7,256985,0,-0.02217482,-0.03528928,0.27020094,-0.25048399,5
TNG50-1,59,0.7,256985,0,-0.0202843,-0.01941342,1.3724323,-1.83153012,6
TNG50-1,59,0.7,256985,0,0.09366913,-0.02850969,1.22542523,2.93863696,7
TNG50-1,59,0.7,256985,0,-0.08115302,-0.04733116,0.73210808,-2.46352419,8
TNG50-1,59,0.7,256985,0,0.06422406,0.05550039,1.32967321,0.61609884,9
TNG50-1,59,0.7,358875,0,-0.02347014,0.06690896,0.75371812,3.13710589,0
TNG50-1,59,0.7,358875,0,0.06507249,0.02372683,0.73337122,0.79057839,1
TNG50-1,59,0.7,358875,0,-0.05227878,0.05144089,0.21675001,-0.01849963,2
TNG50-1,59,0.7,358875,0,0.06625981,-0.06577947,1.24864531,2.62408598,3
TNG50-1,59,0.7,358875,0,-0.02167222,0.03274142,0.69336337,2.07945688,4
TNG50-1,59,0.7,358875,0,0.10570178,-0.04857217,0.35422665,-2.44973809,5
TNG50-1,59,0.7,358875,0,-0.03409065,-0.06686593,0.8063447,-1.23953017,6
TNG50-1,59,0.7,358875,0,-0.0071991,0.01193831,0.31689758,-1.50391106,7
TNG50-1,59,0.7,358875,0,-0.04550915,0.01142692,0.22152633,2.23217484,8
TNG50-1,59,0.7,358875,0,-0.03438504,0.00266729,0.61049802,-1.67606887,9
TNG50-1,59,0.7,242629,0,0.04149682,-0.05848014,0.6928754,2.07328518,0
TNG50-1,59,0.7,242629,0,-0.01210524,0.01508164,0.65784728,-1.37307346,1
TNG50-1,59,0.7,242629,0,-0.05455152,-0.01093165,1.03194836,-2.96154403,2
TNG50-1,59,0.7,242629,0,-0.04367905,0.0451092,0.95087454,-2.88735562,3
TNG50-1,59,0.7,242629,0,-0.06846235,-0.03577053,1.23963705,-0.44499094,4
TNG50-1,59,0.7,242629,0,0.04551974,0.03080539,0.86018494,-0.28613057,5
TNG50-1,59,0.7,242629,0,-0.01924576,0.08204242,1.08191752,-1.12939547,6
TNG50-1,59,0.7,242629,0,0.04762503,0.0136278,1.10243271,1.06047354,7
TNG50-1,59,0.7,242629,0,0.00679572,0.03926457,0.35361711,-0.09209404,8
TNG50-1,59,0.7,242629,0,-0.01464092,0.02859451,1.26247651,-2.67592652,9
TNG50-1,59,0.7,316982,0,0.06264293,0.00448185,1.05031228,2.32144708,0
TNG50-1,59,0.7,316982,0,-0.10833675,0.00888383,0.29237145,2.52294337,1
TNG50-1,59,0.7,316982,0,0.05849418,0.02193812,0.74926141,2.1451959,2
TNG50-1,59,0.7,316982,0,-0.04557368,-7.023e-05,0.98386036,0.19226347,3
TNG50-1,59,0.7,316982,0,0.01322626,-0.06885812,1.13839783,1.8147785,4
TNG50-1,59,0.7,316982,0,-0.03380035,-0.01701338,1.0854676,2.67887207,5
TNG50-1,59,0.7,316982,0,0.09959584,0.03033292,0.84313818,-2.99480117,6
TNG50-1,59,0.7,316982,0,0.006231,-0.03349414,1.18521592,-0.55230319,7
TNG50-1,59,0.7,316982,0,-0.03540458,0.03363906,1.27337079,-1.85903444,8
TNG50-1,59,0.7,316982,0,-0.01505457,0.00158591,0.74663034,3.12129033,9
TNG50-1,59,0.7,317932,0,-0.02118137,-0.00932271,1.2558128,-1.58497996,0
TNG50-1,59,0.7,317932,0,-0.01319412,-0.03663722,0.36387372,-2.44362093,1
TNG50-1,59,0.7,317932,0,0.00525185,-0.0265337,0.90683015,-1.69865054,2
TNG50-1,59,0.7,317932,0,0.02778689,-0.02812292,1.08571665,-2.40784413,3
TNG50-1,59,0.7,317932,0,0.00940611,-0.01436687,1.23297143,-0.76823438,4
TNG50-1,59,0.7,317932,0,-0.01284556,0.03278775,0.21853162,-0.08673774,5
TNG50-1,59,0.7,317932,0,-0.04575632,0.0203556,0.71882813,-0.2809528,6
TNG50-1,59,0.7,317932,0,0.04385345,0.07733687,1.21698463,2.06848786,7
TNG50-1,59,0.7,317932,0,-0.00509111,0.06058645,1.3244148,-1.54569257,8
TNG50-1,59,0.7,317932,0,-0.02168949,0.09782109,1.23300329,2.43218223,9
TNG50-1,59,0.7,206045,0,-0.0125212,-0.00868209,1.15819542,2.81779348,0
TNG50-1,59,0.7,206045,0,-0.08285696,-0.0317077,0.38651954,-2.03976021,1
TNG50-1,59,0.7,206045,0,0.01934323,0.01936718,0.40902761,-1.41039992,2
TNG50-1,59,0.7,206045,0,-0.06928765,0.06963303,0.69347936,-2.80167052,3
TNG50-1,59,0.7,206045,0,-0.12627036,0.02581837,0.98861499,3.07277397,4
TNG50-1,59,0.7,206045,0,-0.01720068,0.05131971,1.36112793,1.7650415,5
TNG50-1,59,0.7,206045,0,-0.03779468,0.05545633,1.37667733,-0.1211767,6
TNG50-1,59,0.7,206045,0,-0.04307685,-0.05094304,1.28505407,0.47479113,7
TNG50-1,59,0.7,206045,0,-0.1551548,0.02195573,0.85979108,0.39065335,8
TNG50-1,59,0.7,206045,0,-0.04254214,0.04975787,0.61546166,-1.54339691,9
TNG50-1,59,0.7,241194,0,-0.08827073,0.00477238,0.81225757,-1.61926488,0
TNG50-1,59,0.7,241194,0,-0.04473634,7.4e-05,0.88562571,2.57794754,1
TNG50-1,59,0.7,241194,0,-0.04782337,-0.09069012,1.19877859,-2.27472259,2
TNG50-1,59,0.7,241194,0,-0.01582639,0.00090753,0.93946394,2.22042151,3
TNG50-1,59,0.7,241194,0,0.02097571,-0.0602698,0.94364758,-1.98973791,4
TNG50-1,59,0.7,241194,0,0.09244614,0.00059139,0.57868317,-0.46744795,5
TNG50-1,59,0.7,241194,0,-0.07155729,0.06347482,1.02261447,3.04056928,6
TNG50-1,59,0.7,241194,0,-0.02423887,0.0231534,1.02014815,-2.5318162,7
TNG50-1,59,0.7,241194,0,-0.04479904,0.00887585,0.25591278,2.13494984,8
TNG50-1,59,0.7,241194,0,-0.06339897,-0.02643829,0.4633241,-0.03308757,9
TNG50-1,59,0.7,32346,0,-0.14316,-0.00620654,0.57953594,1.99463393,0
TNG50-1,59,0.7,32346,0,0.04591811,0.05907409,0.6033468,2.14830488,1
TNG50-1,59,0.7,32346,0,0.03282413,0.0315865,1.33375747,3.00550769,2
TNG50-1,59,0.7,32346,0,0.00488895,-0.05934665,0.4745571,3.09467901,3
TNG50-1,59,0.7,32346,0,-0.06130666,0.06946102,0.32708538,-2.66496462,4
TNG50-1,59,0.7,32346,0,-0.00445168,0.06127858,1.36414807,0.99251458,5
TNG50-1,59,0.7,32346,0,0.00923527,0.02327374,0.34866809,-1.42599293,6
TNG50-1,59,0.7,32346,0,0.03913628,0.01403589,1.1632484,-2.35256416,7
TNG50-1,59,0.7,32346,0,0.01364935,0.08293058,0.78343949,-2.20668346,8
TNG50-1,59,0.7,32346,0,0.03319006,-0.08166564,1.25393542,2.74221605,9
TNG50-1,59,0.7,333646,0,-0.04028407,-0.03842793,1.04840266,2.86803637,0
TNG50-1,59,0.7,333646,0,0.05922838,0.00031903,1.24078693,1.28661331,1
TNG50-1,59,0.7,333646,0,-0.07761734,0.00776996,0.73834607,1.63455763,2
TNG50-1,59,0.7,333646,0,0.02205196,0.0117329,1.02010698,2.5075747,3
TNG50-1,59,0.7,333646,0,-0.01852585,-0.00619454,1.04133937,2.91733795,4
TNG50-1,59,0.7,333646,0,-0.04803536,-0.03510809,0.4972849,-2.62464505,5
TNG50-1,59,0.7,333646,0,0.09859659,0.03217015,0.66774283,3.12487204,6
TNG50-1,59,0.7,333646,0,-0.04772513,-0.00558464,0.93835256,1.2756262,7
TNG50-1,59,0.7,333646,0,-0.0565051,-0.02478087,0.98894452,0.58273311,8
TNG50-1,59,0.7,333646,0,-0.00934864,0.07399968,0.3252129,-0.54558704,9
TNG50-1,59,0.7,184870,0,-0.04516909,0.06510821,1.31667927,-0.81491083,0
TNG50-1,59,0.7,184870,0,0.01673262,-0.0039715,0.92310737,-3.01513144,1
TNG50-1,59,0.7,184870,0,-0.02127536,0.09276041,0.77114001,-0.04459113,2
TNG50-1,59,0.7,184870,0,-0.07165455,-0.02162115,1.12728028,-1.40570314,3
TNG50-1,59,0.7,184870,0,0.12723834,0.0213218,1.39239175,2.46787819,4
TNG50-1,59,0.7,184870,0,-0.00185053,0.05109901,0.83182137,1.32891349,5
TNG50-1,59,0.7,184870,0,-0.05415815,0.05975762,1.36693878,-0.60115463,6
TNG50-1,59,0.7,184870,0,-0.03349177,0.06559361,1.02327471,1.64637193,7
TNG50-1,59,0.7,184870,0,-0.00865715,-0.01360059,0.57697409,-0.99773295,8
TNG50-1,59,0.7,184870,0,-0.0087623,-0.00027446,0.20464571,0.13674464,9
TNG50-1,59,0.7,300306,0,-0.01289247,-0.02468448,1.10043486,-0.06089616,0
TNG50-1,59,0.7,300306,0,0.0882156,0.04420733,0.20474076,2.16351453,1
TNG50-1,59,0.7,300306,0,-0.05305635,-0.01527399,1.11882148,2.54435457,2
TNG50-1,59,0.7,300306,0,0.01657131,-0.00487777,0.52271138,-0.1137707,3
TNG50-1,59,0.7,300306,0,-0.05453842,0.01806556,1.32899121,3.0267757,4
TNG50-1,59,0.7,300306,0,-0.02789367,0.01135001,0.99752907,-2.68907285,5
TNG50-1,59,0.7,300306,0,0.01384095,0.0322114,1.09877556,-1.40530212,6
TNG50-1,59,0.7,300306,0,-0.01056815,0.01584822,1.23102733,-0.52331852,7
TNG50-1,59,0.7,300306,0,-0.00029954,0.02345153,1.07953973,0.51962891,8
TNG50-1,59,0.7,300306,0,0.01663611,-0.01626863,0.79879981,0.28858508,9
TNG50-1,59,0.7,308587,0,-0.06514195,0.04490659,1.28528867,-3.00746207,0
TNG50-1,59,0.7,308587,0,0.02036451,-0.0101797,0.2485153,1.60782575,1
TNG50-1,59,0.7,308587,0,-0.02098077,0.00281382,0.71737599,-1.71337044,2
TNG50-1,59,0.7,308587,0,0.01468514,-0.02398834,0.84595779,2.08606602,3
TNG50-1,59,0.7,308587,0,-0.02890255,0.0478309,0.97645178,2.541137,4
TNG50-1,59,0.7,308587,0,-0.0786558,0.01457643,0.72831747,-2.08246086,5
TNG50-1,59,0.7,308587,0,-0.02136863,-0.02784791,1.29463189,1.31233148,6
TNG50-1,59,0.7,308587,0,0.03203888,-0.07445149,1.12170025,-0.24940646,7
TNG50-1,59,0.7,308587,0,0.019703,0.05524806,1.2963791,2.63241059,8
TNG50-1,59,0.7,308587,0,0.00154654,-0.03720325,1.29526319,-0.09790966,9
TNG50-1,59,0.7,244418,0,-0.00067796,-0.01212553,1.11108044,-1.40839286,0
TNG50-1,59,0.7,244418,0,-0.02676695,0.01368174,1.18514268,-0.76524416,1
TNG50-1,59,0.7,244418,0,-0.01932798,-0.10367321,0.45945641,1.77346839,2
TNG50-1,59,0.7,244418,0,-0.04251942,-0.05993229,1.27840037,-1.79510635,3
TNG50-1,59,0.7,244418,0,0.04188939,-0.01876832,1.35098884,2.81328356,4
TNG50-1,59,0.7,244418,0,-0.05243187,-0.03564846,1.13234786,0.07884978,5
TNG50-1,59,0.7,244418,0,-0.01335393,-0.08004166,0.66666906,1.77905248,6
TNG50-1,59,0.7,244418,0,0.01726198,0.04288893,0.7490472,2.05624669,7
TNG50-1,59,0.7,244418,0,0.08067473,0.01298784,0.24728698,-0.13310854,8
TNG50-1,59,0.7,244418,0,-0.00046493,0.00701326,1.09142091,1.51658111,9
TNG50-1,59,0.7,312793,0,0.04091629,-0.0001864,1.18628789,-2.41707557,0
TNG50-1,59,0.7,312793,0,-0.02385344,-0.10187183,0.55173422,-1.39015969,1
TNG50-1,59,0.7,312793,0,0.03413082,-0.01943329,1.2562473,-2.09709471,2
TNG50-1,59,0.7,312793,0,0.04030089,0.06777397,1.29117505,-1.1306762,3
TNG50-1,59,0.7,312793,0,0.06210464,-0.02133509,0.70641388,1.66817757,4
TNG50-1,59,0.7,312793,0,-0.02463217,0.03567314,1.01081769,-2.38294617,5
TNG50-1,59,0.7,312793,0,0.05071518,0.00172776,0.62129708,0.70289315,6
TNG50-1,59,0.7,312793,0,-0.0936407,0.05313346,1.16050911,0.53260093,7
TNG50-1,59,0.7,312793,0,0.06481078,0.00957505,1.2210331,0.23958181,8
TNG50-1,59,0.7,312793,0,-0.00125084,-0.04659058,0.90898257,-0.09897523,9
TNG50-1,59,0.7,289575,0,-0.02881923,-0.04030108,1.31012391,-0.13673406,0
TNG50-1,59,0.7,289575,0,0.04402759,-0.03204627,0.25506773,-1.7000345,1
TNG50-1,59,0.7,289575,0,-0.01400072,0.01416149,0.95849287,0.76782259,2
TNG50-1,59,0.7,289575,0,0.06225025,0.05221067,1.10702743,1.63293188,3
TNG50-1,59,0.7,289575,0,0.05248759,0.02568225,0.46484995,2.94950178,4
TNG50-1,59,0.7,289575,0,-0.06783556,0.03751861,0.39949845,2.15243374,5
TNG50-1,59,0.7,289575,0,-0.0071662,-0.01333089,0.96133219,-2.60039146,6
TNG50-1,59,0.7,289575,0,-0.02240447,0.03015001,1.13907158,-1.8125552,7
TNG50-1,59,0.7,289575,0,-0.06946191,-0.00741875,0.9752652,0.19912582,8
TNG50-1,59,0.7,289575,0,-0.07271372,-0.02207362,1.21577824,-1.5231007,9
TNG50-1,59,0.7,48194,0,0.01148143,0.04456894,1.36703268,0.03365904,0
TNG50-1,59,0.7,48194,0,-0.00283891,0.01100815,0.6410267,2.41791404,1
TNG50-1,59,0.7,48194,0,-0.0560571,-0.04418501,0.51280798,1.30647796,2
TNG50-1,59,0.7,48194,0,0.02565864,0.01610016,1.38899577,-1.30406474,3
TNG50-1,59,0.7,48194,0,-0.00930693,0.01773444,0.59854087,-1.73214989,4
TNG50-1,59,0.7,48194,0,-0.06001608,0.02556665,0.26595496,0.07881874,5
TNG50-1,59,0.7,48194,0,0.02871427,0.05179371,1.37497893,-0.79802407,6
TNG50-1,59,0.7,48194,0,-0.02128938,-0.03079914,0.71168464,-1.07148421,7
TNG50-1,59,0.7,48194,0,0.01137417,0.03339678,0.20366096,-2.02365806,8
TNG50-1,59,0.7,48194,0,-0.00624896,-0.08624086,0.61683655,2.16949594,9
TNG50-1,59,0.7,336863,0,0.06090167,-0.07265482,0.64139816,-2.99693801,0
TNG50-1,59,0.7,336863,0,-0.04928237,0.08110997,0.74625978,-3.04659272,1
TNG50-1,59,0.7,336863,0,0.06404648,-0.02605506,0.99474947,-2.14762722,2
TNG50-1,59,0.7,336863,0,-0.0022203,0.07875179,0.75559808,-3.01660435,3
TNG50-1,59,0.7,336863,0,0.07961113,-0.02156216,0.78475289,-2.30971512,4
TNG50-1,59,0.7,336863,0,0.00016522,-0.04638726,1.39448657,0.37179873,5
TNG50-1,59,0.7,336863,0,-0.10237377,0.06597646,0.74375214,-0.62660428,6
TNG50-1,59,0.7,336863,0,0.04246273,-0.00366674,1.17846634,3.02062954,7
TNG50-1,59,0.7,336863,0,-0.02217568,-0.0031786,0.91612633,1.93958387,8
TNG50-1,59,0.7,336863,0,-0.01881148,-0.0640813,1.30761106,-2.21937339,9
TNG50-1,59,0.7,191406,0,0.0188156,-0.02836201,1.01933739,0.17800259,0
TNG50-1,59,0.7,191406,0,0.05543683,0.01736583,1.32749345,2.85756143,1
TNG50-1,59,0.7,191406,0,-0.0555605,0.01100833,0.25823819,2.58174725,2
TNG50-1,59,0.7,191406,0,0.12491056,0.05001223,1.19375892,-2.43798068,3
TNG50-1,59,0.7,191406,0,-0.02562926,0.11093572,0.94727234,-0.82465517,4
TNG50-1,59,0.7,191406,0,-0.01754825,0.07604867,0.78053528,0.10537801,5
TNG50-1,59,0.7,191406,0,-0.06059505,-0.01193296,1.30445766,2.63878606,6
TNG50-1,59,0.7,191406,0,-0.05910754,0.02643838,0.69357911,1.98902606,7
TNG50-1,59,0.7,191406,0,0.0487017,0.03140289,0.80217396,-0.71325021,8
TNG50-1,59,0.7,191406,0,0.11350966,-0.00100453,0.96434392,2.42663155,9
TNG50-1,59,0.7,138898,0,-0.00120451,0.03685788,1.33478569,-0.05473501,0
TNG50-1,59,0.7,138898,0,-0.01741303,0.02523919,1.31641792,-0.24747545,1
TNG50-1,59,0.7,138898,0,-0.05106688,-0.02385994,0.79517502,0.2873756,2
TNG50-1,59,0.7,138898,0,-0.07274014,-0.13057011,1.08115103,-2.44623234,3
TNG50-1,59,0.7,138898,0,-0.0345345,-0.03374238,1.02958331,-2.17695329,4
TNG50-1,59,0.7,138898,0,0.04296261,-0.02413473,1.11184407,0.19002978,5
TNG50-1,59,0.7,138898,0,0.01165351,-0.0453553,0.9919009,-1.41098324,6
TNG50-1,59,0.7,138898,0,-0.00345867,-0.02065879,0.80750111,0.81073001,7
TNG50-1,59,0.7,138898,0,-0.05198841,0.04082751,0.91682432,-0.79952664,8
TNG50-1,59,0.7,138898,0,-0.01869575,-0.00186482,1.26293729,-1.75467533,9
TNG50-1,59,0.7,338901,0,0.01299795,0.02603074,0.80466098,0.0990673,0
TNG50-1,59,0.7,338901,0,0.0054866,0.01792742,0.47691863,-0.98940688,1
TNG50-1,59,0.7,338901,0,0.01496767,0.16001215,0.84076893,1.10198379,2
TNG50-1,59,0.7,338901,0,0.02471378,0.01035101,1.3377339,0.65602611,3
TNG50-1,59,0.7,338901,0,-0.0206599,-0.05452734,0.87382077,-0.00435368,4
TNG50-1,59,0.7,338901,0,-0.04220395,-0.01406126,1.31473338,-1.55357411,5
TNG50-1,59,0.7,338901,0,0.05161101,0.07758424,0.3510987,0.16174886,6
TNG50-1,59,0.7,338901,0,0.00109914,-0.06470837,0.80399778,-0.24066556,7
TNG50-1,59,0.7,338901,0,0.0474364,-0.03762298,0.90193141,2.2070686,8
TNG50-1,59,0.7,338901,0,0.08230794,0.05532134,1.23425764,2.47769459,9
TNG50-1,59,0.7,325445,0,-0.00268391,-0.02949544,0.52280464,0.37162993,0
TNG50-1,59,0.7,325445,0,0.04314683,0.03916911,1.39770301,-0.43455714,1
TNG50-1,59,0.7,325445,0,0.03481078,0.00822842,1.26657071,0.56730568,2
TNG50-1,59,0.7,325445,0,-0.02888304,0.04913616,0.94024439,1.22546457,3
TNG50-1,59,0.7,325445,0,0.115103,-0.01074927,0.89642802,0.45392444,4
TNG50-1,59,0.7,325445,0,-0.00121917,-0.01752077,1.10613878,0.36144295,5
TNG50-1,59,0.7,325445,0,0.01181877,0.03660367,1.37698847,-0.40163536,6
TNG50-1,59,0.7,325445,0,0.02756743,0.01789966,0.68825254,-0.43960606,7
TNG50-1,59,0.7,325445,0,0.01729362,-0.04101472,1.1952717,-0.05676239,8
TNG50-1,59,0.7,325445,0,0.07626988,0.06728061,0.8063481,-0.30110336,9
TNG50-1,59,0.7,236587,0,0.04019182,0.11105134,1.39540653,2.30106028,0
TNG50-1,59,0.7,236587,0,-0.07513405,0.03784368,0.90534252,-0.09125114,1
TNG50-1,59,0.7,236587,0,-0.04347468,0.05562659,0.72697327,0.04676052,2
TNG50-1,59,0.7,236587,0,0.00629886,-0.01194928,1.38869618,-0.6154106,3
TNG50-1,59,0.7,236587,0,0.03316038,-8.243e-05,0.66370383,-0.97179523,4
TNG50-1,59,0.7,236587,0,0.08395062,0.03496323,0.79860749,2.34298899,5
TNG50-1,59,0.7,236587,0,-0.0120032,-0.02528994,1.16739405,-1.22601799,6
TNG50-1,59,0.7,236587,0,-0.04328749,-0.01456539,0.75527793,-0.61041138,7
TNG50-1,59,0.7,236587,0,-0.04585744,-0.03373522,1.29115596,-1.25716299,8
TNG50-1,59,0.7,236587,0,-0.0343923,-0.02237463,0.5780692,0.98465532,9
TNG50-1,59,0.7,354305,0,0.02091737,0.0191781,0.50124767,1.18448356,0
TNG50-1,59,0.7,354305,0,0.00864053,-0.00842254,0.98246072,-2.78369968,1
TNG50-1,59,0.7,354305,0,-0.00199299,-0.0871149,1.06122813,1.06843387,2
TNG50-1,59,0.7,354305,0,-0.03557107,-0.01079634,0.88357468,-2.76651249,3
TNG50-1,59,0.7,354305,0,-0.03845867,-0.01876633,1.35162049,-1.21121037,4
TNG50-1,59,0.7,354305,0,-0.02304371,-0.05195226,0.80731418,0.72686074,5
TNG50-1,59,0.7,354305,0,0.02301379,-0.02836971,0.36090262,-1.78683727,6
TNG50-1,59,0.7,354305,0,0.03311299,0.00675457,0.77078003,-2.90164293,7
TNG50-1,59,0.7,354305,0,0.03985221,-0.05666234,0.99287171,0.74112488,8
TNG50-1,59,0.7,354305,0,-7.334e-05,-0.03553927,0.32271999,-1.34549837,9
TNG50-1,59,0.7,345857,0,-0.01445292,0.10380167,1.17342502,1.59848039,0
TNG50-1,59,0.7,345857,0,0.0088679,0.00741867,1.23329604,-0.42877601,1
TNG50-1,59,0.7,345857,0,-0.04575264,0.01200225,1.01741956,-1.46010278,2
TNG50-1,59,0.7,345857,0,0.00338169,-0.08088467,0.46500893,-2.26743169,3
TNG50-1,59,0.7,345857,0,-0.08634261,-0.03100287,1.00526101,-3.13298661,4
TNG50-1,59,0.7,345857,0,-0.02647595,0.05249119,0.71447634,-2.42997427,5
TNG50-1,59,0.7,345857,0,-0.00576669,0.00848892,0.99481343,-2.10703311,6
TNG50-1,59,0.7,345857,0,0.04748176,0.00539074,1.07912384,1.19341434,7
TNG50-1,59,0.7,345857,0,0.05555453,0.01135861,1.0155534,1.99752437,8
TNG50-1,59,0.7,345857,0,-0.04818085,-0.07216022,0.65598425,1.48877353,9
TNG50-1,59,0.7,303109,0,0.10848607,0.04005357,0.37298068,0.83167957,0
TNG50-1,59,0.7,303109,0,0.09713101,-0.04225798,0.54507356,-2.24761005,1
TNG50-1,59,0.7,303109,0,0.03250614,-0.01200744,0.43123396,-2.10582502,2
TNG50-1,59,0.7,303109,0,-0.01327925,0.02968217,1.07066597,-0.16525075,3
TNG50-1,59,0.7,303109,0,-0.00351778,0.07591346,1.20840448,1.68260895,4
TNG50-1,59,0.7,303109,0,0.02028011,-0.06469691,1.2470321,-2.05287127,5
TNG50-1,59,0.7,303109,0,-0.02101239,-0.06840372,0.49954711,2.6107735,6
TNG50-1,59,0.7,303109,0,0.0659405,-0.04730151,0.57421173,1.15479122,7
TNG50-1,59,0.7,303109,0,-0.10178637,-0.07687679,0.26678,-1.17929677,8
TNG50-1,59,0.7,303109,0,-0.01478628,-0.07331892,0.54111344,2.423799,9
TNG50-1,59,0.7,309616,0,0.14416418,0.10111964,1.30932957,2.80035644,0
TNG50-1,59,0.7,309616,0,-0.1252095,-0.01260069,0.99258927,1.6040118,1
TNG50-1,59,0.7,309616,0,0.01165735,0.02848057,0.88981514,-1.87801685,2
TNG50-1,59,0.7,309616,0,0.01358115,-0.0334518,0.71417741,0.41258945,3
TNG50-1,59,0.7,309616,0,-0.01140445,0.04665715,1.04082528,0.59657293,4
TNG50-1,59,0.7,309616,0,-0.01022596,0.03667339,1.12866781,-2.34998273,5
TNG50-1,59,0.7,309616,0,0.00457049,0.02096301,0.78238601,-1.93737566,6
TNG50-1,59,0.7,309616,0,-0.01260016,-0.05136677,0.76084106,2.86957167,7
TNG50-1,59,0.7,309616,0,0.01109899,-0.03762015,1.1712058,0.05033372,8
TNG50-1,59,0.7,309616,0,-0.02438054,0.08430865,1.38368053,-1.93872571,9
TNG50-1,59,0.7,355595,0,0.02895976,-0.01288583,1.17550803,-2.21679163,0
TNG50-1,59,0.7,355595,0,-0.05663269,-0.11789125,0.87401236,-2.22912333,1
TNG50-1,59,0.7,355595,0,-0.01052845,0.01838305,0.5556205,1.47488991,2
TNG50-1,59,0.7,355595,0,-0.0299495,-0.11396659,0.685305,-0.28641014,3
TNG50-1,59,0.7,355595,0,-0.03509099,-0.09616836,1.36153202,1.85491525,4
TNG50-1,59,0.7,355595,0,-0.01250438,-0.00808338,0.89644422,-2.25517589,5
TNG50-1,59,0.7,355595,0,0.04499457,0.01322886,0.91615181,-2.89116032,6
TNG50-1,59,0.7,355595,0,0.05528344,-0.02255425,1.10003279,1.24365647,7
TNG50-1,59,0.7,355595,0,0.04631029,0.07677656,0.67544613,3.10836122,8
TNG50-1,59,0.7,355595,0,0.0168177,0.02310508,0.31464087,-2.54595793,9
TNG50-1,59,0.7,313477,0,-0.02673754,-0.04773312,1.12196412,1.82481872,0
TNG50-1,59,0.7,313477,0,-0.01065843,0.01388525,1.38631166,2.04518479,1
TNG50-1,59,0.7,313477,0,-0.01551951,0.05339974,1.25812947,-1.80226524,2
TNG50-1,59,0.7,313477,0,0.0055898,0.08645883,0.22098865,1.87501678,3
TNG50-1,59,0.7,313477,0,0.02094473,0.01253051,1.19002114,-0.87068042,4
TNG50-1,59,0.7,313477,0,0.03408631,0.05298353,1.38360302,-0.483113,5
TNG50-1,59,0.7,313477,0,-0.03167754,-0.0604801,1.16406167,2.74190827,6
TNG50-1,59,0.7,313477,0,-0.07878984,-0.00179514,1.04626917,2.46240791,7
TNG50-1,59,0.7,313477,0,0.06357982,-0.01675063,0.91002082,-0.78470253,8
TNG50-1,59,0.7,313477,0,0.0192723,0.01712849,1.34332734,-0.07470515,9
TNG50-1,59,0.7,175519,0,0.01523545,0.01085679,1.39740325,-2.87192719,0
TNG50-1,59,0.7,175519,0,0.01670563,-0.07065032,1.01905478,2.91486244,1
TNG50-1,59,0.7,175519,0,0.02478069,0.06051752,0.87209195,1.76274318,2
TNG50-1,59,0.7,175519,0,0.04359043,-0.03469382,0.93169218,-0.95620007,3
TNG50-1,59,0.7,175519,0,0.02271397,0.02669205,0.70194787,-1.44496066,4
TNG50-1,59,0.7,175519,0,0.01408565,-0.06414528,1.34585769,0.55897559,5
TNG50-1,59,0.7,175519,0,0.03556235,0.11132034,0.63303998,3.06176229,6
TNG50-1,59,0.7,175519,0,-0.12133172,-0.07211084,1.15997393,-1.31842073,7
TNG50-1,59,0.7,175519,0,0.10445258,0.0034493,0.57778421,2.81657049,8
TNG50-1,59,0.7,175519,0,0.07948649,-0.10610936,1.03585092,-1.06570916,9
TNG50-1,59,0.7,230669,0,0.03630235,0.05796739,1.2005086,2.95081569,0
TNG50-1,59,0.7,230669,0,0.0050158,0.04963962,1.29946796,0.52550338,1
TNG50-1,59,0.7,230669,0,0.02150366,-0.04638193,0.49977702,1.86096686,2
TNG50-1,59,0.7,230669,0,-0.03675189,-0.15669194,1.33288469,0.84676446,3
TNG50-1,59,0.7,230669,0,-0.0193984,0.0197693,0.82387716,-0.45615634,4
TNG50-1,59,0.7,230669,0,-0.06678514,-0.04434348,1.08434671,-2.78146964,5
TNG50-1,59,0.7,230669,0,0.07435148,0.03111638,0.21654039,1.36812511,6
TNG50-1,59,0.7,230669,0,0.02250787,0.04751352,0.94940789,1.25828811,7
TNG50-1,59,0.7,230669,0,-0.04580562,0.05568166,0.90899058,-2.40833043,8
TNG50-1,59,0.7,230669,0,0.01356785,0.08723702,0.41887196,-1.69602728,9
TNG50-1,59,0.7,272859,0,0.0353314,-0.09731658,0.80670463,2.4305947,0
TNG50-1,59,0.7,272859,0,-0.0229753,0.03163063,0.94394126,-2.70738251,1
TNG50-1,59,0.7,272859,0,-0.06358823,-0.07842182,1.17644237,0.96823972,2
TNG50-1,59,0.7,272859,0,0.09146011,0.06770045,1.14125092,-2.18044644,3
TNG50-1,59,0.7,272859,0,0.0368671,0.0104278,1.26906723,-1.81657339,4
TNG50-1,59,0.7,272859,0,-0.00109878,-0.02317107,0.50959452,2.28838379,5
TNG50-1,59,0.7,272859,0,-0.08099091,0.04950772,0.88752408,2.483054,6
TNG50-1,59,0.7,272859,0,-0.0465592,0.01767496,1.19360844,-2.62202402,7
TNG50-1,59,0.7,272859,0,0.03156601,0.06624638,1.06022352,2.34942957,8
TNG50-1,59,0.7,272859,0,0.01769165,0.00402378,0.44065567,1.43566733,9
TNG50-1,59,0.7,3,0,0.02083274,-0.01111028,1.24499959,-1.68986909,0
TNG50-1,59,0.7,3,0,-0.04404185,-0.01715043,0.4835432,0.66407097,1
TNG50-1,59,0.7,3,0,0.00684625,0.05165472,0.54656915,-2.43594956,2
TNG50-1,59,0.7,3,0,0.04435632,-0.00930652,0.68617818,0.97652453,3
TNG50-1,59,0.7,3,0,-0.05863329,-0.11765634,0.94133132,2.00855897,4
TNG50-1,59,0.7,3,0,0.00315777,-0.00493973,1.3422887,-1.14241918,5
TNG50-1,59,0.7,3,0,0.06698205,0.0235202,0.72822468,-2.62646232,6
TNG50-1,59,0.7,3,0,-0.06374661,0.03700419,0.93989125,-2.26383927,7
TNG50-1,59,0.7,3,0,0.05777631,-0.04403146,1.13634183,-0.89278451,8
TNG50-1,59,0.7,3,0,0.08095937,-0.01349006,1.39182451,1.96936549,9
TNG50-1,59,0.7,343195,0,0.00415055,-0.04607918,0.98728954,2.71164966,0
TNG50-1,59,0.7,343195,0,0.09508505,-0.08296708,1.01897587,2.98766622,1
TNG50-1,59,0.7,343195,0,-0.07497109,0.07476473,0.79766489,-3.1061448,2
TNG50-1,59,0.7,343195,0,-0.08034543,-0.07497841,1.29614287,2.51754472,3
TNG50-1,59,0.7,343195,0,0.04940376,0.07924428,0.83203149,-2.04856954,4
TNG50-1,59,0.7,343195,0,-0.04093715,0.03348074,0.35666945,0.3855282,5
TNG50-1,59,0.7,343195,0,0.10216685,-0.00381263,1.08023484,1.11929243,6
TNG50-1,59,0.7,343195,0,0.06686707,0.02210238,1.1115648,-0.88556024,7
TNG50-1,59,0.7,343195,0,0.07937858,0.02326455,1.37670857,0.18213755,8
TNG50-1,59,0.7,343195,0,0.04422182,-0.01012052,1.35260637,0.8013712,9
TNG50-1,59,0.7,175517,0,-0.02698479,-0.00866797,1.2364825,3.00826156,0
TNG50-1,59,0.7,175517,0,0.01948124,0.05557264,0.43690583,-2.48721809,1
TNG50-1,59,0.7,175517,0,-0.00397851,0.00467251,0.95117812,-1.43261114,2
TNG50-1,59,0.7,175517,0,0.05273478,0.01879833,0.47051661,0.29539215,3
TNG50-1,59,0.7,175517,0,0.02800755,-0.0701342,0.71714901,2.15993874,4
TNG50-1,59,0.7,175517,0,0.02263471,0.04716151,1.22162076,0.04091528,5
TNG50-1,59,0.7,175517,0,0.01459306,-0.02905868,1.06824742,-2.76713965,6
TNG50-1,59,0.7,175517,0,-0.02360832,-0.05213268,0.30448391,-2.34246998,7
TNG50-1,59,0.7,175517,0,-0.01509018,0.0823093,1.38387867,-0.7794708,8
TNG50-1,59,0.7,175517,0,0.01241079,0.03488108,0.72446947,-1.11500983,9
TNG50-1,59,0.7,347066,0,0.07112942,0.09848256,0.92353716,-1.8535786,0
TNG50-1,59,0.7,347066,0,-0.07657421,0.01361235,1.29101195,-2.41422559,1
TNG50-1,59,0.7,347066,0,0.01506551,0.00108799,0.84045647,1.7112493,2
TNG50-1,59,0.7,347066,0,-0.00908252,-0.00726635,0.20433955,-2.85531277,3
TNG50-1,59,0.7,347066,0,0.03908773,0.02821234,0.87138479,2.52982998,4
TNG50-1,59,0.7,347066,0,-0.00104147,-0.02941967,0.93053313,-3.01243949,5
TNG50-1,59,0.7,347066,0,0.00043219,0.00728712,0.83069615,0.64432063,6
TNG50-1,59,0.7,347066,0,-0.01333198,0.00040685,0.48945752,-1.41009636,7
TNG50-1,59,0.7,347066,0,0.06966282,0.01626238,0.35879488,-0.18495483,8
TNG50-1,59,0.7,347066,0,0.00012029,0.01750152,1.36616278,-0.36514157,9
TNG50-1,59,0.7,307402,0,-0.0644425,-0.03216709,0.89227102,-0.05625677,0
TNG50-1,59,0.7,307402,0,0.05476914,-0.03728768,1.37659444,-1.60086804,1
TNG50-1,59,0.7,307402,0,-0.04457571,-0.01435938,0.87730136,-1.33140435,2
TNG50-1,59,0.7,307402,0,0.03716796,0.01623665,0.44866877,0.70544416,3
TNG50-1,59,0.7,307402,0,0.02765826,-0.07052381,1.39643932,-1.59401898,4
TNG50-1,59,0.7,307402,0,0.03081552,0.0275701,0.54573257,-1.09732265,5
TNG50-1,59,0.7,307402,0,0.09265946,-0.07041934,0.61006761,2.7070377,6
TNG50-1,59,0.7,307402,0,-0.04143205,0.06466654,1.31199578,1.44091419,7
TNG50-1,59,0.7,307402,0,0.03053974,0.02568834,0.54334511,1.483297,8
TNG50-1,59,0.7,307402,0,0.06297943,0.09565699,0.66240609,2.86473303,9
TNG50-1,59,0.7,318580,0,0.00610253,0.05016907,1.11744447,1.27116648,0
TNG50-1,59,0.7,318580,0,0.05094631,-0.01006296,1.16222635,1.89222257,1
TNG50-1,59,0.7,318580,0,-0.00577069,0.0063773,0.55943626,-0.56365638,2
TNG50-1,59,0.7,318580,0,0.02112144,0.01872874,0.96280329,-0.96296044,3
TNG50-1,59,0.7,318580,0,0.0825863,0.01436805,1.0281498,-1.32856937,4
TNG50-1,59,0.7,318580,0,-0.01233094,0.08066358,1.27854708,0.42785144,5
TNG50-1,59,0.7,318580,0,-0.03831863,0.01847781,0.49593162,-0.95105048,6
TNG50-1,59,0.7,318580,0,0.02351859,-0.01519511,1.35474075,-1.08011574,7
TNG50-1,59,0.7,318580,0,0.03701372,0.02639909,1.1982252,-3.03546429,8
TNG50-1,59,0.7,318580,0,0.00552239,0.05044254,0.83196898,2.81685243,9
TNG50-1,59,0.7,290334,0,-0.04126824,-0.04663916,0.83482017,0.67044128,0
TNG50-1,59,0.7,290334,0,-0.00817124,0.00012309,0.98682157,2.68401272,1
TNG50-1,59,0.7,290334,0,-0.04889131,-0.02722304,0.79417385,-2.97986002,2
TNG50-1,59,0.7,290334,0,0.0877977,-0.00684339,0.68828207,0.2766813,3
TNG50-1,59,0.7,290334,0,-0.06511858,0.0978715,0.83467158,-1.55784396,4
TNG50-1,59,0.7,290334,0,-0.00985266,0.00860886,0.89743332,0.38792327,5
TNG50-1,59,0.7,290334,0,-0.09681092,0.02664336,0.8481183,1.56864344,6
TNG50-1,59,0.7,290334,0,0.01482774,-0.02322324,1.05228072,1.47939566,7
TNG50-1,59,0.7,290334,0,-0.00011919,-0.03922178,1.34140847,1.41299914,8
TNG50-1,59,0.7,290334,0,-0.01783952,-0.00114789,1.26679682,1.75252782,9
TNG50-1,59,0.7,347956,0,0.01539084,0.05482471,1.10254946,-0.41337328,0
TNG50-1,59,0.7,347956,0,0.00976641,0.04523836,0.8447083,2.3064111,1
TNG50-1,59,0.7,347956,0,-0.01842512,0.00686245,1.17385187,-0.60742901,2
TNG50-1,59,0.7,347956,0,-0.0440648,-0.01852699,0.88810391,2.78063895,3
TNG50-1,59,0.7,347956,0,-0.0213665,-0.07319723,1.39325656,2.36837145,4
TNG50-1,59,0.7,347956,0,0.09368109,0.04337002,1.07774896,-0.49582008,5
TNG50-1,59,0.7,347956,0,0.05562239,0.05930676,0.57457251,-0.84319797,6
TNG50-1,59,0.7,347956,0,0.05101944,-0.03395462,0.99434934,1.10978657,7
TNG50-1,59,0.7,347956,0,-0.03932319,-0.03812998,0.95890302,1.60413961,8
TNG50-1,59,0.7,347956,0,-0.07188446,0.0620531,0.83185439,-1.97378992,9
TNG50-1,59,0.7,342076,0,0.07704198,-0.02853609,1.35058263,-0.80750549,0
TNG50-1,59,0.7,342076,0,0.00683421,-0.03522177,0.4861198,-1.57413289,1
TNG50-1,59,0.7,342076,0,-0.00650837,-0.02935351,0.47552967,-0.00458152,2
TNG50-1,59,0.7,342076,0,0.07748264,-0.04194572,1.39787962,-2.30142256,3
TNG50-1,59,0.7,342076,0,-0.02549744,0.01236071,0.81012731,1.08212093,4
TNG50-1,59,0.7,342076,0,-0.01594635,-0.00777965,1.32239316,-0.18794958,5
TNG50-1,59,0.7,342076,0,-0.01153795,0.00240041,0.5983566,-2.02568948,6
TNG50-1,59,0.7,342076,0,-0.06582846,0.1176894,0.48964444,0.55489482,7
TNG50-1,59,0.7,342076,0,0.01578677,-0.00777806,0.83727872,1.85559952,8
TNG50-1,59,0.7,342076,0,-0.03811724,0.03024738,0.84104537,0.55794347,9
TNG50-1,59,0.7,104588,0,-0.00941298,-0.12930282,1.10809305,0.0510606,0
TNG50-1,59,0.7,104588,0,0.04540911,0.05371961,1.35807083,2.14897992,1
TNG50-1,59,0.7,104588,0,-0.00892065,-0.02444196,0.36061814,-2.3451438,2
TNG50-1,59,0.7,104588,0,0.10983464,0.05848001,1.28195829,1.26052653,3
TNG50-1,59,0.7,104588,0,-0.02561751,0.01758489,0.98266596,-0.54901989,4
TNG50-1,59,0.7,104588,0,0.05825444,0.06001284,0.91320812,-2.92027223,5
TNG50-1,59,0.7,104588,0,0.03133389,0.04009463,1.20034995,0.22602069,6
TNG50-1,59,0.7,104588,0,0.0202155,-0.12323476,1.25171605,-1.55817802,7
TNG50-1,59,0.7,104588,0,0.01145037,0.03074478,1.30609513,0.66133097,8
TNG50-1,59,0.7,104588,0,-0.03335063,-0.01718377,1.34217198,-0.94673144,9
TNG50-1,59,0.7,338415,0,-0.02835156,0.08521902,1.23591537,0.07755364,0
TNG50-1,59,0.7,338415,0,0.01881285,0.01497961,1.2797286,-1.05237284,1
TNG50-1,59,0.7,338415,0,0.0443611,-0.01259893,0.32644539,-0.42399394,2
TNG50-1,59,0.7,338415,0,0.01639354,-0.04792194,0.50360285,1.87362692,3
TNG50-1,59,0.7,338415,0,0.03995634,-0.02379043,0.6817495,-2.80602362,4
TNG50-1,59,0.7,338415,0,-0.10333196,-0.02041235,0.35152671,1.38760273,5
TNG50-1,59,0.7,338415,0,-0.02464283,-0.02966246,0.95479727,-2.58723181,6
TNG50-1,59,0.7,338415,0,0.05515383,-0.04591689,0.47535567,2.18341349,7
TNG50-1,59,0.7,338415,0,0.02546148,0.02007883,1.2641451,-1.87301876,8
TNG50-1,59,0.7,338415,0,0.09242316,0.08483198,1.24711255,1.47616477,9
TNG50-1,59,0.7,286741,0,0.06697915,0.06710152,0.53901917,-1.49444862,0
TNG50-1,59,0.7,286741,0,-0.01044879,-0.04073224,0.87001247,-1.601933,1
TNG50-1,59,0.7,286741,0,0.00949935,-0.013489,0.81821523,1.89396765,2
TNG50-1,59,0.7,286741,0,0.05691115,-0.02786329,0.94944085,-1.3856555,3
TNG50-1,59,0.7,286741,0,0.08262694,-0.029195,0.39709107,-3.10554168,4
TNG50-1,59,0.7,286741,0,0.05014326,0.05374806,1.03386508,-3.01931785,5
TNG50-1,59,0.7,286741,0,0.01205152,0.01091866,1.02879205,3.00589226,6
TNG50-1,59,0.7,286741,0,-0.06878203,-0.01145892,0.46594439,0.37597284,7
TNG50-1,59,0.7,286741,0,-0.10131159,0.132876,0.84997504,-0.06896027,8
TNG50-1,59,0.7,286741,0,0.04390795,-0.07172104,1.00768198,2.62559278,9
TNG50-1,59,0.7,254370,0,0.07074003,-0.03424342,0.96826395,-1.79105237,0
TNG50-1,59,0.7,254370,0,0.01862972,0.08622517,0.89454332,2.90084258,1
TNG50-1,59,0.7,254370,0,0.0676332,0.03800203,1.21229838,3.0830273,2
TNG50-1,59,0.7,254370,0,-0.02080413,-0.03829613,1.08883581,-0.2632629,3
TNG50-1,59,0.7,254370,0,-0.01004259,-0.05224955,0.73972869,-0.61940686,4
TNG50-1,59,0.7,254370,0,0.05975504,-0.03891566,1.36785407,-2.64498567,5
TNG50-1,59,0.7,254370,0,0.04217108,-0.02794126,0.74162567,1.74809955,6
TNG50-1,59,0.7,254370,0,-0.01452252,-0.00833502,1.14169297,-2.11916763,7
TNG50-1,59,0.7,254370,0,-0.05231291,0.05572732,1.16996794,2.72091995,8
TNG50-1,59,0.7,254370,0,-0.01019821,-0.04832584,0.74989306,3.08248509,9
TNG50-1,59,0.7,357791,0,0.15788781,0.03631814,0.47736174,0.52233259,0
TNG50-1,59,0.7,357791,0,0.05662373,0.01716584,1.19514324,-1.4168552,1
TNG50-1,59,0.7,357791,0,-0.00989319,0.01454609,1.37417224,0.31612791,2
TNG50-1,59,0.7,357791,0,-0.03592388,0.06964301,0.82396336,2.56382779,3
TNG50-1,59,0.7,357791,0,0.04936528,-0.07985536,0.94997554,-0.47921635,4
TNG50-1,59,0.7,357791,0,0.02476973,-0.03989411,0.38755206,0.95233922,5
TNG50-1,59,0.7,357791,0,0.00460737,0.00132803,1.03241566,-1.70338041,6
TNG50-1,59,0.7,357791,0,0.02291673,-0.03649338,1.28720145,1.89329366,7
TNG50-1,59,0.7,357791,0,-0.00563598,-0.01980163,1.11843139,-1.44720211,8
TNG50-1,59,0.7,357791,0,0.02009311,0.06438709,1.06041753,0.50141574,9
TNG50-1,59,0.7,379270,0,-0.03378802,-0.0214769,1.08534231,2.07219846,0
TNG50-1,59,0.7,379270,0,-0.10543771,-0.03358231,1.36639809,-1.80680427,1
TNG50-1,59,0.7,379270,0,-0.03033482,0.06272612,0.66488666,1.77505002,2
TNG50-1,59,0.7,379270,0,0.03737285,0.04406754,0.87705228,2.26981588,3
TNG50-1,59,0.7,379270,0,0.0040108,-0.04836197,0.57301158,2.36650461,4
TNG50-1,59,0.7,379270,0,-0.00684172,0.05822715,1.02957662,-0.1525655,5
TNG50-1,59,0.7,379270,0,-0.042392,-0.00725352,0.69513493,-0.44728128,6
TNG50-1,59,0.7,379270,0,-0.09779129,-0.03052711,1.25713081,2.09727152,7
TNG50-1,59,0.7,379270,0,0.07124228,-0.01468062,0.20192143,0.49944552,8
TNG50-1,59,0.7,379270,0,-0.01039474,-0.03916486,1.25493168,0.76200481,9
TNG50-1,59,0.7,291301,0,0.1398508,-0.04751677,1.00020366,-2.65561806,0
TNG50-1,59,0.7,291301,0,0.02375379,-0.00030603,0.96537807,-2.5687898,1
TNG50-1,59,0.7,291301,0,-0.068221,-0.01816784,0.7175109,0.17898222,2
TNG50-1,59,0.7,291301,0,0.0217339,-0.06503087,1.33820718,-0.18331916,3
TNG50-1,59,0.7,291301,0,0.07980168,-0.02498281,1.04848532,0.87001713,4
TNG50-1,59,0.7,291301,0,-0.00935441,0.01648275,0.63295165,-1.70239051,5
TNG50-1,59,0.7,291301,0,0.05215545,-0.00431138,0.92597312,-1.72141502,6
TNG50-1,59,0.7,291301,0,-0.04198015,0.00304688,0.68024742,1.56520158,7
TNG50-1,59,0.7,291301,0,0.01861766,0.03659844,1.08732972,-1.30837783,8
TNG50-1,59,0.7,291301,0,-0.12447898,-0.01715814,0.41447057,1.42811609,9
TNG50-1,59,0.7,310579,0,0.01626977,0.06057954,0.40003806,1.26269047,0
TNG50-1,59,0.7,310579,0,-0.09523089,0.04602909,1.27295991,2.19761823,1
TNG50-1,59,0.7,310579,0,-0.08415642,-0.00750368,0.97556619,-0.77724111,2
TNG50-1,59,0.7,310579,0,0.00488732,-0.00972236,1.0230099,-2.25625711,3
TNG50-1,59,0.7,310579,0,-0.05896212,-0.014881,1.12290698,-0.62168057,4
TNG50-1,59,0.7,310579,0,0.00683431,0.03405511,0.92029875,2.90948949,5
TNG50-1,59,0.7,310579,0,0.00979976,-0.03251826,1.39770526,-1.79493266,6
TNG50-1,59,0.7,310579,0,-0.02448788,0.08625165,1.07250435,-2.04357232,7
TNG50-1,59,0.7,310579,0,0.09073771,-0.03729347,0.97848092,2.79185344,8
TNG50-1,59,0.7,310579,0,0.02952336,0.01072375,0.60811998,2.82695012,9
TNG50-1,59,0.7,143613,0,-0.02122085,0.03965109,1.10044687,1.64944528,0
TNG50-1,59,0.7,143613,0,-0.01730093,-0.00146287,1.19786554,-0.54824668,1
TNG50-1,59,0.7,143613,0,-0.01827426,0.08721882,0.3982649,-0.58432578,2
TNG50-1,59,0.7,143613,0,0.06223538,0.002224,0.39861238,-2.61818004,3
TNG50-1,59,0.7,143613,0,-0.04641913,-0.08517334,0.96188442,2.93263832,4
TNG50-1,59,0.7,143613,0,0.01385267,0.03191552,0.3194695,-1.70928422,5
TNG50-1,59,0.7,143613,0,-0.00342331,0.01960484,1.03939795,-0.0360211,6
TNG50-1,59,0.7,143613,0,0.00339634,0.00162725,1.06582477,-2.42147508,7
TNG50-1,59,0.7,143613,0,0.01221752,-0.01297857,0.42082486,0.92333678,8
TNG50-1,59,0.7,143613,0,0.00285825,-0.10573095,0.81935473,-0.68564977,9
TNG50-1,59,0.7,305741,0,-0.00909091,0.00155287,0.84570418,-2.82123365,0
TNG50-1,59,0.7,305741,0,0.024976,-0.02573474,0.95151671,1.94313766,1
TNG50-1,59,0.7,305741,0,-0.00246245,0.00100453,0.39654966,0.76661094,2
TNG50-1,59,0.7,305741,0,-0.00573156,-0.05314834,1.05900433,-1.4888281,3
TNG50-1,59,0.7,305741,0,0.12065394,0.0378129,0.45083257,2.37134735,4
TNG50-1,59,0.7,305741,0,-0.02626016,0.04924925,1.02492513,2.64084015,5
TNG50-1,59,0.7,305741,0,0.08199734,0.05850122,0.67157307,2.43263622,6
TNG50-1,59,0.7,305741,0,0.07234315,-0.01910894,0.4231829,0.63785577,7
TNG50-1,59,0.7,305741,0,0.02520468,-0.05297126,0.9070874,2.99445055,8
TNG50-1,59,0.7,305741,0,-0.09630659,0.01758407,1.13624813,2.35497324,9
TNG50-1,59,0.7,341580,0,0.0654501,0.11716786,1.13181571,-2.39793868,0
TNG50-1,59,0.7,341580,0,-0.06574008,0.00104968,1.2862492,1.65372445,1
TNG50-1,59,0.7,341580,0,-0.05814993,0.05254237,0.61397877,2.28288128,2
TNG50-1,59,0.7,341580,0,-0.01448227,-0.02900024,0.24351686,-0.27007178,3
TNG50-1,59,0.7,341580,0,0.00401433,0.02871748,1.09063924,-2.76729772,4
TNG50-1,59,0.7,341580,0,-0.0119209,0.00500455,0.51358991,-2.72246624,5
TNG50-1,59,0.7,341580,0,-0.02763197,0.04284042,0.66372191,0.61952427,6
TNG50-1,59,0.7,341580,0,-0.01522091,-0.00993235,0.43125497,2.63029437,7
TNG50-1,59,0.7,341580,0,0.02416569,0.07757818,1.03124507,-0.63093539,8
TNG50-1,59,0.7,341580,0,-0.06648112,-0.07460279,1.31601744,0.94637221,9
TNG50-1,59,0.7,374414,0,0.01778267,0.02851695,0.91741203,0.06885848,0
TNG50-1,59,0.7,374414,0,-0.00967292,0.01175844,1.32201674,2.69543653,1
TNG50-1,59,0.7,374414,0,-0.06584854,0.0546617,0.40072536,-1.49024065,2
TNG50-1,59,0.7,374414,0,0.05810399,0.12429861,0.89186623,3.08023783,3
TNG50-1,59,0.7,374414,0,-0.02021993,-0.01348985,1.17023597,-3.0200172,4
TNG50-1,59,0.7,374414,0,0.10099676,0.03974635,0.45529352,-2.3968216,5
TNG50-1,59,0.7,374414,0,0.0151995,-0.00026225,1.29956383,-1.97495402,6
TNG50-1,59,0.7,374414,0,0.06336037,0.02530295,1.31921281,-2.64160361,7
TNG50-1,59,0.7,374414,0,0.03154308,0.00210793,0.92306636,-0.38818859,8
TNG50-1,59,0.7,374414,0,0.06575281,-0.10788714,0.82822367,2.29570109,9
TNG50-1,59,0.7,283152,0,0.04839626,0.00935138,0.24298161,-0.80954002,0
TNG50-1,59,0.7,283152,0,-0.07883017,0.05553379,0.46713368,1.59803617,1
TNG50-1,59,0.7,283152,0,-0.00537835,0.02049357,0.85498103,0.81886027,2
TNG50-1,59,0.7,283152,0,-0.0707458,-0.07928454,0.32353872,-0.97972703,3
TNG50-1,59,0.7,283152,0,-0.01791648,0.00523054,0.75757626,-0.64176086,4
TNG50-1,59,0.7,283152,0,0.08081259,-0.09566641,0.32722452,-0.57564182,5
TNG50-1,59,0.7,283152,0,0.05466186,0.04020919,1.26523635,-2.34782951,6
TNG50-1,59,0.7,283152,0,0.03311427,-0.03465039,1.21043747,-1.69926278,7
TNG50-1,59,0.7,283152,0,-0.00908101,-0.06115607,0.47987431,0.23580971,8
TNG50-1,59,0.7,283152,0,-0.04967974,0.04089653,1.03548696,1.77077222,9
TNG50-1,59,0.7,330994,0,0.00967568,0.06843138,0.73902551,0.2332539,0
TNG50-1,59,0.7,330994,0,0.00427663,0.07814748,0.7516202,0.39003898,1
TNG50-1,59,0.7,330994,0,-0.02058065,-0.05765714,1.12883453,-3.09262094,2
TNG50-1,59,0.7,330994,0,-0.02253317,0.03237131,0.94967781,-1.99905333,3
TNG50-1,59,0.7,330994,0,0.00336113,0.06091603,1.21794628,-0.90087078,4
TNG50-1,59,0.7,330994,0,0.04814884,0.06995137,0.95522105,2.92784335,5
TNG50-1,59,0.7,330994,0,0.01393203,-0.03853594,0.94815336,-2.04051636,6
TNG50-1,59,0.7,330994,0,0.07115347,0.03286903,1.14390014,-1.2359672,7
TNG50-1,59,0.7,330994,0,0.05665955,0.00376015,1.18082504,3.07974722,8
TNG50-1,59,0.7,330994,0,0.07483412,0.09235301,0.27093955,-0.1186979,9
TNG50-1,59,0.7,340937,0,-0.03178895,-0.05011166,1.05357001,1.84250736,0
TNG50-1,59,0.7,340937,0,-0.00623989,-0.06396597,0.63261408,1.48133062,1
TNG50-1,59,0.7,340937,0,-0.06375088,0.01073577,0.69130791,1.58006069,2
TNG50-1,59,0.7,340937,0,0.02034504,0.01342607,0.24161605,2.69836536,3
TNG50-1,59,0.7,340937,0,0.0524541,0.03336161,0.64902675,2.60193792,4
TNG50-1,59,0.7,340937,0,-0.03550218,0.1000614,1.15961692,-0.75884074,5
TNG50-1,59,0.7,340937,0,0.02175746,-0.03885649,1.38743121,-2.94705566,6
TNG50-1,59,0.7,340937,0,-0.03145655,-0.02892184,0.3035613,-2.89854903,7
TNG50-1,59,0.7,340937,0,-0.05082878,0.08044027,0.72265219,-0.33528104,8
TNG50-1,59,0.7,340937,0,0.10277805,0.04695619,0.59480227,2.10473846,9
TNG50-1,59,0.7,259600,0,-0.04132065,0.03462599,1.31494554,-2.94739156,0
TNG50-1,59,0.7,259600,0,-0.02217552,-0.03526647,0.57801299,-2.14381893,1
TNG50-1,59,0.7,259600,0,0.01702177,0.10873859,1.13925387,1.67314821,2
TNG50-1,59,0.7,259600,0,-0.00377029,-0.05438186,1.13683435,-1.85427627,3
TNG50-1,59,0.7,259600,0,0.02434652,0.00565843,1.31648158,-1.6913683,4
TNG50-1,59,0.7,259600,0,0.0070914,-0.01432131,1.38908621,2.44379904,5
TNG50-1,59,0.7,259600,0,-0.01446661,-0.01622072,1.09529272,2.35587429,6
TNG50-1,59,0.7,259600,0,0.07643791,-0.02271284,0.56106428,1.06995872,7
TNG50-1,59,0.7,259600,0,0.03540328,-0.0385855,0.41473646,-2.11106368,8
TNG50-1,59,0.7,259600,0,0.01510587,0.05941711,1.34912786,-0.74676167,9
TNG50-1,59,0.7,281996,0,0.08845746,-0.04042708,1.37679758,-1.3371428,0
TNG50-1,59,0.7,281996,0,-0.05022811,-0.02266616,1.01468203,-1.49519565,1
TNG50-1,59,0.7,281996,0,-0.03305519,-0.06690504,1.36249936,-1.98903143,2
TNG50-1,59,0.7,281996,0,0.00665095,0.02080943,0.98867591,0.27922342,3
TNG50-1,59,0.7,281996,0,0.01218834,0.08808882,0.99331281,-1.85129542,4
TNG50-1,59,0.7,281996,0,-0.09506043,0.01325118,1.25060375,2.31783928,5
TNG50-1,59,0.7,281996,0,0.0301349,-0.10796921,0.63462,-1.22955797,6
TNG50-1,59,0.7,281996,0,0.01241584,0.0142798,0.73706154,-0.05698214,7
TNG50-1,59,0.7,281996,0,-0.10596965,-0.00973194,0.89790483,0.1854216,8
TNG50-1,59,0.7,281996,0,-0.00583546,-0.05505063,0.4026006,-1.20859239,9
TNG50-1,59,0.7,7,0,0.04004267,-0.02192335,1.17697807,2.29264949,0
TNG50-1,59,0.7,7,0,0.02625919,-0.04187627,1.31609732,-0.09293804,1
TNG50-1,59,0.7,7,0,0.0065809,-0.04326759,1.1168866,-0.93539548,2
TNG50-1,59,0.7,7,0,0.07244493,0.01607747,0.36961486,2.55621939,3
TNG50-1,59,0.7,7,0,-0.05300839,0.01029077,1.07254157,-1.00619337,4
TNG50-1,59,0.7,7,0,-0.04824136,0.07583734,0.64402016,3.001461,5
TNG50-1,59,0.7,7,0,0.05621476,-0.01450446,0.9956075,2.74170874,6
TNG50-1,59,0.7,7,0,0.00138024,-0.01535747,1.00724988,-1.45818146,7
TNG50-1,59,0.7,7,0,-0.03355892,0.07198168,0.57816743,-1.00152265,8
TNG50-1,59,0.7,7,0,0.02759623,0.04928234,1.3779089,1.96140654,9
TNG50-1,59,0.7,85606,0,0.07642648,-0.09106491,1.39458716,-1.05151992,0
TNG50-1,59,0.7,85606,0,0.06280104,0.01160187,0.4809211,-2.62517286,1
TNG50-1,59,0.7,85606,0,-0.00145003,0.02530023,0.85546382,1.76791233,2
TNG50-1,59,0.7,85606,0,-0.04192659,0.09299463,0.58784775,-0.94969826,3
TNG50-1,59,0.7,85606,0,0.00040985,-0.06661885,1.02115617,2.98450765,4
TNG50-1,59,0.7,85606,0,0.06903934,0.03652607,1.09630089,-1.50947983,5
TNG50-1,59,0.7,85606,0,-0.02002585,0.04834181,0.79436807,-0.15674863,6
TNG50-1,59,0.7,85606,0,-0.09077145,0.02598105,1.04850392,-1.22187722,7
TNG50-1,59,0.7,85606,0,-0.01800046,-0.05034008,0.90135063,1.21846907,8
TNG50-1,59,0.7,85606,0,-0.01395129,-0.05324633,1.16469441,1.93752022,9
TNG50-1,59,0.7,319156,0,-0.05205116,-0.03092672,0.84938354,-1.73040252,0
TNG50-1,59,0.7,319156,0,0.06865885,0.0338244,1.36306861,2.91822062,1
TNG50-1,59,0.7,319156,0,-0.06000309,-0.04158771,0.86174538,-0.46939354,2
TNG50-1,59,0.7,319156,0,-0.05702065,0.04565778,1.27855974,-3.0090972,3
TNG50-1,59,0.7,319156,0,0.01939371,0.0032314,1.07519866,0.25488473,4
TNG50-1,59,0.7,319156,0,-0.02465072,0.02002719,0.23843208,1.10703206,5
TNG50-1,59,0.7,319156,0,0.01033483,-0.0890327,0.93621128,-0.27651559,6
TNG50-1,59,0.7,319156,0,0.02153835,-0.11253728,1.37182319,2.69027673,7
TNG50-1,59,0.7,319156,0,0.08890549,-0.07507121,1.10223308,2.52541429,8
TNG50-1,59,0.7,319156,0,0.02168623,0.08728854,0.77637056,-2.26848076,9
TNG50-1,59,0.7,138899,0,0.02157001,0.01444382,1.31554174,3.04492008,0
TNG50-1,59,0.7,138899,0,0.0243941,0.04931191,1.35617321,-3.03891666,1
TNG50-1,59,0.7,138899,0,-0.0529878,0.04341664,1.22530141,-3.04313623,2
TNG50-1,59,0.7,138899,0,-0.05448843,0.03084796,0.71502619,3.521e-05,3
TNG50-1,59,0.7,138899,0,-0.01143302,0.08309159,1.07848888,-1.46770145,4
TNG50-1,59,0.7,138899,0,-0.03875604,-0.05412083,1.00292412,1.17187944,5
TNG50-1,59,0.7,138899,0,-0.04402061,-0.00781892,1.31553616,1.84229373,6
TNG50-1,59,0.7,138899,0,0.08478435,-0.04264235,0.83025231,-2.49796886,7
TNG50-1,59,0.7,138899,0,-0.07666774,-0.08480398,0.60791602,2.62221326,8
TNG50-1,59,0.7,138899,0,0.10115322,-0.03306206,0.82844465,-2.95358129,9
TNG50-1,59,0.7,233630,0,-0.02946367,0.01690386,1.31702868,0.84751989,0
TNG50-1,59,0.7,233630,0,-0.00713766,0.04245946,0.89534595,2.15548631,1
TNG50-1,59,0.7,233630,0,-0.01860716,0.04954252,0.57337242,2.5506247,2
TNG50-1,59,0.7,233630,0,0.05550212,-0.0676087,1.34982107,2.70293415,3
TNG50-1,59,0.7,233630,0,-0.00833708,-0.07594901,0.96793677,1.55895011,4
TNG50-1,59,0.7,233630,0,0.05802248,-0.02684093,1.34338029,-1.21297951,5
TNG50-1,59,0.7,233630,0,0.01030081,0.06923312,1.02716224,2.0667446,6
TNG50-1,59,0.7,233630,0,-0.00442645,0.01104877,1.10558794,0.12681297,7
TNG50-1,59,0.7,233630,0,0.00791102,-0.03873476,1.28590245,-1.43474072,8
TNG50-1,59,0.7,233630,0,-0.06458149,-0.07264697,0.39189551,-0.71770432,9
TNG50-1,59,0.7,69763,0,0.0302154,0.05241165,1.00680586,-3.06897929,0
TNG50-1,59,0.7,69763,0,-0.05625933,0.00848276,0.76326009,2.61136211,1
TNG50-1,59,0.7,69763,0,0.01984268,-0.00583579,0.6179435,-1.07818182,2
TNG50-1,59,0.7,69763,0,-0.03711077,0.06642012,1.10068255,1.23021891,3
TNG50-1,59,0.7,69763,0,-0.0071667,0.01652512,0.50043105,-2.56530961,4
TNG50-1,59,0.7,69763,0,0.08540068,0.0409783,1.2160302,0.88763478,5
TNG50-1,59,0.7,69763,0,-0.06991214,0.03576287,0.8944207,2.5727211,6
TNG50-1,59,0.7,69763,0,-0.01397337,-0.14381202,1.27394864,0.34684393,7
TNG50-1,59,0.7,69763,0,-0.06373229,-0.00383344,1.15459585,-0.86631618,8
TNG50-1,59,0.7,69763,0,0.0076534,-0.05390372,0.46160352,1.84460259,9
TNG50-1,59,0.7,359874,0,-0.09495167,0.05726697,0.40710134,-2.61002609,0
TNG50-1,59,0.7,359874,0,-0.09715604,-0.08244531,1.29303753,2.3144336,1
TNG50-1,59,0.7,359874,0,-0.04150289,-0.00425374,0.91215693,-1.0771188,2
TNG50-1,59,0.7,359874,0,0.01150727,0.00687562,1.05280369,-2.71744969,3
TNG50-1,59,0.7,359874,0,-0.00167351,0.03010182,1.28835443,-1.21822899,4
TNG50-1,59,0.7,359874,0,0.02573893,-0.0857583,1.15127865,1.94079737,5
TNG50-1,59,0.7,359874,0,-0.00877217,-0.01302035,0.81863163,1.04194974,6
TNG50-1,59,0.7,359874,0,0.06987094,0.02002304,1.37424935,-1.64267848,7
TNG50-1,59,0.7,359874,0,0.03860557,0.02385811,0.30940563,1.37712642,8
TNG50-1,59,0.7,359874,0,0.00387883,0.05930649,0.43605491,1.30577857,9
TNG50-1,59,0.7,334171,0,0.09252084,0.03933243,1.136632,-0.52734262,0
TNG50-1,59,0.7,334171,0,0.02840353,-0.05121743,1.39480367,1.12862876,1
TNG50-1,59,0.7,334171,0,0.02960675,0.0416134,0.85150183,0.47109662,2
TNG50-1,59,0.7,334171,0,-0.01208224,0.09292933,0.85427004,0.06730004,3
TNG50-1,59,0.7,334171,0,0.0003162,-0.00133134,0.82528331,0.93343331,4
TNG50-1,59,0.7,334171,0,0.03489761,0.074974,1.17317735,-2.60162214,5
TNG50-1,59,0.7,334171,0,0.03167762,-0.04586476,0.59701879,2.57774645,6
TNG50-1,59,0.7,334171,0,0.03603549,-0.00148813,0.97052819,-1.03621006,7
TNG50-1,59,0.7,334171,0,0.03133343,-0.03205791,0.66392908,-1.72980513,8
TNG50-1,59,0.7,334171,0,0.0449195,0.06896106,0.84328428,1.70774688,9
TNG50-1,59,0.7,331479,0,-0.05234575,-0.01515613,1.25940081,-0.56858539,0
TNG50-1,59,0.7,331479,0,0.08841737,-0.11466953,0.78342306,2.44081132,1
TNG50-1,59,0.7,331479,0,0.00682609,-0.05799512,0.96717255,0.33180763,2
TNG50-1,59,0.7,331479,0,0.04468004,0.03912071,1.3610134,-1.09609334,3
TNG50-1,59,0.7,331479,0,-0.03811646,0.01738332,0.62975909,-3.08195585,4
TNG50-1,59,0.7,331479,0,0.01942632,-0.05370935,0.72354109,0.54317989,5
TNG50-1,59,0.7,331479,0,-0.05484664,0.02739368,0.27774567,0.15980585,6
TNG50-1,59,0.7,331479,0,0.00318699,-0.04391065,0.3761418,1.9595821,7
TNG50-1,59,0.7,331479,0,-0.03239616,0.03609819,0.8720395,-1.96660793,8
TNG50-1,59,0.7,331479,0,-0.04388272,-0.00578195,0.75872673,1.98172461,9
TNG50-1,59,0.7,245788,0,-0.00959438,-0.07231416,0.73711201,2.08736521,0
TNG50-1,59,0.7,245788,0,-0.06392352,0.01561643,1.15044028,-1.68923615,1
TNG50-1,59,0.7,245788,0,-0.01230533,0.00128713,0.84638256,2.40088942,2
TNG50-1,59,0.7,245788,0,0.0740894,-0.02657641,1.06181907,0.68832707,3
TNG50-1,59,0.7,245788,0,-0.01603764,0.0113675,1.11502518,2.03084122,4
TNG50-1,59,0.7,245788,0,-0.06829599,-0.04688308,0.46552204,-2.71105661,5
TNG50-1,59,0.7,245788,0,-0.03399396,0.04204222,1.28175185,-0.89915941,6
TNG50-1,59,0.7,245788,0,-0.08054759,-0.03491701,1.24183068,0.15622502,7
TNG50-1,59,0.7,245788,0,-0.06478864,-0.01931834,0.77989889,0.4835353,8
TNG50-1,59,0.7,245788,0,0.03354935,-0.02526755,0.63688558,-2.51910772,9
TNG50-1,59,0.7,322345,0,-0.02689306,0.01215922,1.38582723,1.05470477,0
TNG50-1,59,0.7,322345,0,-0.02399054,-0.01065482,0.94788212,-0.17844108,1
TNG50-1,59,0.7,322345,0,-0.05153825,0.07288408,0.44635138,-0.08048555,2
TNG50-1,59,0.7,322345,0,0.00046609,0.00581321,1.20450455,1.92644786,3
TNG50-1,59,0.7,322345,0,0.01350835,0.0004377,1.33139458,-1.39224643,4
TNG50-1,59,0.7,322345,0,-0.04429099,-0.0229121,0.71796214,1.08430651,5
TNG50-1,59,0.7,322345,0,0.04943614,-0.02579818,0.95568549,-0.832162,6
TNG50-1,59,0.7,322345,0,0.01355318,0.0118861,1.36073075,-0.51289612,7
TNG50-1,59,0.7,322345,0,0.04259496,0.04097937,1.16284859,0.35124522,8
TNG50-1,59,0.7,322345,0,-0.01640678,-0.0342279,1.12112891,1.22928513,9
TNG50-1,67,0.5,66,0,0.03098536,-0.00952721,0.57698761,2.46422226,0
TNG50-1,67,0.5,66,0,0.01623163,-0.03429724,0.55328697,2.65411151,1
TNG50-1,67,0.5,66,0,0.06315192,0.06632563,1.32075839,2.66161909,2
TNG50-1,67,0.5,66,0,-0.02841571,0.01034985,0.739508,-3.11121413,3
TNG50-1,67,0.5,66,0,-0.03048879,0.00122585,0.73690801,-1.75301641,4
TNG50-1,67,0.5,66,0,0.05189391,0.03381382,1.21098774,1.20162926,5
TNG50-1,67,0.5,66,0,0.00831082,0.04400439,0.96738435,-1.12004199,6
TNG50-1,67,0.5,66,0,-0.01234994,0.0274935,0.78611174,-2.75779501,7
TNG50-1,67,0.5,66,0,0.09232606,0.04419878,0.45808982,1.65211382,8
TNG50-1,67,0.5,66,0,0.02888653,0.02256872,1.30837185,-2.96194261,9
TNG50-1,67,0.5,173134,0,0.05111512,-0.03072,0.69424502,-1.65158195,0
TNG50-1,67,0.5,173134,0,-0.03970344,-0.01633368,1.14470882,0.2817403,1
TNG50-1,67,0.5,173134,0,-0.02596676,-0.08073171,1.0289216,0.585364,2
TNG50-1,67,0.5,173134,0,-0.03213209,-0.0131193,0.93112494,-0.50313626,3
TNG50-1,67,0.5,173134,0,-0.01741015,0.04332609,1.22261435,-2.22812709,4
TNG50-1,67,0.5,173134,0,0.0669761,0.01264785,0.48246454,-1.42562671,5
TNG50-1,67,0.5,173134,0,-0.085054,-0.0053932,0.76334068,-3.05204778,6
TNG50-1,67,0.5,173134,0,-0.05971094,-0.07824428,0.50537349,-1.13638464,7
TNG50-1,67,0.5,173134,0,-0.06828415,-0.0163976,0.98227778,0.50742362,8
TNG50-1,67,0.5,173134,0,0.0700847,0.00734574,1.02359047,2.86331727,9
TNG50-1,67,0.5,289152,0,0.0334964,0.0019626,1.27590266,2.53339715,0
TNG50-1,67,0.5,289152,0,0.02763881,0.05450778,1.0953521,-2.5548675,1
TNG50-1,67,0.5,289152,0,-0.05292711,0.00576794,1.03420776,0.44934381,2
TNG50-1,67,0.5,289152,0,0.0279851,-0.08736482,0.91548451,2.57000832,3
TNG50-1,67,0.5,289152,0,0.06634335,0.02217089,0.593382,1.37731389,4
TNG50-1,67,0.5,289152,0,-0.00245133,-0.04894043,1.38896145,-2.53473176,5
TNG50-1,67,0.5,289152,0,-0.05039805,-0.06353613,0.55223375,0.71605888,6
TNG50-1,67,0.5,289152,0,0.04374771,-0.0863874,0.87942202,1.88420732,7
TNG50-1,67,0.5,289152,0,0.08615227,0.05952036,0.67166026,-1.41458512,8
TNG50-1,67,0.5,289152,0,-0.04430702,-0.04173557,0.67100757,0.83247955,9
TNG50-1,67,0.5,42,0,0.09290888,-0.05005712,1.03828311,0.89060271,0
TNG50-1,67,0.5,42,0,0.02415408,0.02084188,1.29798239,1.27422049,1
TNG50-1,67,0.5,42,0,0.09545836,-0.05026986,1.14340814,1.79709334,2
TNG50-1,67,0.5,42,0,0.03575697,-0.0766746,1.01234548,-0.02592562,3
TNG50-1,67,0.5,42,0,0.05428534,-0.05610431,0.51652956,0.35552943,4
TNG50-1,67,0.5,42,0,-0.01794511,-0.01171777,0.45690969,2.89385099,5
TNG50-1,67,0.5,42,0,-0.05372546,-0.04954596,0.34087697,-1.63345049,6
TNG50-1,67,0.5,42,0,-0.02244799,-0.0114045,1.31688612,1.90857875,7
TNG50-1,67,0.5,42,0,-0.00059348,0.03002222,1.14842191,1.33089196,8
TNG50-1,67,0.5,42,0,-0.03140794,0.02872215,0.99443985,-2.26138225,9
TNG50-1,67,0.5,273179,0,0.04270783,-0.07964773,1.10030114,2.52365658,0
TNG50-1,67,0.5,273179,0,0.07423127,0.04488582,0.72400107,-0.53533501,1
TNG50-1,67,0.5,273179,0,0.01041659,-0.06423126,0.8772783,1.49439167,2
TNG50-1,67,0.5,273179,0,-0.00126565,0.03096928,1.26650375,2.50730413,3
TNG50-1,67,0.5,273179,0,-0.0122844,0.03778683,0.75843519,3.07648095,4
TNG50-1,67,0.5,273179,0,0.02687794,-0.05702161,0.63506491,0.52731673,5
TNG50-1,67,0.5,273179,0,0.0437347,-0.03039004,1.34556517,1.28349095,6
TNG50-1,67,0.5,273179,0,0.02309025,0.10607373,0.84451245,-1.56011696,7
TNG50-1,67,0.5,273179,0,0.02137315,-0.00397411,0.62614311,-1.31917755,8
TNG50-1,67,0.5,273179,0,-0.00256015,-0.06101068,1.30482414,2.20394931,9
TNG50-1,67,0.5,160813,0,-0.00766595,0.01210445,1.24172661,1.71934731,0
TNG50-1,67,0.5,160813,0,-0.06124109,-0.01247558,1.23630397,1.14268252,1
TNG50-1,67,0.5,160813,0,-0.04137905,-0.07802148,0.39139665,-2.39445951,2
TNG50-1,67,0.5,160813,0,0.04825255,0.05080298,0.85122727,2.30421114,3
TNG50-1,67,0.5,160813,0,-0.00836287,0.00817485,0.67903229,-1.50231516,4
TNG50-1,67,0.5,160813,0,-0.01103559,0.01945073,1.08513452,3.11767985,5
TNG50-1,67,0.5,160813,0,0.05300938,0.02098051,0.50040727,-0.71937488,6
TNG50-1,67,0.5,160813,0,-0.04573816,-0.06492621,0.87448235,-2.3876274,7
TNG50-1,67,0.5,160813,0,-0.11175881,0.01514395,0.85543119,-1.15556258,8
TNG50-1,67,0.5,160813,0,-0.04264333,0.04537269,0.67705362,0.46202928,9
TNG50-1,67,0.5,251705,0,0.00805908,0.01135452,0.97383143,0.66985765,0
TNG50-1,67,0.5,251705,0,0.03257549,-0.03104658,0.2974771,-1.9254634,1
TNG50-1,67,0.5,251705,0,-0.058786,-0.04689214,0.66860732,-2.20322711,2
TNG50-1,67,0.5,251705,0,0.04576739,0.00857664,0.91062979,2.30675187,3
TNG50-1,67,0.5,251705,0,0.01371712,-0.04483838,0.92988931,-2.3749626,4
TNG50-1,67,0.5,251705,0,-0.03027232,0.04002901,1.26031287,1.29204353,5
TNG50-1,67,0.5,251705,0,0.00706903,0.02961163,1.01029058,-0.52150273,6
TNG50-1,67,0.5,251705,0,-0.00696672,-0.03825572,1.27933704,0.49687265,7
TNG50-1,67,0.5,251705,0,0.0390037,0.01068902,1.33082274,-2.99484626,8
TNG50-1,67,0.5,251705,0,-0.018023,-0.038485,1.30945232,-3.14147177,9
TNG50-1,67,0.5,280993,0,0.03696904,-0.02381937,0.89889497,-1.95245146,0
TNG50-1,67,0.5,280993,0,0.12164781,-0.00548526,0.6532105,-0.04015042,1
TNG50-1,67,0.5,280993,0,0.03513979,0.07328615,0.41370519,0.7411444,2
TNG50-1,67,0.5,280993,0,-0.050625,-0.06307586,0.87028357,-1.25479664,3
TNG50-1,67,0.5,280993,0,-0.00469226,0.01363596,1.38440847,-2.00042005,4
TNG50-1,67,0.5,280993,0,0.00904881,0.03969608,0.76499768,-1.74244831,5
TNG50-1,67,0.5,280993,0,-0.02596954,0.00851682,1.32289536,2.24948508,6
TNG50-1,67,0.5,280993,0,0.02351289,-0.08070962,0.77604723,-0.22277963,7
TNG50-1,67,0.5,280993,0,-0.11356885,0.06751983,0.86867082,1.01205388,8
TNG50-1,67,0.5,280993,0,0.02765748,-0.0105677,0.81072486,0.09354949,9
TNG50-1,67,0.5,304703,0,-0.05350425,-0.05884601,0.88019001,0.48481988,0
TNG50-1,67,0.5,304703,0,-0.00482897,0.01213959,1.15972874,-1.05517267,1
TNG50-1,67,0.5,304703,0,0.0355981,0.00127579,1.11945901,-1.01328138,2
TNG50-1,67,0.5,304703,0,-0.06866304,0.05628055,0.88528007,-1.14568303,3
TNG50-1,67,0.5,304703,0,0.01465003,-0.02913744,1.0326126,-0.34351388,4
TNG50-1,67,0.5,304703,0,0.0584249,-0.02488679,1.26609991,1.95997606,5
TNG50-1,67,0.5,304703,0,0.02001101,-0.06209324,0.84396043,-0.19461496,6
TNG50-1,67,0.5,304703,0,-0.00378082,0.02186421,0.75508277,3.1016863,7
TNG50-1,67,0.5,304703,0,-0.03340509,-0.02119079,1.39991056,-0.778118,8
TNG50-1,67,0.5,304703,0,0.04154209,-0.0431037,0.92117529,1.25200168,9
TNG50-1,67,0.5,356635,0,0.03726938,0.03809821,0.85670381,-0.19767604,0
TNG50-1,67,0.5,356635,0,0.00744714,0.06303586,0.91374344,-0.08490513,1
TNG50-1,67,0.5,356635,0,0.00961868,0.06621472,1.14821238,-2.9467259,2
TNG50-1,67,0.5,356635,0,0.00490977,0.07092327,1.01730695,-1.43012511,3
TNG50-1,67,0.5,356635,0,-0.03940483,-0.03785405,0.54468709,-2.82281228,4
TNG50-1,67,0.5,356635,0,-0.03430262,-0.07159796,0.90944917,-0.5343428,5
TNG50-1,67,0.5,356635,0,-0.03507452,0.04653718,1.35410643,0.76238114,6
TNG50-1,67,0.5,356635,0,-0.07996184,0.06910667,0.72636402,0.96807628,7
TNG50-1,67,0.5,356635,0,0.007143,0.07779962,1.24741777,-2.73602559,8
TNG50-1,67,0.5,356635,0,-0.00202867,0.02424981,0.97190595,-2.39459038,9
TNG50-1,67,0.5,184179,0,-0.03914278,-0.03279091,1.28503094,2.29958647,0
TNG50-1,67,0.5,184179,0,0.02263853,-0.01823207,1.16215866,2.11292533,1
TNG50-1,67,0.5,184179,0,-0.06461199,-0.03313086,1.17791792,-2.81666547,2
TNG50-1,67,0.5,184179,0,0.02401241,-0.0408206,0.74572708,1.24381109,3
TNG50-1,67,0.5,184179,0,-0.11188502,-0.05793415,1.04363627,1.28138424,4
TNG50-1,67,0.5,184179,0,0.10476481,0.04108947,0.55304905,2.78392572,5
TNG50-1,67,0.5,184179,0,-0.00705338,0.06005678,0.68335699,-1.48610925,6
TNG50-1,67,0.5,184179,0,-0.13972504,-0.01272869,0.92703015,1.79917019,7
TNG50-1,67,0.5,184179,0,-0.03588747,-0.00088183,1.18992236,1.18812835,8
TNG50-1,67,0.5,184179,0,-0.04378311,-0.05631654,0.62338812,2.37961174,9
TNG50-1,67,0.5,389526,0,0.04195049,0.03742168,0.54422149,1.60320733,0
TNG50-1,67,0.5,389526,0,-0.0487735,-0.01906935,0.95039224,-1.73862115,1
TNG50-1,67,0.5,389526,0,0.04997358,-0.09309415,0.63675276,0.59103017,2
TNG50-1,67,0.5,389526,0,0.02504978,-0.06136695,0.71690578,0.40365374,3
TNG50-1,67,0.5,389526,0,0.05987848,0.02029604,1.17502451,-1.86287489,4
TNG50-1,67,0.5,389526,0,0.04887153,0.03505658,1.13667814,-0.05401453,5
TNG50-1,67,0.5,389526,0,-0.00424767,0.02046067,0.45467245,2.38288562,6
TNG50-1,67,0.5,389526,0,-0.00826873,0.05729748,1.20562869,1.13429935,7
TNG50-1,67,0.5,389526,0,0.08915155,0.01956301,0.74511202,3.09543888,8
TNG50-1,67,0.5,389526,0,-0.01452842,-0.03876174,1.27915056,1.78790715,9
TNG50-1,67,0.5,359432,0,-0.01158551,-0.08705912,1.13919744,3.00618775,0
TNG50-1,67,0.5,359432,0,0.03097065,0.10111196,0.32590901,-1.07523956,1
TNG50-1,67,0.5,359432,0,-0.03867892,0.10758795,0.6681548,-1.68177884,2
TNG50-1,67,0.5,359432,0,-0.02870213,0.02283082,1.19691245,-2.95776725,3
TNG50-1,67,0.5,359432,0,0.00966633,0.04161313,0.27327647,-0.96544322,4
TNG50-1,67,0.5,359432,0,0.06692429,-0.00189999,0.9585868,0.64486431,5
TNG50-1,67,0.5,359432,0,0.04042349,-0.01047842,0.93528708,-1.22283949,6
TNG50-1,67,0.5,359432,0,0.0537702,-0.03054352,0.43524381,0.50026883,7
TNG50-1,67,0.5,359432,0,0.00316584,-0.0024506,0.41784646,-2.83757601,8
TNG50-1,67,0.5,359432,0,0.0747539,0.02779667,0.74585014,-0.91677288,9
TNG50-1,67,0.5,139869,0,-0.0535628,0.0187746,0.72329868,2.6968002,0
TNG50-1,67,0.5,139869,0,-0.02976288,0.08751168,1.30968011,-1.7123187,1
TNG50-1,67,0.5,139869,0,0.07708354,0.10988938,1.02658964,0.07700085,2
TNG50-1,67,0.5,139869,0,-0.00591513,-0.05199328,1.18370526,0.41781005,3
TNG50-1,67,0.5,139869,0,-0.0503414,-0.02983032,0.89005549,0.93762502,4
TNG50-1,67,0.5,139869,0,0.00739243,0.02577661,1.0629309,-1.07714939,5
TNG50-1,67,0.5,139869,0,-0.06476738,0.05843947,1.23112645,-2.51652995,6
TNG50-1,67,0.5,139869,0,0.025717,-0.10820418,1.39638779,2.64745934,7
TNG50-1,67,0.5,139869,0,-0.0488832,0.00436684,1.12582229,2.84474626,8
TNG50-1,67,0.5,139869,0,-0.04162619,-0.02435715,0.94207657,-0.3881052,9
TNG50-1,67,0.5,340830,0,-0.02037168,0.04282883,1.16682572,-0.63181435,0
TNG50-1,67,0.5,340830,0,-0.02248421,-0.01736619,1.28636466,2.40153775,1
TNG50-1,67,0.5,340830,0,0.06270699,-0.02864732,1.36915055,1.37859809,2
TNG50-1,67,0.5,340830,0,-0.06855028,0.09066709,0.53460914,2.58070884,3
TNG50-1,67,0.5,340830,0,0.10281016,0.00146913,0.86233201,2.27965665,4
TNG50-1,67,0.5,340830,0,-0.03063177,-0.03378478,1.36219312,2.64754035,5
TNG50-1,67,0.5,340830,0,0.04333642,-0.07451433,1.26773994,3.01600089,6
TNG50-1,67,0.5,340830,0,-0.00543998,0.0932789,1.16315831,-1.18314617,7
TNG50-1,67,0.5,340830,0,0.01356811,-0.02759627,1.17766657,-1.82413056,8
TNG50-1,67,0.5,340830,0,-0.01313932,0.10309191,0.90940123,-2.10390976,9
TNG50-1,67,0.5,330081,0,0.00150485,0.07921035,1.21799776,2.24741276,0
TNG50-1,67,0.5,330081,0,0.05706861,-0.05361599,0.21436954,1.50583418,1
TNG50-1,67,0.5,330081,0,0.07853773,-0.04706659,0.70779581,0.95113171,2
TNG50-1,67,0.5,330081,0,0.0404012,-0.06635639,0.80643669,0.13252598,3
TNG50-1,67,0.5,330081,0,-0.02851417,-0.04717754,0.7102873,-0.65833155,4
TNG50-1,67,0.5,330081,0,-0.00198407,0.06236724,1.04635713,2.29746927,5
TNG50-1,67,0.5,330081,0,0.0286835,0.06404164,0.63469091,0.92650955,6
TNG50-1,67,0.5,330081,0,0.04188725,-0.00370228,1.2708953,-0.40903339,7
TNG50-1,67,0.5,330081,0,-0.00387386,0.02481572,0.62134038,1.78939914,8
TNG50-1,67,0.5,330081,0,-0.02834043,-0.00052523,0.37344192,-2.80164874,9
TNG50-1,67,0.5,312340,0,0.03825147,-0.03955051,0.49183573,0.86782861,0
TNG50-1,67,0.5,312340,0,0.04941362,0.03028404,0.82500263,1.76157638,1
TNG50-1,67,0.5,312340,0,0.09018329,0.0490514,0.85095707,-2.90785982,2
TNG50-1,67,0.5,312340,0,0.01949259,0.0601785,0.34748794,2.21435976,3
TNG50-1,67,0.5,312340,0,0.05496079,0.08096308,0.67226271,-0.51749384,4
TNG50-1,67,0.5,312340,0,0.02469303,-0.0838012,0.76194698,1.49012258,5
TNG50-1,67,0.5,312340,0,-0.09500177,-0.05995,1.02047578,-2.89010618,6
TNG50-1,67,0.5,312340,0,-0.00772601,0.14639076,0.97392923,2.4747782,7
TNG50-1,67,0.5,312340,0,-0.04338558,0.05047619,1.06439668,1.00433946,8
TNG50-1,67,0.5,312340,0,0.01157167,0.0112224,0.35805203,-0.26703041,9
TNG50-1,67,0.5,338450,0,0.03173626,0.05856235,0.82644435,-1.02501042,0
TNG50-1,67,0.5,338450,0,0.02583265,0.02551507,0.51298603,2.24101337,1
TNG50-1,67,0.5,338450,0,0.01694577,0.01608009,0.60811567,2.30090124,2
TNG50-1,67,0.5,338450,0,0.00428189,0.04733862,1.29636507,1.96271414,3
TNG50-1,67,0.5,338450,0,-0.10756035,-0.015327,1.02052133,2.6004145,4
TNG50-1,67,0.5,338450,0,0.03889463,0.02060016,0.94000066,2.84192561,5
TNG50-1,67,0.5,338450,0,0.0244177,-0.03105566,1.18227699,-0.05134675,6
TNG50-1,67,0.5,338450,0,-0.04923806,0.05551484,0.76637533,-2.53398587,7
TNG50-1,67,0.5,338450,0,0.01402911,-0.08048556,0.98152192,1.88540174,8
TNG50-1,67,0.5,338450,0,0.03239692,0.04083686,1.14726888,0.83837753,9
TNG50-1,67,0.5,258162,0,-0.00431173,0.07674047,0.35428087,1.30924125,0
TNG50-1,67,0.5,258162,0,0.06533129,-0.03473663,0.22912767,-1.25027965,1
TNG50-1,67,0.5,258162,0,0.10409397,-0.01207786,0.59648881,-2.5452103,2
TNG50-1,67,0.5,258162,0,-0.02157333,-0.01101465,1.35509756,1.98141056,3
TNG50-1,67,0.5,258162,0,0.04168598,-0.03919017,0.70712728,-0.26352051,4
TNG50-1,67,0.5,258162,0,0.01595585,0.01201201,1.2508562,-2.684846,5
TNG50-1,67,0.5,258162,0,0.01655562,-0.00221562,0.88783487,-2.49365577,6
TNG50-1,67,0.5,258162,0,0.01235889,-0.0358268,0.46468216,2.93400489,7
TNG50-1,67,0.5,258162,0,-0.0166539,0.0074651,1.07246166,-1.61476634,8
TNG50-1,67,0.5,258162,0,-0.17924903,-0.00165233,0.39649235,2.93167883,9
TNG50-1,67,0.5,340055,0,-0.04312061,0.15541893,1.28372362,-1.71386432,0
TNG50-1,67,0.5,340055,0,0.07898339,0.06753963,0.4421545,2.37978001,1
TNG50-1,67,0.5,340055,0,-0.00889971,0.0270258,1.00653857,2.61656892,2
TNG50-1,67,0.5,340055,0,0.01573185,-0.04985772,0.60822862,-2.68439031,3
TNG50-1,67,0.5,340055,0,-0.03596167,-0.07650164,1.14547753,0.51791811,4
TNG50-1,67,0.5,340055,0,0.05005143,-0.07225139,1.1379231,3.02550519,5
TNG50-1,67,0.5,340055,0,0.04172261,-0.04668327,0.3128467,2.70754779,6
TNG50-1,67,0.5,340055,0,0.08623547,0.06886513,0.96147499,0.15860824,7
TNG50-1,67,0.5,340055,0,0.07203037,0.02435445,1.35053507,1.13407219,8
TNG50-1,67,0.5,340055,0,-0.0004575,-0.03066866,0.56053158,0.65509769,9
TNG50-1,67,0.5,317880,0,0.06198162,-0.02197626,0.83107405,-2.80177843,0
TNG50-1,67,0.5,317880,0,0.01410537,0.04600733,0.77129579,0.46900499,1
TNG50-1,67,0.5,317880,0,-0.06139337,-0.04309074,1.17500495,-2.92474074,2
TNG50-1,67,0.5,317880,0,-0.0493028,0.03133222,0.5975036,1.34579404,3
TNG50-1,67,0.5,317880,0,0.03731373,0.01070603,0.89821766,1.48799445,4
TNG50-1,67,0.5,317880,0,-0.06812461,0.03003245,0.71154719,0.39528311,5
TNG50-1,67,0.5,317880,0,-0.06655569,0.0590999,0.37333792,-2.08506303,6
TNG50-1,67,0.5,317880,0,0.00044156,-0.02276662,0.52960834,2.3607274,7
TNG50-1,67,0.5,317880,0,0.00667083,-0.03305388,0.6372445,0.60269088,8
TNG50-1,67,0.5,317880,0,0.01900157,-0.08441969,1.15424244,0.09356888,9
TNG50-1,67,0.5,331991,0,-0.06321171,-0.03853881,0.25122874,-1.78375358,0
TNG50-1,67,0.5,331991,0,0.05815276,0.01929908,0.65891643,-0.59580021,1
TNG50-1,67,0.5,331991,0,0.0776236,-0.03499727,0.52720294,-1.89530185,2
TNG50-1,67,0.5,331991,0,-0.02052865,-0.02701304,0.86103816,-1.41478707,3
TNG50-1,67,0.5,331991,0,-0.03245397,-0.00506714,0.51039116,-1.28158046,4
TNG50-1,67,0.5,331991,0,0.05272972,-0.07445311,1.30746015,0.62713035,5
TNG50-1,67,0.5,331991,0,0.06080745,-0.10282266,0.69073041,-2.29415583,6
TNG50-1,67,0.5,331991,0,-0.05572057,0.04591362,0.82399374,-1.62670892,7
TNG50-1,67,0.5,331991,0,-0.00740223,-0.03701615,1.35057179,-1.14889262,8
TNG50-1,67,0.5,331991,0,-0.00294692,0.1067432,1.1525218,-0.32001558,9
TNG50-1,67,0.5,373825,0,-0.0147852,-0.01297058,1.27310954,0.85108608,0
TNG50-1,67,0.5,373825,0,0.10819918,-0.06364331,0.5843443,1.35318169,1
TNG50-1,67,0.5,373825,0,-0.01532871,0.05620534,0.96798507,2.02290993,2
TNG50-1,67,0.5,373825,0,-0.02202874,0.05262805,1.11094099,-2.50552247,3
TNG50-1,67,0.5,373825,0,0.0292811,0.01940049,1.12287457,-3.12909702,4
TNG50-1,67,0.5,373825,0,-0.08926309,-0.06015556,1.1668183,-2.82387559,5
TNG50-1,67,0.5,373825,0,0.06254047,0.07471471,0.48435188,1.29932037,6
TNG50-1,67,0.5,373825,0,0.049697,-0.01311306,1.04506166,2.73002228,7
TNG50-1,67,0.5,373825,0,0.02622259,0.09026855,1.1943201,-1.06119618,8
TNG50-1,67,0.5,373825,0,-0.16885487,0.01326935,0.72956312,1.76679505,9
TNG50-1,67,0.5,282211,0,0.03829398,-0.00350134,0.88262435,-0.11979301,0
TNG50-1,67,0.5,282211,0,0.11778449,-0.05076435,0.43716303,-0.27549893,1
TNG50-1,67,0.5,282211,0,0.04313066,-0.18500458,0.95206634,-1.82637403,2
TNG50-1,67,0.5,282211,0,-0.03224217,-0.03628092,0.77099771,-1.19244,3
TNG50-1,67,0.5,282211,0,0.01185074,-0.00018053,0.7355253,2.74323602,4
TNG50-1,67,0.5,282211,0,0.02403901,-0.02626423,1.27296035,-1.23781688,5
TNG50-1,67,0.5,282211,0,0.07169066,-0.04984716,1.10322033,1.45384479,6
TNG50-1,67,0.5,282211,0,0.06070252,0.00207323,1.30608953,-2.87680876,7
TNG50-1,67,0.5,282211,0,-0.13849418,0.01715441,1.01571112,-2.33537226,8
TNG50-1,67,0.5,282211,0,-0.04281023,-0.02342986,0.47617056,-1.18451919,9
TNG50-1,67,0.5,357197,0,0.01272605,-0.05525254,0.73829511,0.8592461,0
TNG50-1,67,0.5,357197,0,-0.03184964,-0.04527509,0.95575817,-2.74156267,1
TNG50-1,67,0.5,357197,0,-0.0757801,-0.03035905,0.65378887,-0.67546336,2
TNG50-1,67,0.5,357197,0,-0.01760582,0.07006795,1.1628309,0.71001375,3
TNG50-1,67,0.5,357197,0,0.06414594,0.05383454,0.77881455,1.34134465,4
TNG50-1,67,0.5,357197,0,0.06040308,-0.05399388,1.39583709,1.98601535,5
TNG50-1,67,0.5,357197,0,0.04733761,0.00266956,1.34001236,-1.06535867,6
TNG50-1,67,0.5,357197,0,0.01346164,-0.02013036,0.82890365,2.11564929,7
TNG50-1,67,0.5,357197,0,0.02978986,-0.00775503,1.23877837,-0.91574645,8
TNG50-1,67,0.5,357197,0,0.00493223,-0.02680214,0.7555324,-3.09769304,9
TNG50-1,67,0.5,344125,0,-0.10821097,-0.0435605,1.13198573,-2.38158563,0
TNG50-1,67,0.5,344125,0,0.06663309,-0.0035431,0.33220871,-1.84207475,1
TNG50-1,67,0.5,344125,0,0.07774107,-0.09633527,0.82235881,-1.7074838,2
TNG50-1,67,0.5,344125,0,0.00703217,0.11320443,0.86009781,0.85688442,3
TNG50-1,67,0.5,344125,0,-0.07562866,0.0069825,0.8118184,0.88959238,4
TNG50-1,67,0.5,344125,0,0.01878563,0.04333865,0.33877608,-0.80496159,5
TNG50-1,67,0.5,344125,0,0.09295663,-0.02307543,1.1093018,-1.40622542,6
TNG50-1,67,0.5,344125,0,0.02378677,-0.07715432,1.16196525,1.60002527,7
TNG50-1,67,0.5,344125,0,0.0592492,0.07129074,1.07564363,-2.94224875,8
TNG50-1,67,0.5,344125,0,-0.02425827,-0.05620501,0.61145165,1.50003328,9
TNG50-1,67,0.5,225712,0,0.10517784,0.05516283,0.94613426,-1.28117678,0
TNG50-1,67,0.5,225712,0,0.01266817,0.07126167,0.82471388,-1.48655474,1
TNG50-1,67,0.5,225712,0,-0.03405386,0.0223728,1.39146396,-2.6376862,2
TNG50-1,67,0.5,225712,0,0.00992505,-0.01580557,1.26529778,-0.94935199,3
TNG50-1,67,0.5,225712,0,-0.13093397,-0.1156761,1.14279227,-0.64044813,4
TNG50-1,67,0.5,225712,0,-0.00163238,0.04890867,1.15018373,2.53954824,5
TNG50-1,67,0.5,225712,0,0.05464912,0.02576013,1.31950565,1.52754108,6
TNG50-1,67,0.5,225712,0,0.03010921,0.00763297,1.255613,-0.1309807,7
TNG50-1,67,0.5,225712,0,0.0149278,-0.03440257,0.5429983,-2.29425944,8
TNG50-1,67,0.5,225712,0,0.03246196,0.0482576,0.74142414,0.98119258,9
TNG50-1,67,0.5,262786,0,0.0185593,0.05089519,0.82168905,-2.76200358,0
TNG50-1,67,0.5,262786,0,-0.01714339,-0.04726903,1.32696467,2.06423384,1
TNG50-1,67,0.5,262786,0,-0.07917182,0.08903642,0.74105782,-1.3306639,2
TNG50-1,67,0.5,262786,0,0.0107461,0.05738867,1.23741658,0.52041176,3
TNG50-1,67,0.5,262786,0,0.06894689,-0.01138996,1.15733937,3.00730506,4
TNG50-1,67,0.5,262786,0,0.02916665,0.02296799,1.0740773,-1.97026865,5
TNG50-1,67,0.5,262786,0,-0.05337116,0.12119593,0.64552017,-0.78630362,6
TNG50-1,67,0.5,262786,0,0.05487608,0.05000035,0.36319487,2.3096923,7
TNG50-1,67,0.5,262786,0,-0.01547349,0.01191,0.40584139,0.94235557,8
TNG50-1,67,0.5,262786,0,-0.10460129,0.1444577,1.25745619,2.74922662,9
TNG50-1,67,0.5,297999,0,0.00416309,-0.06531566,1.06152994,2.3583337,0
TNG50-1,67,0.5,297999,0,-0.03102536,-0.025312,0.53963821,2.96230732,1
TNG50-1,67,0.5,297999,0,-0.0500851,-0.06343287,1.24659517,2.24828892,2
TNG50-1,67,0.5,297999,0,-0.00538996,0.10047558,1.23242188,-0.06310549,3
TNG50-1,67,0.5,297999,0,0.03858602,0.02196482,0.72109011,2.28319793,4
TNG50-1,67,0.5,297999,0,0.06948796,-0.00478074,0.67988195,-1.79717369,5
TNG50-1,67,0.5,297999,0,0.00117551,0.08610009,0.44890988,2.64628696,6
TNG50-1,67,0.5,297999,0,0.06065625,-0.06511337,1.16746165,0.42000556,7
TNG50-1,67,0.5,297999,0,-0.01071347,-0.00685714,1.35370619,-0.69514909,8
TNG50-1,67,0.5,297999,0,-0.0390799,0.09998369,0.95075389,0.51296668,9
TNG50-1,67,0.5,308503,0,-0.01225622,0.01686177,0.56895545,2.83304241,0
TNG50-1,67,0.5,308503,0,-0.05987991,0.07093177,0.98554038,-1.82919017,1
TNG50-1,67,0.5,308503,0,-0.06968129,0.04737178,0.72875135,0.26109721,2
TNG50-1,67,0.5,308503,0,0.09994139,-0.06095334,0.56414611,3.08641439,3
TNG50-1,67,0.5,308503,0,-0.01758044,0.04942662,0.7740659,0.74640824,4
TNG50-1,67,0.5,308503,0,0.00865764,0.0237719,0.93090358,-1.82896786,5
TNG50-1,67,0.5,308503,0,-0.00464782,-0.03123605,1.35049468,2.8914649,6
TNG50-1,67,0.5,308503,0,-0.01257478,0.00910485,1.15390081,-1.0286035,7
TNG50-1,67,0.5,308503,0,-0.04203305,0.02861436,1.1273564,-2.84081211,8
TNG50-1,67,0.5,308503,0,-0.01553173,0.00235265,1.05874611,-0.43126673,9
TNG50-1,67,0.5,314577,0,-0.13388863,0.074331,1.32396271,-2.40101819,0
TNG50-1,67,0.5,314577,0,-0.02031171,0.03665334,1.28856916,-1.02367718,1
TNG50-1,67,0.5,314577,0,0.08828264,-0.01296903,0.71739179,-2.83648926,2
TNG50-1,67,0.5,314577,0,-0.04139253,0.08535414,0.26361128,0.96170754,3
TNG50-1,67,0.5,314577,0,-0.01049605,-0.06825144,1.02017687,1.08535284,4
TNG50-1,67,0.5,314577,0,-0.02772851,0.04656067,1.31874781,-2.78032995,5
TNG50-1,67,0.5,314577,0,0.01874976,-0.00341191,1.09733639,-1.03345869,6
TNG50-1,67,0.5,314577,0,0.06430423,0.03032719,1.06801588,2.53110811,7
TNG50-1,67,0.5,314577,0,-0.07696053,-0.11935761,0.21343796,2.05344568,8
TNG50-1,67,0.5,314577,0,-0.0673888,-0.01303517,0.75806469,0.46629133,9
TNG50-1,67,0.5,346643,0,-0.02033006,0.10274465,0.44329108,1.17010352,0
TNG50-1,67,0.5,346643,0,-0.07015067,0.06733316,0.6702584,0.10804369,1
TNG50-1,67,0.5,346643,0,-0.12536575,0.05955285,1.26237278,0.89137852,2
TNG50-1,67,0.5,346643,0,0.04517071,0.01570646,1.09048873,-0.38923693,3
TNG50-1,67,0.5,346643,0,-0.0429959,-0.02218591,0.73135198,1.74880732,4
TNG50-1,67,0.5,346643,0,-0.06219224,-0.0027943,1.12420623,0.94226682,5
TNG50-1,67,0.5,346643,0,0.03197014,0.02203708,0.73001497,0.46876731,6
TNG50-1,67,0.5,346643,0,0.04028958,-0.0628756,1.1126469,-0.40607149,7
TNG50-1,67,0.5,346643,0,-0.03935515,-0.0384691,1.25145035,0.22448286,8
TNG50-1,67,0.5,346643,0,0.04563203,-0.07138751,0.94007017,-2.82108912,9
TNG50-1,67,0.5,211992,0,-0.03597601,-0.08742005,0.95441504,-3.03076525,0
TNG50-1,67,0.5,211992,0,0.04577928,0.10207694,1.3822329,2.22720553,1
TNG50-1,67,0.5,211992,0,-0.06586174,0.01062456,1.21154838,-1.07366528,2
TNG50-1,67,0.5,211992,0,-0.02154091,0.00629146,0.99372258,-0.96063803,3
TNG50-1,67,0.5,211992,0,-0.01377595,0.01160367,1.05506522,-2.14636878,4
TNG50-1,67,0.5,211992,0,-0.06312045,0.03022603,0.72438267,1.21270042,5
TNG50-1,67,0.5,211992,0,-0.01453555,0.04890774,0.84243081,-1.38161641,6
TNG50-1,67,0.5,211992,0,0.01107405,-0.0781777,0.48840259,-2.031083,7
TNG50-1,67,0.5,211992,0,-0.09128861,0.06550888,0.53077227,0.02130465,8
TNG50-1,67,0.5,211992,0,-0.01973442,0.06229126,1.19675619,1.57340954,9
TNG50-1,67,0.5,385414,0,0.00294074,0.0855288,1.33641641,-3.01091189,0
TNG50-1,67,0.5,385414,0,-0.11561627,0.0766247,0.54699498,-0.30217748,1
TNG50-1,67,0.5,385414,0,-0.07576303,0.02979387,1.36901481,0.77523581,2
TNG50-1,67,0.5,385414,0,-0.01926556,-0.07812415,0.45535326,-0.11641597,3
TNG50-1,67,0.5,385414,0,-0.04214644,0.01534025,0.28266748,1.11294266,4
TNG50-1,67,0.5,385414,0,-0.01158937,0.01918485,0.78034307,-0.31665599,5
TNG50-1,67,0.5,385414,0,0.07020642,0.00127701,0.25638973,-2.87415639,6
TNG50-1,67,0.5,385414,0,-0.00372247,-0.02850055,0.58109462,-1.72054534,7
TNG50-1,67,0.5,385414,0,-0.06610841,-0.01813155,1.36340523,3.09524937,8
TNG50-1,67,0.5,385414,0,-0.03965499,-0.03198575,1.39686632,-0.96846607,9
TNG50-1,67,0.5,295829,0,-0.04611934,-0.06536798,1.38670974,2.72103832,0
TNG50-1,67,0.5,295829,0,0.01813824,-0.01923138,1.25360294,1.14811823,1
TNG50-1,67,0.5,295829,0,-0.09622307,0.03537647,1.35851831,0.41536245,2
TNG50-1,67,0.5,295829,0,-0.08830656,0.03763611,0.5430566,-0.15395691,3
TNG50-1,67,0.5,295829,0,-0.01352309,0.01323095,1.15413364,1.17734393,4
TNG50-1,67,0.5,295829,0,0.02457721,0.02735575,1.30207777,1.17040244,5
TNG50-1,67,0.5,295829,0,0.02688919,0.06381918,1.09630956,-3.07548688,6
TNG50-1,67,0.5,295829,0,0.07911998,0.00376359,1.33606759,2.56218084,7
TNG50-1,67,0.5,295829,0,0.00411319,0.06836594,0.27310239,-0.8296103,8
TNG50-1,67,0.5,295829,0,-0.01863264,-0.03633234,1.13166335,-0.92191217,9
TNG50-1,67,0.5,293092,0,0.01149881,0.00276972,0.68123722,-2.71091248,0
TNG50-1,67,0.5,293092,0,0.0452888,0.08314409,1.21144691,1.48581284,1
TNG50-1,67,0.5,293092,0,0.0004671,0.06415796,1.39501977,0.8453561,2
TNG50-1,67,0.5,293092,0,0.13824109,-0.04261138,1.35508011,-0.12971779,3
TNG50-1,67,0.5,293092,0,-0.04598812,0.0160784,0.87065228,-2.83785496,4
TNG50-1,67,0.5,293092,0,0.02224711,-0.07736483,0.96099319,2.6613777,5
TNG50-1,67,0.5,293092,0,0.06456013,0.07608945,1.17120872,-0.14174245,6
TNG50-1,67,0.5,293092,0,0.05328386,0.01121157,1.39461474,-0.63078807,7
TNG50-1,67,0.5,293092,0,0.03275334,0.06743864,0.88909888,2.27121694,8
TNG50-1,67,0.5,293092,0,0.0535127,-0.00546788,0.58753458,2.17133205,9
TNG50-1,67,0.5,334210,0,0.02866014,0.00073167,0.91557352,-2.4090357,0
TNG50-1,67,0.5,334210,0,0.06582213,0.0115835,0.42884324,2.07271007,1
TNG50-1,67,0.5,334210,0,0.06534131,0.01577861,0.77394999,-2.45084111,2
TNG50-1,67,0.5,334210,0,-0.0062926,0.05593076,0.60829704,-0.13573595,3
TNG50-1,67,0.5,334210,0,0.04623969,0.02382573,1.14370294,1.14681659,4
TNG50-1,67,0.5,334210,0,0.08942915,-0.00889383,0.68733241,-0.09896575,5
TNG50-1,67,0.5,334210,0,-0.06318811,-0.04199607,1.28395876,-1.00587764,6
TNG50-1,67,0.5,334210,0,0.02883254,-0.02362213,0.68033831,1.1549824,7
TNG50-1,67,0.5,334210,0,0.01807377,0.01305831,0.48619487,1.01083116,8
TNG50-1,67,0.5,334210,0,0.00515822,-0.03530354,0.45275592,0.52082991,9
TNG50-1,67,0.5,271075,0,0.0329104,-0.05836394,0.67530065,2.38067287,0
TNG50-1,67,0.5,271075,0,-0.09619685,-0.02298036,1.05239722,2.06477075,1
TNG50-1,67,0.5,271075,0,-0.01458334,0.04332235,0.24583783,1.75426902,2
TNG50-1,67,0.5,271075,0,0.05521377,-0.06159737,0.71575328,1.84903358,3
TNG50-1,67,0.5,271075,0,-0.0265018,0.08876736,0.57598449,-1.27829834,4
TNG50-1,67,0.5,271075,0,-0.04518671,-0.01084237,0.36527423,-0.5873006,5
TNG50-1,67,0.5,271075,0,0.04001782,0.04372637,1.36736648,-2.41868145,6
TNG50-1,67,0.5,271075,0,-0.0124759,0.04362176,0.64794757,2.07716779,7
TNG50-1,67,0.5,271075,0,-0.02025298,-0.0076144,1.06678017,0.91738574,8
TNG50-1,67,0.5,271075,0,0.06374962,-0.02395061,0.50741337,0.70822001,9
TNG50-1,67,0.5,331154,0,-0.07935969,0.06844408,1.39382443,1.20908383,0
TNG50-1,67,0.5,331154,0,0.06878392,-0.04279392,1.29897971,2.79944314,1
TNG50-1,67,0.5,331154,0,0.06475779,-0.04810308,0.67893289,-2.6625033,2
TNG50-1,67,0.5,331154,0,0.1118167,0.0118269,1.01172622,1.73045975,3
TNG50-1,67,0.5,331154,0,0.05057757,0.03587652,1.23348176,-2.66148557,4
TNG50-1,67,0.5,331154,0,0.02186173,-0.03515403,0.38761719,-1.02628333,5
TNG50-1,67,0.5,331154,0,0.06455702,0.0335209,0.63012902,1.57499832,6
TNG50-1,67,0.5,331154,0,-0.03129047,0.06841997,1.30506612,1.32581477,7
TNG50-1,67,0.5,331154,0,-0.01977082,0.06002308,1.17249918,-3.12828598,8
TNG50-1,67,0.5,331154,0,-0.00321224,0.01766464,0.53923994,-1.87274779,9
TNG50-1,67,0.5,321039,0,-0.02128188,0.01004,1.34477985,1.34267386,0
TNG50-1,67,0.5,321039,0,0.0003096,0.05973576,1.18787969,0.58844872,1
TNG50-1,67,0.5,321039,0,-0.0452589,0.09433517,1.14542341,-1.82509717,2
TNG50-1,67,0.5,321039,0,-0.02438121,0.03386625,0.39923845,-1.60570601,3
TNG50-1,67,0.5,321039,0,-0.03720599,0.02247935,0.20025244,2.58554166,4
TNG50-1,67,0.5,321039,0,-0.03586446,0.03701686,1.28037363,-1.79046414,5
TNG50-1,67,0.5,321039,0,-0.05040103,0.02332944,0.36617651,-2.93860798,6
TNG50-1,67,0.5,321039,0,-0.02413823,0.00250997,0.73424803,-1.46883846,7
TNG50-1,67,0.5,321039,0,-0.04473492,-0.00146629,0.95954905,-0.12217202,8
TNG50-1,67,0.5,321039,0,0.02932921,-0.0510835,0.33818543,-0.74163728,9
TNG50-1,67,0.5,343517,0,-0.05379257,0.03009949,1.30961927,2.2588604,0
TNG50-1,67,0.5,343517,0,0.03245426,-0.01466339,0.82390891,2.46148673,1
TNG50-1,67,0.5,343517,0,-0.01230399,-0.07283781,0.95075217,0.67156133,2
TNG50-1,67,0.5,343517,0,0.09805474,0.03222293,1.27079209,3.02961308,3
TNG50-1,67,0.5,343517,0,-0.01280893,0.02097433,0.86977976,-1.59482434,4
TNG50-1,67,0.5,343517,0,0.02151956,0.04217054,1.34877127,-2.70821477,5
TNG50-1,67,0.5,343517,0,-0.01065358,-0.01370561,1.06983554,2.15791697,6
TNG50-1,67,0.5,343517,0,-0.08116341,-0.08421874,0.62325051,-0.05698435,7
TNG50-1,67,0.5,343517,0,-0.01023565,0.02668801,0.47126241,-0.96475873,8
TNG50-1,67,0.5,343517,0,0.03767067,-0.00045714,1.19325983,-2.79455454,9
TNG50-1,67,0.5,358978,0,-0.01419546,0.02707056,0.77143872,-0.06658427,0
TNG50-1,67,0.5,358978,0,-0.02839842,-0.07032401,1.15105187,2.73534696,1
TNG50-1,67,0.5,358978,0,0.02623191,-0.04194304,0.48083626,2.86225729,2
TNG50-1,67,0.5,358978,0,-0.05039577,-0.0215135,0.63886768,-2.94859318,3
TNG50-1,67,0.5,358978,0,0.02509985,0.03934251,0.90614607,-0.72582744,4
TNG50-1,67,0.5,358978,0,-0.04703972,0.02028994,0.99801226,0.16476656,5
TNG50-1,67,0.5,358978,0,0.00885396,0.02675832,0.8340816,0.24878579,6
TNG50-1,67,0.5,358978,0,0.06676813,-0.00136913,0.70333873,2.02565727,7
TNG50-1,67,0.5,358978,0,0.0193259,-0.03940498,1.28774141,-2.25501015,8
TNG50-1,67,0.5,358978,0,-0.01798958,0.07440585,0.53417014,0.76958144,9
TNG50-1,67,0.5,323513,0,0.05354111,0.071754,1.15084028,0.73731573,0
TNG50-1,67,0.5,323513,0,0.02579414,-0.035944,0.39133911,-2.91077916,1
TNG50-1,67,0.5,323513,0,0.02877795,-0.01712341,0.846654,-1.27078893,2
TNG50-1,67,0.5,323513,0,0.09197688,0.0059783,0.94982283,2.37516811,3
TNG50-1,67,0.5,323513,0,-0.04852133,0.07970982,0.64259627,0.79769128,4
TNG50-1,67,0.5,323513,0,-0.00913664,-0.04290989,1.19893723,2.45079641,5
TNG50-1,67,0.5,323513,0,-0.09535694,0.01456236,0.59484043,-0.72552882,6
TNG50-1,67,0.5,323513,0,0.02793869,0.03874189,0.80028595,0.02970348,7
TNG50-1,67,0.5,323513,0,0.04240869,0.02842351,0.61368196,2.27823551,8
TNG50-1,67,0.5,323513,0,-0.04978,0.03027005,0.52924756,1.64639158,9
TNG50-1,67,0.5,237937,0,-0.00211464,-0.09903066,0.64253547,2.85219896,0
TNG50-1,67,0.5,237937,0,0.01561002,0.10518399,0.51930411,-2.81165359,1
TNG50-1,67,0.5,237937,0,-0.00387589,0.01371901,0.64492852,1.48257443,2
TNG50-1,67,0.5,237937,0,-0.01801697,0.10922279,0.88851148,2.94353653,3
TNG50-1,67,0.5,237937,0,0.0437455,-0.04346725,0.72484536,-1.19914731,4
TNG50-1,67,0.5,237937,0,0.02665672,-0.05588227,1.03917467,2.59159665,5
TNG50-1,67,0.5,237937,0,0.06980236,0.01829166,1.34147934,2.05105947,6
TNG50-1,67,0.5,237937,0,0.02473649,0.01812674,0.73540823,1.53378501,7
TNG50-1,67,0.5,237937,0,-0.00988033,0.01691224,0.71577596,2.85125651,8
TNG50-1,67,0.5,237937,0,0.03083843,0.00929131,1.21193888,0.96796915,9
TNG50-1,67,0.5,237938,0,0.04066737,0.02655214,0.29545699,-1.93041361,0
TNG50-1,67,0.5,237938,0,0.03976115,0.05874904,1.33728371,-3.07282119,1
TNG50-1,67,0.5,237938,0,0.07691598,-0.08291003,1.30278076,0.76995714,2
TNG50-1,67,0.5,237938,0,-0.00246047,0.04456035,0.27396427,-1.29552803,3
TNG50-1,67,0.5,237938,0,0.0265079,-0.0029016,0.64461834,2.28502125,4
TNG50-1,67,0.5,237938,0,-0.03682746,-0.02999546,0.68469452,-1.36019598,5
TNG50-1,67,0.5,237938,0,-0.04823975,-0.01254088,1.26636431,-2.18921374,6
TNG50-1,67,0.5,237938,0,0.08824144,0.05183854,0.96908239,2.89307704,7
TNG50-1,67,0.5,237938,0,-0.04060594,0.03656203,0.55277944,2.92028009,8
TNG50-1,67,0.5,237938,0,0.0320656,-0.00639617,1.1192192,1.162539,9
TNG50-1,67,0.5,178499,0,-0.04305949,-0.06160809,1.3550686,-2.53542782,0
TNG50-1,67,0.5,178499,0,-0.01086424,-0.04198487,1.08079091,0.0976032,1
TNG50-1,67,0.5,178499,0,0.07359174,-0.01118495,0.48029685,0.07773219,2
TNG50-1,67,0.5,178499,0,0.06758546,0.06523118,0.62558629,0.39193755,3
TNG50-1,67,0.5,178499,0,-0.06571978,0.05598827,1.30859989,-2.09250519,4
TNG50-1,67,0.5,178499,0,-0.01829848,0.04098832,0.96328065,0.86932764,5
TNG50-1,67,0.5,178499,0,0.09606984,-0.001958,0.85031967,-2.86299042,6
TNG50-1,67,0.5,178499,0,-0.00335889,0.06147849,0.97667813,1.51502355,7
TNG50-1,67,0.5,178499,0,0.01417113,-0.00263226,0.74503307,1.02516153,8
TNG50-1,67,0.5,178499,0,0.0563466,0.0338984,0.21086867,-1.06547952,9
TNG50-1,67,0.5,271076,0,-0.07281065,-0.0652762,1.28927609,-0.4307358,0
TNG50-1,67,0.5,271076,0,-0.07324209,-0.06639588,0.98181218,-0.84763008,1
TNG50-1,67,0.5,271076,0,0.02300313,-0.0943004,1.28219973,0.28035197,2
TNG50-1,67,0.5,271076,0,0.09274288,0.02382919,1.30953639,3.1006553,3
TNG50-1,67,0.5,271076,0,-0.05049679,0.02987905,0.74475564,-0.41025118,4
TNG50-1,67,0.5,271076,0,0.00716883,0.02962767,1.26823712,0.47788888,5
TNG50-1,67,0.5,271076,0,-0.06175481,-0.04545879,1.27095656,2.63418539,6
TNG50-1,67,0.5,271076,0,-0.03593113,0.05029756,0.86325585,-0.10568881,7
TNG50-1,67,0.5,271076,0,0.00965557,0.03533893,1.36404402,1.76633236,8
TNG50-1,67,0.5,271076,0,-0.02463056,0.00036472,1.37281096,0.3056929,9
TNG50-1,67,0.5,374417,0,-0.01017303,-0.07307128,1.1012302,-1.00829039,0
TNG50-1,67,0.5,374417,0,0.02153879,-0.11832167,0.84263941,0.21959367,1
TNG50-1,67,0.5,374417,0,-0.00043603,0.01122665,0.84202023,-1.11870909,2
TNG50-1,67,0.5,374417,0,0.01729496,-0.00690899,0.76138082,2.56941468,3
TNG50-1,67,0.5,374417,0,0.08868054,-0.06764236,0.92246593,-1.33371049,4
TNG50-1,67,0.5,374417,0,-0.05639853,-0.08552762,1.37796189,1.21775234,5
TNG50-1,67,0.5,374417,0,0.03223152,0.09653167,1.33710264,-2.04168604,6
TNG50-1,67,0.5,374417,0,-0.00364488,0.02315074,0.28797238,-2.48027828,7
TNG50-1,67,0.5,374417,0,-0.02495227,0.00098229,0.68488479,-2.16371185,8
TNG50-1,67,0.5,374417,0,0.05360871,0.10976225,0.35357336,0.1850729,9
TNG50-1,67,0.5,355961,0,-0.03793957,0.04347049,1.11908837,1.24569169,0
TNG50-1,67,0.5,355961,0,-0.06497985,-0.14765477,1.12216832,-3.04202991,1
TNG50-1,67,0.5,355961,0,0.09805479,-0.04120967,1.0023401,3.10319539,2
TNG50-1,67,0.5,355961,0,-0.02502815,-0.00595419,1.1954381,-3.07346356,3
TNG50-1,67,0.5,355961,0,0.01649828,-0.00653055,0.41120998,0.1978319,4
TNG50-1,67,0.5,355961,0,-0.0879486,0.1252656,0.54312581,1.05997532,5
TNG50-1,67,0.5,355961,0,0.06788246,-0.01687967,0.23356599,2.602158,6
TNG50-1,67,0.5,355961,0,0.00835803,0.04951135,0.313216,0.90563521,7
TNG50-1,67,0.5,355961,0,-0.02219373,0.09058286,1.13215784,0.60927294,8
TNG50-1,67,0.5,355961,0,-0.02175705,0.0335307,1.07209057,-1.25437952,9
TNG50-1,67,0.5,335208,0,-0.0616604,0.03237106,0.91082017,-0.15886181,0
TNG50-1,67,0.5,335208,0,-0.02035543,0.04960522,0.84459008,1.18661946,1
TNG50-1,67,0.5,335208,0,-0.03975819,0.02364224,0.79303241,1.73669747,2
TNG50-1,67,0.5,335208,0,0.05059106,0.06292358,0.55523331,-2.64862204,3
TNG50-1,67,0.5,335208,0,0.05117,0.01298782,0.7899501,-0.58218215,4
TNG50-1,67,0.5,335208,0,0.02801471,-0.01167801,1.30482874,1.69555764,5
TNG50-1,67,0.5,335208,0,-0.06338246,0.04368303,0.36694078,3.09280956,6
TNG50-1,67,0.5,335208,0,-0.00490674,0.04532381,0.78782355,-3.06844098,7
TNG50-1,67,0.5,335208,0,-0.06735962,-0.02620858,0.50600742,-1.47775349,8
TNG50-1,67,0.5,335208,0,-0.00736467,0.01894911,1.03090014,-0.22086287,9
TNG50-1,67,0.5,372664,0,-0.04264896,0.07835115,1.25064289,-2.89712095,0
TNG50-1,67,0.5,372664,0,0.02298604,-0.05019382,1.27689774,0.75913991,1
TNG50-1,67,0.5,372664,0,-0.01649489,0.00738422,1.28162066,0.66896646,2
TNG50-1,67,0.5,372664,0,0.03072165,0.00780102,0.20756847,-1.12315213,3
TNG50-1,67,0.5,372664,0,0.02124693,0.032868,1.26661436,2.50975849,4
TNG50-1,67,0.5,372664,0,-0.06590147,0.05920153,1.24075741,0.33226556,5
TNG50-1,67,0.5,372664,0,0.05076531,-0.02020376,0.74834884,-1.5937911,6
TNG50-1,67,0.5,372664,0,-0.06213425,0.05059246,0.66772088,-2.58641972,7
TNG50-1,67,0.5,372664,0,-0.0382461,0.06651609,0.93111574,-2.4685448,8
TNG50-1,67,0.5,372664,0,0.01147425,0.08919796,0.26140881,2.49649328,9
TNG50-1,67,0.5,276422,0,-0.00018296,0.04792874,0.22928178,2.44921876,0
TNG50-1,67,0.5,276422,0,-0.02235952,-0.02994394,0.98779104,1.61911451,1
TNG50-1,67,0.5,276422,0,0.10856915,0.00702663,0.83440453,-2.63484492,2
TNG50-1,67,0.5,276422,0,0.09121714,0.01582382,0.94832905,-0.90828551,3
TNG50-1,67,0.5,276422,0,0.05164059,-0.05504271,1.17991087,1.33149206,4
TNG50-1,67,0.5,276422,0,-0.04626634,-0.01350464,1.11787293,-2.12775793,5
TNG50-1,67,0.5,276422,0,0.09607077,-0.05127313,0.27331666,0.02160902,6
TNG50-1,67,0.5,276422,0,0.03094846,0.0434334,1.06143975,-1.14499084,7
TNG50-1,67,0.5,276422,0,-0.04709898,-0.04540277,0.76648409,-2.73472983,8
TNG50-1,67,0.5,276422,0,0.00163585,0.01459019,0.8900511,3.12366099,9
TNG50-1,67,0.5,54052,0,-0.03457545,-0.02502528,0.9726048,-2.63979867,0
TNG50-1,67,0.5,54052,0,-0.04796924,-0.01773601,1.16719035,1.37232649,1
TNG50-1,67,0.5,54052,0,0.08396123,-0.0656751,0.63470009,1.85414194,2
TNG50-1,67,0.5,54052,0,0.1132348,-0.03510068,0.58342478,0.3108187,3
TNG50-1,67,0.5,54052,0,-0.00253958,0.05099721,1.08716882,2.47148122,4
TNG50-1,67,0.5,54052,0,-0.07023783,-0.00167785,0.3987416,2.85436605,5
TNG50-1,67,0.5,54052,0,0.03690221,0.00626569,1.08207795,-0.32935774,6
TNG50-1,67,0.5,54052,0,-0.04905382,-0.11161241,1.31077262,-2.58159014,7
TNG50-1,67,0.5,54052,0,-0.02745855,0.04738918,1.26099264,-1.6885174,8
TNG50-1,67,0.5,54052,0,-0.03144248,-0.03427599,0.96359189,0.99033081,9
TNG50-1,67,0.5,184181,0,-0.01725274,-0.03142798,1.29674545,0.37476185,0
TNG50-1,67,0.5,184181,0,0.04264182,0.00043002,1.1717394,-0.62419773,1
TNG50-1,67,0.5,184181,0,0.0142599,0.02305903,1.23049089,2.49342754,2
TNG50-1,67,0.5,184181,0,0.07237362,-0.05032108,1.38851148,2.68869602,3
TNG50-1,67,0.5,184181,0,0.02600548,0.01585044,1.16585861,1.33870337,4
TNG50-1,67,0.5,184181,0,-0.02769805,-0.07893415,0.21458558,-1.78634573,5
TNG50-1,67,0.5,184181,0,-0.00291797,0.05527857,1.11235087,-0.16400026,6
TNG50-1,67,0.5,184181,0,-0.0174024,0.02635904,1.22270102,-1.2225623,7
TNG50-1,67,0.5,184181,0,0.02439864,0.08146415,0.96240921,1.87413261,8
TNG50-1,67,0.5,184181,0,0.00299111,-0.05582982,1.20704949,-2.95828632,9
TNG50-1,67,0.5,153307,0,-0.01467808,0.08300304,1.20141701,-0.67208737,0
TNG50-1,67,0.5,153307,0,0.06512628,0.07323889,1.35498695,-0.9357188,1
TNG50-1,67,0.5,153307,0,0.1049933,0.04405803,0.60832613,2.14121452,2
TNG50-1,67,0.5,153307,0,-0.05969669,-0.06411048,0.51394902,-2.89876829,3
TNG50-1,67,0.5,153307,0,-0.10155504,-0.00041809,1.19721312,-1.96560036,4
TNG50-1,67,0.5,153307,0,0.02845658,0.01500193,0.7569303,-0.5521106,5
TNG50-1,67,0.5,153307,0,0.05351864,-0.00499048,1.39592881,0.60531052,6
TNG50-1,67,0.5,153307,0,0.09784887,-0.0019053,0.71640658,-3.10946979,7
TNG50-1,67,0.5,153307,0,0.03689452,0.0783614,0.99259572,0.47216689,8
TNG50-1,67,0.5,153307,0,0.06978905,-0.03784158,0.62329889,-0.76345389,9
TNG50-1,67,0.5,242561,0,0.00342118,-0.03672731,0.49358736,-1.44952198,0
TNG50-1,67,0.5,242561,0,-0.01628345,-0.01626312,0.91118722,2.52296518,1
TNG50-1,67,0.5,242561,0,-0.04448319,-0.02371043,0.94092794,-2.57937589,2
TNG50-1,67,0.5,242561,0,-0.04614487,0.1255712,0.67055501,-0.30514596,3
TNG50-1,67,0.5,242561,0,-0.0830927,0.0510101,1.31290839,-0.99719584,4
TNG50-1,67,0.5,242561,0,0.05906129,0.00839411,1.35539643,2.38667095,5
TNG50-1,67,0.5,242561,0,0.02312271,0.06829921,0.25815057,0.11357569,6
TNG50-1,67,0.5,242561,0,0.00412434,0.06198441,0.42203408,-1.31711786,7
TNG50-1,67,0.5,242561,0,0.01477914,-0.06902622,0.33579836,0.15268879,8
TNG50-1,67,0.5,242561,0,0.01697647,-0.01114266,1.34848133,-2.43507231,9
TNG50-1,67,0.5,313615,0,0.08979174,0.12102776,1.07853643,-0.80050455,0
TNG50-1,67,0.5,313615,0,0.05699926,0.03013376,0.80780352,1.0274351,1
TNG50-1,67,0.5,313615,0,-0.05994632,-0.06747022,0.68079819,2.57815663,2
TNG50-1,67,0.5,313615,0,-0.03945092,0.10432483,1.20863921,1.76493846,3
TNG50-1,67,0.5,313615,0,0.02106244,0.05493395,0.95481342,2.04794845,4
TNG50-1,67,0.5,313615,0,-0.01691256,0.01900738,1.30554775,-1.50074465,5
TNG50-1,67,0.5,313615,0,0.02722998,0.03233167,1.21830776,-0.8691241,6
TNG50-1,67,0.5,313615,0,-0.01796982,-0.05945234,0.48567398,1.4626754,7
TNG50-1,67,0.5,313615,0,0.07624059,-0.09021881,1.27947885,1.74191628,8
TNG50-1,67,0.5,313615,0,0.00041535,-0.00208749,0.59661908,1.82245215,9
TNG50-1,67,0.5,294406,0,0.06789914,0.00510285,1.0441833,-2.57742324,0
TNG50-1,67,0.5,294406,0,0.04893502,0.0323786,0.68023125,0.66280837,1
TNG50-1,67,0.5,294406,0,0.01365329,-0.06890762,0.90276749,1.5758455,2
TNG50-1,67,0.5,294406,0,0.03846849,-0.12746884,0.61586599,-1.90258299,3
TNG50-1,67,0.5,294406,0,-0.05774942,0.0460616,0.68792872,-0.40896218,4
TNG50-1,67,0.5,294406,0,-0.00404472,-0.0541491,0.25361601,0.26694922,5
TNG50-1,67,0.5,294406,0,0.06473921,-0.03049952,0.59731428,-0.54567756,6
TNG50-1,67,0.5,294406,0,-0.03385709,-0.10916177,1.34479574,2.36250785,7
TNG50-1,67,0.5,294406,0,-0.04991667,0.05114563,0.64099042,-2.08034251,8
TNG50-1,67,0.5,294406,0,0.0039302,0.01751691,0.80057885,1.70623386,9
TNG50-1,67,0.5,381701,0,-0.01559313,-0.08393308,0.71129004,-2.24166193,0
TNG50-1,67,0.5,381701,0,-0.05863549,0.10022408,1.38799872,-0.94219302,1
TNG50-1,67,0.5,381701,0,0.01235843,-0.02244427,1.26466853,-2.42110222,2
TNG50-1,67,0.5,381701,0,0.00499864,-0.04292271,1.24197169,1.62285965,3
TNG50-1,67,0.5,381701,0,-0.0496416,-0.05633875,0.81666488,0.02556825,4
TNG50-1,67,0.5,381701,0,0.02910279,-0.01939837,0.47027798,-0.5606825,5
TNG50-1,67,0.5,381701,0,0.06339618,-0.03476047,1.3474217,1.41338761,6
TNG50-1,67,0.5,381701,0,-0.03300465,0.07190366,0.53446087,-1.30127675,7
TNG50-1,67,0.5,381701,0,-0.03638161,-0.06243689,0.58474179,2.33440073,8
TNG50-1,67,0.5,381701,0,-0.03820743,-0.07692671,1.33662033,0.96740155,9
TNG50-1,67,0.5,131717,0,0.07095652,-0.06709653,0.30900355,-0.24093551,0
TNG50-1,67,0.5,131717,0,-0.01625636,-0.059006,1.00693967,-1.20597568,1
TNG50-1,67,0.5,131717,0,-0.00081348,0.01088755,0.96827749,-1.63536183,2
TNG50-1,67,0.5,131717,0,-0.00693737,0.0385369,1.14556192,1.69460247,3
TNG50-1,67,0.5,131717,0,0.01156093,-0.02595678,1.32912607,-3.06678133,4
TNG50-1,67,0.5,131717,0,-0.02099241,-0.03487924,0.86780564,-1.45215183,5
TNG50-1,67,0.5,131717,0,0.00480675,0.06969215,1.10486778,0.19531711,6
TNG50-1,67,0.5,131717,0,0.0765407,0.03429383,0.82911574,-0.14987918,7
TNG50-1,67,0.5,131717,0,0.05244259,0.05289933,0.90180385,2.76564031,8
TNG50-1,67,0.5,131717,0,0.05278692,-0.0220725,1.21782604,2.15926364,9
TNG50-1,67,0.5,379569,0,0.00125247,-0.02928941,1.33152978,-1.48748036,0
TNG50-1,67,0.5,379569,0,-0.00629741,0.04557781,1.09468396,2.65779265,1
TNG50-1,67,0.5,379569,0,-0.03223264,-0.13667598,0.84470259,3.12763226,2
TNG50-1,67,0.5,379569,0,-0.02039719,0.0788122,1.39233237,-1.61753702,3
TNG50-1,67,0.5,379569,0,-0.03205856,0.05273389,0.94306484,-1.80913091,4
TNG50-1,67,0.5,379569,0,0.03826721,-0.03140266,0.28258393,-0.72973339,5
TNG50-1,67,0.5,379569,0,-0.03767995,-0.02253921,0.5248616,-0.34019413,6
TNG50-1,67,0.5,379569,0,-0.11231229,0.02521935,1.20435911,-2.58082674,7
TNG50-1,67,0.5,379569,0,0.0029154,0.0265608,0.93009809,-2.21351175,8
TNG50-1,67,0.5,379569,0,-0.01396954,-0.03169409,1.25683862,-0.47232421,9
TNG50-1,67,0.5,285387,0,0.03550812,-0.01002446,0.66815036,-1.59661721,0
TNG50-1,67,0.5,285387,0,0.02708346,-0.04565896,0.53324622,1.93050696,1
TNG50-1,67,0.5,285387,0,-0.00121405,-0.0133249,0.99312162,0.69063156,2
TNG50-1,67,0.5,285387,0,-0.0199766,0.04103149,0.66975452,0.83720922,3
TNG50-1,67,0.5,285387,0,-0.05326997,-0.05117566,0.42138215,-2.44878798,4
TNG50-1,67,0.5,285387,0,-0.05657964,0.01046384,0.75497583,-3.13241727,5
TNG50-1,67,0.5,285387,0,0.01735409,-0.00277129,1.12540457,1.81701322,6
TNG50-1,67,0.5,285387,0,-0.00272113,-0.03804049,0.99405414,0.26581905,7
TNG50-1,67,0.5,285387,0,-0.02077537,-0.01466761,1.20650397,2.71152982,8
TNG50-1,67,0.5,285387,0,0.03324043,-0.07858415,0.99878597,0.23398104,9
TNG50-1,67,0.5,393003,0,-0.05580637,-0.09984731,0.94478043,-0.81680929,0
TNG50-1,67,0.5,393003,0,-0.0205929,-0.01593388,1.17431871,-0.01036983,1
TNG50-1,67,0.5,393003,0,-0.08683757,0.013928,1.37353358,-0.51611052,2
TNG50-1,67,0.5,393003,0,-0.02022741,-0.01174326,1.12512556,2.91815616,3
TNG50-1,67,0.5,393003,0,-0.02863688,-0.04320295,1.29394949,-2.71659253,4
TNG50-1,67,0.5,393003,0,0.04717897,-0.01201566,1.2127958,0.5400482,5
TNG50-1,67,0.5,393003,0,-0.002963,-0.01635428,1.12131617,-1.92487159,6
TNG50-1,67,0.5,393003,0,0.00612516,0.03895016,1.04580088,-0.78264705,7
TNG50-1,67,0.5,393003,0,-0.0011226,0.036151,0.98908797,0.29195329,8
TNG50-1,67,0.5,393003,0,-0.10645544,-0.02767073,0.9380289,1.6324309,9
TNG50-1,67,0.5,269551,0,0.01905187,0.03574939,1.13454331,-1.29008679,0
TNG50-1,67,0.5,269551,0,0.05546179,-0.11720788,0.37168723,0.19827281,1
TNG50-1,67,0.5,269551,0,-0.0102011,-0.03179164,1.16029217,2.06656589,2
TNG50-1,67,0.5,269551,0,0.01420524,-0.02923002,1.11703203,0.40599854,3
TNG50-1,67,0.5,269551,0,0.06248843,0.00224342,0.35106983,-0.0642214,4
TNG50-1,67,0.5,269551,0,-0.00666151,0.08441324,0.5532101,2.90357032,5
TNG50-1,67,0.5,269551,0,-0.05626981,-0.05402708,1.12990833,-2.41016458,6
TNG50-1,67,0.5,269551,0,0.03380216,0.1121101,1.05849199,1.75970611,7
TNG50-1,67,0.5,269551,0,0.07174388,-0.0191164,0.55046436,-2.3434091,8
TNG50-1,67,0.5,269551,0,0.06443918,-0.03834507,1.32873111,1.46289795,9
TNG50-1,67,0.5,184182,0,0.0272861,-0.02296454,1.15261788,-0.06221342,0
TNG50-1,67,0.5,184182,0,-0.00972357,-0.05586595,0.32678934,0.87911212,1
TNG50-1,67,0.5,184182,0,-0.02087403,-0.02028725,1.12242056,2.78682502,2
TNG50-1,67,0.5,184182,0,0.00230896,0.09829463,0.43524416,1.75982274,3
TNG50-1,67,0.5,184182,0,-0.07911079,0.01377717,0.4906914,-0.44924309,4
TNG50-1,67,0.5,184182,0,-0.00379241,-0.02927681,0.51582278,0.91370525,5
TNG50-1,67,0.5,184182,0,0.0324806,-0.0503071,1.36752627,-1.9737315,6
TNG50-1,67,0.5,184182,0,0.00690272,-0.07992654,0.53856356,-0.47788402,7
TNG50-1,67,0.5,184182,0,0.04758283,-0.04151968,0.71622132,1.83030026,8
TNG50-1,67,0.5,184182,0,-0.0188649,0.03795968,1.11432665,0.66972293,9
TNG50-1,67,0.5,384936,0,0.00704762,-0.03965141,1.03705173,-2.42959964,0
TNG50-1,67,0.5,384936,0,0.00648955,0.02719781,1.21491029,-2.67263585,1
TNG50-1,67,0.5,384936,0,0.00250613,-0.03564344,1.32464793,-2.12461504,2
TNG50-1,67,0.5,384936,0,0.01345483,0.04069669,0.86596042,1.92842883,3
TNG50-1,67,0.5,384936,0,0.03579805,-0.00256714,0.84329333,1.40169085,4
TNG50-1,67,0.5,384936,0,0.03150829,0.04097976,0.83280934,0.87118368,5
TNG50-1,67,0.5,384936,0,0.00117927,0.03184794,1.36936145,0.8846146,6
TNG50-1,67,0.5,384936,0,-0.00245247,0.0421465,1.37741691,2.25487101,7
TNG50-1,67,0.5,384936,0,-0.00436492,-0.02381829,0.46159342,-1.04640961,8
TNG50-1,67,0.5,384936,0,-0.03901653,0.02044497,0.74749672,-1.11696172,9
TNG50-1,67,0.5,324128,0,0.01304433,0.06419103,1.25711667,-2.78638579,0
TNG50-1,67,0.5,324128,0,0.02430717,-0.02327682,1.13616819,0.41535072,1
TNG50-1,67,0.5,324128,0,0.02471815,0.05337671,0.65578376,0.39586508,2
TNG50-1,67,0.5,324128,0,0.03047862,0.10173379,1.26352634,0.19377696,3
TNG50-1,67,0.5,324128,0,-0.03131975,0.00268713,1.27874038,0.03461233,4
TNG50-1,67,0.5,324128,0,-0.04203046,0.02496533,1.06981908,-3.03329272,5
TNG50-1,67,0.5,324128,0,0.0187529,-0.04652641,1.24401161,-2.84344804,6
TNG50-1,67,0.5,324128,0,-0.0105875,0.04470283,1.33472355,0.07041574,7
TNG50-1,67,0.5,324128,0,0.04535393,0.05645291,1.13366133,2.94247394,8
TNG50-1,67,0.5,324128,0,0.01906868,-0.02472266,0.49642727,-0.57820522,9
TNG50-1,67,0.5,382229,0,-0.04522755,0.04071192,1.32193972,-0.20497107,0
TNG50-1,67,0.5,382229,0,0.02945383,0.05186528,0.70341902,-2.89488812,1
TNG50-1,67,0.5,382229,0,0.01196191,0.05422531,0.5209792,0.82307886,2
TNG50-1,67,0.5,382229,0,-0.0215619,0.07355084,1.30914288,-2.98249049,3
TNG50-1,67,0.5,382229,0,0.00185394,0.01462225,1.19189836,1.7647667,4
TNG50-1,67,0.5,382229,0,-0.01103626,0.06189734,1.06166169,1.46932877,5
TNG50-1,67,0.5,382229,0,0.05719476,0.081209,0.55892393,2.29612719,6
TNG50-1,67,0.5,382229,0,-0.02205062,-0.05610262,0.96466098,-2.15065428,7
TNG50-1,67,0.5,382229,0,0.03175225,-0.03016191,1.28604267,0.64456189,8
TNG50-1,67,0.5,382229,0,-0.03526036,-0.07478504,1.18353584,1.76574838,9
TNG50-1,67,0.5,376440,0,0.00971466,0.06184399,1.31782708,-2.56186263,0
TNG50-1,67,0.5,376440,0,-0.00266393,0.09566699,1.07097928,1.1645077,1
TNG50-1,67,0.5,376440,0,0.03053456,0.01665364,0.80431567,1.74068633,2
TNG50-1,67,0.5,376440,0,0.11059546,-0.08729149,0.41706211,-1.52059504,3
TNG50-1,67,0.5,376440,0,-0.08565604,-0.03502036,1.19867425,-1.5404569,4
TNG50-1,67,0.5,376440,0,-0.02535398,0.10930264,0.85488594,0.60410974,5
TNG50-1,67,0.5,376440,0,0.07705716,-0.07070989,1.2805043,0.81979599,6
TNG50-1,67,0.5,376440,0,-0.02610228,0.02484033,0.68354747,1.38560557,7
TNG50-1,67,0.5,376440,0,0.03947468,-0.12572546,1.29400072,0.504502,8
TNG50-1,67,0.5,376440,0,0.03154503,-0.06756136,0.20007139,-2.04538558,9
TNG50-1,67,0.5,246555,0,-0.0337549,0.00995593,0.4894776,2.42443889,0
TNG50-1,67,0.5,246555,0,0.03181063,-0.01203583,0.31999905,2.45982296,1
TNG50-1,67,0.5,246555,0,0.02327332,0.01952167,0.92878843,2.81638457,2
TNG50-1,67,0.5,246555,0,-0.03548544,-0.03202827,0.48853219,-0.26612854,3
TNG50-1,67,0.5,246555,0,-0.02321564,-0.00888475,1.17853778,3.06251452,4
TNG50-1,67,0.5,246555,0,0.03398466,-0.07375135,0.89778862,1.79015069,5
TNG50-1,67,0.5,246555,0,0.06884541,-0.08707615,0.91861364,0.96250471,6
TNG50-1,67,0.5,246555,0,-0.09058359,0.11661533,0.65559419,-0.42563573,7
TNG50-1,67,0.5,246555,0,0.08200306,0.00315376,0.64968643,2.15155882,8
TNG50-1,67,0.5,246555,0,0.05820798,0.01018445,1.15805352,1.6596252,9
TNG50-1,67,0.5,376070,0,-0.0631782,-0.0214857,0.92539759,0.74554686,0
TNG50-1,67,0.5,376070,0,0.09674731,-0.08022722,1.30636268,-1.77351067,1
TNG50-1,67,0.5,376070,0,-0.08053431,0.0118758,0.73990613,2.03059322,2
TNG50-1,67,0.5,376070,0,-0.00433392,-0.01262787,0.29967713,-2.48028209,3
TNG50-1,67,0.5,376070,0,-0.09446384,-0.09096299,1.29136153,-1.05196293,4
TNG50-1,67,0.5,376070,0,0.01353291,-0.05276901,1.2728178,1.50084967,5
TNG50-1,67,0.5,376070,0,-0.03205544,-0.03685662,0.8240602,0.71566241,6
TNG50-1,67,0.5,376070,0,0.04096374,0.07776917,1.27338571,0.62876434,7
TNG50-1,67,0.5,376070,0,-0.00086932,0.03537229,1.29523988,1.17039487,8
TNG50-1,67,0.5,376070,0,0.06753039,-0.01738676,0.77684948,0.92025244,9
TNG50-1,67,0.5,377799,0,0.07297071,-0.04079229,1.0390235,-0.85522508,0
TNG50-1,67,0.5,377799,0,-0.05650222,0.0767267,1.05672538,-0.64136343,1
TNG50-1,67,0.5,377799,0,-0.00394395,-0.05388167,1.37667965,2.29904246,2
TNG50-1,67,0.5,377799,0,0.02025897,0.08952894,0.93935597,-0.89162213,3
TNG50-1,67,0.5,377799,0,0.00500513,0.06720677,0.98215557,-0.38099414,4
TNG50-1,67,0.5,377799,0,-0.00857648,0.07446994,1.10384219,1.89005894,5
TNG50-1,67,0.5,377799,0,0.01792842,0.03426954,0.79039982,0.57721677,6
TNG50-1,67,0.5,377799,0,0.05395488,-0.1056245,1.04379461,2.72618519,7
TNG50-1,67,0.5,377799,0,0.07678727,-0.05195604,0.88517657,-0.18433018,8
TNG50-1,67,0.5,377799,0,0.00164036,0.01534441,0.48011998,-0.13178096,9
TNG50-1,67,0.5,351968,0,0.03577478,0.01194372,1.30463896,1.71348808,0
TNG50-1,67,0.5,351968,0,0.0297074,-0.01270227,1.29096236,-1.36264442,1
TNG50-1,67,0.5,351968,0,-0.03615358,-0.04674131,0.63938213,0.53824149,2
TNG50-1,67,0.5,351968,0,-0.0417652,-0.07947536,0.85321687,-0.3893134,3
TNG50-1,67,0.5,351968,0,-0.07952876,0.03124017,1.14526195,-2.59059379,4
TNG50-1,67,0.5,351968,0,-0.01687659,0.02231986,1.2647797,-0.0793769,5
TNG50-1,67,0.5,351968,0,-0.00887438,0.02783845,1.29741901,2.17892541,6
TNG50-1,67,0.5,351968,0,0.03984984,-0.03641222,0.69106958,-2.8162335,7
TNG50-1,67,0.5,351968,0,0.01346902,0.00855399,0.47867954,-0.14384739,8
TNG50-1,67,0.5,351968,0,-0.05299541,-0.06876821,0.92705339,2.34528108,9
TNG50-1,67,0.5,361368,0,-0.01555508,-0.03082489,1.21331565,-0.08682621,0
TNG50-1,67,0.5,361368,0,0.1207821,-0.09335566,1.28286778,2.21612809,1
TNG50-1,67,0.5,361368,0,-0.0156542,0.02189805,1.12674119,-2.46175943,2
TNG50-1,67,0.5,361368,0,0.03724521,0.02093947,0.5076773,2.95358138,3
TNG50-1,67,0.5,361368,0,0.0189186,0.03839462,0.60539025,1.67824723,4
TNG50-1,67,0.5,361368,0,0.01780617,0.05578579,1.31572224,1.45692341,5
TNG50-1,67,0.5,361368,0,-0.00117653,-0.04594932,1.32729641,2.76595972,6
TNG50-1,67,0.5,361368,0,-0.06000164,-0.04374909,0.96513408,-0.18659339,7
TNG50-1,67,0.5,361368,0,-0.1350582,-0.01593516,1.16508297,-2.20609602,8
TNG50-1,67,0.5,361368,0,0.06409212,0.04108201,0.57897504,-0.01947319,9
TNG50-1,67,0.5,279682,0,0.03533163,0.02255433,0.87468647,-1.35207351,0
TNG50-1,67,0.5,279682,0,0.0361278,-0.00432243,1.09843067,2.90501789,1
TNG50-1,67,0.5,279682,0,-0.09075174,0.03569754,0.65249603,-1.62138734,2
TNG50-1,67,0.5,279682,0,0.07093424,0.10926359,0.97789361,-3.07174694,3
TNG50-1,67,0.5,279682,0,-0.12435378,-0.06706195,1.21354641,2.19799028,4
TNG50-1,67,0.5,279682,0,0.05172078,-0.15940732,1.05187883,2.85536699,5
TNG50-1,67,0.5,279682,0,-0.0317055,-0.02078371,0.99945206,1.14436878,6
TNG50-1,67,0.5,279682,0,0.03527547,-0.02420129,0.95286905,-0.58025434,7
TNG50-1,67,0.5,279682,0,0.02550971,-0.01887841,0.45767356,0.2749188,8
TNG50-1,67,0.5,279682,0,-0.00185613,-0.04632195,1.04367017,2.08602739,9
TNG50-1,67,0.5,222323,0,-0.00666212,-0.00031849,0.46707214,-1.56649787,0
TNG50-1,67,0.5,222323,0,0.07132333,0.02315434,1.37026135,-2.67413732,1
TNG50-1,67,0.5,222323,0,0.08864765,-0.07075785,0.79183339,1.70854858,2
TNG50-1,67,0.5,222323,0,0.05003555,-0.0224463,0.4311071,-0.59863516,3
TNG50-1,67,0.5,222323,0,0.01163287,0.01064255,0.45452521,-0.90617752,4
TNG50-1,67,0.5,222323,0,0.09127874,0.03218131,0.97289537,-1.12525594,5
TNG50-1,67,0.5,222323,0,0.01203601,-0.00129614,0.98554033,3.01870759,6
TNG50-1,67,0.5,222323,0,-0.02395969,0.01222541,0.5978217,0.45035769,7
TNG50-1,67,0.5,222323,0,-0.03376702,-0.06192612,1.11367891,3.0907896,8
TNG50-1,67,0.5,222323,0,-0.03517508,-0.04558934,0.37865933,-0.98280964,9
TNG50-1,67,0.5,115153,0,-0.01765944,-0.00894786,0.66102245,1.76335449,0
TNG50-1,67,0.5,115153,0,0.04699919,0.01462327,0.23143543,-2.1631036,1
TNG50-1,67,0.5,115153,0,-0.02879738,0.0294243,1.02977167,-1.77970802,2
TNG50-1,67,0.5,115153,0,0.07387573,-0.07102528,1.26220763,1.533867,3
TNG50-1,67,0.5,115153,0,-0.00036408,-0.01704687,0.56266103,-2.4120371,4
TNG50-1,67,0.5,115153,0,0.0554779,-0.02593413,0.72953832,-0.01155956,5
TNG50-1,67,0.5,115153,0,-0.03788606,-0.02350611,1.27918808,0.28897723,6
TNG50-1,67,0.5,115153,0,-0.03711084,0.02034389,1.12404072,-1.00936515,7
TNG50-1,67,0.5,115153,0,0.00455229,-0.02523947,0.90443082,1.86193535,8
TNG50-1,67,0.5,115153,0,0.02412773,-0.10025388,0.7035862,-2.79340485,9
TNG50-1,67,0.5,336717,0,0.02390659,0.02095985,0.78246536,0.31886632,0
TNG50-1,67,0.5,336717,0,0.01513759,-0.01679335,1.17661258,1.12122932,1
TNG50-1,67,0.5,336717,0,0.00465017,-0.01137143,1.01766542,1.49476081,2
TNG50-1,67,0.5,336717,0,0.05142569,0.0405983,0.96876018,1.60062282,3
TNG50-1,67,0.5,336717,0,0.0532834,0.01986273,0.88709683,-2.98809677,4
TNG50-1,67,0.5,336717,0,-0.02613438,-0.0058345,0.5264682,-2.34064787,5
TNG50-1,67,0.5,336717,0,-0.04615562,0.08432128,0.8660442,-1.7107707,6
TNG50-1,67,0.5,336717,0,-0.12495579,0.03690745,0.27349553,-1.43574246,7
TNG50-1,67,0.5,336717,0,-0.01730807,-0.02079304,0.70939703,2.54700345,8
TNG50-1,67,0.5,336717,0,-0.05466626,-0.01856266,0.24240135,1.3986573,9
TNG50-1,67,0.5,383974,0,0.00828456,-0.11656484,1.09814092,1.50670941,0
TNG50-1,67,0.5,383974,0,0.02158135,0.02090105,0.62674811,2.05190018,1
TNG50-1,67,0.5,383974,0,0.05589838,0.02437055,1.23713479,-0.96051739,2
TNG50-1,67,0.5,383974,0,0.08563027,-0.01176146,0.44659138,-1.8349561,3
TNG50-1,67,0.5,383974,0,-0.0188913,-0.11320049,0.75845739,2.43712142,4
TNG50-1,67,0.5,383974,0,0.00918787,-0.00304981,1.27269984,0.75834318,5
TNG50-1,67,0.5,383974,0,0.01075346,-0.03552804,0.69304821,-0.24889476,6
TNG50-1,67,0.5,383974,0,0.03246874,0.08389777,0.71281211,2.38600133,7
TNG50-1,67,0.5,383974,0,0.02687015,0.01876457,0.68991221,-2.28704399,8
TNG50-1,67,0.5,383974,0,0.07125028,-0.03977424,1.10475631,1.95146063,9
TNG50-1,67,0.5,292102,0,0.09173781,0.0005416,1.00205818,1.95398552,0
TNG50-1,67,0.5,292102,0,-0.02394589,-0.00582275,0.46162026,2.65667951,1
TNG50-1,67,0.5,292102,0,-0.05653296,0.03040614,1.28785216,0.22707272,2
TNG50-1,67,0.5,292102,0,0.01944231,0.08890308,1.35765127,-3.02187292,3
TNG50-1,67,0.5,292102,0,0.08157401,-0.01944477,0.96229347,-0.90832942,4
TNG50-1,67,0.5,292102,0,-0.02016076,-0.09998646,0.92507073,-1.73453721,5
TNG50-1,67,0.5,292102,0,0.04251794,-0.01010519,1.17449184,0.06922843,6
TNG50-1,67,0.5,292102,0,-0.04185678,0.01496588,0.32080716,1.14713238,7
TNG50-1,67,0.5,292102,0,0.00106357,0.010095,1.18584779,-0.67584275,8
TNG50-1,67,0.5,292102,0,-0.05809711,-0.00787114,1.17144034,0.23473968,9
TNG50-1,67,0.5,372099,0,0.01542452,0.017334,0.37243271,-1.70929547,0
TNG50-1,67,0.5,372099,0,0.06821925,-0.01438565,1.24413369,-3.03282142,1
TNG50-1,67,0.5,372099,0,0.0245207,0.05179105,1.30695392,0.42628392,2
TNG50-1,67,0.5,372099,0,0.01301005,-0.03608017,0.91149094,-1.86706188,3
TNG50-1,67,0.5,372099,0,0.03192648,-0.08856922,0.86868171,0.80785317,4
TNG50-1,67,0.5,372099,0,-0.00790069,-0.03485579,0.85830892,-1.70140263,5
TNG50-1,67,0.5,372099,0,0.00920339,-0.07704697,1.26273598,-0.45185927,6
TNG50-1,67,0.5,372099,0,-0.02444777,0.01690182,0.71641303,-2.01367041,7
TNG50-1,67,0.5,372099,0,-0.07752767,-0.03760389,1.19583242,-0.44729144,8
TNG50-1,67,0.5,372099,0,0.01714179,0.04923446,0.35391093,-2.28381007,9
TNG50-1,67,0.5,242562,0,-0.04408014,-0.06915665,0.77808536,-1.11836036,0
TNG50-1,67,0.5,242562,0,-0.03350312,-0.01826895,1.38406387,-2.96996578,1
TNG50-1,67,0.5,242562,0,-0.02069293,-0.03960494,0.29957941,1.07945459,2
TNG50-1,67,0.5,242562,0,-0.04997132,0.03384529,1.07191686,0.73684158,3
TNG50-1,67,0.5,242562,0,-0.03535725,-0.01858261,1.1122597,1.06072971,4
TNG50-1,67,0.5,242562,0,0.0321818,-0.00363867,0.98289882,2.77123064,5
TNG50-1,67,0.5,242562,0,-0.01151605,-0.00945972,0.94037309,-0.16911357,6
TNG50-1,67,0.5,242562,0,-0.08767435,-0.07400673,1.03535604,2.39873438,7
TNG50-1,67,0.5,242562,0,0.05124743,0.07026981,0.97164786,-0.35221497,8
TNG50-1,67,0.5,242562,0,0.02083599,0.0331165,1.10941505,-0.14065521,9
TNG50-1,67,0.5,349548,0,-0.00707279,-0.01964983,0.50668527,-1.28776643,0
TNG50-1,67,0.5,349548,0,0.07539472,0.04514242,1.02671611,-3.00869069,1
TNG50-1,67,0.5,349548,0,0.0342719,-0.01241936,1.03784026,2.19373608,2
TNG50-1,67,0.5,349548,0,0.00908812,0.02306842,0.96892554,-2.6437524,3
TNG50-1,67,0.5,349548,0,0.07942605,0.1195068,0.86401609,-1.04092681,4
TNG50-1,67,0.5,349548,0,0.06978876,0.04759259,0.46396177,-1.56792625,5
TNG50-1,67,0.5,349548,0,0.01670611,0.02384206,0.99941479,1.5358413,6
TNG50-1,67,0.5,349548,0,0.13880598,-0.03873514,0.39376791,2.71802539,7
TNG50-1,67,0.5,349548,0,-0.01237116,0.00941144,1.05999363,1.98994626,8
TNG50-1,67,0.5,349548,0,0.05490142,-0.05040013,1.1230853,-1.13098385,9
TNG50-1,67,0.5,264305,0,0.07259682,0.00808487,0.75469993,2.08978767,0
TNG50-1,67,0.5,264305,0,-0.12172365,0.06320125,0.69587516,-1.2216258,1
TNG50-1,67,0.5,264305,0,-0.04081813,0.09526733,0.71615932,-0.50947651,2
TNG50-1,67,0.5,264305,0,0.04147848,-0.08417585,0.98737294,-0.23398403,3
TNG50-1,67,0.5,264305,0,-0.03509631,-0.00176587,0.54898209,-1.05990721,4
TNG50-1,67,0.5,264305,0,-0.03892151,-0.00215994,0.84896224,-2.46025158,5
TNG50-1,67,0.5,264305,0,0.10162031,-0.02146386,0.22456314,-1.88895265,6
TNG50-1,67,0.5,264305,0,0.01891937,0.04905303,0.59069612,1.90673597,7
TNG50-1,67,0.5,264305,0,0.04671512,0.01284438,0.71503758,0.95674146,8
TNG50-1,67,0.5,264305,0,0.02473349,0.09627364,1.29755422,2.78245515,9
TNG50-1,67,0.5,115154,0,0.07619991,-0.03573037,1.36689509,2.28116762,0
TNG50-1,67,0.5,115154,0,0.02516116,0.09790685,1.12888815,-2.58680791,1
TNG50-1,67,0.5,115154,0,-0.03448017,-0.02656064,0.77367975,-0.2162837,2
TNG50-1,67,0.5,115154,0,0.04988085,0.04779573,1.20597679,-1.94242378,3
TNG50-1,67,0.5,115154,0,-0.01966423,0.01396224,1.00647186,-2.6187075,4
TNG50-1,67,0.5,115154,0,-0.02952183,0.01914955,0.38992733,-1.30441749,5
TNG50-1,67,0.5,115154,0,0.04479078,-0.01252711,0.57403209,0.69519553,6
TNG50-1,67,0.5,115154,0,-0.12264123,-0.01513578,0.8995022,1.84958327,7
TNG50-1,67,0.5,115154,0,0.03674085,0.07639942,0.87998239,2.59166546,8
TNG50-1,67,0.5,115154,0,-0.03565474,0.046523,0.47666457,-0.48408088,9
TNG50-1,67,0.5,153310,0,-0.01250886,0.04459045,1.14606082,-2.34697228,0
TNG50-1,67,0.5,153310,0,-0.0255362,0.06735342,0.53336089,1.28439952,1
TNG50-1,67,0.5,153310,0,0.06735545,-0.03592339,1.123917,-1.34745735,2
TNG50-1,67,0.5,153310,0,0.06378191,0.00182539,1.20323367,-1.20199605,3
TNG50-1,67,0.5,153310,0,-0.07482837,-0.03828238,1.39878876,0.88206695,4
TNG50-1,67,0.5,153310,0,0.00191801,0.0119715,1.2015422,2.75797481,5
TNG50-1,67,0.5,153310,0,0.00312458,0.01647255,1.30164401,3.08882049,6
TNG50-1,67,0.5,153310,0,-0.03906476,0.0479919,0.77169039,-0.89683918,7
TNG50-1,67,0.5,153310,0,0.0219125,0.06567459,1.27943179,2.80435257,8
TNG50-1,67,0.5,153310,0,0.07304254,0.03444886,0.87083776,0.7057366,9
TNG50-1,67,0.5,190043,0,0.01389075,-0.07678181,1.39293309,-2.14084786,0
TNG50-1,67,0.5,190043,0,-0.02464087,0.01990857,1.33854241,0.13995645,1
TNG50-1,67,0.5,190043,0,-0.02091533,-0.01984335,1.39964824,-2.37833608,2
TNG50-1,67,0.5,190043,0,-0.05676071,0.06657375,0.44310193,1.85755817,3
TNG50-1,67,0.5,190043,0,-0.05057044,0.01409319,0.831757,-0.54987432,4
TNG50-1,67,0.5,190043,0,0.00813351,-0.09912602,1.28479997,1.23040826,5
TNG50-1,67,0.5,190043,0,-0.01334392,-0.05097121,1.3233676,-2.95112617,6
TNG50-1,67,0.5,190043,0,0.12482572,-0.0337641,0.58755178,1.74629196,7
TNG50-1,67,0.5,190043,0,0.02971267,0.02210185,0.59706397,-1.6996878,8
TNG50-1,67,0.5,190043,0,-0.05758476,-0.05263762,0.39954813,2.1539033,9
TNG50-1,67,0.5,392041,0,0.01765982,-0.02748797,0.52407053,-2.16453574,0
TNG50-1,67,0.5,392041,0,-0.00538486,-0.03921932,0.83559977,-1.74597397,1
TNG50-1,67,0.5,392041,0,-0.00644297,0.03089114,0.88678147,1.96825634,2
TNG50-1,67,0.5,392041,0,0.02605352,-0.01108262,1.13344373,-1.53490132,3
TNG50-1,67,0.5,392041,0,0.03303752,0.03763584,0.78534006,-2.54119623,4
TNG50-1,67,0.5,392041,0,-0.00805009,0.04396679,1.28373633,-1.06380534,5
TNG50-1,67,0.5,392041,0,-0.05613347,-0.01564199,0.93329704,2.73406488,6
TNG50-1,67,0.5,392041,0,-0.03192934,0.04748237,1.30360047,1.21757174,7
TNG50-1,67,0.5,392041,0,0.0292482,0.00692049,1.01151115,0.47396781,8
TNG50-1,67,0.5,392041,0,0.00682013,0.01338791,0.83765376,2.13891956,9
TNG50-1,67,0.5,342970,0,0.01131522,-0.00609602,1.2174828,-0.87449983,0
TNG50-1,67,0.5,342970,0,-0.04954528,-0.01412296,0.42184056,-0.42706043,1
TNG50-1,67,0.5,342970,0,-0.02190081,-0.02456158,1.1062413,1.57546357,2
TNG50-1,67,0.5,342970,0,-0.07456938,0.01718748,0.57288996,-2.82763043,3
TNG50-1,67,0.5,342970,0,-0.0764946,-0.06072363,1.34679844,-2.91193384,4
TNG50-1,67,0.5,342970,0,0.01276314,0.00653607,0.26409025,2.35569842,5
TNG50-1,67,0.5,342970,0,0.02695058,0.03257816,0.6607625,-2.45039427,6
TNG50-1,67,0.5,342970,0,0.09791868,0.07098689,0.44059676,1.38877213,7
TNG50-1,67,0.5,342970,0,-0.00415468,0.01551879,0.93227637,-1.88782828,8
TNG50-1,67,0.5,342970,0,-0.06789174,0.05215602,0.81755619,-0.84063436,9
TNG50-1,67,0.5,354839,0,0.01101065,-0.01461235,0.56535034,2.30200037,0
TNG50-1,67,0.5,354839,0,-0.13741547,-0.02576041,0.76065508,2.36032915,1
TNG50-1,67,0.5,354839,0,0.08297636,0.04264071,1.15431913,1.13321741,2
TNG50-1,67,0.5,354839,0,0.00025275,0.01355312,0.82999112,-0.24386847,3
TNG50-1,67,0.5,354839,0,-0.0197747,0.01965184,0.58917327,1.11347803,4
TNG50-1,67,0.5,354839,0,-0.03028415,0.03053011,1.17127907,-1.12348168,5
TNG50-1,67,0.5,354839,0,0.02197509,-0.00465471,0.65631413,0.3315545,6
TNG50-1,67,0.5,354839,0,-0.04441945,-0.05101547,1.34018523,0.24931623,7
TNG50-1,67,0.5,354839,0,-0.02884532,0.09025862,0.82815264,0.2747659,8
TNG50-1,67,0.5,354839,0,-0.02764391,0.04637673,0.20430263,-0.55299828,9
TNG50-1,67,0.5,276421,0,0.07336077,0.05254292,1.11072559,-2.70796383,0
TNG50-1,67,0.5,276421,0,-0.06393346,0.04376422,0.76790301,0.61309222,1
TNG50-1,67,0.5,276421,0,-0.07270278,-0.04590517,0.84026734,2.43719069,2
TNG50-1,67,0.5,276421,0,-0.0769643,0.01380455,0.9472894,-2.40131767,3
TNG50-1,67,0.5,276421,0,-0.08260919,0.02484358,0.49163256,-2.31222187,4
TNG50-1,67,0.5,276421,0,0.01682745,-0.02374416,1.19254893,-0.15980118,5
TNG50-1,67,0.5,276421,0,-0.04888947,0.00823761,0.61634891,-1.3745718,6
TNG50-1,67,0.5,276421,0,-0.07050962,-0.06258091,0.75461261,-1.40159699,7
TNG50-1,67,0.5,276421,0,0.01898983,-0.03138001,1.16165455,0.87129015,8
TNG50-1,67,0.5,276421,0,0.04119746,0.01858937,1.03378006,-0.56387581,9
TNG50-1,67,0.5,379837,0,-0.03705471,-0.00454011,1.17062192,-0.1922888,0
TNG50-1,67,0.5,379837,0,0.04819883,-0.03298746,1.01895723,-0.42250022,1
TNG50-1,67,0.5,379837,0,-0.06737982,0.04564052,0.9301469,1.99046432,2
TNG50-1,67,0.5,379837,0,0.01532755,0.01496081,0.7822689,1.93635193,3
TNG50-1,67,0.5,379837,0,-0.00454495,0.0120332,0.81823603,2.30015416,4
TNG50-1,67,0.5,379837,0,0.04136709,-0.05848102,1.05370865,-1.68907238,5
TNG50-1,67,0.5,379837,0,-0.0687187,0.02507528,0.66945935,1.56108608,6
TNG50-1,67,0.5,379837,0,-0.07653956,-0.04961065,0.65196824,2.32728687,7
TNG50-1,67,0.5,379837,0,0.03750222,-0.03292765,0.74650805,-2.09550048,8
TNG50-1,67,0.5,379837,0,-0.01954611,-0.06826738,1.16968737,-2.8906607,9
TNG50-1,67,0.5,207315,0,-0.01416927,-0.06429722,1.04061826,1.24574098,0
TNG50-1,67,0.5,207315,0,0.0446303,-0.03197037,1.36480971,-1.72353904,1
TNG50-1,67,0.5,207315,0,-0.03982771,0.06017456,0.48787487,-0.92256085,2
TNG50-1,67,0.5,207315,0,-0.0199846,0.01466444,0.80029115,-3.12244934,3
TNG50-1,67,0.5,207315,0,-0.0151039,0.02746898,0.5482815,-0.13138914,4
TNG50-1,67,0.5,207315,0,-0.02691979,0.02267168,1.01220894,-2.33512812,5
TNG50-1,67,0.5,207315,0,-0.09670893,0.02289358,1.21173957,2.25973131,6
TNG50-1,67,0.5,207315,0,-0.00123335,0.0910525,1.15368421,-2.52755003,7
TNG50-1,67,0.5,207315,0,-0.00575036,0.00457703,0.53083241,-1.56848074,8
TNG50-1,67,0.5,207315,0,0.05390914,-0.05056716,1.29873992,-3.04861153,9
TNG50-1,67,0.5,296869,0,-0.10596587,-0.00405937,0.4540832,1.21769512,0
TNG50-1,67,0.5,296869,0,-0.01595558,-0.01753272,1.05779094,-3.11988912,1
TNG50-1,67,0.5,296869,0,0.01161093,0.02221055,0.80894287,1.72058932,2
TNG50-1,67,0.5,296869,0,0.01158315,-0.00851604,0.56318366,0.65736375,3
TNG50-1,67,0.5,296869,0,0.12329294,0.03124682,0.83239038,3.06733409,4
TNG50-1,67,0.5,296869,0,0.0140479,-0.05045437,1.20991196,1.66245091,5
TNG50-1,67,0.5,296869,0,0.03150727,0.00734242,1.29868403,-0.43852134,6
TNG50-1,67,0.5,296869,0,0.05824816,0.07760337,0.86500492,1.10678284,7
TNG50-1,67,0.5,296869,0,0.02702507,-0.01123117,0.70866767,0.72844571,8
TNG50-1,67,0.5,296869,0,-0.00430245,0.09215008,0.65553704,-1.02168691,9
TNG50-1,67,0.5,369178,0,0.02920686,0.02632151,1.26659393,1.68857044,0
TNG50-1,67,0.5,369178,0,-0.03734042,0.05037275,0.24731963,1.59813027,1
TNG50-1,67,0.5,369178,0,0.04472963,-0.01792758,0.80791107,1.59514575,2
TNG50-1,67,0.5,369178,0,-0.08150841,0.03878408,1.25501872,-3.04599576,3
TNG50-1,67,0.5,369178,0,-0.0049205,0.02428869,0.66103095,1.91731897,4
TNG50-1,67,0.5,369178,0,-0.00171184,0.06612025,0.85323597,-0.38246883,5
TNG50-1,67,0.5,369178,0,0.02402335,-0.0027694,0.71467624,1.21681079,6
TNG50-1,67,0.5,369178,0,-0.051558,-0.08649497,0.87178757,-1.43206562,7
TNG50-1,67,0.5,369178,0,-0.0983382,-0.00338298,1.35005645,1.69349837,8
TNG50-1,67,0.5,369178,0,0.00856364,0.00442254,1.22960335,3.03026572,9
TNG50-1,67,0.5,184180,0,0.00488245,-0.00237486,0.67321596,-0.06752082,0
TNG50-1,67,0.5,184180,0,-0.02637339,0.08643459,0.97304942,-0.78229992,1
TNG50-1,67,0.5,184180,0,-0.09334055,0.01144881,1.02671987,-2.27947804,2
TNG50-1,67,0.5,184180,0,-0.01750255,0.01868749,1.29238504,-0.92625432,3
TNG50-1,67,0.5,184180,0,-0.01904787,-0.0203627,0.83882736,1.75300141,4
TNG50-1,67,0.5,184180,0,0.06376223,0.03435254,1.35678765,0.76149489,5
TNG50-1,67,0.5,184180,0,-0.0269615,-0.00198213,1.02679947,-0.39323313,6
TNG50-1,67,0.5,184180,0,0.03338951,-0.09160515,1.19980996,2.01420492,7
TNG50-1,67,0.5,184180,0,0.0691406,-0.01776163,0.33425808,-3.1155253,8
TNG50-1,67,0.5,184180,0,-0.03140344,-0.05915894,1.088012,2.05209335,9
TNG50-1,67,0.5,293091,0,-0.03416183,0.04500816,0.82634595,-2.57409785,0
TNG50-1,67,0.5,293091,0,-0.05589011,-0.01388675,1.04185169,-0.41457073,1
TNG50-1,67,0.5,293091,0,0.01088933,-0.01487271,0.82524635,2.29942352,2
TNG50-1,67,0.5,293091,0,0.06119444,-0.0084533,1.18690576,1.68300461,3
TNG50-1,67,0.5,293091,0,0.00805055,0.03629355,0.89602627,1.27824824,4
TNG50-1,67,0.5,293091,0,-0.01538909,0.00827513,1.22758453,-0.18470465,5
TNG50-1,67,0.5,293091,0,-0.03948199,-0.03715407,0.4197991,-0.33376835,6
TNG50-1,67,0.5,293091,0,0.01777229,-0.03535461,0.94866604,-3.07053217,7
TNG50-1,67,0.5,293091,0,-0.0619066,-0.00975554,1.20317038,0.62855696,8
TNG50-1,67,0.5,293091,0,-0.05670505,0.01511099,0.8118834,0.48385762,9
TNG50-1,67,0.5,287780,0,0.00206675,0.06348316,1.05142004,-1.21352158,0
TNG50-1,67,0.5,287780,0,0.01316448,-0.01667227,1.00898643,1.10453692,1
TNG50-1,67,0.5,287780,0,-0.00683662,0.02063768,0.33275341,0.25218287,2
TNG50-1,67,0.5,287780,0,0.00261196,-0.00794221,0.95511111,2.04830146,3
TNG50-1,67,0.5,287780,0,-0.00218004,-0.08652961,0.2266625,1.57593241,4
TNG50-1,67,0.5,287780,0,0.01907668,0.08694884,0.66338349,-2.74104635,5
TNG50-1,67,0.5,287780,0,0.08699869,-0.04713768,1.17664848,-1.01518927,6
TNG50-1,67,0.5,287780,0,-0.06026071,0.00419414,1.20728854,0.12628393,7
TNG50-1,67,0.5,287780,0,0.05711774,-0.05262109,1.26733497,1.90781955,8
TNG50-1,67,0.5,287780,0,-0.01841172,-0.06685008,0.60407942,1.34477468,9
TNG50-1,67,0.5,153309,0,0.02295791,0.03142324,1.03189794,1.14058005,0
TNG50-1,67,0.5,153309,0,-0.05395956,-0.01612034,0.97599224,1.02326196,1
TNG50-1,67,0.5,153309,0,-0.0080481,0.02726736,1.2832077,-3.00142564,2
TNG50-1,67,0.5,153309,0,0.02233634,0.01901116,0.93671344,1.52129898,3
TNG50-1,67,0.5,153309,0,-0.12022634,-0.02237091,0.49394309,-0.00198376,4
TNG50-1,67,0.5,153309,0,-0.02671615,0.05362809,0.99681776,0.15196631,5
TNG50-1,67,0.5,153309,0,0.0214666,-0.02971388,0.3767875,-2.82195043,6
TNG50-1,67,0.5,153309,0,0.01129221,0.0595227,1.27011891,-1.95795912,7
TNG50-1,67,0.5,153309,0,-0.02611892,0.06606463,0.69674185,2.58243256,8
TNG50-1,67,0.5,153309,0,-0.0552291,0.05250573,0.73249453,-1.15906964,9
TNG50-1,67,0.5,371626,0,-0.01488735,-0.02100638,0.73090786,2.21224426,0
TNG50-1,67,0.5,371626,0,0.0607683,0.07637896,1.2566546,-2.00700906,1
TNG50-1,67,0.5,371626,0,-0.00271828,0.00590017,0.96198068,-0.66489001,2
TNG50-1,67,0.5,371626,0,0.09289581,0.04183278,0.32733306,2.92557885,3
TNG50-1,67,0.5,371626,0,-0.02853668,-0.06098555,0.92632846,0.49885179,4
TNG50-1,67,0.5,371626,0,0.01086159,0.0174207,1.20024392,-1.48285727,5
TNG50-1,67,0.5,371626,0,-0.0216701,-0.05345602,0.38152222,-3.13765203,6
TNG50-1,67,0.5,371626,0,0.10372432,0.01285482,1.19419844,-3.09893471,7
TNG50-1,67,0.5,371626,0,0.00898527,-0.0759195,0.67852754,-1.41630738,8
TNG50-1,67,0.5,371626,0,0.10640381,-0.00470415,1.30912188,0.16873364,9
TNG50-1,67,0.5,307254,0,0.00873229,-0.03167562,0.78645689,-0.79698365,0
TNG50-1,67,0.5,307254,0,0.01512905,-0.0729132,0.58861312,1.12013367,1
TNG50-1,67,0.5,307254,0,0.01262864,-0.02847638,0.27375506,0.72453945,2
TNG50-1,67,0.5,307254,0,0.06029938,0.03246656,0.9999004,-2.08685674,3
TNG50-1,67,0.5,307254,0,-0.06006393,-0.00019657,0.7794388,1.09215329,4
TNG50-1,67,0.5,307254,0,-0.09058418,0.02522536,1.15118019,-1.96412232,5
TNG50-1,67,0.5,307254,0,0.05084825,-0.0248041,1.32758456,-3.10418795,6
TNG50-1,67,0.5,307254,0,-0.04717625,0.0451423,1.18643292,2.95430763,7
TNG50-1,67,0.5,307254,0,-0.01897379,-0.02541809,1.38807569,-2.9720406,8
TNG50-1,67,0.5,307254,0,-0.03060498,-0.10542787,0.94880568,-0.99431988,9
TNG50-1,67,0.5,311366,0,0.01198949,-0.01085665,1.10026365,0.10790642,0
TNG50-1,67,0.5,311366,0,0.09709091,0.05495605,0.39020913,-1.9994361,1
TNG50-1,67,0.5,311366,0,0.00274082,-0.04479616,0.48075393,-0.17138171,2
TNG50-1,67,0.5,311366,0,-0.09613295,0.04841472,1.15112085,1.43814761,3
TNG50-1,67,0.5,311366,0,-0.04569538,-0.01412095,0.9748396,-0.04942156,4
TNG50-1,67,0.5,311366,0,0.01311439,-0.07239967,0.48246046,-1.17330491,5
TNG50-1,67,0.5,311366,0,0.00464974,0.02966184,0.77667527,1.04508166,6
TNG50-1,67,0.5,311366,0,0.08122278,0.06987718,0.81450704,-0.31271569,7
TNG50-1,67,0.5,311366,0,0.04800386,-0.02033009,0.78825294,2.90798547,8
TNG50-1,67,0.5,311366,0,0.04650577,0.07813809,0.41266957,-0.92902832,9
TNG50-1,67,0.5,290744,0,-0.11407434,0.03348943,0.68375763,-2.44327767,0
TNG50-1,67,0.5,290744,0,-0.01816301,0.01994695,0.77753815,2.07692136,1
TNG50-1,67,0.5,290744,0,0.0367058,0.00362962,0.5627089,1.61142171,2
TNG50-1,67,0.5,290744,0,-0.05691402,0.01444356,0.89937226,-1.02077425,3
TNG50-1,67,0.5,290744,0,0.02116941,-0.05880325,1.09948001,2.79684709,4
TNG50-1,67,0.5,290744,0,0.01884946,-0.00153759,0.99063392,2.82342811,5
TNG50-1,67,0.5,290744,0,-0.07271662,-0.03982416,1.01619868,2.24133613,6
TNG50-1,67,0.5,290744,0,0.00434891,0.05157694,1.11594327,-2.95703766,7
TNG50-1,67,0.5,290744,0,-0.03087226,0.03416191,1.03963195,-0.80916121,8
TNG50-1,67,0.5,290744,0,0.02080493,0.03402007,1.06803763,-0.26806226,9
TNG50-1,67,0.5,77280,0,0.09347573,-0.08025899,1.23265398,-1.18780455,0
TNG50-1,67,0.5,77280,0,0.00621357,-0.01228834,1.34645271,-2.45431426,1
TNG50-1,67,0.5,77280,0,-0.01087692,-0.07994164,0.59413281,-2.41468334,2
TNG50-1,67,0.5,77280,0,0.00424756,-0.05281258,1.11946569,-0.02704181,3
TNG50-1,67,0.5,77280,0,0.04371201,0.06488334,0.87716867,-2.26930273,4
TNG50-1,67,0.5,77280,0,-0.03508022,0.05222289,1.31321697,-1.73760961,5
TNG50-1,67,0.5,77280,0,-0.0265425,0.05756611,0.95263301,-2.10601268,6
TNG50-1,67,0.5,77280,0,0.03283357,-0.07244941,0.82054797,1.90056529,7
TNG50-1,67,0.5,77280,0,-0.07581946,-0.05255281,1.00699695,-0.31593698,8
TNG50-1,67,0.5,77280,0,0.04953859,0.01699363,1.11145147,0.33042977,9
TNG50-1,67,0.5,371170,0,0.06721979,0.02200132,1.32301566,-0.99020553,0
TNG50-1,67,0.5,371170,0,0.02361697,-0.0303131,0.72925926,-2.7114086,1
TNG50-1,67,0.5,371170,0,0.04451246,0.05896264,1.05895963,1.17315611,2
TNG50-1,67,0.5,371170,0,0.00368969,0.01219062,0.92308968,-2.85901929,3
TNG50-1,67,0.5,371170,0,-0.01408657,0.01316994,1.35727828,-3.1326782,4
TNG50-1,67,0.5,371170,0,0.03833308,0.04419478,0.64590735,-2.94693212,5
TNG50-1,67,0.5,371170,0,0.01296765,0.03343533,0.75133841,-1.86329449,6
TNG50-1,67,0.5,371170,0,-0.008498,0.01468372,0.92885297,0.44105268,7
TNG50-1,67,0.5,371170,0,-0.07070035,-0.00942925,0.96182317,1.13825683,8
TNG50-1,67,0.5,371170,0,0.04769541,0.09918321,1.11185908,-0.49801543,9
TNG50-1,67,0.5,274916,0,-0.01876246,-0.08170443,0.95307651,-1.7743801,0
TNG50-1,67,0.5,274916,0,0.09148588,0.01914415,0.9675779,-0.66546681,1
TNG50-1,67,0.5,274916,0,-0.03726173,-0.06634571,1.38490405,-2.53270636,2
TNG50-1,67,0.5,274916,0,-0.0704507,0.02510445,1.01155135,-3.00296493,3
TNG50-1,67,0.5,274916,0,0.04280496,-0.01524121,1.37613866,2.61293474,4
TNG50-1,67,0.5,274916,0,-0.1074704,-0.02376821,1.04956927,1.10071385,5
TNG50-1,67,0.5,274916,0,0.07459084,0.0254673,0.80362544,1.75706828,6
TNG50-1,67,0.5,274916,0,0.00508769,0.03117557,1.29536475,0.76763464,7
TNG50-1,67,0.5,274916,0,-0.07134925,0.05729014,0.42108931,2.55578319,8
TNG50-1,67,0.5,274916,0,-0.04742323,-0.03168892,0.8220183,2.48763132,9
TNG50-1,67,0.5,256225,0,-0.03461854,0.06173209,1.08667506,0.64474191,0
TNG50-1,67,0.5,256225,0,0.04011926,-0.06557789,0.75722809,0.92720931,1
TNG50-1,67,0.5,256225,0,-0.01351028,0.10169012,0.41576097,-1.40314393,2
TNG50-1,67,0.5,256225,0,-0.07627401,-0.00164177,1.21445469,1.76455171,3
TNG50-1,67,0.5,256225,0,-0.00975441,0.02901056,1.38835528,-0.16589903,4
TNG50-1,67,0.5,256225,0,0.00957449,0.00639181,0.57796372,1.296585,5
TNG50-1,67,0.5,256225,0,-0.04092528,-0.08630118,0.71449436,0.87845956,6
TNG50-1,67,0.5,256225,0,-0.00590902,-0.05282888,1.26632226,-0.30939075,7
TNG50-1,67,0.5,256225,0,-0.00357414,-0.02621379,0.96838745,-1.30239585,8
TNG50-1,67,0.5,256225,0,-0.00279539,0.04968599,1.26617229,-1.85791023,9
TNG50-1,67,0.5,364391,0,-0.0373308,-0.00708968,1.06766272,-0.31231465,0
TNG50-1,67,0.5,364391,0,0.00954106,0.07562736,0.6050474,-2.33923532,1
TNG50-1,67,0.5,364391,0,0.0105721,-0.04469662,1.07830788,2.14968411,2
TNG50-1,67,0.5,364391,0,-0.08370374,0.07191233,1.07348255,-0.68774217,3
TNG50-1,67,0.5,364391,0,0.0402299,-0.0451992,0.25063015,0.51411783,4
TNG50-1,67,0.5,364391,0,0.00080619,0.12743906,0.65270646,2.24354858,5
TNG50-1,67,0.5,364391,0,0.01788207,-0.04759169,0.52101395,1.71830826,6
TNG50-1,67,0.5,364391,0,0.03724132,0.05282934,1.04759518,-1.89602671,7
TNG50-1,67,0.5,364391,0,-0.03834849,-0.01811971,0.87027098,0.74462887,8
TNG50-1,67,0.5,364391,0,0.06294528,0.03575112,1.00633553,-0.02682236,9
TNG50-1,67,0.5,234936,0,-0.01133354,0.02436437,0.71409198,-1.33537211,0
TNG50-1,67,0.5,234936,0,0.02632412,0.09160016,0.66633029,0.70322857,1
TNG50-1,67,0.5,234936,0,0.00299467,-0.0587295,1.20277936,-0.85602294,2
TNG50-1,67,0.5,234936,0,0.03172124,0.050055,0.69974076,-2.17256102,3
TNG50-1,67,0.5,234936,0,0.043171,0.05673586,1.04820642,0.93875382,4
TNG50-1,67,0.5,234936,0,0.02654293,-0.07384231,1.35095021,1.63429824,5
TNG50-1,67,0.5,234936,0,-0.01376643,0.03561809,1.05892981,1.72613389,6
TNG50-1,67,0.5,234936,0,0.02599417,-0.0135658,1.29085864,-2.20401206,7
TNG50-1,67,0.5,234936,0,0.11177421,-0.00302229,0.53248414,0.07903316,8
TNG50-1,67,0.5,234936,0,-0.07449398,-0.01624774,0.55350192,-2.99142856,9
TNG50-1,67,0.5,384402,0,-0.04006909,-0.12390689,1.17360401,-2.25522053,0
TNG50-1,67,0.5,384402,0,-0.03063924,0.0195244,1.15491651,-2.34824495,1
TNG50-1,67,0.5,384402,0,0.04241299,0.06632316,0.61054608,1.46221064,2
TNG50-1,67,0.5,384402,0,-0.02117931,0.03932661,0.67766171,0.57516834,3
TNG50-1,67,0.5,384402,0,-0.06730214,-0.1061997,0.75091381,-0.31315157,4
TNG50-1,67,0.5,384402,0,0.05797873,0.10636222,0.75784055,-0.14934289,5
TNG50-1,67,0.5,384402,0,-0.04711892,-0.06629258,0.93633544,2.05811595,6
TNG50-1,67,0.5,384402,0,0.00176236,-0.05392097,1.0992681,-2.37705605,7
TNG50-1,67,0.5,384402,0,0.02455815,0.03909388,0.71715262,-0.73359782,8
TNG50-1,67,0.5,384402,0,0.00016092,0.02264207,1.30338404,1.63467248,9
TNG50-1,67,0.5,242560,0,-0.00696076,0.00724351,1.39985928,2.68200378,0
TNG50-1,67,0.5,242560,0,-0.04384635,-0.02530041,0.68399727,2.12013415,1
TNG50-1,67,0.5,242560,0,0.04530614,-0.00707788,1.11010715,0.73405186,2
TNG50-1,67,0.5,242560,0,-0.02522224,-0.01417712,0.88048319,-1.70083972,3
TNG50-1,67,0.5,242560,0,0.01001372,0.02840811,0.66506622,-1.06479233,4
TNG50-1,67,0.5,242560,0,-0.00185818,0.0053326,0.94740194,2.24910624,5
TNG50-1,67,0.5,242560,0,0.02501821,-0.03971323,0.80345512,1.24577631,6
TNG50-1,67,0.5,242560,0,0.07154804,-0.01109811,0.41476608,-1.34679933,7
TNG50-1,67,0.5,242560,0,0.00975519,-0.07629583,1.37539342,-2.31066966,8
TNG50-1,67,0.5,242560,0,0.04206985,-0.00923016,1.10053388,1.76413204,9
TNG50-1,67,0.5,377355,0,-0.01436205,-0.07023002,1.04625112,-2.37040671,0
TNG50-1,67,0.5,377355,0,0.09316327,0.0178814,0.84263367,2.87251115,1
TNG50-1,67,0.5,377355,0,-0.03348701,-0.00666499,0.93153937,-2.06675856,2
TNG50-1,67,0.5,377355,0,0.13457874,-0.02582391,1.14210898,1.70565742,3
TNG50-1,67,0.5,377355,0,0.0620962,0.05394746,1.0208755,-2.89583542,4
TNG50-1,67,0.5,377355,0,0.04160576,-0.04418896,0.57026917,-1.66149349,5
TNG50-1,67,0.5,377355,0,-0.05202388,-0.02276205,1.14462712,-1.50698863,6
TNG50-1,67,0.5,377355,0,0.04548412,-0.03235149,0.47214057,-1.27400987,7
TNG50-1,67,0.5,377355,0,0.03019692,0.02550846,0.23236948,2.63456323,8
TNG50-1,67,0.5,377355,0,-0.10598052,-0.08597291,1.13902617,-2.04008926,9
TNG50-1,67,0.5,225713,0,0.0495966,0.0366453,1.13169149,1.94767295,0
TNG50-1,67,0.5,225713,0,-0.0498748,0.01203874,0.31360422,1.13811657,1
TNG50-1,67,0.5,225713,0,-0.03127608,-0.09047584,1.38027919,-0.46139359,2
TNG50-1,67,0.5,225713,0,-0.00680007,0.05447544,0.8344698,-0.98497447,3
TNG50-1,67,0.5,225713,0,0.01477342,0.00598376,1.30684992,-1.8202078,4
TNG50-1,67,0.5,225713,0,-0.01622717,0.03424264,0.71938292,-2.74444223,5
TNG50-1,67,0.5,225713,0,0.06142934,-0.02029718,1.08762383,0.10907213,6
TNG50-1,67,0.5,225713,0,0.01476431,-0.09133583,0.50479715,0.25158211,7
TNG50-1,67,0.5,225713,0,0.0037829,-0.11394548,0.50133249,-0.35174114,8
TNG50-1,67,0.5,225713,0,0.01300681,-0.04721839,1.0835929,2.83118558,9
TNG50-1,67,0.5,131716,0,0.00478207,-0.03503297,1.09492607,-0.80022751,0
TNG50-1,67,0.5,131716,0,0.04915203,0.02973154,0.77142352,2.88682881,1
TNG50-1,67,0.5,131716,0,0.06399212,0.00387809,0.62247958,-1.55088391,2
TNG50-1,67,0.5,131716,0,0.01042796,-0.00301879,1.10390478,-2.47843537,3
TNG50-1,67,0.5,131716,0,0.01921481,-0.0103259,1.33062026,-2.15400911,4
TNG50-1,67,0.5,131716,0,-0.05084953,-0.04962817,0.66788349,1.72022141,5
TNG50-1,67,0.5,131716,0,0.05115283,0.0261914,1.06229948,0.23633018,6
TNG50-1,67,0.5,131716,0,0.06317616,-0.01430223,1.18785702,0.51473268,7
TNG50-1,67,0.5,131716,0,-0.09351765,-0.06547112,0.98690631,2.93869853,8
TNG50-1,67,0.5,131716,0,0.08814729,-0.05175023,0.29892492,0.0303941,9
TNG50-1,67,0.5,365785,0,0.03395694,0.00277392,1.29169482,1.29412826,0
TNG50-1,67,0.5,365785,0,0.05240948,0.00111998,0.41940135,-2.79912974,1
TNG50-1,67,0.5,365785,0,-0.04105775,0.03109493,0.77514116,1.52464583,2
TNG50-1,67,0.5,365785,0,0.03765691,-0.0805855,0.93000295,1.40218013,3
TNG50-1,67,0.5,365785,0,-0.04909925,-0.00511765,1.16418483,-3.0593214,4
TNG50-1,67,0.5,365785,0,-0.10751654,0.00621386,1.09147577,2.46478908,5
TNG50-1,67,0.5,365785,0,-0.03740318,-0.06826851,0.5752203,-2.31098179,6
TNG50-1,67,0.5,365785,0,0.041733,-0.06895412,1.35251552,2.89517977,7
TNG50-1,67,0.5,365785,0,-0.00061084,-0.01823542,0.65578756,-2.69692798,8
TNG50-1,67,0.5,365785,0,-0.0267499,0.00042621,0.57243549,-1.64588398,9
TNG50-1,67,0.5,266535,0,-0.04859284,0.03179506,1.31051305,0.93290811,0
TNG50-1,67,0.5,266535,0,0.00948228,-0.0318103,0.96767105,2.07248972,1
TNG50-1,67,0.5,266535,0,0.04279366,-0.03409978,1.00305319,-1.19834087,2
TNG50-1,67,0.5,266535,0,-0.01483704,0.02312461,1.01812432,-3.10141661,3
TNG50-1,67,0.5,266535,0,0.06801965,0.06985952,0.92084734,2.79013442,4
TNG50-1,67,0.5,266535,0,-0.02148442,0.03145051,0.9196449,-2.86371631,5
TNG50-1,67,0.5,266535,0,-0.00581474,0.09237061,0.5049242,1.13105468,6
TNG50-1,67,0.5,266535,0,-0.04965771,0.02776537,1.10381719,-1.11946261,7
TNG50-1,67,0.5,266535,0,0.00632952,0.02596464,1.13055946,-0.48045598,8
TNG50-1,67,0.5,266535,0,0.00015115,0.03396464,0.73984646,2.12392258,9
TNG50-1,67,0.5,376847,0,0.02546074,0.10303411,0.54433528,-2.50495827,0
TNG50-1,67,0.5,376847,0,0.00820033,-0.01919473,0.9428731,-3.08821613,1
TNG50-1,67,0.5,376847,0,-0.00248559,0.01448327,0.7219377,1.10397671,2
TNG50-1,67,0.5,376847,0,-0.00641408,0.02329632,1.06113882,0.00502302,3
TNG50-1,67,0.5,376847,0,0.01614177,0.07002621,0.64576424,2.84009656,4
TNG50-1,67,0.5,376847,0,0.01714257,-0.04055923,1.2578821,-1.58659472,5
TNG50-1,67,0.5,376847,0,-0.02477887,0.06698239,1.36235683,-2.36715163,6
TNG50-1,67,0.5,376847,0,-0.03177984,-0.00736978,0.91723915,-2.99641223,7
TNG50-1,67,0.5,376847,0,-0.00294976,0.12506726,1.21918299,-0.35030424,8
TNG50-1,67,0.5,376847,0,-0.00948674,0.01813011,0.70700977,-2.50814148,9
TNG50-1,67,0.5,54053,0,0.01934892,0.03569088,0.7441685,-1.12137683,0
TNG50-1,67,0.5,54053,0,-0.04362477,-0.01536895,1.26935418,3.03265914,1
TNG50-1,67,0.5,54053,0,0.03156096,-0.07247183,1.362098,-1.34829263,2
TNG50-1,67,0.5,54053,0,-0.01008106,-0.02795145,0.62561742,1.41781971,3
TNG50-1,67,0.5,54053,0,-0.01249062,0.00506013,1.21761729,-0.77491082,4
TNG50-1,67,0.5,54053,0,0.00261191,-0.02230452,1.13107515,2.11484312,5
TNG50-1,67,0.5,54053,0,-0.05692467,0.01999079,1.0014127,-0.23620635,6
TNG50-1,67,0.5,54053,0,-0.04127265,0.02870182,0.72236146,2.3281205,7
TNG50-1,67,0.5,54053,0,-0.0129962,0.12008501,1.26349573,1.59554344,8
TNG50-1,67,0.5,54053,0,-0.05721715,0.05753221,0.44872095,0.54053361,9
TNG50-1,67,0.5,218607,0,-0.03321347,-0.060055,1.26972553,-3.10507839,0
TNG50-1,67,0.5,218607,0,-0.0226871,0.01519915,0.26395052,-0.72319663,1
TNG50-1,67,0.5,218607,0,-0.00534136,0.04025618,1.31467154,2.79582064,2
TNG50-1,67,0.5,218607,0,0.06852348,0.02726727,1.35069614,1.72691278,3
TNG50-1,67,0.5,218607,0,0.04778009,0.02525947,1.19994534,1.5129946,4
TNG50-1,67,0.5,218607,0,0.04855023,-0.09331413,1.12784982,-1.22826234,5
TNG50-1,67,0.5,218607,0,0.00852891,0.06666779,1.02231674,-0.07429129,6
TNG50-1,67,0.5,218607,0,-0.05768059,-0.07836927,0.75972832,2.16470501,7
TNG50-1,67,0.5,218607,0,-0.03850284,-0.00763746,1.08577034,2.38858852,8
TNG50-1,67,0.5,218607,0,0.00303606,0.03092718,0.89811813,1.32288087,9
TNG50-1,67,0.5,146972,0,-0.03082458,0.06378777,0.67045986,1.89451908,0
TNG50-1,67,0.5,146972,0,0.03399965,-0.01334898,0.48449126,2.24514855,1
TNG50-1,67,0.5,146972,0,-0.04429013,0.03622272,0.62736562,1.20654697,2
TNG50-1,67,0.5,146972,0,0.00013444,-0.02117699,1.37977683,-2.27257791,3
TNG50-1,67,0.5,146972,0,0.07188095,-0.06777075,1.39984409,1.13689676,4
TNG50-1,67,0.5,146972,0,0.00751962,0.12959613,0.48376019,0.65649042,5
TNG50-1,67,0.5,146972,0,-0.05395659,-0.0703269,0.70627679,-1.04506906,6
TNG50-1,67,0.5,146972,0,0.10889239,0.01487791,0.32966958,-1.83083543,7
TNG50-1,67,0.5,146972,0,0.08812241,0.01429383,1.15173086,2.41965431,8
TNG50-1,67,0.5,146972,0,0.02505883,0.02580028,0.62953771,-2.24971652,9
TNG50-1,67,0.5,160815,0,0.03705022,-0.05013718,0.77649207,-0.22750572,0
TNG50-1,67,0.5,160815,0,-0.06684903,0.02543089,1.36054836,-3.12914186,1
TNG50-1,67,0.5,160815,0,0.08389134,-0.00987676,0.5602236,0.41118811,2
TNG50-1,67,0.5,160815,0,0.02416305,-0.00108456,0.98642332,-1.89982343,3
TNG50-1,67,0.5,160815,0,-0.03520511,0.11885014,1.31851254,0.61104311,4
TNG50-1,67,0.5,160815,0,-0.05482958,0.04345346,1.14438585,-1.63896696,5
TNG50-1,67,0.5,160815,0,0.04935489,0.04633825,0.95622146,-0.61123806,6
TNG50-1,67,0.5,160815,0,0.01055796,0.13602616,1.38873102,0.77679145,7
TNG50-1,67,0.5,160815,0,0.02413005,0.01922869,1.1869906,0.9837747,8
TNG50-1,67,0.5,160815,0,0.00133323,0.00598538,1.11285924,-2.94935424,9
TNG50-1,67,0.5,153311,0,-0.02078369,-0.02506509,0.51838103,-0.52385997,0
TNG50-1,67,0.5,153311,0,0.03609967,-0.00831054,0.69222749,2.43541312,1
TNG50-1,67,0.5,153311,0,0.05475148,0.04995217,1.17358517,-3.05979499,2
TNG50-1,67,0.5,153311,0,-0.01314326,-0.04040969,0.49254788,-2.63863377,3
TNG50-1,67,0.5,153311,0,-0.05138016,-0.04548558,0.85573859,-1.0969822,4
TNG50-1,67,0.5,153311,0,-0.07285153,-0.01171956,0.69205506,-2.08769996,5
TNG50-1,67,0.5,153311,0,0.04628442,0.06389563,1.22786836,-0.58590316,6
TNG50-1,67,0.5,153311,0,-0.05682832,0.08053655,1.26873868,1.36717777,7
TNG50-1,67,0.5,153311,0,0.01860121,-0.00493915,1.16555071,3.10023592,8
TNG50-1,67,0.5,153311,0,0.03887035,-0.03560608,0.94686742,-1.87191957,9
TNG50-1,67,0.5,341492,0,0.00681126,-0.08336869,1.04569418,1.28296163,0
TNG50-1,67,0.5,341492,0,0.00425246,0.00427811,0.9839697,0.67783684,1
TNG50-1,67,0.5,341492,0,0.01803267,0.07792389,0.8712274,-1.25433097,2
TNG50-1,67,0.5,341492,0,0.03858952,-0.03876316,0.28340362,-1.7528114,3
TNG50-1,67,0.5,341492,0,0.04477753,0.00412313,0.68238637,-2.57551522,4
TNG50-1,67,0.5,341492,0,0.08054009,0.00826095,0.7611894,1.2744271,5
TNG50-1,67,0.5,341492,0,0.01213443,0.04710633,1.02412865,2.95803531,6
TNG50-1,67,0.5,341492,0,0.08771006,-0.01939058,1.37160625,0.15722078,7
TNG50-1,67,0.5,341492,0,0.05288616,-0.04346919,0.91932721,1.08813878,8
TNG50-1,67,0.5,341492,0,-0.00300657,0.02850011,0.78788427,1.21015721,9
TNG50-1,67,0.5,303329,0,0.02307662,0.03453715,0.7963071,2.19283778,0
TNG50-1,67,0.5,303329,0,-0.03161228,-0.1150533,1.0852857,1.27000773,1
TNG50-1,67,0.5,303329,0,0.06414669,0.02553381,1.12854562,1.67231354,2
TNG50-1,67,0.5,303329,0,0.03710613,0.08782418,1.18838861,-0.94021242,3
TNG50-1,67,0.5,303329,0,0.00134139,-0.05638192,0.88163241,0.73787345,4
TNG50-1,67,0.5,303329,0,-0.00107914,-0.00366456,1.14515382,2.71555656,5
TNG50-1,67,0.5,303329,0,0.01869963,-0.00909912,1.29998017,-1.36535337,6
TNG50-1,67,0.5,303329,0,-0.01559919,0.0830206,0.63675414,-2.70829103,7
TNG50-1,67,0.5,303329,0,-0.08156023,0.05604735,1.22453325,-2.06793414,8
TNG50-1,67,0.5,303329,0,0.03750789,-0.04392081,1.26239697,2.49735431,9
