sim,snap,redshift,subhalo_id,g1,g2,inclination,theta_int,draw_idx
TNG50-1,40,1.5,15216,0.01523585,-0.04296462,1.28092483,0.78534645,0
TNG50-1,40,1.5,15216,-0.05199921,0.01843754,1.28092483,0.78534645,1
TNG50-1,40,1.5,15216,0.03752256,-0.04794413,1.28092483,0.78534645,2
TNG50-1,40,1.5,15216,0.04702824,0.04392252,1.28092483,0.78534645,3
TNG50-1,40,1.5,15216,-0.09755176,-0.0024963,1.28092483,0.78534645,4
TNG50-1,40,1.5,15216,-0.06510898,-0.00924312,1.28092483,0.78534645,5
TNG50-1,40,1.5,15216,0.00639202,-0.03404648,1.28092483,0.78534645,6
TNG50-1,40,1.5,15216,-0.01581213,0.06112707,1.28092483,0.78534645,7
TNG50-1,40,1.5,15216,-0.00084006,-0.00772647,1.28092483,0.78534645,8
TNG50-1,40,1.5,15216,-0.0426522,-0.02141639,1.28092483,0.78534645,9
TNG50-1,40,1.5,15216,0.0439699,-0.01760668,1.28092483,0.78534645,10
TNG50-1,40,1.5,15216,0.0388896,0.02661546,1.28092483,0.78534645,11
TNG50-1,40,1.5,15216,0.00330153,0.0182722,1.28092483,0.78534645,12
TNG50-1,40,1.5,15216,0.05636206,0.02063663,1.28092483,0.78534645,13
TNG50-1,40,1.5,15216,0.02337547,0.02154105,1.28092483,0.78534645,14
TNG50-1,40,1.5,36234,0.10708238,0.01093443,0.64478931,-0.4822569,0
TNG50-1,40,1.5,36234,-0.02032075,0.04357144,0.64478931,-0.4822569,1
TNG50-1,40,1.5,36234,-0.02561214,0.01117978,0.64478931,-0.4822569,2
TNG50-1,40,1.5,36234,-0.04068864,0.03394568,0.64478931,-0.4822569,3
TNG50-1,40,1.5,36234,0.03079897,0.00337895,0.64478931,-0.4822569,4
TNG50-1,40,1.5,36234,0.05644861,0.01445597,0.64478931,-0.4822569,5
TNG50-1,40,1.5,36234,-0.00569737,0.03156441,0.64478931,-0.4822569,6
TNG50-1,40,1.5,36234,-0.04200782,-0.07285779,0.64478931,-0.4822569,7
TNG50-1,40,1.5,36234,-0.04122406,-0.01598356,0.64478931,-0.4822569,8
TNG50-1,40,1.5,36234,0.03252964,-0.02351863,0.64478931,-0.4822569,9
TNG50-1,40,1.5,36234,0.03716271,-0.03194389,0.64478931,-0.4822569,10
TNG50-1,40,1.5,36234,0.02715771,-0.01375711,0.64478931,-0.4822569,11
TNG50-1,40,1.5,36234,-0.03327549,0.07474707,0.64478931,-0.4822569,12
TNG50-1,40,1.5,36234,0.01160807,-0.04329156,0.64478931,-0.4822569,13
TNG50-1,40,1.5,36234,0.00583429,0.04841392,0.64478931,-0.4822569,14
TNG50-1,40,1.5,44886,-0.08414349,0.03452427,1.23392883,-1.18164795,0
TNG50-1,40,1.5,44886,-0.01674425,-0.02136263,1.23392883,-1.18164795,1
TNG50-1,40,1.5,44886,0.00813765,0.00792698,1.23392883,-1.18164795,2
TNG50-1,40,1.5,44886,0.02931112,0.03127952,1.23392883,-1.18164795,3
TNG50-1,40,1.5,44886,0.03556133,-0.01546733,1.23392883,-1.18164795,4
TNG50-1,40,1.5,44886,0.03966736,0.02283876,1.23392883,-1.18164795,5
TNG50-1,40,1.5,44886,-0.01743625,-0.0330963,1.23392883,-1.18164795,6
TNG50-1,40,1.5,44886,-0.02311759,-0.01815269,1.23392883,-1.18164795,7
TNG50-1,40,1.5,44886,0.04289879,-0.01908689,1.23392883,-1.18164795,8
TNG50-1,40,1.5,44886,-0.00956522,-0.05979198,1.23392883,-1.18164795,9
TNG50-1,40,1.5,44886,-0.06378432,0.02434862,1.23392883,-1.18164795,10
TNG50-1,40,1.5,44886,-0.05666436,-0.02347012,1.23392883,-1.18164795,11
TNG50-1,40,1.5,44886,-0.04597261,0.00062471,1.23392883,-1.18164795,12
TNG50-1,40,1.5,44886,0.02485804,0.02403733,1.23392883,-1.18164795,13
TNG50-1,40,1.5,44886,0.00712129,0.02232656,1.23392883,-1.18164795,14
TNG50-1,40,1.5,83216,0.03326926,-0.01027188,0.43308672,-1.44215766,0
TNG50-1,40,1.5,83216,-0.00492427,-0.0475011,0.43308672,-1.44215766,1
TNG50-1,40,1.5,83216,-0.02116492,-0.01695165,0.43308672,-1.44215766,2
TNG50-1,40,1.5,83216,-0.00398591,0.04201541,0.43308672,-1.44215766,3
TNG50-1,40,1.5,83216,-0.08436672,-0.08636602,0.43308672,-1.44215766,4
TNG50-1,40,1.5,83216,-0.07235562,0.02172118,0.43308672,-1.44215766,5
TNG50-1,40,1.5,83216,-0.06613498,0.01188678,0.43308672,-1.44215766,6
TNG50-1,40,1.5,83216,-0.04986234,-0.0297075,0.43308672,-1.44215766,7
TNG50-1,40,1.5,83216,0.01998871,-0.07230289,0.43308672,-1.44215766,8
TNG50-1,40,1.5,83216,-0.04527395,0.00360648,0.43308672,-1.44215766,9
TNG50-1,40,1.5,83216,-0.01890813,-0.02647464,0.43308672,-1.44215766,10
TNG50-1,40,1.5,83216,0.06496141,0.01163381,0.43308672,-1.44215766,11
TNG50-1,40,1.5,83216,-0.0178132,0.00109261,0.43308672,-1.44215766,12
TNG50-1,40,1.5,83216,0.03687578,0.08008894,0.43308672,-1.44215766,13
TNG50-1,40,1.5,83216,-0.04668088,-0.01196778,0.43308672,-1.44215766,14
TNG50-1,40,1.5,72284,-0.05117487,-0.05077895,0.79314143,0.87129913,0
TNG50-1,40,1.5,72284,0.00896378,0.01567569,0.79314143,0.87129913,1
TNG50-1,40,1.5,72284,0.01099983,0.04190633,0.79314143,0.87129913,2
TNG50-1,40,1.5,72284,0.06795938,0.09983654,0.79314143,0.87129913,3
TNG50-1,40,1.5,72284,0.04175556,0.14569312,0.79314143,0.87129913,4
TNG50-1,40,1.5,72284,0.01784355,0.02072047,0.79314143,0.87129913,5
TNG50-1,40,1.5,72284,0.07316514,-0.04947691,0.79314143,0.87129913,6
TNG50-1,40,1.5,72284,-0.05943815,-0.10660231,0.79314143,0.87129913,7
TNG50-1,40,1.5,72284,-0.03198758,0.01338557,0.79314143,0.87129913,8
TNG50-1,40,1.5,72284,-0.0463288,-0.04064705,0.79314143,0.87129913,9
TNG50-1,40,1.5,72284,-0.01949049,-0.02076786,0.79314143,0.87129913,10
TNG50-1,40,1.5,72284,-0.06883431,-0.03060484,0.79314143,0.87129913,11
TNG50-1,40,1.5,72284,0.03175755,-0.00703954,0.79314143,0.87129913,12
TNG50-1,40,1.5,72284,-0.01111113,0.05329901,0.79314143,0.87129913,13
TNG50-1,40,1.5,72284,-0.07354031,0.00785243,0.79314143,0.87129913,14
TNG50-1,40,1.5,59042,-0.00793174,-0.04514636,1.37019102,-0.03235922,0
TNG50-1,40,1.5,59042,-0.05178269,0.04657865,1.37019102,-0.03235922,1
TNG50-1,40,1.5,59042,-0.08373415,0.01924755,1.37019102,-0.03235922,2
TNG50-1,40,1.5,59042,-0.0243154,-0.00783189,1.37019102,-0.03235922,3
TNG50-1,40,1.5,59042,-0.00268913,-0.00203813,1.37019102,-0.03235922,4
TNG50-1,40,1.5,59042,0.0883965,-0.03273938,1.37019102,-0.03235922,5
TNG50-1,40,1.5,59042,0.00651373,0.02230361,1.37019102,-0.03235922,6
TNG50-1,40,1.5,59042,0.04913698,-0.02274917,1.37019102,-0.03235922,7
TNG50-1,40,1.5,59042,-0.02496478,-0.06128029,1.37019102,-0.03235922,8
TNG50-1,40,1.5,59042,-0.05924719,-0.06389688,1.37019102,-0.03235922,9
TNG50-1,40,1.5,59042,-0.04825584,0.0086294,1.37019102,-0.03235922,10
TNG50-1,40,1.5,59042,-0.0362613,0.07895456,1.37019102,-0.03235922,11
TNG50-1,40,1.5,59042,0.10642349,0.00799958,1.37019102,-0.03235922,12
TNG50-1,40,1.5,59042,-0.04106933,-0.00593192,1.37019102,-0.03235922,13
TNG50-1,40,1.5,59042,0.04192446,0.01429131,1.37019102,-0.03235922,14
TNG50-1,40,1.5,85095,0.06530009,-0.04473635,1.39553461,1.52536943,0
TNG50-1,40,1.5,85095,0.01096913,0.03216634,1.39553461,1.52536943,1
TNG50-1,40,1.5,85095,-0.02054636,-0.01973026,1.39553461,1.52536943,2
TNG50-1,40,1.5,85095,0.05531444,-0.00025609,1.39553461,1.52536943,3
TNG50-1,40,1.5,85095,0.02143782,-0.00817214,1.39553461,1.52536943,4
TNG50-1,40,1.5,85095,0.0767878,0.01687873,1.39553461,1.52536943,5
TNG50-1,40,1.5,85095,0.00916172,0.07037409,1.39553461,1.52536943,6
TNG50-1,40,1.5,85095,-0.06122345,0.00452925,1.39553461,1.52536943,7
TNG50-1,40,1.5,85095,-0.06840796,0.03219694,1.39553461,1.52536943,8
TNG50-1,40,1.5,85095,0.0825464,-0.10250861,1.39553461,1.52536943,9
TNG50-1,40,1.5,85095,0.08618329,-0.00243592,1.39553461,1.52536943,10
TNG50-1,40,1.5,85095,-0.00897596,-0.04216151,1.39553461,1.52536943,11
TNG50-1,40,1.5,85095,-0.01915937,-0.06094065,1.39553461,1.52536943,12
TNG50-1,40,1.5,85095,0.07307221,-0.04390762,1.39553461,1.52536943,13
TNG50-1,40,1.5,85095,-0.05535228,-0.01670617,1.39553461,1.52536943,14
TNG50-1,40,1.5,1,0.04579513,0.01141142,1.3573644,-0.11003913,0
TNG50-1,40,1.5,1,-0.06631964,0.1258737,1.3573644,-0.11003913,1
TNG50-1,40,1.5,1,0.00153157,0.09384223,1.3573644,-0.11003913,2
TNG50-1,40,1.5,1,-0.02420847,-0.04266217,1.3573644,-0.11003913,3
TNG50-1,40,1.5,1,-0.01638365,-0.01436917,1.3573644,-0.11003913,4
TNG50-1,40,1.5,1,0.05013789,-0.0731721,1.3573644,-0.11003913,5
TNG50-1,40,1.5,1,0.02690577,-0.02953535,1.3573644,-0.11003913,6
TNG50-1,40,1.5,1,0.06686991,0.01578025,1.3573644,-0.11003913,7
TNG50-1,40,1.5,1,-0.00772528,0.06029268,1.3573644,-0.11003913,8
TNG50-1,40,1.5,1,-0.03479713,-0.03645419,1.3573644,-0.11003913,9
TNG50-1,40,1.5,1,-0.01119294,-0.03270732,1.3573644,-0.11003913,10
TNG50-1,40,1.5,1,0.01212484,-0.10736445,1.3573644,-0.11003913,11
TNG50-1,40,1.5,1,0.00882867,-0.0081333,1.3573644,-0.11003913,12
TNG50-1,40,1.5,1,-0.0542194,-0.05312072,1.3573644,-0.11003913,13
TNG50-1,40,1.5,1,0.00452449,-0.02647197,1.3573644,-0.11003913,14
TNG50-1,40,1.5,74669,-0.04384304,0.03886688,0.84887651,1.50142047,0
TNG50-1,40,1.5,74669,-0.00471313,0.0217383,0.84887651,1.50142047,1
TNG50-1,40,1.5,74669,-0.08788642,-0.0188078,0.84887651,1.50142047,2
TNG50-1,40,1.5,74669,-0.07335226,-0.00669115,0.84887651,1.50142047,3
TNG50-1,40,1.5,74669,0.10646236,-0.06874479,0.84887651,1.50142047,4
TNG50-1,40,1.5,74669,-0.06437113,-0.01190869,0.84887651,1.50142047,5
TNG50-1,40,1.5,74669,-0.05483928,-0.01331937,0.84887651,1.50142047,6
TNG50-1,40,1.5,74669,0.09184568,0.01160849,0.84887651,1.50142047,7
TNG50-1,40,1.5,74669,0.14525336,-0.02776636,0.84887651,1.50142047,8
TNG50-1,40,1.5,74669,-0.05857833,0.02357693,0.84887651,1.50142047,9
TNG50-1,40,1.5,74669,-0.01841245,0.05063579,0.84887651,1.50142047,10
TNG50-1,40,1.5,74669,0.01707778,0.00777147,0.84887651,1.50142047,11
TNG50-1,40,1.5,74669,0.08643488,0.01758782,0.84887651,1.50142047,12
TNG50-1,40,1.5,74669,-0.04934285,0.00265777,0.84887651,1.50142047,13
TNG50-1,40,1.5,74669,-0.01226389,4.22e-06,0.84887651,1.50142047,14
TNG50-1,40,1.5,87010,-0.0360779,-0.02357624,0.61069949,-0.27779218,0
TNG50-1,40,1.5,87010,0.01582471,0.01318586,0.61069949,-0.27779218,1
TNG50-1,40,1.5,87010,-0.00486433,0.00262334,0.61069949,-0.27779218,2
TNG50-1,40,1.5,87010,0.10465842,-0.01460856,0.61069949,-0.27779218,3
TNG50-1,40,1.5,87010,0.07866775,-0.00517441,0.61069949,-0.27779218,4
TNG50-1,40,1.5,87010,0.01929233,-0.01259887,0.61069949,-0.27779218,5
TNG50-1,40,1.5,87010,-0.03815286,0.00762813,0.61069949,-0.27779218,6
TNG50-1,40,1.5,87010,-0.05562057,0.0735746,0.61069949,-0.27779218,7
TNG50-1,40,1.5,87010,0.05955715,-0.12833292,0.61069949,-0.27779218,8
TNG50-1,40,1.5,87010,0.01313746,-0.01184251,0.61069949,-0.27779218,9
TNG50-1,40,1.5,87010,0.02400717,0.00882562,0.61069949,-0.27779218,10
TNG50-1,40,1.5,87010,-0.0872293,0.0147997,0.61069949,-0.27779218,11
TNG50-1,40,1.5,87010,0.04637192,-0.01859573,0.61069949,-0.27779218,12
TNG50-1,40,1.5,87010,0.02272102,-0.08783609,0.61069949,-0.27779218,13
TNG50-1,40,1.5,87010,-0.05552153,0.01639977,0.61069949,-0.27779218,14
TNG50-1,40,1.5,68955,0.08636751,-0.01482855,1.19907617,0.92262969,0
TNG50-1,40,1.5,68955,-0.07669307,0.00332729,1.19907617,0.92262969,1
TNG50-1,40,1.5,68955,0.0431914,-0.03487119,1.19907617,0.92262969,2
TNG50-1,40,1.5,68955,-0.01642626,0.0494792,1.19907617,0.92262969,3
TNG50-1,40,1.5,68955,-0.00306622,-0.05891518,1.19907617,0.92262969,4
TNG50-1,40,1.5,68955,-0.05264493,0.03911752,1.19907617,0.92262969,5
TNG50-1,40,1.5,68955,-0.01672281,-0.00953255,1.19907617,0.92262969,6
TNG50-1,40,1.5,68955,0.06500223,0.05856235,1.19907617,0.92262969,7
TNG50-1,40,1.5,68955,0.02913276,0.03754345,1.19907617,0.92262969,8
TNG50-1,40,1.5,68955,0.08661558,0.09103231,1.19907617,0.92262969,9
TNG50-1,40,1.5,68955,0.05887059,0.03653873,1.19907617,0.92262969,10
TNG50-1,40,1.5,68955,0.02195433,-0.07860201,1.19907617,0.92262969,11
TNG50-1,40,1.5,68955,0.08719673,-0.00334766,1.19907617,0.92262969,12
TNG50-1,40,1.5,68955,0.02194966,-0.05860036,1.19907617,0.92262969,13
TNG50-1,40,1.5,68955,0.04139941,-0.02591399,1.19907617,0.92262969,14
TNG50-1,40,1.5,51912,0.07556142,-0.10316191,0.53929143,-1.30432872,0
TNG50-1,40,1.5,51912,0.03187669,-0.02955517,0.53929143,-1.30432872,1
TNG50-1,40,1.5,51912,-0.03494652,0.02954532,0.53929143,-1.30432872,2
TNG50-1,40,1.5,51912,-0.05068587,-0.07907972,0.53929143,-1.30432872,3
TNG50-1,40,1.5,51912,0.0016391,0.07379745,0.53929143,-1.30432872,4
TNG50-1,40,1.5,51912,-0.06082801,0.01841783,0.53929143,-1.30432872,5
TNG50-1,40,1.5,51912,-0.03355701,0.0423292,0.53929143,-1.30432872,6
TNG50-1,40,1.5,51912,0.01560047,-0.02854718,0.53929143,-1.30432872,7
TNG50-1,40,1.5,51912,0.0577656,0.04068818,0.53929143,-1.30432872,8
TNG50-1,40,1.5,51912,0.03043807,0.05342358,0.53929143,-1.30432872,9
TNG50-1,40,1.5,51912,-0.11456448,0.0116439,0.53929143,-1.30432872,10
TNG50-1,40,1.5,51912,0.01521834,0.01172004,0.53929143,-1.30432872,11
TNG50-1,40,1.5,51912,0.00360168,0.01351716,0.53929143,-1.30432872,12
TNG50-1,40,1.5,51912,0.02069451,-0.04316726,0.53929143,-1.30432872,13
TNG50-1,40,1.5,51912,0.08081048,-0.00737643,0.53929143,-1.30432872,14
TNG50-1,40,1.5,66106,-0.00762613,0.11638266,1.35274172,0.1742381,0
TNG50-1,40,1.5,66106,0.01916969,-0.01025808,1.35274172,0.1742381,1
TNG50-1,40,1.5,66106,0.04999121,-0.10017611,1.35274172,0.1742381,2
TNG50-1,40,1.5,66106,-0.0529268,0.08021272,1.35274172,0.1742381,3
TNG50-1,40,1.5,66106,-0.00625045,-0.02288497,1.35274172,0.1742381,4
TNG50-1,40,1.5,66106,0.07407278,0.00539402,1.35274172,0.1742381,5
TNG50-1,40,1.5,66106,-0.03717941,0.06547753,1.35274172,0.1742381,6
TNG50-1,40,1.5,66106,-0.0411125,-0.08011298,1.35274172,0.1742381,7
TNG50-1,40,1.5,66106,0.01011531,-0.06258236,1.35274172,0.1742381,8
TNG50-1,40,1.5,66106,0.04221926,-0.0800639,1.35274172,0.1742381,9
TNG50-1,40,1.5,66106,0.0005713,-0.03970681,1.35274172,0.1742381,10
TNG50-1,40,1.5,66106,0.06644803,0.02198183,1.35274172,0.1742381,11
TNG50-1,40,1.5,66106,0.0428397,0.02620939,1.35274172,0.1742381,12
TNG50-1,40,1.5,66106,0.042091,0.01381371,1.35274172,0.1742381,13
TNG50-1,40,1.5,66106,0.02770583,-0.07063829,1.35274172,0.1742381,14
TNG50-1,40,1.5,62918,-0.11550517,-0.01329194,0.61143082,0.94894881,0
TNG50-1,40,1.5,62918,0.00271768,-0.00587711,0.61143082,0.94894881,1
TNG50-1,40,1.5,62918,-0.0235888,0.04147595,0.61143082,0.94894881,2
TNG50-1,40,1.5,62918,0.02296929,-0.09965302,0.61143082,0.94894881,3
TNG50-1,40,1.5,62918,0.03509768,-0.06482362,0.61143082,0.94894881,4
TNG50-1,40,1.5,62918,0.00691207,-0.07410927,0.61143082,0.94894881,5
TNG50-1,40,1.5,62918,0.03800665,-0.11668081,0.61143082,0.94894881,6
TNG50-1,40,1.5,62918,0.01146057,-0.03391322,0.61143082,0.94894881,7
TNG50-1,40,1.5,62918,0.02650324,0.03747169,0.61143082,0.94894881,8
TNG50-1,40,1.5,62918,-0.03523366,-0.0142442,0.61143082,0.94894881,9
TNG50-1,40,1.5,62918,-0.00898057,0.0098895,0.61143082,0.94894881,10
TNG50-1,40,1.5,62918,0.0098388,0.05446087,0.61143082,0.94894881,11
TNG50-1,40,1.5,62918,0.04102642,0.06638431,0.61143082,0.94894881,12
TNG50-1,40,1.5,62918,-0.01968706,-0.0034569,0.61143082,0.94894881,13
TNG50-1,40,1.5,62918,0.02605836,0.06767929,0.61143082,0.94894881,14
TNG50-1,40,1.5,91585,0.00460633,-0.03025004,0.39868136,1.33423964,0
TNG50-1,40,1.5,91585,-0.04186991,-0.02669501,0.39868136,1.33423964,1
TNG50-1,40,1.5,91585,-0.02972002,-0.05348762,0.39868136,1.33423964,2
TNG50-1,40,1.5,91585,-0.07402683,-0.03271416,0.39868136,1.33423964,3
TNG50-1,40,1.5,91585,-0.04440669,0.02139452,0.39868136,1.33423964,4
TNG50-1,40,1.5,91585,-0.01790083,-0.00946222,0.39868136,1.33423964,5
TNG50-1,40,1.5,91585,0.04017925,0.0164331,0.39868136,1.33423964,6
TNG50-1,40,1.5,91585,0.08603849,0.01809609,0.39868136,1.33423964,7
TNG50-1,40,1.5,91585,-0.06910908,0.06603308,0.39868136,1.33423964,8
TNG50-1,40,1.5,91585,0.01964137,-0.01713931,0.39868136,1.33423964,9
TNG50-1,40,1.5,91585,-0.0520272,-0.07384289,0.39868136,1.33423964,10
TNG50-1,40,1.5,91585,0.02373485,0.05336112,0.39868136,1.33423964,11
TNG50-1,40,1.5,91585,-0.00655433,-0.01657441,0.39868136,1.33423964,12
TNG50-1,40,1.5,91585,-0.09154529,0.05572962,0.39868136,1.33423964,13
TNG50-1,40,1.5,91585,0.04641485,0.01916886,0.39868136,1.33423964,14
TNG50-1,40,1.5,77694,-0.00655688,-0.02293376,0.65104372,1.01342467,0
TNG50-1,40,1.5,77694,0.01743879,-0.01465958,0.65104372,1.01342467,1
TNG50-1,40,1.5,77694,0.09755063,0.09686156,0.65104372,1.01342467,2
TNG50-1,40,1.5,77694,0.10384903,0.05529967,0.65104372,1.01342467,3
TNG50-1,40,1.5,77694,0.00346906,-0.04810456,0.65104372,1.01342467,4
TNG50-1,40,1.5,77694,0.00800953,0.01738542,0.65104372,1.01342467,5
TNG50-1,40,1.5,77694,0.05381201,-0.02035391,0.65104372,1.01342467,6
TNG50-1,40,1.5,77694,-0.04228305,-0.01421819,0.65104372,1.01342467,7
TNG50-1,40,1.5,77694,0.01665352,0.00926628,0.65104372,1.01342467,8
TNG50-1,40,1.5,77694,-0.00129314,0.03095856,0.65104372,1.01342467,9
TNG50-1,40,1.5,77694,0.01569541,-0.01696292,0.65104372,1.01342467,10
TNG50-1,40,1.5,77694,-0.04166844,0.05319258,0.65104372,1.01342467,11
TNG50-1,40,1.5,77694,-0.07947837,-0.05709691,0.65104372,1.01342467,12
TNG50-1,40,1.5,77694,-0.10364917,0.00031695,0.65104372,1.01342467,13
TNG50-1,40,1.5,77694,-0.05586921,0.12988369,0.65104372,1.01342467,14
TNG50-1,40,1.5,89366,0.01115399,0.04677736,0.74437071,-1.45464936,0
TNG50-1,40,1.5,89366,0.07166073,-0.0915703,0.74437071,-1.45464936,1
TNG50-1,40,1.5,89366,0.00457601,-0.01678037,0.74437071,-1.45464936,2
TNG50-1,40,1.5,89366,0.02903885,-0.0995406,0.74437071,-1.45464936,3
TNG50-1,40,1.5,89366,-0.00283916,-0.07475304,0.74437071,-1.45464936,4
TNG50-1,40,1.5,89366,-0.00852038,0.06819311,0.74437071,-1.45464936,5
TNG50-1,40,1.5,89366,-0.03897412,0.04475925,0.74437071,-1.45464936,6
TNG50-1,40,1.5,89366,0.02151507,-0.03597401,0.74437071,-1.45464936,7
TNG50-1,40,1.5,89366,-0.04257686,-0.07512517,0.74437071,-1.45464936,8
TNG50-1,40,1.5,89366,0.03327926,-0.14822644,0.74437071,-1.45464936,9
TNG50-1,40,1.5,89366,0.05426435,-0.02717478,0.74437071,-1.45464936,10
TNG50-1,40,1.5,89366,0.01832657,0.12102075,0.74437071,-1.45464936,11
TNG50-1,40,1.5,89366,-0.01431244,0.02174421,0.74437071,-1.45464936,12
TNG50-1,40,1.5,89366,0.02269828,-0.02797861,0.74437071,-1.45464936,13
TNG50-1,40,1.5,89366,-0.01543365,0.02325401,0.74437071,-1.45464936,14
TNG50-1,40,1.5,121114,-0.07804792,-0.02212679,0.55705752,-0.39991739,0
TNG50-1,40,1.5,121114,-0.01486617,0.07275228,0.55705752,-0.39991739,1
TNG50-1,40,1.5,121114,0.00497387,0.00657429,0.55705752,-0.39991739,2
TNG50-1,40,1.5,121114,-0.00430503,0.01291144,0.55705752,-0.39991739,3
TNG50-1,40,1.5,121114,0.03954031,0.0782359,0.55705752,-0.39991739,4
TNG50-1,40,1.5,121114,0.01723226,-0.01808852,0.55705752,-0.39991739,5
TNG50-1,40,1.5,121114,0.0334163,-0.0470561,0.55705752,-0.39991739,6
TNG50-1,40,1.5,121114,-0.03441861,-0.02242821,0.55705752,-0.39991739,7
TNG50-1,40,1.5,121114,0.04489077,0.0226167,0.55705752,-0.39991739,8
TNG50-1,40,1.5,121114,0.08144685,-0.07828795,0.55705752,-0.39991739,9
TNG50-1,40,1.5,121114,-0.04850748,0.03187355,0.55705752,-0.39991739,10
TNG50-1,40,1.5,121114,-0.04438478,-0.02693857,0.55705752,-0.39991739,11
TNG50-1,40,1.5,121114,0.06678922,0.05739063,0.55705752,-0.39991739,12
TNG50-1,40,1.5,121114,-0.0095672,-0.11971302,0.55705752,-0.39991739,13
TNG50-1,40,1.5,121114,0.07019107,-0.03932829,0.55705752,-0.39991739,14
TNG50-1,40,1.5,102573,-0.08432341,-0.01535416,1.36689263,-1.41780556,0
TNG50-1,40,1.5,102573,-0.04131147,-0.03767638,1.36689263,-1.41780556,1
TNG50-1,40,1.5,102573,0.0123833,-0.05161313,1.36689263,-1.41780556,2
TNG50-1,40,1.5,102573,-0.00896133,-0.06222359,1.36689263,-1.41780556,3
TNG50-1,40,1.5,102573,-0.01266888,-0.04443987,1.36689263,-1.41780556,4
TNG50-1,40,1.5,102573,-0.00795924,-0.00353402,1.36689263,-1.41780556,5
TNG50-1,40,1.5,102573,0.01016941,0.01671476,1.36689263,-1.41780556,6
TNG50-1,40,1.5,102573,-0.0504268,0.0025571,1.36689263,-1.41780556,7
TNG50-1,40,1.5,102573,0.03534248,-0.03827676,1.36689263,-1.41780556,8
TNG50-1,40,1.5,102573,0.0331333,0.04500923,1.36689263,-1.41780556,9
TNG50-1,40,1.5,102573,0.0192519,0.03697063,1.36689263,-1.41780556,10
TNG50-1,40,1.5,102573,0.02782667,-0.00798242,1.36689263,-1.41780556,11
TNG50-1,40,1.5,102573,0.0148209,-0.03264581,1.36689263,-1.41780556,12
TNG50-1,40,1.5,102573,0.10175367,0.0274214,1.36689263,-1.41780556,13
TNG50-1,40,1.5,102573,-0.00435471,0.00939868,1.36689263,-1.41780556,14
TNG50-1,40,1.5,80802,-0.07240636,0.09986483,1.23085612,-1.22747588,0
TNG50-1,40,1.5,80802,-0.00339901,-0.05883074,1.23085612,-1.22747588,1
TNG50-1,40,1.5,80802,0.01310179,-0.04187317,1.23085612,-1.22747588,2
TNG50-1,40,1.5,80802,-0.04498474,0.01177242,1.23085612,-1.22747588,3
TNG50-1,40,1.5,80802,0.00949217,0.08055581,1.23085612,-1.22747588,4
TNG50-1,40,1.5,80802,-0.07274112,-0.06111872,1.23085612,-1.22747588,5
TNG50-1,40,1.5,80802,0.06680931,0.01245181,1.23085612,-1.22747588,6
TNG50-1,40,1.5,80802,0.0623975,0.09106494,1.23085612,-1.22747588,7
TNG50-1,40,1.5,80802,-0.01262587,-0.08258796,1.23085612,-1.22747588,8
TNG50-1,40,1.5,80802,0.01817272,-0.06405346,1.23085612,-1.22747588,9
TNG50-1,40,1.5,80802,-0.1204961,-0.02118033,1.23085612,-1.22747588,10
TNG50-1,40,1.5,80802,-0.05781738,-0.02602942,1.23085612,-1.22747588,11
TNG50-1,40,1.5,80802,-0.01468895,0.04063006,1.23085612,-1.22747588,12
TNG50-1,40,1.5,80802,-0.05360665,0.01208299,1.23085612,-1.22747588,13
TNG50-1,40,1.5,80802,0.03571982,-0.0887481,1.23085612,-1.22747588,14
TNG50-1,40,1.5,98181,0.02577052,-0.06413173,1.2961903,0.55073888,0
TNG50-1,40,1.5,98181,-0.02887694,0.03569101,1.2961903,0.55073888,1
TNG50-1,40,1.5,98181,0.06372236,0.01208223,1.2961903,0.55073888,2
TNG50-1,40,1.5,98181,-0.03137938,-0.03069884,1.2961903,0.55073888,3
TNG50-1,40,1.5,98181,-0.03183076,0.07255894,1.2961903,0.55073888,4
TNG50-1,40,1.5,98181,0.02705658,-0.02203262,1.2961903,0.55073888,5
TNG50-1,40,1.5,98181,0.03814632,0.00160538,1.2961903,0.55073888,6
TNG50-1,40,1.5,98181,0.02240497,0.01344567,1.2961903,0.55073888,7
TNG50-1,40,1.5,98181,-0.08427987,-0.0309833,1.2961903,0.55073888,8
TNG50-1,40,1.5,98181,0.02690172,0.02355681,1.2961903,0.55073888,9
TNG50-1,40,1.5,98181,-0.0517154,-0.02667262,1.2961903,0.55073888,10
TNG50-1,40,1.5,98181,0.01176381,-0.02058192,1.2961903,0.55073888,11
TNG50-1,40,1.5,98181,-0.07118672,0.06813213,1.2961903,0.55073888,12
TNG50-1,40,1.5,98181,0.02231611,-0.0520293,1.2961903,0.55073888,13
TNG50-1,40,1.5,98181,-0.04032995,-0.12063902,1.2961903,0.55073888,14
TNG50-1,40,1.5,93692,0.08054685,-0.00710016,0.95367801,0.66997038,0
TNG50-1,40,1.5,93692,0.1274664,0.03076284,0.95367801,0.66997038,1
TNG50-1,40,1.5,93692,-0.02026346,-0.08653358,0.95367801,0.66997038,2
TNG50-1,40,1.5,93692,-0.0968419,0.00821954,0.95367801,0.66997038,3
TNG50-1,40,1.5,93692,-0.0155242,-0.0195232,0.95367801,0.66997038,4
TNG50-1,40,1.5,93692,-0.01431115,0.09239125,0.95367801,0.66997038,5
TNG50-1,40,1.5,93692,-0.00949619,-0.00870864,0.95367801,0.66997038,6
TNG50-1,40,1.5,93692,-0.0556694,0.08339438,0.95367801,0.66997038,7
TNG50-1,40,1.5,93692,0.02897806,-0.05518703,0.95367801,0.66997038,8
TNG50-1,40,1.5,93692,0.02622537,0.02936296,0.95367801,0.66997038,9
TNG50-1,40,1.5,93692,-0.07472028,0.01597001,0.95367801,0.66997038,10
TNG50-1,40,1.5,93692,0.03495984,-0.04345236,0.95367801,0.66997038,11
TNG50-1,40,1.5,93692,0.10263425,0.00886981,0.95367801,0.66997038,12
TNG50-1,40,1.5,93692,0.00859802,0.06062594,0.95367801,0.66997038,13
TNG50-1,40,1.5,93692,-0.01686626,-0.01618959,0.95367801,0.66997038,14
TNG50-1,40,1.5,95933,-0.08459813,0.01746753,0.68622471,0.85991889,0
TNG50-1,40,1.5,95933,-0.00087814,0.11913011,0.68622471,0.85991889,1
TNG50-1,40,1.5,95933,-0.04512115,0.02100943,0.68622471,0.85991889,2
TNG50-1,40,1.5,95933,-0.01711705,0.01938516,0.68622471,0.85991889,3
TNG50-1,40,1.5,95933,-0.00407939,-0.0083464,0.68622471,0.85991889,4
TNG50-1,40,1.5,95933,-0.08528261,0.04083879,0.68622471,0.85991889,5
TNG50-1,40,1.5,95933,-0.08078292,0.03125426,0.68622471,0.85991889,6
TNG50-1,40,1.5,95933,0.02410334,0.06258625,0.68622471,0.85991889,7
TNG50-1,40,1.5,95933,-0.02613593,-0.02606615,0.68622471,0.85991889,8
TNG50-1,40,1.5,95933,-0.12823722,-0.02177037,0.68622471,0.85991889,9
TNG50-1,40,1.5,95933,0.0392422,-0.02395516,0.68622471,0.85991889,10
TNG50-1,40,1.5,95933,0.01361849,0.03954009,0.68622471,0.85991889,11
TNG50-1,40,1.5,95933,-0.03569374,0.07491872,0.68622471,0.85991889,12
TNG50-1,40,1.5,95933,-0.06584151,-0.02294202,0.68622471,0.85991889,13
TNG50-1,40,1.5,95933,0.04179039,-0.02123869,0.68622471,0.85991889,14
TNG50-1,40,1.5,44887,0.01570386,-0.04879794,0.82257072,1.14811561,0
TNG50-1,40,1.5,44887,-0.01228808,-0.04552874,0.82257072,1.14811561,1
TNG50-1,40,1.5,44887,0.04760268,0.02792745,0.82257072,1.14811561,2
TNG50-1,40,1.5,44887,-0.11258886,-0.01107681,0.82257072,1.14811561,3
TNG50-1,40,1.5,44887,-0.04133525,0.03237423,0.82257072,1.14811561,4
TNG50-1,40,1.5,44887,-0.03912082,-0.00068234,0.82257072,1.14811561,5
TNG50-1,40,1.5,44887,-0.1160178,0.03508318,0.82257072,1.14811561,6
TNG50-1,40,1.5,44887,-0.04818192,-0.05175391,0.82257072,1.14811561,7
TNG50-1,40,1.5,44887,-0.04575781,-0.00060423,0.82257072,1.14811561,8
TNG50-1,40,1.5,44887,-0.01005523,-0.0105345,0.82257072,1.14811561,9
TNG50-1,40,1.5,44887,0.05564829,-0.06079455,0.82257072,1.14811561,10
TNG50-1,40,1.5,44887,-0.01225303,-0.0781739,0.82257072,1.14811561,11
TNG50-1,40,1.5,44887,-0.05154069,0.03428745,0.82257072,1.14811561,12
TNG50-1,40,1.5,44887,-0.00284773,-0.01754762,0.82257072,1.14811561,13
TNG50-1,40,1.5,44887,0.05245868,-0.05111401,0.82257072,1.14811561,14
TNG50-1,40,1.5,110111,-0.00480895,0.00790595,0.53656834,0.75219614,0
TNG50-1,40,1.5,110111,0.05640094,0.03888837,0.53656834,0.75219614,1
TNG50-1,40,1.5,110111,-0.11403689,0.04035041,0.53656834,0.75219614,2
TNG50-1,40,1.5,110111,-0.07483193,-0.0809936,0.53656834,0.75219614,3
TNG50-1,40,1.5,110111,-0.04614432,-0.11236343,0.53656834,0.75219614,4
TNG50-1,40,1.5,110111,0.07305894,0.05008727,0.53656834,0.75219614,5
TNG50-1,40,1.5,110111,0.01412935,0.05938625,0.53656834,0.75219614,6
TNG50-1,40,1.5,110111,0.03836586,-0.05103115,0.53656834,0.75219614,7
TNG50-1,40,1.5,110111,-0.05700805,-0.09299177,0.53656834,0.75219614,8
TNG50-1,40,1.5,110111,-0.05597679,0.00495174,0.53656834,0.75219614,9
TNG50-1,40,1.5,110111,0.02239069,0.04654191,0.53656834,0.75219614,10
TNG50-1,40,1.5,110111,0.00291372,0.08987973,0.53656834,0.75219614,11
TNG50-1,40,1.5,110111,0.02743694,0.02581488,0.53656834,0.75219614,12
TNG50-1,40,1.5,110111,-0.00938355,-0.01858583,0.53656834,0.75219614,13
TNG50-1,40,1.5,110111,0.01390719,-0.04465653,0.53656834,0.75219614,14
TNG50-1,40,1.5,36235,0.00057256,-0.08918056,1.27060278,0.94521598,0
TNG50-1,40,1.5,36235,-0.01496324,0.00418105,1.27060278,0.94521598,1
TNG50-1,40,1.5,36235,-0.0507534,-0.0278096,1.27060278,0.94521598,2
TNG50-1,40,1.5,36235,0.10243778,-0.06399205,1.27060278,0.94521598,3
TNG50-1,40,1.5,36235,0.08925842,0.08409083,1.27060278,0.94521598,4
TNG50-1,40,1.5,36235,0.05680243,0.08644977,1.27060278,0.94521598,5
TNG50-1,40,1.5,36235,-0.04604252,0.06796103,1.27060278,0.94521598,6
TNG50-1,40,1.5,36235,0.04275097,0.01276067,1.27060278,0.94521598,7
TNG50-1,40,1.5,36235,0.03198132,0.06753126,1.27060278,0.94521598,8
TNG50-1,40,1.5,36235,0.02212728,0.00060266,1.27060278,0.94521598,9
TNG50-1,40,1.5,36235,0.06248326,0.01013986,1.27060278,0.94521598,10
TNG50-1,40,1.5,36235,0.03176856,-0.05467357,1.27060278,0.94521598,11
TNG50-1,40,1.5,36235,0.03700071,0.01984957,1.27060278,0.94521598,12
TNG50-1,40,1.5,36235,0.03184531,0.0030193,1.27060278,0.94521598,13
TNG50-1,40,1.5,36235,0.01703957,-0.06513261,1.27060278,0.94521598,14
TNG50-1,40,1.5,119693,-0.00255986,-0.00613423,0.69962568,-1.4169723,0
TNG50-1,40,1.5,119693,-0.00398648,0.04978507,0.69962568,-1.4169723,1
TNG50-1,40,1.5,119693,0.08987806,0.05296119,0.69962568,-1.4169723,2
TNG50-1,40,1.5,119693,0.04471067,0.05129184,0.69962568,-1.4169723,3
TNG50-1,40,1.5,119693,0.00057227,0.00194566,0.69962568,-1.4169723,4
TNG50-1,40,1.5,119693,0.01243937,-0.04225227,0.69962568,-1.4169723,5
TNG50-1,40,1.5,119693,0.00221062,-0.05418494,0.69962568,-1.4169723,6
TNG50-1,40,1.5,119693,-0.0101457,0.01723025,0.69962568,-1.4169723,7
TNG50-1,40,1.5,119693,-0.05412136,0.018964,0.69962568,-1.4169723,8
TNG50-1,40,1.5,119693,-0.00755259,0.06436656,0.69962568,-1.4169723,9
TNG50-1,40,1.5,119693,-0.03730491,0.05499898,0.69962568,-1.4169723,10
TNG50-1,40,1.5,119693,-0.06251578,-0.00661143,0.69962568,-1.4169723,11
TNG50-1,40,1.5,119693,0.02556109,-0.06221029,0.69962568,-1.4169723,12
TNG50-1,40,1.5,119693,0.01956323,-0.01595533,0.69962568,-1.4169723,13
TNG50-1,40,1.5,119693,-0.08933538,0.01086156,0.69962568,-1.4169723,14
TNG50-1,40,1.5,133930,-0.01010416,0.0014555,1.23835681,-0.83398242,0
TNG50-1,40,1.5,133930,-0.02889471,0.00154586,1.23835681,-0.83398242,1
TNG50-1,40,1.5,133930,0.01264424,-0.00588054,1.23835681,-0.83398242,2
TNG50-1,40,1.5,133930,-0.02519789,0.06070949,1.23835681,-0.83398242,3
TNG50-1,40,1.5,133930,-0.0314033,-0.13364172,1.23835681,-0.83398242,4
TNG50-1,40,1.5,133930,0.01557264,0.01979669,1.23835681,-0.83398242,5
TNG50-1,40,1.5,133930,-0.02009963,0.07807191,1.23835681,-0.83398242,6
TNG50-1,40,1.5,133930,0.01220522,-0.05638904,1.23835681,-0.83398242,7
TNG50-1,40,1.5,133930,0.0136602,-0.01899033,1.23835681,-0.83398242,8
TNG50-1,40,1.5,133930,-0.05697145,-0.0376446,1.23835681,-0.83398242,9
TNG50-1,40,1.5,133930,-0.02406206,-0.0447173,1.23835681,-0.83398242,10
TNG50-1,40,1.5,133930,0.07188885,-0.0163131,1.23835681,-0.83398242,11
TNG50-1,40,1.5,133930,-0.05810398,0.07137426,1.23835681,-0.83398242,12
TNG50-1,40,1.5,133930,-0.10583272,0.09186933,1.23835681,-0.83398242,13
TNG50-1,40,1.5,133930,-0.09309226,-0.01679696,1.23835681,-0.83398242,14
TNG50-1,40,1.5,51913,0.09525301,0.00069926,1.17091541,0.38295315,0
TNG50-1,40,1.5,51913,0.00177882,0.01682916,1.17091541,0.38295315,1
TNG50-1,40,1.5,51913,0.08768455,0.02124829,1.17091541,0.38295315,2
TNG50-1,40,1.5,51913,-0.00466493,-0.09684835,1.17091541,0.38295315,3
TNG50-1,40,1.5,51913,0.00655289,0.03332863,1.17091541,0.38295315,4
TNG50-1,40,1.5,51913,0.01827372,-0.04910097,1.17091541,0.38295315,5
TNG50-1,40,1.5,51913,0.15894268,-0.07211496,1.17091541,0.38295315,6
TNG50-1,40,1.5,51913,0.04256428,-0.00292056,1.17091541,0.38295315,7
TNG50-1,40,1.5,51913,-0.03536323,0.00419905,1.17091541,0.38295315,8
TNG50-1,40,1.5,51913,0.04844989,-0.03467531,1.17091541,0.38295315,9
TNG50-1,40,1.5,51913,-0.01809163,0.04155159,1.17091541,0.38295315,10
TNG50-1,40,1.5,51913,-0.02448751,-0.06710876,1.17091541,0.38295315,11
TNG50-1,40,1.5,51913,0.04543007,-0.02034719,1.17091541,0.38295315,12
TNG50-1,40,1.5,51913,0.00155428,-0.02924371,1.17091541,0.38295315,13
TNG50-1,40,1.5,51913,0.0139288,-0.00232936,1.17091541,0.38295315,14
TNG50-1,40,1.5,113443,0.01394321,0.01444583,0.73017073,1.12508383,0
TNG50-1,40,1.5,113443,-0.05039465,0.06224737,0.73017073,1.12508383,1
TNG50-1,40,1.5,113443,0.03621413,-0.02156697,0.73017073,1.12508383,2
TNG50-1,40,1.5,113443,0.00315012,-0.12508499,0.73017073,1.12508383,3
TNG50-1,40,1.5,113443,-0.09459731,-0.08519964,0.73017073,1.12508383,4
TNG50-1,40,1.5,113443,-0.09792957,-0.04165184,0.73017073,1.12508383,5
TNG50-1,40,1.5,113443,-0.00061596,-0.02788644,0.73017073,1.12508383,6
TNG50-1,40,1.5,113443,-0.01104837,-0.02041943,0.73017073,1.12508383,7
TNG50-1,40,1.5,113443,-0.00517101,0.00192906,0.73017073,1.12508383,8
TNG50-1,40,1.5,113443,-0.00139912,-0.01558732,0.73017073,1.12508383,9
TNG50-1,40,1.5,113443,0.01127799,0.05246698,0.73017073,1.12508383,10
TNG50-1,40,1.5,113443,0.04738248,-0.03380087,0.73017073,1.12508383,11
TNG50-1,40,1.5,113443,-0.05555525,-0.0431159,0.73017073,1.12508383,12
TNG50-1,40,1.5,113443,-0.05859858,0.02394378,0.73017073,1.12508383,13
TNG50-1,40,1.5,113443,-0.05466619,-0.0767821,0.73017073,1.12508383,14
TNG50-1,40,1.5,139282,0.01948459,0.05787539,0.26902506,-1.55665877,0
TNG50-1,40,1.5,139282,0.00512766,0.07181509,0.26902506,-1.55665877,1
TNG50-1,40,1.5,139282,-0.00737212,0.02647067,0.26902506,-1.55665877,2
TNG50-1,40,1.5,139282,0.07941381,0.06817144,0.26902506,-1.55665877,3
TNG50-1,40,1.5,139282,-0.03111037,-0.09403992,0.26902506,-1.55665877,4
TNG50-1,40,1.5,139282,0.10301491,-0.01589533,0.26902506,-1.55665877,5
TNG50-1,40,1.5,139282,-0.01127157,-0.04335026,0.26902506,-1.55665877,6
TNG50-1,40,1.5,139282,-0.06385082,0.00596129,0.26902506,-1.55665877,7
TNG50-1,40,1.5,139282,0.00349598,-0.02857246,0.26902506,-1.55665877,8
TNG50-1,40,1.5,139282,-0.05381226,-0.00830789,0.26902506,-1.55665877,9
TNG50-1,40,1.5,139282,-0.03758779,0.09410874,0.26902506,-1.55665877,10
TNG50-1,40,1.5,139282,0.01985167,-0.00848599,0.26902506,-1.55665877,11
TNG50-1,40,1.5,139282,0.0277791,0.02068962,0.26902506,-1.55665877,12
TNG50-1,40,1.5,139282,-0.03110839,-0.01161347,0.26902506,-1.55665877,13
TNG50-1,40,1.5,139282,0.04937026,0.00378566,0.26902506,-1.55665877,14
TNG50-1,40,1.5,140124,0.00030083,-0.01778492,0.8427959,0.04595943,0
TNG50-1,40,1.5,140124,0.0224162,0.01679206,0.8427959,0.04595943,1
TNG50-1,40,1.5,140124,0.05826538,-0.14652972,0.8427959,0.04595943,2
TNG50-1,40,1.5,140124,0.0823697,0.01914429,0.8427959,0.04595943,3
TNG50-1,40,1.5,140124,0.015481,-0.18242064,0.8427959,0.04595943,4
TNG50-1,40,1.5,140124,0.02947734,-0.08617317,0.8427959,0.04595943,5
TNG50-1,40,1.5,140124,-0.05754323,0.02258843,0.8427959,0.04595943,6
TNG50-1,40,1.5,140124,-0.00439384,0.02387647,0.8427959,0.04595943,7
TNG50-1,40,1.5,140124,0.04701447,-0.05812144,0.8427959,0.04595943,8
TNG50-1,40,1.5,140124,0.04329843,-0.0356051,0.8427959,0.04595943,9
TNG50-1,40,1.5,140124,0.01058049,0.06852705,0.8427959,0.04595943,10
TNG50-1,40,1.5,140124,0.0443197,-0.02420151,0.8427959,0.04595943,11
TNG50-1,40,1.5,140124,0.02453834,0.11214602,0.8427959,0.04595943,12
TNG50-1,40,1.5,140124,0.06001531,-9.599e-05,0.8427959,0.04595943,13
TNG50-1,40,1.5,140124,0.01446796,0.02040181,0.8427959,0.04595943,14
TNG50-1,40,1.5,114862,0.08084372,-0.05207938,1.35500771,0.55696479,0
TNG50-1,40,1.5,114862,0.00655136,0.05523396,1.35500771,0.55696479,1
TNG50-1,40,1.5,114862,-0.0501172,-0.02061684,1.35500771,0.55696479,2
TNG50-1,40,1.5,114862,-0.00548637,-0.0708421,1.35500771,0.55696479,3
TNG50-1,40,1.5,114862,-0.00178054,0.02219064,1.35500771,0.55696479,4
TNG50-1,40,1.5,114862,-0.06823708,0.02316849,1.35500771,0.55696479,5
TNG50-1,40,1.5,114862,-0.0127916,-0.07653576,1.35500771,0.55696479,6
TNG50-1,40,1.5,114862,-0.0371096,0.01147409,1.35500771,0.55696479,7
TNG50-1,40,1.5,114862,0.04621789,0.03677915,1.35500771,0.55696479,8
TNG50-1,40,1.5,114862,0.00173059,0.01871932,1.35500771,0.55696479,9
TNG50-1,40,1.5,114862,-0.01413979,0.03159907,1.35500771,0.55696479,10
TNG50-1,40,1.5,114862,-0.0053091,-0.07021345,1.35500771,0.55696479,11
TNG50-1,40,1.5,114862,0.0111561,0.01655201,1.35500771,0.55696479,12
TNG50-1,40,1.5,114862,0.03084071,-0.01513099,1.35500771,0.55696479,13
TNG50-1,40,1.5,114862,-0.04998561,-0.02413951,1.35500771,0.55696479,14
TNG50-1,40,1.5,125535,0.04352778,0.0170105,0.83761259,-1.47778228,0
TNG50-1,40,1.5,125535,0.07396373,0.03350396,0.83761259,-1.47778228,1
TNG50-1,40,1.5,125535,0.0897185,-0.01874207,0.83761259,-1.47778228,2
TNG50-1,40,1.5,125535,0.06574039,0.03781241,0.83761259,-1.47778228,3
TNG50-1,40,1.5,125535,-0.00548671,0.01894213,0.83761259,-1.47778228,4
TNG50-1,40,1.5,125535,0.01763601,-0.06174065,0.83761259,-1.47778228,5
TNG50-1,40,1.5,125535,0.03834114,0.07211524,0.83761259,-1.47778228,6
TNG50-1,40,1.5,125535,0.0060589,-0.02503724,0.83761259,-1.47778228,7
TNG50-1,40,1.5,125535,0.00653821,-0.08275477,0.83761259,-1.47778228,8
TNG50-1,40,1.5,125535,0.04118766,-0.05225219,0.83761259,-1.47778228,9
TNG50-1,40,1.5,125535,-0.00296413,-0.05105226,0.83761259,-1.47778228,10
TNG50-1,40,1.5,125535,-0.03646435,0.00260867,0.83761259,-1.47778228,11
TNG50-1,40,1.5,125535,-0.02072365,-0.01369253,0.83761259,-1.47778228,12
TNG50-1,40,1.5,125535,0.03169552,-0.0168416,0.83761259,-1.47778228,13
TNG50-1,40,1.5,125535,0.00014966,0.0309851,0.83761259,-1.47778228,14
TNG50-1,40,1.5,153454,0.01699377,-6.963e-05,1.36507299,-0.30990066,0
TNG50-1,40,1.5,153454,0.01580239,0.04930682,1.36507299,-0.30990066,1
TNG50-1,40,1.5,153454,0.02049142,-0.02788857,1.36507299,-0.30990066,2
TNG50-1,40,1.5,153454,0.03080673,0.04028393,1.36507299,-0.30990066,3
TNG50-1,40,1.5,153454,-0.10539767,0.03387007,1.36507299,-0.30990066,4
TNG50-1,40,1.5,153454,-0.01822191,-0.04773959,1.36507299,-0.30990066,5
TNG50-1,40,1.5,153454,-0.1090105,0.04869471,1.36507299,-0.30990066,6
TNG50-1,40,1.5,153454,0.001803,0.03492832,1.36507299,-0.30990066,7
TNG50-1,40,1.5,153454,-0.00023165,0.00509629,1.36507299,-0.30990066,8
TNG50-1,40,1.5,153454,0.05227661,-0.03811617,1.36507299,-0.30990066,9
TNG50-1,40,1.5,153454,0.05938172,-0.0429603,1.36507299,-0.30990066,10
TNG50-1,40,1.5,153454,0.01013875,-0.02688313,1.36507299,-0.30990066,11
TNG50-1,40,1.5,153454,-0.02501805,0.02712972,1.36507299,-0.30990066,12
TNG50-1,40,1.5,153454,0.02425806,-0.04778126,1.36507299,-0.30990066,13
TNG50-1,40,1.5,153454,-0.02639588,0.02187561,1.36507299,-0.30990066,14
TNG50-1,40,1.5,108378,-0.06208778,-0.00301259,0.48169036,1.24292364,0
TNG50-1,40,1.5,108378,-0.01020343,-0.05359813,0.48169036,1.24292364,1
TNG50-1,40,1.5,108378,0.00548239,0.02275119,0.48169036,1.24292364,2
TNG50-1,40,1.5,108378,0.12225651,0.0722563,0.48169036,1.24292364,3
TNG50-1,40,1.5,108378,-0.06886578,-0.00386781,0.48169036,1.24292364,4
TNG50-1,40,1.5,108378,0.07360073,-0.00984428,0.48169036,1.24292364,5
TNG50-1,40,1.5,108378,0.00749212,-0.05573085,0.48169036,1.24292364,6
TNG50-1,40,1.5,108378,0.0205586,-0.01146463,0.48169036,1.24292364,7
TNG50-1,40,1.5,108378,0.0059174,-0.07963971,0.48169036,1.24292364,8
TNG50-1,40,1.5,108378,0.02223634,-0.0456439,0.48169036,1.24292364,9
TNG50-1,40,1.5,108378,-0.00768426,0.0113393,0.48169036,1.24292364,10
TNG50-1,40,1.5,108378,0.07270251,0.06595066,0.48169036,1.24292364,11
TNG50-1,40,1.5,108378,-0.02282356,0.14046054,0.48169036,1.24292364,12
TNG50-1,40,1.5,108378,0.05661173,-0.02932925,0.48169036,1.24292364,13
TNG50-1,40,1.5,108378,-0.03221836,0.07176501,0.48169036,1.24292364,14
TNG50-1,40,1.5,135951,0.01218762,0.06131465,0.73056709,0.53913754,0
TNG50-1,40,1.5,135951,-0.00756238,0.07895928,0.73056709,0.53913754,1
TNG50-1,40,1.5,135951,0.02162972,0.02472783,0.73056709,0.53913754,2
TNG50-1,40,1.5,135951,0.00309582,0.04868318,0.73056709,0.53913754,3
TNG50-1,40,1.5,135951,0.00551979,0.062098,0.73056709,0.53913754,4
TNG50-1,40,1.5,135951,-0.02041666,0.05650497,0.73056709,0.53913754,5
TNG50-1,40,1.5,135951,-0.06990548,0.03070496,0.73056709,0.53913754,6
TNG50-1,40,1.5,135951,-0.07718126,0.02991735,0.73056709,0.53913754,7
TNG50-1,40,1.5,135951,0.03266224,0.02598303,0.73056709,0.53913754,8
TNG50-1,40,1.5,135951,-0.013835,-0.05486688,0.73056709,0.53913754,9
TNG50-1,40,1.5,135951,-0.02980444,0.03503616,0.73056709,0.53913754,10
TNG50-1,40,1.5,135951,0.00042528,-0.0677907,0.73056709,0.53913754,11
TNG50-1,40,1.5,135951,0.03974661,-0.03972997,0.73056709,0.53913754,12
TNG50-1,40,1.5,135951,0.0090182,0.06517825,0.73056709,0.53913754,13
TNG50-1,40,1.5,135951,-0.03280275,0.04201101,0.73056709,0.53913754,14
TNG50-1,40,1.5,51914,0.07436991,-0.01350776,1.25537408,-0.82417056,0
TNG50-1,40,1.5,51914,-0.01358372,0.08856706,1.25537408,-0.82417056,1
TNG50-1,40,1.5,51914,-0.05761244,-0.0049223,1.25537408,-0.82417056,2
TNG50-1,40,1.5,51914,-0.01202186,-0.01219481,1.25537408,-0.82417056,3
TNG50-1,40,1.5,51914,0.00510156,-0.10487255,1.25537408,-0.82417056,4
TNG50-1,40,1.5,51914,0.00394944,-0.04471037,1.25537408,-0.82417056,5
TNG50-1,40,1.5,51914,0.05668402,-0.01315367,1.25537408,-0.82417056,6
TNG50-1,40,1.5,51914,-0.01806352,-0.03429263,1.25537408,-0.82417056,7
TNG50-1,40,1.5,51914,0.01760172,0.06908538,1.25537408,-0.82417056,8
TNG50-1,40,1.5,51914,-0.04943136,-0.00824689,1.25537408,-0.82417056,9
TNG50-1,40,1.5,51914,0.02251586,0.06442221,1.25537408,-0.82417056,10
TNG50-1,40,1.5,51914,0.00015543,0.00308523,1.25537408,-0.82417056,11
TNG50-1,40,1.5,51914,-0.03749067,0.00186139,1.25537408,-0.82417056,12
TNG50-1,40,1.5,51914,-0.01179147,-0.00443982,1.25537408,-0.82417056,13
TNG50-1,40,1.5,51914,-0.00920879,0.00018981,1.25537408,-0.82417056,14
TNG50-1,40,1.5,127069,0.08593975,0.00553066,1.32402922,1.10829461,0
TNG50-1,40,1.5,127069,-0.11598054,6.699e-05,1.32402922,1.10829461,1
TNG50-1,40,1.5,127069,-0.10007729,0.07364768,1.32402922,1.10829461,2
TNG50-1,40,1.5,127069,-0.02715854,-0.12254361,1.32402922,1.10829461,3
TNG50-1,40,1.5,127069,0.00072639,-0.07088421,1.32402922,1.10829461,4
TNG50-1,40,1.5,127069,0.03450522,-0.05935352,1.32402922,1.10829461,5
TNG50-1,40,1.5,127069,0.02365436,-0.01816303,1.32402922,1.10829461,6
TNG50-1,40,1.5,127069,-0.0192123,-0.01273041,1.32402922,1.10829461,7
TNG50-1,40,1.5,127069,0.05095218,-0.07536628,1.32402922,1.10829461,8
TNG50-1,40,1.5,127069,0.05150977,-0.0492579,1.32402922,1.10829461,9
TNG50-1,40,1.5,127069,0.00920289,-0.04304208,1.32402922,1.10829461,10
TNG50-1,40,1.5,127069,0.04813288,0.1228712,1.32402922,1.10829461,11
TNG50-1,40,1.5,127069,0.01363226,0.0900871,1.32402922,1.10829461,12
TNG50-1,40,1.5,127069,-0.02807415,-0.02058747,1.32402922,1.10829461,13
TNG50-1,40,1.5,127069,0.03489084,-0.01817916,1.32402922,1.10829461,14
TNG50-1,40,1.5,131685,-0.0574602,-0.06881937,1.24649426,-0.47742336,0
TNG50-1,40,1.5,131685,-0.09540652,-0.01580989,1.24649426,-0.47742336,1
TNG50-1,40,1.5,131685,-0.00584401,0.01826819,1.24649426,-0.47742336,2
TNG50-1,40,1.5,131685,-0.0498926,0.03064827,1.24649426,-0.47742336,3
TNG50-1,40,1.5,131685,-0.00424253,-0.00704939,1.24649426,-0.47742336,4
TNG50-1,40,1.5,131685,-0.08001029,0.07658894,1.24649426,-0.47742336,5
TNG50-1,40,1.5,131685,-0.03809872,0.05037554,1.24649426,-0.47742336,6
TNG50-1,40,1.5,131685,0.00743135,-0.01283271,1.24649426,-0.47742336,7
TNG50-1,40,1.5,131685,0.01831048,0.03750609,1.24649426,-0.47742336,8
TNG50-1,40,1.5,131685,0.0208736,0.09668967,1.24649426,-0.47742336,9
TNG50-1,40,1.5,131685,-0.06602445,0.09802423,1.24649426,-0.47742336,10
TNG50-1,40,1.5,131685,0.04273429,-0.06139999,1.24649426,-0.47742336,11
TNG50-1,40,1.5,131685,-0.04001058,-0.04632666,1.24649426,-0.47742336,12
TNG50-1,40,1.5,131685,0.0316429,0.07424594,1.24649426,-0.47742336,13
TNG50-1,40,1.5,131685,-0.00053193,-0.05291405,1.24649426,-0.47742336,14
TNG50-1,40,1.5,143837,-0.06612706,-0.06890046,0.26956585,1.11006502,0
TNG50-1,40,1.5,143837,-0.02430971,-0.09053093,0.26956585,1.11006502,1
TNG50-1,40,1.5,143837,0.02101134,-0.11248919,0.26956585,1.11006502,2
TNG50-1,40,1.5,143837,-0.00511984,-0.05976795,0.26956585,1.11006502,3
TNG50-1,40,1.5,143837,-0.03252818,0.06624778,0.26956585,1.11006502,4
TNG50-1,40,1.5,143837,-0.03371062,-0.00222181,0.26956585,1.11006502,5
TNG50-1,40,1.5,143837,-0.03561685,0.06452819,0.26956585,1.11006502,6
TNG50-1,40,1.5,143837,-0.04397548,0.02054913,0.26956585,1.11006502,7
TNG50-1,40,1.5,143837,0.11408164,0.03912794,0.26956585,1.11006502,8
TNG50-1,40,1.5,143837,0.01487555,-0.04504485,0.26956585,1.11006502,9
TNG50-1,40,1.5,143837,0.04433795,0.02619755,0.26956585,1.11006502,10
TNG50-1,40,1.5,143837,-0.02445387,0.03643571,0.26956585,1.11006502,11
TNG50-1,40,1.5,143837,-0.00929783,-0.02883236,0.26956585,1.11006502,12
TNG50-1,40,1.5,143837,-0.0356777,0.02797702,0.26956585,1.11006502,13
TNG50-1,40,1.5,143837,-0.13258542,0.02830939,0.26956585,1.11006502,14
TNG50-1,40,1.5,128103,-0.02747763,0.00339933,0.99863922,-0.63163715,0
TNG50-1,40,1.5,128103,-0.05613842,-0.02060747,0.99863922,-0.63163715,1
TNG50-1,40,1.5,128103,-0.05920642,-0.09038484,0.99863922,-0.63163715,2
TNG50-1,40,1.5,128103,0.00432528,-0.00857823,0.99863922,-0.63163715,3
TNG50-1,40,1.5,128103,0.01635049,-0.07796916,0.99863922,-0.63163715,4
TNG50-1,40,1.5,128103,-0.03962629,0.04836496,0.99863922,-0.63163715,5
TNG50-1,40,1.5,128103,0.00132927,0.07583963,0.99863922,-0.63163715,6
TNG50-1,40,1.5,128103,0.02852685,-0.03984555,0.99863922,-0.63163715,7
TNG50-1,40,1.5,128103,0.03090954,0.01509854,0.99863922,-0.63163715,8
TNG50-1,40,1.5,128103,0.07759401,-0.03626958,0.99863922,-0.63163715,9
TNG50-1,40,1.5,128103,0.06384904,-0.03142424,0.99863922,-0.63163715,10
TNG50-1,40,1.5,128103,-0.05006457,0.03872474,0.99863922,-0.63163715,11
TNG50-1,40,1.5,128103,0.08417931,-0.00192691,0.99863922,-0.63163715,12
TNG50-1,40,1.5,128103,-0.02654883,0.0869824,0.99863922,-0.63163715,13
TNG50-1,40,1.5,128103,0.05224364,-0.02411162,0.99863922,-0.63163715,14
TNG50-1,40,1.5,161759,0.04996682,0.00116777,0.63486684,0.28374944,0
TNG50-1,40,1.5,161759,0.00487067,-0.02998747,0.63486684,0.28374944,1
TNG50-1,40,1.5,161759,0.0397889,0.08100352,0.63486684,0.28374944,2
TNG50-1,40,1.5,161759,-0.02235788,0.01818491,0.63486684,0.28374944,3
TNG50-1,40,1.5,161759,-0.00247794,-0.01090146,0.63486684,0.28374944,4
TNG50-1,40,1.5,161759,-0.00577494,0.05968093,0.63486684,0.28374944,5
TNG50-1,40,1.5,161759,-0.04180286,-0.10853077,0.63486684,0.28374944,6
TNG50-1,40,1.5,161759,0.03310408,-0.10070513,0.63486684,0.28374944,7
TNG50-1,40,1.5,161759,0.03251245,0.03979193,0.63486684,0.28374944,8
TNG50-1,40,1.5,161759,0.02967773,0.00302342,0.63486684,0.28374944,9
TNG50-1,40,1.5,161759,0.07684828,0.01252232,0.63486684,0.28374944,10
TNG50-1,40,1.5,161759,0.07246724,-0.06631981,0.63486684,0.28374944,11
TNG50-1,40,1.5,161759,-0.01874723,-0.00116169,0.63486684,0.28374944,12
TNG50-1,40,1.5,161759,0.01865262,0.10017547,0.63486684,0.28374944,13
TNG50-1,40,1.5,161759,-0.03118003,0.04120998,0.63486684,0.28374944,14
TNG50-1,40,1.5,80803,0.00848533,-0.12403543,0.81547701,-0.32377233,0
TNG50-1,40,1.5,80803,-0.0219527,-0.04982093,0.81547701,-0.32377233,1
TNG50-1,40,1.5,80803,-0.01972864,0.0616451,0.81547701,-0.32377233,2
TNG50-1,40,1.5,80803,-0.10645989,-0.13889971,0.81547701,-0.32377233,3
TNG50-1,40,1.5,80803,0.01288202,-0.01737617,0.81547701,-0.32377233,4
TNG50-1,40,1.5,80803,0.04227416,-0.05900004,0.81547701,-0.32377233,5
TNG50-1,40,1.5,80803,-0.07878097,0.04022852,0.81547701,-0.32377233,6
TNG50-1,40,1.5,80803,-0.03307084,-0.0337557,0.81547701,-0.32377233,7
TNG50-1,40,1.5,80803,-0.05787323,0.0201977,0.81547701,-0.32377233,8
TNG50-1,40,1.5,80803,-0.04826756,0.02827302,0.81547701,-0.32377233,9
TNG50-1,40,1.5,80803,0.00267408,0.09181129,0.81547701,-0.32377233,10
TNG50-1,40,1.5,80803,-0.10422011,-0.0101471,0.81547701,-0.32377233,11
TNG50-1,40,1.5,80803,0.03071352,0.01880222,0.81547701,-0.32377233,12
TNG50-1,40,1.5,80803,0.03769275,-0.07425277,0.81547701,-0.32377233,13
TNG50-1,40,1.5,80803,-0.01255513,0.05952068,0.81547701,-0.32377233,14
TNG50-1,40,1.5,141038,-0.03802544,0.09297474,0.88449698,-0.70740797,0
TNG50-1,40,1.5,141038,-0.02803771,0.02342764,0.88449698,-0.70740797,1
TNG50-1,40,1.5,141038,-0.00111239,0.0328944,0.88449698,-0.70740797,2
TNG50-1,40,1.5,141038,-0.07814422,0.13553728,0.88449698,-0.70740797,3
TNG50-1,40,1.5,141038,0.0114385,-0.01069023,0.88449698,-0.70740797,4
TNG50-1,40,1.5,141038,0.04837331,-0.03989414,0.88449698,-0.70740797,5
TNG50-1,40,1.5,141038,0.01464669,0.02138982,0.88449698,-0.70740797,6
TNG50-1,40,1.5,141038,-0.07944488,0.02194955,0.88449698,-0.70740797,7
TNG50-1,40,1.5,141038,-0.00619046,-0.02633577,0.88449698,-0.70740797,8
TNG50-1,40,1.5,141038,0.03710145,-0.05161985,0.88449698,-0.70740797,9
TNG50-1,40,1.5,141038,-0.09389944,0.11549222,0.88449698,-0.70740797,10
TNG50-1,40,1.5,141038,-0.0537383,0.01634217,0.88449698,-0.70740797,11
TNG50-1,40,1.5,141038,0.04382718,-0.03661427,0.88449698,-0.70740797,12
TNG50-1,40,1.5,141038,0.01350477,0.04579652,0.88449698,-0.70740797,13
TNG50-1,40,1.5,141038,0.02059858,-0.00545726,0.88449698,-0.70740797,14
TNG50-1,40,1.5,106423,-0.01264407,0.01884739,1.279142,1.2144064,0
TNG50-1,40,1.5,106423,0.02811364,-0.0563494,1.279142,1.2144064,1
TNG50-1,40,1.5,106423,-0.06459411,0.06643155,1.279142,1.2144064,2
TNG50-1,40,1.5,106423,0.01763136,0.06228175,1.279142,1.2144064,3
TNG50-1,40,1.5,106423,0.09564774,0.04797953,1.279142,1.2144064,4
TNG50-1,40,1.5,106423,0.02330888,-0.07573774,1.279142,1.2144064,5
TNG50-1,40,1.5,106423,-0.01881061,0.04145605,1.279142,1.2144064,6
TNG50-1,40,1.5,106423,-0.02535526,0.02024275,1.279142,1.2144064,7
TNG50-1,40,1.5,106423,-0.020517,-0.08026356,1.279142,1.2144064,8
TNG50-1,40,1.5,106423,-0.01269813,-0.00121487,1.279142,1.2144064,9
TNG50-1,40,1.5,106423,-0.01889033,0.01822672,1.279142,1.2144064,10
TNG50-1,40,1.5,106423,0.04581557,0.02780376,1.279142,1.2144064,11
TNG50-1,40,1.5,106423,-0.08666046,0.00886307,1.279142,1.2144064,12
TNG50-1,40,1.5,106423,0.0431,0.01456157,1.279142,1.2144064,13
TNG50-1,40,1.5,106423,-0.01898433,0.07368057,1.279142,1.2144064,14
TNG50-1,40,1.5,142043,0.0613017,0.09311588,0.35873695,-0.98145339,0
TNG50-1,40,1.5,142043,-0.14335275,0.03013262,0.35873695,-0.98145339,1
TNG50-1,40,1.5,142043,-0.01587193,-0.00912499,0.35873695,-0.98145339,2
TNG50-1,40,1.5,142043,-0.00823255,0.02877733,0.35873695,-0.98145339,3
TNG50-1,40,1.5,142043,-0.08760493,-0.07049097,0.35873695,-0.98145339,4
TNG50-1,40,1.5,142043,0.00470915,0.05912654,0.35873695,-0.98145339,5
TNG50-1,40,1.5,142043,0.06243789,-0.01619924,0.35873695,-0.98145339,6
TNG50-1,40,1.5,142043,-0.05432839,-0.01020348,0.35873695,-0.98145339,7
TNG50-1,40,1.5,142043,0.01682005,-0.02458278,0.35873695,-0.98145339,8
TNG50-1,40,1.5,142043,-0.04579117,-0.02903257,0.35873695,-0.98145339,9
TNG50-1,40,1.5,142043,-0.0335956,0.03473353,0.35873695,-0.98145339,10
TNG50-1,40,1.5,142043,0.07386968,0.01279534,0.35873695,-0.98145339,11
TNG50-1,40,1.5,142043,-0.02712789,0.03258741,0.35873695,-0.98145339,12
TNG50-1,40,1.5,142043,0.02311062,-0.00043973,0.35873695,-0.98145339,13
TNG50-1,40,1.5,142043,-0.09356091,0.02565999,0.35873695,-0.98145339,14
TNG50-1,40,1.5,100091,-0.02094244,-0.04557218,1.14385938,-1.30435285,0
TNG50-1,40,1.5,100091,0.11148659,0.04122135,1.14385938,-1.30435285,1
TNG50-1,40,1.5,100091,-0.07839652,0.04605754,1.14385938,-1.30435285,2
TNG50-1,40,1.5,100091,0.06304687,0.03273298,1.14385938,-1.30435285,3
TNG50-1,40,1.5,100091,0.06839537,0.03727495,1.14385938,-1.30435285,4
TNG50-1,40,1.5,100091,-0.04260794,-0.01354641,1.14385938,-1.30435285,5
TNG50-1,40,1.5,100091,0.11146368,-0.04644946,1.14385938,-1.30435285,6
TNG50-1,40,1.5,100091,0.04977451,-0.04340967,1.14385938,-1.30435285,7
TNG50-1,40,1.5,100091,0.04855695,-0.08177316,1.14385938,-1.30435285,8
TNG50-1,40,1.5,100091,0.00140111,0.01184743,1.14385938,-1.30435285,9
TNG50-1,40,1.5,100091,-0.01086131,-0.00417244,1.14385938,-1.30435285,10
TNG50-1,40,1.5,100091,-0.01047044,-0.02199939,1.14385938,-1.30435285,11
TNG50-1,40,1.5,100091,0.01952653,-0.14778094,1.14385938,-1.30435285,12
TNG50-1,40,1.5,100091,0.07005931,-0.06236587,1.14385938,-1.30435285,13
TNG50-1,40,1.5,100091,0.00906571,0.05604203,1.14385938,-1.30435285,14
TNG50-1,40,1.5,122851,-0.0332313,-0.00571049,0.87861428,-0.49660117,0
TNG50-1,40,1.5,122851,0.01802958,0.11497945,0.87861428,-0.49660117,1
TNG50-1,40,1.5,122851,-0.06953427,0.00453713,0.87861428,-0.49660117,2
TNG50-1,40,1.5,122851,0.07193527,0.08926592,0.87861428,-0.49660117,3
TNG50-1,40,1.5,122851,-0.00720138,0.01786597,0.87861428,-0.49660117,4
TNG50-1,40,1.5,122851,0.01450202,0.04814803,0.87861428,-0.49660117,5
TNG50-1,40,1.5,122851,0.11628899,-0.03623055,0.87861428,-0.49660117,6
TNG50-1,40,1.5,122851,0.07582201,-0.04268796,0.87861428,-0.49660117,7
TNG50-1,40,1.5,122851,-0.01532828,0.0229853,0.87861428,-0.49660117,8
TNG50-1,40,1.5,122851,-0.02966101,0.04942766,0.87861428,-0.49660117,9
TNG50-1,40,1.5,122851,-0.01627725,0.00201283,0.87861428,-0.49660117,10
TNG50-1,40,1.5,122851,0.02549491,-0.06431967,0.87861428,-0.49660117,11
TNG50-1,40,1.5,122851,-0.00526121,-0.06801292,0.87861428,-0.49660117,12
TNG50-1,40,1.5,122851,-0.01976221,-0.07135682,0.87861428,-0.49660117,13
TNG50-1,40,1.5,122851,0.07335906,-0.08838111,0.87861428,-0.49660117,14
TNG50-1,40,1.5,104580,0.00547427,-0.04047432,0.7423895,0.68373355,0
TNG50-1,40,1.5,104580,0.0562522,0.04390293,0.7423895,0.68373355,1
TNG50-1,40,1.5,104580,-0.00067079,-0.06865015,0.7423895,0.68373355,2
TNG50-1,40,1.5,104580,-0.11302074,0.0164184,0.7423895,0.68373355,3
TNG50-1,40,1.5,104580,-0.00953802,0.00893705,0.7423895,0.68373355,4
TNG50-1,40,1.5,104580,-0.00813995,-0.03081465,0.7423895,0.68373355,5
TNG50-1,40,1.5,104580,0.10479994,-0.00113426,0.7423895,0.68373355,6
TNG50-1,40,1.5,104580,-0.0728569,-0.03112701,0.7423895,0.68373355,7
TNG50-1,40,1.5,104580,-0.01953388,-0.05358507,0.7423895,0.68373355,8
TNG50-1,40,1.5,104580,0.08529263,-0.01768074,0.7423895,0.68373355,9
TNG50-1,40,1.5,104580,0.02249892,-0.05519943,0.7423895,0.68373355,10
TNG50-1,40,1.5,104580,0.02816565,0.01613987,0.7423895,0.68373355,11
TNG50-1,40,1.5,104580,0.00572922,-0.05750427,0.7423895,0.68373355,12
TNG50-1,40,1.5,104580,0.01649718,0.03559885,0.7423895,0.68373355,13
TNG50-1,40,1.5,104580,0.03888048,-0.05907395,0.7423895,0.68373355,14
TNG50-1,40,1.5,116691,-0.02831475,0.01051456,0.80110925,0.96582487,0
TNG50-1,40,1.5,116691,-0.03123017,-0.03574383,0.80110925,0.96582487,1
TNG50-1,40,1.5,116691,0.06625734,0.06560126,0.80110925,0.96582487,2
TNG50-1,40,1.5,116691,0.0165145,-0.01575872,0.80110925,0.96582487,3
TNG50-1,40,1.5,116691,-0.01058669,-0.09672654,0.80110925,0.96582487,4
TNG50-1,40,1.5,116691,0.02493597,-0.0634007,0.80110925,0.96582487,5
TNG50-1,40,1.5,116691,-0.10535962,-0.1374838,0.80110925,0.96582487,6
TNG50-1,40,1.5,116691,-0.00215668,-0.01170628,0.80110925,0.96582487,7
TNG50-1,40,1.5,116691,0.09987571,-0.00941921,0.80110925,0.96582487,8
TNG50-1,40,1.5,116691,0.00661733,-0.02122314,0.80110925,0.96582487,9
TNG50-1,40,1.5,116691,0.00339566,0.05394395,0.80110925,0.96582487,10
TNG50-1,40,1.5,116691,0.02740642,0.05992599,0.80110925,0.96582487,11
TNG50-1,40,1.5,116691,0.04478026,-0.00851942,0.80110925,0.96582487,12
TNG50-1,40,1.5,116691,-0.09987333,-0.10673468,0.80110925,0.96582487,13
TNG50-1,40,1.5,116691,-0.08411632,0.03086408,0.80110925,0.96582487,14
TNG50-1,40,1.5,167639,0.02776801,-0.01183294,0.37106377,1.56684851,0
TNG50-1,40,1.5,167639,0.01546958,-0.08903691,0.37106377,1.56684851,1
TNG50-1,40,1.5,167639,0.04907399,-0.040162,0.37106377,1.56684851,2
TNG50-1,40,1.5,167639,-0.0582414,0.02755959,0.37106377,1.56684851,3
TNG50-1,40,1.5,167639,0.10043777,0.01977546,0.37106377,1.56684851,4
TNG50-1,40,1.5,167639,-0.04797139,-0.07835291,0.37106377,1.56684851,5
TNG50-1,40,1.5,167639,0.03746115,-0.03621713,0.37106377,1.56684851,6
TNG50-1,40,1.5,167639,-0.08436738,-0.02908607,0.37106377,1.56684851,7
TNG50-1,40,1.5,167639,-0.04651323,-0.01827348,0.37106377,1.56684851,8
TNG50-1,40,1.5,167639,0.07581843,-0.06879568,0.37106377,1.56684851,9
TNG50-1,40,1.5,167639,-0.01304499,-0.03141856,0.37106377,1.56684851,10
TNG50-1,40,1.5,167639,0.04199613,-0.03643052,0.37106377,1.56684851,11
TNG50-1,40,1.5,167639,0.01184777,0.03857666,0.37106377,1.56684851,12
TNG50-1,40,1.5,167639,-0.00524791,0.04045607,0.37106377,1.56684851,13
TNG50-1,40,1.5,167639,0.06819252,-0.00729052,0.37106377,1.56684851,14
TNG50-1,40,1.5,154108,-0.01960199,-0.06311946,1.27634223,-0.63974747,0
TNG50-1,40,1.5,154108,0.00699622,0.00147118,1.27634223,-0.63974747,1
TNG50-1,40,1.5,154108,-0.04082876,0.05143905,1.27634223,-0.63974747,2
TNG50-1,40,1.5,154108,-0.0573416,-0.11070937,1.27634223,-0.63974747,3
TNG50-1,40,1.5,154108,-0.04701106,0.01728633,1.27634223,-0.63974747,4
TNG50-1,40,1.5,154108,-0.03174066,0.0594811,1.27634223,-0.63974747,5
TNG50-1,40,1.5,154108,-0.05817369,-0.00765129,1.27634223,-0.63974747,6
TNG50-1,40,1.5,154108,0.00810298,0.02751012,1.27634223,-0.63974747,7
TNG50-1,40,1.5,154108,0.03648578,-0.03515345,1.27634223,-0.63974747,8
TNG50-1,40,1.5,154108,-0.07935492,-0.00596831,1.27634223,-0.63974747,9
TNG50-1,40,1.5,154108,0.00125644,-0.08104568,1.27634223,-0.63974747,10
TNG50-1,40,1.5,154108,-0.01099679,-0.11721717,1.27634223,-0.63974747,11
TNG50-1,40,1.5,154108,0.01707543,0.04713829,1.27634223,-0.63974747,12
TNG50-1,40,1.5,154108,-0.00064694,-0.04924975,1.27634223,-0.63974747,13
TNG50-1,40,1.5,154108,-0.07267996,-0.02277639,1.27634223,-0.63974747,14
TNG50-1,40,1.5,132762,-0.06932211,0.06790605,0.94987666,-0.28920889,0
TNG50-1,40,1.5,132762,-0.07049849,0.02540396,0.94987666,-0.28920889,1
TNG50-1,40,1.5,132762,-0.00869189,0.00976315,0.94987666,-0.28920889,2
TNG50-1,40,1.5,132762,-0.03647886,-0.01088423,0.94987666,-0.28920889,3
TNG50-1,40,1.5,132762,0.01889855,-0.01919005,0.94987666,-0.28920889,4
TNG50-1,40,1.5,132762,0.02262692,0.01441095,0.94987666,-0.28920889,5
TNG50-1,40,1.5,132762,0.01604248,-0.01261871,0.94987666,-0.28920889,6
TNG50-1,40,1.5,132762,0.01193004,-0.00212893,0.94987666,-0.28920889,7
TNG50-1,40,1.5,132762,0.07888841,0.00392994,0.94987666,-0.28920889,8
TNG50-1,40,1.5,132762,-0.05337969,-0.03390358,0.94987666,-0.28920889,9
TNG50-1,40,1.5,132762,-0.00274674,0.02660647,0.94987666,-0.28920889,10
TNG50-1,40,1.5,132762,0.05663449,0.14571223,0.94987666,-0.28920889,11
TNG50-1,40,1.5,132762,0.06322699,-0.08884933,0.94987666,-0.28920889,12
TNG50-1,40,1.5,132762,-0.07108818,0.01620063,0.94987666,-0.28920889,13
TNG50-1,40,1.5,132762,-0.01561777,-0.0380095,0.94987666,-0.28920889,14
TNG50-1,40,1.5,2,0.02887013,0.05422576,1.05034106,-1.1409596,0
TNG50-1,40,1.5,2,0.00232787,-0.08826102,1.05034106,-1.1409596,1
TNG50-1,40,1.5,2,0.03809274,0.04869095,1.05034106,-1.1409596,2
TNG50-1,40,1.5,2,0.05877533,0.0004141,1.05034106,-1.1409596,3
TNG50-1,40,1.5,2,0.00962106,-0.01018909,1.05034106,-1.1409596,4
TNG50-1,40,1.5,2,0.05660261,-0.07355576,1.05034106,-1.1409596,5
TNG50-1,40,1.5,2,-0.11721489,0.02515243,1.05034106,-1.1409596,6
TNG50-1,40,1.5,2,0.07952261,-0.12070539,1.05034106,-1.1409596,7
TNG50-1,40,1.5,2,0.01875311,0.0324197,1.05034106,-1.1409596,8
TNG50-1,40,1.5,2,0.05389217,-0.07460529,1.05034106,-1.1409596,9
TNG50-1,40,1.5,2,-0.06099379,0.0026729,1.05034106,-1.1409596,10
TNG50-1,40,1.5,2,-0.04153849,-0.00595844,1.05034106,-1.1409596,11
TNG50-1,40,1.5,2,0.00729691,0.05847691,1.05034106,-1.1409596,12
TNG50-1,40,1.5,2,-0.00085189,-0.00893276,1.05034106,-1.1409596,13
TNG50-1,40,1.5,2,0.01415343,-0.03470693,1.05034106,-1.1409596,14
TNG50-1,40,1.5,144699,-0.02533013,-0.0348106,0.98352575,0.2352171,0
TNG50-1,40,1.5,144699,0.06364414,0.01119837,0.98352575,0.2352171,1
TNG50-1,40,1.5,144699,0.02681485,9.997e-05,0.98352575,0.2352171,2
TNG50-1,40,1.5,144699,-0.0192815,0.01409779,0.98352575,0.2352171,3
TNG50-1,40,1.5,144699,-0.01182232,-0.03493402,0.98352575,0.2352171,4
TNG50-1,40,1.5,144699,-0.07835885,-0.00446602,0.98352575,0.2352171,5
TNG50-1,40,1.5,144699,0.01942371,-0.07990262,0.98352575,0.2352171,6
TNG50-1,40,1.5,144699,-0.08799079,0.00675617,0.98352575,0.2352171,7
TNG50-1,40,1.5,144699,0.03758982,0.02250103,0.98352575,0.2352171,8
TNG50-1,40,1.5,144699,0.00643108,-0.01137097,0.98352575,0.2352171,9
TNG50-1,40,1.5,144699,0.11934759,-0.08075254,0.98352575,0.2352171,10
TNG50-1,40,1.5,144699,-0.05500678,0.04942659,0.98352575,0.2352171,11
TNG50-1,40,1.5,144699,-0.0051331,0.01822625,0.98352575,0.2352171,12
TNG50-1,40,1.5,144699,0.08991439,-0.03630075,0.98352575,0.2352171,13
TNG50-1,40,1.5,144699,0.05956948,-0.01403002,0.98352575,0.2352171,14
TNG50-1,40,1.5,171647,-0.07503347,0.0205106,1.30098957,1.56319379,0
TNG50-1,40,1.5,171647,-0.05127051,-0.02328841,1.30098957,1.56319379,1
TNG50-1,40,1.5,171647,-0.02689057,0.11873033,1.30098957,1.56319379,2
TNG50-1,40,1.5,171647,0.06142104,-0.08688573,1.30098957,1.56319379,3
TNG50-1,40,1.5,171647,-0.03197517,0.01018166,1.30098957,1.56319379,4
TNG50-1,40,1.5,171647,0.03201068,-0.05639765,1.30098957,1.56319379,5
TNG50-1,40,1.5,171647,-0.02691581,-0.02467007,1.30098957,1.56319379,6
TNG50-1,40,1.5,171647,0.01239738,0.00707097,1.30098957,1.56319379,7
TNG50-1,40,1.5,171647,-0.00706978,-0.11626857,1.30098957,1.56319379,8
TNG50-1,40,1.5,171647,0.04365283,0.01184131,1.30098957,1.56319379,9
TNG50-1,40,1.5,171647,-0.02674057,0.09514537,1.30098957,1.56319379,10
TNG50-1,40,1.5,171647,-0.07862641,-0.02267191,1.30098957,1.56319379,11
TNG50-1,40,1.5,171647,-0.06909745,0.01299039,1.30098957,1.56319379,12
TNG50-1,40,1.5,171647,-0.02659387,0.05124608,1.30098957,1.56319379,13
TNG50-1,40,1.5,171647,-0.062453,-0.00819768,1.30098957,1.56319379,14
TNG50-1,40,1.5,36236,-0.02904801,0.0048802,1.28846325,0.63108631,0
TNG50-1,40,1.5,36236,-0.11378682,-0.04702651,1.28846325,0.63108631,1
TNG50-1,40,1.5,36236,0.03204954,-0.02646362,1.28846325,0.63108631,2
TNG50-1,40,1.5,36236,-0.00565842,0.00366377,1.28846325,0.63108631,3
TNG50-1,40,1.5,36236,-0.05063419,0.00187616,1.28846325,0.63108631,4
TNG50-1,40,1.5,36236,0.00632984,-0.00454355,1.28846325,0.63108631,5
TNG50-1,40,1.5,36236,-0.02918402,-0.00154163,1.28846325,0.63108631,6
TNG50-1,40,1.5,36236,-0.02642131,-0.01071876,1.28846325,0.63108631,7
TNG50-1,40,1.5,36236,0.03031456,-0.07209894,1.28846325,0.63108631,8
TNG50-1,40,1.5,36236,-0.06691912,-0.02582554,1.28846325,0.63108631,9
TNG50-1,40,1.5,36236,0.05236576,0.0457312,1.28846325,0.63108631,10
TNG50-1,40,1.5,36236,-0.06988431,-0.06841671,1.28846325,0.63108631,11
TNG50-1,40,1.5,36236,-0.03313507,-0.00947778,1.28846325,0.63108631,12
TNG50-1,40,1.5,36236,0.09614731,-0.0409877,1.28846325,0.63108631,13
TNG50-1,40,1.5,36236,0.05636774,0.00556752,1.28846325,0.63108631,14
TNG50-1,40,1.5,160809,-0.01943166,0.03143981,1.16447159,0.29911996,0
TNG50-1,40,1.5,160809,0.07386968,0.0854972,1.16447159,0.29911996,1
TNG50-1,40,1.5,160809,0.02532916,0.11338221,1.16447159,0.29911996,2
TNG50-1,40,1.5,160809,-0.06559016,-0.05153585,1.16447159,0.29911996,3
TNG50-1,40,1.5,160809,0.0335614,0.00352096,1.16447159,0.29911996,4
TNG50-1,40,1.5,160809,-0.03873259,-0.05881002,1.16447159,0.29911996,5
TNG50-1,40,1.5,160809,-0.02884982,-0.0388803,1.16447159,0.29911996,6
TNG50-1,40,1.5,160809,0.01569095,-0.03150413,1.16447159,0.29911996,7
TNG50-1,40,1.5,160809,-0.02458737,-0.05285774,1.16447159,0.29911996,8
TNG50-1,40,1.5,160809,0.04464279,-0.05259436,1.16447159,0.29911996,9
TNG50-1,40,1.5,160809,-0.0387255,-0.00721422,1.16447159,0.29911996,10
TNG50-1,40,1.5,160809,-0.03094733,-0.06083592,1.16447159,0.29911996,11
TNG50-1,40,1.5,160809,-0.03281854,0.04210635,1.16447159,0.29911996,12
TNG50-1,40,1.5,160809,-0.02828194,-0.04588768,1.16447159,0.29911996,13
TNG50-1,40,1.5,160809,0.05495958,0.14047845,1.16447159,0.29911996,14
TNG50-1,40,1.5,151882,-0.02256922,0.06064418,1.14086523,-0.33813247,0
TNG50-1,40,1.5,151882,0.00360088,0.05545849,1.14086523,-0.33813247,1
TNG50-1,40,1.5,151882,-0.06476706,-0.07960065,1.14086523,-0.33813247,2
TNG50-1,40,1.5,151882,0.08530459,0.01507762,1.14086523,-0.33813247,3
TNG50-1,40,1.5,151882,0.05597503,0.05077576,1.14086523,-0.33813247,4
TNG50-1,40,1.5,151882,0.01484579,-0.08291678,1.14086523,-0.33813247,5
TNG50-1,40,1.5,151882,-0.06734013,-0.00039523,1.14086523,-0.33813247,6
TNG50-1,40,1.5,151882,0.01053334,0.01369212,1.14086523,-0.33813247,7
TNG50-1,40,1.5,151882,-0.05607155,-0.01503823,1.14086523,-0.33813247,8
TNG50-1,40,1.5,151882,0.07311776,-0.09260809,1.14086523,-0.33813247,9
TNG50-1,40,1.5,151882,0.04045974,-0.01628491,1.14086523,-0.33813247,10
TNG50-1,40,1.5,151882,0.00477195,-0.01636527,1.14086523,-0.33813247,11
TNG50-1,40,1.5,151882,-0.12181878,-0.00740362,1.14086523,-0.33813247,12
TNG50-1,40,1.5,151882,-0.0491708,-0.02817357,1.14086523,-0.33813247,13
TNG50-1,40,1.5,151882,0.03438806,-0.02215061,1.14086523,-0.33813247,14
TNG50-1,40,1.5,112196,-0.00198531,-0.02310635,1.02790787,1.30469953,0
TNG50-1,40,1.5,112196,0.02212273,0.03321768,1.02790787,1.30469953,1
TNG50-1,40,1.5,112196,-0.01522134,0.04663194,1.02790787,1.30469953,2
TNG50-1,40,1.5,112196,-0.02048245,0.02419911,1.02790787,1.30469953,3
TNG50-1,40,1.5,112196,0.0046177,-0.01304142,1.02790787,1.30469953,4
TNG50-1,40,1.5,112196,-0.0960458,-0.10538447,1.02790787,1.30469953,5
TNG50-1,40,1.5,112196,0.02385176,0.03846181,1.02790787,1.30469953,6
TNG50-1,40,1.5,112196,-2.815e-05,0.06108643,1.02790787,1.30469953,7
TNG50-1,40,1.5,112196,0.00198468,0.03222792,1.02790787,1.30469953,8
TNG50-1,40,1.5,112196,0.04803672,-0.04398212,1.02790787,1.30469953,9
TNG50-1,40,1.5,112196,-0.09764078,0.03368972,1.02790787,1.30469953,10
TNG50-1,40,1.5,112196,-0.09869169,0.04302649,1.02790787,1.30469953,11
TNG50-1,40,1.5,112196,0.01369019,0.07794081,1.02790787,1.30469953,12
TNG50-1,40,1.5,112196,-0.00035584,-0.0438055,1.02790787,1.30469953,13
TNG50-1,40,1.5,112196,0.00850885,-0.01132273,1.02790787,1.30469953,14
TNG50-1,40,1.5,44888,0.0373636,-0.10188643,0.84339917,-0.0096868,0
TNG50-1,40,1.5,44888,0.0028705,0.00163476,0.84339917,-0.0096868,1
TNG50-1,40,1.5,44888,-0.05586638,-0.05591529,0.84339917,-0.0096868,2
TNG50-1,40,1.5,44888,0.02073081,-0.01922751,0.84339917,-0.0096868,3
TNG50-1,40,1.5,44888,0.02893308,0.03306891,0.84339917,-0.0096868,4
TNG50-1,40,1.5,44888,0.00439814,-0.03207714,0.84339917,-0.0096868,5
TNG50-1,40,1.5,44888,0.01097925,0.0115641,0.84339917,-0.0096868,6
TNG50-1,40,1.5,44888,-0.0129353,-0.0149669,0.84339917,-0.0096868,7
TNG50-1,40,1.5,44888,0.07391395,0.03360572,0.84339917,-0.0096868,8
TNG50-1,40,1.5,44888,-0.04503461,0.0237564,0.84339917,-0.0096868,9
TNG50-1,40,1.5,44888,-0.02936604,-0.03459668,0.84339917,-0.0096868,10
TNG50-1,40,1.5,44888,0.00054928,-0.00843259,0.84339917,-0.0096868,11
TNG50-1,40,1.5,44888,0.0439477,0.05218717,0.84339917,-0.0096868,12
TNG50-1,40,1.5,44888,-0.07486866,0.01966884,0.84339917,-0.0096868,13
TNG50-1,40,1.5,44888,-0.06551484,-0.0698481,0.84339917,-0.0096868,14
TNG50-1,40,1.5,134949,0.0327809,-0.09141977,0.8174549,-1.14867022,0
TNG50-1,40,1.5,134949,-0.05423053,0.03649144,0.8174549,-1.14867022,1
TNG50-1,40,1.5,134949,0.07062565,0.09044573,0.8174549,-1.14867022,2
TNG50-1,40,1.5,134949,0.05120494,0.07126645,0.8174549,-1.14867022,3
TNG50-1,40,1.5,134949,0.01449427,-0.08130422,0.8174549,-1.14867022,4
TNG50-1,40,1.5,134949,0.00786164,0.03624273,0.8174549,-1.14867022,5
TNG50-1,40,1.5,134949,-0.01045161,0.07110532,0.8174549,-1.14867022,6
TNG50-1,40,1.5,134949,0.0339262,-0.0228405,0.8174549,-1.14867022,7
TNG50-1,40,1.5,134949,-0.01853891,0.00507237,0.8174549,-1.14867022,8
TNG50-1,40,1.5,134949,0.01177849,-0.10039465,0.8174549,-1.14867022,9
TNG50-1,40,1.5,134949,0.04359672,0.01333681,0.8174549,-1.14867022,10
TNG50-1,40,1.5,134949,-0.02809033,-0.05317799,0.8174549,-1.14867022,11
TNG50-1,40,1.5,134949,-0.03080964,0.00998175,0.8174549,-1.14867022,12
TNG50-1,40,1.5,134949,-0.05971827,-0.07806015,0.8174549,-1.14867022,13
TNG50-1,40,1.5,134949,-0.05322364,0.02714291,0.8174549,-1.14867022,14
TNG50-1,40,1.5,143012,0.05122563,-0.0580456,1.04306465,-0.42292603,0
TNG50-1,40,1.5,143012,-0.03915899,0.00161851,1.04306465,-0.42292603,1
TNG50-1,40,1.5,143012,-0.05684613,0.00736612,1.04306465,-0.42292603,2
TNG50-1,40,1.5,143012,-0.10780115,-0.02349183,1.04306465,-0.42292603,3
TNG50-1,40,1.5,143012,-0.01332068,0.02177292,1.04306465,-0.42292603,4
TNG50-1,40,1.5,143012,-0.0290797,-0.03902167,1.04306465,-0.42292603,5
TNG50-1,40,1.5,143012,-0.07755097,0.02549104,1.04306465,-0.42292603,6
TNG50-1,40,1.5,143012,0.02265094,0.02759294,1.04306465,-0.42292603,7
TNG50-1,40,1.5,143012,-0.02249852,-0.14585799,1.04306465,-0.42292603,8
TNG50-1,40,1.5,143012,-0.0537868,0.05951529,1.04306465,-0.42292603,9
TNG50-1,40,1.5,143012,-0.02772862,-0.15238163,1.04306465,-0.42292603,10
TNG50-1,40,1.5,143012,0.05356523,-0.03080245,1.04306465,-0.42292603,11
TNG50-1,40,1.5,143012,0.03014685,0.0512674,1.04306465,-0.42292603,12
TNG50-1,40,1.5,143012,-0.0065013,-0.01586434,1.04306465,-0.42292603,13
TNG50-1,40,1.5,143012,0.03095525,-0.0733093,1.04306465,-0.42292603,14
TNG50-1,40,1.5,15217,-0.05468685,0.08021146,1.04590137,-1.35978601,0
TNG50-1,40,1.5,15217,0.05134529,-0.00166474,1.04590137,-1.35978601,1
TNG50-1,40,1.5,15217,-0.09607523,-0.05809672,1.04590137,-1.35978601,2
TNG50-1,40,1.5,15217,0.05644956,-0.03386371,1.04590137,-1.35978601,3
TNG50-1,40,1.5,15217,-0.0027551,-0.04008094,1.04590137,-1.35978601,4
TNG50-1,40,1.5,15217,-0.05961977,-0.06373092,1.04590137,-1.35978601,5
TNG50-1,40,1.5,15217,-0.02915575,0.00474134,1.04590137,-1.35978601,6
TNG50-1,40,1.5,15217,-0.05086122,-0.06139578,1.04590137,-1.35978601,7
TNG50-1,40,1.5,15217,0.04331126,-0.10901831,1.04590137,-1.35978601,8
TNG50-1,40,1.5,15217,0.03662139,-0.01898382,1.04590137,-1.35978601,9
TNG50-1,40,1.5,15217,-0.08595806,-0.09014281,1.04590137,-1.35978601,10
TNG50-1,40,1.5,15217,-0.02017961,-0.03760804,1.04590137,-1.35978601,11
TNG50-1,40,1.5,15217,-0.04315928,-0.04545514,1.04590137,-1.35978601,12
TNG50-1,40,1.5,15217,0.0646755,-0.0435608,1.04590137,-1.35978601,13
TNG50-1,40,1.5,15217,-0.06750496,0.10004816,1.04590137,-1.35978601,14
TNG50-1,40,1.5,62919,0.00282058,0.02425469,1.21720638,-0.93626047,0
TNG50-1,40,1.5,62919,0.01226855,0.01191942,1.21720638,-0.93626047,1
TNG50-1,40,1.5,62919,-0.08881991,-0.0044307,1.21720638,-0.93626047,2
TNG50-1,40,1.5,62919,-0.03269816,-0.02152292,1.21720638,-0.93626047,3
TNG50-1,40,1.5,62919,0.01076513,0.0398272,1.21720638,-0.93626047,4
TNG50-1,40,1.5,62919,-0.05122645,-0.01179171,1.21720638,-0.93626047,5
TNG50-1,40,1.5,62919,0.04540314,-0.01533486,1.21720638,-0.93626047,6
TNG50-1,40,1.5,62919,-0.06013483,0.0052345,1.21720638,-0.93626047,7
TNG50-1,40,1.5,62919,-0.01431831,0.08482933,1.21720638,-0.93626047,8
TNG50-1,40,1.5,62919,-0.02930258,-0.06701781,1.21720638,-0.93626047,9
TNG50-1,40,1.5,62919,0.00821603,0.03849284,1.21720638,-0.93626047,10
TNG50-1,40,1.5,62919,-0.0320245,-0.09465856,1.21720638,-0.93626047,11
TNG50-1,40,1.5,62919,-0.01354468,0.01086366,1.21720638,-0.93626047,12
TNG50-1,40,1.5,62919,-0.0118065,0.07875414,1.21720638,-0.93626047,13
TNG50-1,40,1.5,62919,-0.03671939,0.02443343,1.21720638,-0.93626047,14
TNG50-1,40,1.5,157790,0.00853125,0.01960055,0.86773814,-1.51528821,0
TNG50-1,40,1.5,157790,-0.02802247,0.01519187,0.86773814,-1.51528821,1
TNG50-1,40,1.5,157790,0.00155236,-0.004577,0.86773814,-1.51528821,2
TNG50-1,40,1.5,157790,-0.01260314,-0.02654109,0.86773814,-1.51528821,3
TNG50-1,40,1.5,157790,-0.03929883,0.11070763,0.86773814,-1.51528821,4
TNG50-1,40,1.5,157790,-0.01449378,-0.02259755,0.86773814,-1.51528821,5
TNG50-1,40,1.5,157790,0.00991906,-0.03329389,0.86773814,-1.51528821,6
TNG50-1,40,1.5,157790,-0.03836085,0.02170049,0.86773814,-1.51528821,7
TNG50-1,40,1.5,157790,-0.04031409,0.01259272,0.86773814,-1.51528821,8
TNG50-1,40,1.5,157790,-0.06801217,-0.07023958,0.86773814,-1.51528821,9
TNG50-1,40,1.5,157790,0.01953625,0.05613391,0.86773814,-1.51528821,10
TNG50-1,40,1.5,157790,0.02726616,-0.00470973,0.86773814,-1.51528821,11
TNG50-1,40,1.5,157790,0.01158302,-0.05554655,0.86773814,-1.51528821,12
TNG50-1,40,1.5,157790,0.04825852,0.05943921,0.86773814,-1.51528821,13
TNG50-1,40,1.5,157790,0.00439338,0.03128378,0.86773814,-1.51528821,14
TNG50-1,40,1.5,187778,-0.0632271,-0.07359062,1.12984299,-0.14677547,0
TNG50-1,40,1.5,187778,0.08885914,0.02825767,1.12984299,-0.14677547,1
TNG50-1,40,1.5,187778,0.03293987,-0.13009442,1.12984299,-0.14677547,2
TNG50-1,40,1.5,187778,-0.00050981,0.01027053,1.12984299,-0.14677547,3
TNG50-1,40,1.5,187778,0.07951094,-0.02390415,1.12984299,-0.14677547,4
TNG50-1,40,1.5,187778,0.00796489,0.06541233,1.12984299,-0.14677547,5
TNG50-1,40,1.5,187778,-0.00140415,-0.02467341,1.12984299,-0.14677547,6
TNG50-1,40,1.5,187778,-0.03301501,0.03297421,1.12984299,-0.14677547,7
TNG50-1,40,1.5,187778,0.02909252,-0.01984569,1.12984299,-0.14677547,8
TNG50-1,40,1.5,187778,0.02383015,0.00568741,1.12984299,-0.14677547,9
TNG50-1,40,1.5,187778,0.00073401,0.03684183,1.12984299,-0.14677547,10
TNG50-1,40,1.5,187778,-0.03949932,-0.02312779,1.12984299,-0.14677547,11
TNG50-1,40,1.5,187778,0.00649649,0.04982774,1.12984299,-0.14677547,12
TNG50-1,40,1.5,187778,-0.00348994,-0.04968489,1.12984299,-0.14677547,13
TNG50-1,40,1.5,187778,-0.06667372,0.01472964,1.12984299,-0.14677547,14
TNG50-1,40,1.5,130662,0.04613199,0.02915541,1.37027607,0.42267071,0
TNG50-1,40,1.5,130662,0.03300187,-0.02464299,1.37027607,0.42267071,1
TNG50-1,40,1.5,130662,0.09582224,-0.09051067,1.37027607,0.42267071,2
TNG50-1,40,1.5,130662,-0.03817197,-0.03013597,1.37027607,0.42267071,3
TNG50-1,40,1.5,130662,-0.06895746,-0.05464476,1.37027607,0.42267071,4
TNG50-1,40,1.5,130662,-0.04971676,-0.07235023,1.37027607,0.42267071,5
TNG50-1,40,1.5,130662,0.03302213,0.086118,1.37027607,0.42267071,6
TNG50-1,40,1.5,130662,0.02489615,0.01364313,1.37027607,0.42267071,7
TNG50-1,40,1.5,130662,0.00511283,0.01898438,1.37027607,0.42267071,8
TNG50-1,40,1.5,130662,-0.05614785,-0.01545112,1.37027607,0.42267071,9
TNG50-1,40,1.5,130662,0.03834336,-0.00864355,1.37027607,0.42267071,10
TNG50-1,40,1.5,130662,-0.06123524,0.04822753,1.37027607,0.42267071,11
TNG50-1,40,1.5,130662,0.05794748,-0.00161686,1.37027607,0.42267071,12
TNG50-1,40,1.5,130662,0.14287192,0.0265347,1.37027607,0.42267071,13
TNG50-1,40,1.5,130662,0.01832256,-0.00980021,1.37027607,0.42267071,14
TNG50-1,40,1.5,146376,-0.01710764,0.03885365,1.03687501,-0.49231125,0
TNG50-1,40,1.5,146376,-0.07034571,-0.00476429,1.03687501,-0.49231125,1
TNG50-1,40,1.5,146376,-0.09888745,-0.02339882,1.03687501,-0.49231125,2
TNG50-1,40,1.5,146376,-0.0130781,-0.03146722,1.03687501,-0.49231125,3
TNG50-1,40,1.5,146376,0.00282483,0.02339099,1.03687501,-0.49231125,4
TNG50-1,40,1.5,146376,-0.0643065,0.0097552,1.03687501,-0.49231125,5
TNG50-1,40,1.5,146376,-0.00172374,0.0314702,1.03687501,-0.49231125,6
TNG50-1,40,1.5,146376,0.00268763,0.00659369,1.03687501,-0.49231125,7
TNG50-1,40,1.5,146376,-0.1078004,0.0409382,1.03687501,-0.49231125,8
TNG50-1,40,1.5,146376,-0.04575623,0.00472963,1.03687501,-0.49231125,9
TNG50-1,40,1.5,146376,0.02036319,0.03923444,1.03687501,-0.49231125,10
TNG50-1,40,1.5,146376,0.01935294,0.04354114,1.03687501,-0.49231125,11
TNG50-1,40,1.5,146376,-0.05768375,-0.04022633,1.03687501,-0.49231125,12
TNG50-1,40,1.5,146376,0.0079224,-0.0904072,1.03687501,-0.49231125,13
TNG50-1,40,1.5,146376,0.05112036,0.07717464,1.03687501,-0.49231125,14
TNG50-1,40,1.5,163735,0.01283294,-0.01296046,0.98356084,-0.25012804,0
TNG50-1,40,1.5,163735,-0.08572429,0.00313492,0.98356084,-0.25012804,1
TNG50-1,40,1.5,163735,-0.03569097,0.00537671,0.98356084,-0.25012804,2
TNG50-1,40,1.5,163735,0.03859371,0.01075491,0.98356084,-0.25012804,3
TNG50-1,40,1.5,163735,-0.01398384,0.03862699,0.98356084,-0.25012804,4
TNG50-1,40,1.5,163735,-0.02560307,0.02775728,0.98356084,-0.25012804,5
TNG50-1,40,1.5,163735,0.07004409,0.00221085,0.98356084,-0.25012804,6
TNG50-1,40,1.5,163735,-0.05236436,-0.0404563,0.98356084,-0.25012804,7
TNG50-1,40,1.5,163735,-0.03990767,0.00338356,0.98356084,-0.25012804,8
TNG50-1,40,1.5,163735,0.01056932,-0.00140089,0.98356084,-0.25012804,9
TNG50-1,40,1.5,163735,0.01952275,0.00965908,0.98356084,-0.25012804,10
TNG50-1,40,1.5,163735,0.02481715,0.11032627,0.98356084,-0.25012804,11
TNG50-1,40,1.5,163735,0.0455619,-0.02618864,0.98356084,-0.25012804,12
TNG50-1,40,1.5,163735,0.00992893,0.02111445,0.98356084,-0.25012804,13
TNG50-1,40,1.5,163735,0.0244692,0.0534231,0.98356084,-0.25012804,14
TNG50-1,40,1.5,192422,0.0049001,-0.03471319,1.2103202,1.44264848,0
TNG50-1,40,1.5,192422,0.11689226,-0.047134,1.2103202,1.44264848,1
TNG50-1,40,1.5,192422,-0.01890196,0.04682847,1.2103202,1.44264848,2
TNG50-1,40,1.5,192422,0.01620446,-0.01821886,1.2103202,1.44264848,3
TNG50-1,40,1.5,192422,-0.03994029,0.00636812,1.2103202,1.44264848,4
TNG50-1,40,1.5,192422,-0.01757624,-0.00317543,1.2103202,1.44264848,5
TNG50-1,40,1.5,192422,0.0124467,0.03657462,1.2103202,1.44264848,6
TNG50-1,40,1.5,192422,0.0423152,-0.0423372,1.2103202,1.44264848,7
TNG50-1,40,1.5,192422,0.01595474,-0.05377861,1.2103202,1.44264848,8
TNG50-1,40,1.5,192422,0.06295574,0.01121487,1.2103202,1.44264848,9
TNG50-1,40,1.5,192422,-0.00474827,0.03004796,1.2103202,1.44264848,10
TNG50-1,40,1.5,192422,-0.01660843,0.01662662,1.2103202,1.44264848,11
TNG50-1,40,1.5,192422,0.13519926,-0.04047269,1.2103202,1.44264848,12
TNG50-1,40,1.5,192422,0.01971188,0.03387424,1.2103202,1.44264848,13
TNG50-1,40,1.5,192422,-0.03597408,-0.03719305,1.2103202,1.44264848,14
TNG50-1,40,1.5,184041,-0.02607693,0.00258492,0.88445009,0.79156549,0
TNG50-1,40,1.5,184041,-0.04719768,0.02405143,0.88445009,0.79156549,1
TNG50-1,40,1.5,184041,0.06505792,0.02538642,0.88445009,0.79156549,2
TNG50-1,40,1.5,184041,0.03167108,0.03015034,0.88445009,0.79156549,3
TNG50-1,40,1.5,184041,0.03024967,-0.01867045,0.88445009,0.79156549,4
TNG50-1,40,1.5,184041,0.06236057,0.10605717,0.88445009,0.79156549,5
TNG50-1,40,1.5,184041,0.14063246,0.01172156,0.88445009,0.79156549,6
TNG50-1,40,1.5,184041,-0.08546131,-0.09312424,0.88445009,0.79156549,7
TNG50-1,40,1.5,184041,-0.03691883,-0.05011879,0.88445009,0.79156549,8
TNG50-1,40,1.5,184041,-0.03080875,-0.08702515,0.88445009,0.79156549,9
TNG50-1,40,1.5,184041,-0.04254098,0.00086673,0.88445009,0.79156549,10
TNG50-1,40,1.5,184041,-0.05387916,-0.00609026,0.88445009,0.79156549,11
TNG50-1,40,1.5,184041,-0.01498265,-0.02342128,0.88445009,0.79156549,12
TNG50-1,40,1.5,184041,-0.06083019,0.10054631,0.88445009,0.79156549,13
TNG50-1,40,1.5,184041,0.01675212,0.02744914,0.88445009,0.79156549,14
TNG50-1,40,1.5,157182,0.03630492,-0.01471739,0.89143197,0.12835491,0
TNG50-1,40,1.5,157182,-0.04655367,-0.02280781,0.89143197,0.12835491,1
TNG50-1,40,1.5,157182,-0.04995724,0.02188278,0.89143197,0.12835491,2
TNG50-1,40,1.5,157182,0.00184027,0.03054225,0.89143197,0.12835491,3
TNG50-1,40,1.5,157182,0.00865036,-0.02171002,0.89143197,0.12835491,4
TNG50-1,40,1.5,157182,-0.09281558,0.03951967,0.89143197,0.12835491,5
TNG50-1,40,1.5,157182,-0.00901535,0.04897927,0.89143197,0.12835491,6
TNG50-1,40,1.5,157182,0.0007036,0.06458432,0.89143197,0.12835491,7
TNG50-1,40,1.5,157182,-0.01075746,0.08891605,0.89143197,0.12835491,8
TNG50-1,40,1.5,157182,-0.04066952,-0.04332081,0.89143197,0.12835491,9
TNG50-1,40,1.5,157182,-0.02697676,0.00069491,0.89143197,0.12835491,10
TNG50-1,40,1.5,157182,-0.00884296,0.00056388,0.89143197,0.12835491,11
TNG50-1,40,1.5,157182,0.00454,-0.00490368,0.89143197,0.12835491,12
TNG50-1,40,1.5,157182,0.03023958,-0.03246315,0.89143197,0.12835491,13
TNG50-1,40,1.5,157182,0.05404281,-0.0742781,0.89143197,0.12835491,14
TNG50-1,40,1.5,181327,0.00463397,-0.0521972,0.73971795,-0.6768848,0
TNG50-1,40,1.5,181327,-0.03841778,-0.00195495,0.73971795,-0.6768848,1
TNG50-1,40,1.5,181327,0.00429967,-0.00450962,0.73971795,-0.6768848,2
TNG50-1,40,1.5,181327,-0.03970218,-0.04512533,0.73971795,-0.6768848,3
TNG50-1,40,1.5,181327,-0.05498292,-0.01524866,0.73971795,-0.6768848,4
TNG50-1,40,1.5,181327,0.01171492,0.06146879,0.73971795,-0.6768848,5
TNG50-1,40,1.5,181327,0.00754608,-0.04029968,0.73971795,-0.6768848,6
TNG50-1,40,1.5,181327,0.0289641,-0.06968362,0.73971795,-0.6768848,7
TNG50-1,40,1.5,181327,0.10929319,0.04712968,0.73971795,-0.6768848,8
TNG50-1,40,1.5,181327,0.01386448,0.02461485,0.73971795,-0.6768848,9
TNG50-1,40,1.5,181327,0.02425409,-0.03102593,0.73971795,-0.6768848,10
TNG50-1,40,1.5,181327,-0.05387807,-0.07910835,0.73971795,-0.6768848,11
TNG50-1,40,1.5,181327,-0.06434537,-0.03723117,0.73971795,-0.6768848,12
TNG50-1,40,1.5,181327,0.07914147,-0.00273522,0.73971795,-0.6768848,13
TNG50-1,40,1.5,181327,-0.04617399,0.0582836,0.73971795,-0.6768848,14
TNG50-1,40,1.5,206049,-0.0518291,0.03946833,0.80255743,1.24720223,0
TNG50-1,40,1.5,206049,-0.00422599,0.03042259,0.80255743,1.24720223,1
TNG50-1,40,1.5,206049,0.03375723,-0.01071375,0.80255743,1.24720223,2
TNG50-1,40,1.5,206049,-0.11906337,-0.09231685,0.80255743,1.24720223,3
TNG50-1,40,1.5,206049,0.05168931,-0.02277406,0.80255743,1.24720223,4
TNG50-1,40,1.5,206049,-0.05912253,0.02081841,0.80255743,1.24720223,5
TNG50-1,40,1.5,206049,0.01659977,-0.05452236,0.80255743,1.24720223,6
TNG50-1,40,1.5,206049,0.01233416,0.03156374,0.80255743,1.24720223,7
TNG50-1,40,1.5,206049,0.05422932,0.04541966,0.80255743,1.24720223,8
TNG50-1,40,1.5,206049,0.02754622,0.00634335,0.80255743,1.24720223,9
TNG50-1,40,1.5,206049,-0.11886452,-0.15318899,0.80255743,1.24720223,10
TNG50-1,40,1.5,206049,-0.03923896,-0.06390442,0.80255743,1.24720223,11
TNG50-1,40,1.5,206049,0.00691026,0.09430946,0.80255743,1.24720223,12
TNG50-1,40,1.5,206049,-0.00974899,-0.02732689,0.80255743,1.24720223,13
TNG50-1,40,1.5,206049,0.02388054,-0.09920716,0.80255743,1.24720223,14
TNG50-1,40,1.5,36239,0.06176237,0.04638712,0.79749319,-0.83221695,0
TNG50-1,40,1.5,36239,0.00066778,0.12862587,0.79749319,-0.83221695,1
TNG50-1,40,1.5,36239,0.05524702,-0.03750009,0.79749319,-0.83221695,2
TNG50-1,40,1.5,36239,0.01384793,-0.02537003,0.79749319,-0.83221695,3
TNG50-1,40,1.5,36239,0.02292796,-0.01530595,0.79749319,-0.83221695,4
TNG50-1,40,1.5,36239,0.01815046,-0.02451111,0.79749319,-0.83221695,5
TNG50-1,40,1.5,36239,0.03487442,-0.04450104,0.79749319,-0.83221695,6
TNG50-1,40,1.5,36239,0.11387152,-0.13813378,0.79749319,-0.83221695,7
TNG50-1,40,1.5,36239,0.04855032,-0.02173497,0.79749319,-0.83221695,8
TNG50-1,40,1.5,36239,-0.07901697,0.0184679,0.79749319,-0.83221695,9
TNG50-1,40,1.5,36239,0.02233308,-0.02466109,0.79749319,-0.83221695,10
TNG50-1,40,1.5,36239,0.05707404,0.09676906,0.79749319,-0.83221695,11
TNG50-1,40,1.5,36239,0.06013504,0.00066879,0.79749319,-0.83221695,12
TNG50-1,40,1.5,36239,-0.02133025,0.06455145,0.79749319,-0.83221695,13
TNG50-1,40,1.5,36239,0.05824722,0.01307102,0.79749319,-0.83221695,14
TNG50-1,40,1.5,169392,0.04132037,0.02583514,1.13058346,-0.54870199,0
TNG50-1,40,1.5,169392,0.01396208,-0.11097371,1.13058346,-0.54870199,1
TNG50-1,40,1.5,169392,0.06843923,0.07349686,1.13058346,-0.54870199,2
TNG50-1,40,1.5,169392,0.00279697,0.00847369,1.13058346,-0.54870199,3
TNG50-1,40,1.5,169392,0.02480604,0.0499837,1.13058346,-0.54870199,4
TNG50-1,40,1.5,169392,0.01831665,-0.04510556,1.13058346,-0.54870199,5
TNG50-1,40,1.5,169392,-0.01441427,-0.07762537,1.13058346,-0.54870199,6
TNG50-1,40,1.5,169392,0.02024912,0.01303772,1.13058346,-0.54870199,7
TNG50-1,40,1.5,169392,0.11171931,-0.00168017,1.13058346,-0.54870199,8
TNG50-1,40,1.5,169392,-0.01351985,-0.02457704,1.13058346,-0.54870199,9
TNG50-1,40,1.5,169392,0.02097324,0.00423306,1.13058346,-0.54870199,10
TNG50-1,40,1.5,169392,0.06288895,0.13837179,1.13058346,-0.54870199,11
TNG50-1,40,1.5,169392,0.05701266,0.04172628,1.13058346,-0.54870199,12
TNG50-1,40,1.5,169392,0.00058582,0.05247493,1.13058346,-0.54870199,13
TNG50-1,40,1.5,169392,-0.11916944,0.04219684,1.13058346,-0.54870199,14
TNG50-1,40,1.5,145447,0.07397311,-0.1093221,0.63027487,1.28511502,0
TNG50-1,40,1.5,145447,-0.00950358,0.00750406,0.63027487,1.28511502,1
TNG50-1,40,1.5,145447,-0.10273807,0.01619951,0.63027487,1.28511502,2
TNG50-1,40,1.5,145447,-0.00942931,0.06046323,0.63027487,1.28511502,3
TNG50-1,40,1.5,145447,0.04058679,0.07856679,0.63027487,1.28511502,4
TNG50-1,40,1.5,145447,-0.04849002,0.07849992,0.63027487,1.28511502,5
TNG50-1,40,1.5,145447,-0.0088183,-0.04990118,0.63027487,1.28511502,6
TNG50-1,40,1.5,145447,-0.03458849,-0.01761325,0.63027487,1.28511502,7
TNG50-1,40,1.5,145447,0.07510146,0.02401671,0.63027487,1.28511502,8
TNG50-1,40,1.5,145447,0.03747285,0.12659523,0.63027487,1.28511502,9
TNG50-1,40,1.5,145447,0.03257703,0.07400496,0.63027487,1.28511502,10
TNG50-1,40,1.5,145447,0.03108007,0.05596986,0.63027487,1.28511502,11
TNG50-1,40,1.5,145447,-0.00186246,-0.0193894,0.63027487,1.28511502,12
TNG50-1,40,1.5,145447,0.00987781,-0.04415998,0.63027487,1.28511502,13
TNG50-1,40,1.5,145447,-0.05925923,0.03944539,0.63027487,1.28511502,14
TNG50-1,40,1.5,138265,-0.05503306,-0.03070424,0.90862759,0.0928091,0
TNG50-1,40,1.5,138265,-0.01192182,-0.08044034,0.90862759,0.0928091,1
TNG50-1,40,1.5,138265,-0.0057389,0.03342777,0.90862759,0.0928091,2
TNG50-1,40,1.5,138265,0.0796456,0.05615473,0.90862759,0.0928091,3
TNG50-1,40,1.5,138265,-0.01773487,-0.00224976,0.90862759,0.0928091,4
TNG50-1,40,1.5,138265,-0.12196248,-0.09804228,0.90862759,0.0928091,5
TNG50-1,40,1.5,138265,0.02522223,0.03529849,0.90862759,0.0928091,6
TNG50-1,40,1.5,138265,-0.03495109,-0.08299439,0.90862759,0.0928091,7
TNG50-1,40,1.5,138265,0.00213155,0.01543996,0.90862759,0.0928091,8
TNG50-1,40,1.5,138265,-0.00433524,-0.04437319,0.90862759,0.0928091,9
TNG50-1,40,1.5,138265,-0.0136852,-0.05799196,0.90862759,0.0928091,10
TNG50-1,40,1.5,138265,0.03951703,-0.0220955,0.90862759,0.0928091,11
TNG50-1,40,1.5,138265,-0.07664324,-0.00916488,0.90862759,0.0928091,12
TNG50-1,40,1.5,138265,-0.02585071,-0.03221041,0.90862759,0.0928091,13
TNG50-1,40,1.5,138265,0.0342019,0.02943516,0.90862759,0.0928091,14
TNG50-1,40,1.5,213766,-0.02230347,0.06783816,1.02457888,0.76126429,0
TNG50-1,40,1.5,213766,0.04900954,-0.03724915,1.02457888,0.76126429,1
TNG50-1,40,1.5,213766,0.01405866,-0.03160429,1.02457888,0.76126429,2
TNG50-1,40,1.5,213766,-0.03487786,0.03081177,1.02457888,0.76126429,3
TNG50-1,40,1.5,213766,-0.04329699,-0.11635499,1.02457888,0.76126429,4
TNG50-1,40,1.5,213766,-0.08237481,-0.09305968,1.02457888,0.76126429,5
TNG50-1,40,1.5,213766,0.01453666,-0.01403667,1.02457888,0.76126429,6
TNG50-1,40,1.5,213766,-0.01772938,0.07749453,1.02457888,0.76126429,7
TNG50-1,40,1.5,213766,-0.11860978,-0.0217865,1.02457888,0.76126429,8
TNG50-1,40,1.5,213766,-0.02678574,0.00504684,1.02457888,0.76126429,9
TNG50-1,40,1.5,213766,-0.0450517,0.05668946,1.02457888,0.76126429,10
TNG50-1,40,1.5,213766,0.07878388,0.10534424,1.02457888,0.76126429,11
TNG50-1,40,1.5,213766,-0.08513893,-0.02884242,1.02457888,0.76126429,12
TNG50-1,40,1.5,213766,-0.07206754,-0.00084184,1.02457888,0.76126429,13
TNG50-1,40,1.5,213766,0.05549848,0.09110276,1.02457888,0.76126429,14
TNG50-1,40,1.5,137026,-0.07610996,0.13018131,0.82698235,0.28508318,0
TNG50-1,40,1.5,137026,0.05137905,-0.01880521,0.82698235,0.28508318,1
TNG50-1,40,1.5,137026,-0.05091578,-0.02290409,0.82698235,0.28508318,2
TNG50-1,40,1.5,137026,0.00512362,0.03844829,0.82698235,0.28508318,3
TNG50-1,40,1.5,137026,-0.01213095,0.04095521,0.82698235,0.28508318,4
TNG50-1,40,1.5,137026,-0.04790058,-0.02675436,0.82698235,0.28508318,5
TNG50-1,40,1.5,137026,-0.0491551,-0.02015813,0.82698235,0.28508318,6
TNG50-1,40,1.5,137026,0.01382072,0.02705654,0.82698235,0.28508318,7
TNG50-1,40,1.5,137026,0.04977697,-0.04137921,0.82698235,0.28508318,8
TNG50-1,40,1.5,137026,-0.00648681,-0.0205267,0.82698235,0.28508318,9
TNG50-1,40,1.5,137026,0.00350566,0.00447964,0.82698235,0.28508318,10
TNG50-1,40,1.5,137026,0.0285587,0.04979693,0.82698235,0.28508318,11
TNG50-1,40,1.5,137026,-0.04858094,-0.03022993,0.82698235,0.28508318,12
TNG50-1,40,1.5,137026,0.03698463,-0.09211922,0.82698235,0.28508318,13
TNG50-1,40,1.5,137026,0.04096715,-0.09582987,0.82698235,0.28508318,14
TNG50-1,40,1.5,172175,-0.06297065,0.00182404,1.09039462,0.48204349,0
TNG50-1,40,1.5,172175,-0.06565839,-0.10158098,1.09039462,0.48204349,1
TNG50-1,40,1.5,172175,-0.00773054,0.01058569,1.09039462,0.48204349,2
TNG50-1,40,1.5,172175,-0.05944401,0.03810746,1.09039462,0.48204349,3
TNG50-1,40,1.5,172175,-0.03513775,-0.01400343,1.09039462,0.48204349,4
TNG50-1,40,1.5,172175,-0.03870429,0.09082635,1.09039462,0.48204349,5
TNG50-1,40,1.5,172175,-0.02202539,-0.04406192,1.09039462,0.48204349,6
TNG50-1,40,1.5,172175,0.06612522,0.01087202,1.09039462,0.48204349,7
TNG50-1,40,1.5,172175,0.03309738,-0.00179124,1.09039462,0.48204349,8
TNG50-1,40,1.5,172175,0.00080647,-0.00501488,1.09039462,0.48204349,9
TNG50-1,40,1.5,172175,-0.02305131,-0.00571611,1.09039462,0.48204349,10
TNG50-1,40,1.5,172175,-0.02166163,0.00535525,1.09039462,0.48204349,11
TNG50-1,40,1.5,172175,0.01638732,0.04239794,1.09039462,0.48204349,12
TNG50-1,40,1.5,172175,0.02920845,0.06888681,1.09039462,0.48204349,13
TNG50-1,40,1.5,172175,-0.04538088,-0.00011251,1.09039462,0.48204349,14
TNG50-1,40,1.5,172860,0.0407658,0.04597118,0.94550079,-0.63025598,0
TNG50-1,40,1.5,172860,-0.03508835,0.07608502,0.94550079,-0.63025598,1
TNG50-1,40,1.5,172860,0.03829777,0.0179398,0.94550079,-0.63025598,2
TNG50-1,40,1.5,172860,-0.03809958,0.04526297,0.94550079,-0.63025598,3
TNG50-1,40,1.5,172860,0.054533,-0.01535635,0.94550079,-0.63025598,4
TNG50-1,40,1.5,172860,0.11053204,-0.03007304,0.94550079,-0.63025598,5
TNG50-1,40,1.5,172860,-0.00610419,0.08533838,0.94550079,-0.63025598,6
TNG50-1,40,1.5,172860,-0.10962717,0.01081023,0.94550079,-0.63025598,7
TNG50-1,40,1.5,172860,-0.02740365,0.04024403,0.94550079,-0.63025598,8
TNG50-1,40,1.5,172860,0.06159376,0.006187,0.94550079,-0.63025598,9
TNG50-1,40,1.5,172860,0.02765384,-0.02932578,0.94550079,-0.63025598,10
TNG50-1,40,1.5,172860,0.01244568,0.00054914,0.94550079,-0.63025598,11
TNG50-1,40,1.5,172860,0.05043342,0.0717997,0.94550079,-0.63025598,12
TNG50-1,40,1.5,172860,0.02422267,0.027762,0.94550079,-0.63025598,13
TNG50-1,40,1.5,172860,0.06088626,-0.08557366,0.94550079,-0.63025598,14
TNG50-1,40,1.5,4,-0.01076222,0.05228201,0.69699905,-0.81250363,0
TNG50-1,40,1.5,4,0.08911469,-0.04326714,0.69699905,-0.81250363,1
TNG50-1,40,1.5,4,-0.01068984,-0.08109626,0.69699905,-0.81250363,2
TNG50-1,40,1.5,4,-0.09002393,0.03072201,0.69699905,-0.81250363,3
TNG50-1,40,1.5,4,0.09465244,0.03156192,0.69699905,-0.81250363,4
TNG50-1,40,1.5,4,0.03411963,0.02401206,0.69699905,-0.81250363,5
TNG50-1,40,1.5,4,-0.00350064,0.02038642,0.69699905,-0.81250363,6
TNG50-1,40,1.5,4,-0.01857089,-0.01602702,0.69699905,-0.81250363,7
TNG50-1,40,1.5,4,0.0541176,0.03937414,0.69699905,-0.81250363,8
TNG50-1,40,1.5,4,-0.02709917,-0.00227791,0.69699905,-0.81250363,9
TNG50-1,40,1.5,4,0.05741282,-0.02435568,0.69699905,-0.81250363,10
TNG50-1,40,1.5,4,0.02710976,-0.01559457,0.69699905,-0.81250363,11
TNG50-1,40,1.5,4,0.0122341,0.10103198,0.69699905,-0.81250363,12
TNG50-1,40,1.5,4,0.00727574,-0.0867488,0.69699905,-0.81250363,13
TNG50-1,40,1.5,4,-0.0087484,0.02498941,0.69699905,-0.81250363,14
TNG50-1,40,1.5,178140,-0.08395552,-0.04707688,0.47772838,-0.55765674,0
TNG50-1,40,1.5,178140,-0.00541167,0.01006724,0.47772838,-0.55765674,1
TNG50-1,40,1.5,178140,-0.02168137,0.02197581,0.47772838,-0.55765674,2
TNG50-1,40,1.5,178140,-0.10425141,-0.09048085,0.47772838,-0.55765674,3
TNG50-1,40,1.5,178140,0.01945188,0.02346803,0.47772838,-0.55765674,4
TNG50-1,40,1.5,178140,-0.0190019,0.11364959,0.47772838,-0.55765674,5
TNG50-1,40,1.5,178140,-0.10496032,0.03199681,0.47772838,-0.55765674,6
TNG50-1,40,1.5,178140,0.0419784,0.07367065,0.47772838,-0.55765674,7
TNG50-1,40,1.5,178140,0.07175031,0.00914574,0.47772838,-0.55765674,8
TNG50-1,40,1.5,178140,0.07450622,-0.00366092,0.47772838,-0.55765674,9
TNG50-1,40,1.5,178140,0.01794782,0.01906357,0.47772838,-0.55765674,10
TNG50-1,40,1.5,178140,0.00230291,-0.04079133,0.47772838,-0.55765674,11
TNG50-1,40,1.5,178140,0.06640783,-0.04818876,0.47772838,-0.55765674,12
TNG50-1,40,1.5,178140,0.08411918,0.06331523,0.47772838,-0.55765674,13
TNG50-1,40,1.5,178140,0.05667844,0.06861712,0.47772838,-0.55765674,14
TNG50-1,40,1.5,202467,-0.04955532,-0.0411351,0.41251591,-1.08246225,0
TNG50-1,40,1.5,202467,0.04839994,0.06189418,0.41251591,-1.08246225,1
TNG50-1,40,1.5,202467,-0.004348,0.01434456,0.41251591,-1.08246225,2
TNG50-1,40,1.5,202467,0.01699043,-0.09568899,0.41251591,-1.08246225,3
TNG50-1,40,1.5,202467,0.02301093,0.0519145,0.41251591,-1.08246225,4
TNG50-1,40,1.5,202467,0.04971752,-0.02718914,0.41251591,-1.08246225,5
TNG50-1,40,1.5,202467,0.00413591,0.07056585,0.41251591,-1.08246225,6
TNG50-1,40,1.5,202467,0.0705081,-0.00439178,0.41251591,-1.08246225,7
TNG50-1,40,1.5,202467,0.01547064,0.01023533,0.41251591,-1.08246225,8
TNG50-1,40,1.5,202467,0.03120921,0.05894773,0.41251591,-1.08246225,9
TNG50-1,40,1.5,202467,-0.04166313,-0.04487465,0.41251591,-1.08246225,10
TNG50-1,40,1.5,202467,0.10793295,-0.04964234,0.41251591,-1.08246225,11
TNG50-1,40,1.5,202467,0.02349125,-0.00982492,0.41251591,-1.08246225,12
TNG50-1,40,1.5,202467,0.03564987,0.04135864,0.41251591,-1.08246225,13
TNG50-1,40,1.5,202467,-0.08040929,-0.06654386,0.41251591,-1.08246225,14
TNG50-1,40,1.5,118373,-0.08340173,-0.00775666,0.95456979,1.17594326,0
TNG50-1,40,1.5,118373,0.04118605,0.06765368,0.95456979,1.17594326,1
TNG50-1,40,1.5,118373,-0.03014892,0.07331014,0.95456979,1.17594326,2
TNG50-1,40,1.5,118373,-0.0196113,-0.04083966,0.95456979,1.17594326,3
TNG50-1,40,1.5,118373,-0.09284052,-0.00212169,0.95456979,1.17594326,4
TNG50-1,40,1.5,118373,-0.03394897,0.00450784,0.95456979,1.17594326,5
TNG50-1,40,1.5,118373,-0.00037836,-0.04931201,0.95456979,1.17594326,6
TNG50-1,40,1.5,118373,0.04651889,-0.00278425,0.95456979,1.17594326,7
TNG50-1,40,1.5,118373,-0.03856151,0.00026614,0.95456979,1.17594326,8
TNG50-1,40,1.5,118373,0.08286881,0.05701047,0.95456979,1.17594326,9
TNG50-1,40,1.5,118373,-0.0342278,0.06037125,0.95456979,1.17594326,10
TNG50-1,40,1.5,118373,-0.03415459,-0.01646047,0.95456979,1.17594326,11
TNG50-1,40,1.5,118373,0.07686788,-0.01069766,0.95456979,1.17594326,12
TNG50-1,40,1.5,118373,0.01057301,0.03321462,0.95456979,1.17594326,13
TNG50-1,40,1.5,118373,-0.02760124,-0.02925942,0.95456979,1.17594326,14
TNG50-1,40,1.5,129305,0.02943201,-0.02929591,0.93795069,-0.68094984,0
TNG50-1,40,1.5,129305,-0.00439532,0.01340814,0.93795069,-0.68094984,1
TNG50-1,40,1.5,129305,-0.04846993,-0.04752681,0.93795069,-0.68094984,2
TNG50-1,40,1.5,129305,-0.04784184,-0.008997,0.93795069,-0.68094984,3
TNG50-1,40,1.5,129305,0.07235293,0.02249077,0.93795069,-0.68094984,4
TNG50-1,40,1.5,129305,-0.00782107,-0.05041544,0.93795069,-0.68094984,5
TNG50-1,40,1.5,129305,0.0820177,-0.0350042,0.93795069,-0.68094984,6
TNG50-1,40,1.5,129305,-0.02568181,-0.01736914,0.93795069,-0.68094984,7
TNG50-1,40,1.5,129305,0.01456026,-0.07144077,0.93795069,-0.68094984,8
TNG50-1,40,1.5,129305,0.11963384,-0.02112805,0.93795069,-0.68094984,9
TNG50-1,40,1.5,129305,-0.05286934,0.00593983,0.93795069,-0.68094984,10
TNG50-1,40,1.5,129305,-0.09489072,-0.01997745,0.93795069,-0.68094984,11
TNG50-1,40,1.5,129305,0.06432951,-0.01356882,0.93795069,-0.68094984,12
TNG50-1,40,1.5,129305,-0.04134046,-0.00099508,0.93795069,-0.68094984,13
TNG50-1,40,1.5,129305,-0.00103532,-0.03278717,0.93795069,-0.68094984,14
TNG50-1,40,1.5,173605,0.03455313,0.00705845,0.61297222,0.19317463,0
TNG50-1,40,1.5,173605,0.07179891,-0.08782384,0.61297222,0.19317463,1
TNG50-1,40,1.5,173605,-0.02321902,-0.01198855,0.61297222,0.19317463,2
TNG50-1,40,1.5,173605,0.02425991,0.06434211,0.61297222,0.19317463,3
TNG50-1,40,1.5,173605,-0.01198086,-0.09548815,0.61297222,0.19317463,4
TNG50-1,40,1.5,173605,0.01827437,-0.06397484,0.61297222,0.19317463,5
TNG50-1,40,1.5,173605,0.07828898,-0.05160161,0.61297222,0.19317463,6
TNG50-1,40,1.5,173605,0.02543298,-0.00316599,0.61297222,0.19317463,7
TNG50-1,40,1.5,173605,-0.08867073,-0.01828584,0.61297222,0.19317463,8
TNG50-1,40,1.5,173605,0.02269978,0.06995682,0.61297222,0.19317463,9
TNG50-1,40,1.5,173605,0.06164319,0.04771742,0.61297222,0.19317463,10
TNG50-1,40,1.5,173605,-0.01107981,0.02476365,0.61297222,0.19317463,11
TNG50-1,40,1.5,173605,0.04978174,0.00728152,0.61297222,0.19317463,12
TNG50-1,40,1.5,173605,-0.03450578,0.01966149,0.61297222,0.19317463,13
TNG50-1,40,1.5,173605,-0.07427696,-0.04309912,0.61297222,0.19317463,14
TNG50-1,40,1.5,164301,0.04286052,0.00337777,1.132162,0.91726471,0
TNG50-1,40,1.5,164301,-0.05560221,0.0057467,1.132162,0.91726471,1
TNG50-1,40,1.5,164301,0.04176885,0.00809597,1.132162,0.91726471,2
TNG50-1,40,1.5,164301,0.05930713,0.05196845,1.132162,0.91726471,3
TNG50-1,40,1.5,164301,0.01054323,-0.05430173,1.132162,0.91726471,4
TNG50-1,40,1.5,164301,-0.00881065,0.00878502,1.132162,0.91726471,5
TNG50-1,40,1.5,164301,0.0200155,0.06449648,1.132162,0.91726471,6
TNG50-1,40,1.5,164301,-0.14307592,-0.08673057,1.132162,0.91726471,7
TNG50-1,40,1.5,164301,0.01511291,0.00898233,1.132162,0.91726471,8
TNG50-1,40,1.5,164301,-0.0056677,-0.02926893,1.132162,0.91726471,9
TNG50-1,40,1.5,164301,-0.00253141,-0.01853552,1.132162,0.91726471,10
TNG50-1,40,1.5,164301,0.03532663,-0.04524038,1.132162,0.91726471,11
TNG50-1,40,1.5,164301,-0.00373845,-0.00847754,1.132162,0.91726471,12
TNG50-1,40,1.5,164301,-0.05701034,0.09206278,1.132162,0.91726471,13
TNG50-1,40,1.5,164301,-0.00707013,-0.06322152,1.132162,0.91726471,14
TNG50-1,40,1.5,36238,-0.0584805,0.05800464,0.55797293,0.89165974,0
TNG50-1,40,1.5,36238,-0.06509673,0.05230261,0.55797293,0.89165974,1
TNG50-1,40,1.5,36238,0.08637091,-0.02349326,0.55797293,0.89165974,2
TNG50-1,40,1.5,36238,-0.02311699,-0.00833879,0.55797293,0.89165974,3
TNG50-1,40,1.5,36238,-0.00128195,0.03748828,0.55797293,0.89165974,4
TNG50-1,40,1.5,36238,-0.02013915,0.0195748,0.55797293,0.89165974,5
TNG50-1,40,1.5,36238,-0.04722114,-0.01968187,0.55797293,0.89165974,6
TNG50-1,40,1.5,36238,-0.01175753,-0.08095359,0.55797293,0.89165974,7
TNG50-1,40,1.5,36238,0.12291218,0.00569376,0.55797293,0.89165974,8
TNG50-1,40,1.5,36238,0.06960355,0.05395048,0.55797293,0.89165974,9
TNG50-1,40,1.5,36238,-0.04264689,-0.05987941,0.55797293,0.89165974,10
TNG50-1,40,1.5,36238,0.03237871,0.03193797,0.55797293,0.89165974,11
TNG50-1,40,1.5,36238,-0.04157614,0.01657708,0.55797293,0.89165974,12
TNG50-1,40,1.5,36238,-0.08881838,0.03750741,0.55797293,0.89165974,13
TNG50-1,40,1.5,36238,0.05097555,0.04359877,0.55797293,0.89165974,14
TNG50-1,40,1.5,187232,-0.03472326,0.13173704,0.96396059,-0.19356528,0
TNG50-1,40,1.5,187232,-0.08084797,0.0277956,0.96396059,-0.19356528,1
TNG50-1,40,1.5,187232,-0.02667598,-0.02319002,0.96396059,-0.19356528,2
TNG50-1,40,1.5,187232,0.04445637,0.02327484,0.96396059,-0.19356528,3
TNG50-1,40,1.5,187232,-0.0271002,-0.05054345,0.96396059,-0.19356528,4
TNG50-1,40,1.5,187232,-0.03470217,0.07522534,0.96396059,-0.19356528,5
TNG50-1,40,1.5,187232,-0.09106752,-0.03305345,0.96396059,-0.19356528,6
TNG50-1,40,1.5,187232,0.08763238,0.02505427,0.96396059,-0.19356528,7
TNG50-1,40,1.5,187232,0.04128568,0.05329888,0.96396059,-0.19356528,8
TNG50-1,40,1.5,187232,0.0384948,0.01923843,0.96396059,-0.19356528,9
TNG50-1,40,1.5,187232,0.04838627,0.0047235,0.96396059,-0.19356528,10
TNG50-1,40,1.5,187232,0.02883542,0.0005401,0.96396059,-0.19356528,11
TNG50-1,40,1.5,187232,-0.01221644,-0.00282205,0.96396059,-0.19356528,12
TNG50-1,40,1.5,187232,-0.00818821,-0.02883492,0.96396059,-0.19356528,13
TNG50-1,40,1.5,187232,-0.02137822,-0.02247417,0.96396059,-0.19356528,14
TNG50-1,40,1.5,227364,0.07397952,0.00543511,1.30381324,-0.07458986,0
TNG50-1,40,1.5,227364,-0.00542683,0.08630662,1.30381324,-0.07458986,1
TNG50-1,40,1.5,227364,-0.03928981,-0.09577826,1.30381324,-0.07458986,2
TNG50-1,40,1.5,227364,-0.02581488,0.01391665,1.30381324,-0.07458986,3
TNG50-1,40,1.5,227364,0.05501853,-0.06880217,1.30381324,-0.07458986,4
TNG50-1,40,1.5,227364,0.03378033,-0.03171655,1.30381324,-0.07458986,5
TNG50-1,40,1.5,227364,0.02801646,-0.01822142,1.30381324,-0.07458986,6
TNG50-1,40,1.5,227364,-0.01287606,-0.02102542,1.30381324,-0.07458986,7
TNG50-1,40,1.5,227364,0.02866812,-0.0266898,1.30381324,-0.07458986,8
TNG50-1,40,1.5,227364,-0.03217806,0.00036035,1.30381324,-0.07458986,9
TNG50-1,40,1.5,227364,-0.0129807,-0.02676278,1.30381324,-0.07458986,10
TNG50-1,40,1.5,227364,0.04849022,-0.07312287,1.30381324,-0.07458986,11
TNG50-1,40,1.5,227364,0.04371388,0.03899348,1.30381324,-0.07458986,12
TNG50-1,40,1.5,227364,-0.04909549,0.03764361,1.30381324,-0.07458986,13
TNG50-1,40,1.5,227364,-0.04277632,0.04215872,1.30381324,-0.07458986,14
TNG50-1,40,1.5,182554,-0.07703672,-0.00537669,1.34042175,1.55415138,0
TNG50-1,40,1.5,182554,0.01494591,0.0277165,1.34042175,1.55415138,1
TNG50-1,40,1.5,182554,0.03379894,0.01153362,1.34042175,1.55415138,2
TNG50-1,40,1.5,182554,-0.0515601,0.05981697,1.34042175,1.55415138,3
TNG50-1,40,1.5,182554,0.00045866,0.00376998,1.34042175,1.55415138,4
TNG50-1,40,1.5,182554,-0.00581333,-0.0083937,1.34042175,1.55415138,5
TNG50-1,40,1.5,182554,0.09210753,0.05480321,1.34042175,1.55415138,6
TNG50-1,40,1.5,182554,0.0962248,0.0290198,1.34042175,1.55415138,7
TNG50-1,40,1.5,182554,-0.08321782,0.03659067,1.34042175,1.55415138,8
TNG50-1,40,1.5,182554,0.12469635,-0.03322933,1.34042175,1.55415138,9
TNG50-1,40,1.5,182554,-0.04576129,-0.05226314,1.34042175,1.55415138,10
TNG50-1,40,1.5,182554,0.04903366,-0.02838611,1.34042175,1.55415138,11
TNG50-1,40,1.5,182554,0.0485249,-0.03104107,1.34042175,1.55415138,12
TNG50-1,40,1.5,182554,-0.04978451,0.03930996,1.34042175,1.55415138,13
TNG50-1,40,1.5,182554,0.02466339,0.0487992,1.34042175,1.55415138,14
TNG50-1,40,1.5,100092,-0.00775651,-0.06286912,0.55087782,0.54851415,0
TNG50-1,40,1.5,100092,0.07154595,0.02550694,0.55087782,0.54851415,1
TNG50-1,40,1.5,100092,0.06842347,0.07646567,0.55087782,0.54851415,2
TNG50-1,40,1.5,100092,0.01216995,0.00322948,0.55087782,0.54851415,3
TNG50-1,40,1.5,100092,-0.04109459,0.02861212,0.55087782,0.54851415,4
TNG50-1,40,1.5,100092,0.07876883,-0.09217737,0.55087782,0.54851415,5
TNG50-1,40,1.5,100092,-0.00305087,-0.03387558,0.55087782,0.54851415,6
TNG50-1,40,1.5,100092,0.00630826,-0.05368079,0.55087782,0.54851415,7
TNG50-1,40,1.5,100092,-0.01698025,-0.09475229,0.55087782,0.54851415,8
TNG50-1,40,1.5,100092,-0.04448952,0.00584901,0.55087782,0.54851415,9
TNG50-1,40,1.5,100092,-0.07343197,-0.11214138,0.55087782,0.54851415,10
TNG50-1,40,1.5,100092,0.03164342,-0.0661098,0.55087782,0.54851415,11
TNG50-1,40,1.5,100092,-0.03917005,-0.02685969,0.55087782,0.54851415,12
TNG50-1,40,1.5,100092,0.15297656,-0.04156429,0.55087782,0.54851415,13
TNG50-1,40,1.5,100092,-0.05430368,0.01982043,0.55087782,0.54851415,14
TNG50-1,40,1.5,205093,0.01527901,-0.06051994,1.35412223,0.98846582,0
TNG50-1,40,1.5,205093,0.04468994,0.04894207,1.35412223,0.98846582,1
TNG50-1,40,1.5,205093,0.03761919,0.00393088,1.35412223,0.98846582,2
TNG50-1,40,1.5,205093,0.05704064,-0.04314,1.35412223,0.98846582,3
TNG50-1,40,1.5,205093,-9.592e-05,0.04042739,1.35412223,0.98846582,4
TNG50-1,40,1.5,205093,0.01517335,-0.02802244,1.35412223,0.98846582,5
TNG50-1,40,1.5,205093,0.02557569,-0.07032503,1.35412223,0.98846582,6
TNG50-1,40,1.5,205093,0.00708283,0.05106111,1.35412223,0.98846582,7
TNG50-1,40,1.5,205093,-0.01985972,-0.02685485,1.35412223,0.98846582,8
TNG50-1,40,1.5,205093,-0.01662213,-0.02044495,1.35412223,0.98846582,9
TNG50-1,40,1.5,205093,-0.04087792,0.002059,1.35412223,0.98846582,10
TNG50-1,40,1.5,205093,0.02108084,0.05712946,1.35412223,0.98846582,11
TNG50-1,40,1.5,205093,-0.00470076,0.00100186,1.35412223,0.98846582,12
TNG50-1,40,1.5,205093,-0.03315869,-0.05995586,1.35412223,0.98846582,13
TNG50-1,40,1.5,205093,-0.03311224,0.02719385,1.35412223,0.98846582,14
TNG50-1,40,1.5,184627,-0.02424949,0.04492776,1.1622341,1.26466059,0
TNG50-1,40,1.5,184627,0.0943962,0.04003596,1.1622341,1.26466059,1
TNG50-1,40,1.5,184627,-5.599e-05,0.01384099,1.1622341,1.26466059,2
TNG50-1,40,1.5,184627,-0.11175177,-0.06752107,1.1622341,1.26466059,3
TNG50-1,40,1.5,184627,0.01786825,-0.01558197,1.1622341,1.26466059,4
TNG50-1,40,1.5,184627,0.09722989,-0.03730582,1.1622341,1.26466059,5
TNG50-1,40,1.5,184627,0.07879601,0.04348379,1.1622341,1.26466059,6
TNG50-1,40,1.5,184627,0.09154771,0.05890924,1.1622341,1.26466059,7
TNG50-1,40,1.5,184627,-0.05098801,0.05281928,1.1622341,1.26466059,8
TNG50-1,40,1.5,184627,0.04560762,-0.03776097,1.1622341,1.26466059,9
TNG50-1,40,1.5,184627,-0.03609973,-0.13697666,1.1622341,1.26466059,10
TNG50-1,40,1.5,184627,0.01121447,-0.08834809,1.1622341,1.26466059,11
TNG50-1,40,1.5,184627,-0.06364762,0.07108135,1.1622341,1.26466059,12
TNG50-1,40,1.5,184627,-0.03222279,-0.02006275,1.1622341,1.26466059,13
TNG50-1,40,1.5,184627,-0.03381233,-0.03753623,1.1622341,1.26466059,14
TNG50-1,40,1.5,124040,0.08213301,-0.05090588,1.11447848,0.90349012,0
TNG50-1,40,1.5,124040,0.063258,0.02656116,1.11447848,0.90349012,1
TNG50-1,40,1.5,124040,0.00122244,0.00568998,1.11447848,0.90349012,2
TNG50-1,40,1.5,124040,-0.01467015,0.00921834,1.11447848,0.90349012,3
TNG50-1,40,1.5,124040,-0.00660506,0.09754717,1.11447848,0.90349012,4
TNG50-1,40,1.5,124040,0.01135814,-0.06345448,1.11447848,0.90349012,5
TNG50-1,40,1.5,124040,0.08000236,-0.00137167,1.11447848,0.90349012,6
TNG50-1,40,1.5,124040,0.02112337,0.01522178,1.11447848,0.90349012,7
TNG50-1,40,1.5,124040,0.03630145,-0.03681366,1.11447848,0.90349012,8
TNG50-1,40,1.5,124040,0.05846351,0.00141634,1.11447848,0.90349012,9
TNG50-1,40,1.5,124040,-0.0584838,-0.07999747,1.11447848,0.90349012,10
TNG50-1,40,1.5,124040,0.03774309,0.07049531,1.11447848,0.90349012,11
TNG50-1,40,1.5,124040,-0.01472844,-0.03408073,1.11447848,0.90349012,12
TNG50-1,40,1.5,124040,-0.12580476,0.10157001,1.11447848,0.90349012,13
TNG50-1,40,1.5,124040,-0.10640848,-0.00162372,1.11447848,0.90349012,14
TNG50-1,40,1.5,208817,0.05140268,-0.02235363,1.25548776,-0.98903826,0
TNG50-1,40,1.5,208817,-0.00266514,0.01052673,1.25548776,-0.98903826,1
TNG50-1,40,1.5,208817,-0.00153719,0.07930019,1.25548776,-0.98903826,2
TNG50-1,40,1.5,208817,-0.02920147,0.01109914,1.25548776,-0.98903826,3
TNG50-1,40,1.5,208817,0.0059562,0.06918602,1.25548776,-0.98903826,4
TNG50-1,40,1.5,208817,0.01589993,0.03203646,1.25548776,-0.98903826,5
TNG50-1,40,1.5,208817,-0.03921293,0.08137007,1.25548776,-0.98903826,6
TNG50-1,40,1.5,208817,-0.00625222,-0.00295211,1.25548776,-0.98903826,7
TNG50-1,40,1.5,208817,-0.03050494,0.11951114,1.25548776,-0.98903826,8
TNG50-1,40,1.5,208817,0.1149832,-0.02426981,1.25548776,-0.98903826,9
TNG50-1,40,1.5,208817,-0.00448654,-0.03832309,1.25548776,-0.98903826,10
TNG50-1,40,1.5,208817,0.07726161,-0.06050264,1.25548776,-0.98903826,11
TNG50-1,40,1.5,208817,-0.00978112,0.11655123,1.25548776,-0.98903826,12
TNG50-1,40,1.5,208817,0.01296438,0.04097238,1.25548776,-0.98903826,13
TNG50-1,40,1.5,208817,-0.0660682,-0.01670604,1.25548776,-0.98903826,14
TNG50-1,40,1.5,196834,0.06245113,-0.02833565,1.13266064,0.19531512,0
TNG50-1,40,1.5,196834,0.03438461,-0.03154808,1.13266064,0.19531512,1
TNG50-1,40,1.5,196834,0.09830637,0.05285946,1.13266064,0.19531512,2
TNG50-1,40,1.5,196834,-0.07739164,0.01893197,1.13266064,0.19531512,3
TNG50-1,40,1.5,196834,-0.01326801,-0.10223641,1.13266064,0.19531512,4
TNG50-1,40,1.5,196834,-0.02312607,-0.06126959,1.13266064,0.19531512,5
TNG50-1,40,1.5,196834,-0.09868413,0.07506179,1.13266064,0.19531512,6
TNG50-1,40,1.5,196834,0.05301636,0.02009641,1.13266064,0.19531512,7
TNG50-1,40,1.5,196834,-0.01351983,-0.0381098,1.13266064,0.19531512,8
TNG50-1,40,1.5,196834,0.03698156,-0.00852048,1.13266064,0.19531512,9
TNG50-1,40,1.5,196834,0.1179886,0.00066183,1.13266064,0.19531512,10
TNG50-1,40,1.5,196834,-0.01766218,0.03678667,1.13266064,0.19531512,11
TNG50-1,40,1.5,196834,-0.02105765,-0.06791317,1.13266064,0.19531512,12
TNG50-1,40,1.5,196834,0.00593321,-0.04204746,1.13266064,0.19531512,13
TNG50-1,40,1.5,196834,0.04936237,0.01364779,1.13266064,0.19531512,14
TNG50-1,40,1.5,162442,-0.00499173,-0.0186757,0.68940916,-1.25068639,0
TNG50-1,40,1.5,162442,0.02859296,0.02426516,0.68940916,-1.25068639,1
TNG50-1,40,1.5,162442,-0.06147537,0.02614219,0.68940916,-1.25068639,2
TNG50-1,40,1.5,162442,0.01785643,0.04444916,0.68940916,-1.25068639,3
TNG50-1,40,1.5,162442,0.05457918,0.07117797,0.68940916,-1.25068639,4
TNG50-1,40,1.5,162442,0.02434093,0.04979294,0.68940916,-1.25068639,5
TNG50-1,40,1.5,162442,0.00695559,-0.04671195,0.68940916,-1.25068639,6
TNG50-1,40,1.5,162442,-0.00479418,-0.04517672,0.68940916,-1.25068639,7
TNG50-1,40,1.5,162442,-0.04174256,-0.00378857,0.68940916,-1.25068639,8
TNG50-1,40,1.5,162442,-0.00359993,-0.02255877,0.68940916,-1.25068639,9
TNG50-1,40,1.5,162442,0.06298529,-0.05691634,0.68940916,-1.25068639,10
TNG50-1,40,1.5,162442,-0.00595143,-0.02208459,0.68940916,-1.25068639,11
TNG50-1,40,1.5,162442,-0.0444902,-0.02372565,0.68940916,-1.25068639,12
TNG50-1,40,1.5,162442,-0.02461235,-0.03359239,0.68940916,-1.25068639,13
TNG50-1,40,1.5,162442,0.01004251,-0.01578947,0.68940916,-1.25068639,14
TNG50-1,40,1.5,215463,0.05892254,-0.04285882,1.38791693,0.48041903,0
TNG50-1,40,1.5,215463,0.0099619,-0.00044669,1.38791693,0.48041903,1
TNG50-1,40,1.5,215463,0.12359045,-0.08626771,1.38791693,0.48041903,2
TNG50-1,40,1.5,215463,0.00852541,-0.06294032,1.38791693,0.48041903,3
TNG50-1,40,1.5,215463,-0.01450329,0.05240148,1.38791693,0.48041903,4
TNG50-1,40,1.5,215463,0.00020664,-0.02332083,1.38791693,0.48041903,5
TNG50-1,40,1.5,215463,0.0128246,-0.05544015,1.38791693,0.48041903,6
TNG50-1,40,1.5,215463,0.0217627,0.01147302,1.38791693,0.48041903,7
TNG50-1,40,1.5,215463,0.10383557,-0.02612062,1.38791693,0.48041903,8
TNG50-1,40,1.5,215463,-0.04226602,-0.02354108,1.38791693,0.48041903,9
TNG50-1,40,1.5,215463,0.0429523,0.0369663,1.38791693,0.48041903,10
TNG50-1,40,1.5,215463,0.01038753,-0.05808667,1.38791693,0.48041903,11
TNG50-1,40,1.5,215463,-0.07855489,-0.04526826,1.38791693,0.48041903,12
TNG50-1,40,1.5,215463,0.03853494,0.007704,1.38791693,0.48041903,13
TNG50-1,40,1.5,215463,0.06338118,0.04847049,1.38791693,0.48041903,14
TNG50-1,40,1.5,179009,0.06190802,0.00223291,0.57340276,1.43052242,0
TNG50-1,40,1.5,179009,-0.03325309,0.03791765,0.57340276,1.43052242,1
TNG50-1,40,1.5,179009,0.04686885,0.00658992,0.57340276,1.43052242,2
TNG50-1,40,1.5,179009,-0.03920711,-0.06467524,0.57340276,1.43052242,3
TNG50-1,40,1.5,179009,0.09131047,-0.0406487,0.57340276,1.43052242,4
TNG50-1,40,1.5,179009,-0.05668855,0.011756,0.57340276,1.43052242,5
TNG50-1,40,1.5,179009,0.06642394,0.06077412,0.57340276,1.43052242,6
TNG50-1,40,1.5,179009,-0.03282431,0.08079912,0.57340276,1.43052242,7
TNG50-1,40,1.5,179009,0.10066232,0.03897647,0.57340276,1.43052242,8
TNG50-1,40,1.5,179009,0.02956604,0.01436454,0.57340276,1.43052242,9
TNG50-1,40,1.5,179009,-0.05080083,0.03744069,0.57340276,1.43052242,10
TNG50-1,40,1.5,179009,-0.02611192,-0.03333754,0.57340276,1.43052242,11
TNG50-1,40,1.5,179009,0.03905906,-0.00766155,0.57340276,1.43052242,12
TNG50-1,40,1.5,179009,0.05263222,-0.04120654,0.57340276,1.43052242,13
TNG50-1,40,1.5,179009,-0.00353578,-0.06243713,0.57340276,1.43052242,14
TNG50-1,40,1.5,204085,0.01667745,-0.05624647,0.52792099,0.03999896,0
TNG50-1,40,1.5,204085,0.00927567,0.06328875,0.52792099,0.03999896,1
TNG50-1,40,1.5,204085,0.03438262,0.05328426,0.52792099,0.03999896,2
TNG50-1,40,1.5,204085,0.02730559,0.02687169,0.52792099,0.03999896,3
TNG50-1,40,1.5,204085,0.01213221,0.0986098,0.52792099,0.03999896,4
TNG50-1,40,1.5,204085,0.02783083,-0.00946228,0.52792099,0.03999896,5
TNG50-1,40,1.5,204085,-0.00213415,0.15158812,0.52792099,0.03999896,6
TNG50-1,40,1.5,204085,0.02064457,-0.01137647,0.52792099,0.03999896,7
TNG50-1,40,1.5,204085,-0.03630722,0.01275967,0.52792099,0.03999896,8
TNG50-1,40,1.5,204085,0.0184853,-0.0198889,0.52792099,0.03999896,9
TNG50-1,40,1.5,204085,0.03342088,0.01861628,0.52792099,0.03999896,10
TNG50-1,40,1.5,204085,-0.03348407,0.04178075,0.52792099,0.03999896,11
TNG50-1,40,1.5,204085,0.0025916,-0.00569582,0.52792099,0.03999896,12
TNG50-1,40,1.5,204085,-0.03118013,0.08883599,0.52792099,0.03999896,13
TNG50-1,40,1.5,204085,-0.02632533,0.01195746,0.52792099,0.03999896,14
TNG50-1,40,1.5,188221,0.01352427,0.01702202,1.07976452,-0.21057312,0
TNG50-1,40,1.5,188221,-0.04544988,-0.04380297,1.07976452,-0.21057312,1
TNG50-1,40,1.5,188221,0.02092495,-0.03098215,1.07976452,-0.21057312,2
TNG50-1,40,1.5,188221,-0.00670136,-0.04588545,1.07976452,-0.21057312,3
TNG50-1,40,1.5,188221,-0.03041199,-0.05941944,1.07976452,-0.21057312,4
TNG50-1,40,1.5,188221,-0.03882372,0.05321047,1.07976452,-0.21057312,5
TNG50-1,40,1.5,188221,0.13358817,0.03443059,1.07976452,-0.21057312,6
TNG50-1,40,1.5,188221,-0.01317386,0.04883327,1.07976452,-0.21057312,7
TNG50-1,40,1.5,188221,-0.07284927,0.00196565,1.07976452,-0.21057312,8
TNG50-1,40,1.5,188221,-0.03491107,0.03884038,1.07976452,-0.21057312,9
TNG50-1,40,1.5,188221,-0.00257839,-0.08806447,1.07976452,-0.21057312,10
TNG50-1,40,1.5,188221,0.02733335,0.04315438,1.07976452,-0.21057312,11
TNG50-1,40,1.5,188221,0.02773983,0.00885599,1.07976452,-0.21057312,12
TNG50-1,40,1.5,188221,0.03383073,0.03135548,1.07976452,-0.21057312,13
TNG50-1,40,1.5,188221,-0.03224302,0.01900116,1.07976452,-0.21057312,14
TNG50-1,40,1.5,185253,-0.04935276,0.05292764,1.27195942,-1.458193,0
TNG50-1,40,1.5,185253,-0.07490199,-0.06508899,1.27195942,-1.458193,1
TNG50-1,40,1.5,185253,-0.03560271,-0.01032229,1.27195942,-1.458193,2
TNG50-1,40,1.5,185253,0.02824586,0.05123784,1.27195942,-1.458193,3
TNG50-1,40,1.5,185253,0.03450457,-0.02091342,1.27195942,-1.458193,4
TNG50-1,40,1.5,185253,-0.06839711,-0.02868348,1.27195942,-1.458193,5
TNG50-1,40,1.5,185253,-0.04905497,0.05817479,1.27195942,-1.458193,6
TNG50-1,40,1.5,185253,-0.03616178,-0.0153101,1.27195942,-1.458193,7
TNG50-1,40,1.5,185253,-0.01786525,0.05522475,1.27195942,-1.458193,8
TNG50-1,40,1.5,185253,-0.06810254,0.02144827,1.27195942,-1.458193,9
TNG50-1,40,1.5,185253,-0.07110259,-0.01714223,1.27195942,-1.458193,10
TNG50-1,40,1.5,185253,-0.04109176,0.02398453,1.27195942,-1.458193,11
TNG50-1,40,1.5,185253,0.00431269,0.01602248,1.27195942,-1.458193,12
TNG50-1,40,1.5,185253,-0.05902972,0.05104414,1.27195942,-1.458193,13
TNG50-1,40,1.5,185253,-0.00579018,-0.02741728,1.27195942,-1.458193,14
TNG50-1,40,1.5,149622,0.0020603,-0.02959894,0.85435162,1.44442426,0
TNG50-1,40,1.5,149622,-0.00307578,-0.04572881,0.85435162,1.44442426,1
TNG50-1,40,1.5,149622,0.03520741,-0.00313733,0.85435162,1.44442426,2
TNG50-1,40,1.5,149622,-0.05125896,0.03077926,0.85435162,1.44442426,3
TNG50-1,40,1.5,149622,0.05084885,-0.07263788,0.85435162,1.44442426,4
TNG50-1,40,1.5,149622,0.02331644,-0.02244388,0.85435162,1.44442426,5
TNG50-1,40,1.5,149622,-0.06584625,0.07549353,0.85435162,1.44442426,6
TNG50-1,40,1.5,149622,0.06041314,-0.05376442,0.85435162,1.44442426,7
TNG50-1,40,1.5,149622,0.11170465,0.04348806,0.85435162,1.44442426,8
TNG50-1,40,1.5,149622,0.0500917,-0.02423654,0.85435162,1.44442426,9
TNG50-1,40,1.5,149622,0.07134924,0.02728969,0.85435162,1.44442426,10
TNG50-1,40,1.5,149622,0.00426857,0.05486638,0.85435162,1.44442426,11
TNG50-1,40,1.5,149622,-0.08307525,0.03706409,0.85435162,1.44442426,12
TNG50-1,40,1.5,149622,-0.09220602,0.04545798,0.85435162,1.44442426,13
TNG50-1,40,1.5,149622,0.0127541,-0.05757968,0.85435162,1.44442426,14
TNG50-1,40,1.5,15219,0.05568299,0.01710017,1.30060709,-1.24720385,0
TNG50-1,40,1.5,15219,-0.04263466,-0.03237297,1.30060709,-1.24720385,1
TNG50-1,40,1.5,15219,0.01297709,0.08221509,1.30060709,-1.24720385,2
TNG50-1,40,1.5,15219,0.01291231,-0.04382824,1.30060709,-1.24720385,3
TNG50-1,40,1.5,15219,0.02425613,-0.01687149,1.30060709,-1.24720385,4
TNG50-1,40,1.5,15219,0.01684783,0.00537244,1.30060709,-1.24720385,5
TNG50-1,40,1.5,15219,-0.0421905,-0.05460912,1.30060709,-1.24720385,6
TNG50-1,40,1.5,15219,-0.06749337,0.01652598,1.30060709,-1.24720385,7
TNG50-1,40,1.5,15219,0.04361743,0.08059552,1.30060709,-1.24720385,8
TNG50-1,40,1.5,15219,0.00929173,-0.02452311,1.30060709,-1.24720385,9
TNG50-1,40,1.5,15219,0.05746884,0.01975714,1.30060709,-1.24720385,10
TNG50-1,40,1.5,15219,-0.00223665,-0.13747177,1.30060709,-1.24720385,11
TNG50-1,40,1.5,15219,-0.07025822,-0.00194646,1.30060709,-1.24720385,12
TNG50-1,40,1.5,15219,0.04830648,-0.01565211,1.30060709,-1.24720385,13
TNG50-1,40,1.5,15219,-0.01851853,-0.04092488,1.30060709,-1.24720385,14
TNG50-1,40,1.5,152693,0.05407252,0.05045499,1.0864973,-1.44174255,0
TNG50-1,40,1.5,152693,-0.01631218,-0.06794386,1.0864973,-1.44174255,1
TNG50-1,40,1.5,152693,-0.00887387,0.05366289,1.0864973,-1.44174255,2
TNG50-1,40,1.5,152693,-0.01885964,-0.02030668,1.0864973,-1.44174255,3
TNG50-1,40,1.5,152693,-0.09584079,-0.05142521,1.0864973,-1.44174255,4
TNG50-1,40,1.5,152693,-0.05659932,-0.01085718,1.0864973,-1.44174255,5
TNG50-1,40,1.5,152693,0.04805467,0.01386721,1.0864973,-1.44174255,6
TNG50-1,40,1.5,152693,-0.10549753,-0.02473742,1.0864973,-1.44174255,7
TNG50-1,40,1.5,152693,-0.03831577,0.02769768,1.0864973,-1.44174255,8
TNG50-1,40,1.5,152693,-0.019986,-0.02914969,1.0864973,-1.44174255,9
TNG50-1,40,1.5,152693,0.08718109,0.03101862,1.0864973,-1.44174255,10
TNG50-1,40,1.5,152693,0.03843019,0.0221111,1.0864973,-1.44174255,11
TNG50-1,40,1.5,152693,-0.02785853,-0.00304615,1.0864973,-1.44174255,12
TNG50-1,40,1.5,152693,0.06522568,-0.02206912,1.0864973,-1.44174255,13
TNG50-1,40,1.5,152693,-0.03702579,0.00757704,1.0864973,-1.44174255,14
TNG50-1,40,1.5,195521,0.02751269,0.04315754,0.32892519,-0.79775527,0
TNG50-1,40,1.5,195521,0.10308996,-0.00808605,0.32892519,-0.79775527,1
TNG50-1,40,1.5,195521,0.04697102,-0.03349975,0.32892519,-0.79775527,2
TNG50-1,40,1.5,195521,0.0487995,0.05676374,0.32892519,-0.79775527,3
TNG50-1,40,1.5,195521,0.15442561,0.03869456,0.32892519,-0.79775527,4
TNG50-1,40,1.5,195521,0.02579792,-0.08031284,0.32892519,-0.79775527,5
TNG50-1,40,1.5,195521,0.02423218,-0.0156577,0.32892519,-0.79775527,6
TNG50-1,40,1.5,195521,0.03520075,0.00827577,0.32892519,-0.79775527,7
TNG50-1,40,1.5,195521,-0.0504483,0.03894149,0.32892519,-0.79775527,8
TNG50-1,40,1.5,195521,-0.02219508,0.04550507,0.32892519,-0.79775527,9
TNG50-1,40,1.5,195521,-0.02530846,0.0141953,0.32892519,-0.79775527,10
TNG50-1,40,1.5,195521,0.0323807,0.02926238,0.32892519,-0.79775527,11
TNG50-1,40,1.5,195521,-0.00870873,0.00320684,0.32892519,-0.79775527,12
TNG50-1,40,1.5,195521,0.00691117,-0.03369258,0.32892519,-0.79775527,13
TNG50-1,40,1.5,195521,0.05437273,-0.01306322,0.32892519,-0.79775527,14
TNG50-1,40,1.5,176051,0.00094956,-0.01161836,0.21772058,-1.3649264,0
TNG50-1,40,1.5,176051,-0.00173396,0.01283172,0.21772058,-1.3649264,1
TNG50-1,40,1.5,176051,-0.09427865,0.00887956,0.21772058,-1.3649264,2
TNG50-1,40,1.5,176051,-0.01987417,0.02696523,0.21772058,-1.3649264,3
TNG50-1,40,1.5,176051,0.00281028,-0.04585245,0.21772058,-1.3649264,4
TNG50-1,40,1.5,176051,-0.0140685,0.00324715,0.21772058,-1.3649264,5
TNG50-1,40,1.5,176051,-0.01234119,0.02101614,0.21772058,-1.3649264,6
TNG50-1,40,1.5,176051,0.02439957,0.04128355,0.21772058,-1.3649264,7
TNG50-1,40,1.5,176051,-0.05394786,-0.04028591,0.21772058,-1.3649264,8
TNG50-1,40,1.5,176051,-0.08140211,-0.01725784,0.21772058,-1.3649264,9
TNG50-1,40,1.5,176051,-0.01740849,-0.13519088,0.21772058,-1.3649264,10
TNG50-1,40,1.5,176051,0.03820572,-0.0310731,0.21772058,-1.3649264,11
TNG50-1,40,1.5,176051,0.08437765,-0.02622074,0.21772058,-1.3649264,12
TNG50-1,40,1.5,176051,0.03910641,-0.05097923,0.21772058,-1.3649264,13
TNG50-1,40,1.5,176051,-0.07341319,0.00828061,0.21772058,-1.3649264,14
TNG50-1,40,1.5,186577,-0.00279727,-0.0304124,0.65104841,-0.14100146,0
TNG50-1,40,1.5,186577,-0.11296069,0.0312606,0.65104841,-0.14100146,1
TNG50-1,40,1.5,186577,0.0107754,-0.01396105,0.65104841,-0.14100146,2
TNG50-1,40,1.5,186577,-0.04641621,-0.04825064,0.65104841,-0.14100146,3
TNG50-1,40,1.5,186577,0.02428445,-0.01390481,0.65104841,-0.14100146,4
TNG50-1,40,1.5,186577,-0.06409256,0.01129299,0.65104841,-0.14100146,5
TNG50-1,40,1.5,186577,0.00150033,0.01624424,0.65104841,-0.14100146,6
TNG50-1,40,1.5,186577,-0.01415817,0.09391896,0.65104841,-0.14100146,7
TNG50-1,40,1.5,186577,0.01515509,-0.03344547,0.65104841,-0.14100146,8
TNG50-1,40,1.5,186577,0.00623486,-0.00367393,0.65104841,-0.14100146,9
TNG50-1,40,1.5,186577,-0.01275821,0.0213062,0.65104841,-0.14100146,10
TNG50-1,40,1.5,186577,-0.07681362,-0.00117115,0.65104841,-0.14100146,11
TNG50-1,40,1.5,186577,-0.0738604,-0.02503091,0.65104841,-0.14100146,12
TNG50-1,40,1.5,186577,-0.02919435,-0.07746286,0.65104841,-0.14100146,13
TNG50-1,40,1.5,186577,-0.00041399,-0.02554173,0.65104841,-0.14100146,14
TNG50-1,40,1.5,177300,-0.05368512,-0.06238139,1.13528188,0.05054132,0
TNG50-1,40,1.5,177300,-0.08633033,0.03548309,1.13528188,0.05054132,1
TNG50-1,40,1.5,177300,-0.03978394,0.08355606,1.13528188,0.05054132,2
TNG50-1,40,1.5,177300,-0.05235459,0.0246716,1.13528188,0.05054132,3
TNG50-1,40,1.5,177300,0.02918933,-0.00201712,1.13528188,0.05054132,4
TNG50-1,40,1.5,177300,0.03005459,-0.10975919,1.13528188,0.05054132,5
TNG50-1,40,1.5,177300,-0.04519396,-0.10112235,1.13528188,0.05054132,6
TNG50-1,40,1.5,177300,-0.01301143,0.00647048,1.13528188,0.05054132,7
TNG50-1,40,1.5,177300,-0.09291213,-0.01790313,1.13528188,0.05054132,8
TNG50-1,40,1.5,177300,-0.024717,-0.05529176,1.13528188,0.05054132,9
TNG50-1,40,1.5,177300,0.0199491,0.00327663,1.13528188,0.05054132,10
TNG50-1,40,1.5,177300,0.04124689,0.00575657,1.13528188,0.05054132,11
TNG50-1,40,1.5,177300,-0.03565235,0.04722079,1.13528188,0.05054132,12
TNG50-1,40,1.5,177300,0.05259274,0.00683011,1.13528188,0.05054132,13
TNG50-1,40,1.5,177300,-0.0757846,0.06141972,1.13528188,0.05054132,14
TNG50-1,40,1.5,233856,0.0003997,0.0263101,0.75678927,-0.58882887,0
TNG50-1,40,1.5,233856,-0.00576675,-0.03256871,0.75678927,-0.58882887,1
TNG50-1,40,1.5,233856,0.05321561,0.00500848,0.75678927,-0.58882887,2
TNG50-1,40,1.5,233856,-0.04892204,-0.01420495,0.75678927,-0.58882887,3
TNG50-1,40,1.5,233856,0.14072237,0.09625064,0.75678927,-0.58882887,4
TNG50-1,40,1.5,233856,0.01876287,0.09911302,0.75678927,-0.58882887,5
TNG50-1,40,1.5,233856,0.01904146,0.00232566,0.75678927,-0.58882887,6
TNG50-1,40,1.5,233856,0.0262548,0.00319889,0.75678927,-0.58882887,7
TNG50-1,40,1.5,233856,0.09385682,-0.01867215,0.75678927,-0.58882887,8
TNG50-1,40,1.5,233856,0.03962537,0.05530031,0.75678927,-0.58882887,9
TNG50-1,40,1.5,233856,-0.0802528,-0.01644599,0.75678927,-0.58882887,10
TNG50-1,40,1.5,233856,0.07017352,-0.02106686,0.75678927,-0.58882887,11
TNG50-1,40,1.5,233856,-0.01704483,0.04892964,0.75678927,-0.58882887,12
TNG50-1,40,1.5,233856,0.00535775,-0.02691495,0.75678927,-0.58882887,13
TNG50-1,40,1.5,233856,-0.0639627,-0.00188775,0.75678927,-0.58882887,14
TNG50-1,40,1.5,36240,-0.07906554,0.10319473,0.73561762,-1.41069925,0
TNG50-1,40,1.5,36240,0.03520952,0.06812291,0.73561762,-1.41069925,1
TNG50-1,40,1.5,36240,0.09704335,-0.09479926,0.73561762,-1.41069925,2
TNG50-1,40,1.5,36240,0.03606127,0.0710538,0.73561762,-1.41069925,3
TNG50-1,40,1.5,36240,0.07308996,0.04682002,0.73561762,-1.41069925,4
TNG50-1,40,1.5,36240,-0.04230511,-0.077265,0.73561762,-1.41069925,5
TNG50-1,40,1.5,36240,0.01181621,-0.01516008,0.73561762,-1.41069925,6
TNG50-1,40,1.5,36240,-0.047158,0.05477612,0.73561762,-1.41069925,7
TNG50-1,40,1.5,36240,-0.01138828,0.02752168,0.73561762,-1.41069925,8
TNG50-1,40,1.5,36240,0.03861057,-0.06545475,0.73561762,-1.41069925,9
TNG50-1,40,1.5,36240,0.00509103,0.03053711,0.73561762,-1.41069925,10
TNG50-1,40,1.5,36240,-0.07063205,-0.10687503,0.73561762,-1.41069925,11
TNG50-1,40,1.5,36240,-0.06575146,-0.01114111,0.73561762,-1.41069925,12
TNG50-1,40,1.5,36240,-0.0690582,0.05689784,0.73561762,-1.41069925,13
TNG50-1,40,1.5,36240,0.02457263,0.00091971,0.73561762,-1.41069925,14
TNG50-1,40,1.5,15218,-0.02494688,-0.00208986,1.06539632,-1.22019343,0
TNG50-1,40,1.5,15218,0.04446731,0.05017381,1.06539632,-1.22019343,1
TNG50-1,40,1.5,15218,0.04873759,0.05396578,1.06539632,-1.22019343,2
TNG50-1,40,1.5,15218,0.06550198,-0.01157234,1.06539632,-1.22019343,3
TNG50-1,40,1.5,15218,0.04371712,0.02973451,1.06539632,-1.22019343,4
TNG50-1,40,1.5,15218,0.05406874,-0.0121764,1.06539632,-1.22019343,5
TNG50-1,40,1.5,15218,0.03664543,0.06610679,1.06539632,-1.22019343,6
TNG50-1,40,1.5,15218,0.01327643,0.03179217,1.06539632,-1.22019343,7
TNG50-1,40,1.5,15218,0.00447545,-0.05952419,1.06539632,-1.22019343,8
TNG50-1,40,1.5,15218,-0.01186299,0.00807623,1.06539632,-1.22019343,9
TNG50-1,40,1.5,15218,-0.06061841,0.08240561,1.06539632,-1.22019343,10
TNG50-1,40,1.5,15218,-0.04776558,-0.00906155,1.06539632,-1.22019343,11
TNG50-1,40,1.5,15218,-0.01410072,0.02238575,1.06539632,-1.22019343,12
TNG50-1,40,1.5,15218,0.01207261,0.02729394,1.06539632,-1.22019343,13
TNG50-1,40,1.5,15218,0.07204063,-0.05183114,1.06539632,-1.22019343,14
TNG50-1,40,1.5,91587,0.0255354,0.07841032,0.81048004,-0.3628402,0
TNG50-1,40,1.5,91587,-0.06969176,0.01923617,0.81048004,-0.3628402,1
TNG50-1,40,1.5,91587,-0.03128121,-0.06617942,0.81048004,-0.3628402,2
TNG50-1,40,1.5,91587,0.05378615,-0.07701772,0.81048004,-0.3628402,3
TNG50-1,40,1.5,91587,0.01783781,-0.0056082,0.81048004,-0.3628402,4
TNG50-1,40,1.5,91587,-0.01522389,0.07805933,0.81048004,-0.3628402,5
TNG50-1,40,1.5,91587,0.02232305,-0.00933791,0.81048004,-0.3628402,6
TNG50-1,40,1.5,91587,-0.00300461,0.06534998,0.81048004,-0.3628402,7
TNG50-1,40,1.5,91587,0.00062893,0.01759654,0.81048004,-0.3628402,8
TNG50-1,40,1.5,91587,0.03284093,0.02356252,0.81048004,-0.3628402,9
TNG50-1,40,1.5,91587,-0.03636839,-0.06678603,0.81048004,-0.3628402,10
TNG50-1,40,1.5,91587,0.00201682,0.04687615,0.81048004,-0.3628402,11
TNG50-1,40,1.5,91587,-0.01561341,-0.0167466,0.81048004,-0.3628402,12
TNG50-1,40,1.5,91587,-0.07928017,0.04315462,0.81048004,-0.3628402,13
TNG50-1,40,1.5,91587,-0.04602279,-0.0407085,0.81048004,-0.3628402,14
TNG50-1,40,1.5,189576,0.00885247,-0.01263612,1.39117439,-1.38064059,0
TNG50-1,40,1.5,189576,0.01760015,-0.01057733,1.39117439,-1.38064059,1
TNG50-1,40,1.5,189576,-0.00770167,0.02048756,1.39117439,-1.38064059,2
TNG50-1,40,1.5,189576,0.02022726,0.02905994,1.39117439,-1.38064059,3
TNG50-1,40,1.5,189576,-0.01331985,-0.04131716,1.39117439,-1.38064059,4
TNG50-1,40,1.5,189576,-0.03245299,0.03588628,1.39117439,-1.38064059,5
TNG50-1,40,1.5,189576,0.08027417,0.00566853,1.39117439,-1.38064059,6
TNG50-1,40,1.5,189576,0.05244764,-0.06280274,1.39117439,-1.38064059,7
TNG50-1,40,1.5,189576,-0.03804324,-0.00849372,1.39117439,-1.38064059,8
TNG50-1,40,1.5,189576,0.02842222,0.06906395,1.39117439,-1.38064059,9
TNG50-1,40,1.5,189576,-0.03713394,0.08382974,1.39117439,-1.38064059,10
TNG50-1,40,1.5,189576,-0.05923423,0.03586742,1.39117439,-1.38064059,11
TNG50-1,40,1.5,189576,0.05169047,-0.05951717,1.39117439,-1.38064059,12
TNG50-1,40,1.5,189576,-0.08520498,0.02453035,1.39117439,-1.38064059,13
TNG50-1,40,1.5,189576,0.0463428,0.04254305,1.39117439,-1.38064059,14
TNG50-1,40,1.5,193644,0.0362854,0.10161685,1.22459749,0.62263139,0
TNG50-1,40,1.5,193644,0.03924771,-0.05118239,1.22459749,0.62263139,1
TNG50-1,40,1.5,193644,0.01816315,0.01016035,1.22459749,0.62263139,2
TNG50-1,40,1.5,193644,-0.00362062,-0.03998287,1.22459749,0.62263139,3
TNG50-1,40,1.5,193644,-0.03041837,-0.02735024,1.22459749,0.62263139,4
TNG50-1,40,1.5,193644,-0.09489678,-0.00247952,1.22459749,0.62263139,5
TNG50-1,40,1.5,193644,0.01698209,0.06736616,1.22459749,0.62263139,6
TNG50-1,40,1.5,193644,0.00930264,0.09004953,1.22459749,0.62263139,7
TNG50-1,40,1.5,193644,0.02787879,0.02240711,1.22459749,0.62263139,8
TNG50-1,40,1.5,193644,-0.06687718,-0.01882974,1.22459749,0.62263139,9
TNG50-1,40,1.5,193644,0.03225083,0.12463694,1.22459749,0.62263139,10
TNG50-1,40,1.5,193644,0.10272725,-0.02137772,1.22459749,0.62263139,11
TNG50-1,40,1.5,193644,0.00392251,-0.0285568,1.22459749,0.62263139,12
TNG50-1,40,1.5,193644,-0.00308327,-0.08874715,1.22459749,0.62263139,13
TNG50-1,40,1.5,193644,0.01545012,0.06980458,1.22459749,0.62263139,14
TNG50-1,40,1.5,211773,0.04841228,0.04308792,0.93310649,-0.92042211,0
TNG50-1,40,1.5,211773,0.12089028,0.05957968,0.93310649,-0.92042211,1
TNG50-1,40,1.5,211773,-0.06947617,-0.03506721,0.93310649,-0.92042211,2
TNG50-1,40,1.5,211773,0.07290854,0.01741015,0.93310649,-0.92042211,3
TNG50-1,40,1.5,211773,0.00350678,-0.01327702,0.93310649,-0.92042211,4
TNG50-1,40,1.5,211773,0.04030501,0.0164137,0.93310649,-0.92042211,5
TNG50-1,40,1.5,211773,-0.08238886,-0.03137886,0.93310649,-0.92042211,6
TNG50-1,40,1.5,211773,0.07340409,-0.04417126,0.93310649,-0.92042211,7
TNG50-1,40,1.5,211773,0.03932584,0.05260374,0.93310649,-0.92042211,8
TNG50-1,40,1.5,211773,-0.0019455,-0.00319353,0.93310649,-0.92042211,9
TNG50-1,40,1.5,211773,0.03225563,0.10110545,0.93310649,-0.92042211,10
TNG50-1,40,1.5,211773,-0.03827477,0.0023155,0.93310649,-0.92042211,11
TNG50-1,40,1.5,211773,-0.028972,-0.0463039,0.93310649,-0.92042211,12
TNG50-1,40,1.5,211773,-0.02317223,0.06134704,0.93310649,-0.92042211,13
TNG50-1,40,1.5,211773,-0.09263639,0.03154001,0.93310649,-0.92042211,14
TNG50-1,40,1.5,183284,0.03634364,-0.07386539,1.2633539,-0.62181051,0
TNG50-1,40,1.5,183284,0.05953003,0.07115476,1.2633539,-0.62181051,1
TNG50-1,40,1.5,183284,-0.03263981,-0.01965265,1.2633539,-0.62181051,2
TNG50-1,40,1.5,183284,-0.00636267,0.06837008,1.2633539,-0.62181051,3
TNG50-1,40,1.5,183284,-0.00857249,0.00258259,1.2633539,-0.62181051,4
TNG50-1,40,1.5,183284,-0.06453733,0.0714766,1.2633539,-0.62181051,5
TNG50-1,40,1.5,183284,-0.01317951,0.01283472,1.2633539,-0.62181051,6
TNG50-1,40,1.5,183284,0.06681897,0.04266163,1.2633539,-0.62181051,7
TNG50-1,40,1.5,183284,0.01186691,0.03595465,1.2633539,-0.62181051,8
TNG50-1,40,1.5,183284,-0.06730307,0.03116455,1.2633539,-0.62181051,9
TNG50-1,40,1.5,183284,-0.07779197,0.01739672,1.2633539,-0.62181051,10
TNG50-1,40,1.5,183284,0.0832388,-0.01164254,1.2633539,-0.62181051,11
TNG50-1,40,1.5,183284,-0.00451595,0.09577173,1.2633539,-0.62181051,12
TNG50-1,40,1.5,183284,-0.03237051,-0.04534685,1.2633539,-0.62181051,13
TNG50-1,40,1.5,183284,-0.01369959,0.00021538,1.2633539,-0.62181051,14
TNG50-1,40,1.5,36237,0.00074429,0.09867607,1.26152123,-0.33261368,0
TNG50-1,40,1.5,36237,0.02012204,-0.05236044,1.26152123,-0.33261368,1
TNG50-1,40,1.5,36237,-0.02147363,0.03054205,1.26152123,-0.33261368,2
TNG50-1,40,1.5,36237,0.01573732,-0.03434688,1.26152123,-0.33261368,3
TNG50-1,40,1.5,36237,-0.00844213,0.00398364,1.26152123,-0.33261368,4
TNG50-1,40,1.5,36237,-0.07909763,-0.03166271,1.26152123,-0.33261368,5
TNG50-1,40,1.5,36237,0.00047761,0.02807706,1.26152123,-0.33261368,6
TNG50-1,40,1.5,36237,-0.05502827,0.00683871,1.26152123,-0.33261368,7
TNG50-1,40,1.5,36237,-0.08671929,-0.02241449,1.26152123,-0.33261368,8
TNG50-1,40,1.5,36237,0.00684367,-0.05250861,1.26152123,-0.33261368,9
TNG50-1,40,1.5,36237,0.02439417,0.01338871,1.26152123,-0.33261368,10
TNG50-1,40,1.5,36237,0.0263349,-0.06063594,1.26152123,-0.33261368,11
TNG50-1,40,1.5,36237,0.02835854,0.02137405,1.26152123,-0.33261368,12
TNG50-1,40,1.5,36237,-0.09662945,0.13132425,1.26152123,-0.33261368,13
TNG50-1,40,1.5,36237,-0.06805085,0.0675085,1.26152123,-0.33261368,14
TNG50-1,40,1.5,198703,0.03591739,-0.01160628,0.55962023,-0.26197856,0
TNG50-1,40,1.5,198703,-0.00428036,-0.0089286,0.55962023,-0.26197856,1
TNG50-1,40,1.5,198703,-0.09693763,0.02984729,0.55962023,-0.26197856,2
TNG50-1,40,1.5,198703,-0.06611432,-0.00710198,0.55962023,-0.26197856,3
TNG50-1,40,1.5,198703,0.06413964,-0.01391269,0.55962023,-0.26197856,4
TNG50-1,40,1.5,198703,-0.0394878,0.02352252,0.55962023,-0.26197856,5
TNG50-1,40,1.5,198703,-0.0349626,0.03340989,0.55962023,-0.26197856,6
TNG50-1,40,1.5,198703,-0.00828252,-0.00735367,0.55962023,-0.26197856,7
TNG50-1,40,1.5,198703,-0.05310231,0.00403039,0.55962023,-0.26197856,8
TNG50-1,40,1.5,198703,-0.06133844,-0.03908951,0.55962023,-0.26197856,9
TNG50-1,40,1.5,198703,-0.0025237,-0.04303415,0.55962023,-0.26197856,10
TNG50-1,40,1.5,198703,-0.04457647,0.03845738,0.55962023,-0.26197856,11
TNG50-1,40,1.5,198703,-0.03705093,0.0222471,0.55962023,-0.26197856,12
TNG50-1,40,1.5,198703,-0.03905955,0.02276492,0.55962023,-0.26197856,13
TNG50-1,40,1.5,198703,0.02611801,0.01404272,0.55962023,-0.26197856,14
TNG50-1,40,1.5,224995,0.00231016,-0.02231026,0.24031425,-1.56557906,0
TNG50-1,40,1.5,224995,0.03482059,-0.024401,0.24031425,-1.56557906,1
TNG50-1,40,1.5,224995,0.04675544,0.07722247,0.24031425,-1.56557906,2
TNG50-1,40,1.5,224995,0.0455614,-0.03364855,0.24031425,-1.56557906,3
TNG50-1,40,1.5,224995,-0.0050389,-0.02370402,0.24031425,-1.56557906,4
TNG50-1,40,1.5,224995,0.06934964,-0.07937464,0.24031425,-1.56557906,5
TNG50-1,40,1.5,224995,0.01142303,-0.03788059,0.24031425,-1.56557906,6
TNG50-1,40,1.5,224995,0.03161881,-0.08541999,0.24031425,-1.56557906,7
TNG50-1,40,1.5,224995,0.01410439,0.03159023,0.24031425,-1.56557906,8
TNG50-1,40,1.5,224995,0.01235034,0.13998486,0.24031425,-1.56557906,9
TNG50-1,40,1.5,224995,-0.0367876,-0.01833394,0.24031425,-1.56557906,10
TNG50-1,40,1.5,224995,0.03506754,-0.0833379,0.24031425,-1.56557906,11
TNG50-1,40,1.5,224995,0.14226472,0.04499998,0.24031425,-1.56557906,12
TNG50-1,40,1.5,224995,-0.01873975,-0.03634625,0.24031425,-1.56557906,13
TNG50-1,40,1.5,224995,0.00354974,0.06496735,0.24031425,-1.56557906,14
TNG50-1,40,1.5,156291,-0.01410145,0.05848731,0.90159769,-1.21871687,0
TNG50-1,40,1.5,156291,-0.03159078,0.04623496,0.90159769,-1.21871687,1
TNG50-1,40,1.5,156291,-0.00889788,0.02230705,0.90159769,-1.21871687,2
TNG50-1,40,1.5,156291,0.03788884,0.04637729,0.90159769,-1.21871687,3
TNG50-1,40,1.5,156291,-0.01137103,0.03752118,0.90159769,-1.21871687,4
TNG50-1,40,1.5,156291,-0.02483624,-0.02197318,0.90159769,-1.21871687,5
TNG50-1,40,1.5,156291,-0.00994158,-0.06719495,0.90159769,-1.21871687,6
TNG50-1,40,1.5,156291,-0.06359276,0.02101811,0.90159769,-1.21871687,7
TNG50-1,40,1.5,156291,0.01985158,0.02730446,0.90159769,-1.21871687,8
TNG50-1,40,1.5,156291,-0.08933633,0.0545236,0.90159769,-1.21871687,9
TNG50-1,40,1.5,156291,-0.02220607,-0.04681606,0.90159769,-1.21871687,10
TNG50-1,40,1.5,156291,0.03796926,-0.04532155,0.90159769,-1.21871687,11
TNG50-1,40,1.5,156291,0.01515241,0.02299501,0.90159769,-1.21871687,12
TNG50-1,40,1.5,156291,0.02951603,-0.00355835,0.90159769,-1.21871687,13
TNG50-1,40,1.5,156291,-0.00325228,-0.09428808,0.90159769,-1.21871687,14
TNG50-1,40,1.5,233558,0.01875541,-0.00856164,0.55538585,1.13965849,0
TNG50-1,40,1.5,233558,-0.09262115,-0.08297984,0.55538585,1.13965849,1
TNG50-1,40,1.5,233558,-0.04726283,-0.05277169,0.55538585,1.13965849,2
TNG50-1,40,1.5,233558,0.06758407,0.04196007,0.55538585,1.13965849,3
TNG50-1,40,1.5,233558,0.09124395,-0.00249527,0.55538585,1.13965849,4
TNG50-1,40,1.5,233558,-0.06078282,-0.01595529,0.55538585,1.13965849,5
TNG50-1,40,1.5,233558,-0.01646958,-0.03743748,0.55538585,1.13965849,6
TNG50-1,40,1.5,233558,0.00213113,-0.0110328,0.55538585,1.13965849,7
TNG50-1,40,1.5,233558,0.08906135,0.01505566,0.55538585,1.13965849,8
TNG50-1,40,1.5,233558,-0.02464345,0.04914581,0.55538585,1.13965849,9
TNG50-1,40,1.5,233558,-0.0238442,-0.13125733,0.55538585,1.13965849,10
TNG50-1,40,1.5,233558,0.07743628,-0.04158806,0.55538585,1.13965849,11
TNG50-1,40,1.5,233558,-0.01873946,0.00795481,0.55538585,1.13965849,12
TNG50-1,40,1.5,233558,0.03611009,-0.00494316,0.55538585,1.13965849,13
TNG50-1,40,1.5,233558,-0.07385715,0.02016881,0.55538585,1.13965849,14
TNG50-1,40,1.5,200427,0.01337701,-0.01279116,0.23623447,-1.56692255,0
TNG50-1,40,1.5,200427,-0.01524339,0.04271199,0.23623447,-1.56692255,1
TNG50-1,40,1.5,200427,-0.02634266,0.0115505,0.23623447,-1.56692255,2
TNG50-1,40,1.5,200427,-0.01227507,0.01176449,0.23623447,-1.56692255,3
TNG50-1,40,1.5,200427,0.05743712,-0.05626118,0.23623447,-1.56692255,4
TNG50-1,40,1.5,200427,-0.0366004,-0.0483745,0.23623447,-1.56692255,5
TNG50-1,40,1.5,200427,-0.00314034,0.10717234,0.23623447,-1.56692255,6
TNG50-1,40,1.5,200427,0.00916711,-0.00889129,0.23623447,-1.56692255,7
TNG50-1,40,1.5,200427,0.07801755,-0.0387386,0.23623447,-1.56692255,8
TNG50-1,40,1.5,200427,-0.01501541,0.07155496,0.23623447,-1.56692255,9
TNG50-1,40,1.5,200427,0.04794033,0.01409043,0.23623447,-1.56692255,10
TNG50-1,40,1.5,200427,0.06159897,0.02890775,0.23623447,-1.56692255,11
TNG50-1,40,1.5,200427,-0.00318771,-0.00690235,0.23623447,-1.56692255,12
TNG50-1,40,1.5,200427,-0.01053595,-0.01593365,0.23623447,-1.56692255,13
TNG50-1,40,1.5,200427,-0.01645268,-0.00847932,0.23623447,-1.56692255,14
TNG50-1,40,1.5,163071,-0.06913691,-0.09360778,1.2821301,0.02565851,0
TNG50-1,40,1.5,163071,-0.00439637,-0.05745796,1.2821301,0.02565851,1
TNG50-1,40,1.5,163071,0.01480165,0.00051678,1.2821301,0.02565851,2
TNG50-1,40,1.5,163071,0.09252316,-0.02040866,1.2821301,0.02565851,3
TNG50-1,40,1.5,163071,0.00429995,0.01974056,1.2821301,0.02565851,4
TNG50-1,40,1.5,163071,-0.11670885,-0.06073342,1.2821301,0.02565851,5
TNG50-1,40,1.5,163071,-0.00469927,0.03570569,1.2821301,0.02565851,6
TNG50-1,40,1.5,163071,0.13697521,-0.05918795,1.2821301,0.02565851,7
TNG50-1,40,1.5,163071,0.04331831,0.08213672,1.2821301,0.02565851,8
TNG50-1,40,1.5,163071,-0.04054445,-0.08578791,1.2821301,0.02565851,9
TNG50-1,40,1.5,163071,0.02955533,-0.05462771,1.2821301,0.02565851,10
TNG50-1,40,1.5,163071,-0.03710067,0.02086854,1.2821301,0.02565851,11
TNG50-1,40,1.5,163071,-0.06769038,0.08321166,1.2821301,0.02565851,12
TNG50-1,40,1.5,163071,-0.01741847,0.01575215,1.2821301,0.02565851,13
TNG50-1,40,1.5,163071,0.00457632,0.0281429,1.2821301,0.02565851,14
TNG50-1,40,1.5,170919,0.00087685,0.00280717,1.00854694,-0.03298042,0
TNG50-1,40,1.5,170919,-0.05131992,-0.04905436,1.00854694,-0.03298042,1
TNG50-1,40,1.5,170919,-0.02450692,-0.02068026,1.00854694,-0.03298042,2
TNG50-1,40,1.5,170919,-0.06059549,-0.01310521,1.00854694,-0.03298042,3
TNG50-1,40,1.5,170919,-0.0639355,-0.03629291,1.00854694,-0.03298042,4
TNG50-1,40,1.5,170919,0.02008745,-0.06077514,1.00854694,-0.03298042,5
TNG50-1,40,1.5,170919,-0.0561589,-0.07067587,1.00854694,-0.03298042,6
TNG50-1,40,1.5,170919,0.0159777,-0.11698741,1.00854694,-0.03298042,7
TNG50-1,40,1.5,170919,-0.06509114,-0.05281732,1.00854694,-0.03298042,8
TNG50-1,40,1.5,170919,0.01481915,0.03137469,1.00854694,-0.03298042,9
TNG50-1,40,1.5,170919,-0.02443413,-0.07992493,1.00854694,-0.03298042,10
TNG50-1,40,1.5,170919,0.07033078,-0.06840614,1.00854694,-0.03298042,11
TNG50-1,40,1.5,170919,0.01618594,0.08954493,1.00854694,-0.03298042,12
TNG50-1,40,1.5,170919,0.06178914,-0.0318248,1.00854694,-0.03298042,13
TNG50-1,40,1.5,170919,-0.03778234,0.0160523,1.00854694,-0.03298042,14
TNG50-1,40,1.5,44891,0.03211586,-0.01220544,1.06101077,-0.52435016,0
TNG50-1,40,1.5,44891,0.03312631,-0.01581827,1.06101077,-0.52435016,1
TNG50-1,40,1.5,44891,-0.07611571,-0.03256481,1.06101077,-0.52435016,2
TNG50-1,40,1.5,44891,-0.01155298,0.01106876,1.06101077,-0.52435016,3
TNG50-1,40,1.5,44891,-0.08091136,0.01975866,1.06101077,-0.52435016,4
TNG50-1,40,1.5,44891,0.12231589,0.01615416,1.06101077,-0.52435016,5
TNG50-1,40,1.5,44891,-0.07974376,-0.01580624,1.06101077,-0.52435016,6
TNG50-1,40,1.5,44891,-0.05239201,-0.05508109,1.06101077,-0.52435016,7
TNG50-1,40,1.5,44891,-0.05203004,0.03329165,1.06101077,-0.52435016,8
TNG50-1,40,1.5,44891,-0.07483302,0.00062569,1.06101077,-0.52435016,9
TNG50-1,40,1.5,44891,0.0676297,0.04441788,1.06101077,-0.52435016,10
TNG50-1,40,1.5,44891,0.1211224,0.03950378,1.06101077,-0.52435016,11
TNG50-1,40,1.5,44891,-0.02378746,-0.0710881,1.06101077,-0.52435016,12
TNG50-1,40,1.5,44891,-0.06602116,-0.07171111,1.06101077,-0.52435016,13
TNG50-1,40,1.5,44891,-0.11184627,-0.03777704,1.06101077,-0.52435016,14
TNG50-1,40,1.5,165004,-0.05281327,-0.00252937,1.33376806,-0.21574253,0
TNG50-1,40,1.5,165004,0.03776259,0.06539578,1.33376806,-0.21574253,1
TNG50-1,40,1.5,165004,0.01756548,-0.09850075,1.33376806,-0.21574253,2
TNG50-1,40,1.5,165004,0.0549592,-0.00277267,1.33376806,-0.21574253,3
TNG50-1,40,1.5,165004,0.01982434,-0.00200475,1.33376806,-0.21574253,4
TNG50-1,40,1.5,165004,0.01043248,-0.03634972,1.33376806,-0.21574253,5
TNG50-1,40,1.5,165004,0.05998649,0.11919305,1.33376806,-0.21574253,6
TNG50-1,40,1.5,165004,0.02348637,-0.00330963,1.33376806,-0.21574253,7
TNG50-1,40,1.5,165004,0.00340505,-0.02038654,1.33376806,-0.21574253,8
TNG50-1,40,1.5,165004,0.07402265,0.00129811,1.33376806,-0.21574253,9
TNG50-1,40,1.5,165004,0.00575904,-0.10014069,1.33376806,-0.21574253,10
TNG50-1,40,1.5,165004,-0.01521703,-0.0379934,1.33376806,-0.21574253,11
TNG50-1,40,1.5,165004,-0.04189116,0.049162,1.33376806,-0.21574253,12
TNG50-1,40,1.5,165004,0.03515127,-0.03144727,1.33376806,-0.21574253,13
TNG50-1,40,1.5,165004,0.06185253,-0.04144376,1.33376806,-0.21574253,14
TNG50-1,40,1.5,216482,0.06547628,0.01480503,0.67315318,0.88147164,0
TNG50-1,40,1.5,216482,0.06701272,0.01563563,0.67315318,0.88147164,1
TNG50-1,40,1.5,216482,0.02584952,-0.01269188,0.67315318,0.88147164,2
TNG50-1,40,1.5,216482,-0.02275587,0.03721668,0.67315318,0.88147164,3
TNG50-1,40,1.5,216482,-0.01197355,0.03876146,0.67315318,0.88147164,4
TNG50-1,40,1.5,216482,-0.0402075,0.01637055,0.67315318,0.88147164,5
TNG50-1,40,1.5,216482,-0.04973866,-0.01278199,0.67315318,0.88147164,6
TNG50-1,40,1.5,216482,-0.05222082,-0.01787651,0.67315318,0.88147164,7
TNG50-1,40,1.5,216482,-0.03090272,-0.06838769,0.67315318,0.88147164,8
TNG50-1,40,1.5,216482,-0.05173605,-0.04029589,0.67315318,0.88147164,9
TNG50-1,40,1.5,216482,-0.07818526,-0.03110038,0.67315318,0.88147164,10
TNG50-1,40,1.5,216482,0.01097013,-0.05619859,0.67315318,0.88147164,11
TNG50-1,40,1.5,216482,0.01172978,0.0219962,0.67315318,0.88147164,12
TNG50-1,40,1.5,216482,0.08503964,0.05983139,0.67315318,0.88147164,13
TNG50-1,40,1.5,216482,-0.03341692,-0.04540312,0.67315318,0.88147164,14
TNG50-1,40,1.5,25876,0.01417207,-0.01537639,1.02233918,1.07192306,0
TNG50-1,40,1.5,25876,-0.05170556,-0.01590137,1.02233918,1.07192306,1
TNG50-1,40,1.5,25876,-0.01524611,0.02348484,1.02233918,1.07192306,2
TNG50-1,40,1.5,25876,-0.03451648,-0.04190096,1.02233918,1.07192306,3
TNG50-1,40,1.5,25876,0.03009478,0.05831442,1.02233918,1.07192306,4
TNG50-1,40,1.5,25876,-0.03393941,0.01808003,1.02233918,1.07192306,5
TNG50-1,40,1.5,25876,0.05058302,0.01282295,1.02233918,1.07192306,6
TNG50-1,40,1.5,25876,-0.01228604,0.03434768,1.02233918,1.07192306,7
TNG50-1,40,1.5,25876,-0.03248019,0.08614149,1.02233918,1.07192306,8
TNG50-1,40,1.5,25876,-0.06266526,0.00854777,1.02233918,1.07192306,9
TNG50-1,40,1.5,25876,0.01266023,-0.00565202,1.02233918,1.07192306,10
TNG50-1,40,1.5,25876,0.04476092,0.07543598,1.02233918,1.07192306,11
TNG50-1,40,1.5,25876,0.01366606,0.04837752,1.02233918,1.07192306,12
TNG50-1,40,1.5,25876,0.11194158,-0.01604899,1.02233918,1.07192306,13
TNG50-1,40,1.5,25876,0.07148937,0.00025932,1.02233918,1.07192306,14
TNG50-1,40,1.5,181911,0.00976905,0.00808312,0.98823017,-0.75288726,0
TNG50-1,40,1.5,181911,0.01809065,0.10994239,0.98823017,-0.75288726,1
TNG50-1,40,1.5,181911,-0.06782999,-0.0008799,0.98823017,-0.75288726,2
TNG50-1,40,1.5,181911,-0.07712423,-0.03465935,0.98823017,-0.75288726,3
TNG50-1,40,1.5,181911,-0.0443695,-0.00868812,0.98823017,-0.75288726,4
TNG50-1,40,1.5,181911,-0.04823692,0.00460886,0.98823017,-0.75288726,5
TNG50-1,40,1.5,181911,-0.0321912,-0.00755842,0.98823017,-0.75288726,6
TNG50-1,40,1.5,181911,0.03173553,-0.00156774,0.98823017,-0.75288726,7
TNG50-1,40,1.5,181911,-0.00844646,-0.07217234,0.98823017,-0.75288726,8
TNG50-1,40,1.5,181911,0.00981973,-0.04813152,0.98823017,-0.75288726,9
TNG50-1,40,1.5,181911,-0.06121517,-0.00746676,0.98823017,-0.75288726,10
TNG50-1,40,1.5,181911,-0.02308211,-0.0082634,0.98823017,-0.75288726,11
TNG50-1,40,1.5,181911,0.02936288,-0.02830946,0.98823017,-0.75288726,12
TNG50-1,40,1.5,181911,0.02974762,-0.00885068,0.98823017,-0.75288726,13
TNG50-1,40,1.5,181911,-0.03622869,0.00305074,0.98823017,-0.75288726,14
TNG50-1,40,1.5,234153,0.04447067,0.02076398,1.27445054,-0.55766273,0
TNG50-1,40,1.5,234153,-0.00496059,-0.04120532,1.27445054,-0.55766273,1
TNG50-1,40,1.5,234153,0.01995516,-0.00373813,1.27445054,-0.55766273,2
TNG50-1,40,1.5,234153,-0.02708002,-0.00469994,1.27445054,-0.55766273,3
TNG50-1,40,1.5,234153,0.02860479,-0.11076401,1.27445054,-0.55766273,4
TNG50-1,40,1.5,234153,0.01878651,-0.0109797,1.27445054,-0.55766273,5
TNG50-1,40,1.5,234153,0.04329085,-0.00786589,1.27445054,-0.55766273,6
TNG50-1,40,1.5,234153,0.03567302,-0.00801465,1.27445054,-0.55766273,7
TNG50-1,40,1.5,234153,0.02943678,0.07079571,1.27445054,-0.55766273,8
TNG50-1,40,1.5,234153,-0.00492087,-0.06078991,1.27445054,-0.55766273,9
TNG50-1,40,1.5,234153,0.01224696,-0.04123113,1.27445054,-0.55766273,10
TNG50-1,40,1.5,234153,0.05317545,-0.13060979,1.27445054,-0.55766273,11
TNG50-1,40,1.5,234153,-0.03260373,-0.02404583,1.27445054,-0.55766273,12
TNG50-1,40,1.5,234153,-0.03142039,-0.01978218,1.27445054,-0.55766273,13
TNG50-1,40,1.5,234153,0.00907157,-0.02549886,1.27445054,-0.55766273,14
TNG50-1,40,1.5,204556,0.05538387,-0.0882308,1.24872114,-0.80901398,0
TNG50-1,40,1.5,204556,0.04303088,0.02751726,1.24872114,-0.80901398,1
TNG50-1,40,1.5,204556,0.00389284,0.04088558,1.24872114,-0.80901398,2
TNG50-1,40,1.5,204556,-0.01853065,0.02181397,1.24872114,-0.80901398,3
TNG50-1,40,1.5,204556,0.05130948,-0.01098308,1.24872114,-0.80901398,4
TNG50-1,40,1.5,204556,-0.00098789,0.02824703,1.24872114,-0.80901398,5
TNG50-1,40,1.5,204556,-0.0409135,0.00854692,1.24872114,-0.80901398,6
TNG50-1,40,1.5,204556,-0.08581243,-0.03890619,1.24872114,-0.80901398,7
TNG50-1,40,1.5,204556,-0.02206572,0.09252062,1.24872114,-0.80901398,8
TNG50-1,40,1.5,204556,0.03773218,-0.01758397,1.24872114,-0.80901398,9
TNG50-1,40,1.5,204556,0.11382693,0.03878762,1.24872114,-0.80901398,10
TNG50-1,40,1.5,204556,0.00308052,-0.12093071,1.24872114,-0.80901398,11
TNG50-1,40,1.5,204556,-0.03826778,0.06382354,1.24872114,-0.80901398,12
TNG50-1,40,1.5,204556,-0.05924826,0.07343819,1.24872114,-0.80901398,13
TNG50-1,40,1.5,204556,0.02759774,0.00149169,1.24872114,-0.80901398,14
TNG50-1,40,1.5,118372,0.02793855,-0.00441227,0.43986003,-0.06326099,0
TNG50-1,40,1.5,118372,0.02792576,0.05050318,0.43986003,-0.06326099,1
TNG50-1,40,1.5,118372,-0.03213918,-0.01521551,0.43986003,-0.06326099,2
TNG50-1,40,1.5,118372,0.02735612,-0.01069278,0.43986003,-0.06326099,3
TNG50-1,40,1.5,118372,-0.04043152,-0.04886231,0.43986003,-0.06326099,4
TNG50-1,40,1.5,118372,-0.03043785,0.05085887,0.43986003,-0.06326099,5
TNG50-1,40,1.5,118372,0.05634716,-0.03832602,0.43986003,-0.06326099,6
TNG50-1,40,1.5,118372,0.04873288,0.01748859,0.43986003,-0.06326099,7
TNG50-1,40,1.5,118372,-0.03531878,-0.0035658,0.43986003,-0.06326099,8
TNG50-1,40,1.5,118372,-0.03667882,-0.05263915,0.43986003,-0.06326099,9
TNG50-1,40,1.5,118372,-0.03227983,-0.03045516,0.43986003,-0.06326099,10
TNG50-1,40,1.5,118372,0.03663198,0.06914361,0.43986003,-0.06326099,11
TNG50-1,40,1.5,118372,-0.04999924,0.01008288,0.43986003,-0.06326099,12
TNG50-1,40,1.5,118372,0.01783563,-0.05045752,0.43986003,-0.06326099,13
TNG50-1,40,1.5,118372,0.03734234,0.01526641,0.43986003,-0.06326099,14
TNG50-1,40,1.5,89368,-0.0073057,-0.02798501,1.36317045,0.57572311,0
TNG50-1,40,1.5,89368,0.17270232,0.01805989,1.36317045,0.57572311,1
TNG50-1,40,1.5,89368,0.01425619,0.06690981,1.36317045,0.57572311,2
TNG50-1,40,1.5,89368,-0.01903124,0.05262115,1.36317045,0.57572311,3
TNG50-1,40,1.5,89368,0.0710014,0.02280061,1.36317045,0.57572311,4
TNG50-1,40,1.5,89368,-0.09205181,-0.06658224,1.36317045,0.57572311,5
TNG50-1,40,1.5,89368,0.00471601,-0.06639663,1.36317045,0.57572311,6
TNG50-1,40,1.5,89368,0.09972142,0.0266626,1.36317045,0.57572311,7
TNG50-1,40,1.5,89368,-0.00580996,-0.06727355,1.36317045,0.57572311,8
TNG50-1,40,1.5,89368,-0.08666505,-0.01127835,1.36317045,0.57572311,9
TNG50-1,40,1.5,89368,-0.0197959,0.01520752,1.36317045,0.57572311,10
TNG50-1,40,1.5,89368,0.0727259,-0.0568797,1.36317045,0.57572311,11
TNG50-1,40,1.5,89368,0.01880348,-0.05121312,1.36317045,0.57572311,12
TNG50-1,40,1.5,89368,-0.04194281,-0.00470605,1.36317045,0.57572311,13
TNG50-1,40,1.5,89368,-0.03426214,0.02518251,1.36317045,0.57572311,14
TNG50-1,40,1.5,152694,0.05307594,0.0192167,1.20402792,-0.85371877,0
TNG50-1,40,1.5,152694,0.03035267,0.01997624,1.20402792,-0.85371877,1
TNG50-1,40,1.5,152694,0.00368283,-0.01837977,1.20402792,-0.85371877,2
TNG50-1,40,1.5,152694,-0.03730974,-0.03637868,1.20402792,-0.85371877,3
TNG50-1,40,1.5,152694,-0.05354535,0.10608375,1.20402792,-0.85371877,4
TNG50-1,40,1.5,152694,-0.02554385,0.05016029,1.20402792,-0.85371877,5
TNG50-1,40,1.5,152694,0.02049678,0.04109686,1.20402792,-0.85371877,6
TNG50-1,40,1.5,152694,0.01683119,0.02881446,1.20402792,-0.85371877,7
TNG50-1,40,1.5,152694,-0.1049951,-0.05016587,1.20402792,-0.85371877,8
TNG50-1,40,1.5,152694,-0.03928385,0.06387651,1.20402792,-0.85371877,9
TNG50-1,40,1.5,152694,0.06022538,-0.04215663,1.20402792,-0.85371877,10
TNG50-1,40,1.5,152694,0.00396075,0.01416434,1.20402792,-0.85371877,11
TNG50-1,40,1.5,152694,-0.07085045,-0.0819695,1.20402792,-0.85371877,12
TNG50-1,40,1.5,152694,0.11779106,-0.10204294,1.20402792,-0.85371877,13
TNG50-1,40,1.5,152694,-0.00144709,0.01591456,1.20402792,-0.85371877,14
TNG50-1,40,1.5,122852,-0.04045496,0.06899162,1.15210602,-0.53175935,0
TNG50-1,40,1.5,122852,-0.09945838,0.06047604,1.15210602,-0.53175935,1
TNG50-1,40,1.5,122852,0.02703048,0.02387053,1.15210602,-0.53175935,2
TNG50-1,40,1.5,122852,0.10600404,0.08595545,1.15210602,-0.53175935,3
TNG50-1,40,1.5,122852,0.06947801,-0.01932229,1.15210602,-0.53175935,4
TNG50-1,40,1.5,122852,-0.01286589,0.08114867,1.15210602,-0.53175935,5
TNG50-1,40,1.5,122852,0.00044227,0.02712577,1.15210602,-0.53175935,6
TNG50-1,40,1.5,122852,0.04438531,0.16355131,1.15210602,-0.53175935,7
TNG50-1,40,1.5,122852,0.0561064,-0.0596241,1.15210602,-0.53175935,8
TNG50-1,40,1.5,122852,-0.01717679,-0.03446726,1.15210602,-0.53175935,9
TNG50-1,40,1.5,122852,0.00170889,0.02093989,1.15210602,-0.53175935,10
TNG50-1,40,1.5,122852,0.01503074,0.0198617,1.15210602,-0.53175935,11
TNG50-1,40,1.5,122852,0.02769382,0.09750695,1.15210602,-0.53175935,12
TNG50-1,40,1.5,122852,-0.00665382,-0.03341873,1.15210602,-0.53175935,13
TNG50-1,40,1.5,122852,-0.00600426,0.04524593,1.15210602,-0.53175935,14
TNG50-1,40,1.5,236236,0.05812315,-0.00134779,0.96784494,1.35209315,0
TNG50-1,40,1.5,236236,0.03523239,0.01076719,0.96784494,1.35209315,1
TNG50-1,40,1.5,236236,-0.04804982,0.02504066,0.96784494,1.35209315,2
TNG50-1,40,1.5,236236,0.07038794,-0.03136605,0.96784494,1.35209315,3
TNG50-1,40,1.5,236236,0.06146625,0.07328301,0.96784494,1.35209315,4
TNG50-1,40,1.5,236236,0.02997923,-0.01338554,0.96784494,1.35209315,5
TNG50-1,40,1.5,236236,0.01021738,-0.02167135,0.96784494,1.35209315,6
TNG50-1,40,1.5,236236,0.0113054,0.02411931,0.96784494,1.35209315,7
TNG50-1,40,1.5,236236,-0.00393679,-0.09182551,0.96784494,1.35209315,8
TNG50-1,40,1.5,236236,0.03203926,-0.03952672,0.96784494,1.35209315,9
TNG50-1,40,1.5,236236,0.00155674,0.04905364,0.96784494,1.35209315,10
TNG50-1,40,1.5,236236,-0.04242625,-0.0868711,0.96784494,1.35209315,11
TNG50-1,40,1.5,236236,-0.05242958,0.05587871,0.96784494,1.35209315,12
TNG50-1,40,1.5,236236,-0.03760181,0.07555683,0.96784494,1.35209315,13
TNG50-1,40,1.5,236236,0.01110661,-0.01847277,0.96784494,1.35209315,14
TNG50-1,40,1.5,246755,0.01459064,-0.01934483,0.86971279,-1.4182114,0
TNG50-1,40,1.5,246755,0.05595435,0.0383092,0.86971279,-1.4182114,1
TNG50-1,40,1.5,246755,-0.02333946,-0.01197493,0.86971279,-1.4182114,2
TNG50-1,40,1.5,246755,0.04338878,-0.01891426,0.86971279,-1.4182114,3
TNG50-1,40,1.5,246755,-0.03355744,-0.04792296,0.86971279,-1.4182114,4
TNG50-1,40,1.5,246755,-0.02388011,0.07042244,0.86971279,-1.4182114,5
TNG50-1,40,1.5,246755,-0.03996682,-0.1269604,0.86971279,-1.4182114,6
TNG50-1,40,1.5,246755,0.01713236,0.03989296,0.86971279,-1.4182114,7
TNG50-1,40,1.5,246755,0.05789845,-0.02318725,0.86971279,-1.4182114,8
TNG50-1,40,1.5,246755,-0.00920565,-0.02051704,0.86971279,-1.4182114,9
TNG50-1,40,1.5,246755,-0.06356246,0.08461576,0.86971279,-1.4182114,10
TNG50-1,40,1.5,246755,-0.05413534,-0.03570655,0.86971279,-1.4182114,11
TNG50-1,40,1.5,246755,0.01972997,-0.03400346,0.86971279,-1.4182114,12
TNG50-1,40,1.5,246755,0.09220582,-0.00651971,0.86971279,-1.4182114,13
TNG50-1,40,1.5,246755,0.01968625,0.02069237,0.86971279,-1.4182114,14
TNG50-1,40,1.5,247397,-0.02209279,1.351e-05,0.96480024,-0.12324592,0
TNG50-1,40,1.5,247397,-0.07869295,0.01298057,0.96480024,-0.12324592,1
TNG50-1,40,1.5,247397,-0.04328491,0.10458345,0.96480024,-0.12324592,2
TNG50-1,40,1.5,247397,0.06406669,0.01681241,0.96480024,-0.12324592,3
TNG50-1,40,1.5,247397,0.00373884,-0.1189027,0.96480024,-0.12324592,4
TNG50-1,40,1.5,247397,0.02255436,0.01631495,0.96480024,-0.12324592,5
TNG50-1,40,1.5,247397,-0.01307106,0.001894,0.96480024,-0.12324592,6
TNG50-1,40,1.5,247397,-0.03297488,0.0021725,0.96480024,-0.12324592,7
TNG50-1,40,1.5,247397,0.08387847,0.01229737,0.96480024,-0.12324592,8
TNG50-1,40,1.5,247397,-0.00940959,-0.00143391,0.96480024,-0.12324592,9
TNG50-1,40,1.5,247397,-0.02216849,-0.0026306,0.96480024,-0.12324592,10
TNG50-1,40,1.5,247397,0.05480712,0.03065221,0.96480024,-0.12324592,11
TNG50-1,40,1.5,247397,-0.03611802,-0.02710404,0.96480024,-0.12324592,12
TNG50-1,40,1.5,247397,-0.02973637,-0.04738432,0.96480024,-0.12324592,13
TNG50-1,40,1.5,247397,0.00051233,0.15118907,0.96480024,-0.12324592,14
TNG50-1,40,1.5,230781,-0.03579287,-0.04274924,1.33037801,0.66462919,0
TNG50-1,40,1.5,230781,0.00500715,0.00757949,1.33037801,0.66462919,1
TNG50-1,40,1.5,230781,-0.07478301,-0.02354607,1.33037801,0.66462919,2
TNG50-1,40,1.5,230781,0.00582342,0.00145198,1.33037801,0.66462919,3
TNG50-1,40,1.5,230781,-0.04666128,-0.01249361,1.33037801,0.66462919,4
TNG50-1,40,1.5,230781,-0.02212365,-0.10193053,1.33037801,0.66462919,5
TNG50-1,40,1.5,230781,0.05225323,0.05608921,1.33037801,0.66462919,6
TNG50-1,40,1.5,230781,0.02360048,-0.00405536,1.33037801,0.66462919,7
TNG50-1,40,1.5,230781,0.02842048,-0.02424002,1.33037801,0.66462919,8
TNG50-1,40,1.5,230781,-0.08856024,-0.02801636,1.33037801,0.66462919,9
TNG50-1,40,1.5,230781,0.09184476,0.01792298,1.33037801,0.66462919,10
TNG50-1,40,1.5,230781,-0.05959407,-0.04468782,1.33037801,0.66462919,11
TNG50-1,40,1.5,230781,0.07642804,-0.11275878,1.33037801,0.66462919,12
TNG50-1,40,1.5,230781,0.05107719,0.02035649,1.33037801,0.66462919,13
TNG50-1,40,1.5,230781,0.02886664,0.02595515,1.33037801,0.66462919,14
TNG50-1,40,1.5,207043,-0.00998159,0.04843703,1.19462521,-1.09813111,0
TNG50-1,40,1.5,207043,-0.05739514,0.02241549,1.19462521,-1.09813111,1
TNG50-1,40,1.5,207043,0.00444678,-0.0089583,1.19462521,-1.09813111,2
TNG50-1,40,1.5,207043,-0.07322662,-0.00686134,1.19462521,-1.09813111,3
TNG50-1,40,1.5,207043,-0.05136153,0.03680721,1.19462521,-1.09813111,4
TNG50-1,40,1.5,207043,-0.0375349,-0.0777355,1.19462521,-1.09813111,5
TNG50-1,40,1.5,207043,0.04219695,-0.02949407,1.19462521,-1.09813111,6
TNG50-1,40,1.5,207043,-0.01813055,-0.05681514,1.19462521,-1.09813111,7
TNG50-1,40,1.5,207043,-0.02239332,0.08857546,1.19462521,-1.09813111,8
TNG50-1,40,1.5,207043,0.09773463,0.04378278,1.19462521,-1.09813111,9
TNG50-1,40,1.5,207043,0.01762312,-0.11013463,1.19462521,-1.09813111,10
TNG50-1,40,1.5,207043,0.01694973,-0.07568808,1.19462521,-1.09813111,11
TNG50-1,40,1.5,207043,-0.01848504,-0.00661728,1.19462521,-1.09813111,12
TNG50-1,40,1.5,207043,-0.02981858,-0.02362201,1.19462521,-1.09813111,13
TNG50-1,40,1.5,207043,-0.10932032,-0.06621911,1.19462521,-1.09813111,14
TNG50-1,40,1.5,148467,0.09723811,0.01251488,0.54840405,-1.42196645,0
TNG50-1,40,1.5,148467,0.015627,0.00329917,0.54840405,-1.42196645,1
TNG50-1,40,1.5,148467,0.02374082,-0.02322059,0.54840405,-1.42196645,2
TNG50-1,40,1.5,148467,-0.03460075,-0.05070346,0.54840405,-1.42196645,3
TNG50-1,40,1.5,148467,0.03611371,-0.06332981,0.54840405,-1.42196645,4
TNG50-1,40,1.5,148467,-0.01902164,-0.0024242,0.54840405,-1.42196645,5
TNG50-1,40,1.5,148467,-0.01416716,-0.02327934,0.54840405,-1.42196645,6
TNG50-1,40,1.5,148467,0.0305501,-0.03428035,0.54840405,-1.42196645,7
TNG50-1,40,1.5,148467,-0.08144988,0.07735447,0.54840405,-1.42196645,8
TNG50-1,40,1.5,148467,0.07985139,-0.00411628,0.54840405,-1.42196645,9
TNG50-1,40,1.5,148467,0.00911946,0.06350215,0.54840405,-1.42196645,10
TNG50-1,40,1.5,148467,0.06404721,-0.02666261,0.54840405,-1.42196645,11
TNG50-1,40,1.5,148467,-0.05377099,0.01223881,0.54840405,-1.42196645,12
TNG50-1,40,1.5,148467,-0.04615826,-0.0027738,0.54840405,-1.42196645,13
TNG50-1,40,1.5,148467,-0.05809501,-0.08488112,0.54840405,-1.42196645,14
TNG50-1,40,1.5,112197,0.07141692,0.03637668,0.81416282,-1.13661135,0
TNG50-1,40,1.5,112197,-0.00675768,0.0085326,0.81416282,-1.13661135,1
TNG50-1,40,1.5,112197,0.03732091,-0.06952562,0.81416282,-1.13661135,2
TNG50-1,40,1.5,112197,-0.03760144,-0.00943721,0.81416282,-1.13661135,3
TNG50-1,40,1.5,112197,-0.00824222,-0.07470562,0.81416282,-1.13661135,4
TNG50-1,40,1.5,112197,-0.04334262,-0.00265782,0.81416282,-1.13661135,5
TNG50-1,40,1.5,112197,0.06179992,-0.08276863,0.81416282,-1.13661135,6
TNG50-1,40,1.5,112197,0.01557047,0.02644137,0.81416282,-1.13661135,7
TNG50-1,40,1.5,112197,0.01835268,0.01889813,0.81416282,-1.13661135,8
TNG50-1,40,1.5,112197,0.06790921,0.09539742,0.81416282,-1.13661135,9
TNG50-1,40,1.5,112197,0.05781706,0.04239366,0.81416282,-1.13661135,10
TNG50-1,40,1.5,112197,0.03826713,-0.02114571,0.81416282,-1.13661135,11
TNG50-1,40,1.5,112197,-0.07108637,0.0409035,0.81416282,-1.13661135,12
TNG50-1,40,1.5,112197,-0.03478396,-0.06988319,0.81416282,-1.13661135,13
TNG50-1,40,1.5,112197,-0.05019441,-0.04812363,0.81416282,-1.13661135,14
TNG50-1,40,1.5,242135,0.01665713,0.1234598,0.80120412,1.31577187,0
TNG50-1,40,1.5,242135,-0.10791248,-0.0310918,0.80120412,1.31577187,1
TNG50-1,40,1.5,242135,-0.00185804,-0.01338973,0.80120412,1.31577187,2
TNG50-1,40,1.5,242135,-0.05101316,-0.02878793,0.80120412,1.31577187,3
TNG50-1,40,1.5,242135,0.00506535,0.01060569,0.80120412,1.31577187,4
TNG50-1,40,1.5,242135,-0.05388682,0.01908453,0.80120412,1.31577187,5
TNG50-1,40,1.5,242135,0.02121241,-0.00266874,0.80120412,1.31577187,6
TNG50-1,40,1.5,242135,0.00096637,0.0543163,0.80120412,1.31577187,7
TNG50-1,40,1.5,242135,0.0700183,-0.03084898,0.80120412,1.31577187,8
TNG50-1,40,1.5,242135,0.00033673,0.0493087,0.80120412,1.31577187,9
TNG50-1,40,1.5,242135,-0.03843214,0.02692489,0.80120412,1.31577187,10
TNG50-1,40,1.5,242135,-0.01234429,-0.0006015,0.80120412,1.31577187,11
TNG50-1,40,1.5,242135,-0.06721182,-0.01574683,0.80120412,1.31577187,12
TNG50-1,40,1.5,242135,0.02030686,0.12133339,0.80120412,1.31577187,13
TNG50-1,40,1.5,242135,0.02949251,-0.04085043,0.80120412,1.31577187,14
TNG50-1,40,1.5,201002,0.01489666,-0.0320508,0.77717363,-1.54170586,0
TNG50-1,40,1.5,201002,-0.03751095,0.08468831,0.77717363,-1.54170586,1
TNG50-1,40,1.5,201002,0.08928104,-0.052521,0.77717363,-1.54170586,2
TNG50-1,40,1.5,201002,0.04434132,0.02138181,0.77717363,-1.54170586,3
TNG50-1,40,1.5,201002,-0.03391749,-0.01601204,0.77717363,-1.54170586,4
TNG50-1,40,1.5,201002,0.02562975,0.08797736,0.77717363,-1.54170586,5
TNG50-1,40,1.5,201002,0.01288479,-0.04517413,0.77717363,-1.54170586,6
TNG50-1,40,1.5,201002,-0.02583124,-0.03676316,0.77717363,-1.54170586,7
TNG50-1,40,1.5,201002,0.03790821,-0.0484909,0.77717363,-1.54170586,8
TNG50-1,40,1.5,201002,0.01946527,0.01617325,0.77717363,-1.54170586,9
TNG50-1,40,1.5,201002,0.01078494,-0.06865253,0.77717363,-1.54170586,10
TNG50-1,40,1.5,201002,-0.00209599,-0.02392642,0.77717363,-1.54170586,11
TNG50-1,40,1.5,201002,0.02155272,-0.10761829,0.77717363,-1.54170586,12
TNG50-1,40,1.5,201002,0.01146938,0.01202107,0.77717363,-1.54170586,13
TNG50-1,40,1.5,201002,0.00295467,-0.02501074,0.77717363,-1.54170586,14
TNG50-1,40,1.5,179803,-0.07440284,0.04773139,0.6632516,-0.97916539,0
TNG50-1,40,1.5,179803,0.05428047,0.04045587,0.6632516,-0.97916539,1
TNG50-1,40,1.5,179803,-0.06538334,-0.00798063,0.6632516,-0.97916539,2
TNG50-1,40,1.5,179803,0.03984718,-0.01444529,0.6632516,-0.97916539,3
TNG50-1,40,1.5,179803,-0.03505204,-0.08694077,0.6632516,-0.97916539,4
TNG50-1,40,1.5,179803,0.08007857,-0.05281225,0.6632516,-0.97916539,5
TNG50-1,40,1.5,179803,0.03747753,0.01591796,0.6632516,-0.97916539,6
TNG50-1,40,1.5,179803,-0.05040239,-0.00689411,0.6632516,-0.97916539,7
TNG50-1,40,1.5,179803,-0.04585413,0.00374635,0.6632516,-0.97916539,8
TNG50-1,40,1.5,179803,0.03027626,0.05196268,0.6632516,-0.97916539,9
TNG50-1,40,1.5,179803,-0.01311891,-0.05936616,0.6632516,-0.97916539,10
TNG50-1,40,1.5,179803,-0.00846713,-0.01180902,0.6632516,-0.97916539,11
TNG50-1,40,1.5,179803,0.06361194,0.00943555,0.6632516,-0.97916539,12
TNG50-1,40,1.5,179803,-0.03743444,-0.035208,0.6632516,-0.97916539,13
TNG50-1,40,1.5,179803,0.00456469,0.07157386,0.6632516,-0.97916539,14
TNG50-1,40,1.5,170096,0.04542934,0.00105993,1.35201435,-1.47251627,0
TNG50-1,40,1.5,170096,0.01450667,-0.13470013,1.35201435,-1.47251627,1
TNG50-1,40,1.5,170096,0.08971159,0.06214152,1.35201435,-1.47251627,2
TNG50-1,40,1.5,170096,-0.07494476,0.00683283,1.35201435,-1.47251627,3
TNG50-1,40,1.5,170096,-0.00038631,-0.04095373,1.35201435,-1.47251627,4
TNG50-1,40,1.5,170096,0.01831685,0.04974778,1.35201435,-1.47251627,5
TNG50-1,40,1.5,170096,-0.04572775,-0.033877,1.35201435,-1.47251627,6
TNG50-1,40,1.5,170096,0.01503573,-0.03442261,1.35201435,-1.47251627,7
TNG50-1,40,1.5,170096,-0.05532912,0.01791763,1.35201435,-1.47251627,8
TNG50-1,40,1.5,170096,0.03452787,0.08905192,1.35201435,-1.47251627,9
TNG50-1,40,1.5,170096,0.05289174,0.08117936,1.35201435,-1.47251627,10
TNG50-1,40,1.5,170096,0.01361667,0.01798557,1.35201435,-1.47251627,11
TNG50-1,40,1.5,170096,-0.09263989,0.02311928,1.35201435,-1.47251627,12
TNG50-1,40,1.5,170096,-0.04833968,0.03957495,1.35201435,-1.47251627,13
TNG50-1,40,1.5,170096,0.0282355,-0.06284918,1.35201435,-1.47251627,14
TNG50-1,40,1.5,59045,0.03220742,0.01812965,1.0849506,-1.2232436,0
TNG50-1,40,1.5,59045,-0.03670367,-0.04490089,1.0849506,-1.2232436,1
TNG50-1,40,1.5,59045,0.0159239,-0.12191687,1.0849506,-1.2232436,2
TNG50-1,40,1.5,59045,-0.01137338,-0.02385605,1.0849506,-1.2232436,3
TNG50-1,40,1.5,59045,0.02506042,0.03804728,1.0849506,-1.2232436,4
TNG50-1,40,1.5,59045,0.00590517,-0.01765482,1.0849506,-1.2232436,5
TNG50-1,40,1.5,59045,-0.15365151,0.04005892,1.0849506,-1.2232436,6
TNG50-1,40,1.5,59045,0.00894459,0.00743641,1.0849506,-1.2232436,7
TNG50-1,40,1.5,59045,0.03210765,0.0644033,1.0849506,-1.2232436,8
TNG50-1,40,1.5,59045,0.02229642,-0.01476084,1.0849506,-1.2232436,9
TNG50-1,40,1.5,59045,-0.0051293,0.02338074,1.0849506,-1.2232436,10
TNG50-1,40,1.5,59045,0.08210808,0.02529425,1.0849506,-1.2232436,11
TNG50-1,40,1.5,59045,0.01556866,0.07508009,1.0849506,-1.2232436,12
TNG50-1,40,1.5,59045,0.02188367,-0.08533187,1.0849506,-1.2232436,13
TNG50-1,40,1.5,59045,0.05222459,-0.02292041,1.0849506,-1.2232436,14
TNG50-1,40,1.5,10,0.04242581,0.00948202,0.91846837,0.37746012,0
TNG50-1,40,1.5,10,0.07729482,-0.05289381,0.91846837,0.37746012,1
TNG50-1,40,1.5,10,0.01200358,0.06485286,0.91846837,0.37746012,2
TNG50-1,40,1.5,10,-0.01463521,-0.05700924,0.91846837,0.37746012,3
TNG50-1,40,1.5,10,0.03785592,-0.02160559,0.91846837,0.37746012,4
TNG50-1,40,1.5,10,0.04343513,0.00487966,0.91846837,0.37746012,5
TNG50-1,40,1.5,10,-0.01798308,0.09954934,0.91846837,0.37746012,6
TNG50-1,40,1.5,10,0.01651537,-0.02113415,0.91846837,0.37746012,7
TNG50-1,40,1.5,10,0.05902636,-0.03330079,0.91846837,0.37746012,8
TNG50-1,40,1.5,10,0.09452295,-0.02754085,0.91846837,0.37746012,9
TNG50-1,40,1.5,10,0.03713025,0.08294486,0.91846837,0.37746012,10
TNG50-1,40,1.5,10,0.00220694,-0.14061735,0.91846837,0.37746012,11
TNG50-1,40,1.5,10,-0.00270376,-0.0501369,0.91846837,0.37746012,12
TNG50-1,40,1.5,10,0.02786983,0.13656444,0.91846837,0.37746012,13
TNG50-1,40,1.5,10,-0.00578364,0.0295441,0.91846837,0.37746012,14
TNG50-1,40,1.5,238569,-0.05529925,-0.05997009,1.11057039,-0.81166531,0
TNG50-1,40,1.5,238569,-0.0020959,-0.15718332,1.11057039,-0.81166531,1
TNG50-1,40,1.5,238569,0.00337273,-0.05219559,1.11057039,-0.81166531,2
TNG50-1,40,1.5,238569,0.04230626,-0.02359298,1.11057039,-0.81166531,3
TNG50-1,40,1.5,238569,0.0919751,-0.03027247,1.11057039,-0.81166531,4
TNG50-1,40,1.5,238569,0.01942758,0.07597623,1.11057039,-0.81166531,5
TNG50-1,40,1.5,238569,-0.02698942,-0.03067713,1.11057039,-0.81166531,6
TNG50-1,40,1.5,238569,0.03935422,0.04404617,1.11057039,-0.81166531,7
TNG50-1,40,1.5,238569,-0.03491263,-0.00094913,1.11057039,-0.81166531,8
TNG50-1,40,1.5,238569,-0.05166687,-0.00211524,1.11057039,-0.81166531,9
TNG50-1,40,1.5,238569,-0.08799544,-0.04176901,1.11057039,-0.81166531,10
TNG50-1,40,1.5,238569,-0.07825642,-0.00293913,1.11057039,-0.81166531,11
TNG50-1,40,1.5,238569,-0.04482226,-0.03825481,1.11057039,-0.81166531,12
TNG50-1,40,1.5,238569,-0.05888949,0.00850122,1.11057039,-0.81166531,13
TNG50-1,40,1.5,238569,0.01566183,-0.01181248,1.11057039,-0.81166531,14
TNG50-1,40,1.5,165812,-0.0472314,0.04428428,0.54701873,0.21743607,0
TNG50-1,40,1.5,165812,0.04959472,0.06521651,0.54701873,0.21743607,1
TNG50-1,40,1.5,165812,0.02134202,0.03976215,0.54701873,0.21743607,2
TNG50-1,40,1.5,165812,-0.02240314,0.09264325,0.54701873,0.21743607,3
TNG50-1,40,1.5,165812,0.00727465,-0.0393501,0.54701873,0.21743607,4
TNG50-1,40,1.5,165812,-0.00419113,-0.12803687,0.54701873,0.21743607,5
TNG50-1,40,1.5,165812,-0.04337955,-0.02230628,0.54701873,0.21743607,6
TNG50-1,40,1.5,165812,0.00352481,0.02791093,0.54701873,0.21743607,7
TNG50-1,40,1.5,165812,-0.03105059,0.00757585,0.54701873,0.21743607,8
TNG50-1,40,1.5,165812,-0.04724669,0.01377363,0.54701873,0.21743607,9
TNG50-1,40,1.5,165812,-0.08113837,0.0660455,0.54701873,0.21743607,10
TNG50-1,40,1.5,165812,-0.01793037,0.01910288,0.54701873,0.21743607,11
TNG50-1,40,1.5,165812,0.02834853,0.03994565,0.54701873,0.21743607,12
TNG50-1,40,1.5,165812,-0.03473297,-0.04697814,0.54701873,0.21743607,13
TNG50-1,40,1.5,165812,0.12603543,-0.05476968,0.54701873,0.21743607,14
TNG50-1,40,1.5,194867,0.0807057,0.01805006,0.97532519,0.28335715,0
TNG50-1,40,1.5,194867,0.00504508,0.03580979,0.97532519,0.28335715,1
TNG50-1,40,1.5,194867,-0.03116146,-0.00469459,0.97532519,0.28335715,2
TNG50-1,40,1.5,194867,-0.03106972,0.05395619,0.97532519,0.28335715,3
TNG50-1,40,1.5,194867,-0.03245616,0.00039947,0.97532519,0.28335715,4
TNG50-1,40,1.5,194867,-0.03544795,0.03964236,0.97532519,0.28335715,5
TNG50-1,40,1.5,194867,-0.06415739,-0.02449261,0.97532519,0.28335715,6
TNG50-1,40,1.5,194867,-0.07502102,-0.09062942,0.97532519,0.28335715,7
TNG50-1,40,1.5,194867,-0.00975022,0.01341795,0.97532519,0.28335715,8
TNG50-1,40,1.5,194867,-0.02964629,0.0362662,0.97532519,0.28335715,9
TNG50-1,40,1.5,194867,0.05535796,0.02876737,0.97532519,0.28335715,10
TNG50-1,40,1.5,194867,0.01465383,0.02110933,0.97532519,0.28335715,11
TNG50-1,40,1.5,194867,0.01326588,-0.01742935,0.97532519,0.28335715,12
TNG50-1,40,1.5,194867,-0.03715602,-0.04033731,0.97532519,0.28335715,13
TNG50-1,40,1.5,194867,-0.00605142,0.02758641,0.97532519,0.28335715,14
TNG50-1,40,1.5,66107,0.02132237,0.05647412,0.65568262,1.09778348,0
TNG50-1,40,1.5,66107,-0.02804495,-0.01607679,0.65568262,1.09778348,1
TNG50-1,40,1.5,66107,0.05547121,-0.05288274,0.65568262,1.09778348,2
TNG50-1,40,1.5,66107,-0.04414328,0.01624258,0.65568262,1.09778348,3
TNG50-1,40,1.5,66107,-0.02917617,-0.01633117,0.65568262,1.09778348,4
TNG50-1,40,1.5,66107,0.08182126,-0.00780318,0.65568262,1.09778348,5
TNG50-1,40,1.5,66107,0.0434291,-0.01458869,0.65568262,1.09778348,6
TNG50-1,40,1.5,66107,-0.01790047,0.11209189,0.65568262,1.09778348,7
TNG50-1,40,1.5,66107,0.01436904,-0.11203521,0.65568262,1.09778348,8
TNG50-1,40,1.5,66107,0.00773961,-0.0194167,0.65568262,1.09778348,9
TNG50-1,40,1.5,66107,-0.13728069,-0.00018445,0.65568262,1.09778348,10
TNG50-1,40,1.5,66107,-0.0453237,-0.03905712,0.65568262,1.09778348,11
TNG50-1,40,1.5,66107,-0.00254233,0.04499129,0.65568262,1.09778348,12
TNG50-1,40,1.5,66107,-0.01783057,0.04066288,0.65568262,1.09778348,13
TNG50-1,40,1.5,66107,0.01235513,-0.00238773,0.65568262,1.09778348,14
TNG50-1,40,1.5,223494,-0.01353369,-0.03044255,0.53516512,-1.5559008,0
TNG50-1,40,1.5,223494,-0.00559784,0.00841029,0.53516512,-1.5559008,1
TNG50-1,40,1.5,223494,-0.00523933,0.04271923,0.53516512,-1.5559008,2
TNG50-1,40,1.5,223494,-0.00391865,-0.04934899,0.53516512,-1.5559008,3
TNG50-1,40,1.5,223494,-0.00939996,-0.02731622,0.53516512,-1.5559008,4
TNG50-1,40,1.5,223494,0.01262247,0.00895859,0.53516512,-1.5559008,5
TNG50-1,40,1.5,223494,0.0376606,0.14287365,0.53516512,-1.5559008,6
TNG50-1,40,1.5,223494,-0.06151301,0.01505624,0.53516512,-1.5559008,7
TNG50-1,40,1.5,223494,-0.05253319,0.08031806,0.53516512,-1.5559008,8
TNG50-1,40,1.5,223494,-0.0874259,0.06028366,0.53516512,-1.5559008,9
TNG50-1,40,1.5,223494,0.04331987,0.0184005,0.53516512,-1.5559008,10
TNG50-1,40,1.5,223494,0.01251616,-0.04945979,0.53516512,-1.5559008,11
TNG50-1,40,1.5,223494,0.02526338,0.05298768,0.53516512,-1.5559008,12
TNG50-1,40,1.5,223494,-0.07147491,-0.07490552,0.53516512,-1.5559008,13
TNG50-1,40,1.5,223494,0.08924741,0.08004376,0.53516512,-1.5559008,14
TNG50-1,40,1.5,106424,0.01000027,-0.0778358,0.95341923,1.1101429,0
TNG50-1,40,1.5,106424,-0.13251118,-0.06595151,0.95341923,1.1101429,1
TNG50-1,40,1.5,106424,-0.0170253,0.00059555,0.95341923,1.1101429,2
TNG50-1,40,1.5,106424,0.03269739,0.09906,0.95341923,1.1101429,3
TNG50-1,40,1.5,106424,-0.01185119,0.02896349,0.95341923,1.1101429,4
TNG50-1,40,1.5,106424,0.03575029,-0.08628174,0.95341923,1.1101429,5
TNG50-1,40,1.5,106424,-0.04250121,-0.1555244,0.95341923,1.1101429,6
TNG50-1,40,1.5,106424,-0.06529912,0.03665268,0.95341923,1.1101429,7
TNG50-1,40,1.5,106424,-0.00357227,-0.00481067,0.95341923,1.1101429,8
TNG50-1,40,1.5,106424,0.00157828,0.0570633,0.95341923,1.1101429,9
TNG50-1,40,1.5,106424,-0.01741922,-0.0440359,0.95341923,1.1101429,10
TNG50-1,40,1.5,106424,0.06136456,0.01751062,0.95341923,1.1101429,11
TNG50-1,40,1.5,106424,-0.04251037,0.04230867,0.95341923,1.1101429,12
TNG50-1,40,1.5,106424,0.01565828,-0.02237318,0.95341923,1.1101429,13
TNG50-1,40,1.5,106424,0.0033985,-0.02130428,0.95341923,1.1101429,14
TNG50-1,40,1.5,233114,0.00126314,-0.11787437,0.43517827,0.37422365,0
TNG50-1,40,1.5,233114,0.02713382,0.09404382,0.43517827,0.37422365,1
TNG50-1,40,1.5,233114,-0.0007167,-0.00736442,0.43517827,0.37422365,2
TNG50-1,40,1.5,233114,0.04869982,0.02903113,0.43517827,0.37422365,3
TNG50-1,40,1.5,233114,-0.02309676,-0.06890507,0.43517827,0.37422365,4
TNG50-1,40,1.5,233114,-0.06641976,-0.02355001,0.43517827,0.37422365,5
TNG50-1,40,1.5,233114,0.09884877,-0.03361579,0.43517827,0.37422365,6
TNG50-1,40,1.5,233114,-0.03023169,0.07348619,0.43517827,0.37422365,7
TNG50-1,40,1.5,233114,-0.0284221,-0.02929068,0.43517827,0.37422365,8
TNG50-1,40,1.5,233114,-0.00329017,0.037904,0.43517827,0.37422365,9
TNG50-1,40,1.5,233114,0.00335906,-0.03252102,0.43517827,0.37422365,10
TNG50-1,40,1.5,233114,-0.01933418,-0.02263095,0.43517827,0.37422365,11
TNG50-1,40,1.5,233114,-0.00087169,-0.01227751,0.43517827,0.37422365,12
TNG50-1,40,1.5,233114,-0.00198811,0.06419226,0.43517827,0.37422365,13
TNG50-1,40,1.5,233114,0.00874097,-0.09449263,0.43517827,0.37422365,14
TNG50-1,40,1.5,231752,-0.06578318,0.04340884,0.86899298,-1.05952259,0
TNG50-1,40,1.5,231752,-0.09736526,0.04511837,0.86899298,-1.05952259,1
TNG50-1,40,1.5,231752,-0.05437511,0.03153062,0.86899298,-1.05952259,2
TNG50-1,40,1.5,231752,-0.04058,-0.03687784,0.86899298,-1.05952259,3
TNG50-1,40,1.5,231752,-0.08072406,0.00122749,0.86899298,-1.05952259,4
TNG50-1,40,1.5,231752,-0.03670739,-0.01606713,0.86899298,-1.05952259,5
TNG50-1,40,1.5,231752,-0.10073572,-0.01005949,0.86899298,-1.05952259,6
TNG50-1,40,1.5,231752,-0.05089944,0.10185639,0.86899298,-1.05952259,7
TNG50-1,40,1.5,231752,0.06002102,-0.08810001,0.86899298,-1.05952259,8
TNG50-1,40,1.5,231752,0.0201794,-0.01173384,0.86899298,-1.05952259,9
TNG50-1,40,1.5,231752,0.00937338,0.06058745,0.86899298,-1.05952259,10
TNG50-1,40,1.5,231752,-0.05013893,-0.07329457,0.86899298,-1.05952259,11
TNG50-1,40,1.5,231752,-0.07680425,-0.03218737,0.86899298,-1.05952259,12
TNG50-1,40,1.5,231752,-0.0569578,-0.02645192,0.86899298,-1.05952259,13
TNG50-1,40,1.5,231752,-0.00216049,-0.01116449,0.86899298,-1.05952259,14
TNG50-1,40,1.5,188913,-0.07979786,-0.02221547,0.5379246,0.85745809,0
TNG50-1,40,1.5,188913,0.0297643,0.04684845,0.5379246,0.85745809,1
TNG50-1,40,1.5,188913,0.03331436,0.02891991,0.5379246,0.85745809,2
TNG50-1,40,1.5,188913,0.02541877,0.02614977,0.5379246,0.85745809,3
TNG50-1,40,1.5,188913,-0.04351868,-0.05494623,0.5379246,0.85745809,4
TNG50-1,40,1.5,188913,0.00432554,-0.02706572,0.5379246,0.85745809,5
TNG50-1,40,1.5,188913,-0.04497201,0.01360006,0.5379246,0.85745809,6
TNG50-1,40,1.5,188913,-0.01662983,-0.031416,0.5379246,0.85745809,7
TNG50-1,40,1.5,188913,0.1076734,-0.01391832,0.5379246,0.85745809,8
TNG50-1,40,1.5,188913,0.00478477,0.02206793,0.5379246,0.85745809,9
TNG50-1,40,1.5,188913,-0.05937633,-0.01743863,0.5379246,0.85745809,10
TNG50-1,40,1.5,188913,0.00901677,0.01130298,0.5379246,0.85745809,11
TNG50-1,40,1.5,188913,-0.0675898,0.07963642,0.5379246,0.85745809,12
TNG50-1,40,1.5,188913,-0.05995052,-0.00859294,0.5379246,0.85745809,13
TNG50-1,40,1.5,188913,-0.05205616,0.05896689,0.5379246,0.85745809,14
TNG50-1,40,1.5,202938,0.0279685,0.06202983,1.10863967,1.11680962,0
TNG50-1,40,1.5,202938,-0.0733621,0.03925305,1.10863967,1.11680962,1
TNG50-1,40,1.5,202938,-0.05510685,-0.04810386,1.10863967,1.11680962,2
TNG50-1,40,1.5,202938,-0.04167979,-0.02564974,1.10863967,1.11680962,3
TNG50-1,40,1.5,202938,-0.04274175,-0.00474223,1.10863967,1.11680962,4
TNG50-1,40,1.5,202938,-0.00451449,-0.03877036,1.10863967,1.11680962,5
TNG50-1,40,1.5,202938,0.0307322,0.02502323,1.10863967,1.11680962,6
TNG50-1,40,1.5,202938,0.06275792,0.01784544,1.10863967,1.11680962,7
TNG50-1,40,1.5,202938,0.01540875,-0.05441539,1.10863967,1.11680962,8
TNG50-1,40,1.5,202938,-0.02228398,0.05984084,1.10863967,1.11680962,9
TNG50-1,40,1.5,202938,-0.10411206,0.00511552,1.10863967,1.11680962,10
TNG50-1,40,1.5,202938,0.00352948,-0.08645356,1.10863967,1.11680962,11
TNG50-1,40,1.5,202938,0.00128851,-0.00256714,1.10863967,1.11680962,12
TNG50-1,40,1.5,202938,0.00914644,0.01406032,1.10863967,1.11680962,13
TNG50-1,40,1.5,202938,0.10531201,0.04863962,1.10863967,1.11680962,14
TNG50-1,40,1.5,237053,-0.01687382,-0.0334135,0.9593425,-0.77200403,0
TNG50-1,40,1.5,237053,0.04139691,0.01283919,0.9593425,-0.77200403,1
TNG50-1,40,1.5,237053,0.0093571,-0.08355295,0.9593425,-0.77200403,2
TNG50-1,40,1.5,237053,-0.06575273,0.03498366,0.9593425,-0.77200403,3
TNG50-1,40,1.5,237053,-0.07075834,-0.04767854,0.9593425,-0.77200403,4
TNG50-1,40,1.5,237053,0.05612799,0.01853041,0.9593425,-0.77200403,5
TNG50-1,40,1.5,237053,0.05979921,-0.02608102,0.9593425,-0.77200403,6
TNG50-1,40,1.5,237053,0.01614546,-0.01322094,0.9593425,-0.77200403,7
TNG50-1,40,1.5,237053,0.07478534,-0.03784549,0.9593425,-0.77200403,8
TNG50-1,40,1.5,237053,0.05283049,-0.00806147,0.9593425,-0.77200403,9
TNG50-1,40,1.5,237053,0.03418144,0.09446898,0.9593425,-0.77200403,10
TNG50-1,40,1.5,237053,-0.04556557,0.06925298,0.9593425,-0.77200403,11
TNG50-1,40,1.5,237053,0.08657144,0.01772395,0.9593425,-0.77200403,12
TNG50-1,40,1.5,237053,0.02681507,-0.00126471,0.9593425,-0.77200403,13
TNG50-1,40,1.5,237053,-0.01929194,0.04221006,0.9593425,-0.77200403,14
TNG50-1,40,1.5,168294,0.05649852,0.0062918,0.92671643,1.31567915,0
TNG50-1,40,1.5,168294,-0.04149092,-0.02047328,0.92671643,1.31567915,1
TNG50-1,40,1.5,168294,-0.00387194,-0.05546186,0.92671643,1.31567915,2
TNG50-1,40,1.5,168294,-0.09109791,-0.01662816,0.92671643,1.31567915,3
TNG50-1,40,1.5,168294,0.05615511,0.01697963,0.92671643,1.31567915,4
TNG50-1,40,1.5,168294,0.10325121,-0.00890517,0.92671643,1.31567915,5
TNG50-1,40,1.5,168294,0.00400413,-0.07067543,0.92671643,1.31567915,6
TNG50-1,40,1.5,168294,-0.10625051,0.04945323,0.92671643,1.31567915,7
TNG50-1,40,1.5,168294,0.03044453,-0.13694057,0.92671643,1.31567915,8
TNG50-1,40,1.5,168294,-0.04520446,-0.02231826,0.92671643,1.31567915,9
TNG50-1,40,1.5,168294,-0.03316747,-0.03100992,0.92671643,1.31567915,10
TNG50-1,40,1.5,168294,0.03132882,0.00740894,0.92671643,1.31567915,11
TNG50-1,40,1.5,168294,0.01272771,0.02808309,0.92671643,1.31567915,12
TNG50-1,40,1.5,168294,-0.02440544,0.05633824,0.92671643,1.31567915,13
TNG50-1,40,1.5,168294,-0.03248028,-0.03562024,0.92671643,1.31567915,14
TNG50-1,40,1.5,244922,0.02932912,0.05387393,1.31293709,-0.1430762,0
TNG50-1,40,1.5,244922,0.00979092,-0.01716279,1.31293709,-0.1430762,1
TNG50-1,40,1.5,244922,-0.08557697,0.03903405,1.31293709,-0.1430762,2
TNG50-1,40,1.5,244922,0.09502701,0.00248703,1.31293709,-0.1430762,3
TNG50-1,40,1.5,244922,-0.07193876,-0.04463661,1.31293709,-0.1430762,4
TNG50-1,40,1.5,244922,0.02097486,-0.0128976,1.31293709,-0.1430762,5
TNG50-1,40,1.5,244922,0.019498,-0.01497429,1.31293709,-0.1430762,6
TNG50-1,40,1.5,244922,0.01378184,-0.034833,1.31293709,-0.1430762,7
TNG50-1,40,1.5,244922,-0.02472884,0.02142415,1.31293709,-0.1430762,8
TNG50-1,40,1.5,244922,0.04136263,0.01173231,1.31293709,-0.1430762,9
TNG50-1,40,1.5,244922,-0.07801837,-0.07953248,1.31293709,-0.1430762,10
TNG50-1,40,1.5,244922,-0.00329144,-0.0825763,1.31293709,-0.1430762,11
TNG50-1,40,1.5,244922,-0.02819373,0.02123422,1.31293709,-0.1430762,12
TNG50-1,40,1.5,244922,-0.0338649,-0.04076432,1.31293709,-0.1430762,13
TNG50-1,40,1.5,244922,0.02143739,0.01510206,1.31293709,-0.1430762,14
TNG50-1,40,1.5,68958,0.03904658,-0.13120834,1.05545221,0.32491751,0
TNG50-1,40,1.5,68958,-0.06354764,-0.00603843,1.05545221,0.32491751,1
TNG50-1,40,1.5,68958,-0.07057686,-0.00850596,1.05545221,0.32491751,2
TNG50-1,40,1.5,68958,0.08372158,0.04123714,1.05545221,0.32491751,3
TNG50-1,40,1.5,68958,0.01757854,-0.09431525,1.05545221,0.32491751,4
TNG50-1,40,1.5,68958,-0.02096203,0.05809332,1.05545221,0.32491751,5
TNG50-1,40,1.5,68958,-0.04669702,0.04102996,1.05545221,0.32491751,6
TNG50-1,40,1.5,68958,-0.02552204,0.06260218,1.05545221,0.32491751,7
TNG50-1,40,1.5,68958,-0.05952862,-0.00263607,1.05545221,0.32491751,8
TNG50-1,40,1.5,68958,0.04417061,0.05069484,1.05545221,0.32491751,9
TNG50-1,40,1.5,68958,-0.03883756,-0.0735622,1.05545221,0.32491751,10
TNG50-1,40,1.5,68958,0.05467673,0.03565238,1.05545221,0.32491751,11
TNG50-1,40,1.5,68958,-0.02003145,-0.03855814,1.05545221,0.32491751,12
TNG50-1,40,1.5,68958,-0.05216751,-0.08257009,1.05545221,0.32491751,13
TNG50-1,40,1.5,68958,-0.02131508,-0.05620703,1.05545221,0.32491751,14
TNG50-1,40,1.5,113444,0.00027656,-0.00089243,0.41996828,1.52257141,0
TNG50-1,40,1.5,113444,-0.04121496,-0.0136381,0.41996828,1.52257141,1
TNG50-1,40,1.5,113444,0.01880368,-0.01949028,0.41996828,1.52257141,2
TNG50-1,40,1.5,113444,-0.09041188,0.00364341,0.41996828,1.52257141,3
TNG50-1,40,1.5,113444,-0.10635488,0.00172037,0.41996828,1.52257141,4
TNG50-1,40,1.5,113444,0.06861937,-0.05242138,0.41996828,1.52257141,5
TNG50-1,40,1.5,113444,0.04519001,0.0400898,0.41996828,1.52257141,6
TNG50-1,40,1.5,113444,-0.05246484,-0.04881926,0.41996828,1.52257141,7
TNG50-1,40,1.5,113444,-0.00014998,-0.01091167,0.41996828,1.52257141,8
TNG50-1,40,1.5,113444,0.05097535,-0.01476402,0.41996828,1.52257141,9
TNG50-1,40,1.5,113444,0.02096003,0.01790518,0.41996828,1.52257141,10
TNG50-1,40,1.5,113444,0.00741115,-0.1059552,0.41996828,1.52257141,11
TNG50-1,40,1.5,113444,0.0547577,0.04454549,0.41996828,1.52257141,12
TNG50-1,40,1.5,113444,-0.03653562,-0.03384952,0.41996828,1.52257141,13
TNG50-1,40,1.5,113444,0.00155892,0.06099816,0.41996828,1.52257141,14
TNG50-1,40,1.5,193025,-0.02390825,0.06523658,0.82166353,-0.43499724,0
TNG50-1,40,1.5,193025,-0.00244218,-0.04879192,0.82166353,-0.43499724,1
TNG50-1,40,1.5,193025,0.0956893,-0.03669744,0.82166353,-0.43499724,2
TNG50-1,40,1.5,193025,-0.01386691,-0.07181197,0.82166353,-0.43499724,3
TNG50-1,40,1.5,193025,0.06194249,0.10151865,0.82166353,-0.43499724,4
TNG50-1,40,1.5,193025,0.00195225,0.01523347,0.82166353,-0.43499724,5
TNG50-1,40,1.5,193025,0.02077094,0.02399012,0.82166353,-0.43499724,6
TNG50-1,40,1.5,193025,0.00349793,-0.06701042,0.82166353,-0.43499724,7
TNG50-1,40,1.5,193025,0.04239258,-5.85e-05,0.82166353,-0.43499724,8
TNG50-1,40,1.5,193025,-0.03427658,0.0254624,0.82166353,-0.43499724,9
TNG50-1,40,1.5,193025,-0.04920243,-0.01263788,0.82166353,-0.43499724,10
TNG50-1,40,1.5,193025,-0.03192881,0.05378528,0.82166353,-0.43499724,11
TNG50-1,40,1.5,193025,0.00498552,0.11559156,0.82166353,-0.43499724,12
TNG50-1,40,1.5,193025,-0.01104094,-0.04735314,0.82166353,-0.43499724,13
TNG50-1,40,1.5,193025,0.03551374,-0.05110436,0.82166353,-0.43499724,14
TNG50-1,40,1.5,225428,-0.0438878,0.02927431,1.2516405,0.9838191,0
TNG50-1,40,1.5,225428,0.08030996,0.04016571,1.2516405,0.9838191,1
TNG50-1,40,1.5,225428,0.05211777,-0.0099927,1.2516405,0.9838191,2
TNG50-1,40,1.5,225428,-0.00677639,-0.03538989,1.2516405,0.9838191,3
TNG50-1,40,1.5,225428,0.00182798,0.03269931,1.2516405,0.9838191,4
TNG50-1,40,1.5,225428,-0.04082718,0.00856204,1.2516405,0.9838191,5
TNG50-1,40,1.5,225428,0.04450136,-0.07113143,1.2516405,0.9838191,6
TNG50-1,40,1.5,225428,-0.01899509,-0.01640348,1.2516405,0.9838191,7
TNG50-1,40,1.5,225428,-0.01300383,-0.00414485,1.2516405,0.9838191,8
TNG50-1,40,1.5,225428,0.03043949,-0.02552289,1.2516405,0.9838191,9
TNG50-1,40,1.5,225428,-0.00939975,0.07408678,1.2516405,0.9838191,10
TNG50-1,40,1.5,225428,-0.0117483,0.02399195,1.2516405,0.9838191,11
TNG50-1,40,1.5,225428,0.00052876,0.06865875,1.2516405,0.9838191,12
TNG50-1,40,1.5,225428,0.03976777,0.01317126,1.2516405,0.9838191,13
TNG50-1,40,1.5,225428,0.08232465,0.00406939,1.2516405,0.9838191,14
TNG50-1,40,1.5,251469,-0.04682989,0.00563456,1.11020945,-0.570516,0
TNG50-1,40,1.5,251469,0.00059648,0.07926306,1.11020945,-0.570516,1
TNG50-1,40,1.5,251469,0.0006527,-0.03803065,1.11020945,-0.570516,2
TNG50-1,40,1.5,251469,-0.06835569,0.00010745,1.11020945,-0.570516,3
TNG50-1,40,1.5,251469,-0.02697637,-0.06520081,1.11020945,-0.570516,4
TNG50-1,40,1.5,251469,-0.01616413,0.08136156,1.11020945,-0.570516,5
TNG50-1,40,1.5,251469,0.02067398,-0.00416663,1.11020945,-0.570516,6
TNG50-1,40,1.5,251469,0.02306751,0.00233134,1.11020945,-0.570516,7
TNG50-1,40,1.5,251469,-0.02906592,0.06771502,1.11020945,-0.570516,8
TNG50-1,40,1.5,251469,0.02344348,0.03307392,1.11020945,-0.570516,9
TNG50-1,40,1.5,251469,-0.00910395,-0.04378144,1.11020945,-0.570516,10
TNG50-1,40,1.5,251469,-0.143481,-0.0323639,1.11020945,-0.570516,11
TNG50-1,40,1.5,251469,-0.0242351,0.02474657,1.11020945,-0.570516,12
TNG50-1,40,1.5,251469,0.05394943,-0.03120605,1.11020945,-0.570516,13
TNG50-1,40,1.5,251469,-0.08409029,-0.10586217,1.11020945,-0.570516,14
TNG50-1,40,1.5,266628,-0.00266204,-0.00943744,1.23958936,0.940007,0
TNG50-1,40,1.5,266628,-0.07401063,0.10578149,1.23958936,0.940007,1
TNG50-1,40,1.5,266628,0.08081409,0.06967598,1.23958936,0.940007,2
TNG50-1,40,1.5,266628,0.00883938,-0.08703982,1.23958936,0.940007,3
TNG50-1,40,1.5,266628,-0.04525875,-0.03329762,1.23958936,0.940007,4
TNG50-1,40,1.5,266628,-0.03493162,-0.03345226,1.23958936,0.940007,5
TNG50-1,40,1.5,266628,-0.09446988,-0.00399232,1.23958936,0.940007,6
TNG50-1,40,1.5,266628,-0.05497309,-0.00301571,1.23958936,0.940007,7
TNG50-1,40,1.5,266628,0.05081616,0.14981195,1.23958936,0.940007,8
TNG50-1,40,1.5,266628,0.11158931,-0.05386139,1.23958936,0.940007,9
TNG50-1,40,1.5,266628,0.03631983,0.0114485,1.23958936,0.940007,10
TNG50-1,40,1.5,266628,-0.00460213,0.03082539,1.23958936,0.940007,11
TNG50-1,40,1.5,266628,-0.02159797,-7.86e-05,1.23958936,0.940007,12
TNG50-1,40,1.5,266628,-0.04782479,0.00550903,1.23958936,0.940007,13
TNG50-1,40,1.5,266628,0.10298829,-0.05224044,1.23958936,0.940007,14
TNG50-1,40,1.5,255629,0.00532431,-0.01174754,1.37955642,0.31646494,0
TNG50-1,40,1.5,255629,0.02556995,-0.07348327,1.37955642,0.31646494,1
TNG50-1,40,1.5,255629,0.01638003,-0.05002628,1.37955642,0.31646494,2
TNG50-1,40,1.5,255629,0.02851005,-0.01969509,1.37955642,0.31646494,3
TNG50-1,40,1.5,255629,0.0706304,-0.06679587,1.37955642,0.31646494,4
TNG50-1,40,1.5,255629,0.04684833,0.01898761,1.37955642,0.31646494,5
TNG50-1,40,1.5,255629,0.00356473,0.03701115,1.37955642,0.31646494,6
TNG50-1,40,1.5,255629,-0.05858792,-0.02747135,1.37955642,0.31646494,7
TNG50-1,40,1.5,255629,-0.03000026,-0.02185137,1.37955642,0.31646494,8
TNG50-1,40,1.5,255629,-0.01098156,0.02687149,1.37955642,0.31646494,9
TNG50-1,40,1.5,255629,0.01261729,-0.03569975,1.37955642,0.31646494,10
TNG50-1,40,1.5,255629,-0.02391664,-0.0391367,1.37955642,0.31646494,11
TNG50-1,40,1.5,255629,-0.04678666,0.05982492,1.37955642,0.31646494,12
TNG50-1,40,1.5,255629,-0.05940993,0.04420939,1.37955642,0.31646494,13
TNG50-1,40,1.5,255629,-0.08255889,0.0300775,1.37955642,0.31646494,14
TNG50-1,40,1.5,215839,0.04628223,-0.01193419,0.39937979,-0.89109486,0
TNG50-1,40,1.5,215839,-0.09886394,-0.04412905,0.39937979,-0.89109486,1
TNG50-1,40,1.5,215839,0.06769178,0.01679228,0.39937979,-0.89109486,2
TNG50-1,40,1.5,215839,0.01960311,-0.03681324,0.39937979,-0.89109486,3
TNG50-1,40,1.5,215839,0.05053907,-0.00928055,0.39937979,-0.89109486,4
TNG50-1,40,1.5,215839,0.01935809,0.04244333,0.39937979,-0.89109486,5
TNG50-1,40,1.5,215839,0.00244624,-0.03493817,0.39937979,-0.89109486,6
TNG50-1,40,1.5,215839,-0.01376546,0.03943056,0.39937979,-0.89109486,7
TNG50-1,40,1.5,215839,0.01835722,0.04111147,0.39937979,-0.89109486,8
TNG50-1,40,1.5,215839,-0.0155874,0.0527478,0.39937979,-0.89109486,9
TNG50-1,40,1.5,215839,0.04339381,0.00702705,0.39937979,-0.89109486,10
TNG50-1,40,1.5,215839,-0.07932283,0.16206295,0.39937979,-0.89109486,11
TNG50-1,40,1.5,215839,-0.02707879,0.05272668,0.39937979,-0.89109486,12
TNG50-1,40,1.5,215839,0.10224116,0.01624388,0.39937979,-0.89109486,13
TNG50-1,40,1.5,215839,-0.03130402,-0.04379622,0.39937979,-0.89109486,14
TNG50-1,40,1.5,222555,-0.00485296,-0.00524883,1.00858359,-0.27009499,0
TNG50-1,40,1.5,222555,0.07131635,-0.07535584,1.00858359,-0.27009499,1
TNG50-1,40,1.5,222555,0.08547673,-0.10016846,1.00858359,-0.27009499,2
TNG50-1,40,1.5,222555,0.07391646,0.03703214,1.00858359,-0.27009499,3
TNG50-1,40,1.5,222555,0.03925962,-0.03765622,1.00858359,-0.27009499,4
TNG50-1,40,1.5,222555,-0.06278301,0.04362493,1.00858359,-0.27009499,5
TNG50-1,40,1.5,222555,0.02435809,0.05541738,1.00858359,-0.27009499,6
TNG50-1,40,1.5,222555,-0.06207012,-0.03096587,1.00858359,-0.27009499,7
TNG50-1,40,1.5,222555,-0.07437356,0.02951555,1.00858359,-0.27009499,8
TNG50-1,40,1.5,222555,0.01195793,-0.03305784,1.00858359,-0.27009499,9
TNG50-1,40,1.5,222555,0.02615997,-0.09229394,1.00858359,-0.27009499,10
TNG50-1,40,1.5,222555,0.04516885,0.00616547,1.00858359,-0.27009499,11
TNG50-1,40,1.5,222555,0.02485681,-0.02354369,1.00858359,-0.27009499,12
TNG50-1,40,1.5,222555,0.0265793,-0.02200445,1.00858359,-0.27009499,13
TNG50-1,40,1.5,222555,-0.04923263,0.09876716,1.00858359,-0.27009499,14
TNG50-1,40,1.5,248052,-0.07629285,0.07309204,1.13834124,-0.57291455,0
TNG50-1,40,1.5,248052,0.01914356,-0.03701647,1.13834124,-0.57291455,1
TNG50-1,40,1.5,248052,-0.04974036,-0.0021043,1.13834124,-0.57291455,2
TNG50-1,40,1.5,248052,0.04541307,0.03097826,1.13834124,-0.57291455,3
TNG50-1,40,1.5,248052,0.01492156,0.01986642,1.13834124,-0.57291455,4
TNG50-1,40,1.5,248052,0.01896722,-0.03831943,1.13834124,-0.57291455,5
TNG50-1,40,1.5,248052,-0.04724448,-0.04047587,1.13834124,-0.57291455,6
TNG50-1,40,1.5,248052,-0.0382794,0.04941422,1.13834124,-0.57291455,7
TNG50-1,40,1.5,248052,0.04636253,0.05957754,1.13834124,-0.57291455,8
TNG50-1,40,1.5,248052,0.08853989,0.07560718,1.13834124,-0.57291455,9
TNG50-1,40,1.5,248052,0.02401539,0.09019652,1.13834124,-0.57291455,10
TNG50-1,40,1.5,248052,-0.04487104,0.00673097,1.13834124,-0.57291455,11
TNG50-1,40,1.5,248052,0.01694693,-0.01555996,1.13834124,-0.57291455,12
TNG50-1,40,1.5,248052,0.1213736,0.06754955,1.13834124,-0.57291455,13
TNG50-1,40,1.5,248052,0.00512114,0.03565346,1.13834124,-0.57291455,14
TNG50-1,40,1.5,51917,-0.04912276,0.0813927,0.85688738,-1.32541157,0
TNG50-1,40,1.5,51917,-0.05168178,0.10112947,0.85688738,-1.32541157,1
TNG50-1,40,1.5,51917,0.02459651,-0.04071438,0.85688738,-1.32541157,2
TNG50-1,40,1.5,51917,-0.00886373,0.02632786,0.85688738,-1.32541157,3
TNG50-1,40,1.5,51917,-0.0013215,0.02793989,0.85688738,-1.32541157,4
TNG50-1,40,1.5,51917,0.05362667,0.01938129,0.85688738,-1.32541157,5
TNG50-1,40,1.5,51917,0.03795186,0.01994898,0.85688738,-1.32541157,6
TNG50-1,40,1.5,51917,0.06649366,0.01518713,0.85688738,-1.32541157,7
TNG50-1,40,1.5,51917,-0.09657681,0.08437851,0.85688738,-1.32541157,8
TNG50-1,40,1.5,51917,0.0126699,0.05512333,0.85688738,-1.32541157,9
TNG50-1,40,1.5,51917,0.03473443,-0.05300769,0.85688738,-1.32541157,10
TNG50-1,40,1.5,51917,-0.07632929,0.03978605,0.85688738,-1.32541157,11
TNG50-1,40,1.5,51917,-0.03274478,0.04461867,0.85688738,-1.32541157,12
TNG50-1,40,1.5,51917,-0.04202426,0.01574836,0.85688738,-1.32541157,13
TNG50-1,40,1.5,51917,0.00108491,0.05657122,0.85688738,-1.32541157,14
TNG50-1,40,1.5,174639,0.0094037,0.04340332,1.39398392,-1.47706763,0
TNG50-1,40,1.5,174639,0.01002339,-0.09680006,1.39398392,-1.47706763,1
TNG50-1,40,1.5,174639,0.00606203,-0.00287849,1.39398392,-1.47706763,2
TNG50-1,40,1.5,174639,-0.1009122,-0.02146457,1.39398392,-1.47706763,3
TNG50-1,40,1.5,174639,-0.00401992,-0.00669149,1.39398392,-1.47706763,4
TNG50-1,40,1.5,174639,-0.03341253,-0.02508143,1.39398392,-1.47706763,5
TNG50-1,40,1.5,174639,-0.0593224,0.00688123,1.39398392,-1.47706763,6
TNG50-1,40,1.5,174639,0.07170091,0.09618136,1.39398392,-1.47706763,7
TNG50-1,40,1.5,174639,0.02521038,-0.01619612,1.39398392,-1.47706763,8
TNG50-1,40,1.5,174639,-0.00149155,0.01458555,1.39398392,-1.47706763,9
TNG50-1,40,1.5,174639,-0.02824017,0.09973732,1.39398392,-1.47706763,10
TNG50-1,40,1.5,174639,0.01480848,-0.02750078,1.39398392,-1.47706763,11
TNG50-1,40,1.5,174639,0.0495718,0.09073377,1.39398392,-1.47706763,12
TNG50-1,40,1.5,174639,-0.04134829,0.00026615,1.39398392,-1.47706763,13
TNG50-1,40,1.5,174639,-0.00024142,0.08909481,1.39398392,-1.47706763,14
TNG50-1,40,1.5,239903,0.03751006,0.05729952,1.16451872,-0.48230153,0
TNG50-1,40,1.5,239903,0.01535542,-0.06259261,1.16451872,-0.48230153,1
TNG50-1,40,1.5,239903,-0.00328153,-0.0132038,1.16451872,-0.48230153,2
TNG50-1,40,1.5,239903,-0.03120207,-0.04653018,1.16451872,-0.48230153,3
TNG50-1,40,1.5,239903,0.00378958,-0.01337563,1.16451872,-0.48230153,4
TNG50-1,40,1.5,239903,0.04486807,0.0802205,1.16451872,-0.48230153,5
TNG50-1,40,1.5,239903,-0.00065557,-0.07113003,1.16451872,-0.48230153,6
TNG50-1,40,1.5,239903,-0.01583114,-0.08094326,1.16451872,-0.48230153,7
TNG50-1,40,1.5,239903,-0.01253913,-0.04142771,1.16451872,-0.48230153,8
TNG50-1,40,1.5,239903,0.04962383,0.01436553,1.16451872,-0.48230153,9
TNG50-1,40,1.5,239903,0.06125807,0.03103774,1.16451872,-0.48230153,10
TNG50-1,40,1.5,239903,-0.03335753,0.02187242,1.16451872,-0.48230153,11
TNG50-1,40,1.5,239903,-0.03342939,0.05878427,1.16451872,-0.48230153,12
TNG50-1,40,1.5,239903,0.01896795,-0.08815428,1.16451872,-0.48230153,13
TNG50-1,40,1.5,239903,0.0763766,0.05941683,1.16451872,-0.48230153,14
TNG50-1,40,1.5,68956,-0.01560477,-0.08216235,0.73847772,-1.51099879,0
TNG50-1,40,1.5,68956,0.03657472,0.03061725,0.73847772,-1.51099879,1
TNG50-1,40,1.5,68956,-0.06617127,0.04792556,0.73847772,-1.51099879,2
TNG50-1,40,1.5,68956,0.00024783,-0.01293632,0.73847772,-1.51099879,3
TNG50-1,40,1.5,68956,0.01181354,-0.06053868,0.73847772,-1.51099879,4
TNG50-1,40,1.5,68956,0.05778755,0.04714779,0.73847772,-1.51099879,5
TNG50-1,40,1.5,68956,-0.07926273,-0.05997544,0.73847772,-1.51099879,6
TNG50-1,40,1.5,68956,0.00153763,-0.00891757,0.73847772,-1.51099879,7
TNG50-1,40,1.5,68956,-0.05426176,-0.0020062,0.73847772,-1.51099879,8
TNG50-1,40,1.5,68956,0.0252748,0.0357769,0.73847772,-1.51099879,9
TNG50-1,40,1.5,68956,0.03886083,-0.03133158,0.73847772,-1.51099879,10
TNG50-1,40,1.5,68956,0.06435851,-0.03422918,0.73847772,-1.51099879,11
TNG50-1,40,1.5,68956,-0.02675147,0.00494577,0.73847772,-1.51099879,12
TNG50-1,40,1.5,68956,0.04636132,0.05031952,0.73847772,-1.51099879,13
TNG50-1,40,1.5,68956,0.06804508,0.1143725,0.73847772,-1.51099879,14
TNG50-1,40,1.5,212189,-0.07537406,-0.03538694,0.81840889,-1.0509012,0
TNG50-1,40,1.5,212189,0.0157671,-0.08011374,0.81840889,-1.0509012,1
TNG50-1,40,1.5,212189,-0.05432675,-0.0017013,0.81840889,-1.0509012,2
TNG50-1,40,1.5,212189,0.05094056,0.06479763,0.81840889,-1.0509012,3
TNG50-1,40,1.5,212189,-0.04692723,0.00804711,0.81840889,-1.0509012,4
TNG50-1,40,1.5,212189,-0.03373241,-0.00998349,0.81840889,-1.0509012,5
TNG50-1,40,1.5,212189,-0.02946354,-0.04351735,0.81840889,-1.0509012,6
TNG50-1,40,1.5,212189,-0.00380995,0.08788832,0.81840889,-1.0509012,7
TNG50-1,40,1.5,212189,0.01615988,-0.05148013,0.81840889,-1.0509012,8
TNG50-1,40,1.5,212189,0.02418507,-0.03626971,0.81840889,-1.0509012,9
TNG50-1,40,1.5,212189,-0.00028838,0.02850171,0.81840889,-1.0509012,10
TNG50-1,40,1.5,212189,-0.06649455,-0.09280103,0.81840889,-1.0509012,11
TNG50-1,40,1.5,212189,0.03638931,0.06372953,0.81840889,-1.0509012,12
TNG50-1,40,1.5,212189,-0.00264793,0.03120966,0.81840889,-1.0509012,13
TNG50-1,40,1.5,212189,0.05808674,0.04496155,0.81840889,-1.0509012,14
TNG50-1,40,1.5,208267,0.02790585,-0.05305961,0.26410093,0.70743427,0
TNG50-1,40,1.5,208267,-0.00805618,-0.04408138,0.26410093,0.70743427,1
TNG50-1,40,1.5,208267,-0.05315744,0.03177047,0.26410093,0.70743427,2
TNG50-1,40,1.5,208267,-0.00700377,0.0443345,0.26410093,0.70743427,3
TNG50-1,40,1.5,208267,-0.04876182,-0.04928281,0.26410093,0.70743427,4
TNG50-1,40,1.5,208267,0.02430777,0.03353072,0.26410093,0.70743427,5
TNG50-1,40,1.5,208267,0.04033899,-0.02663678,0.26410093,0.70743427,6
TNG50-1,40,1.5,208267,0.07384043,0.00082526,0.26410093,0.70743427,7
TNG50-1,40,1.5,208267,0.01858838,0.07084722,0.26410093,0.70743427,8
TNG50-1,40,1.5,208267,0.04622877,0.04037436,0.26410093,0.70743427,9
TNG50-1,40,1.5,208267,-0.01485724,0.0397936,0.26410093,0.70743427,10
TNG50-1,40,1.5,208267,-0.02391386,0.09543952,0.26410093,0.70743427,11
TNG50-1,40,1.5,208267,0.02368359,-0.03519397,0.26410093,0.70743427,12
TNG50-1,40,1.5,208267,-0.01932364,-0.04929375,0.26410093,0.70743427,13
TNG50-1,40,1.5,208267,0.01345929,-0.03610611,0.26410093,0.70743427,14
TNG50-1,40,1.5,147367,-0.01272505,-0.04726913,0.83318967,0.6537379,0
TNG50-1,40,1.5,147367,-0.11772753,-0.0256726,0.83318967,0.6537379,1
TNG50-1,40,1.5,147367,-0.01037141,-0.06126653,0.83318967,0.6537379,2
TNG50-1,40,1.5,147367,-0.02722854,0.00855569,0.83318967,0.6537379,3
TNG50-1,40,1.5,147367,0.03918799,0.02128573,0.83318967,0.6537379,4
TNG50-1,40,1.5,147367,0.01762097,0.02011827,0.83318967,0.6537379,5
TNG50-1,40,1.5,147367,-0.03003483,0.00061806,0.83318967,0.6537379,6
TNG50-1,40,1.5,147367,0.02949804,-0.07705365,0.83318967,0.6537379,7
TNG50-1,40,1.5,147367,0.03616315,-0.03099768,0.83318967,0.6537379,8
TNG50-1,40,1.5,147367,-0.03842729,-0.02036533,0.83318967,0.6537379,9
TNG50-1,40,1.5,147367,-0.02465121,-0.02016477,0.83318967,0.6537379,10
TNG50-1,40,1.5,147367,-0.11126816,0.00374906,0.83318967,0.6537379,11
TNG50-1,40,1.5,147367,-0.054533,0.07127707,0.83318967,0.6537379,12
TNG50-1,40,1.5,147367,-0.03712348,0.04060481,0.83318967,0.6537379,13
TNG50-1,40,1.5,147367,0.00370831,-0.04937589,0.83318967,0.6537379,14
TNG50-1,40,1.5,218213,0.03392014,-0.05772928,0.98027471,0.74952239,0
TNG50-1,40,1.5,218213,0.03201512,-0.04471415,0.98027471,0.74952239,1
TNG50-1,40,1.5,218213,-0.04030337,-0.11049722,0.98027471,0.74952239,2
TNG50-1,40,1.5,218213,0.0424433,0.02823711,0.98027471,0.74952239,3
TNG50-1,40,1.5,218213,-0.00801883,-0.0606105,0.98027471,0.74952239,4
TNG50-1,40,1.5,218213,-0.07049767,0.00662849,0.98027471,0.74952239,5
TNG50-1,40,1.5,218213,0.02276014,0.01854941,0.98027471,0.74952239,6
TNG50-1,40,1.5,218213,0.01084809,0.03011764,0.98027471,0.74952239,7
TNG50-1,40,1.5,218213,-0.01138388,-0.06020085,0.98027471,0.74952239,8
TNG50-1,40,1.5,218213,-0.00187265,-0.00325808,0.98027471,0.74952239,9
TNG50-1,40,1.5,218213,-0.03595427,0.08351402,0.98027471,0.74952239,10
TNG50-1,40,1.5,218213,0.03050653,0.08571573,0.98027471,0.74952239,11
TNG50-1,40,1.5,218213,-0.00217253,0.04936615,0.98027471,0.74952239,12
TNG50-1,40,1.5,218213,0.00832244,0.01687466,0.98027471,0.74952239,13
TNG50-1,40,1.5,218213,0.0178571,-0.05025532,0.98027471,0.74952239,14
TNG50-1,40,1.5,242783,0.03593108,0.02545588,0.665184,-0.57443025,0
TNG50-1,40,1.5,242783,-0.00790106,0.06705578,0.665184,-0.57443025,1
TNG50-1,40,1.5,242783,0.02802641,-0.06064453,0.665184,-0.57443025,2
TNG50-1,40,1.5,242783,-0.03164217,-0.00621664,0.665184,-0.57443025,3
TNG50-1,40,1.5,242783,-0.00864666,0.0097966,0.665184,-0.57443025,4
TNG50-1,40,1.5,242783,0.00820737,0.04322892,0.665184,-0.57443025,5
TNG50-1,40,1.5,242783,0.0123139,-0.01718005,0.665184,-0.57443025,6
TNG50-1,40,1.5,242783,0.02468614,-0.07819073,0.665184,-0.57443025,7
TNG50-1,40,1.5,242783,-0.02895975,0.03105988,0.665184,-0.57443025,8
TNG50-1,40,1.5,242783,-0.06716422,0.0562398,0.665184,-0.57443025,9
TNG50-1,40,1.5,242783,0.08123925,-0.00412957,0.665184,-0.57443025,10
TNG50-1,40,1.5,242783,0.12446271,0.020262,0.665184,-0.57443025,11
TNG50-1,40,1.5,242783,0.02237104,-0.02372456,0.665184,-0.57443025,12
TNG50-1,40,1.5,242783,-0.0661996,-0.04228864,0.665184,-0.57443025,13
TNG50-1,40,1.5,242783,-0.03865976,0.05132128,0.665184,-0.57443025,14
TNG50-1,40,1.5,89367,0.01937479,0.01601458,0.44698937,1.22528226,0
TNG50-1,40,1.5,89367,0.02451843,-0.00941113,0.44698937,1.22528226,1
TNG50-1,40,1.5,89367,0.07510576,-0.03581096,0.44698937,1.22528226,2
TNG50-1,40,1.5,89367,-0.05274212,0.01444192,0.44698937,1.22528226,3
TNG50-1,40,1.5,89367,-0.02760131,-0.01665624,0.44698937,1.22528226,4
TNG50-1,40,1.5,89367,0.00789667,0.08449113,0.44698937,1.22528226,5
TNG50-1,40,1.5,89367,-0.02821566,0.06710911,0.44698937,1.22528226,6
TNG50-1,40,1.5,89367,0.03915683,0.03164196,0.44698937,1.22528226,7
TNG50-1,40,1.5,89367,-0.00936996,0.01892335,0.44698937,1.22528226,8
TNG50-1,40,1.5,89367,-0.04962664,-0.00439795,0.44698937,1.22528226,9
TNG50-1,40,1.5,89367,0.00328858,-0.06305619,0.44698937,1.22528226,10
TNG50-1,40,1.5,89367,0.00851694,-0.01080861,0.44698937,1.22528226,11
TNG50-1,40,1.5,89367,0.0467341,0.00507,0.44698937,1.22528226,12
TNG50-1,40,1.5,89367,0.01965705,0.01147282,0.44698937,1.22528226,13
TNG50-1,40,1.5,89367,0.02305732,0.02347682,0.44698937,1.22528226,14
TNG50-1,40,1.5,224515,0.04606651,0.06144075,0.71696648,0.29477736,0
TNG50-1,40,1.5,224515,-0.0346077,0.02011577,0.71696648,0.29477736,1
TNG50-1,40,1.5,224515,-0.02058381,-0.09306949,0.71696648,0.29477736,2
TNG50-1,40,1.5,224515,0.07254283,0.03370116,0.71696648,0.29477736,3
TNG50-1,40,1.5,224515,0.03854908,0.09590822,0.71696648,0.29477736,4
TNG50-1,40,1.5,224515,-0.01953855,-0.09979538,0.71696648,0.29477736,5
TNG50-1,40,1.5,224515,-0.00536056,0.07596938,0.71696648,0.29477736,6
TNG50-1,40,1.5,224515,-0.0051357,-0.13859778,0.71696648,0.29477736,7
TNG50-1,40,1.5,224515,0.00157871,0.04689995,0.71696648,0.29477736,8
TNG50-1,40,1.5,224515,0.02363415,-0.00043243,0.71696648,0.29477736,9
TNG50-1,40,1.5,224515,0.12674964,-0.11749856,0.71696648,0.29477736,10
TNG50-1,40,1.5,224515,0.00948783,0.02230689,0.71696648,0.29477736,11
TNG50-1,40,1.5,224515,0.03312991,0.05754199,0.71696648,0.29477736,12
TNG50-1,40,1.5,224515,-0.08432384,0.01819435,0.71696648,0.29477736,13
TNG50-1,40,1.5,224515,-0.024245,0.02924138,0.71696648,0.29477736,14
TNG50-1,40,1.5,155133,0.0345932,-0.01661311,0.31671383,-1.1748729,0
TNG50-1,40,1.5,155133,0.0874877,0.00036925,0.31671383,-1.1748729,1
TNG50-1,40,1.5,155133,0.05647904,0.00843738,0.31671383,-1.1748729,2
TNG50-1,40,1.5,155133,-0.09939379,0.01894385,0.31671383,-1.1748729,3
TNG50-1,40,1.5,155133,-0.07574472,0.01221209,0.31671383,-1.1748729,4
TNG50-1,40,1.5,155133,-0.04229839,-0.01321718,0.31671383,-1.1748729,5
TNG50-1,40,1.5,155133,-0.07964877,0.01430975,0.31671383,-1.1748729,6
TNG50-1,40,1.5,155133,0.0022095,0.0501016,0.31671383,-1.1748729,7
TNG50-1,40,1.5,155133,0.01967079,-0.0047749,0.31671383,-1.1748729,8
TNG50-1,40,1.5,155133,-0.07151266,0.01587974,0.31671383,-1.1748729,9
TNG50-1,40,1.5,155133,0.03885642,-0.00930855,0.31671383,-1.1748729,10
TNG50-1,40,1.5,155133,0.0300552,-0.03233795,0.31671383,-1.1748729,11
TNG50-1,40,1.5,155133,-0.02740796,0.02614398,0.31671383,-1.1748729,12
TNG50-1,40,1.5,155133,-0.0086261,-0.0277613,0.31671383,-1.1748729,13
TNG50-1,40,1.5,155133,-0.09749006,0.01930735,0.31671383,-1.1748729,14
TNG50-1,40,1.5,246391,0.00141277,0.06855337,0.6376968,-1.11929084,0
TNG50-1,40,1.5,246391,-0.01519673,0.03003726,0.6376968,-1.11929084,1
TNG50-1,40,1.5,246391,-0.01640714,-0.04480444,0.6376968,-1.11929084,2
TNG50-1,40,1.5,246391,-0.02540605,0.09056338,0.6376968,-1.11929084,3
TNG50-1,40,1.5,246391,-0.08229006,-0.01758596,0.6376968,-1.11929084,4
TNG50-1,40,1.5,246391,0.01914475,-0.01345129,0.6376968,-1.11929084,5
TNG50-1,40,1.5,246391,0.01157734,0.07186295,0.6376968,-1.11929084,6
TNG50-1,40,1.5,246391,0.04248351,0.03294553,0.6376968,-1.11929084,7
TNG50-1,40,1.5,246391,-0.02657285,0.11005516,0.6376968,-1.11929084,8
TNG50-1,40,1.5,246391,0.09476918,0.01243611,0.6376968,-1.11929084,9
TNG50-1,40,1.5,246391,-0.0189868,-0.01985154,0.6376968,-1.11929084,10
TNG50-1,40,1.5,246391,-0.04375548,-0.03059024,0.6376968,-1.11929084,11
TNG50-1,40,1.5,246391,-0.04968425,-0.09234981,0.6376968,-1.11929084,12
TNG50-1,40,1.5,246391,-0.08669612,-0.01392979,0.6376968,-1.11929084,13
TNG50-1,40,1.5,246391,0.07663139,0.05722967,0.6376968,-1.11929084,14
TNG50-1,40,1.5,3,0.02994171,-0.02312914,0.51119094,0.60662717,0
TNG50-1,40,1.5,3,0.0010154,0.05181871,0.51119094,0.60662717,1
TNG50-1,40,1.5,3,-0.04974672,0.02362255,0.51119094,0.60662717,2
TNG50-1,40,1.5,3,0.01134365,0.00761502,0.51119094,0.60662717,3
TNG50-1,40,1.5,3,0.05064069,0.03986363,0.51119094,0.60662717,4
TNG50-1,40,1.5,3,0.02153596,0.00083754,0.51119094,0.60662717,5
TNG50-1,40,1.5,3,0.00833676,0.15899322,0.51119094,0.60662717,6
TNG50-1,40,1.5,3,-0.03984788,0.00756735,0.51119094,0.60662717,7
TNG50-1,40,1.5,3,0.04335909,0.0097641,0.51119094,0.60662717,8
TNG50-1,40,1.5,3,-0.15659524,-0.0855234,0.51119094,0.60662717,9
TNG50-1,40,1.5,3,0.01914229,-0.02717252,0.51119094,0.60662717,10
TNG50-1,40,1.5,3,0.1285161,0.05736888,0.51119094,0.60662717,11
TNG50-1,40,1.5,3,-0.07541867,-0.06677284,0.51119094,0.60662717,12
TNG50-1,40,1.5,3,-0.01206847,-0.10787786,0.51119094,0.60662717,13
TNG50-1,40,1.5,3,-0.00039555,0.00161577,0.51119094,0.60662717,14
TNG50-1,40,1.5,226914,0.06853723,-0.07505297,1.30528492,-1.02747693,0
TNG50-1,40,1.5,226914,0.00211906,-0.0368004,1.30528492,-1.02747693,1
TNG50-1,40,1.5,226914,-0.01680623,-0.00649101,1.30528492,-1.02747693,2
TNG50-1,40,1.5,226914,-0.0929244,0.01940685,1.30528492,-1.02747693,3
TNG50-1,40,1.5,226914,0.02261271,0.01623408,1.30528492,-1.02747693,4
TNG50-1,40,1.5,226914,0.03306376,0.05585529,1.30528492,-1.02747693,5
TNG50-1,40,1.5,226914,-0.08908662,0.05742476,1.30528492,-1.02747693,6
TNG50-1,40,1.5,226914,0.05672662,-0.04361926,1.30528492,-1.02747693,7
TNG50-1,40,1.5,226914,0.03828478,0.01192881,1.30528492,-1.02747693,8
TNG50-1,40,1.5,226914,0.0566158,-0.04239158,1.30528492,-1.02747693,9
TNG50-1,40,1.5,226914,0.02917625,-0.00941235,1.30528492,-1.02747693,10
TNG50-1,40,1.5,226914,0.03268414,0.01608957,1.30528492,-1.02747693,11
TNG50-1,40,1.5,226914,0.02603604,-0.1704356,1.30528492,-1.02747693,12
TNG50-1,40,1.5,226914,0.04342362,0.1205622,1.30528492,-1.02747693,13
TNG50-1,40,1.5,226914,-0.09093789,0.02832043,1.30528492,-1.02747693,14
TNG50-1,40,1.5,196346,-0.02978516,0.00853135,0.70239838,0.0229107,0
TNG50-1,40,1.5,196346,0.09636849,0.06552148,0.70239838,0.0229107,1
TNG50-1,40,1.5,196346,-0.01737156,-0.02995989,0.70239838,0.0229107,2
TNG50-1,40,1.5,196346,0.00662597,-0.01391588,0.70239838,0.0229107,3
TNG50-1,40,1.5,196346,-0.02435579,-0.07687215,0.70239838,0.0229107,4
TNG50-1,40,1.5,196346,0.08259959,-0.05919339,0.70239838,0.0229107,5
TNG50-1,40,1.5,196346,-0.00524924,-0.02589,0.70239838,0.0229107,6
TNG50-1,40,1.5,196346,0.00747421,-0.00279685,0.70239838,0.0229107,7
TNG50-1,40,1.5,196346,0.06018911,0.08845417,0.70239838,0.0229107,8
TNG50-1,40,1.5,196346,0.02925697,0.02679964,0.70239838,0.0229107,9
TNG50-1,40,1.5,196346,-0.0027174,-0.04560393,0.70239838,0.0229107,10
TNG50-1,40,1.5,196346,0.05551955,-0.03639902,0.70239838,0.0229107,11
TNG50-1,40,1.5,196346,0.12692416,0.06873743,0.70239838,0.0229107,12
TNG50-1,40,1.5,196346,0.01587052,0.05633052,0.70239838,0.0229107,13
TNG50-1,40,1.5,196346,0.005838,0.0014075,0.70239838,0.0229107,14
TNG50-1,40,1.5,66108,-0.02212632,-0.00749678,1.01633812,1.54495508,0
TNG50-1,40,1.5,66108,0.05624664,-0.02811842,1.01633812,1.54495508,1
TNG50-1,40,1.5,66108,-0.04966636,-0.05055163,1.01633812,1.54495508,2
TNG50-1,40,1.5,66108,0.01960152,0.09460844,1.01633812,1.54495508,3
TNG50-1,40,1.5,66108,0.11363295,0.02332464,1.01633812,1.54495508,4
TNG50-1,40,1.5,66108,0.01026778,0.02861976,1.01633812,1.54495508,5
TNG50-1,40,1.5,66108,-0.03878047,0.04416998,1.01633812,1.54495508,6
TNG50-1,40,1.5,66108,0.02051844,0.03855181,1.01633812,1.54495508,7
TNG50-1,40,1.5,66108,-0.02350044,-0.0206555,1.01633812,1.54495508,8
TNG50-1,40,1.5,66108,-0.06970579,0.01362763,1.01633812,1.54495508,9
TNG50-1,40,1.5,66108,0.0350518,-0.01345152,1.01633812,1.54495508,10
TNG50-1,40,1.5,66108,0.05589172,0.02192318,1.01633812,1.54495508,11
TNG50-1,40,1.5,66108,-0.01554533,0.01708454,1.01633812,1.54495508,12
TNG50-1,40,1.5,66108,-0.01886178,-0.01913301,1.01633812,1.54495508,13
TNG50-1,40,1.5,66108,-0.04807827,-0.06646494,1.01633812,1.54495508,14
TNG50-1,40,1.5,176577,0.00731185,-0.03853396,0.90455406,-1.55820607,0
TNG50-1,40,1.5,176577,-0.01021347,-0.00173282,0.90455406,-1.55820607,1
TNG50-1,40,1.5,176577,-0.09451861,-0.07133467,0.90455406,-1.55820607,2
TNG50-1,40,1.5,176577,0.02538309,-0.02911768,0.90455406,-1.55820607,3
TNG50-1,40,1.5,176577,0.04826711,-0.01397956,0.90455406,-1.55820607,4
TNG50-1,40,1.5,176577,0.12641782,-0.00056454,0.90455406,-1.55820607,5
TNG50-1,40,1.5,176577,-0.01955988,0.02398663,0.90455406,-1.55820607,6
TNG50-1,40,1.5,176577,-0.02693559,0.07195375,0.90455406,-1.55820607,7
TNG50-1,40,1.5,176577,-0.05547105,0.03663555,0.90455406,-1.55820607,8
TNG50-1,40,1.5,176577,0.0104321,0.04810823,0.90455406,-1.55820607,9
TNG50-1,40,1.5,176577,0.01011591,0.07230521,0.90455406,-1.55820607,10
TNG50-1,40,1.5,176577,-0.04056482,0.02848539,0.90455406,-1.55820607,11
TNG50-1,40,1.5,176577,-0.00874649,-0.00183536,0.90455406,-1.55820607,12
TNG50-1,40,1.5,176577,-0.09893328,0.0504556,0.90455406,-1.55820607,13
TNG50-1,40,1.5,176577,0.04631884,0.05365046,0.90455406,-1.55820607,14
TNG50-1,40,1.5,225905,0.03242829,0.06623685,0.79560166,-1.51870934,0
TNG50-1,40,1.5,225905,-0.07273138,0.0230371,0.79560166,-1.51870934,1
TNG50-1,40,1.5,225905,-0.04207301,0.10089047,0.79560166,-1.51870934,2
TNG50-1,40,1.5,225905,-0.01374271,0.00886151,0.79560166,-1.51870934,3
TNG50-1,40,1.5,225905,0.03898105,0.12239014,0.79560166,-1.51870934,4
TNG50-1,40,1.5,225905,-0.00106732,0.00887606,0.79560166,-1.51870934,5
TNG50-1,40,1.5,225905,0.05684343,0.00112401,0.79560166,-1.51870934,6
TNG50-1,40,1.5,225905,0.06576183,-0.0639695,0.79560166,-1.51870934,7
TNG50-1,40,1.5,225905,0.05995852,0.05552814,0.79560166,-1.51870934,8
TNG50-1,40,1.5,225905,0.06027703,-0.02510626,0.79560166,-1.51870934,9
TNG50-1,40,1.5,225905,-0.0518497,-0.03235238,0.79560166,-1.51870934,10
TNG50-1,40,1.5,225905,0.02413177,0.06406153,0.79560166,-1.51870934,11
TNG50-1,40,1.5,225905,-0.03037645,0.05791113,0.79560166,-1.51870934,12
TNG50-1,40,1.5,225905,-0.08245332,0.05660257,0.79560166,-1.51870934,13
TNG50-1,40,1.5,225905,-0.01437356,-0.01810956,0.79560166,-1.51870934,14
TNG50-1,40,1.5,185871,-0.00254879,0.08369872,0.29906012,1.5490709,0
TNG50-1,40,1.5,185871,-0.00299272,0.02168846,0.29906012,1.5490709,1
TNG50-1,40,1.5,185871,0.03912591,0.02272659,0.29906012,1.5490709,2
TNG50-1,40,1.5,185871,0.07767823,0.00256989,0.29906012,1.5490709,3
TNG50-1,40,1.5,185871,0.01840733,-0.01639455,0.29906012,1.5490709,4
TNG50-1,40,1.5,185871,0.09874455,-0.00810673,0.29906012,1.5490709,5
TNG50-1,40,1.5,185871,0.04485972,0.0067713,0.29906012,1.5490709,6
TNG50-1,40,1.5,185871,-0.01173997,0.085905,0.29906012,1.5490709,7
TNG50-1,40,1.5,185871,0.04143557,-0.01198569,0.29906012,1.5490709,8
TNG50-1,40,1.5,185871,0.08529701,0.0026306,0.29906012,1.5490709,9
TNG50-1,40,1.5,185871,0.09991445,-0.04326888,0.29906012,1.5490709,10
TNG50-1,40,1.5,185871,0.05934457,0.03583155,0.29906012,1.5490709,11
TNG50-1,40,1.5,185871,0.00128372,0.06833396,0.29906012,1.5490709,12
TNG50-1,40,1.5,185871,-0.01083466,0.08122489,0.29906012,1.5490709,13
TNG50-1,40,1.5,185871,0.02880348,0.01016823,0.29906012,1.5490709,14
TNG50-1,40,1.5,150534,0.02871771,0.04478903,0.25535657,0.26590074,0
TNG50-1,40,1.5,150534,-0.00767752,0.02956265,0.25535657,0.26590074,1
TNG50-1,40,1.5,150534,0.02640093,0.00860156,0.25535657,0.26590074,2
TNG50-1,40,1.5,150534,0.01569826,0.02644678,0.25535657,0.26590074,3
TNG50-1,40,1.5,150534,0.00291322,-0.03460431,0.25535657,0.26590074,4
TNG50-1,40,1.5,150534,0.00688768,-0.01220614,0.25535657,0.26590074,5
TNG50-1,40,1.5,150534,0.02259611,-0.00100473,0.25535657,0.26590074,6
TNG50-1,40,1.5,150534,-0.01470762,-0.07921082,0.25535657,0.26590074,7
TNG50-1,40,1.5,150534,-0.01212484,-0.05806551,0.25535657,0.26590074,8
TNG50-1,40,1.5,150534,0.0853681,-0.0560783,0.25535657,0.26590074,9
TNG50-1,40,1.5,150534,0.13552734,0.03820541,0.25535657,0.26590074,10
TNG50-1,40,1.5,150534,-0.06021835,0.01226775,0.25535657,0.26590074,11
TNG50-1,40,1.5,150534,-0.06297356,0.03055306,0.25535657,0.26590074,12
TNG50-1,40,1.5,150534,-0.04785764,-0.09198275,0.25535657,0.26590074,13
TNG50-1,40,1.5,150534,-0.00516442,-0.07417833,0.25535657,0.26590074,14
TNG50-1,40,1.5,223070,0.03316077,0.03902706,1.15550044,-1.17209688,0
TNG50-1,40,1.5,223070,-0.13893348,-0.07241789,1.15550044,-1.17209688,1
TNG50-1,40,1.5,223070,0.06123147,0.06208186,1.15550044,-1.17209688,2
TNG50-1,40,1.5,223070,-0.09116586,-0.02046252,1.15550044,-1.17209688,3
TNG50-1,40,1.5,223070,0.04216724,-0.07013453,1.15550044,-1.17209688,4
TNG50-1,40,1.5,223070,-0.04442923,0.07974684,1.15550044,-1.17209688,5
TNG50-1,40,1.5,223070,0.05244519,-0.00336713,1.15550044,-1.17209688,6
TNG50-1,40,1.5,223070,0.16040805,0.0953818,1.15550044,-1.17209688,7
TNG50-1,40,1.5,223070,-0.11365888,0.06106781,1.15550044,-1.17209688,8
TNG50-1,40,1.5,223070,0.03476886,-0.03990729,1.15550044,-1.17209688,9
TNG50-1,40,1.5,223070,-0.09040814,-0.00424949,1.15550044,-1.17209688,10
TNG50-1,40,1.5,223070,0.02133845,0.0060519,1.15550044,-1.17209688,11
TNG50-1,40,1.5,223070,-0.01033861,0.07631516,1.15550044,-1.17209688,12
TNG50-1,40,1.5,223070,0.00648912,0.02187589,1.15550044,-1.17209688,13
TNG50-1,40,1.5,223070,-0.04558431,0.00881463,1.15550044,-1.17209688,14
TNG50-1,40,1.5,267973,-0.00999398,-0.024072,0.70071646,1.24816167,0
TNG50-1,40,1.5,267973,-0.00252785,0.009048,0.70071646,1.24816167,1
TNG50-1,40,1.5,267973,0.0652296,-0.02479126,0.70071646,1.24816167,2
TNG50-1,40,1.5,267973,0.00018527,-0.10619375,0.70071646,1.24816167,3
TNG50-1,40,1.5,267973,-0.01974986,0.0461124,0.70071646,1.24816167,4
TNG50-1,40,1.5,267973,-0.02822536,0.01215088,0.70071646,1.24816167,5
TNG50-1,40,1.5,267973,-0.02768826,-0.01569712,0.70071646,1.24816167,6
TNG50-1,40,1.5,267973,-0.0701048,-0.04830927,0.70071646,1.24816167,7
TNG50-1,40,1.5,267973,-0.03751877,-0.07349288,0.70071646,1.24816167,8
TNG50-1,40,1.5,267973,0.07492101,0.01119464,0.70071646,1.24816167,9
TNG50-1,40,1.5,267973,-0.01032996,0.08067205,0.70071646,1.24816167,10
TNG50-1,40,1.5,267973,0.03522058,0.01015832,0.70071646,1.24816167,11
TNG50-1,40,1.5,267973,-0.12393783,-0.06913808,0.70071646,1.24816167,12
TNG50-1,40,1.5,267973,0.02841557,0.01125584,0.70071646,1.24816167,13
TNG50-1,40,1.5,267973,-0.00806764,-0.00266715,0.70071646,1.24816167,14
TNG50-1,50,1.0,70415,0.04320218,-0.07556113,0.46323777,-0.13696132,0
TNG50-1,50,1.0,70415,0.03033666,0.05322352,0.46323777,-0.13696132,1
TNG50-1,50,1.0,70415,-0.14929113,-0.00825996,0.46323777,-0.13696132,2
TNG50-1,50,1.0,70415,0.02726211,-0.00479172,0.46323777,-0.13696132,3
TNG50-1,50,1.0,70415,-0.05017397,-0.08540439,0.46323777,-0.13696132,4
TNG50-1,50,1.0,70415,-0.07108644,-0.00733583,0.46323777,-0.13696132,5
TNG50-1,50,1.0,70415,-0.00942367,0.03067928,0.46323777,-0.13696132,6
TNG50-1,50,1.0,70415,0.02054856,-0.0668205,0.46323777,-0.13696132,7
TNG50-1,50,1.0,70415,-0.08203673,0.02493179,0.46323777,-0.13696132,8
TNG50-1,50,1.0,70415,0.03522882,0.00445061,0.46323777,-0.13696132,9
TNG50-1,50,1.0,70415,0.03816694,-0.03218778,0.46323777,-0.13696132,10
TNG50-1,50,1.0,70415,0.00234881,0.04273365,0.46323777,-0.13696132,11
TNG50-1,50,1.0,70415,-0.04338118,-0.11011284,0.46323777,-0.13696132,12
TNG50-1,50,1.0,70415,-0.0489689,0.01733404,0.46323777,-0.13696132,13
TNG50-1,50,1.0,70415,0.05129661,0.08097176,0.46323777,-0.13696132,14
TNG50-1,50,1.0,79612,0.07199716,-0.02668171,0.80442316,-0.35706884,0
TNG50-1,50,1.0,79612,0.01949034,0.04153118,0.80442316,-0.35706884,1
TNG50-1,50,1.0,79612,-0.01508404,-0.00791496,0.80442316,-0.35706884,2
TNG50-1,50,1.0,79612,-0.03179013,-0.0366252,0.80442316,-0.35706884,3
TNG50-1,50,1.0,79612,-0.01514629,-0.02004992,0.80442316,-0.35706884,4
TNG50-1,50,1.0,79612,0.02719036,-0.05985272,0.80442316,-0.35706884,5
TNG50-1,50,1.0,79612,-0.04036219,0.09946798,0.80442316,-0.35706884,6
TNG50-1,50,1.0,79612,0.03787119,-0.00481909,0.80442316,-0.35706884,7
TNG50-1,50,1.0,79612,0.10665803,0.0322257,0.80442316,-0.35706884,8
TNG50-1,50,1.0,79612,-0.00309416,-0.02684346,0.80442316,-0.35706884,9
TNG50-1,50,1.0,79612,-0.06721974,-0.05259639,0.80442316,-0.35706884,10
TNG50-1,50,1.0,79612,-0.06723724,-0.01169403,0.80442316,-0.35706884,11
TNG50-1,50,1.0,79612,0.03882828,0.05505963,0.80442316,-0.35706884,12
TNG50-1,50,1.0,79612,-0.00298731,-0.02603659,0.80442316,-0.35706884,13
TNG50-1,50,1.0,79612,0.04384154,-0.0435266,0.80442316,-0.35706884,14
TNG50-1,50,1.0,126646,0.00777321,-0.0447136,1.25636879,-0.43479947,0
TNG50-1,50,1.0,126646,0.02495113,0.10259064,1.25636879,-0.43479947,1
TNG50-1,50,1.0,126646,0.08214241,-0.07246207,1.25636879,-0.43479947,2
TNG50-1,50,1.0,126646,0.01768752,-0.04062006,1.25636879,-0.43479947,3
TNG50-1,50,1.0,126646,0.03219963,-0.11014247,1.25636879,-0.43479947,4
TNG50-1,50,1.0,126646,0.03596376,0.01810625,1.25636879,-0.43479947,5
TNG50-1,50,1.0,126646,-0.05765077,-0.05506284,1.25636879,-0.43479947,6
TNG50-1,50,1.0,126646,-0.0481666,-0.05365001,1.25636879,-0.43479947,7
TNG50-1,50,1.0,126646,-0.05419481,-0.06862571,1.25636879,-0.43479947,8
TNG50-1,50,1.0,126646,-0.06660729,0.03886775,1.25636879,-0.43479947,9
TNG50-1,50,1.0,126646,0.03977299,0.03557318,1.25636879,-0.43479947,10
TNG50-1,50,1.0,126646,0.0145025,0.09060169,1.25636879,-0.43479947,11
TNG50-1,50,1.0,126646,0.0039748,-0.03428533,1.25636879,-0.43479947,12
TNG50-1,50,1.0,126646,-0.12963583,0.01094097,1.25636879,-0.43479947,13
TNG50-1,50,1.0,126646,0.10277384,-0.06446676,1.25636879,-0.43479947,14
TNG50-1,50,1.0,1,-0.01675195,0.12229893,0.47087984,-0.34084131,0
TNG50-1,50,1.0,1,-0.02594227,0.06525052,0.47087984,-0.34084131,1
TNG50-1,50,1.0,1,0.0232225,-0.03605311,0.47087984,-0.34084131,2
TNG50-1,50,1.0,1,0.05085109,-0.01368075,0.47087984,-0.34084131,3
TNG50-1,50,1.0,1,0.04955333,-0.01071223,0.47087984,-0.34084131,4
TNG50-1,50,1.0,1,-0.04214061,0.0072936,0.47087984,-0.34084131,5
TNG50-1,50,1.0,1,0.0499234,-0.0350613,0.47087984,-0.34084131,6
TNG50-1,50,1.0,1,-0.00220426,0.02194083,0.47087984,-0.34084131,7
TNG50-1,50,1.0,1,-0.01622984,0.07260441,0.47087984,-0.34084131,8
TNG50-1,50,1.0,1,-0.03542557,-0.06568141,0.47087984,-0.34084131,9
TNG50-1,50,1.0,1,-0.02799679,-0.05640734,0.47087984,-0.34084131,10
TNG50-1,50,1.0,1,0.08711569,-0.02415793,0.47087984,-0.34084131,11
TNG50-1,50,1.0,1,0.01537054,-0.02183978,0.47087984,-0.34084131,12
TNG50-1,50,1.0,1,0.00873059,0.09992329,0.47087984,-0.34084131,13
TNG50-1,50,1.0,1,-0.01311234,0.05008546,0.47087984,-0.34084131,14
TNG50-1,50,1.0,106001,0.04721612,-0.10423029,0.98761983,-1.28882822,0
TNG50-1,50,1.0,106001,-0.01321828,-0.00682369,0.98761983,-1.28882822,1
TNG50-1,50,1.0,106001,-0.01431567,0.07238565,0.98761983,-1.28882822,2
TNG50-1,50,1.0,106001,-0.07258527,0.08373423,0.98761983,-1.28882822,3
TNG50-1,50,1.0,106001,0.03908701,0.01776881,0.98761983,-1.28882822,4
TNG50-1,50,1.0,106001,0.02455273,0.09810028,0.98761983,-1.28882822,5
TNG50-1,50,1.0,106001,0.06429987,-0.00214705,0.98761983,-1.28882822,6
TNG50-1,50,1.0,106001,-0.01054149,0.04766518,0.98761983,-1.28882822,7
TNG50-1,50,1.0,106001,-0.00708896,-0.02256154,0.98761983,-1.28882822,8
TNG50-1,50,1.0,106001,0.00850228,-0.02572994,0.98761983,-1.28882822,9
TNG50-1,50,1.0,106001,0.04459488,-0.03387546,0.98761983,-1.28882822,10
TNG50-1,50,1.0,106001,-0.07351078,-0.10302645,0.98761983,-1.28882822,11
TNG50-1,50,1.0,106001,0.03680281,0.06435461,0.98761983,-1.28882822,12
TNG50-1,50,1.0,106001,-0.00102478,-0.03208162,0.98761983,-1.28882822,13
TNG50-1,50,1.0,106001,-0.05293186,-0.04007194,0.98761983,-1.28882822,14
TNG50-1,50,1.0,144904,-0.05899858,-0.13334587,0.9816532,-1.32752369,0
TNG50-1,50,1.0,144904,-0.01021797,-0.00333943,0.9816532,-1.32752369,1
TNG50-1,50,1.0,144904,0.08817462,0.10416055,0.9816532,-1.32752369,2
TNG50-1,50,1.0,144904,0.10468894,0.06630645,0.9816532,-1.32752369,3
TNG50-1,50,1.0,144904,-0.08304334,-0.09235448,0.9816532,-1.32752369,4
TNG50-1,50,1.0,144904,-0.0177224,-0.01567129,0.9816532,-1.32752369,5
TNG50-1,50,1.0,144904,-0.05171789,-0.06007597,0.9816532,-1.32752369,6
TNG50-1,50,1.0,144904,0.04941689,0.08555508,0.9816532,-1.32752369,7
TNG50-1,50,1.0,144904,0.01432968,0.01221391,0.9816532,-1.32752369,8
TNG50-1,50,1.0,144904,-0.03182847,-0.03838978,0.9816532,-1.32752369,9
TNG50-1,50,1.0,144904,0.00362865,0.0017079,0.9816532,-1.32752369,10
TNG50-1,50,1.0,144904,-0.02387093,-0.13036828,0.9816532,-1.32752369,11
TNG50-1,50,1.0,144904,0.0807123,-0.05424807,0.9816532,-1.32752369,12
TNG50-1,50,1.0,144904,0.02734798,0.00182219,0.9816532,-1.32752369,13
TNG50-1,50,1.0,144904,0.03349117,0.04228377,0.9816532,-1.32752369,14
TNG50-1,50,1.0,25240,-0.09706571,0.02770807,0.38219255,0.87923705,0
TNG50-1,50,1.0,25240,-0.01905777,-0.03743412,0.38219255,0.87923705,1
TNG50-1,50,1.0,25240,0.05048429,0.00683496,0.38219255,0.87923705,2
TNG50-1,50,1.0,25240,-0.07257267,0.07452208,0.38219255,0.87923705,3
TNG50-1,50,1.0,25240,0.01145914,-0.04156828,0.38219255,0.87923705,4
TNG50-1,50,1.0,25240,0.00329873,0.00725834,0.38219255,0.87923705,5
TNG50-1,50,1.0,25240,0.08571902,-0.00965803,0.38219255,0.87923705,6
TNG50-1,50,1.0,25240,-0.01150681,-0.00315025,0.38219255,0.87923705,7
TNG50-1,50,1.0,25240,-0.00858003,-0.08153288,0.38219255,0.87923705,8
TNG50-1,50,1.0,25240,0.04274799,0.07053814,0.38219255,0.87923705,9
TNG50-1,50,1.0,25240,-0.06631743,-0.0387176,0.38219255,0.87923705,10
TNG50-1,50,1.0,25240,-0.01104416,0.0513036,0.38219255,0.87923705,11
TNG50-1,50,1.0,25240,-0.02278625,-0.03106883,0.38219255,0.87923705,12
TNG50-1,50,1.0,25240,-0.00694559,-0.03127523,0.38219255,0.87923705,13
TNG50-1,50,1.0,25240,0.04242032,0.06065616,0.38219255,0.87923705,14
TNG50-1,50,1.0,114772,0.04969423,0.04469092,1.35087046,-0.169417,0
TNG50-1,50,1.0,114772,0.01043329,-0.03314261,1.35087046,-0.169417,1
TNG50-1,50,1.0,114772,0.03805753,-0.00631185,1.35087046,-0.169417,2
TNG50-1,50,1.0,114772,-0.01442764,0.00051434,1.35087046,-0.169417,3
TNG50-1,50,1.0,114772,-0.00041838,0.04322926,1.35087046,-0.169417,4
TNG50-1,50,1.0,114772,-0.03308122,-0.00499227,1.35087046,-0.169417,5
TNG50-1,50,1.0,114772,0.04520325,0.09041495,1.35087046,-0.169417,6
TNG50-1,50,1.0,114772,-0.03467067,-0.00782693,1.35087046,-0.169417,7
TNG50-1,50,1.0,114772,0.07425782,-0.01188418,1.35087046,-0.169417,8
TNG50-1,50,1.0,114772,-0.01579171,-0.00855161,1.35087046,-0.169417,9
TNG50-1,50,1.0,114772,0.00102543,-0.06583207,1.35087046,-0.169417,10
TNG50-1,50,1.0,114772,0.0379364,-0.05183634,1.35087046,-0.169417,11
TNG50-1,50,1.0,114772,0.00119322,-0.02653334,1.35087046,-0.169417,12
TNG50-1,50,1.0,114772,-0.01489542,0.05679149,1.35087046,-0.169417,13
TNG50-1,50,1.0,114772,-0.00150117,-0.0016563,1.35087046,-0.169417,14
TNG50-1,50,1.0,133837,-0.02423221,0.00061727,1.2193214,1.35303523,0
TNG50-1,50,1.0,133837,0.06132674,-0.05571948,1.2193214,1.35303523,1
TNG50-1,50,1.0,133837,0.07755886,-0.04917902,1.2193214,1.35303523,2
TNG50-1,50,1.0,133837,0.06276912,-0.028155,1.2193214,1.35303523,3
TNG50-1,50,1.0,133837,-0.0426545,0.02385598,1.2193214,1.35303523,4
TNG50-1,50,1.0,133837,-0.02476243,-0.01610113,1.2193214,1.35303523,5
TNG50-1,50,1.0,133837,0.0906868,-0.03242091,1.2193214,1.35303523,6
TNG50-1,50,1.0,133837,0.01205698,0.00257773,1.2193214,1.35303523,7
TNG50-1,50,1.0,133837,-0.01338135,-0.05734814,1.2193214,1.35303523,8
TNG50-1,50,1.0,133837,0.0359174,0.02144016,1.2193214,1.35303523,9
TNG50-1,50,1.0,133837,0.05036495,0.05656934,1.2193214,1.35303523,10
TNG50-1,50,1.0,133837,-0.02857248,-0.0039602,1.2193214,1.35303523,11
TNG50-1,50,1.0,133837,0.010972,-0.01013245,1.2193214,1.35303523,12
TNG50-1,50,1.0,133837,0.046328,0.01867202,1.2193214,1.35303523,13
TNG50-1,50,1.0,133837,-0.05801436,-0.10142347,1.2193214,1.35303523,14
TNG50-1,50,1.0,94859,0.02684087,-0.04779413,0.87042694,0.3525527,0
TNG50-1,50,1.0,94859,0.15509429,0.00371218,0.87042694,0.3525527,1
TNG50-1,50,1.0,94859,-0.00613381,-0.042889,0.87042694,0.3525527,2
TNG50-1,50,1.0,94859,-0.00595625,-0.0273224,0.87042694,0.3525527,3
TNG50-1,50,1.0,94859,0.03718035,0.07430753,0.87042694,0.3525527,4
TNG50-1,50,1.0,94859,0.08226663,0.00517286,0.87042694,0.3525527,5
TNG50-1,50,1.0,94859,0.04874839,-0.02796012,0.87042694,0.3525527,6
TNG50-1,50,1.0,94859,-0.10778034,-0.0572614,0.87042694,0.3525527,7
TNG50-1,50,1.0,94859,0.02816994,-0.09358507,0.87042694,0.3525527,8
TNG50-1,50,1.0,94859,0.12859651,-0.06256403,0.87042694,0.3525527,9
TNG50-1,50,1.0,94859,0.03112205,0.00559796,0.87042694,0.3525527,10
TNG50-1,50,1.0,94859,-0.0577301,0.04901169,0.87042694,0.3525527,11
TNG50-1,50,1.0,94859,0.01409148,-0.02801757,0.87042694,0.3525527,12
TNG50-1,50,1.0,94859,-0.06403436,0.07852718,0.87042694,0.3525527,13
TNG50-1,50,1.0,94859,0.06164018,-0.03587502,0.87042694,0.3525527,14
TNG50-1,50,1.0,118813,-0.01190059,-0.02661889,1.23626062,-1.46028772,0
TNG50-1,50,1.0,118813,-0.05397884,-0.04599901,1.23626062,-1.46028772,1
TNG50-1,50,1.0,118813,0.04953809,0.04884821,1.23626062,-1.46028772,2
TNG50-1,50,1.0,118813,0.10487553,-0.06858878,1.23626062,-1.46028772,3
TNG50-1,50,1.0,118813,-0.08809085,-0.0126287,1.23626062,-1.46028772,4
TNG50-1,50,1.0,118813,-0.0173081,0.00513449,1.23626062,-1.46028772,5
TNG50-1,50,1.0,118813,0.06323899,-0.02515013,1.23626062,-1.46028772,6
TNG50-1,50,1.0,118813,-0.07234728,0.01399101,1.23626062,-1.46028772,7
TNG50-1,50,1.0,118813,0.0283342,0.12822567,1.23626062,-1.46028772,8
TNG50-1,50,1.0,118813,0.06107361,-0.00607993,1.23626062,-1.46028772,9
TNG50-1,50,1.0,118813,0.00391144,-0.02177028,1.23626062,-1.46028772,10
TNG50-1,50,1.0,118813,0.02751315,0.05076659,1.23626062,-1.46028772,11
TNG50-1,50,1.0,118813,0.08804512,0.01197918,1.23626062,-1.46028772,12
TNG50-1,50,1.0,118813,0.09742133,0.07196679,1.23626062,-1.46028772,13
TNG50-1,50,1.0,118813,-0.00309836,0.00823438,1.23626062,-1.46028772,14
TNG50-1,50,1.0,2,-0.01242116,-0.01174647,0.76634306,-1.07592215,0
TNG50-1,50,1.0,2,-0.08918624,0.03207165,0.76634306,-1.07592215,1
TNG50-1,50,1.0,2,-0.08098673,0.00044659,0.76634306,-1.07592215,2
TNG50-1,50,1.0,2,-0.09178493,0.01915066,0.76634306,-1.07592215,3
TNG50-1,50,1.0,2,0.01896696,-0.0408424,0.76634306,-1.07592215,4
TNG50-1,50,1.0,2,-0.06811247,0.10351993,0.76634306,-1.07592215,5
TNG50-1,50,1.0,2,0.06277887,-0.028981,0.76634306,-1.07592215,6
TNG50-1,50,1.0,2,0.00151233,0.07780082,0.76634306,-1.07592215,7
TNG50-1,50,1.0,2,-0.01220935,-0.00944344,0.76634306,-1.07592215,8
TNG50-1,50,1.0,2,-0.04219275,0.04035486,0.76634306,-1.07592215,9
TNG50-1,50,1.0,2,0.03111294,0.03671117,0.76634306,-1.07592215,10
TNG50-1,50,1.0,2,-0.04022489,0.05734259,0.76634306,-1.07592215,11
TNG50-1,50,1.0,2,-0.0492689,-0.04203119,0.76634306,-1.07592215,12
TNG50-1,50,1.0,2,0.0594175,0.05378177,0.76634306,-1.07592215,13
TNG50-1,50,1.0,2,0.01773106,0.09232199,0.76634306,-1.07592215,14
TNG50-1,50,1.0,141965,-0.01293465,0.03424773,1.22025828,-0.92419438,0
TNG50-1,50,1.0,141965,0.0017353,0.0161737,1.22025828,-0.92419438,1
TNG50-1,50,1.0,141965,-0.02617233,-0.00287773,1.22025828,-0.92419438,2
TNG50-1,50,1.0,141965,-0.01732181,-0.01951822,1.22025828,-0.92419438,3
TNG50-1,50,1.0,141965,0.08557114,-0.0447377,1.22025828,-0.92419438,4
TNG50-1,50,1.0,141965,-0.05021173,0.03638565,1.22025828,-0.92419438,5
TNG50-1,50,1.0,141965,-0.04710594,-0.0585545,1.22025828,-0.92419438,6
TNG50-1,50,1.0,141965,0.08054505,0.0255948,1.22025828,-0.92419438,7
TNG50-1,50,1.0,141965,0.03122742,0.10372257,1.22025828,-0.92419438,8
TNG50-1,50,1.0,141965,0.10601851,0.07427607,1.22025828,-0.92419438,9
TNG50-1,50,1.0,141965,-0.02252193,-0.0752564,1.22025828,-0.92419438,10
TNG50-1,50,1.0,141965,0.00631406,-0.0268369,1.22025828,-0.92419438,11
TNG50-1,50,1.0,141965,-0.03303385,0.02107254,1.22025828,-0.92419438,12
TNG50-1,50,1.0,141965,0.00716506,-0.0035141,1.22025828,-0.92419438,13
TNG50-1,50,1.0,141965,-0.08870483,-0.06997029,1.22025828,-0.92419438,14
TNG50-1,50,1.0,110862,0.0192658,-0.01245174,1.31781226,1.4945688,0
TNG50-1,50,1.0,110862,-0.00050084,-0.05648977,1.31781226,1.4945688,1
TNG50-1,50,1.0,110862,0.09571627,-0.03241792,1.31781226,1.4945688,2
TNG50-1,50,1.0,110862,-0.01266144,0.08790555,1.31781226,1.4945688,3
TNG50-1,50,1.0,110862,0.05840017,0.00364624,1.31781226,1.4945688,4
TNG50-1,50,1.0,110862,-0.06335442,-0.05011539,1.31781226,1.4945688,5
TNG50-1,50,1.0,110862,-0.05140046,-0.0157386,1.31781226,1.4945688,6
TNG50-1,50,1.0,110862,0.0360831,-0.07987138,1.31781226,1.4945688,7
TNG50-1,50,1.0,110862,0.05418654,-0.05070798,1.31781226,1.4945688,8
TNG50-1,50,1.0,110862,-0.04786964,0.06801699,1.31781226,1.4945688,9
TNG50-1,50,1.0,110862,0.00120387,-0.00712412,1.31781226,1.4945688,10
TNG50-1,50,1.0,110862,-0.06907896,0.09453651,1.31781226,1.4945688,11
TNG50-1,50,1.0,110862,-0.00906099,-0.00476739,1.31781226,1.4945688,12
TNG50-1,50,1.0,110862,0.04184614,-0.00179893,1.31781226,1.4945688,13
TNG50-1,50,1.0,110862,-0.02174792,0.03204471,1.31781226,1.4945688,14
TNG50-1,50,1.0,146546,-0.13362938,0.05464358,1.22638174,-0.88371674,0
TNG50-1,50,1.0,146546,0.01024697,0.03918025,1.22638174,-0.88371674,1
TNG50-1,50,1.0,146546,-0.00244932,0.07097317,1.22638174,-0.88371674,2
TNG50-1,50,1.0,146546,0.07430194,0.03043412,1.22638174,-0.88371674,3
TNG50-1,50,1.0,146546,0.04823397,0.00838257,1.22638174,-0.88371674,4
TNG50-1,50,1.0,146546,-0.05668458,0.0619586,1.22638174,-0.88371674,5
TNG50-1,50,1.0,146546,0.06210693,-0.00454481,1.22638174,-0.88371674,6
TNG50-1,50,1.0,146546,-0.01311573,0.00166233,1.22638174,-0.88371674,7
TNG50-1,50,1.0,146546,-0.04522266,0.08607885,1.22638174,-0.88371674,8
TNG50-1,50,1.0,146546,0.00985516,0.08109621,1.22638174,-0.88371674,9
TNG50-1,50,1.0,146546,-0.01013847,-0.00040879,1.22638174,-0.88371674,10
TNG50-1,50,1.0,146546,0.07692327,-0.02267758,1.22638174,-0.88371674,11
TNG50-1,50,1.0,146546,0.0170311,0.07315868,1.22638174,-0.88371674,12
TNG50-1,50,1.0,146546,0.01028295,0.04002092,1.22638174,-0.88371674,13
TNG50-1,50,1.0,146546,0.04503235,0.01577906,1.22638174,-0.88371674,14
TNG50-1,50,1.0,167854,-0.01609364,0.00730658,1.03279144,0.04949792,0
TNG50-1,50,1.0,167854,0.01658483,0.1296774,1.03279144,0.04949792,1
TNG50-1,50,1.0,167854,-0.00108542,0.07286354,1.03279144,0.04949792,2
TNG50-1,50,1.0,167854,-0.03321691,0.03555751,1.03279144,0.04949792,3
TNG50-1,50,1.0,167854,0.00645212,0.01245853,1.03279144,0.04949792,4
TNG50-1,50,1.0,167854,0.0132712,0.00818611,1.03279144,0.04949792,5
TNG50-1,50,1.0,167854,-0.01876975,-0.05018447,1.03279144,0.04949792,6
TNG50-1,50,1.0,167854,0.04519128,-0.08694936,1.03279144,0.04949792,7
TNG50-1,50,1.0,167854,0.06444162,-0.04362796,1.03279144,0.04949792,8
TNG50-1,50,1.0,167854,0.04849488,-0.00238585,1.03279144,0.04949792,9
TNG50-1,50,1.0,167854,-0.01381242,-0.10527696,1.03279144,0.04949792,10
TNG50-1,50,1.0,167854,0.03779108,-0.02721609,1.03279144,0.04949792,11
TNG50-1,50,1.0,167854,0.00389807,-0.01238065,1.03279144,0.04949792,12
TNG50-1,50,1.0,167854,-0.0617873,-0.01077133,1.03279144,0.04949792,13
TNG50-1,50,1.0,167854,0.03363647,-0.03308618,1.03279144,0.04949792,14
TNG50-1,50,1.0,153494,-0.01707569,0.043399,1.25280768,1.37029024,0
TNG50-1,50,1.0,153494,0.08619469,0.02256147,1.25280768,1.37029024,1
TNG50-1,50,1.0,153494,0.03310726,0.11148976,1.25280768,1.37029024,2
TNG50-1,50,1.0,153494,-0.02801504,0.06255547,1.25280768,1.37029024,3
TNG50-1,50,1.0,153494,-0.00341739,0.0724467,1.25280768,1.37029024,4
TNG50-1,50,1.0,153494,-0.00141567,0.1400043,1.25280768,1.37029024,5
TNG50-1,50,1.0,153494,-0.03839777,0.03790781,1.25280768,1.37029024,6
TNG50-1,50,1.0,153494,-0.03845651,0.00815351,1.25280768,1.37029024,7
TNG50-1,50,1.0,153494,0.0505262,0.04868701,1.25280768,1.37029024,8
TNG50-1,50,1.0,153494,-0.02098922,-0.02796182,1.25280768,1.37029024,9
TNG50-1,50,1.0,153494,-0.05473482,0.00538432,1.25280768,1.37029024,10
TNG50-1,50,1.0,153494,-0.00215702,-0.03238638,1.25280768,1.37029024,11
TNG50-1,50,1.0,153494,0.00590049,0.01989923,1.25280768,1.37029024,12
TNG50-1,50,1.0,153494,-0.09863521,-0.03259545,1.25280768,1.37029024,13
TNG50-1,50,1.0,153494,-0.00203732,-0.03434642,1.25280768,1.37029024,14
TNG50-1,50,1.0,101009,0.02067366,0.01880477,1.2879593,1.49914517,0
TNG50-1,50,1.0,101009,-0.00688557,0.06355359,1.2879593,1.49914517,1
TNG50-1,50,1.0,101009,-0.09637606,-0.11728941,1.2879593,1.49914517,2
TNG50-1,50,1.0,101009,-0.07277785,-0.01452316,1.2879593,1.49914517,3
TNG50-1,50,1.0,101009,-0.05736332,-0.01528952,1.2879593,1.49914517,4
TNG50-1,50,1.0,101009,-0.0441486,0.05763414,1.2879593,1.49914517,5
TNG50-1,50,1.0,101009,0.02072117,0.07856975,1.2879593,1.49914517,6
TNG50-1,50,1.0,101009,0.01094694,-0.07250897,1.2879593,1.49914517,7
TNG50-1,50,1.0,101009,0.05326397,0.07055836,1.2879593,1.49914517,8
TNG50-1,50,1.0,101009,0.03764009,-0.05857226,1.2879593,1.49914517,9
TNG50-1,50,1.0,101009,0.05359515,-0.05706076,1.2879593,1.49914517,10
TNG50-1,50,1.0,101009,0.03041981,-0.01171429,1.2879593,1.49914517,11
TNG50-1,50,1.0,101009,0.01048397,-0.01591032,1.2879593,1.49914517,12
TNG50-1,50,1.0,101009,0.05496759,-0.07792086,1.2879593,1.49914517,13
TNG50-1,50,1.0,101009,0.04597064,0.0324939,1.2879593,1.49914517,14
TNG50-1,50,1.0,123137,0.03397012,-0.01181332,0.52188501,-0.82824812,0
TNG50-1,50,1.0,123137,0.05270208,-0.02265974,0.52188501,-0.82824812,1
TNG50-1,50,1.0,123137,-0.02167277,-0.00828825,0.52188501,-0.82824812,2
TNG50-1,50,1.0,123137,-0.00197914,-0.00037182,0.52188501,-0.82824812,3
TNG50-1,50,1.0,123137,-0.00152136,-0.08701598,0.52188501,-0.82824812,4
TNG50-1,50,1.0,123137,0.08439977,0.0230777,0.52188501,-0.82824812,5
TNG50-1,50,1.0,123137,-0.14171224,-0.02255006,0.52188501,-0.82824812,6
TNG50-1,50,1.0,123137,-0.04784722,0.06307675,0.52188501,-0.82824812,7
TNG50-1,50,1.0,123137,0.00027704,0.02955267,0.52188501,-0.82824812,8
TNG50-1,50,1.0,123137,-0.05427851,0.05850332,0.52188501,-0.82824812,9
TNG50-1,50,1.0,123137,-0.01291602,-0.05055019,0.52188501,-0.82824812,10
TNG50-1,50,1.0,123137,-0.00630378,-0.01856933,0.52188501,-0.82824812,11
TNG50-1,50,1.0,123137,-0.03288431,-0.06212292,0.52188501,-0.82824812,12
TNG50-1,50,1.0,123137,0.00322345,-0.03525956,0.52188501,-0.82824812,13
TNG50-1,50,1.0,123137,0.03140746,0.06260527,0.52188501,-0.82824812,14
TNG50-1,50,1.0,183225,0.07437453,0.0142603,1.12683433,-1.4164887,0
TNG50-1,50,1.0,183225,-0.05740666,-0.03235083,1.12683433,-1.4164887,1
TNG50-1,50,1.0,183225,-0.02291388,0.00188614,1.12683433,-1.4164887,2
TNG50-1,50,1.0,183225,-0.00380978,0.01915845,1.12683433,-1.4164887,3
TNG50-1,50,1.0,183225,0.02928028,0.08591186,1.12683433,-1.4164887,4
TNG50-1,50,1.0,183225,-0.08799051,0.03931618,1.12683433,-1.4164887,5
TNG50-1,50,1.0,183225,-0.08015,0.06072784,1.12683433,-1.4164887,6
TNG50-1,50,1.0,183225,0.02448131,-0.03053037,1.12683433,-1.4164887,7
TNG50-1,50,1.0,183225,-0.09745193,-0.02620915,1.12683433,-1.4164887,8
TNG50-1,50,1.0,183225,-0.02233987,-0.011769,1.12683433,-1.4164887,9
TNG50-1,50,1.0,183225,0.00810459,-0.00717863,1.12683433,-1.4164887,10
TNG50-1,50,1.0,183225,0.0207833,-0.05040125,1.12683433,-1.4164887,11
TNG50-1,50,1.0,183225,-0.0070859,0.06329668,1.12683433,-1.4164887,12
TNG50-1,50,1.0,183225,-0.01828784,0.04416758,1.12683433,-1.4164887,13
TNG50-1,50,1.0,183225,0.04222854,-0.01528389,1.12683433,-1.4164887,14
TNG50-1,50,1.0,186226,0.03208553,-0.00161956,1.09030204,-1.08824194,0
TNG50-1,50,1.0,186226,0.01114496,0.05520917,1.09030204,-1.08824194,1
TNG50-1,50,1.0,186226,0.0359914,-0.02950552,1.09030204,-1.08824194,2
TNG50-1,50,1.0,186226,-0.06721536,-0.00701419,1.09030204,-1.08824194,3
TNG50-1,50,1.0,186226,-0.00728305,-0.05446291,1.09030204,-1.08824194,4
TNG50-1,50,1.0,186226,-0.00290193,0.0709453,1.09030204,-1.08824194,5
TNG50-1,50,1.0,186226,0.0311821,0.01962495,1.09030204,-1.08824194,6
TNG50-1,50,1.0,186226,-0.03142188,-0.03537616,1.09030204,-1.08824194,7
TNG50-1,50,1.0,186226,-0.12499654,-0.00572275,1.09030204,-1.08824194,8
TNG50-1,50,1.0,186226,-0.05408499,0.02548254,1.09030204,-1.08824194,9
TNG50-1,50,1.0,186226,-0.0030524,-0.01253595,1.09030204,-1.08824194,10
TNG50-1,50,1.0,186226,0.00319421,-0.02672353,1.09030204,-1.08824194,11
TNG50-1,50,1.0,186226,0.08418741,-0.03271368,1.09030204,-1.08824194,12
TNG50-1,50,1.0,186226,0.02913732,0.01694809,1.09030204,-1.08824194,13
TNG50-1,50,1.0,186226,0.00407651,-0.01790271,1.09030204,-1.08824194,14
TNG50-1,50,1.0,178021,-0.02268789,0.00480286,1.354369,-1.37184404,0
TNG50-1,50,1.0,178021,-0.06680309,-0.04827283,1.354369,-1.37184404,1
TNG50-1,50,1.0,178021,0.00388203,-0.08304959,1.354369,-1.37184404,2
TNG50-1,50,1.0,178021,-0.00906117,0.04097031,1.354369,-1.37184404,3
TNG50-1,50,1.0,178021,-0.01608242,-0.02372073,1.354369,-1.37184404,4
TNG50-1,50,1.0,178021,0.00993853,-0.04185168,1.354369,-1.37184404,5
TNG50-1,50,1.0,178021,0.03740011,-0.05469236,1.354369,-1.37184404,6
TNG50-1,50,1.0,178021,0.03507827,0.0211518,1.354369,-1.37184404,7
TNG50-1,50,1.0,178021,0.02763643,0.06874539,1.354369,-1.37184404,8
TNG50-1,50,1.0,178021,-0.01203351,-0.02015369,1.354369,-1.37184404,9
TNG50-1,50,1.0,178021,-0.02834992,-0.01077817,1.354369,-1.37184404,10
TNG50-1,50,1.0,178021,-0.05219578,0.05358159,1.354369,-1.37184404,11
TNG50-1,50,1.0,178021,-0.02965783,-0.09052229,1.354369,-1.37184404,12
TNG50-1,50,1.0,178021,0.0009825,0.09834343,1.354369,-1.37184404,13
TNG50-1,50,1.0,178021,-0.03931431,0.12220502,1.354369,-1.37184404,14
TNG50-1,50,1.0,189955,-0.13531688,-0.01988977,1.0933956,-0.95779544,0
TNG50-1,50,1.0,189955,-0.00487516,0.02740439,1.0933956,-0.95779544,1
TNG50-1,50,1.0,189955,-0.03594735,0.0886395,1.0933956,-0.95779544,2
TNG50-1,50,1.0,189955,-0.01323859,0.02899669,1.0933956,-0.95779544,3
TNG50-1,50,1.0,189955,-0.02091925,-0.07591826,1.0933956,-0.95779544,4
TNG50-1,50,1.0,189955,0.04058795,-0.06920617,1.0933956,-0.95779544,5
TNG50-1,50,1.0,189955,-0.0056285,-0.01994824,1.0933956,-0.95779544,6
TNG50-1,50,1.0,189955,-0.04554536,-0.01341166,1.0933956,-0.95779544,7
TNG50-1,50,1.0,189955,-0.00860926,-0.08609756,1.0933956,-0.95779544,8
TNG50-1,50,1.0,189955,0.02573921,0.04096705,1.0933956,-0.95779544,9
TNG50-1,50,1.0,189955,-0.05918607,-0.05431603,1.0933956,-0.95779544,10
TNG50-1,50,1.0,189955,-0.08231168,0.07466508,1.0933956,-0.95779544,11
TNG50-1,50,1.0,189955,0.09963714,0.09103163,1.0933956,-0.95779544,12
TNG50-1,50,1.0,189955,-0.03212133,-0.01241268,1.0933956,-0.95779544,13
TNG50-1,50,1.0,189955,-0.00686765,0.02194863,1.0933956,-0.95779544,14
TNG50-1,50,1.0,158267,-0.06159736,-0.01718643,1.17614397,0.21541811,0
TNG50-1,50,1.0,158267,0.03118382,0.04006786,1.17614397,0.21541811,1
TNG50-1,50,1.0,158267,-0.02490962,0.07499134,1.17614397,0.21541811,2
TNG50-1,50,1.0,158267,-0.05436177,0.05952624,1.17614397,0.21541811,3
TNG50-1,50,1.0,158267,-0.01446675,-0.02024282,1.17614397,0.21541811,4
TNG50-1,50,1.0,158267,-0.0232874,0.00921276,1.17614397,0.21541811,5
TNG50-1,50,1.0,158267,-0.01625797,-0.03910389,1.17614397,0.21541811,6
TNG50-1,50,1.0,158267,0.047484,-0.04957752,1.17614397,0.21541811,7
TNG50-1,50,1.0,158267,-0.03926538,-0.05731505,1.17614397,0.21541811,8
TNG50-1,50,1.0,158267,0.08675115,-0.02187867,1.17614397,0.21541811,9
TNG50-1,50,1.0,158267,-0.06625298,0.01248028,1.17614397,0.21541811,10
TNG50-1,50,1.0,158267,0.08077151,-0.09559076,1.17614397,0.21541811,11
TNG50-1,50,1.0,158267,-0.05082553,-0.00231769,1.17614397,0.21541811,12
TNG50-1,50,1.0,158267,-5.066e-05,0.07580126,1.17614397,0.21541811,13
TNG50-1,50,1.0,158267,-0.02450981,0.05609555,1.17614397,0.21541811,14
TNG50-1,50,1.0,179342,-0.0292592,0.05040251,0.84394403,1.29574611,0
TNG50-1,50,1.0,179342,-0.06984365,-0.02969477,0.84394403,1.29574611,1
TNG50-1,50,1.0,179342,0.02299152,-0.05019313,0.84394403,1.29574611,2
TNG50-1,50,1.0,179342,-0.11587141,-0.06842457,0.84394403,1.29574611,3
TNG50-1,50,1.0,179342,0.05550771,0.07366122,0.84394403,1.29574611,4
TNG50-1,50,1.0,179342,-0.01067937,-0.03890871,0.84394403,1.29574611,5
TNG50-1,50,1.0,179342,0.09156502,0.07401149,0.84394403,1.29574611,6
TNG50-1,50,1.0,179342,-0.08634827,0.0262536,0.84394403,1.29574611,7
TNG50-1,50,1.0,179342,0.04590731,0.01649514,0.84394403,1.29574611,8
TNG50-1,50,1.0,179342,-0.00502544,-0.01534342,0.84394403,1.29574611,9
TNG50-1,50,1.0,179342,-0.01655253,0.03303365,0.84394403,1.29574611,10
TNG50-1,50,1.0,179342,-0.06849217,-0.00077354,0.84394403,1.29574611,11
TNG50-1,50,1.0,179342,0.0297874,-0.01846066,0.84394403,1.29574611,12
TNG50-1,50,1.0,179342,0.03380687,0.03480024,0.84394403,1.29574611,13
TNG50-1,50,1.0,179342,0.08925639,-0.00719861,0.84394403,1.29574611,14
TNG50-1,50,1.0,151037,-0.03991674,-0.00238388,1.22775401,0.11692657,0
TNG50-1,50,1.0,151037,0.02999134,0.08842127,1.22775401,0.11692657,1
TNG50-1,50,1.0,151037,-0.00319928,-0.0699196,1.22775401,0.11692657,2
TNG50-1,50,1.0,151037,0.0244455,0.02590924,1.22775401,0.11692657,3
TNG50-1,50,1.0,151037,-0.02269299,0.10355413,1.22775401,0.11692657,4
TNG50-1,50,1.0,151037,-0.06045607,0.00148754,1.22775401,0.11692657,5
TNG50-1,50,1.0,151037,0.0867537,-0.01320022,1.22775401,0.11692657,6
TNG50-1,50,1.0,151037,0.07733057,-0.0583876,1.22775401,0.11692657,7
TNG50-1,50,1.0,151037,0.04418925,0.05411715,1.22775401,0.11692657,8
TNG50-1,50,1.0,151037,-0.01939053,-0.0385064,1.22775401,0.11692657,9
TNG50-1,50,1.0,151037,-0.0150159,-0.00474043,1.22775401,0.11692657,10
TNG50-1,50,1.0,151037,0.06911637,-0.06172511,1.22775401,0.11692657,11
TNG50-1,50,1.0,151037,-0.0176915,0.07784473,1.22775401,0.11692657,12
TNG50-1,50,1.0,151037,-0.0316278,0.05774427,1.22775401,0.11692657,13
TNG50-1,50,1.0,151037,0.09361173,-0.00157924,1.22775401,0.11692657,14
TNG50-1,50,1.0,138975,-0.05770745,0.01922147,0.47425872,0.39580787,0
TNG50-1,50,1.0,138975,0.07679535,-0.07827636,0.47425872,0.39580787,1
TNG50-1,50,1.0,138975,-0.01829659,0.07600531,0.47425872,0.39580787,2
TNG50-1,50,1.0,138975,-0.05526024,-0.02386033,0.47425872,0.39580787,3
TNG50-1,50,1.0,138975,-0.0881059,0.05252668,0.47425872,0.39580787,4
TNG50-1,50,1.0,138975,-0.03229826,-0.00615901,0.47425872,0.39580787,5
TNG50-1,50,1.0,138975,-0.07273191,0.03057897,0.47425872,0.39580787,6
TNG50-1,50,1.0,138975,-0.03114104,0.03355062,0.47425872,0.39580787,7
TNG50-1,50,1.0,138975,0.03722044,-0.02262202,0.47425872,0.39580787,8
TNG50-1,50,1.0,138975,-0.01877001,0.05459532,0.47425872,0.39580787,9
TNG50-1,50,1.0,138975,0.01778467,-0.03794924,0.47425872,0.39580787,10
TNG50-1,50,1.0,138975,-0.03616673,0.03889671,0.47425872,0.39580787,11
TNG50-1,50,1.0,138975,0.00325845,-0.01951026,0.47425872,0.39580787,12
TNG50-1,50,1.0,138975,0.09604504,0.0174779,0.47425872,0.39580787,13
TNG50-1,50,1.0,138975,-0.0174243,-0.02309965,0.47425872,0.39580787,14
TNG50-1,50,1.0,181044,0.0024988,-0.12788399,0.3947583,-0.93661165,0
TNG50-1,50,1.0,181044,-0.05373469,-0.01996455,0.3947583,-0.93661165,1
TNG50-1,50,1.0,181044,0.01237785,-0.06892821,0.3947583,-0.93661165,2
TNG50-1,50,1.0,181044,0.00220939,-0.01183028,0.3947583,-0.93661165,3
TNG50-1,50,1.0,181044,-0.02700768,0.01028283,0.3947583,-0.93661165,4
TNG50-1,50,1.0,181044,-0.0027514,0.04602072,0.3947583,-0.93661165,5
TNG50-1,50,1.0,181044,0.00670022,-0.0569132,0.3947583,-0.93661165,6
TNG50-1,50,1.0,181044,-0.03081785,0.01998153,0.3947583,-0.93661165,7
TNG50-1,50,1.0,181044,-0.00643793,0.00071948,0.3947583,-0.93661165,8
TNG50-1,50,1.0,181044,-0.0502776,0.01737547,0.3947583,-0.93661165,9
TNG50-1,50,1.0,181044,0.11728665,-0.0259886,0.3947583,-0.93661165,10
TNG50-1,50,1.0,181044,0.05295593,0.06915676,0.3947583,-0.93661165,11
TNG50-1,50,1.0,181044,0.01365471,-0.00517543,0.3947583,-0.93661165,12
TNG50-1,50,1.0,181044,0.05860565,0.08870911,0.3947583,-0.93661165,13
TNG50-1,50,1.0,181044,-0.09896262,-0.03951943,0.3947583,-0.93661165,14
TNG50-1,50,1.0,94860,0.03714137,0.08242874,1.31724819,0.94431129,0
TNG50-1,50,1.0,94860,-0.00298342,0.11197514,1.31724819,0.94431129,1
TNG50-1,50,1.0,94860,-0.01638712,0.02391404,1.31724819,0.94431129,2
TNG50-1,50,1.0,94860,0.03161577,-0.00054319,1.31724819,0.94431129,3
TNG50-1,50,1.0,94860,-0.01495867,-0.06474835,1.31724819,0.94431129,4
TNG50-1,50,1.0,94860,-0.13309827,0.07732169,1.31724819,0.94431129,5
TNG50-1,50,1.0,94860,-0.15314341,0.00381534,1.31724819,0.94431129,6
TNG50-1,50,1.0,94860,0.06362111,-0.01445822,1.31724819,0.94431129,7
TNG50-1,50,1.0,94860,0.06151292,0.0240587,1.31724819,0.94431129,8
TNG50-1,50,1.0,94860,0.09436705,-0.02928558,1.31724819,0.94431129,9
TNG50-1,50,1.0,94860,-0.00087641,0.00734376,1.31724819,0.94431129,10
TNG50-1,50,1.0,94860,-0.06463174,-0.07212334,1.31724819,0.94431129,11
TNG50-1,50,1.0,94860,-0.02097919,0.05435436,1.31724819,0.94431129,12
TNG50-1,50,1.0,94860,0.00057123,-0.00522055,1.31724819,0.94431129,13
TNG50-1,50,1.0,94860,-0.05035191,0.05794004,1.31724819,0.94431129,14
TNG50-1,50,1.0,209967,-0.01005681,-0.05152578,1.31090636,0.37004477,0
TNG50-1,50,1.0,209967,-0.00680999,-0.00181731,1.31090636,0.37004477,1
TNG50-1,50,1.0,209967,-0.06061587,0.04970366,1.31090636,0.37004477,2
TNG50-1,50,1.0,209967,0.03798785,-0.0525588,1.31090636,0.37004477,3
TNG50-1,50,1.0,209967,-0.043792,-0.01872409,1.31090636,0.37004477,4
TNG50-1,50,1.0,209967,-0.02432112,-0.06908157,1.31090636,0.37004477,5
TNG50-1,50,1.0,209967,5.236e-05,0.0470691,1.31090636,0.37004477,6
TNG50-1,50,1.0,209967,0.00606121,-0.00461791,1.31090636,0.37004477,7
TNG50-1,50,1.0,209967,-0.08530485,-0.04250998,1.31090636,0.37004477,8
TNG50-1,50,1.0,209967,-0.01154029,0.00461328,1.31090636,0.37004477,9
TNG50-1,50,1.0,209967,0.03976151,-0.06018001,1.31090636,0.37004477,10
TNG50-1,50,1.0,209967,-0.0189169,-0.05167478,1.31090636,0.37004477,11
TNG50-1,50,1.0,209967,-0.01123659,-0.07300668,1.31090636,0.37004477,12
TNG50-1,50,1.0,209967,0.0081203,-0.05333896,1.31090636,0.37004477,13
TNG50-1,50,1.0,209967,-0.00629802,0.06786688,1.31090636,0.37004477,14
TNG50-1,50,1.0,171738,-0.03665592,-0.02085441,1.30425858,1.14396959,0
TNG50-1,50,1.0,171738,0.02331126,-0.01663783,1.30425858,1.14396959,1
TNG50-1,50,1.0,171738,-0.04181507,-0.06521161,1.30425858,1.14396959,2
TNG50-1,50,1.0,171738,0.03797669,0.0701978,1.30425858,1.14396959,3
TNG50-1,50,1.0,171738,-0.0513041,-0.07113043,1.30425858,1.14396959,4
TNG50-1,50,1.0,171738,0.0019614,-0.01001064,1.30425858,1.14396959,5
TNG50-1,50,1.0,171738,0.00264257,0.05229153,1.30425858,1.14396959,6
TNG50-1,50,1.0,171738,0.11639027,-0.00150924,1.30425858,1.14396959,7
TNG50-1,50,1.0,171738,0.03152126,-0.04896971,1.30425858,1.14396959,8
TNG50-1,50,1.0,171738,-0.0296452,-0.06743378,1.30425858,1.14396959,9
TNG50-1,50,1.0,171738,0.03425245,-0.01149996,1.30425858,1.14396959,10
TNG50-1,50,1.0,171738,0.10690872,-0.03785148,1.30425858,1.14396959,11
TNG50-1,50,1.0,171738,-0.0814818,0.01026155,1.30425858,1.14396959,12
TNG50-1,50,1.0,171738,-0.0421241,-0.07007256,1.30425858,1.14396959,13
TNG50-1,50,1.0,171738,-0.01184488,0.04065179,1.30425858,1.14396959,14
TNG50-1,50,1.0,160370,0.00577748,0.03796669,0.83405238,1.41008221,0
TNG50-1,50,1.0,160370,0.00949182,0.06912603,0.83405238,1.41008221,1
TNG50-1,50,1.0,160370,0.07205384,0.03833871,0.83405238,1.41008221,2
TNG50-1,50,1.0,160370,-0.02188977,0.08549496,0.83405238,1.41008221,3
TNG50-1,50,1.0,160370,-0.03629083,0.09254268,0.83405238,1.41008221,4
TNG50-1,50,1.0,160370,-0.02738818,0.04755826,0.83405238,1.41008221,5
TNG50-1,50,1.0,160370,-0.00962633,0.03531901,0.83405238,1.41008221,6
TNG50-1,50,1.0,160370,-0.00454824,-0.01026161,0.83405238,1.41008221,7
TNG50-1,50,1.0,160370,-0.04153489,-0.00206686,0.83405238,1.41008221,8
TNG50-1,50,1.0,160370,-0.10115426,-0.01689187,0.83405238,1.41008221,9
TNG50-1,50,1.0,160370,-0.02804645,0.03106258,0.83405238,1.41008221,10
TNG50-1,50,1.0,160370,0.01799128,-0.0360174,0.83405238,1.41008221,11
TNG50-1,50,1.0,160370,0.00681292,-0.00955531,0.83405238,1.41008221,12
TNG50-1,50,1.0,160370,0.05997772,-0.11775849,0.83405238,1.41008221,13
TNG50-1,50,1.0,160370,0.09777433,0.08615449,0.83405238,1.41008221,14
TNG50-1,50,1.0,135871,-0.01102373,0.02660881,1.29867622,-0.47783381,0
TNG50-1,50,1.0,135871,0.02277902,0.09846129,1.29867622,-0.47783381,1
TNG50-1,50,1.0,135871,0.07288933,-0.07914777,1.29867622,-0.47783381,2
TNG50-1,50,1.0,135871,0.01501467,0.08048155,1.29867622,-0.47783381,3
TNG50-1,50,1.0,135871,0.07221719,-0.02797354,1.29867622,-0.47783381,4
TNG50-1,50,1.0,135871,-0.06208689,-0.02235047,1.29867622,-0.47783381,5
TNG50-1,50,1.0,135871,0.11986883,-0.06110022,1.29867622,-0.47783381,6
TNG50-1,50,1.0,135871,0.05435551,-0.0543926,1.29867622,-0.47783381,7
TNG50-1,50,1.0,135871,0.01046012,0.02017612,1.29867622,-0.47783381,8
TNG50-1,50,1.0,135871,0.07125397,-0.0556166,1.29867622,-0.47783381,9
TNG50-1,50,1.0,135871,-0.05843174,0.03701422,1.29867622,-0.47783381,10
TNG50-1,50,1.0,135871,-0.01443074,-0.0331483,1.29867622,-0.47783381,11
TNG50-1,50,1.0,135871,0.07221252,-0.06065169,1.29867622,-0.47783381,12
TNG50-1,50,1.0,135871,-0.09335301,-0.02639046,1.29867622,-0.47783381,13
TNG50-1,50,1.0,135871,0.02802289,0.01683536,1.29867622,-0.47783381,14
TNG50-1,50,1.0,162738,-0.01386766,-0.07898593,0.53458218,-1.28623382,0
TNG50-1,50,1.0,162738,0.00171051,-0.01669444,0.53458218,-1.28623382,1
TNG50-1,50,1.0,162738,0.03481037,-0.00878264,0.53458218,-1.28623382,2
TNG50-1,50,1.0,162738,0.05412107,-0.07273219,0.53458218,-1.28623382,3
TNG50-1,50,1.0,162738,-0.01550477,-0.03033744,0.53458218,-1.28623382,4
TNG50-1,50,1.0,162738,-0.0522111,-0.02005219,0.53458218,-1.28623382,5
TNG50-1,50,1.0,162738,0.00380472,-0.0196649,0.53458218,-1.28623382,6
TNG50-1,50,1.0,162738,0.02353248,0.00759407,0.53458218,-1.28623382,7
TNG50-1,50,1.0,162738,-0.07303627,-0.03307894,0.53458218,-1.28623382,8
TNG50-1,50,1.0,162738,-0.04453041,0.07389182,0.53458218,-1.28623382,9
TNG50-1,50,1.0,162738,-0.03595934,0.02441023,0.53458218,-1.28623382,10
TNG50-1,50,1.0,162738,-0.01039111,-0.04035568,0.53458218,-1.28623382,11
TNG50-1,50,1.0,162738,-0.0380517,0.00472557,0.53458218,-1.28623382,12
TNG50-1,50,1.0,162738,0.03535204,0.00620077,0.53458218,-1.28623382,13
TNG50-1,50,1.0,162738,-0.08025666,0.06073607,0.53458218,-1.28623382,14
TNG50-1,50,1.0,148668,-0.03001912,-0.04100056,0.67452759,-0.86101957,0
TNG50-1,50,1.0,148668,0.03836693,0.05490741,0.67452759,-0.86101957,1
TNG50-1,50,1.0,148668,0.00209272,-0.06464675,0.67452759,-0.86101957,2
TNG50-1,50,1.0,148668,0.07457833,0.00636207,0.67452759,-0.86101957,3
TNG50-1,50,1.0,148668,0.06454457,0.05751119,0.67452759,-0.86101957,4
TNG50-1,50,1.0,148668,0.00984897,-0.10761235,0.67452759,-0.86101957,5
TNG50-1,50,1.0,148668,-0.01311413,0.10091328,0.67452759,-0.86101957,6
TNG50-1,50,1.0,148668,0.0253303,-0.02126426,0.67452759,-0.86101957,7
TNG50-1,50,1.0,148668,-0.0090225,0.00705477,0.67452759,-0.86101957,8
TNG50-1,50,1.0,148668,0.08401536,0.02857246,0.67452759,-0.86101957,9
TNG50-1,50,1.0,148668,0.0039235,0.03630645,0.67452759,-0.86101957,10
TNG50-1,50,1.0,148668,-0.02028213,0.0136942,0.67452759,-0.86101957,11
TNG50-1,50,1.0,148668,-0.02298075,0.04986923,0.67452759,-0.86101957,12
TNG50-1,50,1.0,148668,-0.06065178,0.02595354,0.67452759,-0.86101957,13
TNG50-1,50,1.0,148668,0.02782796,0.08804406,0.67452759,-0.86101957,14
TNG50-1,50,1.0,174075,0.02611638,-0.10820384,0.58430831,-0.19527648,0
TNG50-1,50,1.0,174075,0.09823178,-0.00427863,0.58430831,-0.19527648,1
TNG50-1,50,1.0,174075,0.04505394,0.02052758,0.58430831,-0.19527648,2
TNG50-1,50,1.0,174075,-0.09028751,0.01118075,0.58430831,-0.19527648,3
TNG50-1,50,1.0,174075,0.13055513,0.04805786,0.58430831,-0.19527648,4
TNG50-1,50,1.0,174075,-0.02871721,-0.01829521,0.58430831,-0.19527648,5
TNG50-1,50,1.0,174075,0.0747772,0.00243936,0.58430831,-0.19527648,6
TNG50-1,50,1.0,174075,0.00133967,0.05906134,0.58430831,-0.19527648,7
TNG50-1,50,1.0,174075,0.05305451,-0.11393445,0.58430831,-0.19527648,8
TNG50-1,50,1.0,174075,-0.03442395,0.02946753,0.58430831,-0.19527648,9
TNG50-1,50,1.0,174075,0.03128723,-0.01669424,0.58430831,-0.19527648,10
TNG50-1,50,1.0,174075,-0.01265953,-0.04561591,0.58430831,-0.19527648,11
TNG50-1,50,1.0,174075,0.07895016,0.01682721,0.58430831,-0.19527648,12
TNG50-1,50,1.0,174075,0.02193341,0.06137256,0.58430831,-0.19527648,13
TNG50-1,50,1.0,174075,0.04679713,0.05195719,0.58430831,-0.19527648,14
TNG50-1,50,1.0,130254,-0.00675565,-0.00225687,0.93212589,1.4001879,0
TNG50-1,50,1.0,130254,0.04378705,-0.00853471,0.93212589,1.4001879,1
TNG50-1,50,1.0,130254,0.04340339,0.01898714,0.93212589,1.4001879,2
TNG50-1,50,1.0,130254,-0.00436856,0.061958,0.93212589,1.4001879,3
TNG50-1,50,1.0,130254,-0.03465403,-0.06647259,0.93212589,1.4001879,4
TNG50-1,50,1.0,130254,-0.0317617,0.0284899,0.93212589,1.4001879,5
TNG50-1,50,1.0,130254,0.04189267,0.05157619,0.93212589,1.4001879,6
TNG50-1,50,1.0,130254,-0.00210734,-0.00931885,0.93212589,1.4001879,7
TNG50-1,50,1.0,130254,-0.05230911,-0.00687235,0.93212589,1.4001879,8
TNG50-1,50,1.0,130254,-0.08424314,0.02092247,0.93212589,1.4001879,9
TNG50-1,50,1.0,130254,0.04159157,0.01724085,0.93212589,1.4001879,10
TNG50-1,50,1.0,130254,-0.02733892,0.02911763,0.93212589,1.4001879,11
TNG50-1,50,1.0,130254,0.01651939,0.02806403,0.93212589,1.4001879,12
TNG50-1,50,1.0,130254,0.06198535,-0.04909862,0.93212589,1.4001879,13
TNG50-1,50,1.0,130254,-0.06544622,0.04951332,0.93212589,1.4001879,14
TNG50-1,50,1.0,169401,0.05833916,-0.04007397,0.21312459,-0.38230097,0
TNG50-1,50,1.0,169401,0.00930414,-0.03854223,0.21312459,-0.38230097,1
TNG50-1,50,1.0,169401,-0.07470777,-0.02690851,0.21312459,-0.38230097,2
TNG50-1,50,1.0,169401,-0.00573729,0.00094125,0.21312459,-0.38230097,3
TNG50-1,50,1.0,169401,0.00972029,0.00739792,0.21312459,-0.38230097,4
TNG50-1,50,1.0,169401,-0.05723001,-0.00953599,0.21312459,-0.38230097,5
TNG50-1,50,1.0,169401,-0.0180069,-0.02116598,0.21312459,-0.38230097,6
TNG50-1,50,1.0,169401,-0.07046847,-0.01757016,0.21312459,-0.38230097,7
TNG50-1,50,1.0,169401,0.03036461,0.12538624,0.21312459,-0.38230097,8
TNG50-1,50,1.0,169401,0.00829777,-0.03853626,0.21312459,-0.38230097,9
TNG50-1,50,1.0,169401,-0.08228916,-0.0278986,0.21312459,-0.38230097,10
TNG50-1,50,1.0,169401,0.01757324,0.16469271,0.21312459,-0.38230097,11
TNG50-1,50,1.0,169401,-0.00282545,0.02105067,0.21312459,-0.38230097,12
TNG50-1,50,1.0,169401,0.02582071,-0.06899903,0.21312459,-0.38230097,13
TNG50-1,50,1.0,169401,-0.01957662,0.04213436,0.21312459,-0.38230097,14
TNG50-1,50,1.0,133838,-0.04550194,0.01257433,1.36356284,0.85065914,0
TNG50-1,50,1.0,133838,0.04545308,0.00686186,1.36356284,0.85065914,1
TNG50-1,50,1.0,133838,-0.01054811,-0.06256194,1.36356284,0.85065914,2
TNG50-1,50,1.0,133838,-0.02198979,-0.00450361,1.36356284,0.85065914,3
TNG50-1,50,1.0,133838,0.08045825,0.01105932,1.36356284,0.85065914,4
TNG50-1,50,1.0,133838,0.02832007,-0.02080426,1.36356284,0.85065914,5
TNG50-1,50,1.0,133838,0.04864947,0.01688385,1.36356284,0.85065914,6
TNG50-1,50,1.0,133838,0.02174598,0.00106537,1.36356284,0.85065914,7
TNG50-1,50,1.0,133838,-0.02222223,0.03868459,1.36356284,0.85065914,8
TNG50-1,50,1.0,133838,0.03056772,0.03315562,1.36356284,0.85065914,9
TNG50-1,50,1.0,133838,0.06046077,0.00835766,1.36356284,0.85065914,10
TNG50-1,50,1.0,133838,0.0067369,-0.06836064,1.36356284,0.85065914,11
TNG50-1,50,1.0,133838,0.09008213,0.08953614,1.36356284,0.85065914,12
TNG50-1,50,1.0,133838,0.04252436,-0.00709455,1.36356284,0.85065914,13
TNG50-1,50,1.0,133838,0.01059913,-0.00404432,1.36356284,0.85065914,14
TNG50-1,50,1.0,156083,-0.01712604,0.03550682,1.05292505,0.12716128,0
TNG50-1,50,1.0,156083,-0.02442058,-0.04531557,1.05292505,0.12716128,1
TNG50-1,50,1.0,156083,0.0772029,-0.02862833,1.05292505,0.12716128,2
TNG50-1,50,1.0,156083,0.06930222,-0.02644625,1.05292505,0.12716128,3
TNG50-1,50,1.0,156083,0.02221967,-0.05360259,1.05292505,0.12716128,4
TNG50-1,50,1.0,156083,-0.00537501,0.05078311,1.05292505,0.12716128,5
TNG50-1,50,1.0,156083,0.0309559,-0.04845262,1.05292505,0.12716128,6
TNG50-1,50,1.0,156083,0.00368985,-0.03494582,1.05292505,0.12716128,7
TNG50-1,50,1.0,156083,-0.00951115,0.06277039,1.05292505,0.12716128,8
TNG50-1,50,1.0,156083,0.0169053,-0.02852914,1.05292505,0.12716128,9
TNG50-1,50,1.0,156083,-0.02205789,-0.00940713,1.05292505,0.12716128,10
TNG50-1,50,1.0,156083,0.01261321,-0.05060145,1.05292505,0.12716128,11
TNG50-1,50,1.0,156083,0.01021105,0.04164756,1.05292505,0.12716128,12
TNG50-1,50,1.0,156083,0.0301468,0.04233681,1.05292505,0.12716128,13
TNG50-1,50,1.0,156083,-0.03095685,0.0369473,1.05292505,0.12716128,14
TNG50-1,50,1.0,79613,0.02687649,-0.01857131,1.1236568,-0.99648564,0
TNG50-1,50,1.0,79613,0.00367946,-0.00425475,1.1236568,-0.99648564,1
TNG50-1,50,1.0,79613,-0.02621883,-0.04376504,1.1236568,-0.99648564,2
TNG50-1,50,1.0,79613,-0.04074847,0.03253697,1.1236568,-0.99648564,3
TNG50-1,50,1.0,79613,0.06449528,-0.00327733,1.1236568,-0.99648564,4
TNG50-1,50,1.0,79613,0.03824021,0.02884427,1.1236568,-0.99648564,5
TNG50-1,50,1.0,79613,-0.03466521,-0.00914554,1.1236568,-0.99648564,6
TNG50-1,50,1.0,79613,0.00199159,-0.03935588,1.1236568,-0.99648564,7
TNG50-1,50,1.0,79613,-0.01500575,0.00570588,1.1236568,-0.99648564,8
TNG50-1,50,1.0,79613,-0.05641054,-0.06313373,1.1236568,-0.99648564,9
TNG50-1,50,1.0,79613,0.00888257,0.02697193,1.1236568,-0.99648564,10
TNG50-1,50,1.0,79613,-0.02077463,-0.04685746,1.1236568,-0.99648564,11
TNG50-1,50,1.0,79613,-0.04762683,0.04591163,1.1236568,-0.99648564,12
TNG50-1,50,1.0,79613,-0.07395663,-0.01692279,1.1236568,-0.99648564,13
TNG50-1,50,1.0,79613,-0.07819018,0.05312668,1.1236568,-0.99648564,14
TNG50-1,50,1.0,188936,-0.05613116,0.02134748,0.35263961,-0.56318037,0
TNG50-1,50,1.0,188936,-0.03388849,0.04532291,0.35263961,-0.56318037,1
TNG50-1,50,1.0,188936,0.01904675,-0.02506601,0.35263961,-0.56318037,2
TNG50-1,50,1.0,188936,0.05852485,-0.04844765,0.35263961,-0.56318037,3
TNG50-1,50,1.0,188936,0.08333045,-0.02370933,0.35263961,-0.56318037,4
TNG50-1,50,1.0,188936,0.00206831,-0.04829062,0.35263961,-0.56318037,5
TNG50-1,50,1.0,188936,0.09188728,-0.00506068,0.35263961,-0.56318037,6
TNG50-1,50,1.0,188936,-0.01448323,0.00510453,0.35263961,-0.56318037,7
TNG50-1,50,1.0,188936,0.05493838,-0.01530051,0.35263961,-0.56318037,8
TNG50-1,50,1.0,188936,-0.04710905,0.08371796,0.35263961,-0.56318037,9
TNG50-1,50,1.0,188936,0.02101003,-0.03597019,0.35263961,-0.56318037,10
TNG50-1,50,1.0,188936,-0.11708465,0.06957166,0.35263961,-0.56318037,11
TNG50-1,50,1.0,188936,-0.05607955,-0.05206196,0.35263961,-0.56318037,12
TNG50-1,50,1.0,188936,0.02333384,0.00363888,0.35263961,-0.56318037,13
TNG50-1,50,1.0,188936,-0.06562194,0.05915527,0.35263961,-0.56318037,14
TNG50-1,50,1.0,219145,0.05656786,-0.01266308,0.87983036,0.4812665,0
TNG50-1,50,1.0,219145,-0.02101289,-0.03700871,0.87983036,0.4812665,1
TNG50-1,50,1.0,219145,0.02775349,0.05762913,0.87983036,0.4812665,2
TNG50-1,50,1.0,219145,0.02105895,-0.04738385,0.87983036,0.4812665,3
TNG50-1,50,1.0,219145,-0.02699696,-0.02237096,0.87983036,0.4812665,4
TNG50-1,50,1.0,219145,0.0307975,0.06245261,0.87983036,0.4812665,5
TNG50-1,50,1.0,219145,0.09312461,0.00213838,0.87983036,0.4812665,6
TNG50-1,50,1.0,219145,0.02358503,-0.07807985,0.87983036,0.4812665,7
TNG50-1,50,1.0,219145,0.02831782,0.02719948,0.87983036,0.4812665,8
TNG50-1,50,1.0,219145,0.03360775,-0.01982329,0.87983036,0.4812665,9
TNG50-1,50,1.0,219145,-0.07304883,0.07699257,0.87983036,0.4812665,10
TNG50-1,50,1.0,219145,0.02301123,-0.03030935,0.87983036,0.4812665,11
TNG50-1,50,1.0,219145,-0.05083798,0.0525613,0.87983036,0.4812665,12
TNG50-1,50,1.0,219145,-0.02949435,0.0887849,0.87983036,0.4812665,13
TNG50-1,50,1.0,219145,0.10809709,-0.04254716,0.87983036,0.4812665,14
TNG50-1,50,1.0,222506,-0.00966065,-0.09073809,0.6040149,0.54303495,0
TNG50-1,50,1.0,222506,0.01943126,-0.03652331,0.6040149,0.54303495,1
TNG50-1,50,1.0,222506,-0.04286729,-0.01399639,0.6040149,0.54303495,2
TNG50-1,50,1.0,222506,0.01351475,-0.04280576,0.6040149,0.54303495,3
TNG50-1,50,1.0,222506,-0.01124601,0.0814599,0.6040149,0.54303495,4
TNG50-1,50,1.0,222506,-0.01225338,0.00094309,0.6040149,0.54303495,5
TNG50-1,50,1.0,222506,0.00244692,0.00883848,0.6040149,0.54303495,6
TNG50-1,50,1.0,222506,0.00356324,-0.02416154,0.6040149,0.54303495,7
TNG50-1,50,1.0,222506,0.00819404,-0.00078895,0.6040149,0.54303495,8
TNG50-1,50,1.0,222506,-0.02994132,-0.06076267,0.6040149,0.54303495,9
TNG50-1,50,1.0,222506,-0.02775859,-0.00849085,0.6040149,0.54303495,10
TNG50-1,50,1.0,222506,-0.00592938,-0.04685042,0.6040149,0.54303495,11
TNG50-1,50,1.0,222506,-0.00223788,-0.01387018,0.6040149,0.54303495,12
TNG50-1,50,1.0,222506,-0.02194247,-0.12799583,0.6040149,0.54303495,13
TNG50-1,50,1.0,222506,0.01619698,-0.05640016,0.6040149,0.54303495,14
TNG50-1,50,1.0,193153,0.07319632,-0.0511475,1.25774778,-0.2049583,0
TNG50-1,50,1.0,193153,0.04151989,-0.0242499,1.25774778,-0.2049583,1
TNG50-1,50,1.0,193153,0.06595197,-0.05164896,1.25774778,-0.2049583,2
TNG50-1,50,1.0,193153,0.06938606,-0.06149722,1.25774778,-0.2049583,3
TNG50-1,50,1.0,193153,0.03364937,0.03335334,1.25774778,-0.2049583,4
TNG50-1,50,1.0,193153,-0.02264343,-0.00983142,1.25774778,-0.2049583,5
TNG50-1,50,1.0,193153,-0.05186255,0.00261832,1.25774778,-0.2049583,6
TNG50-1,50,1.0,193153,0.05733723,0.02781196,1.25774778,-0.2049583,7
TNG50-1,50,1.0,193153,0.0032284,-0.09286934,1.25774778,-0.2049583,8
TNG50-1,50,1.0,193153,0.12470114,0.0643383,1.25774778,-0.2049583,9
TNG50-1,50,1.0,193153,-0.0182549,-0.01745471,1.25774778,-0.2049583,10
TNG50-1,50,1.0,193153,0.09864479,0.02662007,1.25774778,-0.2049583,11
TNG50-1,50,1.0,193153,-0.00783959,0.03103564,1.25774778,-0.2049583,12
TNG50-1,50,1.0,193153,0.06680243,0.06853983,1.25774778,-0.2049583,13
TNG50-1,50,1.0,193153,0.08483459,-0.00524287,1.25774778,-0.2049583,14
TNG50-1,50,1.0,197030,-0.10618187,0.02314334,0.27377134,-0.85248498,0
TNG50-1,50,1.0,197030,0.00285638,0.0674659,0.27377134,-0.85248498,1
TNG50-1,50,1.0,197030,0.01003534,0.03239304,0.27377134,-0.85248498,2
TNG50-1,50,1.0,197030,-0.05171304,0.03434335,0.27377134,-0.85248498,3
TNG50-1,50,1.0,197030,0.00737453,0.03031151,0.27377134,-0.85248498,4
TNG50-1,50,1.0,197030,-0.01805092,-0.06901213,0.27377134,-0.85248498,5
TNG50-1,50,1.0,197030,-0.0671377,-0.04380594,0.27377134,-0.85248498,6
TNG50-1,50,1.0,197030,0.03357424,-0.01024937,0.27377134,-0.85248498,7
TNG50-1,50,1.0,197030,-0.02818626,-0.0362932,0.27377134,-0.85248498,8
TNG50-1,50,1.0,197030,-0.02031896,-0.05322685,0.27377134,-0.85248498,9
TNG50-1,50,1.0,197030,-0.02312894,-0.09360879,0.27377134,-0.85248498,10
TNG50-1,50,1.0,197030,0.06177393,-0.06732646,0.27377134,-0.85248498,11
TNG50-1,50,1.0,197030,-0.00204581,-0.01282628,0.27377134,-0.85248498,12
TNG50-1,50,1.0,197030,0.00395499,-0.00347132,0.27377134,-0.85248498,13
TNG50-1,50,1.0,197030,-0.02203181,-0.03965269,0.27377134,-0.85248498,14
TNG50-1,50,1.0,165282,0.00394626,0.04537978,0.95951801,0.69714071,0
TNG50-1,50,1.0,165282,-0.02169168,-0.03820839,0.95951801,0.69714071,1
TNG50-1,50,1.0,165282,0.05452868,0.00088755,0.95951801,0.69714071,2
TNG50-1,50,1.0,165282,-0.00808129,0.00920735,0.95951801,0.69714071,3
TNG50-1,50,1.0,165282,0.03481654,0.07735631,0.95951801,0.69714071,4
TNG50-1,50,1.0,165282,0.01016069,-0.0740665,0.95951801,0.69714071,5
TNG50-1,50,1.0,165282,-0.07010355,-0.04555513,0.95951801,0.69714071,6
TNG50-1,50,1.0,165282,-0.00453291,0.14022312,0.95951801,0.69714071,7
TNG50-1,50,1.0,165282,-0.0617812,-0.01365486,0.95951801,0.69714071,8
TNG50-1,50,1.0,165282,-0.00540604,-0.09454969,0.95951801,0.69714071,9
TNG50-1,50,1.0,165282,-0.03725654,-0.02912751,0.95951801,0.69714071,10
TNG50-1,50,1.0,165282,0.01909815,-0.13844366,0.95951801,0.69714071,11
TNG50-1,50,1.0,165282,-0.06711772,0.01204604,0.95951801,0.69714071,12
TNG50-1,50,1.0,165282,0.00073509,0.04048924,0.95951801,0.69714071,13
TNG50-1,50,1.0,165282,0.02862078,-0.04558312,0.95951801,0.69714071,14
TNG50-1,50,1.0,203704,-0.0235362,-0.01654332,0.9644236,-1.04026602,0
TNG50-1,50,1.0,203704,0.04618271,-0.00832992,0.9644236,-1.04026602,1
TNG50-1,50,1.0,203704,-0.08751077,0.05241322,0.9644236,-1.04026602,2
TNG50-1,50,1.0,203704,-0.06607856,-0.03597178,0.9644236,-1.04026602,3
TNG50-1,50,1.0,203704,-0.01140576,0.06755922,0.9644236,-1.04026602,4
TNG50-1,50,1.0,203704,-0.03761674,0.07222376,0.9644236,-1.04026602,5
TNG50-1,50,1.0,203704,-0.01469334,0.03763922,0.9644236,-1.04026602,6
TNG50-1,50,1.0,203704,-0.06318752,-0.04903104,0.9644236,-1.04026602,7
TNG50-1,50,1.0,203704,0.01071567,-0.10931466,0.9644236,-1.04026602,8
TNG50-1,50,1.0,203704,-0.00746165,0.05394175,0.9644236,-1.04026602,9
TNG50-1,50,1.0,203704,0.02745952,0.00556925,0.9644236,-1.04026602,10
TNG50-1,50,1.0,203704,0.01001998,-0.03725987,0.9644236,-1.04026602,11
TNG50-1,50,1.0,203704,0.0103345,0.05867812,0.9644236,-1.04026602,12
TNG50-1,50,1.0,203704,-0.07231537,-0.04307794,0.9644236,-1.04026602,13
TNG50-1,50,1.0,203704,0.02462958,-0.02120776,0.9644236,-1.04026602,14
TNG50-1,50,1.0,176324,0.02624452,-0.02875098,0.29610492,1.3718383,0
TNG50-1,50,1.0,176324,-0.05568014,-0.03217439,0.29610492,1.3718383,1
TNG50-1,50,1.0,176324,-0.00547405,-0.00262229,0.29610492,1.3718383,2
TNG50-1,50,1.0,176324,0.05445686,0.01754565,0.29610492,1.3718383,3
TNG50-1,50,1.0,176324,0.01055554,-0.00771234,0.29610492,1.3718383,4
TNG50-1,50,1.0,176324,0.06237132,0.05246342,0.29610492,1.3718383,5
TNG50-1,50,1.0,176324,0.05668012,-0.03995719,0.29610492,1.3718383,6
TNG50-1,50,1.0,176324,0.00038692,0.00600805,0.29610492,1.3718383,7
TNG50-1,50,1.0,176324,-0.11683707,0.02226064,0.29610492,1.3718383,8
TNG50-1,50,1.0,176324,-0.05528861,-0.02001164,0.29610492,1.3718383,9
TNG50-1,50,1.0,176324,0.03816671,0.0419855,0.29610492,1.3718383,10
TNG50-1,50,1.0,176324,-0.07751257,0.00744793,0.29610492,1.3718383,11
TNG50-1,50,1.0,176324,-0.01633463,0.03944229,0.29610492,1.3718383,12
TNG50-1,50,1.0,176324,0.01692403,0.00970521,0.29610492,1.3718383,13
TNG50-1,50,1.0,176324,0.07347853,0.01882023,0.29610492,1.3718383,14
TNG50-1,50,1.0,248389,-0.03161959,0.04811779,1.07196658,-0.98047982,0
TNG50-1,50,1.0,248389,-0.03153859,-0.01051289,1.07196658,-0.98047982,1
TNG50-1,50,1.0,248389,0.06121982,-0.00828279,1.07196658,-0.98047982,2
TNG50-1,50,1.0,248389,0.03177552,-0.06660587,1.07196658,-0.98047982,3
TNG50-1,50,1.0,248389,-0.05114826,-0.01022608,1.07196658,-0.98047982,4
TNG50-1,50,1.0,248389,0.00904317,-0.06307875,1.07196658,-0.98047982,5
TNG50-1,50,1.0,248389,-0.1186888,-0.09239351,1.07196658,-0.98047982,6
TNG50-1,50,1.0,248389,-0.02869701,-0.05425897,1.07196658,-0.98047982,7
TNG50-1,50,1.0,248389,0.04805138,0.07543425,1.07196658,-0.98047982,8
TNG50-1,50,1.0,248389,-0.00625728,-0.01352806,1.07196658,-0.98047982,9
TNG50-1,50,1.0,248389,0.00589563,0.01099387,1.07196658,-0.98047982,10
TNG50-1,50,1.0,248389,-0.15081906,-0.02567481,1.07196658,-0.98047982,11
TNG50-1,50,1.0,248389,-0.01961268,-0.08952755,1.07196658,-0.98047982,12
TNG50-1,50,1.0,248389,0.01691361,0.04680566,1.07196658,-0.98047982,13
TNG50-1,50,1.0,248389,0.02326449,-0.10860991,1.07196658,-0.98047982,14
TNG50-1,50,1.0,227888,-0.02773963,-0.00861101,1.05640855,-1.2336646,0
TNG50-1,50,1.0,227888,-0.00273074,0.02171963,1.05640855,-1.2336646,1
TNG50-1,50,1.0,227888,0.01152448,-0.07514705,1.05640855,-1.2336646,2
TNG50-1,50,1.0,227888,-0.03632348,-0.1319139,1.05640855,-1.2336646,3
TNG50-1,50,1.0,227888,-0.09189807,0.01887734,1.05640855,-1.2336646,4
TNG50-1,50,1.0,227888,-0.04005466,0.02155916,1.05640855,-1.2336646,5
TNG50-1,50,1.0,227888,-0.0374379,0.02377512,1.05640855,-1.2336646,6
TNG50-1,50,1.0,227888,-0.03865467,-0.02624663,1.05640855,-1.2336646,7
TNG50-1,50,1.0,227888,0.04850293,0.07448611,1.05640855,-1.2336646,8
TNG50-1,50,1.0,227888,-0.06068014,-0.02299389,1.05640855,-1.2336646,9
TNG50-1,50,1.0,227888,0.01504896,0.02104395,1.05640855,-1.2336646,10
TNG50-1,50,1.0,227888,0.00791485,0.02973181,1.05640855,-1.2336646,11
TNG50-1,50,1.0,227888,0.04802275,0.08593701,1.05640855,-1.2336646,12
TNG50-1,50,1.0,227888,-0.00665659,-0.01585148,1.05640855,-1.2336646,13
TNG50-1,50,1.0,227888,0.03955655,-0.03265965,1.05640855,-1.2336646,14
TNG50-1,50,1.0,184805,-0.07490727,-0.0112736,0.87150569,-0.00738996,0
TNG50-1,50,1.0,184805,0.07761835,0.03788189,0.87150569,-0.00738996,1
TNG50-1,50,1.0,184805,0.02107055,0.02355336,0.87150569,-0.00738996,2
TNG50-1,50,1.0,184805,0.02265306,0.01378454,0.87150569,-0.00738996,3
TNG50-1,50,1.0,184805,0.15583521,0.0342499,0.87150569,-0.00738996,4
TNG50-1,50,1.0,184805,0.01625224,0.00669674,0.87150569,-0.00738996,5
TNG50-1,50,1.0,184805,-0.06511607,0.03351107,0.87150569,-0.00738996,6
TNG50-1,50,1.0,184805,-0.00979518,0.03765562,0.87150569,-0.00738996,7
TNG50-1,50,1.0,184805,-0.04873912,0.00813594,0.87150569,-0.00738996,8
TNG50-1,50,1.0,184805,-0.01979342,-0.01101972,0.87150569,-0.00738996,9
TNG50-1,50,1.0,184805,-0.02012948,0.07651989,0.87150569,-0.00738996,10
TNG50-1,50,1.0,184805,-0.02935122,-0.02389508,0.87150569,-0.00738996,11
TNG50-1,50,1.0,184805,-0.06966413,0.01956568,0.87150569,-0.00738996,12
TNG50-1,50,1.0,184805,0.07962508,0.02069542,0.87150569,-0.00738996,13
TNG50-1,50,1.0,184805,0.0149424,-0.03047789,0.87150569,-0.00738996,14
TNG50-1,50,1.0,198351,-0.04039112,-0.00112122,1.29355591,0.06141687,0
TNG50-1,50,1.0,198351,-0.0176926,0.06722025,1.29355591,0.06141687,1
TNG50-1,50,1.0,198351,-0.02461084,-0.00098301,1.29355591,0.06141687,2
TNG50-1,50,1.0,198351,-0.07290653,0.05427681,1.29355591,0.06141687,3
TNG50-1,50,1.0,198351,-0.03257475,0.04699529,1.29355591,0.06141687,4
TNG50-1,50,1.0,198351,0.01331115,0.03335228,1.29355591,0.06141687,5
TNG50-1,50,1.0,198351,0.06329718,-0.08933094,1.29355591,0.06141687,6
TNG50-1,50,1.0,198351,0.02771957,0.05583163,1.29355591,0.06141687,7
TNG50-1,50,1.0,198351,-0.12997672,-0.02289506,1.29355591,0.06141687,8
TNG50-1,50,1.0,198351,0.03206519,0.03578636,1.29355591,0.06141687,9
TNG50-1,50,1.0,198351,-0.02790759,-0.04862664,1.29355591,0.06141687,10
TNG50-1,50,1.0,198351,0.022654,-0.0592537,1.29355591,0.06141687,11
TNG50-1,50,1.0,198351,-0.00070676,0.09881944,1.29355591,0.06141687,12
TNG50-1,50,1.0,198351,-0.00963438,-0.04784915,1.29355591,0.06141687,13
TNG50-1,50,1.0,198351,-0.00511179,0.05730533,1.29355591,0.06141687,14
TNG50-1,50,1.0,230938,0.00592102,-0.05828307,1.12621668,0.0257388,0
TNG50-1,50,1.0,230938,-0.021006,0.09239049,1.12621668,0.0257388,1
TNG50-1,50,1.0,230938,-0.00224144,-0.00086437,1.12621668,0.0257388,2
TNG50-1,50,1.0,230938,-0.06505472,-0.00406926,1.12621668,0.0257388,3
TNG50-1,50,1.0,230938,-0.00068772,-0.02025526,1.12621668,0.0257388,4
TNG50-1,50,1.0,230938,-0.05413702,0.05899829,1.12621668,0.0257388,5
TNG50-1,50,1.0,230938,-0.01977219,-0.02624393,1.12621668,0.0257388,6
TNG50-1,50,1.0,230938,0.04626498,-0.07724899,1.12621668,0.0257388,7
TNG50-1,50,1.0,230938,0.01270953,-0.03393388,1.12621668,0.0257388,8
TNG50-1,50,1.0,230938,-0.07410852,0.06633873,1.12621668,0.0257388,9
TNG50-1,50,1.0,230938,0.04257441,0.04160661,1.12621668,0.0257388,10
TNG50-1,50,1.0,230938,-0.00035499,-0.01275078,1.12621668,0.0257388,11
TNG50-1,50,1.0,230938,-0.02710926,0.06866276,1.12621668,0.0257388,12
TNG50-1,50,1.0,230938,0.03733382,0.03739711,1.12621668,0.0257388,13
TNG50-1,50,1.0,230938,-0.00836034,-0.01332947,1.12621668,0.0257388,14
TNG50-1,50,1.0,87125,-0.00829549,0.03311067,1.23821383,-0.19896495,0
TNG50-1,50,1.0,87125,0.01646589,-0.02051115,1.23821383,-0.19896495,1
TNG50-1,50,1.0,87125,-0.04159435,0.01198293,1.23821383,-0.19896495,2
TNG50-1,50,1.0,87125,0.00022525,-0.01770344,1.23821383,-0.19896495,3
TNG50-1,50,1.0,87125,0.01542567,0.0429698,1.23821383,-0.19896495,4
TNG50-1,50,1.0,87125,-0.08434831,-0.06660989,1.23821383,-0.19896495,5
TNG50-1,50,1.0,87125,-0.00946602,-0.0411848,1.23821383,-0.19896495,6
TNG50-1,50,1.0,87125,-0.01515281,0.0227845,1.23821383,-0.19896495,7
TNG50-1,50,1.0,87125,0.0514034,0.06128782,1.23821383,-0.19896495,8
TNG50-1,50,1.0,87125,-0.09222485,-0.11009843,1.23821383,-0.19896495,9
TNG50-1,50,1.0,87125,-0.0190753,0.06872356,1.23821383,-0.19896495,10
TNG50-1,50,1.0,87125,-0.02408773,-0.00700676,1.23821383,-0.19896495,11
TNG50-1,50,1.0,87125,0.04800355,-0.09419375,1.23821383,-0.19896495,12
TNG50-1,50,1.0,87125,-0.00217733,-0.15008639,1.23821383,-0.19896495,13
TNG50-1,50,1.0,87125,0.08980473,-0.0764693,1.23821383,-0.19896495,14
TNG50-1,50,1.0,8,-0.00098524,-0.03472568,1.31435793,1.55450683,0
TNG50-1,50,1.0,8,-0.0032949,0.04630539,1.31435793,1.55450683,1
TNG50-1,50,1.0,8,0.03166002,0.10713743,1.31435793,1.55450683,2
TNG50-1,50,1.0,8,-0.02747436,0.01048413,1.31435793,1.55450683,3
TNG50-1,50,1.0,8,-0.05540203,0.06169212,1.31435793,1.55450683,4
TNG50-1,50,1.0,8,-0.02065432,0.0518039,1.31435793,1.55450683,5
TNG50-1,50,1.0,8,0.00168051,-0.03028199,1.31435793,1.55450683,6
TNG50-1,50,1.0,8,0.01153864,0.00133171,1.31435793,1.55450683,7
TNG50-1,50,1.0,8,-0.03945823,-0.06412723,1.31435793,1.55450683,8
TNG50-1,50,1.0,8,0.04507234,-0.01024711,1.31435793,1.55450683,9
TNG50-1,50,1.0,8,-0.03106984,-0.03130952,1.31435793,1.55450683,10
TNG50-1,50,1.0,8,-0.04348587,-0.0201443,1.31435793,1.55450683,11
TNG50-1,50,1.0,8,-0.02711958,-0.03749475,1.31435793,1.55450683,12
TNG50-1,50,1.0,8,0.05374201,-0.01435484,1.31435793,1.55450683,13
TNG50-1,50,1.0,8,-0.00663982,0.02661163,1.31435793,1.55450683,14
TNG50-1,50,1.0,87127,-0.0059746,0.05896812,0.51227755,-0.04310073,0
TNG50-1,50,1.0,87127,-0.09321866,-0.02467911,0.51227755,-0.04310073,1
TNG50-1,50,1.0,87127,-0.03730603,0.03267507,0.51227755,-0.04310073,2
TNG50-1,50,1.0,87127,-0.07596997,-0.02554563,0.51227755,-0.04310073,3
TNG50-1,50,1.0,87127,0.01220301,-0.01119911,0.51227755,-0.04310073,4
TNG50-1,50,1.0,87127,0.02516587,-0.12105889,0.51227755,-0.04310073,5
TNG50-1,50,1.0,87127,0.01282741,-0.01509566,0.51227755,-0.04310073,6
TNG50-1,50,1.0,87127,-0.03937022,0.0045545,0.51227755,-0.04310073,7
TNG50-1,50,1.0,87127,0.0123427,-0.02050248,0.51227755,-0.04310073,8
TNG50-1,50,1.0,87127,-0.02350571,0.0878094,0.51227755,-0.04310073,9
TNG50-1,50,1.0,87127,-0.05691127,-0.0581233,0.51227755,-0.04310073,10
TNG50-1,50,1.0,87127,0.0370965,-0.02817906,0.51227755,-0.04310073,11
TNG50-1,50,1.0,87127,0.04090139,-0.04524363,0.51227755,-0.04310073,12
TNG50-1,50,1.0,87127,0.04744477,-0.02818885,0.51227755,-0.04310073,13
TNG50-1,50,1.0,87127,-0.03041743,0.05157065,0.51227755,-0.04310073,14
TNG50-1,50,1.0,240072,0.07390159,0.0744819,0.86664926,-0.06928286,0
TNG50-1,50,1.0,240072,-0.03503963,0.03245231,0.86664926,-0.06928286,1
TNG50-1,50,1.0,240072,-0.03615038,-0.05421398,0.86664926,-0.06928286,2
TNG50-1,50,1.0,240072,-0.05785643,-0.01463356,0.86664926,-0.06928286,3
TNG50-1,50,1.0,240072,0.06531427,-0.00643471,0.86664926,-0.06928286,4
TNG50-1,50,1.0,240072,0.05605022,-0.04762558,0.86664926,-0.06928286,5
TNG50-1,50,1.0,240072,-0.00529909,-0.0484934,0.86664926,-0.06928286,6
TNG50-1,50,1.0,240072,-0.06980496,0.07533843,0.86664926,-0.06928286,7
TNG50-1,50,1.0,240072,-0.06533313,-0.04886803,0.86664926,-0.06928286,8
TNG50-1,50,1.0,240072,0.00853147,0.0539218,0.86664926,-0.06928286,9
TNG50-1,50,1.0,240072,0.0274669,-0.02182422,0.86664926,-0.06928286,10
TNG50-1,50,1.0,240072,-0.10330724,-0.00128197,0.86664926,-0.06928286,11
TNG50-1,50,1.0,240072,-0.0160655,0.02809222,0.86664926,-0.06928286,12
TNG50-1,50,1.0,240072,0.08091479,-0.02992793,0.86664926,-0.06928286,13
TNG50-1,50,1.0,240072,-0.01087546,0.02839522,0.86664926,-0.06928286,14
TNG50-1,50,1.0,207683,-0.10232148,0.01118621,1.09220665,-0.24577916,0
TNG50-1,50,1.0,207683,0.02198537,-0.02708271,1.09220665,-0.24577916,1
TNG50-1,50,1.0,207683,-0.12342651,-0.09680947,1.09220665,-0.24577916,2
TNG50-1,50,1.0,207683,-0.01134234,0.00667065,1.09220665,-0.24577916,3
TNG50-1,50,1.0,207683,0.04271215,-0.04765377,1.09220665,-0.24577916,4
TNG50-1,50,1.0,207683,0.03111477,-0.02891713,1.09220665,-0.24577916,5
TNG50-1,50,1.0,207683,-0.06492052,0.02395621,1.09220665,-0.24577916,6
TNG50-1,50,1.0,207683,-0.05848322,0.07086667,1.09220665,-0.24577916,7
TNG50-1,50,1.0,207683,-0.0344336,-0.00190301,1.09220665,-0.24577916,8
TNG50-1,50,1.0,207683,0.00931079,0.02770324,1.09220665,-0.24577916,9
TNG50-1,50,1.0,207683,-0.10159666,-0.07222397,1.09220665,-0.24577916,10
TNG50-1,50,1.0,207683,-0.00066118,0.01227618,1.09220665,-0.24577916,11
TNG50-1,50,1.0,207683,0.01557147,-0.0029953,1.09220665,-0.24577916,12
TNG50-1,50,1.0,207683,-0.01415186,0.06146138,1.09220665,-0.24577916,13
TNG50-1,50,1.0,207683,0.02626605,-0.02702292,1.09220665,-0.24577916,14
TNG50-1,50,1.0,255891,-0.01208188,0.02984655,1.04600783,-1.36085703,0
TNG50-1,50,1.0,255891,0.05294072,-0.01673264,1.04600783,-1.36085703,1
TNG50-1,50,1.0,255891,-0.00460169,-0.01773818,1.04600783,-1.36085703,2
TNG50-1,50,1.0,255891,-0.05544207,-0.02277218,1.04600783,-1.36085703,3
TNG50-1,50,1.0,255891,0.12758166,-0.07749229,1.04600783,-1.36085703,4
TNG50-1,50,1.0,255891,-0.05392964,-0.00803106,1.04600783,-1.36085703,5
TNG50-1,50,1.0,255891,-0.003235,-0.02035038,1.04600783,-1.36085703,6
TNG50-1,50,1.0,255891,0.01733441,0.05857623,1.04600783,-1.36085703,7
TNG50-1,50,1.0,255891,0.01338088,-0.05983501,1.04600783,-1.36085703,8
TNG50-1,50,1.0,255891,-0.00948719,-0.02885736,1.04600783,-1.36085703,9
TNG50-1,50,1.0,255891,-0.00923802,-0.04492202,1.04600783,-1.36085703,10
TNG50-1,50,1.0,255891,-0.01174659,0.07212652,1.04600783,-1.36085703,11
TNG50-1,50,1.0,255891,-0.05579669,-0.04347042,1.04600783,-1.36085703,12
TNG50-1,50,1.0,255891,0.10751096,0.02811499,1.04600783,-1.36085703,13
TNG50-1,50,1.0,255891,-0.01099955,0.04850807,1.04600783,-1.36085703,14
TNG50-1,50,1.0,4,-0.00730615,-0.05181306,1.02448331,0.29203187,0
TNG50-1,50,1.0,4,-0.06884055,0.02335679,1.02448331,0.29203187,1
TNG50-1,50,1.0,4,-0.06820769,0.06964109,1.02448331,0.29203187,2
TNG50-1,50,1.0,4,0.0429882,0.00083812,1.02448331,0.29203187,3
TNG50-1,50,1.0,4,-0.0630297,0.04978829,1.02448331,0.29203187,4
TNG50-1,50,1.0,4,0.01960133,0.00768988,1.02448331,0.29203187,5
TNG50-1,50,1.0,4,0.00571746,0.07937147,1.02448331,0.29203187,6
TNG50-1,50,1.0,4,0.01885662,-0.05310536,1.02448331,0.29203187,7
TNG50-1,50,1.0,4,0.02357924,-0.00041075,1.02448331,0.29203187,8
TNG50-1,50,1.0,4,-0.04668354,0.03365808,1.02448331,0.29203187,9
TNG50-1,50,1.0,4,-0.04877641,-0.00952059,1.02448331,0.29203187,10
TNG50-1,50,1.0,4,0.03574636,0.05761095,1.02448331,0.29203187,11
TNG50-1,50,1.0,4,-0.03146723,-0.02160198,1.02448331,0.29203187,12
TNG50-1,50,1.0,4,-0.13750742,0.10346856,1.02448331,0.29203187,13
TNG50-1,50,1.0,4,0.03243776,0.10610988,1.02448331,0.29203187,14
TNG50-1,50,1.0,110863,0.0141036,0.01977293,0.8190973,-0.85461445,0
TNG50-1,50,1.0,110863,0.02763006,-0.07486734,0.8190973,-0.85461445,1
TNG50-1,50,1.0,110863,0.05958357,0.02953215,0.8190973,-0.85461445,2
TNG50-1,50,1.0,110863,-0.05935987,0.0314699,0.8190973,-0.85461445,3
TNG50-1,50,1.0,110863,-0.0656,0.06225963,0.8190973,-0.85461445,4
TNG50-1,50,1.0,110863,0.06282095,0.10591049,0.8190973,-0.85461445,5
TNG50-1,50,1.0,110863,0.01369942,-0.08462803,0.8190973,-0.85461445,6
TNG50-1,50,1.0,110863,-0.01132526,-0.01942384,0.8190973,-0.85461445,7
TNG50-1,50,1.0,110863,0.00055617,-0.03711333,0.8190973,-0.85461445,8
TNG50-1,50,1.0,110863,-0.11930207,0.00862536,0.8190973,-0.85461445,9
TNG50-1,50,1.0,110863,-0.00952812,0.00067009,0.8190973,-0.85461445,10
TNG50-1,50,1.0,110863,-0.03765234,-0.0117041,0.8190973,-0.85461445,11
TNG50-1,50,1.0,110863,0.04590358,0.05138022,0.8190973,-0.85461445,12
TNG50-1,50,1.0,110863,0.04975154,-0.05507071,0.8190973,-0.85461445,13
TNG50-1,50,1.0,110863,0.02883401,-0.05205607,0.8190973,-0.85461445,14
TNG50-1,50,1.0,208603,-0.05121126,0.0259206,0.40081707,0.43231136,0
TNG50-1,50,1.0,208603,-0.01801638,-0.04063735,0.40081707,0.43231136,1
TNG50-1,50,1.0,208603,-0.06142951,0.03795253,0.40081707,0.43231136,2
TNG50-1,50,1.0,208603,-0.00242857,-0.02899529,0.40081707,0.43231136,3
TNG50-1,50,1.0,208603,-0.00827451,0.04258399,0.40081707,0.43231136,4
TNG50-1,50,1.0,208603,-0.03932576,0.00304883,0.40081707,0.43231136,5
TNG50-1,50,1.0,208603,0.04368831,0.07604769,0.40081707,0.43231136,6
TNG50-1,50,1.0,208603,-0.00297503,-0.05770339,0.40081707,0.43231136,7
TNG50-1,50,1.0,208603,0.05313237,-0.07380884,0.40081707,0.43231136,8
TNG50-1,50,1.0,208603,-0.00975249,-0.03081086,0.40081707,0.43231136,9
TNG50-1,50,1.0,208603,-0.00120974,-0.06923055,0.40081707,0.43231136,10
TNG50-1,50,1.0,208603,-0.02813912,-0.06913674,0.40081707,0.43231136,11
TNG50-1,50,1.0,208603,-0.00035233,0.03107754,0.40081707,0.43231136,12
TNG50-1,50,1.0,208603,0.03561157,-0.00020894,0.40081707,0.43231136,13
TNG50-1,50,1.0,208603,-0.02056671,-0.02398405,0.40081707,0.43231136,14
TNG50-1,50,1.0,274509,-0.01934813,-0.07053051,0.38814852,-1.4110983,0
TNG50-1,50,1.0,274509,-0.02986188,-0.05642178,0.38814852,-1.4110983,1
TNG50-1,50,1.0,274509,0.08251846,-0.1268215,0.38814852,-1.4110983,2
TNG50-1,50,1.0,274509,-0.03677529,0.02976934,0.38814852,-1.4110983,3
TNG50-1,50,1.0,274509,-0.06610669,-0.01309136,0.38814852,-1.4110983,4
TNG50-1,50,1.0,274509,0.03980253,-0.00810752,0.38814852,-1.4110983,5
TNG50-1,50,1.0,274509,-0.01078778,-0.0845722,0.38814852,-1.4110983,6
TNG50-1,50,1.0,274509,0.10193868,-0.05490512,0.38814852,-1.4110983,7
TNG50-1,50,1.0,274509,-0.02631028,-0.02389795,0.38814852,-1.4110983,8
TNG50-1,50,1.0,274509,0.04229921,-0.03361628,0.38814852,-1.4110983,9
TNG50-1,50,1.0,274509,0.05410987,0.0058918,0.38814852,-1.4110983,10
TNG50-1,50,1.0,274509,-0.02606679,0.02917341,0.38814852,-1.4110983,11
TNG50-1,50,1.0,274509,-0.03714604,0.11348063,0.38814852,-1.4110983,12
TNG50-1,50,1.0,274509,0.03706833,-0.00100085,0.38814852,-1.4110983,13
TNG50-1,50,1.0,274509,0.0287446,0.05577013,0.38814852,-1.4110983,14
TNG50-1,50,1.0,212082,-0.04149864,0.01724159,1.06201353,1.51232218,0
TNG50-1,50,1.0,212082,-0.08374732,0.02966097,1.06201353,1.51232218,1
TNG50-1,50,1.0,212082,-0.01761508,0.03842419,1.06201353,1.51232218,2
TNG50-1,50,1.0,212082,-0.07988609,-0.00448706,1.06201353,1.51232218,3
TNG50-1,50,1.0,212082,0.00073366,0.02643084,1.06201353,1.51232218,4
TNG50-1,50,1.0,212082,-0.03902271,0.03728143,1.06201353,1.51232218,5
TNG50-1,50,1.0,212082,-0.09771357,0.01002846,1.06201353,1.51232218,6
TNG50-1,50,1.0,212082,0.08680126,-0.00713291,1.06201353,1.51232218,7
TNG50-1,50,1.0,212082,-0.02687809,-0.07226475,1.06201353,1.51232218,8
TNG50-1,50,1.0,212082,-0.08188097,0.02995871,1.06201353,1.51232218,9
TNG50-1,50,1.0,212082,0.04490859,0.00210868,1.06201353,1.51232218,10
TNG50-1,50,1.0,212082,-0.03643072,-0.02068079,1.06201353,1.51232218,11
TNG50-1,50,1.0,212082,0.0545083,0.06388832,1.06201353,1.51232218,12
TNG50-1,50,1.0,212082,-0.03666972,-0.07139168,1.06201353,1.51232218,13
TNG50-1,50,1.0,212082,-0.02704488,0.08220182,1.06201353,1.51232218,14
TNG50-1,50,1.0,213279,-0.00111366,0.03126041,1.11886645,-0.09737342,0
TNG50-1,50,1.0,213279,0.01587591,-0.04100972,1.11886645,-0.09737342,1
TNG50-1,50,1.0,213279,-0.01975221,0.07961076,1.11886645,-0.09737342,2
TNG50-1,50,1.0,213279,-0.08335365,0.00378642,1.11886645,-0.09737342,3
TNG50-1,50,1.0,213279,-0.00698049,0.02304254,1.11886645,-0.09737342,4
TNG50-1,50,1.0,213279,0.01673725,-0.01338035,1.11886645,-0.09737342,5
TNG50-1,50,1.0,213279,0.03381127,0.03293601,1.11886645,-0.09737342,6
TNG50-1,50,1.0,213279,-0.00990166,0.07893964,1.11886645,-0.09737342,7
TNG50-1,50,1.0,213279,-0.10962699,-0.0065643,1.11886645,-0.09737342,8
TNG50-1,50,1.0,213279,-0.07708307,0.08648564,1.11886645,-0.09737342,9
TNG50-1,50,1.0,213279,0.10260098,-0.03057979,1.11886645,-0.09737342,10
TNG50-1,50,1.0,213279,-0.0546268,0.0382048,1.11886645,-0.09737342,11
TNG50-1,50,1.0,213279,0.07135247,0.02445572,1.11886645,-0.09737342,12
TNG50-1,50,1.0,213279,-0.04670434,-0.0534291,1.11886645,-0.09737342,13
TNG50-1,50,1.0,213279,-0.0091228,0.01069049,1.11886645,-0.09737342,14
TNG50-1,50,1.0,130255,0.0003683,-0.06600673,1.00586282,1.24644376,0
TNG50-1,50,1.0,130255,-0.04265961,0.02129611,1.00586282,1.24644376,1
TNG50-1,50,1.0,130255,0.01790012,0.0124197,1.00586282,1.24644376,2
TNG50-1,50,1.0,130255,0.00731448,0.01668012,1.00586282,1.24644376,3
TNG50-1,50,1.0,130255,-0.00362935,0.06181716,1.00586282,1.24644376,4
TNG50-1,50,1.0,130255,-0.00342887,0.06079147,1.00586282,1.24644376,5
TNG50-1,50,1.0,130255,-0.00450051,-0.02254784,1.00586282,1.24644376,6
TNG50-1,50,1.0,130255,-0.01838498,0.00970087,1.00586282,1.24644376,7
TNG50-1,50,1.0,130255,0.0069917,-0.0932051,1.00586282,1.24644376,8
TNG50-1,50,1.0,130255,-0.03219571,0.00495465,1.00586282,1.24644376,9
TNG50-1,50,1.0,130255,0.13284047,-0.03969947,1.00586282,1.24644376,10
TNG50-1,50,1.0,130255,-0.07046666,-0.00931912,1.00586282,1.24644376,11
TNG50-1,50,1.0,130255,-0.0292368,-0.08426859,1.00586282,1.24644376,12
TNG50-1,50,1.0,130255,-0.02528711,0.02024361,1.00586282,1.24644376,13
TNG50-1,50,1.0,130255,0.10202467,-0.08482843,1.00586282,1.24644376,14
TNG50-1,50,1.0,5,0.00741423,0.04576342,0.88917829,-0.07677684,0
TNG50-1,50,1.0,5,-0.06132528,0.01074299,0.88917829,-0.07677684,1
TNG50-1,50,1.0,5,-0.04248205,0.00659787,0.88917829,-0.07677684,2
TNG50-1,50,1.0,5,0.05773661,0.02634333,0.88917829,-0.07677684,3
TNG50-1,50,1.0,5,0.0293959,0.0151882,0.88917829,-0.07677684,4
TNG50-1,50,1.0,5,0.05746016,0.02706779,0.88917829,-0.07677684,5
TNG50-1,50,1.0,5,0.07798636,0.01019997,0.88917829,-0.07677684,6
TNG50-1,50,1.0,5,-0.03864194,0.04213919,0.88917829,-0.07677684,7
TNG50-1,50,1.0,5,0.07494858,-0.08136039,0.88917829,-0.07677684,8
TNG50-1,50,1.0,5,-0.07327528,-0.00656367,0.88917829,-0.07677684,9
TNG50-1,50,1.0,5,0.03730502,-0.06919232,0.88917829,-0.07677684,10
TNG50-1,50,1.0,5,-0.02466689,0.0138351,0.88917829,-0.07677684,11
TNG50-1,50,1.0,5,-0.04651501,0.08209651,0.88917829,-0.07677684,12
TNG50-1,50,1.0,5,0.03072349,-0.02370424,0.88917829,-0.07677684,13
TNG50-1,50,1.0,5,0.04724758,0.0063626,0.88917829,-0.07677684,14
TNG50-1,50,1.0,187650,0.03782434,0.06317417,0.99549746,-1.38126147,0
TNG50-1,50,1.0,187650,-0.10338615,0.07607797,0.99549746,-1.38126147,1
TNG50-1,50,1.0,187650,-0.02610552,0.06899564,0.99549746,-1.38126147,2
TNG50-1,50,1.0,187650,0.01822578,-0.02040544,0.99549746,-1.38126147,3
TNG50-1,50,1.0,187650,-0.14484974,-0.0476887,0.99549746,-1.38126147,4
TNG50-1,50,1.0,187650,-0.04884042,0.06384868,0.99549746,-1.38126147,5
TNG50-1,50,1.0,187650,0.0550429,0.02719536,0.99549746,-1.38126147,6
TNG50-1,50,1.0,187650,0.05014985,0.01642922,0.99549746,-1.38126147,7
TNG50-1,50,1.0,187650,0.01871591,-0.0316816,0.99549746,-1.38126147,8
TNG50-1,50,1.0,187650,0.04410988,0.02128319,0.99549746,-1.38126147,9
TNG50-1,50,1.0,187650,0.01075521,-0.0542639,0.99549746,-1.38126147,10
TNG50-1,50,1.0,187650,0.02776975,0.03170312,0.99549746,-1.38126147,11
TNG50-1,50,1.0,187650,-0.01578269,0.06894433,0.99549746,-1.38126147,12
TNG50-1,50,1.0,187650,0.00579063,0.08155228,0.99549746,-1.38126147,13
TNG50-1,50,1.0,187650,-0.03161852,0.0354262,0.99549746,-1.38126147,14
TNG50-1,50,1.0,25242,-0.06910108,0.0307134,0.79031305,1.01226371,0
TNG50-1,50,1.0,25242,0.00986651,0.02285325,0.79031305,1.01226371,1
TNG50-1,50,1.0,25242,0.10698409,-0.02012154,0.79031305,1.01226371,2
TNG50-1,50,1.0,25242,-0.04343058,0.0607502,0.79031305,1.01226371,3
TNG50-1,50,1.0,25242,-0.060414,0.06686838,0.79031305,1.01226371,4
TNG50-1,50,1.0,25242,0.07067622,0.0345641,0.79031305,1.01226371,5
TNG50-1,50,1.0,25242,0.0308567,0.00498361,0.79031305,1.01226371,6
TNG50-1,50,1.0,25242,0.12400782,-0.06489315,0.79031305,1.01226371,7
TNG50-1,50,1.0,25242,-0.03664347,-0.03187407,0.79031305,1.01226371,8
TNG50-1,50,1.0,25242,-0.04948779,-0.01068551,0.79031305,1.01226371,9
TNG50-1,50,1.0,25242,0.06120627,-0.02673001,0.79031305,1.01226371,10
TNG50-1,50,1.0,25242,-0.05979393,-0.00080389,0.79031305,1.01226371,11
TNG50-1,50,1.0,25242,-0.0098384,0.0889008,0.79031305,1.01226371,12
TNG50-1,50,1.0,25242,-0.00328233,0.06235835,0.79031305,1.01226371,13
TNG50-1,50,1.0,25242,0.05179947,-0.00794164,0.79031305,1.01226371,14
TNG50-1,50,1.0,265881,-0.00245271,0.03776346,0.90321867,0.46553292,0
TNG50-1,50,1.0,265881,-0.08632502,0.012626,0.90321867,0.46553292,1
TNG50-1,50,1.0,265881,0.03562151,0.04612279,0.90321867,0.46553292,2
TNG50-1,50,1.0,265881,0.05128433,-0.02662965,0.90321867,0.46553292,3
TNG50-1,50,1.0,265881,-0.12129542,-0.03975527,0.90321867,0.46553292,4
TNG50-1,50,1.0,265881,-0.04122773,0.06803594,0.90321867,0.46553292,5
TNG50-1,50,1.0,265881,-0.0055227,-0.07614794,0.90321867,0.46553292,6
TNG50-1,50,1.0,265881,0.03672555,0.06257304,0.90321867,0.46553292,7
TNG50-1,50,1.0,265881,-0.02578733,0.06602524,0.90321867,0.46553292,8
TNG50-1,50,1.0,265881,-0.0416071,0.04300448,0.90321867,0.46553292,9
TNG50-1,50,1.0,265881,0.03635846,-0.03439038,0.90321867,0.46553292,10
TNG50-1,50,1.0,265881,-0.02341612,-0.04082619,0.90321867,0.46553292,11
TNG50-1,50,1.0,265881,0.02710273,-0.01050279,0.90321867,0.46553292,12
TNG50-1,50,1.0,265881,-0.05557578,-0.06475198,0.90321867,0.46553292,13
TNG50-1,50,1.0,265881,-0.06761665,-0.0480847,0.90321867,0.46553292,14
TNG50-1,50,1.0,239390,0.03223671,0.03171898,1.12654874,0.88516587,0
TNG50-1,50,1.0,239390,0.03246746,0.01961285,1.12654874,0.88516587,1
TNG50-1,50,1.0,239390,-0.05247874,-0.00884719,1.12654874,0.88516587,2
TNG50-1,50,1.0,239390,0.0338061,-0.0367865,1.12654874,0.88516587,3
TNG50-1,50,1.0,239390,0.02271517,0.0548593,1.12654874,0.88516587,4
TNG50-1,50,1.0,239390,0.07549431,0.01748664,1.12654874,0.88516587,5
TNG50-1,50,1.0,239390,0.02845682,-0.05093069,1.12654874,0.88516587,6
TNG50-1,50,1.0,239390,0.05292905,-0.00968438,1.12654874,0.88516587,7
TNG50-1,50,1.0,239390,0.02385388,-0.08716498,1.12654874,0.88516587,8
TNG50-1,50,1.0,239390,0.04899646,0.00176853,1.12654874,0.88516587,9
TNG50-1,50,1.0,239390,-0.06435586,-0.009919,1.12654874,0.88516587,10
TNG50-1,50,1.0,239390,-0.00608722,-0.02872335,1.12654874,0.88516587,11
TNG50-1,50,1.0,239390,-0.00194914,0.07923001,1.12654874,0.88516587,12
TNG50-1,50,1.0,239390,-0.0121875,-0.05780771,1.12654874,0.88516587,13
TNG50-1,50,1.0,239390,0.02219433,0.03531965,1.12654874,0.88516587,14
TNG50-1,50,1.0,191612,0.10933541,0.09182119,1.10398231,-0.22566103,0
TNG50-1,50,1.0,191612,0.0538634,0.01161233,1.10398231,-0.22566103,1
TNG50-1,50,1.0,191612,-0.00157694,-0.08067949,1.10398231,-0.22566103,2
TNG50-1,50,1.0,191612,-0.05670343,0.02090907,1.10398231,-0.22566103,3
TNG50-1,50,1.0,191612,-0.06810311,0.02728319,1.10398231,-0.22566103,4
TNG50-1,50,1.0,191612,-0.02057758,-0.0062564,1.10398231,-0.22566103,5
TNG50-1,50,1.0,191612,-0.03435004,-0.06066983,1.10398231,-0.22566103,6
TNG50-1,50,1.0,191612,-0.03597735,0.08790273,1.10398231,-0.22566103,7
TNG50-1,50,1.0,191612,-0.01631567,-0.0534942,1.10398231,-0.22566103,8
TNG50-1,50,1.0,191612,-0.00511235,0.03303861,1.10398231,-0.22566103,9
TNG50-1,50,1.0,191612,0.0242606,0.01000253,1.10398231,-0.22566103,10
TNG50-1,50,1.0,191612,-0.06188981,0.03004053,1.10398231,-0.22566103,11
TNG50-1,50,1.0,191612,-0.03411219,0.0853429,1.10398231,-0.22566103,12
TNG50-1,50,1.0,191612,-0.0079836,0.02808194,1.10398231,-0.22566103,13
TNG50-1,50,1.0,191612,-0.00977426,-0.02793321,1.10398231,-0.22566103,14
TNG50-1,50,1.0,240875,0.05529961,0.06344726,1.07393931,0.43334106,0
TNG50-1,50,1.0,240875,-0.03155497,2.651e-05,1.07393931,0.43334106,1
TNG50-1,50,1.0,240875,0.0081779,-0.00758383,1.07393931,0.43334106,2
TNG50-1,50,1.0,240875,-0.06465418,0.02959005,1.07393931,0.43334106,3
TNG50-1,50,1.0,240875,-0.05166406,-0.05024737,1.07393931,0.43334106,4
TNG50-1,50,1.0,240875,0.00256933,-0.06445768,1.07393931,0.43334106,5
TNG50-1,50,1.0,240875,0.01840434,0.02041758,1.07393931,0.43334106,6
TNG50-1,50,1.0,240875,-0.08511953,-0.05498354,1.07393931,0.43334106,7
TNG50-1,50,1.0,240875,0.02486437,-0.05500051,1.07393931,0.43334106,8
TNG50-1,50,1.0,240875,-0.04097145,0.0418378,1.07393931,0.43334106,9
TNG50-1,50,1.0,240875,0.0639844,0.02625321,1.07393931,0.43334106,10
TNG50-1,50,1.0,240875,-0.01759822,-0.06269148,1.07393931,0.43334106,11
TNG50-1,50,1.0,240875,-0.05618111,-0.0309568,1.07393931,0.43334106,12
TNG50-1,50,1.0,240875,0.00379023,-0.04518658,1.07393931,0.43334106,13
TNG50-1,50,1.0,240875,-0.04581175,0.08881596,1.07393931,0.43334106,14
TNG50-1,50,1.0,204984,0.04530052,0.00991796,1.32159012,1.11912642,0
TNG50-1,50,1.0,204984,-0.02104224,-0.05892985,1.32159012,1.11912642,1
TNG50-1,50,1.0,204984,0.02880973,-0.04994639,1.32159012,1.11912642,2
TNG50-1,50,1.0,204984,-0.06780931,0.01994409,1.32159012,1.11912642,3
TNG50-1,50,1.0,204984,-0.03363231,0.07358367,1.32159012,1.11912642,4
TNG50-1,50,1.0,204984,0.00524316,0.00762077,1.32159012,1.11912642,5
TNG50-1,50,1.0,204984,0.02261154,-0.02058342,1.32159012,1.11912642,6
TNG50-1,50,1.0,204984,-0.00487296,0.01121702,1.32159012,1.11912642,7
TNG50-1,50,1.0,204984,0.01240068,-0.05684107,1.32159012,1.11912642,8
TNG50-1,50,1.0,204984,0.00391682,0.06544716,1.32159012,1.11912642,9
TNG50-1,50,1.0,204984,-0.00817887,0.00932971,1.32159012,1.11912642,10
TNG50-1,50,1.0,204984,-0.01480728,-0.03347286,1.32159012,1.11912642,11
TNG50-1,50,1.0,204984,-0.02131324,-0.00833977,1.32159012,1.11912642,12
TNG50-1,50,1.0,204984,0.01159688,-0.02635181,1.32159012,1.11912642,13
TNG50-1,50,1.0,204984,0.02054078,0.0655835,1.32159012,1.11912642,14
TNG50-1,50,1.0,226788,-0.010112,0.03333093,1.26138876,0.41175423,0
TNG50-1,50,1.0,226788,0.00776829,0.02404629,1.26138876,0.41175423,1
TNG50-1,50,1.0,226788,0.02868632,0.02297028,1.26138876,0.41175423,2
TNG50-1,50,1.0,226788,-0.03703833,0.13767886,1.26138876,0.41175423,3
TNG50-1,50,1.0,226788,0.00968547,0.03070678,1.26138876,0.41175423,4
TNG50-1,50,1.0,226788,0.01372178,0.05654689,1.26138876,0.41175423,5
TNG50-1,50,1.0,226788,-0.07770394,-0.0153536,1.26138876,0.41175423,6
TNG50-1,50,1.0,226788,0.01263482,-0.04964562,1.26138876,0.41175423,7
TNG50-1,50,1.0,226788,-0.0022881,-0.01571587,1.26138876,0.41175423,8
TNG50-1,50,1.0,226788,0.00649831,0.03559801,1.26138876,0.41175423,9
TNG50-1,50,1.0,226788,0.00178149,0.02034139,1.26138876,0.41175423,10
TNG50-1,50,1.0,226788,0.01295849,0.02016257,1.26138876,0.41175423,11
TNG50-1,50,1.0,226788,0.06686716,-0.01071722,1.26138876,0.41175423,12
TNG50-1,50,1.0,226788,-0.05897537,-0.01869013,1.26138876,0.41175423,13
TNG50-1,50,1.0,226788,-0.01710762,-0.00899286,1.26138876,0.41175423,14
TNG50-1,50,1.0,235672,0.03622377,-0.02198615,0.71398054,-0.47854739,0
TNG50-1,50,1.0,235672,0.04203637,0.05560073,0.71398054,-0.47854739,1
TNG50-1,50,1.0,235672,-0.05031208,-0.02992754,0.71398054,-0.47854739,2
TNG50-1,50,1.0,235672,0.03811713,0.02832039,0.71398054,-0.47854739,3
TNG50-1,50,1.0,235672,-0.03253606,0.01572975,0.71398054,-0.47854739,4
TNG50-1,50,1.0,235672,0.02344608,-0.06984901,0.71398054,-0.47854739,5
TNG50-1,50,1.0,235672,-0.00959829,0.02595847,0.71398054,-0.47854739,6
TNG50-1,50,1.0,235672,0.07828943,-0.07067566,0.71398054,-0.47854739,7
TNG50-1,50,1.0,235672,-0.02090373,0.03140459,0.71398054,-0.47854739,8
TNG50-1,50,1.0,235672,0.00893059,-0.02535958,0.71398054,-0.47854739,9
TNG50-1,50,1.0,235672,0.03032966,0.00041836,0.71398054,-0.47854739,10
TNG50-1,50,1.0,235672,-0.04369794,-0.064714,0.71398054,-0.47854739,11
TNG50-1,50,1.0,235672,-0.00364285,0.00611912,0.71398054,-0.47854739,12
TNG50-1,50,1.0,235672,-0.01332924,0.04634752,0.71398054,-0.47854739,13
TNG50-1,50,1.0,235672,-0.02569067,-0.04034827,0.71398054,-0.47854739,14
TNG50-1,50,1.0,3,-0.03035835,0.04321945,1.06423399,0.51060178,0
TNG50-1,50,1.0,3,0.02273105,-0.05941895,1.06423399,0.51060178,1
TNG50-1,50,1.0,3,0.02398092,0.11227847,1.06423399,0.51060178,2
TNG50-1,50,1.0,3,-0.12170896,0.11189743,1.06423399,0.51060178,3
TNG50-1,50,1.0,3,0.10077032,0.08163498,1.06423399,0.51060178,4
TNG50-1,50,1.0,3,0.02642767,0.06377395,1.06423399,0.51060178,5
TNG50-1,50,1.0,3,0.03484593,-0.00422742,1.06423399,0.51060178,6
TNG50-1,50,1.0,3,-0.00717702,0.05832734,1.06423399,0.51060178,7
TNG50-1,50,1.0,3,-0.09276768,-0.00480882,1.06423399,0.51060178,8
TNG50-1,50,1.0,3,0.0337361,-0.07767588,1.06423399,0.51060178,9
TNG50-1,50,1.0,3,-0.0282594,0.07516007,1.06423399,0.51060178,10
TNG50-1,50,1.0,3,0.02719658,0.05644122,1.06423399,0.51060178,11
TNG50-1,50,1.0,3,-0.01094005,-0.00156696,1.06423399,0.51060178,12
TNG50-1,50,1.0,3,0.01190197,-0.06125921,1.06423399,0.51060178,13
TNG50-1,50,1.0,3,-0.03874982,-0.02931003,1.06423399,0.51060178,14
TNG50-1,50,1.0,224620,-0.09105728,0.00463631,1.21987296,0.53989586,0
TNG50-1,50,1.0,224620,0.04725404,-0.04119144,1.21987296,0.53989586,1
TNG50-1,50,1.0,224620,-0.08016545,-0.01492245,1.21987296,0.53989586,2
TNG50-1,50,1.0,224620,0.01434154,0.04367871,1.21987296,0.53989586,3
TNG50-1,50,1.0,224620,-0.04218467,-0.02571945,1.21987296,0.53989586,4
TNG50-1,50,1.0,224620,-0.07133517,0.01188169,1.21987296,0.53989586,5
TNG50-1,50,1.0,224620,0.01191775,-0.0006378,1.21987296,0.53989586,6
TNG50-1,50,1.0,224620,-0.01668997,-0.02844063,1.21987296,0.53989586,7
TNG50-1,50,1.0,224620,0.04190946,-0.02630964,1.21987296,0.53989586,8
TNG50-1,50,1.0,224620,-0.06338026,0.01466604,1.21987296,0.53989586,9
TNG50-1,50,1.0,224620,-0.03786573,-0.04884441,1.21987296,0.53989586,10
TNG50-1,50,1.0,224620,-0.11938211,0.02258647,1.21987296,0.53989586,11
TNG50-1,50,1.0,224620,-0.10921733,-0.02357895,1.21987296,0.53989586,12
TNG50-1,50,1.0,224620,0.08990962,0.00636837,1.21987296,0.53989586,13
TNG50-1,50,1.0,224620,0.10417991,0.06919813,1.21987296,0.53989586,14
TNG50-1,50,1.0,242495,-0.0084096,0.06638864,0.89465526,1.44697662,0
TNG50-1,50,1.0,242495,0.04599022,-0.01800042,0.89465526,1.44697662,1
TNG50-1,50,1.0,242495,-0.08960164,-0.03702627,0.89465526,1.44697662,2
TNG50-1,50,1.0,242495,-0.02351815,-0.01128616,0.89465526,1.44697662,3
TNG50-1,50,1.0,242495,0.00138443,-0.05795515,0.89465526,1.44697662,4
TNG50-1,50,1.0,242495,0.09616653,0.02417558,0.89465526,1.44697662,5
TNG50-1,50,1.0,242495,-0.0979976,-0.01929391,0.89465526,1.44697662,6
TNG50-1,50,1.0,242495,-0.00481049,-0.03358944,0.89465526,1.44697662,7
TNG50-1,50,1.0,242495,0.07283444,0.02493292,0.89465526,1.44697662,8
TNG50-1,50,1.0,242495,-0.03925102,-0.05718579,0.89465526,1.44697662,9
TNG50-1,50,1.0,242495,-0.01064194,0.03852511,0.89465526,1.44697662,10
TNG50-1,50,1.0,242495,0.01658695,-0.02391687,0.89465526,1.44697662,11
TNG50-1,50,1.0,242495,0.00922543,0.05795482,0.89465526,1.44697662,12
TNG50-1,50,1.0,242495,0.07828852,-0.01963688,0.89465526,1.44697662,13
TNG50-1,50,1.0,242495,0.02242369,0.03159548,0.89465526,1.44697662,14
TNG50-1,50,1.0,262167,0.00897812,0.02116522,0.67288109,-0.4055409,0
TNG50-1,50,1.0,262167,0.03719509,0.01439875,0.67288109,-0.4055409,1
TNG50-1,50,1.0,262167,0.00549734,-0.01870056,0.67288109,-0.4055409,2
TNG50-1,50,1.0,262167,-0.08316987,0.01162138,0.67288109,-0.4055409,3
TNG50-1,50,1.0,262167,0.05043968,0.05964264,0.67288109,-0.4055409,4
TNG50-1,50,1.0,262167,-0.00438415,-0.00271077,0.67288109,-0.4055409,5
TNG50-1,50,1.0,262167,0.0394758,0.02655872,0.67288109,-0.4055409,6
TNG50-1,50,1.0,262167,0.03451232,0.002318,0.67288109,-0.4055409,7
TNG50-1,50,1.0,262167,-0.03866482,0.0062302,0.67288109,-0.4055409,8
TNG50-1,50,1.0,262167,-0.04573977,0.08617054,0.67288109,-0.4055409,9
TNG50-1,50,1.0,262167,0.03276776,0.0600865,0.67288109,-0.4055409,10
TNG50-1,50,1.0,262167,-0.01516245,0.00397019,0.67288109,-0.4055409,11
TNG50-1,50,1.0,262167,0.04682146,0.0107227,0.67288109,-0.4055409,12
TNG50-1,50,1.0,262167,-0.00891005,-0.03509353,0.67288109,-0.4055409,13
TNG50-1,50,1.0,262167,0.05117049,-0.00864858,0.67288109,-0.4055409,14
TNG50-1,50,1.0,261670,0.01546989,0.10049039,1.18261589,-0.23536257,0
TNG50-1,50,1.0,261670,0.04253068,0.05328284,1.18261589,-0.23536257,1
TNG50-1,50,1.0,261670,0.03746104,-0.02547621,1.18261589,-0.23536257,2
TNG50-1,50,1.0,261670,-0.05546295,-0.05148125,1.18261589,-0.23536257,3
TNG50-1,50,1.0,261670,0.04884914,0.02524067,1.18261589,-0.23536257,4
TNG50-1,50,1.0,261670,-0.00443868,-0.013913,1.18261589,-0.23536257,5
TNG50-1,50,1.0,261670,-0.04934957,0.01649977,1.18261589,-0.23536257,6
TNG50-1,50,1.0,261670,0.06681924,0.03717034,1.18261589,-0.23536257,7
TNG50-1,50,1.0,261670,0.07316395,-0.02832209,1.18261589,-0.23536257,8
TNG50-1,50,1.0,261670,0.01318735,-0.0558054,1.18261589,-0.23536257,9
TNG50-1,50,1.0,261670,0.03543968,0.01929092,1.18261589,-0.23536257,10
TNG50-1,50,1.0,261670,0.03837246,-0.02666939,1.18261589,-0.23536257,11
TNG50-1,50,1.0,261670,0.06978861,0.00730479,1.18261589,-0.23536257,12
TNG50-1,50,1.0,261670,0.03640343,-0.06716632,1.18261589,-0.23536257,13
TNG50-1,50,1.0,261670,-0.06638441,-0.01260914,1.18261589,-0.23536257,14
TNG50-1,50,1.0,7,0.03574759,0.00148623,0.57397525,0.9805632,0
TNG50-1,50,1.0,7,0.03029663,-0.01131677,0.57397525,0.9805632,1
TNG50-1,50,1.0,7,-0.0394179,0.00479415,0.57397525,0.9805632,2
TNG50-1,50,1.0,7,-0.05841322,0.00971261,0.57397525,0.9805632,3
TNG50-1,50,1.0,7,0.00078818,0.0569986,0.57397525,0.9805632,4
TNG50-1,50,1.0,7,0.02805164,0.00423916,0.57397525,0.9805632,5
TNG50-1,50,1.0,7,0.02025876,0.06386298,0.57397525,0.9805632,6
TNG50-1,50,1.0,7,-0.02560799,-0.00588278,0.57397525,0.9805632,7
TNG50-1,50,1.0,7,0.01489122,-0.01750684,0.57397525,0.9805632,8
TNG50-1,50,1.0,7,0.07511777,-0.03345915,0.57397525,0.9805632,9
TNG50-1,50,1.0,7,0.01025723,-0.09085435,0.57397525,0.9805632,10
TNG50-1,50,1.0,7,-0.0816574,0.01378907,0.57397525,0.9805632,11
TNG50-1,50,1.0,7,0.01016002,0.10270001,0.57397525,0.9805632,12
TNG50-1,50,1.0,7,0.10219785,0.02291177,0.57397525,0.9805632,13
TNG50-1,50,1.0,7,-0.06436954,0.03433737,0.57397525,0.9805632,14
TNG50-1,50,1.0,138976,-0.02065157,-0.01592152,0.39928728,0.01810285,0
TNG50-1,50,1.0,138976,-0.01221667,-0.05864244,0.39928728,0.01810285,1
TNG50-1,50,1.0,138976,0.04923207,-0.01850895,0.39928728,0.01810285,2
TNG50-1,50,1.0,138976,0.10043468,-0.01604765,0.39928728,0.01810285,3
TNG50-1,50,1.0,138976,0.0743974,-0.03083186,0.39928728,0.01810285,4
TNG50-1,50,1.0,138976,0.04026223,0.04633351,0.39928728,0.01810285,5
TNG50-1,50,1.0,138976,0.00175753,-0.09514508,0.39928728,0.01810285,6
TNG50-1,50,1.0,138976,0.01048595,-0.09928995,0.39928728,0.01810285,7
TNG50-1,50,1.0,138976,-0.03767537,0.00016429,0.39928728,0.01810285,8
TNG50-1,50,1.0,138976,-0.07240838,0.00480636,0.39928728,0.01810285,9
TNG50-1,50,1.0,138976,-0.05633992,0.02021076,0.39928728,0.01810285,10
TNG50-1,50,1.0,138976,0.00249,-0.02694868,0.39928728,0.01810285,11
TNG50-1,50,1.0,138976,-0.01459961,-0.04589619,0.39928728,0.01810285,12
TNG50-1,50,1.0,138976,-0.07347209,-0.00036581,0.39928728,0.01810285,13
TNG50-1,50,1.0,138976,-0.00186617,-0.02207891,0.39928728,0.01810285,14
TNG50-1,50,1.0,225857,0.07755357,0.0151959,0.85804723,0.74321629,0
TNG50-1,50,1.0,225857,-0.01621136,0.04279149,0.85804723,0.74321629,1
TNG50-1,50,1.0,225857,-0.00265926,-0.0434588,0.85804723,0.74321629,2
TNG50-1,50,1.0,225857,0.12377091,-0.01302561,0.85804723,0.74321629,3
TNG50-1,50,1.0,225857,-0.00973801,0.04739249,0.85804723,0.74321629,4
TNG50-1,50,1.0,225857,0.02780784,0.07435836,0.85804723,0.74321629,5
TNG50-1,50,1.0,225857,0.03231547,-0.03854331,0.85804723,0.74321629,6
TNG50-1,50,1.0,225857,0.03657008,-0.02417942,0.85804723,0.74321629,7
TNG50-1,50,1.0,225857,0.01447436,0.10906879,0.85804723,0.74321629,8
TNG50-1,50,1.0,225857,0.00969204,0.00481306,0.85804723,0.74321629,9
TNG50-1,50,1.0,225857,0.00501671,0.0911681,0.85804723,0.74321629,10
TNG50-1,50,1.0,225857,-0.0287997,0.01034287,0.85804723,0.74321629,11
TNG50-1,50,1.0,225857,0.01627594,0.01230901,0.85804723,0.74321629,12
TNG50-1,50,1.0,225857,0.10143229,-0.01527454,0.85804723,0.74321629,13
TNG50-1,50,1.0,225857,0.0605341,0.04712776,0.85804723,0.74321629,14
TNG50-1,50,1.0,25241,0.06788888,-0.0357987,0.77862302,-0.12657645,0
TNG50-1,50,1.0,25241,-0.05175011,-0.05325222,0.77862302,-0.12657645,1
TNG50-1,50,1.0,25241,-0.01762253,0.02275299,0.77862302,-0.12657645,2
TNG50-1,50,1.0,25241,0.04575393,-0.09838196,0.77862302,-0.12657645,3
TNG50-1,50,1.0,25241,-0.00647743,-0.05057886,0.77862302,-0.12657645,4
TNG50-1,50,1.0,25241,-0.02466927,-0.09314708,0.77862302,-0.12657645,5
TNG50-1,50,1.0,25241,0.05047711,0.02095103,0.77862302,-0.12657645,6
TNG50-1,50,1.0,25241,0.05517266,-0.09013668,0.77862302,-0.12657645,7
TNG50-1,50,1.0,25241,-0.0224821,0.00158646,0.77862302,-0.12657645,8
TNG50-1,50,1.0,25241,0.01061833,0.0819762,0.77862302,-0.12657645,9
TNG50-1,50,1.0,25241,-0.06042374,0.0836717,0.77862302,-0.12657645,10
TNG50-1,50,1.0,25241,-0.04477405,-0.09029538,0.77862302,-0.12657645,11
TNG50-1,50,1.0,25241,0.00620826,0.01492048,0.77862302,-0.12657645,12
TNG50-1,50,1.0,25241,0.00157034,-0.04944856,0.77862302,-0.12657645,13
TNG50-1,50,1.0,25241,-0.0483438,-0.0596568,0.77862302,-0.12657645,14
TNG50-1,50,1.0,70416,-0.0056735,-0.01421759,1.35660334,-0.89379837,0
TNG50-1,50,1.0,70416,0.06141456,0.02008741,1.35660334,-0.89379837,1
TNG50-1,50,1.0,70416,0.02998294,0.04130618,1.35660334,-0.89379837,2
TNG50-1,50,1.0,70416,-0.03575705,-0.02780129,1.35660334,-0.89379837,3
TNG50-1,50,1.0,70416,0.0352517,-0.00297014,1.35660334,-0.89379837,4
TNG50-1,50,1.0,70416,-0.11218542,0.05809533,1.35660334,-0.89379837,5
TNG50-1,50,1.0,70416,-0.03764729,-0.05513803,1.35660334,-0.89379837,6
TNG50-1,50,1.0,70416,-0.04119458,0.09023511,1.35660334,-0.89379837,7
TNG50-1,50,1.0,70416,0.00391603,-0.06695775,1.35660334,-0.89379837,8
TNG50-1,50,1.0,70416,-0.0101414,-0.01726823,1.35660334,-0.89379837,9
TNG50-1,50,1.0,70416,-0.00707355,-0.0475095,1.35660334,-0.89379837,10
TNG50-1,50,1.0,70416,-0.00873598,0.10939635,1.35660334,-0.89379837,11
TNG50-1,50,1.0,70416,0.00112036,-0.0251675,1.35660334,-0.89379837,12
TNG50-1,50,1.0,70416,0.02700655,-0.02504206,1.35660334,-0.89379837,13
TNG50-1,50,1.0,70416,0.00746655,-0.01853744,1.35660334,-0.89379837,14
TNG50-1,50,1.0,252468,0.00478014,0.07002362,0.35989936,0.77033059,0
TNG50-1,50,1.0,252468,-0.01642209,0.00905028,0.35989936,0.77033059,1
TNG50-1,50,1.0,252468,-0.00664434,0.07482441,0.35989936,0.77033059,2
TNG50-1,50,1.0,252468,-0.1764605,-0.03743664,0.35989936,0.77033059,3
TNG50-1,50,1.0,252468,0.00285799,0.05239256,0.35989936,0.77033059,4
TNG50-1,50,1.0,252468,0.00089033,-0.032608,0.35989936,0.77033059,5
TNG50-1,50,1.0,252468,0.05192844,0.01126643,0.35989936,0.77033059,6
TNG50-1,50,1.0,252468,0.06545305,0.01083414,0.35989936,0.77033059,7
TNG50-1,50,1.0,252468,-0.0093854,0.03307459,0.35989936,0.77033059,8
TNG50-1,50,1.0,252468,0.04081145,0.01253703,0.35989936,0.77033059,9
TNG50-1,50,1.0,252468,-0.05507844,-0.03695923,0.35989936,0.77033059,10
TNG50-1,50,1.0,252468,0.03836712,0.04401535,0.35989936,0.77033059,11
TNG50-1,50,1.0,252468,-0.02862379,0.08658283,0.35989936,0.77033059,12
TNG50-1,50,1.0,252468,-0.05923487,-0.02919017,0.35989936,0.77033059,13
TNG50-1,50,1.0,252468,-0.00927943,-0.0917616,0.35989936,0.77033059,14
TNG50-1,50,1.0,195636,0.02496598,0.03422492,1.06109243,-1.15876021,0
TNG50-1,50,1.0,195636,-0.01655902,-0.01840683,1.06109243,-1.15876021,1
TNG50-1,50,1.0,195636,-0.00655514,0.01468296,1.06109243,-1.15876021,2
TNG50-1,50,1.0,195636,0.02780889,0.00940608,1.06109243,-1.15876021,3
TNG50-1,50,1.0,195636,-0.02281962,0.03012097,1.06109243,-1.15876021,4
TNG50-1,50,1.0,195636,-0.0134426,0.0302375,1.06109243,-1.15876021,5
TNG50-1,50,1.0,195636,-0.00500598,-0.13028943,1.06109243,-1.15876021,6
TNG50-1,50,1.0,195636,0.0734877,-0.01202495,1.06109243,-1.15876021,7
TNG50-1,50,1.0,195636,0.00150348,0.02589521,1.06109243,-1.15876021,8
TNG50-1,50,1.0,195636,-0.06178368,-0.02052283,1.06109243,-1.15876021,9
TNG50-1,50,1.0,195636,-0.05979392,0.00181013,1.06109243,-1.15876021,10
TNG50-1,50,1.0,195636,0.0069615,0.037535,1.06109243,-1.15876021,11
TNG50-1,50,1.0,195636,-0.0564714,0.00404626,1.06109243,-1.15876021,12
TNG50-1,50,1.0,195636,-0.07811517,0.07539597,1.06109243,-1.15876021,13
TNG50-1,50,1.0,195636,0.0317768,0.05634931,1.06109243,-1.15876021,14
TNG50-1,50,1.0,214137,-0.00592821,0.02960636,0.40673261,-0.94692735,0
TNG50-1,50,1.0,214137,-0.00990231,-0.0473625,0.40673261,-0.94692735,1
TNG50-1,50,1.0,214137,-0.14251621,-0.01489879,0.40673261,-0.94692735,2
TNG50-1,50,1.0,214137,-0.01632511,-0.00805201,0.40673261,-0.94692735,3
TNG50-1,50,1.0,214137,-0.06766344,-0.02240604,0.40673261,-0.94692735,4
TNG50-1,50,1.0,214137,0.01106148,0.04057077,0.40673261,-0.94692735,5
TNG50-1,50,1.0,214137,0.00764354,0.03206607,0.40673261,-0.94692735,6
TNG50-1,50,1.0,214137,0.03479279,0.05832836,0.40673261,-0.94692735,7
TNG50-1,50,1.0,214137,0.06983352,-0.01655126,0.40673261,-0.94692735,8
TNG50-1,50,1.0,214137,-0.00131347,0.06012638,0.40673261,-0.94692735,9
TNG50-1,50,1.0,214137,0.11402082,-0.06819985,0.40673261,-0.94692735,10
TNG50-1,50,1.0,214137,0.01162257,-0.06941922,0.40673261,-0.94692735,11
TNG50-1,50,1.0,214137,-0.06551082,-0.06069008,0.40673261,-0.94692735,12
TNG50-1,50,1.0,214137,-0.02810359,0.00046058,0.40673261,-0.94692735,13
TNG50-1,50,1.0,214137,-0.01863734,0.06011891,0.40673261,-0.94692735,14
TNG50-1,50,1.0,241679,-0.0301071,0.00280058,0.87760334,0.39843243,0
TNG50-1,50,1.0,241679,-0.02383467,-0.07492748,0.87760334,0.39843243,1
TNG50-1,50,1.0,241679,-0.0108009,0.11447503,0.87760334,0.39843243,2
TNG50-1,50,1.0,241679,0.02864141,0.0193638,0.87760334,0.39843243,3
TNG50-1,50,1.0,241679,-0.02388127,-0.01619435,0.87760334,0.39843243,4
TNG50-1,50,1.0,241679,-0.02667085,0.0478064,0.87760334,0.39843243,5
TNG50-1,50,1.0,241679,-0.06726976,0.03511514,0.87760334,0.39843243,6
TNG50-1,50,1.0,241679,-0.02858606,0.06554692,0.87760334,0.39843243,7
TNG50-1,50,1.0,241679,0.05887309,-0.03311739,0.87760334,0.39843243,8
TNG50-1,50,1.0,241679,0.0045463,0.01592367,0.87760334,0.39843243,9
TNG50-1,50,1.0,241679,-0.03699273,-0.05929351,0.87760334,0.39843243,10
TNG50-1,50,1.0,241679,0.0618072,0.03331672,0.87760334,0.39843243,11
TNG50-1,50,1.0,241679,-0.02926068,-0.00114727,0.87760334,0.39843243,12
TNG50-1,50,1.0,241679,0.07099778,0.01405046,0.87760334,0.39843243,13
TNG50-1,50,1.0,241679,0.07018035,-0.00731749,0.87760334,0.39843243,14
TNG50-1,50,1.0,253145,-0.01254944,-0.10951179,1.39620181,0.77682099,0
TNG50-1,50,1.0,253145,-0.04341156,-0.09119354,1.39620181,0.77682099,1
TNG50-1,50,1.0,253145,0.03952151,-0.00011707,1.39620181,0.77682099,2
TNG50-1,50,1.0,253145,0.0744852,0.0985245,1.39620181,0.77682099,3
TNG50-1,50,1.0,253145,-0.02783342,-0.03493221,1.39620181,0.77682099,4
TNG50-1,50,1.0,253145,0.02767703,0.0431899,1.39620181,0.77682099,5
TNG50-1,50,1.0,253145,0.02160918,-0.02399512,1.39620181,0.77682099,6
TNG50-1,50,1.0,253145,0.00040489,0.00276196,1.39620181,0.77682099,7
TNG50-1,50,1.0,253145,-0.07632979,0.06073419,1.39620181,0.77682099,8
TNG50-1,50,1.0,253145,-0.06507987,-0.01729758,1.39620181,0.77682099,9
TNG50-1,50,1.0,253145,-0.0390491,-0.03450525,1.39620181,0.77682099,10
TNG50-1,50,1.0,253145,-0.10695024,0.07090353,1.39620181,0.77682099,11
TNG50-1,50,1.0,253145,0.07040154,0.00227789,1.39620181,0.77682099,12
TNG50-1,50,1.0,253145,0.01838516,0.05456025,1.39620181,0.77682099,13
TNG50-1,50,1.0,253145,-0.00149805,-0.03426244,1.39620181,0.77682099,14
TNG50-1,50,1.0,101011,0.07033371,0.00682873,1.36822372,1.23994857,0
TNG50-1,50,1.0,101011,0.01368136,-0.00323543,1.36822372,1.23994857,1
TNG50-1,50,1.0,101011,0.02173938,0.02192026,1.36822372,1.23994857,2
TNG50-1,50,1.0,101011,0.00658147,0.00791518,1.36822372,1.23994857,3
TNG50-1,50,1.0,101011,-0.02527375,-0.13548649,1.36822372,1.23994857,4
TNG50-1,50,1.0,101011,-8.414e-05,-0.01618126,1.36822372,1.23994857,5
TNG50-1,50,1.0,101011,-0.02212951,0.02125516,1.36822372,1.23994857,6
TNG50-1,50,1.0,101011,0.0479773,0.08201414,1.36822372,1.23994857,7
TNG50-1,50,1.0,101011,-0.01015286,0.08432288,1.36822372,1.23994857,8
TNG50-1,50,1.0,101011,-0.07482536,-0.06815753,1.36822372,1.23994857,9
TNG50-1,50,1.0,101011,-0.08397119,-0.01748626,1.36822372,1.23994857,10
TNG50-1,50,1.0,101011,-0.08633591,-0.07830574,1.36822372,1.23994857,11
TNG50-1,50,1.0,101011,0.03089854,0.07599425,1.36822372,1.23994857,12
TNG50-1,50,1.0,101011,-0.05757522,0.05064281,1.36822372,1.23994857,13
TNG50-1,50,1.0,101011,0.01500429,0.01752939,1.36822372,1.23994857,14
TNG50-1,50,1.0,266419,0.00830474,0.02432995,0.76530077,-0.71444059,0
TNG50-1,50,1.0,266419,0.06903156,-0.02611832,0.76530077,-0.71444059,1
TNG50-1,50,1.0,266419,0.06056626,0.09417603,0.76530077,-0.71444059,2
TNG50-1,50,1.0,266419,0.05790223,0.02110476,0.76530077,-0.71444059,3
TNG50-1,50,1.0,266419,0.02283399,0.02656917,0.76530077,-0.71444059,4
TNG50-1,50,1.0,266419,-0.01746141,0.0879442,0.76530077,-0.71444059,5
TNG50-1,50,1.0,266419,0.03835624,-0.02245308,0.76530077,-0.71444059,6
TNG50-1,50,1.0,266419,0.0408021,-0.00442159,0.76530077,-0.71444059,7
TNG50-1,50,1.0,266419,-0.00953187,-0.06266611,0.76530077,-0.71444059,8
TNG50-1,50,1.0,266419,-0.01756245,-0.00861752,0.76530077,-0.71444059,9
TNG50-1,50,1.0,266419,0.05666566,-0.07444638,0.76530077,-0.71444059,10
TNG50-1,50,1.0,266419,0.08320581,0.03739247,0.76530077,-0.71444059,11
TNG50-1,50,1.0,266419,-0.03746979,0.02099984,0.76530077,-0.71444059,12
TNG50-1,50,1.0,266419,-0.01316883,-0.01385347,0.76530077,-0.71444059,13
TNG50-1,50,1.0,266419,0.01754665,-0.00502119,0.76530077,-0.71444059,14
TNG50-1,50,1.0,272378,0.03807332,0.02629076,0.89465983,-1.22294581,0
TNG50-1,50,1.0,272378,-0.0567898,-0.09957495,0.89465983,-1.22294581,1
TNG50-1,50,1.0,272378,0.01020839,-0.05181205,0.89465983,-1.22294581,2
TNG50-1,50,1.0,272378,0.03497549,-0.02876091,0.89465983,-1.22294581,3
TNG50-1,50,1.0,272378,-0.0891137,0.04011112,0.89465983,-1.22294581,4
TNG50-1,50,1.0,272378,0.0342469,0.06477342,0.89465983,-1.22294581,5
TNG50-1,50,1.0,272378,-0.08370312,0.05513911,0.89465983,-1.22294581,6
TNG50-1,50,1.0,272378,-0.00587972,-0.00766369,0.89465983,-1.22294581,7
TNG50-1,50,1.0,272378,-0.05816956,-0.12136541,0.89465983,-1.22294581,8
TNG50-1,50,1.0,272378,0.07156233,0.01954265,0.89465983,-1.22294581,9
TNG50-1,50,1.0,272378,-0.05785605,0.07352869,0.89465983,-1.22294581,10
TNG50-1,50,1.0,272378,-0.08250949,0.06168952,0.89465983,-1.22294581,11
TNG50-1,50,1.0,272378,0.00666761,0.02314745,0.89465983,-1.22294581,12
TNG50-1,50,1.0,272378,-0.02068515,-0.05947514,0.89465983,-1.22294581,13
TNG50-1,50,1.0,272378,-0.07523026,-0.02626535,0.89465983,-1.22294581,14
TNG50-1,50,1.0,194155,0.09669072,-0.02564706,1.3781458,1.43271284,0
TNG50-1,50,1.0,194155,-0.07083648,0.07231574,1.3781458,1.43271284,1
TNG50-1,50,1.0,194155,-0.05739206,0.07312587,1.3781458,1.43271284,2
TNG50-1,50,1.0,194155,0.04712758,-0.0938458,1.3781458,1.43271284,3
TNG50-1,50,1.0,194155,-0.02155796,0.02748901,1.3781458,1.43271284,4
TNG50-1,50,1.0,194155,-0.05908776,-0.00606074,1.3781458,1.43271284,5
TNG50-1,50,1.0,194155,0.07639856,-0.05166616,1.3781458,1.43271284,6
TNG50-1,50,1.0,194155,0.0230528,0.0130873,1.3781458,1.43271284,7
TNG50-1,50,1.0,194155,-0.01909006,-0.06747984,1.3781458,1.43271284,8
TNG50-1,50,1.0,194155,-0.05728874,-0.02332277,1.3781458,1.43271284,9
TNG50-1,50,1.0,194155,0.10237033,-0.03992369,1.3781458,1.43271284,10
TNG50-1,50,1.0,194155,-0.00122259,-0.02498956,1.3781458,1.43271284,11
TNG50-1,50,1.0,194155,0.0698664,-0.00357392,1.3781458,1.43271284,12
TNG50-1,50,1.0,194155,0.04468168,-0.05077833,1.3781458,1.43271284,13
TNG50-1,50,1.0,194155,-0.02604508,0.07865895,1.3781458,1.43271284,14
TNG50-1,50,1.0,123138,0.02466416,-0.04313352,0.68843124,-1.08566189,0
TNG50-1,50,1.0,123138,0.08972815,0.10549927,0.68843124,-1.08566189,1
TNG50-1,50,1.0,123138,-0.008004,-0.07633478,0.68843124,-1.08566189,2
TNG50-1,50,1.0,123138,-0.0274395,-0.07132565,0.68843124,-1.08566189,3
TNG50-1,50,1.0,123138,0.08792078,0.0282564,0.68843124,-1.08566189,4
TNG50-1,50,1.0,123138,-0.02890299,0.0812493,0.68843124,-1.08566189,5
TNG50-1,50,1.0,123138,-0.0089146,0.00947754,0.68843124,-1.08566189,6
TNG50-1,50,1.0,123138,0.03600237,0.04996518,0.68843124,-1.08566189,7
TNG50-1,50,1.0,123138,-0.06188629,-0.09979014,0.68843124,-1.08566189,8
TNG50-1,50,1.0,123138,0.03556473,-0.02497725,0.68843124,-1.08566189,9
TNG50-1,50,1.0,123138,0.02916735,-0.09369739,0.68843124,-1.08566189,10
TNG50-1,50,1.0,123138,0.06346627,0.03902055,0.68843124,-1.08566189,11
TNG50-1,50,1.0,123138,0.04450223,-0.07736157,0.68843124,-1.08566189,12
TNG50-1,50,1.0,123138,0.06499892,-0.06389094,0.68843124,-1.08566189,13
TNG50-1,50,1.0,123138,-0.0055211,0.02570126,0.68843124,-1.08566189,14
TNG50-1,50,1.0,200752,0.05309122,-0.03451286,0.53495887,-0.94980719,0
TNG50-1,50,1.0,200752,-0.00794841,0.04444219,0.53495887,-0.94980719,1
TNG50-1,50,1.0,200752,0.02850863,-0.07090574,0.53495887,-0.94980719,2
TNG50-1,50,1.0,200752,0.02688941,-0.0496743,0.53495887,-0.94980719,3
TNG50-1,50,1.0,200752,-0.01077134,-0.01643864,0.53495887,-0.94980719,4
TNG50-1,50,1.0,200752,-0.05473527,0.08068754,0.53495887,-0.94980719,5
TNG50-1,50,1.0,200752,0.02824457,0.05271403,0.53495887,-0.94980719,6
TNG50-1,50,1.0,200752,0.03065478,-0.08204204,0.53495887,-0.94980719,7
TNG50-1,50,1.0,200752,0.04470122,0.06756735,0.53495887,-0.94980719,8
TNG50-1,50,1.0,200752,0.01560332,0.06747101,0.53495887,-0.94980719,9
TNG50-1,50,1.0,200752,-0.058425,-0.05870042,0.53495887,-0.94980719,10
TNG50-1,50,1.0,200752,0.03451701,-0.12607291,0.53495887,-0.94980719,11
TNG50-1,50,1.0,200752,-6.905e-05,-0.00361108,0.53495887,-0.94980719,12
TNG50-1,50,1.0,200752,-0.02413687,0.05612122,0.53495887,-0.94980719,13
TNG50-1,50,1.0,200752,-0.01473179,0.0795631,0.53495887,-0.94980719,14
TNG50-1,50,1.0,279892,-0.04354136,-0.0642591,0.96171447,-0.65555786,0
TNG50-1,50,1.0,279892,0.08759896,-0.0104086,0.96171447,-0.65555786,1
TNG50-1,50,1.0,279892,-0.11139662,0.01820205,0.96171447,-0.65555786,2
TNG50-1,50,1.0,279892,-0.01840253,-0.00414256,0.96171447,-0.65555786,3
TNG50-1,50,1.0,279892,-0.02086053,-0.07759931,0.96171447,-0.65555786,4
TNG50-1,50,1.0,279892,0.05761685,0.09427785,0.96171447,-0.65555786,5
TNG50-1,50,1.0,279892,0.06491512,0.0502109,0.96171447,-0.65555786,6
TNG50-1,50,1.0,279892,0.04771118,-0.01676887,0.96171447,-0.65555786,7
TNG50-1,50,1.0,279892,-0.0675275,-0.01475473,0.96171447,-0.65555786,8
TNG50-1,50,1.0,279892,0.04313095,0.01797437,0.96171447,-0.65555786,9
TNG50-1,50,1.0,279892,0.0254521,-0.05648107,0.96171447,-0.65555786,10
TNG50-1,50,1.0,279892,-0.08356172,0.01613382,0.96171447,-0.65555786,11
TNG50-1,50,1.0,279892,-0.10335069,-0.06653662,0.96171447,-0.65555786,12
TNG50-1,50,1.0,279892,0.05189946,-0.00352671,0.96171447,-0.65555786,13
TNG50-1,50,1.0,279892,-0.00900497,-0.05842857,0.96171447,-0.65555786,14
TNG50-1,50,1.0,236658,-0.0559042,-0.05485325,0.99168906,0.09233566,0
TNG50-1,50,1.0,236658,0.08228613,0.03683544,0.99168906,0.09233566,1
TNG50-1,50,1.0,236658,0.00296129,-0.13583683,0.99168906,0.09233566,2
TNG50-1,50,1.0,236658,0.01037032,-0.02241782,0.99168906,0.09233566,3
TNG50-1,50,1.0,236658,-0.10056899,0.07128977,0.99168906,0.09233566,4
TNG50-1,50,1.0,236658,-0.02985009,0.00036062,0.99168906,0.09233566,5
TNG50-1,50,1.0,236658,0.02306061,0.04481584,0.99168906,0.09233566,6
TNG50-1,50,1.0,236658,0.00970681,-0.08208992,0.99168906,0.09233566,7
TNG50-1,50,1.0,236658,-0.10770149,-0.08009948,0.99168906,0.09233566,8
TNG50-1,50,1.0,236658,0.0103569,0.07186212,0.99168906,0.09233566,9
TNG50-1,50,1.0,236658,0.01832794,0.00506077,0.99168906,0.09233566,10
TNG50-1,50,1.0,236658,0.0641881,0.00516372,0.99168906,0.09233566,11
TNG50-1,50,1.0,236658,-0.03276156,-0.05590764,0.99168906,0.09233566,12
TNG50-1,50,1.0,236658,-0.11210344,0.00503909,0.99168906,0.09233566,13
TNG50-1,50,1.0,236658,-0.04983854,-0.05729688,0.99168906,0.09233566,14
TNG50-1,50,1.0,215165,0.05934352,-0.02869096,1.39549901,1.20268199,0
TNG50-1,50,1.0,215165,0.13639154,0.02059401,1.39549901,1.20268199,1
TNG50-1,50,1.0,215165,0.02419705,0.00926458,1.39549901,1.20268199,2
TNG50-1,50,1.0,215165,-0.03174732,0.10658027,1.39549901,1.20268199,3
TNG50-1,50,1.0,215165,-0.12668292,0.02194244,1.39549901,1.20268199,4
TNG50-1,50,1.0,215165,-0.08422321,0.05755728,1.39549901,1.20268199,5
TNG50-1,50,1.0,215165,0.07774309,-0.05356426,1.39549901,1.20268199,6
TNG50-1,50,1.0,215165,-0.05145959,0.02625786,1.39549901,1.20268199,7
TNG50-1,50,1.0,215165,-0.01854174,-0.03614907,1.39549901,1.20268199,8
TNG50-1,50,1.0,215165,0.0327663,0.01977266,1.39549901,1.20268199,9
TNG50-1,50,1.0,215165,0.07411449,0.03442573,1.39549901,1.20268199,10
TNG50-1,50,1.0,215165,-0.00997935,0.00249344,1.39549901,1.20268199,11
TNG50-1,50,1.0,215165,-0.02023334,0.12036629,1.39549901,1.20268199,12
TNG50-1,50,1.0,215165,0.00358105,0.07139899,1.39549901,1.20268199,13
TNG50-1,50,1.0,215165,-0.03138189,0.05886227,1.39549901,1.20268199,14
TNG50-1,50,1.0,87126,0.03821431,-0.03675982,0.63134965,0.81852947,0
TNG50-1,50,1.0,87126,0.08816804,-0.06482542,0.63134965,0.81852947,1
TNG50-1,50,1.0,87126,-0.07184846,-0.0162627,0.63134965,0.81852947,2
TNG50-1,50,1.0,87126,0.06851416,-0.04701249,0.63134965,0.81852947,3
TNG50-1,50,1.0,87126,-0.04956222,0.02337749,0.63134965,0.81852947,4
TNG50-1,50,1.0,87126,-0.02821696,0.02260108,0.63134965,0.81852947,5
TNG50-1,50,1.0,87126,0.02806962,-0.02315841,0.63134965,0.81852947,6
TNG50-1,50,1.0,87126,0.06166101,0.09924775,0.63134965,0.81852947,7
TNG50-1,50,1.0,87126,-0.05767883,-0.03677237,0.63134965,0.81852947,8
TNG50-1,50,1.0,87126,-0.02562724,-0.00597155,0.63134965,0.81852947,9
TNG50-1,50,1.0,87126,0.0048766,0.03195813,0.63134965,0.81852947,10
TNG50-1,50,1.0,87126,-0.0093183,0.04460274,0.63134965,0.81852947,11
TNG50-1,50,1.0,87126,0.0427016,0.06387883,0.63134965,0.81852947,12
TNG50-1,50,1.0,87126,0.17179638,0.02142482,0.63134965,0.81852947,13
TNG50-1,50,1.0,87126,0.02096604,0.05254564,0.63134965,0.81852947,14
TNG50-1,50,1.0,258649,-0.03325541,-0.03414206,1.11755705,0.65394624,0
TNG50-1,50,1.0,258649,0.0459041,-0.03688391,1.11755705,0.65394624,1
TNG50-1,50,1.0,258649,0.04523646,-0.01355024,1.11755705,0.65394624,2
TNG50-1,50,1.0,258649,0.07564433,-0.01415522,1.11755705,0.65394624,3
TNG50-1,50,1.0,258649,-0.0834218,0.09370659,1.11755705,0.65394624,4
TNG50-1,50,1.0,258649,-0.04535916,-0.01970926,1.11755705,0.65394624,5
TNG50-1,50,1.0,258649,0.04115705,0.01720751,1.11755705,0.65394624,6
TNG50-1,50,1.0,258649,-0.13256822,-0.02884415,1.11755705,0.65394624,7
TNG50-1,50,1.0,258649,0.02460031,-0.02947979,1.11755705,0.65394624,8
TNG50-1,50,1.0,258649,0.05299022,-0.08521853,1.11755705,0.65394624,9
TNG50-1,50,1.0,258649,-0.02881876,-0.07856831,1.11755705,0.65394624,10
TNG50-1,50,1.0,258649,-0.0215095,-0.06034991,1.11755705,0.65394624,11
TNG50-1,50,1.0,258649,-0.05370687,0.00918484,1.11755705,0.65394624,12
TNG50-1,50,1.0,258649,-0.02607736,0.05380868,1.11755705,0.65394624,13
TNG50-1,50,1.0,258649,-0.02462843,-0.08933323,1.11755705,0.65394624,14
TNG50-1,50,1.0,260271,-0.02745384,-0.00587866,0.49101853,-1.02045034,0
TNG50-1,50,1.0,260271,-0.06834454,0.02723387,0.49101853,-1.02045034,1
TNG50-1,50,1.0,260271,-0.01321385,0.04156735,0.49101853,-1.02045034,2
TNG50-1,50,1.0,260271,0.05378847,0.02387248,0.49101853,-1.02045034,3
TNG50-1,50,1.0,260271,-0.02234412,-0.01515967,0.49101853,-1.02045034,4
TNG50-1,50,1.0,260271,-0.00237585,0.0466665,0.49101853,-1.02045034,5
TNG50-1,50,1.0,260271,0.07276142,-0.04365314,0.49101853,-1.02045034,6
TNG50-1,50,1.0,260271,0.02289505,-0.0660261,0.49101853,-1.02045034,7
TNG50-1,50,1.0,260271,-0.03800459,-0.15976433,0.49101853,-1.02045034,8
TNG50-1,50,1.0,260271,0.00794576,-0.00350705,0.49101853,-1.02045034,9
TNG50-1,50,1.0,260271,-0.04137745,-0.04107732,0.49101853,-1.02045034,10
TNG50-1,50,1.0,260271,0.0210241,0.01988772,0.49101853,-1.02045034,11
TNG50-1,50,1.0,260271,0.02576701,-0.09856137,0.49101853,-1.02045034,12
TNG50-1,50,1.0,260271,-0.06835799,-0.03235893,0.49101853,-1.02045034,13
TNG50-1,50,1.0,260271,0.00875747,0.0235135,0.49101853,-1.02045034,14
TNG50-1,50,1.0,250975,-0.05149181,-0.09259722,1.07903037,-0.4471032,0
TNG50-1,50,1.0,250975,0.02046284,0.02603713,1.07903037,-0.4471032,1
TNG50-1,50,1.0,250975,-0.02785113,0.04820657,1.07903037,-0.4471032,2
TNG50-1,50,1.0,250975,-0.00164042,-0.08960875,1.07903037,-0.4471032,3
TNG50-1,50,1.0,250975,0.0297579,0.01844631,1.07903037,-0.4471032,4
TNG50-1,50,1.0,250975,0.04763985,0.05415915,1.07903037,-0.4471032,5
TNG50-1,50,1.0,250975,0.00462462,0.02979555,1.07903037,-0.4471032,6
TNG50-1,50,1.0,250975,-0.04070051,-0.02083351,1.07903037,-0.4471032,7
TNG50-1,50,1.0,250975,-0.02290194,-0.04717482,1.07903037,-0.4471032,8
TNG50-1,50,1.0,250975,0.03184777,0.0040489,1.07903037,-0.4471032,9
TNG50-1,50,1.0,250975,-0.05106268,0.01238925,1.07903037,-0.4471032,10
TNG50-1,50,1.0,250975,-0.00890333,0.00479038,1.07903037,-0.4471032,11
TNG50-1,50,1.0,250975,-0.0192942,-0.00900673,1.07903037,-0.4471032,12
TNG50-1,50,1.0,250975,-0.00516809,-0.05413259,1.07903037,-0.4471032,13
TNG50-1,50,1.0,250975,-0.05046413,0.02113441,1.07903037,-0.4471032,14
TNG50-1,50,1.0,228904,0.02354272,0.04615324,0.89215441,-0.06784293,0
TNG50-1,50,1.0,228904,0.01004111,-0.05290202,0.89215441,-0.06784293,1
TNG50-1,50,1.0,228904,0.00554968,-0.00696287,0.89215441,-0.06784293,2
TNG50-1,50,1.0,228904,0.08396247,0.01017615,0.89215441,-0.06784293,3
TNG50-1,50,1.0,228904,-0.03121894,-0.02538023,0.89215441,-0.06784293,4
TNG50-1,50,1.0,228904,0.06407175,0.11788999,0.89215441,-0.06784293,5
TNG50-1,50,1.0,228904,-0.03670122,0.01168319,0.89215441,-0.06784293,6
TNG50-1,50,1.0,228904,0.05544753,-0.00309061,0.89215441,-0.06784293,7
TNG50-1,50,1.0,228904,0.06166838,0.05954255,0.89215441,-0.06784293,8
TNG50-1,50,1.0,228904,-0.01465256,-0.01826068,0.89215441,-0.06784293,9
TNG50-1,50,1.0,228904,0.08304815,0.05037138,0.89215441,-0.06784293,10
TNG50-1,50,1.0,228904,0.02345179,-0.08338662,0.89215441,-0.06784293,11
TNG50-1,50,1.0,228904,-0.04386362,-0.0226827,0.89215441,-0.06784293,12
TNG50-1,50,1.0,228904,-0.01870783,0.05245352,0.89215441,-0.06784293,13
TNG50-1,50,1.0,228904,0.05663812,0.07850989,0.89215441,-0.06784293,14
TNG50-1,50,1.0,176325,-0.03866479,-0.05290986,1.1712821,-1.10764403,0
TNG50-1,50,1.0,176325,-0.04449108,0.01283793,1.1712821,-1.10764403,1
TNG50-1,50,1.0,176325,0.02837232,-0.04802019,1.1712821,-1.10764403,2
TNG50-1,50,1.0,176325,-0.03115169,-0.01546578,1.1712821,-1.10764403,3
TNG50-1,50,1.0,176325,-0.0134289,0.09017347,1.1712821,-1.10764403,4
TNG50-1,50,1.0,176325,0.04382025,-0.02333443,1.1712821,-1.10764403,5
TNG50-1,50,1.0,176325,-0.02720511,-0.01430187,1.1712821,-1.10764403,6
TNG50-1,50,1.0,176325,-0.09827129,-0.04712646,1.1712821,-1.10764403,7
TNG50-1,50,1.0,176325,-0.06505422,0.05730947,1.1712821,-1.10764403,8
TNG50-1,50,1.0,176325,0.00049778,-0.16316334,1.1712821,-1.10764403,9
TNG50-1,50,1.0,176325,-0.09317116,-0.02213987,1.1712821,-1.10764403,10
TNG50-1,50,1.0,176325,-0.01485802,-0.0022943,1.1712821,-1.10764403,11
TNG50-1,50,1.0,176325,-0.06960483,-0.03305387,1.1712821,-1.10764403,12
TNG50-1,50,1.0,176325,0.08199695,0.04317728,1.1712821,-1.10764403,13
TNG50-1,50,1.0,176325,0.10825713,0.06010136,1.1712821,-1.10764403,14
TNG50-1,50,1.0,283184,-0.07060198,-0.02100775,1.26604115,-0.71179158,0
TNG50-1,50,1.0,283184,0.10467433,0.02162375,1.26604115,-0.71179158,1
TNG50-1,50,1.0,283184,-0.07116294,0.00603552,1.26604115,-0.71179158,2
TNG50-1,50,1.0,283184,0.06443153,0.09871724,1.26604115,-0.71179158,3
TNG50-1,50,1.0,283184,0.00749138,-0.11052265,1.26604115,-0.71179158,4
TNG50-1,50,1.0,283184,-0.02518505,0.02346705,1.26604115,-0.71179158,5
TNG50-1,50,1.0,283184,-0.02046835,0.00032101,1.26604115,-0.71179158,6
TNG50-1,50,1.0,283184,-0.00167564,0.04078352,1.26604115,-0.71179158,7
TNG50-1,50,1.0,283184,0.01042089,0.03582326,1.26604115,-0.71179158,8
TNG50-1,50,1.0,283184,-0.04600772,-0.00824959,1.26604115,-0.71179158,9
TNG50-1,50,1.0,283184,-0.011697,0.00863256,1.26604115,-0.71179158,10
TNG50-1,50,1.0,283184,-0.03853364,-0.03720346,1.26604115,-0.71179158,11
TNG50-1,50,1.0,283184,-0.06075248,0.030684,1.26604115,-0.71179158,12
TNG50-1,50,1.0,283184,-0.04086559,-0.0939438,1.26604115,-0.71179158,13
TNG50-1,50,1.0,283184,-0.05749873,0.03884132,1.26604115,-0.71179158,14
TNG50-1,50,1.0,233979,-0.00115867,-0.03604489,0.64729221,-0.602139,0
TNG50-1,50,1.0,233979,-0.0243531,0.02863259,0.64729221,-0.602139,1
TNG50-1,50,1.0,233979,-0.01162666,0.00208618,0.64729221,-0.602139,2
TNG50-1,50,1.0,233979,-0.00795981,0.07081368,0.64729221,-0.602139,3
TNG50-1,50,1.0,233979,0.06486519,-0.07056837,0.64729221,-0.602139,4
TNG50-1,50,1.0,233979,0.16167468,0.11760825,0.64729221,-0.602139,5
TNG50-1,50,1.0,233979,0.06099354,-0.07689962,0.64729221,-0.602139,6
TNG50-1,50,1.0,233979,-0.02826629,-0.10145819,0.64729221,-0.602139,7
TNG50-1,50,1.0,233979,0.03148909,-0.00294564,0.64729221,-0.602139,8
TNG50-1,50,1.0,233979,0.03366646,-0.05672295,0.64729221,-0.602139,9
TNG50-1,50,1.0,233979,-0.04625804,-0.00193778,0.64729221,-0.602139,10
TNG50-1,50,1.0,233979,-0.06303996,-0.00368634,0.64729221,-0.602139,11
TNG50-1,50,1.0,233979,-0.00316405,-0.00978871,0.64729221,-0.602139,12
TNG50-1,50,1.0,233979,0.04038538,-0.04212055,0.64729221,-0.602139,13
TNG50-1,50,1.0,233979,-0.08059041,0.02163281,0.64729221,-0.602139,14
TNG50-1,50,1.0,259473,-0.01586686,-0.00014525,0.96154359,-1.17094636,0
TNG50-1,50,1.0,259473,0.05518324,-0.03430483,0.96154359,-1.17094636,1
TNG50-1,50,1.0,259473,-0.00901861,0.00999123,0.96154359,-1.17094636,2
TNG50-1,50,1.0,259473,-0.04823237,-0.08413927,0.96154359,-1.17094636,3
TNG50-1,50,1.0,259473,-0.08438553,-0.08176636,0.96154359,-1.17094636,4
TNG50-1,50,1.0,259473,-0.00860547,-0.0560093,0.96154359,-1.17094636,5
TNG50-1,50,1.0,259473,-0.06346023,0.01747636,0.96154359,-1.17094636,6
TNG50-1,50,1.0,259473,-0.06749809,-0.00016292,0.96154359,-1.17094636,7
TNG50-1,50,1.0,259473,0.02637287,0.05244896,0.96154359,-1.17094636,8
TNG50-1,50,1.0,259473,-0.0888835,-0.04599949,0.96154359,-1.17094636,9
TNG50-1,50,1.0,259473,0.07060967,0.02873339,0.96154359,-1.17094636,10
TNG50-1,50,1.0,259473,0.00798582,-0.00569353,0.96154359,-1.17094636,11
TNG50-1,50,1.0,259473,-0.00219213,-0.04715226,0.96154359,-1.17094636,12
TNG50-1,50,1.0,259473,-0.0517383,0.01926538,0.96154359,-1.17094636,13
TNG50-1,50,1.0,259473,0.03821861,-0.00330059,0.96154359,-1.17094636,14
TNG50-1,50,1.0,253881,-0.03145596,-0.11983679,0.92156323,0.15783265,0
TNG50-1,50,1.0,253881,0.00209995,0.03986825,0.92156323,0.15783265,1
TNG50-1,50,1.0,253881,-0.00647652,-0.09370079,0.92156323,0.15783265,2
TNG50-1,50,1.0,253881,-0.0076844,-0.0707704,0.92156323,0.15783265,3
TNG50-1,50,1.0,253881,-0.02062966,-0.02571329,0.92156323,0.15783265,4
TNG50-1,50,1.0,253881,-0.06524743,0.10850621,0.92156323,0.15783265,5
TNG50-1,50,1.0,253881,0.00373827,0.08387097,0.92156323,0.15783265,6
TNG50-1,50,1.0,253881,-0.04013572,0.03532439,0.92156323,0.15783265,7
TNG50-1,50,1.0,253881,-0.05101644,0.01782712,0.92156323,0.15783265,8
TNG50-1,50,1.0,253881,-0.01203499,-0.09311385,0.92156323,0.15783265,9
TNG50-1,50,1.0,253881,0.03670133,0.00783791,0.92156323,0.15783265,10
TNG50-1,50,1.0,253881,0.00928068,-0.02746108,0.92156323,0.15783265,11
TNG50-1,50,1.0,253881,-0.02655711,-0.04083347,0.92156323,0.15783265,12
TNG50-1,50,1.0,253881,-0.0285673,0.00774015,0.92156323,0.15783265,13
TNG50-1,50,1.0,253881,0.03179066,-0.0235555,0.92156323,0.15783265,14
TNG50-1,50,1.0,292471,0.04346498,-0.03056413,0.31092801,0.64411508,0
TNG50-1,50,1.0,292471,-0.09679774,0.07949211,0.31092801,0.64411508,1
TNG50-1,50,1.0,292471,0.00375057,0.020762,0.31092801,0.64411508,2
TNG50-1,50,1.0,292471,-0.04395486,-0.01913561,0.31092801,0.64411508,3
TNG50-1,50,1.0,292471,-0.02048179,0.00729302,0.31092801,0.64411508,4
TNG50-1,50,1.0,292471,0.01523132,-0.05134101,0.31092801,0.64411508,5
TNG50-1,50,1.0,292471,-0.05586539,-0.02183858,0.31092801,0.64411508,6
TNG50-1,50,1.0,292471,0.00821161,-0.01600387,0.31092801,0.64411508,7
TNG50-1,50,1.0,292471,-0.01061691,-0.0623397,0.31092801,0.64411508,8
TNG50-1,50,1.0,292471,-0.03302934,0.0193677,0.31092801,0.64411508,9
TNG50-1,50,1.0,292471,-0.02352862,-0.02528064,0.31092801,0.64411508,10
TNG50-1,50,1.0,292471,-0.00772759,-0.01777333,0.31092801,0.64411508,11
TNG50-1,50,1.0,292471,-0.03839183,-0.02843599,0.31092801,0.64411508,12
TNG50-1,50,1.0,292471,0.00035472,0.14795453,0.31092801,0.64411508,13
TNG50-1,50,1.0,292471,-0.01390883,-0.03313076,0.31092801,0.64411508,14
TNG50-1,50,1.0,206386,-0.10343385,0.01256069,0.31575343,-1.35109963,0
TNG50-1,50,1.0,206386,-0.0799966,0.04346627,0.31575343,-1.35109963,1
TNG50-1,50,1.0,206386,0.03796513,0.02699425,0.31575343,-1.35109963,2
TNG50-1,50,1.0,206386,0.06682263,0.01366789,0.31575343,-1.35109963,3
TNG50-1,50,1.0,206386,-0.03408986,0.00543495,0.31575343,-1.35109963,4
TNG50-1,50,1.0,206386,0.06394748,0.04486953,0.31575343,-1.35109963,5
TNG50-1,50,1.0,206386,0.0370795,0.03593211,0.31575343,-1.35109963,6
TNG50-1,50,1.0,206386,-0.00947401,0.01319467,0.31575343,-1.35109963,7
TNG50-1,50,1.0,206386,-0.01302231,-0.03468813,0.31575343,-1.35109963,8
TNG50-1,50,1.0,206386,0.00904351,0.01927794,0.31575343,-1.35109963,9
TNG50-1,50,1.0,206386,0.04387279,-0.0033504,0.31575343,-1.35109963,10
TNG50-1,50,1.0,206386,0.01986473,-0.0154128,0.31575343,-1.35109963,11
TNG50-1,50,1.0,206386,-0.03384042,0.1339388,0.31575343,-1.35109963,12
TNG50-1,50,1.0,206386,-0.00871035,-0.07695257,0.31575343,-1.35109963,13
TNG50-1,50,1.0,206386,0.09906317,0.04792564,0.31575343,-1.35109963,14
TNG50-1,50,1.0,217773,-0.04313355,-0.07649017,0.52937603,-0.05930352,0
TNG50-1,50,1.0,217773,0.00655977,-0.05188433,0.52937603,-0.05930352,1
TNG50-1,50,1.0,217773,0.12842938,0.02068099,0.52937603,-0.05930352,2
TNG50-1,50,1.0,217773,-0.04811845,-0.0293182,0.52937603,-0.05930352,3
TNG50-1,50,1.0,217773,-0.03619363,-0.0759194,0.52937603,-0.05930352,4
TNG50-1,50,1.0,217773,-0.00087569,0.10199821,0.52937603,-0.05930352,5
TNG50-1,50,1.0,217773,-0.04236085,-0.05008169,0.52937603,-0.05930352,6
TNG50-1,50,1.0,217773,0.04420282,-0.00981289,0.52937603,-0.05930352,7
TNG50-1,50,1.0,217773,-0.02672647,-0.01045963,0.52937603,-0.05930352,8
TNG50-1,50,1.0,217773,0.03270048,0.03551546,0.52937603,-0.05930352,9
TNG50-1,50,1.0,217773,-0.06645946,0.02311762,0.52937603,-0.05930352,10
TNG50-1,50,1.0,217773,-0.09034158,-0.04134005,0.52937603,-0.05930352,11
TNG50-1,50,1.0,217773,-0.01144925,-0.01629136,0.52937603,-0.05930352,12
TNG50-1,50,1.0,217773,-0.07842539,-0.01134612,0.52937603,-0.05930352,13
TNG50-1,50,1.0,217773,0.07591345,0.03744797,0.52937603,-0.05930352,14
TNG50-1,50,1.0,195637,-0.0584161,0.01074381,1.24300861,0.88659262,0
TNG50-1,50,1.0,195637,0.10090553,-0.00498448,1.24300861,0.88659262,1
TNG50-1,50,1.0,195637,-0.03795917,-0.07165224,1.24300861,0.88659262,2
TNG50-1,50,1.0,195637,-0.00043747,-0.05713542,1.24300861,0.88659262,3
TNG50-1,50,1.0,195637,-0.05799947,-0.0639205,1.24300861,0.88659262,4
TNG50-1,50,1.0,195637,-0.06490795,0.06534256,1.24300861,0.88659262,5
TNG50-1,50,1.0,195637,-0.04372142,0.02652816,1.24300861,0.88659262,6
TNG50-1,50,1.0,195637,-0.04852616,-0.04308103,1.24300861,0.88659262,7
TNG50-1,50,1.0,195637,-0.02071285,-0.02821858,1.24300861,0.88659262,8
TNG50-1,50,1.0,195637,-0.04894825,-0.04126451,1.24300861,0.88659262,9
TNG50-1,50,1.0,195637,0.03477762,-0.04429306,1.24300861,0.88659262,10
TNG50-1,50,1.0,195637,-0.03914919,0.02301505,1.24300861,0.88659262,11
TNG50-1,50,1.0,195637,-0.04469077,-0.01437681,1.24300861,0.88659262,12
TNG50-1,50,1.0,195637,-0.01964844,0.10405839,1.24300861,0.88659262,13
TNG50-1,50,1.0,195637,0.04964194,0.06251799,1.24300861,0.88659262,14
TNG50-1,50,1.0,138977,0.06547402,-0.08254036,0.86138515,0.77908397,0
TNG50-1,50,1.0,138977,0.03356785,0.03268284,0.86138515,0.77908397,1
TNG50-1,50,1.0,138977,-0.02113295,-0.05191465,0.86138515,0.77908397,2
TNG50-1,50,1.0,138977,0.02988954,0.00843338,0.86138515,0.77908397,3
TNG50-1,50,1.0,138977,-0.01744163,0.05671085,0.86138515,0.77908397,4
TNG50-1,50,1.0,138977,0.0815138,-0.03360085,0.86138515,0.77908397,5
TNG50-1,50,1.0,138977,0.02021397,-0.01340518,0.86138515,0.77908397,6
TNG50-1,50,1.0,138977,0.01311802,-0.06516833,0.86138515,0.77908397,7
TNG50-1,50,1.0,138977,0.00635363,-0.01941786,0.86138515,0.77908397,8
TNG50-1,50,1.0,138977,0.08701332,0.12870118,0.86138515,0.77908397,9
TNG50-1,50,1.0,138977,-0.07168752,0.03889666,0.86138515,0.77908397,10
TNG50-1,50,1.0,138977,0.09191439,-0.01323652,0.86138515,0.77908397,11
TNG50-1,50,1.0,138977,-0.00930769,-0.0305844,0.86138515,0.77908397,12
TNG50-1,50,1.0,138977,-0.07030745,-0.00213167,0.86138515,0.77908397,13
TNG50-1,50,1.0,138977,-0.03761049,0.00650254,0.86138515,0.77908397,14
TNG50-1,50,1.0,283589,-0.02095349,-0.05303463,0.49207613,0.98983132,0
TNG50-1,50,1.0,283589,0.02650296,-0.10103699,0.49207613,0.98983132,1
TNG50-1,50,1.0,283589,-0.04767237,-0.03775506,0.49207613,0.98983132,2
TNG50-1,50,1.0,283589,-0.04791938,-0.06106293,0.49207613,0.98983132,3
TNG50-1,50,1.0,283589,0.01850977,0.0912869,0.49207613,0.98983132,4
TNG50-1,50,1.0,283589,-0.05843209,-0.00051573,0.49207613,0.98983132,5
TNG50-1,50,1.0,283589,0.03645086,0.04667094,0.49207613,0.98983132,6
TNG50-1,50,1.0,283589,-0.00071403,-0.01425155,0.49207613,0.98983132,7
TNG50-1,50,1.0,283589,-0.09139546,-0.00898337,0.49207613,0.98983132,8
TNG50-1,50,1.0,283589,0.00547496,-0.00163135,0.49207613,0.98983132,9
TNG50-1,50,1.0,283589,-0.08425733,0.05532697,0.49207613,0.98983132,10
TNG50-1,50,1.0,283589,0.0346681,0.01558124,0.49207613,0.98983132,11
TNG50-1,50,1.0,283589,-0.01243572,-0.05286669,0.49207613,0.98983132,12
TNG50-1,50,1.0,283589,0.09255421,0.08112571,0.49207613,0.98983132,13
TNG50-1,50,1.0,283589,0.05356564,-0.01464077,0.49207613,0.98983132,14
TNG50-1,50,1.0,106002,-0.02277601,-0.06796932,1.07774025,-0.16260685,0
TNG50-1,50,1.0,106002,-0.14147527,0.01163592,1.07774025,-0.16260685,1
TNG50-1,50,1.0,106002,0.03171998,-0.07710911,1.07774025,-0.16260685,2
TNG50-1,50,1.0,106002,0.00505063,-0.05138635,1.07774025,-0.16260685,3
TNG50-1,50,1.0,106002,0.00499628,-0.10093457,1.07774025,-0.16260685,4
TNG50-1,50,1.0,106002,-0.02014123,-0.00875585,1.07774025,-0.16260685,5
TNG50-1,50,1.0,106002,-0.02876089,0.08048169,1.07774025,-0.16260685,6
TNG50-1,50,1.0,106002,-0.01847902,-0.00585383,1.07774025,-0.16260685,7
TNG50-1,50,1.0,106002,0.02315804,0.03217927,1.07774025,-0.16260685,8
TNG50-1,50,1.0,106002,0.03195589,0.11761569,1.07774025,-0.16260685,9
TNG50-1,50,1.0,106002,-0.01155158,0.02020279,1.07774025,-0.16260685,10
TNG50-1,50,1.0,106002,0.04744687,-0.0382606,1.07774025,-0.16260685,11
TNG50-1,50,1.0,106002,-0.00394871,-0.03137843,1.07774025,-0.16260685,12
TNG50-1,50,1.0,106002,-0.02521132,3.291e-05,1.07774025,-0.16260685,13
TNG50-1,50,1.0,106002,0.00992078,-0.03164473,1.07774025,-0.16260685,14
TNG50-1,50,1.0,101010,-0.02790435,-0.1310827,1.31618096,1.00705978,0
TNG50-1,50,1.0,101010,0.0492627,0.00616166,1.31618096,1.00705978,1
TNG50-1,50,1.0,101010,0.05130781,-0.00911805,1.31618096,1.00705978,2
TNG50-1,50,1.0,101010,-0.08234462,0.06356155,1.31618096,1.00705978,3
TNG50-1,50,1.0,101010,-0.04090848,0.00027452,1.31618096,1.00705978,4
TNG50-1,50,1.0,101010,-0.02320022,-0.06273737,1.31618096,1.00705978,5
TNG50-1,50,1.0,101010,0.02995445,-0.01290494,1.31618096,1.00705978,6
TNG50-1,50,1.0,101010,0.05715378,-0.10455414,1.31618096,1.00705978,7
TNG50-1,50,1.0,101010,0.1350984,-0.06054589,1.31618096,1.00705978,8
TNG50-1,50,1.0,101010,-0.02328366,0.0317753,1.31618096,1.00705978,9
TNG50-1,50,1.0,101010,-0.02078644,-0.01236702,1.31618096,1.00705978,10
TNG50-1,50,1.0,101010,0.0294285,0.04612541,1.31618096,1.00705978,11
TNG50-1,50,1.0,101010,-0.03411084,-0.09834461,1.31618096,1.00705978,12
TNG50-1,50,1.0,101010,-0.00704809,-0.01212307,1.31618096,1.00705978,13
TNG50-1,50,1.0,101010,-0.02075191,-0.02377562,1.31618096,1.00705978,14
TNG50-1,50,1.0,271207,0.04779243,0.02546325,0.59717447,-0.81444825,0
TNG50-1,50,1.0,271207,0.03363814,-0.03313248,0.59717447,-0.81444825,1
TNG50-1,50,1.0,271207,0.03211261,-0.03531032,0.59717447,-0.81444825,2
TNG50-1,50,1.0,271207,0.0770705,0.02372147,0.59717447,-0.81444825,3
TNG50-1,50,1.0,271207,-0.01840436,-0.00146439,0.59717447,-0.81444825,4
TNG50-1,50,1.0,271207,0.06675404,-0.0203657,0.59717447,-0.81444825,5
TNG50-1,50,1.0,271207,-0.05221031,-0.0041392,0.59717447,-0.81444825,6
TNG50-1,50,1.0,271207,-0.05404389,0.07972798,0.59717447,-0.81444825,7
TNG50-1,50,1.0,271207,0.03763733,-0.02215092,0.59717447,-0.81444825,8
TNG50-1,50,1.0,271207,-0.07523704,-0.02360098,0.59717447,-0.81444825,9
TNG50-1,50,1.0,271207,0.02863828,-0.08537221,0.59717447,-0.81444825,10
TNG50-1,50,1.0,271207,0.00506566,-0.00211765,0.59717447,-0.81444825,11
TNG50-1,50,1.0,271207,0.05359264,0.03284418,0.59717447,-0.81444825,12
TNG50-1,50,1.0,271207,-0.0029722,0.04180991,0.59717447,-0.81444825,13
TNG50-1,50,1.0,271207,0.00280245,0.00541088,0.59717447,-0.81444825,14
TNG50-1,50,1.0,251634,0.04779168,0.01540483,0.97611656,-0.43727652,0
TNG50-1,50,1.0,251634,0.03656152,-0.02762517,0.97611656,-0.43727652,1
TNG50-1,50,1.0,251634,0.05564751,0.0105755,0.97611656,-0.43727652,2
TNG50-1,50,1.0,251634,0.04921513,0.00272566,0.97611656,-0.43727652,3
TNG50-1,50,1.0,251634,0.07849891,0.02358668,0.97611656,-0.43727652,4
TNG50-1,50,1.0,251634,-0.00848466,-0.00486654,0.97611656,-0.43727652,5
TNG50-1,50,1.0,251634,-0.0663529,0.04675101,0.97611656,-0.43727652,6
TNG50-1,50,1.0,251634,0.03318594,-0.13615772,0.97611656,-0.43727652,7
TNG50-1,50,1.0,251634,0.03902766,0.00949968,0.97611656,-0.43727652,8
TNG50-1,50,1.0,251634,0.07849977,0.06012449,0.97611656,-0.43727652,9
TNG50-1,50,1.0,251634,0.06406452,0.09350243,0.97611656,-0.43727652,10
TNG50-1,50,1.0,251634,0.09727362,0.03659807,0.97611656,-0.43727652,11
TNG50-1,50,1.0,251634,0.0309927,0.08424415,0.97611656,-0.43727652,12
TNG50-1,50,1.0,251634,0.01144053,0.0084468,0.97611656,-0.43727652,13
TNG50-1,50,1.0,251634,-0.06924916,0.00014313,0.97611656,-0.43727652,14
TNG50-1,50,1.0,285786,0.02647078,0.02737434,0.89286731,-1.01675894,0
TNG50-1,50,1.0,285786,-0.00015971,0.08084546,0.89286731,-1.01675894,1
TNG50-1,50,1.0,285786,-0.03911787,0.08096174,0.89286731,-1.01675894,2
TNG50-1,50,1.0,285786,-0.02576201,0.03689363,0.89286731,-1.01675894,3
TNG50-1,50,1.0,285786,-0.05560765,0.03544048,0.89286731,-1.01675894,4
TNG50-1,50,1.0,285786,0.02641885,0.11259537,0.89286731,-1.01675894,5
TNG50-1,50,1.0,285786,0.00056959,-0.11671978,0.89286731,-1.01675894,6
TNG50-1,50,1.0,285786,-0.01801431,-0.02321678,0.89286731,-1.01675894,7
TNG50-1,50,1.0,285786,-0.02833419,0.04242459,0.89286731,-1.01675894,8
TNG50-1,50,1.0,285786,0.02525282,-0.01686435,0.89286731,-1.01675894,9
TNG50-1,50,1.0,285786,0.03902241,0.06198892,0.89286731,-1.01675894,10
TNG50-1,50,1.0,285786,-0.0565257,-0.0019677,0.89286731,-1.01675894,11
TNG50-1,50,1.0,285786,-0.06438423,0.00658719,0.89286731,-1.01675894,12
TNG50-1,50,1.0,285786,0.0477255,-0.01373373,0.89286731,-1.01675894,13
TNG50-1,50,1.0,285786,-0.06875666,-0.02612555,0.89286731,-1.01675894,14
TNG50-1,50,1.0,244863,-0.0273555,0.06848129,0.26304887,-0.10215033,0
TNG50-1,50,1.0,244863,0.01355831,-0.00837121,0.26304887,-0.10215033,1
TNG50-1,50,1.0,244863,-0.03872825,-0.00453404,0.26304887,-0.10215033,2
TNG50-1,50,1.0,244863,0.04766024,0.00118923,0.26304887,-0.10215033,3
TNG50-1,50,1.0,244863,0.0326613,0.05722701,0.26304887,-0.10215033,4
TNG50-1,50,1.0,244863,0.05497082,-0.03775911,0.26304887,-0.10215033,5
TNG50-1,50,1.0,244863,-0.05644622,-0.0853485,0.26304887,-0.10215033,6
TNG50-1,50,1.0,244863,-0.08497383,0.01614776,0.26304887,-0.10215033,7
TNG50-1,50,1.0,244863,-0.00020929,-0.1021829,0.26304887,-0.10215033,8
TNG50-1,50,1.0,244863,0.14494003,-0.01505518,0.26304887,-0.10215033,9
TNG50-1,50,1.0,244863,0.06331044,0.05934371,0.26304887,-0.10215033,10
TNG50-1,50,1.0,244863,-0.02772232,0.0289547,0.26304887,-0.10215033,11
TNG50-1,50,1.0,244863,0.02122561,0.0521178,0.26304887,-0.10215033,12
TNG50-1,50,1.0,244863,0.03637935,0.03101757,0.26304887,-0.10215033,13
TNG50-1,50,1.0,244863,-0.06841941,0.12051672,0.26304887,-0.10215033,14
TNG50-1,50,1.0,130256,-0.02941198,-0.01675356,0.84748733,-0.33910344,0
TNG50-1,50,1.0,130256,0.01990658,-0.08415725,0.84748733,-0.33910344,1
TNG50-1,50,1.0,130256,-0.02190602,0.04209742,0.84748733,-0.33910344,2
TNG50-1,50,1.0,130256,0.04784006,-0.0617582,0.84748733,-0.33910344,3
TNG50-1,50,1.0,130256,-0.00307874,-0.01088235,0.84748733,-0.33910344,4
TNG50-1,50,1.0,130256,0.08594224,0.03240225,0.84748733,-0.33910344,5
TNG50-1,50,1.0,130256,-0.0265408,0.04196984,0.84748733,-0.33910344,6
TNG50-1,50,1.0,130256,0.07035633,-0.0887326,0.84748733,-0.33910344,7
TNG50-1,50,1.0,130256,0.02965698,-0.0045924,0.84748733,-0.33910344,8
TNG50-1,50,1.0,130256,-0.00162305,0.02298723,0.84748733,-0.33910344,9
TNG50-1,50,1.0,130256,0.02712212,0.00260081,0.84748733,-0.33910344,10
TNG50-1,50,1.0,130256,0.01306322,0.06720375,0.84748733,-0.33910344,11
TNG50-1,50,1.0,130256,0.01779773,-0.04109034,0.84748733,-0.33910344,12
TNG50-1,50,1.0,130256,-0.01034355,-0.10245206,0.84748733,-0.33910344,13
TNG50-1,50,1.0,130256,-0.03507943,0.0405163,0.84748733,-0.33910344,14
TNG50-1,50,1.0,160371,-0.02685431,0.04845179,1.03067191,-0.81390147,0
TNG50-1,50,1.0,160371,-0.08792703,0.09071274,1.03067191,-0.81390147,1
TNG50-1,50,1.0,160371,-0.00792562,0.05632184,1.03067191,-0.81390147,2
TNG50-1,50,1.0,160371,0.0615279,-0.06005901,1.03067191,-0.81390147,3
TNG50-1,50,1.0,160371,-0.06316263,0.01069545,1.03067191,-0.81390147,4
TNG50-1,50,1.0,160371,0.1167998,-0.09406862,1.03067191,-0.81390147,5
TNG50-1,50,1.0,160371,-0.04189408,0.04508525,1.03067191,-0.81390147,6
TNG50-1,50,1.0,160371,0.00435054,-0.08175941,1.03067191,-0.81390147,7
TNG50-1,50,1.0,160371,-0.06095662,-0.04016007,1.03067191,-0.81390147,8
TNG50-1,50,1.0,160371,0.00208052,-0.00016008,1.03067191,-0.81390147,9
TNG50-1,50,1.0,160371,-0.00668739,0.02225033,1.03067191,-0.81390147,10
TNG50-1,50,1.0,160371,-0.0744747,-0.01304673,1.03067191,-0.81390147,11
TNG50-1,50,1.0,160371,0.14129135,0.07595418,1.03067191,-0.81390147,12
TNG50-1,50,1.0,160371,-0.02476686,0.03616198,1.03067191,-0.81390147,13
TNG50-1,50,1.0,160371,-0.02472313,0.03223624,1.03067191,-0.81390147,14
TNG50-1,50,1.0,260976,-0.06147005,-0.09416642,1.08185529,0.79099243,0
TNG50-1,50,1.0,260976,0.08496839,0.05652389,1.08185529,0.79099243,1
TNG50-1,50,1.0,260976,-0.04015326,0.05913624,1.08185529,0.79099243,2
TNG50-1,50,1.0,260976,0.08687712,-0.02371834,1.08185529,0.79099243,3
TNG50-1,50,1.0,260976,0.10110975,0.0260638,1.08185529,0.79099243,4
TNG50-1,50,1.0,260976,0.02563283,-0.01085494,1.08185529,0.79099243,5
TNG50-1,50,1.0,260976,0.05160065,0.01209542,1.08185529,0.79099243,6
TNG50-1,50,1.0,260976,-0.15414599,-0.05736297,1.08185529,0.79099243,7
TNG50-1,50,1.0,260976,-0.00975012,0.03112463,1.08185529,0.79099243,8
TNG50-1,50,1.0,260976,0.05510828,-0.08205926,1.08185529,0.79099243,9
TNG50-1,50,1.0,260976,0.04622551,-0.09149651,1.08185529,0.79099243,10
TNG50-1,50,1.0,260976,-0.06098617,-0.00609642,1.08185529,0.79099243,11
TNG50-1,50,1.0,260976,-0.0146861,-0.01056216,1.08185529,0.79099243,12
TNG50-1,50,1.0,260976,-0.12681828,0.01361509,1.08185529,0.79099243,13
TNG50-1,50,1.0,260976,0.02064964,-0.03247537,1.08185529,0.79099243,14
TNG50-1,50,1.0,254473,0.09428458,-0.06227976,1.0376096,-0.58481761,0
TNG50-1,50,1.0,254473,0.00803025,-0.00053723,1.0376096,-0.58481761,1
TNG50-1,50,1.0,254473,0.01164409,-0.06705284,1.0376096,-0.58481761,2
TNG50-1,50,1.0,254473,0.00986169,0.0193429,1.0376096,-0.58481761,3
TNG50-1,50,1.0,254473,0.05014549,-0.09391425,1.0376096,-0.58481761,4
TNG50-1,50,1.0,254473,0.02880087,0.0174155,1.0376096,-0.58481761,5
TNG50-1,50,1.0,254473,0.02210089,-0.07344997,1.0376096,-0.58481761,6
TNG50-1,50,1.0,254473,0.03679921,-0.01917639,1.0376096,-0.58481761,7
TNG50-1,50,1.0,254473,-0.09123073,0.04474638,1.0376096,-0.58481761,8
TNG50-1,50,1.0,254473,-0.08934238,0.011369,1.0376096,-0.58481761,9
TNG50-1,50,1.0,254473,-0.00380294,-0.08228301,1.0376096,-0.58481761,10
TNG50-1,50,1.0,254473,-0.00988369,-0.03361969,1.0376096,-0.58481761,11
TNG50-1,50,1.0,254473,0.02899049,-0.07506893,1.0376096,-0.58481761,12
TNG50-1,50,1.0,254473,0.00100085,-0.08473792,1.0376096,-0.58481761,13
TNG50-1,50,1.0,254473,0.02909325,0.00588316,1.0376096,-0.58481761,14
TNG50-1,50,1.0,234932,0.02801492,-0.01938929,1.30167741,-0.71375625,0
TNG50-1,50,1.0,234932,0.0220303,-0.01735466,1.30167741,-0.71375625,1
TNG50-1,50,1.0,234932,0.03013134,0.042244,1.30167741,-0.71375625,2
TNG50-1,50,1.0,234932,-0.00059554,-0.02248333,1.30167741,-0.71375625,3
TNG50-1,50,1.0,234932,-0.01366951,-0.00956598,1.30167741,-0.71375625,4
TNG50-1,50,1.0,234932,-0.05365347,-0.0215159,1.30167741,-0.71375625,5
TNG50-1,50,1.0,234932,-0.02200398,-0.07005259,1.30167741,-0.71375625,6
TNG50-1,50,1.0,234932,-0.06606742,-0.03260512,1.30167741,-0.71375625,7
TNG50-1,50,1.0,234932,-0.04225828,-0.01909684,1.30167741,-0.71375625,8
TNG50-1,50,1.0,234932,0.00444634,0.00369129,1.30167741,-0.71375625,9
TNG50-1,50,1.0,234932,-0.0058903,0.02794736,1.30167741,-0.71375625,10
TNG50-1,50,1.0,234932,0.1532364,-0.01172983,1.30167741,-0.71375625,11
TNG50-1,50,1.0,234932,-0.06728978,-0.01260881,1.30167741,-0.71375625,12
TNG50-1,50,1.0,234932,-0.00625494,-0.08604066,1.30167741,-0.71375625,13
TNG50-1,50,1.0,234932,-0.07118661,0.02698673,1.30167741,-0.71375625,14
TNG50-1,50,1.0,296598,-0.03479489,0.01071705,0.62014513,-1.15959222,0
TNG50-1,50,1.0,296598,0.03735616,0.00755786,0.62014513,-1.15959222,1
TNG50-1,50,1.0,296598,0.065822,-0.09444737,0.62014513,-1.15959222,2
TNG50-1,50,1.0,296598,-0.00939575,0.00405408,0.62014513,-1.15959222,3
TNG50-1,50,1.0,296598,-0.05116556,0.02572663,0.62014513,-1.15959222,4
TNG50-1,50,1.0,296598,-0.00083493,0.03185762,0.62014513,-1.15959222,5
TNG50-1,50,1.0,296598,0.0174351,0.00586829,0.62014513,-1.15959222,6
TNG50-1,50,1.0,296598,-0.015776,-0.0988593,0.62014513,-1.15959222,7
TNG50-1,50,1.0,296598,-0.02820192,0.06385405,0.62014513,-1.15959222,8
TNG50-1,50,1.0,296598,0.02817661,0.02055113,0.62014513,-1.15959222,9
TNG50-1,50,1.0,296598,0.02487891,-0.06016597,0.62014513,-1.15959222,10
TNG50-1,50,1.0,296598,-0.01731448,-0.03938815,0.62014513,-1.15959222,11
TNG50-1,50,1.0,296598,-0.08270331,0.01156121,0.62014513,-1.15959222,12
TNG50-1,50,1.0,296598,0.02281891,0.03398921,0.62014513,-1.15959222,13
TNG50-1,50,1.0,296598,-0.03836636,-0.02439814,0.62014513,-1.15959222,14
TNG50-1,50,1.0,257247,0.04127627,-0.03745124,0.55746093,-0.19219729,0
TNG50-1,50,1.0,257247,-0.08963834,0.00065968,0.55746093,-0.19219729,1
TNG50-1,50,1.0,257247,-0.05212295,0.01415711,0.55746093,-0.19219729,2
TNG50-1,50,1.0,257247,-0.1032182,-0.0312502,0.55746093,-0.19219729,3
TNG50-1,50,1.0,257247,-0.04487026,0.00384822,0.55746093,-0.19219729,4
TNG50-1,50,1.0,257247,0.07540386,0.03039698,0.55746093,-0.19219729,5
TNG50-1,50,1.0,257247,0.10289011,0.09807259,0.55746093,-0.19219729,6
TNG50-1,50,1.0,257247,0.01172952,-0.00631222,0.55746093,-0.19219729,7
TNG50-1,50,1.0,257247,-0.03192146,-0.00206487,0.55746093,-0.19219729,8
TNG50-1,50,1.0,257247,-0.011082,0.07637262,0.55746093,-0.19219729,9
TNG50-1,50,1.0,257247,0.02366699,-0.02745829,0.55746093,-0.19219729,10
TNG50-1,50,1.0,257247,-0.07814904,-0.06621765,0.55746093,-0.19219729,11
TNG50-1,50,1.0,257247,-0.02862496,0.01251245,0.55746093,-0.19219729,12
TNG50-1,50,1.0,257247,0.07174465,0.05380875,0.55746093,-0.19219729,13
TNG50-1,50,1.0,257247,-0.0522855,0.01805236,0.55746093,-0.19219729,14
TNG50-1,50,1.0,278928,-0.00485078,0.09191562,1.15888982,-0.61900487,0
TNG50-1,50,1.0,278928,-0.07241967,0.09422548,1.15888982,-0.61900487,1
TNG50-1,50,1.0,278928,-0.00291846,0.09953449,1.15888982,-0.61900487,2
TNG50-1,50,1.0,278928,0.06165775,-0.04700555,1.15888982,-0.61900487,3
TNG50-1,50,1.0,278928,-0.06170585,0.02846845,1.15888982,-0.61900487,4
TNG50-1,50,1.0,278928,-0.01223736,0.04354763,1.15888982,-0.61900487,5
TNG50-1,50,1.0,278928,-0.01937424,0.03791771,1.15888982,-0.61900487,6
TNG50-1,50,1.0,278928,-0.03488523,-0.0177199,1.15888982,-0.61900487,7
TNG50-1,50,1.0,278928,0.01239615,0.06395825,1.15888982,-0.61900487,8
TNG50-1,50,1.0,278928,0.02216526,2.375e-05,1.15888982,-0.61900487,9
TNG50-1,50,1.0,278928,0.02164135,0.00640531,1.15888982,-0.61900487,10
TNG50-1,50,1.0,278928,-0.04884049,-0.07689167,1.15888982,-0.61900487,11
TNG50-1,50,1.0,278928,-0.08229918,0.03223825,1.15888982,-0.61900487,12
TNG50-1,50,1.0,278928,0.01311942,-0.01302059,1.15888982,-0.61900487,13
TNG50-1,50,1.0,278928,-0.02529595,0.02323894,1.15888982,-0.61900487,14
TNG50-1,50,1.0,216435,0.01175568,-0.02256478,1.14167428,-0.41069148,0
TNG50-1,50,1.0,216435,0.00904683,-0.00827383,1.14167428,-0.41069148,1
TNG50-1,50,1.0,216435,-0.00228568,0.05214957,1.14167428,-0.41069148,2
TNG50-1,50,1.0,216435,0.03932999,0.03977446,1.14167428,-0.41069148,3
TNG50-1,50,1.0,216435,-0.00994463,0.05108755,1.14167428,-0.41069148,4
TNG50-1,50,1.0,216435,-0.07275987,-0.13862768,1.14167428,-0.41069148,5
TNG50-1,50,1.0,216435,0.02844778,0.08667615,1.14167428,-0.41069148,6
TNG50-1,50,1.0,216435,-0.04045028,0.03182002,1.14167428,-0.41069148,7
TNG50-1,50,1.0,216435,-0.06621309,0.12307382,1.14167428,-0.41069148,8
TNG50-1,50,1.0,216435,-0.05111217,-0.0391163,1.14167428,-0.41069148,9
TNG50-1,50,1.0,216435,0.01416662,-0.08817253,1.14167428,-0.41069148,10
TNG50-1,50,1.0,216435,-0.00482594,0.00036092,1.14167428,-0.41069148,11
TNG50-1,50,1.0,216435,-0.10663415,-0.01376862,1.14167428,-0.41069148,12
TNG50-1,50,1.0,216435,-0.0191828,0.0326832,1.14167428,-0.41069148,13
TNG50-1,50,1.0,216435,0.05846156,0.05374642,1.14167428,-0.41069148,14
TNG50-1,50,1.0,303705,-0.00436471,-0.05196378,0.49857505,-0.82938906,0
TNG50-1,50,1.0,303705,-0.0120354,-0.06403587,0.49857505,-0.82938906,1
TNG50-1,50,1.0,303705,0.02613599,0.06113457,0.49857505,-0.82938906,2
TNG50-1,50,1.0,303705,-0.01281643,-0.04848288,0.49857505,-0.82938906,3
TNG50-1,50,1.0,303705,-0.01699911,1.658e-05,0.49857505,-0.82938906,4
TNG50-1,50,1.0,303705,0.05185675,0.04772574,0.49857505,-0.82938906,5
TNG50-1,50,1.0,303705,0.06298889,0.04571521,0.49857505,-0.82938906,6
TNG50-1,50,1.0,303705,0.05419831,0.03974241,0.49857505,-0.82938906,7
TNG50-1,50,1.0,303705,-0.00841149,0.01514333,0.49857505,-0.82938906,8
TNG50-1,50,1.0,303705,-0.10698945,0.03620017,0.49857505,-0.82938906,9
TNG50-1,50,1.0,303705,-0.0074103,0.06865441,0.49857505,-0.82938906,10
TNG50-1,50,1.0,303705,-0.037899,0.02125113,0.49857505,-0.82938906,11
TNG50-1,50,1.0,303705,-0.00648625,-0.09186012,0.49857505,-0.82938906,12
TNG50-1,50,1.0,303705,-0.03355454,-0.02642666,0.49857505,-0.82938906,13
TNG50-1,50,1.0,303705,-0.00103699,0.0348185,0.49857505,-0.82938906,14
TNG50-1,50,1.0,245604,-0.0313548,0.03848433,1.38026003,0.82672735,0
TNG50-1,50,1.0,245604,0.08100531,0.04329036,1.38026003,0.82672735,1
TNG50-1,50,1.0,245604,-0.00315899,-0.0096625,1.38026003,0.82672735,2
TNG50-1,50,1.0,245604,0.00426244,0.02001972,1.38026003,0.82672735,3
TNG50-1,50,1.0,245604,0.05623721,0.03726035,1.38026003,0.82672735,4
TNG50-1,50,1.0,245604,-0.00914249,-0.04069316,1.38026003,0.82672735,5
TNG50-1,50,1.0,245604,0.00881385,-0.03534242,1.38026003,0.82672735,6
TNG50-1,50,1.0,245604,0.04495617,0.00948631,1.38026003,0.82672735,7
TNG50-1,50,1.0,245604,-0.07361353,0.04520445,1.38026003,0.82672735,8
TNG50-1,50,1.0,245604,-0.01426491,-0.05829785,1.38026003,0.82672735,9
TNG50-1,50,1.0,245604,0.04145766,-0.00989738,1.38026003,0.82672735,10
TNG50-1,50,1.0,245604,0.00328001,-0.01221183,1.38026003,0.82672735,11
TNG50-1,50,1.0,245604,0.07336669,0.02089796,1.38026003,0.82672735,12
TNG50-1,50,1.0,245604,-0.07879617,-0.00043492,1.38026003,0.82672735,13
TNG50-1,50,1.0,245604,-0.08450009,-0.02729418,1.38026003,0.82672735,14
TNG50-1,50,1.0,256471,0.06242829,0.00468304,0.9377675,1.35089536,0
TNG50-1,50,1.0,256471,-0.02696287,0.06263275,0.9377675,1.35089536,1
TNG50-1,50,1.0,256471,-0.01460482,0.07698295,0.9377675,1.35089536,2
TNG50-1,50,1.0,256471,-0.07957488,0.02521543,0.9377675,1.35089536,3
TNG50-1,50,1.0,256471,-0.03568129,0.10706361,0.9377675,1.35089536,4
TNG50-1,50,1.0,256471,0.0258038,-0.01781865,0.9377675,1.35089536,5
TNG50-1,50,1.0,256471,0.0160301,-0.08162595,0.9377675,1.35089536,6
TNG50-1,50,1.0,256471,0.02997585,0.0526589,0.9377675,1.35089536,7
TNG50-1,50,1.0,256471,0.02754911,-0.09192972,0.9377675,1.35089536,8
TNG50-1,50,1.0,256471,0.1043857,-0.03775015,0.9377675,1.35089536,9
TNG50-1,50,1.0,256471,-0.03739294,0.02600561,0.9377675,1.35089536,10
TNG50-1,50,1.0,256471,-0.08097119,-0.00511907,0.9377675,1.35089536,11
TNG50-1,50,1.0,256471,-0.05252765,-0.00954764,0.9377675,1.35089536,12
TNG50-1,50,1.0,256471,-0.03518259,-0.0590395,0.9377675,1.35089536,13
TNG50-1,50,1.0,256471,-0.04871635,-0.00054012,0.9377675,1.35089536,14
TNG50-1,50,1.0,231714,0.05018312,0.11788496,0.99370267,-0.00649728,0
TNG50-1,50,1.0,231714,0.0009984,0.0374515,0.99370267,-0.00649728,1
TNG50-1,50,1.0,231714,-0.04151129,0.00681096,0.99370267,-0.00649728,2
TNG50-1,50,1.0,231714,-0.06237692,0.01794258,0.99370267,-0.00649728,3
TNG50-1,50,1.0,231714,-0.04047973,-0.08755579,0.99370267,-0.00649728,4
TNG50-1,50,1.0,231714,0.01961669,-0.05611702,0.99370267,-0.00649728,5
TNG50-1,50,1.0,231714,0.01718011,-0.12554644,0.99370267,-0.00649728,6
TNG50-1,50,1.0,231714,-0.04002536,0.08649369,0.99370267,-0.00649728,7
TNG50-1,50,1.0,231714,-0.11053797,0.0763693,0.99370267,-0.00649728,8
TNG50-1,50,1.0,231714,0.02100064,0.01964093,0.99370267,-0.00649728,9
TNG50-1,50,1.0,231714,-0.04488537,0.00675576,0.99370267,-0.00649728,10
TNG50-1,50,1.0,231714,0.03445312,-0.0775795,0.99370267,-0.00649728,11
TNG50-1,50,1.0,231714,-0.03780548,-0.010965,0.99370267,-0.00649728,12
TNG50-1,50,1.0,231714,-0.04939502,0.08961959,0.99370267,-0.00649728,13
TNG50-1,50,1.0,231714,0.0076586,0.0065708,0.99370267,-0.00649728,14
TNG50-1,50,1.0,285389,-0.02823232,-0.02822444,0.75388023,0.4492428,0
TNG50-1,50,1.0,285389,-0.08790353,-0.0451665,0.75388023,0.4492428,1
TNG50-1,50,1.0,285389,0.06901529,-0.05131503,0.75388023,0.4492428,2
TNG50-1,50,1.0,285389,-0.00350419,-0.01054704,0.75388023,0.4492428,3
TNG50-1,50,1.0,285389,-0.08783669,-0.0859768,0.75388023,0.4492428,4
TNG50-1,50,1.0,285389,-0.04621328,0.01472814,0.75388023,0.4492428,5
TNG50-1,50,1.0,285389,-0.0638769,-0.09526519,0.75388023,0.4492428,6
TNG50-1,50,1.0,285389,-0.00658718,0.00808355,0.75388023,0.4492428,7
TNG50-1,50,1.0,285389,0.01036695,-0.06756259,0.75388023,0.4492428,8
TNG50-1,50,1.0,285389,-0.02516085,-0.01906467,0.75388023,0.4492428,9
TNG50-1,50,1.0,285389,0.03885233,0.03022702,0.75388023,0.4492428,10
TNG50-1,50,1.0,285389,0.00394011,0.11520188,0.75388023,0.4492428,11
TNG50-1,50,1.0,285389,0.05311562,-0.05390003,0.75388023,0.4492428,12
TNG50-1,50,1.0,285389,-0.0178597,-0.00751587,0.75388023,0.4492428,13
TNG50-1,50,1.0,285389,0.15226628,-0.03618793,0.75388023,0.4492428,14
TNG50-1,50,1.0,247697,-0.04349352,0.06902711,1.26365953,1.15350573,0
TNG50-1,50,1.0,247697,-0.03574867,0.02649008,1.26365953,1.15350573,1
TNG50-1,50,1.0,247697,0.04120332,-0.00414448,1.26365953,1.15350573,2
TNG50-1,50,1.0,247697,-0.02440279,0.03973129,1.26365953,1.15350573,3
TNG50-1,50,1.0,247697,0.11246563,-0.05722503,1.26365953,1.15350573,4
TNG50-1,50,1.0,247697,0.02079896,-0.09223286,1.26365953,1.15350573,5
TNG50-1,50,1.0,247697,-0.05050053,0.02183188,1.26365953,1.15350573,6
TNG50-1,50,1.0,247697,-0.01833526,-0.05028392,1.26365953,1.15350573,7
TNG50-1,50,1.0,247697,-0.04009235,-0.00326534,1.26365953,1.15350573,8
TNG50-1,50,1.0,247697,0.04000343,0.00598135,1.26365953,1.15350573,9
TNG50-1,50,1.0,247697,-0.08193898,0.01240598,1.26365953,1.15350573,10
TNG50-1,50,1.0,247697,-0.06704757,0.04688958,1.26365953,1.15350573,11
TNG50-1,50,1.0,247697,-0.02957731,0.04160376,1.26365953,1.15350573,12
TNG50-1,50,1.0,247697,0.03414734,0.00975,1.26365953,1.15350573,13
TNG50-1,50,1.0,247697,0.06165301,-0.02210076,1.26365953,1.15350573,14
TNG50-1,50,1.0,299541,0.0053881,0.04472855,0.77933438,1.56711952,0
TNG50-1,50,1.0,299541,-0.02981052,-0.04520627,0.77933438,1.56711952,1
TNG50-1,50,1.0,299541,-0.00982145,-0.03589801,0.77933438,1.56711952,2
TNG50-1,50,1.0,299541,0.13090867,-0.00266502,0.77933438,1.56711952,3
TNG50-1,50,1.0,299541,0.00910949,-0.08706785,0.77933438,1.56711952,4
TNG50-1,50,1.0,299541,0.02251225,0.04137976,0.77933438,1.56711952,5
TNG50-1,50,1.0,299541,-0.03527403,-0.04814569,0.77933438,1.56711952,6
TNG50-1,50,1.0,299541,0.05100367,-0.02357455,0.77933438,1.56711952,7
TNG50-1,50,1.0,299541,0.03801362,-0.01066398,0.77933438,1.56711952,8
TNG50-1,50,1.0,299541,0.03836763,0.00196434,0.77933438,1.56711952,9
TNG50-1,50,1.0,299541,0.01074456,-0.01718266,0.77933438,1.56711952,10
TNG50-1,50,1.0,299541,0.0517095,-0.00336855,0.77933438,1.56711952,11
TNG50-1,50,1.0,299541,0.06358426,-0.00298138,0.77933438,1.56711952,12
TNG50-1,50,1.0,299541,0.01415495,-0.02235155,0.77933438,1.56711952,13
TNG50-1,50,1.0,299541,-0.00573062,-0.03865972,0.77933438,1.56711952,14
TNG50-1,50,1.0,292785,0.0540737,-0.00045602,1.07565143,0.35662255,0
TNG50-1,50,1.0,292785,-0.10522029,-0.01928915,1.07565143,0.35662255,1
TNG50-1,50,1.0,292785,-0.01028576,0.13478759,1.07565143,0.35662255,2
TNG50-1,50,1.0,292785,-0.02344497,-0.02063657,1.07565143,0.35662255,3
TNG50-1,50,1.0,292785,0.02093957,0.02248826,1.07565143,0.35662255,4
TNG50-1,50,1.0,292785,-0.07271464,-0.03831506,1.07565143,0.35662255,5
TNG50-1,50,1.0,292785,-0.02498927,0.0263874,1.07565143,0.35662255,6
TNG50-1,50,1.0,292785,-0.00511799,0.04353938,1.07565143,0.35662255,7
TNG50-1,50,1.0,292785,0.05350368,-0.0293982,1.07565143,0.35662255,8
TNG50-1,50,1.0,292785,0.01660925,-0.00273509,1.07565143,0.35662255,9
TNG50-1,50,1.0,292785,-0.05917441,-0.04476399,1.07565143,0.35662255,10
TNG50-1,50,1.0,292785,-0.02437384,-0.05722019,1.07565143,0.35662255,11
TNG50-1,50,1.0,292785,0.04430257,0.05183977,1.07565143,0.35662255,12
TNG50-1,50,1.0,292785,-0.06003874,-0.02770005,1.07565143,0.35662255,13
TNG50-1,50,1.0,292785,-0.00393221,-0.12068062,1.07565143,0.35662255,14
TNG50-1,50,1.0,41136,0.08826781,0.00807029,0.83498657,1.22452831,0
TNG50-1,50,1.0,41136,-0.04010477,0.09868304,0.83498657,1.22452831,1
TNG50-1,50,1.0,41136,-0.01231865,0.00037398,0.83498657,1.22452831,2
TNG50-1,50,1.0,41136,0.08204533,-0.04713347,0.83498657,1.22452831,3
TNG50-1,50,1.0,41136,-0.0070871,-0.00253616,0.83498657,1.22452831,4
TNG50-1,50,1.0,41136,-0.00816683,-0.01638999,0.83498657,1.22452831,5
TNG50-1,50,1.0,41136,-0.06140865,0.02173539,0.83498657,1.22452831,6
TNG50-1,50,1.0,41136,-0.08174168,0.0013446,0.83498657,1.22452831,7
TNG50-1,50,1.0,41136,-0.00831931,-0.06299734,0.83498657,1.22452831,8
TNG50-1,50,1.0,41136,0.01814049,-0.08178716,0.83498657,1.22452831,9
TNG50-1,50,1.0,41136,0.01527627,0.01314541,0.83498657,1.22452831,10
TNG50-1,50,1.0,41136,-0.02406305,0.06915573,0.83498657,1.22452831,11
TNG50-1,50,1.0,41136,0.00101289,0.00396739,0.83498657,1.22452831,12
TNG50-1,50,1.0,41136,-0.0918605,0.04066487,0.83498657,1.22452831,13
TNG50-1,50,1.0,41136,0.02300835,0.05064046,0.83498657,1.22452831,14
TNG50-1,50,1.0,287560,0.01333959,0.03358836,1.3669392,1.28368067,0
TNG50-1,50,1.0,287560,-0.04072457,-0.03622501,1.3669392,1.28368067,1
TNG50-1,50,1.0,287560,0.0097654,-0.01785163,1.3669392,1.28368067,2
TNG50-1,50,1.0,287560,0.06035364,0.0924391,1.3669392,1.28368067,3
TNG50-1,50,1.0,287560,0.02649453,0.05049868,1.3669392,1.28368067,4
TNG50-1,50,1.0,287560,0.03741227,0.02872435,1.3669392,1.28368067,5
TNG50-1,50,1.0,287560,-0.02312731,0.01903885,1.3669392,1.28368067,6
TNG50-1,50,1.0,287560,-0.01011769,-0.008234,1.3669392,1.28368067,7
TNG50-1,50,1.0,287560,-0.00593637,0.09996886,1.3669392,1.28368067,8
TNG50-1,50,1.0,287560,-0.0025669,0.04010838,1.3669392,1.28368067,9
TNG50-1,50,1.0,287560,0.05839792,-0.0374775,1.3669392,1.28368067,10
TNG50-1,50,1.0,287560,-0.11735869,-0.07000511,1.3669392,1.28368067,11
TNG50-1,50,1.0,287560,0.00152692,0.0283419,1.3669392,1.28368067,12
TNG50-1,50,1.0,287560,-0.00397482,-0.00279346,1.3669392,1.28368067,13
TNG50-1,50,1.0,287560,-0.06857506,-0.07144691,1.3669392,1.28368067,14
TNG50-1,50,1.0,246598,0.02142931,0.05222548,0.99558505,0.91562185,0
TNG50-1,50,1.0,246598,-0.01345136,-0.01709859,0.99558505,0.91562185,1
TNG50-1,50,1.0,246598,0.02653325,-0.04330932,0.99558505,0.91562185,2
TNG50-1,50,1.0,246598,0.02208701,-0.02943591,0.99558505,0.91562185,3
TNG50-1,50,1.0,246598,-0.0304132,-0.02074069,0.99558505,0.91562185,4
TNG50-1,50,1.0,246598,0.03164224,0.06485965,0.99558505,0.91562185,5
TNG50-1,50,1.0,246598,-0.02489525,0.00799556,0.99558505,0.91562185,6
TNG50-1,50,1.0,246598,-0.02164409,0.06417993,0.99558505,0.91562185,7
TNG50-1,50,1.0,246598,-0.02661357,0.02471101,0.99558505,0.91562185,8
TNG50-1,50,1.0,246598,0.05654872,-0.01546154,0.99558505,0.91562185,9
TNG50-1,50,1.0,246598,-0.01402862,-0.01951786,0.99558505,0.91562185,10
TNG50-1,50,1.0,246598,0.06862216,0.02808044,0.99558505,0.91562185,11
TNG50-1,50,1.0,246598,0.08917424,0.04102128,0.99558505,0.91562185,12
TNG50-1,50,1.0,246598,-0.03693596,0.04983963,0.99558505,0.91562185,13
TNG50-1,50,1.0,246598,-0.14604977,-0.01307693,0.99558505,0.91562185,14
TNG50-1,50,1.0,307741,0.00876029,0.02417037,0.93596427,-0.12273765,0
TNG50-1,50,1.0,307741,0.02920202,-0.00806995,0.93596427,-0.12273765,1
TNG50-1,50,1.0,307741,-0.01919825,-0.03270225,0.93596427,-0.12273765,2
TNG50-1,50,1.0,307741,-0.056747,-0.01297566,0.93596427,-0.12273765,3
TNG50-1,50,1.0,307741,-0.04031355,0.05634978,0.93596427,-0.12273765,4
TNG50-1,50,1.0,307741,-0.01205177,-0.05024435,0.93596427,-0.12273765,5
TNG50-1,50,1.0,307741,0.03311036,-0.04208298,0.93596427,-0.12273765,6
TNG50-1,50,1.0,307741,0.06294887,0.06261262,0.93596427,-0.12273765,7
TNG50-1,50,1.0,307741,-0.06780236,0.00378874,0.93596427,-0.12273765,8
TNG50-1,50,1.0,307741,-0.02986725,0.0334877,0.93596427,-0.12273765,9
TNG50-1,50,1.0,307741,-0.01789312,0.0200876,0.93596427,-0.12273765,10
TNG50-1,50,1.0,307741,0.03973585,-0.00176673,0.93596427,-0.12273765,11
TNG50-1,50,1.0,307741,-0.02640553,-0.01741496,0.93596427,-0.12273765,12
TNG50-1,50,1.0,307741,-0.02148662,0.0415779,0.93596427,-0.12273765,13
TNG50-1,50,1.0,307741,-0.07059963,0.05811683,0.93596427,-0.12273765,14
TNG50-1,50,1.0,101012,0.05420942,-0.06877526,1.22005634,-1.31584352,0
TNG50-1,50,1.0,101012,-0.05927358,0.04235807,1.22005634,-1.31584352,1
TNG50-1,50,1.0,101012,0.06524555,-0.02401375,1.22005634,-1.31584352,2
TNG50-1,50,1.0,101012,-0.01789676,0.07960598,1.22005634,-1.31584352,3
TNG50-1,50,1.0,101012,-0.03775148,-0.0701495,1.22005634,-1.31584352,4
TNG50-1,50,1.0,101012,-0.00846638,-0.00903543,1.22005634,-1.31584352,5
TNG50-1,50,1.0,101012,0.04155642,-0.03499888,1.22005634,-1.31584352,6
TNG50-1,50,1.0,101012,0.02702321,-0.04877113,1.22005634,-1.31584352,7
TNG50-1,50,1.0,101012,-0.01276932,-0.02433954,1.22005634,-1.31584352,8
TNG50-1,50,1.0,101012,0.04188329,0.08852838,1.22005634,-1.31584352,9
TNG50-1,50,1.0,101012,0.00699303,0.00716851,1.22005634,-1.31584352,10
TNG50-1,50,1.0,101012,-0.02864857,-0.0395854,1.22005634,-1.31584352,11
TNG50-1,50,1.0,101012,-0.03540176,-0.09143142,1.22005634,-1.31584352,12
TNG50-1,50,1.0,101012,0.02051174,-0.08606813,1.22005634,-1.31584352,13
TNG50-1,50,1.0,101012,-0.00412589,-0.02682316,1.22005634,-1.31584352,14
TNG50-1,50,1.0,6,-0.0316844,-0.00080238,1.28379635,-1.52114171,0
TNG50-1,50,1.0,6,-0.01120254,0.02001517,1.28379635,-1.52114171,1
TNG50-1,50,1.0,6,-0.11360919,-0.03753991,1.28379635,-1.52114171,2
TNG50-1,50,1.0,6,-0.00458408,-0.0685251,1.28379635,-1.52114171,3
TNG50-1,50,1.0,6,0.05138649,-0.03051808,1.28379635,-1.52114171,4
TNG50-1,50,1.0,6,0.08114206,0.10934879,1.28379635,-1.52114171,5
TNG50-1,50,1.0,6,-0.09472231,0.03165105,1.28379635,-1.52114171,6
TNG50-1,50,1.0,6,-0.04006964,0.01372674,1.28379635,-1.52114171,7
TNG50-1,50,1.0,6,-0.04271169,-0.04881867,1.28379635,-1.52114171,8
TNG50-1,50,1.0,6,0.00728607,0.04556254,1.28379635,-1.52114171,9
TNG50-1,50,1.0,6,-0.06098862,-0.06788466,1.28379635,-1.52114171,10
TNG50-1,50,1.0,6,0.08411316,-0.07835282,1.28379635,-1.52114171,11
TNG50-1,50,1.0,6,0.00217612,-0.02794436,1.28379635,-1.52114171,12
TNG50-1,50,1.0,6,-0.00615731,0.09772455,1.28379635,-1.52114171,13
TNG50-1,50,1.0,6,0.07963569,0.09489471,1.28379635,-1.52114171,14
TNG50-1,50,1.0,279432,-0.02256185,0.03972699,1.24226836,-0.07162632,0
TNG50-1,50,1.0,279432,-0.03370995,-0.07851995,1.24226836,-0.07162632,1
TNG50-1,50,1.0,279432,-0.0820181,-0.05324581,1.24226836,-0.07162632,2
TNG50-1,50,1.0,279432,0.00390154,-0.01350298,1.24226836,-0.07162632,3
TNG50-1,50,1.0,279432,0.00810064,-0.07216317,1.24226836,-0.07162632,4
TNG50-1,50,1.0,279432,0.03947781,-0.02034323,1.24226836,-0.07162632,5
TNG50-1,50,1.0,279432,0.04553538,-0.01873151,1.24226836,-0.07162632,6
TNG50-1,50,1.0,279432,-0.0098711,0.06548419,1.24226836,-0.07162632,7
TNG50-1,50,1.0,279432,0.02780139,0.00712669,1.24226836,-0.07162632,8
TNG50-1,50,1.0,279432,-0.03503194,0.05147148,1.24226836,-0.07162632,9
TNG50-1,50,1.0,279432,0.02685213,0.01508374,1.24226836,-0.07162632,10
TNG50-1,50,1.0,279432,-0.0253616,-0.02678336,1.24226836,-0.07162632,11
TNG50-1,50,1.0,279432,0.02297293,0.00668584,1.24226836,-0.07162632,12
TNG50-1,50,1.0,279432,0.01892507,0.03647132,1.24226836,-0.07162632,13
TNG50-1,50,1.0,279432,0.00344018,0.05967007,1.24226836,-0.07162632,14
TNG50-1,50,1.0,193154,-0.0066155,0.05963361,1.10542392,-0.01786142,0
TNG50-1,50,1.0,193154,-0.08237553,0.05224856,1.10542392,-0.01786142,1
TNG50-1,50,1.0,193154,-0.08589011,3.869e-05,1.10542392,-0.01786142,2
TNG50-1,50,1.0,193154,-0.01632063,0.0510261,1.10542392,-0.01786142,3
TNG50-1,50,1.0,193154,-0.11689508,-0.03354998,1.10542392,-0.01786142,4
TNG50-1,50,1.0,193154,0.08975522,-0.0910433,1.10542392,-0.01786142,5
TNG50-1,50,1.0,193154,0.02984666,-0.03355655,1.10542392,-0.01786142,6
TNG50-1,50,1.0,193154,-0.03178335,-0.04031303,1.10542392,-0.01786142,7
TNG50-1,50,1.0,193154,-0.05548238,-0.03159935,1.10542392,-0.01786142,8
TNG50-1,50,1.0,193154,0.05140595,-0.04796874,1.10542392,-0.01786142,9
TNG50-1,50,1.0,193154,-0.05568186,-0.02305548,1.10542392,-0.01786142,10
TNG50-1,50,1.0,193154,-0.05091134,0.03100086,1.10542392,-0.01786142,11
TNG50-1,50,1.0,193154,-0.0382973,0.08576286,1.10542392,-0.01786142,12
TNG50-1,50,1.0,193154,0.00570437,-0.08626732,1.10542392,-0.01786142,13
TNG50-1,50,1.0,193154,0.03103987,-0.06438673,1.10542392,-0.01786142,14
TNG50-1,50,1.0,282698,-0.03957231,0.06681631,1.31977543,-0.29102964,0
TNG50-1,50,1.0,282698,0.03828709,0.02294904,1.31977543,-0.29102964,1
TNG50-1,50,1.0,282698,-0.01024737,-0.02532386,1.31977543,-0.29102964,2
TNG50-1,50,1.0,282698,-0.03620546,0.05201631,1.31977543,-0.29102964,3
TNG50-1,50,1.0,282698,0.03583665,0.02328324,1.31977543,-0.29102964,4
TNG50-1,50,1.0,282698,0.04781951,0.13016839,1.31977543,-0.29102964,5
TNG50-1,50,1.0,282698,-0.000938,0.01550514,1.31977543,-0.29102964,6
TNG50-1,50,1.0,282698,-0.04081096,0.0348844,1.31977543,-0.29102964,7
TNG50-1,50,1.0,282698,0.01351398,0.01452119,1.31977543,-0.29102964,8
TNG50-1,50,1.0,282698,-0.01166341,-0.00495493,1.31977543,-0.29102964,9
TNG50-1,50,1.0,282698,-0.01205066,-0.01293958,1.31977543,-0.29102964,10
TNG50-1,50,1.0,282698,-0.02562001,0.01471219,1.31977543,-0.29102964,11
TNG50-1,50,1.0,282698,0.04624916,0.02605879,1.31977543,-0.29102964,12
TNG50-1,50,1.0,282698,0.01249401,0.05771939,1.31977543,-0.29102964,13
TNG50-1,50,1.0,282698,0.05178504,0.01544253,1.31977543,-0.29102964,14
TNG50-1,50,1.0,284334,-0.02314446,-0.02054235,0.3557361,0.21415405,0
TNG50-1,50,1.0,284334,-0.0163427,0.02117529,0.3557361,0.21415405,1
TNG50-1,50,1.0,284334,-0.06614685,0.00225054,0.3557361,0.21415405,2
TNG50-1,50,1.0,284334,0.08306069,-0.05786069,0.3557361,0.21415405,3
TNG50-1,50,1.0,284334,-0.02705868,-0.009274,0.3557361,0.21415405,4
TNG50-1,50,1.0,284334,0.04837202,0.02937533,0.3557361,0.21415405,5
TNG50-1,50,1.0,284334,0.01382754,-0.02495146,0.3557361,0.21415405,6
TNG50-1,50,1.0,284334,0.01518659,-0.01624216,0.3557361,0.21415405,7
TNG50-1,50,1.0,284334,-0.00587239,-0.00866834,0.3557361,0.21415405,8
TNG50-1,50,1.0,284334,-0.03938994,0.10557647,0.3557361,0.21415405,9
TNG50-1,50,1.0,284334,-0.04842677,-0.09170245,0.3557361,0.21415405,10
TNG50-1,50,1.0,284334,0.08642327,0.02508216,0.3557361,0.21415405,11
TNG50-1,50,1.0,284334,0.00569805,-0.01266695,0.3557361,0.21415405,12
TNG50-1,50,1.0,284334,0.05626339,-0.03203275,0.3557361,0.21415405,13
TNG50-1,50,1.0,284334,0.06924535,-0.01389379,0.3557361,0.21415405,14
TNG50-1,50,1.0,269902,0.03336881,0.05230162,1.04944476,0.16387397,0
TNG50-1,50,1.0,269902,0.03622618,0.00761091,1.04944476,0.16387397,1
TNG50-1,50,1.0,269902,0.00930086,0.06747263,1.04944476,0.16387397,2
TNG50-1,50,1.0,269902,0.05463707,0.01852679,1.04944476,0.16387397,3
TNG50-1,50,1.0,269902,0.06344165,-0.05331668,1.04944476,0.16387397,4
TNG50-1,50,1.0,269902,0.0408188,0.02291406,1.04944476,0.16387397,5
TNG50-1,50,1.0,269902,-0.02730962,0.03350553,1.04944476,0.16387397,6
TNG50-1,50,1.0,269902,0.02472208,-0.02738118,1.04944476,0.16387397,7
TNG50-1,50,1.0,269902,0.02496003,-0.07210465,1.04944476,0.16387397,8
TNG50-1,50,1.0,269902,-0.04078157,0.0050148,1.04944476,0.16387397,9
TNG50-1,50,1.0,269902,-0.07847194,-0.05004223,1.04944476,0.16387397,10
TNG50-1,50,1.0,269902,-0.10113878,0.05604438,1.04944476,0.16387397,11
TNG50-1,50,1.0,269902,0.00349277,-0.02035883,1.04944476,0.16387397,12
TNG50-1,50,1.0,269902,0.01490199,0.08623006,1.04944476,0.16387397,13
TNG50-1,50,1.0,269902,-0.05908908,-0.10620793,1.04944476,0.16387397,14
TNG50-1,50,1.0,298512,0.00673978,-0.06470538,0.60004012,1.05750106,0
TNG50-1,50,1.0,298512,0.07146963,-0.04759622,0.60004012,1.05750106,1
TNG50-1,50,1.0,298512,-0.04451522,0.02726366,0.60004012,1.05750106,2
TNG50-1,50,1.0,298512,-0.00796005,0.01377864,0.60004012,1.05750106,3
TNG50-1,50,1.0,298512,-0.02015179,0.03950414,0.60004012,1.05750106,4
TNG50-1,50,1.0,298512,-0.03418838,-0.01630751,0.60004012,1.05750106,5
TNG50-1,50,1.0,298512,0.01223113,-0.04623671,0.60004012,1.05750106,6
TNG50-1,50,1.0,298512,-0.06477108,0.04594232,0.60004012,1.05750106,7
TNG50-1,50,1.0,298512,-0.00554844,-0.02767243,0.60004012,1.05750106,8
TNG50-1,50,1.0,298512,0.02579971,0.0093274,0.60004012,1.05750106,9
TNG50-1,50,1.0,298512,-0.01075469,-0.07749624,0.60004012,1.05750106,10
TNG50-1,50,1.0,298512,-0.05001021,-0.02849052,0.60004012,1.05750106,11
TNG50-1,50,1.0,298512,0.05150927,0.05046982,0.60004012,1.05750106,12
TNG50-1,50,1.0,298512,0.03651285,-0.03581373,0.60004012,1.05750106,13
TNG50-1,50,1.0,298512,-0.05205936,0.04072519,0.60004012,1.05750106,14
TNG50-1,50,1.0,311047,-0.11655098,0.00565362,0.28613506,-1.22943997,0
TNG50-1,50,1.0,311047,-0.02796958,0.02904527,0.28613506,-1.22943997,1
TNG50-1,50,1.0,311047,-0.00856773,0.03862051,0.28613506,-1.22943997,2
TNG50-1,50,1.0,311047,0.08712702,-0.02782071,0.28613506,-1.22943997,3
TNG50-1,50,1.0,311047,-0.05845314,0.07673605,0.28613506,-1.22943997,4
TNG50-1,50,1.0,311047,0.03354966,0.06581741,0.28613506,-1.22943997,5
TNG50-1,50,1.0,311047,0.05284659,0.03386288,0.28613506,-1.22943997,6
TNG50-1,50,1.0,311047,-0.03607448,-0.04214799,0.28613506,-1.22943997,7
TNG50-1,50,1.0,311047,-0.0186762,-0.0510112,0.28613506,-1.22943997,8
TNG50-1,50,1.0,311047,0.00708144,-0.01633019,0.28613506,-1.22943997,9
TNG50-1,50,1.0,311047,-0.07407425,0.00303825,0.28613506,-1.22943997,10
TNG50-1,50,1.0,311047,-0.02275516,-0.08842459,0.28613506,-1.22943997,11
TNG50-1,50,1.0,311047,0.0638056,0.02473466,0.28613506,-1.22943997,12
TNG50-1,50,1.0,311047,0.02613274,0.06437311,0.28613506,-1.22943997,13
TNG50-1,50,1.0,311047,-0.00783756,0.02882371,0.28613506,-1.22943997,14
TNG50-1,50,1.0,298213,-0.03380264,-0.00550084,1.33319631,-0.86337983,0
TNG50-1,50,1.0,298213,-0.03972017,-0.01264392,1.33319631,-0.86337983,1
TNG50-1,50,1.0,298213,0.01499262,-0.08673775,1.33319631,-0.86337983,2
TNG50-1,50,1.0,298213,-0.00766519,0.06698675,1.33319631,-0.86337983,3
TNG50-1,50,1.0,298213,0.02215206,-0.01609492,1.33319631,-0.86337983,4
TNG50-1,50,1.0,298213,0.03008607,0.02529485,1.33319631,-0.86337983,5
TNG50-1,50,1.0,298213,0.05459453,0.03394983,1.33319631,-0.86337983,6
TNG50-1,50,1.0,298213,-0.05660617,-0.06226578,1.33319631,-0.86337983,7
TNG50-1,50,1.0,298213,0.01108095,-0.04616732,1.33319631,-0.86337983,8
TNG50-1,50,1.0,298213,-0.01817375,0.077351,1.33319631,-0.86337983,9
TNG50-1,50,1.0,298213,-0.00493175,0.01452178,1.33319631,-0.86337983,10
TNG50-1,50,1.0,298213,0.04322044,-0.02902928,1.33319631,-0.86337983,11
TNG50-1,50,1.0,298213,0.04865629,-0.00631735,1.33319631,-0.86337983,12
TNG50-1,50,1.0,298213,0.06992218,0.05431185,1.33319631,-0.86337983,13
TNG50-1,50,1.0,298213,0.02127951,0.04671572,1.33319631,-0.86337983,14
TNG50-1,50,1.0,257926,-0.07330409,0.07037196,0.79835724,0.92050229,0
TNG50-1,50,1.0,257926,0.08171419,0.01240926,0.79835724,0.92050229,1
TNG50-1,50,1.0,257926,0.0483074,0.06270096,0.79835724,0.92050229,2
TNG50-1,50,1.0,257926,-0.00762376,-0.04241602,0.79835724,0.92050229,3
TNG50-1,50,1.0,257926,-0.05958612,0.00812955,0.79835724,0.92050229,4
TNG50-1,50,1.0,257926,0.05270043,0.01435268,0.79835724,0.92050229,5
TNG50-1,50,1.0,257926,0.02382138,0.06912235,0.79835724,0.92050229,6
TNG50-1,50,1.0,257926,-0.07288992,0.01594215,0.79835724,0.92050229,7
TNG50-1,50,1.0,257926,-0.0116039,-0.03127559,0.79835724,0.92050229,8
TNG50-1,50,1.0,257926,0.15630865,0.00320369,0.79835724,0.92050229,9
TNG50-1,50,1.0,257926,0.00082509,-0.08382066,0.79835724,0.92050229,10
TNG50-1,50,1.0,257926,-0.03709853,-0.11604844,0.79835724,0.92050229,11
TNG50-1,50,1.0,257926,-0.05042483,0.04156707,0.79835724,0.92050229,12
TNG50-1,50,1.0,257926,0.08860495,-0.01873719,0.79835724,0.92050229,13
TNG50-1,50,1.0,257926,0.04238797,-0.01307086,0.79835724,0.92050229,14
TNG50-1,50,1.0,267987,0.04154733,0.05520119,0.50350839,1.09276175,0
TNG50-1,50,1.0,267987,0.06985052,-0.03429138,0.50350839,1.09276175,1
TNG50-1,50,1.0,267987,0.0267244,-0.02347833,0.50350839,1.09276175,2
TNG50-1,50,1.0,267987,0.09640364,-0.0638502,0.50350839,1.09276175,3
TNG50-1,50,1.0,267987,0.02513446,0.03524969,0.50350839,1.09276175,4
TNG50-1,50,1.0,267987,0.01511067,-0.01248712,0.50350839,1.09276175,5
TNG50-1,50,1.0,267987,0.01201944,-0.09832332,0.50350839,1.09276175,6
TNG50-1,50,1.0,267987,-0.06427478,0.00503918,0.50350839,1.09276175,7
TNG50-1,50,1.0,267987,0.04779993,0.02194894,0.50350839,1.09276175,8
TNG50-1,50,1.0,267987,-0.1222733,0.04815705,0.50350839,1.09276175,9
TNG50-1,50,1.0,267987,-0.02931264,-0.00366774,0.50350839,1.09276175,10
TNG50-1,50,1.0,267987,0.00114652,-0.01863356,0.50350839,1.09276175,11
TNG50-1,50,1.0,267987,-0.03948812,0.09931323,0.50350839,1.09276175,12
TNG50-1,50,1.0,267987,-0.0225878,0.00032931,0.50350839,1.09276175,13
TNG50-1,50,1.0,267987,0.09196878,0.03597809,0.50350839,1.09276175,14
TNG50-1,50,1.0,200753,-0.02697698,0.0919969,0.81789316,1.55453611,0
TNG50-1,50,1.0,200753,0.03449548,-0.03186345,0.81789316,1.55453611,1
TNG50-1,50,1.0,200753,-0.07278145,-0.04796005,0.81789316,1.55453611,2
TNG50-1,50,1.0,200753,-0.02310338,-0.05089573,0.81789316,1.55453611,3
TNG50-1,50,1.0,200753,-0.06041371,0.0497214,0.81789316,1.55453611,4
TNG50-1,50,1.0,200753,-0.03024867,0.05646838,0.81789316,1.55453611,5
TNG50-1,50,1.0,200753,0.0625235,-0.02685185,0.81789316,1.55453611,6
TNG50-1,50,1.0,200753,-0.03061629,-0.10680068,0.81789316,1.55453611,7
TNG50-1,50,1.0,200753,0.03591281,-0.03373784,0.81789316,1.55453611,8
TNG50-1,50,1.0,200753,0.07586326,0.02739271,0.81789316,1.55453611,9
TNG50-1,50,1.0,200753,-0.00137887,-0.00333616,0.81789316,1.55453611,10
TNG50-1,50,1.0,200753,0.04968836,0.00901739,0.81789316,1.55453611,11
TNG50-1,50,1.0,200753,0.0265543,-0.02616722,0.81789316,1.55453611,12
TNG50-1,50,1.0,200753,0.00582185,0.05070446,0.81789316,1.55453611,13
TNG50-1,50,1.0,200753,0.03751578,0.01715959,0.81789316,1.55453611,14
TNG50-1,50,1.0,293832,0.02932317,-0.056486,1.02684511,1.17153765,0
TNG50-1,50,1.0,293832,0.00795328,-0.10492609,1.02684511,1.17153765,1
TNG50-1,50,1.0,293832,0.02621841,-0.15597375,1.02684511,1.17153765,2
TNG50-1,50,1.0,293832,0.02292858,-0.00658909,1.02684511,1.17153765,3
TNG50-1,50,1.0,293832,-0.04640373,0.11601152,1.02684511,1.17153765,4
TNG50-1,50,1.0,293832,0.01865315,0.08983898,1.02684511,1.17153765,5
TNG50-1,50,1.0,293832,0.03957541,-0.04891157,1.02684511,1.17153765,6
TNG50-1,50,1.0,293832,0.05775707,0.00749516,1.02684511,1.17153765,7
TNG50-1,50,1.0,293832,0.02080536,-0.07322898,1.02684511,1.17153765,8
TNG50-1,50,1.0,293832,-0.04826253,-0.06560548,1.02684511,1.17153765,9
TNG50-1,50,1.0,293832,-0.04056587,-0.05987363,1.02684511,1.17153765,10
TNG50-1,50,1.0,293832,-0.0217574,-0.01127493,1.02684511,1.17153765,11
TNG50-1,50,1.0,293832,0.0094732,-0.00912298,1.02684511,1.17153765,12
TNG50-1,50,1.0,293832,-0.00611181,0.0126351,1.02684511,1.17153765,13
TNG50-1,50,1.0,293832,-0.0561866,0.03316082,1.02684511,1.17153765,14
TNG50-1,50,1.0,41131,-0.01684405,0.00380236,1.02490292,1.22490386,0
TNG50-1,50,1.0,41131,0.0018101,0.0276734,1.02490292,1.22490386,1
TNG50-1,50,1.0,41131,-0.05469063,0.00577731,1.02490292,1.22490386,2
TNG50-1,50,1.0,41131,-0.06722485,0.01805504,1.02490292,1.22490386,3
TNG50-1,50,1.0,41131,-0.07494862,-0.06648147,1.02490292,1.22490386,4
TNG50-1,50,1.0,41131,0.03246239,0.02770181,1.02490292,1.22490386,5
TNG50-1,50,1.0,41131,-0.01689539,-0.02430821,1.02490292,1.22490386,6
TNG50-1,50,1.0,41131,-0.09355601,0.01747256,1.02490292,1.22490386,7
TNG50-1,50,1.0,41131,-0.00315445,0.04599944,1.02490292,1.22490386,8
TNG50-1,50,1.0,41131,-0.06244107,0.03344043,1.02490292,1.22490386,9
TNG50-1,50,1.0,41131,0.08301894,0.01743599,1.02490292,1.22490386,10
TNG50-1,50,1.0,41131,-0.02894109,0.03210641,1.02490292,1.22490386,11
TNG50-1,50,1.0,41131,0.0340753,0.03442055,1.02490292,1.22490386,12
TNG50-1,50,1.0,41131,0.05444815,0.07477506,1.02490292,1.22490386,13
TNG50-1,50,1.0,41131,-0.04774642,-0.00170253,1.02490292,1.22490386,14
TNG50-1,50,1.0,287037,0.00819785,0.00449692,1.37040911,-0.58324314,0
TNG50-1,50,1.0,287037,0.04660334,0.03814331,1.37040911,-0.58324314,1
TNG50-1,50,1.0,287037,-0.02451938,-0.08582368,1.37040911,-0.58324314,2
TNG50-1,50,1.0,287037,-0.06676337,0.00360474,1.37040911,-0.58324314,3
TNG50-1,50,1.0,287037,0.02466151,0.00321065,1.37040911,-0.58324314,4
TNG50-1,50,1.0,287037,-0.01030118,0.09311605,1.37040911,-0.58324314,5
TNG50-1,50,1.0,287037,-0.06037637,-0.06178704,1.37040911,-0.58324314,6
TNG50-1,50,1.0,287037,0.0250271,-0.01907697,1.37040911,-0.58324314,7
TNG50-1,50,1.0,287037,0.07155665,-0.04641779,1.37040911,-0.58324314,8
TNG50-1,50,1.0,287037,-0.08148713,-0.05172059,1.37040911,-0.58324314,9
TNG50-1,50,1.0,287037,0.05111625,0.05637014,1.37040911,-0.58324314,10
TNG50-1,50,1.0,287037,-0.12685338,0.00133258,1.37040911,-0.58324314,11
TNG50-1,50,1.0,287037,-0.02001433,-0.02777836,1.37040911,-0.58324314,12
TNG50-1,50,1.0,287037,0.0920258,-0.0258923,1.37040911,-0.58324314,13
TNG50-1,50,1.0,287037,-0.0164162,-0.02816135,1.37040911,-0.58324314,14
TNG50-1,50,1.0,202094,-0.02369016,-0.01992646,0.92348112,-0.30893909,0
TNG50-1,50,1.0,202094,-0.06322227,0.01198371,0.92348112,-0.30893909,1
TNG50-1,50,1.0,202094,-0.01293648,0.09984837,0.92348112,-0.30893909,2
TNG50-1,50,1.0,202094,-0.01796033,-0.00052324,0.92348112,-0.30893909,3
TNG50-1,50,1.0,202094,-0.03788984,0.03531244,0.92348112,-0.30893909,4
TNG50-1,50,1.0,202094,0.00775231,0.02602104,0.92348112,-0.30893909,5
TNG50-1,50,1.0,202094,0.01199447,-0.02941087,0.92348112,-0.30893909,6
TNG50-1,50,1.0,202094,-0.02783236,0.05295809,0.92348112,-0.30893909,7
TNG50-1,50,1.0,202094,-0.00720671,-0.04248504,0.92348112,-0.30893909,8
TNG50-1,50,1.0,202094,0.10793119,0.06699399,0.92348112,-0.30893909,9
TNG50-1,50,1.0,202094,0.10602166,-0.02937255,0.92348112,-0.30893909,10
TNG50-1,50,1.0,202094,-0.05270451,-0.02389839,0.92348112,-0.30893909,11
TNG50-1,50,1.0,202094,-0.04572238,-0.05442439,0.92348112,-0.30893909,12
TNG50-1,50,1.0,202094,-0.05297016,-0.04621297,0.92348112,-0.30893909,13
TNG50-1,50,1.0,202094,0.0528527,-0.02133822,0.92348112,-0.30893909,14
TNG50-1,50,1.0,316899,-0.12156743,0.06413809,0.22481321,-0.72858213,0
TNG50-1,50,1.0,316899,-0.01166662,0.05207045,0.22481321,-0.72858213,1
TNG50-1,50,1.0,316899,-0.02539871,0.11985584,0.22481321,-0.72858213,2
TNG50-1,50,1.0,316899,0.03950055,-0.00369364,0.22481321,-0.72858213,3
TNG50-1,50,1.0,316899,0.02114904,-0.01302648,0.22481321,-0.72858213,4
TNG50-1,50,1.0,316899,-0.03538187,-0.06501132,0.22481321,-0.72858213,5
TNG50-1,50,1.0,316899,-0.02292754,0.03482891,0.22481321,-0.72858213,6
TNG50-1,50,1.0,316899,-0.0117309,0.00592671,0.22481321,-0.72858213,7
TNG50-1,50,1.0,316899,0.07429783,0.03256332,0.22481321,-0.72858213,8
TNG50-1,50,1.0,316899,-0.04111523,-0.05695621,0.22481321,-0.72858213,9
TNG50-1,50,1.0,316899,-0.03598803,0.01758021,0.22481321,-0.72858213,10
TNG50-1,50,1.0,316899,-0.05642921,0.01025998,0.22481321,-0.72858213,11
TNG50-1,50,1.0,316899,-0.07410197,0.00695175,0.22481321,-0.72858213,12
TNG50-1,50,1.0,316899,0.01535018,-0.0341633,0.22481321,-0.72858213,13
TNG50-1,50,1.0,316899,0.01014517,0.05946623,0.22481321,-0.72858213,14
TNG50-1,50,1.0,250015,0.10251538,-0.05886086,0.32822643,0.33394941,0
TNG50-1,50,1.0,250015,-0.0555172,-0.02356472,0.32822643,0.33394941,1
TNG50-1,50,1.0,250015,0.0360222,0.07780521,0.32822643,0.33394941,2
TNG50-1,50,1.0,250015,-0.14389251,0.03571827,0.32822643,0.33394941,3
TNG50-1,50,1.0,250015,0.0334305,-0.04591167,0.32822643,0.33394941,4
TNG50-1,50,1.0,250015,-0.09350773,-0.01335353,0.32822643,0.33394941,5
TNG50-1,50,1.0,250015,-0.02624837,-0.01175546,0.32822643,0.33394941,6
TNG50-1,50,1.0,250015,-0.06565123,-0.0268991,0.32822643,0.33394941,7
TNG50-1,50,1.0,250015,-0.01078057,-0.08551061,0.32822643,0.33394941,8
TNG50-1,50,1.0,250015,0.04193968,-0.03388109,0.32822643,0.33394941,9
TNG50-1,50,1.0,250015,-0.09286566,0.06945997,0.32822643,0.33394941,10
TNG50-1,50,1.0,250015,-0.01797398,-0.01905722,0.32822643,0.33394941,11
TNG50-1,50,1.0,250015,-0.02566844,-0.00516268,0.32822643,0.33394941,12
TNG50-1,50,1.0,250015,0.07905243,0.00702628,0.32822643,0.33394941,13
TNG50-1,50,1.0,250015,0.02158805,0.11090707,0.32822643,0.33394941,14
TNG50-1,50,1.0,302096,0.00044374,-0.10040739,1.36668753,1.37854768,0
TNG50-1,50,1.0,302096,0.05469727,-0.01868062,1.36668753,1.37854768,1
TNG50-1,50,1.0,302096,-0.02990901,0.01857962,1.36668753,1.37854768,2
TNG50-1,50,1.0,302096,-0.01296996,0.08726725,1.36668753,1.37854768,3
TNG50-1,50,1.0,302096,0.00062764,0.02839446,1.36668753,1.37854768,4
TNG50-1,50,1.0,302096,-0.03870665,0.05631081,1.36668753,1.37854768,5
TNG50-1,50,1.0,302096,-0.01018589,-0.06045523,1.36668753,1.37854768,6
TNG50-1,50,1.0,302096,0.04440255,-0.00634112,1.36668753,1.37854768,7
TNG50-1,50,1.0,302096,-0.04001823,0.06103732,1.36668753,1.37854768,8
TNG50-1,50,1.0,302096,4.45e-06,-0.04438668,1.36668753,1.37854768,9
TNG50-1,50,1.0,302096,0.03543668,0.04826113,1.36668753,1.37854768,10
TNG50-1,50,1.0,302096,-0.0412233,0.03666589,1.36668753,1.37854768,11
TNG50-1,50,1.0,302096,0.05477069,0.01373618,1.36668753,1.37854768,12
TNG50-1,50,1.0,302096,0.00364417,-0.01643513,1.36668753,1.37854768,13
TNG50-1,50,1.0,302096,-0.00825613,-0.04931476,1.36668753,1.37854768,14
TNG50-1,50,1.0,41134,0.08876896,0.09912985,0.73514592,-0.48807505,0
TNG50-1,50,1.0,41134,0.03159313,-0.09722953,0.73514592,-0.48807505,1
TNG50-1,50,1.0,41134,0.01703081,0.11370925,0.73514592,-0.48807505,2
TNG50-1,50,1.0,41134,-0.02064249,-0.01165376,0.73514592,-0.48807505,3
TNG50-1,50,1.0,41134,0.00189358,0.01739043,0.73514592,-0.48807505,4
TNG50-1,50,1.0,41134,0.00823586,-0.07074161,0.73514592,-0.48807505,5
TNG50-1,50,1.0,41134,0.01999378,0.04984358,0.73514592,-0.48807505,6
TNG50-1,50,1.0,41134,0.03671701,0.00207363,0.73514592,-0.48807505,7
TNG50-1,50,1.0,41134,-0.03912358,-0.00307337,0.73514592,-0.48807505,8
TNG50-1,50,1.0,41134,-0.07332985,-0.09686926,0.73514592,-0.48807505,9
TNG50-1,50,1.0,41134,0.00421404,0.00368984,0.73514592,-0.48807505,10
TNG50-1,50,1.0,41134,-0.08736087,0.04229142,0.73514592,-0.48807505,11
TNG50-1,50,1.0,41134,-0.01618305,-0.01181393,0.73514592,-0.48807505,12
TNG50-1,50,1.0,41134,-0.02545949,0.05870997,0.73514592,-0.48807505,13
TNG50-1,50,1.0,41134,0.02458741,0.05664476,0.73514592,-0.48807505,14
TNG50-1,50,1.0,202095,-0.03205477,0.0971321,1.14348357,0.17907638,0
TNG50-1,50,1.0,202095,0.07975569,-0.03460987,1.14348357,0.17907638,1
TNG50-1,50,1.0,202095,0.00226475,-0.11777977,1.14348357,0.17907638,2
TNG50-1,50,1.0,202095,0.00248726,0.05150828,1.14348357,0.17907638,3
TNG50-1,50,1.0,202095,0.00494906,0.07502516,1.14348357,0.17907638,4
TNG50-1,50,1.0,202095,0.00346579,0.08296078,1.14348357,0.17907638,5
TNG50-1,50,1.0,202095,-0.13150667,0.0519174,1.14348357,0.17907638,6
TNG50-1,50,1.0,202095,-0.00927532,0.06007598,1.14348357,0.17907638,7
TNG50-1,50,1.0,202095,-0.06819732,0.0026467,1.14348357,0.17907638,8
TNG50-1,50,1.0,202095,0.08131679,-0.10381478,1.14348357,0.17907638,9
TNG50-1,50,1.0,202095,0.07930415,0.00139405,1.14348357,0.17907638,10
TNG50-1,50,1.0,202095,0.04259692,0.03107864,1.14348357,0.17907638,11
TNG50-1,50,1.0,202095,-0.01192337,-0.0067635,1.14348357,0.17907638,12
TNG50-1,50,1.0,202095,-0.05040075,-0.00904181,1.14348357,0.17907638,13
TNG50-1,50,1.0,202095,-0.03287905,-0.0482059,1.14348357,0.17907638,14
TNG50-1,50,1.0,300297,-0.05008694,0.03365868,0.44762375,-0.63994358,0
TNG50-1,50,1.0,300297,0.09190743,0.00421169,0.44762375,-0.63994358,1
TNG50-1,50,1.0,300297,0.09371732,-0.03160576,0.44762375,-0.63994358,2
TNG50-1,50,1.0,300297,-0.00013236,0.01354071,0.44762375,-0.63994358,3
TNG50-1,50,1.0,300297,0.01407618,0.03357498,0.44762375,-0.63994358,4
TNG50-1,50,1.0,300297,-0.0490429,0.01084643,0.44762375,-0.63994358,5
TNG50-1,50,1.0,300297,0.03212874,-0.04405906,0.44762375,-0.63994358,6
TNG50-1,50,1.0,300297,0.08798246,-0.02317803,0.44762375,-0.63994358,7
TNG50-1,50,1.0,300297,-0.07646154,-0.02279537,0.44762375,-0.63994358,8
TNG50-1,50,1.0,300297,0.02319416,-0.0421222,0.44762375,-0.63994358,9
TNG50-1,50,1.0,300297,0.02695111,0.01567698,0.44762375,-0.63994358,10
TNG50-1,50,1.0,300297,0.02638033,0.0209056,0.44762375,-0.63994358,11
TNG50-1,50,1.0,300297,0.08214088,0.04897588,0.44762375,-0.63994358,12
TNG50-1,50,1.0,300297,0.10180091,-0.04288112,0.44762375,-0.63994358,13
TNG50-1,50,1.0,300297,-0.01167418,-0.02887393,0.44762375,-0.63994358,14
TNG50-1,50,1.0,237548,0.07772847,0.07391423,1.36278493,-1.03735398,0
TNG50-1,50,1.0,237548,-0.00822479,-0.04607414,1.36278493,-1.03735398,1
TNG50-1,50,1.0,237548,0.00150655,0.02908792,1.36278493,-1.03735398,2
TNG50-1,50,1.0,237548,-0.00875519,0.03910954,1.36278493,-1.03735398,3
TNG50-1,50,1.0,237548,0.05665154,0.13074546,1.36278493,-1.03735398,4
TNG50-1,50,1.0,237548,0.05859043,-0.03711506,1.36278493,-1.03735398,5
TNG50-1,50,1.0,237548,0.05566041,0.07162716,1.36278493,-1.03735398,6
TNG50-1,50,1.0,237548,0.00132838,0.0008673,1.36278493,-1.03735398,7
TNG50-1,50,1.0,237548,-0.0436218,-0.06206821,1.36278493,-1.03735398,8
TNG50-1,50,1.0,237548,0.09626065,-0.00599936,1.36278493,-1.03735398,9
TNG50-1,50,1.0,237548,0.04281545,0.00012324,1.36278493,-1.03735398,10
TNG50-1,50,1.0,237548,-0.02283295,-0.05294451,1.36278493,-1.03735398,11
TNG50-1,50,1.0,237548,0.07119094,0.01560868,1.36278493,-1.03735398,12
TNG50-1,50,1.0,237548,-0.02678045,0.04789046,1.36278493,-1.03735398,13
TNG50-1,50,1.0,237548,0.07053517,0.01191003,1.36278493,-1.03735398,14
TNG50-1,50,1.0,25245,-0.0270922,0.02149408,0.38147042,-0.9576029,0
TNG50-1,50,1.0,25245,-0.0074236,-0.05376321,0.38147042,-0.9576029,1
TNG50-1,50,1.0,25245,-0.00022717,-0.00312696,0.38147042,-0.9576029,2
TNG50-1,50,1.0,25245,0.01086608,0.15149192,0.38147042,-0.9576029,3
TNG50-1,50,1.0,25245,0.05549154,0.01517771,0.38147042,-0.9576029,4
TNG50-1,50,1.0,25245,0.01359699,-0.04319066,0.38147042,-0.9576029,5
TNG50-1,50,1.0,25245,-0.07013483,0.02038945,0.38147042,-0.9576029,6
TNG50-1,50,1.0,25245,-0.02811605,-0.02585376,0.38147042,-0.9576029,7
TNG50-1,50,1.0,25245,0.00830105,-0.04803721,0.38147042,-0.9576029,8
TNG50-1,50,1.0,25245,0.05620622,0.10515698,0.38147042,-0.9576029,9
TNG50-1,50,1.0,25245,0.06489232,0.0533406,0.38147042,-0.9576029,10
TNG50-1,50,1.0,25245,0.08873427,0.01727683,0.38147042,-0.9576029,11
TNG50-1,50,1.0,25245,0.00653072,-0.01959116,0.38147042,-0.9576029,12
TNG50-1,50,1.0,25245,0.03816546,-0.01553947,0.38147042,-0.9576029,13
TNG50-1,50,1.0,25245,-0.07272308,0.07712409,0.38147042,-0.9576029,14
TNG50-1,50,1.0,291550,0.01532888,-0.02286226,0.55783004,-1.38875566,0
TNG50-1,50,1.0,291550,-0.15414026,-0.020528,0.55783004,-1.38875566,1
TNG50-1,50,1.0,291550,0.12104693,-0.01865721,0.55783004,-1.38875566,2
TNG50-1,50,1.0,291550,0.00915312,-0.00324905,0.55783004,-1.38875566,3
TNG50-1,50,1.0,291550,0.01716845,-0.0786819,0.55783004,-1.38875566,4
TNG50-1,50,1.0,291550,0.05433474,-0.02696701,0.55783004,-1.38875566,5
TNG50-1,50,1.0,291550,0.02327014,0.0115184,0.55783004,-1.38875566,6
TNG50-1,50,1.0,291550,0.03734543,0.0111619,0.55783004,-1.38875566,7
TNG50-1,50,1.0,291550,-0.02118617,0.05789965,0.55783004,-1.38875566,8
TNG50-1,50,1.0,291550,-0.06148977,0.09196961,0.55783004,-1.38875566,9
TNG50-1,50,1.0,291550,0.01401164,0.07562417,0.55783004,-1.38875566,10
TNG50-1,50,1.0,291550,0.07158073,0.04573262,0.55783004,-1.38875566,11
TNG50-1,50,1.0,291550,-0.03239013,-0.00743673,0.55783004,-1.38875566,12
TNG50-1,50,1.0,291550,-0.0364012,-0.03115345,0.55783004,-1.38875566,13
TNG50-1,50,1.0,291550,0.06105096,0.00089392,0.55783004,-1.38875566,14
TNG50-1,50,1.0,191613,0.02927894,0.01216427,1.30242919,1.41149723,0
TNG50-1,50,1.0,191613,0.04109689,-0.044984,1.30242919,1.41149723,1
TNG50-1,50,1.0,191613,0.03115429,0.02169521,1.30242919,1.41149723,2
TNG50-1,50,1.0,191613,-0.00605877,-0.01537141,1.30242919,1.41149723,3
TNG50-1,50,1.0,191613,0.03934311,-0.03617101,1.30242919,1.41149723,4
TNG50-1,50,1.0,191613,0.06304363,0.00266027,1.30242919,1.41149723,5
TNG50-1,50,1.0,191613,0.04400802,0.01961402,1.30242919,1.41149723,6
TNG50-1,50,1.0,191613,-0.00160065,-0.04242645,1.30242919,1.41149723,7
TNG50-1,50,1.0,191613,-0.04169243,-0.01213062,1.30242919,1.41149723,8
TNG50-1,50,1.0,191613,-0.04287837,0.02338392,1.30242919,1.41149723,9
TNG50-1,50,1.0,191613,-0.03406088,-0.03810451,1.30242919,1.41149723,10
TNG50-1,50,1.0,191613,0.01285376,-0.08288784,1.30242919,1.41149723,11
TNG50-1,50,1.0,191613,0.02599019,-0.07682869,1.30242919,1.41149723,12
TNG50-1,50,1.0,191613,-0.07072662,-0.02090254,1.30242919,1.41149723,13
TNG50-1,50,1.0,191613,-0.02519976,-0.06592091,1.30242919,1.41149723,14
TNG50-1,50,1.0,110864,-0.01738609,-0.02318913,1.35059017,-0.30511271,0
TNG50-1,50,1.0,110864,0.08324714,-0.04543417,1.35059017,-0.30511271,1
TNG50-1,50,1.0,110864,-0.06892992,0.05370618,1.35059017,-0.30511271,2
TNG50-1,50,1.0,110864,-0.01413024,-0.02541982,1.35059017,-0.30511271,3
TNG50-1,50,1.0,110864,0.10661523,0.01984652,1.35059017,-0.30511271,4
TNG50-1,50,1.0,110864,0.0204065,-0.0802046,1.35059017,-0.30511271,5
TNG50-1,50,1.0,110864,-0.01838616,0.00657535,1.35059017,-0.30511271,6
TNG50-1,50,1.0,110864,-0.00784413,-0.06015802,1.35059017,-0.30511271,7
TNG50-1,50,1.0,110864,0.02146813,-0.02128242,1.35059017,-0.30511271,8
TNG50-1,50,1.0,110864,0.0847886,0.11056013,1.35059017,-0.30511271,9
TNG50-1,50,1.0,110864,-0.02654268,0.04660872,1.35059017,-0.30511271,10
TNG50-1,50,1.0,110864,-0.03788051,-0.00642063,1.35059017,-0.30511271,11
TNG50-1,50,1.0,110864,-0.06894044,0.1599471,1.35059017,-0.30511271,12
TNG50-1,50,1.0,110864,0.0051548,-0.04575873,1.35059017,-0.30511271,13
TNG50-1,50,1.0,110864,-0.07028437,0.05826082,1.35059017,-0.30511271,14
TNG50-1,50,1.0,70417,-0.07663372,-0.01079399,0.56205197,1.04967174,0
TNG50-1,50,1.0,70417,-0.01219614,-0.01582355,0.56205197,1.04967174,1
TNG50-1,50,1.0,70417,-0.06738949,-0.0436298,0.56205197,1.04967174,2
TNG50-1,50,1.0,70417,0.0128638,0.0164992,0.56205197,1.04967174,3
TNG50-1,50,1.0,70417,0.00279851,-0.01485588,0.56205197,1.04967174,4
TNG50-1,50,1.0,70417,-0.01538324,-0.01370161,0.56205197,1.04967174,5
TNG50-1,50,1.0,70417,0.05460285,-0.00469443,0.56205197,1.04967174,6
TNG50-1,50,1.0,70417,-0.02835495,0.0275814,0.56205197,1.04967174,7
TNG50-1,50,1.0,70417,0.01634259,-0.02818653,0.56205197,1.04967174,8
TNG50-1,50,1.0,70417,0.04102775,-0.0386079,0.56205197,1.04967174,9
TNG50-1,50,1.0,70417,-0.07416106,0.02158621,0.56205197,1.04967174,10
TNG50-1,50,1.0,70417,-0.03742072,-0.15128625,0.56205197,1.04967174,11
TNG50-1,50,1.0,70417,0.00269305,-0.03018391,0.56205197,1.04967174,12
TNG50-1,50,1.0,70417,0.03150767,-0.05756547,0.56205197,1.04967174,13
TNG50-1,50,1.0,70417,0.07106189,0.06016291,0.56205197,1.04967174,14
TNG50-1,50,1.0,87131,-0.02204664,0.04873446,1.27014085,0.56966334,0
TNG50-1,50,1.0,87131,-0.02803581,0.01499445,1.27014085,0.56966334,1
TNG50-1,50,1.0,87131,-0.00243112,0.03185411,1.27014085,0.56966334,2
TNG50-1,50,1.0,87131,-0.02976862,0.10925129,1.27014085,0.56966334,3
TNG50-1,50,1.0,87131,-0.02013241,-0.01507608,1.27014085,0.56966334,4
TNG50-1,50,1.0,87131,0.00485552,-0.05228458,1.27014085,0.56966334,5
TNG50-1,50,1.0,87131,-0.02110202,-0.07670299,1.27014085,0.56966334,6
TNG50-1,50,1.0,87131,-0.02146087,0.0877837,1.27014085,0.56966334,7
TNG50-1,50,1.0,87131,-0.05050788,0.08843936,1.27014085,0.56966334,8
TNG50-1,50,1.0,87131,-0.05768919,-0.04622999,1.27014085,0.56966334,9
TNG50-1,50,1.0,87131,0.00303184,-0.03636604,1.27014085,0.56966334,10
TNG50-1,50,1.0,87131,0.01533003,-0.01619955,1.27014085,0.56966334,11
TNG50-1,50,1.0,87131,-0.07140783,0.06121284,1.27014085,0.56966334,12
TNG50-1,50,1.0,87131,0.03799707,-0.06436511,1.27014085,0.56966334,13
TNG50-1,50,1.0,87131,0.03820238,-0.09833098,1.27014085,0.56966334,14
TNG50-1,50,1.0,194156,0.10837572,0.00723735,0.92317906,-0.96785822,0
TNG50-1,50,1.0,194156,0.01561866,-0.0150062,0.92317906,-0.96785822,1
TNG50-1,50,1.0,194156,0.02272067,-0.06876408,0.92317906,-0.96785822,2
TNG50-1,50,1.0,194156,-0.0102553,0.00312667,0.92317906,-0.96785822,3
TNG50-1,50,1.0,194156,0.02328925,-0.01474751,0.92317906,-0.96785822,4
TNG50-1,50,1.0,194156,-0.07571029,-0.0230512,0.92317906,-0.96785822,5
TNG50-1,50,1.0,194156,-0.04204603,-0.10784474,0.92317906,-0.96785822,6
TNG50-1,50,1.0,194156,0.00525789,0.03413838,0.92317906,-0.96785822,7
TNG50-1,50,1.0,194156,-0.11354454,-0.06165255,0.92317906,-0.96785822,8
TNG50-1,50,1.0,194156,-0.01512588,0.00316351,0.92317906,-0.96785822,9
TNG50-1,50,1.0,194156,-0.01820822,-0.04041342,0.92317906,-0.96785822,10
TNG50-1,50,1.0,194156,-0.01513451,-0.01943633,0.92317906,-0.96785822,11
TNG50-1,50,1.0,194156,-0.02755409,0.05761462,0.92317906,-0.96785822,12
TNG50-1,50,1.0,194156,-0.0497946,0.02658091,0.92317906,-0.96785822,13
TNG50-1,50,1.0,194156,-0.09110159,0.056502,0.92317906,-0.96785822,14
TNG50-1,50,1.0,280271,0.01651927,0.03929925,0.42312183,-1.01956542,0
TNG50-1,50,1.0,280271,0.01980718,0.03368335,0.42312183,-1.01956542,1
TNG50-1,50,1.0,280271,-0.08905695,0.04484138,0.42312183,-1.01956542,2
TNG50-1,50,1.0,280271,-0.01587625,-0.03386809,0.42312183,-1.01956542,3
TNG50-1,50,1.0,280271,-0.01124545,-0.02817738,0.42312183,-1.01956542,4
TNG50-1,50,1.0,280271,0.06118324,-0.00605238,0.42312183,-1.01956542,5
TNG50-1,50,1.0,280271,-0.02531147,0.07218497,0.42312183,-1.01956542,6
TNG50-1,50,1.0,280271,0.01324298,0.08469141,0.42312183,-1.01956542,7
TNG50-1,50,1.0,280271,0.01128787,0.03969042,0.42312183,-1.01956542,8
TNG50-1,50,1.0,280271,0.05788376,0.01655099,0.42312183,-1.01956542,9
TNG50-1,50,1.0,280271,-0.0066872,0.06676913,0.42312183,-1.01956542,10
TNG50-1,50,1.0,280271,0.04138935,-0.01279212,0.42312183,-1.01956542,11
TNG50-1,50,1.0,280271,-0.08524326,-0.01954708,0.42312183,-1.01956542,12
TNG50-1,50,1.0,280271,-0.08070097,-0.00645111,0.42312183,-1.01956542,13
TNG50-1,50,1.0,280271,-0.11416722,-0.04893572,0.42312183,-1.01956542,14
TNG50-1,50,1.0,165283,-0.00875047,0.05663137,0.8896853,0.98013984,0
TNG50-1,50,1.0,165283,-0.0558704,0.03993196,0.8896853,0.98013984,1
TNG50-1,50,1.0,165283,0.05125039,0.06762252,0.8896853,0.98013984,2
TNG50-1,50,1.0,165283,0.02718437,0.01984091,0.8896853,0.98013984,3
TNG50-1,50,1.0,165283,0.07147812,-0.13210512,0.8896853,0.98013984,4
TNG50-1,50,1.0,165283,-0.08146414,-0.06222915,0.8896853,0.98013984,5
TNG50-1,50,1.0,165283,0.09508485,0.02324357,0.8896853,0.98013984,6
TNG50-1,50,1.0,165283,-0.07862377,-0.01848585,0.8896853,0.98013984,7
TNG50-1,50,1.0,165283,-0.0599154,-0.0279421,0.8896853,0.98013984,8
TNG50-1,50,1.0,165283,-0.03104108,-0.05516134,0.8896853,0.98013984,9
TNG50-1,50,1.0,165283,0.06538603,0.04737948,0.8896853,0.98013984,10
TNG50-1,50,1.0,165283,0.01127867,0.02280963,0.8896853,0.98013984,11
TNG50-1,50,1.0,165283,-0.01219146,0.02505956,0.8896853,0.98013984,12
TNG50-1,50,1.0,165283,-0.03963137,-0.03168011,0.8896853,0.98013984,13
TNG50-1,50,1.0,165283,-0.06879676,0.00881439,0.8896853,0.98013984,14
TNG50-1,50,1.0,41132,-0.06688825,-0.03291447,1.05667998,-0.73917996,0
TNG50-1,50,1.0,41132,-0.0064914,0.03621347,1.05667998,-0.73917996,1
TNG50-1,50,1.0,41132,-0.12639648,-0.08031359,1.05667998,-0.73917996,2
TNG50-1,50,1.0,41132,-0.07840581,0.04449935,1.05667998,-0.73917996,3
TNG50-1,50,1.0,41132,-0.01611559,0.00196565,1.05667998,-0.73917996,4
TNG50-1,50,1.0,41132,0.11875591,-0.01073604,1.05667998,-0.73917996,5
TNG50-1,50,1.0,41132,-0.09003715,-0.08214923,1.05667998,-0.73917996,6
TNG50-1,50,1.0,41132,-0.06217903,-0.04898943,1.05667998,-0.73917996,7
TNG50-1,50,1.0,41132,0.01083874,0.05993257,1.05667998,-0.73917996,8
TNG50-1,50,1.0,41132,0.08847115,-0.01042995,1.05667998,-0.73917996,9
TNG50-1,50,1.0,41132,0.01010862,0.01391992,1.05667998,-0.73917996,10
TNG50-1,50,1.0,41132,0.03510709,-0.0439766,1.05667998,-0.73917996,11
TNG50-1,50,1.0,41132,-0.01688019,-0.00145273,1.05667998,-0.73917996,12
TNG50-1,50,1.0,41132,-0.02553108,-0.0686076,1.05667998,-0.73917996,13
TNG50-1,50,1.0,41132,0.00410922,0.00499411,1.05667998,-0.73917996,14
TNG50-1,50,1.0,297780,0.01853204,-0.09852166,1.01163623,1.2983737,0
TNG50-1,50,1.0,297780,0.01603074,-0.03075568,1.01163623,1.2983737,1
TNG50-1,50,1.0,297780,-0.04517924,0.02631093,1.01163623,1.2983737,2
TNG50-1,50,1.0,297780,-0.01710255,-0.05388141,1.01163623,1.2983737,3
TNG50-1,50,1.0,297780,0.02685971,0.00484743,1.01163623,1.2983737,4
TNG50-1,50,1.0,297780,-0.01057188,-0.07382149,1.01163623,1.2983737,5
TNG50-1,50,1.0,297780,-0.01436527,-0.01169441,1.01163623,1.2983737,6
TNG50-1,50,1.0,297780,0.09517338,-0.0573522,1.01163623,1.2983737,7
TNG50-1,50,1.0,297780,-0.04754946,-0.00389903,1.01163623,1.2983737,8
TNG50-1,50,1.0,297780,0.05402092,-0.02505397,1.01163623,1.2983737,9
TNG50-1,50,1.0,297780,-0.05773403,-0.05951831,1.01163623,1.2983737,10
TNG50-1,50,1.0,297780,0.03273905,-0.03294367,1.01163623,1.2983737,11
TNG50-1,50,1.0,297780,0.03540763,-0.04670784,1.01163623,1.2983737,12
TNG50-1,50,1.0,297780,-0.02551826,-0.06569624,1.01163623,1.2983737,13
TNG50-1,50,1.0,297780,-0.06087384,0.05413729,1.01163623,1.2983737,14
TNG50-1,50,1.0,238585,-0.01800874,-0.02151424,1.3478558,-1.1307993,0
TNG50-1,50,1.0,238585,-0.11011127,0.00707187,1.3478558,-1.1307993,1
TNG50-1,50,1.0,238585,-0.03116404,-0.06930536,1.3478558,-1.1307993,2
TNG50-1,50,1.0,238585,0.04573559,-0.03041338,1.3478558,-1.1307993,3
TNG50-1,50,1.0,238585,-0.03806793,-0.04376532,1.3478558,-1.1307993,4
TNG50-1,50,1.0,238585,0.07488719,0.01127998,1.3478558,-1.1307993,5
TNG50-1,50,1.0,238585,-0.0428331,0.00465988,1.3478558,-1.1307993,6
TNG50-1,50,1.0,238585,0.0251704,0.02313249,1.3478558,-1.1307993,7
TNG50-1,50,1.0,238585,0.05183193,-0.02452613,1.3478558,-1.1307993,8
TNG50-1,50,1.0,238585,0.0225097,-0.0465115,1.3478558,-1.1307993,9
TNG50-1,50,1.0,238585,-0.0687247,0.00913645,1.3478558,-1.1307993,10
TNG50-1,50,1.0,238585,-0.04712343,-0.05147945,1.3478558,-1.1307993,11
TNG50-1,50,1.0,238585,0.05850355,0.05392113,1.3478558,-1.1307993,12
TNG50-1,50,1.0,238585,-0.04023057,-0.00572612,1.3478558,-1.1307993,13
TNG50-1,50,1.0,238585,0.04878383,-0.01630676,1.3478558,-1.1307993,14
TNG50-1,50,1.0,276807,0.02310878,0.07891815,0.30196869,0.55828808,0
TNG50-1,50,1.0,276807,-0.00381822,0.02769291,0.30196869,0.55828808,1
TNG50-1,50,1.0,276807,-0.08290259,-0.04230123,0.30196869,0.55828808,2
TNG50-1,50,1.0,276807,-0.05307149,0.07646767,0.30196869,0.55828808,3
TNG50-1,50,1.0,276807,0.05288544,-0.06775617,0.30196869,0.55828808,4
TNG50-1,50,1.0,276807,0.00419422,0.01326681,0.30196869,0.55828808,5
TNG50-1,50,1.0,276807,-0.08407839,0.02438923,0.30196869,0.55828808,6
TNG50-1,50,1.0,276807,0.0176056,-0.04405578,0.30196869,0.55828808,7
TNG50-1,50,1.0,276807,-0.02796294,0.03487965,0.30196869,0.55828808,8
TNG50-1,50,1.0,276807,-0.043725,-0.02569451,0.30196869,0.55828808,9
TNG50-1,50,1.0,276807,-0.05724364,0.03475712,0.30196869,0.55828808,10
TNG50-1,50,1.0,276807,0.04999647,-0.09197977,0.30196869,0.55828808,11
TNG50-1,50,1.0,276807,-0.09827492,0.0167488,0.30196869,0.55828808,12
TNG50-1,50,1.0,276807,-0.0418766,-0.02060533,0.30196869,0.55828808,13
TNG50-1,50,1.0,276807,0.00600634,0.05748519,0.30196869,0.55828808,14
TNG50-1,50,1.0,288097,-0.00219904,-0.02844563,1.13555645,0.98794882,0
TNG50-1,50,1.0,288097,0.06246148,0.10390075,1.13555645,0.98794882,1
TNG50-1,50,1.0,288097,0.02538064,-0.04316386,1.13555645,0.98794882,2
TNG50-1,50,1.0,288097,-0.00637542,-0.03971287,1.13555645,0.98794882,3
TNG50-1,50,1.0,288097,0.03938347,-0.04987912,1.13555645,0.98794882,4
TNG50-1,50,1.0,288097,0.03970292,0.06073922,1.13555645,0.98794882,5
TNG50-1,50,1.0,288097,0.0235955,-0.01214579,1.13555645,0.98794882,6
TNG50-1,50,1.0,288097,-0.11461507,-0.03129531,1.13555645,0.98794882,7
TNG50-1,50,1.0,288097,-0.04912802,0.0706737,1.13555645,0.98794882,8
TNG50-1,50,1.0,288097,0.06920529,0.0289747,1.13555645,0.98794882,9
TNG50-1,50,1.0,288097,-0.06279729,-0.04596451,1.13555645,0.98794882,10
TNG50-1,50,1.0,288097,0.04412306,-0.0611792,1.13555645,0.98794882,11
TNG50-1,50,1.0,288097,0.03532263,0.0579085,1.13555645,0.98794882,12
TNG50-1,50,1.0,288097,-0.03628762,0.00083941,1.13555645,0.98794882,13
TNG50-1,50,1.0,288097,-0.09976158,-0.0774532,1.13555645,0.98794882,14
TNG50-1,50,1.0,41142,-0.08915578,0.1383233,1.24150723,-0.83171659,0
TNG50-1,50,1.0,41142,-0.05580194,0.04555629,1.24150723,-0.83171659,1
TNG50-1,50,1.0,41142,-0.06197423,-0.0540861,1.24150723,-0.83171659,2
TNG50-1,50,1.0,41142,-0.10230385,0.01851111,1.24150723,-0.83171659,3
TNG50-1,50,1.0,41142,-0.05497535,-0.03958684,1.24150723,-0.83171659,4
TNG50-1,50,1.0,41142,-0.04595403,0.02231254,1.24150723,-0.83171659,5
TNG50-1,50,1.0,41142,-0.02313406,-0.06875937,1.24150723,-0.83171659,6
TNG50-1,50,1.0,41142,0.0846455,-0.05538897,1.24150723,-0.83171659,7
TNG50-1,50,1.0,41142,-0.01334216,0.01719538,1.24150723,-0.83171659,8
TNG50-1,50,1.0,41142,-0.00837874,0.04988346,1.24150723,-0.83171659,9
TNG50-1,50,1.0,41142,0.02546277,0.02513222,1.24150723,-0.83171659,10
TNG50-1,50,1.0,41142,-0.0118659,0.04270587,1.24150723,-0.83171659,11
TNG50-1,50,1.0,41142,0.02000765,0.01869093,1.24150723,-0.83171659,12
TNG50-1,50,1.0,41142,0.01403074,0.0086248,1.24150723,-0.83171659,13
TNG50-1,50,1.0,41142,0.00612943,-0.02518466,1.24150723,-0.83171659,14
TNG50-1,50,1.0,87130,0.04065009,0.03645301,1.15743054,-0.7030653,0
TNG50-1,50,1.0,87130,0.05124396,0.01539329,1.15743054,-0.7030653,1
TNG50-1,50,1.0,87130,-0.00315578,0.06547132,1.15743054,-0.7030653,2
TNG50-1,50,1.0,87130,-0.0058463,-0.02622271,1.15743054,-0.7030653,3
TNG50-1,50,1.0,87130,0.07957029,0.00943381,1.15743054,-0.7030653,4
TNG50-1,50,1.0,87130,-0.00102109,-0.00495468,1.15743054,-0.7030653,5
TNG50-1,50,1.0,87130,0.00378429,0.00292397,1.15743054,-0.7030653,6
TNG50-1,50,1.0,87130,0.0242113,-0.04425995,1.15743054,-0.7030653,7
TNG50-1,50,1.0,87130,-0.00489031,0.02879558,1.15743054,-0.7030653,8
TNG50-1,50,1.0,87130,-0.04101702,0.02089821,1.15743054,-0.7030653,9
TNG50-1,50,1.0,87130,0.01889828,0.06426118,1.15743054,-0.7030653,10
TNG50-1,50,1.0,87130,-0.00193775,-0.00050129,1.15743054,-0.7030653,11
TNG50-1,50,1.0,87130,0.09211249,-0.02059198,1.15743054,-0.7030653,12
TNG50-1,50,1.0,87130,0.03942243,0.03946472,1.15743054,-0.7030653,13
TNG50-1,50,1.0,87130,-0.02977411,-0.03971022,1.15743054,-0.7030653,14
TNG50-1,50,1.0,292022,0.05424923,0.07438918,0.31367736,1.45932912,0
TNG50-1,50,1.0,292022,0.0541421,0.09124925,0.31367736,1.45932912,1
TNG50-1,50,1.0,292022,0.06286395,0.05047425,0.31367736,1.45932912,2
TNG50-1,50,1.0,292022,0.01883115,0.06596543,0.31367736,1.45932912,3
TNG50-1,50,1.0,292022,-0.02432482,0.06083077,0.31367736,1.45932912,4
TNG50-1,50,1.0,292022,0.00545939,0.02784581,0.31367736,1.45932912,5
TNG50-1,50,1.0,292022,0.01900344,0.01645209,0.31367736,1.45932912,6
TNG50-1,50,1.0,292022,-0.02800708,0.02699316,0.31367736,1.45932912,7
TNG50-1,50,1.0,292022,0.06665581,0.03680077,0.31367736,1.45932912,8
TNG50-1,50,1.0,292022,0.02900421,-0.0370799,0.31367736,1.45932912,9
TNG50-1,50,1.0,292022,-0.04461115,0.03659794,0.31367736,1.45932912,10
TNG50-1,50,1.0,292022,0.09414368,0.07293084,0.31367736,1.45932912,11
TNG50-1,50,1.0,292022,0.00486946,-0.01031862,0.31367736,1.45932912,12
TNG50-1,50,1.0,292022,-0.05470515,-0.01566239,0.31367736,1.45932912,13
TNG50-1,50,1.0,292022,-0.04151271,0.02382732,0.31367736,1.45932912,14
TNG50-1,50,1.0,229968,-0.03248288,0.03793981,1.32188579,-0.73953843,0
TNG50-1,50,1.0,229968,-0.06584093,-0.00209296,1.32188579,-0.73953843,1
TNG50-1,50,1.0,229968,0.05738595,0.02250067,1.32188579,-0.73953843,2
TNG50-1,50,1.0,229968,-0.02254756,-0.04934596,1.32188579,-0.73953843,3
TNG50-1,50,1.0,229968,0.00092243,0.12769254,1.32188579,-0.73953843,4
TNG50-1,50,1.0,229968,-0.03050625,-0.01419297,1.32188579,-0.73953843,5
TNG50-1,50,1.0,229968,0.06383774,0.01017965,1.32188579,-0.73953843,6
TNG50-1,50,1.0,229968,0.04265881,0.02832328,1.32188579,-0.73953843,7
TNG50-1,50,1.0,229968,-0.01203698,-0.02053953,1.32188579,-0.73953843,8
TNG50-1,50,1.0,229968,-0.05899487,0.00039124,1.32188579,-0.73953843,9
TNG50-1,50,1.0,229968,-0.01734649,-0.00021624,1.32188579,-0.73953843,10
TNG50-1,50,1.0,229968,0.02850763,-0.0457019,1.32188579,-0.73953843,11
TNG50-1,50,1.0,229968,0.00943179,0.02192947,1.32188579,-0.73953843,12
TNG50-1,50,1.0,229968,0.0054549,-0.08246109,1.32188579,-0.73953843,13
TNG50-1,50,1.0,229968,0.01058494,0.08763542,1.32188579,-0.73953843,14
TNG50-1,50,1.0,290266,0.03964854,-0.0028707,0.51035972,-0.22004642,0
TNG50-1,50,1.0,290266,0.03195612,0.0050429,0.51035972,-0.22004642,1
TNG50-1,50,1.0,290266,-0.08683211,-0.0007702,0.51035972,-0.22004642,2
TNG50-1,50,1.0,290266,-0.03962643,-0.05628583,0.51035972,-0.22004642,3
TNG50-1,50,1.0,290266,0.06946726,-0.03353655,0.51035972,-0.22004642,4
TNG50-1,50,1.0,290266,0.02133189,0.0052761,0.51035972,-0.22004642,5
TNG50-1,50,1.0,290266,0.05973462,-0.07026357,0.51035972,-0.22004642,6
TNG50-1,50,1.0,290266,0.05184717,-0.0252105,0.51035972,-0.22004642,7
TNG50-1,50,1.0,290266,0.02624871,-0.05406532,0.51035972,-0.22004642,8
TNG50-1,50,1.0,290266,-0.04237486,0.02888378,0.51035972,-0.22004642,9
TNG50-1,50,1.0,290266,0.0497587,0.03304855,0.51035972,-0.22004642,10
TNG50-1,50,1.0,290266,-0.05506037,-0.06468196,0.51035972,-0.22004642,11
TNG50-1,50,1.0,290266,-0.06052926,-0.01483159,0.51035972,-0.22004642,12
TNG50-1,50,1.0,290266,-0.06367647,0.09280299,0.51035972,-0.22004642,13
TNG50-1,50,1.0,290266,0.04878613,-0.04903814,0.51035972,-0.22004642,14
TNG50-1,50,1.0,281395,0.05464438,-0.01782012,0.73267019,-0.21200852,0
TNG50-1,50,1.0,281395,0.01477334,-0.07206167,0.73267019,-0.21200852,1
TNG50-1,50,1.0,281395,-0.02156477,0.00884889,0.73267019,-0.21200852,2
TNG50-1,50,1.0,281395,0.00333821,0.05814282,0.73267019,-0.21200852,3
TNG50-1,50,1.0,281395,0.0040685,0.04210581,0.73267019,-0.21200852,4
TNG50-1,50,1.0,281395,-0.00458476,-0.00633428,0.73267019,-0.21200852,5
TNG50-1,50,1.0,281395,-0.06595557,-0.09202058,0.73267019,-0.21200852,6
TNG50-1,50,1.0,281395,0.06215443,0.03578512,0.73267019,-0.21200852,7
TNG50-1,50,1.0,281395,0.05332168,0.00731961,0.73267019,-0.21200852,8
TNG50-1,50,1.0,281395,-0.05220945,0.02121756,0.73267019,-0.21200852,9
TNG50-1,50,1.0,281395,-0.01503628,0.09680514,0.73267019,-0.21200852,10
TNG50-1,50,1.0,281395,-0.01125428,-0.04124058,0.73267019,-0.21200852,11
TNG50-1,50,1.0,281395,-0.05782594,-0.1437408,0.73267019,-0.21200852,12
TNG50-1,50,1.0,281395,-0.09333981,-0.05267273,0.73267019,-0.21200852,13
TNG50-1,50,1.0,281395,-0.03352963,0.02430225,0.73267019,-0.21200852,14
TNG50-1,50,1.0,297347,0.0013463,-0.03651901,0.56913914,-0.77586422,0
TNG50-1,50,1.0,297347,-0.06078181,-0.01973375,0.56913914,-0.77586422,1
TNG50-1,50,1.0,297347,-0.07098587,0.10325976,0.56913914,-0.77586422,2
TNG50-1,50,1.0,297347,-0.01773045,-0.06744182,0.56913914,-0.77586422,3
TNG50-1,50,1.0,297347,-0.06230473,-0.02094883,0.56913914,-0.77586422,4
TNG50-1,50,1.0,297347,0.02603167,0.00491335,0.56913914,-0.77586422,5
TNG50-1,50,1.0,297347,-0.02057134,-0.01516664,0.56913914,-0.77586422,6
TNG50-1,50,1.0,297347,-0.03135589,0.05369848,0.56913914,-0.77586422,7
TNG50-1,50,1.0,297347,-0.03791382,-0.0154249,0.56913914,-0.77586422,8
TNG50-1,50,1.0,297347,0.01315614,-0.01172707,0.56913914,-0.77586422,9
TNG50-1,50,1.0,297347,0.00213046,0.04073143,0.56913914,-0.77586422,10
TNG50-1,50,1.0,297347,0.01009786,0.09053558,0.56913914,-0.77586422,11
TNG50-1,50,1.0,297347,0.00900647,0.07037492,0.56913914,-0.77586422,12
TNG50-1,50,1.0,297347,-0.00360978,-0.00683269,0.56913914,-0.77586422,13
TNG50-1,50,1.0,297347,-0.05165653,-0.00247571,0.56913914,-0.77586422,14
TNG50-1,50,1.0,278201,0.00233596,0.03226061,0.28185484,0.86642325,0
TNG50-1,50,1.0,278201,0.00734997,0.05625267,0.28185484,0.86642325,1
TNG50-1,50,1.0,278201,-0.04236741,0.09285637,0.28185484,0.86642325,2
TNG50-1,50,1.0,278201,0.04682969,-0.03659184,0.28185484,0.86642325,3
TNG50-1,50,1.0,278201,0.01033046,-0.03985522,0.28185484,0.86642325,4
TNG50-1,50,1.0,278201,-0.00224281,0.03344055,0.28185484,0.86642325,5
TNG50-1,50,1.0,278201,-0.06355727,-0.00018392,0.28185484,0.86642325,6
TNG50-1,50,1.0,278201,0.00311431,0.01101769,0.28185484,0.86642325,7
TNG50-1,50,1.0,278201,-0.09466062,-0.01243334,0.28185484,0.86642325,8
TNG50-1,50,1.0,278201,-0.02908247,-0.02981294,0.28185484,0.86642325,9
TNG50-1,50,1.0,278201,-0.02815489,0.08103823,0.28185484,0.86642325,10
TNG50-1,50,1.0,278201,0.01434976,-0.05499306,0.28185484,0.86642325,11
TNG50-1,50,1.0,278201,0.0939925,0.03431961,0.28185484,0.86642325,12
TNG50-1,50,1.0,278201,0.02859537,0.02621141,0.28185484,0.86642325,13
TNG50-1,50,1.0,278201,0.0724201,-0.07895066,0.28185484,0.86642325,14
TNG50-1,50,1.0,158268,-0.04153902,-0.02025006,0.55062791,0.8540399,0
TNG50-1,50,1.0,158268,-0.03313453,-0.03190472,0.55062791,0.8540399,1
TNG50-1,50,1.0,158268,0.02822921,-0.04929888,0.55062791,0.8540399,2
TNG50-1,50,1.0,158268,-0.01835176,0.00177209,0.55062791,0.8540399,3
TNG50-1,50,1.0,158268,-0.00427949,-0.12840146,0.55062791,0.8540399,4
TNG50-1,50,1.0,158268,-0.07288237,-0.01577442,0.55062791,0.8540399,5
TNG50-1,50,1.0,158268,0.11629559,-0.0045145,0.55062791,0.8540399,6
TNG50-1,50,1.0,158268,0.00355978,-0.06796383,0.55062791,0.8540399,7
TNG50-1,50,1.0,158268,0.02495004,0.07566094,0.55062791,0.8540399,8
TNG50-1,50,1.0,158268,-0.02703127,-0.02972292,0.55062791,0.8540399,9
TNG50-1,50,1.0,158268,-0.03263137,-0.01187421,0.55062791,0.8540399,10
TNG50-1,50,1.0,158268,0.09563423,-0.02961096,0.55062791,0.8540399,11
TNG50-1,50,1.0,158268,-0.09583608,-0.00407831,0.55062791,0.8540399,12
TNG50-1,50,1.0,158268,0.01393235,0.0654072,0.55062791,0.8540399,13
TNG50-1,50,1.0,158268,-0.06057519,0.12365079,0.55062791,0.8540399,14
TNG50-1,50,1.0,298803,0.03728196,0.00692173,0.36478453,-0.38227523,0
TNG50-1,50,1.0,298803,0.05439969,0.00915248,0.36478453,-0.38227523,1
TNG50-1,50,1.0,298803,0.08582137,-0.04520607,0.36478453,-0.38227523,2
TNG50-1,50,1.0,298803,0.01244355,0.04493412,0.36478453,-0.38227523,3
TNG50-1,50,1.0,298803,0.07851254,-0.00446176,0.36478453,-0.38227523,4
TNG50-1,50,1.0,298803,0.03962006,0.02205378,0.36478453,-0.38227523,5
TNG50-1,50,1.0,298803,0.00719937,-0.05982198,0.36478453,-0.38227523,6
TNG50-1,50,1.0,298803,0.01751705,-0.00891638,0.36478453,-0.38227523,7
TNG50-1,50,1.0,298803,-0.09107085,0.05486472,0.36478453,-0.38227523,8
TNG50-1,50,1.0,298803,0.01460596,0.04850888,0.36478453,-0.38227523,9
TNG50-1,50,1.0,298803,-0.07718738,-0.03986463,0.36478453,-0.38227523,10
TNG50-1,50,1.0,298803,-0.08126346,-0.02727791,0.36478453,-0.38227523,11
TNG50-1,50,1.0,298803,0.00964393,-0.04943434,0.36478453,-0.38227523,12
TNG50-1,50,1.0,298803,-0.05570393,-0.03282065,0.36478453,-0.38227523,13
TNG50-1,50,1.0,298803,-0.00035569,-0.06995338,0.36478453,-0.38227523,14
TNG50-1,50,1.0,308254,-0.00690879,-0.08231172,1.29449689,1.05282872,0
TNG50-1,50,1.0,308254,0.03165692,0.03239173,1.29449689,1.05282872,1
TNG50-1,50,1.0,308254,-0.03925264,0.01128235,1.29449689,1.05282872,2
TNG50-1,50,1.0,308254,-0.00453031,-0.02307955,1.29449689,1.05282872,3
TNG50-1,50,1.0,308254,-0.01102492,0.01638418,1.29449689,1.05282872,4
TNG50-1,50,1.0,308254,0.05275594,-0.08631916,1.29449689,1.05282872,5
TNG50-1,50,1.0,308254,-0.03057959,0.07313212,1.29449689,1.05282872,6
TNG50-1,50,1.0,308254,-0.02876081,0.0257472,1.29449689,1.05282872,7
TNG50-1,50,1.0,308254,-0.04230106,-0.04325989,1.29449689,1.05282872,8
TNG50-1,50,1.0,308254,-0.05687548,-0.02927051,1.29449689,1.05282872,9
TNG50-1,50,1.0,308254,0.02645925,-0.08515732,1.29449689,1.05282872,10
TNG50-1,50,1.0,308254,-0.00675554,-0.01569786,1.29449689,1.05282872,11
TNG50-1,50,1.0,308254,0.00274049,-0.0241366,1.29449689,1.05282872,12
TNG50-1,50,1.0,308254,0.06373206,-0.06625552,1.29449689,1.05282872,13
TNG50-1,50,1.0,308254,0.06660404,0.03883511,1.29449689,1.05282872,14
TNG50-1,50,1.0,210927,0.06383986,-0.01938172,0.61869673,-0.90140168,0
TNG50-1,50,1.0,210927,-0.00136802,0.01617292,0.61869673,-0.90140168,1
TNG50-1,50,1.0,210927,-0.01528234,0.14146096,0.61869673,-0.90140168,2
TNG50-1,50,1.0,210927,0.02174923,0.00970458,0.61869673,-0.90140168,3
TNG50-1,50,1.0,210927,-0.00098195,-0.00338153,0.61869673,-0.90140168,4
TNG50-1,50,1.0,210927,-0.05410896,-0.04934609,0.61869673,-0.90140168,5
TNG50-1,50,1.0,210927,-0.0326339,0.07641332,0.61869673,-0.90140168,6
TNG50-1,50,1.0,210927,-0.0148218,-0.05795508,0.61869673,-0.90140168,7
TNG50-1,50,1.0,210927,0.01240933,0.02135605,0.61869673,-0.90140168,8
TNG50-1,50,1.0,210927,0.00046684,-0.02367777,0.61869673,-0.90140168,9
TNG50-1,50,1.0,210927,0.01051847,-0.00946681,0.61869673,-0.90140168,10
TNG50-1,50,1.0,210927,-0.0762414,-0.07119661,0.61869673,-0.90140168,11
TNG50-1,50,1.0,210927,0.03326089,0.06715636,0.61869673,-0.90140168,12
TNG50-1,50,1.0,210927,0.00017079,-0.01388987,0.61869673,-0.90140168,13
TNG50-1,50,1.0,210927,0.12763545,-0.06075448,0.61869673,-0.90140168,14
TNG50-1,50,1.0,269303,0.06263453,0.05370185,0.91218564,-1.55726933,0
TNG50-1,50,1.0,269303,-0.02520684,-0.04098066,0.91218564,-1.55726933,1
TNG50-1,50,1.0,269303,0.01673036,0.07257937,0.91218564,-1.55726933,2
TNG50-1,50,1.0,269303,0.04207082,0.04734266,0.91218564,-1.55726933,3
TNG50-1,50,1.0,269303,0.02370172,-0.02147049,0.91218564,-1.55726933,4
TNG50-1,50,1.0,269303,-0.10983178,-0.05543746,0.91218564,-1.55726933,5
TNG50-1,50,1.0,269303,0.03476784,-0.07219081,0.91218564,-1.55726933,6
TNG50-1,50,1.0,269303,-0.00503069,0.01358769,0.91218564,-1.55726933,7
TNG50-1,50,1.0,269303,-0.01645143,-0.03686421,0.91218564,-1.55726933,8
TNG50-1,50,1.0,269303,-0.00545375,0.05996784,0.91218564,-1.55726933,9
TNG50-1,50,1.0,269303,-0.08050164,-0.03397619,0.91218564,-1.55726933,10
TNG50-1,50,1.0,269303,0.00960855,-0.04503355,0.91218564,-1.55726933,11
TNG50-1,50,1.0,269303,-0.06821957,0.01168132,0.91218564,-1.55726933,12
TNG50-1,50,1.0,269303,-0.01429199,-0.03430234,0.91218564,-1.55726933,13
TNG50-1,50,1.0,269303,0.00781322,0.0004275,0.91218564,-1.55726933,14
TNG50-1,50,1.0,55634,0.04929947,-0.01882449,0.9144169,0.22357886,0
TNG50-1,50,1.0,55634,0.00586147,0.08237758,0.9144169,0.22357886,1
TNG50-1,50,1.0,55634,0.00604822,0.10086814,0.9144169,0.22357886,2
TNG50-1,50,1.0,55634,0.01025734,0.04369691,0.9144169,0.22357886,3
TNG50-1,50,1.0,55634,-0.08465495,0.07706483,0.9144169,0.22357886,4
TNG50-1,50,1.0,55634,0.01959189,-0.07696072,0.9144169,0.22357886,5
TNG50-1,50,1.0,55634,0.00799658,-0.07106889,0.9144169,0.22357886,6
TNG50-1,50,1.0,55634,0.04464487,-0.01607803,0.9144169,0.22357886,7
TNG50-1,50,1.0,55634,0.03029054,0.00206155,0.9144169,0.22357886,8
TNG50-1,50,1.0,55634,-0.01009743,-0.00991037,0.9144169,0.22357886,9
TNG50-1,50,1.0,55634,0.05161964,-0.08210676,0.9144169,0.22357886,10
TNG50-1,50,1.0,55634,-0.01463153,0.05757959,0.9144169,0.22357886,11
TNG50-1,50,1.0,55634,0.01235786,0.10770991,0.9144169,0.22357886,12
TNG50-1,50,1.0,55634,-0.01555747,0.06404938,0.9144169,0.22357886,13
TNG50-1,50,1.0,55634,0.02308789,0.05427616,0.9144169,0.22357886,14
TNG50-1,50,1.0,70419,0.01130598,0.00508256,0.45517751,1.5521911,0
TNG50-1,50,1.0,70419,-0.04214987,0.11630961,0.45517751,1.5521911,1
TNG50-1,50,1.0,70419,0.0036264,0.01594154,0.45517751,1.5521911,2
TNG50-1,50,1.0,70419,0.1052794,-0.00484593,0.45517751,1.5521911,3
TNG50-1,50,1.0,70419,-0.01759941,0.02873574,0.45517751,1.5521911,4
TNG50-1,50,1.0,70419,-0.02274786,-0.01685731,0.45517751,1.5521911,5
TNG50-1,50,1.0,70419,0.05536518,-0.08976366,0.45517751,1.5521911,6
TNG50-1,50,1.0,70419,0.0586843,-0.01202606,0.45517751,1.5521911,7
TNG50-1,50,1.0,70419,-0.04239509,-0.01281468,0.45517751,1.5521911,8
TNG50-1,50,1.0,70419,-0.01307423,-0.07961587,0.45517751,1.5521911,9
TNG50-1,50,1.0,70419,-0.02509527,-0.00365176,0.45517751,1.5521911,10
TNG50-1,50,1.0,70419,0.00348447,-0.10335551,0.45517751,1.5521911,11
TNG50-1,50,1.0,70419,0.05518433,-0.01738434,0.45517751,1.5521911,12
TNG50-1,50,1.0,70419,-0.04020138,0.0121798,0.45517751,1.5521911,13
TNG50-1,50,1.0,70419,0.05448324,0.00484981,0.45517751,1.5521911,14
TNG50-1,50,1.0,234933,-0.02055347,-0.03431235,0.29354254,-1.44939165,0
TNG50-1,50,1.0,234933,-0.00427652,-0.02839741,0.29354254,-1.44939165,1
TNG50-1,50,1.0,234933,-0.03920322,-0.02691208,0.29354254,-1.44939165,2
TNG50-1,50,1.0,234933,0.00054083,-0.04924718,0.29354254,-1.44939165,3
TNG50-1,50,1.0,234933,0.00290432,-0.08755417,0.29354254,-1.44939165,4
TNG50-1,50,1.0,234933,-0.0450125,-0.02314699,0.29354254,-1.44939165,5
TNG50-1,50,1.0,234933,0.01338496,0.04366677,0.29354254,-1.44939165,6
TNG50-1,50,1.0,234933,0.01307263,0.00984899,0.29354254,-1.44939165,7
TNG50-1,50,1.0,234933,-0.0083105,0.07802876,0.29354254,-1.44939165,8
TNG50-1,50,1.0,234933,0.12105235,0.03754782,0.29354254,-1.44939165,9
TNG50-1,50,1.0,234933,-0.00703512,0.02619824,0.29354254,-1.44939165,10
TNG50-1,50,1.0,234933,-0.01396171,0.09413245,0.29354254,-1.44939165,11
TNG50-1,50,1.0,234933,-0.02111966,-0.00485728,0.29354254,-1.44939165,12
TNG50-1,50,1.0,234933,-0.04854696,0.00315378,0.29354254,-1.44939165,13
TNG50-1,50,1.0,234933,0.03429487,-0.00057322,0.29354254,-1.44939165,14
TNG50-1,50,1.0,317082,0.07718934,-0.06891509,0.73630312,-0.91735111,0
TNG50-1,50,1.0,317082,0.00012577,0.06527031,0.73630312,-0.91735111,1
TNG50-1,50,1.0,317082,-0.03241387,-0.01750164,0.73630312,-0.91735111,2
TNG50-1,50,1.0,317082,0.02938378,-0.0395676,0.73630312,-0.91735111,3
TNG50-1,50,1.0,317082,-0.04081299,0.01681496,0.73630312,-0.91735111,4
TNG50-1,50,1.0,317082,0.02667358,0.03248594,0.73630312,-0.91735111,5
TNG50-1,50,1.0,317082,0.02069205,0.03169765,0.73630312,-0.91735111,6
TNG50-1,50,1.0,317082,-0.00947013,0.00098752,0.73630312,-0.91735111,7
TNG50-1,50,1.0,317082,0.02829058,0.00795951,0.73630312,-0.91735111,8
TNG50-1,50,1.0,317082,-0.0743895,0.01160185,0.73630312,-0.91735111,9
TNG50-1,50,1.0,317082,0.00814811,0.01681981,0.73630312,-0.91735111,10
TNG50-1,50,1.0,317082,-0.02313827,0.02124426,0.73630312,-0.91735111,11
TNG50-1,50,1.0,317082,0.14311318,0.05472264,0.73630312,-0.91735111,12
TNG50-1,50,1.0,317082,0.00779125,0.00282074,0.73630312,-0.91735111,13
TNG50-1,50,1.0,317082,-0.0298196,-0.04084016,0.73630312,-0.91735111,14
TNG50-1,50,1.0,87129,-0.00721459,-0.05629776,0.97496713,0.0594221,0
TNG50-1,50,1.0,87129,0.03768904,0.03948238,0.97496713,0.0594221,1
TNG50-1,50,1.0,87129,-0.0893264,-0.02087805,0.97496713,0.0594221,2
TNG50-1,50,1.0,87129,-0.08903761,-0.02109088,0.97496713,0.0594221,3
TNG50-1,50,1.0,87129,0.04591381,0.01413294,0.97496713,0.0594221,4
TNG50-1,50,1.0,87129,0.07600614,-0.00644541,0.97496713,0.0594221,5
TNG50-1,50,1.0,87129,-0.06326,0.04187384,0.97496713,0.0594221,6
TNG50-1,50,1.0,87129,0.00502296,-0.04667113,0.97496713,0.0594221,7
TNG50-1,50,1.0,87129,-0.01997726,-0.06986933,0.97496713,0.0594221,8
TNG50-1,50,1.0,87129,-0.01304151,-0.01548938,0.97496713,0.0594221,9
TNG50-1,50,1.0,87129,0.01527655,0.00301181,0.97496713,0.0594221,10
TNG50-1,50,1.0,87129,-0.06464351,-0.0620378,0.97496713,0.0594221,11
TNG50-1,50,1.0,87129,-0.05536088,-0.06938768,0.97496713,0.0594221,12
TNG50-1,50,1.0,87129,-0.01506256,0.00911489,0.97496713,0.0594221,13
TNG50-1,50,1.0,87129,-0.00726878,-0.03788903,0.97496713,0.0594221,14
TNG50-1,59,0.7,114122,-0.07262559,-0.00097004,1.07463506,-1.35982054,0
TNG50-1,59,0.7,114122,0.04826706,0.03717508,1.07463506,-1.35982054,1
TNG50-1,59,0.7,114122,-0.03158973,0.05334115,1.07463506,-1.35982054,2
TNG50-1,59,0.7,114122,0.05749058,0.02294949,1.07463506,-1.35982054,3
TNG50-1,59,0.7,114122,0.00142354,0.04301968,1.07463506,-1.35982054,4
TNG50-1,59,0.7,114122,0.01473794,-0.01751712,1.07463506,-1.35982054,5
TNG50-1,59,0.7,114122,-0.01057499,0.14115587,1.07463506,-1.35982054,6
TNG50-1,59,0.7,114122,-0.13275811,-0.06094095,1.07463506,-1.35982054,7
TNG50-1,59,0.7,114122,-0.05683932,-0.02638779,1.07463506,-1.35982054,8
TNG50-1,59,0.7,114122,-0.00628547,0.04506793,1.07463506,-1.35982054,9
TNG50-1,59,0.7,114122,0.01823646,0.03763607,1.07463506,-1.35982054,10
TNG50-1,59,0.7,114122,-0.0894837,0.02436945,1.07463506,-1.35982054,11
TNG50-1,59,0.7,114122,-0.00268009,0.03376593,1.07463506,-1.35982054,12
TNG50-1,59,0.7,114122,-0.0561132,-0.10417786,1.07463506,-1.35982054,13
TNG50-1,59,0.7,114122,0.01173101,0.07946493,1.07463506,-1.35982054,14
TNG50-1,59,0.7,104587,-0.01019455,0.00537894,0.9276986,-1.44905543,0
TNG50-1,59,0.7,104587,0.06229471,0.13055381,0.9276986,-1.44905543,1
TNG50-1,59,0.7,104587,-0.10167633,0.08230027,0.9276986,-1.44905543,2
TNG50-1,59,0.7,104587,0.01282843,-0.14871998,0.9276986,-1.44905543,3
TNG50-1,59,0.7,104587,-0.02817511,0.00316716,0.9276986,-1.44905543,4
TNG50-1,59,0.7,104587,0.02860601,0.04660598,0.9276986,-1.44905543,5
TNG50-1,59,0.7,104587,0.01585352,-0.00911635,0.9276986,-1.44905543,6
TNG50-1,59,0.7,104587,0.01830239,-0.02300455,0.9276986,-1.44905543,7
TNG50-1,59,0.7,104587,-0.05294708,-0.01334821,0.9276986,-1.44905543,8
TNG50-1,59,0.7,104587,-0.00284846,0.02760947,0.9276986,-1.44905543,9
TNG50-1,59,0.7,104587,-0.00900835,-0.0574235,0.9276986,-1.44905543,10
TNG50-1,59,0.7,104587,0.0247655,0.05943443,0.9276986,-1.44905543,11
TNG50-1,59,0.7,104587,0.04946485,-0.00279965,0.9276986,-1.44905543,12
TNG50-1,59,0.7,104587,0.0075238,-0.04675121,0.9276986,-1.44905543,13
TNG50-1,59,0.7,104587,-0.06380861,0.05621751,0.9276986,-1.44905543,14
TNG50-1,59,0.7,147940,-0.07725655,-0.03290786,0.86219321,0.48295852,0
TNG50-1,59,0.7,147940,-0.0277605,-0.02085369,0.86219321,0.48295852,1
TNG50-1,59,0.7,147940,-0.02858375,-0.06261441,0.86219321,0.48295852,2
TNG50-1,59,0.7,147940,0.1071971,-0.023251,0.86219321,0.48295852,3
TNG50-1,59,0.7,147940,-0.03425104,-0.01165542,0.86219321,0.48295852,4
TNG50-1,59,0.7,147940,-0.10774826,0.03653283,0.86219321,0.48295852,5
TNG50-1,59,0.7,147940,-0.02909076,-0.01940442,0.86219321,0.48295852,6
TNG50-1,59,0.7,147940,0.02277752,-0.06337296,0.86219321,0.48295852,7
TNG50-1,59,0.7,147940,0.03920423,-0.08018861,0.86219321,0.48295852,8
TNG50-1,59,0.7,147940,0.11382698,0.01047849,0.86219321,0.48295852,9
TNG50-1,59,0.7,147940,0.07034488,0.00363129,0.86219321,0.48295852,10
TNG50-1,59,0.7,147940,0.00939613,-0.02771564,0.86219321,0.48295852,11
TNG50-1,59,0.7,147940,-0.04457077,-0.02337282,0.86219321,0.48295852,12
TNG50-1,59,0.7,147940,0.08120137,0.01942435,0.86219321,0.48295852,13
TNG50-1,59,0.7,147940,-0.01842818,0.06952731,0.86219321,0.48295852,14
TNG50-1,59,0.7,128023,-0.03900723,-0.05885358,1.38202444,-0.5057466,0
TNG50-1,59,0.7,128023,0.00444514,0.02255263,1.38202444,-0.5057466,1
TNG50-1,59,0.7,128023,0.04791352,-0.02415733,1.38202444,-0.5057466,2
TNG50-1,59,0.7,128023,-0.03880571,0.01419503,1.38202444,-0.5057466,3
TNG50-1,59,0.7,128023,-0.00078161,-0.03861084,1.38202444,-0.5057466,4
TNG50-1,59,0.7,128023,-0.00189978,-0.08567367,1.38202444,-0.5057466,5
TNG50-1,59,0.7,128023,-0.06556476,-0.01722586,1.38202444,-0.5057466,6
TNG50-1,59,0.7,128023,0.00842494,0.03613013,1.38202444,-0.5057466,7
TNG50-1,59,0.7,128023,0.00157723,0.01439999,1.38202444,-0.5057466,8
TNG50-1,59,0.7,128023,0.02775421,0.02014739,1.38202444,-0.5057466,9
TNG50-1,59,0.7,128023,-0.05934432,0.01081752,1.38202444,-0.5057466,10
TNG50-1,59,0.7,128023,0.00049852,0.02022637,1.38202444,-0.5057466,11
TNG50-1,59,0.7,128023,0.0690867,0.02647559,1.38202444,-0.5057466,12
TNG50-1,59,0.7,128023,0.10387499,-0.01373407,1.38202444,-0.5057466,13
TNG50-1,59,0.7,128023,0.06400646,0.00414453,1.38202444,-0.5057466,14
TNG50-1,59,0.7,1,0.08716292,0.00600919,0.94310663,0.48839009,0
TNG50-1,59,0.7,1,0.00710155,-0.04966157,0.94310663,0.48839009,1
TNG50-1,59,0.7,1,0.00212817,0.03866351,0.94310663,0.48839009,2
TNG50-1,59,0.7,1,0.00514423,-0.06992126,0.94310663,0.48839009,3
TNG50-1,59,0.7,1,-0.01089543,0.05227038,0.94310663,0.48839009,4
TNG50-1,59,0.7,1,-0.0217678,-0.00286833,0.94310663,0.48839009,5
TNG50-1,59,0.7,1,0.01043393,-0.11344325,0.94310663,0.48839009,6
TNG50-1,59,0.7,1,-0.02528576,0.00891648,0.94310663,0.48839009,7
TNG50-1,59,0.7,1,-0.00727575,-0.02030962,0.94310663,0.48839009,8
TNG50-1,59,0.7,1,-0.03952574,-0.02784246,0.94310663,0.48839009,9
TNG50-1,59,0.7,1,0.00540059,-0.03688629,0.94310663,0.48839009,10
TNG50-1,59,0.7,1,0.02920975,-0.00636079,0.94310663,0.48839009,11
TNG50-1,59,0.7,1,-0.01059574,-0.02425943,0.94310663,0.48839009,12
TNG50-1,59,0.7,1,-0.10041892,-0.09283451,0.94310663,0.48839009,13
TNG50-1,59,0.7,1,0.02951858,0.06360339,0.94310663,0.48839009,14
TNG50-1,59,0.7,95226,-0.01221788,-0.08313143,1.10479817,-1.27542001,0
TNG50-1,59,0.7,95226,-0.03659675,-0.00031345,1.10479817,-1.27542001,1
TNG50-1,59,0.7,95226,-0.05642118,-0.0475392,1.10479817,-1.27542001,2
TNG50-1,59,0.7,95226,0.0385366,-0.05263421,1.10479817,-1.27542001,3
TNG50-1,59,0.7,95226,-0.0649216,0.01305058,1.10479817,-1.27542001,4
TNG50-1,59,0.7,95226,0.00669937,-0.02726257,1.10479817,-1.27542001,5
TNG50-1,59,0.7,95226,-0.02918245,-0.06084016,1.10479817,-1.27542001,6
TNG50-1,59,0.7,95226,-0.02627098,0.06621416,1.10479817,-1.27542001,7
TNG50-1,59,0.7,95226,-0.05517798,0.04600448,1.10479817,-1.27542001,8
TNG50-1,59,0.7,95226,-0.03101597,-0.0966153,1.10479817,-1.27542001,9
TNG50-1,59,0.7,95226,0.00044062,-0.07372141,1.10479817,-1.27542001,10
TNG50-1,59,0.7,95226,0.01176561,0.02967285,1.10479817,-1.27542001,11
TNG50-1,59,0.7,95226,-0.03927962,-0.01424369,1.10479817,-1.27542001,12
TNG50-1,59,0.7,95226,-0.00454672,0.07502873,1.10479817,-1.27542001,13
TNG50-1,59,0.7,95226,0.04442272,0.03081682,1.10479817,-1.27542001,14
TNG50-1,59,0.7,151360,0.01497328,0.00217887,1.03416244,1.41324979,0
TNG50-1,59,0.7,151360,-0.05109313,0.08994989,1.03416244,1.41324979,1
TNG50-1,59,0.7,151360,0.02457201,-0.08975016,1.03416244,1.41324979,2
TNG50-1,59,0.7,151360,-0.0637882,-0.01404417,1.03416244,1.41324979,3
TNG50-1,59,0.7,151360,0.06526223,0.06440586,1.03416244,1.41324979,4
TNG50-1,59,0.7,151360,0.02110693,-0.01208857,1.03416244,1.41324979,5
TNG50-1,59,0.7,151360,-0.04124153,-0.00856708,1.03416244,1.41324979,6
TNG50-1,59,0.7,151360,0.04023387,-0.04166295,1.03416244,1.41324979,7
TNG50-1,59,0.7,151360,0.11207624,-0.04663027,1.03416244,1.41324979,8
TNG50-1,59,0.7,151360,-0.01088085,-0.09129269,1.03416244,1.41324979,9
TNG50-1,59,0.7,151360,0.02752066,-0.03146076,1.03416244,1.41324979,10
TNG50-1,59,0.7,151360,-0.02159147,-0.04946775,1.03416244,1.41324979,11
TNG50-1,59,0.7,151360,0.00426761,0.00590194,1.03416244,1.41324979,12
TNG50-1,59,0.7,151360,-0.07536173,-0.03938341,1.03416244,1.41324979,13
TNG50-1,59,0.7,151360,-2.648e-05,-0.02397955,1.03416244,1.41324979,14
TNG50-1,59,0.7,143612,-0.02261027,0.04962291,1.31686628,0.78073122,0
TNG50-1,59,0.7,143612,-0.00240826,0.05460302,1.31686628,0.78073122,1
TNG50-1,59,0.7,143612,-0.02642611,-0.04640626,1.31686628,0.78073122,2
TNG50-1,59,0.7,143612,-0.0530893,-0.02590387,1.31686628,0.78073122,3
TNG50-1,59,0.7,143612,0.00428832,-0.0246295,1.31686628,0.78073122,4
TNG50-1,59,0.7,143612,0.05337416,0.04047728,1.31686628,0.78073122,5
TNG50-1,59,0.7,143612,0.00642331,0.00727533,1.31686628,0.78073122,6
TNG50-1,59,0.7,143612,-0.03049102,0.00463949,1.31686628,0.78073122,7
TNG50-1,59,0.7,143612,-0.00615732,0.02681313,1.31686628,0.78073122,8
TNG50-1,59,0.7,143612,-0.10253164,-0.02982067,1.31686628,0.78073122,9
TNG50-1,59,0.7,143612,-0.00697014,0.06819433,1.31686628,0.78073122,10
TNG50-1,59,0.7,143612,-0.02001772,-8.723e-05,1.31686628,0.78073122,11
TNG50-1,59,0.7,143612,-0.04667302,-0.04279562,1.31686628,0.78073122,12
TNG50-1,59,0.7,143612,-0.03760492,-0.01148201,1.31686628,0.78073122,13
TNG50-1,59,0.7,143612,-0.02051173,0.06159642,1.31686628,0.78073122,14
TNG50-1,59,0.7,195017,-0.02125711,0.00122203,0.63658644,1.18207838,0
TNG50-1,59,0.7,195017,0.04747789,0.00120289,0.63658644,1.18207838,1
TNG50-1,59,0.7,195017,-0.03126729,-0.00826026,0.63658644,1.18207838,2
TNG50-1,59,0.7,195017,-0.03828318,-0.04287087,0.63658644,1.18207838,3
TNG50-1,59,0.7,195017,0.03297987,0.016757,0.63658644,1.18207838,4
TNG50-1,59,0.7,195017,-0.04369863,-0.01443709,0.63658644,1.18207838,5
TNG50-1,59,0.7,195017,0.04112701,-0.04524,0.63658644,1.18207838,6
TNG50-1,59,0.7,195017,0.0175813,0.05070866,0.63658644,1.18207838,7
TNG50-1,59,0.7,195017,-0.0436797,0.00495048,0.63658644,1.18207838,8
TNG50-1,59,0.7,195017,-0.00357214,-0.01140495,0.63658644,1.18207838,9
TNG50-1,59,0.7,195017,-0.02743871,0.06700283,0.63658644,1.18207838,10
TNG50-1,59,0.7,195017,0.01744883,-0.09180408,0.63658644,1.18207838,11
TNG50-1,59,0.7,195017,0.09438991,0.06364104,0.63658644,1.18207838,12
TNG50-1,59,0.7,195017,-0.01853523,-0.0440094,0.63658644,1.18207838,13
TNG50-1,59,0.7,195017,0.02668881,0.01057663,0.63658644,1.18207838,14
TNG50-1,59,0.7,133956,-0.02940319,0.03953828,0.36699917,-1.14206144,0
TNG50-1,59,0.7,133956,-0.04615005,0.05993361,0.36699917,-1.14206144,1
TNG50-1,59,0.7,133956,0.06569433,-0.00063484,0.36699917,-1.14206144,2
TNG50-1,59,0.7,133956,0.09281083,0.00602278,0.36699917,-1.14206144,3
TNG50-1,59,0.7,133956,-0.01106128,-0.0858149,0.36699917,-1.14206144,4
TNG50-1,59,0.7,133956,0.01677374,-0.03580819,0.36699917,-1.14206144,5
TNG50-1,59,0.7,133956,0.00284956,0.04535038,0.36699917,-1.14206144,6
TNG50-1,59,0.7,133956,0.08652534,0.00303395,0.36699917,-1.14206144,7
TNG50-1,59,0.7,133956,-0.10565752,0.01836707,0.36699917,-1.14206144,8
TNG50-1,59,0.7,133956,0.01885617,0.00665788,0.36699917,-1.14206144,9
TNG50-1,59,0.7,133956,-0.03635632,0.1096002,0.36699917,-1.14206144,10
TNG50-1,59,0.7,133956,-0.1177982,-0.02152599,0.36699917,-1.14206144,11
TNG50-1,59,0.7,133956,-0.0180265,0.0802705,0.36699917,-1.14206144,12
TNG50-1,59,0.7,133956,0.09240244,0.00667516,0.36699917,-1.14206144,13
TNG50-1,59,0.7,133956,-0.03280246,0.08470995,0.36699917,-1.14206144,14
TNG50-1,59,0.7,122416,-0.0612489,0.07130391,1.38166366,-0.56498098,0
TNG50-1,59,0.7,122416,0.00923261,0.00063717,1.38166366,-0.56498098,1
TNG50-1,59,0.7,122416,-0.01968434,0.03242145,1.38166366,-0.56498098,2
TNG50-1,59,0.7,122416,0.00697362,0.02788548,1.38166366,-0.56498098,3
TNG50-1,59,0.7,122416,0.06111881,-0.04121374,1.38166366,-0.56498098,4
TNG50-1,59,0.7,122416,0.01894048,0.01836015,1.38166366,-0.56498098,5
TNG50-1,59,0.7,122416,0.06101913,0.09641665,1.38166366,-0.56498098,6
TNG50-1,59,0.7,122416,-0.03351105,0.01258061,1.38166366,-0.56498098,7
TNG50-1,59,0.7,122416,-0.04114172,0.04506384,1.38166366,-0.56498098,8
TNG50-1,59,0.7,122416,0.00080525,0.03466359,1.38166366,-0.56498098,9
TNG50-1,59,0.7,122416,-0.00193261,0.01535248,1.38166366,-0.56498098,10
TNG50-1,59,0.7,122416,-0.00929297,0.00932394,1.38166366,-0.56498098,11
TNG50-1,59,0.7,122416,-0.04793159,0.02736578,1.38166366,-0.56498098,12
TNG50-1,59,0.7,122416,0.05993258,0.03816413,1.38166366,-0.56498098,13
TNG50-1,59,0.7,122416,-0.01814186,-0.0676082,1.38166366,-0.56498098,14
TNG50-1,59,0.7,162908,0.01236514,-0.01360944,0.85377963,-0.41360901,0
TNG50-1,59,0.7,162908,-0.00920389,-0.06362014,0.85377963,-0.41360901,1
TNG50-1,59,0.7,162908,-0.01957634,0.01535265,0.85377963,-0.41360901,2
TNG50-1,59,0.7,162908,0.06479822,-0.0231229,0.85377963,-0.41360901,3
TNG50-1,59,0.7,162908,-0.03665731,0.0092518,0.85377963,-0.41360901,4
TNG50-1,59,0.7,162908,-0.06973845,0.00775741,0.85377963,-0.41360901,5
TNG50-1,59,0.7,162908,0.03978581,0.01933998,0.85377963,-0.41360901,6
TNG50-1,59,0.7,162908,-0.07101969,0.02497413,0.85377963,-0.41360901,7
TNG50-1,59,0.7,162908,-0.09639715,-0.01719503,0.85377963,-0.41360901,8
TNG50-1,59,0.7,162908,0.04541338,0.00919846,0.85377963,-0.41360901,9
TNG50-1,59,0.7,162908,0.00793611,0.01180041,0.85377963,-0.41360901,10
TNG50-1,59,0.7,162908,0.02363598,-0.12144452,0.85377963,-0.41360901,11
TNG50-1,59,0.7,162908,-0.02212138,0.03232629,0.85377963,-0.41360901,12
TNG50-1,59,0.7,162908,-0.06922031,0.00749711,0.85377963,-0.41360901,13
TNG50-1,59,0.7,162908,-0.05928936,0.02820244,0.85377963,-0.41360901,14
TNG50-1,59,0.7,165277,-0.06434218,-0.03240406,0.66201241,0.11678132,0
TNG50-1,59,0.7,165277,-0.01578866,0.00838646,0.66201241,0.11678132,1
TNG50-1,59,0.7,165277,-0.05457647,-0.02639492,0.66201241,0.11678132,2
TNG50-1,59,0.7,165277,0.03723007,-0.02165331,0.66201241,0.11678132,3
TNG50-1,59,0.7,165277,-0.07025583,0.02999502,0.66201241,0.11678132,4
TNG50-1,59,0.7,165277,-0.04643274,0.05922696,0.66201241,0.11678132,5
TNG50-1,59,0.7,165277,0.02671571,0.01991301,0.66201241,0.11678132,6
TNG50-1,59,0.7,165277,-0.03146873,0.08971579,0.66201241,0.11678132,7
TNG50-1,59,0.7,165277,-0.04641953,-0.03527578,0.66201241,0.11678132,8
TNG50-1,59,0.7,165277,0.04533597,-0.09189873,0.66201241,0.11678132,9
TNG50-1,59,0.7,165277,0.04738559,0.03573139,0.66201241,0.11678132,10
TNG50-1,59,0.7,165277,0.03610356,-0.03859168,0.66201241,0.11678132,11
TNG50-1,59,0.7,165277,0.04243548,-0.01368461,0.66201241,0.11678132,12
TNG50-1,59,0.7,165277,-0.01157896,-0.08848983,0.66201241,0.11678132,13
TNG50-1,59,0.7,165277,-0.01022965,-0.04496051,0.66201241,0.11678132,14
TNG50-1,59,0.7,155054,-0.07511137,-0.03519529,1.15852693,-0.63815647,0
TNG50-1,59,0.7,155054,-0.02171516,-0.0514944,1.15852693,-0.63815647,1
TNG50-1,59,0.7,155054,-0.01972757,-0.00308537,1.15852693,-0.63815647,2
TNG50-1,59,0.7,155054,0.00449802,-0.05652832,1.15852693,-0.63815647,3
TNG50-1,59,0.7,155054,0.06198615,-0.08613916,1.15852693,-0.63815647,4
TNG50-1,59,0.7,155054,0.03384531,-0.01722336,1.15852693,-0.63815647,5
TNG50-1,59,0.7,155054,-0.08110848,0.07243109,1.15852693,-0.63815647,6
TNG50-1,59,0.7,155054,0.03040077,-0.0019302,1.15852693,-0.63815647,7
TNG50-1,59,0.7,155054,0.00558773,0.00892885,1.15852693,-0.63815647,8
TNG50-1,59,0.7,155054,-0.00489132,-0.10650742,1.15852693,-0.63815647,9
TNG50-1,59,0.7,155054,-0.00113498,0.02190627,1.15852693,-0.63815647,10
TNG50-1,59,0.7,155054,0.01022762,0.00466829,1.15852693,-0.63815647,11
TNG50-1,59,0.7,155054,-0.03459434,-0.03324574,1.15852693,-0.63815647,12
TNG50-1,59,0.7,155054,-0.00911754,0.00900252,1.15852693,-0.63815647,13
TNG50-1,59,0.7,155054,0.05919696,0.00850608,1.15852693,-0.63815647,14
TNG50-1,59,0.7,169307,-0.0529744,0.02426831,0.63010528,-1.38031923,0
TNG50-1,59,0.7,169307,0.01659269,0.08656622,0.63010528,-1.38031923,1
TNG50-1,59,0.7,169307,0.05985677,0.0342761,0.63010528,-1.38031923,2
TNG50-1,59,0.7,169307,-0.01139707,-0.06655485,0.63010528,-1.38031923,3
TNG50-1,59,0.7,169307,-0.04337971,-0.06407903,0.63010528,-1.38031923,4
TNG50-1,59,0.7,169307,-0.008879,-0.03758127,0.63010528,-1.38031923,5
TNG50-1,59,0.7,169307,0.04273066,0.0078954,0.63010528,-1.38031923,6
TNG50-1,59,0.7,169307,-0.06131594,0.01129713,0.63010528,-1.38031923,7
TNG50-1,59,0.7,169307,0.02892791,-0.06358483,0.63010528,-1.38031923,8
TNG50-1,59,0.7,169307,-0.03390072,-0.04363787,0.63010528,-1.38031923,9
TNG50-1,59,0.7,169307,0.01210315,-0.04057412,0.63010528,-1.38031923,10
TNG50-1,59,0.7,169307,-0.02821656,-0.00903734,0.63010528,-1.38031923,11
TNG50-1,59,0.7,169307,-0.02835085,0.09923477,0.63010528,-1.38031923,12
TNG50-1,59,0.7,169307,0.07615475,-0.04665935,0.63010528,-1.38031923,13
TNG50-1,59,0.7,169307,-0.07045433,-0.04884789,0.63010528,-1.38031923,14
TNG50-1,59,0.7,201917,-0.05665701,0.0606667,0.81997756,-0.41193072,0
TNG50-1,59,0.7,201917,0.03177723,0.00105535,0.81997756,-0.41193072,1
TNG50-1,59,0.7,201917,-0.00206708,0.03873804,0.81997756,-0.41193072,2
TNG50-1,59,0.7,201917,-0.04481133,0.01480985,0.81997756,-0.41193072,3
TNG50-1,59,0.7,201917,-0.01813978,-0.00885679,0.81997756,-0.41193072,4
TNG50-1,59,0.7,201917,-0.03957552,-0.04774423,0.81997756,-0.41193072,5
TNG50-1,59,0.7,201917,0.01479456,-0.00727683,0.81997756,-0.41193072,6
TNG50-1,59,0.7,201917,0.13421883,0.04210253,0.81997756,-0.41193072,7
TNG50-1,59,0.7,201917,0.02754322,-0.02540676,0.81997756,-0.41193072,8
TNG50-1,59,0.7,201917,-0.00464943,0.02198707,0.81997756,-0.41193072,9
TNG50-1,59,0.7,201917,-0.03324877,-0.05413679,0.81997756,-0.41193072,10
TNG50-1,59,0.7,201917,-0.06717,0.03900292,0.81997756,-0.41193072,11
TNG50-1,59,0.7,201917,0.03668449,0.01564707,0.81997756,-0.41193072,12
TNG50-1,59,0.7,201917,0.03396771,-0.06010554,0.81997756,-0.41193072,13
TNG50-1,59,0.7,201917,-0.02330505,-0.01120073,0.81997756,-0.41193072,14
TNG50-1,59,0.7,2,0.04657205,0.00287129,0.39581856,-0.77110607,0
TNG50-1,59,0.7,2,-0.06295163,0.05452539,0.39581856,-0.77110607,1
TNG50-1,59,0.7,2,-0.05354751,0.02901637,0.39581856,-0.77110607,2
TNG50-1,59,0.7,2,-0.00347485,-0.00297707,0.39581856,-0.77110607,3
TNG50-1,59,0.7,2,0.10666654,-0.03139628,0.39581856,-0.77110607,4
TNG50-1,59,0.7,2,-0.0336289,-0.02431319,0.39581856,-0.77110607,5
TNG50-1,59,0.7,2,0.0247637,-0.07352552,0.39581856,-0.77110607,6
TNG50-1,59,0.7,2,0.01300677,-0.01335394,0.39581856,-0.77110607,7
TNG50-1,59,0.7,2,-0.029476,0.00729994,0.39581856,-0.77110607,8
TNG50-1,59,0.7,2,0.00805667,0.08577105,0.39581856,-0.77110607,9
TNG50-1,59,0.7,2,-0.02239173,0.02641602,0.39581856,-0.77110607,10
TNG50-1,59,0.7,2,-0.01789024,-0.0432427,0.39581856,-0.77110607,11
TNG50-1,59,0.7,2,-0.0830636,-0.07196841,0.39581856,-0.77110607,12
TNG50-1,59,0.7,2,-0.00122181,-0.0103276,0.39581856,-0.77110607,13
TNG50-1,59,0.7,2,0.04495468,0.04058822,0.39581856,-0.77110607,14
TNG50-1,59,0.7,158822,-0.01103082,0.01659108,0.2665758,-0.35838883,0
TNG50-1,59,0.7,158822,0.02709921,0.08568371,0.2665758,-0.35838883,1
TNG50-1,59,0.7,158822,-0.00905627,0.00464863,0.2665758,-0.35838883,2
TNG50-1,59,0.7,158822,0.03585002,0.05387202,0.2665758,-0.35838883,3
TNG50-1,59,0.7,158822,-0.0798629,0.02143598,0.2665758,-0.35838883,4
TNG50-1,59,0.7,158822,0.08020911,-0.02746023,0.2665758,-0.35838883,5
TNG50-1,59,0.7,158822,-0.05562417,0.00906171,0.2665758,-0.35838883,6
TNG50-1,59,0.7,158822,0.03968662,0.02515859,0.2665758,-0.35838883,7
TNG50-1,59,0.7,158822,-0.0136092,-0.00160991,0.2665758,-0.35838883,8
TNG50-1,59,0.7,158822,-0.0057914,0.02064283,0.2665758,-0.35838883,9
TNG50-1,59,0.7,158822,-0.0120551,0.04326815,0.2665758,-0.35838883,10
TNG50-1,59,0.7,158822,0.01278023,-0.00116866,0.2665758,-0.35838883,11
TNG50-1,59,0.7,158822,0.02287623,-0.14719438,0.2665758,-0.35838883,12
TNG50-1,59,0.7,158822,0.05291808,0.08391351,0.2665758,-0.35838883,13
TNG50-1,59,0.7,158822,0.07039744,-0.01487957,0.2665758,-0.35838883,14
TNG50-1,59,0.7,224175,-0.04116401,0.0427276,1.36507666,-0.95202967,0
TNG50-1,59,0.7,224175,-0.05620551,0.05451464,1.36507666,-0.95202967,1
TNG50-1,59,0.7,224175,-0.0168223,0.00337051,1.36507666,-0.95202967,2
TNG50-1,59,0.7,224175,-0.02813739,-0.05975786,1.36507666,-0.95202967,3
TNG50-1,59,0.7,224175,-0.03685047,-0.0147796,1.36507666,-0.95202967,4
TNG50-1,59,0.7,224175,-0.03410631,-0.07206656,1.36507666,-0.95202967,5
TNG50-1,59,0.7,224175,0.02648714,0.00376012,1.36507666,-0.95202967,6
TNG50-1,59,0.7,224175,0.10151817,0.01277016,1.36507666,-0.95202967,7
TNG50-1,59,0.7,224175,0.04102858,-0.01353552,1.36507666,-0.95202967,8
TNG50-1,59,0.7,224175,0.05612991,0.01208556,1.36507666,-0.95202967,9
TNG50-1,59,0.7,224175,-0.0188705,0.02084506,1.36507666,-0.95202967,10
TNG50-1,59,0.7,224175,0.00523327,0.0128431,1.36507666,-0.95202967,11
TNG50-1,59,0.7,224175,0.02132412,-0.06007651,1.36507666,-0.95202967,12
TNG50-1,59,0.7,224175,-0.03297789,-0.01266322,1.36507666,-0.95202967,13
TNG50-1,59,0.7,224175,-0.0212865,0.02049215,1.36507666,-0.95202967,14
TNG50-1,59,0.7,210457,0.07893559,0.04222374,1.01171105,-0.7480246,0
TNG50-1,59,0.7,210457,-0.01359629,0.07134871,1.01171105,-0.7480246,1
TNG50-1,59,0.7,210457,0.02754201,-0.05436793,1.01171105,-0.7480246,2
TNG50-1,59,0.7,210457,0.0439076,-0.00816631,1.01171105,-0.7480246,3
TNG50-1,59,0.7,210457,-0.00983138,-0.10706263,1.01171105,-0.7480246,4
TNG50-1,59,0.7,210457,0.05742039,-0.00891665,1.01171105,-0.7480246,5
TNG50-1,59,0.7,210457,0.06010869,-0.04080041,1.01171105,-0.7480246,6
TNG50-1,59,0.7,210457,0.06901924,-0.01088838,1.01171105,-0.7480246,7
TNG50-1,59,0.7,210457,0.02292161,0.14618217,1.01171105,-0.7480246,8
TNG50-1,59,0.7,210457,0.11800686,0.08589018,1.01171105,-0.7480246,9
TNG50-1,59,0.7,210457,-0.03076416,-0.07197238,1.01171105,-0.7480246,10
TNG50-1,59,0.7,210457,0.10620388,0.02778692,1.01171105,-0.7480246,11
TNG50-1,59,0.7,210457,0.03841497,0.03994655,1.01171105,-0.7480246,12
TNG50-1,59,0.7,210457,0.06701937,-0.01689485,1.01171105,-0.7480246,13
TNG50-1,59,0.7,210457,-0.01600189,0.00891538,1.01171105,-0.7480246,14
TNG50-1,59,0.7,199650,0.01379911,-0.03907939,0.9108409,0.39883254,0
TNG50-1,59,0.7,199650,-0.06733057,0.09636989,0.9108409,0.39883254,1
TNG50-1,59,0.7,199650,-0.05156647,-0.08453062,0.9108409,0.39883254,2
TNG50-1,59,0.7,199650,0.00861484,0.08577401,0.9108409,0.39883254,3
TNG50-1,59,0.7,199650,0.00497013,0.00449942,0.9108409,0.39883254,4
TNG50-1,59,0.7,199650,-0.03542814,0.02762123,0.9108409,0.39883254,5
TNG50-1,59,0.7,199650,-0.03971881,0.06672625,0.9108409,0.39883254,6
TNG50-1,59,0.7,199650,-0.00448896,0.04288307,0.9108409,0.39883254,7
TNG50-1,59,0.7,199650,0.04430755,-0.03650134,0.9108409,0.39883254,8
TNG50-1,59,0.7,199650,-0.00382429,0.03000448,0.9108409,0.39883254,9
TNG50-1,59,0.7,199650,0.08113654,0.0933737,0.9108409,0.39883254,10
TNG50-1,59,0.7,199650,-0.03479103,-0.04436459,0.9108409,0.39883254,11
TNG50-1,59,0.7,199650,0.00965549,0.10592143,0.9108409,0.39883254,12
TNG50-1,59,0.7,199650,-0.01771477,0.01928512,0.9108409,0.39883254,13
TNG50-1,59,0.7,199650,0.02939805,-0.02166139,0.9108409,0.39883254,14
TNG50-1,59,0.7,178493,-0.04466447,-0.05697321,1.27777743,-0.35137509,0
TNG50-1,59,0.7,178493,-0.01116435,-0.01442523,1.27777743,-0.35137509,1
TNG50-1,59,0.7,178493,-0.09776392,0.02896691,1.27777743,-0.35137509,2
TNG50-1,59,0.7,178493,-0.02076222,0.02860691,1.27777743,-0.35137509,3
TNG50-1,59,0.7,178493,-0.01314636,-0.01149822,1.27777743,-0.35137509,4
TNG50-1,59,0.7,178493,-0.05372068,0.03383864,1.27777743,-0.35137509,5
TNG50-1,59,0.7,178493,0.03739226,-0.04899777,1.27777743,-0.35137509,6
TNG50-1,59,0.7,178493,-0.01093831,-0.04744939,1.27777743,-0.35137509,7
TNG50-1,59,0.7,178493,-0.03178973,-0.01256275,1.27777743,-0.35137509,8
TNG50-1,59,0.7,178493,-0.0162667,0.07487831,1.27777743,-0.35137509,9
TNG50-1,59,0.7,178493,0.01775537,0.00816258,1.27777743,-0.35137509,10
TNG50-1,59,0.7,178493,0.00366106,-0.01376829,1.27777743,-0.35137509,11
TNG50-1,59,0.7,178493,-0.03504875,0.0772069,1.27777743,-0.35137509,12
TNG50-1,59,0.7,178493,0.00628267,-0.01434692,1.27777743,-0.35137509,13
TNG50-1,59,0.7,178493,-0.0025338,0.11173666,1.27777743,-0.35137509,14
TNG50-1,59,0.7,227439,-0.02556416,-0.01872585,1.11253209,-0.4857424,0
TNG50-1,59,0.7,227439,-0.05058644,0.02080758,1.11253209,-0.4857424,1
TNG50-1,59,0.7,227439,-0.0083181,0.00138643,1.11253209,-0.4857424,2
TNG50-1,59,0.7,227439,-0.01245421,0.06481292,1.11253209,-0.4857424,3
TNG50-1,59,0.7,227439,-0.040386,-0.07923615,1.11253209,-0.4857424,4
TNG50-1,59,0.7,227439,0.1300987,0.03679816,1.11253209,-0.4857424,5
TNG50-1,59,0.7,227439,0.01593133,-0.00994495,1.11253209,-0.4857424,6
TNG50-1,59,0.7,227439,0.02321248,0.04624421,1.11253209,-0.4857424,7
TNG50-1,59,0.7,227439,-0.02309396,-0.04096411,1.11253209,-0.4857424,8
TNG50-1,59,0.7,227439,-0.02888347,0.00121965,1.11253209,-0.4857424,9
TNG50-1,59,0.7,227439,0.05127792,-0.00512534,1.11253209,-0.4857424,10
TNG50-1,59,0.7,227439,-0.08379209,-0.05012177,1.11253209,-0.4857424,11
TNG50-1,59,0.7,227439,-0.05714322,-0.06402065,1.11253209,-0.4857424,12
TNG50-1,59,0.7,227439,-0.01236543,-0.02902057,1.11253209,-0.4857424,13
TNG50-1,59,0.7,227439,0.06755237,0.00649656,1.11253209,-0.4857424,14
TNG50-1,59,0.7,229117,-0.03784561,-0.03548119,0.24531949,0.10651769,0
TNG50-1,59,0.7,229117,-0.01650368,-0.01097451,0.24531949,0.10651769,1
TNG50-1,59,0.7,229117,-0.09428987,0.11560333,0.24531949,0.10651769,2
TNG50-1,59,0.7,229117,-0.0185325,-0.01405796,0.24531949,0.10651769,3
TNG50-1,59,0.7,229117,0.05117933,-0.04298279,0.24531949,0.10651769,4
TNG50-1,59,0.7,229117,0.03525902,-0.04492294,0.24531949,0.10651769,5
TNG50-1,59,0.7,229117,-0.0043461,0.05700111,0.24531949,0.10651769,6
TNG50-1,59,0.7,229117,0.01218264,0.04986509,0.24531949,0.10651769,7
TNG50-1,59,0.7,229117,-0.04141302,-0.02427391,0.24531949,0.10651769,8
TNG50-1,59,0.7,229117,0.08122193,-0.09378921,0.24531949,0.10651769,9
TNG50-1,59,0.7,229117,0.10338813,-0.05642968,0.24531949,0.10651769,10
TNG50-1,59,0.7,229117,0.00824118,0.08606219,0.24531949,0.10651769,11
TNG50-1,59,0.7,229117,0.12953429,0.03444039,0.24531949,0.10651769,12
TNG50-1,59,0.7,229117,-0.03400912,0.00327307,0.24531949,0.10651769,13
TNG50-1,59,0.7,229117,-0.06255396,0.09344166,0.24531949,0.10651769,14
TNG50-1,59,0.7,172231,0.09791631,0.06418894,1.3866418,0.85407508,0
TNG50-1,59,0.7,172231,-0.00179698,0.07009328,1.3866418,0.85407508,1
TNG50-1,59,0.7,172231,-0.00087859,-0.04530255,1.3866418,0.85407508,2
TNG50-1,59,0.7,172231,-0.02910233,-0.01658261,1.3866418,0.85407508,3
TNG50-1,59,0.7,172231,-0.01423016,-0.0452898,1.3866418,0.85407508,4
TNG50-1,59,0.7,172231,-0.07431625,-0.00602633,1.3866418,0.85407508,5
TNG50-1,59,0.7,172231,-0.07451932,0.00539146,1.3866418,0.85407508,6
TNG50-1,59,0.7,172231,-0.08613294,-0.01756915,1.3866418,0.85407508,7
TNG50-1,59,0.7,172231,0.05421685,-0.09094457,1.3866418,0.85407508,8
TNG50-1,59,0.7,172231,-0.07807011,-0.02904397,1.3866418,0.85407508,9
TNG50-1,59,0.7,172231,0.09749811,0.03517594,1.3866418,0.85407508,10
TNG50-1,59,0.7,172231,-0.03651889,-0.01044498,1.3866418,0.85407508,11
TNG50-1,59,0.7,172231,0.0868675,-0.01637203,1.3866418,0.85407508,12
TNG50-1,59,0.7,172231,-0.01825272,-0.04653883,1.3866418,0.85407508,13
TNG50-1,59,0.7,172231,-0.07830934,-0.03050257,1.3866418,0.85407508,14
TNG50-1,59,0.7,188435,0.07044741,-0.01019353,1.0044605,-0.38054754,0
TNG50-1,59,0.7,188435,-0.05698886,0.10059627,1.0044605,-0.38054754,1
TNG50-1,59,0.7,188435,0.03604115,0.07354622,1.0044605,-0.38054754,2
TNG50-1,59,0.7,188435,0.00235276,-0.02526337,1.0044605,-0.38054754,3
TNG50-1,59,0.7,188435,0.01224053,0.03609514,1.0044605,-0.38054754,4
TNG50-1,59,0.7,188435,-0.03661781,-0.02969776,1.0044605,-0.38054754,5
TNG50-1,59,0.7,188435,-0.01758887,0.00013454,1.0044605,-0.38054754,6
TNG50-1,59,0.7,188435,-0.00028601,0.03379924,1.0044605,-0.38054754,7
TNG50-1,59,0.7,188435,-0.02603335,0.05565001,1.0044605,-0.38054754,8
TNG50-1,59,0.7,188435,0.01657161,0.04476029,1.0044605,-0.38054754,9
TNG50-1,59,0.7,188435,0.02287195,0.00374948,1.0044605,-0.38054754,10
TNG50-1,59,0.7,188435,0.10863533,0.1241712,1.0044605,-0.38054754,11
TNG50-1,59,0.7,188435,0.0139095,-0.01825102,1.0044605,-0.38054754,12
TNG50-1,59,0.7,188435,-0.09561213,-0.08036003,1.0044605,-0.38054754,13
TNG50-1,59,0.7,188435,0.05815095,-0.07073496,1.0044605,-0.38054754,14
TNG50-1,59,0.7,215210,0.07370039,0.06700913,0.54985333,0.27495059,0
TNG50-1,59,0.7,215210,-0.00383265,-0.03373034,0.54985333,0.27495059,1
TNG50-1,59,0.7,215210,0.00795287,0.00047549,0.54985333,0.27495059,2
TNG50-1,59,0.7,215210,-0.02712619,-0.04076814,0.54985333,0.27495059,3
TNG50-1,59,0.7,215210,-0.02263512,-0.0656041,0.54985333,0.27495059,4
TNG50-1,59,0.7,215210,-0.03935479,-0.02943868,0.54985333,0.27495059,5
TNG50-1,59,0.7,215210,0.02355754,0.06630925,0.54985333,0.27495059,6
TNG50-1,59,0.7,215210,-0.004869,0.04203727,0.54985333,0.27495059,7
TNG50-1,59,0.7,215210,0.02175027,-0.0485024,0.54985333,0.27495059,8
TNG50-1,59,0.7,215210,0.01697192,-0.0157408,0.54985333,0.27495059,9
TNG50-1,59,0.7,215210,-0.02129394,0.03745616,0.54985333,0.27495059,10
TNG50-1,59,0.7,215210,-0.07293653,-0.02854857,0.54985333,0.27495059,11
TNG50-1,59,0.7,215210,-0.07728998,0.00397931,0.54985333,0.27495059,12
TNG50-1,59,0.7,215210,0.15133258,0.02009237,0.54985333,0.27495059,13
TNG50-1,59,0.7,215210,0.07390867,0.01954653,0.54985333,0.27495059,14
TNG50-1,59,0.7,208302,0.01270727,0.03291697,1.12368861,1.46461874,0
TNG50-1,59,0.7,208302,-0.03268486,-0.03738684,1.12368861,1.46461874,1
TNG50-1,59,0.7,208302,-0.02754873,0.03456535,1.12368861,1.46461874,2
TNG50-1,59,0.7,208302,-0.05668249,-0.03450409,1.12368861,1.46461874,3
TNG50-1,59,0.7,208302,-0.07806683,-0.00265162,1.12368861,1.46461874,4
TNG50-1,59,0.7,208302,-0.00573744,-0.02687714,1.12368861,1.46461874,5
TNG50-1,59,0.7,208302,0.04081298,0.00015789,1.12368861,1.46461874,6
TNG50-1,59,0.7,208302,-0.06901412,-0.02836401,1.12368861,1.46461874,7
TNG50-1,59,0.7,208302,0.01364866,-0.01117691,1.12368861,1.46461874,8
TNG50-1,59,0.7,208302,0.03923156,-0.05878025,1.12368861,1.46461874,9
TNG50-1,59,0.7,208302,-0.09183669,0.02453298,1.12368861,1.46461874,10
TNG50-1,59,0.7,208302,-0.01352906,0.00876426,1.12368861,1.46461874,11
TNG50-1,59,0.7,208302,0.08231051,-0.08082661,1.12368861,1.46461874,12
TNG50-1,59,0.7,208302,0.02759705,0.04964583,1.12368861,1.46461874,13
TNG50-1,59,0.7,208302,-0.09352286,-0.0088144,1.12368861,1.46461874,14
TNG50-1,59,0.7,196722,0.00808812,-0.05260961,0.97803712,0.06905257,0
TNG50-1,59,0.7,196722,0.03822808,-0.10640262,0.97803712,0.06905257,1
TNG50-1,59,0.7,196722,0.01641211,-0.07746314,0.97803712,0.06905257,2
TNG50-1,59,0.7,196722,0.05826016,0.09927032,0.97803712,0.06905257,3
TNG50-1,59,0.7,196722,-0.01466478,-0.03282501,0.97803712,0.06905257,4
TNG50-1,59,0.7,196722,0.05172147,0.09517301,0.97803712,0.06905257,5
TNG50-1,59,0.7,196722,0.00614623,0.02015773,0.97803712,0.06905257,6
TNG50-1,59,0.7,196722,0.02538167,-0.0024879,0.97803712,0.06905257,7
TNG50-1,59,0.7,196722,0.02018146,-0.07503026,0.97803712,0.06905257,8
TNG50-1,59,0.7,196722,0.06203652,0.00023344,0.97803712,0.06905257,9
TNG50-1,59,0.7,196722,0.03607062,0.09460919,0.97803712,0.06905257,10
TNG50-1,59,0.7,196722,-0.02214727,0.07788184,0.97803712,0.06905257,11
TNG50-1,59,0.7,196722,-0.03206335,0.01371193,0.97803712,0.06905257,12
TNG50-1,59,0.7,196722,-0.00248771,-0.05743342,0.97803712,0.06905257,13
TNG50-1,59,0.7,196722,-0.03800507,-0.04785827,0.97803712,0.06905257,14
TNG50-1,59,0.7,206045,-0.04262959,-0.01341093,0.27552887,1.28741706,0
TNG50-1,59,0.7,206045,0.06390775,-0.02999205,0.27552887,1.28741706,1
TNG50-1,59,0.7,206045,0.08158602,8.732e-05,0.27552887,1.28741706,2
TNG50-1,59,0.7,206045,0.00979464,-0.02751109,0.27552887,1.28741706,3
TNG50-1,59,0.7,206045,-0.01515402,-0.00485151,0.27552887,1.28741706,4
TNG50-1,59,0.7,206045,0.07743552,0.02066164,0.27552887,1.28741706,5
TNG50-1,59,0.7,206045,-0.04892868,-0.02026565,0.27552887,1.28741706,6
TNG50-1,59,0.7,206045,0.00259117,-0.0094794,0.27552887,1.28741706,7
TNG50-1,59,0.7,206045,0.0231483,-0.00927272,0.27552887,1.28741706,8
TNG50-1,59,0.7,206045,-0.04314003,-0.01587817,0.27552887,1.28741706,9
TNG50-1,59,0.7,206045,-0.03179571,-0.02207239,0.27552887,1.28741706,10
TNG50-1,59,0.7,206045,-0.03568688,0.03810983,0.27552887,1.28741706,11
TNG50-1,59,0.7,206045,0.07083634,-0.0885368,0.27552887,1.28741706,12
TNG50-1,59,0.7,206045,0.09571836,0.07871399,0.27552887,1.28741706,13
TNG50-1,59,0.7,206045,0.00573963,0.00677647,0.27552887,1.28741706,14
TNG50-1,59,0.7,233630,0.03050088,-0.15140113,0.9828365,0.92259976,0
TNG50-1,59,0.7,233630,0.03625389,-0.0505901,0.9828365,0.92259976,1
TNG50-1,59,0.7,233630,-0.03540296,0.05286207,0.9828365,0.92259976,2
TNG50-1,59,0.7,233630,-0.04571793,-0.02913014,0.9828365,0.92259976,3
TNG50-1,59,0.7,233630,-0.05161346,-0.02322722,0.9828365,0.92259976,4
TNG50-1,59,0.7,233630,-0.0123534,-0.11659061,0.9828365,0.92259976,5
TNG50-1,59,0.7,233630,0.03496023,-0.08154189,0.9828365,0.92259976,6
TNG50-1,59,0.7,233630,-0.0291881,0.05950246,0.9828365,0.92259976,7
TNG50-1,59,0.7,233630,0.03039658,0.0308647,0.9828365,0.92259976,8
TNG50-1,59,0.7,233630,-0.11839606,-0.06487195,0.9828365,0.92259976,9
TNG50-1,59,0.7,233630,-0.01927836,-0.03152862,0.9828365,0.92259976,10
TNG50-1,59,0.7,233630,0.05835687,-0.00145862,0.9828365,0.92259976,11
TNG50-1,59,0.7,233630,-0.00854856,-0.05980639,0.9828365,0.92259976,12
TNG50-1,59,0.7,233630,-0.04145718,-0.10020719,0.9828365,0.92259976,13
TNG50-1,59,0.7,233630,-0.03284216,-0.00796052,0.9828365,0.92259976,14
TNG50-1,59,0.7,247082,0.02863043,-0.02094862,1.29113888,-1.38632615,0
TNG50-1,59,0.7,247082,0.02959287,-0.03842073,1.29113888,-1.38632615,1
TNG50-1,59,0.7,247082,0.04376187,0.02684652,1.29113888,-1.38632615,2
TNG50-1,59,0.7,247082,-0.07767786,-0.03999118,1.29113888,-1.38632615,3
TNG50-1,59,0.7,247082,0.0028951,-0.05484173,1.29113888,-1.38632615,4
TNG50-1,59,0.7,247082,-0.01342257,0.05658724,1.29113888,-1.38632615,5
TNG50-1,59,0.7,247082,-0.00436103,-0.00894407,1.29113888,-1.38632615,6
TNG50-1,59,0.7,247082,-0.01058908,-0.00737432,1.29113888,-1.38632615,7
TNG50-1,59,0.7,247082,-0.03302241,0.03462321,1.29113888,-1.38632615,8
TNG50-1,59,0.7,247082,-0.15088952,-0.03337934,1.29113888,-1.38632615,9
TNG50-1,59,0.7,247082,0.05809145,-0.02340766,1.29113888,-1.38632615,10
TNG50-1,59,0.7,247082,0.01649951,0.01528576,1.29113888,-1.38632615,11
TNG50-1,59,0.7,247082,-0.07421449,-0.07706888,1.29113888,-1.38632615,12
TNG50-1,59,0.7,247082,0.02365658,0.01105495,1.29113888,-1.38632615,13
TNG50-1,59,0.7,247082,-0.02236524,-0.03778557,1.29113888,-1.38632615,14
TNG50-1,59,0.7,248500,0.04277363,-0.01718162,1.35731171,-0.22274246,0
TNG50-1,59,0.7,248500,0.02733317,0.07733236,1.35731171,-0.22274246,1
TNG50-1,59,0.7,248500,0.02072742,-0.00923819,1.35731171,-0.22274246,2
TNG50-1,59,0.7,248500,-0.08034793,0.00293602,1.35731171,-0.22274246,3
TNG50-1,59,0.7,248500,-0.00516977,-0.06942517,1.35731171,-0.22274246,4
TNG50-1,59,0.7,248500,-0.05886333,-0.01803496,1.35731171,-0.22274246,5
TNG50-1,59,0.7,248500,-0.0018432,0.00884957,1.35731171,-0.22274246,6
TNG50-1,59,0.7,248500,-0.11576398,-0.01863929,1.35731171,-0.22274246,7
TNG50-1,59,0.7,248500,-0.07704161,-0.02428143,1.35731171,-0.22274246,8
TNG50-1,59,0.7,248500,0.05945168,0.01634548,1.35731171,-0.22274246,9
TNG50-1,59,0.7,248500,0.01845266,0.07574116,1.35731171,-0.22274246,10
TNG50-1,59,0.7,248500,-0.01769079,0.00724847,1.35731171,-0.22274246,11
TNG50-1,59,0.7,248500,-0.04543717,0.05720931,1.35731171,-0.22274246,12
TNG50-1,59,0.7,248500,-0.0542127,0.03108012,1.35731171,-0.22274246,13
TNG50-1,59,0.7,248500,0.01000779,0.05421767,1.35731171,-0.22274246,14
TNG50-1,59,0.7,175517,-0.030486,0.01502552,0.36013694,0.62303565,0
TNG50-1,59,0.7,175517,-0.01034637,-0.06647578,0.36013694,0.62303565,1
TNG50-1,59,0.7,175517,-0.01013868,0.02372921,0.36013694,0.62303565,2
TNG50-1,59,0.7,175517,0.02731386,-0.06244094,0.36013694,0.62303565,3
TNG50-1,59,0.7,175517,0.03962064,-0.02139591,0.36013694,0.62303565,4
TNG50-1,59,0.7,175517,0.00625281,0.00198805,0.36013694,0.62303565,5
TNG50-1,59,0.7,175517,0.04383533,-0.03653682,0.36013694,0.62303565,6
TNG50-1,59,0.7,175517,-0.02816657,0.0041277,0.36013694,0.62303565,7
TNG50-1,59,0.7,175517,0.04426888,0.00332785,0.36013694,0.62303565,8
TNG50-1,59,0.7,175517,0.05079047,-0.04100908,0.36013694,0.62303565,9
TNG50-1,59,0.7,175517,0.03387482,0.02839872,0.36013694,0.62303565,10
TNG50-1,59,0.7,175517,0.00670849,-0.03820783,0.36013694,0.62303565,11
TNG50-1,59,0.7,175517,0.03566617,0.11439872,0.36013694,0.62303565,12
TNG50-1,59,0.7,175517,-0.04470022,-0.00547394,0.36013694,0.62303565,13
TNG50-1,59,0.7,175517,0.00991811,-0.05856471,0.36013694,0.62303565,14
TNG50-1,59,0.7,232104,-0.04921709,0.06443454,1.17526429,1.52905057,0
TNG50-1,59,0.7,232104,0.05737902,-0.0397062,1.17526429,1.52905057,1
TNG50-1,59,0.7,232104,-0.02045758,-0.03387574,1.17526429,1.52905057,2
TNG50-1,59,0.7,232104,-0.06818819,-0.041428,1.17526429,1.52905057,3
TNG50-1,59,0.7,232104,0.04268564,-0.03917134,1.17526429,1.52905057,4
TNG50-1,59,0.7,232104,-0.02077869,0.07463523,1.17526429,1.52905057,5
TNG50-1,59,0.7,232104,0.03267098,-0.01218836,1.17526429,1.52905057,6
TNG50-1,59,0.7,232104,0.0467783,-0.00557491,1.17526429,1.52905057,7
TNG50-1,59,0.7,232104,0.01372318,0.03871934,1.17526429,1.52905057,8
TNG50-1,59,0.7,232104,0.11979537,-0.0831764,1.17526429,1.52905057,9
TNG50-1,59,0.7,232104,-0.08623712,0.00263229,1.17526429,1.52905057,10
TNG50-1,59,0.7,232104,-0.0408975,-0.05484359,1.17526429,1.52905057,11
TNG50-1,59,0.7,232104,-0.0127975,-0.01472075,1.17526429,1.52905057,12
TNG50-1,59,0.7,232104,0.11305868,-0.02932103,1.17526429,1.52905057,13
TNG50-1,59,0.7,232104,0.08990012,-0.03189904,1.17526429,1.52905057,14
TNG50-1,59,0.7,219801,0.01127909,0.01418795,0.95414189,-0.13076474,0
TNG50-1,59,0.7,219801,0.01106067,-0.03028303,0.95414189,-0.13076474,1
TNG50-1,59,0.7,219801,-0.01099103,0.06403867,0.95414189,-0.13076474,2
TNG50-1,59,0.7,219801,0.01853422,-0.02953799,0.95414189,-0.13076474,3
TNG50-1,59,0.7,219801,-0.04343073,0.0698929,0.95414189,-0.13076474,4
TNG50-1,59,0.7,219801,0.03407929,-0.05246303,0.95414189,-0.13076474,5
TNG50-1,59,0.7,219801,-0.01030995,-0.01464532,0.95414189,-0.13076474,6
TNG50-1,59,0.7,219801,-0.02418318,0.06999979,0.95414189,-0.13076474,7
TNG50-1,59,0.7,219801,-0.03973794,0.00840871,0.95414189,-0.13076474,8
TNG50-1,59,0.7,219801,-0.01206987,0.1135733,0.95414189,-0.13076474,9
TNG50-1,59,0.7,219801,0.09353196,-0.01345702,0.95414189,-0.13076474,10
TNG50-1,59,0.7,219801,-0.00316569,0.01285214,0.95414189,-0.13076474,11
TNG50-1,59,0.7,219801,-0.05722018,0.09525746,0.95414189,-0.13076474,12
TNG50-1,59,0.7,219801,0.04594095,-0.07569616,0.95414189,-0.13076474,13
TNG50-1,59,0.7,219801,-0.02359642,-0.0818875,0.95414189,-0.13076474,14
TNG50-1,59,0.7,267924,-0.03977541,-0.10675978,1.32488061,-1.27930223,0
TNG50-1,59,0.7,267924,0.04066863,-0.01097802,1.32488061,-1.27930223,1
TNG50-1,59,0.7,267924,-0.08049256,0.00142909,1.32488061,-1.27930223,2
TNG50-1,59,0.7,267924,0.02985245,0.02737687,1.32488061,-1.27930223,3
TNG50-1,59,0.7,267924,0.02633533,0.08134004,1.32488061,-1.27930223,4
TNG50-1,59,0.7,267924,0.10071951,0.00928268,1.32488061,-1.27930223,5
TNG50-1,59,0.7,267924,0.05227425,-0.04547814,1.32488061,-1.27930223,6
TNG50-1,59,0.7,267924,0.01820251,-0.09090397,1.32488061,-1.27930223,7
TNG50-1,59,0.7,267924,0.06795665,0.03435055,1.32488061,-1.27930223,8
TNG50-1,59,0.7,267924,0.0269452,-0.04345437,1.32488061,-1.27930223,9
TNG50-1,59,0.7,267924,-0.0230035,0.04334185,1.32488061,-1.27930223,10
TNG50-1,59,0.7,267924,-0.05723029,0.06987101,1.32488061,-1.27930223,11
TNG50-1,59,0.7,267924,-0.02846828,-0.07720374,1.32488061,-1.27930223,12
TNG50-1,59,0.7,267924,-0.00200369,0.02769463,1.32488061,-1.27930223,13
TNG50-1,59,0.7,267924,0.00875092,0.06463112,1.32488061,-1.27930223,14
TNG50-1,59,0.7,212087,0.05095197,0.03076273,1.03192229,0.19480757,0
TNG50-1,59,0.7,212087,-0.10481897,0.034825,1.03192229,0.19480757,1
TNG50-1,59,0.7,212087,-0.0426826,0.00429307,1.03192229,0.19480757,2
TNG50-1,59,0.7,212087,-0.06400903,0.05474542,1.03192229,0.19480757,3
TNG50-1,59,0.7,212087,0.02617364,-0.01874623,1.03192229,0.19480757,4
TNG50-1,59,0.7,212087,0.02066633,-0.07220123,1.03192229,0.19480757,5
TNG50-1,59,0.7,212087,-0.13489459,0.02385268,1.03192229,0.19480757,6
TNG50-1,59,0.7,212087,-0.01504158,0.00631898,1.03192229,0.19480757,7
TNG50-1,59,0.7,212087,0.04003599,0.02484658,1.03192229,0.19480757,8
TNG50-1,59,0.7,212087,0.0073988,-0.06322257,1.03192229,0.19480757,9
TNG50-1,59,0.7,212087,0.00731335,0.0895398,1.03192229,0.19480757,10
TNG50-1,59,0.7,212087,-0.01824968,0.03552512,1.03192229,0.19480757,11
TNG50-1,59,0.7,212087,-0.05294705,-0.01439984,1.03192229,0.19480757,12
TNG50-1,59,0.7,212087,-0.00085279,-0.04677266,1.03192229,0.19480757,13
TNG50-1,59,0.7,212087,0.00260467,0.05385767,1.03192229,0.19480757,14
TNG50-1,59,0.7,241194,-0.05508849,0.02862705,0.39383276,-1.17318445,0
TNG50-1,59,0.7,241194,0.11306824,-0.01095801,0.39383276,-1.17318445,1
TNG50-1,59,0.7,241194,-0.03066025,0.01029371,0.39383276,-1.17318445,2
TNG50-1,59,0.7,241194,0.08602526,0.00422751,0.39383276,-1.17318445,3
TNG50-1,59,0.7,241194,-0.00922369,-0.03941416,0.39383276,-1.17318445,4
TNG50-1,59,0.7,241194,0.07903734,-0.01303466,0.39383276,-1.17318445,5
TNG50-1,59,0.7,241194,-0.03674343,0.00724661,0.39383276,-1.17318445,6
TNG50-1,59,0.7,241194,0.00094182,-0.0051362,0.39383276,-1.17318445,7
TNG50-1,59,0.7,241194,0.04023747,0.0786368,0.39383276,-1.17318445,8
TNG50-1,59,0.7,241194,0.03310386,0.05049778,0.39383276,-1.17318445,9
TNG50-1,59,0.7,241194,0.05503809,0.01449902,0.39383276,-1.17318445,10
TNG50-1,59,0.7,241194,-0.02437361,-0.03815731,0.39383276,-1.17318445,11
TNG50-1,59,0.7,241194,0.00424042,-0.04120115,0.39383276,-1.17318445,12
TNG50-1,59,0.7,241194,0.06241943,0.09869055,0.39383276,-1.17318445,13
TNG50-1,59,0.7,241194,-0.03526278,-0.05049427,0.39383276,-1.17318445,14
TNG50-1,59,0.7,222130,0.00569298,0.05856518,0.95578028,0.790172,0
TNG50-1,59,0.7,222130,0.01804744,-0.00044762,0.95578028,0.790172,1
TNG50-1,59,0.7,222130,-0.01556618,-0.00240062,0.95578028,0.790172,2
TNG50-1,59,0.7,222130,-0.05011019,-0.03465072,0.95578028,0.790172,3
TNG50-1,59,0.7,222130,-0.03924483,-0.06139251,0.95578028,0.790172,4
TNG50-1,59,0.7,222130,-0.02732525,-0.0833336,0.95578028,0.790172,5
TNG50-1,59,0.7,222130,-0.03547464,-0.03813883,0.95578028,0.790172,6
TNG50-1,59,0.7,222130,0.06638602,0.02938366,0.95578028,0.790172,7
TNG50-1,59,0.7,222130,-0.0004563,-0.04806392,0.95578028,0.790172,8
TNG50-1,59,0.7,222130,-0.02619006,-0.07742241,0.95578028,0.790172,9
TNG50-1,59,0.7,222130,0.0053479,-0.04545327,0.95578028,0.790172,10
TNG50-1,59,0.7,222130,0.0333978,-0.01924167,0.95578028,0.790172,11
TNG50-1,59,0.7,222130,-0.01723099,-0.01727506,0.95578028,0.790172,12
TNG50-1,59,0.7,222130,0.04509906,-0.00644465,0.95578028,0.790172,13
TNG50-1,59,0.7,222130,-0.06355734,0.05163032,0.95578028,0.790172,14
TNG50-1,59,0.7,138897,0.06246272,0.07358846,0.29540889,0.024118,0
TNG50-1,59,0.7,138897,0.10027313,0.03726937,0.29540889,0.024118,1
TNG50-1,59,0.7,138897,-0.08124537,-0.01725136,0.29540889,0.024118,2
TNG50-1,59,0.7,138897,-0.0427942,0.06522963,0.29540889,0.024118,3
TNG50-1,59,0.7,138897,0.03492426,-0.03151838,0.29540889,0.024118,4
TNG50-1,59,0.7,138897,-0.02270156,-0.09190672,0.29540889,0.024118,5
TNG50-1,59,0.7,138897,0.04303932,0.05036849,0.29540889,0.024118,6
TNG50-1,59,0.7,138897,0.01035567,-0.06392801,0.29540889,0.024118,7
TNG50-1,59,0.7,138897,0.07896021,-0.00978877,0.29540889,0.024118,8
TNG50-1,59,0.7,138897,0.05213581,0.01030615,0.29540889,0.024118,9
TNG50-1,59,0.7,138897,0.05305083,0.01927327,0.29540889,0.024118,10
TNG50-1,59,0.7,138897,-0.02059358,0.04242005,0.29540889,0.024118,11
TNG50-1,59,0.7,138897,-0.00487304,0.02904257,0.29540889,0.024118,12
TNG50-1,59,0.7,138897,-0.01526267,0.02749463,0.29540889,0.024118,13
TNG50-1,59,0.7,138897,-0.07529461,-0.03953759,0.29540889,0.024118,14
TNG50-1,59,0.7,275347,0.01471218,-0.05693854,1.18137866,0.70193035,0
TNG50-1,59,0.7,275347,-0.0752775,-0.03403259,1.18137866,0.70193035,1
TNG50-1,59,0.7,275347,0.07810688,0.02373949,1.18137866,0.70193035,2
TNG50-1,59,0.7,275347,-0.07012824,0.01766833,1.18137866,0.70193035,3
TNG50-1,59,0.7,275347,-0.01732199,-0.05251908,1.18137866,0.70193035,4
TNG50-1,59,0.7,275347,-0.06594371,0.03745633,1.18137866,0.70193035,5
TNG50-1,59,0.7,275347,-0.03650831,-0.04454371,1.18137866,0.70193035,6
TNG50-1,59,0.7,275347,0.00067142,0.06519134,1.18137866,0.70193035,7
TNG50-1,59,0.7,275347,-0.0264379,0.02647246,1.18137866,0.70193035,8
TNG50-1,59,0.7,275347,0.05721231,-0.05659622,1.18137866,0.70193035,9
TNG50-1,59,0.7,275347,0.01134505,-0.02645384,1.18137866,0.70193035,10
TNG50-1,59,0.7,275347,-0.02314549,-0.02732303,1.18137866,0.70193035,11
TNG50-1,59,0.7,275347,-0.0066791,0.00799384,1.18137866,0.70193035,12
TNG50-1,59,0.7,275347,0.06098502,-0.01019884,1.18137866,0.70193035,13
TNG50-1,59,0.7,275347,0.04544354,-0.05727445,1.18137866,0.70193035,14
TNG50-1,59,0.7,162909,-0.06971296,-0.07158538,0.95366385,1.1603844,0
TNG50-1,59,0.7,162909,0.02745117,-0.05776337,0.95366385,1.1603844,1
TNG50-1,59,0.7,162909,0.01431184,0.02221989,0.95366385,1.1603844,2
TNG50-1,59,0.7,162909,0.00527688,-0.00446704,0.95366385,1.1603844,3
TNG50-1,59,0.7,162909,0.01353659,0.0345796,0.95366385,1.1603844,4
TNG50-1,59,0.7,162909,-0.03094596,0.00432216,0.95366385,1.1603844,5
TNG50-1,59,0.7,162909,0.00919962,0.04833794,0.95366385,1.1603844,6
TNG50-1,59,0.7,162909,0.12692528,0.01847876,0.95366385,1.1603844,7
TNG50-1,59,0.7,162909,0.05872836,0.04143977,0.95366385,1.1603844,8
TNG50-1,59,0.7,162909,-0.01442042,-0.10448417,0.95366385,1.1603844,9
TNG50-1,59,0.7,162909,-0.02616859,-0.06171728,0.95366385,1.1603844,10
TNG50-1,59,0.7,162909,-0.14302197,-0.01821758,0.95366385,1.1603844,11
TNG50-1,59,0.7,162909,0.05343471,0.05397844,0.95366385,1.1603844,12
TNG50-1,59,0.7,162909,0.03933027,0.09402649,0.95366385,1.1603844,13
TNG50-1,59,0.7,162909,-0.0271914,-0.00821179,0.95366385,1.1603844,14
TNG50-1,59,0.7,235213,-0.030579,-0.00082367,0.52310427,0.40510214,0
TNG50-1,59,0.7,235213,-0.09774843,-0.058747,0.52310427,0.40510214,1
TNG50-1,59,0.7,235213,0.04317819,-0.00383927,0.52310427,0.40510214,2
TNG50-1,59,0.7,235213,-0.02750953,0.00880323,0.52310427,0.40510214,3
TNG50-1,59,0.7,235213,0.14791673,-0.09380254,0.52310427,0.40510214,4
TNG50-1,59,0.7,235213,-0.0369702,0.00846177,0.52310427,0.40510214,5
TNG50-1,59,0.7,235213,0.10526375,-0.00484006,0.52310427,0.40510214,6
TNG50-1,59,0.7,235213,0.03741837,-0.0648313,0.52310427,0.40510214,7
TNG50-1,59,0.7,235213,-0.05141322,-0.01665032,0.52310427,0.40510214,8
TNG50-1,59,0.7,235213,0.01160719,-0.01559232,0.52310427,0.40510214,9
TNG50-1,59,0.7,235213,0.03856903,0.09650473,0.52310427,0.40510214,10
TNG50-1,59,0.7,235213,-0.01126261,0.01100592,0.52310427,0.40510214,11
TNG50-1,59,0.7,235213,0.04189914,0.05180226,0.52310427,0.40510214,12
TNG50-1,59,0.7,235213,0.04079786,-0.00589077,0.52310427,0.40510214,13
TNG50-1,59,0.7,235213,0.02981693,-0.09369583,0.52310427,0.40510214,14
TNG50-1,59,0.7,242629,0.03361709,-0.01082987,1.00854048,0.35323857,0
TNG50-1,59,0.7,242629,-0.03290934,0.01912853,1.00854048,0.35323857,1
TNG50-1,59,0.7,242629,-0.01678001,-0.07426605,1.00854048,0.35323857,2
TNG50-1,59,0.7,242629,-0.05264856,-0.06294317,1.00854048,0.35323857,3
TNG50-1,59,0.7,242629,0.00363839,6.481e-05,1.00854048,0.35323857,4
TNG50-1,59,0.7,242629,0.05325892,0.0599373,1.00854048,0.35323857,5
TNG50-1,59,0.7,242629,0.04663691,-0.00126987,1.00854048,0.35323857,6
TNG50-1,59,0.7,242629,0.07930948,-0.03958299,1.00854048,0.35323857,7
TNG50-1,59,0.7,242629,0.08639797,-0.10741043,1.00854048,0.35323857,8
TNG50-1,59,0.7,242629,-0.10229371,0.04763378,1.00854048,0.35323857,9
TNG50-1,59,0.7,242629,-0.05968103,-0.03679658,1.00854048,0.35323857,10
TNG50-1,59,0.7,242629,-0.09040958,-0.05737185,1.00854048,0.35323857,11
TNG50-1,59,0.7,242629,0.03159652,-0.08576626,1.00854048,0.35323857,12
TNG50-1,59,0.7,242629,-0.03465409,-0.07195504,1.00854048,0.35323857,13
TNG50-1,59,0.7,242629,-0.02445902,-0.04806071,1.00854048,0.35323857,14
TNG50-1,59,0.7,254370,-0.01194244,0.0737528,1.16322616,0.79975617,0
TNG50-1,59,0.7,254370,-0.06043709,0.04560132,1.16322616,0.79975617,1
TNG50-1,59,0.7,254370,0.0092854,0.02702559,1.16322616,0.79975617,2
TNG50-1,59,0.7,254370,-0.01232239,0.06166077,1.16322616,0.79975617,3
TNG50-1,59,0.7,254370,0.11109961,-0.09582789,1.16322616,0.79975617,4
TNG50-1,59,0.7,254370,-0.08522216,0.03978053,1.16322616,0.79975617,5
TNG50-1,59,0.7,254370,0.00807397,0.05321851,1.16322616,0.79975617,6
TNG50-1,59,0.7,254370,0.00870025,-0.03293501,1.16322616,0.79975617,7
TNG50-1,59,0.7,254370,-0.05152787,0.13146186,1.16322616,0.79975617,8
TNG50-1,59,0.7,254370,0.00476262,0.00981745,1.16322616,0.79975617,9
TNG50-1,59,0.7,254370,0.03847972,-0.10963845,1.16322616,0.79975617,10
TNG50-1,59,0.7,254370,0.00482457,0.0190636,1.16322616,0.79975617,11
TNG50-1,59,0.7,254370,0.06922314,-0.035993,1.16322616,0.79975617,12
TNG50-1,59,0.7,254370,-0.10888438,0.05824976,1.16322616,0.79975617,13
TNG50-1,59,0.7,254370,-0.04211167,0.0273972,1.16322616,0.79975617,14
TNG50-1,59,0.7,284017,-0.0298961,-0.08242222,0.52964347,1.07585412,0
TNG50-1,59,0.7,284017,0.0751226,0.02131776,0.52964347,1.07585412,1
TNG50-1,59,0.7,284017,0.04697257,-0.01111541,0.52964347,1.07585412,2
TNG50-1,59,0.7,284017,-0.041396,-0.01292002,0.52964347,1.07585412,3
TNG50-1,59,0.7,284017,-0.00760225,-0.06579509,0.52964347,1.07585412,4
TNG50-1,59,0.7,284017,0.02584584,-0.03279245,0.52964347,1.07585412,5
TNG50-1,59,0.7,284017,-0.01821316,0.01882276,0.52964347,1.07585412,6
TNG50-1,59,0.7,284017,-0.01671997,-0.00260436,0.52964347,1.07585412,7
TNG50-1,59,0.7,284017,0.00183625,0.0411337,0.52964347,1.07585412,8
TNG50-1,59,0.7,284017,-0.05328993,0.0482546,0.52964347,1.07585412,9
TNG50-1,59,0.7,284017,-0.11163827,-0.01261099,0.52964347,1.07585412,10
TNG50-1,59,0.7,284017,0.01195674,-0.09261246,0.52964347,1.07585412,11
TNG50-1,59,0.7,284017,-0.099445,-0.03783224,0.52964347,1.07585412,12
TNG50-1,59,0.7,284017,-0.04965194,-0.00488446,0.52964347,1.07585412,13
TNG50-1,59,0.7,284017,-0.08857912,-0.03882435,0.52964347,1.07585412,14
TNG50-1,59,0.7,230669,-0.05273121,0.02274105,1.06349939,1.15941666,0
TNG50-1,59,0.7,230669,0.00348761,-0.0290849,1.06349939,1.15941666,1
TNG50-1,59,0.7,230669,0.12151516,0.04490859,1.06349939,1.15941666,2
TNG50-1,59,0.7,230669,-0.0244094,0.02040952,1.06349939,1.15941666,3
TNG50-1,59,0.7,230669,-0.00014029,-0.08702714,1.06349939,1.15941666,4
TNG50-1,59,0.7,230669,-0.06560179,0.01344151,1.06349939,1.15941666,5
TNG50-1,59,0.7,230669,0.06217005,0.01053139,1.06349939,1.15941666,6
TNG50-1,59,0.7,230669,0.04373715,0.01817312,1.06349939,1.15941666,7
TNG50-1,59,0.7,230669,0.04028671,0.02877644,1.06349939,1.15941666,8
TNG50-1,59,0.7,230669,0.06798979,0.0747983,1.06349939,1.15941666,9
TNG50-1,59,0.7,230669,-0.02136707,0.02069445,1.06349939,1.15941666,10
TNG50-1,59,0.7,230669,-0.01512089,0.00114492,1.06349939,1.15941666,11
TNG50-1,59,0.7,230669,0.08549393,0.05739838,1.06349939,1.15941666,12
TNG50-1,59,0.7,230669,0.03163641,0.11213704,1.06349939,1.15941666,13
TNG50-1,59,0.7,230669,-0.11096109,0.04575354,1.06349939,1.15941666,14
TNG50-1,59,0.7,191405,0.01031031,0.0545067,0.92741299,-1.45634749,0
TNG50-1,59,0.7,191405,0.02162653,0.07930278,0.92741299,-1.45634749,1
TNG50-1,59,0.7,191405,0.01280219,0.01184823,0.92741299,-1.45634749,2
TNG50-1,59,0.7,191405,0.00092592,-0.00178665,0.92741299,-1.45634749,3
TNG50-1,59,0.7,191405,0.10825854,0.03517802,0.92741299,-1.45634749,4
TNG50-1,59,0.7,191405,-0.03745267,-0.02887375,0.92741299,-1.45634749,5
TNG50-1,59,0.7,191405,0.05774529,0.00650298,0.92741299,-1.45634749,6
TNG50-1,59,0.7,191405,-0.00629285,-0.00878389,0.92741299,-1.45634749,7
TNG50-1,59,0.7,191405,-0.07402096,-0.07305172,0.92741299,-1.45634749,8
TNG50-1,59,0.7,191405,-0.00941589,0.00637278,0.92741299,-1.45634749,9
TNG50-1,59,0.7,191405,-0.02733879,-0.02204834,0.92741299,-1.45634749,10
TNG50-1,59,0.7,191405,0.02887887,-0.01212761,0.92741299,-1.45634749,11
TNG50-1,59,0.7,191405,0.00456501,0.01818925,0.92741299,-1.45634749,12
TNG50-1,59,0.7,191405,-0.05110134,0.06362666,0.92741299,-1.45634749,13
TNG50-1,59,0.7,191405,0.0735504,-0.0424385,0.92741299,-1.45634749,14
TNG50-1,59,0.7,184869,-0.01682791,-0.00128854,0.28001545,0.17652702,0
TNG50-1,59,0.7,184869,-0.03825413,0.02725393,0.28001545,0.17652702,1
TNG50-1,59,0.7,184869,-0.04150903,0.00936578,0.28001545,0.17652702,2
TNG50-1,59,0.7,184869,-0.02972845,-0.0168713,0.28001545,0.17652702,3
TNG50-1,59,0.7,184869,-0.00982251,-0.10129134,0.28001545,0.17652702,4
TNG50-1,59,0.7,184869,0.02929358,0.02635913,0.28001545,0.17652702,5
TNG50-1,59,0.7,184869,0.01602229,-0.01868276,0.28001545,0.17652702,6
TNG50-1,59,0.7,184869,-0.05284285,0.03889733,0.28001545,0.17652702,7
TNG50-1,59,0.7,184869,0.06470802,0.02408375,0.28001545,0.17652702,8
TNG50-1,59,0.7,184869,0.04722062,-0.01738321,0.28001545,0.17652702,9
TNG50-1,59,0.7,184869,-0.04505928,0.05114941,0.28001545,0.17652702,10
TNG50-1,59,0.7,184869,0.06120554,0.01024208,0.28001545,0.17652702,11
TNG50-1,59,0.7,184869,0.01634692,0.00818214,0.28001545,0.17652702,12
TNG50-1,59,0.7,184869,-0.00782277,-0.00690553,0.28001545,0.17652702,13
TNG50-1,59,0.7,184869,0.017904,0.08417779,0.28001545,0.17652702,14
TNG50-1,59,0.7,252992,-0.03566334,0.06497465,1.24397192,-0.89136625,0
TNG50-1,59,0.7,252992,-0.01613373,-0.00121282,1.24397192,-0.89136625,1
TNG50-1,59,0.7,252992,-0.06186676,0.07996206,1.24397192,-0.89136625,2
TNG50-1,59,0.7,252992,0.03633655,-0.02281089,1.24397192,-0.89136625,3
TNG50-1,59,0.7,252992,-0.02910745,-0.11824409,1.24397192,-0.89136625,4
TNG50-1,59,0.7,252992,-0.02350178,-0.00399559,1.24397192,-0.89136625,5
TNG50-1,59,0.7,252992,-0.02584683,0.08539816,1.24397192,-0.89136625,6
TNG50-1,59,0.7,252992,0.0031361,0.02674842,1.24397192,-0.89136625,7
TNG50-1,59,0.7,252992,-0.06253798,-0.02576616,1.24397192,-0.89136625,8
TNG50-1,59,0.7,252992,-0.11216226,0.01644506,1.24397192,-0.89136625,9
TNG50-1,59,0.7,252992,0.0228852,0.04855624,1.24397192,-0.89136625,10
TNG50-1,59,0.7,252992,-0.10567789,-0.00428082,1.24397192,-0.89136625,11
TNG50-1,59,0.7,252992,0.04270689,0.1313195,1.24397192,-0.89136625,12
TNG50-1,59,0.7,252992,0.07792639,-0.0258709,1.24397192,-0.89136625,13
TNG50-1,59,0.7,252992,-0.00821119,0.05012554,1.24397192,-0.89136625,14
TNG50-1,59,0.7,104588,0.03809686,0.10902648,1.14380776,1.13206,0
TNG50-1,59,0.7,104588,-0.03499137,0.04559354,1.14380776,1.13206,1
TNG50-1,59,0.7,104588,-0.02122201,-0.04842345,1.14380776,1.13206,2
TNG50-1,59,0.7,104588,0.05090493,0.1018148,1.14380776,1.13206,3
TNG50-1,59,0.7,104588,0.00723939,-0.02164283,1.14380776,1.13206,4
TNG50-1,59,0.7,104588,0.01690359,0.00147277,1.14380776,1.13206,5
TNG50-1,59,0.7,104588,-0.08179837,0.04487086,1.14380776,1.13206,6
TNG50-1,59,0.7,104588,0.03279993,-0.09849943,1.14380776,1.13206,7
TNG50-1,59,0.7,104588,0.01436484,-0.01185129,1.14380776,1.13206,8
TNG50-1,59,0.7,104588,-0.0031955,-0.02866669,1.14380776,1.13206,9
TNG50-1,59,0.7,104588,0.01804459,0.010254,1.14380776,1.13206,10
TNG50-1,59,0.7,104588,-0.02046089,0.01850248,1.14380776,1.13206,11
TNG50-1,59,0.7,104588,-0.02959513,-0.00386297,1.14380776,1.13206,12
TNG50-1,59,0.7,104588,-0.01209428,-0.00618236,1.14380776,1.13206,13
TNG50-1,59,0.7,104588,-0.02321016,0.05325657,1.14380776,1.13206,14
TNG50-1,59,0.7,289575,0.0150743,0.06846972,1.37439959,0.46620508,0
TNG50-1,59,0.7,289575,0.00207125,-0.05535838,1.37439959,0.46620508,1
TNG50-1,59,0.7,289575,0.00739353,0.01218579,1.37439959,0.46620508,2
TNG50-1,59,0.7,289575,0.09179445,-0.09525023,1.37439959,0.46620508,3
TNG50-1,59,0.7,289575,0.0086337,-0.07372691,1.37439959,0.46620508,4
TNG50-1,59,0.7,289575,-0.02572243,-0.02943829,1.37439959,0.46620508,5
TNG50-1,59,0.7,289575,-0.09544995,0.05674552,1.37439959,0.46620508,6
TNG50-1,59,0.7,289575,-0.07169687,-0.0389353,1.37439959,0.46620508,7
TNG50-1,59,0.7,289575,-0.02335129,-0.04080502,1.37439959,0.46620508,8
TNG50-1,59,0.7,289575,-0.00541884,0.00180436,1.37439959,0.46620508,9
TNG50-1,59,0.7,289575,-0.02778107,0.00185418,1.37439959,0.46620508,10
TNG50-1,59,0.7,289575,0.0175572,-0.03925657,1.37439959,0.46620508,11
TNG50-1,59,0.7,289575,-0.0284254,0.09931108,1.37439959,0.46620508,12
TNG50-1,59,0.7,289575,-0.04572446,-0.01326817,1.37439959,0.46620508,13
TNG50-1,59,0.7,289575,0.03063219,0.00567925,1.37439959,0.46620508,14
TNG50-1,59,0.7,310579,-0.02008898,-0.12299268,1.06169281,-0.25062847,0
TNG50-1,59,0.7,310579,0.02199858,-0.08056303,1.06169281,-0.25062847,1
TNG50-1,59,0.7,310579,0.06174788,-0.01971258,1.06169281,-0.25062847,2
TNG50-1,59,0.7,310579,0.08318318,-0.05505295,1.06169281,-0.25062847,3
TNG50-1,59,0.7,310579,-0.03811328,0.04070653,1.06169281,-0.25062847,4
TNG50-1,59,0.7,310579,0.05503976,-0.06550105,1.06169281,-0.25062847,5
TNG50-1,59,0.7,310579,0.02748404,-0.02506522,1.06169281,-0.25062847,6
TNG50-1,59,0.7,310579,0.04872683,-0.02310132,1.06169281,-0.25062847,7
TNG50-1,59,0.7,310579,-0.00459396,0.06023715,1.06169281,-0.25062847,8
TNG50-1,59,0.7,310579,-0.00935204,-0.03041194,1.06169281,-0.25062847,9
TNG50-1,59,0.7,310579,0.04678573,0.02262061,1.06169281,-0.25062847,10
TNG50-1,59,0.7,310579,0.04773463,0.00978531,1.06169281,-0.25062847,11
TNG50-1,59,0.7,310579,0.07828603,0.04516442,1.06169281,-0.25062847,12
TNG50-1,59,0.7,310579,0.00992738,0.04251075,1.06169281,-0.25062847,13
TNG50-1,59,0.7,310579,-0.00534573,-0.00167201,1.06169281,-0.25062847,14
TNG50-1,59,0.7,3,-0.08481473,0.00921969,1.23222949,-0.97984947,0
TNG50-1,59,0.7,3,-0.01158704,-0.00870009,1.23222949,-0.97984947,1
TNG50-1,59,0.7,3,-0.00099778,-0.02447472,1.23222949,-0.97984947,2
TNG50-1,59,0.7,3,0.01430046,-0.01820348,1.23222949,-0.97984947,3
TNG50-1,59,0.7,3,-0.03687776,-0.03970176,1.23222949,-0.97984947,4
TNG50-1,59,0.7,3,0.05704506,-0.00899196,1.23222949,-0.97984947,5
TNG50-1,59,0.7,3,0.00068097,0.05566078,1.23222949,-0.97984947,6
TNG50-1,59,0.7,3,-0.04602487,-0.07565697,1.23222949,-0.97984947,7
TNG50-1,59,0.7,3,-0.02291139,0.01732397,1.23222949,-0.97984947,8
TNG50-1,59,0.7,3,0.09642713,0.06900463,1.23222949,-0.97984947,9
TNG50-1,59,0.7,3,0.03321889,-0.00915935,1.23222949,-0.97984947,10
TNG50-1,59,0.7,3,0.05242283,-0.0264438,1.23222949,-0.97984947,11
TNG50-1,59,0.7,3,-0.05207935,0.04621157,1.23222949,-0.97984947,12
TNG50-1,59,0.7,3,-0.03444148,-0.04921109,1.23222949,-0.97984947,13
TNG50-1,59,0.7,3,-0.03407112,-0.00113458,1.23222949,-0.97984947,14
TNG50-1,59,0.7,251338,-0.05199221,0.02684038,0.76574956,-0.50572219,0
TNG50-1,59,0.7,251338,-0.09350505,-0.04880064,0.76574956,-0.50572219,1
TNG50-1,59,0.7,251338,-0.00759921,0.01559992,0.76574956,-0.50572219,2
TNG50-1,59,0.7,251338,-0.06316975,0.10664555,0.76574956,-0.50572219,3
TNG50-1,59,0.7,251338,-0.00058353,0.07678263,0.76574956,-0.50572219,4
TNG50-1,59,0.7,251338,0.05575148,-0.02563565,0.76574956,-0.50572219,5
TNG50-1,59,0.7,251338,0.09271277,-0.03559904,0.76574956,-0.50572219,6
TNG50-1,59,0.7,251338,0.00467646,0.0050104,0.76574956,-0.50572219,7
TNG50-1,59,0.7,251338,0.05096079,-0.00827569,0.76574956,-0.50572219,8
TNG50-1,59,0.7,251338,0.01994813,0.05998687,0.76574956,-0.50572219,9
TNG50-1,59,0.7,251338,-0.01915568,0.03697946,0.76574956,-0.50572219,10
TNG50-1,59,0.7,251338,-0.09623882,-0.08461208,0.76574956,-0.50572219,11
TNG50-1,59,0.7,251338,0.08132462,0.02293376,0.76574956,-0.50572219,12
TNG50-1,59,0.7,251338,-0.05245511,-0.00895455,0.76574956,-0.50572219,13
TNG50-1,59,0.7,251338,0.06913855,0.00185541,0.76574956,-0.50572219,14
TNG50-1,59,0.7,48194,0.01244715,-0.06892988,1.24838395,0.64018651,0
TNG50-1,59,0.7,48194,0.05993645,0.06654669,1.24838395,0.64018651,1
TNG50-1,59,0.7,48194,0.04888965,-0.0491343,1.24838395,0.64018651,2
TNG50-1,59,0.7,48194,-0.03748714,-0.02497811,1.24838395,0.64018651,3
TNG50-1,59,0.7,48194,-0.0029306,0.10523163,1.24838395,0.64018651,4
TNG50-1,59,0.7,48194,-0.02242607,-0.03671278,1.24838395,0.64018651,5
TNG50-1,59,0.7,48194,-0.0840923,0.01711998,1.24838395,0.64018651,6
TNG50-1,59,0.7,48194,-0.00546853,0.05319058,1.24838395,0.64018651,7
TNG50-1,59,0.7,48194,0.09223772,0.05078601,1.24838395,0.64018651,8
TNG50-1,59,0.7,48194,-0.08560217,-0.06657882,1.24838395,0.64018651,9
TNG50-1,59,0.7,48194,-0.00120309,-0.03566762,1.24838395,0.64018651,10
TNG50-1,59,0.7,48194,-0.00280691,0.0151182,1.24838395,0.64018651,11
TNG50-1,59,0.7,48194,0.01438677,0.09645087,1.24838395,0.64018651,12
TNG50-1,59,0.7,48194,-0.04813625,-0.03807553,1.24838395,0.64018651,13
TNG50-1,59,0.7,48194,-0.07125553,-0.02468065,1.24838395,0.64018651,14
TNG50-1,59,0.7,217467,0.02097872,-0.07501544,0.77183426,-0.92878188,0
TNG50-1,59,0.7,217467,0.03098291,-0.10753809,0.77183426,-0.92878188,1
TNG50-1,59,0.7,217467,0.0340127,0.06259526,0.77183426,-0.92878188,2
TNG50-1,59,0.7,217467,-0.04231779,0.00390291,0.77183426,-0.92878188,3
TNG50-1,59,0.7,217467,-0.02660241,0.01032141,0.77183426,-0.92878188,4
TNG50-1,59,0.7,217467,0.01077506,-0.06245269,0.77183426,-0.92878188,5
TNG50-1,59,0.7,217467,0.06311557,-0.04515321,0.77183426,-0.92878188,6
TNG50-1,59,0.7,217467,-0.0119242,0.0531151,0.77183426,-0.92878188,7
TNG50-1,59,0.7,217467,-0.0011151,0.08700719,0.77183426,-0.92878188,8
TNG50-1,59,0.7,217467,-0.05129642,-0.0310637,0.77183426,-0.92878188,9
TNG50-1,59,0.7,217467,0.09316134,0.03357416,0.77183426,-0.92878188,10
TNG50-1,59,0.7,217467,0.00771315,0.00950125,0.77183426,-0.92878188,11
TNG50-1,59,0.7,217467,0.05388774,-0.00602645,0.77183426,-0.92878188,12
TNG50-1,59,0.7,217467,0.00149486,0.09259795,0.77183426,-0.92878188,13
TNG50-1,59,0.7,217467,0.00426335,-0.02266008,0.77183426,-0.92878188,14
TNG50-1,59,0.7,278396,0.06203563,0.03389037,1.17731238,-1.27679683,0
TNG50-1,59,0.7,278396,0.01907117,-0.01339809,1.17731238,-1.27679683,1
TNG50-1,59,0.7,278396,-0.00084447,0.07490903,1.17731238,-1.27679683,2
TNG50-1,59,0.7,278396,0.06860086,0.03894721,1.17731238,-1.27679683,3
TNG50-1,59,0.7,278396,0.01450672,0.02712633,1.17731238,-1.27679683,4
TNG50-1,59,0.7,278396,-0.00482138,0.02468526,1.17731238,-1.27679683,5
TNG50-1,59,0.7,278396,0.06897211,0.05786407,1.17731238,-1.27679683,6
TNG50-1,59,0.7,278396,0.06246311,0.05108439,1.17731238,-1.27679683,7
TNG50-1,59,0.7,278396,0.06009817,-0.0056386,1.17731238,-1.27679683,8
TNG50-1,59,0.7,278396,-0.10510199,0.03186774,1.17731238,-1.27679683,9
TNG50-1,59,0.7,278396,0.02200883,0.00870261,1.17731238,-1.27679683,10
TNG50-1,59,0.7,278396,0.01060586,0.09584634,1.17731238,-1.27679683,11
TNG50-1,59,0.7,278396,-0.00174316,0.05488639,1.17731238,-1.27679683,12
TNG50-1,59,0.7,278396,0.03048898,-0.03128047,1.17731238,-1.27679683,13
TNG50-1,59,0.7,278396,0.01302784,0.11653553,1.17731238,-1.27679683,14
TNG50-1,59,0.7,286741,-0.03481237,0.03651084,1.09535721,1.2190283,0
TNG50-1,59,0.7,286741,0.09410901,0.02755872,1.09535721,1.2190283,1
TNG50-1,59,0.7,286741,0.0126403,0.07863584,1.09535721,1.2190283,2
TNG50-1,59,0.7,286741,-0.03968977,0.04985339,1.09535721,1.2190283,3
TNG50-1,59,0.7,286741,-0.01332474,0.13399141,1.09535721,1.2190283,4
TNG50-1,59,0.7,286741,-0.03569657,0.15503236,1.09535721,1.2190283,5
TNG50-1,59,0.7,286741,-0.01528885,-0.08790513,1.09535721,1.2190283,6
TNG50-1,59,0.7,286741,-0.01643238,-0.10985693,1.09535721,1.2190283,7
TNG50-1,59,0.7,286741,-0.03755779,-0.00036956,1.09535721,1.2190283,8
TNG50-1,59,0.7,286741,0.01350319,0.02521162,1.09535721,1.2190283,9
TNG50-1,59,0.7,286741,0.01956121,-0.00379425,1.09535721,1.2190283,10
TNG50-1,59,0.7,286741,-0.04981532,0.03517902,1.09535721,1.2190283,11
TNG50-1,59,0.7,286741,-0.08291344,-0.0135121,1.09535721,1.2190283,12
TNG50-1,59,0.7,286741,0.01554782,-0.03469754,1.09535721,1.2190283,13
TNG50-1,59,0.7,286741,0.02659603,-0.02714454,1.09535721,1.2190283,14
TNG50-1,59,0.7,181442,-0.01000842,0.07436503,1.101141,0.83004129,0
TNG50-1,59,0.7,181442,0.04217562,-0.11910661,1.101141,0.83004129,1
TNG50-1,59,0.7,181442,-0.02433703,0.05380561,1.101141,0.83004129,2
TNG50-1,59,0.7,181442,-0.01444844,-0.04288814,1.101141,0.83004129,3
TNG50-1,59,0.7,181442,0.02851084,0.04880363,1.101141,0.83004129,4
TNG50-1,59,0.7,181442,-0.00993982,-0.0480638,1.101141,0.83004129,5
TNG50-1,59,0.7,181442,0.05583553,-0.00342438,1.101141,0.83004129,6
TNG50-1,59,0.7,181442,-0.04597531,-0.04050578,1.101141,0.83004129,7
TNG50-1,59,0.7,181442,-0.05681819,-0.01069403,1.101141,0.83004129,8
TNG50-1,59,0.7,181442,0.01523145,0.0914962,1.101141,0.83004129,9
TNG50-1,59,0.7,181442,0.02021442,-0.00539689,1.101141,0.83004129,10
TNG50-1,59,0.7,181442,-0.04324797,0.10551508,1.101141,0.83004129,11
TNG50-1,59,0.7,181442,0.06717977,-0.01929063,1.101141,0.83004129,12
TNG50-1,59,0.7,181442,0.09624684,0.07458824,1.101141,0.83004129,13
TNG50-1,59,0.7,181442,-0.03139271,-0.08128463,1.101141,0.83004129,14
TNG50-1,59,0.7,263630,-0.01432545,-0.01372948,0.72181557,-0.94312204,0
TNG50-1,59,0.7,263630,-0.0268055,0.0198839,0.72181557,-0.94312204,1
TNG50-1,59,0.7,263630,0.07688528,0.00510472,0.72181557,-0.94312204,2
TNG50-1,59,0.7,263630,0.00926244,0.02487097,0.72181557,-0.94312204,3
TNG50-1,59,0.7,263630,-0.10440416,-0.06670512,0.72181557,-0.94312204,4
TNG50-1,59,0.7,263630,-0.06550648,0.0307251,0.72181557,-0.94312204,5
TNG50-1,59,0.7,263630,-0.05063311,0.05133007,0.72181557,-0.94312204,6
TNG50-1,59,0.7,263630,0.04670251,0.01604757,0.72181557,-0.94312204,7
TNG50-1,59,0.7,263630,0.04025037,0.03006079,0.72181557,-0.94312204,8
TNG50-1,59,0.7,263630,-0.01501997,-0.00549597,0.72181557,-0.94312204,9
TNG50-1,59,0.7,263630,-0.02742549,0.04456663,0.72181557,-0.94312204,10
TNG50-1,59,0.7,263630,0.03581941,0.00326236,0.72181557,-0.94312204,11
TNG50-1,59,0.7,263630,-0.05647615,-0.05739706,0.72181557,-0.94312204,12
TNG50-1,59,0.7,263630,0.02288345,0.04101081,0.72181557,-0.94312204,13
TNG50-1,59,0.7,263630,0.0186259,-0.08170731,0.72181557,-0.94312204,14
TNG50-1,59,0.7,138898,0.01413899,-0.07148519,0.99096118,-0.65247253,0
TNG50-1,59,0.7,138898,-0.01921114,0.01033454,0.99096118,-0.65247253,1
TNG50-1,59,0.7,138898,-0.02240629,0.05472922,0.99096118,-0.65247253,2
TNG50-1,59,0.7,138898,0.00859944,0.01771574,0.99096118,-0.65247253,3
TNG50-1,59,0.7,138898,-0.03546441,-0.1722292,0.99096118,-0.65247253,4
TNG50-1,59,0.7,138898,0.0256103,0.04350311,0.99096118,-0.65247253,5
TNG50-1,59,0.7,138898,0.00283983,0.04657496,0.99096118,-0.65247253,6
TNG50-1,59,0.7,138898,-0.0308647,-0.01506111,0.99096118,-0.65247253,7
TNG50-1,59,0.7,138898,0.06690898,0.04941808,0.99096118,-0.65247253,8
TNG50-1,59,0.7,138898,0.01023913,0.03139827,0.99096118,-0.65247253,9
TNG50-1,59,0.7,138898,0.03154005,-0.03427534,0.99096118,-0.65247253,10
TNG50-1,59,0.7,138898,0.07082944,0.06356506,0.99096118,-0.65247253,11
TNG50-1,59,0.7,138898,0.07000893,-0.06337385,0.99096118,-0.65247253,12
TNG50-1,59,0.7,138898,0.02898927,-0.00286223,0.99096118,-0.65247253,13
TNG50-1,59,0.7,138898,-0.01513291,-0.00785012,0.99096118,-0.65247253,14
TNG50-1,59,0.7,276162,-0.04127191,0.12955311,1.08980847,1.4830522,0
TNG50-1,59,0.7,276162,0.01518969,-0.04701862,1.08980847,1.4830522,1
TNG50-1,59,0.7,276162,0.06551844,-0.03030358,1.08980847,1.4830522,2
TNG50-1,59,0.7,276162,0.06238709,-0.04714129,1.08980847,1.4830522,3
TNG50-1,59,0.7,276162,0.03618321,0.07813291,1.08980847,1.4830522,4
TNG50-1,59,0.7,276162,-0.08479613,0.04010429,1.08980847,1.4830522,5
TNG50-1,59,0.7,276162,-0.06679762,-0.0272076,1.08980847,1.4830522,6
TNG50-1,59,0.7,276162,0.00830846,-0.04319382,1.08980847,1.4830522,7
TNG50-1,59,0.7,276162,-0.00171175,0.06924453,1.08980847,1.4830522,8
TNG50-1,59,0.7,276162,-0.02490399,0.01808439,1.08980847,1.4830522,9
TNG50-1,59,0.7,276162,0.09526616,0.0705209,1.08980847,1.4830522,10
TNG50-1,59,0.7,276162,0.00529301,-0.00300747,1.08980847,1.4830522,11
TNG50-1,59,0.7,276162,0.02712064,0.02557677,1.08980847,1.4830522,12
TNG50-1,59,0.7,276162,0.04939469,0.01501138,1.08980847,1.4830522,13
TNG50-1,59,0.7,276162,0.00274792,-0.03120557,1.08980847,1.4830522,14
TNG50-1,59,0.7,305741,-0.00720721,-0.05634866,0.53419981,0.65403085,0
TNG50-1,59,0.7,305741,-0.05921517,-0.06496558,0.53419981,0.65403085,1
TNG50-1,59,0.7,305741,0.02470534,-0.005405,0.53419981,0.65403085,2
TNG50-1,59,0.7,305741,0.03806244,-0.01666585,0.53419981,0.65403085,3
TNG50-1,59,0.7,305741,0.04950806,-0.07178353,0.53419981,0.65403085,4
TNG50-1,59,0.7,305741,0.03332724,0.00746791,0.53419981,0.65403085,5
TNG50-1,59,0.7,305741,-0.00641051,-0.00478095,0.53419981,0.65403085,6
TNG50-1,59,0.7,305741,0.07759853,0.05911201,0.53419981,0.65403085,7
TNG50-1,59,0.7,305741,0.04461542,0.10064895,0.53419981,0.65403085,8
TNG50-1,59,0.7,305741,0.06942732,0.02282252,0.53419981,0.65403085,9
TNG50-1,59,0.7,305741,0.07256434,-0.03483153,0.53419981,0.65403085,10
TNG50-1,59,0.7,305741,-0.00627998,0.03233622,0.53419981,0.65403085,11
TNG50-1,59,0.7,305741,0.01939397,0.00046515,0.53419981,0.65403085,12
TNG50-1,59,0.7,305741,0.03872826,-0.01200626,0.53419981,0.65403085,13
TNG50-1,59,0.7,305741,-0.05745709,-0.04308006,0.53419981,0.65403085,14
TNG50-1,59,0.7,143613,-0.023211,-0.01882619,0.88498124,0.34721512,0
TNG50-1,59,0.7,143613,-0.00888955,0.01992399,0.88498124,0.34721512,1
TNG50-1,59,0.7,143613,0.04020482,-0.09767023,0.88498124,0.34721512,2
TNG50-1,59,0.7,143613,0.02555128,0.01410489,0.88498124,0.34721512,3
TNG50-1,59,0.7,143613,0.09127881,0.06387461,0.88498124,0.34721512,4
TNG50-1,59,0.7,143613,0.0337169,-0.0060558,0.88498124,0.34721512,5
TNG50-1,59,0.7,143613,0.02121475,-0.08859948,0.88498124,0.34721512,6
TNG50-1,59,0.7,143613,-0.01531152,-0.02069703,0.88498124,0.34721512,7
TNG50-1,59,0.7,143613,-0.05187315,0.0639631,0.88498124,0.34721512,8
TNG50-1,59,0.7,143613,-0.02849467,0.01293148,0.88498124,0.34721512,9
TNG50-1,59,0.7,143613,-0.03499193,-0.0709155,0.88498124,0.34721512,10
TNG50-1,59,0.7,143613,-0.12804534,0.11838146,0.88498124,0.34721512,11
TNG50-1,59,0.7,143613,-0.05043159,-0.06269043,0.88498124,0.34721512,12
TNG50-1,59,0.7,143613,0.08011049,-0.01214623,0.88498124,0.34721512,13
TNG50-1,59,0.7,143613,0.01843001,-0.0518693,0.88498124,0.34721512,14
TNG50-1,59,0.7,274084,-0.0518001,0.00898266,1.2204838,-0.60435294,0
TNG50-1,59,0.7,274084,-0.02260756,-0.00032861,1.2204838,-0.60435294,1
TNG50-1,59,0.7,274084,0.03180751,0.01279307,1.2204838,-0.60435294,2
TNG50-1,59,0.7,274084,0.06452657,-0.03289609,1.2204838,-0.60435294,3
TNG50-1,59,0.7,274084,-0.01930841,0.03824892,1.2204838,-0.60435294,4
TNG50-1,59,0.7,274084,-0.05050718,0.02205882,1.2204838,-0.60435294,5
TNG50-1,59,0.7,274084,0.02393197,-0.02102351,1.2204838,-0.60435294,6
TNG50-1,59,0.7,274084,0.02539818,0.04510334,1.2204838,-0.60435294,7
TNG50-1,59,0.7,274084,0.01201882,0.00094949,1.2204838,-0.60435294,8
TNG50-1,59,0.7,274084,0.01378699,-0.04850283,1.2204838,-0.60435294,9
TNG50-1,59,0.7,274084,-0.00562832,0.01758022,1.2204838,-0.60435294,10
TNG50-1,59,0.7,274084,0.00490754,0.01184963,1.2204838,-0.60435294,11
TNG50-1,59,0.7,274084,-0.00908256,0.04802091,1.2204838,-0.60435294,12
TNG50-1,59,0.7,274084,0.05351219,0.04157735,1.2204838,-0.60435294,13
TNG50-1,59,0.7,274084,0.11142298,-0.00546132,1.2204838,-0.60435294,14
TNG50-1,59,0.7,175518,-0.02360435,-0.0519532,0.45301731,-0.63106697,0
TNG50-1,59,0.7,175518,8.719e-05,0.02710465,0.45301731,-0.63106697,1
TNG50-1,59,0.7,175518,0.01816544,-0.08773082,0.45301731,-0.63106697,2
TNG50-1,59,0.7,175518,0.02418772,-0.07246723,0.45301731,-0.63106697,3
TNG50-1,59,0.7,175518,0.01507061,0.02684174,0.45301731,-0.63106697,4
TNG50-1,59,0.7,175518,-0.0045381,-0.01112746,0.45301731,-0.63106697,5
TNG50-1,59,0.7,175518,0.04984085,-0.03478902,0.45301731,-0.63106697,6
TNG50-1,59,0.7,175518,-0.03371509,-0.02473661,0.45301731,-0.63106697,7
TNG50-1,59,0.7,175518,0.12397017,-0.07354069,0.45301731,-0.63106697,8
TNG50-1,59,0.7,175518,0.03815352,0.02422267,0.45301731,-0.63106697,9
TNG50-1,59,0.7,175518,-0.05637427,-0.04032718,0.45301731,-0.63106697,10
TNG50-1,59,0.7,175518,0.00926147,-0.02678761,0.45301731,-0.63106697,11
TNG50-1,59,0.7,175518,0.03863418,0.01733926,0.45301731,-0.63106697,12
TNG50-1,59,0.7,175518,-0.01746846,-0.01283138,0.45301731,-0.63106697,13
TNG50-1,59,0.7,175518,-0.0747572,-0.03523267,0.45301731,-0.63106697,14
TNG50-1,59,0.7,245787,-0.09947192,-0.04490289,1.10677486,-1.44662922,0
TNG50-1,59,0.7,245787,0.01837129,0.00116548,1.10677486,-1.44662922,1
TNG50-1,59,0.7,245787,0.00394965,0.0594855,1.10677486,-1.44662922,2
TNG50-1,59,0.7,245787,-0.02586937,0.01544953,1.10677486,-1.44662922,3
TNG50-1,59,0.7,245787,-0.05186996,-0.01845265,1.10677486,-1.44662922,4
TNG50-1,59,0.7,245787,0.00063812,-0.08530799,1.10677486,-1.44662922,5
TNG50-1,59,0.7,245787,0.02402359,-0.11351735,1.10677486,-1.44662922,6
TNG50-1,59,0.7,245787,0.00488794,0.10380906,1.10677486,-1.44662922,7
TNG50-1,59,0.7,245787,0.08190328,0.01542559,1.10677486,-1.44662922,8
TNG50-1,59,0.7,245787,0.03523873,-0.02920366,1.10677486,-1.44662922,9
TNG50-1,59,0.7,245787,-0.00536415,0.01747284,1.10677486,-1.44662922,10
TNG50-1,59,0.7,245787,0.03691394,-0.04738371,1.10677486,-1.44662922,11
TNG50-1,59,0.7,245787,0.00243311,-0.01656006,1.10677486,-1.44662922,12
TNG50-1,59,0.7,245787,0.00225964,-0.04704702,1.10677486,-1.44662922,13
TNG50-1,59,0.7,245787,0.06481819,-0.07066368,1.10677486,-1.44662922,14
TNG50-1,59,0.7,191406,-0.10524925,0.00020796,1.36786199,0.71779695,0
TNG50-1,59,0.7,191406,-0.07988287,0.0231529,1.36786199,0.71779695,1
TNG50-1,59,0.7,191406,0.05106439,-0.08636573,1.36786199,0.71779695,2
TNG50-1,59,0.7,191406,-0.0493441,-0.08717218,1.36786199,0.71779695,3
TNG50-1,59,0.7,191406,0.02674461,0.06533949,1.36786199,0.71779695,4
TNG50-1,59,0.7,191406,0.04783237,-0.02795597,1.36786199,0.71779695,5
TNG50-1,59,0.7,191406,0.00082898,-0.07437032,1.36786199,0.71779695,6
TNG50-1,59,0.7,191406,-0.01492836,-0.05518204,1.36786199,0.71779695,7
TNG50-1,59,0.7,191406,0.00665115,0.01952373,1.36786199,0.71779695,8
TNG50-1,59,0.7,191406,-0.02083102,-0.04112738,1.36786199,0.71779695,9
TNG50-1,59,0.7,191406,0.06019546,0.01208128,1.36786199,0.71779695,10
TNG50-1,59,0.7,191406,0.09382669,-0.04893637,1.36786199,0.71779695,11
TNG50-1,59,0.7,191406,0.07249059,-0.08721001,1.36786199,0.71779695,12
TNG50-1,59,0.7,191406,-0.10757816,0.07121901,1.36786199,0.71779695,13
TNG50-1,59,0.7,191406,-0.02185134,0.0199095,1.36786199,0.71779695,14
TNG50-1,59,0.7,312793,-0.01668754,-0.01016543,0.96350829,-1.43515736,0
TNG50-1,59,0.7,312793,-0.02606809,0.02247586,0.96350829,-1.43515736,1
TNG50-1,59,0.7,312793,0.07324502,-0.01824702,0.96350829,-1.43515736,2
TNG50-1,59,0.7,312793,0.0295765,-0.03350654,0.96350829,-1.43515736,3
TNG50-1,59,0.7,312793,0.05734065,0.02718631,0.96350829,-1.43515736,4
TNG50-1,59,0.7,312793,-0.02918463,0.0293507,0.96350829,-1.43515736,5
TNG50-1,59,0.7,312793,0.00253333,-0.02536351,0.96350829,-1.43515736,6
TNG50-1,59,0.7,312793,0.02010995,-0.02965261,0.96350829,-1.43515736,7
TNG50-1,59,0.7,312793,-0.02750346,-0.00914867,0.96350829,-1.43515736,8
TNG50-1,59,0.7,312793,-0.00477661,-0.02760028,0.96350829,-1.43515736,9
TNG50-1,59,0.7,312793,-0.02918052,0.07625596,0.96350829,-1.43515736,10
TNG50-1,59,0.7,312793,0.01995296,0.01582379,0.96350829,-1.43515736,11
TNG50-1,59,0.7,312793,-0.06606971,0.00073001,0.96350829,-1.43515736,12
TNG50-1,59,0.7,312793,0.0285985,-0.04663625,0.96350829,-1.43515736,13
TNG50-1,59,0.7,312793,0.01553566,0.03694947,0.96350829,-1.43515736,14
TNG50-1,59,0.7,255493,-0.03058024,-0.09613805,1.29701974,-1.55553655,0
TNG50-1,59,0.7,255493,-0.03263737,-0.01213121,1.29701974,-1.55553655,1
TNG50-1,59,0.7,255493,0.03863073,0.09789496,1.29701974,-1.55553655,2
TNG50-1,59,0.7,255493,0.01936614,-0.0108588,1.29701974,-1.55553655,3
TNG50-1,59,0.7,255493,-0.12517238,-0.00537514,1.29701974,-1.55553655,4
TNG50-1,59,0.7,255493,-0.00788854,0.04196155,1.29701974,-1.55553655,5
TNG50-1,59,0.7,255493,0.00627598,0.00106533,1.29701974,-1.55553655,6
TNG50-1,59,0.7,255493,-0.01697981,-0.01074959,1.29701974,-1.55553655,7
TNG50-1,59,0.7,255493,0.00801818,0.0463323,1.29701974,-1.55553655,8
TNG50-1,59,0.7,255493,-0.0904844,0.02359436,1.29701974,-1.55553655,9
TNG50-1,59,0.7,255493,-0.14155103,0.01443129,1.29701974,-1.55553655,10
TNG50-1,59,0.7,255493,-0.04877341,-0.00693901,1.29701974,-1.55553655,11
TNG50-1,59,0.7,255493,0.01411236,-0.01730324,1.29701974,-1.55553655,12
TNG50-1,59,0.7,255493,-0.16124781,0.04585854,1.29701974,-1.55553655,13
TNG50-1,59,0.7,255493,-0.0421773,-0.01682313,1.29701974,-1.55553655,14
TNG50-1,59,0.7,203535,0.06156264,0.01715936,1.19915127,0.72098008,0
TNG50-1,59,0.7,203535,-0.05235732,-0.03372225,1.19915127,0.72098008,1
TNG50-1,59,0.7,203535,0.0716892,0.07956577,1.19915127,0.72098008,2
TNG50-1,59,0.7,203535,0.023602,0.04067475,1.19915127,0.72098008,3
TNG50-1,59,0.7,203535,-0.04842675,-0.03127882,1.19915127,0.72098008,4
TNG50-1,59,0.7,203535,0.02544893,-0.03611277,1.19915127,0.72098008,5
TNG50-1,59,0.7,203535,-0.03251514,-0.01139066,1.19915127,0.72098008,6
TNG50-1,59,0.7,203535,0.0016714,-0.01659272,1.19915127,0.72098008,7
TNG50-1,59,0.7,203535,-0.02433136,0.06280787,1.19915127,0.72098008,8
TNG50-1,59,0.7,203535,-0.00664561,0.04922615,1.19915127,0.72098008,9
TNG50-1,59,0.7,203535,0.04707154,0.00175348,1.19915127,0.72098008,10
TNG50-1,59,0.7,203535,0.02592558,0.03389528,1.19915127,0.72098008,11
TNG50-1,59,0.7,203535,-0.05626827,0.04114876,1.19915127,0.72098008,12
TNG50-1,59,0.7,203535,-0.05340482,0.00291304,1.19915127,0.72098008,13
TNG50-1,59,0.7,203535,0.01353878,0.02013093,1.19915127,0.72098008,14
TNG50-1,59,0.7,297676,0.02970938,0.02598622,0.68376273,1.4101785,0
TNG50-1,59,0.7,297676,0.02438029,-0.0766981,0.68376273,1.4101785,1
TNG50-1,59,0.7,297676,-0.03894019,-0.01163317,0.68376273,1.4101785,2
TNG50-1,59,0.7,297676,-0.03388549,-0.01630386,0.68376273,1.4101785,3
TNG50-1,59,0.7,297676,-0.01442973,-0.00616422,0.68376273,1.4101785,4
TNG50-1,59,0.7,297676,-0.03533321,0.01263588,0.68376273,1.4101785,5
TNG50-1,59,0.7,297676,-0.07365503,0.07992853,0.68376273,1.4101785,6
TNG50-1,59,0.7,297676,0.0337976,-0.07997461,0.68376273,1.4101785,7
TNG50-1,59,0.7,297676,0.01732041,0.04382908,0.68376273,1.4101785,8
TNG50-1,59,0.7,297676,-0.06696833,-0.1256079,0.68376273,1.4101785,9
TNG50-1,59,0.7,297676,-0.01204584,0.06968556,0.68376273,1.4101785,10
TNG50-1,59,0.7,297676,-0.00921429,-0.10214347,0.68376273,1.4101785,11
TNG50-1,59,0.7,297676,0.00909722,0.12181973,0.68376273,1.4101785,12
TNG50-1,59,0.7,297676,-0.05409612,-0.01948839,0.68376273,1.4101785,13
TNG50-1,59,0.7,297676,-0.06769971,0.06451915,0.68376273,1.4101785,14
TNG50-1,59,0.7,244418,0.0542078,-0.01798135,1.29128173,0.80582809,0
TNG50-1,59,0.7,244418,-0.02182445,-0.00875626,1.29128173,0.80582809,1
TNG50-1,59,0.7,244418,-0.01798746,0.02272275,1.29128173,0.80582809,2
TNG50-1,59,0.7,244418,-0.04185795,-0.05169318,1.29128173,0.80582809,3
TNG50-1,59,0.7,244418,0.03936851,0.02136077,1.29128173,0.80582809,4
TNG50-1,59,0.7,244418,-0.02117341,0.01279101,1.29128173,0.80582809,5
TNG50-1,59,0.7,244418,-0.04094918,-0.08943277,1.29128173,0.80582809,6
TNG50-1,59,0.7,244418,0.0268638,0.08971278,1.29128173,0.80582809,7
TNG50-1,59,0.7,244418,-0.04485882,0.07304068,1.29128173,0.80582809,8
TNG50-1,59,0.7,244418,-0.01644911,-0.04002815,1.29128173,0.80582809,9
TNG50-1,59,0.7,244418,0.00535529,-0.05612133,1.29128173,0.80582809,10
TNG50-1,59,0.7,244418,-0.03212147,0.01140257,1.29128173,0.80582809,11
TNG50-1,59,0.7,244418,-0.02457743,-0.07129316,1.29128173,0.80582809,12
TNG50-1,59,0.7,244418,0.07674916,0.06821415,1.29128173,0.80582809,13
TNG50-1,59,0.7,244418,-0.01021176,-0.02342269,1.29128173,0.80582809,14
TNG50-1,59,0.7,316484,0.08109035,-0.11763762,0.60293964,-0.08909497,0
TNG50-1,59,0.7,316484,-0.04122017,0.14339813,0.60293964,-0.08909497,1
TNG50-1,59,0.7,316484,-0.0056101,0.02634615,0.60293964,-0.08909497,2
TNG50-1,59,0.7,316484,0.06336063,0.00683959,0.60293964,-0.08909497,3
TNG50-1,59,0.7,316484,-0.01616197,0.01393199,0.60293964,-0.08909497,4
TNG50-1,59,0.7,316484,0.01360459,-0.07156695,0.60293964,-0.08909497,5
TNG50-1,59,0.7,316484,0.05463294,-0.0397436,0.60293964,-0.08909497,6
TNG50-1,59,0.7,316484,-0.02780237,0.08716651,0.60293964,-0.08909497,7
TNG50-1,59,0.7,316484,-0.06308695,0.03291736,0.60293964,-0.08909497,8
TNG50-1,59,0.7,316484,-0.07293553,-0.03817988,0.60293964,-0.08909497,9
TNG50-1,59,0.7,316484,0.02917164,-0.06134077,0.60293964,-0.08909497,10
TNG50-1,59,0.7,316484,0.01943892,-0.02578471,0.60293964,-0.08909497,11
TNG50-1,59,0.7,316484,0.05308316,-0.01577153,0.60293964,-0.08909497,12
TNG50-1,59,0.7,316484,-0.01370224,0.1024573,0.60293964,-0.08909497,13
TNG50-1,59,0.7,316484,-0.07153686,-0.00941337,0.60293964,-0.08909497,14
TNG50-1,59,0.7,155055,-0.05947759,-0.08963887,0.37921585,-0.04384014,0
TNG50-1,59,0.7,155055,-0.00293012,-0.08861313,0.37921585,-0.04384014,1
TNG50-1,59,0.7,155055,0.01321692,-0.04920119,0.37921585,-0.04384014,2
TNG50-1,59,0.7,155055,-0.06402733,0.07865927,0.37921585,-0.04384014,3
TNG50-1,59,0.7,155055,0.02010828,0.04454609,0.37921585,-0.04384014,4
TNG50-1,59,0.7,155055,0.0604458,0.08118561,0.37921585,-0.04384014,5
TNG50-1,59,0.7,155055,0.00693356,0.00051046,0.37921585,-0.04384014,6
TNG50-1,59,0.7,155055,-0.03985326,-0.01047447,0.37921585,-0.04384014,7
TNG50-1,59,0.7,155055,-0.02644352,-0.06237547,0.37921585,-0.04384014,8
TNG50-1,59,0.7,155055,-0.0829418,0.0174842,0.37921585,-0.04384014,9
TNG50-1,59,0.7,155055,-0.00669176,-0.00980841,0.37921585,-0.04384014,10
TNG50-1,59,0.7,155055,0.015539,-0.01173361,0.37921585,-0.04384014,11
TNG50-1,59,0.7,155055,-0.04483163,0.08090254,0.37921585,-0.04384014,12
TNG50-1,59,0.7,155055,0.09698501,-0.00631728,0.37921585,-0.04384014,13
TNG50-1,59,0.7,155055,0.03961397,0.06654907,0.37921585,-0.04384014,14
TNG50-1,59,0.7,293678,-0.07940373,0.0303039,0.84822123,-0.20063335,0
TNG50-1,59,0.7,293678,0.13440561,-0.10233265,0.84822123,-0.20063335,1
TNG50-1,59,0.7,293678,-0.01866352,-0.03076555,0.84822123,-0.20063335,2
TNG50-1,59,0.7,293678,0.0353592,0.01439105,0.84822123,-0.20063335,3
TNG50-1,59,0.7,293678,0.04331365,0.05576828,0.84822123,-0.20063335,4
TNG50-1,59,0.7,293678,-0.02486784,0.00998847,0.84822123,-0.20063335,5
TNG50-1,59,0.7,293678,0.0409515,0.07291195,0.84822123,-0.20063335,6
TNG50-1,59,0.7,293678,0.04355016,0.04339699,0.84822123,-0.20063335,7
TNG50-1,59,0.7,293678,-0.03565723,-0.02441647,0.84822123,-0.20063335,8
TNG50-1,59,0.7,293678,-0.03506501,-0.00700153,0.84822123,-0.20063335,9
TNG50-1,59,0.7,293678,0.00226534,0.02042108,0.84822123,-0.20063335,10
TNG50-1,59,0.7,293678,-0.0057747,-0.02243178,0.84822123,-0.20063335,11
TNG50-1,59,0.7,293678,0.0696565,0.07656451,0.84822123,-0.20063335,12
TNG50-1,59,0.7,293678,0.03513341,-0.05543631,0.84822123,-0.20063335,13
TNG50-1,59,0.7,293678,-0.00352118,0.01580532,0.84822123,-0.20063335,14
TNG50-1,59,0.7,346240,0.03677234,-0.02787444,0.72961855,-0.55089817,0
TNG50-1,59,0.7,346240,-0.01567235,-0.02270631,0.72961855,-0.55089817,1
TNG50-1,59,0.7,346240,-0.02693997,-0.07062502,0.72961855,-0.55089817,2
TNG50-1,59,0.7,346240,-0.00380406,-0.01430566,0.72961855,-0.55089817,3
TNG50-1,59,0.7,346240,0.04059993,0.02725171,0.72961855,-0.55089817,4
TNG50-1,59,0.7,346240,-0.0249924,-0.00330109,0.72961855,-0.55089817,5
TNG50-1,59,0.7,346240,-0.05344606,-0.05496842,0.72961855,-0.55089817,6
TNG50-1,59,0.7,346240,0.05752924,-0.07615097,0.72961855,-0.55089817,7
TNG50-1,59,0.7,346240,0.01996482,0.1055923,0.72961855,-0.55089817,8
TNG50-1,59,0.7,346240,0.05039287,0.01625804,0.72961855,-0.55089817,9
TNG50-1,59,0.7,346240,0.03796659,-0.04120346,0.72961855,-0.55089817,10
TNG50-1,59,0.7,346240,0.10899447,0.02308917,0.72961855,-0.55089817,11
TNG50-1,59,0.7,346240,0.0557486,0.1094593,0.72961855,-0.55089817,12
TNG50-1,59,0.7,346240,-0.03620398,0.03102312,0.72961855,-0.55089817,13
TNG50-1,59,0.7,346240,0.0235134,-0.13935339,0.72961855,-0.55089817,14
TNG50-1,59,0.7,281996,0.13261458,0.02595923,0.72568763,0.06821722,0
TNG50-1,59,0.7,281996,-0.09246232,0.02976318,0.72568763,0.06821722,1
TNG50-1,59,0.7,281996,-0.0103006,-0.05328234,0.72568763,0.06821722,2
TNG50-1,59,0.7,281996,-0.05667022,-0.04636268,0.72568763,0.06821722,3
TNG50-1,59,0.7,281996,-0.03700011,0.0068246,0.72568763,0.06821722,4
TNG50-1,59,0.7,281996,0.01422048,-0.04824858,0.72568763,0.06821722,5
TNG50-1,59,0.7,281996,-0.10355118,0.0089331,0.72568763,0.06821722,6
TNG50-1,59,0.7,281996,-0.00451228,0.07340233,0.72568763,0.06821722,7
TNG50-1,59,0.7,281996,0.05736712,-0.00299113,0.72568763,0.06821722,8
TNG50-1,59,0.7,281996,-0.04216202,-0.06068082,0.72568763,0.06821722,9
TNG50-1,59,0.7,281996,-0.06951425,0.01960517,0.72568763,0.06821722,10
TNG50-1,59,0.7,281996,-0.00696526,-0.00888274,0.72568763,0.06821722,11
TNG50-1,59,0.7,281996,-0.01691707,-0.00750785,0.72568763,0.06821722,12
TNG50-1,59,0.7,281996,-0.02976138,0.02376614,0.72568763,0.06821722,13
TNG50-1,59,0.7,281996,-0.0594173,0.03455187,0.72568763,0.06821722,14
TNG50-1,59,0.7,133957,0.00177511,-0.00213928,0.22746891,-0.21629565,0
TNG50-1,59,0.7,133957,-0.00303402,-0.03403344,0.22746891,-0.21629565,1
TNG50-1,59,0.7,133957,0.10317707,-0.10650363,0.22746891,-0.21629565,2
TNG50-1,59,0.7,133957,0.0600277,-0.07064634,0.22746891,-0.21629565,3
TNG50-1,59,0.7,133957,0.04167731,-0.03713227,0.22746891,-0.21629565,4
TNG50-1,59,0.7,133957,0.0065603,-0.04464832,0.22746891,-0.21629565,5
TNG50-1,59,0.7,133957,-0.05028716,0.01446803,0.22746891,-0.21629565,6
TNG50-1,59,0.7,133957,0.05636932,0.04057469,0.22746891,-0.21629565,7
TNG50-1,59,0.7,133957,0.00721471,-0.00642196,0.22746891,-0.21629565,8
TNG50-1,59,0.7,133957,-0.02885845,0.07044585,0.22746891,-0.21629565,9
TNG50-1,59,0.7,133957,-0.01215702,-0.03914489,0.22746891,-0.21629565,10
TNG50-1,59,0.7,133957,-0.04830913,-0.00677686,0.22746891,-0.21629565,11
TNG50-1,59,0.7,133957,0.05286645,-0.00254936,0.22746891,-0.21629565,12
TNG50-1,59,0.7,133957,0.03415185,0.05460932,0.22746891,-0.21629565,13
TNG50-1,59,0.7,133957,0.00908162,0.00529435,0.22746891,-0.21629565,14
TNG50-1,59,0.7,317932,0.00667845,-0.03369518,1.10778198,0.30840349,0
TNG50-1,59,0.7,317932,-0.08274216,-0.00392715,1.10778198,0.30840349,1
TNG50-1,59,0.7,317932,-0.04499534,0.09051647,1.10778198,0.30840349,2
TNG50-1,59,0.7,317932,0.05479761,-0.0047807,1.10778198,0.30840349,3
TNG50-1,59,0.7,317932,-0.10376711,-0.05240109,1.10778198,0.30840349,4
TNG50-1,59,0.7,317932,0.06714963,-0.0683186,1.10778198,0.30840349,5
TNG50-1,59,0.7,317932,0.02498322,0.00635589,1.10778198,0.30840349,6
TNG50-1,59,0.7,317932,-0.03737607,-0.03804476,1.10778198,0.30840349,7
TNG50-1,59,0.7,317932,-0.04160245,0.01233016,1.10778198,0.30840349,8
TNG50-1,59,0.7,317932,0.09479776,-0.08097515,1.10778198,0.30840349,9
TNG50-1,59,0.7,317932,0.07057029,0.03451251,1.10778198,0.30840349,10
TNG50-1,59,0.7,317932,-0.00597204,-0.05300824,1.10778198,0.30840349,11
TNG50-1,59,0.7,317932,0.00672959,0.00231486,1.10778198,0.30840349,12
TNG50-1,59,0.7,317932,-0.03230907,-0.01691516,1.10778198,0.30840349,13
TNG50-1,59,0.7,317932,0.0067392,0.08591945,1.10778198,0.30840349,14
TNG50-1,59,0.7,138899,0.00857446,-0.04520669,1.2641143,1.25073112,0
TNG50-1,59,0.7,138899,0.0972736,0.04148503,1.2641143,1.25073112,1
TNG50-1,59,0.7,138899,0.02803712,-0.04647375,1.2641143,1.25073112,2
TNG50-1,59,0.7,138899,0.0712703,0.04088017,1.2641143,1.25073112,3
TNG50-1,59,0.7,138899,-0.01043991,0.02728452,1.2641143,1.25073112,4
TNG50-1,59,0.7,138899,0.01727515,-0.02725459,1.2641143,1.25073112,5
TNG50-1,59,0.7,138899,0.06093218,0.07819297,1.2641143,1.25073112,6
TNG50-1,59,0.7,138899,0.045248,-0.07311295,1.2641143,1.25073112,7
TNG50-1,59,0.7,138899,0.02654966,0.08297663,1.2641143,1.25073112,8
TNG50-1,59,0.7,138899,-0.01639674,0.01594429,1.2641143,1.25073112,9
TNG50-1,59,0.7,138899,-0.00793882,-0.10367332,1.2641143,1.25073112,10
TNG50-1,59,0.7,138899,0.0568831,0.07959398,1.2641143,1.25073112,11
TNG50-1,59,0.7,138899,0.06729556,0.04861063,1.2641143,1.25073112,12
TNG50-1,59,0.7,138899,-0.02964314,-0.02141058,1.2641143,1.25073112,13
TNG50-1,59,0.7,138899,-0.03718795,-0.04823603,1.2641143,1.25073112,14
TNG50-1,59,0.7,85605,-0.07845334,-0.03053391,0.93906327,1.55511795,0
TNG50-1,59,0.7,85605,0.12077231,-0.03629304,0.93906327,1.55511795,1
TNG50-1,59,0.7,85605,-0.04616909,0.05219555,0.93906327,1.55511795,2
TNG50-1,59,0.7,85605,-0.06317943,0.03850587,0.93906327,1.55511795,3
TNG50-1,59,0.7,85605,0.01339596,-0.04661816,0.93906327,1.55511795,4
TNG50-1,59,0.7,85605,-0.08189467,-0.05971969,0.93906327,1.55511795,5
TNG50-1,59,0.7,85605,-0.04907742,-0.00786383,0.93906327,1.55511795,6
TNG50-1,59,0.7,85605,0.04974846,0.10776438,0.93906327,1.55511795,7
TNG50-1,59,0.7,85605,0.02321053,-0.05138526,0.93906327,1.55511795,8
TNG50-1,59,0.7,85605,-0.0193185,-0.00806122,0.93906327,1.55511795,9
TNG50-1,59,0.7,85605,0.00091533,0.00443602,0.93906327,1.55511795,10
TNG50-1,59,0.7,85605,-0.02212353,-0.00543211,0.93906327,1.55511795,11
TNG50-1,59,0.7,85605,-0.00309989,-0.02291049,0.93906327,1.55511795,12
TNG50-1,59,0.7,85605,-0.03809057,0.057754,0.93906327,1.55511795,13
TNG50-1,59,0.7,85605,-0.02901197,0.02272293,0.93906327,1.55511795,14
TNG50-1,59,0.7,6,0.04229027,-0.01073733,0.92485234,-1.32341699,0
TNG50-1,59,0.7,6,0.029469,0.02397344,0.92485234,-1.32341699,1
TNG50-1,59,0.7,6,0.04469742,-0.07051691,0.92485234,-1.32341699,2
TNG50-1,59,0.7,6,0.07922029,0.03966132,0.92485234,-1.32341699,3
TNG50-1,59,0.7,6,0.0665522,0.01030298,0.92485234,-1.32341699,4
TNG50-1,59,0.7,6,0.1162402,0.00760964,0.92485234,-1.32341699,5
TNG50-1,59,0.7,6,0.06086706,0.09751141,0.92485234,-1.32341699,6
TNG50-1,59,0.7,6,-0.03347234,-0.01912417,0.92485234,-1.32341699,7
TNG50-1,59,0.7,6,0.0423656,0.01711327,0.92485234,-1.32341699,8
TNG50-1,59,0.7,6,0.03552176,0.00501353,0.92485234,-1.32341699,9
TNG50-1,59,0.7,6,0.09601475,0.00990196,0.92485234,-1.32341699,10
TNG50-1,59,0.7,6,-0.04835793,0.1110902,0.92485234,-1.32341699,11
TNG50-1,59,0.7,6,0.02789755,0.00319035,0.92485234,-1.32341699,12
TNG50-1,59,0.7,6,-0.03405352,-0.02836399,0.92485234,-1.32341699,13
TNG50-1,59,0.7,6,0.02562726,0.09354514,0.92485234,-1.32341699,14
TNG50-1,59,0.7,307402,-0.01538444,-0.06323461,1.25129417,-0.36227756,0
TNG50-1,59,0.7,307402,-0.08025891,0.05272179,1.25129417,-0.36227756,1
TNG50-1,59,0.7,307402,-0.03704219,0.08904153,1.25129417,-0.36227756,2
TNG50-1,59,0.7,307402,-0.06232937,0.01614762,1.25129417,-0.36227756,3
TNG50-1,59,0.7,307402,-0.08999827,-0.02971786,1.25129417,-0.36227756,4
TNG50-1,59,0.7,307402,-0.01815075,-0.00809974,1.25129417,-0.36227756,5
TNG50-1,59,0.7,307402,-0.0035108,-0.02102104,1.25129417,-0.36227756,6
TNG50-1,59,0.7,307402,0.0590264,-0.01802248,1.25129417,-0.36227756,7
TNG50-1,59,0.7,307402,0.03147008,0.03239915,1.25129417,-0.36227756,8
TNG50-1,59,0.7,307402,0.02919172,0.01397321,1.25129417,-0.36227756,9
TNG50-1,59,0.7,307402,-0.0446605,0.05019683,1.25129417,-0.36227756,10
TNG50-1,59,0.7,307402,0.04424666,0.01854513,1.25129417,-0.36227756,11
TNG50-1,59,0.7,307402,0.06956164,-0.0432044,1.25129417,-0.36227756,12
TNG50-1,59,0.7,307402,0.01972854,-0.0250346,1.25129417,-0.36227756,13
TNG50-1,59,0.7,307402,0.02112588,-0.02814205,1.25129417,-0.36227756,14
TNG50-1,59,0.7,287600,-0.0093235,-0.00303451,0.84109541,-1.00309107,0
TNG50-1,59,0.7,287600,0.08973568,0.03806083,0.84109541,-1.00309107,1
TNG50-1,59,0.7,287600,0.09774498,-0.0331235,0.84109541,-1.00309107,2
TNG50-1,59,0.7,287600,0.04183006,0.01227692,0.84109541,-1.00309107,3
TNG50-1,59,0.7,287600,0.00593819,0.05011037,0.84109541,-1.00309107,4
TNG50-1,59,0.7,287600,-0.06808261,0.01660497,0.84109541,-1.00309107,5
TNG50-1,59,0.7,287600,0.01100042,-0.02646718,0.84109541,-1.00309107,6
TNG50-1,59,0.7,287600,-0.03950036,-0.01395212,0.84109541,-1.00309107,7
TNG50-1,59,0.7,287600,0.08152609,0.0507828,0.84109541,-1.00309107,8
TNG50-1,59,0.7,287600,-0.08030528,-0.05459223,0.84109541,-1.00309107,9
TNG50-1,59,0.7,287600,0.01922422,-0.04721576,0.84109541,-1.00309107,10
TNG50-1,59,0.7,287600,-0.04371197,0.03007944,0.84109541,-1.00309107,11
TNG50-1,59,0.7,287600,-0.00047576,-0.02195718,0.84109541,-1.00309107,12
TNG50-1,59,0.7,287600,0.03330341,-0.07265291,0.84109541,-1.00309107,13
TNG50-1,59,0.7,287600,0.05109843,0.06754093,0.84109541,-1.00309107,14
TNG50-1,59,0.7,256985,-0.05498001,0.02156377,1.3883767,-0.46457723,0
TNG50-1,59,0.7,256985,-0.0099715,0.02856036,1.3883767,-0.46457723,1
TNG50-1,59,0.7,256985,-0.03097603,0.01498839,1.3883767,-0.46457723,2
TNG50-1,59,0.7,256985,-0.01488417,-0.04829522,1.3883767,-0.46457723,3
TNG50-1,59,0.7,256985,-0.04423097,0.04090955,1.3883767,-0.46457723,4
TNG50-1,59,0.7,256985,0.03571396,0.03303391,1.3883767,-0.46457723,5
TNG50-1,59,0.7,256985,0.00554118,0.07142156,1.3883767,-0.46457723,6
TNG50-1,59,0.7,256985,0.04918268,0.08821205,1.3883767,-0.46457723,7
TNG50-1,59,0.7,256985,-0.03045841,0.0165238,1.3883767,-0.46457723,8
TNG50-1,59,0.7,256985,0.10665109,-0.06137745,1.3883767,-0.46457723,9
TNG50-1,59,0.7,256985,-0.09523244,0.08862615,1.3883767,-0.46457723,10
TNG50-1,59,0.7,256985,-0.07925675,-0.0509075,1.3883767,-0.46457723,11
TNG50-1,59,0.7,256985,0.08765424,0.01689821,1.3883767,-0.46457723,12
TNG50-1,59,0.7,256985,0.02370208,-0.0128367,1.3883767,-0.46457723,13
TNG50-1,59,0.7,256985,0.0170693,-0.02153127,1.3883767,-0.46457723,14
TNG50-1,59,0.7,239876,0.03821501,-0.04734628,0.39894635,-0.6676732,0
TNG50-1,59,0.7,239876,0.01222298,0.0969024,0.39894635,-0.6676732,1
TNG50-1,59,0.7,239876,0.02566207,0.00259224,0.39894635,-0.6676732,2
TNG50-1,59,0.7,239876,-0.04078431,-0.08688756,0.39894635,-0.6676732,3
TNG50-1,59,0.7,239876,-0.00870375,0.016387,0.39894635,-0.6676732,4
TNG50-1,59,0.7,239876,-0.03847675,0.06030859,0.39894635,-0.6676732,5
TNG50-1,59,0.7,239876,-0.00995358,0.00782173,0.39894635,-0.6676732,6
TNG50-1,59,0.7,239876,-0.00593811,-0.04507967,0.39894635,-0.6676732,7
TNG50-1,59,0.7,239876,0.09221521,-0.04955371,0.39894635,-0.6676732,8
TNG50-1,59,0.7,239876,-0.01296943,-0.04586595,0.39894635,-0.6676732,9
TNG50-1,59,0.7,239876,-0.10627992,0.0760829,0.39894635,-0.6676732,10
TNG50-1,59,0.7,239876,0.06975458,-0.0035832,0.39894635,-0.6676732,11
TNG50-1,59,0.7,239876,0.02246297,-0.08393622,0.39894635,-0.6676732,12
TNG50-1,59,0.7,239876,-0.00655052,0.0192067,0.39894635,-0.6676732,13
TNG50-1,59,0.7,239876,-0.02186077,0.00705184,0.39894635,-0.6676732,14
TNG50-1,59,0.7,264368,-0.02244477,0.09410399,1.17634835,-1.02247176,0
TNG50-1,59,0.7,264368,-0.05102034,0.08909798,1.17634835,-1.02247176,1
TNG50-1,59,0.7,264368,-0.05319474,-0.03978789,1.17634835,-1.02247176,2
TNG50-1,59,0.7,264368,0.05433169,0.06375231,1.17634835,-1.02247176,3
TNG50-1,59,0.7,264368,0.01237564,0.00293182,1.17634835,-1.02247176,4
TNG50-1,59,0.7,264368,0.02393218,0.05222083,1.17634835,-1.02247176,5
TNG50-1,59,0.7,264368,0.01223794,0.03941393,1.17634835,-1.02247176,6
TNG50-1,59,0.7,264368,0.01638444,-0.0631982,1.17634835,-1.02247176,7
TNG50-1,59,0.7,264368,-0.02341973,0.0274987,1.17634835,-1.02247176,8
TNG50-1,59,0.7,264368,-0.01029147,0.05028483,1.17634835,-1.02247176,9
TNG50-1,59,0.7,264368,0.05824559,-0.00100776,1.17634835,-1.02247176,10
TNG50-1,59,0.7,264368,0.07072951,-0.01231582,1.17634835,-1.02247176,11
TNG50-1,59,0.7,264368,-0.0611046,-0.0785832,1.17634835,-1.02247176,12
TNG50-1,59,0.7,264368,-0.01041294,0.03418088,1.17634835,-1.02247176,13
TNG50-1,59,0.7,264368,0.04196427,0.01043742,1.17634835,-1.02247176,14
TNG50-1,59,0.7,95227,-0.0461092,0.0097219,1.36738158,0.82961939,0
TNG50-1,59,0.7,95227,-0.016292,-0.01271071,1.36738158,0.82961939,1
TNG50-1,59,0.7,95227,0.00772516,-0.02085708,1.36738158,0.82961939,2
TNG50-1,59,0.7,95227,-0.02793179,0.0210471,1.36738158,0.82961939,3
TNG50-1,59,0.7,95227,0.00013386,0.06985157,1.36738158,0.82961939,4
TNG50-1,59,0.7,95227,-0.08749663,-0.00514516,1.36738158,0.82961939,5
TNG50-1,59,0.7,95227,0.06747108,0.07382387,1.36738158,0.82961939,6
TNG50-1,59,0.7,95227,0.00079546,0.01865762,1.36738158,0.82961939,7
TNG50-1,59,0.7,95227,-0.05496768,0.01903455,1.36738158,0.82961939,8
TNG50-1,59,0.7,95227,-0.12298544,0.12025547,1.36738158,0.82961939,9
TNG50-1,59,0.7,95227,0.05145675,0.08263391,1.36738158,0.82961939,10
TNG50-1,59,0.7,95227,0.02790458,0.08393046,1.36738158,0.82961939,11
TNG50-1,59,0.7,95227,0.01053429,-0.03988068,1.36738158,0.82961939,12
TNG50-1,59,0.7,95227,0.0431824,0.10960913,1.36738158,0.82961939,13
TNG50-1,59,0.7,95227,0.04304492,-0.00411084,1.36738158,0.82961939,14
TNG50-1,59,0.7,5,-0.01137456,-0.02582482,1.31019673,-0.01165926,0
TNG50-1,59,0.7,5,-0.10796242,-0.04573581,1.31019673,-0.01165926,1
TNG50-1,59,0.7,5,0.01631454,-0.06298442,1.31019673,-0.01165926,2
TNG50-1,59,0.7,5,-0.0541677,-0.02212134,1.31019673,-0.01165926,3
TNG50-1,59,0.7,5,0.02041269,0.00580142,1.31019673,-0.01165926,4
TNG50-1,59,0.7,5,-0.05807826,0.05818472,1.31019673,-0.01165926,5
TNG50-1,59,0.7,5,0.08988499,0.01476752,1.31019673,-0.01165926,6
TNG50-1,59,0.7,5,0.0275787,0.05832701,1.31019673,-0.01165926,7
TNG50-1,59,0.7,5,0.11399358,-0.07390884,1.31019673,-0.01165926,8
TNG50-1,59,0.7,5,-0.0511512,-0.02164847,1.31019673,-0.01165926,9
TNG50-1,59,0.7,5,0.07745896,0.03555025,1.31019673,-0.01165926,10
TNG50-1,59,0.7,5,-0.09013562,0.01715954,1.31019673,-0.01165926,11
TNG50-1,59,0.7,5,0.01040377,-0.04305876,1.31019673,-0.01165926,12
TNG50-1,59,0.7,5,-0.03158116,0.04670344,1.31019673,-0.01165926,13
TNG50-1,59,0.7,5,-0.02239783,-0.02656366,1.31019673,-0.01165926,14
TNG50-1,59,0.7,32345,-0.03886818,-0.03742914,1.19760099,1.31709884,0
TNG50-1,59,0.7,32345,0.02434739,0.049051,1.19760099,1.31709884,1
TNG50-1,59,0.7,32345,0.00030847,0.04852942,1.19760099,1.31709884,2
TNG50-1,59,0.7,32345,-0.02614562,0.11059398,1.19760099,1.31709884,3
TNG50-1,59,0.7,32345,-0.02784343,-0.03818606,1.19760099,1.31709884,4
TNG50-1,59,0.7,32345,-0.05348984,0.07987242,1.19760099,1.31709884,5
TNG50-1,59,0.7,32345,-0.01978741,0.07956336,1.19760099,1.31709884,6
TNG50-1,59,0.7,32345,0.05500047,-0.01161319,1.19760099,1.31709884,7
TNG50-1,59,0.7,32345,0.01222752,0.02367777,1.19760099,1.31709884,8
TNG50-1,59,0.7,32345,0.0479297,0.06203666,1.19760099,1.31709884,9
TNG50-1,59,0.7,32345,0.02580343,-0.00294623,1.19760099,1.31709884,10
TNG50-1,59,0.7,32345,-0.03061231,-0.00681959,1.19760099,1.31709884,11
TNG50-1,59,0.7,32345,-0.08245706,-0.03136687,1.19760099,1.31709884,12
TNG50-1,59,0.7,32345,-0.04634272,-0.11800193,1.19760099,1.31709884,13
TNG50-1,59,0.7,32345,-0.03356179,0.00352358,1.19760099,1.31709884,14
TNG50-1,59,0.7,327010,-0.03549347,0.04786592,1.16814568,-1.46840415,0
TNG50-1,59,0.7,327010,-0.05376743,0.03443592,1.16814568,-1.46840415,1
TNG50-1,59,0.7,327010,0.02110958,-0.02676794,1.16814568,-1.46840415,2
TNG50-1,59,0.7,327010,-0.07256561,0.02045551,1.16814568,-1.46840415,3
TNG50-1,59,0.7,327010,0.04030399,0.06289867,1.16814568,-1.46840415,4
TNG50-1,59,0.7,327010,0.02417997,0.05693504,1.16814568,-1.46840415,5
TNG50-1,59,0.7,327010,-0.02000966,-0.02822794,1.16814568,-1.46840415,6
TNG50-1,59,0.7,327010,-0.00316551,-0.07443805,1.16814568,-1.46840415,7
TNG50-1,59,0.7,327010,-0.05951105,-0.06586076,1.16814568,-1.46840415,8
TNG50-1,59,0.7,327010,0.03751693,-0.0155863,1.16814568,-1.46840415,9
TNG50-1,59,0.7,327010,0.00936821,0.07311586,1.16814568,-1.46840415,10
TNG50-1,59,0.7,327010,0.0130925,-0.03642227,1.16814568,-1.46840415,11
TNG50-1,59,0.7,327010,0.02509452,-0.02981639,1.16814568,-1.46840415,12
TNG50-1,59,0.7,327010,-0.03212077,-0.03084555,1.16814568,-1.46840415,13
TNG50-1,59,0.7,327010,-0.07595291,-0.02658654,1.16814568,-1.46840415,14
TNG50-1,59,0.7,238084,-0.00056134,0.11467527,1.37296185,-1.36037869,0
TNG50-1,59,0.7,238084,-0.06400251,-0.01297584,1.37296185,-1.36037869,1
TNG50-1,59,0.7,238084,0.054218,0.00328061,1.37296185,-1.36037869,2
TNG50-1,59,0.7,238084,-0.00724105,-0.03131187,1.37296185,-1.36037869,3
TNG50-1,59,0.7,238084,0.12395673,-0.01335048,1.37296185,-1.36037869,4
TNG50-1,59,0.7,238084,-0.05867855,-0.01789391,1.37296185,-1.36037869,5
TNG50-1,59,0.7,238084,0.07949331,-0.00014652,1.37296185,-1.36037869,6
TNG50-1,59,0.7,238084,0.06956727,-0.0007295,1.37296185,-1.36037869,7
TNG50-1,59,0.7,238084,-0.0205842,0.04024332,1.37296185,-1.36037869,8
TNG50-1,59,0.7,238084,-0.01975303,0.011361,1.37296185,-1.36037869,9
TNG50-1,59,0.7,238084,-0.04606489,0.03521415,1.37296185,-1.36037869,10
TNG50-1,59,0.7,238084,-0.04549107,-0.00049054,1.37296185,-1.36037869,11
TNG50-1,59,0.7,238084,-3.03e-05,0.01156263,1.37296185,-1.36037869,12
TNG50-1,59,0.7,238084,0.0010348,-0.01206528,1.37296185,-1.36037869,13
TNG50-1,59,0.7,238084,-0.08011776,0.05015559,1.37296185,-1.36037869,14
TNG50-1,59,0.7,196723,0.01613112,-0.04921656,1.16334312,-0.303875,0
TNG50-1,59,0.7,196723,-0.00790374,0.01661127,1.16334312,-0.303875,1
TNG50-1,59,0.7,196723,-0.00939551,-0.03107495,1.16334312,-0.303875,2
TNG50-1,59,0.7,196723,-0.00546197,-0.03791768,1.16334312,-0.303875,3
TNG50-1,59,0.7,196723,0.0015222,-0.0242408,1.16334312,-0.303875,4
TNG50-1,59,0.7,196723,-0.00281806,0.0364813,1.16334312,-0.303875,5
TNG50-1,59,0.7,196723,-0.02794208,-0.04664452,1.16334312,-0.303875,6
TNG50-1,59,0.7,196723,0.03824503,-0.00270774,1.16334312,-0.303875,7
TNG50-1,59,0.7,196723,0.0414038,-0.01893281,1.16334312,-0.303875,8
TNG50-1,59,0.7,196723,0.08919284,0.04099454,1.16334312,-0.303875,9
TNG50-1,59,0.7,196723,-0.03018149,0.04239609,1.16334312,-0.303875,10
TNG50-1,59,0.7,196723,0.03332194,-0.09176409,1.16334312,-0.303875,11
TNG50-1,59,0.7,196723,-0.09545687,0.05225547,1.16334312,-0.303875,12
TNG50-1,59,0.7,196723,0.04145215,-0.0305378,1.16334312,-0.303875,13
TNG50-1,59,0.7,196723,-0.07282911,0.01181461,1.16334312,-0.303875,14
TNG50-1,59,0.7,272859,-0.04694544,-0.00458168,1.2384423,-1.31859769,0
TNG50-1,59,0.7,272859,0.01855673,-0.04651217,1.2384423,-1.31859769,1
TNG50-1,59,0.7,272859,0.12756745,-0.02338452,1.2384423,-1.31859769,2
TNG50-1,59,0.7,272859,0.00635828,0.08742769,1.2384423,-1.31859769,3
TNG50-1,59,0.7,272859,-0.02299239,-0.06941067,1.2384423,-1.31859769,4
TNG50-1,59,0.7,272859,-0.01160806,-0.03659465,1.2384423,-1.31859769,5
TNG50-1,59,0.7,272859,-0.0734515,0.04762918,1.2384423,-1.31859769,6
TNG50-1,59,0.7,272859,0.07244816,0.01082285,1.2384423,-1.31859769,7
TNG50-1,59,0.7,272859,0.01564416,-0.03956204,1.2384423,-1.31859769,8
TNG50-1,59,0.7,272859,-0.0524449,0.04823966,1.2384423,-1.31859769,9
TNG50-1,59,0.7,272859,-0.05081591,0.05061479,1.2384423,-1.31859769,10
TNG50-1,59,0.7,272859,0.00076412,0.01656953,1.2384423,-1.31859769,11
TNG50-1,59,0.7,272859,0.04659977,-0.03061983,1.2384423,-1.31859769,12
TNG50-1,59,0.7,272859,-0.0575495,-0.02291523,1.2384423,-1.31859769,13
TNG50-1,59,0.7,272859,0.05567047,0.0142338,1.2384423,-1.31859769,14
TNG50-1,59,0.7,32347,-0.06559645,-0.00812,1.07391338,-0.74540696,0
TNG50-1,59,0.7,32347,0.06638924,-0.03747771,1.07391338,-0.74540696,1
TNG50-1,59,0.7,32347,0.08501045,-0.00975642,1.07391338,-0.74540696,2
TNG50-1,59,0.7,32347,-0.01179774,-0.01127162,1.07391338,-0.74540696,3
TNG50-1,59,0.7,32347,0.01780522,0.0477129,1.07391338,-0.74540696,4
TNG50-1,59,0.7,32347,0.0592901,-0.04442323,1.07391338,-0.74540696,5
TNG50-1,59,0.7,32347,0.09777804,-0.13083748,1.07391338,-0.74540696,6
TNG50-1,59,0.7,32347,0.07784907,-0.08022715,1.07391338,-0.74540696,7
TNG50-1,59,0.7,32347,-0.08677688,-0.05141508,1.07391338,-0.74540696,8
TNG50-1,59,0.7,32347,-0.01577768,-0.03278458,1.07391338,-0.74540696,9
TNG50-1,59,0.7,32347,0.02503441,0.00935872,1.07391338,-0.74540696,10
TNG50-1,59,0.7,32347,-0.02471086,-0.0539897,1.07391338,-0.74540696,11
TNG50-1,59,0.7,32347,0.08913834,-0.06055503,1.07391338,-0.74540696,12
TNG50-1,59,0.7,32347,0.08146876,-0.04647237,1.07391338,-0.74540696,13
TNG50-1,59,0.7,32347,-0.04079651,-0.0557827,1.07391338,-0.74540696,14
TNG50-1,59,0.7,259600,-0.02772469,-0.04264544,1.0678703,1.52690747,0
TNG50-1,59,0.7,259600,-0.02986437,-0.00637275,1.0678703,1.52690747,1
TNG50-1,59,0.7,259600,0.03445284,-0.06561158,1.0678703,1.52690747,2
TNG50-1,59,0.7,259600,-0.04947647,-0.07296139,1.0678703,1.52690747,3
TNG50-1,59,0.7,259600,-0.01787983,-0.03936262,1.0678703,1.52690747,4
TNG50-1,59,0.7,259600,-0.02725113,-0.02249915,1.0678703,1.52690747,5
TNG50-1,59,0.7,259600,0.04044425,-0.02027915,1.0678703,1.52690747,6
TNG50-1,59,0.7,259600,-0.00771396,-0.01130125,1.0678703,1.52690747,7
TNG50-1,59,0.7,259600,0.05253484,-0.08241663,1.0678703,1.52690747,8
TNG50-1,59,0.7,259600,-0.05761851,-0.03129731,1.0678703,1.52690747,9
TNG50-1,59,0.7,259600,-0.00246833,0.02508792,1.0678703,1.52690747,10
TNG50-1,59,0.7,259600,-0.02879455,-0.06791225,1.0678703,1.52690747,11
TNG50-1,59,0.7,259600,-0.0613023,-0.01775728,1.0678703,1.52690747,12
TNG50-1,59,0.7,259600,-0.00337555,0.01464219,1.0678703,1.52690747,13
TNG50-1,59,0.7,259600,0.08664639,-0.03911335,1.0678703,1.52690747,14
TNG50-1,59,0.7,315126,0.01707622,0.03902018,1.11007189,-0.91433036,0
TNG50-1,59,0.7,315126,-0.07605631,-0.02811523,1.11007189,-0.91433036,1
TNG50-1,59,0.7,315126,0.04442248,0.02096373,1.11007189,-0.91433036,2
TNG50-1,59,0.7,315126,0.01829004,-0.00030963,1.11007189,-0.91433036,3
TNG50-1,59,0.7,315126,0.00278327,-0.06084343,1.11007189,-0.91433036,4
TNG50-1,59,0.7,315126,0.0562409,-0.04948263,1.11007189,-0.91433036,5
TNG50-1,59,0.7,315126,-0.01646745,-0.03262085,1.11007189,-0.91433036,6
TNG50-1,59,0.7,315126,-0.03089281,0.04642599,1.11007189,-0.91433036,7
TNG50-1,59,0.7,315126,0.06862721,0.04806791,1.11007189,-0.91433036,8
TNG50-1,59,0.7,315126,0.09203829,0.03749565,1.11007189,-0.91433036,9
TNG50-1,59,0.7,315126,-0.03467189,0.02200554,1.11007189,-0.91433036,10
TNG50-1,59,0.7,315126,-0.00568716,0.02064132,1.11007189,-0.91433036,11
TNG50-1,59,0.7,315126,0.05225213,0.01387802,1.11007189,-0.91433036,12
TNG50-1,59,0.7,315126,-0.00390725,0.02037985,1.11007189,-0.91433036,13
TNG50-1,59,0.7,315126,0.02972943,0.02376813,1.11007189,-0.91433036,14
TNG50-1,59,0.7,128024,-0.07022111,-0.01079806,1.12007149,-0.94839109,0
TNG50-1,59,0.7,128024,-0.03951236,0.03288659,1.12007149,-0.94839109,1
TNG50-1,59,0.7,128024,-0.05144608,-0.00328487,1.12007149,-0.94839109,2
TNG50-1,59,0.7,128024,0.05535725,-0.02977547,1.12007149,-0.94839109,3
TNG50-1,59,0.7,128024,0.08270501,-0.05429892,1.12007149,-0.94839109,4
TNG50-1,59,0.7,128024,-0.1084524,-0.01959077,1.12007149,-0.94839109,5
TNG50-1,59,0.7,128024,0.07824073,0.01022858,1.12007149,-0.94839109,6
TNG50-1,59,0.7,128024,0.00433607,-0.09796959,1.12007149,-0.94839109,7
TNG50-1,59,0.7,128024,0.05063599,-0.03900382,1.12007149,-0.94839109,8
TNG50-1,59,0.7,128024,0.02532336,-0.0998346,1.12007149,-0.94839109,9
TNG50-1,59,0.7,128024,0.07201975,-0.03085374,1.12007149,-0.94839109,10
TNG50-1,59,0.7,128024,0.01048712,0.05986574,1.12007149,-0.94839109,11
TNG50-1,59,0.7,128024,-0.06817272,-0.05930582,1.12007149,-0.94839109,12
TNG50-1,59,0.7,128024,-0.00528374,0.03515799,1.12007149,-0.94839109,13
TNG50-1,59,0.7,128024,0.0257828,0.14244126,1.12007149,-0.94839109,14
TNG50-1,59,0.7,312112,0.07267691,0.0097525,1.32569111,0.23134898,0
TNG50-1,59,0.7,312112,0.00667567,-0.02200059,1.32569111,0.23134898,1
TNG50-1,59,0.7,312112,0.04292172,0.03328871,1.32569111,0.23134898,2
TNG50-1,59,0.7,312112,-0.06848414,0.05139158,1.32569111,0.23134898,3
TNG50-1,59,0.7,312112,-0.07867073,0.03386881,1.32569111,0.23134898,4
TNG50-1,59,0.7,312112,0.00143491,-0.05212217,1.32569111,0.23134898,5
TNG50-1,59,0.7,312112,0.01993053,0.00498229,1.32569111,0.23134898,6
TNG50-1,59,0.7,312112,0.05472021,-0.04557158,1.32569111,0.23134898,7
TNG50-1,59,0.7,312112,-0.02843811,0.00482774,1.32569111,0.23134898,8
TNG50-1,59,0.7,312112,0.00966977,-0.04537683,1.32569111,0.23134898,9
TNG50-1,59,0.7,312112,0.00795558,0.06385817,1.32569111,0.23134898,10
TNG50-1,59,0.7,312112,-0.00656971,0.03916657,1.32569111,0.23134898,11
TNG50-1,59,0.7,312112,-0.00362374,0.05764947,1.32569111,0.23134898,12
TNG50-1,59,0.7,312112,-0.04273523,0.0525861,1.32569111,0.23134898,13
TNG50-1,59,0.7,312112,0.01398537,-0.01352999,1.32569111,0.23134898,14
TNG50-1,59,0.7,270248,-0.02128049,-0.02787092,1.37924135,-0.00628855,0
TNG50-1,59,0.7,270248,0.08708619,0.0452684,1.37924135,-0.00628855,1
TNG50-1,59,0.7,270248,-0.00825598,0.01945432,1.37924135,-0.00628855,2
TNG50-1,59,0.7,270248,-0.06772903,0.03035712,1.37924135,-0.00628855,3
TNG50-1,59,0.7,270248,0.05037334,-0.02276997,1.37924135,-0.00628855,4
TNG50-1,59,0.7,270248,0.00718878,-0.03821241,1.37924135,-0.00628855,5
TNG50-1,59,0.7,270248,0.07529721,0.00448804,1.37924135,-0.00628855,6
TNG50-1,59,0.7,270248,0.01214848,0.04595841,1.37924135,-0.00628855,7
TNG50-1,59,0.7,270248,-0.00100007,-0.0025191,1.37924135,-0.00628855,8
TNG50-1,59,0.7,270248,0.07630604,-0.03509682,1.37924135,-0.00628855,9
TNG50-1,59,0.7,270248,-0.07692332,-0.0599509,1.37924135,-0.00628855,10
TNG50-1,59,0.7,270248,-0.02926812,0.01020815,1.37924135,-0.00628855,11
TNG50-1,59,0.7,270248,-0.04436815,-0.02770338,1.37924135,-0.00628855,12
TNG50-1,59,0.7,270248,-0.10975399,-0.00358703,1.37924135,-0.00628855,13
TNG50-1,59,0.7,270248,0.04365882,-0.01193894,1.37924135,-0.00628855,14
TNG50-1,59,0.7,316982,-0.02222155,-0.07720067,1.23057067,0.25270436,0
TNG50-1,59,0.7,316982,0.01469018,0.03617644,1.23057067,0.25270436,1
TNG50-1,59,0.7,316982,0.0277252,0.00847413,1.23057067,0.25270436,2
TNG50-1,59,0.7,316982,0.09826395,0.01906146,1.23057067,0.25270436,3
TNG50-1,59,0.7,316982,0.03789839,0.04995546,1.23057067,0.25270436,4
TNG50-1,59,0.7,316982,0.07968412,0.02151377,1.23057067,0.25270436,5
TNG50-1,59,0.7,316982,-0.04093002,-0.07364125,1.23057067,0.25270436,6
TNG50-1,59,0.7,316982,-0.08004724,-0.00715131,1.23057067,0.25270436,7
TNG50-1,59,0.7,316982,-0.00072151,-0.08088226,1.23057067,0.25270436,8
TNG50-1,59,0.7,316982,0.04290136,0.03245309,1.23057067,0.25270436,9
TNG50-1,59,0.7,316982,0.03505809,0.06989851,1.23057067,0.25270436,10
TNG50-1,59,0.7,316982,0.06056908,-0.0620726,1.23057067,0.25270436,11
TNG50-1,59,0.7,316982,-0.12682727,-0.03357319,1.23057067,0.25270436,12
TNG50-1,59,0.7,316982,0.06264884,-0.04411847,1.23057067,0.25270436,13
TNG50-1,59,0.7,316982,0.01677313,-0.02269526,1.23057067,0.25270436,14
TNG50-1,59,0.7,184870,0.02062116,0.06532792,0.67143713,-0.38724754,0
TNG50-1,59,0.7,184870,-0.02215346,-0.02427786,0.67143713,-0.38724754,1
TNG50-1,59,0.7,184870,0.03262651,-0.00193441,0.67143713,-0.38724754,2
TNG50-1,59,0.7,184870,0.05326899,-0.00520938,0.67143713,-0.38724754,3
TNG50-1,59,0.7,184870,0.05508796,-0.03176401,0.67143713,-0.38724754,4
TNG50-1,59,0.7,184870,-0.05590905,0.03678748,0.67143713,-0.38724754,5
TNG50-1,59,0.7,184870,0.06929645,0.01814241,0.67143713,-0.38724754,6
TNG50-1,59,0.7,184870,0.07330361,0.00709116,0.67143713,-0.38724754,7
TNG50-1,59,0.7,184870,0.077634,0.01791527,0.67143713,-0.38724754,8
TNG50-1,59,0.7,184870,-0.00789074,0.03077256,0.67143713,-0.38724754,9
TNG50-1,59,0.7,184870,-0.03759212,0.03027185,0.67143713,-0.38724754,10
TNG50-1,59,0.7,184870,-0.04921206,-0.0419245,0.67143713,-0.38724754,11
TNG50-1,59,0.7,184870,-0.05508899,0.04481643,0.67143713,-0.38724754,12
TNG50-1,59,0.7,184870,0.00058452,0.01276831,0.67143713,-0.38724754,13
TNG50-1,59,0.7,184870,0.04239259,-0.02173081,0.67143713,-0.38724754,14
TNG50-1,59,0.7,337952,0.01171148,-0.00228185,0.23453902,1.02655423,0
TNG50-1,59,0.7,337952,0.01722387,0.04172096,0.23453902,1.02655423,1
TNG50-1,59,0.7,337952,0.05408918,-0.00508603,0.23453902,1.02655423,2
TNG50-1,59,0.7,337952,-0.05230778,-0.02903137,0.23453902,1.02655423,3
TNG50-1,59,0.7,337952,0.06624922,-0.01129211,0.23453902,1.02655423,4
TNG50-1,59,0.7,337952,0.00115832,-0.11910447,0.23453902,1.02655423,5
TNG50-1,59,0.7,337952,-0.02530766,-0.05717422,0.23453902,1.02655423,6
TNG50-1,59,0.7,337952,-0.0268379,0.04741397,0.23453902,1.02655423,7
TNG50-1,59,0.7,337952,-0.05006839,0.05959499,0.23453902,1.02655423,8
TNG50-1,59,0.7,337952,-0.08704574,0.0703083,0.23453902,1.02655423,9
TNG50-1,59,0.7,337952,0.03386999,0.02204347,0.23453902,1.02655423,10
TNG50-1,59,0.7,337952,0.09904432,-0.11280344,0.23453902,1.02655423,11
TNG50-1,59,0.7,337952,-0.08088077,-0.03175033,0.23453902,1.02655423,12
TNG50-1,59,0.7,337952,-0.0475214,0.06623278,0.23453902,1.02655423,13
TNG50-1,59,0.7,337952,0.03757916,0.08115271,0.23453902,1.02655423,14
TNG50-1,59,0.7,8,0.06813239,0.08188737,0.39715368,-1.13543268,0
TNG50-1,59,0.7,8,-0.01181262,-0.09553393,0.39715368,-1.13543268,1
TNG50-1,59,0.7,8,-0.06532879,-0.02922706,0.39715368,-1.13543268,2
TNG50-1,59,0.7,8,-0.00203158,0.0485927,0.39715368,-1.13543268,3
TNG50-1,59,0.7,8,0.00074035,1.709e-05,0.39715368,-1.13543268,4
TNG50-1,59,0.7,8,0.07827824,-0.06582384,0.39715368,-1.13543268,5
TNG50-1,59,0.7,8,0.01138957,0.02132141,0.39715368,-1.13543268,6
TNG50-1,59,0.7,8,0.00083406,0.00335022,0.39715368,-1.13543268,7
TNG50-1,59,0.7,8,0.00367476,-0.01080241,0.39715368,-1.13543268,8
TNG50-1,59,0.7,8,0.01999294,-0.03119611,0.39715368,-1.13543268,9
TNG50-1,59,0.7,8,0.031322,-0.0017303,0.39715368,-1.13543268,10
TNG50-1,59,0.7,8,-0.03622687,-0.02909608,0.39715368,-1.13543268,11
TNG50-1,59,0.7,8,-0.05288102,0.12172663,0.39715368,-1.13543268,12
TNG50-1,59,0.7,8,0.06852793,-0.01200086,0.39715368,-1.13543268,13
TNG50-1,59,0.7,8,-0.08205206,-0.01868785,0.39715368,-1.13543268,14
TNG50-1,59,0.7,266754,-0.02708181,-0.01761176,0.95398753,-0.22496114,0
TNG50-1,59,0.7,266754,0.08884754,0.00760069,0.95398753,-0.22496114,1
TNG50-1,59,0.7,266754,-0.08195334,0.01562215,0.95398753,-0.22496114,2
TNG50-1,59,0.7,266754,0.01797162,0.0865264,0.95398753,-0.22496114,3
TNG50-1,59,0.7,266754,-0.0119645,-0.00018598,0.95398753,-0.22496114,4
TNG50-1,59,0.7,266754,-0.07117001,-0.05760972,0.95398753,-0.22496114,5
TNG50-1,59,0.7,266754,-0.04095382,0.05769031,0.95398753,-0.22496114,6
TNG50-1,59,0.7,266754,0.0158477,0.06315123,0.95398753,-0.22496114,7
TNG50-1,59,0.7,266754,-0.04321966,0.01162215,0.95398753,-0.22496114,8
TNG50-1,59,0.7,266754,0.0129782,-0.01231972,0.95398753,-0.22496114,9
TNG50-1,59,0.7,266754,0.08645766,0.03112732,0.95398753,-0.22496114,10
TNG50-1,59,0.7,266754,0.00853003,-0.01055399,0.95398753,-0.22496114,11
TNG50-1,59,0.7,266754,-0.07267562,-0.10278545,0.95398753,-0.22496114,12
TNG50-1,59,0.7,266754,-0.04233981,0.02817371,0.95398753,-0.22496114,13
TNG50-1,59,0.7,266754,-0.01427029,0.04461257,0.95398753,-0.22496114,14
TNG50-1,59,0.7,271409,0.07205436,0.00121112,0.92629816,0.59615443,0
TNG50-1,59,0.7,271409,-0.03653792,0.02396602,0.92629816,0.59615443,1
TNG50-1,59,0.7,271409,0.01130827,-0.00775499,0.92629816,0.59615443,2
TNG50-1,59,0.7,271409,0.01238998,-0.00044789,0.92629816,0.59615443,3
TNG50-1,59,0.7,271409,0.00426913,0.02092185,0.92629816,0.59615443,4
TNG50-1,59,0.7,271409,0.0057428,0.07055598,0.92629816,0.59615443,5
TNG50-1,59,0.7,271409,0.0018568,-0.02098823,0.92629816,0.59615443,6
TNG50-1,59,0.7,271409,0.01058747,-0.05858061,0.92629816,0.59615443,7
TNG50-1,59,0.7,271409,0.03703405,-0.00452201,0.92629816,0.59615443,8
TNG50-1,59,0.7,271409,0.06101438,0.09417806,0.92629816,0.59615443,9
TNG50-1,59,0.7,271409,-0.03781662,-0.05804503,0.92629816,0.59615443,10
TNG50-1,59,0.7,271409,-0.00861507,0.03250678,0.92629816,0.59615443,11
TNG50-1,59,0.7,271409,-0.02113041,0.05789566,0.92629816,0.59615443,12
TNG50-1,59,0.7,271409,-0.02828362,-0.11827671,0.92629816,0.59615443,13
TNG50-1,59,0.7,271409,-0.08080157,0.02051113,0.92629816,0.59615443,14
TNG50-1,59,0.7,328138,0.03017053,0.01046384,1.13204489,1.1568489,0
TNG50-1,59,0.7,328138,-0.01336676,-0.02620256,1.13204489,1.1568489,1
TNG50-1,59,0.7,328138,-0.03232193,0.02529656,1.13204489,1.1568489,2
TNG50-1,59,0.7,328138,-0.02953312,-0.04811313,1.13204489,1.1568489,3
TNG50-1,59,0.7,328138,-0.01642842,-0.01509131,1.13204489,1.1568489,4
TNG50-1,59,0.7,328138,-0.0151048,-0.11073481,1.13204489,1.1568489,5
TNG50-1,59,0.7,328138,-0.02453885,0.05861186,1.13204489,1.1568489,6
TNG50-1,59,0.7,328138,-0.01722376,-0.00880438,1.13204489,1.1568489,7
TNG50-1,59,0.7,328138,0.05953959,0.0335052,1.13204489,1.1568489,8
TNG50-1,59,0.7,328138,-0.06072144,0.02382873,1.13204489,1.1568489,9
TNG50-1,59,0.7,328138,-0.08745292,0.02749069,1.13204489,1.1568489,10
TNG50-1,59,0.7,328138,0.06033926,-0.00038878,1.13204489,1.1568489,11
TNG50-1,59,0.7,328138,-0.00960089,0.01941137,1.13204489,1.1568489,12
TNG50-1,59,0.7,328138,-0.01941161,-0.04806422,1.13204489,1.1568489,13
TNG50-1,59,0.7,328138,-0.00556086,-0.05855893,1.13204489,1.1568489,14
TNG50-1,59,0.7,322345,-0.0050553,0.06182821,0.64859211,-0.40975288,0
TNG50-1,59,0.7,322345,-0.03398882,-0.00234433,0.64859211,-0.40975288,1
TNG50-1,59,0.7,322345,0.07127321,0.0678598,0.64859211,-0.40975288,2
TNG50-1,59,0.7,322345,0.01875722,0.05759517,0.64859211,-0.40975288,3
TNG50-1,59,0.7,322345,-0.03582407,0.05256434,0.64859211,-0.40975288,4
TNG50-1,59,0.7,322345,-0.01357702,-0.06017558,0.64859211,-0.40975288,5
TNG50-1,59,0.7,322345,0.00665033,0.00085703,0.64859211,-0.40975288,6
TNG50-1,59,0.7,322345,-0.00340015,0.06113867,0.64859211,-0.40975288,7
TNG50-1,59,0.7,322345,0.0135873,0.01361724,0.64859211,-0.40975288,8
TNG50-1,59,0.7,322345,0.00343273,0.027718,0.64859211,-0.40975288,9
TNG50-1,59,0.7,322345,-0.06953284,-0.06939437,0.64859211,-0.40975288,10
TNG50-1,59,0.7,322345,-0.10754523,0.0959395,0.64859211,-0.40975288,11
TNG50-1,59,0.7,322345,-0.01868045,-0.03956872,0.64859211,-0.40975288,12
TNG50-1,59,0.7,322345,0.02802464,-0.09972126,0.64859211,-0.40975288,13
TNG50-1,59,0.7,322345,-0.01811845,-0.01755629,0.64859211,-0.40975288,14
TNG50-1,59,0.7,85606,-0.12237419,-0.02768,0.66080877,0.21282908,0
TNG50-1,59,0.7,85606,-0.05425626,-0.03804567,0.66080877,0.21282908,1
TNG50-1,59,0.7,85606,0.12792559,-0.03941984,0.66080877,0.21282908,2
TNG50-1,59,0.7,85606,-0.01900204,0.08391644,0.66080877,0.21282908,3
TNG50-1,59,0.7,85606,-0.07138936,-0.0276307,0.66080877,0.21282908,4
TNG50-1,59,0.7,85606,0.00126489,-0.10647095,0.66080877,0.21282908,5
TNG50-1,59,0.7,85606,-0.04489019,-0.05829839,0.66080877,0.21282908,6
TNG50-1,59,0.7,85606,0.04322596,0.04638623,0.66080877,0.21282908,7
TNG50-1,59,0.7,85606,-0.04447724,-0.0126162,0.66080877,0.21282908,8
TNG50-1,59,0.7,85606,0.01353669,-0.00670408,0.66080877,0.21282908,9
TNG50-1,59,0.7,85606,-0.05735295,0.05849072,0.66080877,0.21282908,10
TNG50-1,59,0.7,85606,0.12995141,-0.03885833,0.66080877,0.21282908,11
TNG50-1,59,0.7,85606,0.02518119,0.03162089,0.66080877,0.21282908,12
TNG50-1,59,0.7,85606,-0.00727529,-0.03339416,0.66080877,0.21282908,13
TNG50-1,59,0.7,85606,-0.01464791,0.02879383,0.66080877,0.21282908,14
TNG50-1,59,0.7,285957,-0.01955676,-0.00283446,0.54734029,-1.35358678,0
TNG50-1,59,0.7,285957,-0.01207746,0.06018434,0.54734029,-1.35358678,1
TNG50-1,59,0.7,285957,0.04100668,0.06296692,0.54734029,-1.35358678,2
TNG50-1,59,0.7,285957,0.03740124,0.02659441,0.54734029,-1.35358678,3
TNG50-1,59,0.7,285957,-0.0082714,0.06873595,0.54734029,-1.35358678,4
TNG50-1,59,0.7,285957,-0.02358118,0.00042484,0.54734029,-1.35358678,5
TNG50-1,59,0.7,285957,0.07995738,0.03451655,0.54734029,-1.35358678,6
TNG50-1,59,0.7,285957,0.02946654,0.05022282,0.54734029,-1.35358678,7
TNG50-1,59,0.7,285957,-0.01955709,0.05095191,0.54734029,-1.35358678,8
TNG50-1,59,0.7,285957,-0.03265422,0.04579996,0.54734029,-1.35358678,9
TNG50-1,59,0.7,285957,0.05124488,0.03155946,0.54734029,-1.35358678,10
TNG50-1,59,0.7,285957,0.00577,0.09785641,0.54734029,-1.35358678,11
TNG50-1,59,0.7,285957,-0.00817765,-0.02698479,0.54734029,-1.35358678,12
TNG50-1,59,0.7,285957,0.00574876,-0.00776104,0.54734029,-1.35358678,13
TNG50-1,59,0.7,285957,0.01688984,-0.01072552,0.54734029,-1.35358678,14
TNG50-1,59,0.7,244419,-0.01840336,-0.04955962,0.46143413,-1.03572313,0
TNG50-1,59,0.7,244419,-0.0994386,0.00117418,0.46143413,-1.03572313,1
TNG50-1,59,0.7,244419,0.06874324,0.02696263,0.46143413,-1.03572313,2
TNG50-1,59,0.7,244419,-0.05130202,0.07313776,0.46143413,-1.03572313,3
TNG50-1,59,0.7,244419,0.00849075,-0.05356648,0.46143413,-1.03572313,4
TNG50-1,59,0.7,244419,-0.07109306,-0.01589836,0.46143413,-1.03572313,5
TNG50-1,59,0.7,244419,0.03103579,0.0587893,0.46143413,-1.03572313,6
TNG50-1,59,0.7,244419,-0.0392698,0.09865473,0.46143413,-1.03572313,7
TNG50-1,59,0.7,244419,-0.0567981,-0.04965455,0.46143413,-1.03572313,8
TNG50-1,59,0.7,244419,0.00971717,-0.0369406,0.46143413,-1.03572313,9
TNG50-1,59,0.7,244419,-0.03503673,0.019055,0.46143413,-1.03572313,10
TNG50-1,59,0.7,244419,-0.02870795,-0.02888716,0.46143413,-1.03572313,11
TNG50-1,59,0.7,244419,0.00858948,-0.03796159,0.46143413,-1.03572313,12
TNG50-1,59,0.7,244419,0.03999947,0.01222353,0.46143413,-1.03572313,13
TNG50-1,59,0.7,244419,-0.04092002,0.077471,0.46143413,-1.03572313,14
TNG50-1,59,0.7,158823,-0.06547411,-0.00282147,1.02179776,-1.35359238,0
TNG50-1,59,0.7,158823,0.07491671,-0.07647691,1.02179776,-1.35359238,1
TNG50-1,59,0.7,158823,-0.02873846,-0.03459158,1.02179776,-1.35359238,2
TNG50-1,59,0.7,158823,0.0172896,-0.05537543,1.02179776,-1.35359238,3
TNG50-1,59,0.7,158823,0.07954254,0.07398381,1.02179776,-1.35359238,4
TNG50-1,59,0.7,158823,0.01626618,-0.04953402,1.02179776,-1.35359238,5
TNG50-1,59,0.7,158823,-0.01487455,-0.06432729,1.02179776,-1.35359238,6
TNG50-1,59,0.7,158823,0.03590878,0.01241693,1.02179776,-1.35359238,7
TNG50-1,59,0.7,158823,-0.00865831,0.08434106,1.02179776,-1.35359238,8
TNG50-1,59,0.7,158823,0.02606755,-0.00580335,1.02179776,-1.35359238,9
TNG50-1,59,0.7,158823,-0.01023405,-0.00193597,1.02179776,-1.35359238,10
TNG50-1,59,0.7,158823,0.04305764,0.06453787,1.02179776,-1.35359238,11
TNG50-1,59,0.7,158823,-0.06971158,0.04391147,1.02179776,-1.35359238,12
TNG50-1,59,0.7,158823,-0.05067608,0.02127075,1.02179776,-1.35359238,13
TNG50-1,59,0.7,158823,-0.07044642,-0.02911704,1.02179776,-1.35359238,14
TNG50-1,59,0.7,299212,0.0227979,-0.05087777,0.65800699,0.71590894,0
TNG50-1,59,0.7,299212,-0.0680392,-0.08194924,0.65800699,0.71590894,1
TNG50-1,59,0.7,299212,-0.03118378,-0.06140982,0.65800699,0.71590894,2
TNG50-1,59,0.7,299212,0.07157313,-0.08396946,0.65800699,0.71590894,3
TNG50-1,59,0.7,299212,0.06509963,0.00375176,0.65800699,0.71590894,4
TNG50-1,59,0.7,299212,0.02187423,0.01919429,0.65800699,0.71590894,5
TNG50-1,59,0.7,299212,-0.09646769,-0.0482645,0.65800699,0.71590894,6
TNG50-1,59,0.7,299212,-0.06041108,0.00739597,0.65800699,0.71590894,7
TNG50-1,59,0.7,299212,-0.03397362,0.07344969,0.65800699,0.71590894,8
TNG50-1,59,0.7,299212,-0.00858495,0.09788487,0.65800699,0.71590894,9
TNG50-1,59,0.7,299212,-0.06252056,0.03852052,0.65800699,0.71590894,10
TNG50-1,59,0.7,299212,-0.01231569,-0.00874203,0.65800699,0.71590894,11
TNG50-1,59,0.7,299212,0.08836476,0.03690521,0.65800699,0.71590894,12
TNG50-1,59,0.7,299212,0.02004179,0.0675905,0.65800699,0.71590894,13
TNG50-1,59,0.7,299212,0.01094133,-0.10036141,0.65800699,0.71590894,14
TNG50-1,59,0.7,326511,0.07410345,0.04694463,0.60371849,-0.66582925,0
TNG50-1,59,0.7,326511,-0.02722934,0.04355303,0.60371849,-0.66582925,1
TNG50-1,59,0.7,326511,-0.02674815,0.1338254,0.60371849,-0.66582925,2
TNG50-1,59,0.7,326511,-0.0177464,0.06090335,0.60371849,-0.66582925,3
TNG50-1,59,0.7,326511,0.01600421,-0.00443721,0.60371849,-0.66582925,4
TNG50-1,59,0.7,326511,-0.05556271,-0.04558396,0.60371849,-0.66582925,5
TNG50-1,59,0.7,326511,-0.0142407,-0.01305701,0.60371849,-0.66582925,6
TNG50-1,59,0.7,326511,0.02626386,-0.01658924,0.60371849,-0.66582925,7
TNG50-1,59,0.7,326511,0.01092856,0.02557113,0.60371849,-0.66582925,8
TNG50-1,59,0.7,326511,0.01904073,-0.03501281,0.60371849,-0.66582925,9
TNG50-1,59,0.7,326511,-0.01619844,0.05960886,0.60371849,-0.66582925,10
TNG50-1,59,0.7,326511,0.0346855,-0.06947815,0.60371849,-0.66582925,11
TNG50-1,59,0.7,326511,0.05282081,-0.08162626,0.60371849,-0.66582925,12
TNG50-1,59,0.7,326511,0.04982197,-0.0067558,0.60371849,-0.66582925,13
TNG50-1,59,0.7,326511,0.02138051,-0.04212795,0.60371849,-0.66582925,14
TNG50-1,59,0.7,325445,-0.06291169,-0.09443523,1.13751617,0.70291656,0
TNG50-1,59,0.7,325445,-0.0318535,-0.01172489,1.13751617,0.70291656,1
TNG50-1,59,0.7,325445,-0.03807429,0.01695949,1.13751617,0.70291656,2
TNG50-1,59,0.7,325445,0.00050672,-0.0013142,1.13751617,0.70291656,3
TNG50-1,59,0.7,325445,-0.03102354,-0.04695865,1.13751617,0.70291656,4
TNG50-1,59,0.7,325445,-0.02695672,-0.06496833,1.13751617,0.70291656,5
TNG50-1,59,0.7,325445,-0.00024329,0.04031612,1.13751617,0.70291656,6
TNG50-1,59,0.7,325445,0.05071208,-0.03784629,1.13751617,0.70291656,7
TNG50-1,59,0.7,325445,0.07353727,-0.08774502,1.13751617,0.70291656,8
TNG50-1,59,0.7,325445,0.00738838,0.04282864,1.13751617,0.70291656,9
TNG50-1,59,0.7,325445,0.01127716,0.02294915,1.13751617,0.70291656,10
TNG50-1,59,0.7,325445,-0.00915935,-0.0057937,1.13751617,0.70291656,11
TNG50-1,59,0.7,325445,0.02406243,-0.04572758,1.13751617,0.70291656,12
TNG50-1,59,0.7,325445,0.01951097,-0.00567207,1.13751617,0.70291656,13
TNG50-1,59,0.7,325445,0.06629238,0.06077938,1.13751617,0.70291656,14
TNG50-1,59,0.7,303109,-0.08073496,0.0116139,0.39565126,-1.36219998,0
TNG50-1,59,0.7,303109,-0.07819888,-0.07246312,0.39565126,-1.36219998,1
TNG50-1,59,0.7,303109,-0.03138827,0.00362975,0.39565126,-1.36219998,2
TNG50-1,59,0.7,303109,-0.00133218,-0.04376082,0.39565126,-1.36219998,3
TNG50-1,59,0.7,303109,-0.02481459,-0.05345997,0.39565126,-1.36219998,4
TNG50-1,59,0.7,303109,0.03214083,-0.03126747,0.39565126,-1.36219998,5
TNG50-1,59,0.7,303109,0.0544417,-0.05602382,0.39565126,-1.36219998,6
TNG50-1,59,0.7,303109,0.01393844,0.03033296,0.39565126,-1.36219998,7
TNG50-1,59,0.7,303109,0.02802162,-0.00840022,0.39565126,-1.36219998,8
TNG50-1,59,0.7,303109,0.01360498,0.0407607,0.39565126,-1.36219998,9
TNG50-1,59,0.7,303109,0.0004754,-0.02217482,0.39565126,-1.36219998,10
TNG50-1,59,0.7,303109,-0.06467793,-0.0202843,0.39565126,-1.36219998,11
TNG50-1,59,0.7,303109,-0.05139959,0.09366913,0.39565126,-1.36219998,12
TNG50-1,59,0.7,303109,-0.06754592,-0.08115302,0.39565126,-1.36219998,13
TNG50-1,59,0.7,303109,-0.00742524,0.06422406,0.39565126,-1.36219998,14
TNG50-1,59,0.7,95230,0.0827262,-0.05902429,1.32183944,1.13897751,0
TNG50-1,59,0.7,95230,0.03829087,-0.0054644,1.32183944,1.13897751,1
TNG50-1,59,0.7,95230,-0.01652352,0.05284861,1.32183944,1.13897751,2
TNG50-1,59,0.7,95230,0.0713451,0.02202068,1.32183944,1.13897751,3
TNG50-1,59,0.7,95230,-0.01608807,0.02545602,1.32183944,1.13897751,4
TNG50-1,59,0.7,95230,-0.03528928,-0.00649586,1.32183944,1.13897751,5
TNG50-1,59,0.7,95230,-0.01941342,-0.01678201,1.32183944,1.13897751,6
TNG50-1,59,0.7,95230,-0.02850969,0.03955703,1.32183944,1.13897751,7
TNG50-1,59,0.7,95230,-0.04733116,-0.02815886,1.32183944,1.13897751,8
TNG50-1,59,0.7,95230,0.05550039,0.04172171,1.32183944,1.13897751,9
TNG50-1,59,0.7,95230,-0.03867242,0.06179735,1.32183944,1.13897751,10
TNG50-1,59,0.7,95230,-0.00148235,-0.04206934,1.32183944,1.13897751,11
TNG50-1,59,0.7,95230,-0.07218859,-0.03472227,1.32183944,1.13897751,12
TNG50-1,59,0.7,95230,0.00154053,-0.02728478,1.32183944,1.13897751,13
TNG50-1,59,0.7,95230,-0.0577963,-0.07334813,1.32183944,1.13897751,14
TNG50-1,59,0.7,291301,-0.02347014,-0.04857217,0.22215888,1.05409921,0
TNG50-1,59,0.7,291301,0.06507249,-0.06686593,0.22215888,1.05409921,1
TNG50-1,59,0.7,291301,-0.05227878,0.01193831,0.22215888,1.05409921,2
TNG50-1,59,0.7,291301,0.06625981,0.01142692,0.22215888,1.05409921,3
TNG50-1,59,0.7,291301,-0.02167222,0.00266729,0.22215888,1.05409921,4
TNG50-1,59,0.7,291301,0.10570178,0.03587792,0.22215888,1.05409921,5
TNG50-1,59,0.7,291301,-0.03409065,0.04367832,0.22215888,1.05409921,6
TNG50-1,59,0.7,291301,-0.0071991,0.07348647,0.22215888,1.05409921,7
TNG50-1,59,0.7,291301,-0.04550915,-0.05951715,0.22215888,1.05409921,8
TNG50-1,59,0.7,291301,-0.03438504,0.07510081,0.22215888,1.05409921,9
TNG50-1,59,0.7,291301,0.06690896,0.09411557,0.22215888,1.05409921,10
TNG50-1,59,0.7,291301,0.02372683,-0.0183115,0.22215888,1.05409921,11
TNG50-1,59,0.7,291301,0.05144089,-0.08342458,0.22215888,1.05409921,12
TNG50-1,59,0.7,291301,-0.06577947,-0.06917495,0.22215888,1.05409921,13
TNG50-1,59,0.7,291301,0.03274142,-0.02309257,0.22215888,1.05409921,14
TNG50-1,59,0.7,308587,0.10070708,-0.01924576,0.65373612,-1.29141844,0
TNG50-1,59,0.7,308587,0.000854,0.04762503,0.65373612,-1.29141844,1
TNG50-1,59,0.7,308587,-0.03085921,0.00679572,0.65373612,-1.29141844,2
TNG50-1,59,0.7,308587,-0.03427011,-0.01464092,0.65373612,-1.29141844,3
TNG50-1,59,0.7,308587,-0.06613612,-0.05848014,0.65373612,-1.29141844,4
TNG50-1,59,0.7,308587,0.0437288,0.01508164,0.65373612,-1.29141844,5
TNG50-1,59,0.7,308587,-0.00460344,-0.01093165,0.65373612,-1.29141844,6
TNG50-1,59,0.7,308587,0.10499148,0.0451092,0.65373612,-1.29141844,7
TNG50-1,59,0.7,308587,0.03141047,-0.03577053,0.65373612,-1.29141844,8
TNG50-1,59,0.7,308587,0.04149682,0.03080539,0.65373612,-1.29141844,9
TNG50-1,59,0.7,308587,-0.01210524,0.08204242,0.65373612,-1.29141844,10
TNG50-1,59,0.7,308587,-0.05455152,0.0136278,0.65373612,-1.29141844,11
TNG50-1,59,0.7,308587,-0.04367905,0.03926457,0.65373612,-1.29141844,12
TNG50-1,59,0.7,308587,-0.06846235,0.02859451,0.65373612,-1.29141844,13
TNG50-1,59,0.7,308587,0.04551974,0.09490457,0.65373612,-1.29141844,14
TNG50-1,59,0.7,175519,0.01857802,0.09692628,1.32273422,-1.49616306,0
TNG50-1,59,0.7,175519,0.03499794,-0.03957041,1.32273422,-1.49616306,1
TNG50-1,59,0.7,175519,-0.0018138,-0.04968164,1.32273422,-1.49616306,2
TNG50-1,59,0.7,175519,-0.03871943,-0.01210679,1.32273422,-1.49616306,3
TNG50-1,59,0.7,175519,-0.06040878,0.06264293,1.32273422,-1.49616306,4
TNG50-1,59,0.7,175519,0.0633462,-0.10833675,1.32273422,-1.49616306,5
TNG50-1,59,0.7,175519,-0.05041797,0.05849418,1.32273422,-1.49616306,6
TNG50-1,59,0.7,175519,0.03729322,-0.04557368,1.32273422,-1.49616306,7
TNG50-1,59,0.7,175519,0.02080083,0.01322626,1.32273422,-1.49616306,8
TNG50-1,59,0.7,175519,0.04588927,-0.03380035,1.32273422,-1.49616306,9
TNG50-1,59,0.7,175519,-0.0257356,0.09959584,1.32273422,-1.49616306,10
TNG50-1,59,0.7,175519,-0.0395365,0.006231,1.32273422,-1.49616306,11
TNG50-1,59,0.7,175519,0.01891859,-0.03540458,1.32273422,-1.49616306,12
TNG50-1,59,0.7,175519,-0.01461708,-0.01505457,1.32273422,-1.49616306,13
TNG50-1,59,0.7,175519,-0.06155142,0.00448185,1.32273422,-1.49616306,14
TNG50-1,59,0.7,304768,0.00888383,0.11429962,0.79318621,-1.39395981,0
TNG50-1,59,0.7,304768,0.02193812,0.00251778,0.79318621,-1.39395981,1
TNG50-1,59,0.7,304768,-7.023e-05,0.02289487,0.79318621,-1.39395981,2
TNG50-1,59,0.7,304768,-0.06885812,0.04087139,0.79318621,-1.39395981,3
TNG50-1,59,0.7,304768,-0.01701338,0.06375376,0.79318621,-1.39395981,4
TNG50-1,59,0.7,304768,0.03033292,0.0156546,0.79318621,-1.39395981,5
TNG50-1,59,0.7,304768,-0.03349414,0.04630745,0.79318621,-1.39395981,6
TNG50-1,59,0.7,304768,0.03363906,0.02298869,0.79318621,-1.39395981,7
TNG50-1,59,0.7,304768,0.00158591,0.0261112,0.79318621,-1.39395981,8
TNG50-1,59,0.7,304768,-0.01088701,-0.04591846,0.79318621,-1.39395981,9
TNG50-1,59,0.7,304768,0.05970719,-0.01646069,0.79318621,-1.39395981,10
TNG50-1,59,0.7,304768,-0.08690657,-0.02613846,0.79318621,-1.39395981,11
TNG50-1,59,0.7,304768,-0.03376604,-0.05944477,0.79318621,-1.39395981,12
TNG50-1,59,0.7,304768,0.06162144,-0.08258026,0.79318621,-1.39395981,13
TNG50-1,59,0.7,304768,0.09150246,-0.02118137,0.79318621,-1.39395981,14
TNG50-1,59,0.7,331479,-0.01319412,0.0203556,1.3718303,1.11096195,0
TNG50-1,59,0.7,331479,0.00525185,0.07733687,1.3718303,1.11096195,1
TNG50-1,59,0.7,331479,0.02778689,0.06058645,1.3718303,1.11096195,2
TNG50-1,59,0.7,331479,0.00940611,0.09782109,1.3718303,1.11096195,3
TNG50-1,59,0.7,331479,-0.01284556,0.02795792,1.3718303,1.11096195,4
TNG50-1,59,0.7,331479,-0.04575632,0.02715526,1.3718303,1.11096195,5
TNG50-1,59,0.7,331479,0.04385345,-0.02437079,1.3718303,1.11096195,6
TNG50-1,59,0.7,331479,-0.00509111,0.04130074,1.3718303,1.11096195,7
TNG50-1,59,0.7,331479,-0.02168949,-0.03280585,1.3718303,1.11096195,8
TNG50-1,59,0.7,331479,-0.00932271,-0.07352278,1.3718303,1.11096195,9
TNG50-1,59,0.7,331479,-0.03663722,0.07631617,1.3718303,1.11096195,10
TNG50-1,59,0.7,331479,-0.0265337,-0.06245908,1.3718303,1.11096195,11
TNG50-1,59,0.7,331479,-0.02812292,0.02194259,1.3718303,1.11096195,12
TNG50-1,59,0.7,331479,-0.01436687,-0.04401657,1.3718303,1.11096195,13
TNG50-1,59,0.7,331479,0.03278775,0.05633338,1.3718303,1.11096195,14
TNG50-1,59,0.7,279218,0.0631475,-0.03779468,0.65360792,-0.83345357,0
TNG50-1,59,0.7,279218,0.02645889,-0.04307685,0.65360792,-0.83345357,1
TNG50-1,59,0.7,279218,0.06231824,-0.1551548,0.65360792,-0.83345357,2
TNG50-1,59,0.7,279218,0.00036685,-0.04254214,0.65360792,-0.83345357,3
TNG50-1,59,0.7,279218,0.11170873,-0.00868209,0.65360792,-0.83345357,4
TNG50-1,59,0.7,279218,0.03730826,-0.0317077,0.65360792,-0.83345357,5
TNG50-1,59,0.7,279218,-0.04502758,0.01936718,0.65360792,-0.83345357,6
TNG50-1,59,0.7,279218,0.00348034,0.06963303,0.65360792,-0.83345357,7
TNG50-1,59,0.7,279218,-0.0076251,0.02581837,0.65360792,-0.83345357,8
TNG50-1,59,0.7,279218,-0.0125212,0.05131971,0.65360792,-0.83345357,9
TNG50-1,59,0.7,279218,-0.08285696,0.05545633,0.65360792,-0.83345357,10
TNG50-1,59,0.7,279218,0.01934323,-0.05094304,0.65360792,-0.83345357,11
TNG50-1,59,0.7,279218,-0.06928765,0.02195573,0.65360792,-0.83345357,12
TNG50-1,59,0.7,279218,-0.12627036,0.04975787,0.65360792,-0.83345357,13
TNG50-1,59,0.7,279218,-0.01720068,-0.02179802,0.65360792,-0.83345357,14
TNG50-1,59,0.7,245788,-0.03953133,0.07706452,0.61388338,0.1516551,0
TNG50-1,59,0.7,245788,0.02652032,-0.05146445,0.61388338,0.1516551,1
TNG50-1,59,0.7,245788,-0.07408144,0.05108518,0.61388338,0.1516551,2
TNG50-1,59,0.7,245788,-0.05440023,-0.00296993,0.61388338,0.1516551,3
TNG50-1,59,0.7,245788,-0.03333782,-0.08827073,0.61388338,0.1516551,4
TNG50-1,59,0.7,245788,0.02252571,-0.04473634,0.61388338,0.1516551,5
TNG50-1,59,0.7,245788,0.01094563,-0.04782337,0.61388338,0.1516551,6
TNG50-1,59,0.7,245788,0.05161854,-0.01582639,0.61388338,0.1516551,7
TNG50-1,59,0.7,245788,-0.0460935,0.02097571,0.61388338,0.1516551,8
TNG50-1,59,0.7,245788,-0.04877365,0.09244614,0.61388338,0.1516551,9
TNG50-1,59,0.7,245788,0.0261956,-0.07155729,0.61388338,0.1516551,10
TNG50-1,59,0.7,245788,-0.03993335,-0.02423887,0.61388338,0.1516551,11
TNG50-1,59,0.7,245788,-0.0301752,-0.04479904,0.61388338,0.1516551,12
TNG50-1,59,0.7,245788,-0.09283824,-0.06339897,0.61388338,0.1516551,13
TNG50-1,59,0.7,245788,0.0145423,0.00477238,0.61388338,0.1516551,14
TNG50-1,59,0.7,203536,7.4e-05,-0.03671684,0.85266406,-0.23171067,0
TNG50-1,59,0.7,203536,-0.09069012,0.03537799,0.85266406,-0.23171067,1
TNG50-1,59,0.7,203536,0.00090753,0.04210165,0.85266406,-0.23171067,2
TNG50-1,59,0.7,203536,-0.0602698,0.00467993,0.85266406,-0.23171067,3
TNG50-1,59,0.7,203536,0.00059139,0.07394829,0.85266406,-0.23171067,4
TNG50-1,59,0.7,203536,0.06347482,0.02540097,0.85266406,-0.23171067,5
TNG50-1,59,0.7,203536,0.0231534,-0.01165638,0.85266406,-0.23171067,6
TNG50-1,59,0.7,203536,0.00887585,-0.06098764,0.85266406,-0.23171067,7
TNG50-1,59,0.7,203536,-0.02643829,0.07193666,0.85266406,-0.23171067,8
TNG50-1,59,0.7,203536,0.00334338,0.03851587,0.85266406,-0.23171067,9
TNG50-1,59,0.7,203536,0.02816271,0.08991557,0.85266406,-0.23171067,10
TNG50-1,59,0.7,203536,0.02320832,0.10834237,0.85266406,-0.23171067,11
TNG50-1,59,0.7,203536,-0.00496094,-0.06434702,0.85266406,-0.23171067,12
TNG50-1,59,0.7,203536,0.01086882,-0.06421669,0.85266406,-0.23171067,13
TNG50-1,59,0.7,203536,-0.06582809,-0.14316,0.85266406,-0.23171067,14
TNG50-1,59,0.7,283152,0.04591811,0.02327374,0.52741843,0.92842082,0
TNG50-1,59,0.7,283152,0.03282413,0.01403589,0.52741843,0.92842082,1
TNG50-1,59,0.7,283152,0.00488895,0.08293058,0.52741843,0.92842082,2
TNG50-1,59,0.7,283152,-0.06130666,-0.08166564,0.52741843,0.92842082,3
TNG50-1,59,0.7,283152,-0.00445168,0.06206123,0.52741843,0.92842082,4
TNG50-1,59,0.7,283152,0.00923527,-0.02381033,0.52741843,0.92842082,5
TNG50-1,59,0.7,283152,0.03913628,0.05475887,0.52741843,0.92842082,6
TNG50-1,59,0.7,283152,0.01364935,0.00601879,0.52741843,0.92842082,7
TNG50-1,59,0.7,283152,0.03319006,-0.0621463,0.52741843,0.92842082,8
TNG50-1,59,0.7,283152,-0.00620654,-0.02482599,0.52741843,0.92842082,9
TNG50-1,59,0.7,283152,0.05907409,0.05108645,0.52741843,0.92842082,10
TNG50-1,59,0.7,283152,0.0315865,-0.01051039,0.52741843,0.92842082,11
TNG50-1,59,0.7,283152,-0.05934665,-0.03107427,0.52741843,0.92842082,12
TNG50-1,59,0.7,283152,0.06946102,-0.0314086,0.52741843,0.92842082,13
TNG50-1,59,0.7,283152,0.06127858,0.03211237,0.52741843,0.92842082,14
TNG50-1,59,0.7,341319,0.08753175,0.09859659,1.31887786,-0.03487701,0
TNG50-1,59,0.7,341319,-0.10704417,-0.04772513,1.31887786,-0.03487701,1
TNG50-1,59,0.7,341319,0.14003422,-0.0565051,1.31887786,-0.03487701,2
TNG50-1,59,0.7,341319,0.01018731,-0.00934864,1.31887786,-0.03487701,3
TNG50-1,59,0.7,341319,0.02901121,-0.03842793,1.31887786,-0.03487701,4
TNG50-1,59,0.7,341319,-0.02181309,0.00031903,1.31887786,-0.03487701,5
TNG50-1,59,0.7,341319,-0.00017576,0.00776996,1.31887786,-0.03487701,6
TNG50-1,59,0.7,341319,0.00962565,0.0117329,1.31887786,-0.03487701,7
TNG50-1,59,0.7,341319,-0.0524548,-0.00619454,1.31887786,-0.03487701,8
TNG50-1,59,0.7,341319,-0.04028407,-0.03510809,1.31887786,-0.03487701,9
TNG50-1,59,0.7,341319,0.05922838,0.03217015,1.31887786,-0.03487701,10
TNG50-1,59,0.7,341319,-0.07761734,-0.00558464,1.31887786,-0.03487701,11
TNG50-1,59,0.7,341319,0.02205196,-0.02478087,1.31887786,-0.03487701,12
TNG50-1,59,0.7,341319,-0.01852585,0.07399968,1.31887786,-0.03487701,13
TNG50-1,59,0.7,341319,-0.04803536,-0.0060656,1.31887786,-0.03487701,14
TNG50-1,59,0.7,277306,0.05459933,-0.12381058,1.16636841,0.00207609,0
TNG50-1,59,0.7,277306,0.06134192,-0.00671746,1.16636841,0.00207609,1
TNG50-1,59,0.7,277306,0.06438364,-0.03862628,1.16636841,0.00207609,2
TNG50-1,59,0.7,277306,0.03455789,-0.04516909,1.16636841,0.00207609,3
TNG50-1,59,0.7,277306,-3.167e-05,0.01673262,1.16636841,0.00207609,4
TNG50-1,59,0.7,277306,-0.00320208,-0.02127536,1.16636841,0.00207609,5
TNG50-1,59,0.7,277306,-0.01220601,-0.07165455,1.16636841,0.00207609,6
TNG50-1,59,0.7,277306,-0.10834478,0.12723834,1.16636841,0.00207609,7
TNG50-1,59,0.7,277306,0.03594034,-0.00185053,1.16636841,0.00207609,8
TNG50-1,59,0.7,277306,0.01222328,-0.05415815,1.16636841,0.00207609,9
TNG50-1,59,0.7,277306,0.04127621,-0.03349177,1.16636841,0.00207609,10
TNG50-1,59,0.7,277306,-0.00585008,-0.00865715,1.16636841,0.00207609,11
TNG50-1,59,0.7,277306,0.03324126,-0.0087623,1.16636841,0.00207609,12
TNG50-1,59,0.7,277306,-0.06887535,0.06510821,1.16636841,0.00207609,13
TNG50-1,59,0.7,277306,-0.05846328,-0.0039715,1.16636841,0.00207609,14
TNG50-1,59,0.7,122418,0.09276041,-0.03580699,1.0408441,1.53652764,0
TNG50-1,59,0.7,122418,-0.02162115,-0.02340809,1.0408441,1.53652764,1
TNG50-1,59,0.7,122418,0.0213218,-0.05612325,1.0408441,1.53652764,2
TNG50-1,59,0.7,122418,0.05109901,0.03111975,1.0408441,1.53652764,3
TNG50-1,59,0.7,122418,0.05975762,0.01442409,1.0408441,1.53652764,4
TNG50-1,59,0.7,122418,0.06559361,0.03049897,1.0408441,1.53652764,5
TNG50-1,59,0.7,122418,-0.01360059,-0.02071856,1.0408441,1.53652764,6
TNG50-1,59,0.7,122418,-0.00027446,-0.00290365,1.0408441,1.53652764,7
TNG50-1,59,0.7,122418,-0.12397113,-0.10892094,1.0408441,1.53652764,8
TNG50-1,59,0.7,122418,-0.0098005,0.01881128,1.0408441,1.53652764,9
TNG50-1,59,0.7,122418,0.05456271,0.00494207,1.0408441,1.53652764,10
TNG50-1,59,0.7,122418,0.04484182,-0.05502638,1.0408441,1.53652764,11
TNG50-1,59,0.7,122418,-0.00432436,-0.00523288,1.0408441,1.53652764,12
TNG50-1,59,0.7,122418,0.08495697,-0.01289247,1.0408441,1.53652764,13
TNG50-1,59,0.7,122418,-0.01920026,0.0882156,1.0408441,1.53652764,14
TNG50-1,59,0.7,343195,-0.05305635,0.01584822,1.36498411,-1.09915041,0
TNG50-1,59,0.7,343195,0.01657131,0.02345153,1.36498411,-1.09915041,1
TNG50-1,59,0.7,343195,-0.05453842,-0.01626863,1.36498411,-1.09915041,2
TNG50-1,59,0.7,343195,-0.02789367,-0.05343855,1.36498411,-1.09915041,3
TNG50-1,59,0.7,343195,0.01384095,-0.07138195,1.36498411,-1.09915041,4
TNG50-1,59,0.7,343195,-0.01056815,-0.08353551,1.36498411,-1.09915041,5
TNG50-1,59,0.7,343195,-0.00029954,0.08813634,1.36498411,-1.09915041,6
TNG50-1,59,0.7,343195,0.01663611,-0.11063867,1.36498411,-1.09915041,7
TNG50-1,59,0.7,343195,-0.02468448,0.05968617,1.36498411,-1.09915041,8
TNG50-1,59,0.7,343195,0.04420733,-0.04104345,1.36498411,-1.09915041,9
TNG50-1,59,0.7,343195,-0.01527399,0.05932205,1.36498411,-1.09915041,10
TNG50-1,59,0.7,343195,-0.00487777,-0.110127,1.36498411,-1.09915041,11
TNG50-1,59,0.7,343195,0.01806556,-0.0117547,1.36498411,-1.09915041,12
TNG50-1,59,0.7,343195,0.01135001,0.07270122,1.36498411,-1.09915041,13
TNG50-1,59,0.7,343195,0.0322114,0.03566048,1.36498411,-1.09915041,14
TNG50-1,59,0.7,69764,-0.01686327,0.019703,1.00857521,1.03893706,0
TNG50-1,59,0.7,69764,-0.09714887,0.00154654,1.00857521,1.03893706,1
TNG50-1,59,0.7,69764,-0.06612443,0.04490659,1.00857521,1.03893706,2
TNG50-1,59,0.7,69764,0.06945735,-0.0101797,1.00857521,1.03893706,3
TNG50-1,59,0.7,69764,-0.01741206,0.00281382,1.00857521,1.03893706,4
TNG50-1,59,0.7,69764,-0.00359121,-0.02398834,1.00857521,1.03893706,5
TNG50-1,59,0.7,69764,0.01417676,0.0478309,1.00857521,1.03893706,6
TNG50-1,59,0.7,69764,-0.06514195,0.01457643,1.00857521,1.03893706,7
TNG50-1,59,0.7,69764,0.02036451,-0.02784791,1.00857521,1.03893706,8
TNG50-1,59,0.7,69764,-0.02098077,-0.07445149,1.00857521,1.03893706,9
TNG50-1,59,0.7,69764,0.01468514,0.05524806,1.00857521,1.03893706,10
TNG50-1,59,0.7,69764,-0.02890255,-0.03720325,1.00857521,1.03893706,11
TNG50-1,59,0.7,69764,-0.0786558,0.00360322,1.00857521,1.03893706,12
TNG50-1,59,0.7,69764,-0.02136863,0.11762998,1.00857521,1.03893706,13
TNG50-1,59,0.7,69764,0.03203888,0.04007548,1.00857521,1.03893706,14
TNG50-1,59,0.7,319156,0.08055748,0.03652588,1.17578742,-1.40821971,0
TNG50-1,59,0.7,319156,-0.02690624,-0.00067796,1.17578742,-1.40821971,1
TNG50-1,59,0.7,319156,0.05354882,-0.02676695,1.17578742,-1.40821971,2
TNG50-1,59,0.7,319156,0.00133345,-0.01932798,1.17578742,-1.40821971,3
TNG50-1,59,0.7,319156,0.01830085,-0.04251942,1.17578742,-1.40821971,4
TNG50-1,59,0.7,319156,0.10104209,0.04188939,1.17578742,-1.40821971,5
TNG50-1,59,0.7,319156,-0.01393229,-0.05243187,1.17578742,-1.40821971,6
TNG50-1,59,0.7,319156,0.00096272,-0.01335393,1.17578742,-1.40821971,7
TNG50-1,59,0.7,319156,-0.04516073,0.01726198,1.17578742,-1.40821971,8
TNG50-1,59,0.7,319156,0.04442343,0.08067473,1.17578742,-1.40821971,9
TNG50-1,59,0.7,319156,-0.02803134,-0.00046493,1.17578742,-1.40821971,10
TNG50-1,59,0.7,319156,0.05113552,-0.01212553,1.17578742,-1.40821971,11
TNG50-1,59,0.7,319156,-0.08249566,0.01368174,1.17578742,-1.40821971,12
TNG50-1,59,0.7,319156,0.0274319,-0.10367321,1.17578742,-1.40821971,13
TNG50-1,59,0.7,319156,-0.03218467,-0.05993229,1.17578742,-1.40821971,14
TNG50-1,59,0.7,48195,-0.01876832,0.06637944,1.06086014,-0.07021846,0
TNG50-1,59,0.7,48195,-0.03564846,0.01427842,1.06086014,-0.07021846,1
TNG50-1,59,0.7,48195,-0.08004166,0.0015807,1.06086014,-0.07021846,2
TNG50-1,59,0.7,48195,0.04288893,-0.02243945,1.06086014,-0.07021846,3
TNG50-1,59,0.7,48195,0.01298784,-0.09037424,1.06086014,-0.07021846,4
TNG50-1,59,0.7,48195,0.00701326,-0.06724498,1.06086014,-0.07021846,5
TNG50-1,59,0.7,48195,-0.03469956,-0.00840275,1.06086014,-0.07021846,6
TNG50-1,59,0.7,48195,0.00396965,-0.00541442,1.06086014,-0.07021846,7
TNG50-1,59,0.7,48195,0.02572247,0.07061115,1.06086014,-0.07021846,8
TNG50-1,59,0.7,48195,-0.0132448,0.06573996,1.06086014,-0.07021846,9
TNG50-1,59,0.7,48195,0.02222861,-0.03432431,1.06086014,-0.07021846,10
TNG50-1,59,0.7,48195,-0.03980302,0.04091629,1.06086014,-0.07021846,11
TNG50-1,59,0.7,48195,0.00487427,-0.02385344,1.06086014,-0.07021846,12
TNG50-1,59,0.7,48195,0.05712491,0.03413082,1.06086014,-0.07021846,13
TNG50-1,59,0.7,48195,0.06160099,0.04030089,1.06086014,-0.07021846,14
TNG50-1,59,0.7,354305,0.06210464,-0.04659058,1.03055549,1.21370664,0
TNG50-1,59,0.7,354305,-0.02463217,0.00282253,1.03055549,1.21370664,1
TNG50-1,59,0.7,354305,0.05071518,0.08006085,1.03055549,1.21370664,2
TNG50-1,59,0.7,354305,-0.0936407,0.02488225,1.03055549,1.21370664,3
TNG50-1,59,0.7,354305,0.06481078,-0.00582232,1.03055549,1.21370664,4
TNG50-1,59,0.7,354305,-0.00125084,0.11278719,1.03055549,1.21370664,5
TNG50-1,59,0.7,354305,-0.0001864,0.05796079,1.03055549,1.21370664,6
TNG50-1,59,0.7,354305,-0.10187183,0.0408367,1.03055549,1.21370664,7
TNG50-1,59,0.7,354305,-0.01943329,0.01586712,1.03055549,1.21370664,8
TNG50-1,59,0.7,354305,0.06777397,0.03651369,1.03055549,1.21370664,9
TNG50-1,59,0.7,354305,-0.02133509,0.0381366,1.03055549,1.21370664,10
TNG50-1,59,0.7,354305,0.03567314,-0.10914077,1.03055549,1.21370664,11
TNG50-1,59,0.7,354305,0.00172776,0.01974681,1.03055549,1.21370664,12
TNG50-1,59,0.7,354305,0.05313346,-0.00804029,1.03055549,1.21370664,13
TNG50-1,59,0.7,354305,0.00957505,-0.02498881,1.03055549,1.21370664,14
TNG50-1,59,0.7,315620,-0.00977186,-0.07271372,0.48990388,0.51903498,0
TNG50-1,59,0.7,315620,-0.07779243,-0.04030108,0.48990388,0.51903498,1
TNG50-1,59,0.7,315620,-0.09023051,-0.03204627,0.48990388,0.51903498,2
TNG50-1,59,0.7,315620,0.06232512,0.01416149,0.48990388,0.51903498,3
TNG50-1,59,0.7,315620,0.02310789,0.05221067,0.48990388,0.51903498,4
TNG50-1,59,0.7,315620,-0.12065061,0.02568225,0.48990388,0.51903498,5
TNG50-1,59,0.7,315620,-0.02881923,0.03751861,0.48990388,0.51903498,6
TNG50-1,59,0.7,315620,0.04402759,-0.01333089,0.48990388,0.51903498,7
TNG50-1,59,0.7,315620,-0.01400072,0.03015001,0.48990388,0.51903498,8
TNG50-1,59,0.7,315620,0.06225025,-0.00741875,0.48990388,0.51903498,9
TNG50-1,59,0.7,315620,0.05248759,-0.02207362,0.48990388,0.51903498,10
TNG50-1,59,0.7,315620,-0.06783556,0.09485505,0.48990388,0.51903498,11
TNG50-1,59,0.7,315620,-0.0071662,-0.1165238,0.48990388,0.51903498,12
TNG50-1,59,0.7,315620,-0.02240447,-0.09366521,0.48990388,0.51903498,13
TNG50-1,59,0.7,315620,-0.06946191,0.01913499,0.48990388,0.51903498,14
TNG50-1,59,0.7,325890,-0.01324912,-0.0560571,1.17128282,0.58186889,0
TNG50-1,59,0.7,325890,-0.07184922,0.02565864,1.17128282,0.58186889,1
TNG50-1,59,0.7,325890,-0.05273055,-0.00930693,1.17128282,0.58186889,2
TNG50-1,59,0.7,325890,-0.04622029,-0.06001608,1.17128282,0.58186889,3
TNG50-1,59,0.7,325890,0.04461683,0.02871427,1.17128282,0.58186889,4
TNG50-1,59,0.7,325890,0.06062052,-0.02128938,1.17128282,0.58186889,5
TNG50-1,59,0.7,325890,0.08197813,0.01137417,1.17128282,0.58186889,6
TNG50-1,59,0.7,325890,-0.07945056,-0.00624896,1.17128282,0.58186889,7
TNG50-1,59,0.7,325890,-0.06835618,0.04456894,1.17128282,0.58186889,8
TNG50-1,59,0.7,325890,-0.07178132,0.01100815,1.17128282,0.58186889,9
TNG50-1,59,0.7,325890,0.06444285,-0.04418501,1.17128282,0.58186889,10
TNG50-1,59,0.7,325890,0.02086122,0.01610016,1.17128282,0.58186889,11
TNG50-1,59,0.7,325890,0.00400996,0.01773444,1.17128282,0.58186889,12
TNG50-1,59,0.7,325890,0.01148143,0.02556665,1.17128282,0.58186889,13
TNG50-1,59,0.7,325890,-0.00283891,0.05179371,1.17128282,0.58186889,14
TNG50-1,59,0.7,314230,-0.03079914,-0.07947391,0.46462883,-0.74356069,0
TNG50-1,59,0.7,314230,0.03339678,-0.02630177,0.46462883,-0.74356069,1
TNG50-1,59,0.7,314230,-0.08624086,0.02023833,0.46462883,-0.74356069,2
TNG50-1,59,0.7,314230,-0.00599924,0.00428611,0.46462883,-0.74356069,3
TNG50-1,59,0.7,314230,-0.01373299,-0.11502055,0.46462883,-0.74356069,4
TNG50-1,59,0.7,314230,0.07239226,-0.02834957,0.46462883,-0.74356069,5
TNG50-1,59,0.7,314230,-0.00781677,0.05104108,0.46462883,-0.74356069,6
TNG50-1,59,0.7,314230,0.03039944,0.02941115,0.46462883,-0.74356069,7
TNG50-1,59,0.7,314230,-0.08808893,0.06090167,0.46462883,-0.74356069,8
TNG50-1,59,0.7,314230,-0.0175879,-0.04928237,0.46462883,-0.74356069,9
TNG50-1,59,0.7,314230,-0.04231799,0.06404648,0.46462883,-0.74356069,10
TNG50-1,59,0.7,314230,0.12377556,-0.0022203,0.46462883,-0.74356069,11
TNG50-1,59,0.7,314230,-0.03333984,0.07961113,0.46462883,-0.74356069,12
TNG50-1,59,0.7,314230,0.00366395,0.00016522,0.46462883,-0.74356069,13
TNG50-1,59,0.7,314230,0.00632879,-0.10237377,0.46462883,-0.74356069,14
TNG50-1,59,0.7,225435,0.04246273,-0.064959,1.02973504,-0.25580484,0
TNG50-1,59,0.7,225435,-0.02217568,-0.02695438,1.02973504,-0.25580484,1
TNG50-1,59,0.7,225435,-0.01881148,-0.02102232,1.02973504,-0.25580484,2
TNG50-1,59,0.7,225435,-0.07265482,0.00332204,1.02973504,-0.25580484,3
TNG50-1,59,0.7,225435,0.08110997,0.07397798,1.02973504,-0.25580484,4
TNG50-1,59,0.7,225435,-0.02605506,-0.01499766,1.02973504,-0.25580484,5
TNG50-1,59,0.7,225435,0.07875179,-0.03452503,1.02973504,-0.25580484,6
TNG50-1,59,0.7,225435,-0.02156216,0.13731853,1.02973504,-0.25580484,7
TNG50-1,59,0.7,225435,-0.04638726,-0.02165927,1.02973504,-0.25580484,8
TNG50-1,59,0.7,225435,0.06597646,-0.00953291,1.02973504,-0.25580484,9
TNG50-1,59,0.7,225435,-0.00366674,-0.01789232,1.02973504,-0.25580484,10
TNG50-1,59,0.7,225435,-0.0031786,-0.01383846,1.02973504,-0.25580484,11
TNG50-1,59,0.7,225435,-0.0640813,0.00388774,1.02973504,-0.25580484,12
TNG50-1,59,0.7,225435,-0.02288117,0.04603982,1.02973504,-0.25580484,13
TNG50-1,59,0.7,225435,0.02143479,0.02019939,1.02973504,-0.25580484,14
TNG50-1,59,0.7,225436,0.05385478,0.01100833,1.12017603,-0.41914795,0
TNG50-1,59,0.7,225436,0.05220143,0.05001223,1.12017603,-0.41914795,1
TNG50-1,59,0.7,225436,0.01042761,0.11093572,1.12017603,-0.41914795,2
TNG50-1,59,0.7,225436,0.0188156,0.07604867,1.12017603,-0.41914795,3
TNG50-1,59,0.7,225436,0.05543683,-0.01193296,1.12017603,-0.41914795,4
TNG50-1,59,0.7,225436,-0.0555605,0.02643838,1.12017603,-0.41914795,5
TNG50-1,59,0.7,225436,0.12491056,0.03140289,1.12017603,-0.41914795,6
TNG50-1,59,0.7,225436,-0.02562926,-0.00100453,1.12017603,-0.41914795,7
TNG50-1,59,0.7,225436,-0.01754825,-0.05479681,1.12017603,-0.41914795,8
TNG50-1,59,0.7,225436,-0.06059505,-0.03993881,1.12017603,-0.41914795,9
TNG50-1,59,0.7,225436,-0.05910754,0.05740763,1.12017603,-0.41914795,10
TNG50-1,59,0.7,225436,0.0487017,0.0625654,1.12017603,-0.41914795,11
TNG50-1,59,0.7,225436,0.11350966,-0.01037837,1.12017603,-0.41914795,12
TNG50-1,59,0.7,225436,-0.02836201,0.01305277,1.12017603,-0.41914795,13
TNG50-1,59,0.7,225436,0.01736583,0.05986319,1.12017603,-0.41914795,14
TNG50-1,59,0.7,324664,-0.08521344,-0.05106688,0.95568203,0.06736583,0
TNG50-1,59,0.7,324664,-0.02231762,-0.07274014,0.95568203,0.06736583,1
TNG50-1,59,0.7,324664,0.10089357,-0.0345345,0.95568203,0.06736583,2
TNG50-1,59,0.7,324664,0.01496539,0.04296261,0.95568203,0.06736583,3
TNG50-1,59,0.7,324664,-0.0564608,0.01165351,0.95568203,0.06736583,4
TNG50-1,59,0.7,324664,0.00586411,-0.00345867,0.95568203,0.06736583,5
TNG50-1,59,0.7,324664,0.05107178,-0.05198841,0.95568203,0.06736583,6
TNG50-1,59,0.7,324664,-0.12732665,-0.01869575,0.95568203,0.06736583,7
TNG50-1,59,0.7,324664,0.00881429,0.03685788,0.95568203,0.06736583,8
TNG50-1,59,0.7,324664,-0.01862073,0.02523919,0.95568203,0.06736583,9
TNG50-1,59,0.7,324664,-0.08209991,-0.02385994,0.95568203,0.06736583,10
TNG50-1,59,0.7,324664,0.00409636,-0.13057011,0.95568203,0.06736583,11
TNG50-1,59,0.7,324664,-0.00682401,-0.03374238,0.95568203,0.06736583,12
TNG50-1,59,0.7,324664,-0.00120451,-0.02413473,0.95568203,0.06736583,13
TNG50-1,59,0.7,324664,-0.01741303,-0.0453553,0.95568203,0.06736583,14
TNG50-1,59,0.7,318580,-0.02065879,0.01327196,1.03749296,-0.11866446,0
TNG50-1,59,0.7,318580,0.04082751,0.09050807,1.03749296,-0.11866446,1
TNG50-1,59,0.7,318580,-0.00186482,0.02061911,1.03749296,-0.11866446,2
TNG50-1,59,0.7,318580,0.0494848,-0.01873839,1.03749296,-0.11866446,3
TNG50-1,59,0.7,318580,-0.0754186,-0.00943854,1.03749296,-0.11866446,4
TNG50-1,59,0.7,318580,-0.0152532,-0.00156502,1.03749296,-0.11866446,5
TNG50-1,59,0.7,318580,-0.09695111,0.10133213,1.03749296,-0.11866446,6
TNG50-1,59,0.7,318580,-0.02132888,0.06168043,1.03749296,-0.11866446,7
TNG50-1,59,0.7,318580,-0.05228287,0.01299795,1.03749296,-0.11866446,8
TNG50-1,59,0.7,318580,0.06406264,0.0054866,1.03749296,-0.11866446,9
TNG50-1,59,0.7,318580,0.0204856,0.01496767,1.03749296,-0.11866446,10
TNG50-1,59,0.7,318580,0.05074147,0.02471378,1.03749296,-0.11866446,11
TNG50-1,59,0.7,318580,-0.02146739,-0.0206599,1.03749296,-0.11866446,12
TNG50-1,59,0.7,318580,-0.0509859,-0.04220395,1.03749296,-0.11866446,13
TNG50-1,59,0.7,318580,-0.05257815,0.05161101,1.03749296,-0.11866446,14
TNG50-1,59,0.7,323872,0.00109914,0.05366864,1.1826597,-0.54381487,0
TNG50-1,59,0.7,323872,0.0474364,-0.03584106,1.1826597,-0.54381487,1
TNG50-1,59,0.7,323872,0.08230794,-0.07343012,1.1826597,-0.54381487,2
TNG50-1,59,0.7,323872,0.02603074,-0.0694443,1.1826597,-0.54381487,3
TNG50-1,59,0.7,323872,0.01792742,0.02908902,1.1826597,-0.54381487,4
TNG50-1,59,0.7,323872,0.16001215,0.0129566,1.1826597,-0.54381487,5
TNG50-1,59,0.7,323872,0.01035101,-0.03462833,1.1826597,-0.54381487,6
TNG50-1,59,0.7,323872,-0.05452734,-0.05793958,1.1826597,-0.54381487,7
TNG50-1,59,0.7,323872,-0.01406126,-0.01352866,1.1826597,-0.54381487,8
TNG50-1,59,0.7,323872,0.07758424,0.05582586,1.1826597,-0.54381487,9
TNG50-1,59,0.7,323872,-0.06470837,-0.0417909,1.1826597,-0.54381487,10
TNG50-1,59,0.7,323872,-0.03762298,-0.0331342,1.1826597,-0.54381487,11
TNG50-1,59,0.7,323872,0.05532134,-0.05952608,1.1826597,-0.54381487,12
TNG50-1,59,0.7,323872,-0.01358103,-0.01837064,1.1826597,-0.54381487,13
TNG50-1,59,0.7,323872,-0.00551229,0.01690395,1.1826597,-0.54381487,14
TNG50-1,59,0.7,114123,0.10575846,0.04913616,0.9555161,-0.61110068,0
TNG50-1,59,0.7,114123,0.01088908,-0.01074927,0.9555161,-0.61110068,1
TNG50-1,59,0.7,114123,-0.00268391,-0.01752077,0.9555161,-0.61110068,2
TNG50-1,59,0.7,114123,0.04314683,0.03660367,0.9555161,-0.61110068,3
TNG50-1,59,0.7,114123,0.03481078,0.01789966,0.9555161,-0.61110068,4
TNG50-1,59,0.7,114123,-0.02888304,-0.04101472,0.9555161,-0.61110068,5
TNG50-1,59,0.7,114123,0.115103,0.06728061,0.9555161,-0.61110068,6
TNG50-1,59,0.7,114123,-0.00121917,0.03662547,0.9555161,-0.61110068,7
TNG50-1,59,0.7,114123,0.01181877,-0.00371021,0.9555161,-0.61110068,8
TNG50-1,59,0.7,114123,0.02756743,-0.02341156,0.9555161,-0.61110068,9
TNG50-1,59,0.7,114123,0.01729362,0.01820654,0.9555161,-0.61110068,10
TNG50-1,59,0.7,114123,0.07626988,0.03302426,0.9555161,-0.61110068,11
TNG50-1,59,0.7,114123,-0.02949544,-0.07970375,0.9555161,-0.61110068,12
TNG50-1,59,0.7,114123,0.03916911,0.01878405,0.9555161,-0.61110068,13
TNG50-1,59,0.7,114123,0.00822842,0.03262774,0.9555161,-0.61110068,14
TNG50-1,59,0.7,236587,-0.11762243,0.00629886,1.27349432,-0.78271873,0
TNG50-1,59,0.7,236587,0.00980948,0.03316038,1.27349432,-0.78271873,1
TNG50-1,59,0.7,236587,0.03473046,0.08395062,1.27349432,-0.78271873,2
TNG50-1,59,0.7,236587,0.02904392,-0.0120032,1.27349432,-0.78271873,3
TNG50-1,59,0.7,236587,0.04012242,-0.04328749,1.27349432,-0.78271873,4
TNG50-1,59,0.7,236587,-0.01637833,-0.04585744,1.27349432,-0.78271873,5
TNG50-1,59,0.7,236587,-0.05199532,-0.0343923,1.27349432,-0.78271873,6
TNG50-1,59,0.7,236587,-0.08998722,0.11105134,1.27349432,-0.78271873,7
TNG50-1,59,0.7,236587,0.05461116,0.03784368,1.27349432,-0.78271873,8
TNG50-1,59,0.7,236587,0.03515327,0.05562659,1.27349432,-0.78271873,9
TNG50-1,59,0.7,236587,0.05842445,-0.01194928,1.27349432,-0.78271873,10
TNG50-1,59,0.7,236587,-0.03625707,-8.243e-05,1.27349432,-0.78271873,11
TNG50-1,59,0.7,236587,0.04019182,0.03496323,1.27349432,-0.78271873,12
TNG50-1,59,0.7,236587,-0.07513405,-0.02528994,1.27349432,-0.78271873,13
TNG50-1,59,0.7,236587,-0.04347468,-0.01456539,1.27349432,-0.78271873,14
TNG50-1,59,0.7,347956,-0.03373522,0.02059196,1.09835068,-0.42396658,0
TNG50-1,59,0.7,347956,-0.02237463,-0.0376375,1.09835068,-0.42396658,1
TNG50-1,59,0.7,347956,0.00244893,0.05711058,1.09835068,-0.42396658,2
TNG50-1,59,0.7,347956,-0.04108551,-0.00628132,1.09835068,-0.42396658,3
TNG50-1,59,0.7,347956,0.01429895,-0.01970592,1.09835068,-0.42396658,4
TNG50-1,59,0.7,347956,0.01422909,-0.02877575,1.09835068,-0.42396658,5
TNG50-1,59,0.7,347956,-0.00896243,-0.0134246,1.09835068,-0.42396658,6
TNG50-1,59,0.7,347956,-0.04137299,0.02091737,1.09835068,-0.42396658,7
TNG50-1,59,0.7,347956,0.00524815,0.00864053,1.09835068,-0.42396658,8
TNG50-1,59,0.7,347956,-0.02524523,-0.00199299,1.09835068,-0.42396658,9
TNG50-1,59,0.7,347956,0.00232971,-0.03557107,1.09835068,-0.42396658,10
TNG50-1,59,0.7,347956,0.05490637,-0.03845867,1.09835068,-0.42396658,11
TNG50-1,59,0.7,347956,-0.06264701,-0.02304371,1.09835068,-0.42396658,12
TNG50-1,59,0.7,347956,0.10867432,0.02301379,1.09835068,-0.42396658,13
TNG50-1,59,0.7,347956,-0.00362618,0.03311299,1.09835068,-0.42396658,14
TNG50-1,59,0.7,333646,0.03985221,-0.05831547,0.89141289,-1.09974128,0
TNG50-1,59,0.7,333646,-7.334e-05,-0.03758184,0.89141289,-1.09974128,1
TNG50-1,59,0.7,333646,0.0191781,-0.00988686,0.89141289,-1.09974128,2
TNG50-1,59,0.7,333646,-0.00842254,-0.04937881,0.89141289,-1.09974128,3
TNG50-1,59,0.7,333646,-0.0871149,0.02869653,0.89141289,-1.09974128,4
TNG50-1,59,0.7,333646,-0.01079634,0.06755753,0.89141289,-1.09974128,5
TNG50-1,59,0.7,333646,-0.01876633,0.04208391,0.89141289,-1.09974128,6
TNG50-1,59,0.7,333646,-0.05195226,0.05123066,0.89141289,-1.09974128,7
TNG50-1,59,0.7,333646,-0.02836971,-0.06898678,0.89141289,-1.09974128,8
TNG50-1,59,0.7,333646,0.00675457,-0.01215355,0.89141289,-1.09974128,9
TNG50-1,59,0.7,333646,-0.05666234,0.02337105,0.89141289,-1.09974128,10
TNG50-1,59,0.7,333646,-0.03553927,0.04355955,0.89141289,-1.09974128,11
TNG50-1,59,0.7,333646,0.0773951,0.08766765,0.89141289,-1.09974128,12
TNG50-1,59,0.7,333646,-0.08013532,0.05345198,0.89141289,-1.09974128,13
TNG50-1,59,0.7,333646,-0.00915911,0.04482443,0.89141289,-1.09974128,14
TNG50-1,59,0.7,69763,0.13167978,-0.08088467,1.04156621,1.16900014,0
TNG50-1,59,0.7,69763,0.00481545,-0.03100287,1.04156621,1.16900014,1
TNG50-1,59,0.7,69763,-0.01445292,0.05249119,1.04156621,1.16900014,2
TNG50-1,59,0.7,69763,0.0088679,0.00848892,1.04156621,1.16900014,3
TNG50-1,59,0.7,69763,-0.04575264,0.00539074,1.04156621,1.16900014,4
TNG50-1,59,0.7,69763,0.00338169,0.01135861,1.04156621,1.16900014,5
TNG50-1,59,0.7,69763,-0.08634261,-0.07216022,1.04156621,1.16900014,6
TNG50-1,59,0.7,69763,-0.02647595,-0.00483043,1.04156621,1.16900014,7
TNG50-1,59,0.7,69763,-0.00576669,0.07041652,1.04156621,1.16900014,8
TNG50-1,59,0.7,69763,0.04748176,0.05433538,1.04156621,1.16900014,9
TNG50-1,59,0.7,69763,0.05555453,-0.00625997,1.04156621,1.16900014,10
TNG50-1,59,0.7,69763,-0.04818085,0.07818343,1.04156621,1.16900014,11
TNG50-1,59,0.7,69763,0.10380167,-0.06295493,1.04156621,1.16900014,12
TNG50-1,59,0.7,69763,0.00741867,-0.04858488,1.04156621,1.16900014,13
TNG50-1,59,0.7,69763,0.01200225,0.09318112,1.04156621,1.16900014,14
TNG50-1,59,0.7,184871,0.02889866,-0.01327925,0.57825426,0.32081753,0
TNG50-1,59,0.7,184871,-0.01444437,-0.00351778,0.57825426,0.32081753,1
TNG50-1,59,0.7,184871,-0.00276593,0.02028011,0.57825426,0.32081753,2
TNG50-1,59,0.7,184871,-0.04033156,-0.02101239,0.57825426,0.32081753,3
TNG50-1,59,0.7,184871,0.01382963,0.0659405,0.57825426,0.32081753,4
TNG50-1,59,0.7,184871,0.00986942,-0.10178637,0.57825426,0.32081753,5
TNG50-1,59,0.7,184871,0.00099424,-0.01478628,0.57825426,0.32081753,6
TNG50-1,59,0.7,184871,-0.05798781,0.04005357,0.57825426,0.32081753,7
TNG50-1,59,0.7,184871,0.01323781,-0.04225798,0.57825426,0.32081753,8
TNG50-1,59,0.7,184871,-0.02647557,-0.01200744,0.57825426,0.32081753,9
TNG50-1,59,0.7,184871,-0.04929886,0.02968217,0.57825426,0.32081753,10
TNG50-1,59,0.7,184871,0.06333712,0.07591346,0.57825426,0.32081753,11
TNG50-1,59,0.7,184871,0.10848607,-0.06469691,0.57825426,0.32081753,12
TNG50-1,59,0.7,184871,0.09713101,-0.06840372,0.57825426,0.32081753,13
TNG50-1,59,0.7,184871,0.03250614,-0.04730151,0.57825426,0.32081753,14
TNG50-1,59,0.7,290334,-0.07687679,0.09285522,1.18322899,-1.15049387,0
TNG50-1,59,0.7,290334,-0.07331892,0.02601104,1.18322899,-1.15049387,1
TNG50-1,59,0.7,290334,-0.04863306,0.02705536,1.18322899,-1.15049387,2
TNG50-1,59,0.7,290334,0.06167468,-0.02107499,1.18322899,-1.15049387,3
TNG50-1,59,0.7,290334,-0.01560384,0.04195386,1.18322899,-1.15049387,4
TNG50-1,59,0.7,290334,0.00156876,-0.04784235,1.18322899,-1.15049387,5
TNG50-1,59,0.7,290334,-0.04777321,0.0054502,1.18322899,-1.15049387,6
TNG50-1,59,0.7,290334,0.03167685,0.14416418,1.18322899,-1.15049387,7
TNG50-1,59,0.7,290334,0.0937882,-0.1252095,1.18322899,-1.15049387,8
TNG50-1,59,0.7,290334,-0.04438149,0.01165735,1.18322899,-1.15049387,9
TNG50-1,59,0.7,290334,0.08623742,0.01358115,1.18322899,-1.15049387,10
TNG50-1,59,0.7,290334,0.01822122,-0.01140445,1.18322899,-1.15049387,11
TNG50-1,59,0.7,290334,0.00084317,-0.01022596,1.18322899,-1.15049387,12
TNG50-1,59,0.7,290334,0.02000619,0.00457049,1.18322899,-1.15049387,13
TNG50-1,59,0.7,290334,0.01952632,-0.01260016,1.18322899,-1.15049387,14
TNG50-1,59,0.7,358089,0.01109899,0.05041916,0.29917981,0.60902706,0
TNG50-1,59,0.7,358089,-0.02438054,-0.03431987,0.29917981,0.60902706,1
TNG50-1,59,0.7,358089,0.10111964,-0.04815939,0.29917981,0.60902706,2
TNG50-1,59,0.7,358089,-0.01260069,-0.03561712,0.29917981,0.60902706,3
TNG50-1,59,0.7,358089,0.02848057,-0.02769013,0.29917981,0.60902706,4
TNG50-1,59,0.7,358089,-0.0334518,0.02023367,0.29917981,0.60902706,5
TNG50-1,59,0.7,358089,0.04665715,0.00346919,0.29917981,0.60902706,6
TNG50-1,59,0.7,358089,0.03667339,-0.0547578,0.29917981,0.60902706,7
TNG50-1,59,0.7,358089,0.02096301,-0.00139735,0.29917981,0.60902706,8
TNG50-1,59,0.7,358089,-0.05136677,-0.05717507,0.29917981,0.60902706,9
TNG50-1,59,0.7,358089,-0.03762015,0.03217787,0.29917981,0.60902706,10
TNG50-1,59,0.7,358089,0.08430865,0.04134514,0.29917981,0.60902706,11
TNG50-1,59,0.7,358089,-0.03817369,-0.00119737,0.29917981,0.60902706,12
TNG50-1,59,0.7,358089,0.03204511,0.01358267,0.29917981,0.60902706,13
TNG50-1,59,0.7,358089,-0.04723357,0.08760621,0.29917981,0.60902706,14
TNG50-1,59,0.7,358875,-0.00788015,-0.11396659,0.63399065,1.09222642,0
TNG50-1,59,0.7,358875,-0.0472129,-0.09616836,0.63399065,1.09222642,1
TNG50-1,59,0.7,358875,0.02895976,-0.00808338,0.63399065,1.09222642,2
TNG50-1,59,0.7,358875,-0.05663269,0.01322886,0.63399065,1.09222642,3
TNG50-1,59,0.7,358875,-0.01052845,-0.02255425,0.63399065,1.09222642,4
TNG50-1,59,0.7,358875,-0.0299495,0.07677656,0.63399065,1.09222642,5
TNG50-1,59,0.7,358875,-0.03509099,0.02310508,0.63399065,1.09222642,6
TNG50-1,59,0.7,358875,-0.01250438,-0.0124704,0.63399065,1.09222642,7
TNG50-1,59,0.7,358875,0.04499457,0.0693155,0.63399065,1.09222642,8
TNG50-1,59,0.7,358875,0.05528344,0.07825567,0.63399065,1.09222642,9
TNG50-1,59,0.7,358875,0.04631029,0.02562793,0.63399065,1.09222642,10
TNG50-1,59,0.7,358875,0.0168177,-0.03876288,0.63399065,1.09222642,11
TNG50-1,59,0.7,358875,-0.01288583,-0.02751352,0.63399065,1.09222642,12
TNG50-1,59,0.7,358875,-0.11789125,-0.07233694,0.63399065,1.09222642,13
TNG50-1,59,0.7,358875,0.01838305,-0.00212084,0.63399065,1.09222642,14
TNG50-1,59,0.7,342076,-0.05250207,0.02094473,0.30511069,-0.824556,0
TNG50-1,59,0.7,342076,-0.01645374,0.03408631,0.30511069,-0.824556,1
TNG50-1,59,0.7,342076,0.01303002,-0.03167754,0.30511069,-0.824556,2
TNG50-1,59,0.7,342076,-0.09918543,-0.07878984,0.30511069,-0.824556,3
TNG50-1,59,0.7,342076,-0.06318706,0.06357982,0.30511069,-0.824556,4
TNG50-1,59,0.7,342076,-0.0253424,0.0192723,0.30511069,-0.824556,5
TNG50-1,59,0.7,342076,-0.00262637,-0.04773312,0.30511069,-0.824556,6
TNG50-1,59,0.7,342076,-0.02469454,0.01388525,0.30511069,-0.824556,7
TNG50-1,59,0.7,342076,-0.0135259,0.05339974,0.30511069,-0.824556,8
TNG50-1,59,0.7,342076,-0.03530936,0.08645883,0.30511069,-0.824556,9
TNG50-1,59,0.7,342076,-0.07246999,0.01253051,0.30511069,-0.824556,10
TNG50-1,59,0.7,342076,-0.02673754,0.05298353,0.30511069,-0.824556,11
TNG50-1,59,0.7,342076,-0.01065843,-0.0604801,0.30511069,-0.824556,12
TNG50-1,59,0.7,342076,-0.01551951,-0.00179514,0.30511069,-0.824556,13
TNG50-1,59,0.7,342076,0.0055898,-0.01675063,0.30511069,-0.824556,14
TNG50-1,59,0.7,236586,0.01712849,-0.16286838,0.55681793,-1.09767061,0
TNG50-1,59,0.7,236586,0.0805597,-0.01733843,0.55681793,-1.09767061,1
TNG50-1,59,0.7,236586,0.01249447,-0.04494332,0.55681793,-1.09767061,2
TNG50-1,59,0.7,236586,-0.04688454,-0.01051949,0.55681793,-1.09767061,3
TNG50-1,59,0.7,236586,-0.06317193,8.614e-05,0.55681793,-1.09767061,4
TNG50-1,59,0.7,236586,0.082289,0.0883966,0.55681793,-1.09767061,5
TNG50-1,59,0.7,236586,0.02568967,0.01523545,0.55681793,-1.09767061,6
TNG50-1,59,0.7,236586,0.02240407,0.01670563,0.55681793,-1.09767061,7
TNG50-1,59,0.7,236586,-0.01718657,0.02478069,0.55681793,-1.09767061,8
TNG50-1,59,0.7,236586,0.01339309,0.04359043,0.55681793,-1.09767061,9
TNG50-1,59,0.7,236586,-0.049348,0.02271397,0.55681793,-1.09767061,10
TNG50-1,59,0.7,236586,0.01935992,0.01408565,0.55681793,-1.09767061,11
TNG50-1,59,0.7,236586,-0.05874351,0.03556235,0.55681793,-1.09767061,12
TNG50-1,59,0.7,236586,-0.01796442,-0.12133172,0.55681793,-1.09767061,13
TNG50-1,59,0.7,236586,-0.03214466,0.10445258,0.55681793,-1.09767061,14
TNG50-1,59,0.7,313477,0.07948649,0.05693118,1.28170075,-1.54372442,0
TNG50-1,59,0.7,313477,0.01085679,-0.05120603,1.28170075,-1.54372442,1
TNG50-1,59,0.7,313477,-0.07065032,-0.01409808,1.28170075,-1.54372442,2
TNG50-1,59,0.7,313477,0.06051752,-0.0130956,1.28170075,-1.54372442,3
TNG50-1,59,0.7,313477,-0.03469382,0.02477941,1.28170075,-1.54372442,4
TNG50-1,59,0.7,313477,0.02669205,0.01841872,1.28170075,-1.54372442,5
TNG50-1,59,0.7,313477,-0.06414528,0.03611126,1.28170075,-1.54372442,6
TNG50-1,59,0.7,313477,0.11132034,0.01334153,1.28170075,-1.54372442,7
TNG50-1,59,0.7,313477,-0.07211084,0.03306574,1.28170075,-1.54372442,8
TNG50-1,59,0.7,313477,0.0034493,-0.0448932,1.28170075,-1.54372442,9
TNG50-1,59,0.7,313477,-0.10610936,0.01943993,1.28170075,-1.54372442,10
TNG50-1,59,0.7,313477,-0.00206112,0.0804103,1.28170075,-1.54372442,11
TNG50-1,59,0.7,313477,-0.02126426,-0.08399964,1.28170075,-1.54372442,12
TNG50-1,59,0.7,313477,0.05685917,0.0244504,1.28170075,-1.54372442,13
TNG50-1,59,0.7,313477,-0.02126897,0.03383899,1.28170075,-1.54372442,14
TNG50-1,59,0.7,340937,0.07305932,0.0197693,0.93172268,-1.42235501,0
TNG50-1,59,0.7,340937,0.03630235,-0.04434348,0.93172268,-1.42235501,1
TNG50-1,59,0.7,340937,0.0050158,0.03111638,0.93172268,-1.42235501,2
TNG50-1,59,0.7,340937,0.02150366,0.04751352,0.93172268,-1.42235501,3
TNG50-1,59,0.7,340937,-0.03675189,0.05568166,0.93172268,-1.42235501,4
TNG50-1,59,0.7,340937,-0.0193984,0.08723702,0.93172268,-1.42235501,5
TNG50-1,59,0.7,340937,-0.06678514,0.06181785,0.93172268,-1.42235501,6
TNG50-1,59,0.7,340937,0.07435148,0.08747744,0.93172268,-1.42235501,7
TNG50-1,59,0.7,340937,0.02250787,0.06895302,0.93172268,-1.42235501,8
TNG50-1,59,0.7,340937,-0.04580562,0.07331088,0.93172268,-1.42235501,9
TNG50-1,59,0.7,340937,0.01356785,-0.00204341,0.93172268,-1.42235501,10
TNG50-1,59,0.7,340937,0.05796739,-0.06446632,0.93172268,-1.42235501,11
TNG50-1,59,0.7,340937,0.04963962,0.12411351,0.93172268,-1.42235501,12
TNG50-1,59,0.7,340937,-0.04638193,0.00314765,0.93172268,-1.42235501,13
TNG50-1,59,0.7,340937,-0.15669194,0.0614354,0.93172268,-1.42235501,14
TNG50-1,59,0.7,321630,-0.02751374,0.0368671,1.25805657,0.82388691,0
TNG50-1,59,0.7,321630,0.04819612,-0.00109878,1.25805657,0.82388691,1
TNG50-1,59,0.7,321630,-0.12224817,-0.08099091,1.25805657,0.82388691,2
TNG50-1,59,0.7,321630,-0.02052217,-0.0465592,1.25805657,0.82388691,3
TNG50-1,59,0.7,321630,-0.00492055,0.03156601,1.25805657,0.82388691,4
TNG50-1,59,0.7,321630,0.02313044,0.01769165,1.25805657,0.82388691,5
TNG50-1,59,0.7,321630,0.05360123,-0.09731658,1.25805657,0.82388691,6
TNG50-1,59,0.7,321630,-0.05470715,0.03163063,1.25805657,0.82388691,7
TNG50-1,59,0.7,321630,0.03299841,-0.07842182,1.25805657,0.82388691,8
TNG50-1,59,0.7,321630,0.06133335,0.06770045,1.25805657,0.82388691,9
TNG50-1,59,0.7,321630,0.11729558,0.0104278,1.25805657,0.82388691,10
TNG50-1,59,0.7,321630,0.0353314,-0.02317107,1.25805657,0.82388691,11
TNG50-1,59,0.7,321630,-0.0229753,0.04950772,1.25805657,0.82388691,12
TNG50-1,59,0.7,321630,-0.06358823,0.01767496,1.25805657,0.82388691,13
TNG50-1,59,0.7,321630,0.09146011,0.06624638,1.25805657,0.82388691,14
TNG50-1,59,0.7,104589,0.00402378,-0.04443903,0.58662681,1.530541,0
TNG50-1,59,0.7,104589,0.00694097,-0.06767458,0.58662681,1.530541,1
TNG50-1,59,0.7,104589,-0.01426252,-0.0126194,0.58662681,1.530541,2
TNG50-1,59,0.7,104589,0.01314836,0.03264646,0.58662681,1.530541,3
TNG50-1,59,0.7,104589,0.08489754,0.02083274,0.58662681,1.530541,4
TNG50-1,59,0.7,104589,-0.02513821,-0.04404185,0.58662681,1.530541,5
TNG50-1,59,0.7,104589,0.03239776,0.00684625,0.58662681,1.530541,6
TNG50-1,59,0.7,104589,-0.04402218,0.04435632,0.58662681,1.530541,7
TNG50-1,59,0.7,104589,-0.10333661,-0.05863329,0.58662681,1.530541,8
TNG50-1,59,0.7,104589,0.01037294,0.00315777,0.58662681,1.530541,9
TNG50-1,59,0.7,104589,0.01852027,0.06698205,0.58662681,1.530541,10
TNG50-1,59,0.7,104589,-0.00550256,-0.06374661,0.58662681,1.530541,11
TNG50-1,59,0.7,104589,-0.07479925,0.05777631,0.58662681,1.530541,12
TNG50-1,59,0.7,104589,0.01521505,0.08095937,0.58662681,1.530541,13
TNG50-1,59,0.7,104589,0.01331568,-0.01111028,0.58662681,1.530541,14
TNG50-1,59,0.7,280787,-0.01715043,-0.06977283,0.87213065,-1.42980064,0
TNG50-1,59,0.7,280787,0.05165472,-0.00604934,0.87213065,-1.42980064,1
TNG50-1,59,0.7,280787,-0.00930652,0.0254868,0.87213065,-1.42980064,2
TNG50-1,59,0.7,280787,-0.11765634,-0.00435724,0.87213065,-1.42980064,3
TNG50-1,59,0.7,280787,-0.00493973,-0.05915031,0.87213065,-1.42980064,4
TNG50-1,59,0.7,280787,0.0235202,-0.11934017,0.87213065,-1.42980064,5
TNG50-1,59,0.7,280787,0.03700419,0.07616326,0.87213065,-1.42980064,6
TNG50-1,59,0.7,280787,-0.04403146,0.01240191,0.87213065,-1.42980064,7
TNG50-1,59,0.7,280787,-0.01349006,0.05834005,0.87213065,-1.42980064,8
TNG50-1,59,0.7,280787,0.04884536,0.04643345,0.87213065,-1.42980064,9
TNG50-1,59,0.7,280787,-0.00299993,0.02984234,0.87213065,-1.42980064,10
TNG50-1,59,0.7,280787,-0.0764369,-0.01606687,0.87213065,-1.42980064,11
TNG50-1,59,0.7,280787,0.0618819,0.02448835,0.87213065,-1.42980064,12
TNG50-1,59,0.7,280787,-0.01070555,0.07162685,0.87213065,-1.42980064,13
TNG50-1,59,0.7,280787,0.05456094,0.00415055,0.87213065,-1.42980064,14
TNG50-1,59,0.7,138900,0.09508505,-0.00381263,1.17733528,0.7793379,0
TNG50-1,59,0.7,138900,-0.07497109,0.02210238,1.17733528,0.7793379,1
TNG50-1,59,0.7,138900,-0.08034543,0.02326455,1.17733528,0.7793379,2
TNG50-1,59,0.7,138900,0.04940376,-0.01012052,1.17733528,0.7793379,3
TNG50-1,59,0.7,138900,-0.04093715,0.07128436,1.17733528,0.7793379,4
TNG50-1,59,0.7,138900,0.10216685,0.06957004,1.17733528,0.7793379,5
TNG50-1,59,0.7,138900,0.06686707,0.00778297,1.17733528,0.7793379,6
TNG50-1,59,0.7,138900,0.07937858,-0.02999972,1.17733528,0.7793379,7
TNG50-1,59,0.7,138900,0.04422182,0.0652977,1.17733528,0.7793379,8
TNG50-1,59,0.7,138900,-0.04607918,-0.10112802,1.17733528,0.7793379,9
TNG50-1,59,0.7,138900,-0.08296708,0.02219463,1.17733528,0.7793379,10
TNG50-1,59,0.7,138900,0.07476473,0.03697876,1.17733528,0.7793379,11
TNG50-1,59,0.7,138900,-0.07497841,-0.04141759,1.17733528,0.7793379,12
TNG50-1,59,0.7,138900,0.07924428,0.04868927,1.17733528,0.7793379,13
TNG50-1,59,0.7,138900,0.03348074,-0.00131929,1.17733528,0.7793379,14
TNG50-1,59,0.7,332703,-0.02728501,-0.01509018,0.39490077,-1.34503467,0
TNG50-1,59,0.7,332703,0.04816117,0.01241079,0.39490077,-1.34503467,1
TNG50-1,59,0.7,332703,-0.05428422,-0.00866797,0.39490077,-1.34503467,2
TNG50-1,59,0.7,332703,0.04345967,0.05557264,0.39490077,-1.34503467,3
TNG50-1,59,0.7,332703,-0.09911731,0.00467251,0.39490077,-1.34503467,4
TNG50-1,59,0.7,332703,0.01428522,0.01879833,0.39490077,-1.34503467,5
TNG50-1,59,0.7,332703,0.0021922,-0.0701342,0.39490077,-1.34503467,6
TNG50-1,59,0.7,332703,-0.02698479,0.04716151,0.39490077,-1.34503467,7
TNG50-1,59,0.7,332703,0.01948124,-0.02905868,0.39490077,-1.34503467,8
TNG50-1,59,0.7,332703,-0.00397851,-0.05213268,0.39490077,-1.34503467,9
TNG50-1,59,0.7,332703,0.05273478,0.0823093,0.39490077,-1.34503467,10
TNG50-1,59,0.7,332703,0.02800755,0.03488108,0.39490077,-1.34503467,11
TNG50-1,59,0.7,332703,0.02263471,0.04885479,0.39490077,-1.34503467,12
TNG50-1,59,0.7,332703,0.01459306,0.02272481,0.39490077,-1.34503467,13
TNG50-1,59,0.7,332703,-0.02360832,-0.00465754,0.39490077,-1.34503467,14
TNG50-1,59,0.7,181444,-0.0139802,0.00067607,1.30437647,0.28944381,0
TNG50-1,59,0.7,181444,0.03895551,-0.02887574,1.30437647,0.28944381,1
TNG50-1,59,0.7,181444,0.05662595,0.07112942,1.30437647,0.28944381,2
TNG50-1,59,0.7,181444,-0.00340919,-0.07657421,1.30437647,0.28944381,3
TNG50-1,59,0.7,181444,0.10362714,0.01506551,1.30437647,0.28944381,4
TNG50-1,59,0.7,181444,-0.00986593,-0.00908252,1.30437647,0.28944381,5
TNG50-1,59,0.7,181444,-0.06970042,0.03908773,1.30437647,0.28944381,6
TNG50-1,59,0.7,181444,-0.08607614,-0.00104147,1.30437647,0.28944381,7
TNG50-1,59,0.7,181444,-0.08438877,0.00043219,1.30437647,0.28944381,8
TNG50-1,59,0.7,181444,-0.02069059,-0.01333198,1.30437647,0.28944381,9
TNG50-1,59,0.7,181444,-0.0116009,0.06966282,1.30437647,0.28944381,10
TNG50-1,59,0.7,181444,0.03412998,0.00012029,1.30437647,0.28944381,11
TNG50-1,59,0.7,181444,-0.0014304,0.09848256,1.30437647,0.28944381,12
TNG50-1,59,0.7,181444,0.04216855,0.01361235,1.30437647,0.28944381,13
TNG50-1,59,0.7,181444,0.00224464,0.00108799,1.30437647,0.28944381,14
TNG50-1,59,0.7,379270,-0.00726635,0.07003946,0.89341873,0.80448423,0
TNG50-1,59,0.7,379270,0.02821234,-0.0352142,0.89341873,0.80448423,1
TNG50-1,59,0.7,379270,-0.02941967,0.0227939,0.89341873,0.80448423,2
TNG50-1,59,0.7,379270,0.00728712,-0.01322136,0.89341873,0.80448423,3
TNG50-1,59,0.7,379270,0.00040685,0.02260039,0.89341873,0.80448423,4
TNG50-1,59,0.7,379270,0.01626238,-0.01173981,0.89341873,0.80448423,5
TNG50-1,59,0.7,379270,0.01750152,-0.03946264,0.89341873,0.80448423,6
TNG50-1,59,0.7,379270,0.02009974,-0.01357961,0.89341873,0.80448423,7
TNG50-1,59,0.7,379270,0.00474524,0.07707901,0.89341873,0.80448423,8
TNG50-1,59,0.7,379270,0.07844717,0.02336381,0.89341873,0.80448423,9
TNG50-1,59,0.7,379270,0.02112844,-0.0644425,0.89341873,0.80448423,10
TNG50-1,59,0.7,379270,0.13029931,0.05476914,0.89341873,0.80448423,11
TNG50-1,59,0.7,379270,0.00249257,-0.04457571,0.89341873,0.80448423,12
TNG50-1,59,0.7,379270,0.04794566,0.03716796,0.89341873,0.80448423,13
TNG50-1,59,0.7,379270,-0.03630246,0.02765826,0.89341873,0.80448423,14
TNG50-1,59,0.7,330321,0.03081552,0.03343919,0.71654153,-0.44232243,0
TNG50-1,59,0.7,330321,0.09265946,-0.01523802,0.71654153,-0.44232243,1
TNG50-1,59,0.7,330321,-0.04143205,-0.03993386,0.71654153,-0.44232243,2
TNG50-1,59,0.7,330321,0.03053974,0.01194455,0.71654153,-0.44232243,3
TNG50-1,59,0.7,330321,0.06297943,-0.00151253,0.71654153,-0.44232243,4
TNG50-1,59,0.7,330321,-0.03216709,0.05930695,0.71654153,-0.44232243,5
TNG50-1,59,0.7,330321,-0.03728768,-0.04643094,0.71654153,-0.44232243,6
TNG50-1,59,0.7,330321,-0.01435938,0.1010451,0.71654153,-0.44232243,7
TNG50-1,59,0.7,330321,0.01623665,0.06373885,0.71654153,-0.44232243,8
TNG50-1,59,0.7,330321,-0.07052381,-0.01017618,0.71654153,-0.44232243,9
TNG50-1,59,0.7,330321,0.0275701,0.08989104,0.71654153,-0.44232243,10
TNG50-1,59,0.7,330321,-0.07041934,-0.0391564,0.71654153,-0.44232243,11
TNG50-1,59,0.7,330321,0.06466654,0.01027949,0.71654153,-0.44232243,12
TNG50-1,59,0.7,330321,0.02568834,-0.06382355,0.71654153,-0.44232243,13
TNG50-1,59,0.7,330321,0.09565699,0.09232846,0.71654153,-0.44232243,14
TNG50-1,59,0.7,352219,-0.08236934,0.05016907,1.35140015,-1.53644389,0
TNG50-1,59,0.7,352219,-0.07202208,-0.01006296,1.35140015,-1.53644389,1
TNG50-1,59,0.7,352219,-0.03173566,0.0063773,1.35140015,-1.53644389,2
TNG50-1,59,0.7,352219,0.06611618,0.01872874,1.35140015,-1.53644389,3
TNG50-1,59,0.7,352219,0.04774224,0.01436805,1.35140015,-1.53644389,4
TNG50-1,59,0.7,352219,0.00610253,0.08066358,1.35140015,-1.53644389,5
TNG50-1,59,0.7,352219,0.05094631,0.01847781,1.35140015,-1.53644389,6
TNG50-1,59,0.7,352219,-0.00577069,-0.01519511,1.35140015,-1.53644389,7
TNG50-1,59,0.7,352219,0.02112144,0.02639909,1.35140015,-1.53644389,8
TNG50-1,59,0.7,352219,0.0825863,0.05044254,1.35140015,-1.53644389,9
TNG50-1,59,0.7,352219,-0.01233094,0.03871177,1.35140015,-1.53644389,10
TNG50-1,59,0.7,352219,-0.03831863,0.03594038,1.35140015,-1.53644389,11
TNG50-1,59,0.7,352219,0.02351859,-0.07490251,1.35140015,-1.53644389,12
TNG50-1,59,0.7,352219,0.03701372,-0.12462563,1.35140015,-1.53644389,13
TNG50-1,59,0.7,352219,0.00552239,0.06376323,1.35140015,-1.53644389,14
TNG50-1,59,0.7,172232,0.02194287,-0.04126824,0.85755297,0.29904617,0
TNG50-1,59,0.7,172232,-0.00107887,-0.00817124,0.85755297,0.29904617,1
TNG50-1,59,0.7,172232,0.03471565,-0.04889131,0.85755297,0.29904617,2
TNG50-1,59,0.7,172232,0.0963655,0.0877977,0.85755297,0.29904617,3
TNG50-1,59,0.7,172232,0.07067656,-0.06511858,0.85755297,0.29904617,4
TNG50-1,59,0.7,172232,0.04811103,-0.00985266,0.85755297,0.29904617,5
TNG50-1,59,0.7,172232,-0.04433628,-0.09681092,0.85755297,0.29904617,6
TNG50-1,59,0.7,172232,-0.03783954,0.01482774,0.85755297,0.29904617,7
TNG50-1,59,0.7,172232,-0.11932023,-0.00011919,0.85755297,0.29904617,8
TNG50-1,59,0.7,172232,0.03167567,-0.01783952,0.85755297,0.29904617,9
TNG50-1,59,0.7,172232,0.05543136,-0.04663916,0.85755297,0.29904617,10
TNG50-1,59,0.7,172232,0.0595089,0.00012309,0.85755297,0.29904617,11
TNG50-1,59,0.7,172232,0.03377152,-0.02722304,0.85755297,0.29904617,12
TNG50-1,59,0.7,172232,-0.00770334,-0.00684339,0.85755297,0.29904617,13
TNG50-1,59,0.7,172232,-0.02821387,0.0978715,0.85755297,0.29904617,14
TNG50-1,59,0.7,332100,0.00860886,-0.11784156,0.59002233,1.54329051,0
TNG50-1,59,0.7,332100,0.02664336,-0.05543545,0.59002233,1.54329051,1
TNG50-1,59,0.7,332100,-0.02322324,0.01985124,0.59002233,1.54329051,2
TNG50-1,59,0.7,332100,-0.03922178,0.01188069,0.59002233,1.54329051,3
TNG50-1,59,0.7,332100,-0.00114789,-0.00052119,0.59002233,1.54329051,4
TNG50-1,59,0.7,332100,0.1251963,-0.02651245,0.59002233,1.54329051,5
TNG50-1,59,0.7,332100,-0.01437138,0.04698578,0.59002233,1.54329051,6
TNG50-1,59,0.7,332100,0.01807189,-0.02506733,0.59002233,1.54329051,7
TNG50-1,59,0.7,332100,-0.04141993,0.01539084,0.59002233,1.54329051,8
TNG50-1,59,0.7,332100,-0.1377636,0.00976641,0.59002233,1.54329051,9
TNG50-1,59,0.7,332100,-0.03949157,-0.01842512,0.59002233,1.54329051,10
TNG50-1,59,0.7,332100,0.11903548,-0.0440648,0.59002233,1.54329051,11
TNG50-1,59,0.7,332100,0.02976951,-0.0213665,0.59002233,1.54329051,12
TNG50-1,59,0.7,332100,0.08204621,0.09368109,0.59002233,1.54329051,13
TNG50-1,59,0.7,332100,-0.01738611,0.05562239,0.59002233,1.54329051,14
TNG50-1,59,0.7,334171,0.05101944,-0.00545259,1.34419095,-0.76146732,0
TNG50-1,59,0.7,334171,-0.03932319,-0.01932809,1.34419095,-0.76146732,1
TNG50-1,59,0.7,334171,-0.07188446,0.0022554,1.34419095,-0.76146732,2
TNG50-1,59,0.7,334171,0.05482471,-0.01933159,1.34419095,-0.76146732,3
TNG50-1,59,0.7,334171,0.04523836,0.05631062,1.34419095,-0.76146732,4
TNG50-1,59,0.7,334171,0.00686245,0.04429051,1.34419095,-0.76146732,5
TNG50-1,59,0.7,334171,-0.01852699,0.05440531,1.34419095,-0.76146732,6
TNG50-1,59,0.7,334171,-0.07319723,0.00922599,1.34419095,-0.76146732,7
TNG50-1,59,0.7,334171,0.04337002,-0.02281772,1.34419095,-0.76146732,8
TNG50-1,59,0.7,334171,0.05930676,-0.0004532,1.34419095,-0.76146732,9
TNG50-1,59,0.7,334171,-0.03395462,-0.02128484,1.34419095,-0.76146732,10
TNG50-1,59,0.7,334171,-0.03812998,0.07332983,1.34419095,-0.76146732,11
TNG50-1,59,0.7,334171,0.0620531,0.05011369,1.34419095,-0.76146732,12
TNG50-1,59,0.7,334171,-0.03209322,-0.00457615,1.34419095,-0.76146732,13
TNG50-1,59,0.7,334171,0.08895301,-0.04632375,1.34419095,-0.76146732,14
TNG50-1,59,0.7,338415,0.07704198,-0.00777965,0.94599655,-0.97549192,0
TNG50-1,59,0.7,338415,0.00683421,0.00240041,0.94599655,-0.97549192,1
TNG50-1,59,0.7,338415,-0.00650837,0.1176894,0.94599655,-0.97549192,2
TNG50-1,59,0.7,338415,0.07748264,-0.00777806,0.94599655,-0.97549192,3
TNG50-1,59,0.7,338415,-0.02549744,0.03024738,0.94599655,-0.97549192,4
TNG50-1,59,0.7,338415,-0.01594635,0.03593748,0.94599655,-0.97549192,5
TNG50-1,59,0.7,338415,-0.01153795,-0.00314283,0.94599655,-0.97549192,6
TNG50-1,59,0.7,338415,-0.06582846,0.01368996,0.94599655,-0.97549192,7
TNG50-1,59,0.7,338415,0.01578677,0.00103491,0.94599655,-0.97549192,8
TNG50-1,59,0.7,338415,-0.03811724,0.01012792,0.94599655,-0.97549192,9
TNG50-1,59,0.7,338415,-0.02853609,-0.02932584,0.94599655,-0.97549192,10
TNG50-1,59,0.7,338415,-0.03522177,-0.02471057,0.94599655,-0.97549192,11
TNG50-1,59,0.7,338415,-0.02935351,0.00084611,0.94599655,-0.97549192,12
TNG50-1,59,0.7,338415,-0.04194572,-0.09859518,0.94599655,-0.97549192,13
TNG50-1,59,0.7,338415,0.01236071,0.07480364,0.94599655,-0.97549192,14
TNG50-1,59,0.7,32346,0.1080429,0.0202155,1.18162248,-1.18147165,0
TNG50-1,59,0.7,32346,0.00851751,0.01145037,1.18162248,-1.18147165,1
TNG50-1,59,0.7,32346,0.03327346,-0.03335063,1.18162248,-1.18147165,2
TNG50-1,59,0.7,32346,0.05405288,-0.12930282,1.18162248,-1.18147165,3
TNG50-1,59,0.7,32346,-0.06623349,0.05371961,1.18162248,-1.18147165,4
TNG50-1,59,0.7,32346,0.0464139,-0.02444196,1.18162248,-1.18147165,5
TNG50-1,59,0.7,32346,-0.02132199,0.05848001,1.18162248,-1.18147165,6
TNG50-1,59,0.7,32346,0.11453621,0.01758489,1.18162248,-1.18147165,7
TNG50-1,59,0.7,32346,-0.00941298,0.06001284,1.18162248,-1.18147165,8
TNG50-1,59,0.7,32346,0.04540911,0.04009463,1.18162248,-1.18147165,9
TNG50-1,59,0.7,32346,-0.00892065,-0.12323476,1.18162248,-1.18147165,10
TNG50-1,59,0.7,32346,0.10983464,0.03074478,1.18162248,-1.18147165,11
TNG50-1,59,0.7,32346,-0.02561751,-0.01718377,1.18162248,-1.18147165,12
TNG50-1,59,0.7,32346,0.05825444,0.05825056,1.18162248,-1.18147165,13
TNG50-1,59,0.7,32346,0.03133389,0.02956037,1.18162248,-1.18147165,14
TNG50-1,59,0.7,7,0.03014845,-0.00314154,0.78554652,0.17359065,0
TNG50-1,59,0.7,7,-0.01361214,-0.07607659,0.78554652,0.17359065,1
TNG50-1,59,0.7,7,-0.04563031,0.03506588,0.78554652,0.17359065,2
TNG50-1,59,0.7,7,-0.02164435,-0.02835156,0.78554652,0.17359065,3
TNG50-1,59,0.7,7,-0.08999461,0.01881285,0.78554652,0.17359065,4
TNG50-1,59,0.7,7,-0.02951719,0.0443611,0.78554652,0.17359065,5
TNG50-1,59,0.7,7,-0.07320795,0.01639354,0.78554652,0.17359065,6
TNG50-1,59,0.7,7,-0.07188704,0.03995634,0.78554652,0.17359065,7
TNG50-1,59,0.7,7,0.00582394,-0.10333196,0.78554652,0.17359065,8
TNG50-1,59,0.7,7,0.02670245,-0.02464283,0.78554652,0.17359065,9
TNG50-1,59,0.7,7,-0.00158967,0.05515383,0.78554652,0.17359065,10
TNG50-1,59,0.7,7,-0.02493952,0.02546148,0.78554652,0.17359065,11
TNG50-1,59,0.7,7,-0.04737041,0.09242316,0.78554652,0.17359065,12
TNG50-1,59,0.7,7,-0.01585965,0.08521902,0.78554652,0.17359065,13
TNG50-1,59,0.7,7,-0.04111115,0.01497961,0.78554652,0.17359065,14
TNG50-1,59,0.7,307992,-0.01259893,0.03255331,1.30144354,0.30299122,0
TNG50-1,59,0.7,307992,-0.04792194,0.0069835,1.30144354,0.30299122,1
TNG50-1,59,0.7,307992,-0.02379043,-0.03642114,1.30144354,0.30299122,2
TNG50-1,59,0.7,307992,-0.02041235,-0.03884261,1.30144354,0.30299122,3
TNG50-1,59,0.7,307992,-0.02966246,0.0152952,1.30144354,0.30299122,4
TNG50-1,59,0.7,307992,-0.04591689,0.02143256,1.30144354,0.30299122,5
TNG50-1,59,0.7,307992,0.02007883,-0.01565663,1.30144354,0.30299122,6
TNG50-1,59,0.7,307992,0.08483198,-0.05660028,1.30144354,0.30299122,7
TNG50-1,59,0.7,307992,0.04666284,0.06254826,1.30144354,0.30299122,8
TNG50-1,59,0.7,307992,-0.016121,0.05193023,1.30144354,0.30299122,9
TNG50-1,59,0.7,307992,0.05070144,-0.09936883,1.30144354,0.30299122,10
TNG50-1,59,0.7,307992,0.01733254,0.06697915,1.30144354,0.30299122,11
TNG50-1,59,0.7,307992,-0.00203522,-0.01044879,1.30144354,0.30299122,12
TNG50-1,59,0.7,307992,-0.00515614,0.00949935,1.30144354,0.30299122,13
TNG50-1,59,0.7,307992,-0.00999701,0.05691115,1.30144354,0.30299122,14
TNG50-1,59,0.7,327485,0.08262694,-0.07172104,0.37890029,0.91819591,0
TNG50-1,59,0.7,327485,0.05014326,0.02739555,0.37890029,0.91819591,1
TNG50-1,59,0.7,327485,0.01205152,-0.05244891,0.37890029,0.91819591,2
TNG50-1,59,0.7,327485,-0.06878203,-0.00787184,0.37890029,0.91819591,3
TNG50-1,59,0.7,327485,-0.10131159,0.00743192,0.37890029,0.91819591,4
TNG50-1,59,0.7,327485,0.04390795,0.04222979,0.37890029,0.91819591,5
TNG50-1,59,0.7,327485,0.06710152,-0.01305909,0.37890029,0.91819591,6
TNG50-1,59,0.7,327485,-0.04073224,-0.0183474,0.37890029,0.91819591,7
TNG50-1,59,0.7,327485,-0.013489,-0.01395425,0.37890029,0.91819591,8
TNG50-1,59,0.7,327485,-0.02786329,-0.05399763,0.37890029,0.91819591,9
TNG50-1,59,0.7,327485,-0.029195,0.03161549,0.37890029,0.91819591,10
TNG50-1,59,0.7,327485,0.05374806,0.01406672,0.37890029,0.91819591,11
TNG50-1,59,0.7,327485,0.01091866,0.02175843,0.37890029,0.91819591,12
TNG50-1,59,0.7,327485,-0.01145892,-0.00347715,0.37890029,0.91819591,13
TNG50-1,59,0.7,327485,0.132876,-0.0096439,0.37890029,0.91819591,14
TNG50-1,59,0.7,298387,0.05878002,-0.03829613,0.46284406,0.79505314,0
TNG50-1,59,0.7,298387,0.05108932,-0.05224955,0.46284406,0.79505314,1
TNG50-1,59,0.7,298387,0.07074003,-0.03891566,0.46284406,0.79505314,2
TNG50-1,59,0.7,298387,0.01862972,-0.02794126,0.46284406,0.79505314,3
TNG50-1,59,0.7,298387,0.0676332,-0.00833502,0.46284406,0.79505314,4
TNG50-1,59,0.7,298387,-0.02080413,0.05572732,0.46284406,0.79505314,5
TNG50-1,59,0.7,298387,-0.01004259,-0.04832584,0.46284406,0.79505314,6
TNG50-1,59,0.7,298387,0.05975504,0.11447686,0.46284406,0.79505314,7
TNG50-1,59,0.7,298387,0.04217108,-0.04716501,0.46284406,0.79505314,8
TNG50-1,59,0.7,298387,-0.01452252,-0.07045239,0.46284406,0.79505314,9
TNG50-1,59,0.7,298387,-0.05231291,0.08441524,0.46284406,0.79505314,10
TNG50-1,59,0.7,298387,-0.01019821,0.06606278,0.46284406,0.79505314,11
TNG50-1,59,0.7,298387,-0.03424342,-0.00911744,0.46284406,0.79505314,12
TNG50-1,59,0.7,298387,0.08622517,0.01906662,0.46284406,0.79505314,13
TNG50-1,59,0.7,298387,0.03800203,0.02032846,0.46284406,0.79505314,14
TNG50-1,59,0.7,309616,0.00683562,-0.03592388,1.24440717,1.23320548,0
TNG50-1,59,0.7,309616,-0.06482398,0.04936528,1.24440717,1.23320548,1
TNG50-1,59,0.7,309616,-0.12409836,0.02476973,1.24440717,1.23320548,2
TNG50-1,59,0.7,309616,-0.04223631,0.00460737,1.24440717,1.23320548,3
TNG50-1,59,0.7,309616,0.09080772,0.02291673,1.24440717,1.23320548,4
TNG50-1,59,0.7,309616,0.09277068,-0.00563598,1.24440717,1.23320548,5
TNG50-1,59,0.7,309616,-0.01309185,0.02009311,1.24440717,1.23320548,6
TNG50-1,59,0.7,309616,-0.04789821,0.03631814,1.24440717,1.23320548,7
TNG50-1,59,0.7,309616,0.01390606,0.01716584,1.24440717,1.23320548,8
TNG50-1,59,0.7,309616,0.02194906,0.01454609,1.24440717,1.23320548,9
TNG50-1,59,0.7,309616,0.03003598,0.06964301,1.24440717,1.23320548,10
TNG50-1,59,0.7,309616,-0.12635143,-0.07985536,1.24440717,1.23320548,11
TNG50-1,59,0.7,309616,0.15788781,-0.03989411,1.24440717,1.23320548,12
TNG50-1,59,0.7,309616,0.05662373,0.00132803,1.24440717,1.23320548,13
TNG50-1,59,0.7,309616,-0.00989319,-0.03649338,1.24440717,1.23320548,14
TNG50-1,59,0.7,345857,-0.01980163,0.02020514,1.12425936,0.96061326,0
TNG50-1,59,0.7,345857,0.06438709,0.04120029,1.12425936,0.96061326,1
TNG50-1,59,0.7,345857,-0.00744855,-0.01920416,1.12425936,0.96061326,2
TNG50-1,59,0.7,345857,-0.09146055,0.07541804,1.12425936,0.96061326,3
TNG50-1,59,0.7,345857,-0.02116709,0.03364193,1.12425936,0.96061326,4
TNG50-1,59,0.7,345857,0.00290566,0.00561173,1.12425936,0.96061326,5
TNG50-1,59,0.7,345857,0.00198448,0.03016733,1.12425936,0.96061326,6
TNG50-1,59,0.7,345857,0.02780187,-0.03378802,1.12425936,0.96061326,7
TNG50-1,59,0.7,345857,0.02371943,-0.10543771,1.12425936,0.96061326,8
TNG50-1,59,0.7,345857,-0.0069413,-0.03033482,1.12425936,0.96061326,9
TNG50-1,59,0.7,345857,-0.05965199,0.03737285,1.12425936,0.96061326,10
TNG50-1,59,0.7,345857,-0.02205696,0.0040108,1.12425936,0.96061326,11
TNG50-1,59,0.7,345857,-0.03113883,-0.00684172,1.12425936,0.96061326,12
TNG50-1,59,0.7,345857,-0.01425519,-0.042392,1.12425936,0.96061326,13
TNG50-1,59,0.7,345857,0.03455843,-0.09779129,1.12425936,0.96061326,14
TNG50-1,59,0.7,262484,0.07124228,0.03086048,0.86845076,-0.79398388,0
TNG50-1,59,0.7,262484,-0.01039474,0.01436067,0.86845076,-0.79398388,1
TNG50-1,59,0.7,262484,-0.0214769,0.02742706,0.86845076,-0.79398388,2
TNG50-1,59,0.7,262484,-0.03358231,-0.10229934,0.86845076,-0.79398388,3
TNG50-1,59,0.7,262484,0.06272612,-0.04333801,0.86845076,-0.79398388,4
TNG50-1,59,0.7,262484,0.04406754,0.02846824,0.86845076,-0.79398388,5
TNG50-1,59,0.7,262484,-0.04836197,-0.06374153,0.86845076,-0.79398388,6
TNG50-1,59,0.7,262484,0.05822715,0.01865325,0.86845076,-0.79398388,7
TNG50-1,59,0.7,262484,-0.00725352,-0.06953523,0.86845076,-0.79398388,8
TNG50-1,59,0.7,262484,-0.03052711,0.0008222,0.86845076,-0.79398388,9
TNG50-1,59,0.7,262484,-0.01468062,0.08049952,0.86845076,-0.79398388,10
TNG50-1,59,0.7,262484,-0.03916486,0.03873001,0.86845076,-0.79398388,11
TNG50-1,59,0.7,262484,-0.06604386,-0.09253705,0.86845076,-0.79398388,12
TNG50-1,59,0.7,262484,0.03880655,0.04241857,0.86845076,-0.79398388,13
TNG50-1,59,0.7,262484,-0.01103524,0.09111191,0.86845076,-0.79398388,14
TNG50-1,59,0.7,258554,0.1398508,0.01648275,0.72020728,0.17554404,0
TNG50-1,59,0.7,258554,0.02375379,-0.00431138,0.72020728,0.17554404,1
TNG50-1,59,0.7,258554,-0.068221,0.00304688,0.72020728,0.17554404,2
TNG50-1,59,0.7,258554,0.0217339,0.03659844,0.72020728,0.17554404,3
TNG50-1,59,0.7,258554,0.07980168,-0.01715814,0.72020728,0.17554404,4
TNG50-1,59,0.7,258554,-0.00935441,0.06795889,0.72020728,0.17554404,5
TNG50-1,59,0.7,258554,0.05215545,-0.04946355,0.72020728,0.17554404,6
TNG50-1,59,0.7,258554,-0.04198015,0.09640013,0.72020728,0.17554404,7
TNG50-1,59,0.7,258554,0.01861766,0.05565193,0.72020728,0.17554404,8
TNG50-1,59,0.7,258554,-0.12447898,-0.01779989,0.72020728,0.17554404,9
TNG50-1,59,0.7,258554,-0.04751677,-0.01446594,0.72020728,0.17554404,10
TNG50-1,59,0.7,258554,-0.00030603,0.01033678,0.72020728,0.17554404,11
TNG50-1,59,0.7,258554,-0.01816784,0.02993355,0.72020728,0.17554404,12
TNG50-1,59,0.7,258554,-0.06503087,0.05472741,0.72020728,0.17554404,13
TNG50-1,59,0.7,258554,-0.02498281,-0.06702956,0.72020728,0.17554404,14
TNG50-1,59,0.7,261224,0.02187213,-0.02448788,1.01389,-0.6364491,0
TNG50-1,59,0.7,261224,-0.10582571,0.09073771,1.01389,-0.6364491,1
TNG50-1,59,0.7,261224,-0.00886502,0.02952336,1.01389,-0.6364491,2
TNG50-1,59,0.7,261224,0.07269563,0.06057954,1.01389,-0.6364491,3
TNG50-1,59,0.7,261224,-0.07088045,0.04602909,1.01389,-0.6364491,4
TNG50-1,59,0.7,261224,-0.07996189,-0.00750368,1.01389,-0.6364491,5
TNG50-1,59,0.7,261224,0.01103975,-0.00972236,1.01389,-0.6364491,6
TNG50-1,59,0.7,261224,0.06937146,-0.014881,1.01389,-0.6364491,7
TNG50-1,59,0.7,261224,0.01626977,0.03405511,1.01389,-0.6364491,8
TNG50-1,59,0.7,261224,-0.09523089,-0.03251826,1.01389,-0.6364491,9
TNG50-1,59,0.7,261224,-0.08415642,0.08625165,1.01389,-0.6364491,10
TNG50-1,59,0.7,261224,0.00488732,-0.03729347,1.01389,-0.6364491,11
TNG50-1,59,0.7,261224,-0.05896212,0.01072375,1.01389,-0.6364491,12
TNG50-1,59,0.7,261224,0.00683431,-0.01145404,1.01389,-0.6364491,13
TNG50-1,59,0.7,261224,0.00979976,-0.02253967,1.01389,-0.6364491,14
TNG50-1,59,0.7,69765,0.10861734,-0.07783247,1.2696882,-0.534745,0
TNG50-1,59,0.7,69765,-0.02195272,-0.03512233,1.2696882,-0.534745,1
TNG50-1,59,0.7,69765,-0.01523606,0.04520264,1.2696882,-0.534745,2
TNG50-1,59,0.7,69765,-0.03320668,-0.02122085,1.2696882,-0.534745,3
TNG50-1,59,0.7,69765,0.00205203,-0.01730093,1.2696882,-0.534745,4
TNG50-1,59,0.7,69765,-0.00506532,-0.01827426,1.2696882,-0.534745,5
TNG50-1,59,0.7,69765,-0.05596266,0.06223538,1.2696882,-0.534745,6
TNG50-1,59,0.7,69765,-0.02121849,-0.04641913,1.2696882,-0.534745,7
TNG50-1,59,0.7,69765,0.03048433,0.01385267,1.2696882,-0.534745,8
TNG50-1,59,0.7,69765,0.05134934,-0.00342331,1.2696882,-0.534745,9
TNG50-1,59,0.7,69765,0.00120003,0.00339634,1.2696882,-0.534745,10
TNG50-1,59,0.7,69765,0.00294974,0.01221752,1.2696882,-0.534745,11
TNG50-1,59,0.7,69765,-0.01804975,0.00285825,1.2696882,-0.534745,12
TNG50-1,59,0.7,69765,-0.02512209,0.03965109,1.2696882,-0.534745,13
TNG50-1,59,0.7,69765,-0.04597865,-0.00146287,1.2696882,-0.534745,14
TNG50-1,59,0.7,359874,0.08721882,-0.00512505,1.31363091,1.35699326,0
TNG50-1,59,0.7,359874,0.002224,0.02688336,1.31363091,1.35699326,1
TNG50-1,59,0.7,359874,-0.08517334,-0.00068163,1.31363091,1.35699326,2
TNG50-1,59,0.7,359874,0.03191552,-0.0103836,1.31363091,1.35699326,3
TNG50-1,59,0.7,359874,0.01960484,-0.03400219,1.31363091,1.35699326,4
TNG50-1,59,0.7,359874,0.00162725,-0.05970013,1.31363091,1.35699326,5
TNG50-1,59,0.7,359874,-0.01297857,0.07013506,1.31363091,1.35699326,6
TNG50-1,59,0.7,359874,-0.10573095,0.07836546,1.31363091,1.35699326,7
TNG50-1,59,0.7,359874,-0.0973422,-0.05193515,1.31363091,1.35699326,8
TNG50-1,59,0.7,359874,0.08237596,-0.05520396,1.31363091,1.35699326,9
TNG50-1,59,0.7,359874,-0.02927513,-0.01738866,1.31363091,1.35699326,10
TNG50-1,59,0.7,359874,0.04828102,0.01702175,1.31363091,1.35699326,11
TNG50-1,59,0.7,359874,-0.08015166,-0.00909091,1.31363091,1.35699326,12
TNG50-1,59,0.7,359874,-0.05234291,0.024976,1.31363091,1.35699326,13
TNG50-1,59,0.7,359874,0.03393205,-0.00246245,1.31363091,1.35699326,14
TNG50-1,59,0.7,347066,-0.00573156,-0.05297126,0.20095462,0.57144284,0
TNG50-1,59,0.7,347066,0.12065394,0.01758407,0.20095462,0.57144284,1
TNG50-1,59,0.7,347066,-0.02626016,0.08780372,0.20095462,0.57144284,2
TNG50-1,59,0.7,347066,0.08199734,0.00346948,0.20095462,0.57144284,3
TNG50-1,59,0.7,347066,0.07234315,0.02261485,0.20095462,0.57144284,4
TNG50-1,59,0.7,347066,0.02520468,-0.01174617,0.20095462,0.57144284,5
TNG50-1,59,0.7,347066,-0.09630659,-0.02517351,0.20095462,0.57144284,6
TNG50-1,59,0.7,347066,0.00155287,0.0329138,0.20095462,0.57144284,7
TNG50-1,59,0.7,347066,-0.02573474,-0.00530334,0.20095462,0.57144284,8
TNG50-1,59,0.7,347066,0.00100453,0.02017615,0.20095462,0.57144284,9
TNG50-1,59,0.7,347066,-0.05314834,0.02537534,0.20095462,0.57144284,10
TNG50-1,59,0.7,347066,0.0378129,0.01737584,0.20095462,0.57144284,11
TNG50-1,59,0.7,347066,0.04924925,0.02789277,0.20095462,0.57144284,12
TNG50-1,59,0.7,347066,0.05850122,-0.04265029,0.20095462,0.57144284,13
TNG50-1,59,0.7,347066,-0.01910894,-0.04570147,0.20095462,0.57144284,14
TNG50-1,59,0.7,355595,-0.00213108,-0.06648112,1.00172776,1.49096976,0
TNG50-1,59,0.7,355595,-0.00092807,0.11716786,1.00172776,1.49096976,1
TNG50-1,59,0.7,355595,-0.02611614,0.00104968,1.00172776,1.49096976,2
TNG50-1,59,0.7,355595,0.01205001,0.05254237,1.00172776,1.49096976,3
TNG50-1,59,0.7,355595,0.04541087,-0.02900024,1.00172776,1.49096976,4
TNG50-1,59,0.7,355595,0.05937559,0.02871748,1.00172776,1.49096976,5
TNG50-1,59,0.7,355595,0.07061309,0.00500455,1.00172776,1.49096976,6
TNG50-1,59,0.7,355595,-0.06574008,0.04284042,1.00172776,1.49096976,7
TNG50-1,59,0.7,355595,-0.05814993,-0.00993235,1.00172776,1.49096976,8
TNG50-1,59,0.7,355595,-0.01448227,0.07757818,1.00172776,1.49096976,9
TNG50-1,59,0.7,355595,0.00401433,-0.07460279,1.00172776,1.49096976,10
TNG50-1,59,0.7,355595,-0.0119209,0.04746869,1.00172776,1.49096976,11
TNG50-1,59,0.7,355595,-0.02763197,0.00593599,1.00172776,1.49096976,12
TNG50-1,59,0.7,355595,-0.01522091,-0.05091633,1.00172776,1.49096976,13
TNG50-1,59,0.7,355595,0.02416569,0.09760329,1.00172776,1.49096976,14
TNG50-1,59,0.7,296530,0.09243489,-0.01197859,0.50162025,-0.26102696,0
TNG50-1,59,0.7,296530,-0.10369354,0.01778267,0.50162025,-0.26102696,1
TNG50-1,59,0.7,296530,0.00883922,-0.00967292,0.50162025,-0.26102696,2
TNG50-1,59,0.7,296530,0.03528313,-0.06584854,0.50162025,-0.26102696,3
TNG50-1,59,0.7,296530,0.02208524,0.05810399,0.50162025,-0.26102696,4
TNG50-1,59,0.7,296530,0.07577648,-0.02021993,0.50162025,-0.26102696,5
TNG50-1,59,0.7,296530,0.06538164,0.10099676,0.50162025,-0.26102696,6
TNG50-1,59,0.7,296530,0.01325937,0.0151995,0.50162025,-0.26102696,7
TNG50-1,59,0.7,296530,0.11385518,0.06336037,0.50162025,-0.26102696,8
TNG50-1,59,0.7,296530,0.04684233,0.03154308,0.50162025,-0.26102696,9
TNG50-1,59,0.7,296530,-0.01757072,0.06575281,0.50162025,-0.26102696,10
TNG50-1,59,0.7,296530,-0.02761738,0.02851695,0.50162025,-0.26102696,11
TNG50-1,59,0.7,296530,0.06216708,0.01175844,0.50162025,-0.26102696,12
TNG50-1,59,0.7,296530,-0.03964771,0.0546617,0.50162025,-0.26102696,13
TNG50-1,59,0.7,296530,-0.02048691,0.12429861,0.50162025,-0.26102696,14
TNG50-1,59,0.7,357791,-0.01348985,0.05079501,0.97551746,0.11761361,0
TNG50-1,59,0.7,357791,0.03974635,0.01015492,0.97551746,0.11761361,1
TNG50-1,59,0.7,357791,-0.00026225,-0.0822333,0.97551746,0.11761361,2
TNG50-1,59,0.7,357791,0.02530295,-0.01890604,0.97551746,0.11761361,3
TNG50-1,59,0.7,357791,0.00210793,-0.09022012,0.97551746,0.11761361,4
TNG50-1,59,0.7,357791,-0.10788714,0.03286824,0.97551746,0.11761361,5
TNG50-1,59,0.7,357791,-0.01000934,0.04480999,0.97551746,0.11761361,6
TNG50-1,59,0.7,357791,0.04997775,0.04708511,0.97551746,0.11761361,7
TNG50-1,59,0.7,357791,-0.03826033,0.02445473,0.97551746,0.11761361,8
TNG50-1,59,0.7,357791,0.04604732,0.04839626,0.97551746,0.11761361,9
TNG50-1,59,0.7,357791,0.00918046,-0.07883017,0.97551746,0.11761361,10
TNG50-1,59,0.7,357791,-0.00957453,-0.00537835,0.97551746,0.11761361,11
TNG50-1,59,0.7,357791,0.04529077,-0.0707458,0.97551746,0.11761361,12
TNG50-1,59,0.7,357791,0.03405158,-0.01791648,0.97551746,0.11761361,13
TNG50-1,59,0.7,357791,0.02102735,0.08081259,0.97551746,0.11761361,14
TNG50-1,59,0.7,338901,0.05466186,0.01161995,0.40988026,-0.0404781,0
TNG50-1,59,0.7,338901,0.03311427,0.1095854,0.40988026,-0.0404781,1
TNG50-1,59,0.7,338901,-0.00908101,0.03174999,0.40988026,-0.0404781,2
TNG50-1,59,0.7,338901,-0.04967974,-0.03224785,0.40988026,-0.0404781,3
TNG50-1,59,0.7,338901,0.00935138,0.02596019,0.40988026,-0.0404781,4
TNG50-1,59,0.7,338901,0.05553379,-0.01430387,0.40988026,-0.0404781,5
TNG50-1,59,0.7,338901,0.02049357,0.06333794,0.40988026,-0.0404781,6
TNG50-1,59,0.7,338901,-0.07928454,0.01404886,0.40988026,-0.0404781,7
TNG50-1,59,0.7,338901,0.00523054,0.01899616,0.40988026,-0.0404781,8
TNG50-1,59,0.7,338901,-0.09566641,-0.07211842,0.40988026,-0.0404781,9
TNG50-1,59,0.7,338901,0.04020919,0.00306758,0.40988026,-0.0404781,10
TNG50-1,59,0.7,338901,-0.03465039,-0.00281329,0.40988026,-0.0404781,11
TNG50-1,59,0.7,338901,-0.06115607,-0.05121067,0.40988026,-0.0404781,12
TNG50-1,59,0.7,338901,0.04089653,-0.01107507,0.40988026,-0.0404781,13
TNG50-1,59,0.7,338901,0.02796889,0.02178762,0.40988026,-0.0404781,14
TNG50-1,59,0.7,329661,-0.00021748,0.07814748,1.32733742,-1.2337441,0
TNG50-1,59,0.7,329661,-0.07060498,-0.05765714,1.32733742,-1.2337441,1
TNG50-1,59,0.7,329661,-0.01366084,0.03237131,1.32733742,-1.2337441,2
TNG50-1,59,0.7,329661,-0.02340124,0.06091603,1.32733742,-1.2337441,3
TNG50-1,59,0.7,329661,0.00967568,0.06995137,1.32733742,-1.2337441,4
TNG50-1,59,0.7,329661,0.00427663,-0.03853594,1.32733742,-1.2337441,5
TNG50-1,59,0.7,329661,-0.02058065,0.03286903,1.32733742,-1.2337441,6
TNG50-1,59,0.7,329661,-0.02253317,0.00376015,1.32733742,-1.2337441,7
TNG50-1,59,0.7,329661,0.00336113,0.09235301,1.32733742,-1.2337441,8
TNG50-1,59,0.7,329661,0.04814884,-0.06936458,1.32733742,-1.2337441,9
TNG50-1,59,0.7,329661,0.01393203,-0.03846448,1.32733742,-1.2337441,10
TNG50-1,59,0.7,329661,0.07115347,-0.09053169,1.32733742,-1.2337441,11
TNG50-1,59,0.7,329661,0.05665955,0.00723081,1.32733742,-1.2337441,12
TNG50-1,59,0.7,329661,0.07483412,0.11319201,1.32733742,-1.2337441,13
TNG50-1,59,0.7,329661,0.06843138,-0.00221708,1.32733742,-1.2337441,14
TNG50-1,59,0.7,344331,0.00505167,-0.00623989,1.30535618,-0.82717508,0
TNG50-1,59,0.7,344331,0.02751194,-0.06375088,1.30535618,-0.82717508,1
TNG50-1,59,0.7,344331,-0.00581452,0.02034504,1.30535618,-0.82717508,2
TNG50-1,59,0.7,344331,0.0183013,0.0524541,1.30535618,-0.82717508,3
TNG50-1,59,0.7,344331,0.01961058,-0.03550218,1.30535618,-0.82717508,4
TNG50-1,59,0.7,344331,-0.04227783,0.02175746,1.30535618,-0.82717508,5
TNG50-1,59,0.7,344331,-0.00470234,-0.03145655,1.30535618,-0.82717508,6
TNG50-1,59,0.7,344331,0.03709665,-0.05082878,1.30535618,-0.82717508,7
TNG50-1,59,0.7,344331,0.04642881,0.10277805,1.30535618,-0.82717508,8
TNG50-1,59,0.7,344331,0.06492508,-0.05011166,1.30535618,-0.82717508,9
TNG50-1,59,0.7,344331,0.0167718,-0.06396597,1.30535618,-0.82717508,10
TNG50-1,59,0.7,344331,0.01778929,0.01073577,1.30535618,-0.82717508,11
TNG50-1,59,0.7,344331,0.03750924,0.01342607,1.30535618,-0.82717508,12
TNG50-1,59,0.7,344331,-0.02973851,0.03336161,1.30535618,-0.82717508,13
TNG50-1,59,0.7,344331,-0.03178895,0.1000614,1.30535618,-0.82717508,14
TNG50-1,59,0.7,230670,-0.03885649,-0.02054106,0.39483082,0.08682219,0
TNG50-1,59,0.7,230670,-0.02892184,-0.00078683,0.39483082,0.08682219,1
TNG50-1,59,0.7,230670,0.08044027,0.04792855,0.39483082,0.08682219,2
TNG50-1,59,0.7,230670,0.04695619,0.02307071,0.39483082,0.08682219,3
TNG50-1,59,0.7,230670,0.04000407,0.00304205,0.39483082,0.08682219,4
TNG50-1,59,0.7,230670,-0.02949343,0.01384967,0.39483082,0.08682219,5
TNG50-1,59,0.7,230670,0.05629441,0.03119955,0.39483082,0.08682219,6
TNG50-1,59,0.7,230670,0.04015914,-0.0840853,0.39483082,0.08682219,7
TNG50-1,59,0.7,230670,0.00947686,0.05357921,0.39483082,0.08682219,8
TNG50-1,59,0.7,230670,-0.02924639,-0.04132065,0.39483082,0.08682219,9
TNG50-1,59,0.7,230670,0.00533478,-0.02217552,0.39483082,0.08682219,10
TNG50-1,59,0.7,230670,0.08242434,0.01702177,0.39483082,0.08682219,11
TNG50-1,59,0.7,230670,-0.05469839,-0.00377029,0.39483082,0.08682219,12
TNG50-1,59,0.7,230670,-0.03998995,0.02434652,0.39483082,0.08682219,13
TNG50-1,59,0.7,230670,-0.03139012,0.0070914,0.39483082,0.08682219,14
TNG50-1,59,0.7,346534,-0.01446661,0.04917819,0.3553329,-1.3591337,0
TNG50-1,59,0.7,346534,0.07643791,0.03242689,0.3553329,-1.3591337,1
TNG50-1,59,0.7,346534,0.03540328,-0.01904456,0.3553329,-1.3591337,2
TNG50-1,59,0.7,346534,0.01510587,0.02663036,0.3553329,-1.3591337,3
TNG50-1,59,0.7,346534,0.03462599,-0.00789495,0.3553329,-1.3591337,4
TNG50-1,59,0.7,346534,-0.03526647,-0.05505032,0.3553329,-1.3591337,5
TNG50-1,59,0.7,346534,0.10873859,-0.05452168,0.3553329,-1.3591337,6
TNG50-1,59,0.7,346534,-0.05438186,0.03277208,0.3553329,-1.3591337,7
TNG50-1,59,0.7,346534,0.00565843,0.03017852,0.3553329,-1.3591337,8
TNG50-1,59,0.7,346534,-0.01432131,0.01210057,0.3553329,-1.3591337,9
TNG50-1,59,0.7,346534,-0.01622072,-0.01957583,0.3553329,-1.3591337,10
TNG50-1,59,0.7,346534,-0.02271284,-0.00952158,0.3553329,-1.3591337,11
TNG50-1,59,0.7,346534,-0.0385855,-0.01627766,0.3553329,-1.3591337,12
TNG50-1,59,0.7,346534,0.05941711,-0.08734721,0.3553329,-1.3591337,13
TNG50-1,59,0.7,346534,-0.06023514,0.00306266,0.3553329,-1.3591337,14
TNG50-1,59,0.7,341580,0.02612274,0.02080943,1.13192329,1.35547763,0
TNG50-1,59,0.7,341580,0.00338044,0.08808882,1.13192329,1.35547763,1
TNG50-1,59,0.7,341580,0.08845746,0.01325118,1.13192329,1.35547763,2
TNG50-1,59,0.7,341580,-0.05022811,-0.10796921,1.13192329,1.35547763,3
TNG50-1,59,0.7,341580,-0.03305519,0.0142798,1.13192329,1.35547763,4
TNG50-1,59,0.7,341580,0.00665095,-0.00973194,1.13192329,1.35547763,5
TNG50-1,59,0.7,341580,0.01218834,-0.05505063,1.13192329,1.35547763,6
TNG50-1,59,0.7,341580,-0.09506043,0.01768119,1.13192329,1.35547763,7
TNG50-1,59,0.7,341580,0.0301349,0.04398824,1.13192329,1.35547763,8
TNG50-1,59,0.7,341580,0.01241584,-0.03342467,1.13192329,1.35547763,9
TNG50-1,59,0.7,341580,-0.10596965,-0.08218664,1.13192329,1.35547763,10
TNG50-1,59,0.7,341580,-0.00583546,-0.10058361,1.13192329,1.35547763,11
TNG50-1,59,0.7,341580,-0.04042708,-0.03328425,1.13192329,1.35547763,12
TNG50-1,59,0.7,341580,-0.02266616,-0.00777517,1.13192329,1.35547763,13
TNG50-1,59,0.7,341580,-0.06690504,-0.02580028,1.13192329,1.35547763,14
TNG50-1,59,0.7,336863,-0.0341641,0.07244493,1.09540545,-1.18172993,0
TNG50-1,59,0.7,336863,0.02839498,-0.05300839,1.09540545,-1.18172993,1
TNG50-1,59,0.7,336863,0.0231413,-0.04824136,1.09540545,-1.18172993,2
TNG50-1,59,0.7,336863,0.00997967,0.05621476,1.09540545,-1.18172993,3
TNG50-1,59,0.7,336863,0.04082439,0.00138024,1.09540545,-1.18172993,4
TNG50-1,59,0.7,336863,-0.03281537,-0.03355892,1.09540545,-1.18172993,5
TNG50-1,59,0.7,336863,-0.05472796,0.02759623,1.09540545,-1.18172993,6
TNG50-1,59,0.7,336863,-0.02611668,-0.02192335,1.09540545,-1.18172993,7
TNG50-1,59,0.7,336863,-0.02956514,-0.04187627,1.09540545,-1.18172993,8
TNG50-1,59,0.7,336863,-0.10256447,-0.04326759,1.09540545,-1.18172993,9
TNG50-1,59,0.7,336863,-0.02727843,0.01607747,1.09540545,-1.18172993,10
TNG50-1,59,0.7,336863,0.05524253,0.01029077,1.09540545,-1.18172993,11
TNG50-1,59,0.7,336863,0.04004267,0.07583734,1.09540545,-1.18172993,12
TNG50-1,59,0.7,336863,0.02625919,-0.01450446,1.09540545,-1.18172993,13
TNG50-1,59,0.7,336863,0.0065809,-0.01535747,1.09540545,-1.18172993,14
TNG50-1,59,0.7,301103,0.07198168,-0.01318018,1.00451589,-0.94882147,0
TNG50-1,59,0.7,301103,0.04928234,0.06780218,1.00451589,-0.94882147,1
TNG50-1,59,0.7,301103,0.00724492,0.09438804,1.00451589,-0.94882147,2
TNG50-1,59,0.7,301103,-0.07805064,-0.02072487,1.00451589,-0.94882147,3
TNG50-1,59,0.7,301103,-0.04059274,-0.00853235,1.00451589,-0.94882147,4
TNG50-1,59,0.7,301103,-0.05270474,-0.04184329,1.00451589,-0.94882147,5
TNG50-1,59,0.7,301103,0.00182259,0.03166032,1.00451589,-0.94882147,6
TNG50-1,59,0.7,301103,-0.02541706,0.07642648,1.00451589,-0.94882147,7
TNG50-1,59,0.7,301103,0.08014524,0.06280104,1.00451589,-0.94882147,8
TNG50-1,59,0.7,301103,-0.07857186,-0.00145003,1.00451589,-0.94882147,9
TNG50-1,59,0.7,301103,-0.05806699,-0.04192659,1.00451589,-0.94882147,10
TNG50-1,59,0.7,301103,0.01223144,0.00040985,1.00451589,-0.94882147,11
TNG50-1,59,0.7,301103,0.0260718,0.06903934,1.00451589,-0.94882147,12
TNG50-1,59,0.7,301103,-0.12935681,-0.02002585,1.00451589,-0.94882147,13
TNG50-1,59,0.7,301103,-0.08677051,-0.09077145,1.00451589,-0.94882147,14
TNG50-1,59,0.7,330994,-0.01800046,0.06458185,1.03898019,0.83353121,0
TNG50-1,59,0.7,330994,-0.01395129,-0.02003758,1.03898019,0.83353121,1
TNG50-1,59,0.7,330994,-0.09106491,-0.09468504,1.03898019,0.83353121,2
TNG50-1,59,0.7,330994,0.01160187,-0.01120283,1.03898019,0.83353121,3
TNG50-1,59,0.7,330994,0.02530023,0.02401367,1.03898019,0.83353121,4
TNG50-1,59,0.7,330994,0.09299463,0.01709806,1.03898019,0.83353121,5
TNG50-1,59,0.7,330994,-0.06661885,0.01671113,1.03898019,0.83353121,6
TNG50-1,59,0.7,330994,0.03652607,0.07469945,1.03898019,0.83353121,7
TNG50-1,59,0.7,330994,0.04834181,-0.05573953,1.03898019,0.83353121,8
TNG50-1,59,0.7,330994,0.02598105,-0.02118542,1.03898019,0.83353121,9
TNG50-1,59,0.7,330994,-0.05034008,0.0772527,1.03898019,0.83353121,10
TNG50-1,59,0.7,330994,-0.05324633,-0.09836749,1.03898019,0.83353121,11
TNG50-1,59,0.7,330994,0.00485984,-0.00268472,1.03898019,0.83353121,12
TNG50-1,59,0.7,330994,0.00450888,0.06144606,1.03898019,0.83353121,13
TNG50-1,59,0.7,330994,-0.02797169,0.06070081,1.03898019,0.83353121,14
TNG50-1,59,0.7,374414,0.03300582,0.04565778,1.24092355,-1.26626748,0
TNG50-1,59,0.7,374414,0.03427197,0.0032314,1.24092355,-1.26626748,1
TNG50-1,59,0.7,374414,-0.05205116,0.02002719,1.24092355,-1.26626748,2
TNG50-1,59,0.7,374414,0.06865885,-0.0890327,1.24092355,-1.26626748,3
TNG50-1,59,0.7,374414,-0.06000309,-0.11253728,1.24092355,-1.26626748,4
TNG50-1,59,0.7,374414,-0.05702065,-0.07507121,1.24092355,-1.26626748,5
TNG50-1,59,0.7,374414,0.01939371,0.08728854,1.24092355,-1.26626748,6
TNG50-1,59,0.7,374414,-0.02465072,-0.05740774,1.24092355,-1.26626748,7
TNG50-1,59,0.7,374414,0.01033483,0.03661549,1.24092355,-1.26626748,8
TNG50-1,59,0.7,374414,0.02153835,-0.03209539,1.24092355,-1.26626748,9
TNG50-1,59,0.7,374414,0.08890549,-0.0120015,1.24092355,-1.26626748,10
TNG50-1,59,0.7,374414,0.02168623,-0.00223601,1.24092355,-1.26626748,11
TNG50-1,59,0.7,374414,-0.03092672,0.08218892,1.24092355,-1.26626748,12
TNG50-1,59,0.7,374414,0.0338244,0.02922528,1.24092355,-1.26626748,13
TNG50-1,59,0.7,374414,-0.04158771,0.01925166,1.24092355,-1.26626748,14
TNG50-1,59,0.7,300306,0.06483492,-0.05448843,0.45618296,1.25751074,0
TNG50-1,59,0.7,300306,-0.03165984,-0.01143302,0.45618296,1.25751074,1
TNG50-1,59,0.7,300306,0.05341715,-0.03875604,0.45618296,1.25751074,2
TNG50-1,59,0.7,300306,0.04506513,-0.04402061,0.45618296,1.25751074,3
TNG50-1,59,0.7,300306,0.04449497,0.08478435,0.45618296,1.25751074,4
TNG50-1,59,0.7,300306,-0.00775084,-0.07666774,0.45618296,1.25751074,5
TNG50-1,59,0.7,300306,-0.02186574,0.10115322,0.45618296,1.25751074,6
TNG50-1,59,0.7,300306,-0.04349118,0.01444382,0.45618296,1.25751074,7
TNG50-1,59,0.7,300306,-0.04035912,0.04931191,0.45618296,1.25751074,8
TNG50-1,59,0.7,300306,-0.04585066,0.04341664,0.45618296,1.25751074,9
TNG50-1,59,0.7,300306,0.01834239,0.03084796,0.45618296,1.25751074,10
TNG50-1,59,0.7,300306,-0.01141682,0.08309159,0.45618296,1.25751074,11
TNG50-1,59,0.7,300306,0.02157001,-0.05412083,0.45618296,1.25751074,12
TNG50-1,59,0.7,300306,0.0243941,-0.00781892,0.45618296,1.25751074,13
TNG50-1,59,0.7,300306,-0.0529878,-0.04264235,0.45618296,1.25751074,14
TNG50-1,59,0.7,337387,-0.08480398,-0.02329089,1.18621456,0.70906051,0
TNG50-1,59,0.7,337387,-0.03306206,-0.06888121,1.18621456,0.70906051,1
TNG50-1,59,0.7,337387,0.09362739,0.01818094,1.18621456,0.70906051,2
TNG50-1,59,0.7,337387,-0.00867333,-0.03464024,1.18621456,0.70906051,3
TNG50-1,59,0.7,337387,0.09917579,-0.02946367,1.18621456,0.70906051,4
TNG50-1,59,0.7,337387,0.10429136,-0.00713766,1.18621456,0.70906051,5
TNG50-1,59,0.7,337387,0.14975652,-0.01860716,1.18621456,0.70906051,6
TNG50-1,59,0.7,337387,0.09527465,0.05550212,1.18621456,0.70906051,7
TNG50-1,59,0.7,337387,0.11790659,-0.00833708,1.18621456,0.70906051,8
TNG50-1,59,0.7,337387,0.01625838,0.05802248,1.18621456,0.70906051,9
TNG50-1,59,0.7,337387,0.01141641,0.01030081,1.18621456,0.70906051,10
TNG50-1,59,0.7,337387,0.01474197,-0.00442645,1.18621456,0.70906051,11
TNG50-1,59,0.7,337387,3.11e-06,0.00791102,1.18621456,0.70906051,12
TNG50-1,59,0.7,337387,0.00748316,-0.06458149,1.18621456,0.70906051,13
TNG50-1,59,0.7,337387,0.03760913,0.01690386,1.18621456,0.70906051,14
TNG50-1,59,0.7,350676,0.04245946,0.03253784,0.73577932,-1.35521755,0
TNG50-1,59,0.7,350676,0.04954252,-0.05898404,0.73577932,-1.35521755,1
TNG50-1,59,0.7,350676,-0.0676087,-0.00419093,0.73577932,-1.35521755,2
TNG50-1,59,0.7,350676,-0.07594901,0.017041,0.73577932,-1.35521755,3
TNG50-1,59,0.7,350676,-0.02684093,0.00816177,0.73577932,-1.35521755,4
TNG50-1,59,0.7,350676,0.06923312,-0.08552705,0.73577932,-1.35521755,5
TNG50-1,59,0.7,350676,0.01104877,0.00655912,0.73577932,-1.35521755,6
TNG50-1,59,0.7,350676,-0.03873476,0.03181324,0.73577932,-1.35521755,7
TNG50-1,59,0.7,350676,-0.07264697,0.07897971,0.73577932,-1.35521755,8
TNG50-1,59,0.7,350676,-0.03419947,-0.03343956,0.73577932,-1.35521755,9
TNG50-1,59,0.7,350676,-0.03757756,-0.02727266,0.73577932,-1.35521755,10
TNG50-1,59,0.7,350676,0.04678089,-0.01044334,0.73577932,-1.35521755,11
TNG50-1,59,0.7,350676,0.05062721,0.0145608,0.73577932,-1.35521755,12
TNG50-1,59,0.7,350676,-0.05249509,0.00485089,0.73577932,-1.35521755,13
TNG50-1,59,0.7,350676,0.0376583,0.0302154,0.73577932,-1.35521755,14
TNG50-1,67,0.5,166602,-0.05625933,0.03576287,0.63094957,-0.37787288,0
TNG50-1,67,0.5,166602,0.01984268,-0.14381202,0.63094957,-0.37787288,1
TNG50-1,67,0.5,166602,-0.03711077,-0.00383344,0.63094957,-0.37787288,2
TNG50-1,67,0.5,166602,-0.0071667,-0.05390372,0.63094957,-0.37787288,3
TNG50-1,67,0.5,166602,0.08540068,-0.04146584,0.63094957,-0.37787288,4
TNG50-1,67,0.5,166602,-0.06991214,0.07372931,0.63094957,-0.37787288,5
TNG50-1,67,0.5,166602,-0.01397337,-0.01874028,0.63094957,-0.37787288,6
TNG50-1,67,0.5,166602,-0.06373229,0.09462841,0.63094957,-0.37787288,7
TNG50-1,67,0.5,166602,0.0076534,-0.07038442,0.63094957,-0.37787288,8
TNG50-1,67,0.5,166602,0.05241165,-0.05418354,0.63094957,-0.37787288,9
TNG50-1,67,0.5,166602,0.00848276,0.03811753,0.63094957,-0.37787288,10
TNG50-1,67,0.5,166602,-0.00583579,-0.01706858,0.63094957,-0.37787288,11
TNG50-1,67,0.5,166602,0.06642012,0.01536637,0.63094957,-0.37787288,12
TNG50-1,67,0.5,166602,0.01652512,-0.00561534,0.63094957,-0.37787288,13
TNG50-1,67,0.5,166602,0.0409783,-0.00712881,0.63094957,-0.37787288,14
TNG50-1,67,0.5,92816,-0.0152118,-0.00877217,1.02308027,1.33291614,0
TNG50-1,67,0.5,92816,0.00897467,0.06987094,1.02308027,1.33291614,1
TNG50-1,67,0.5,92816,0.03208191,0.03860557,1.02308027,1.33291614,2
TNG50-1,67,0.5,92816,0.08072111,0.00387883,1.02308027,1.33291614,3
TNG50-1,67,0.5,92816,-0.01012563,0.05726697,1.02308027,1.33291614,4
TNG50-1,67,0.5,92816,-0.01968191,-0.08244531,1.02308027,1.33291614,5
TNG50-1,67,0.5,92816,-0.02612308,-0.00425374,1.02308027,1.33291614,6
TNG50-1,67,0.5,92816,0.07348919,0.00687562,1.02308027,1.33291614,7
TNG50-1,67,0.5,92816,0.03451624,0.03010182,1.02308027,1.33291614,8
TNG50-1,67,0.5,92816,-0.09495167,-0.0857583,1.02308027,1.33291614,9
TNG50-1,67,0.5,92816,-0.09715604,-0.01302035,1.02308027,1.33291614,10
TNG50-1,67,0.5,92816,-0.04150289,0.02002304,1.02308027,1.33291614,11
TNG50-1,67,0.5,92816,0.01150727,0.02385811,1.02308027,1.33291614,12
TNG50-1,67,0.5,92816,-0.00167351,0.05930649,1.02308027,1.33291614,13
TNG50-1,67,0.5,92816,0.02573893,0.03807527,1.02308027,1.33291614,14
TNG50-1,67,0.5,115152,-0.0030423,0.03067553,1.01810026,0.83165566,0
TNG50-1,67,0.5,115152,0.03374869,0.07475081,1.01810026,0.83165566,1
TNG50-1,67,0.5,115152,-0.01006818,-0.08420558,1.01810026,0.83165566,2
TNG50-1,67,0.5,115152,0.0073387,0.0756919,1.01810026,0.83165566,3
TNG50-1,67,0.5,115152,0.03974012,0.09252084,1.01810026,0.83165566,4
TNG50-1,67,0.5,115152,-0.00226504,0.02840353,1.01810026,0.83165566,5
TNG50-1,67,0.5,115152,0.01809948,0.02960675,1.01810026,0.83165566,6
TNG50-1,67,0.5,115152,0.04806544,-0.01208224,1.01810026,0.83165566,7
TNG50-1,67,0.5,115152,0.03560824,0.0003162,1.01810026,0.83165566,8
TNG50-1,67,0.5,115152,0.06167359,0.03489761,1.01810026,0.83165566,9
TNG50-1,67,0.5,115152,0.11642241,0.03167762,1.01810026,0.83165566,10
TNG50-1,67,0.5,115152,0.03514639,0.03603549,1.01810026,0.83165566,11
TNG50-1,67,0.5,115152,-0.02306463,0.03133343,1.01810026,0.83165566,12
TNG50-1,67,0.5,115152,0.02559115,0.0449195,1.01810026,0.83165566,13
TNG50-1,67,0.5,115152,0.02344092,0.03933243,1.01810026,0.83165566,14
TNG50-1,67,0.5,178497,-0.05121743,0.03668077,1.19315383,-0.16529781,0
TNG50-1,67,0.5,178497,0.0416134,-0.0421269,1.19315383,-0.16529781,1
TNG50-1,67,0.5,178497,0.09292933,0.00550488,1.19315383,-0.16529781,2
TNG50-1,67,0.5,178497,-0.00133134,0.10713936,1.19315383,-0.16529781,3
TNG50-1,67,0.5,178497,0.074974,-0.02500068,1.19315383,-0.16529781,4
TNG50-1,67,0.5,178497,-0.04586476,0.04269131,1.19315383,-0.16529781,5
TNG50-1,67,0.5,178497,-0.00148813,0.02619022,1.19315383,-0.16529781,6
TNG50-1,67,0.5,178497,-0.03205791,-0.0081883,1.19315383,-0.16529781,7
TNG50-1,67,0.5,178497,0.06896106,0.01108275,1.19315383,-0.16529781,8
TNG50-1,67,0.5,178497,0.08202383,0.087631,1.19315383,-0.16529781,9
TNG50-1,67,0.5,178497,-0.00495981,0.02767986,1.19315383,-0.16529781,10
TNG50-1,67,0.5,178497,0.05855308,0.03549093,1.19315383,-0.16529781,11
TNG50-1,67,0.5,178497,0.08253133,0.08004311,1.19315383,-0.16529781,12
TNG50-1,67,0.5,178497,-0.00164594,-0.01447052,1.19315383,-0.16529781,13
TNG50-1,67,0.5,178497,0.00648758,-0.05234575,1.19315383,-0.16529781,14
TNG50-1,67,0.5,216072,0.08841737,0.02739368,1.22427915,0.78387442,0
TNG50-1,67,0.5,216072,0.00682609,-0.04391065,1.22427915,0.78387442,1
TNG50-1,67,0.5,216072,0.04468004,0.03609819,1.22427915,0.78387442,2
TNG50-1,67,0.5,216072,-0.03811646,-0.00578195,1.22427915,0.78387442,3
TNG50-1,67,0.5,216072,0.01942632,-0.01625616,1.22427915,0.78387442,4
TNG50-1,67,0.5,216072,-0.05484664,-0.00455318,1.22427915,0.78387442,5
TNG50-1,67,0.5,216072,0.00318699,0.12797642,1.22427915,0.78387442,6
TNG50-1,67,0.5,216072,-0.03239616,-0.03794008,1.22427915,0.78387442,7
TNG50-1,67,0.5,216072,-0.04388272,0.01132793,1.22427915,0.78387442,8
TNG50-1,67,0.5,216072,-0.01515613,0.03906844,1.22427915,0.78387442,9
TNG50-1,67,0.5,216072,-0.11466953,-0.04812064,1.22427915,0.78387442,10
TNG50-1,67,0.5,216072,-0.05799512,-0.07971289,1.22427915,0.78387442,11
TNG50-1,67,0.5,216072,0.03912071,-0.03005491,1.22427915,0.78387442,12
TNG50-1,67,0.5,216072,0.01738332,0.03797316,1.22427915,0.78387442,13
TNG50-1,67,0.5,216072,-0.05370935,-0.01710017,1.22427915,0.78387442,14
TNG50-1,67,0.5,199396,-0.0115553,-0.03399396,0.86825233,1.49352673,0
TNG50-1,67,0.5,199396,0.04553848,-0.08054759,0.86825233,1.49352673,1
TNG50-1,67,0.5,199396,-0.04031715,-0.06478864,0.86825233,1.49352673,2
TNG50-1,67,0.5,199396,-0.00443777,0.03354935,0.86825233,1.49352673,3
TNG50-1,67,0.5,199396,-0.07569205,-0.07231416,0.86825233,1.49352673,4
TNG50-1,67,0.5,199396,0.01603595,0.01561643,0.86825233,1.49352673,5
TNG50-1,67,0.5,199396,0.01147535,0.00128713,0.86825233,1.49352673,6
TNG50-1,67,0.5,199396,0.03977681,-0.02657641,0.86825233,1.49352673,7
TNG50-1,67,0.5,199396,-0.05726281,0.0113675,0.86825233,1.49352673,8
TNG50-1,67,0.5,199396,-0.00959438,-0.04688308,0.86825233,1.49352673,9
TNG50-1,67,0.5,199396,-0.06392352,0.04204222,0.86825233,1.49352673,10
TNG50-1,67,0.5,199396,-0.01230533,-0.03491701,0.86825233,1.49352673,11
TNG50-1,67,0.5,199396,0.0740894,-0.01931834,0.86825233,1.49352673,12
TNG50-1,67,0.5,199396,-0.01603764,-0.02526755,0.86825233,1.49352673,13
TNG50-1,67,0.5,199396,-0.06829599,0.03447368,0.86825233,1.49352673,14
TNG50-1,67,0.5,173133,0.0272222,-0.07531503,1.20428762,-0.12258235,0
TNG50-1,67,0.5,173133,-0.13108506,-0.01700587,1.20428762,-0.12258235,1
TNG50-1,67,0.5,173133,0.01271215,-0.02961504,1.20428762,-0.12258235,2
TNG50-1,67,0.5,173133,-0.08722964,0.10026339,1.20428762,-0.12258235,3
TNG50-1,67,0.5,173133,-0.01706609,-0.02689306,1.20428762,-0.12258235,4
TNG50-1,67,0.5,173133,-0.0054087,-0.02399054,1.20428762,-0.12258235,5
TNG50-1,67,0.5,173133,-0.01760291,-0.05153825,1.20428762,-0.12258235,6
TNG50-1,67,0.5,173133,0.02504096,0.00046609,1.20428762,-0.12258235,7
TNG50-1,67,0.5,173133,0.03600383,0.01350835,1.20428762,-0.12258235,8
TNG50-1,67,0.5,173133,-0.03867329,-0.04429099,1.20428762,-0.12258235,9
TNG50-1,67,0.5,173133,-0.04048985,0.04943614,1.20428762,-0.12258235,10
TNG50-1,67,0.5,173133,-0.00179848,0.01355318,1.20428762,-0.12258235,11
TNG50-1,67,0.5,173133,-0.0771866,0.04259496,1.20428762,-0.12258235,12
TNG50-1,67,0.5,173133,-0.0238489,-0.01640678,1.20428762,-0.12258235,13
TNG50-1,67,0.5,173133,0.06740389,0.01215922,1.20428762,-0.12258235,14
TNG50-1,67,0.5,139867,-0.01065482,0.00164422,1.3469489,0.44775828,0
TNG50-1,67,0.5,139867,0.07288408,-0.04504867,1.3469489,0.44775828,1
TNG50-1,67,0.5,139867,0.00581321,-0.02481206,1.3469489,0.44775828,2
TNG50-1,67,0.5,139867,0.0004377,-0.05971403,1.3469489,0.44775828,3
TNG50-1,67,0.5,139867,-0.0229121,-0.02016183,1.3469489,0.44775828,4
TNG50-1,67,0.5,139867,-0.02579818,-0.05620518,1.3469489,0.44775828,5
TNG50-1,67,0.5,139867,0.0118861,0.03789542,1.3469489,0.44775828,6
TNG50-1,67,0.5,139867,0.04097937,0.0239614,1.3469489,0.44775828,7
TNG50-1,67,0.5,139867,-0.0342279,0.00751146,1.3469489,0.44775828,8
TNG50-1,67,0.5,139867,0.00632896,-0.0150971,1.3469489,0.44775828,9
TNG50-1,67,0.5,139867,0.00920847,-0.10188434,1.3469489,0.44775828,10
TNG50-1,67,0.5,139867,0.01791818,-0.02291033,1.3469489,0.44775828,11
TNG50-1,67,0.5,139867,-0.08537482,-0.03807283,1.3469489,0.44775828,12
TNG50-1,67,0.5,139867,-0.04623663,0.01236371,1.3469489,0.44775828,13
TNG50-1,67,0.5,139867,-0.06829223,0.03098536,1.3469489,0.44775828,14
TNG50-1,67,0.5,3,0.01623163,0.04400439,0.65716954,1.31527368,0
TNG50-1,67,0.5,3,0.06315192,0.0274935,0.65716954,1.31527368,1
TNG50-1,67,0.5,3,-0.02841571,0.04419878,0.65716954,1.31527368,2
TNG50-1,67,0.5,3,-0.03048879,0.02256872,0.65716954,1.31527368,3
TNG50-1,67,0.5,3,0.05189391,0.02774453,0.65716954,1.31527368,4
TNG50-1,67,0.5,3,0.00831082,-0.03658189,0.65716954,1.31527368,5
TNG50-1,67,0.5,3,-0.01234994,0.09051769,0.65716954,1.31527368,6
TNG50-1,67,0.5,3,0.09232606,-0.06168383,0.65716954,1.31527368,7
TNG50-1,67,0.5,3,0.02888653,0.01546888,0.65716954,1.31527368,8
TNG50-1,67,0.5,3,-0.00952721,-0.06683835,0.65716954,1.31527368,9
TNG50-1,67,0.5,3,-0.03429724,-0.00490644,0.65716954,1.31527368,10
TNG50-1,67,0.5,3,0.06632563,-0.02856468,0.65716954,1.31527368,11
TNG50-1,67,0.5,3,0.01034985,0.00678779,0.65716954,1.31527368,12
TNG50-1,67,0.5,3,0.00122585,0.01708788,0.65716954,1.31527368,13
TNG50-1,67,0.5,3,0.03381382,-0.04781669,0.65716954,1.31527368,14
TNG50-1,67,0.5,194783,-0.00147072,-0.06828415,1.075895,-0.78956184,0
TNG50-1,67,0.5,194783,0.06968371,0.0700847,1.075895,-0.78956184,1
TNG50-1,67,0.5,194783,-0.06561325,-0.03072,1.075895,-0.78956184,2
TNG50-1,67,0.5,194783,-0.04270269,-0.01633368,1.075895,-0.78956184,3
TNG50-1,67,0.5,194783,0.04303773,-0.08073171,1.075895,-0.78956184,4
TNG50-1,67,0.5,194783,0.00387774,-0.0131193,1.075895,-0.78956184,5
TNG50-1,67,0.5,194783,0.00755775,0.04332609,1.075895,-0.78956184,6
TNG50-1,67,0.5,194783,0.05111512,0.01264785,1.075895,-0.78956184,7
TNG50-1,67,0.5,194783,-0.03970344,-0.0053932,1.075895,-0.78956184,8
TNG50-1,67,0.5,194783,-0.02596676,-0.07824428,1.075895,-0.78956184,9
TNG50-1,67,0.5,194783,-0.03213209,-0.0163976,1.075895,-0.78956184,10
TNG50-1,67,0.5,194783,-0.01741015,0.00734574,1.075895,-0.78956184,11
TNG50-1,67,0.5,194783,0.0669761,-0.04959124,1.075895,-0.78956184,12
TNG50-1,67,0.5,194783,-0.085054,0.03274456,1.075895,-0.78956184,13
TNG50-1,67,0.5,194783,-0.05971094,0.04425343,1.075895,-0.78956184,14
TNG50-1,67,0.5,2,-0.02643244,-0.09479059,1.07242481,1.2144075,0
TNG50-1,67,0.5,2,0.03629161,-0.04869467,1.07242481,1.2144075,1
TNG50-1,67,0.5,2,-0.00548698,0.0334964,1.07242481,1.2144075,2
TNG50-1,67,0.5,2,0.0573569,0.02763881,1.07242481,1.2144075,3
TNG50-1,67,0.5,2,0.10170753,-0.05292711,1.07242481,1.2144075,4
TNG50-1,67,0.5,2,-0.05468327,0.0279851,1.07242481,1.2144075,5
TNG50-1,67,0.5,2,0.03847422,0.06634335,1.07242481,1.2144075,6
TNG50-1,67,0.5,2,0.06524823,-0.00245133,1.07242481,1.2144075,7
TNG50-1,67,0.5,2,-0.04853402,-0.05039805,1.07242481,1.2144075,8
TNG50-1,67,0.5,2,-0.02875603,0.04374771,1.07242481,1.2144075,9
TNG50-1,67,0.5,2,-0.02931885,0.08615227,1.07242481,1.2144075,10
TNG50-1,67,0.5,2,-0.00663906,-0.04430702,1.07242481,1.2144075,11
TNG50-1,67,0.5,2,-0.01781828,0.0019626,1.07242481,1.2144075,12
TNG50-1,67,0.5,2,-0.00991423,0.05450778,1.07242481,1.2144075,13
TNG50-1,67,0.5,2,0.04189942,0.00576794,1.07242481,1.2144075,14
TNG50-1,67,0.5,131715,-0.08736482,-0.00524908,1.0246736,-1.26435059,0
TNG50-1,67,0.5,131715,0.02217089,-0.0063082,1.0246736,-1.26435059,1
TNG50-1,67,0.5,131715,-0.04894043,0.02146599,1.0246736,-1.26435059,2
TNG50-1,67,0.5,131715,-0.06353613,0.0550825,1.0246736,-1.26435059,3
TNG50-1,67,0.5,131715,-0.0863874,0.01719527,1.0246736,-1.26435059,4
TNG50-1,67,0.5,131715,0.05952036,-0.04054419,1.0246736,-1.26435059,5
TNG50-1,67,0.5,131715,-0.04173557,-0.10905779,1.0246736,-1.26435059,6
TNG50-1,67,0.5,131715,0.01666681,-0.03844686,1.0246736,-1.26435059,7
TNG50-1,67,0.5,131715,0.02894772,-0.06722452,1.0246736,-1.26435059,8
TNG50-1,67,0.5,131715,0.00809095,-0.03651861,1.0246736,-1.26435059,9
TNG50-1,67,0.5,131715,0.01482854,0.01211385,1.0246736,-1.26435059,10
TNG50-1,67,0.5,131715,0.0190524,0.00421953,1.0246736,-1.26435059,11
TNG50-1,67,0.5,131715,0.00690488,0.09290888,1.0246736,-1.26435059,12
TNG50-1,67,0.5,131715,-0.03800798,0.02415408,1.0246736,-1.26435059,13
TNG50-1,67,0.5,131715,-0.04246686,0.09545836,1.0246736,-1.26435059,14
TNG50-1,67,0.5,202856,0.03575697,0.03002222,0.59126809,0.46636368,0
TNG50-1,67,0.5,202856,0.05428534,0.02872215,0.59126809,0.46636368,1
TNG50-1,67,0.5,202856,-0.01794511,-0.0330413,0.59126809,0.46636368,2
TNG50-1,67,0.5,202856,-0.05372546,-0.06519708,0.59126809,0.46636368,3
TNG50-1,67,0.5,202856,-0.02244799,-0.02878117,0.59126809,0.46636368,4
TNG50-1,67,0.5,202856,-0.00059348,0.03278224,0.59126809,0.46636368,5
TNG50-1,67,0.5,202856,-0.03140794,0.04445981,0.59126809,0.46636368,6
TNG50-1,67,0.5,202856,-0.05005712,0.0176445,0.59126809,0.46636368,7
TNG50-1,67,0.5,202856,0.02084188,0.0600718,0.59126809,0.46636368,8
TNG50-1,67,0.5,202856,-0.05026986,0.08646011,0.59126809,0.46636368,9
TNG50-1,67,0.5,202856,-0.0766746,-0.0241614,0.59126809,0.46636368,10
TNG50-1,67,0.5,202856,-0.05610431,0.07432816,0.59126809,0.46636368,11
TNG50-1,67,0.5,202856,-0.01171777,-0.01302748,0.59126809,0.46636368,12
TNG50-1,67,0.5,202856,-0.04954596,0.05099243,0.59126809,0.46636368,13
TNG50-1,67,0.5,202856,-0.0114045,0.03542862,0.59126809,0.46636368,14
TNG50-1,67,0.5,211991,-0.09885292,0.02137315,1.12643986,0.88856227,0
TNG50-1,67,0.5,211991,-0.04831136,-0.00256015,1.12643986,0.88856227,1
TNG50-1,67,0.5,211991,-0.0610644,-0.07964773,1.12643986,0.88856227,2
TNG50-1,67,0.5,211991,-0.08910235,0.04488582,1.12643986,0.88856227,3
TNG50-1,67,0.5,211991,0.04396575,-0.06423126,1.12643986,0.88856227,4
TNG50-1,67,0.5,211991,0.10343859,0.03096928,1.12643986,0.88856227,5
TNG50-1,67,0.5,211991,-0.01288363,0.03778683,1.12643986,0.88856227,6
TNG50-1,67,0.5,211991,0.04270783,-0.05702161,1.12643986,0.88856227,7
TNG50-1,67,0.5,211991,0.07423127,-0.03039004,1.12643986,0.88856227,8
TNG50-1,67,0.5,211991,0.01041659,0.10607373,1.12643986,0.88856227,9
TNG50-1,67,0.5,211991,-0.00126565,-0.00397411,1.12643986,0.88856227,10
TNG50-1,67,0.5,211991,-0.0122844,-0.06101068,1.12643986,0.88856227,11
TNG50-1,67,0.5,211991,0.02687794,0.04004396,1.12643986,0.88856227,12
TNG50-1,67,0.5,211991,0.0437347,-0.03863376,1.12643986,0.88856227,13
TNG50-1,67,0.5,211991,0.02309025,-0.0960262,1.12643986,0.88856227,14
TNG50-1,67,0.5,241010,0.02598848,-0.01803081,0.66962924,0.36004606,0
TNG50-1,67,0.5,241010,-0.04583089,0.06690045,0.66962924,0.36004606,1
TNG50-1,67,0.5,241010,0.01605942,-0.00766595,0.66962924,0.36004606,2
TNG50-1,67,0.5,241010,-0.0406345,-0.06124109,0.66962924,0.36004606,3
TNG50-1,67,0.5,241010,0.03536021,-0.04137905,0.66962924,0.36004606,4
TNG50-1,67,0.5,241010,0.00917492,0.04825255,0.66962924,0.36004606,5
TNG50-1,67,0.5,241010,-0.12946043,-0.00836287,0.66962924,0.36004606,6
TNG50-1,67,0.5,241010,0.01910063,-0.01103559,0.66962924,0.36004606,7
TNG50-1,67,0.5,241010,-0.01448657,0.05300938,0.66962924,0.36004606,8
TNG50-1,67,0.5,241010,0.07083588,-0.04573816,0.66962924,0.36004606,9
TNG50-1,67,0.5,241010,0.01976039,-0.11175881,0.66962924,0.36004606,10
TNG50-1,67,0.5,241010,0.03780789,-0.04264333,0.66962924,0.36004606,11
TNG50-1,67,0.5,241010,-0.03552704,0.01210445,0.66962924,0.36004606,12
TNG50-1,67,0.5,241010,-0.03950339,-0.01247558,0.66962924,0.36004606,13
TNG50-1,67,0.5,241010,-0.00128247,-0.07802148,0.66962924,0.36004606,14
TNG50-1,67,0.5,190042,0.05080298,-0.04752644,0.37340159,-0.01402783,0
TNG50-1,67,0.5,190042,0.00817485,-0.00229891,0.37340159,-0.01402783,1
TNG50-1,67,0.5,190042,0.01945073,0.01242547,0.37340159,-0.01402783,2
TNG50-1,67,0.5,190042,0.02098051,0.04503956,0.37340159,-0.01402783,3
TNG50-1,67,0.5,190042,-0.06492621,-0.08378091,0.37340159,-0.01402783,4
TNG50-1,67,0.5,190042,0.01514395,-0.11048112,0.37340159,-0.01402783,5
TNG50-1,67,0.5,190042,0.04537269,0.00190743,0.37340159,-0.01402783,6
TNG50-1,67,0.5,190042,0.05701551,-0.12657084,0.37340159,-0.01402783,7
TNG50-1,67,0.5,190042,0.03606317,0.00792862,0.37340159,-0.01402783,8
TNG50-1,67,0.5,190042,0.02565648,0.02961039,0.37340159,-0.01402783,9
TNG50-1,67,0.5,190042,-0.08687106,0.061804,0.37340159,-0.01402783,10
TNG50-1,67,0.5,190042,-0.00074673,-0.03112841,0.37340159,-0.01402783,11
TNG50-1,67,0.5,190042,-0.04782872,0.00805908,0.37340159,-0.01402783,12
TNG50-1,67,0.5,190042,0.06410839,0.03257549,0.37340159,-0.01402783,13
TNG50-1,67,0.5,190042,0.05651897,-0.058786,0.37340159,-0.01402783,14
TNG50-1,67,0.5,244815,0.04576739,0.01068902,0.78789917,0.36865679,0
TNG50-1,67,0.5,244815,0.01371712,-0.038485,0.78789917,0.36865679,1
TNG50-1,67,0.5,244815,-0.03027232,-0.08021564,0.78789917,0.36865679,2
TNG50-1,67,0.5,244815,0.00706903,-0.02986126,0.78789917,0.36865679,3
TNG50-1,67,0.5,244815,-0.00696672,-0.00251584,0.78789917,0.36865679,4
TNG50-1,67,0.5,244815,0.0390037,0.02607044,0.78789917,0.36865679,5
TNG50-1,67,0.5,244815,-0.018023,0.007474,0.78789917,0.36865679,6
TNG50-1,67,0.5,244815,0.01135452,0.04538373,0.78789917,0.36865679,7
TNG50-1,67,0.5,244815,-0.03104658,-0.04905831,0.78789917,0.36865679,8
TNG50-1,67,0.5,244815,-0.04689214,-0.01883492,0.78789917,0.36865679,9
TNG50-1,67,0.5,244815,0.00857664,0.08221834,0.78789917,0.36865679,10
TNG50-1,67,0.5,244815,-0.04483838,-0.096554,0.78789917,0.36865679,11
TNG50-1,67,0.5,244815,0.04002901,-0.02259772,0.78789917,0.36865679,12
TNG50-1,67,0.5,244815,0.02961163,-0.0535747,0.78789917,0.36865679,13
TNG50-1,67,0.5,244815,-0.03825572,-0.00976992,0.78789917,0.36865679,14
TNG50-1,67,0.5,229146,-0.02172237,0.02765748,1.02432963,-1.09433073,0
TNG50-1,67,0.5,229146,0.03010777,-0.02381937,1.02432963,-1.09433073,1
TNG50-1,67,0.5,229146,0.01277603,-0.00548526,1.02432963,-1.09433073,2
TNG50-1,67,0.5,229146,-0.06528088,0.07328615,1.02432963,-1.09433073,3
TNG50-1,67,0.5,229146,-0.0294081,-0.06307586,1.02432963,-1.09433073,4
TNG50-1,67,0.5,229146,-5.85e-06,0.01363596,1.02432963,-1.09433073,5
TNG50-1,67,0.5,229146,0.03696904,0.03969608,1.02432963,-1.09433073,6
TNG50-1,67,0.5,229146,0.12164781,0.00851682,1.02432963,-1.09433073,7
TNG50-1,67,0.5,229146,0.03513979,-0.08070962,1.02432963,-1.09433073,8
TNG50-1,67,0.5,229146,-0.050625,0.06751983,1.02432963,-1.09433073,9
TNG50-1,67,0.5,229146,-0.00469226,-0.0105677,1.02432963,-1.09433073,10
TNG50-1,67,0.5,229146,0.00904881,-0.02637704,1.02432963,-1.09433073,11
TNG50-1,67,0.5,229146,-0.02596954,-0.01552414,1.02432963,-1.09433073,12
TNG50-1,67,0.5,229146,0.02351289,-0.01910732,1.02432963,-1.09433073,13
TNG50-1,67,0.5,229146,-0.11356885,-0.05950898,1.02432963,-1.09433073,14
TNG50-1,67,0.5,146970,0.00824753,-0.00661624,0.68289172,-0.89356097,0
TNG50-1,67,0.5,146970,-0.02986165,-0.05350425,0.68289172,-0.89356097,1
TNG50-1,67,0.5,146970,0.03354441,-0.00482897,0.68289172,-0.89356097,2
TNG50-1,67,0.5,146970,0.02587977,0.0355981,0.68289172,-0.89356097,3
TNG50-1,67,0.5,146970,0.08128347,-0.06866304,0.68289172,-0.89356097,4
TNG50-1,67,0.5,146970,-0.01058166,0.01465003,0.68289172,-0.89356097,5
TNG50-1,67,0.5,146970,-0.04016249,0.0584249,0.68289172,-0.89356097,6
TNG50-1,67,0.5,146970,-0.07348712,0.02001101,0.68289172,-0.89356097,7
TNG50-1,67,0.5,146970,0.10966717,-0.00378082,0.68289172,-0.89356097,8
TNG50-1,67,0.5,146970,0.0331054,-0.03340509,0.68289172,-0.89356097,9
TNG50-1,67,0.5,146970,-0.034621,0.04154209,0.68289172,-0.89356097,10
TNG50-1,67,0.5,146970,0.08465775,-0.05884601,0.68289172,-0.89356097,11
TNG50-1,67,0.5,146970,0.06780812,0.01213959,0.68289172,-0.89356097,12
TNG50-1,67,0.5,146970,-0.06756388,0.00127579,0.68289172,-0.89356097,13
TNG50-1,67,0.5,146970,-0.03767374,0.05628055,0.68289172,-0.89356097,14
TNG50-1,67,0.5,260243,-0.02913744,0.00781496,0.99927819,-0.72288253,0
TNG50-1,67,0.5,260243,-0.02488679,0.06936431,0.99927819,-0.72288253,1
TNG50-1,67,0.5,260243,-0.06209324,0.06529364,0.99927819,-0.72288253,2
TNG50-1,67,0.5,260243,0.02186421,0.05766185,0.99927819,-0.72288253,3
TNG50-1,67,0.5,260243,-0.02119079,-0.03144094,0.99927819,-0.72288253,4
TNG50-1,67,0.5,260243,-0.0431037,-0.04934148,0.99927819,-0.72288253,5
TNG50-1,67,0.5,260243,-0.03834081,0.03803957,0.99927819,-0.72288253,6
TNG50-1,67,0.5,260243,0.02685527,0.06883799,0.99927819,-0.72288253,7
TNG50-1,67,0.5,260243,-0.05514802,0.05814094,0.99927819,-0.72288253,8
TNG50-1,67,0.5,260243,-0.0507083,0.00065246,0.99927819,-0.72288253,9
TNG50-1,67,0.5,260243,0.04481807,0.03639043,0.99927819,-0.72288253,10
TNG50-1,67,0.5,260243,-0.00830603,0.03726938,0.99927819,-0.72288253,11
TNG50-1,67,0.5,260243,0.04777225,0.00744714,0.99927819,-0.72288253,12
TNG50-1,67,0.5,260243,-0.01796779,0.00961868,0.99927819,-0.72288253,13
TNG50-1,67,0.5,260243,-5.629e-05,0.00490977,0.99927819,-0.72288253,14
TNG50-1,67,0.5,146971,-0.03940483,0.02424981,1.0406096,0.30718286,0
TNG50-1,67,0.5,146971,-0.03430262,-0.0998352,1.0406096,0.30718286,1
TNG50-1,67,0.5,146971,-0.03507452,0.01828047,1.0406096,0.30718286,2
TNG50-1,67,0.5,146971,-0.07996184,0.02777204,1.0406096,0.30718286,3
TNG50-1,67,0.5,146971,0.007143,0.06260375,1.0406096,0.30718286,4
TNG50-1,67,0.5,146971,-0.00202867,0.07148143,1.0406096,0.30718286,5
TNG50-1,67,0.5,146971,0.03809821,0.04548167,1.0406096,0.30718286,6
TNG50-1,67,0.5,146971,0.06303586,-0.02936394,1.0406096,0.30718286,7
TNG50-1,67,0.5,146971,0.06621472,-0.05145587,1.0406096,0.30718286,8
TNG50-1,67,0.5,146971,0.07092327,0.02669806,1.0406096,0.30718286,9
TNG50-1,67,0.5,146971,-0.03785405,-0.03962076,1.0406096,0.30718286,10
TNG50-1,67,0.5,146971,-0.07159796,0.07375686,1.0406096,0.30718286,11
TNG50-1,67,0.5,146971,0.04653718,-0.08522795,1.0406096,0.30718286,12
TNG50-1,67,0.5,146971,0.06910667,0.02834433,1.0406096,0.30718286,13
TNG50-1,67,0.5,146971,0.07779962,0.01597675,1.0406096,0.30718286,14
TNG50-1,67,0.5,160812,-0.01033833,-0.04378311,0.93291,-0.18252316,0
TNG50-1,67,0.5,160812,-0.04625581,-0.03279091,0.93291,-0.18252316,1
TNG50-1,67,0.5,160812,-0.10308882,-0.01823207,0.93291,-0.18252316,2
TNG50-1,67,0.5,160812,-0.02657143,-0.03313086,0.93291,-0.18252316,3
TNG50-1,67,0.5,160812,-0.02569416,-0.0408206,0.93291,-0.18252316,4
TNG50-1,67,0.5,160812,0.05558683,-0.05793415,0.93291,-0.18252316,5
TNG50-1,67,0.5,160812,-0.03914278,0.04108947,0.93291,-0.18252316,6
TNG50-1,67,0.5,160812,0.02263853,0.06005678,0.93291,-0.18252316,7
TNG50-1,67,0.5,160812,-0.06461199,-0.01272869,0.93291,-0.18252316,8
TNG50-1,67,0.5,160812,0.02401241,-0.00088183,0.93291,-0.18252316,9
TNG50-1,67,0.5,160812,-0.11188502,-0.05631654,0.93291,-0.18252316,10
TNG50-1,67,0.5,160812,0.10476481,0.00355103,0.93291,-0.18252316,11
TNG50-1,67,0.5,160812,-0.00705338,0.01149819,0.93291,-0.18252316,12
TNG50-1,67,0.5,160812,-0.13972504,-0.01096993,0.93291,-0.18252316,13
TNG50-1,67,0.5,160812,-0.03588747,0.01980375,0.93291,-0.18252316,14
TNG50-1,67,0.5,222322,0.01543544,0.00193857,1.12923249,-0.80275282,0
TNG50-1,67,0.5,222322,-0.05270697,0.04195049,1.12923249,-0.80275282,1
TNG50-1,67,0.5,222322,0.05965238,-0.0487735,1.12923249,-0.80275282,2
TNG50-1,67,0.5,222322,-0.01038231,0.04997358,1.12923249,-0.80275282,3
TNG50-1,67,0.5,222322,0.08377858,0.02504978,1.12923249,-0.80275282,4
TNG50-1,67,0.5,222322,0.02102103,0.05987848,1.12923249,-0.80275282,5
TNG50-1,67,0.5,222322,0.09854666,0.04887153,1.12923249,-0.80275282,6
TNG50-1,67,0.5,222322,0.05876346,-0.00424767,1.12923249,-0.80275282,7
TNG50-1,67,0.5,222322,0.01135948,-0.00826873,1.12923249,-0.80275282,8
TNG50-1,67,0.5,222322,-0.03615534,0.08915155,1.12923249,-0.80275282,9
TNG50-1,67,0.5,222322,-0.03507837,-0.01452842,1.12923249,-0.80275282,10
TNG50-1,67,0.5,222322,0.02665171,0.03742168,1.12923249,-0.80275282,11
TNG50-1,67,0.5,222322,0.0071563,-0.01906935,1.12923249,-0.80275282,12
TNG50-1,67,0.5,222322,-0.02945131,-0.09309415,1.12923249,-0.80275282,13
TNG50-1,67,0.5,222322,0.041653,-0.06136695,1.12923249,-0.80275282,14
TNG50-1,67,0.5,261417,0.02029604,0.00940721,1.31354822,1.20263099,0
TNG50-1,67,0.5,261417,0.03505658,0.00286336,1.31354822,1.20263099,1
TNG50-1,67,0.5,261417,0.02046067,-0.0716523,1.31354822,1.20263099,2
TNG50-1,67,0.5,261417,0.05729748,0.08596826,1.31354822,1.20263099,3
TNG50-1,67,0.5,261417,0.01956301,0.05181709,1.31354822,1.20263099,4
TNG50-1,67,0.5,261417,-0.03876174,0.03759758,1.31354822,1.20263099,5
TNG50-1,67,0.5,261417,0.02971511,-0.11373654,1.31354822,1.20263099,6
TNG50-1,67,0.5,261417,0.0084804,0.00204613,1.31354822,1.20263099,7
TNG50-1,67,0.5,261417,-0.0287779,-0.00635644,1.31354822,1.20263099,8
TNG50-1,67,0.5,261417,0.02362597,0.03414077,1.31354822,1.20263099,9
TNG50-1,67,0.5,261417,0.00396851,-0.02255154,1.31354822,1.20263099,10
TNG50-1,67,0.5,261417,-0.03025003,-0.01158551,1.31354822,1.20263099,11
TNG50-1,67,0.5,261417,-0.00889329,0.03097065,1.31354822,1.20263099,12
TNG50-1,67,0.5,261417,0.07067836,-0.03867892,1.31354822,1.20263099,13
TNG50-1,67,0.5,261417,0.06904439,-0.02870213,1.31354822,1.20263099,14
TNG50-1,67,0.5,218606,0.00966633,0.02779667,1.04021072,-0.39608622,0
TNG50-1,67,0.5,218606,0.06692429,0.02099419,1.04021072,-0.39608622,1
TNG50-1,67,0.5,218606,0.04042349,0.09933015,1.04021072,-0.39608622,2
TNG50-1,67,0.5,218606,0.0537702,0.00501373,1.04021072,-0.39608622,3
TNG50-1,67,0.5,218606,0.00316584,-0.07444143,1.04021072,-0.39608622,4
TNG50-1,67,0.5,218606,0.0747539,0.08221553,1.04021072,-0.39608622,5
TNG50-1,67,0.5,218606,-0.08705912,-0.06104771,1.04021072,-0.39608622,6
TNG50-1,67,0.5,218606,0.10111196,-0.02796955,1.04021072,-0.39608622,7
TNG50-1,67,0.5,218606,0.10758795,0.01358716,1.04021072,-0.39608622,8
TNG50-1,67,0.5,218606,0.02283082,0.02085875,1.04021072,-0.39608622,9
TNG50-1,67,0.5,218606,0.04161313,-0.07227192,1.04021072,-0.39608622,10
TNG50-1,67,0.5,218606,-0.00189999,-0.03732361,1.04021072,-0.39608622,11
TNG50-1,67,0.5,218606,-0.01047842,-0.07403912,1.04021072,-0.39608622,12
TNG50-1,67,0.5,218606,-0.03054352,0.03108565,1.04021072,-0.39608622,13
TNG50-1,67,0.5,218606,-0.0024506,0.05916899,1.04021072,-0.39608622,14
TNG50-1,67,0.5,268469,-0.0610919,0.0187746,1.29708804,-0.16954635,0
TNG50-1,67,0.5,268469,0.049783,0.08751168,1.29708804,-0.16954635,1
TNG50-1,67,0.5,268469,0.04653894,0.10988938,1.29708804,-0.16954635,2
TNG50-1,67,0.5,268469,-0.03295354,-0.05199328,1.29708804,-0.16954635,3
TNG50-1,67,0.5,268469,-0.09912895,-0.02983032,1.29708804,-0.16954635,4
TNG50-1,67,0.5,268469,-0.0535628,0.02577661,1.29708804,-0.16954635,5
TNG50-1,67,0.5,268469,-0.02976288,0.05843947,1.29708804,-0.16954635,6
TNG50-1,67,0.5,268469,0.07708354,-0.10820418,1.29708804,-0.16954635,7
TNG50-1,67,0.5,268469,-0.00591513,0.00436684,1.29708804,-0.16954635,8
TNG50-1,67,0.5,268469,-0.0503414,-0.02435715,1.29708804,-0.16954635,9
TNG50-1,67,0.5,268469,0.00739243,-0.09620106,1.29708804,-0.16954635,10
TNG50-1,67,0.5,268469,-0.06476738,-0.06685839,1.29708804,-0.16954635,11
TNG50-1,67,0.5,268469,0.025717,-0.02838872,1.29708804,-0.16954635,12
TNG50-1,67,0.5,268469,-0.0488832,0.00294075,1.29708804,-0.16954635,13
TNG50-1,67,0.5,268469,-0.04162619,0.05040514,1.29708804,-0.16954635,14
TNG50-1,67,0.5,139868,0.01771741,-0.02037168,1.04434823,-0.28368243,0
TNG50-1,67,0.5,139868,0.04737697,-0.02248421,1.04434823,-0.28368243,1
TNG50-1,67,0.5,139868,0.00133622,0.06270699,1.04434823,-0.28368243,2
TNG50-1,67,0.5,139868,-0.0352473,-0.06855028,1.04434823,-0.28368243,3
TNG50-1,67,0.5,139868,-0.0091875,0.10281016,1.04434823,-0.28368243,4
TNG50-1,67,0.5,139868,0.03477587,-0.03063177,1.04434823,-0.28368243,5
TNG50-1,67,0.5,139868,0.05162811,0.04333642,1.04434823,-0.28368243,6
TNG50-1,67,0.5,139868,-0.00739373,-0.00543998,1.04434823,-0.28368243,7
TNG50-1,67,0.5,139868,-0.04645576,0.01356811,1.04434823,-0.28368243,8
TNG50-1,67,0.5,139868,0.01678291,-0.01313932,1.04434823,-0.28368243,9
TNG50-1,67,0.5,139868,0.02389905,0.04282883,1.04434823,-0.28368243,10
TNG50-1,67,0.5,139868,0.06163595,-0.01736619,1.04434823,-0.28368243,11
TNG50-1,67,0.5,139868,-0.03393814,-0.02864732,1.04434823,-0.28368243,12
TNG50-1,67,0.5,139868,-0.03338986,0.09066709,1.04434823,-0.28368243,13
TNG50-1,67,0.5,139868,0.03780801,0.00146913,1.04434823,-0.28368243,14
TNG50-1,67,0.5,249224,-0.03378478,0.00940653,0.90060131,-0.99920568,0
TNG50-1,67,0.5,249224,-0.07451433,-0.00117887,0.90060131,-0.99920568,1
TNG50-1,67,0.5,249224,0.0932789,-0.06567791,0.90060131,-0.99920568,2
TNG50-1,67,0.5,249224,-0.02759627,0.0190683,0.90060131,-0.99920568,3
TNG50-1,67,0.5,249224,0.10309191,0.03580272,0.90060131,-0.99920568,4
TNG50-1,67,0.5,249224,0.01994272,-0.02710328,0.90060131,-0.99920568,5
TNG50-1,67,0.5,249224,0.00714426,0.0933948,0.90060131,-0.99920568,6
TNG50-1,67,0.5,249224,0.00849219,0.06677859,0.90060131,-0.99920568,7
TNG50-1,67,0.5,249224,0.11079755,0.04219761,0.90060131,-0.99920568,8
TNG50-1,67,0.5,249224,-0.10961093,0.04159104,0.90060131,-0.99920568,9
TNG50-1,67,0.5,249224,0.01071708,0.00150485,0.90060131,-0.99920568,10
TNG50-1,67,0.5,249224,-0.01326018,0.05706861,0.90060131,-0.99920568,11
TNG50-1,67,0.5,249224,-0.01065467,0.07853773,0.90060131,-0.99920568,12
TNG50-1,67,0.5,249224,0.00746559,0.0404012,0.90060131,-0.99920568,13
TNG50-1,67,0.5,249224,-0.01331271,-0.02851417,0.90060131,-0.99920568,14
TNG50-1,67,0.5,232227,-0.00198407,-0.05959884,0.39255217,0.72767773,0
TNG50-1,67,0.5,232227,0.0286835,0.11090535,0.39255217,0.72767773,1
TNG50-1,67,0.5,232227,0.04188725,0.068737,0.39255217,0.72767773,2
TNG50-1,67,0.5,232227,-0.00387386,0.01772097,0.39255217,0.72767773,3
TNG50-1,67,0.5,232227,-0.02834043,-0.0427945,0.39255217,0.72767773,4
TNG50-1,67,0.5,232227,0.07921035,-0.01124672,0.39255217,0.72767773,5
TNG50-1,67,0.5,232227,-0.05361599,-0.03462128,0.39255217,0.72767773,6
TNG50-1,67,0.5,232227,-0.04706659,0.00487911,0.39255217,0.72767773,7
TNG50-1,67,0.5,232227,-0.06635639,0.01549616,0.39255217,0.72767773,8
TNG50-1,67,0.5,232227,-0.04717754,-0.01705627,0.39255217,0.72767773,9
TNG50-1,67,0.5,232227,0.06236724,-0.07272064,0.39255217,0.72767773,10
TNG50-1,67,0.5,232227,0.06404164,0.10660295,0.39255217,0.72767773,11
TNG50-1,67,0.5,232227,-0.00370228,0.01187634,0.39255217,0.72767773,12
TNG50-1,67,0.5,232227,0.02481572,0.0228296,0.39255217,0.72767773,13
TNG50-1,67,0.5,232227,-0.00052523,-0.02112047,0.39255217,0.72767773,14
TNG50-1,67,0.5,207314,-0.07810056,-0.03955051,1.37014173,-0.16192314,0
TNG50-1,67,0.5,207314,-0.00416503,0.03028404,1.37014173,-0.16192314,1
TNG50-1,67,0.5,207314,-0.0161611,0.0490514,1.37014173,-0.16192314,2
TNG50-1,67,0.5,207314,0.03547672,0.0601785,1.37014173,-0.16192314,3
TNG50-1,67,0.5,207314,0.04530388,0.08096308,1.37014173,-0.16192314,4
TNG50-1,67,0.5,207314,0.03825147,-0.0838012,1.37014173,-0.16192314,5
TNG50-1,67,0.5,207314,0.04941362,-0.05995,1.37014173,-0.16192314,6
TNG50-1,67,0.5,207314,0.09018329,0.14639076,1.37014173,-0.16192314,7
TNG50-1,67,0.5,207314,0.01949259,0.05047619,1.37014173,-0.16192314,8
TNG50-1,67,0.5,207314,0.05496079,0.0112224,1.37014173,-0.16192314,9
TNG50-1,67,0.5,207314,0.02469303,0.00160188,1.37014173,-0.16192314,10
TNG50-1,67,0.5,207314,-0.09500177,-0.00284301,1.37014173,-0.16192314,11
TNG50-1,67,0.5,207314,-0.00772601,-0.09668733,1.37014173,-0.16192314,12
TNG50-1,67,0.5,207314,-0.04338558,-0.03861646,1.37014173,-0.16192314,13
TNG50-1,67,0.5,207314,0.01157167,-0.00559238,1.37014173,-0.16192314,14
TNG50-1,67,0.5,266535,-0.03579299,0.03173626,0.83198418,-1.51972311,0
TNG50-1,67,0.5,266535,-0.0292568,0.02583265,0.83198418,-1.51972311,1
TNG50-1,67,0.5,266535,0.12793657,0.01694577,0.83198418,-1.51972311,2
TNG50-1,67,0.5,266535,-0.01258265,0.00428189,0.83198418,-1.51972311,3
TNG50-1,67,0.5,266535,0.013906,-0.10756035,0.83198418,-1.51972311,4
TNG50-1,67,0.5,266535,0.01212681,0.03889463,0.83198418,-1.51972311,5
TNG50-1,67,0.5,266535,0.02947297,0.0244177,0.83198418,-1.51972311,6
TNG50-1,67,0.5,266535,-0.02386414,-0.04923806,0.83198418,-1.51972311,7
TNG50-1,67,0.5,266535,0.06234906,0.01402911,0.83198418,-1.51972311,8
TNG50-1,67,0.5,266535,0.02217811,0.03239692,0.83198418,-1.51972311,9
TNG50-1,67,0.5,266535,-0.06435822,0.05856235,0.83198418,-1.51972311,10
TNG50-1,67,0.5,266535,-0.0053752,0.02551507,0.83198418,-1.51972311,11
TNG50-1,67,0.5,266535,-0.00860742,0.01608009,0.83198418,-1.51972311,12
TNG50-1,67,0.5,266535,-0.01090827,0.04733862,0.83198418,-1.51972311,13
TNG50-1,67,0.5,266535,0.02546484,-0.015327,0.83198418,-1.51972311,14
TNG50-1,67,0.5,256225,0.02060016,-0.0781365,0.9994344,1.45774204,0
TNG50-1,67,0.5,256225,-0.03105566,0.04141097,0.9994344,1.45774204,1
TNG50-1,67,0.5,256225,0.05551484,0.02000654,0.9994344,1.45774204,2
TNG50-1,67,0.5,256225,-0.08048556,0.02280193,0.9994344,1.45774204,3
TNG50-1,67,0.5,256225,0.04083686,0.07365947,0.9994344,1.45774204,4
TNG50-1,67,0.5,256225,0.00088545,-0.01579708,0.9994344,1.45774204,5
TNG50-1,67,0.5,256225,0.04826937,0.03047928,0.9994344,1.45774204,6
TNG50-1,67,0.5,256225,-0.03902722,0.00330112,0.9994344,1.45774204,7
TNG50-1,67,0.5,256225,0.00449918,-0.00431173,0.9994344,1.45774204,8
TNG50-1,67,0.5,256225,0.0030315,0.06533129,0.9994344,1.45774204,9
TNG50-1,67,0.5,256225,0.02169418,0.10409397,0.9994344,1.45774204,10
TNG50-1,67,0.5,256225,-0.0523781,-0.02157333,0.9994344,1.45774204,11
TNG50-1,67,0.5,256225,0.03181075,0.04168598,0.9994344,1.45774204,12
TNG50-1,67,0.5,256225,-0.09229471,0.01595585,0.9994344,1.45774204,13
TNG50-1,67,0.5,256225,-0.0333921,0.01655562,0.9994344,1.45774204,14
TNG50-1,67,0.5,292102,0.01235889,-0.04026947,1.38331936,0.99200064,0
TNG50-1,67,0.5,292102,-0.0166539,0.03626488,1.38331936,0.99200064,1
TNG50-1,67,0.5,292102,-0.17924903,-0.03198715,1.38331936,0.99200064,2
TNG50-1,67,0.5,292102,0.07674047,-0.04517011,1.38331936,0.99200064,3
TNG50-1,67,0.5,292102,-0.03473663,-0.02951455,1.38331936,0.99200064,4
TNG50-1,67,0.5,292102,-0.01207786,-0.00504894,1.38331936,0.99200064,5
TNG50-1,67,0.5,292102,-0.01101465,-0.00485895,1.38331936,0.99200064,6
TNG50-1,67,0.5,292102,-0.03919017,-0.01049792,1.38331936,0.99200064,7
TNG50-1,67,0.5,292102,0.01201201,-0.05142826,1.38331936,0.99200064,8
TNG50-1,67,0.5,292102,-0.00221562,0.03865795,1.38331936,0.99200064,9
TNG50-1,67,0.5,292102,-0.0358268,0.06631099,1.38331936,0.99200064,10
TNG50-1,67,0.5,292102,0.0074651,-0.09552143,1.38331936,0.99200064,11
TNG50-1,67,0.5,292102,-0.00165233,-0.07767703,1.38331936,0.99200064,12
TNG50-1,67,0.5,292102,0.04639193,0.05014285,1.38331936,0.99200064,13
TNG50-1,67,0.5,292102,-0.06701914,0.07848982,1.38331936,0.99200064,14
TNG50-1,67,0.5,262786,-0.10645895,0.0270258,1.18949788,0.70233242,0
TNG50-1,67,0.5,262786,0.04077183,-0.04985772,1.18949788,0.70233242,1
TNG50-1,67,0.5,262786,0.08189399,-0.07650164,1.18949788,0.70233242,2
TNG50-1,67,0.5,262786,-0.04312061,-0.07225139,1.18949788,0.70233242,3
TNG50-1,67,0.5,262786,0.07898339,-0.04668327,1.18949788,0.70233242,4
TNG50-1,67,0.5,262786,-0.00889971,0.06886513,1.18949788,0.70233242,5
TNG50-1,67,0.5,262786,0.01573185,0.02435445,1.18949788,0.70233242,6
TNG50-1,67,0.5,262786,-0.03596167,-0.03066866,1.18949788,0.70233242,7
TNG50-1,67,0.5,262786,0.05005143,-0.00679345,1.18949788,0.70233242,8
TNG50-1,67,0.5,262786,0.04172261,-0.01288732,1.18949788,0.70233242,9
TNG50-1,67,0.5,262786,0.08623547,0.04000253,1.18949788,0.70233242,10
TNG50-1,67,0.5,262786,0.07203037,-0.04393989,1.18949788,0.70233242,11
TNG50-1,67,0.5,262786,-0.0004575,0.01748432,1.18949788,0.70233242,12
TNG50-1,67,0.5,262786,0.15541893,0.01500429,1.18949788,0.70233242,13
TNG50-1,67,0.5,262786,0.06753963,-0.0424434,1.18949788,0.70233242,14
TNG50-1,67,0.5,258162,0.0794003,-0.06139337,1.30160499,1.15953631,0
TNG50-1,67,0.5,258162,-0.01477856,-0.0493028,1.30160499,1.15953631,1
TNG50-1,67,0.5,258162,-0.04963751,0.03731373,1.30160499,1.15953631,2
TNG50-1,67,0.5,258162,0.042644,-0.06812461,1.30160499,1.15953631,3
TNG50-1,67,0.5,258162,0.00272478,-0.06655569,1.30160499,1.15953631,4
TNG50-1,67,0.5,258162,0.02042142,0.00044156,1.30160499,1.15953631,5
TNG50-1,67,0.5,258162,-0.05923399,0.00667083,1.30160499,1.15953631,6
TNG50-1,67,0.5,258162,0.04062081,0.01900157,1.30160499,1.15953631,7
TNG50-1,67,0.5,258162,0.10862142,-0.02197626,1.30160499,1.15953631,8
TNG50-1,67,0.5,258162,-0.06314169,0.04600733,1.30160499,1.15953631,9
TNG50-1,67,0.5,258162,0.01771044,-0.04309074,1.30160499,1.15953631,10
TNG50-1,67,0.5,258162,-0.03926548,0.03133222,1.30160499,1.15953631,11
TNG50-1,67,0.5,258162,0.1344803,0.01070603,1.30160499,1.15953631,12
TNG50-1,67,0.5,258162,0.06198162,0.03003245,1.30160499,1.15953631,13
TNG50-1,67,0.5,258162,0.01410537,0.0590999,1.30160499,1.15953631,14
TNG50-1,67,0.5,153307,-0.02276662,-0.01691229,1.21792679,1.27802268,0
TNG50-1,67,0.5,153307,-0.03305388,0.05453304,1.21792679,1.27802268,1
TNG50-1,67,0.5,153307,-0.08441969,0.05907007,1.21792679,1.27802268,2
TNG50-1,67,0.5,153307,-0.1009501,-0.03677234,1.21792679,1.27802268,3
TNG50-1,67,0.5,153307,-0.00879871,0.02302755,1.21792679,1.27802268,4
TNG50-1,67,0.5,153307,-0.00537614,-0.00032059,1.21792679,1.27802268,5
TNG50-1,67,0.5,153307,-0.05430416,-0.05041177,1.21792679,1.27802268,6
TNG50-1,67,0.5,153307,-0.04355498,-0.01485373,1.21792679,1.27802268,7
TNG50-1,67,0.5,153307,0.07617269,-0.06321171,1.21792679,1.27802268,8
TNG50-1,67,0.5,153307,0.04379199,0.05815276,1.21792679,1.27802268,9
TNG50-1,67,0.5,153307,-0.06308034,0.0776236,1.21792679,1.27802268,10
TNG50-1,67,0.5,153307,-0.0221174,-0.02052865,1.21792679,1.27802268,11
TNG50-1,67,0.5,153307,0.02030013,-0.03245397,1.21792679,1.27802268,12
TNG50-1,67,0.5,153307,-0.03132255,0.05272972,1.21792679,1.27802268,13
TNG50-1,67,0.5,153307,-0.04043477,0.06080745,1.21792679,1.27802268,14
TNG50-1,67,0.5,286811,-0.05572057,0.11695265,1.16756088,-0.51054114,0
TNG50-1,67,0.5,286811,-0.00740223,0.04687873,1.16756088,-0.51054114,1
TNG50-1,67,0.5,286811,-0.00294692,-0.03226569,1.16756088,-0.51054114,2
TNG50-1,67,0.5,286811,-0.03853881,-0.12909199,1.16756088,-0.51054114,3
TNG50-1,67,0.5,286811,0.01929908,0.03440776,1.16756088,-0.51054114,4
TNG50-1,67,0.5,286811,-0.03499727,0.00156479,1.16756088,-0.51054114,5
TNG50-1,67,0.5,286811,-0.02701304,0.02156808,1.16756088,-0.51054114,6
TNG50-1,67,0.5,286811,-0.00506714,-0.01144181,1.16756088,-0.51054114,7
TNG50-1,67,0.5,286811,-0.07445311,-0.05719285,1.16756088,-0.51054114,8
TNG50-1,67,0.5,286811,-0.10282266,-0.02135133,1.16756088,-0.51054114,9
TNG50-1,67,0.5,286811,0.04591362,0.03533186,1.16756088,-0.51054114,10
TNG50-1,67,0.5,286811,-0.03701615,-0.01771877,1.16756088,-0.51054114,11
TNG50-1,67,0.5,286811,0.1067432,-0.01802089,1.16756088,-0.51054114,12
TNG50-1,67,0.5,286811,0.0985919,-0.07596935,1.16756088,-0.51054114,13
TNG50-1,67,0.5,286811,-0.02532393,0.00456002,1.16756088,-0.51054114,14
TNG50-1,67,0.5,279682,-0.0555966,0.05620534,1.05288648,0.34858697,0
TNG50-1,67,0.5,279682,0.04592631,0.05262805,1.05288648,0.34858697,1
TNG50-1,67,0.5,279682,-0.03670505,0.01940049,1.05288648,0.34858697,2
TNG50-1,67,0.5,279682,-0.0147852,-0.06015556,1.05288648,0.34858697,3
TNG50-1,67,0.5,279682,0.10819918,0.07471471,1.05288648,0.34858697,4
TNG50-1,67,0.5,279682,-0.01532871,-0.01311306,1.05288648,0.34858697,5
TNG50-1,67,0.5,279682,-0.02202874,0.09026855,1.05288648,0.34858697,6
TNG50-1,67,0.5,279682,0.0292811,0.01326935,1.05288648,0.34858697,7
TNG50-1,67,0.5,279682,-0.08926309,0.0253404,1.05288648,0.34858697,8
TNG50-1,67,0.5,279682,0.06254047,-0.02301522,1.05288648,0.34858697,9
TNG50-1,67,0.5,279682,0.049697,0.07034778,1.05288648,0.34858697,10
TNG50-1,67,0.5,279682,0.02622259,0.03042169,1.05288648,0.34858697,11
TNG50-1,67,0.5,279682,-0.16885487,0.07214458,1.05288648,0.34858697,12
TNG50-1,67,0.5,279682,-0.01297058,0.00887706,1.05288648,0.34858697,13
TNG50-1,67,0.5,279682,-0.06364331,-0.00235193,1.05288648,0.34858697,14
TNG50-1,67,0.5,234935,0.02975651,0.04313066,0.9291169,0.34182981,0
TNG50-1,67,0.5,234935,0.07212703,-0.03224217,0.9291169,0.34182981,1
TNG50-1,67,0.5,234935,0.05083672,0.01185074,0.9291169,0.34182981,2
TNG50-1,67,0.5,234935,0.00691119,0.02403901,0.9291169,0.34182981,3
TNG50-1,67,0.5,234935,-0.09286093,0.07169066,0.9291169,0.34182981,4
TNG50-1,67,0.5,234935,0.0405193,0.06070252,0.9291169,0.34182981,5
TNG50-1,67,0.5,234935,-0.07193524,-0.13849418,0.9291169,0.34182981,6
TNG50-1,67,0.5,234935,0.00175029,-0.04281023,0.9291169,0.34182981,7
TNG50-1,67,0.5,234935,-0.00578831,-0.00350134,0.9291169,0.34182981,8
TNG50-1,67,0.5,234935,-0.07088842,-0.05076435,0.9291169,0.34182981,9
TNG50-1,67,0.5,234935,0.01862515,-0.18500458,0.9291169,0.34182981,10
TNG50-1,67,0.5,234935,0.10771589,-0.03628092,0.9291169,0.34182981,11
TNG50-1,67,0.5,234935,-0.01563028,-0.00018053,0.9291169,0.34182981,12
TNG50-1,67,0.5,234935,0.03829398,-0.02626423,0.9291169,0.34182981,13
TNG50-1,67,0.5,234935,0.11778449,-0.04984716,0.9291169,0.34182981,14
TNG50-1,67,0.5,314577,0.00207323,0.03681848,1.39918611,-0.73104965,0
TNG50-1,67,0.5,314577,0.01715441,0.0385011,1.39918611,-0.73104965,1
TNG50-1,67,0.5,314577,-0.02342986,-0.01985055,1.39918611,-0.73104965,2
TNG50-1,67,0.5,314577,0.06858719,-0.05819979,1.39918611,-0.73104965,3
TNG50-1,67,0.5,314577,0.00288572,0.02680176,1.39918611,-0.73104965,4
TNG50-1,67,0.5,314577,-0.04357568,0.00317576,1.39918611,-0.73104965,5
TNG50-1,67,0.5,314577,-0.05622687,-0.0758275,1.39918611,-0.73104965,6
TNG50-1,67,0.5,314577,-0.01064849,0.01272605,1.39918611,-0.73104965,7
TNG50-1,67,0.5,314577,0.05567103,-0.03184964,1.39918611,-0.73104965,8
TNG50-1,67,0.5,314577,-0.04118444,-0.0757801,1.39918611,-0.73104965,9
TNG50-1,67,0.5,314577,0.02979397,-0.01760582,1.39918611,-0.73104965,10
TNG50-1,67,0.5,314577,0.00472785,0.06414594,1.39918611,-0.73104965,11
TNG50-1,67,0.5,314577,0.09966165,0.06040308,1.39918611,-0.73104965,12
TNG50-1,67,0.5,314577,0.01951257,0.04733761,1.39918611,-0.73104965,13
TNG50-1,67,0.5,314577,-0.03491131,0.01346164,1.39918611,-0.73104965,14
TNG50-1,67,0.5,246555,0.02978986,0.01121291,1.26495306,-0.87351276,0
TNG50-1,67,0.5,246555,0.00493223,-0.05138851,1.26495306,-0.87351276,1
TNG50-1,67,0.5,246555,-0.05525254,0.00542768,1.26495306,-0.87351276,2
TNG50-1,67,0.5,246555,-0.04527509,0.05311584,1.26495306,-0.87351276,3
TNG50-1,67,0.5,246555,-0.03035905,0.07363455,1.26495306,-0.87351276,4
TNG50-1,67,0.5,246555,0.07006795,-0.05739075,1.26495306,-0.87351276,5
TNG50-1,67,0.5,246555,0.05383454,-0.07593006,1.26495306,-0.87351276,6
TNG50-1,67,0.5,246555,-0.05399388,0.00310673,1.26495306,-0.87351276,7
TNG50-1,67,0.5,246555,0.00266956,0.05545938,1.26495306,-0.87351276,8
TNG50-1,67,0.5,246555,-0.02013036,0.01797982,1.26495306,-0.87351276,9
TNG50-1,67,0.5,246555,-0.00775503,0.0340148,1.26495306,-0.87351276,10
TNG50-1,67,0.5,246555,-0.02680214,-0.06801245,1.26495306,-0.87351276,11
TNG50-1,67,0.5,246555,0.07028458,-0.02859937,1.26495306,-0.87351276,12
TNG50-1,67,0.5,246555,-0.00094533,-0.10980562,1.26495306,-0.87351276,13
TNG50-1,67,0.5,246555,0.01080784,-0.0071244,1.26495306,-0.87351276,14
TNG50-1,67,0.5,253460,-0.10821097,0.04333865,1.32248728,-1.21294613,0
TNG50-1,67,0.5,253460,0.06663309,-0.02307543,1.32248728,-1.21294613,1
TNG50-1,67,0.5,253460,0.07774107,-0.07715432,1.32248728,-1.21294613,2
TNG50-1,67,0.5,253460,0.00703217,0.07129074,1.32248728,-1.21294613,3
TNG50-1,67,0.5,253460,-0.07562866,-0.05620501,1.32248728,-1.21294613,4
TNG50-1,67,0.5,253460,0.01878563,0.01744194,1.32248728,-1.21294613,5
TNG50-1,67,0.5,253460,0.09295663,0.02215424,1.32248728,-1.21294613,6
TNG50-1,67,0.5,253460,0.02378677,0.00369757,1.32248728,-1.21294613,7
TNG50-1,67,0.5,253460,0.0592492,-0.03922921,1.32248728,-1.21294613,8
TNG50-1,67,0.5,253460,-0.02425827,-0.00748161,1.32248728,-1.21294613,9
TNG50-1,67,0.5,253460,-0.0435605,-0.04750254,1.32248728,-1.21294613,10
TNG50-1,67,0.5,253460,-0.0035431,0.04045888,1.32248728,-1.21294613,11
TNG50-1,67,0.5,253460,-0.09633527,0.02857735,1.32248728,-1.21294613,12
TNG50-1,67,0.5,253460,0.11320443,-0.00107012,1.32248728,-1.21294613,13
TNG50-1,67,0.5,253460,0.0069825,-0.02841757,1.32248728,-1.21294613,14
TNG50-1,67,0.5,300753,0.10536589,-0.00163238,0.90808407,0.50050031,0
TNG50-1,67,0.5,300753,-0.0651032,0.05464912,0.90808407,0.50050031,1
TNG50-1,67,0.5,300753,-0.07723065,0.03010921,0.90808407,0.50050031,2
TNG50-1,67,0.5,300753,-0.0041003,0.0149278,0.90808407,0.50050031,3
TNG50-1,67,0.5,300753,-0.01290237,0.03246196,0.90808407,0.50050031,4
TNG50-1,67,0.5,300753,0.05487912,0.05516283,0.90808407,0.50050031,5
TNG50-1,67,0.5,300753,0.03230582,0.07126167,0.90808407,0.50050031,6
TNG50-1,67,0.5,300753,0.00147628,0.0223728,0.90808407,0.50050031,7
TNG50-1,67,0.5,300753,0.02501689,-0.01580557,0.90808407,0.50050031,8
TNG50-1,67,0.5,300753,0.02410829,-0.1156761,0.90808407,0.50050031,9
TNG50-1,67,0.5,300753,0.10517784,0.04890867,0.90808407,0.50050031,10
TNG50-1,67,0.5,300753,0.01266817,0.02576013,0.90808407,0.50050031,11
TNG50-1,67,0.5,300753,-0.03405386,0.00763297,0.90808407,0.50050031,12
TNG50-1,67,0.5,300753,0.00992505,-0.03440257,0.90808407,0.50050031,13
TNG50-1,67,0.5,300753,-0.13093397,0.0482576,0.90808407,0.50050031,14
TNG50-1,67,0.5,251705,-0.01286182,0.01970629,1.11903537,0.88253304,0
TNG50-1,67,0.5,251705,-0.00172111,0.05036212,1.11903537,0.88253304,1
TNG50-1,67,0.5,251705,-0.00279943,0.07496104,1.11903537,0.88253304,2
TNG50-1,67,0.5,251705,0.02249259,0.01005134,1.11903537,0.88253304,3
TNG50-1,67,0.5,251705,-0.0574316,0.03086437,1.11903537,0.88253304,4
TNG50-1,67,0.5,251705,0.02812759,0.0185593,1.11903537,0.88253304,5
TNG50-1,67,0.5,251705,-0.03604442,-0.01714339,1.11903537,0.88253304,6
TNG50-1,67,0.5,251705,-0.03429019,-0.07917182,1.11903537,0.88253304,7
TNG50-1,67,0.5,251705,0.044262,0.0107461,1.11903537,0.88253304,8
TNG50-1,67,0.5,251705,-0.04975142,0.06894689,1.11903537,0.88253304,9
TNG50-1,67,0.5,251705,0.04417212,0.02916665,1.11903537,0.88253304,10
TNG50-1,67,0.5,251705,0.00506834,-0.05337116,1.11903537,0.88253304,11
TNG50-1,67,0.5,251705,-0.08241384,0.05487608,1.11903537,0.88253304,12
TNG50-1,67,0.5,251705,0.06822379,-0.01547349,1.11903537,0.88253304,13
TNG50-1,67,0.5,251705,0.01551269,-0.10460129,1.11903537,0.88253304,14
TNG50-1,67,0.5,273179,0.05089519,0.0019204,0.9093943,0.81980796,0
TNG50-1,67,0.5,273179,-0.04726903,0.01646318,0.9093943,0.81980796,1
TNG50-1,67,0.5,273179,0.08903642,-0.07098855,0.9093943,0.81980796,2
TNG50-1,67,0.5,273179,0.05738867,0.03303372,0.9093943,0.81980796,3
TNG50-1,67,0.5,273179,-0.01138996,-0.04151928,0.9093943,0.81980796,4
TNG50-1,67,0.5,273179,0.02296799,0.03043672,0.9093943,0.81980796,5
TNG50-1,67,0.5,273179,0.12119593,0.04674632,0.9093943,0.81980796,6
TNG50-1,67,0.5,273179,0.05000035,-0.01977545,0.9093943,0.81980796,7
TNG50-1,67,0.5,273179,0.01191,-0.04819095,0.9093943,0.81980796,8
TNG50-1,67,0.5,273179,0.1444577,0.07718247,0.9093943,0.81980796,9
TNG50-1,67,0.5,273179,0.00587905,0.0436456,0.9093943,0.81980796,10
TNG50-1,67,0.5,273179,0.02909074,0.00759882,0.9093943,0.81980796,11
TNG50-1,67,0.5,273179,-0.04681066,0.07342139,0.9093943,0.81980796,12
TNG50-1,67,0.5,273179,-0.08373594,0.00416309,0.9093943,0.81980796,13
TNG50-1,67,0.5,273179,-0.01439011,-0.03102536,0.9093943,0.81980796,14
TNG50-1,67,0.5,225712,-0.0500851,-0.06511337,1.21358167,-0.57718793,0
TNG50-1,67,0.5,225712,-0.00538996,-0.00685714,1.21358167,-0.57718793,1
TNG50-1,67,0.5,225712,0.03858602,0.09998369,1.21358167,-0.57718793,2
TNG50-1,67,0.5,225712,0.06948796,-0.00720203,1.21358167,-0.57718793,3
TNG50-1,67,0.5,225712,0.00117551,0.12234069,1.21358167,-0.57718793,4
TNG50-1,67,0.5,225712,0.06065625,0.03928024,1.21358167,-0.57718793,5
TNG50-1,67,0.5,225712,-0.01071347,0.0652963,1.21358167,-0.57718793,6
TNG50-1,67,0.5,225712,-0.0390799,0.06674474,1.21358167,-0.57718793,7
TNG50-1,67,0.5,225712,-0.06531566,8.012e-05,1.21358167,-0.57718793,8
TNG50-1,67,0.5,225712,-0.025312,-0.02441058,1.21358167,-0.57718793,9
TNG50-1,67,0.5,225712,-0.06343287,-0.00577202,1.21358167,-0.57718793,10
TNG50-1,67,0.5,225712,0.10047558,-0.04934663,1.21358167,-0.57718793,11
TNG50-1,67,0.5,225712,0.02196482,-0.00329814,1.21358167,-0.57718793,12
TNG50-1,67,0.5,225712,-0.00478074,-0.0002203,1.21358167,-0.57718793,13
TNG50-1,67,0.5,225712,0.08610009,0.08446175,1.21358167,-0.57718793,14
TNG50-1,67,0.5,190043,0.02966379,-0.01257478,1.38004634,-0.92595349,0
TNG50-1,67,0.5,190043,0.11813088,-0.04203305,1.38004634,-0.92595349,1
TNG50-1,67,0.5,190043,-0.1079772,-0.01553173,1.38004634,-0.92595349,2
TNG50-1,67,0.5,190043,-0.06085219,0.01686177,1.38004634,-0.92595349,3
TNG50-1,67,0.5,190043,-0.01776727,0.07093177,1.38004634,-0.92595349,4
TNG50-1,67,0.5,190043,0.07462472,0.04737178,1.38004634,-0.92595349,5
TNG50-1,67,0.5,190043,-0.00547886,-0.06095334,1.38004634,-0.92595349,6
TNG50-1,67,0.5,190043,-0.07339134,0.04942662,1.38004634,-0.92595349,7
TNG50-1,67,0.5,190043,-0.01225622,0.0237719,1.38004634,-0.92595349,8
TNG50-1,67,0.5,190043,-0.05987991,-0.03123605,1.38004634,-0.92595349,9
TNG50-1,67,0.5,190043,-0.06968129,0.00910485,1.38004634,-0.92595349,10
TNG50-1,67,0.5,190043,0.09994139,0.02861436,1.38004634,-0.92595349,11
TNG50-1,67,0.5,190043,-0.01758044,0.00235265,1.38004634,-0.92595349,12
TNG50-1,67,0.5,190043,0.00865764,0.02401217,1.38004634,-0.92595349,13
TNG50-1,67,0.5,190043,-0.00464782,-0.04314755,1.38004634,-0.92595349,14
TNG50-1,67,0.5,264305,0.0996416,0.08607117,0.3693341,-0.14572536,0
TNG50-1,67,0.5,264305,-0.09646424,-0.01759532,0.3693341,-0.14572536,1
TNG50-1,67,0.5,264305,0.02889256,-0.04346647,0.3693341,-0.14572536,2
TNG50-1,67,0.5,264305,0.01833817,-0.13388863,0.3693341,-0.14572536,3
TNG50-1,67,0.5,264305,0.03214717,-0.02031171,0.3693341,-0.14572536,4
TNG50-1,67,0.5,264305,-0.03541852,0.08828264,0.3693341,-0.14572536,5
TNG50-1,67,0.5,264305,0.05845985,-0.04139253,0.3693341,-0.14572536,6
TNG50-1,67,0.5,264305,-0.00539903,-0.01049605,0.3693341,-0.14572536,7
TNG50-1,67,0.5,264305,-0.05931075,-0.02772851,0.3693341,-0.14572536,8
TNG50-1,67,0.5,264305,-0.05474052,0.01874976,0.3693341,-0.14572536,9
TNG50-1,67,0.5,264305,0.00623525,0.06430423,0.3693341,-0.14572536,10
TNG50-1,67,0.5,264305,-0.07982608,-0.07696053,0.3693341,-0.14572536,11
TNG50-1,67,0.5,264305,0.0900253,-0.0673888,0.3693341,-0.14572536,12
TNG50-1,67,0.5,264305,0.05244606,0.074331,0.3693341,-0.14572536,13
TNG50-1,67,0.5,264305,0.09134222,0.03665334,0.3693341,-0.14572536,14
TNG50-1,67,0.5,207315,-0.01296903,0.00270077,1.31014753,0.14706882,0
TNG50-1,67,0.5,207315,0.08535414,0.03280641,1.31014753,0.14706882,1
TNG50-1,67,0.5,207315,-0.06825144,-0.04176415,1.31014753,0.14706882,2
TNG50-1,67,0.5,207315,0.04656067,0.03934631,1.31014753,0.14706882,3
TNG50-1,67,0.5,207315,-0.00341191,-0.02526779,1.31014753,0.14706882,4
TNG50-1,67,0.5,207315,0.03032719,-0.02903488,1.31014753,0.14706882,5
TNG50-1,67,0.5,207315,-0.11935761,0.03533255,1.31014753,0.14706882,6
TNG50-1,67,0.5,207315,-0.01303517,-0.04179865,1.31014753,0.14706882,7
TNG50-1,67,0.5,207315,0.03683984,-0.04434177,1.31014753,0.14706882,8
TNG50-1,67,0.5,207315,-0.00316651,0.0520578,1.31014753,0.14706882,9
TNG50-1,67,0.5,207315,0.06276489,0.00542786,1.31014753,0.14706882,10
TNG50-1,67,0.5,207315,0.06109025,-0.07270597,1.31014753,0.14706882,11
TNG50-1,67,0.5,207315,-0.04792818,0.04278207,1.31014753,0.14706882,12
TNG50-1,67,0.5,207315,0.04119963,-0.02033006,1.31014753,0.14706882,13
TNG50-1,67,0.5,207315,-0.04963313,-0.07015067,1.31014753,0.14706882,14
TNG50-1,67,0.5,283791,-0.12536575,-0.0628756,1.29456131,1.31660104,0
TNG50-1,67,0.5,283791,0.04517071,-0.0384691,1.29456131,1.31660104,1
TNG50-1,67,0.5,283791,-0.0429959,-0.07138751,1.29456131,1.31660104,2
TNG50-1,67,0.5,283791,-0.06219224,0.01175933,1.29456131,1.31660104,3
TNG50-1,67,0.5,283791,0.03197014,0.0041527,1.29456131,1.31660104,4
TNG50-1,67,0.5,283791,0.04028958,-0.03263543,1.29456131,1.31660104,5
TNG50-1,67,0.5,283791,-0.03935515,0.04102496,1.29456131,1.31660104,6
TNG50-1,67,0.5,283791,0.04563203,-0.05223002,1.29456131,1.31660104,7
TNG50-1,67,0.5,283791,0.10274465,-0.03449174,1.29456131,1.31660104,8
TNG50-1,67,0.5,283791,0.06733316,0.03902632,1.29456131,1.31660104,9
TNG50-1,67,0.5,283791,0.05955285,0.04644079,1.29456131,1.31660104,10
TNG50-1,67,0.5,283791,0.01570646,-0.03978631,1.29456131,1.31660104,11
TNG50-1,67,0.5,283791,-0.02218591,0.01160213,1.29456131,1.31660104,12
TNG50-1,67,0.5,283791,-0.0027943,-0.03894036,1.29456131,1.31660104,13
TNG50-1,67,0.5,283791,0.02203708,-0.00986698,1.29456131,1.31660104,14
TNG50-1,67,0.5,315275,0.00719187,0.01107405,1.27794362,1.17754167,0
TNG50-1,67,0.5,315275,0.02801831,-0.09128861,1.27794362,1.17754167,1
TNG50-1,67,0.5,315275,0.01587795,-0.01973442,1.27794362,1.17754167,2
TNG50-1,67,0.5,315275,0.01365812,-0.08742005,1.27794362,1.17754167,3
TNG50-1,67,0.5,315275,-0.05392492,0.10207694,1.27794362,1.17754167,4
TNG50-1,67,0.5,315275,0.01941383,0.01062456,1.27794362,1.17754167,5
TNG50-1,67,0.5,315275,0.02755327,0.00629146,1.27794362,1.17754167,6
TNG50-1,67,0.5,315275,0.03444673,0.01160367,1.27794362,1.17754167,7
TNG50-1,67,0.5,315275,-0.03597601,0.03022603,1.27794362,1.17754167,8
TNG50-1,67,0.5,315275,0.04577928,0.04890774,1.27794362,1.17754167,9
TNG50-1,67,0.5,315275,-0.06586174,-0.0781777,1.27794362,1.17754167,10
TNG50-1,67,0.5,315275,-0.02154091,0.06550888,1.27794362,1.17754167,11
TNG50-1,67,0.5,315275,-0.01377595,0.06229126,1.27794362,1.17754167,12
TNG50-1,67,0.5,315275,-0.06312045,-0.00331733,1.27794362,1.17754167,13
TNG50-1,67,0.5,315275,-0.01453555,-0.00593643,1.27794362,1.17754167,14
TNG50-1,67,0.5,184179,-0.15513804,0.03990453,0.26573895,1.3070858,0
TNG50-1,67,0.5,184179,-0.06219956,-0.00169898,0.26573895,1.3070858,1
TNG50-1,67,0.5,184179,0.02594246,-0.00041484,0.26573895,1.3070858,2
TNG50-1,67,0.5,184179,0.06003087,0.00294074,0.26573895,1.3070858,3
TNG50-1,67,0.5,184179,0.03644185,-0.11561627,0.26573895,1.3070858,4
TNG50-1,67,0.5,184179,-0.00378575,-0.07576303,0.26573895,1.3070858,5
TNG50-1,67,0.5,184179,0.09629364,-0.01926556,0.26573895,1.3070858,6
TNG50-1,67,0.5,184179,0.05025878,-0.04214644,0.26573895,1.3070858,7
TNG50-1,67,0.5,184179,-0.01969132,-0.01158937,0.26573895,1.3070858,8
TNG50-1,67,0.5,184179,0.10910553,0.07020642,0.26573895,1.3070858,9
TNG50-1,67,0.5,184179,-0.05480836,-0.00372247,0.26573895,1.3070858,10
TNG50-1,67,0.5,184179,-0.07359201,-0.06610841,0.26573895,1.3070858,11
TNG50-1,67,0.5,184179,-0.02105527,-0.03965499,0.26573895,1.3070858,12
TNG50-1,67,0.5,184179,-0.03793201,0.0855288,0.26573895,1.3070858,13
TNG50-1,67,0.5,184179,-0.01824658,0.0766247,0.26573895,1.3070858,14
TNG50-1,67,0.5,323513,0.02979387,0.04362843,0.8361384,1.10038174,0
TNG50-1,67,0.5,323513,-0.07812415,0.04173848,0.8361384,1.10038174,1
TNG50-1,67,0.5,323513,0.01534025,0.00189905,0.8361384,1.10038174,2
TNG50-1,67,0.5,323513,0.01918485,-0.0217212,0.8361384,1.10038174,3
TNG50-1,67,0.5,323513,0.00127701,0.06913551,0.8361384,1.10038174,4
TNG50-1,67,0.5,323513,-0.02850055,0.03261361,0.8361384,1.10038174,5
TNG50-1,67,0.5,323513,-0.01813155,-0.0414771,0.8361384,1.10038174,6
TNG50-1,67,0.5,323513,-0.03198575,0.02269333,0.8361384,1.10038174,7
TNG50-1,67,0.5,323513,-0.0572537,0.0418693,0.8361384,1.10038174,8
TNG50-1,67,0.5,323513,0.06829939,-0.10479155,0.8361384,1.10038174,9
TNG50-1,67,0.5,323513,0.04411569,-0.04611934,0.8361384,1.10038174,10
TNG50-1,67,0.5,323513,-0.01424647,0.01813824,0.8361384,1.10038174,11
TNG50-1,67,0.5,323513,0.01760892,-0.09622307,0.8361384,1.10038174,12
TNG50-1,67,0.5,323513,0.01948504,-0.08830656,0.8361384,1.10038174,13
TNG50-1,67,0.5,323513,0.11714418,-0.01352309,0.8361384,1.10038174,14
TNG50-1,67,0.5,115153,0.02457721,-0.00366455,0.84415553,1.4595249,0
TNG50-1,67,0.5,115153,0.02688919,-0.02404166,0.84415553,1.4595249,1
TNG50-1,67,0.5,115153,0.07911998,0.03963526,0.84415553,1.4595249,2
TNG50-1,67,0.5,115153,0.00411319,-0.05072422,0.84415553,1.4595249,3
TNG50-1,67,0.5,115153,-0.01863264,-0.01608827,0.84415553,1.4595249,4
TNG50-1,67,0.5,115153,-0.06536798,-0.09298382,0.84415553,1.4595249,5
TNG50-1,67,0.5,115153,-0.01923138,0.0297188,0.84415553,1.4595249,6
TNG50-1,67,0.5,115153,0.03537647,0.06233951,0.84415553,1.4595249,7
TNG50-1,67,0.5,115153,0.03763611,0.0455354,0.84415553,1.4595249,8
TNG50-1,67,0.5,115153,0.01323095,0.04063138,0.84415553,1.4595249,9
TNG50-1,67,0.5,115153,0.02735575,0.04197002,0.84415553,1.4595249,10
TNG50-1,67,0.5,115153,0.06381918,0.03498469,0.84415553,1.4595249,11
TNG50-1,67,0.5,115153,0.00376359,0.03071978,0.84415553,1.4595249,12
TNG50-1,67,0.5,115153,0.06836594,0.03394567,0.84415553,1.4595249,13
TNG50-1,67,0.5,115153,-0.03633234,-0.03278411,0.84415553,1.4595249,14
TNG50-1,67,0.5,160813,-0.01000967,0.00276972,0.248466,-0.10838496,0
TNG50-1,67,0.5,160813,0.00351216,0.08314409,0.248466,-0.10838496,1
TNG50-1,67,0.5,160813,-0.01678526,0.06415796,0.248466,-0.10838496,2
TNG50-1,67,0.5,160813,-0.07831548,-0.04261138,0.248466,-0.10838496,3
TNG50-1,67,0.5,160813,-0.06175045,0.0160784,0.248466,-0.10838496,4
TNG50-1,67,0.5,160813,0.01149881,-0.07736483,0.248466,-0.10838496,5
TNG50-1,67,0.5,160813,0.0452888,0.07608945,0.248466,-0.10838496,6
TNG50-1,67,0.5,160813,0.0004671,0.01121157,0.248466,-0.10838496,7
TNG50-1,67,0.5,160813,0.13824109,0.06743864,0.248466,-0.10838496,8
TNG50-1,67,0.5,160813,-0.04598812,-0.00546788,0.248466,-0.10838496,9
TNG50-1,67,0.5,160813,0.02224711,-0.09281337,0.248466,-0.10838496,10
TNG50-1,67,0.5,160813,0.06456013,0.13186838,0.248466,-0.10838496,11
TNG50-1,67,0.5,160813,0.05328386,0.00655443,0.248466,-0.10838496,12
TNG50-1,67,0.5,160813,0.03275334,-0.05001043,0.248466,-0.10838496,13
TNG50-1,67,0.5,160813,0.0535127,0.05728811,0.248466,-0.10838496,14
TNG50-1,67,0.5,153308,0.10179286,0.02866014,1.32677028,-1.42165394,0
TNG50-1,67,0.5,153308,-0.01012191,0.06582213,1.32677028,-1.42165394,1
TNG50-1,67,0.5,153308,-0.00496212,0.06534131,1.32677028,-1.42165394,2
TNG50-1,67,0.5,153308,0.01190231,-0.0062926,1.32677028,-1.42165394,3
TNG50-1,67,0.5,153308,-0.05554853,0.04623969,1.32677028,-1.42165394,4
TNG50-1,67,0.5,153308,-0.03453337,0.08942915,1.32677028,-1.42165394,5
TNG50-1,67,0.5,153308,0.08909629,-0.06318811,1.32677028,-1.42165394,6
TNG50-1,67,0.5,153308,-0.00661032,0.02883254,1.32677028,-1.42165394,7
TNG50-1,67,0.5,153308,-0.04187785,0.01807377,1.32677028,-1.42165394,8
TNG50-1,67,0.5,153308,-0.02260209,0.00515822,1.32677028,-1.42165394,9
TNG50-1,67,0.5,153308,0.05364118,0.00073167,1.32677028,-1.42165394,10
TNG50-1,67,0.5,153308,-0.09879484,0.0115835,1.32677028,-1.42165394,11
TNG50-1,67,0.5,153308,0.01273249,0.01577861,1.32677028,-1.42165394,12
TNG50-1,67,0.5,153308,0.12311094,0.05593076,1.32677028,-1.42165394,13
TNG50-1,67,0.5,153308,0.10155313,0.02382573,1.32677028,-1.42165394,14
TNG50-1,67,0.5,332674,-0.00889383,-0.06278819,0.28589453,-1.30827846,0
TNG50-1,67,0.5,332674,-0.04199607,0.06923226,0.28589453,-1.30827846,1
TNG50-1,67,0.5,332674,-0.02362213,-0.02052035,0.28589453,-1.30827846,2
TNG50-1,67,0.5,332674,0.01305831,0.0850009,0.28589453,-1.30827846,3
TNG50-1,67,0.5,332674,-0.03530354,-0.06667743,0.28589453,-1.30827846,4
TNG50-1,67,0.5,332674,0.04729385,0.01586994,0.28589453,-1.30827846,5
TNG50-1,67,0.5,332674,0.02150276,-0.00928106,0.28589453,-1.30827846,6
TNG50-1,67,0.5,332674,0.05717637,-0.09876173,0.28589453,-1.30827846,7
TNG50-1,67,0.5,332674,-0.03194096,0.0329104,0.28589453,-1.30827846,8
TNG50-1,67,0.5,332674,-0.04155338,-0.09619685,0.28589453,-1.30827846,9
TNG50-1,67,0.5,332674,0.05680286,-0.01458334,0.28589453,-1.30827846,10
TNG50-1,67,0.5,332674,0.0064977,0.05521377,0.28589453,-1.30827846,11
TNG50-1,67,0.5,332674,-0.01012586,-0.0265018,0.28589453,-1.30827846,12
TNG50-1,67,0.5,332674,0.03493302,-0.04518671,0.28589453,-1.30827846,13
TNG50-1,67,0.5,332674,0.03307246,0.04001782,0.28589453,-1.30827846,14
TNG50-1,67,0.5,285387,-0.0124759,-0.04932124,1.22893841,-0.34470767,0
TNG50-1,67,0.5,285387,-0.02025298,-0.06016293,1.22893841,-0.34470767,1
TNG50-1,67,0.5,285387,0.06374962,0.07421014,1.22893841,-0.34470767,2
TNG50-1,67,0.5,285387,-0.05836394,-0.03674275,1.22893841,-0.34470767,3
TNG50-1,67,0.5,285387,-0.02298036,0.01770419,1.22893841,-0.34470767,4
TNG50-1,67,0.5,285387,0.04332235,-0.01011021,1.22893841,-0.34470767,5
TNG50-1,67,0.5,285387,-0.06159737,-0.00789328,1.22893841,-0.34470767,6
TNG50-1,67,0.5,285387,0.08876736,0.07151949,1.22893841,-0.34470767,7
TNG50-1,67,0.5,285387,-0.01084237,-0.00425846,1.22893841,-0.34470767,8
TNG50-1,67,0.5,285387,0.04372637,-0.01784131,1.22893841,-0.34470767,9
TNG50-1,67,0.5,285387,0.04362176,-0.01348578,1.22893841,-0.34470767,10
TNG50-1,67,0.5,285387,-0.0076144,-0.02517292,1.22893841,-0.34470767,11
TNG50-1,67,0.5,285387,-0.02395061,-0.03350453,1.22893841,-0.34470767,12
TNG50-1,67,0.5,285387,-0.00214823,-0.02497234,1.22893841,-0.34470767,13
TNG50-1,67,0.5,285387,0.03563421,0.08316051,1.22893841,-0.34470767,14
TNG50-1,67,0.5,5,0.03557444,-0.04810308,0.8302151,-0.76124845,0
TNG50-1,67,0.5,5,-0.01725983,0.0118269,0.8302151,-0.76124845,1
TNG50-1,67,0.5,5,0.04908278,0.03587652,0.8302151,-0.76124845,2
TNG50-1,67,0.5,5,-0.07935969,-0.03515403,0.8302151,-0.76124845,3
TNG50-1,67,0.5,5,0.06878392,0.0335209,0.8302151,-0.76124845,4
TNG50-1,67,0.5,5,0.06475779,0.06841997,0.8302151,-0.76124845,5
TNG50-1,67,0.5,5,0.1118167,0.06002308,0.8302151,-0.76124845,6
TNG50-1,67,0.5,5,0.05057757,0.01766464,0.8302151,-0.76124845,7
TNG50-1,67,0.5,5,0.02186173,-0.00452989,0.8302151,-0.76124845,8
TNG50-1,67,0.5,5,0.06455702,0.08678118,0.8302151,-0.76124845,9
TNG50-1,67,0.5,5,-0.03129047,0.0007702,0.8302151,-0.76124845,10
TNG50-1,67,0.5,5,-0.01977082,0.04701773,0.8302151,-0.76124845,11
TNG50-1,67,0.5,5,-0.00321224,0.09791407,0.8302151,-0.76124845,12
TNG50-1,67,0.5,5,0.06844408,0.0417634,0.8302151,-0.76124845,13
TNG50-1,67,0.5,5,-0.04279392,-0.04985456,0.8302151,-0.76124845,14
TNG50-1,67,0.5,54052,-0.06195114,-0.0452589,1.03528994,-1.03691221,0
TNG50-1,67,0.5,54052,-0.01488147,-0.02438121,1.03528994,-1.03691221,1
TNG50-1,67,0.5,54052,0.03547496,-0.03720599,1.03528994,-1.03691221,2
TNG50-1,67,0.5,54052,0.02223929,-0.03586446,1.03528994,-1.03691221,3
TNG50-1,67,0.5,54052,0.1103541,-0.05040103,1.03528994,-1.03691221,4
TNG50-1,67,0.5,54052,0.02175281,-0.02413823,1.03528994,-1.03691221,5
TNG50-1,67,0.5,54052,-0.01637206,-0.04473492,1.03528994,-1.03691221,6
TNG50-1,67,0.5,54052,-0.05666711,0.02932921,1.03528994,-1.03691221,7
TNG50-1,67,0.5,54052,0.05902187,0.01004,1.03528994,-1.03691221,8
TNG50-1,67,0.5,54052,-0.00030306,0.05973576,1.03528994,-1.03691221,9
TNG50-1,67,0.5,54052,-0.07530699,0.09433517,1.03528994,-1.03691221,10
TNG50-1,67,0.5,54052,0.00111303,0.03386625,1.03528994,-1.03691221,11
TNG50-1,67,0.5,54052,-0.04978691,0.02247935,1.03528994,-1.03691221,12
TNG50-1,67,0.5,54052,-0.02128188,0.03701686,1.03528994,-1.03691221,13
TNG50-1,67,0.5,54052,0.0003096,0.02332944,1.03528994,-1.03691221,14
TNG50-1,67,0.5,347481,0.00250997,-0.01643484,1.06899418,1.42378165,0
TNG50-1,67,0.5,347481,-0.00146629,-0.10727592,1.06899418,1.42378165,1
TNG50-1,67,0.5,347481,-0.0510835,-0.0163644,1.06899418,1.42378165,2
TNG50-1,67,0.5,347481,0.04194598,-0.01095812,1.06899418,1.42378165,3
TNG50-1,67,0.5,347481,-0.00156474,-0.1024596,1.06899418,1.42378165,4
TNG50-1,67,0.5,347481,0.07247595,0.00226858,1.06899418,1.42378165,5
TNG50-1,67,0.5,347481,0.0457568,-0.05379257,1.06899418,1.42378165,6
TNG50-1,67,0.5,347481,-0.03129758,0.03245426,1.06899418,1.42378165,7
TNG50-1,67,0.5,347481,0.06233455,-0.01230399,1.06899418,1.42378165,8
TNG50-1,67,0.5,347481,-0.1280371,0.09805474,1.06899418,1.42378165,9
TNG50-1,67,0.5,347481,0.09651129,-0.01280893,1.06899418,1.42378165,10
TNG50-1,67,0.5,347481,-0.06692226,0.02151956,1.06899418,1.42378165,11
TNG50-1,67,0.5,347481,0.02475561,-0.01065358,1.06899418,1.42378165,12
TNG50-1,67,0.5,347481,0.02137081,-0.08116341,1.06899418,1.42378165,13
TNG50-1,67,0.5,347481,0.05618584,-0.01023565,1.06899418,1.42378165,14
TNG50-1,67,0.5,289152,0.03767067,-0.02984655,0.39142373,-0.95686758,0
TNG50-1,67,0.5,289152,0.03009949,-0.03225679,0.39142373,-0.95686758,1
TNG50-1,67,0.5,289152,-0.01466339,-0.00489476,0.39142373,-0.95686758,2
TNG50-1,67,0.5,289152,-0.07283781,-0.04602032,0.39142373,-0.95686758,3
TNG50-1,67,0.5,289152,0.03222293,-0.01145477,0.39142373,-0.95686758,4
TNG50-1,67,0.5,289152,0.02097433,0.09697807,0.39142373,-0.95686758,5
TNG50-1,67,0.5,289152,0.04217054,0.05213169,0.39142373,-0.95686758,6
TNG50-1,67,0.5,289152,-0.01370561,0.0154019,0.39142373,-0.95686758,7
TNG50-1,67,0.5,289152,-0.08421874,0.07758386,0.39142373,-0.95686758,8
TNG50-1,67,0.5,289152,0.02668801,-0.0412448,0.39142373,-0.95686758,9
TNG50-1,67,0.5,289152,-0.00045714,0.12452199,0.39142373,-0.95686758,10
TNG50-1,67,0.5,289152,0.06958419,-0.02302513,0.39142373,-0.95686758,11
TNG50-1,67,0.5,289152,0.00143665,0.10019029,0.39142373,-0.95686758,12
TNG50-1,67,0.5,289152,-0.00227334,0.09997015,0.39142373,-0.95686758,13
TNG50-1,67,0.5,289152,0.02086272,-0.08766149,0.39142373,-0.95686758,14
TNG50-1,67,0.5,237937,0.07335461,0.03934251,1.27567447,1.44318255,0
TNG50-1,67,0.5,237937,-0.01419546,0.02028994,1.27567447,1.44318255,1
TNG50-1,67,0.5,237937,-0.02839842,0.02675832,1.27567447,1.44318255,2
TNG50-1,67,0.5,237937,0.02623191,-0.00136913,1.27567447,1.44318255,3
TNG50-1,67,0.5,237937,-0.05039577,-0.03940498,1.27567447,1.44318255,4
TNG50-1,67,0.5,237937,0.02509985,0.07440585,1.27567447,1.44318255,5
TNG50-1,67,0.5,237937,-0.04703972,-0.03488967,1.27567447,1.44318255,6
TNG50-1,67,0.5,237937,0.00885396,0.02095195,1.27567447,1.44318255,7
TNG50-1,67,0.5,237937,0.06676813,-0.00560523,1.27567447,1.44318255,8
TNG50-1,67,0.5,237937,0.0193259,0.02814966,1.27567447,1.44318255,9
TNG50-1,67,0.5,237937,-0.01798958,-0.03027435,1.27567447,1.44318255,10
TNG50-1,67,0.5,237937,0.02707056,0.05263386,1.27567447,1.44318255,11
TNG50-1,67,0.5,237937,-0.07032401,0.0689139,1.27567447,1.44318255,12
TNG50-1,67,0.5,237937,-0.04194304,0.04956615,1.27567447,1.44318255,13
TNG50-1,67,0.5,237937,-0.0215135,0.00788127,1.27567447,1.44318255,14
TNG50-1,67,0.5,331991,-0.02175626,-0.04852133,0.21161877,0.81944938,0
TNG50-1,67,0.5,331991,0.14110559,-0.00913664,0.21161877,0.81944938,1
TNG50-1,67,0.5,331991,-0.04958123,-0.09535694,0.21161877,0.81944938,2
TNG50-1,67,0.5,331991,0.04406148,0.02793869,0.21161877,0.81944938,3
TNG50-1,67,0.5,331991,0.01663924,0.04240869,0.21161877,0.81944938,4
TNG50-1,67,0.5,331991,-0.00312687,-0.04978,0.21161877,0.81944938,5
TNG50-1,67,0.5,331991,0.00925815,0.071754,0.21161877,0.81944938,6
TNG50-1,67,0.5,331991,-0.02551077,-0.035944,0.21161877,0.81944938,7
TNG50-1,67,0.5,331991,0.02135278,-0.01712341,0.21161877,0.81944938,8
TNG50-1,67,0.5,331991,0.01584122,0.0059783,0.21161877,0.81944938,9
TNG50-1,67,0.5,331991,0.13388266,0.07970982,0.21161877,0.81944938,10
TNG50-1,67,0.5,331991,0.05354111,-0.04290989,0.21161877,0.81944938,11
TNG50-1,67,0.5,331991,0.02579414,0.01456236,0.21161877,0.81944938,12
TNG50-1,67,0.5,331991,0.02877795,0.03874189,0.21161877,0.81944938,13
TNG50-1,67,0.5,331991,0.09197688,0.02842351,0.21161877,0.81944938,14
TNG50-1,67,0.5,318829,0.03027005,-0.01742997,1.07344874,0.44279389,0
TNG50-1,67,0.5,318829,0.03807501,0.00598157,1.07344874,0.44279389,1
TNG50-1,67,0.5,318829,-0.02773614,-0.00203007,1.07344874,0.44279389,2
TNG50-1,67,0.5,318829,0.08438899,-0.07603337,1.07344874,0.44279389,3
TNG50-1,67,0.5,318829,-0.00555747,0.01315117,1.07344874,0.44279389,4
TNG50-1,67,0.5,318829,-0.01219241,-0.00211464,1.07344874,0.44279389,5
TNG50-1,67,0.5,318829,0.06738128,0.01561002,1.07344874,0.44279389,6
TNG50-1,67,0.5,318829,-0.03152834,-0.00387589,1.07344874,0.44279389,7
TNG50-1,67,0.5,318829,0.01601391,-0.01801697,1.07344874,0.44279389,8
TNG50-1,67,0.5,318829,-0.03614173,0.0437455,1.07344874,0.44279389,9
TNG50-1,67,0.5,318829,0.12596179,0.02665672,1.07344874,0.44279389,10
TNG50-1,67,0.5,318829,0.11543273,0.06980236,1.07344874,0.44279389,11
TNG50-1,67,0.5,318829,-0.00551205,0.02473649,1.07344874,0.44279389,12
TNG50-1,67,0.5,318829,0.02599286,-0.00988033,1.07344874,0.44279389,13
TNG50-1,67,0.5,318829,0.00025999,0.03083843,1.07344874,0.44279389,14
TNG50-1,67,0.5,343517,-0.09903066,-0.01903159,0.80162606,0.55297987,0
TNG50-1,67,0.5,343517,0.10518399,0.02153295,0.80162606,0.55297987,1
TNG50-1,67,0.5,343517,0.01371901,0.09938796,0.80162606,0.55297987,2
TNG50-1,67,0.5,343517,0.10922279,0.04896297,0.80162606,0.55297987,3
TNG50-1,67,0.5,343517,-0.04346725,0.07166088,0.80162606,0.55297987,4
TNG50-1,67,0.5,343517,-0.05588227,0.03268308,0.80162606,0.55297987,5
TNG50-1,67,0.5,343517,0.01829166,0.01834269,0.80162606,0.55297987,6
TNG50-1,67,0.5,343517,0.01812674,0.12528952,0.80162606,0.55297987,7
TNG50-1,67,0.5,343517,0.01691224,-0.06614278,0.80162606,0.55297987,8
TNG50-1,67,0.5,343517,0.00929131,-0.02066152,0.80162606,0.55297987,9
TNG50-1,67,0.5,343517,-0.03140586,-0.01675899,0.80162606,0.55297987,10
TNG50-1,67,0.5,343517,-0.07426779,0.04467785,0.80162606,0.55297987,11
TNG50-1,67,0.5,343517,0.01415753,-0.04893884,0.80162606,0.55297987,12
TNG50-1,67,0.5,343517,-0.0641296,0.03817148,0.80162606,0.55297987,13
TNG50-1,67,0.5,343517,-0.06885031,0.02898249,0.80162606,0.55297987,14
TNG50-1,67,0.5,335792,0.04066737,-0.02999546,0.30426357,-0.52943903,0
TNG50-1,67,0.5,335792,0.03976115,-0.01254088,0.30426357,-0.52943903,1
TNG50-1,67,0.5,335792,0.07691598,0.05183854,0.30426357,-0.52943903,2
TNG50-1,67,0.5,335792,-0.00246047,0.03656203,0.30426357,-0.52943903,3
TNG50-1,67,0.5,335792,0.0265079,-0.00639617,0.30426357,-0.52943903,4
TNG50-1,67,0.5,335792,-0.03682746,-0.05695537,0.30426357,-0.52943903,5
TNG50-1,67,0.5,335792,-0.04823975,-0.05342723,0.30426357,-0.52943903,6
TNG50-1,67,0.5,335792,0.08824144,0.03765151,0.30426357,-0.52943903,7
TNG50-1,67,0.5,335792,-0.04060594,-0.06388712,0.30426357,-0.52943903,8
TNG50-1,67,0.5,335792,0.0320656,-0.00590772,0.30426357,-0.52943903,9
TNG50-1,67,0.5,335792,0.02655214,0.13405361,0.30426357,-0.52943903,10
TNG50-1,67,0.5,335792,0.05874904,0.02297804,0.30426357,-0.52943903,11
TNG50-1,67,0.5,335792,-0.08291003,0.03711246,0.30426357,-0.52943903,12
TNG50-1,67,0.5,335792,0.04456035,-0.05305176,0.30426357,-0.52943903,13
TNG50-1,67,0.5,335792,-0.0029016,-0.06136508,0.30426357,-0.52943903,14
TNG50-1,67,0.5,276421,0.0397911,-0.01829848,1.35243544,0.46001411,0
TNG50-1,67,0.5,276421,-0.0141176,0.09606984,1.35243544,0.46001411,1
TNG50-1,67,0.5,276421,0.05868107,-0.00335889,1.35243544,0.46001411,2
TNG50-1,67,0.5,276421,0.00715666,0.01417113,1.35243544,0.46001411,3
TNG50-1,67,0.5,276421,0.17781814,0.0563466,1.35243544,0.46001411,4
TNG50-1,67,0.5,276421,-0.02361599,-0.06160809,1.35243544,0.46001411,5
TNG50-1,67,0.5,276421,0.01945658,-0.04198487,1.35243544,0.46001411,6
TNG50-1,67,0.5,276421,-0.03970728,-0.01118495,1.35243544,0.46001411,7
TNG50-1,67,0.5,276421,0.056604,0.06523118,1.35243544,0.46001411,8
TNG50-1,67,0.5,276421,0.02702562,0.05598827,1.35243544,0.46001411,9
TNG50-1,67,0.5,276421,-0.04305949,0.04098832,1.35243544,0.46001411,10
TNG50-1,67,0.5,276421,-0.01086424,-0.001958,1.35243544,0.46001411,11
TNG50-1,67,0.5,276421,0.07359174,0.06147849,1.35243544,0.46001411,12
TNG50-1,67,0.5,276421,0.06758546,-0.00263226,1.35243544,0.46001411,13
TNG50-1,67,0.5,276421,-0.06571978,0.0338984,1.35243544,0.46001411,14
TNG50-1,67,0.5,222323,0.05060195,0.0133235,0.40884893,-0.98428574,0
TNG50-1,67,0.5,222323,0.089841,-0.02401939,0.40884893,-0.98428574,1
TNG50-1,67,0.5,222323,0.00218377,0.10167321,0.40884893,-0.98428574,2
TNG50-1,67,0.5,222323,-0.01313051,0.02148806,0.40884893,-0.98428574,3
TNG50-1,67,0.5,222323,0.06975377,0.05642445,0.40884893,-0.98428574,4
TNG50-1,67,0.5,222323,0.07359263,-0.07281065,0.40884893,-0.98428574,5
TNG50-1,67,0.5,222323,-0.02216872,-0.07324209,0.40884893,-0.98428574,6
TNG50-1,67,0.5,222323,-0.05025169,0.02300313,0.40884893,-0.98428574,7
TNG50-1,67,0.5,222323,0.06595172,0.09274288,0.40884893,-0.98428574,8
TNG50-1,67,0.5,222323,-0.07708637,-0.05049679,0.40884893,-0.98428574,9
TNG50-1,67,0.5,222323,-0.07964007,0.00716883,0.40884893,-0.98428574,10
TNG50-1,67,0.5,222323,-0.00841476,-0.06175481,0.40884893,-0.98428574,11
TNG50-1,67,0.5,222323,0.00512199,-0.03593113,0.40884893,-0.98428574,12
TNG50-1,67,0.5,222323,-0.05299761,0.00965557,0.40884893,-0.98428574,13
TNG50-1,67,0.5,222323,0.01109322,-0.02463056,0.40884893,-0.98428574,14
TNG50-1,67,0.5,342970,-0.0652762,-0.01281052,0.88930643,1.37509217,0
TNG50-1,67,0.5,342970,-0.06639588,0.02693107,0.88930643,1.37509217,1
TNG50-1,67,0.5,342970,-0.0943004,-0.0550715,0.88930643,1.37509217,2
TNG50-1,67,0.5,342970,0.02382919,0.03650336,0.88930643,1.37509217,3
TNG50-1,67,0.5,342970,0.02987905,-0.04154286,0.88930643,1.37509217,4
TNG50-1,67,0.5,342970,0.02962767,0.03451278,0.88930643,1.37509217,5
TNG50-1,67,0.5,342970,-0.04545879,0.14845361,0.88930643,1.37509217,6
TNG50-1,67,0.5,342970,0.05029756,-0.02850062,0.88930643,1.37509217,7
TNG50-1,67,0.5,342970,0.03533893,0.14614017,0.88930643,1.37509217,8
TNG50-1,67,0.5,342970,0.00036472,0.02453177,0.88930643,1.37509217,9
TNG50-1,67,0.5,342970,-0.00784144,-0.03748128,0.88930643,1.37509217,10
TNG50-1,67,0.5,342970,-0.03245577,-0.03977281,0.88930643,1.37509217,11
TNG50-1,67,0.5,342970,0.00960809,0.11824778,0.88930643,1.37509217,12
TNG50-1,67,0.5,342970,0.08086239,0.02464943,0.88930643,1.37509217,13
TNG50-1,67,0.5,342970,0.05689283,-0.02830764,0.88930643,1.37509217,14
TNG50-1,67,0.5,305885,-0.01017303,-0.08552762,0.73683548,-0.62268459,0
TNG50-1,67,0.5,305885,0.02153879,0.09653167,0.73683548,-0.62268459,1
TNG50-1,67,0.5,305885,-0.00043603,0.02315074,0.73683548,-0.62268459,2
TNG50-1,67,0.5,305885,0.01729496,0.00098229,0.73683548,-0.62268459,3
TNG50-1,67,0.5,305885,0.08868054,0.10976225,0.73683548,-0.62268459,4
TNG50-1,67,0.5,305885,-0.05639853,0.05110312,0.73683548,-0.62268459,5
TNG50-1,67,0.5,305885,0.03223152,0.08846384,0.73683548,-0.62268459,6
TNG50-1,67,0.5,305885,-0.00364488,-0.0589977,0.73683548,-0.62268459,7
TNG50-1,67,0.5,305885,-0.02495227,-0.06086963,0.73683548,-0.62268459,8
TNG50-1,67,0.5,305885,0.05360871,0.03085376,0.73683548,-0.62268459,9
TNG50-1,67,0.5,305885,-0.07307128,0.02072496,0.73683548,-0.62268459,10
TNG50-1,67,0.5,305885,-0.11832167,0.0624831,0.73683548,-0.62268459,11
TNG50-1,67,0.5,305885,0.01122665,-0.08153944,0.73683548,-0.62268459,12
TNG50-1,67,0.5,305885,-0.00690899,0.03517987,0.73683548,-0.62268459,13
TNG50-1,67,0.5,305885,-0.06764236,0.04946343,0.73683548,-0.62268459,14
TNG50-1,67,0.5,225713,0.0468086,0.06788246,1.27571134,-0.76910425,0
TNG50-1,67,0.5,225713,-0.02033472,0.00835803,1.27571134,-0.76910425,1
TNG50-1,67,0.5,225713,0.02593076,-0.02219373,1.27571134,-0.76910425,2
TNG50-1,67,0.5,225713,-0.03878285,-0.02175705,1.27571134,-0.76910425,3
TNG50-1,67,0.5,225713,-0.0146473,0.04347049,1.27571134,-0.76910425,4
TNG50-1,67,0.5,225713,-0.05214682,-0.14765477,1.27571134,-0.76910425,5
TNG50-1,67,0.5,225713,-0.03793329,-0.04120967,1.27571134,-0.76910425,6
TNG50-1,67,0.5,225713,-0.01204812,-0.00595419,1.27571134,-0.76910425,7
TNG50-1,67,0.5,225713,-0.02454684,-0.00653055,1.27571134,-0.76910425,8
TNG50-1,67,0.5,225713,-0.03793957,0.1252656,1.27571134,-0.76910425,9
TNG50-1,67,0.5,225713,-0.06497985,-0.01687967,1.27571134,-0.76910425,10
TNG50-1,67,0.5,225713,0.09805479,0.04951135,1.27571134,-0.76910425,11
TNG50-1,67,0.5,225713,-0.02502815,0.09058286,1.27571134,-0.76910425,12
TNG50-1,67,0.5,225713,0.01649828,0.0335307,1.27571134,-0.76910425,13
TNG50-1,67,0.5,225713,-0.0879486,-0.0336908,1.27571134,-0.76910425,14
TNG50-1,67,0.5,287780,-0.06422438,0.00797682,0.92471272,0.6633875,0
TNG50-1,67,0.5,287780,0.03727101,0.01062237,0.92471272,0.6633875,1
TNG50-1,67,0.5,287780,0.08225126,-0.0804271,0.92471272,0.6633875,2
TNG50-1,67,0.5,287780,0.02729815,-0.02207966,0.92471272,0.6633875,3
TNG50-1,67,0.5,287780,0.06167241,-0.0616604,0.92471272,0.6633875,4
TNG50-1,67,0.5,287780,0.12959735,-0.02035543,0.92471272,0.6633875,5
TNG50-1,67,0.5,287780,0.04186871,-0.03975819,0.92471272,0.6633875,6
TNG50-1,67,0.5,287780,-0.05503164,0.05059106,0.92471272,0.6633875,7
TNG50-1,67,0.5,287780,0.00255304,0.05117,0.92471272,0.6633875,8
TNG50-1,67,0.5,287780,0.06851076,0.02801471,0.92471272,0.6633875,9
TNG50-1,67,0.5,287780,-0.01243899,-0.06338246,0.92471272,0.6633875,10
TNG50-1,67,0.5,287780,0.07528528,-0.00490674,0.92471272,0.6633875,11
TNG50-1,67,0.5,287780,-0.00334684,-0.06735962,0.92471272,0.6633875,12
TNG50-1,67,0.5,287780,0.01671737,-0.00736467,0.92471272,0.6633875,13
TNG50-1,67,0.5,287780,-0.01753705,0.03237106,0.92471272,0.6633875,14
TNG50-1,67,0.5,317880,0.04960522,-0.03598335,0.77334194,0.49149814,0
TNG50-1,67,0.5,317880,0.02364224,-0.02167994,0.77334194,0.49149814,1
TNG50-1,67,0.5,317880,0.06292358,0.06008624,0.77334194,0.49149814,2
TNG50-1,67,0.5,317880,0.01298782,-0.02667575,0.77334194,0.49149814,3
TNG50-1,67,0.5,317880,-0.01167801,-0.05374855,0.77334194,0.49149814,4
TNG50-1,67,0.5,317880,0.04368303,0.01821725,0.77334194,0.49149814,5
TNG50-1,67,0.5,317880,0.04532381,-0.01084868,0.77334194,0.49149814,6
TNG50-1,67,0.5,317880,-0.02620858,0.03952803,0.77334194,0.49149814,7
TNG50-1,67,0.5,317880,0.01894911,-0.050594,0.77334194,0.49149814,8
TNG50-1,67,0.5,317880,-0.01471567,0.01054269,0.77334194,0.49149814,9
TNG50-1,67,0.5,317880,-0.10042974,0.12347834,0.77334194,0.49149814,10
TNG50-1,67,0.5,317880,0.02200532,-0.01196395,0.77334194,0.49149814,11
TNG50-1,67,0.5,317880,-0.06472611,0.00933652,0.77334194,0.49149814,12
TNG50-1,67,0.5,317880,0.01641121,-0.08305201,0.77334194,0.49149814,13
TNG50-1,67,0.5,317880,-0.07676532,-0.04264896,0.77334194,0.49149814,14
TNG50-1,67,0.5,313615,0.02298604,-0.02020376,1.00086667,-0.15299896,0
TNG50-1,67,0.5,313615,-0.01649489,0.05059246,1.00086667,-0.15299896,1
TNG50-1,67,0.5,313615,0.03072165,0.06651609,1.00086667,-0.15299896,2
TNG50-1,67,0.5,313615,0.02124693,0.08919796,1.00086667,-0.15299896,3
TNG50-1,67,0.5,313615,-0.06590147,0.02509616,1.00086667,-0.15299896,4
TNG50-1,67,0.5,313615,0.05076531,0.00787185,1.00086667,-0.15299896,5
TNG50-1,67,0.5,313615,-0.06213425,-0.02372922,1.00086667,-0.15299896,6
TNG50-1,67,0.5,313615,-0.0382461,-0.07294934,1.00086667,-0.15299896,7
TNG50-1,67,0.5,313615,0.01147425,-0.01389768,1.00086667,-0.15299896,8
TNG50-1,67,0.5,313615,0.07835115,0.00561689,1.00086667,-0.15299896,9
TNG50-1,67,0.5,313615,-0.05019382,-0.00547462,1.00086667,-0.15299896,10
TNG50-1,67,0.5,313615,0.00738422,0.0298859,1.00086667,-0.15299896,11
TNG50-1,67,0.5,313615,0.00780102,-0.07270866,1.00086667,-0.15299896,12
TNG50-1,67,0.5,313615,0.032868,-0.00909871,1.00086667,-0.15299896,13
TNG50-1,67,0.5,313615,0.05920153,0.09973848,1.00086667,-0.15299896,14
TNG50-1,67,0.5,349548,0.04977994,0.03094846,1.27079597,0.41609212,0
TNG50-1,67,0.5,349548,0.03080951,-0.04709898,1.27079597,0.41609212,1
TNG50-1,67,0.5,349548,0.01953412,0.00163585,1.27079597,0.41609212,2
TNG50-1,67,0.5,349548,-0.01827159,0.04792874,1.27079597,0.41609212,3
TNG50-1,67,0.5,349548,-0.08770351,-0.02994394,1.27079597,0.41609212,4
TNG50-1,67,0.5,349548,0.02285643,0.00702663,1.27079597,0.41609212,5
TNG50-1,67,0.5,349548,-0.12242142,0.01582382,1.27079597,0.41609212,6
TNG50-1,67,0.5,349548,-0.01627779,-0.05504271,1.27079597,0.41609212,7
TNG50-1,67,0.5,349548,-0.00018296,-0.01350464,1.27079597,0.41609212,8
TNG50-1,67,0.5,349548,-0.02235952,-0.05127313,1.27079597,0.41609212,9
TNG50-1,67,0.5,349548,0.10856915,0.0434334,1.27079597,0.41609212,10
TNG50-1,67,0.5,349548,0.09121714,-0.04540277,1.27079597,0.41609212,11
TNG50-1,67,0.5,349548,0.05164059,0.01459019,1.27079597,0.41609212,12
TNG50-1,67,0.5,349548,-0.04626634,-0.06950779,1.27079597,0.41609212,13
TNG50-1,67,0.5,349548,0.09607077,-0.05667184,1.27079597,0.41609212,14
TNG50-1,67,0.5,11,-0.05909406,-0.01256802,1.19423182,-1.06973406,0
TNG50-1,67,0.5,11,-0.01447876,-0.0381968,1.19423182,-1.06973406,1
TNG50-1,67,0.5,11,0.00901908,-0.09058418,1.19423182,-1.06973406,2
TNG50-1,67,0.5,11,0.01823776,-0.03457545,1.19423182,-1.06973406,3
TNG50-1,67,0.5,11,-0.08861176,-0.04796924,1.19423182,-1.06973406,4
TNG50-1,67,0.5,11,-0.00843197,0.08396123,1.19423182,-1.06973406,5
TNG50-1,67,0.5,11,-0.03752861,0.1132348,1.19423182,-1.06973406,6
TNG50-1,67,0.5,11,0.02670892,-0.00253958,1.19423182,-1.06973406,7
TNG50-1,67,0.5,11,-0.01338182,-0.07023783,1.19423182,-1.06973406,8
TNG50-1,67,0.5,11,-0.00404155,0.03690221,1.19423182,-1.06973406,9
TNG50-1,67,0.5,11,-0.03724745,-0.04905382,1.19423182,-1.06973406,10
TNG50-1,67,0.5,11,0.08623239,-0.02745855,1.19423182,-1.06973406,11
TNG50-1,67,0.5,11,-0.06417897,-0.03144248,1.19423182,-1.06973406,12
TNG50-1,67,0.5,11,-0.0199867,-0.02502528,1.19423182,-1.06973406,13
TNG50-1,67,0.5,11,0.00537992,-0.01773601,1.19423182,-1.06973406,14
TNG50-1,67,0.5,269551,-0.0656751,0.09094139,0.53137675,0.54452694,0
TNG50-1,67,0.5,269551,-0.03510068,0.01120435,0.53137675,0.54452694,1
TNG50-1,67,0.5,269551,0.05099721,0.06762,0.53137675,0.54452694,2
TNG50-1,67,0.5,269551,-0.00167785,-0.02392876,0.53137675,0.54452694,3
TNG50-1,67,0.5,269551,0.00626569,0.03687893,0.53137675,0.54452694,4
TNG50-1,67,0.5,269551,-0.11161241,-0.03150484,0.53137675,0.54452694,5
TNG50-1,67,0.5,269551,0.04738918,-0.02519294,0.53137675,0.54452694,6
TNG50-1,67,0.5,269551,-0.03427599,0.00485003,0.53137675,0.54452694,7
TNG50-1,67,0.5,269551,0.05619843,-0.06336995,0.53137675,0.54452694,8
TNG50-1,67,0.5,269551,0.00771374,0.01647121,0.53137675,0.54452694,9
TNG50-1,67,0.5,269551,-0.02810267,-0.01559791,0.53137675,0.54452694,10
TNG50-1,67,0.5,269551,-0.08388948,-0.09937803,0.53137675,0.54452694,11
TNG50-1,67,0.5,269551,0.1087423,-0.02288309,0.53137675,0.54452694,12
TNG50-1,67,0.5,269551,0.04016236,-0.01725274,0.53137675,0.54452694,13
TNG50-1,67,0.5,269551,0.04315372,0.04264182,0.53137675,0.54452694,14
TNG50-1,67,0.5,131717,0.0142599,0.02635904,1.37158933,-0.72064775,0
TNG50-1,67,0.5,131717,0.07237362,0.08146415,1.37158933,-0.72064775,1
TNG50-1,67,0.5,131717,0.02600548,-0.05582982,1.37158933,-0.72064775,2
TNG50-1,67,0.5,131717,-0.02769805,0.05667259,1.37158933,-0.72064775,3
TNG50-1,67,0.5,131717,-0.00291797,0.046789,1.37158933,-0.72064775,4
TNG50-1,67,0.5,131717,-0.0174024,-0.0091116,1.37158933,-0.72064775,5
TNG50-1,67,0.5,131717,0.02439864,-0.01883217,1.37158933,-0.72064775,6
TNG50-1,67,0.5,131717,0.00299111,-0.0542573,1.37158933,-0.72064775,7
TNG50-1,67,0.5,131717,-0.03142798,-0.06729048,1.37158933,-0.72064775,8
TNG50-1,67,0.5,131717,0.00043002,-0.03756172,1.37158933,-0.72064775,9
TNG50-1,67,0.5,131717,0.02305903,-0.06278878,1.37158933,-0.72064775,10
TNG50-1,67,0.5,131717,-0.05032108,0.07978612,1.37158933,-0.72064775,11
TNG50-1,67,0.5,131717,0.01585044,-0.0751026,1.37158933,-0.72064775,12
TNG50-1,67,0.5,131717,-0.07893415,0.00744477,1.37158933,-0.72064775,13
TNG50-1,67,0.5,131717,0.05527857,0.02178526,1.37158933,-0.72064775,14
TNG50-1,67,0.5,340830,0.01787496,0.08300304,0.73143615,-0.71365683,0
TNG50-1,67,0.5,340830,0.02226443,0.07323889,0.73143615,-0.71365683,1
TNG50-1,67,0.5,340830,0.04732002,0.04405803,0.73143615,-0.71365683,2
TNG50-1,67,0.5,340830,-0.02229611,-0.06411048,0.73143615,-0.71365683,3
TNG50-1,67,0.5,340830,0.00437753,-0.00041809,0.73143615,-0.71365683,4
TNG50-1,67,0.5,340830,-0.01467808,0.01500193,0.73143615,-0.71365683,5
TNG50-1,67,0.5,340830,0.06512628,-0.00499048,0.73143615,-0.71365683,6
TNG50-1,67,0.5,340830,0.1049933,-0.0019053,0.73143615,-0.71365683,7
TNG50-1,67,0.5,340830,-0.05969669,0.0783614,0.73143615,-0.71365683,8
TNG50-1,67,0.5,340830,-0.10155504,-0.03784158,0.73143615,-0.71365683,9
TNG50-1,67,0.5,340830,0.02845658,0.03995262,0.73143615,-0.71365683,10
TNG50-1,67,0.5,340830,0.05351864,0.01582208,0.73143615,-0.71365683,11
TNG50-1,67,0.5,340830,0.09784887,-0.04287662,0.73143615,-0.71365683,12
TNG50-1,67,0.5,340830,0.03689452,-0.05383007,0.73143615,-0.71365683,13
TNG50-1,67,0.5,340830,0.06978905,-0.08506575,0.73143615,-0.71365683,14
TNG50-1,67,0.5,274916,0.02427885,0.00342118,0.20247213,-1.06129303,0
TNG50-1,67,0.5,274916,-0.00316224,-0.01628345,0.20247213,-1.06129303,1
TNG50-1,67,0.5,274916,-0.04128887,-0.04448319,0.20247213,-1.06129303,2
TNG50-1,67,0.5,274916,-0.09380526,-0.04614487,0.20247213,-1.06129303,3
TNG50-1,67,0.5,274916,0.02163555,-0.0830927,0.20247213,-1.06129303,4
TNG50-1,67,0.5,274916,-0.00868636,0.05906129,0.20247213,-1.06129303,5
TNG50-1,67,0.5,274916,-0.03568467,0.02312271,0.20247213,-1.06129303,6
TNG50-1,67,0.5,274916,-0.048202,0.00412434,0.20247213,-1.06129303,7
TNG50-1,67,0.5,274916,-0.01192876,0.01477914,0.20247213,-1.06129303,8
TNG50-1,67,0.5,274916,0.02349982,0.01697647,0.20247213,-1.06129303,9
TNG50-1,67,0.5,274916,-0.01649915,-0.03672731,0.20247213,-1.06129303,10
TNG50-1,67,0.5,274916,-0.05942632,-0.01626312,0.20247213,-1.06129303,11
TNG50-1,67,0.5,274916,-0.00290625,-0.02371043,0.20247213,-1.06129303,12
TNG50-1,67,0.5,274916,0.05227737,0.1255712,0.20247213,-1.06129303,13
TNG50-1,67,0.5,274916,0.00201338,0.0510101,0.20247213,-1.06129303,14
TNG50-1,67,0.5,340055,0.00839411,0.01585887,1.39384522,-0.52660276,0
TNG50-1,67,0.5,340055,0.06829921,0.01680771,1.39384522,-0.52660276,1
TNG50-1,67,0.5,340055,0.06198441,-0.01565958,1.39384522,-0.52660276,2
TNG50-1,67,0.5,340055,-0.06902622,0.05619926,1.39384522,-0.52660276,3
TNG50-1,67,0.5,340055,-0.01114266,0.06770214,1.39384522,-0.52660276,4
TNG50-1,67,0.5,340055,-0.00081622,-0.00346137,1.39384522,-0.52660276,5
TNG50-1,67,0.5,340055,0.0305764,0.01252164,1.39384522,-0.52660276,6
TNG50-1,67,0.5,340055,-0.01119964,-0.02262722,1.39384522,-0.52660276,7
TNG50-1,67,0.5,340055,-0.00492656,0.03134439,1.39384522,-0.52660276,8
TNG50-1,67,0.5,340055,-0.02306744,-0.05970302,1.39384522,-0.52660276,9
TNG50-1,67,0.5,340055,0.05244676,0.08979174,1.39384522,-0.52660276,10
TNG50-1,67,0.5,340055,-0.07216702,0.05699926,1.39384522,-0.52660276,11
TNG50-1,67,0.5,340055,-0.02136774,-0.05994632,1.39384522,-0.52660276,12
TNG50-1,67,0.5,340055,-0.0921838,-0.03945092,1.39384522,-0.52660276,13
TNG50-1,67,0.5,340055,-0.05148197,0.02106244,1.39384522,-0.52660276,14
TNG50-1,67,0.5,271075,-0.01691256,0.06893852,1.26565271,-0.53014043,0
TNG50-1,67,0.5,271075,0.02722998,0.01978544,1.26565271,-0.53014043,1
TNG50-1,67,0.5,271075,-0.01796982,0.08545857,1.26565271,-0.53014043,2
TNG50-1,67,0.5,271075,0.07624059,0.06606104,1.26565271,-0.53014043,3
TNG50-1,67,0.5,271075,0.00041535,0.00103044,1.26565271,-0.53014043,4
TNG50-1,67,0.5,271075,0.12102776,0.05918785,1.26565271,-0.53014043,5
TNG50-1,67,0.5,271075,0.03013376,0.07612977,1.26565271,-0.53014043,6
TNG50-1,67,0.5,271075,-0.06747022,-0.0040091,1.26565271,-0.53014043,7
TNG50-1,67,0.5,271075,0.10432483,-0.01068878,1.26565271,-0.53014043,8
TNG50-1,67,0.5,271075,0.05493395,0.00702252,1.26565271,-0.53014043,9
TNG50-1,67,0.5,271075,0.01900738,-0.12059539,1.26565271,-0.53014043,10
TNG50-1,67,0.5,271075,0.03233167,0.0140216,1.26565271,-0.53014043,11
TNG50-1,67,0.5,271075,-0.05945234,0.0360219,1.26565271,-0.53014043,12
TNG50-1,67,0.5,271075,-0.09021881,0.00722555,1.26565271,-0.53014043,13
TNG50-1,67,0.5,271075,-0.00208749,0.01723372,1.26565271,-0.53014043,14
TNG50-1,67,0.5,362619,-0.00217382,0.00510285,0.77261036,-0.14395088,0
TNG50-1,67,0.5,362619,-0.09985109,0.0323786,0.77261036,-0.14395088,1
TNG50-1,67,0.5,362619,0.08312974,-0.06890762,0.77261036,-0.14395088,2
TNG50-1,67,0.5,362619,-0.01839144,-0.12746884,0.77261036,-0.14395088,3
TNG50-1,67,0.5,362619,-0.03088851,0.0460616,0.77261036,-0.14395088,4
TNG50-1,67,0.5,362619,0.06789914,-0.0541491,0.77261036,-0.14395088,5
TNG50-1,67,0.5,362619,0.04893502,-0.03049952,0.77261036,-0.14395088,6
TNG50-1,67,0.5,362619,0.01365329,-0.10916177,0.77261036,-0.14395088,7
TNG50-1,67,0.5,362619,0.03846849,0.05114563,0.77261036,-0.14395088,8
TNG50-1,67,0.5,362619,-0.05774942,0.01751691,0.77261036,-0.14395088,9
TNG50-1,67,0.5,362619,-0.00404472,0.01550973,0.77261036,-0.14395088,10
TNG50-1,67,0.5,362619,0.06473921,0.01517275,0.77261036,-0.14395088,11
TNG50-1,67,0.5,362619,-0.03385709,-0.10300811,0.77261036,-0.14395088,12
TNG50-1,67,0.5,362619,-0.04991667,-0.0492583,0.77261036,-0.14395088,13
TNG50-1,67,0.5,362619,0.0039302,-0.02258636,0.77261036,-0.14395088,14
TNG50-1,67,0.5,341492,-0.03743714,0.01235843,1.35045195,-0.97257581,0
TNG50-1,67,0.5,341492,-0.01357558,0.00499864,1.35045195,-0.97257581,1
TNG50-1,67,0.5,341492,0.01230999,-0.0496416,1.35045195,-0.97257581,2
TNG50-1,67,0.5,341492,0.05032192,0.02910279,1.35045195,-0.97257581,3
TNG50-1,67,0.5,341492,-0.0740102,0.06339618,1.35045195,-0.97257581,4
TNG50-1,67,0.5,341492,-0.00044177,-0.03300465,1.35045195,-0.97257581,5
TNG50-1,67,0.5,341492,0.03557718,-0.03638161,1.35045195,-0.97257581,6
TNG50-1,67,0.5,341492,-0.04620416,-0.03820743,1.35045195,-0.97257581,7
TNG50-1,67,0.5,341492,-0.00964164,-0.08393308,1.35045195,-0.97257581,8
TNG50-1,67,0.5,341492,0.02332761,0.10022408,1.35045195,-0.97257581,9
TNG50-1,67,0.5,341492,0.00056044,-0.02244427,1.35045195,-0.97257581,10
TNG50-1,67,0.5,341492,0.03370989,-0.04292271,1.35045195,-0.97257581,11
TNG50-1,67,0.5,341492,0.00473491,-0.05633875,1.35045195,-0.97257581,12
TNG50-1,67,0.5,341492,-0.01559313,-0.01939837,1.35045195,-0.97257581,13
TNG50-1,67,0.5,341492,-0.05863549,-0.03476047,1.35045195,-0.97257581,14
TNG50-1,67,0.5,312340,0.07190366,-0.022358,0.86616149,-0.96444527,0
TNG50-1,67,0.5,312340,-0.06243689,-0.00865374,0.86616149,-0.96444527,1
TNG50-1,67,0.5,312340,-0.07692671,-0.00198276,0.86616149,-0.96444527,2
TNG50-1,67,0.5,312340,0.0275892,0.01994821,0.86616149,-0.96444527,3
TNG50-1,67,0.5,312340,-0.00536032,-0.01632701,0.86616149,-0.96444527,4
TNG50-1,67,0.5,312340,-0.01114724,-0.0333746,0.86616149,-0.96444527,5
TNG50-1,67,0.5,312340,0.02798181,0.06222401,0.86616149,-0.96444527,6
TNG50-1,67,0.5,312340,0.00683558,-0.01600163,0.86616149,-0.96444527,7
TNG50-1,67,0.5,312340,-0.00234088,0.07095652,0.86616149,-0.96444527,8
TNG50-1,67,0.5,312340,-0.07028231,-0.01625636,0.86616149,-0.96444527,9
TNG50-1,67,0.5,312340,-0.08340476,-0.00081348,0.86616149,-0.96444527,10
TNG50-1,67,0.5,312340,-0.03502142,-0.00693737,0.86616149,-0.96444527,11
TNG50-1,67,0.5,312340,-0.05421825,0.01156093,0.86616149,-0.96444527,12
TNG50-1,67,0.5,312340,0.01346029,-0.02099241,0.86616149,-0.96444527,13
TNG50-1,67,0.5,312340,-0.08993575,0.00480675,0.86616149,-0.96444527,14
TNG50-1,67,0.5,282211,0.0765407,-0.01313629,0.76110365,0.13112559,0
TNG50-1,67,0.5,282211,0.05244259,-0.03054285,0.76110365,0.13112559,1
TNG50-1,67,0.5,282211,0.05278692,-0.04565982,0.76110365,0.13112559,2
TNG50-1,67,0.5,282211,-0.06709653,-0.02556476,0.76110365,0.13112559,3
TNG50-1,67,0.5,282211,-0.059006,0.04375418,0.76110365,0.13112559,4
TNG50-1,67,0.5,282211,0.01088755,-0.07548324,0.76110365,0.13112559,5
TNG50-1,67,0.5,282211,0.0385369,0.03145262,0.76110365,0.13112559,6
TNG50-1,67,0.5,282211,-0.02595678,-0.03541094,0.76110365,0.13112559,7
TNG50-1,67,0.5,282211,-0.03487924,-0.01051502,0.76110365,0.13112559,8
TNG50-1,67,0.5,282211,0.06969215,-0.00731228,0.76110365,0.13112559,9
TNG50-1,67,0.5,282211,0.03429383,-0.01103724,0.76110365,0.13112559,10
TNG50-1,67,0.5,282211,0.05289933,-0.01435638,0.76110365,0.13112559,11
TNG50-1,67,0.5,282211,-0.0220725,-0.0222178,0.76110365,0.13112559,12
TNG50-1,67,0.5,282211,-0.02600103,-0.02857126,0.76110365,0.13112559,13
TNG50-1,67,0.5,282211,0.04744453,0.06598868,0.76110365,0.13112559,14
TNG50-1,67,0.5,105137,0.00125247,-0.03140266,0.86790793,-1.16591602,0
TNG50-1,67,0.5,105137,-0.00629741,-0.02253921,0.86790793,-1.16591602,1
TNG50-1,67,0.5,105137,-0.03223264,0.02521935,0.86790793,-1.16591602,2
TNG50-1,67,0.5,105137,-0.02039719,0.0265608,0.86790793,-1.16591602,3
TNG50-1,67,0.5,105137,-0.03205856,-0.03169409,0.86790793,-1.16591602,4
TNG50-1,67,0.5,105137,0.03826721,-0.08083884,0.86790793,-1.16591602,5
TNG50-1,67,0.5,105137,-0.03767995,0.10568464,0.86790793,-1.16591602,6
TNG50-1,67,0.5,105137,-0.11231229,0.0478062,0.86790793,-1.16591602,7
TNG50-1,67,0.5,105137,0.0029154,0.00784265,0.86790793,-1.16591602,8
TNG50-1,67,0.5,105137,-0.01396954,0.00878876,0.86790793,-1.16591602,9
TNG50-1,67,0.5,105137,-0.02928941,0.03106585,0.86790793,-1.16591602,10
TNG50-1,67,0.5,105137,0.04557781,0.03705316,0.86790793,-1.16591602,11
TNG50-1,67,0.5,105137,-0.13667598,-0.10431833,0.86790793,-1.16591602,12
TNG50-1,67,0.5,105137,0.0788122,-0.0175436,0.86790793,-1.16591602,13
TNG50-1,67,0.5,105137,0.05273389,-0.0227415,0.86790793,-1.16591602,14
TNG50-1,67,0.5,294406,-0.00807173,-0.05657964,1.0862544,0.59343745,0
TNG50-1,67,0.5,294406,0.0385397,0.01735409,1.0862544,0.59343745,1
TNG50-1,67,0.5,294406,-0.08950401,-0.00272113,1.0862544,0.59343745,2
TNG50-1,67,0.5,294406,-0.06745712,-0.02077537,1.0862544,0.59343745,3
TNG50-1,67,0.5,294406,-0.03408725,0.03324043,1.0862544,0.59343745,4
TNG50-1,67,0.5,294406,0.00771726,-0.01002446,1.0862544,0.59343745,5
TNG50-1,67,0.5,294406,0.04160628,-0.04565896,1.0862544,0.59343745,6
TNG50-1,67,0.5,294406,0.08156617,-0.0133249,1.0862544,0.59343745,7
TNG50-1,67,0.5,294406,-0.01431771,0.04103149,1.0862544,0.59343745,8
TNG50-1,67,0.5,294406,0.04152405,-0.05117566,1.0862544,0.59343745,9
TNG50-1,67,0.5,294406,0.03550812,0.01046384,1.0862544,0.59343745,10
TNG50-1,67,0.5,294406,0.02708346,-0.00277129,1.0862544,0.59343745,11
TNG50-1,67,0.5,294406,-0.00121405,-0.03804049,1.0862544,0.59343745,12
TNG50-1,67,0.5,294406,-0.0199766,-0.01466761,1.0862544,0.59343745,13
TNG50-1,67,0.5,294406,-0.05326997,-0.07858415,1.0862544,0.59343745,14
TNG50-1,67,0.5,310159,0.00548201,-0.00156575,0.74537275,1.39470103,0
TNG50-1,67,0.5,310159,-0.06823665,-0.0058799,0.74537275,1.39470103,1
TNG50-1,67,0.5,310159,0.05362186,0.02037759,0.74537275,1.39470103,2
TNG50-1,67,0.5,310159,-0.00459862,-0.04804827,0.74537275,1.39470103,3
TNG50-1,67,0.5,310159,-0.02859068,0.00963298,0.74537275,1.39470103,4
TNG50-1,67,0.5,310159,0.05802797,-0.05580637,0.74537275,1.39470103,5
TNG50-1,67,0.5,310159,-0.05159244,-0.0205929,0.74537275,1.39470103,6
TNG50-1,67,0.5,310159,-0.03738415,-0.08683757,0.74537275,1.39470103,7
TNG50-1,67,0.5,310159,-0.09146233,-0.02022741,0.74537275,1.39470103,8
TNG50-1,67,0.5,310159,0.06547532,-0.02863688,0.74537275,1.39470103,9
TNG50-1,67,0.5,310159,0.09364328,0.04717897,0.74537275,1.39470103,10
TNG50-1,67,0.5,310159,-0.0836797,-0.002963,0.74537275,1.39470103,11
TNG50-1,67,0.5,310159,-0.04078862,0.00612516,0.74537275,1.39470103,12
TNG50-1,67,0.5,310159,0.00349068,-0.0011226,0.74537275,1.39470103,13
TNG50-1,67,0.5,310159,-0.02578471,-0.10645544,0.74537275,1.39470103,14
TNG50-1,67,0.5,358978,-0.09984731,0.05843724,0.86136195,-0.22997834,0
TNG50-1,67,0.5,358978,-0.01593388,-0.05800415,0.86136195,-0.22997834,1
TNG50-1,67,0.5,358978,0.013928,-0.03188369,0.86136195,-0.22997834,2
TNG50-1,67,0.5,358978,-0.01174326,-0.10679122,0.86136195,-0.22997834,3
TNG50-1,67,0.5,358978,-0.04320295,0.00756533,0.86136195,-0.22997834,4
TNG50-1,67,0.5,358978,-0.01201566,0.0323762,0.86136195,-0.22997834,5
TNG50-1,67,0.5,358978,-0.01635428,-0.12776926,0.86136195,-0.22997834,6
TNG50-1,67,0.5,358978,0.03895016,0.00941432,0.86136195,-0.22997834,7
TNG50-1,67,0.5,358978,0.036151,0.03021052,0.86136195,-0.22997834,8
TNG50-1,67,0.5,358978,-0.02767073,0.02736188,0.86136195,-0.22997834,9
TNG50-1,67,0.5,358978,-0.00249621,-0.05979306,0.86136195,-0.22997834,10
TNG50-1,67,0.5,358978,0.01380996,0.038656,0.86136195,-0.22997834,11
TNG50-1,67,0.5,358978,0.02123222,0.00046522,0.86136195,-0.22997834,12
TNG50-1,67,0.5,358978,0.0826299,0.02955188,0.86136195,-0.22997834,13
TNG50-1,67,0.5,358978,-0.00140738,-0.00629289,0.86136195,-0.22997834,14
TNG50-1,67,0.5,7,0.01905187,0.08441324,1.22582053,1.26010951,0
TNG50-1,67,0.5,7,0.05546179,-0.05402708,1.22582053,1.26010951,1
TNG50-1,67,0.5,7,-0.0102011,0.1121101,1.22582053,1.26010951,2
TNG50-1,67,0.5,7,0.01420524,-0.0191164,1.22582053,1.26010951,3
TNG50-1,67,0.5,7,0.06248843,-0.03834507,1.22582053,1.26010951,4
TNG50-1,67,0.5,7,-0.00666151,0.04226024,1.22582053,1.26010951,5
TNG50-1,67,0.5,7,-0.05626981,0.04621521,1.22582053,1.26010951,6
TNG50-1,67,0.5,7,0.03380216,0.03249735,1.22582053,1.26010951,7
TNG50-1,67,0.5,7,0.07174388,-0.03847277,1.22582053,1.26010951,8
TNG50-1,67,0.5,7,0.06443918,0.02510141,1.22582053,1.26010951,9
TNG50-1,67,0.5,7,0.03574939,-0.05167789,1.22582053,1.26010951,10
TNG50-1,67,0.5,7,-0.11720788,-0.03986229,1.22582053,1.26010951,11
TNG50-1,67,0.5,7,-0.03179164,-0.00474351,1.22582053,1.26010951,12
TNG50-1,67,0.5,7,-0.02923002,-0.04099818,1.22582053,1.26010951,13
TNG50-1,67,0.5,7,0.00224342,0.05263741,1.22582053,1.26010951,14
TNG50-1,67,0.5,290744,-0.02890838,-0.00379241,0.89417416,-1.26192565,0
TNG50-1,67,0.5,290744,-0.01102281,0.0324806,0.89417416,-1.26192565,1
TNG50-1,67,0.5,290744,-0.04400991,0.00690272,0.89417416,-1.26192565,2
TNG50-1,67,0.5,290744,0.05188049,0.04758283,0.89417416,-1.26192565,3
TNG50-1,67,0.5,290744,-0.03330635,-0.0188649,0.89417416,-1.26192565,4
TNG50-1,67,0.5,290744,0.05710056,-0.02296454,0.89417416,-1.26192565,5
TNG50-1,67,0.5,290744,0.05342718,-0.05586595,0.89417416,-1.26192565,6
TNG50-1,67,0.5,290744,-0.02229705,-0.02028725,0.89417416,-1.26192565,7
TNG50-1,67,0.5,290744,0.00148339,0.09829463,0.89417416,-1.26192565,8
TNG50-1,67,0.5,290744,-0.02368545,0.01377717,0.89417416,-1.26192565,9
TNG50-1,67,0.5,290744,0.0272861,-0.02927681,0.89417416,-1.26192565,10
TNG50-1,67,0.5,290744,-0.00972357,-0.0503071,0.89417416,-1.26192565,11
TNG50-1,67,0.5,290744,-0.02087403,-0.07992654,0.89417416,-1.26192565,12
TNG50-1,67,0.5,290744,0.00230896,-0.04151968,0.89417416,-1.26192565,13
TNG50-1,67,0.5,290744,-0.07911079,0.03795968,0.89417416,-1.26192565,14
TNG50-1,67,0.5,184181,-0.02135159,0.01632131,0.48559011,-1.43584096,0
TNG50-1,67,0.5,184181,-0.04790859,-0.0436235,0.48559011,-1.43584096,1
TNG50-1,67,0.5,184181,-0.04240919,-0.03305067,0.48559011,-1.43584096,2
TNG50-1,67,0.5,184181,0.03247404,0.03102854,0.48559011,-1.43584096,3
TNG50-1,67,0.5,184181,-0.00406315,0.03600366,0.48559011,-1.43584096,4
TNG50-1,67,0.5,184181,-0.03136022,0.00704762,0.48559011,-1.43584096,5
TNG50-1,67,0.5,184181,-0.01541942,0.00648955,0.48559011,-1.43584096,6
TNG50-1,67,0.5,184181,0.11029416,0.00250613,0.48559011,-1.43584096,7
TNG50-1,67,0.5,184181,0.06098115,0.01345483,0.48559011,-1.43584096,8
TNG50-1,67,0.5,184181,0.07343127,0.03579805,0.48559011,-1.43584096,9
TNG50-1,67,0.5,184181,-0.0876052,0.03150829,0.48559011,-1.43584096,10
TNG50-1,67,0.5,184181,-0.00755511,0.00117927,0.48559011,-1.43584096,11
TNG50-1,67,0.5,184181,-0.03223945,-0.00245247,0.48559011,-1.43584096,12
TNG50-1,67,0.5,184181,0.02719201,-0.00436492,0.48559011,-1.43584096,13
TNG50-1,67,0.5,184181,0.05299034,-0.03901653,0.48559011,-1.43584096,14
TNG50-1,67,0.5,361368,-0.03965141,0.04029404,0.78105894,0.69545084,0
TNG50-1,67,0.5,361368,0.02719781,0.02943793,0.78105894,0.69545084,1
TNG50-1,67,0.5,361368,-0.03564344,-0.01617167,0.78105894,0.69545084,2
TNG50-1,67,0.5,361368,0.04069669,-0.00550851,0.78105894,0.69545084,3
TNG50-1,67,0.5,361368,-0.00256714,0.04822024,0.78105894,0.69545084,4
TNG50-1,67,0.5,361368,0.04097976,-0.04866086,0.78105894,0.69545084,5
TNG50-1,67,0.5,361368,0.03184794,-0.05303585,0.78105894,0.69545084,6
TNG50-1,67,0.5,361368,0.0421465,-0.01986646,0.78105894,0.69545084,7
TNG50-1,67,0.5,361368,-0.02381829,0.03281266,0.78105894,0.69545084,8
TNG50-1,67,0.5,361368,0.02044497,-0.04329681,0.78105894,0.69545084,9
TNG50-1,67,0.5,361368,0.0368944,-0.0112708,0.78105894,0.69545084,10
TNG50-1,67,0.5,361368,-0.07756633,-0.00533378,0.78105894,0.69545084,11
TNG50-1,67,0.5,361368,0.08508467,-0.05059346,0.78105894,0.69545084,12
TNG50-1,67,0.5,361368,0.11329765,-0.1219884,0.78105894,0.69545084,13
TNG50-1,67,0.5,361368,0.04736441,-0.05132563,0.78105894,0.69545084,14
TNG50-1,67,0.5,304703,0.01304433,0.02496533,0.98583735,0.82002346,0
TNG50-1,67,0.5,304703,0.02430717,-0.04652641,0.98583735,0.82002346,1
TNG50-1,67,0.5,304703,0.02471815,0.04470283,0.98583735,0.82002346,2
TNG50-1,67,0.5,304703,0.03047862,0.05645291,0.98583735,0.82002346,3
TNG50-1,67,0.5,304703,-0.03131975,-0.02472266,0.98583735,0.82002346,4
TNG50-1,67,0.5,304703,-0.04203046,0.02930798,0.98583735,0.82002346,5
TNG50-1,67,0.5,304703,0.0187529,0.01402364,0.98583735,0.82002346,6
TNG50-1,67,0.5,304703,-0.0105875,0.01953926,0.98583735,0.82002346,7
TNG50-1,67,0.5,304703,0.04535393,0.04060099,0.98583735,0.82002346,8
TNG50-1,67,0.5,304703,0.01906868,0.02594498,0.98583735,0.82002346,9
TNG50-1,67,0.5,304703,0.06419103,-0.00694939,0.98583735,0.82002346,10
TNG50-1,67,0.5,304703,-0.02327682,0.04166482,0.98583735,0.82002346,11
TNG50-1,67,0.5,304703,0.05337671,0.0555928,0.98583735,0.82002346,12
TNG50-1,67,0.5,304703,0.10173379,-0.02770972,0.98583735,0.82002346,13
TNG50-1,67,0.5,304703,0.00268713,-8.996e-05,0.98583735,0.82002346,14
TNG50-1,67,0.5,335208,-0.08843464,-0.01103626,1.12576934,1.07774925,0
TNG50-1,67,0.5,335208,0.0291799,0.05719476,1.12576934,1.07774925,1
TNG50-1,67,0.5,335208,0.06115588,-0.02205062,1.12576934,1.07774925,2
TNG50-1,67,0.5,335208,-0.01286476,0.03175225,1.12576934,1.07774925,3
TNG50-1,67,0.5,335208,0.00667181,-0.03526036,1.12576934,1.07774925,4
TNG50-1,67,0.5,335208,-0.01100979,0.04071192,1.12576934,1.07774925,5
TNG50-1,67,0.5,335208,-0.01919481,0.05186528,1.12576934,1.07774925,6
TNG50-1,67,0.5,335208,0.01160856,0.05422531,1.12576934,1.07774925,7
TNG50-1,67,0.5,335208,-0.03921213,0.07355084,1.12576934,1.07774925,8
TNG50-1,67,0.5,335208,-0.01176385,0.01462225,1.12576934,1.07774925,9
TNG50-1,67,0.5,335208,-0.04522755,0.06189734,1.12576934,1.07774925,10
TNG50-1,67,0.5,335208,0.02945383,0.081209,1.12576934,1.07774925,11
TNG50-1,67,0.5,335208,0.01196191,-0.05610262,1.12576934,1.07774925,12
TNG50-1,67,0.5,335208,-0.0215619,-0.03016191,1.12576934,1.07774925,13
TNG50-1,67,0.5,335208,0.00185394,-0.07478504,1.12576934,1.07774925,14
TNG50-1,67,0.5,4,0.05305721,0.05896435,1.32890068,-1.39229833,0
TNG50-1,67,0.5,4,-0.07542661,0.10732724,1.32890068,-1.39229833,1
TNG50-1,67,0.5,4,-0.08899212,-0.01566492,1.32890068,-1.39229833,2
TNG50-1,67,0.5,4,-0.05486963,-0.06609408,1.32890068,-1.39229833,3
TNG50-1,67,0.5,4,-0.0869156,-0.01172915,1.32890068,-1.39229833,4
TNG50-1,67,0.5,4,0.0136079,0.00971466,1.32890068,-1.39229833,5
TNG50-1,67,0.5,4,-0.05422713,-0.00266393,1.32890068,-1.39229833,6
TNG50-1,67,0.5,4,-0.08451415,0.03053456,1.32890068,-1.39229833,7
TNG50-1,67,0.5,4,-0.00209367,0.11059546,1.32890068,-1.39229833,8
TNG50-1,67,0.5,4,0.0008556,-0.08565604,1.32890068,-1.39229833,9
TNG50-1,67,0.5,4,-0.09348915,-0.02535398,1.32890068,-1.39229833,10
TNG50-1,67,0.5,4,-0.03568506,0.07705716,1.32890068,-1.39229833,11
TNG50-1,67,0.5,4,-0.00373194,-0.02610228,1.32890068,-1.39229833,12
TNG50-1,67,0.5,4,-0.01784116,0.03947468,1.32890068,-1.39229833,13
TNG50-1,67,0.5,4,-0.01647416,0.03154503,1.32890068,-1.39229833,14
TNG50-1,67,0.5,303329,0.06184399,0.03467029,1.19378919,0.86992917,0
TNG50-1,67,0.5,303329,0.09566699,-0.01415737,1.19378919,0.86992917,1
TNG50-1,67,0.5,303329,0.01665364,-0.07609326,1.19378919,0.86992917,2
TNG50-1,67,0.5,303329,-0.08729149,0.00150946,1.19378919,0.86992917,3
TNG50-1,67,0.5,303329,-0.03502036,0.0290624,1.19378919,0.86992917,4
TNG50-1,67,0.5,303329,0.10930264,-0.01003368,1.19378919,0.86992917,5
TNG50-1,67,0.5,303329,-0.07070989,0.00579963,1.19378919,0.86992917,6
TNG50-1,67,0.5,303329,0.02484033,0.00190634,1.19378919,0.86992917,7
TNG50-1,67,0.5,303329,-0.12572546,-0.03533974,1.19378919,0.86992917,8
TNG50-1,67,0.5,303329,-0.06756136,0.00271298,1.19378919,0.86992917,9
TNG50-1,67,0.5,303329,0.04434686,0.03676085,1.19378919,0.86992917,10
TNG50-1,67,0.5,303329,0.00179805,0.05173218,1.19378919,0.86992917,11
TNG50-1,67,0.5,303329,-0.01882209,0.03953647,1.19378919,0.86992917,12
TNG50-1,67,0.5,303329,-0.0407178,-0.0337549,1.19378919,0.86992917,13
TNG50-1,67,0.5,303329,-0.09982713,0.03181063,1.19378919,0.86992917,14
TNG50-1,67,0.5,160815,0.02327332,0.11661533,1.39079638,-0.38786501,0
TNG50-1,67,0.5,160815,-0.03548544,0.00315376,1.39079638,-0.38786501,1
TNG50-1,67,0.5,160815,-0.02321564,0.01018445,1.39079638,-0.38786501,2
TNG50-1,67,0.5,160815,0.03398466,-0.00153664,1.39079638,-0.38786501,3
TNG50-1,67,0.5,160815,0.06884541,-0.0413887,1.39079638,-0.38786501,4
TNG50-1,67,0.5,160815,-0.09058359,-0.01535311,1.39079638,-0.38786501,5
TNG50-1,67,0.5,160815,0.08200306,0.00455943,1.39079638,-0.38786501,6
TNG50-1,67,0.5,160815,0.05820798,-0.00983191,1.39079638,-0.38786501,7
TNG50-1,67,0.5,160815,0.00995593,-0.03761014,1.39079638,-0.38786501,8
TNG50-1,67,0.5,160815,-0.01203583,0.02397444,1.39079638,-0.38786501,9
TNG50-1,67,0.5,160815,0.01952167,0.00941823,1.39079638,-0.38786501,10
TNG50-1,67,0.5,160815,-0.03202827,0.01964539,1.39079638,-0.38786501,11
TNG50-1,67,0.5,160815,-0.00888475,0.03525224,1.39079638,-0.38786501,12
TNG50-1,67,0.5,160815,-0.07375135,-0.0085262,1.39079638,-0.38786501,13
TNG50-1,67,0.5,160815,-0.08707615,-0.0084444,1.39079638,-0.38786501,14
TNG50-1,67,0.5,324128,0.07412263,0.04096374,0.24870401,-0.61783305,0
TNG50-1,67,0.5,324128,-0.04720076,-0.00086932,0.24870401,-0.61783305,1
TNG50-1,67,0.5,324128,-0.09368159,0.06753039,0.24870401,-0.61783305,2
TNG50-1,67,0.5,324128,0.02777694,-0.0214857,0.24870401,-0.61783305,3
TNG50-1,67,0.5,324128,-0.0314675,-0.08022722,0.24870401,-0.61783305,4
TNG50-1,67,0.5,324128,-0.05386755,0.0118758,0.24870401,-0.61783305,5
TNG50-1,67,0.5,324128,0.0442619,-0.01262787,0.24870401,-0.61783305,6
TNG50-1,67,0.5,324128,-0.00723842,-0.09096299,0.24870401,-0.61783305,7
TNG50-1,67,0.5,324128,-0.0631782,-0.05276901,0.24870401,-0.61783305,8
TNG50-1,67,0.5,324128,0.09674731,-0.03685662,0.24870401,-0.61783305,9
TNG50-1,67,0.5,324128,-0.08053431,0.07776917,0.24870401,-0.61783305,10
TNG50-1,67,0.5,324128,-0.00433392,0.03537229,0.24870401,-0.61783305,11
TNG50-1,67,0.5,324128,-0.09446384,-0.01738676,0.24870401,-0.61783305,12
TNG50-1,67,0.5,324128,0.01353291,0.02354349,0.24870401,-0.61783305,13
TNG50-1,67,0.5,324128,-0.03205544,-0.10197299,0.24870401,-0.61783305,14
TNG50-1,67,0.5,352688,-0.02824531,-0.00701404,1.21301183,-1.02722565,0
TNG50-1,67,0.5,352688,0.02004977,-0.01127982,1.21301183,-1.02722565,1
TNG50-1,67,0.5,352688,0.00826882,0.07297071,1.21301183,-1.02722565,2
TNG50-1,67,0.5,352688,-0.02696781,-0.05650222,1.21301183,-1.02722565,3
TNG50-1,67,0.5,352688,-0.00191541,-0.00394395,1.21301183,-1.02722565,4
TNG50-1,67,0.5,352688,0.01690543,0.02025897,1.21301183,-1.02722565,5
TNG50-1,67,0.5,352688,-0.00046783,0.00500513,1.21301183,-1.02722565,6
TNG50-1,67,0.5,352688,0.0430502,-0.00857648,1.21301183,-1.02722565,7
TNG50-1,67,0.5,352688,0.01593511,0.01792842,1.21301183,-1.02722565,8
TNG50-1,67,0.5,352688,0.02556202,0.05395488,1.21301183,-1.02722565,9
TNG50-1,67,0.5,352688,0.08567774,0.07678727,1.21301183,-1.02722565,10
TNG50-1,67,0.5,352688,0.04137532,0.00164036,1.21301183,-1.02722565,11
TNG50-1,67,0.5,352688,0.08704792,-0.04079229,1.21301183,-1.02722565,12
TNG50-1,67,0.5,352688,-0.03359572,0.0767267,1.21301183,-1.02722565,13
TNG50-1,67,0.5,352688,-0.07962069,-0.05388167,1.21301183,-1.02722565,14
TNG50-1,67,0.5,153310,0.08952894,0.03556331,0.59151349,1.55827945,0
TNG50-1,67,0.5,153310,0.06720677,0.00475235,0.59151349,1.55827945,1
TNG50-1,67,0.5,153310,0.07446994,0.06656806,0.59151349,1.55827945,2
TNG50-1,67,0.5,153310,0.03426954,0.00756039,0.59151349,1.55827945,3
TNG50-1,67,0.5,153310,-0.1056245,0.06619638,0.59151349,1.55827945,4
TNG50-1,67,0.5,153310,-0.05195604,-0.09368264,0.59151349,1.55827945,5
TNG50-1,67,0.5,153310,0.01534441,0.02296095,0.59151349,1.55827945,6
TNG50-1,67,0.5,153310,-0.03378235,-0.01989309,0.59151349,1.55827945,7
TNG50-1,67,0.5,153310,-0.01576399,-0.04295255,0.59151349,1.55827945,8
TNG50-1,67,0.5,153310,0.03064041,0.05792503,0.59151349,1.55827945,9
TNG50-1,67,0.5,153310,-0.00849871,0.04445437,0.59151349,1.55827945,10
TNG50-1,67,0.5,153310,-0.06095103,-0.10032383,0.59151349,1.55827945,11
TNG50-1,67,0.5,153310,0.04428294,0.03577478,0.59151349,1.55827945,12
TNG50-1,67,0.5,153310,0.02574514,0.0297074,0.59151349,1.55827945,13
TNG50-1,67,0.5,153310,-0.0124498,-0.03615358,0.59151349,1.55827945,14
TNG50-1,67,0.5,6,-0.0417652,0.00855399,1.25919182,-1.37079126,0
TNG50-1,67,0.5,6,-0.07952876,-0.06876821,1.25919182,-1.37079126,1
TNG50-1,67,0.5,6,-0.01687659,-0.04932914,1.25919182,-1.37079126,2
TNG50-1,67,0.5,6,-0.00887438,0.00168661,1.25919182,-1.37079126,3
TNG50-1,67,0.5,6,0.03984984,0.01311765,1.25919182,-1.37079126,4
TNG50-1,67,0.5,6,0.01346902,-0.08144089,1.25919182,-1.37079126,5
TNG50-1,67,0.5,6,-0.05299541,-0.05287724,1.25919182,-1.37079126,6
TNG50-1,67,0.5,6,0.01194372,-0.01826964,1.25919182,-1.37079126,7
TNG50-1,67,0.5,6,-0.01270227,0.04792594,1.25919182,-1.37079126,8
TNG50-1,67,0.5,6,-0.04674131,-0.04065514,1.25919182,-1.37079126,9
TNG50-1,67,0.5,6,-0.07947536,0.00702876,1.25919182,-1.37079126,10
TNG50-1,67,0.5,6,0.03124017,0.01226963,1.25919182,-1.37079126,11
TNG50-1,67,0.5,6,0.02231986,-0.01248459,1.25919182,-1.37079126,12
TNG50-1,67,0.5,6,0.02783845,0.013401,1.25919182,-1.37079126,13
TNG50-1,67,0.5,6,-0.03641222,-0.06724584,1.25919182,-1.37079126,14
TNG50-1,67,0.5,276422,-0.03278936,-0.1350582,1.15959339,1.02732598,0
TNG50-1,67,0.5,276422,0.07171799,0.06409212,1.15959339,1.02732598,1
TNG50-1,67,0.5,276422,0.07523825,-0.03082489,1.15959339,1.02732598,2
TNG50-1,67,0.5,276422,0.04214604,-0.09335566,1.15959339,1.02732598,3
TNG50-1,67,0.5,276422,0.05501961,0.02189805,1.15959339,1.02732598,4
TNG50-1,67,0.5,276422,-0.09129554,0.02093947,1.15959339,1.02732598,5
TNG50-1,67,0.5,276422,-0.04743479,0.03839462,1.15959339,1.02732598,6
TNG50-1,67,0.5,276422,-0.01555508,0.05578579,1.15959339,1.02732598,7
TNG50-1,67,0.5,276422,0.1207821,-0.04594932,1.15959339,1.02732598,8
TNG50-1,67,0.5,276422,-0.0156542,-0.04374909,1.15959339,1.02732598,9
TNG50-1,67,0.5,276422,0.03724521,-0.01593516,1.15959339,1.02732598,10
TNG50-1,67,0.5,276422,0.0189186,0.04108201,1.15959339,1.02732598,11
TNG50-1,67,0.5,276422,0.01780617,-0.10513195,1.15959339,1.02732598,12
TNG50-1,67,0.5,276422,-0.00117653,0.00641032,1.15959339,1.02732598,13
TNG50-1,67,0.5,276422,-0.06000164,0.04660609,1.15959339,1.02732598,14
TNG50-1,67,0.5,369178,0.04454282,0.01116931,1.0369905,0.43823469,0
TNG50-1,67,0.5,369178,0.03542808,-0.05271546,1.0369905,0.43823469,1
TNG50-1,67,0.5,369178,0.05315003,0.03533163,1.0369905,0.43823469,2
TNG50-1,67,0.5,369178,-0.13735914,0.0361278,1.0369905,0.43823469,3
TNG50-1,67,0.5,369178,0.08067343,-0.09075174,1.0369905,0.43823469,4
TNG50-1,67,0.5,369178,0.01652025,0.07093424,1.0369905,0.43823469,5
TNG50-1,67,0.5,369178,0.06673256,-0.12435378,1.0369905,0.43823469,6
TNG50-1,67,0.5,369178,-0.05873172,0.05172078,1.0369905,0.43823469,7
TNG50-1,67,0.5,369178,-0.08769134,-0.0317055,1.0369905,0.43823469,8
TNG50-1,67,0.5,369178,0.08931888,0.03527547,1.0369905,0.43823469,9
TNG50-1,67,0.5,369178,-0.04632609,0.02550971,1.0369905,0.43823469,10
TNG50-1,67,0.5,369178,-0.01554245,-0.00185613,1.0369905,0.43823469,11
TNG50-1,67,0.5,369178,0.02637273,0.02255433,1.0369905,0.43823469,12
TNG50-1,67,0.5,369178,0.03864433,-0.00432243,1.0369905,0.43823469,13
TNG50-1,67,0.5,369178,0.05392081,0.03569754,1.0369905,0.43823469,14
TNG50-1,67,0.5,339337,0.10926359,-0.01732483,1.1232354,0.738527,0
TNG50-1,67,0.5,339337,-0.06706195,0.02431852,1.1232354,0.738527,1
TNG50-1,67,0.5,339337,-0.15940732,0.03001831,1.1232354,0.738527,2
TNG50-1,67,0.5,339337,-0.02078371,0.04448405,1.1232354,0.738527,3
TNG50-1,67,0.5,339337,-0.02420129,-0.08561964,1.1232354,0.738527,4
TNG50-1,67,0.5,339337,-0.01887841,-0.00917658,1.1232354,0.738527,5
TNG50-1,67,0.5,339337,-0.04632195,-0.05326841,1.1232354,0.738527,6
TNG50-1,67,0.5,339337,0.04362171,0.02804824,1.1232354,0.738527,7
TNG50-1,67,0.5,339337,-0.06906647,0.03633546,1.1232354,0.738527,8
TNG50-1,67,0.5,339337,0.02253876,-0.01372063,1.1232354,0.738527,9
TNG50-1,67,0.5,339337,0.03192328,-0.0364634,1.1232354,0.738527,10
TNG50-1,67,0.5,339337,0.0158233,0.02984818,1.1232354,0.738527,11
TNG50-1,67,0.5,339337,0.02435716,-0.00666212,1.1232354,0.738527,12
TNG50-1,67,0.5,339337,0.04746336,0.07132333,1.1232354,0.738527,13
TNG50-1,67,0.5,339337,0.00267826,0.08864765,1.1232354,0.738527,14
TNG50-1,67,0.5,92820,0.05003555,-0.06192612,0.61510877,0.66512895,0
TNG50-1,67,0.5,92820,0.01163287,-0.04558934,0.61510877,0.66512895,1
TNG50-1,67,0.5,92820,0.09127874,-0.00304309,0.61510877,0.66512895,2
TNG50-1,67,0.5,92820,0.01203601,0.02552756,0.61510877,0.66512895,3
TNG50-1,67,0.5,92820,-0.02395969,0.01156516,0.61510877,0.66512895,4
TNG50-1,67,0.5,92820,-0.03376702,-0.04244122,0.61510877,0.66512895,5
TNG50-1,67,0.5,92820,-0.03517508,-0.0118281,0.61510877,0.66512895,6
TNG50-1,67,0.5,92820,-0.00031849,0.07559192,0.61510877,0.66512895,7
TNG50-1,67,0.5,92820,0.02315434,0.02721291,0.61510877,0.66512895,8
TNG50-1,67,0.5,92820,-0.07075785,-0.00812665,0.61510877,0.66512895,9
TNG50-1,67,0.5,92820,-0.0224463,-0.05129184,0.61510877,0.66512895,10
TNG50-1,67,0.5,92820,0.01064255,-0.03566856,0.61510877,0.66512895,11
TNG50-1,67,0.5,92820,0.03218131,0.00032952,0.61510877,0.66512895,12
TNG50-1,67,0.5,92820,-0.00129614,0.01379735,0.61510877,0.66512895,13
TNG50-1,67,0.5,92820,0.01222541,0.02827817,0.61510877,0.66512895,14
TNG50-1,67,0.5,232228,0.01939928,0.00455229,0.33076544,1.12605515,0
TNG50-1,67,0.5,232228,-0.01851182,0.02412773,0.33076544,1.12605515,1
TNG50-1,67,0.5,232228,-0.02555524,-0.00894786,0.33076544,1.12605515,2
TNG50-1,67,0.5,232228,0.10234944,0.01462327,0.33076544,1.12605515,3
TNG50-1,67,0.5,232228,-0.02782337,0.0294243,0.33076544,1.12605515,4
TNG50-1,67,0.5,232228,-0.06458518,-0.07102528,0.33076544,1.12605515,5
TNG50-1,67,0.5,232228,-0.08193587,-0.01704687,0.33076544,1.12605515,6
TNG50-1,67,0.5,232228,-0.01765944,-0.02593413,0.33076544,1.12605515,7
TNG50-1,67,0.5,232228,0.04699919,-0.02350611,0.33076544,1.12605515,8
TNG50-1,67,0.5,232228,-0.02879738,0.02034389,0.33076544,1.12605515,9
TNG50-1,67,0.5,232228,0.07387573,-0.02523947,0.33076544,1.12605515,10
TNG50-1,67,0.5,232228,-0.00036408,-0.10025388,0.33076544,1.12605515,11
TNG50-1,67,0.5,232228,0.0554779,-0.01182593,0.33076544,1.12605515,12
TNG50-1,67,0.5,232228,-0.03788606,-0.0532203,0.33076544,1.12605515,13
TNG50-1,67,0.5,232228,-0.03711084,0.0248166,0.33076544,1.12605515,14
TNG50-1,67,0.5,237938,0.04028485,0.04188121,0.49694584,-0.99339651,0
TNG50-1,67,0.5,237938,-0.10874144,-0.00634344,0.49694584,-0.99339651,1
TNG50-1,67,0.5,237938,-0.0387116,0.02390659,0.49694584,-0.99339651,2
TNG50-1,67,0.5,237938,0.01766865,0.01513759,0.49694584,-0.99339651,3
TNG50-1,67,0.5,237938,-0.07044376,0.00465017,0.49694584,-0.99339651,4
TNG50-1,67,0.5,237938,0.03913304,0.05142569,0.49694584,-0.99339651,5
TNG50-1,67,0.5,237938,0.05246583,0.0532834,0.49694584,-0.99339651,6
TNG50-1,67,0.5,237938,-0.00810078,-0.02613438,0.49694584,-0.99339651,7
TNG50-1,67,0.5,237938,-0.03869558,-0.04615562,0.49694584,-0.99339651,8
TNG50-1,67,0.5,237938,-0.11552838,-0.12495579,0.49694584,-0.99339651,9
TNG50-1,67,0.5,237938,0.04070126,-0.01730807,0.49694584,-0.99339651,10
TNG50-1,67,0.5,237938,0.10012685,-0.05466626,0.49694584,-0.99339651,11
TNG50-1,67,0.5,237938,0.08978256,0.02095985,0.49694584,-0.99339651,12
TNG50-1,67,0.5,237938,-0.00974868,-0.01679335,0.49694584,-0.99339651,13
TNG50-1,67,0.5,237938,-0.05463379,-0.01137143,0.49694584,-0.99339651,14
TNG50-1,67,0.5,211992,0.0405983,0.08649795,1.27198911,-1.56820572,0
TNG50-1,67,0.5,211992,0.01986273,0.01703309,1.27198911,-1.56820572,1
TNG50-1,67,0.5,211992,-0.0058345,-0.01042139,1.27198911,-1.56820572,2
TNG50-1,67,0.5,211992,0.08432128,-0.09148008,1.27198911,-1.56820572,3
TNG50-1,67,0.5,211992,0.03690745,0.00054339,1.27198911,-1.56820572,4
TNG50-1,67,0.5,211992,-0.02079304,0.0259568,1.27198911,-1.56820572,5
TNG50-1,67,0.5,211992,-0.01856266,0.00217765,1.27198911,-1.56820572,6
TNG50-1,67,0.5,211992,0.03941898,-0.09441105,1.27198911,-1.56820572,7
TNG50-1,67,0.5,211992,0.01014228,-0.01433107,1.27198911,-1.56820572,8
TNG50-1,67,0.5,211992,-0.05605799,0.0322666,1.27198911,-1.56820572,9
TNG50-1,67,0.5,211992,0.04473564,-0.05129575,1.27198911,-1.56820572,10
TNG50-1,67,0.5,211992,0.06286161,0.00828456,1.27198911,-1.56820572,11
TNG50-1,67,0.5,211992,0.05906944,0.02158135,1.27198911,-1.56820572,12
TNG50-1,67,0.5,211992,0.07713745,0.05589838,1.27198911,-1.56820572,13
TNG50-1,67,0.5,211992,0.10345991,0.08563027,1.27198911,-1.56820572,14
TNG50-1,67,0.5,353965,-0.0188913,-0.03977424,0.64489614,0.30953638,0
TNG50-1,67,0.5,353965,0.00918787,-0.10263225,0.64489614,0.30953638,1
TNG50-1,67,0.5,353965,0.01075346,0.02953088,0.64489614,0.30953638,2
TNG50-1,67,0.5,353965,0.03246874,0.03480746,0.64489614,0.30953638,3
TNG50-1,67,0.5,353965,0.02687015,-0.01078884,0.64489614,0.30953638,4
TNG50-1,67,0.5,353965,0.07125028,0.03018377,0.64489614,0.30953638,5
TNG50-1,67,0.5,353965,-0.11656484,-0.01741353,0.64489614,0.30953638,6
TNG50-1,67,0.5,353965,0.02090105,0.05336076,0.64489614,0.30953638,7
TNG50-1,67,0.5,353965,0.02437055,0.04963424,0.64489614,0.30953638,8
TNG50-1,67,0.5,353965,-0.01176146,-0.08194627,0.64489614,0.30953638,9
TNG50-1,67,0.5,353965,-0.11320049,-0.06975959,0.64489614,0.30953638,10
TNG50-1,67,0.5,353965,-0.00304981,0.10156409,0.64489614,0.30953638,11
TNG50-1,67,0.5,353965,-0.03552804,0.04660982,0.64489614,0.30953638,12
TNG50-1,67,0.5,353965,0.08389777,-0.06311905,0.64489614,0.30953638,13
TNG50-1,67,0.5,353965,0.01876457,-0.078519,0.64489614,0.30953638,14
TNG50-1,67,0.5,54053,0.0103886,-0.05809711,1.27675876,-0.45911663,0
TNG50-1,67,0.5,54053,-0.05711577,0.0005416,1.27675876,-0.45911663,1
TNG50-1,67,0.5,54053,-0.01583537,-0.00582275,1.27675876,-0.45911663,2
TNG50-1,67,0.5,54053,-0.00236396,0.03040614,1.27675876,-0.45911663,3
TNG50-1,67,0.5,54053,-0.00452192,0.08890308,1.27675876,-0.45911663,4
TNG50-1,67,0.5,54053,0.05632691,-0.01944477,1.27675876,-0.45911663,5
TNG50-1,67,0.5,54053,0.09173781,-0.09998646,1.27675876,-0.45911663,6
TNG50-1,67,0.5,54053,-0.02394589,-0.01010519,1.27675876,-0.45911663,7
TNG50-1,67,0.5,54053,-0.05653296,0.01496588,1.27675876,-0.45911663,8
TNG50-1,67,0.5,54053,0.01944231,0.010095,1.27675876,-0.45911663,9
TNG50-1,67,0.5,54053,0.08157401,-0.00787114,1.27675876,-0.45911663,10
TNG50-1,67,0.5,54053,-0.02016076,0.07438575,1.27675876,-0.45911663,11
TNG50-1,67,0.5,54053,0.04251794,0.00681073,1.27675876,-0.45911663,12
TNG50-1,67,0.5,54053,-0.04185678,-0.00523981,1.27675876,-0.45911663,13
TNG50-1,67,0.5,54053,0.00106357,-0.03888531,1.27675876,-0.45911663,14
TNG50-1,67,0.5,379569,-0.08733553,-0.0118561,0.42776144,-1.18190696,0
TNG50-1,67,0.5,379569,0.0164616,0.01542452,0.42776144,-1.18190696,1
TNG50-1,67,0.5,379569,0.01227089,0.06821925,0.42776144,-1.18190696,2
TNG50-1,67,0.5,379569,-0.05296653,0.0245207,0.42776144,-1.18190696,3
TNG50-1,67,0.5,379569,-0.00221862,0.01301005,0.42776144,-1.18190696,4
TNG50-1,67,0.5,379569,-0.00719257,0.03192648,0.42776144,-1.18190696,5
TNG50-1,67,0.5,379569,-0.03122503,-0.00790069,0.42776144,-1.18190696,6
TNG50-1,67,0.5,379569,-0.03966554,0.00920339,0.42776144,-1.18190696,7
TNG50-1,67,0.5,379569,0.02025408,-0.02444777,0.42776144,-1.18190696,8
TNG50-1,67,0.5,379569,-0.01129059,-0.07752767,0.42776144,-1.18190696,9
TNG50-1,67,0.5,379569,-0.02954968,0.01714179,0.42776144,-1.18190696,10
TNG50-1,67,0.5,379569,-0.0430836,0.017334,0.42776144,-1.18190696,11
TNG50-1,67,0.5,379569,-0.00649925,-0.01438565,0.42776144,-1.18190696,12
TNG50-1,67,0.5,379569,0.04622418,0.05179105,0.42776144,-1.18190696,13
TNG50-1,67,0.5,379569,0.010332,-0.03608017,0.42776144,-1.18190696,14
TNG50-1,67,0.5,338450,-0.08856922,0.05468284,0.94035626,-0.98602418,0
TNG50-1,67,0.5,338450,-0.03485579,0.15048851,0.94035626,-0.98602418,1
TNG50-1,67,0.5,338450,-0.07704697,-0.01194119,0.94035626,-0.98602418,2
TNG50-1,67,0.5,338450,0.01690182,-0.06235579,0.94035626,-0.98602418,3
TNG50-1,67,0.5,338450,-0.03760389,-0.02567461,0.94035626,-0.98602418,4
TNG50-1,67,0.5,338450,0.04923446,0.00330348,0.94035626,-0.98602418,5
TNG50-1,67,0.5,338450,0.04818994,-0.03351206,0.94035626,-0.98602418,6
TNG50-1,67,0.5,338450,-0.0462487,-0.04624118,0.94035626,-0.98602418,7
TNG50-1,67,0.5,338450,-0.04040534,-0.0213425,0.94035626,-0.98602418,8
TNG50-1,67,0.5,338450,0.02672198,0.01977886,0.94035626,-0.98602418,9
TNG50-1,67,0.5,338450,0.04899199,-0.00847045,0.94035626,-0.98602418,10
TNG50-1,67,0.5,338450,-0.10063103,-0.04408014,0.94035626,-0.98602418,11
TNG50-1,67,0.5,338450,0.01408354,-0.03350312,0.94035626,-0.98602418,12
TNG50-1,67,0.5,338450,-0.10987953,-0.02069293,0.94035626,-0.98602418,13
TNG50-1,67,0.5,338450,-0.02742581,-0.04997132,0.94035626,-0.98602418,14
TNG50-1,67,0.5,348804,-0.03535725,0.0331165,1.11244604,-0.52857512,0
TNG50-1,67,0.5,348804,0.0321818,-0.03736918,1.11244604,-0.52857512,1
TNG50-1,67,0.5,348804,-0.01151605,0.0095931,1.11244604,-0.52857512,2
TNG50-1,67,0.5,348804,-0.08767435,0.0487059,1.11244604,-0.52857512,3
TNG50-1,67,0.5,348804,0.05124743,0.00278705,1.11244604,-0.52857512,4
TNG50-1,67,0.5,348804,0.02083599,0.07783771,1.11244604,-0.52857512,5
TNG50-1,67,0.5,348804,-0.06915665,0.14589254,1.11244604,-0.52857512,6
TNG50-1,67,0.5,348804,-0.01826895,-0.00630609,1.11244604,-0.52857512,7
TNG50-1,67,0.5,348804,-0.03960494,-0.02912649,1.11244604,-0.52857512,8
TNG50-1,67,0.5,348804,0.03384529,-0.04947046,1.11244604,-0.52857512,9
TNG50-1,67,0.5,348804,-0.01858261,-0.11067873,1.11244604,-0.52857512,10
TNG50-1,67,0.5,348804,-0.00363867,0.06240725,1.11244604,-0.52857512,11
TNG50-1,67,0.5,348804,-0.00945972,-0.01767469,1.11244604,-0.52857512,12
TNG50-1,67,0.5,348804,-0.07400673,0.04376779,1.11244604,-0.52857512,13
TNG50-1,67,0.5,348804,0.07026981,0.05382261,1.11244604,-0.52857512,14
TNG50-1,67,0.5,153309,-0.05404851,0.05490142,1.26906537,-1.35015168,0
TNG50-1,67,0.5,153309,-0.04654071,-0.01964983,1.26906537,-1.35015168,1
TNG50-1,67,0.5,153309,0.08723434,0.04514242,1.26906537,-1.35015168,2
TNG50-1,67,0.5,153309,-0.00350326,-0.01241936,1.26906537,-1.35015168,3
TNG50-1,67,0.5,153309,-0.03301438,0.02306842,1.26906537,-1.35015168,4
TNG50-1,67,0.5,153309,-0.05225866,0.1195068,1.26906537,-1.35015168,5
TNG50-1,67,0.5,153309,-0.00707279,0.04759259,1.26906537,-1.35015168,6
TNG50-1,67,0.5,153309,0.07539472,0.02384206,1.26906537,-1.35015168,7
TNG50-1,67,0.5,153309,0.0342719,-0.03873514,1.26906537,-1.35015168,8
TNG50-1,67,0.5,153309,0.00908812,0.00941144,1.26906537,-1.35015168,9
TNG50-1,67,0.5,153309,0.07942605,-0.05040013,1.26906537,-1.35015168,10
TNG50-1,67,0.5,153309,0.06978876,0.04434882,1.26906537,-1.35015168,11
TNG50-1,67,0.5,153309,0.01670611,0.04309388,1.26906537,-1.35015168,12
TNG50-1,67,0.5,153309,0.13880598,-0.00898177,1.26906537,-1.35015168,13
TNG50-1,67,0.5,153309,-0.01237116,0.0831766,1.26906537,-1.35015168,14
TNG50-1,67,0.5,346643,0.0761448,-0.03048095,1.39028392,-1.39199823,0
TNG50-1,67,0.5,346643,0.00748233,0.07259682,1.39028392,-1.39199823,1
TNG50-1,67,0.5,346643,0.02827556,-0.12172365,1.39028392,-1.39199823,2
TNG50-1,67,0.5,346643,-0.02942286,-0.04081813,1.39028392,-1.39199823,3
TNG50-1,67,0.5,346643,-0.01360903,0.04147848,1.39028392,-1.39199823,4
TNG50-1,67,0.5,346643,-0.05390039,-0.03509631,1.39028392,-1.39199823,5
TNG50-1,67,0.5,346643,-0.02391685,-0.03892151,1.39028392,-1.39199823,6
TNG50-1,67,0.5,346643,-0.00521944,0.10162031,1.39028392,-1.39199823,7
TNG50-1,67,0.5,346643,-0.08301836,0.01891937,1.39028392,-1.39199823,8
TNG50-1,67,0.5,346643,0.0288407,0.04671512,1.39028392,-1.39199823,9
TNG50-1,67,0.5,346643,0.05110641,0.02473349,1.39028392,-1.39199823,10
TNG50-1,67,0.5,346643,-0.00039589,0.00808487,1.39028392,-1.39199823,11
TNG50-1,67,0.5,346643,-0.1348621,0.06320125,1.39028392,-1.39199823,12
TNG50-1,67,0.5,346643,-0.01264964,0.09526733,1.39028392,-1.39199823,13
TNG50-1,67,0.5,346643,-0.06966931,-0.08417585,1.39028392,-1.39199823,14
TNG50-1,67,0.5,337656,-0.00176587,0.13765136,1.19089497,1.30698503,0
TNG50-1,67,0.5,337656,-0.00215994,-0.0071116,1.19089497,1.30698503,1
TNG50-1,67,0.5,337656,-0.02146386,0.0264944,1.19089497,1.30698503,2
TNG50-1,67,0.5,337656,0.04905303,-0.05703087,1.19089497,1.30698503,3
TNG50-1,67,0.5,337656,0.01284438,0.04796292,1.19089497,1.30698503,4
TNG50-1,67,0.5,337656,0.09627364,-0.08868333,1.19089497,1.30698503,5
TNG50-1,67,0.5,337656,0.05501332,-0.04895014,1.19089497,1.30698503,6
TNG50-1,67,0.5,337656,0.06823512,-0.03656869,1.19089497,1.30698503,7
TNG50-1,67,0.5,337656,-0.05995821,0.01094358,1.19089497,1.30698503,8
TNG50-1,67,0.5,337656,-0.0403043,-0.03965412,1.19089497,1.30698503,9
TNG50-1,67,0.5,337656,-0.03618457,0.07619991,1.19089497,1.30698503,10
TNG50-1,67,0.5,337656,0.06615594,0.02516116,1.19089497,1.30698503,11
TNG50-1,67,0.5,337656,-0.04835881,-0.03448017,1.19089497,1.30698503,12
TNG50-1,67,0.5,337656,-0.04689672,0.04988085,1.19089497,1.30698503,13
TNG50-1,67,0.5,337656,-0.05606777,-0.01966423,1.19089497,1.30698503,14
TNG50-1,67,0.5,297999,-0.02952183,-0.02498405,0.42651196,-0.59029662,0
TNG50-1,67,0.5,297999,0.04479078,-0.05229381,0.42651196,-0.59029662,1
TNG50-1,67,0.5,297999,-0.12264123,-0.02922369,0.42651196,-0.59029662,2
TNG50-1,67,0.5,297999,0.03674085,0.04907476,0.42651196,-0.59029662,3
TNG50-1,67,0.5,297999,-0.03565474,0.05893459,0.42651196,-0.59029662,4
TNG50-1,67,0.5,297999,-0.03573037,0.02774718,0.42651196,-0.59029662,5
TNG50-1,67,0.5,297999,0.09790685,-0.08083855,0.42651196,-0.59029662,6
TNG50-1,67,0.5,297999,-0.02656064,0.03768895,0.42651196,-0.59029662,7
TNG50-1,67,0.5,297999,0.04779573,0.06517891,0.42651196,-0.59029662,8
TNG50-1,67,0.5,297999,0.01396224,0.00867783,0.42651196,-0.59029662,9
TNG50-1,67,0.5,297999,0.01914955,0.09899015,0.42651196,-0.59029662,10
TNG50-1,67,0.5,297999,-0.01252711,-0.06604853,0.42651196,-0.59029662,11
TNG50-1,67,0.5,297999,-0.01513578,0.03424038,0.42651196,-0.59029662,12
TNG50-1,67,0.5,297999,0.07639942,-0.05101107,0.42651196,-0.59029662,13
TNG50-1,67,0.5,297999,0.046523,0.0529271,0.42651196,-0.59029662,14
TNG50-1,67,0.5,146972,0.03064304,0.04459045,0.6166354,1.51497242,0
TNG50-1,67,0.5,146972,0.09006779,0.06735342,0.6166354,1.51497242,1
TNG50-1,67,0.5,146972,0.02498543,-0.03592339,0.6166354,1.51497242,2
TNG50-1,67,0.5,146972,-0.0202003,0.00182539,0.6166354,1.51497242,3
TNG50-1,67,0.5,146972,-0.02455351,-0.03828238,0.6166354,1.51497242,4
TNG50-1,67,0.5,146972,-0.01250886,0.0119715,0.6166354,1.51497242,5
TNG50-1,67,0.5,146972,-0.0255362,0.01647255,0.6166354,1.51497242,6
TNG50-1,67,0.5,146972,0.06735545,0.0479919,0.6166354,1.51497242,7
TNG50-1,67,0.5,146972,0.06378191,0.06567459,0.6166354,1.51497242,8
TNG50-1,67,0.5,146972,-0.07482837,0.03444886,0.6166354,1.51497242,9
TNG50-1,67,0.5,146972,0.00191801,-0.04300849,0.6166354,1.51497242,10
TNG50-1,67,0.5,146972,0.00312458,-0.06760864,0.6166354,1.51497242,11
TNG50-1,67,0.5,146972,-0.03906476,0.026001,0.6166354,1.51497242,12
TNG50-1,67,0.5,146972,0.0219125,0.07502606,0.6166354,1.51497242,13
TNG50-1,67,0.5,146972,0.07304254,-0.00123959,0.6166354,1.51497242,14
TNG50-1,67,0.5,355961,-0.07636968,0.01389075,0.29911898,1.45885198,0
TNG50-1,67,0.5,355961,0.1042378,-0.02464087,0.29911898,1.45885198,1
TNG50-1,67,0.5,355961,0.02447023,-0.02091533,0.29911898,1.45885198,2
TNG50-1,67,0.5,355961,0.00855708,-0.05676071,0.29911898,1.45885198,3
TNG50-1,67,0.5,355961,-0.05839856,-0.05057044,0.29911898,1.45885198,4
TNG50-1,67,0.5,355961,0.00081081,0.00813351,0.29911898,1.45885198,5
TNG50-1,67,0.5,355961,0.03434421,-0.01334392,0.29911898,1.45885198,6
TNG50-1,67,0.5,355961,0.02515104,0.12482572,0.29911898,1.45885198,7
TNG50-1,67,0.5,355961,-0.03399436,0.02971267,0.29911898,1.45885198,8
TNG50-1,67,0.5,355961,-0.00285326,-0.05758476,0.29911898,1.45885198,9
TNG50-1,67,0.5,355961,-0.03080034,-0.07678181,0.29911898,1.45885198,10
TNG50-1,67,0.5,355961,0.08320808,0.01990857,0.29911898,1.45885198,11
TNG50-1,67,0.5,355961,0.0447437,-0.01984335,0.29911898,1.45885198,12
TNG50-1,67,0.5,355961,-0.02621674,0.06657375,0.29911898,1.45885198,13
TNG50-1,67,0.5,355961,-0.05842348,0.01409319,0.29911898,1.45885198,14
TNG50-1,67,0.5,377355,-0.09912602,-0.03064479,1.31646945,-1.12289543,0
TNG50-1,67,0.5,377355,-0.05097121,0.00453891,1.31646945,-1.12289543,1
TNG50-1,67,0.5,377355,-0.0337641,-0.0400634,1.31646945,-1.12289543,2
TNG50-1,67,0.5,377355,0.02210185,0.016113,1.31646945,-1.12289543,3
TNG50-1,67,0.5,377355,-0.05263762,0.0401914,1.31646945,-1.12289543,4
TNG50-1,67,0.5,377355,0.00764088,-0.02473996,1.31646945,-1.12289543,5
TNG50-1,67,0.5,377355,-0.06680749,-0.0275504,1.31646945,-1.12289543,6
TNG50-1,67,0.5,377355,0.00030927,0.01784091,1.31646945,-1.12289543,7
TNG50-1,67,0.5,377355,0.0185013,-0.0412508,1.31646945,-1.12289543,8
TNG50-1,67,0.5,377355,0.07307552,-0.07589718,1.31646945,-1.12289543,9
TNG50-1,67,0.5,377355,0.01227877,0.01765982,1.31646945,-1.12289543,10
TNG50-1,67,0.5,377355,-0.04083675,-0.00538486,1.31646945,-1.12289543,11
TNG50-1,67,0.5,377355,0.07465025,-0.00644297,1.31646945,-1.12289543,12
TNG50-1,67,0.5,377355,-0.0091589,0.02605352,1.31646945,-1.12289543,13
TNG50-1,67,0.5,377355,0.03867834,0.03303752,1.31646945,-1.12289543,14
TNG50-1,67,0.5,374417,-0.00805009,-0.10943745,0.86361869,0.67520461,0
TNG50-1,67,0.5,374417,-0.05613347,-0.04854606,0.86361869,0.67520461,1
TNG50-1,67,0.5,374417,-0.03192934,-0.04583472,0.86361869,0.67520461,2
TNG50-1,67,0.5,374417,0.0292482,-0.01593274,0.86361869,0.67520461,3
TNG50-1,67,0.5,374417,0.00682013,0.00571755,0.86361869,0.67520461,4
TNG50-1,67,0.5,374417,-0.02748797,0.00776252,0.86361869,0.67520461,5
TNG50-1,67,0.5,374417,-0.03921932,0.01428735,0.86361869,0.67520461,6
TNG50-1,67,0.5,374417,0.03089114,-0.03424723,0.86361869,0.67520461,7
TNG50-1,67,0.5,374417,-0.01108262,0.03456815,0.86361869,0.67520461,8
TNG50-1,67,0.5,374417,0.03763584,0.09046442,0.86361869,0.67520461,9
TNG50-1,67,0.5,374417,0.04396679,-0.01766624,0.86361869,0.67520461,10
TNG50-1,67,0.5,374417,-0.01564199,-0.03318341,0.86361869,0.67520461,11
TNG50-1,67,0.5,374417,0.04748237,-0.03426659,0.86361869,0.67520461,12
TNG50-1,67,0.5,374417,0.00692049,0.00427339,0.86361869,0.67520461,13
TNG50-1,67,0.5,374417,0.01338791,-0.02628816,0.86361869,0.67520461,14
TNG50-1,67,0.5,365785,-0.08651642,-0.00609602,1.18285384,0.3166879,0
TNG50-1,67,0.5,365785,-0.07283759,-0.01412296,1.18285384,0.3166879,1
TNG50-1,67,0.5,365785,0.05100951,-0.02456158,1.18285384,0.3166879,2
TNG50-1,67,0.5,365785,0.0640897,0.01718748,1.18285384,0.3166879,3
TNG50-1,67,0.5,365785,0.07999448,-0.06072363,1.18285384,0.3166879,4
TNG50-1,67,0.5,365785,0.01131522,0.00653607,1.18285384,0.3166879,5
TNG50-1,67,0.5,365785,-0.04954528,0.03257816,1.18285384,0.3166879,6
TNG50-1,67,0.5,365785,-0.02190081,0.07098689,1.18285384,0.3166879,7
TNG50-1,67,0.5,365785,-0.07456938,0.01551879,1.18285384,0.3166879,8
TNG50-1,67,0.5,365785,-0.0764946,0.05215602,1.18285384,0.3166879,9
TNG50-1,67,0.5,365785,0.01276314,-0.0221948,1.18285384,0.3166879,10
TNG50-1,67,0.5,365785,0.02695058,-0.01521451,1.18285384,0.3166879,11
TNG50-1,67,0.5,365785,0.09791868,0.06739235,1.18285384,0.3166879,12
TNG50-1,67,0.5,365785,-0.00415468,-0.06857922,1.18285384,0.3166879,13
TNG50-1,67,0.5,365785,-0.06789174,-0.02015702,1.18285384,0.3166879,14
TNG50-1,67,0.5,324869,0.05642232,0.08297636,0.91498317,0.59893544,0
TNG50-1,67,0.5,324869,-0.01055559,0.00025275,0.91498317,0.59893544,1
TNG50-1,67,0.5,324869,-0.0142801,-0.0197747,0.91498317,0.59893544,2
TNG50-1,67,0.5,324869,-0.01326661,-0.03028415,0.91498317,0.59893544,3
TNG50-1,67,0.5,324869,0.00585759,0.02197509,0.91498317,0.59893544,4
TNG50-1,67,0.5,324869,0.05430419,-0.04441945,0.91498317,0.59893544,5
TNG50-1,67,0.5,324869,0.04621158,-0.02884532,0.91498317,0.59893544,6
TNG50-1,67,0.5,324869,0.00057286,-0.02764391,0.91498317,0.59893544,7
TNG50-1,67,0.5,324869,0.05461943,-0.01461235,0.91498317,0.59893544,8
TNG50-1,67,0.5,324869,0.01708965,-0.02576041,0.91498317,0.59893544,9
TNG50-1,67,0.5,324869,0.04295601,0.04264071,0.91498317,0.59893544,10
TNG50-1,67,0.5,324869,-0.05141847,0.01355312,0.91498317,0.59893544,11
TNG50-1,67,0.5,324869,0.08692764,0.01965184,0.91498317,0.59893544,12
TNG50-1,67,0.5,324869,0.01101065,0.03053011,0.91498317,0.59893544,13
TNG50-1,67,0.5,324869,-0.13741547,-0.00465471,0.91498317,0.59893544,14
TNG50-1,67,0.5,293091,-0.05101547,0.0425052,1.12678258,-1.26860339,0
TNG50-1,67,0.5,293091,0.09025862,-0.0514571,1.12678258,-1.26860339,1
TNG50-1,67,0.5,293091,0.04637673,-0.04668447,1.12678258,-1.26860339,2
TNG50-1,67,0.5,293091,0.08064135,0.00927902,1.12678258,-1.26860339,3
TNG50-1,67,0.5,293091,0.05172692,0.0436181,1.12678258,-1.26860339,4
TNG50-1,67,0.5,293091,-0.02301857,-0.02013529,1.12678258,-1.26860339,5
TNG50-1,67,0.5,293091,-0.1173989,0.07336077,1.12678258,-1.26860339,6
TNG50-1,67,0.5,293091,-0.06145482,-0.06393346,1.12678258,-1.26860339,7
TNG50-1,67,0.5,293091,0.0318261,-0.07270278,1.12678258,-1.26860339,8
TNG50-1,67,0.5,293091,-0.0050874,-0.0769643,1.12678258,-1.26860339,9
TNG50-1,67,0.5,293091,-0.02099249,-0.08260919,1.12678258,-1.26860339,10
TNG50-1,67,0.5,293091,-0.12477768,0.01682745,1.12678258,-1.26860339,11
TNG50-1,67,0.5,293091,-0.00065636,-0.04888947,1.12678258,-1.26860339,12
TNG50-1,67,0.5,293091,-0.05408893,-0.07050962,1.12678258,-1.26860339,13
TNG50-1,67,0.5,293091,-0.03621913,0.01898983,1.12678258,-1.26860339,14
TNG50-1,67,0.5,184182,0.04119746,-0.00376153,1.15971323,-0.97841737,0
TNG50-1,67,0.5,184182,0.05254292,-0.07238,1.15971323,-0.97841737,1
TNG50-1,67,0.5,184182,0.04376422,-0.04177533,1.15971323,-0.97841737,2
TNG50-1,67,0.5,184182,-0.04590517,-0.04014274,1.15971323,-0.97841737,3
TNG50-1,67,0.5,184182,0.01380455,0.02873797,1.15971323,-0.97841737,4
TNG50-1,67,0.5,184182,0.02484358,0.04724739,1.15971323,-0.97841737,5
TNG50-1,67,0.5,184182,-0.02374416,0.03682867,1.15971323,-0.97841737,6
TNG50-1,67,0.5,184182,0.00823761,0.05913332,1.15971323,-0.97841737,7
TNG50-1,67,0.5,184182,-0.06258091,0.00361288,1.15971323,-0.97841737,8
TNG50-1,67,0.5,184182,-0.03138001,-0.04914651,1.15971323,-0.97841737,9
TNG50-1,67,0.5,184182,0.01858937,-0.00249664,1.15971323,-0.97841737,10
TNG50-1,67,0.5,184182,0.07537713,-0.03624185,1.15971323,-0.97841737,11
TNG50-1,67,0.5,184182,0.05757198,0.032893,1.15971323,-0.97841737,12
TNG50-1,67,0.5,184182,0.03304292,-0.01795437,1.15971323,-0.97841737,13
TNG50-1,67,0.5,184182,0.003985,-0.00492658,1.15971323,-0.97841737,14
TNG50-1,67,0.5,280993,0.03468111,0.0120332,0.88299633,-1.33002887,0
TNG50-1,67,0.5,280993,-0.03705471,-0.05848102,0.88299633,-1.33002887,1
TNG50-1,67,0.5,280993,0.04819883,0.02507528,0.88299633,-1.33002887,2
TNG50-1,67,0.5,280993,-0.06737982,-0.04961065,0.88299633,-1.33002887,3
TNG50-1,67,0.5,280993,0.01532755,-0.03292765,0.88299633,-1.33002887,4
TNG50-1,67,0.5,280993,-0.00454495,-0.06826738,0.88299633,-1.33002887,5
TNG50-1,67,0.5,280993,0.04136709,-0.00782707,0.88299633,-1.33002887,6
TNG50-1,67,0.5,280993,-0.0687187,0.05322366,0.88299633,-1.33002887,7
TNG50-1,67,0.5,280993,-0.07653956,0.01133475,0.88299633,-1.33002887,8
TNG50-1,67,0.5,280993,0.03750222,-0.02209105,0.88299633,-1.33002887,9
TNG50-1,67,0.5,280993,-0.01954611,0.00545732,0.88299633,-1.33002887,10
TNG50-1,67,0.5,280993,-0.00454011,0.0051807,0.88299633,-1.33002887,11
TNG50-1,67,0.5,280993,-0.03298746,0.00330343,0.88299633,-1.33002887,12
TNG50-1,67,0.5,280993,0.04564052,0.00886672,0.88299633,-1.33002887,13
TNG50-1,67,0.5,280993,0.01496081,-0.05199972,0.88299633,-1.33002887,14
TNG50-1,67,0.5,330081,0.00532692,-0.0151039,1.24667806,0.32714725,0
TNG50-1,67,0.5,330081,-0.08776242,-0.02691979,1.24667806,0.32714725,1
TNG50-1,67,0.5,330081,0.02878118,-0.09670893,1.24667806,0.32714725,2
TNG50-1,67,0.5,330081,-0.05513746,-0.00123335,1.24667806,0.32714725,3
TNG50-1,67,0.5,330081,0.05887989,-0.00575036,1.24667806,0.32714725,4
TNG50-1,67,0.5,330081,-0.12226181,0.05390914,1.24667806,0.32714725,5
TNG50-1,67,0.5,330081,0.08372125,-0.06429722,1.24667806,0.32714725,6
TNG50-1,67,0.5,330081,-0.08196103,-0.03197037,1.24667806,0.32714725,7
TNG50-1,67,0.5,330081,-0.05999673,0.06017456,1.24667806,0.32714725,8
TNG50-1,67,0.5,330081,0.01495285,0.01466444,1.24667806,0.32714725,9
TNG50-1,67,0.5,330081,0.03093575,0.02746898,1.24667806,0.32714725,10
TNG50-1,67,0.5,330081,-0.01416927,0.02267168,1.24667806,0.32714725,11
TNG50-1,67,0.5,330081,0.0446303,0.02289358,1.24667806,0.32714725,12
TNG50-1,67,0.5,330081,-0.03982771,0.0910525,1.24667806,0.32714725,13
TNG50-1,67,0.5,330081,-0.0199846,0.00457703,1.24667806,0.32714725,14
TNG50-1,67,0.5,344125,-0.05056716,0.09257419,0.98841787,1.52867095,0
TNG50-1,67,0.5,344125,0.03193987,-0.00142957,0.98841787,1.52867095,1
TNG50-1,67,0.5,344125,-0.02832758,0.06733853,0.98841787,1.52867095,2
TNG50-1,67,0.5,344125,-0.00549685,0.03262374,0.98841787,1.52867095,3
TNG50-1,67,0.5,344125,0.01850905,-0.00036009,0.98841787,1.52867095,4
TNG50-1,67,0.5,344125,-0.04106772,-0.00653226,0.98841787,1.52867095,5
TNG50-1,67,0.5,344125,-0.02551474,-0.10596587,0.98841787,1.52867095,6
TNG50-1,67,0.5,344125,0.02379243,-0.01595558,0.98841787,1.52867095,7
TNG50-1,67,0.5,344125,-0.02743225,0.01161093,0.98841787,1.52867095,8
TNG50-1,67,0.5,344125,0.04866927,0.01158315,0.98841787,1.52867095,9
TNG50-1,67,0.5,344125,-0.04930788,0.12329294,0.98841787,1.52867095,10
TNG50-1,67,0.5,344125,-0.04947622,0.0140479,0.98841787,1.52867095,11
TNG50-1,67,0.5,344125,0.09530279,0.03150727,0.98841787,1.52867095,12
TNG50-1,67,0.5,344125,-0.07651132,0.05824816,0.98841787,1.52867095,13
TNG50-1,67,0.5,344125,-0.00133583,0.02702507,0.98841787,1.52867095,14
TNG50-1,67,0.5,357197,-0.00430245,-0.0990278,0.79932636,0.54030536,0
TNG50-1,67,0.5,357197,-0.00405937,0.04400874,0.79932636,0.54030536,1
TNG50-1,67,0.5,357197,-0.01753272,0.10963566,0.79932636,0.54030536,2
TNG50-1,67,0.5,357197,0.02221055,0.02402146,0.79932636,0.54030536,3
TNG50-1,67,0.5,357197,-0.00851604,0.02706605,0.79932636,0.54030536,4
TNG50-1,67,0.5,357197,0.03124682,-0.00912963,0.79932636,0.54030536,5
TNG50-1,67,0.5,357197,-0.05045437,0.05788945,0.79932636,0.54030536,6
TNG50-1,67,0.5,357197,0.00734242,-0.00196358,0.79932636,0.54030536,7
TNG50-1,67,0.5,357197,0.07760337,0.013361,0.79932636,0.54030536,8
TNG50-1,67,0.5,357197,-0.01123117,-0.07826082,0.79932636,0.54030536,9
TNG50-1,67,0.5,357197,0.09215008,-0.02646709,0.79932636,0.54030536,10
TNG50-1,67,0.5,357197,0.00818357,0.01836766,0.79932636,0.54030536,11
TNG50-1,67,0.5,357197,-0.00282541,0.04536059,0.79932636,0.54030536,12
TNG50-1,67,0.5,357197,0.00583093,0.04674699,0.79932636,0.54030536,13
TNG50-1,67,0.5,357197,-0.01557116,-0.07895905,0.79932636,0.54030536,14
TNG50-1,67,0.5,184180,-0.07388899,0.02428869,1.29344686,0.66212689,0
TNG50-1,67,0.5,184180,0.02920686,0.06612025,1.29344686,0.66212689,1
TNG50-1,67,0.5,184180,-0.03734042,-0.0027694,1.29344686,0.66212689,2
TNG50-1,67,0.5,184180,0.04472963,-0.08649497,1.29344686,0.66212689,3
TNG50-1,67,0.5,184180,-0.08150841,-0.00338298,1.29344686,0.66212689,4
TNG50-1,67,0.5,184180,-0.0049205,0.00442254,1.29344686,0.66212689,5
TNG50-1,67,0.5,184180,-0.00171184,0.02590971,1.29344686,0.66212689,6
TNG50-1,67,0.5,184180,0.02402335,-0.07663412,1.29344686,0.66212689,7
TNG50-1,67,0.5,184180,-0.051558,-0.01560224,1.29344686,0.66212689,8
TNG50-1,67,0.5,184180,-0.0983382,0.04340518,1.29344686,0.66212689,9
TNG50-1,67,0.5,184180,0.00856364,-0.00520427,1.29344686,0.66212689,10
TNG50-1,67,0.5,184180,0.02632151,-0.01528672,1.29344686,0.66212689,11
TNG50-1,67,0.5,184180,0.05037275,0.09531632,1.29344686,0.66212689,12
TNG50-1,67,0.5,184180,-0.01792758,-0.05350021,1.29344686,0.66212689,13
TNG50-1,67,0.5,184180,0.03878408,0.06165774,1.29344686,0.66212689,14
TNG50-1,67,0.5,178499,0.05106249,-0.01904787,0.39279967,1.52236881,0
TNG50-1,67,0.5,178499,-0.01125832,0.06376223,0.39279967,1.52236881,1
TNG50-1,67,0.5,178499,-0.00164453,-0.0269615,0.39279967,1.52236881,2
TNG50-1,67,0.5,178499,-0.00182294,0.03338951,0.39279967,1.52236881,3
TNG50-1,67,0.5,178499,0.00909739,0.0691406,0.39279967,1.52236881,4
TNG50-1,67,0.5,178499,-0.02972707,-0.03140344,0.39279967,1.52236881,5
TNG50-1,67,0.5,178499,-0.02140741,-0.00237486,0.39279967,1.52236881,6
TNG50-1,67,0.5,178499,-0.01776123,0.08643459,0.39279967,1.52236881,7
TNG50-1,67,0.5,178499,-0.01616489,0.01144881,0.39279967,1.52236881,8
TNG50-1,67,0.5,178499,-0.01553781,0.01868749,0.39279967,1.52236881,9
TNG50-1,67,0.5,178499,-0.11204124,-0.0203627,0.39279967,1.52236881,10
TNG50-1,67,0.5,178499,0.00488245,0.03435254,0.39279967,1.52236881,11
TNG50-1,67,0.5,178499,-0.02637339,-0.00198213,0.39279967,1.52236881,12
TNG50-1,67,0.5,178499,-0.09334055,-0.09160515,0.39279967,1.52236881,13
TNG50-1,67,0.5,178499,-0.01750255,-0.01776163,0.39279967,1.52236881,14
TNG50-1,67,0.5,322045,-0.05915894,0.01076101,0.95249178,0.55923979,0
TNG50-1,67,0.5,322045,0.00561205,0.08575478,0.95249178,0.55923979,1
TNG50-1,67,0.5,322045,-0.04584195,0.01271826,0.95249178,0.55923979,2
TNG50-1,67,0.5,322045,0.02390642,0.05324816,0.95249178,0.55923979,3
TNG50-1,67,0.5,322045,0.00223817,0.00144919,0.95249178,0.55923979,4
TNG50-1,67,0.5,322045,-0.06240045,-0.05129016,0.95249178,0.55923979,5
TNG50-1,67,0.5,322045,-0.02462691,-0.03416183,0.95249178,0.55923979,6
TNG50-1,67,0.5,322045,0.03102814,-0.05589011,0.95249178,0.55923979,7
TNG50-1,67,0.5,322045,0.05739965,0.01088933,0.95249178,0.55923979,8
TNG50-1,67,0.5,322045,-0.04512106,0.06119444,0.95249178,0.55923979,9
TNG50-1,67,0.5,322045,-0.05487202,0.00805055,0.95249178,0.55923979,10
TNG50-1,67,0.5,322045,0.09754925,-0.01538909,0.95249178,0.55923979,11
TNG50-1,67,0.5,322045,-0.0004884,-0.03948199,0.95249178,0.55923979,12
TNG50-1,67,0.5,322045,0.00457345,0.01777229,0.95249178,0.55923979,13
TNG50-1,67,0.5,322045,-0.03696955,-0.0619066,0.95249178,0.55923979,14
TNG50-1,67,0.5,242561,-0.05670505,-0.03901915,0.58472069,-1.44456219,0
TNG50-1,67,0.5,242561,0.04500816,0.05535255,0.58472069,-1.44456219,1
TNG50-1,67,0.5,242561,-0.01388675,-0.02411557,0.58472069,-1.44456219,2
TNG50-1,67,0.5,242561,-0.01487271,0.00646103,0.58472069,-1.44456219,3
TNG50-1,67,0.5,242561,-0.0084533,-0.10301676,0.58472069,-1.44456219,4
TNG50-1,67,0.5,242561,0.03629355,-0.01075871,0.58472069,-1.44456219,5
TNG50-1,67,0.5,242561,0.00827513,-0.05497946,0.58472069,-1.44456219,6
TNG50-1,67,0.5,242561,-0.03715407,-0.04895109,0.58472069,-1.44456219,7
TNG50-1,67,0.5,242561,-0.03535461,0.1211093,0.58472069,-1.44456219,8
TNG50-1,67,0.5,242561,-0.00975554,0.0124763,0.58472069,-1.44456219,9
TNG50-1,67,0.5,242561,0.01511099,0.06130111,0.58472069,-1.44456219,10
TNG50-1,67,0.5,242561,-0.0017755,0.04276518,0.58472069,-1.44456219,11
TNG50-1,67,0.5,242561,-0.00622451,0.04916214,0.58472069,-1.44456219,12
TNG50-1,67,0.5,242561,0.00231418,-0.00995358,0.58472069,-1.44456219,13
TNG50-1,67,0.5,242561,-0.00181122,0.0803201,0.58472069,-1.44456219,14
TNG50-1,67,0.5,380357,0.04233436,-0.08652961,0.79582504,1.1529821,0
TNG50-1,67,0.5,380357,0.00206675,0.08694884,0.79582504,1.1529821,1
TNG50-1,67,0.5,380357,0.01316448,-0.04713768,0.79582504,1.1529821,2
TNG50-1,67,0.5,380357,-0.00683662,0.00419414,0.79582504,1.1529821,3
TNG50-1,67,0.5,380357,0.00261196,-0.05262109,0.79582504,1.1529821,4
TNG50-1,67,0.5,380357,-0.00218004,-0.06685008,0.79582504,1.1529821,5
TNG50-1,67,0.5,380357,0.01907668,-0.01024699,0.79582504,1.1529821,6
TNG50-1,67,0.5,380357,0.08699869,-0.02967556,0.79582504,1.1529821,7
TNG50-1,67,0.5,380357,-0.06026071,-0.05844075,0.79582504,1.1529821,8
TNG50-1,67,0.5,380357,0.05711774,-0.00177163,0.79582504,1.1529821,9
TNG50-1,67,0.5,380357,-0.01841172,-0.07409534,0.79582504,1.1529821,10
TNG50-1,67,0.5,380357,0.06348316,0.00627369,0.79582504,1.1529821,11
TNG50-1,67,0.5,380357,-0.01667227,-0.00636634,0.79582504,1.1529821,12
TNG50-1,67,0.5,380357,0.02063768,-0.1240203,0.79582504,1.1529821,13
TNG50-1,67,0.5,380357,-0.00794221,-0.0261555,0.79582504,1.1529821,14
TNG50-1,67,0.5,387475,0.0234205,-0.12022634,0.73005383,-0.42512569,0
TNG50-1,67,0.5,387475,-0.05317729,-0.02671615,0.73005383,-0.42512569,1
TNG50-1,67,0.5,387475,0.02558961,0.0214666,0.73005383,-0.42512569,2
TNG50-1,67,0.5,387475,0.02163396,0.01129221,0.73005383,-0.42512569,3
TNG50-1,67,0.5,387475,-0.05088607,-0.02611892,0.73005383,-0.42512569,4
TNG50-1,67,0.5,387475,-0.00061412,-0.0552291,0.73005383,-0.42512569,5
TNG50-1,67,0.5,387475,0.04124955,0.03142324,0.73005383,-0.42512569,6
TNG50-1,67,0.5,387475,-0.04382111,-0.01612034,0.73005383,-0.42512569,7
TNG50-1,67,0.5,387475,-0.01029053,0.02726736,0.73005383,-0.42512569,8
TNG50-1,67,0.5,387475,0.05751196,0.01901116,0.73005383,-0.42512569,9
TNG50-1,67,0.5,387475,-0.0428816,-0.02237091,0.73005383,-0.42512569,10
TNG50-1,67,0.5,387475,0.02295791,0.05362809,0.73005383,-0.42512569,11
TNG50-1,67,0.5,387475,-0.05395956,-0.02971388,0.73005383,-0.42512569,12
TNG50-1,67,0.5,387475,-0.0080481,0.0595227,0.73005383,-0.42512569,13
TNG50-1,67,0.5,387475,0.02233634,0.06606463,0.73005383,-0.42512569,14
TNG50-1,67,0.5,344859,0.05250573,-0.00582338,0.72257638,-1.55708761,0
TNG50-1,67,0.5,344859,-0.00902806,0.04013551,0.72257638,-1.55708761,1
TNG50-1,67,0.5,344859,0.12735396,-0.01187525,0.72257638,-1.55708761,2
TNG50-1,67,0.5,344859,0.00759222,-0.02950401,0.72257638,-1.55708761,3
TNG50-1,67,0.5,344859,0.01205282,-0.01488735,0.72257638,-1.55708761,4
TNG50-1,67,0.5,344859,-0.00110307,0.0607683,0.72257638,-1.55708761,5
TNG50-1,67,0.5,344859,-0.05648832,-0.00271828,0.72257638,-1.55708761,6
TNG50-1,67,0.5,344859,0.06475366,0.09289581,0.72257638,-1.55708761,7
TNG50-1,67,0.5,344859,-0.02862017,-0.02853668,0.72257638,-1.55708761,8
TNG50-1,67,0.5,344859,0.04598055,0.01086159,0.72257638,-1.55708761,9
TNG50-1,67,0.5,344859,0.05797766,-0.0216701,0.72257638,-1.55708761,10
TNG50-1,67,0.5,344859,0.03016607,0.10372432,0.72257638,-1.55708761,11
TNG50-1,67,0.5,344859,-0.03459846,0.00898527,0.72257638,-1.55708761,12
TNG50-1,67,0.5,344859,-0.01705391,0.10640381,0.72257638,-1.55708761,13
TNG50-1,67,0.5,344859,-0.13385381,-0.02100638,0.72257638,-1.55708761,14
TNG50-1,67,0.5,371170,0.07637896,-0.0481973,0.49727639,0.02272684,0
TNG50-1,67,0.5,371170,0.00590017,0.1048702,0.49727639,0.02272684,1
TNG50-1,67,0.5,371170,0.04183278,-0.00032466,0.49727639,0.02272684,2
TNG50-1,67,0.5,371170,-0.06098555,-0.09793468,0.49727639,0.02272684,3
TNG50-1,67,0.5,371170,0.0174207,-0.07804402,0.49727639,0.02272684,4
TNG50-1,67,0.5,371170,-0.05345602,0.03849746,0.49727639,0.02272684,5
TNG50-1,67,0.5,371170,0.01285482,0.0064784,0.49727639,0.02272684,6
TNG50-1,67,0.5,371170,-0.0759195,0.07411105,0.49727639,0.02272684,7
TNG50-1,67,0.5,371170,-0.00470415,-0.05990624,0.49727639,0.02272684,8
TNG50-1,67,0.5,371170,0.0547806,0.00592474,0.49727639,0.02272684,9
TNG50-1,67,0.5,371170,0.02737769,0.00033805,0.49727639,0.02272684,10
TNG50-1,67,0.5,371170,-0.0616975,-0.00715073,0.49727639,0.02272684,11
TNG50-1,67,0.5,371170,-0.09491932,-0.01913036,0.49727639,0.02272684,12
TNG50-1,67,0.5,371170,0.02484723,-0.01813497,0.49727639,0.02272684,13
TNG50-1,67,0.5,371170,0.07905994,0.00873229,0.49727639,0.02272684,14
TNG50-1,67,0.5,242560,0.01512905,-0.0248041,0.84055619,1.37292312,0
TNG50-1,67,0.5,242560,0.01262864,0.0451423,0.84055619,1.37292312,1
TNG50-1,67,0.5,242560,0.06029938,-0.02541809,0.84055619,1.37292312,2
TNG50-1,67,0.5,242560,-0.06006393,-0.10542787,0.84055619,1.37292312,3
TNG50-1,67,0.5,242560,-0.09058418,0.01583119,0.84055619,1.37292312,4
TNG50-1,67,0.5,242560,0.05084825,0.03836924,0.84055619,1.37292312,5
TNG50-1,67,0.5,242560,-0.04717625,-0.02796195,0.84055619,1.37292312,6
TNG50-1,67,0.5,242560,-0.01897379,0.05996031,0.84055619,1.37292312,7
TNG50-1,67,0.5,242560,-0.03060498,-0.04253461,0.84055619,1.37292312,8
TNG50-1,67,0.5,242560,-0.03167562,0.03353634,0.84055619,1.37292312,9
TNG50-1,67,0.5,242560,-0.0729132,0.0872388,0.84055619,1.37292312,10
TNG50-1,67,0.5,242560,-0.02847638,0.00183655,0.84055619,1.37292312,11
TNG50-1,67,0.5,242560,0.03246656,-0.01132415,0.84055619,1.37292312,12
TNG50-1,67,0.5,242560,-0.00019657,-0.00528358,0.84055619,1.37292312,13
TNG50-1,67,0.5,242560,0.02522536,0.08141477,0.84055619,1.37292312,14
TNG50-1,67,0.5,307254,0.02013913,0.00464974,1.1643467,-0.76236813,0
TNG50-1,67,0.5,307254,0.10721013,0.08122278,1.1643467,-0.76236813,1
TNG50-1,67,0.5,307254,0.01396257,0.04800386,1.1643467,-0.76236813,2
TNG50-1,67,0.5,307254,-0.03268983,0.04650577,1.1643467,-0.76236813,3
TNG50-1,67,0.5,307254,-0.02917535,-0.01085665,1.1643467,-0.76236813,4
TNG50-1,67,0.5,307254,0.00308036,0.05495605,1.1643467,-0.76236813,5
TNG50-1,67,0.5,307254,-0.10206613,-0.04479616,1.1643467,-0.76236813,6
TNG50-1,67,0.5,307254,-0.02374949,0.04841472,1.1643467,-0.76236813,7
TNG50-1,67,0.5,307254,-0.02263989,-0.01412095,1.1643467,-0.76236813,8
TNG50-1,67,0.5,307254,0.01198949,-0.07239967,1.1643467,-0.76236813,9
TNG50-1,67,0.5,307254,0.09709091,0.02966184,1.1643467,-0.76236813,10
TNG50-1,67,0.5,307254,0.00274082,0.06987718,1.1643467,-0.76236813,11
TNG50-1,67,0.5,307254,-0.09613295,-0.02033009,1.1643467,-0.76236813,12
TNG50-1,67,0.5,307254,-0.04569538,0.07813809,1.1643467,-0.76236813,13
TNG50-1,67,0.5,307254,0.01311439,-0.08279705,1.1643467,-0.76236813,14
TNG50-1,67,0.5,331154,-0.05983966,0.0165858,1.31751716,-0.02666215,0
TNG50-1,67,0.5,331154,-0.0073363,-0.03207642,1.31751716,-0.02666215,1
TNG50-1,67,0.5,331154,-0.01853819,-0.01434594,1.31751716,-0.02666215,2
TNG50-1,67,0.5,331154,-0.03335667,0.05285106,1.31751716,-0.02666215,3
TNG50-1,67,0.5,331154,0.00668389,-0.11407434,1.31751716,-0.02666215,4
TNG50-1,67,0.5,331154,-0.02642952,-0.01816301,1.31751716,-0.02666215,5
TNG50-1,67,0.5,331154,-0.01794873,0.0367058,1.31751716,-0.02666215,6
TNG50-1,67,0.5,331154,0.01392125,-0.05691402,1.31751716,-0.02666215,7
TNG50-1,67,0.5,331154,-0.03337684,0.02116941,1.31751716,-0.02666215,8
TNG50-1,67,0.5,331154,-0.00530091,0.01884946,1.31751716,-0.02666215,9
TNG50-1,67,0.5,331154,-0.03227695,-0.07271662,1.31751716,-0.02666215,10
TNG50-1,67,0.5,331154,-0.06028102,0.00434891,1.31751716,-0.02666215,11
TNG50-1,67,0.5,331154,0.03818511,-0.03087226,1.31751716,-0.02666215,12
TNG50-1,67,0.5,331154,0.08538972,0.02080493,1.31751716,-0.02666215,13
TNG50-1,67,0.5,331154,0.0532286,0.03348943,1.31751716,-0.02666215,14
TNG50-1,67,0.5,308503,0.01994695,0.03105515,0.84852519,-1.02486013,0
TNG50-1,67,0.5,308503,0.00362962,-0.06975701,0.84852519,-1.02486013,1
TNG50-1,67,0.5,308503,0.01444356,-0.05374563,0.84852519,-1.02486013,2
TNG50-1,67,0.5,308503,-0.05880325,-0.00508599,0.84852519,-1.02486013,3
TNG50-1,67,0.5,308503,-0.00153759,-0.02061138,0.84852519,-1.02486013,4
TNG50-1,67,0.5,308503,-0.03982416,0.04428262,0.84852519,-1.02486013,5
TNG50-1,67,0.5,308503,0.05157694,0.00302307,0.84852519,-1.02486013,6
TNG50-1,67,0.5,308503,0.03416191,-0.03992343,0.84852519,-1.02486013,7
TNG50-1,67,0.5,308503,0.03402007,0.04858165,0.84852519,-1.02486013,8
TNG50-1,67,0.5,308503,0.08567458,0.03643957,0.84852519,-1.02486013,9
TNG50-1,67,0.5,308503,-0.01649887,-0.07054917,0.84852519,-1.02486013,10
TNG50-1,67,0.5,308503,-0.02745037,0.01261333,0.84852519,-1.02486013,11
TNG50-1,67,0.5,308503,-0.01768014,-0.03575384,0.84852519,-1.02486013,12
TNG50-1,67,0.5,308503,-0.08011182,-0.03707189,0.84852519,-1.02486013,13
TNG50-1,67,0.5,308503,-0.07617916,0.09347573,0.84852519,-1.02486013,14
TNG50-1,67,0.5,371626,0.00621357,0.05756611,1.34516728,-1.38954945,0
TNG50-1,67,0.5,371626,-0.01087692,-0.07244941,1.34516728,-1.38954945,1
TNG50-1,67,0.5,371626,0.00424756,-0.05255281,1.34516728,-1.38954945,2
TNG50-1,67,0.5,371626,0.04371201,0.01699363,1.34516728,-1.38954945,3
TNG50-1,67,0.5,371626,-0.03508022,0.03576587,1.34516728,-1.38954945,4
TNG50-1,67,0.5,371626,-0.0265425,-0.03997568,1.34516728,-1.38954945,5
TNG50-1,67,0.5,371626,0.03283357,-0.02894607,1.34516728,-1.38954945,6
TNG50-1,67,0.5,371626,-0.07581946,-0.05656738,1.34516728,-1.38954945,7
TNG50-1,67,0.5,371626,0.04953859,0.08291226,1.34516728,-1.38954945,8
TNG50-1,67,0.5,371626,-0.08025899,-0.02374779,1.34516728,-1.38954945,9
TNG50-1,67,0.5,371626,-0.01228834,0.00156462,1.34516728,-1.38954945,10
TNG50-1,67,0.5,371626,-0.07994164,0.00418223,1.34516728,-1.38954945,11
TNG50-1,67,0.5,371626,-0.05281258,0.05528102,1.34516728,-1.38954945,12
TNG50-1,67,0.5,371626,0.06488334,-0.04762333,1.34516728,-1.38954945,13
TNG50-1,67,0.5,371626,0.05222289,0.05841304,1.34516728,-1.38954945,14
TNG50-1,67,0.5,379837,-0.06393604,0.01296765,1.19669213,-1.31775691,0
TNG50-1,67,0.5,379837,0.05828601,-0.008498,1.19669213,-1.31775691,1
TNG50-1,67,0.5,379837,-0.08576498,-0.07070035,1.19669213,-1.31775691,2
TNG50-1,67,0.5,379837,-0.00522778,0.04769541,1.19669213,-1.31775691,3
TNG50-1,67,0.5,379837,0.08127186,0.02200132,1.19669213,-1.31775691,4
TNG50-1,67,0.5,379837,0.03486281,-0.0303131,1.19669213,-1.31775691,5
TNG50-1,67,0.5,379837,0.02106211,0.05896264,1.19669213,-1.31775691,6
TNG50-1,67,0.5,379837,-0.05242076,0.01219062,1.19669213,-1.31775691,7
TNG50-1,67,0.5,379837,-0.03674006,0.01316994,1.19669213,-1.31775691,8
TNG50-1,67,0.5,379837,0.06721979,0.04419478,1.19669213,-1.31775691,9
TNG50-1,67,0.5,379837,0.02361697,0.03343533,1.19669213,-1.31775691,10
TNG50-1,67,0.5,379837,0.04451246,0.01468372,1.19669213,-1.31775691,11
TNG50-1,67,0.5,379837,0.00368969,-0.00942925,1.19669213,-1.31775691,12
TNG50-1,67,0.5,379837,-0.01408657,0.09918321,1.19669213,-1.31775691,13
TNG50-1,67,0.5,379837,0.03833308,-0.03669004,1.19669213,-1.31775691,14
TNG50-1,67,0.5,359432,0.03729859,0.0375656,1.34985722,0.71317579,0
TNG50-1,67,0.5,359432,-0.00419296,-0.02398417,1.34985722,0.71317579,1
TNG50-1,67,0.5,359432,0.02273568,0.03792416,1.34985722,0.71317579,2
TNG50-1,67,0.5,359432,0.06167117,0.02972301,1.34985722,0.71317579,3
TNG50-1,67,0.5,359432,-0.01557892,-0.01876246,1.34985722,0.71317579,4
TNG50-1,67,0.5,359432,0.03009182,0.09148588,1.34985722,0.71317579,5
TNG50-1,67,0.5,359432,0.01327786,-0.03726173,1.34985722,0.71317579,6
TNG50-1,67,0.5,359432,-0.03206507,-0.0704507,1.34985722,0.71317579,7
TNG50-1,67,0.5,359432,0.06290495,0.04280496,1.34985722,0.71317579,8
TNG50-1,67,0.5,359432,0.03555939,-0.1074704,1.34985722,0.71317579,9
TNG50-1,67,0.5,359432,-0.0217275,0.07459084,1.34985722,0.71317579,10
TNG50-1,67,0.5,359432,0.05517969,0.00508769,1.34985722,0.71317579,11
TNG50-1,67,0.5,359432,-0.04157098,-0.07134925,1.34985722,0.71317579,12
TNG50-1,67,0.5,359432,-0.00144671,-0.04742323,1.34985722,0.71317579,13
TNG50-1,67,0.5,359432,-0.02146119,-0.08170443,1.34985722,0.71317579,14
TNG50-1,67,0.5,234936,0.01914415,0.01466805,0.90889133,1.14377368,0
TNG50-1,67,0.5,234936,-0.06634571,0.00014775,0.90889133,1.14377368,1
TNG50-1,67,0.5,234936,0.02510445,0.02531508,0.90889133,1.14377368,2
TNG50-1,67,0.5,234936,-0.01524121,-0.00534983,0.90889133,1.14377368,3
TNG50-1,67,0.5,234936,-0.02376821,-0.02898763,0.90889133,1.14377368,4
TNG50-1,67,0.5,234936,0.0254673,0.00956414,0.90889133,1.14377368,5
TNG50-1,67,0.5,234936,0.03117557,-0.0458592,0.90889133,1.14377368,6
TNG50-1,67,0.5,234936,0.05729014,0.02845789,0.90889133,1.14377368,7
TNG50-1,67,0.5,234936,-0.03168892,-0.01427326,0.90889133,1.14377368,8
TNG50-1,67,0.5,234936,-0.00149047,0.01022597,0.90889133,1.14377368,9
TNG50-1,67,0.5,234936,-0.03176636,0.0110012,0.90889133,1.14377368,10
TNG50-1,67,0.5,234936,0.00814937,0.08007727,0.90889133,1.14377368,11
TNG50-1,67,0.5,234936,-0.03891448,0.01907919,0.90889133,1.14377368,12
TNG50-1,67,0.5,234936,-0.02120484,0.00366095,0.90889133,1.14377368,13
TNG50-1,67,0.5,234936,-0.02095003,-0.03461854,0.90889133,1.14377368,14
TNG50-1,67,0.5,293092,0.04011926,-0.08630118,1.26625361,-1.12060975,0
TNG50-1,67,0.5,293092,-0.01351028,-0.05282888,1.26625361,-1.12060975,1
TNG50-1,67,0.5,293092,-0.07627401,-0.02621379,1.26625361,-1.12060975,2
TNG50-1,67,0.5,293092,-0.00975441,0.04968599,1.26625361,-1.12060975,3
TNG50-1,67,0.5,293092,0.00957449,-0.06921606,1.26625361,-1.12060975,4
TNG50-1,67,0.5,293092,-0.04092528,-0.04278687,1.26625361,-1.12060975,5
TNG50-1,67,0.5,293092,-0.00590902,0.00824254,1.26625361,-1.12060975,6
TNG50-1,67,0.5,293092,-0.00357414,0.02364282,1.26625361,-1.12060975,7
TNG50-1,67,0.5,293092,-0.00279539,0.02213604,1.26625361,-1.12060975,8
TNG50-1,67,0.5,293092,0.06173209,-0.04920026,1.26625361,-1.12060975,9
TNG50-1,67,0.5,293092,-0.06557789,-0.07989957,1.26625361,-1.12060975,10
TNG50-1,67,0.5,293092,0.10169012,0.02695298,1.26625361,-1.12060975,11
TNG50-1,67,0.5,293092,-0.00164177,0.0716562,1.26625361,-1.12060975,12
TNG50-1,67,0.5,293092,0.02901056,-0.01726508,1.26625361,-1.12060975,13
TNG50-1,67,0.5,293092,0.00639181,-0.05723432,1.26625361,-1.12060975,14
TNG50-1,67,0.5,334210,-0.02149402,0.01788207,0.84402831,-0.66501683,0
TNG50-1,67,0.5,334210,0.01970313,0.03724132,0.84402831,-0.66501683,1
TNG50-1,67,0.5,334210,-0.01165716,-0.03834849,0.84402831,-0.66501683,2
TNG50-1,67,0.5,334210,0.07035968,0.06294528,0.84402831,-0.66501683,3
TNG50-1,67,0.5,334210,0.04624854,-0.00708968,0.84402831,-0.66501683,4
TNG50-1,67,0.5,334210,0.0092169,0.07562736,0.84402831,-0.66501683,5
TNG50-1,67,0.5,334210,-0.09771614,-0.04469662,0.84402831,-0.66501683,6
TNG50-1,67,0.5,334210,-0.03461318,0.07191233,0.84402831,-0.66501683,7
TNG50-1,67,0.5,334210,-0.02740112,-0.0451992,0.84402831,-0.66501683,8
TNG50-1,67,0.5,334210,-0.0373308,0.12743906,0.84402831,-0.66501683,9
TNG50-1,67,0.5,334210,0.00954106,-0.04759169,0.84402831,-0.66501683,10
TNG50-1,67,0.5,334210,0.0105721,0.05282934,0.84402831,-0.66501683,11
TNG50-1,67,0.5,334210,-0.08370374,-0.01811971,0.84402831,-0.66501683,12
TNG50-1,67,0.5,334210,0.0402299,0.03575112,0.84402831,-0.66501683,13
TNG50-1,67,0.5,334210,0.00080619,-0.00202625,0.84402831,-0.66501683,14
TNG50-1,67,0.5,13,-0.05456152,-0.07852619,0.62554087,-0.95809318,0
TNG50-1,67,0.5,13,-0.13984151,-0.01133354,0.62554087,-0.95809318,1
TNG50-1,67,0.5,13,0.12537916,0.02632412,0.62554087,-0.95809318,2
TNG50-1,67,0.5,13,0.00365121,0.00299467,0.62554087,-0.95809318,3
TNG50-1,67,0.5,13,-0.1471765,0.03172124,0.62554087,-0.95809318,4
TNG50-1,67,0.5,13,0.01513043,0.043171,0.62554087,-0.95809318,5
TNG50-1,67,0.5,13,0.03447933,0.02654293,0.62554087,-0.95809318,6
TNG50-1,67,0.5,13,-0.03575404,-0.01376643,0.62554087,-0.95809318,7
TNG50-1,67,0.5,13,-0.03541773,0.02599417,0.62554087,-0.95809318,8
TNG50-1,67,0.5,13,-0.00099209,0.11177421,0.62554087,-0.95809318,9
TNG50-1,67,0.5,13,0.06012971,-0.07449398,0.62554087,-0.95809318,10
TNG50-1,67,0.5,13,0.00499801,0.02436437,0.62554087,-0.95809318,11
TNG50-1,67,0.5,13,0.07316127,0.09160016,0.62554087,-0.95809318,12
TNG50-1,67,0.5,13,0.05656096,-0.0587295,0.62554087,-0.95809318,13
TNG50-1,67,0.5,13,-0.01143924,0.050055,0.62554087,-0.95809318,14
TNG50-1,67,0.5,364391,0.05673586,0.06020195,0.58125859,-1.48642642,0
TNG50-1,67,0.5,364391,-0.07384231,0.01204894,0.58125859,-1.48642642,1
TNG50-1,67,0.5,364391,0.03561809,-0.02372349,0.58125859,-1.48642642,2
TNG50-1,67,0.5,364391,-0.0135658,-0.050552,0.58125859,-1.48642642,3
TNG50-1,67,0.5,364391,-0.00302229,0.01472434,0.58125859,-1.48642642,4
TNG50-1,67,0.5,364391,-0.01624774,-0.00586854,0.58125859,-1.48642642,5
TNG50-1,67,0.5,364391,0.06563445,-0.00421586,0.58125859,-1.48642642,6
TNG50-1,67,0.5,364391,-0.00560605,0.01312648,0.58125859,-1.48642642,7
TNG50-1,67,0.5,364391,-0.02316568,0.02596945,0.58125859,-1.48642642,8
TNG50-1,67,0.5,364391,-0.02231878,0.01348676,0.58125859,-1.48642642,9
TNG50-1,67,0.5,364391,-0.0170495,-0.00852591,0.58125859,-1.48642642,10
TNG50-1,67,0.5,364391,-0.05397678,-0.04006909,0.58125859,-1.48642642,11
TNG50-1,67,0.5,364391,-0.0236067,-0.03063924,0.58125859,-1.48642642,12
TNG50-1,67,0.5,364391,0.00588348,0.04241299,0.58125859,-1.48642642,13
TNG50-1,67,0.5,364391,0.02021907,-0.02117931,0.58125859,-1.48642642,14
TNG50-1,67,0.5,328098,-0.06730214,0.02264207,1.13654849,0.1678596,0
TNG50-1,67,0.5,328098,0.05797873,0.00401676,1.13654849,0.1678596,1
TNG50-1,67,0.5,328098,-0.04711892,-0.02847031,1.13654849,0.1678596,2
TNG50-1,67,0.5,328098,0.00176236,0.06654284,1.13654849,0.1678596,3
TNG50-1,67,0.5,328098,0.02455815,-0.00196629,1.13654849,0.1678596,4
TNG50-1,67,0.5,328098,0.00016092,-0.07829085,1.13654849,0.1678596,5
TNG50-1,67,0.5,328098,-0.12390689,0.061615,1.13654849,0.1678596,6
TNG50-1,67,0.5,328098,0.0195244,0.01096425,1.13654849,0.1678596,7
TNG50-1,67,0.5,328098,0.06632316,0.05575034,1.13654849,0.1678596,8
TNG50-1,67,0.5,328098,0.03932661,0.02862743,1.13654849,0.1678596,9
TNG50-1,67,0.5,328098,-0.1061997,0.11958114,1.13654849,0.1678596,10
TNG50-1,67,0.5,328098,0.10636222,-0.01549851,1.13654849,0.1678596,11
TNG50-1,67,0.5,328098,-0.06629258,0.00080466,1.13654849,0.1678596,12
TNG50-1,67,0.5,328098,-0.05392097,0.03599153,1.13654849,0.1678596,13
TNG50-1,67,0.5,328098,0.03909388,-0.01518961,1.13654849,0.1678596,14
TNG50-1,67,0.5,356635,0.04013189,-0.02530041,0.90882258,0.62807402,0
TNG50-1,67,0.5,356635,-0.14737065,-0.00707788,0.90882258,0.62807402,1
TNG50-1,67,0.5,356635,-0.00363916,-0.01417712,0.90882258,0.62807402,2
TNG50-1,67,0.5,356635,-0.00514962,0.02840811,0.90882258,0.62807402,3
TNG50-1,67,0.5,356635,-0.00696076,0.0053326,0.90882258,0.62807402,4
TNG50-1,67,0.5,356635,-0.04384635,-0.03971323,0.90882258,0.62807402,5
TNG50-1,67,0.5,356635,0.04530614,-0.01109811,0.90882258,0.62807402,6
TNG50-1,67,0.5,356635,-0.02522224,-0.07629583,0.90882258,0.62807402,7
TNG50-1,67,0.5,356635,0.01001372,-0.00923016,0.90882258,0.62807402,8
TNG50-1,67,0.5,356635,-0.00185818,6.529e-05,0.90882258,0.62807402,9
TNG50-1,67,0.5,356635,0.02501821,0.09042241,0.90882258,0.62807402,10
TNG50-1,67,0.5,356635,0.07154804,0.0674226,0.90882258,0.62807402,11
TNG50-1,67,0.5,356635,0.00975519,-0.05170373,0.90882258,0.62807402,12
TNG50-1,67,0.5,356635,0.04206985,0.01008847,0.90882258,0.62807402,13
TNG50-1,67,0.5,356635,0.00724351,0.01096552,0.90882258,0.62807402,14
TNG50-1,67,0.5,351968,-0.01152187,0.09316327,0.89430381,0.46457081,0
TNG50-1,67,0.5,351968,-0.00833443,-0.03348701,0.89430381,0.46457081,1
TNG50-1,67,0.5,351968,-0.01769749,0.13457874,0.89430381,0.46457081,2
TNG50-1,67,0.5,351968,0.09363542,0.0620962,0.89430381,0.46457081,3
TNG50-1,67,0.5,351968,-0.02080921,0.04160576,0.89430381,0.46457081,4
TNG50-1,67,0.5,351968,0.01704686,-0.05202388,0.89430381,0.46457081,5
TNG50-1,67,0.5,351968,-0.12645151,0.04548412,0.89430381,0.46457081,6
TNG50-1,67,0.5,351968,0.04117842,0.03019692,0.89430381,0.46457081,7
TNG50-1,67,0.5,351968,0.05921274,-0.10598052,0.89430381,0.46457081,8
TNG50-1,67,0.5,351968,-0.0526015,-0.07023002,0.89430381,0.46457081,9
TNG50-1,67,0.5,351968,-0.02559434,0.0178814,0.89430381,0.46457081,10
TNG50-1,67,0.5,351968,0.02257518,-0.00666499,0.89430381,0.46457081,11
TNG50-1,67,0.5,351968,0.00097303,-0.02582391,0.89430381,0.46457081,12
TNG50-1,67,0.5,351968,0.02331848,0.05394746,0.89430381,0.46457081,13
TNG50-1,67,0.5,351968,-0.01436205,-0.04418896,0.89430381,0.46457081,14
TNG50-1,67,0.5,355453,-0.02276205,0.04473405,0.98477237,-0.35169015,0
TNG50-1,67,0.5,355453,-0.03235149,-0.02295496,0.98477237,-0.35169015,1
TNG50-1,67,0.5,355453,0.02550846,-0.01371,0.98477237,-0.35169015,2
TNG50-1,67,0.5,355453,-0.08597291,0.01679617,0.98477237,-0.35169015,3
TNG50-1,67,0.5,355453,-0.02488359,-0.0712354,0.98477237,-0.35169015,4
TNG50-1,67,0.5,355453,-0.08613826,0.00373268,0.98477237,-0.35169015,5
TNG50-1,67,0.5,355453,-0.01564377,0.02672485,0.98477237,-0.35169015,6
TNG50-1,67,0.5,355453,0.03615245,0.01820321,0.98477237,-0.35169015,7
TNG50-1,67,0.5,355453,0.03704482,-0.02994656,0.98477237,-0.35169015,8
TNG50-1,67,0.5,355453,-0.03637992,0.0495966,0.98477237,-0.35169015,9
TNG50-1,67,0.5,355453,0.0266661,-0.0498748,0.98477237,-0.35169015,10
TNG50-1,67,0.5,355453,-0.00925817,-0.03127608,0.98477237,-0.35169015,11
TNG50-1,67,0.5,355453,0.06805425,-0.00680007,0.98477237,-0.35169015,12
TNG50-1,67,0.5,355453,-0.00649814,0.01477342,0.98477237,-0.35169015,13
TNG50-1,67,0.5,355453,-0.14865237,-0.01622717,0.98477237,-0.35169015,14
TNG50-1,67,0.5,381701,0.06142934,0.06489455,0.79445385,0.17281978,0
TNG50-1,67,0.5,381701,0.01476431,0.01509856,0.79445385,0.17281978,1
TNG50-1,67,0.5,381701,0.0037829,-0.05261137,0.79445385,0.17281978,2
TNG50-1,67,0.5,381701,0.01300681,-0.03920621,0.79445385,0.17281978,3
TNG50-1,67,0.5,381701,0.0366453,0.06803915,0.79445385,0.17281978,4
TNG50-1,67,0.5,381701,0.01203874,-0.06553904,0.79445385,0.17281978,5
TNG50-1,67,0.5,381701,-0.09047584,0.10508864,0.79445385,0.17281978,6
TNG50-1,67,0.5,381701,0.05447544,0.09380188,0.79445385,0.17281978,7
TNG50-1,67,0.5,381701,0.00598376,0.1067361,0.79445385,0.17281978,8
TNG50-1,67,0.5,381701,0.03424264,0.01903507,0.79445385,0.17281978,9
TNG50-1,67,0.5,381701,-0.02029718,-0.01707624,0.79445385,0.17281978,10
TNG50-1,67,0.5,381701,-0.09133583,0.01781731,0.79445385,0.17281978,11
TNG50-1,67,0.5,381701,-0.11394548,0.04542925,0.79445385,0.17281978,12
TNG50-1,67,0.5,381701,-0.04721839,-0.0325388,0.79445385,0.17281978,13
TNG50-1,67,0.5,381701,0.02586471,-0.05506016,0.79445385,0.17281978,14
TNG50-1,67,0.5,378980,-0.01419682,0.02973154,1.22371077,-1.27517464,0
TNG50-1,67,0.5,378980,-0.03861539,0.00387809,1.22371077,-1.27517464,1
TNG50-1,67,0.5,378980,0.06204432,-0.00301879,1.22371077,-1.27517464,2
TNG50-1,67,0.5,378980,-0.03082148,-0.0103259,1.22371077,-1.27517464,3
TNG50-1,67,0.5,378980,0.00478207,-0.04962817,1.22371077,-1.27517464,4
TNG50-1,67,0.5,378980,0.04915203,0.0261914,1.22371077,-1.27517464,5
TNG50-1,67,0.5,378980,0.06399212,-0.01430223,1.22371077,-1.27517464,6
TNG50-1,67,0.5,378980,0.01042796,-0.06547112,1.22371077,-1.27517464,7
TNG50-1,67,0.5,378980,0.01921481,-0.05175023,1.22371077,-1.27517464,8
TNG50-1,67,0.5,378980,-0.05084953,-0.06462231,1.22371077,-1.27517464,9
TNG50-1,67,0.5,378980,0.05115283,-0.02622953,1.22371077,-1.27517464,10
TNG50-1,67,0.5,378980,0.06317616,0.02425497,1.22371077,-1.27517464,11
TNG50-1,67,0.5,378980,-0.09351765,-0.0355559,1.22371077,-1.27517464,12
TNG50-1,67,0.5,378980,0.08814729,0.04877208,1.22371077,-1.27517464,13
TNG50-1,67,0.5,378980,-0.03503297,-0.00596072,1.22371077,-1.27517464,14
TNG50-1,67,0.5,376070,-0.01447025,0.05240948,0.27194032,-1.0860369,0
TNG50-1,67,0.5,376070,0.00083827,-0.04105775,0.27194032,-1.0860369,1
TNG50-1,67,0.5,376070,0.06975775,0.03765691,0.27194032,-1.0860369,2
TNG50-1,67,0.5,376070,-0.06856693,-0.04909925,0.27194032,-1.0860369,3
TNG50-1,67,0.5,376070,0.08281835,-0.10751654,0.27194032,-1.0860369,4
TNG50-1,67,0.5,376070,0.04800801,-0.03740318,0.27194032,-1.0860369,5
TNG50-1,67,0.5,376070,-0.00108282,0.041733,0.27194032,-1.0860369,6
TNG50-1,67,0.5,376070,0.05915128,-0.00061084,0.27194032,-1.0860369,7
TNG50-1,67,0.5,376070,-0.01612364,-0.0267499,0.27194032,-1.0860369,8
TNG50-1,67,0.5,376070,0.01428392,0.00277392,0.27194032,-1.0860369,9
TNG50-1,67,0.5,376070,-0.02707073,0.00111998,0.27194032,-1.0860369,10
TNG50-1,67,0.5,376070,0.04832376,0.03109493,0.27194032,-1.0860369,11
TNG50-1,67,0.5,376070,-0.03536278,-0.0805855,0.27194032,-1.0860369,12
TNG50-1,67,0.5,376070,-0.00256839,-0.00511765,0.27194032,-1.0860369,13
TNG50-1,67,0.5,376070,0.03395694,0.00621386,0.27194032,-1.0860369,14
TNG50-1,67,0.5,321039,-0.06826851,-0.0377563,1.31871344,1.3565228,0
TNG50-1,67,0.5,321039,-0.06895412,0.04721523,1.31871344,1.3565228,1
TNG50-1,67,0.5,321039,-0.01823542,-0.06270214,1.31871344,1.3565228,2
TNG50-1,67,0.5,321039,0.00042621,0.00637996,1.31871344,1.3565228,3
TNG50-1,67,0.5,321039,0.0006023,-0.01212584,1.31871344,1.3565228,4
TNG50-1,67,0.5,321039,-0.02781742,0.00231397,1.31871344,1.3565228,5
TNG50-1,67,0.5,321039,-0.02986673,-0.04945171,1.31871344,1.3565228,6
TNG50-1,67,0.5,321039,-0.01975882,0.02184417,1.31871344,1.3565228,7
TNG50-1,67,0.5,321039,0.01492609,0.07931436,1.31871344,1.3565228,8
TNG50-1,67,0.5,321039,0.06223105,-0.04859284,1.31871344,1.3565228,9
TNG50-1,67,0.5,321039,-0.11101984,0.00948228,1.31871344,1.3565228,10
TNG50-1,67,0.5,321039,0.03115011,0.04279366,1.31871344,1.3565228,11
TNG50-1,67,0.5,321039,-0.00555758,-0.01483704,1.31871344,1.3565228,12
TNG50-1,67,0.5,321039,0.02628611,0.06801965,1.31871344,1.3565228,13
TNG50-1,67,0.5,321039,0.05927717,-0.02148442,1.31871344,1.3565228,14
TNG50-1,67,0.5,385414,-0.00581474,0.0618785,0.57033765,0.82155082,0
TNG50-1,67,0.5,385414,-0.04965771,-0.05424391,0.57033765,0.82155082,1
TNG50-1,67,0.5,385414,0.00632952,0.04002909,0.57033765,0.82155082,2
TNG50-1,67,0.5,385414,0.00015115,0.01326783,0.57033765,0.82155082,3
TNG50-1,67,0.5,385414,0.03179506,-0.00970175,0.57033765,0.82155082,4
TNG50-1,67,0.5,385414,-0.0318103,-0.08864646,0.57033765,0.82155082,5
TNG50-1,67,0.5,385414,-0.03409978,-0.07700805,0.57033765,0.82155082,6
TNG50-1,67,0.5,385414,0.02312461,-0.01822336,0.57033765,0.82155082,7
TNG50-1,67,0.5,385414,0.06985952,-0.07322958,0.57033765,0.82155082,8
TNG50-1,67,0.5,385414,0.03145051,-0.01718784,0.57033765,0.82155082,9
TNG50-1,67,0.5,385414,0.09237061,0.03571706,0.57033765,0.82155082,10
TNG50-1,67,0.5,385414,0.02776537,-0.02904782,0.57033765,0.82155082,11
TNG50-1,67,0.5,385414,0.02596464,0.00417313,0.57033765,0.82155082,12
TNG50-1,67,0.5,385414,0.03396464,-0.0534976,0.57033765,0.82155082,13
TNG50-1,67,0.5,385414,0.07440854,0.01493836,0.57033765,0.82155082,14
TNG50-1,67,0.5,131716,0.02540677,-0.01919473,0.8615738,1.32807404,0
TNG50-1,67,0.5,131716,-0.07114671,0.01448327,0.8615738,1.32807404,1
TNG50-1,67,0.5,131716,-0.03759431,0.02329632,0.8615738,1.32807404,2
TNG50-1,67,0.5,131716,-0.06335851,0.07002621,0.8615738,1.32807404,3
TNG50-1,67,0.5,131716,0.02546074,-0.04055923,0.8615738,1.32807404,4
TNG50-1,67,0.5,131716,0.00820033,0.06698239,0.8615738,1.32807404,5
TNG50-1,67,0.5,131716,-0.00248559,-0.00736978,0.8615738,1.32807404,6
TNG50-1,67,0.5,131716,-0.00641408,0.12506726,0.8615738,1.32807404,7
TNG50-1,67,0.5,131716,0.01614177,0.01813011,0.8615738,1.32807404,8
TNG50-1,67,0.5,131716,0.01714257,-0.06144646,0.8615738,1.32807404,9
TNG50-1,67,0.5,131716,-0.02477887,-0.00985793,0.8615738,1.32807404,10
TNG50-1,67,0.5,131716,-0.03177984,0.06681347,0.8615738,1.32807404,11
TNG50-1,67,0.5,131716,-0.00294976,0.00407706,0.8615738,1.32807404,12
TNG50-1,67,0.5,131716,-0.00948674,-0.00298127,0.8615738,1.32807404,13
TNG50-1,67,0.5,131716,0.10303411,0.03594986,0.8615738,1.32807404,14
TNG50-1,67,0.5,139869,-0.01724988,0.03156096,1.19359087,1.30903972,0
TNG50-1,67,0.5,139869,-0.01053666,-0.01008106,1.19359087,1.30903972,1
TNG50-1,67,0.5,139869,-0.04723373,-0.01249062,1.19359087,1.30903972,2
TNG50-1,67,0.5,139869,0.08644104,0.00261191,1.19359087,1.30903972,3
TNG50-1,67,0.5,139869,-0.06113056,-0.05692467,1.19359087,1.30903972,4
TNG50-1,67,0.5,139869,0.00847333,-0.04127265,1.19359087,1.30903972,5
TNG50-1,67,0.5,139869,0.02399423,-0.0129962,1.19359087,1.30903972,6
TNG50-1,67,0.5,139869,-0.00068256,-0.05721715,1.19359087,1.30903972,7
TNG50-1,67,0.5,139869,-0.06269314,0.03569088,1.19359087,1.30903972,8
TNG50-1,67,0.5,139869,-0.0499382,-0.01536895,1.19359087,1.30903972,9
TNG50-1,67,0.5,139869,0.02612585,-0.07247183,1.19359087,1.30903972,10
TNG50-1,67,0.5,139869,-0.03899397,-0.02795145,1.19359087,1.30903972,11
TNG50-1,67,0.5,139869,-0.10360086,0.00506013,1.19359087,1.30903972,12
TNG50-1,67,0.5,139869,0.01934892,-0.02230452,1.19359087,1.30903972,13
TNG50-1,67,0.5,139869,-0.04362477,0.01999079,1.19359087,1.30903972,14
TNG50-1,67,0.5,333436,0.02870182,0.02361069,0.685602,0.46933075,0
TNG50-1,67,0.5,333436,0.12008501,-0.07244149,0.685602,0.46933075,1
TNG50-1,67,0.5,333436,0.05753221,0.00129865,0.685602,0.46933075,2
TNG50-1,67,0.5,333436,-0.08181852,-0.07826274,0.685602,0.46933075,3
TNG50-1,67,0.5,333436,-0.01801162,0.06711279,0.685602,0.46933075,4
TNG50-1,67,0.5,333436,-0.01333206,0.08070542,0.685602,0.46933075,5
TNG50-1,67,0.5,333436,0.02875355,-0.00278686,0.685602,0.46933075,6
TNG50-1,67,0.5,333436,-0.0466793,-0.04263226,0.685602,0.46933075,7
TNG50-1,67,0.5,333436,-0.02656261,-0.03321347,0.685602,0.46933075,8
TNG50-1,67,0.5,333436,-0.06222059,-0.0226871,0.685602,0.46933075,9
TNG50-1,67,0.5,333436,-0.03011329,-0.00534136,0.685602,0.46933075,10
TNG50-1,67,0.5,333436,-0.02824828,0.06852348,0.685602,0.46933075,11
TNG50-1,67,0.5,333436,-0.01565029,0.04778009,0.685602,0.46933075,12
TNG50-1,67,0.5,333436,-0.05932564,0.04855023,0.685602,0.46933075,13
TNG50-1,67,0.5,333436,0.04910129,0.00852891,0.685602,0.46933075,14
TNG50-1,67,0.5,10,-0.05768059,-0.05491628,1.33007309,1.34535139,0
TNG50-1,67,0.5,10,-0.03850284,0.01435358,1.33007309,1.34535139,1
TNG50-1,67,0.5,10,0.00303606,0.02554225,1.33007309,1.34535139,2
TNG50-1,67,0.5,10,-0.060055,-0.05536019,1.33007309,1.34535139,3
TNG50-1,67,0.5,10,0.01519915,0.01962963,1.33007309,1.34535139,4
TNG50-1,67,0.5,10,0.04025618,-0.07576367,1.33007309,1.34535139,5
TNG50-1,67,0.5,10,0.02726727,0.03121946,1.33007309,1.34535139,6
TNG50-1,67,0.5,10,0.02525947,-0.04419209,1.33007309,1.34535139,7
TNG50-1,67,0.5,10,-0.09331413,0.00402567,1.33007309,1.34535139,8
TNG50-1,67,0.5,10,0.06666779,-0.00436988,1.33007309,1.34535139,9
TNG50-1,67,0.5,10,-0.07836927,0.05803287,1.33007309,1.34535139,10
TNG50-1,67,0.5,10,-0.00763746,0.0121065,1.33007309,1.34535139,11
TNG50-1,67,0.5,10,0.03092718,-0.02995509,1.33007309,1.34535139,12
TNG50-1,67,0.5,10,0.01792988,0.01797964,1.33007309,1.34535139,13
TNG50-1,67,0.5,10,-0.06389182,0.10712066,1.33007309,1.34535139,14
TNG50-1,67,0.5,184183,0.03700615,0.03622272,0.64795027,-0.26168178,0
TNG50-1,67,0.5,184183,-0.00295835,-0.02117699,0.64795027,-0.26168178,1
TNG50-1,67,0.5,184183,-0.04168065,-0.06777075,0.64795027,-0.26168178,2
TNG50-1,67,0.5,184183,-0.03082458,0.12959613,0.64795027,-0.26168178,3
TNG50-1,67,0.5,184183,0.03399965,-0.0703269,0.64795027,-0.26168178,4
TNG50-1,67,0.5,184183,-0.04429013,0.01487791,0.64795027,-0.26168178,5
TNG50-1,67,0.5,184183,0.00013444,0.01429383,0.64795027,-0.26168178,6
TNG50-1,67,0.5,184183,0.07188095,0.02580028,0.64795027,-0.26168178,7
TNG50-1,67,0.5,184183,0.00751962,-0.00448421,0.64795027,-0.26168178,8
TNG50-1,67,0.5,184183,-0.05395659,-0.00396249,0.64795027,-0.26168178,9
TNG50-1,67,0.5,184183,0.10889239,0.00692059,0.64795027,-0.26168178,10
TNG50-1,67,0.5,184183,0.08812241,0.02399342,0.64795027,-0.26168178,11
TNG50-1,67,0.5,184183,0.02505883,-9.082e-05,0.64795027,-0.26168178,12
TNG50-1,67,0.5,184183,0.06378777,-0.00341806,0.64795027,-0.26168178,13
TNG50-1,67,0.5,184183,-0.01334898,-0.0660555,0.64795027,-0.26168178,14
TNG50-1,67,0.5,392041,0.10068412,0.08389134,0.86595387,-1.55943556,0
TNG50-1,67,0.5,392041,0.02678496,0.02416305,0.86595387,-1.55943556,1
TNG50-1,67,0.5,392041,0.01044534,-0.03520511,0.86595387,-1.55943556,2
TNG50-1,67,0.5,392041,-0.03122336,-0.05482958,0.86595387,-1.55943556,3
TNG50-1,67,0.5,392041,-0.05018071,0.04935489,0.86595387,-1.55943556,4
TNG50-1,67,0.5,392041,0.04299932,0.01055796,0.86595387,-1.55943556,5
TNG50-1,67,0.5,392041,-0.00799312,0.02413005,0.86595387,-1.55943556,6
TNG50-1,67,0.5,392041,0.03105323,0.00133323,0.86595387,-1.55943556,7
TNG50-1,67,0.5,392041,-0.06760751,-0.05013718,0.86595387,-1.55943556,8
TNG50-1,67,0.5,392041,0.07734274,0.02543089,0.86595387,-1.55943556,9
TNG50-1,67,0.5,392041,0.04506887,-0.00987676,0.86595387,-1.55943556,10
TNG50-1,67,0.5,392041,-0.00405313,-0.00108456,0.86595387,-1.55943556,11
TNG50-1,67,0.5,392041,0.02338127,0.11885014,0.86595387,-1.55943556,12
TNG50-1,67,0.5,392041,0.03705022,0.04345346,0.86595387,-1.55943556,13
TNG50-1,67,0.5,392041,-0.06684903,0.04633825,0.86595387,-1.55943556,14
TNG50-1,67,0.5,153311,0.13602616,-0.0449502,1.30809938,-1.37422337,0
TNG50-1,67,0.5,153311,0.01922869,0.04619446,1.30809938,-1.37422337,1
TNG50-1,67,0.5,153311,0.00598538,-0.04872875,1.30809938,-1.37422337,2
TNG50-1,67,0.5,153311,-0.03396037,-0.07774306,1.30809938,-1.37422337,3
TNG50-1,67,0.5,153311,-0.02262759,0.02491749,1.30809938,-1.37422337,4
TNG50-1,67,0.5,153311,-0.10235519,0.0609245,1.30809938,-1.37422337,5
TNG50-1,67,0.5,153311,0.03952117,-0.02025426,1.30809938,-1.37422337,6
TNG50-1,67,0.5,153311,-0.06334605,0.02022588,1.30809938,-1.37422337,7
TNG50-1,67,0.5,153311,0.0451368,-0.02078369,1.30809938,-1.37422337,8
TNG50-1,67,0.5,153311,-0.0021513,0.03609967,1.30809938,-1.37422337,9
TNG50-1,67,0.5,153311,0.00640294,0.05475148,1.30809938,-1.37422337,10
TNG50-1,67,0.5,153311,-0.0021184,-0.01314326,1.30809938,-1.37422337,11
TNG50-1,67,0.5,153311,0.06930372,-0.05138016,1.30809938,-1.37422337,12
TNG50-1,67,0.5,153311,0.06047212,-0.07285153,1.30809938,-1.37422337,13
TNG50-1,67,0.5,153311,-0.00144457,0.04628442,1.30809938,-1.37422337,14
TNG50-1,67,0.5,382229,-0.05682832,0.01238054,1.33422117,-1.22683175,0
TNG50-1,67,0.5,382229,0.01860121,-0.00219568,1.33422117,-1.22683175,1
TNG50-1,67,0.5,382229,0.03887035,0.06469139,1.33422117,-1.22683175,2
TNG50-1,67,0.5,382229,-0.02506509,0.06975093,1.33422117,-1.22683175,3
TNG50-1,67,0.5,382229,-0.00831054,-0.04712643,1.33422117,-1.22683175,4
TNG50-1,67,0.5,382229,0.04995217,0.0083839,1.33422117,-1.22683175,5
TNG50-1,67,0.5,382229,-0.04040969,-0.02853022,1.33422117,-1.22683175,6
TNG50-1,67,0.5,382229,-0.04548558,-0.01466637,1.33422117,-1.22683175,7
TNG50-1,67,0.5,382229,-0.01171956,0.03086939,1.33422117,-1.22683175,8
TNG50-1,67,0.5,382229,0.06389563,-0.01674471,1.33422117,-1.22683175,9
TNG50-1,67,0.5,382229,0.08053655,0.00969627,1.33422117,-1.22683175,10
TNG50-1,67,0.5,382229,-0.00493915,0.04786361,1.33422117,-1.22683175,11
TNG50-1,67,0.5,382229,-0.03560608,0.07575809,1.33422117,-1.22683175,12
TNG50-1,67,0.5,382229,0.05320573,0.01443401,1.33422117,-1.22683175,13
TNG50-1,67,0.5,382229,-0.08346478,0.00588827,1.33422117,-1.22683175,14
TNG50-1,67,0.5,389526,-0.05536451,0.07792389,0.67897116,-1.27123462,0
TNG50-1,67,0.5,389526,0.07928992,-0.03876316,0.67897116,-1.27123462,1
TNG50-1,67,0.5,389526,0.02478505,0.00412313,0.67897116,-1.27123462,2
TNG50-1,67,0.5,389526,0.00681126,0.00826095,0.67897116,-1.27123462,3
TNG50-1,67,0.5,389526,0.00425246,0.04710633,0.67897116,-1.27123462,4
TNG50-1,67,0.5,389526,0.01803267,-0.01939058,0.67897116,-1.27123462,5
TNG50-1,67,0.5,389526,0.03858952,-0.04346919,0.67897116,-1.27123462,6
TNG50-1,67,0.5,389526,0.04477753,0.02850011,0.67897116,-1.27123462,7
TNG50-1,67,0.5,389526,0.08054009,-0.03716935,0.67897116,-1.27123462,8
TNG50-1,67,0.5,389526,0.01213443,-0.09177527,0.67897116,-1.27123462,9
TNG50-1,67,0.5,389526,0.08771006,0.0920186,0.67897116,-1.27123462,10
TNG50-1,67,0.5,389526,0.05288616,0.04635153,0.67897116,-1.27123462,11
TNG50-1,67,0.5,389526,-0.00300657,0.09416939,0.67897116,-1.27123462,12
TNG50-1,67,0.5,389526,-0.08336869,0.04370064,0.67897116,-1.27123462,13
TNG50-1,67,0.5,389526,0.00427811,0.03401825,0.67897116,-1.27123462,14
TNG50-1,67,0.5,336717,0.01847678,0.06414669,1.15132863,-0.46589068,0
TNG50-1,67,0.5,336717,-0.00930141,0.03710613,1.15132863,-0.46589068,1
TNG50-1,67,0.5,336717,0.02560533,0.00134139,1.15132863,-0.46589068,2
TNG50-1,67,0.5,336717,-0.02766162,-0.00107914,1.15132863,-0.46589068,3
TNG50-1,67,0.5,336717,-0.05346146,0.01869963,1.15132863,-0.46589068,4
TNG50-1,67,0.5,336717,-0.01661129,-0.01559919,1.15132863,-0.46589068,5
TNG50-1,67,0.5,336717,0.06457461,-0.08156023,1.15132863,-0.46589068,6
TNG50-1,67,0.5,336717,-0.06162033,0.03750789,1.15132863,-0.46589068,7
TNG50-1,67,0.5,336717,-0.06082583,0.03453715,1.15132863,-0.46589068,8
TNG50-1,67,0.5,336717,0.02956546,-0.1150533,1.15132863,-0.46589068,9
TNG50-1,67,0.5,336717,-0.02075394,0.02553381,1.15132863,-0.46589068,10
TNG50-1,67,0.5,336717,0.02427475,0.08782418,1.15132863,-0.46589068,11
TNG50-1,67,0.5,336717,0.04949287,-0.05638192,1.15132863,-0.46589068,12
TNG50-1,67,0.5,336717,0.02307662,-0.00366456,1.15132863,-0.46589068,13
TNG50-1,67,0.5,336717,-0.03161228,-0.00909912,1.15132863,-0.46589068,14
TNG50-1,67,0.5,390403,0.0830206,0.01510997,0.47259495,0.63231089,0
TNG50-1,67,0.5,390403,0.05604735,0.02812752,0.47259495,0.63231089,1
TNG50-1,67,0.5,390403,-0.04392081,-0.0604467,0.47259495,0.63231089,2
TNG50-1,67,0.5,390403,0.01710593,-0.02818511,0.47259495,0.63231089,3
TNG50-1,67,0.5,390403,0.11513361,0.01744854,0.47259495,0.63231089,4
TNG50-1,67,0.5,390403,-0.03123539,0.03512061,0.47259495,0.63231089,5
TNG50-1,67,0.5,390403,-0.00055769,-0.0269392,0.47259495,0.63231089,6
TNG50-1,67,0.5,390403,0.02567537,0.00758862,0.47259495,0.63231089,7
TNG50-1,67,0.5,390403,-0.03050273,-0.01419681,0.47259495,0.63231089,8
TNG50-1,67,0.5,390403,0.08816015,0.03639251,0.47259495,0.63231089,9
TNG50-1,67,0.5,390403,-0.02363342,0.02597068,0.47259495,0.63231089,10
TNG50-1,67,0.5,390403,-0.06945176,-0.01867415,0.47259495,0.63231089,11
TNG50-1,67,0.5,390403,-0.0262491,0.02392219,0.47259495,0.63231089,12
TNG50-1,67,0.5,390403,0.032651,-0.02062992,0.47259495,0.63231089,13
TNG50-1,67,0.5,390403,-0.03990871,0.0228681,0.47259495,0.63231089,14
TNG50-1,67,0.5,376440,0.02356473,0.06789292,0.66434293,0.91310016,0
TNG50-1,67,0.5,376440,0.11855233,0.09185757,0.66434293,0.91310016,1
TNG50-1,67,0.5,376440,-0.01681311,-0.09679314,0.66434293,0.91310016,2
TNG50-1,67,0.5,376440,-0.00706342,0.01446318,0.66434293,0.91310016,3
TNG50-1,67,0.5,376440,-0.03236158,0.0136346,0.66434293,0.91310016,4
TNG50-1,67,0.5,376440,-0.05164118,0.01044044,0.66434293,0.91310016,5
TNG50-1,67,0.5,376440,-0.02282302,-0.02963722,0.66434293,0.91310016,6
TNG50-1,67,0.5,376440,0.03325503,0.0511257,0.66434293,0.91310016,7
TNG50-1,67,0.5,376440,0.03687308,0.02052387,0.66434293,0.91310016,8
TNG50-1,67,0.5,376440,0.01478399,0.05170609,0.66434293,0.91310016,9
TNG50-1,67,0.5,376440,-0.01478824,-0.0368756,0.66434293,0.91310016,10
TNG50-1,67,0.5,376440,-0.02466875,-0.06915914,0.66434293,0.91310016,11
TNG50-1,67,0.5,376440,-0.04584153,0.02174528,0.66434293,0.91310016,12
TNG50-1,67,0.5,376440,-0.02784438,-0.04814719,0.66434293,0.91310016,13
TNG50-1,67,0.5,376440,-0.0647564,0.05272998,0.66434293,0.91310016,14
TNG50-1,67,0.5,77282,-0.10633107,-0.04859689,0.74428766,0.28341336,0
TNG50-1,67,0.5,77282,-0.02342699,-0.03947687,0.74428766,0.28341336,1
TNG50-1,67,0.5,77282,-0.03079609,-0.10836831,0.74428766,0.28341336,2
TNG50-1,67,0.5,77282,-0.01661883,-0.01993301,0.74428766,0.28341336,3
TNG50-1,67,0.5,77282,0.01305495,0.05323796,0.74428766,0.28341336,4
TNG50-1,67,0.5,77282,0.01981179,-0.00760505,0.74428766,0.28341336,5
TNG50-1,67,0.5,77282,0.03198688,-0.0048081,0.74428766,0.28341336,6
TNG50-1,67,0.5,77282,0.03774932,0.01390796,0.74428766,0.28341336,7
TNG50-1,67,0.5,77282,-0.00857628,-0.05011187,0.74428766,0.28341336,8
TNG50-1,67,0.5,77282,0.10543522,0.00126431,0.74428766,0.28341336,9
TNG50-1,67,0.5,77282,0.06935452,0.04451647,0.74428766,0.28341336,10
TNG50-1,67,0.5,77282,-0.01559941,0.01532816,0.74428766,0.28341336,11
TNG50-1,67,0.5,77282,-0.00684368,0.04890824,0.74428766,0.28341336,12
TNG50-1,67,0.5,77282,-0.01665239,0.0632066,0.74428766,0.28341336,13
TNG50-1,67,0.5,77282,0.01816493,0.03312949,0.74428766,0.28341336,14
TNG50-1,67,0.5,173135,-0.03566835,-0.0591515,1.16400368,-1.11075352,0
TNG50-1,67,0.5,173135,-0.01720677,0.01361745,1.16400368,-1.11075352,1
TNG50-1,67,0.5,173135,0.09657444,0.05340037,1.16400368,-1.11075352,2
TNG50-1,67,0.5,173135,0.01570843,-0.01304608,1.16400368,-1.11075352,3
TNG50-1,67,0.5,173135,0.00904783,0.0488714,1.16400368,-1.11075352,4
TNG50-1,67,0.5,173135,-0.04299797,0.02726134,1.16400368,-1.11075352,5
TNG50-1,67,0.5,173135,-0.00457306,0.04138364,1.16400368,-1.11075352,6
TNG50-1,67,0.5,173135,0.03581868,0.00254682,1.16400368,-1.11075352,7
TNG50-1,67,0.5,173135,0.00074229,0.04432928,1.16400368,-1.11075352,8
TNG50-1,67,0.5,173135,-0.02596891,-0.07323408,1.16400368,-1.11075352,9
TNG50-1,67,0.5,173135,-0.01436931,0.00165729,1.16400368,-1.11075352,10
TNG50-1,67,0.5,173135,0.05959127,0.03565074,1.16400368,-1.11075352,11
TNG50-1,67,0.5,173135,0.03338904,0.01481498,1.16400368,-1.11075352,12
TNG50-1,67,0.5,173135,0.02670201,0.05478118,1.16400368,-1.11075352,13
TNG50-1,67,0.5,173135,0.02204411,-0.00785494,1.16400368,-1.11075352,14
TNG50-1,67,0.5,372099,-0.02737276,-0.02883398,0.73133615,0.77880585,0
TNG50-1,67,0.5,372099,-0.08195375,0.02305345,0.73133615,0.77880585,1
TNG50-1,67,0.5,372099,-0.01364833,0.09725696,0.73133615,0.77880585,2
TNG50-1,67,0.5,372099,0.02584375,0.03281701,0.73133615,0.77880585,3
TNG50-1,67,0.5,372099,0.03805043,0.04728468,0.73133615,0.77880585,4
TNG50-1,67,0.5,372099,-0.06995928,-0.07967882,0.73133615,0.77880585,5
TNG50-1,67,0.5,372099,0.05876626,0.01934393,0.73133615,0.77880585,6
TNG50-1,67,0.5,372099,-0.04872104,-0.01340089,0.73133615,0.77880585,7
TNG50-1,67,0.5,372099,-0.00605741,-0.03400624,0.73133615,0.77880585,8
TNG50-1,67,0.5,372099,-0.02844082,-0.00111587,0.73133615,0.77880585,9
TNG50-1,67,0.5,372099,0.02086249,0.0054317,0.73133615,0.77880585,10
TNG50-1,67,0.5,372099,0.00470374,-0.0312196,0.73133615,0.77880585,11
TNG50-1,67,0.5,372099,0.03389843,0.00942319,0.73133615,0.77880585,12
TNG50-1,67,0.5,372099,0.09219023,-0.00867435,0.73133615,0.77880585,13
TNG50-1,67,0.5,372099,0.01989262,0.03512194,0.73133615,0.77880585,14
TNG50-1,67,0.5,384402,0.01137874,0.01212139,0.35380541,-0.45615322,0
TNG50-1,67,0.5,384402,0.01879617,-0.06009379,0.35380541,-0.45615322,1
TNG50-1,67,0.5,384402,0.0489694,-0.00083015,0.35380541,-0.45615322,2
TNG50-1,67,0.5,384402,0.02774779,0.02987705,0.35380541,-0.45615322,3
TNG50-1,67,0.5,384402,-0.00030422,-0.06150759,0.35380541,-0.45615322,4
TNG50-1,67,0.5,384402,-0.10434625,-0.04972927,0.35380541,-0.45615322,5
TNG50-1,67,0.5,384402,0.0256864,-0.032208,0.35380541,-0.45615322,6
TNG50-1,67,0.5,384402,-0.04559617,-0.01061301,0.35380541,-0.45615322,7
TNG50-1,67,0.5,384402,-0.00431189,0.03469858,0.35380541,-0.45615322,8
TNG50-1,67,0.5,384402,0.01855235,-0.01632403,0.35380541,-0.45615322,9
TNG50-1,67,0.5,384402,0.06665145,0.00276584,0.35380541,-0.45615322,10
TNG50-1,67,0.5,384402,0.09211614,0.11230889,0.35380541,-0.45615322,11
TNG50-1,67,0.5,384402,-0.04606091,-0.04781551,0.35380541,-0.45615322,12
TNG50-1,67,0.5,384402,-0.06579314,-0.03264967,0.35380541,-0.45615322,13
TNG50-1,67,0.5,384402,0.01628586,0.03390444,0.35380541,-0.45615322,14
TNG50-1,67,0.5,218607,0.04940216,-0.0985756,1.32416387,-1.52997652,0
TNG50-1,67,0.5,218607,0.02074004,0.0222699,1.32416387,-1.52997652,1
TNG50-1,67,0.5,218607,0.09044838,0.05467048,1.32416387,-1.52997652,2
TNG50-1,67,0.5,218607,0.0158728,-0.00443565,1.32416387,-1.52997652,3
TNG50-1,67,0.5,218607,-0.09880518,0.03239549,1.32416387,-1.52997652,4
TNG50-1,67,0.5,218607,0.00484978,0.00515773,1.32416387,-1.52997652,5
TNG50-1,67,0.5,218607,-0.02854918,-0.03920196,1.32416387,-1.52997652,6
TNG50-1,67,0.5,218607,0.06919059,-0.0404515,1.32416387,-1.52997652,7
TNG50-1,67,0.5,218607,0.0482312,0.03559646,1.32416387,-1.52997652,8
TNG50-1,67,0.5,218607,-0.07948454,-0.03178534,1.32416387,-1.52997652,9
TNG50-1,67,0.5,218607,0.0675159,-0.07622905,1.32416387,-1.52997652,10
TNG50-1,67,0.5,218607,0.04696839,0.00611993,1.32416387,-1.52997652,11
TNG50-1,67,0.5,218607,-0.01622311,-0.02565407,1.32416387,-1.52997652,12
TNG50-1,67,0.5,218607,-0.00392209,-0.05995541,1.32416387,-1.52997652,13
TNG50-1,67,0.5,218607,0.06960885,0.00358737,1.32416387,-1.52997652,14
TNG50-1,67,0.5,419738,0.03836384,0.00068586,1.12165596,-0.68930118,0
TNG50-1,67,0.5,419738,0.0010075,0.02458372,1.12165596,-0.68930118,1
TNG50-1,67,0.5,419738,-0.05331204,-0.08649518,1.12165596,-0.68930118,2
TNG50-1,67,0.5,419738,0.02409018,-0.08477189,1.12165596,-0.68930118,3
TNG50-1,67,0.5,419738,0.05175782,0.00773139,1.12165596,-0.68930118,4
TNG50-1,67,0.5,419738,0.11065171,0.00838375,1.12165596,-0.68930118,5
TNG50-1,67,0.5,419738,0.0720922,-0.09194095,1.12165596,-0.68930118,6
TNG50-1,67,0.5,419738,-0.05026792,0.01939868,1.12165596,-0.68930118,7
TNG50-1,67,0.5,419738,0.04290414,0.05434814,1.12165596,-0.68930118,8
TNG50-1,67,0.5,419738,0.0128262,-0.01091508,1.12165596,-0.68930118,9
TNG50-1,67,0.5,419738,-0.05760496,0.00299059,1.12165596,-0.68930118,10
TNG50-1,67,0.5,419738,0.01418976,0.02857059,1.12165596,-0.68930118,11
TNG50-1,67,0.5,419738,0.09593383,0.02195146,1.12165596,-0.68930118,12
TNG50-1,67,0.5,419738,0.05979321,-0.08343113,1.12165596,-0.68930118,13
TNG50-1,67,0.5,419738,-0.05067249,-0.04525606,1.12165596,-0.68930118,14
TNG50-1,67,0.5,373825,-0.01979267,0.01204248,1.20244803,-0.53218405,0
TNG50-1,67,0.5,373825,-0.04304135,0.05733971,1.20244803,-0.53218405,1
TNG50-1,67,0.5,373825,0.07334842,-0.01810044,1.20244803,-0.53218405,2
TNG50-1,67,0.5,373825,0.0317238,0.02497073,1.20244803,-0.53218405,3
TNG50-1,67,0.5,373825,-0.05548627,0.02717317,1.20244803,-0.53218405,4
TNG50-1,67,0.5,373825,-0.01071679,-0.04644168,1.20244803,-0.53218405,5
TNG50-1,67,0.5,373825,0.05651961,-0.04792217,1.20244803,-0.53218405,6
TNG50-1,67,0.5,373825,-0.03231197,-0.01022513,1.20244803,-0.53218405,7
TNG50-1,67,0.5,373825,0.04257919,0.05526663,1.20244803,-0.53218405,8
TNG50-1,67,0.5,373825,0.06915898,-0.09157138,1.20244803,-0.53218405,9
TNG50-1,67,0.5,373825,0.06080705,-0.01814246,1.20244803,-0.53218405,10
TNG50-1,67,0.5,373825,0.00902021,0.06549363,1.20244803,-0.53218405,11
TNG50-1,67,0.5,373825,0.06255125,-0.06160647,1.20244803,-0.53218405,12
TNG50-1,67,0.5,373825,-0.0261119,0.06269503,1.20244803,-0.53218405,13
TNG50-1,67,0.5,373825,0.12429407,-0.05638965,1.20244803,-0.53218405,14
TNG50-1,67,0.5,271076,-0.04582708,0.06744455,1.06038194,-0.70922857,0
TNG50-1,67,0.5,271076,-0.00736109,-0.05136476,1.06038194,-0.70922857,1
TNG50-1,67,0.5,271076,0.09367295,0.02194403,1.06038194,-0.70922857,2
TNG50-1,67,0.5,271076,-0.03200036,-0.05173752,1.06038194,-0.70922857,3
TNG50-1,67,0.5,271076,-0.08664814,-0.02666023,1.06038194,-0.70922857,4
TNG50-1,67,0.5,271076,-0.0700968,-0.0186916,1.06038194,-0.70922857,5
TNG50-1,67,0.5,271076,0.04659741,0.1490674,1.06038194,-0.70922857,6
TNG50-1,67,0.5,271076,-0.06773701,-0.0007223,1.06038194,-0.70922857,7
TNG50-1,67,0.5,271076,0.05939823,-0.04107649,1.06038194,-0.70922857,8
TNG50-1,67,0.5,271076,0.00348954,-0.02222778,1.06038194,-0.70922857,9
TNG50-1,67,0.5,271076,-0.00161356,-0.07523363,1.06038194,-0.70922857,10
TNG50-1,67,0.5,271076,0.01486521,-0.0081393,1.06038194,-0.70922857,11
TNG50-1,67,0.5,271076,-0.04004602,0.09255433,1.06038194,-0.70922857,12
TNG50-1,67,0.5,271076,0.0068936,0.01680198,1.06038194,-0.70922857,13
TNG50-1,67,0.5,271076,-0.05965365,0.04517005,1.06038194,-0.70922857,14
TNG50-1,67,0.5,242562,-0.04549718,0.0193621,0.68986741,0.97976898,0
TNG50-1,67,0.5,242562,-0.01016711,0.06417955,0.68986741,0.97976898,1
TNG50-1,67,0.5,242562,0.01019513,-0.03302593,0.68986741,0.97976898,2
TNG50-1,67,0.5,242562,-0.03626534,0.09074188,0.68986741,0.97976898,3
TNG50-1,67,0.5,242562,0.02000034,0.00135987,0.68986741,0.97976898,4
TNG50-1,67,0.5,242562,0.03077142,-0.00577648,0.68986741,0.97976898,5
TNG50-1,67,0.5,242562,0.0271424,-0.04249691,0.68986741,0.97976898,6
TNG50-1,67,0.5,242562,-0.00755416,0.09756776,0.68986741,0.97976898,7
TNG50-1,67,0.5,242562,0.05454557,-0.00751444,0.68986741,0.97976898,8
TNG50-1,67,0.5,242562,-0.01288087,-0.0665994,0.68986741,0.97976898,9
TNG50-1,67,0.5,242562,-0.01744104,0.12288343,0.68986741,0.97976898,10
TNG50-1,67,0.5,242562,0.07207695,0.0196835,0.68986741,0.97976898,11
TNG50-1,67,0.5,242562,-0.05534831,0.03994152,0.68986741,0.97976898,12
TNG50-1,67,0.5,242562,-0.08514845,0.08407801,0.68986741,0.97976898,13
TNG50-1,67,0.5,242562,-0.04339082,0.03072313,0.68986741,0.97976898,14
TNG50-1,67,0.5,376847,0.04874447,0.07063491,0.98345388,0.81658286,0
TNG50-1,67,0.5,376847,0.00271625,-0.04749866,0.98345388,0.81658286,1
TNG50-1,67,0.5,376847,0.03668661,0.10071209,0.98345388,0.81658286,2
TNG50-1,67,0.5,376847,-0.00170789,-0.03873197,0.98345388,0.81658286,3
TNG50-1,67,0.5,376847,-0.0010105,0.04501377,0.98345388,0.81658286,4
TNG50-1,67,0.5,376847,0.00598584,0.00033002,0.98345388,0.81658286,5
TNG50-1,67,0.5,376847,-0.01984076,-0.00254662,0.98345388,0.81658286,6
TNG50-1,67,0.5,376847,0.02521889,-0.06514564,0.98345388,0.81658286,7
TNG50-1,67,0.5,376847,0.02509226,0.045375,0.98345388,0.81658286,8
TNG50-1,67,0.5,376847,0.04094583,-0.06441791,0.98345388,0.81658286,9
TNG50-1,67,0.5,376847,0.03198033,-0.07213851,0.98345388,0.81658286,10
TNG50-1,67,0.5,376847,0.10000215,0.05798515,0.98345388,0.81658286,11
TNG50-1,67,0.5,376847,0.05263149,0.08948028,0.98345388,0.81658286,12
TNG50-1,67,0.5,376847,-0.01036259,-0.03336229,0.98345388,0.81658286,13
TNG50-1,67,0.5,376847,0.02265358,0.05015546,0.98345388,0.81658286,14
TNG50-1,67,0.5,115154,0.03982632,-0.04162909,0.88625765,0.61434482,0
TNG50-1,67,0.5,115154,-0.00457593,0.00447568,0.88625765,0.61434482,1
TNG50-1,67,0.5,115154,0.06679084,-0.04681486,0.88625765,0.61434482,2
TNG50-1,67,0.5,115154,-0.00818111,-0.0598113,0.88625765,0.61434482,3
TNG50-1,67,0.5,115154,0.02587671,-0.11313066,0.88625765,0.61434482,4
TNG50-1,67,0.5,115154,-0.06268849,0.00836287,0.88625765,0.61434482,5
TNG50-1,67,0.5,115154,-0.06055148,-0.11493816,0.88625765,0.61434482,6
TNG50-1,67,0.5,115154,0.05845225,-0.01601203,0.88625765,0.61434482,7
TNG50-1,67,0.5,115154,0.02756026,0.03471985,0.88625765,0.61434482,8
TNG50-1,67,0.5,115154,-0.00712284,-0.03610478,0.88625765,0.61434482,9
TNG50-1,67,0.5,115154,0.09539226,-0.05424143,0.88625765,0.61434482,10
TNG50-1,67,0.5,115154,0.09486578,-0.00339235,0.88625765,0.61434482,11
TNG50-1,67,0.5,115154,0.0219584,-0.04143028,0.88625765,0.61434482,12
TNG50-1,67,0.5,115154,-0.07278276,0.0092829,0.88625765,0.61434482,13
TNG50-1,67,0.5,115154,-0.00557995,-0.05164149,0.88625765,0.61434482,14
TNG50-1,67,0.5,311366,-0.0052247,0.00866176,1.13242667,-1.13409899,0
TNG50-1,67,0.5,311366,-0.01732104,-0.0181991,1.13242667,-1.13409899,1
TNG50-1,67,0.5,311366,-0.00057608,0.07489782,1.13242667,-1.13409899,2
TNG50-1,67,0.5,311366,0.08175758,0.13395814,1.13242667,-1.13409899,3
TNG50-1,67,0.5,311366,0.00999054,-0.02839711,1.13242667,-1.13409899,4
TNG50-1,67,0.5,311366,0.02522221,0.01470014,1.13242667,-1.13409899,5
TNG50-1,67,0.5,311366,-0.03123965,0.05190038,1.13242667,-1.13409899,6
TNG50-1,67,0.5,311366,0.01116282,-0.01328745,1.13242667,-1.13409899,7
TNG50-1,67,0.5,311366,-0.01374017,-0.04971956,1.13242667,-1.13409899,8
TNG50-1,67,0.5,311366,0.0014828,0.08690867,1.13242667,-1.13409899,9
TNG50-1,67,0.5,311366,0.03244728,0.03430786,1.13242667,-1.13409899,10
TNG50-1,67,0.5,311366,-0.02501169,0.01593452,1.13242667,-1.13409899,11
TNG50-1,67,0.5,311366,-0.01990227,0.07252612,1.13242667,-1.13409899,12
TNG50-1,67,0.5,311366,-0.02432073,0.03851166,1.13242667,-1.13409899,13
TNG50-1,67,0.5,311366,-0.02528598,-0.00239675,1.13242667,-1.13409899,14
TNG50-1,67,0.5,377799,-0.04883154,-0.06833516,1.2823892,0.96708875,0
TNG50-1,67,0.5,377799,-0.02466659,0.01543677,1.2823892,0.96708875,1
TNG50-1,67,0.5,377799,0.06024116,-0.02667593,1.2823892,0.96708875,2
TNG50-1,67,0.5,377799,0.03410428,-0.02680876,1.2823892,0.96708875,3
TNG50-1,67,0.5,377799,-0.00933333,-0.00444201,1.2823892,0.96708875,4
TNG50-1,67,0.5,377799,0.08832816,0.00261117,1.2823892,0.96708875,5
TNG50-1,67,0.5,377799,-0.00786106,0.0003688,1.2823892,0.96708875,6
TNG50-1,67,0.5,377799,0.0493759,0.08691477,1.2823892,0.96708875,7
TNG50-1,67,0.5,377799,0.01100195,0.03311897,1.2823892,0.96708875,8
TNG50-1,67,0.5,377799,0.09664765,0.10539078,1.2823892,0.96708875,9
TNG50-1,67,0.5,377799,0.03765227,-0.02194952,1.2823892,0.96708875,10
TNG50-1,67,0.5,377799,0.00230797,0.03918603,1.2823892,0.96708875,11
TNG50-1,67,0.5,377799,-0.00894007,-0.01917063,1.2823892,0.96708875,12
TNG50-1,67,0.5,377799,-0.00076863,-0.02805659,1.2823892,0.96708875,13
TNG50-1,67,0.5,377799,-0.03626986,0.10727713,1.2823892,0.96708875,14
TNG50-1,67,0.5,9,-0.03840741,-0.01807266,1.17427715,0.5566147,0
TNG50-1,67,0.5,9,-0.1115867,-0.02323734,1.17427715,0.5566147,1
TNG50-1,67,0.5,9,-0.03539747,0.02063955,1.17427715,0.5566147,2
TNG50-1,67,0.5,9,-0.10041618,0.05146009,1.17427715,0.5566147,3
TNG50-1,67,0.5,9,-0.04756623,0.04125345,1.17427715,0.5566147,4
TNG50-1,67,0.5,9,-0.04293329,0.01609071,1.17427715,0.5566147,5
TNG50-1,67,0.5,9,0.00176409,0.01163313,1.17427715,0.5566147,6
TNG50-1,67,0.5,9,-0.10247983,-0.00181446,1.17427715,0.5566147,7
TNG50-1,67,0.5,9,0.05979761,0.02049651,1.17427715,0.5566147,8
TNG50-1,67,0.5,9,-0.09378846,0.10174672,1.17427715,0.5566147,9
TNG50-1,67,0.5,9,-0.00638754,-0.01212867,1.17427715,0.5566147,10
TNG50-1,67,0.5,9,-0.01620774,-0.01822451,1.17427715,0.5566147,11
TNG50-1,67,0.5,9,0.04126752,-0.02205279,1.17427715,0.5566147,12
TNG50-1,67,0.5,9,0.01757716,0.01946864,1.17427715,0.5566147,13
TNG50-1,67,0.5,9,0.05934365,-0.10608726,1.17427715,0.5566147,14
TNG50-1,67,0.5,295829,-0.00675309,0.01086292,0.52286177,-0.95869568,0
TNG50-1,67,0.5,295829,0.04403234,0.01705672,0.52286177,-0.95869568,1
TNG50-1,67,0.5,295829,-0.02631154,0.00734026,0.52286177,-0.95869568,2
TNG50-1,67,0.5,295829,0.00933523,-0.12056367,0.52286177,-0.95869568,3
TNG50-1,67,0.5,295829,0.10546677,0.0041646,0.52286177,-0.95869568,4
TNG50-1,67,0.5,295829,0.01657999,-0.00753772,0.52286177,-0.95869568,5
TNG50-1,67,0.5,295829,-0.11196133,0.04320549,0.52286177,-0.95869568,6
TNG50-1,67,0.5,295829,-0.07049422,0.03614852,0.52286177,-0.95869568,7
TNG50-1,67,0.5,295829,-0.01255016,0.01204223,0.52286177,-0.95869568,8
TNG50-1,67,0.5,295829,-0.0401913,0.01565821,0.52286177,-0.95869568,9
TNG50-1,67,0.5,295829,0.00516916,0.06761915,0.52286177,-0.95869568,10
TNG50-1,67,0.5,295829,-0.0147288,0.05751481,0.52286177,-0.95869568,11
TNG50-1,67,0.5,295829,0.05830358,0.0137666,0.52286177,-0.95869568,12
TNG50-1,67,0.5,295829,-0.05456657,0.10727091,0.52286177,-0.95869568,13
TNG50-1,67,0.5,295829,-0.01037497,-0.03140982,0.52286177,-0.95869568,14
TNG50-1,67,0.5,384936,-0.05927216,0.08494966,0.85265684,0.4652508,0
TNG50-1,67,0.5,384936,-0.0005419,-0.05119389,0.85265684,0.4652508,1
TNG50-1,67,0.5,384936,-0.01869049,-0.03293837,0.85265684,0.4652508,2
TNG50-1,67,0.5,384936,-0.12326707,-0.06265555,0.85265684,0.4652508,3
TNG50-1,67,0.5,384936,-0.03261904,-0.04136332,0.85265684,0.4652508,4
TNG50-1,67,0.5,384936,0.01717926,0.00691816,0.85265684,0.4652508,5
TNG50-1,67,0.5,384936,-0.00290139,0.03532711,0.85265684,0.4652508,6
TNG50-1,67,0.5,384936,-0.03882307,-0.00093191,0.85265684,0.4652508,7
TNG50-1,67,0.5,384936,0.00211628,-0.01623449,0.85265684,0.4652508,8
TNG50-1,67,0.5,384936,0.00615362,-0.06213869,0.85265684,0.4652508,9
TNG50-1,67,0.5,384936,0.03575372,-0.03635652,0.85265684,0.4652508,10
TNG50-1,67,0.5,384936,-0.03207503,-0.07730179,0.85265684,0.4652508,11
TNG50-1,67,0.5,384936,0.04369284,0.03682798,0.85265684,0.4652508,12
TNG50-1,67,0.5,384936,-0.05453215,0.04030366,0.85265684,0.4652508,13
TNG50-1,67,0.5,384936,-0.02516885,-0.00202238,0.85265684,0.4652508,14
TNG50-1,67,0.5,354839,0.02207255,0.05152825,1.07449593,-0.05179971,0
TNG50-1,67,0.5,354839,0.04381163,-0.03572104,1.07449593,-0.05179971,1
TNG50-1,67,0.5,354839,0.00506044,-0.09987983,1.07449593,-0.05179971,2
TNG50-1,67,0.5,354839,0.06968053,-0.09131327,1.07449593,-0.05179971,3
TNG50-1,67,0.5,354839,-0.05118963,0.01306925,1.07449593,-0.05179971,4
TNG50-1,67,0.5,354839,-0.01743351,0.07700947,1.07449593,-0.05179971,5
TNG50-1,67,0.5,354839,-0.02338711,-0.06504193,1.07449593,-0.05179971,6
TNG50-1,67,0.5,354839,0.0323619,-0.01361832,1.07449593,-0.05179971,7
TNG50-1,67,0.5,354839,-0.07170707,-0.01742248,1.07449593,-0.05179971,8
TNG50-1,67,0.5,354839,0.07239873,0.0960266,1.07449593,-0.05179971,9
TNG50-1,67,0.5,354839,0.02808872,0.11293479,1.07449593,-0.05179971,10
TNG50-1,67,0.5,354839,0.08751472,0.02122263,1.07449593,-0.05179971,11
TNG50-1,67,0.5,354839,-0.00202856,0.04490002,1.07449593,-0.05179971,12
TNG50-1,67,0.5,354839,-0.02751596,0.04350995,1.07449593,-0.05179971,13
TNG50-1,67,0.5,354839,0.0328553,-0.06401608,1.07449593,-0.05179971,14
TNG50-1,67,0.5,383974,0.03492615,-0.0152092,0.62686666,-0.1905374,0
TNG50-1,67,0.5,383974,-0.05098032,0.04779251,0.62686666,-0.1905374,1
TNG50-1,67,0.5,383974,-0.00857679,-0.01732366,0.62686666,-0.1905374,2
TNG50-1,67,0.5,383974,0.05698685,0.01217756,0.62686666,-0.1905374,3
TNG50-1,67,0.5,383974,0.00404667,0.01000112,0.62686666,-0.1905374,4
TNG50-1,67,0.5,383974,0.05512482,-0.04297195,0.62686666,-0.1905374,5
TNG50-1,67,0.5,383974,0.06496317,-0.03714936,0.62686666,-0.1905374,6
TNG50-1,67,0.5,383974,-0.08784668,0.11170544,0.62686666,-0.1905374,7
TNG50-1,67,0.5,383974,-0.10888488,-0.04459429,0.62686666,-0.1905374,8
TNG50-1,67,0.5,383974,0.05810462,0.01849796,0.62686666,-0.1905374,9
TNG50-1,67,0.5,383974,0.06012037,0.02898996,0.62686666,-0.1905374,10
TNG50-1,67,0.5,383974,0.01282973,-0.00271081,0.62686666,-0.1905374,11
TNG50-1,67,0.5,383974,0.0196108,0.0335745,0.62686666,-0.1905374,12
TNG50-1,67,0.5,383974,0.04465238,0.01644916,0.62686666,-0.1905374,13
TNG50-1,67,0.5,383974,0.04372045,-0.04351258,0.62686666,-0.1905374,14
TNG50-1,67,0.5,296869,0.02684086,0.02355831,1.34674236,-1.21855102,0
TNG50-1,67,0.5,296869,-0.02723532,-0.0319248,1.34674236,-1.21855102,1
TNG50-1,67,0.5,296869,0.08703346,-0.0547309,1.34674236,-1.21855102,2
TNG50-1,67,0.5,296869,0.02145626,-0.00162072,1.34674236,-1.21855102,3
TNG50-1,67,0.5,296869,-0.03500768,-0.00199845,1.34674236,-1.21855102,4
TNG50-1,67,0.5,296869,0.01711448,-0.02085175,1.34674236,-1.21855102,5
TNG50-1,67,0.5,296869,-0.04624272,-0.04456461,1.34674236,-1.21855102,6
TNG50-1,67,0.5,296869,0.01288895,-0.01954858,1.34674236,-1.21855102,7
TNG50-1,67,0.5,296869,-0.01128489,-0.02348187,1.34674236,-1.21855102,8
TNG50-1,67,0.5,296869,-0.04134356,-0.03041821,1.34674236,-1.21855102,9
TNG50-1,67,0.5,296869,-0.04197207,0.013825,1.34674236,-1.21855102,10
TNG50-1,67,0.5,296869,0.12174671,0.1113114,1.34674236,-1.21855102,11
TNG50-1,67,0.5,296869,0.00456961,0.06658826,1.34674236,-1.21855102,12
TNG50-1,67,0.5,296869,-0.02158696,0.09709597,1.34674236,-1.21855102,13
TNG50-1,67,0.5,296869,-0.03024593,-0.02838457,1.34674236,-1.21855102,14
TNG50-1,67,0.5,372664,0.08373441,-0.01017266,1.18570458,0.05750458,0
TNG50-1,67,0.5,372664,0.01136379,-0.03396282,1.18570458,0.05750458,1
TNG50-1,67,0.5,372664,0.04931817,0.04574312,1.18570458,0.05750458,2
TNG50-1,67,0.5,372664,0.0228852,0.01727343,1.18570458,0.05750458,3
TNG50-1,67,0.5,372664,-0.01716336,0.01222739,1.18570458,0.05750458,4
TNG50-1,67,0.5,372664,0.03597488,0.10253923,1.18570458,0.05750458,5
TNG50-1,67,0.5,372664,0.02424653,0.02368996,1.18570458,0.05750458,6
TNG50-1,67,0.5,372664,-0.08840932,0.06002483,1.18570458,0.05750458,7
TNG50-1,67,0.5,372664,-0.00620621,0.01364664,1.18570458,0.05750458,8
TNG50-1,67,0.5,372664,0.04362021,-0.01765818,1.18570458,0.05750458,9
TNG50-1,67,0.5,372664,0.01387108,-0.05295687,1.18570458,0.05750458,10
TNG50-1,67,0.5,372664,0.02347355,0.01206951,1.18570458,0.05750458,11
TNG50-1,67,0.5,372664,-0.03757119,-0.13317448,1.18570458,0.05750458,12
TNG50-1,67,0.5,372664,0.01281053,0.01362335,1.18570458,0.05750458,13
TNG50-1,67,0.5,372664,-0.00481713,0.01576992,1.18570458,0.05750458,14
TNG50-1,67,0.5,77283,-0.01087838,0.00137659,1.20641257,-1.25685129,0
TNG50-1,67,0.5,77283,-0.00461832,0.02007761,1.20641257,-1.25685129,1
TNG50-1,67,0.5,77283,-0.06255848,0.00755639,1.20641257,-1.25685129,2
TNG50-1,67,0.5,77283,0.06928018,0.02948902,1.20641257,-1.25685129,3
TNG50-1,67,0.5,77283,-0.01686255,-0.02220721,1.20641257,-1.25685129,4
TNG50-1,67,0.5,77283,-0.04860464,-0.05696714,1.20641257,-1.25685129,5
TNG50-1,67,0.5,77283,0.02723305,0.04534241,1.20641257,-1.25685129,6
TNG50-1,67,0.5,77283,0.00553781,0.07524642,1.20641257,-1.25685129,7
TNG50-1,67,0.5,77283,-0.01791674,-0.05459405,1.20641257,-1.25685129,8
TNG50-1,67,0.5,77283,-0.02320167,0.00896458,1.20641257,-1.25685129,9
TNG50-1,67,0.5,77283,-0.00028193,-0.02244351,1.20641257,-1.25685129,10
TNG50-1,67,0.5,77283,0.0672908,0.04416893,1.20641257,-1.25685129,11
TNG50-1,67,0.5,77283,0.02347732,0.01233229,1.20641257,-1.25685129,12
TNG50-1,67,0.5,77283,-0.00172041,0.16637361,1.20641257,-1.25685129,13
TNG50-1,67,0.5,77283,0.04262169,-0.01507167,1.20641257,-1.25685129,14
TNG50-1,67,0.5,383421,0.07686462,-0.07918289,0.25282189,-1.05477909,0
TNG50-1,67,0.5,383421,0.08173153,0.00119773,0.25282189,-1.05477909,1
TNG50-1,67,0.5,383421,0.02667987,-0.00631292,0.25282189,-1.05477909,2
TNG50-1,67,0.5,383421,0.00185417,0.00438744,0.25282189,-1.05477909,3
TNG50-1,67,0.5,383421,0.00474188,0.00412726,0.25282189,-1.05477909,4
TNG50-1,67,0.5,383421,0.00051024,-0.00385208,0.25282189,-1.05477909,5
TNG50-1,67,0.5,383421,0.05666499,-0.01938865,0.25282189,-1.05477909,6
TNG50-1,67,0.5,383421,-0.04363181,-0.0054353,0.25282189,-1.05477909,7
TNG50-1,67,0.5,383421,-0.0080492,0.06816106,0.25282189,-1.05477909,8
TNG50-1,67,0.5,383421,-0.0141093,-0.02893595,0.25282189,-1.05477909,9
TNG50-1,67,0.5,383421,-0.08630972,0.112767,0.25282189,-1.05477909,10
TNG50-1,67,0.5,383421,0.04294575,-0.03175822,0.25282189,-1.05477909,11
TNG50-1,67,0.5,383421,0.05314597,0.01200296,0.25282189,-1.05477909,12
TNG50-1,67,0.5,383421,-0.03171092,0.02856033,0.25282189,-1.05477909,13
TNG50-1,67,0.5,383421,0.05150662,-0.0145878,0.25282189,-1.05477909,14
TNG50-1,67,0.5,393423,0.06911816,0.07567307,0.73478158,-1.1543898,0
TNG50-1,67,0.5,393423,0.02726059,-0.03593808,0.73478158,-1.1543898,1
TNG50-1,67,0.5,393423,-0.01024512,0.01363655,0.73478158,-1.1543898,2
TNG50-1,67,0.5,393423,0.06856324,0.06754532,0.73478158,-1.1543898,3
TNG50-1,67,0.5,393423,-0.05077459,0.02710536,0.73478158,-1.1543898,4
TNG50-1,67,0.5,393423,-0.02827418,-0.03788212,0.73478158,-1.1543898,5
TNG50-1,67,0.5,393423,0.02812852,-0.0507847,0.73478158,-1.1543898,6
TNG50-1,67,0.5,393423,0.04007332,0.09349442,0.73478158,-1.1543898,7
TNG50-1,67,0.5,393423,0.01613109,-0.05205823,0.73478158,-1.1543898,8
TNG50-1,67,0.5,393423,-0.00635962,-0.02766346,0.73478158,-1.1543898,9
TNG50-1,67,0.5,393423,-0.0125722,0.01862518,0.73478158,-1.1543898,10
TNG50-1,67,0.5,393423,0.05657005,-0.01094392,0.73478158,-1.1543898,11
TNG50-1,67,0.5,393423,0.01201973,0.02869026,0.73478158,-1.1543898,12
TNG50-1,67,0.5,393423,-0.04361194,-0.07338861,0.73478158,-1.1543898,13
TNG50-1,67,0.5,393423,-0.04649512,-0.01051997,0.73478158,-1.1543898,14
TNG50-1,67,0.5,173134,0.03388444,0.02687729,0.83600117,1.42662323,0
TNG50-1,67,0.5,173134,0.03405365,0.04829986,0.83600117,1.42662323,1
TNG50-1,67,0.5,173134,-0.02862266,0.01259238,0.83600117,1.42662323,2
TNG50-1,67,0.5,173134,-0.0510855,0.05626172,0.83600117,1.42662323,3
TNG50-1,67,0.5,173134,0.01068566,0.06930552,0.83600117,1.42662323,4
TNG50-1,67,0.5,173134,-0.06562313,0.01291076,0.83600117,1.42662323,5
TNG50-1,67,0.5,173134,0.06421353,0.01592633,0.83600117,1.42662323,6
TNG50-1,67,0.5,173134,0.00787044,-0.02787369,0.83600117,1.42662323,7
TNG50-1,67,0.5,173134,-0.03484058,-0.04938124,0.83600117,1.42662323,8
TNG50-1,67,0.5,173134,-0.05272507,0.06410373,0.83600117,1.42662323,9
TNG50-1,67,0.5,173134,-0.03165283,0.03028719,0.83600117,1.42662323,10
TNG50-1,67,0.5,173134,-0.07809655,0.03434145,0.83600117,1.42662323,11
TNG50-1,67,0.5,173134,0.02473895,-0.02953548,0.83600117,1.42662323,12
TNG50-1,67,0.5,173134,-0.04014233,0.08119608,0.83600117,1.42662323,13
TNG50-1,67,0.5,173134,0.01998359,-0.0114307,0.83600117,1.42662323,14
TNG50-1,67,0.5,77280,-0.04009204,-0.00597753,1.3959006,-0.67586751,0
TNG50-1,67,0.5,77280,-0.02868371,0.1393835,1.3959006,-0.67586751,1
TNG50-1,67,0.5,77280,0.07855958,0.04429513,1.3959006,-0.67586751,2
TNG50-1,67,0.5,77280,-0.05555238,0.01863999,1.3959006,-0.67586751,3
TNG50-1,67,0.5,77280,-0.03755613,-0.06124618,1.3959006,-0.67586751,4
TNG50-1,67,0.5,77280,0.14492547,-0.10599926,1.3959006,-0.67586751,5
TNG50-1,67,0.5,77280,0.04705189,0.00194248,1.3959006,-0.67586751,6
TNG50-1,67,0.5,77280,-0.03665279,-0.00496847,1.3959006,-0.67586751,7
TNG50-1,67,0.5,77280,-0.05407237,-0.01339038,1.3959006,-0.67586751,8
TNG50-1,67,0.5,77280,-0.08363486,-0.01902168,1.3959006,-0.67586751,9
TNG50-1,67,0.5,77280,0.00485571,-0.0374177,1.3959006,-0.67586751,10
TNG50-1,67,0.5,77280,0.03640102,-0.04888211,1.3959006,-0.67586751,11
TNG50-1,67,0.5,77280,0.07593991,0.06947539,1.3959006,-0.67586751,12
TNG50-1,67,0.5,77280,-0.09469918,-0.04432641,1.3959006,-0.67586751,13
TNG50-1,67,0.5,77280,-0.06626908,-0.0138074,1.3959006,-0.67586751,14
TNG50-1,67,0.5,393003,-0.00195391,-0.01682634,1.24583032,-0.45488903,0
TNG50-1,67,0.5,393003,0.03531402,0.00755409,1.24583032,-0.45488903,1
TNG50-1,67,0.5,393003,-0.04259152,0.0482059,1.24583032,-0.45488903,2
TNG50-1,67,0.5,393003,0.0489034,-0.01376527,1.24583032,-0.45488903,3
TNG50-1,67,0.5,393003,-0.02898332,-0.10542652,1.24583032,-0.45488903,4
TNG50-1,67,0.5,393003,-0.00809486,0.02567851,1.24583032,-0.45488903,5
TNG50-1,67,0.5,393003,0.08215493,-0.05391672,1.24583032,-0.45488903,6
TNG50-1,67,0.5,393003,-0.04846139,0.03709382,1.24583032,-0.45488903,7
TNG50-1,67,0.5,393003,0.03604524,-6.624e-05,1.24583032,-0.45488903,8
TNG50-1,67,0.5,393003,0.05023054,0.04715546,1.24583032,-0.45488903,9
TNG50-1,67,0.5,393003,0.01549489,-0.04741719,1.24583032,-0.45488903,10
TNG50-1,67,0.5,393003,-0.00587654,-0.02676106,1.24583032,-0.45488903,11
TNG50-1,67,0.5,393003,0.1062852,-0.0170018,1.24583032,-0.45488903,12
TNG50-1,67,0.5,393003,-0.00069227,-0.07411411,1.24583032,-0.45488903,13
TNG50-1,67,0.5,393003,0.01020388,0.05557101,1.24583032,-0.45488903,14
TNG50-1,67,0.5,105139,-0.08127115,-0.04267191,0.81644133,-0.55895026,0
TNG50-1,67,0.5,105139,0.05486568,-0.00265127,0.81644133,-0.55895026,1
TNG50-1,67,0.5,105139,0.02121992,-0.01979758,0.81644133,-0.55895026,2
TNG50-1,67,0.5,105139,-0.00994337,-0.04943039,0.81644133,-0.55895026,3
TNG50-1,67,0.5,105139,0.01725581,-0.08195245,0.81644133,-0.55895026,4
TNG50-1,67,0.5,105139,0.01588666,-0.09840787,0.81644133,-0.55895026,5
TNG50-1,67,0.5,105139,-0.0200214,0.03693962,0.81644133,-0.55895026,6
TNG50-1,67,0.5,105139,0.01490749,-0.02112498,0.81644133,-0.55895026,7
TNG50-1,67,0.5,105139,0.03655917,0.04847747,0.81644133,-0.55895026,8
TNG50-1,67,0.5,105139,-0.04723413,-0.02163251,0.81644133,-0.55895026,9
TNG50-1,67,0.5,105139,0.01730975,0.0177485,0.81644133,-0.55895026,10
TNG50-1,67,0.5,105139,-0.13131625,-0.00627022,0.81644133,-0.55895026,11
TNG50-1,67,0.5,105139,-0.09647999,0.00222234,0.81644133,-0.55895026,12
TNG50-1,67,0.5,105139,0.02822633,0.00465184,0.81644133,-0.55895026,13
TNG50-1,67,0.5,105139,-0.02089146,-0.02228534,0.81644133,-0.55895026,14
