sim,snap,redshift,subhalo_id,g1,g2,inclination,theta_int,draw_idx
TNG50-1,67,0.5,66,-0.05036808,-0.0724405,1.15586528,-1.90341051,0
TNG50-1,67,0.5,66,0.00959696,0.00333479,0.40389616,2.59208035,1
TNG50-1,67,0.5,66,-0.03601636,-0.06525697,1.05367492,-2.47129072,2
TNG50-1,67,0.5,66,-0.00032587,0.00438042,1.18013057,2.87073573,3
TNG50-1,67,0.5,66,-0.08845069,-0.0129427,1.06848688,-1.51208092,4
TNG50-1,67,0.5,66,0.02515693,-0.00124558,0.84274887,-1.47159015,5
TNG50-1,67,0.5,66,0.01203567,0.04242065,0.71338259,-0.49294384,6
TNG50-1,67,0.5,66,-0.01156846,0.04092549,0.78680854,-1.99967218,7
TNG50-1,67,0.5,66,0.00807585,0.05433545,0.41215306,2.05911702,8
TNG50-1,67,0.5,66,0.04670841,-0.01981889,0.33454156,-2.35784395,9
TNG50-1,67,0.5,173134,0.04914659,0.00123886,0.93196546,2.67686732,0
TNG50-1,67,0.5,173134,-0.02190013,0.011916,0.74599083,-1.60801987,1
TNG50-1,67,0.5,173134,0.00306432,0.04478223,1.09228887,-2.50839617,2
TNG50-1,67,0.5,173134,0.0958188,-0.11619198,1.08021639,0.45148599,3
TNG50-1,67,0.5,173134,-0.09308878,-0.00629347,1.01974598,-2.73839958,4
TNG50-1,67,0.5,173134,0.01079792,-0.0087346,0.81589323,-1.69824667,5
TNG50-1,67,0.5,173134,-0.0330283,-0.00321392,0.95168739,0.04753876,6
TNG50-1,67,0.5,173134,8.47e-06,0.00161378,0.60674029,0.71509832,7
TNG50-1,67,0.5,173134,-0.060294,-0.0415059,1.35476134,-1.92073943,8
TNG50-1,67,0.5,173134,-0.01854393,-0.07734983,0.45218101,2.7189728,9
TNG50-1,67,0.5,289152,0.03803483,-0.02013048,0.97415673,-0.05294665,0
TNG50-1,67,0.5,289152,-0.01273393,0.03334864,1.19963103,0.18690086,1
TNG50-1,67,0.5,289152,-0.01658408,-0.05688311,1.09073688,-2.49679748,2
TNG50-1,67,0.5,289152,0.01984675,0.01825887,0.81190664,-0.41699687,3
TNG50-1,67,0.5,289152,0.00138607,-0.0163246,0.98516131,-0.32750914,4
TNG50-1,67,0.5,289152,-0.02202941,-0.06083786,1.33430295,3.1272314,5
TNG50-1,67,0.5,289152,-0.05007565,0.08886711,0.60233651,-2.83589575,6
TNG50-1,67,0.5,289152,0.04734766,-0.01707172,0.51536928,-1.18036594,7
TNG50-1,67,0.5,289152,0.05239066,0.02621537,0.97946864,-0.02516247,8
TNG50-1,67,0.5,289152,-0.05288434,-0.05605858,0.93473677,2.18174402,9
TNG50-1,67,0.5,42,-0.02878786,0.05204661,0.91677186,-0.83112062,0
TNG50-1,67,0.5,42,-0.02287192,0.03327699,0.83478315,1.38822884,1
TNG50-1,67,0.5,42,-0.01948266,-0.03529224,0.80078339,3.1275995,2
TNG50-1,67,0.5,42,-0.06488341,-0.02570239,1.25613781,0.17171789,3
TNG50-1,67,0.5,42,0.02669346,0.05002521,0.79862005,-0.62179097,4
TNG50-1,67,0.5,42,-0.03443739,0.03893381,1.26220178,-1.2962267,5
TNG50-1,67,0.5,42,-0.0057087,-0.07512826,0.67359097,0.78211978,6
TNG50-1,67,0.5,42,0.05031767,-0.05027963,1.16696688,-0.30672491,7
TNG50-1,67,0.5,42,0.02858985,0.03476896,1.03344046,1.71427832,8
TNG50-1,67,0.5,42,-0.03106529,-0.05871873,1.08438375,0.67034763,9
TNG50-1,67,0.5,54,0.00603132,-0.05914087,0.54513142,-1.42294276,0
TNG50-1,67,0.5,54,0.01770351,-0.08390728,1.08596064,-0.72195946,1
TNG50-1,67,0.5,54,-0.00934298,0.03028875,0.62660758,-0.2685504,2
TNG50-1,67,0.5,54,0.01932207,0.06705005,1.3482158,-1.75192475,3
TNG50-1,67,0.5,54,-0.03649614,0.01101146,0.97758546,0.74908409,4
TNG50-1,67,0.5,54,0.09900428,0.04026349,1.07618727,-0.78023614,5
TNG50-1,67,0.5,54,-0.11956138,-0.02290723,0.99151179,-2.76375154,6
TNG50-1,67,0.5,54,0.02854433,0.01657869,1.32423235,-1.61040106,7
TNG50-1,67,0.5,54,0.01597742,0.061283,1.28446721,0.37791659,8
TNG50-1,67,0.5,54,0.01856409,-0.01567737,1.150846,0.67152899,9
TNG50-1,67,0.5,273179,-0.01464772,0.03333654,0.96871127,3.06590072,0
TNG50-1,67,0.5,273179,0.1258236,-0.05743674,0.92478001,0.62701258,1
TNG50-1,67,0.5,273179,-0.01609366,-0.03407808,1.22219762,-2.13168341,2
TNG50-1,67,0.5,273179,0.0525894,0.02551952,1.03721226,2.91583816,3
TNG50-1,67,0.5,273179,-0.0512422,0.06992179,0.2558686,0.25999035,4
TNG50-1,67,0.5,273179,-0.04145035,0.06746328,0.62564194,-2.90069171,5
TNG50-1,67,0.5,273179,-0.00398961,0.01657833,0.74523336,-2.62953174,6
TNG50-1,67,0.5,273179,0.1054847,0.01728087,1.16417228,0.48542592,7
TNG50-1,67,0.5,273179,0.05501164,0.0673106,0.66304601,2.10671331,8
TNG50-1,67,0.5,273179,-0.10265936,-0.0787772,0.30790058,2.77416095,9
TNG50-1,67,0.5,160813,-0.04913111,-0.0325983,1.04935209,-3.04490174,0
TNG50-1,67,0.5,160813,0.03423286,0.01799343,0.35556037,2.26552602,1
TNG50-1,67,0.5,160813,-0.04058883,-0.05490822,1.08510311,0.16778488,2
TNG50-1,67,0.5,160813,-0.00521348,-0.0055344,1.11992835,2.20748326,3
TNG50-1,67,0.5,160813,-0.04743456,0.00213704,0.65319604,0.74042391,4
TNG50-1,67,0.5,160813,-0.01753562,-0.04612684,1.09527812,-1.88076859,5
TNG50-1,67,0.5,160813,-0.01714793,0.02795529,1.01047263,-0.8597851,6
TNG50-1,67,0.5,160813,0.02061375,-0.00778773,0.7147914,-0.51988221,7
TNG50-1,67,0.5,160813,0.04451792,0.00771846,1.02580899,1.5062428,8
TNG50-1,67,0.5,160813,0.06080888,0.06122543,1.12513753,0.3026811,9
TNG50-1,67,0.5,251705,0.01527778,-0.00100877,1.14720642,2.80061346,0
TNG50-1,67,0.5,251705,0.00093695,-0.015692,0.33881999,-1.07108199,1
TNG50-1,67,0.5,251705,-0.00859938,0.02959866,0.97297382,3.10322682,2
TNG50-1,67,0.5,251705,-0.00772159,-0.00413482,0.34579328,1.30479423,3
TNG50-1,67,0.5,251705,-0.03922177,-0.01128137,1.07248688,-2.31654629,4
TNG50-1,67,0.5,251705,0.01869072,0.07272896,0.93067307,-0.5469946,5
TNG50-1,67,0.5,251705,0.06971804,0.00491892,1.00290941,-1.57916679,6
TNG50-1,67,0.5,251705,0.08661693,0.00620918,0.99993609,-1.66215794,7
TNG50-1,67,0.5,251705,0.08519917,0.02066191,0.41922209,2.69896008,8
TNG50-1,67,0.5,251705,-0.04779833,0.03380969,0.74851998,2.8899479,9
TNG50-1,67,0.5,166603,-0.00805317,0.03580551,0.58156866,-3.08023941,0
TNG50-1,67,0.5,166603,-0.01198193,-0.03925774,1.21238441,1.52933144,1
TNG50-1,67,0.5,166603,-0.0186445,0.01112304,1.07869958,0.89739962,2
TNG50-1,67,0.5,166603,-0.08557326,-0.01480364,0.76959013,-0.55404905,3
TNG50-1,67,0.5,166603,-0.09086441,-0.01414314,0.90174566,-1.70873856,4
TNG50-1,67,0.5,166603,0.04018159,0.05701023,1.30035199,-2.10048233,5
TNG50-1,67,0.5,166603,0.05323504,0.07873307,1.21057794,-2.61671507,6
TNG50-1,67,0.5,166603,0.02984148,-0.11731712,0.47871912,0.87506158,7
TNG50-1,67,0.5,166603,0.01896268,-0.01275371,0.2415142,-1.02243401,8
TNG50-1,67,0.5,166603,0.03913598,-0.01537184,0.74931811,0.11318064,9
TNG50-1,67,0.5,280993,0.03174126,-0.04665133,0.98920372,2.0162471,0
TNG50-1,67,0.5,280993,0.06943144,-0.02330384,0.64234231,-1.9512897,1
TNG50-1,67,0.5,280993,0.11661404,0.02161767,1.30843614,-1.4272755,2
TNG50-1,67,0.5,280993,0.01038499,-0.00624526,1.33814867,2.14125892,3
TNG50-1,67,0.5,280993,-0.01582851,-0.09601607,1.31622103,-1.52471289,4
TNG50-1,67,0.5,280993,-0.01873326,-0.00075964,0.21833604,2.16503793,5
TNG50-1,67,0.5,280993,-0.04824332,-0.04008869,0.40002998,1.79660498,6
TNG50-1,67,0.5,280993,0.02240773,0.05907148,0.74145733,2.11925709,7
TNG50-1,67,0.5,280993,-0.02474371,0.04855556,1.00921685,1.09510392,8
TNG50-1,67,0.5,280993,0.02590261,-0.11414652,1.32958065,-0.92912087,9
TNG50-1,67,0.5,304703,0.00940306,-0.06107914,0.52815355,0.25187304,0
TNG50-1,67,0.5,304703,-0.03123143,0.00121158,1.28427714,-1.53350346,1
TNG50-1,67,0.5,304703,0.10368627,0.02934647,1.15608996,-2.32171486,2
TNG50-1,67,0.5,304703,0.03041741,0.00081215,1.16375151,2.56125477,3
TNG50-1,67,0.5,304703,0.04708634,-0.00911557,0.38617227,0.88496996,4
TNG50-1,67,0.5,304703,0.04882865,0.0013679,0.4883211,-2.22995032,5
TNG50-1,67,0.5,304703,-0.02100268,-0.01434896,0.84805679,3.07777736,6
TNG50-1,67,0.5,304703,0.03166926,0.07746596,1.12752296,-0.55746106,7
TNG50-1,67,0.5,304703,0.01580135,0.01351204,0.98941631,1.46379442,8
TNG50-1,67,0.5,304703,-0.02785127,-0.02432313,0.88582264,-2.03126131,9
TNG50-1,67,0.5,282212,-0.03547605,-0.04877954,0.65087863,0.34815793,0
TNG50-1,67,0.5,282212,0.01904475,0.02657377,1.11339749,-2.34331275,1
TNG50-1,67,0.5,282212,-0.05117955,0.02899183,1.24575509,2.91538495,2
TNG50-1,67,0.5,282212,0.05750639,0.01058989,0.92763682,0.86718273,3
TNG50-1,67,0.5,282212,-0.07421742,0.00154367,0.7488843,-1.73484122,4
TNG50-1,67,0.5,282212,-0.04218293,0.00685996,0.67319065,-2.82179311,5
TNG50-1,67,0.5,282212,-0.08145664,-0.04553463,1.35963714,1.72802314,6
TNG50-1,67,0.5,282212,0.02098219,-0.05376348,0.67661555,2.14454943,7
TNG50-1,67,0.5,282212,-0.02119367,0.02719363,1.30668817,-2.57214716,8
TNG50-1,67,0.5,282212,0.03429637,-0.01843455,0.93355254,-1.52410789,9
TNG50-1,67,0.5,356635,-0.00746244,-0.01243784,1.06269912,2.44363848,0
TNG50-1,67,0.5,356635,-0.02676982,0.01853808,1.16621589,-1.85658341,1
TNG50-1,67,0.5,356635,0.05308404,-0.0091887,0.79513247,-2.80740077,2
TNG50-1,67,0.5,356635,-0.01708632,0.104657,1.10591297,-0.39413698,3
TNG50-1,67,0.5,356635,-0.00255502,-0.01753184,0.94940859,1.16011631,4
TNG50-1,67,0.5,356635,0.01434538,-0.01300993,0.82651442,-2.20310878,5
TNG50-1,67,0.5,356635,0.01413926,0.00573705,0.51282929,-1.26062236,6
TNG50-1,67,0.5,356635,0.05068498,-0.01333867,0.41279944,-2.63856121,7
TNG50-1,67,0.5,356635,-0.00349096,0.01572441,0.74994135,0.74271274,8
TNG50-1,67,0.5,356635,0.06881923,0.06145441,1.26960338,1.30839676,9
TNG50-1,67,0.5,277958,0.01363734,-0.04812058,0.5099212,-1.85922932,0
TNG50-1,67,0.5,277958,-0.0364903,-0.03057794,0.53138004,-1.30952481,1
TNG50-1,67,0.5,277958,0.05240017,0.01760688,0.35324994,0.32243369,2
TNG50-1,67,0.5,277958,-0.01897432,-0.09987116,1.08953028,0.10500266,3
TNG50-1,67,0.5,277958,-0.03759874,0.06788121,1.22186574,0.26933767,4
TNG50-1,67,0.5,277958,0.02975784,-0.04997486,0.36355146,-2.66117088,5
TNG50-1,67,0.5,277958,-0.06359786,-0.0218705,0.87139068,-3.08018586,6
TNG50-1,67,0.5,277958,-0.02066393,0.01304222,0.99081753,-0.23152301,7
TNG50-1,67,0.5,277958,0.03451226,0.00256183,1.04339525,-1.92590605,8
TNG50-1,67,0.5,277958,0.07534213,-0.0481808,1.32984688,2.46099887,9
TNG50-1,67,0.5,184179,0.03873158,0.05477237,0.93409393,-1.09278591,0
TNG50-1,67,0.5,184179,0.05743304,-0.03688815,0.50953911,-2.95155404,1
TNG50-1,67,0.5,184179,-0.01469002,-0.02295086,0.68844908,-0.39661079,2
TNG50-1,67,0.5,184179,0.00191239,-0.0332205,0.98143876,1.78639658,3
TNG50-1,67,0.5,184179,0.0421902,0.06149409,1.22015819,-1.00689394,4
TNG50-1,67,0.5,184179,-0.1225328,-0.10427884,1.38553404,2.52792445,5
TNG50-1,67,0.5,184179,-0.00508837,0.089344,1.2277458,2.21666633,6
TNG50-1,67,0.5,184179,-0.01124337,0.07366853,1.1616527,2.44653638,7
TNG50-1,67,0.5,184179,0.01870262,-0.02824327,1.30191764,1.05425506,8
TNG50-1,67,0.5,184179,-0.04005549,0.05134619,0.77845762,1.92639518,9
TNG50-1,67,0.5,389526,-0.00653409,-0.01463829,1.1168041,-1.88679834,0
TNG50-1,67,0.5,389526,0.02625243,0.0789282,0.73284876,-1.77656335,1
TNG50-1,67,0.5,389526,0.04424012,-0.04600074,0.85862799,0.45367007,2
TNG50-1,67,0.5,389526,-0.05989048,0.11970264,0.35688854,1.76423802,3
TNG50-1,67,0.5,389526,-0.03973879,0.02273484,1.27881006,1.53911218,4
TNG50-1,67,0.5,389526,0.03764797,0.027101,0.37543612,2.06809648,5
TNG50-1,67,0.5,389526,0.02945036,0.04949628,1.2150278,1.45352674,6
TNG50-1,67,0.5,389526,0.06721994,-0.06776816,1.10603487,2.99397292,7
TNG50-1,67,0.5,389526,0.06514626,-0.05373776,1.37149986,-3.02552097,8
TNG50-1,67,0.5,389526,0.12074366,0.00578368,1.14814073,3.0655415,9
TNG50-1,67,0.5,359432,0.032381,0.06652347,0.89572848,2.25964053,0
TNG50-1,67,0.5,359432,0.04835857,-0.04157111,0.48717709,-1.2939668,1
TNG50-1,67,0.5,359432,-0.03482671,0.01152032,1.15068808,0.40442734,2
TNG50-1,67,0.5,359432,-0.00363415,0.00135926,1.24646244,2.90745297,3
TNG50-1,67,0.5,359432,0.02417997,-0.075346,1.39870486,0.83803885,4
TNG50-1,67,0.5,359432,0.08936302,0.06162917,0.26550318,1.69057749,5
TNG50-1,67,0.5,359432,-0.01279248,0.04145086,0.94141076,2.55513182,6
TNG50-1,67,0.5,359432,0.04456279,0.00169397,0.60983345,0.71410289,7
TNG50-1,67,0.5,359432,0.01581488,-0.01306895,0.52542065,1.20930304,8
TNG50-1,67,0.5,359432,0.00997138,1.11e-05,0.21865616,0.55463978,9
TNG50-1,67,0.5,139869,0.01329993,-0.04225745,1.01934426,1.14798203,0
TNG50-1,67,0.5,139869,0.10839025,-0.03751258,1.36432286,0.62118021,1
TNG50-1,67,0.5,139869,-0.00381756,0.00692736,1.26669708,1.23219429,2
TNG50-1,67,0.5,139869,0.10234652,-0.00751003,1.31650497,-1.71786135,3
TNG50-1,67,0.5,139869,-0.02316499,-0.097029,1.21998821,-1.50908462,4
TNG50-1,67,0.5,139869,-0.06487202,0.08468796,0.81673516,-1.26847893,5
TNG50-1,67,0.5,139869,0.1013904,-0.02098557,0.88637204,1.51464178,6
TNG50-1,67,0.5,139869,0.03301886,0.06192047,1.02313928,-0.42553071,7
TNG50-1,67,0.5,139869,0.02595613,-0.0352824,0.54923468,2.88714763,8
TNG50-1,67,0.5,139869,-0.01802423,0.00774213,0.67607436,-2.88899688,9
TNG50-1,67,0.5,340830,0.00275856,-0.0188383,1.20208021,2.69116652,0
TNG50-1,67,0.5,340830,0.02354554,0.05818587,0.80975725,-0.16309918,1
TNG50-1,67,0.5,340830,-0.05114684,0.03036488,1.35871084,1.20708502,2
TNG50-1,67,0.5,340830,-0.08887658,0.03158485,1.32005382,-0.52535673,3
TNG50-1,67,0.5,340830,0.04536922,0.02966531,0.78872687,3.12428255,4
TNG50-1,67,0.5,340830,0.14316913,0.02807176,0.34499886,-0.12609482,5
TNG50-1,67,0.5,340830,0.02294331,0.01416951,1.37194652,2.75998896,6
TNG50-1,67,0.5,340830,0.03253735,0.04846315,1.38112782,0.94003019,7
TNG50-1,67,0.5,340830,-0.04420361,-0.03630244,1.3381641,2.813222,8
TNG50-1,67,0.5,340830,0.07348374,-0.01194102,1.39863156,-0.03052523,9
TNG50-1,67,0.5,330081,0.00240399,0.05244167,0.46053427,-1.11581007,0
TNG50-1,67,0.5,330081,0.0526604,0.03107632,0.6261626,-1.35264452,1
TNG50-1,67,0.5,330081,-0.00767275,0.01964641,0.46587079,-1.59136147,2
TNG50-1,67,0.5,330081,0.05709803,0.04397318,1.09669807,1.19465911,3
TNG50-1,67,0.5,330081,-0.08117977,-0.06765259,1.2616666,-1.21970183,4
TNG50-1,67,0.5,330081,0.0012239,-0.0376205,0.87118274,1.22143749,5
TNG50-1,67,0.5,330081,0.02697943,-0.06926295,1.24098884,1.52608985,6
TNG50-1,67,0.5,330081,-0.01341754,0.02743009,1.17499763,1.34604599,7
TNG50-1,67,0.5,330081,0.0179755,0.0206907,1.05357512,2.60398656,8
TNG50-1,67,0.5,330081,0.0171272,0.06926475,0.99461804,2.85561764,9
TNG50-1,67,0.5,312340,-0.01254373,-0.00750261,0.77573224,1.05416893,0
TNG50-1,67,0.5,312340,-0.04050327,0.0732269,1.12669458,0.2966071,1
TNG50-1,67,0.5,312340,-0.03169237,0.07525767,1.20403496,2.45907642,2
TNG50-1,67,0.5,312340,0.02250305,0.01883998,0.86031844,-1.7432622,3
TNG50-1,67,0.5,312340,0.10369469,0.06071296,0.56482549,-0.63251703,4
TNG50-1,67,0.5,312340,-0.01773549,-0.007318,0.30674936,0.25861413,5
TNG50-1,67,0.5,312340,0.05115521,0.0559678,1.34363966,1.9904927,6
TNG50-1,67,0.5,312340,0.0176446,0.00501687,1.1144185,2.03097463,7
TNG50-1,67,0.5,312340,-0.08361176,0.05488373,1.0623313,2.25800231,8
TNG50-1,67,0.5,312340,-0.0012218,0.05997052,1.08273507,0.12022704,9
TNG50-1,67,0.5,338450,-0.09763474,-0.04309066,1.25990823,-2.17264464,0
TNG50-1,67,0.5,338450,0.09152029,0.02638675,0.71212915,-1.89521698,1
TNG50-1,67,0.5,338450,-0.01808074,-0.12082558,0.60405082,-1.01119807,2
TNG50-1,67,0.5,338450,-0.02215958,0.06327524,1.24814181,1.00983681,3
TNG50-1,67,0.5,338450,0.06115319,-0.02782082,0.79257165,-2.40737663,4
TNG50-1,67,0.5,338450,-0.00703597,-0.00428287,1.20333338,-1.35648307,5
TNG50-1,67,0.5,338450,0.03255216,-0.00489768,0.48878905,2.25167137,6
TNG50-1,67,0.5,338450,-0.02862923,-0.04874284,1.17252517,-1.42144899,7
TNG50-1,67,0.5,338450,0.00227167,-0.05258152,1.29210793,-2.08320999,8
TNG50-1,67,0.5,338450,0.04842391,0.02606723,1.01723614,0.21121832,9
TNG50-1,67,0.5,258162,0.01538636,0.0391992,0.87995004,2.12556385,0
TNG50-1,67,0.5,258162,-0.03182436,-0.02922161,0.80172155,-1.85079415,1
TNG50-1,67,0.5,258162,0.09281555,0.04201005,0.58271238,0.15923832,2
TNG50-1,67,0.5,258162,0.00425667,0.02457337,0.68113339,-2.33957978,3
TNG50-1,67,0.5,258162,-0.0227865,0.03227538,0.86403123,1.0013806,4
TNG50-1,67,0.5,258162,-0.06105609,0.04483745,0.85731373,1.65730234,5
TNG50-1,67,0.5,258162,-0.04473827,0.09966617,0.48840328,0.77617741,6
TNG50-1,67,0.5,258162,-0.06230119,-0.04244987,1.39184623,0.3441381,7
TNG50-1,67,0.5,258162,-0.0095284,0.04229996,0.72034085,-0.98407902,8
TNG50-1,67,0.5,258162,-0.04424818,0.01990595,0.89154746,0.87829056,9
TNG50-1,67,0.5,340055,0.02678626,0.06433032,1.23145744,-0.83532477,0
TNG50-1,67,0.5,340055,-0.01103698,0.01149534,1.30307485,1.1407304,1
TNG50-1,67,0.5,340055,0.00498108,-0.01551292,1.05904582,-0.8313935,2
TNG50-1,67,0.5,340055,0.09607785,0.05940296,1.33342182,1.74849471,3
TNG50-1,67,0.5,340055,-0.00350273,-0.10123192,0.89621967,0.6386606,4
TNG50-1,67,0.5,340055,-0.06659325,0.00559306,1.04626818,-1.88817747,5
TNG50-1,67,0.5,340055,0.0348404,-0.02703967,0.85747892,-0.53511489,6
TNG50-1,67,0.5,340055,0.04376043,0.07460731,0.23996156,2.28493091,7
TNG50-1,67,0.5,340055,0.00772617,0.01214414,0.23070222,0.33522857,8
TNG50-1,67,0.5,340055,-0.09391727,-0.04323274,1.03816475,1.31895825,9
TNG50-1,67,0.5,345762,-0.09580925,-0.03167681,1.10700377,2.47166952,0
TNG50-1,67,0.5,345762,-0.07266978,0.08653509,1.21843092,-0.2919916,1
TNG50-1,67,0.5,345762,-0.02880699,-0.02845839,0.51452945,-2.79457428,2
TNG50-1,67,0.5,345762,0.07462528,-0.03864661,1.26368494,0.84522289,3
TNG50-1,67,0.5,345762,-0.0594181,0.0094151,0.61439519,0.99275789,4
TNG50-1,67,0.5,345762,0.07609591,-0.07047628,0.56565802,0.84603395,5
TNG50-1,67,0.5,345762,0.06534094,-0.00123107,1.13057915,-0.87764261,6
TNG50-1,67,0.5,345762,0.01126156,-0.03992787,0.64475743,1.12227002,7
TNG50-1,67,0.5,345762,-0.12745471,0.13438749,1.00401495,-1.3125931,8
TNG50-1,67,0.5,345762,-0.05920297,-0.04588119,1.10151166,-0.22391905,9
TNG50-1,67,0.5,345761,0.0598516,-0.0543761,1.06319538,-1.88410787,0
TNG50-1,67,0.5,345761,-0.02794603,0.01026487,0.83351808,2.68568738,1
TNG50-1,67,0.5,345761,0.08347359,-0.03851884,0.78675111,1.82244657,2
TNG50-1,67,0.5,345761,0.06131078,-0.05566148,0.68563356,-0.38094401,3
TNG50-1,67,0.5,345761,-0.01637,0.00819439,0.98891015,2.5456658,4
TNG50-1,67,0.5,345761,-0.01118582,-0.02069213,0.57262428,-1.5919515,5
TNG50-1,67,0.5,345761,0.07966304,-0.00831248,1.15663914,-1.67410293,6
TNG50-1,67,0.5,345761,0.06366171,-0.02500175,0.3163779,-2.33132374,7
TNG50-1,67,0.5,345761,0.04863701,-0.06272386,1.13575616,-0.36170854,8
TNG50-1,67,0.5,345761,0.05720956,0.08483965,1.36904722,0.0887538,9
TNG50-1,67,0.5,369770,-0.0243937,0.09484911,0.4875559,0.49084118,0
TNG50-1,67,0.5,369770,-0.05584127,-0.04352479,1.26034947,-0.39241483,1
TNG50-1,67,0.5,369770,0.00433062,-0.04627262,1.03356552,-2.79626422,2
TNG50-1,67,0.5,369770,0.05421911,0.01236828,1.34640485,-1.28022619,3
TNG50-1,67,0.5,369770,-0.063721,0.07263618,0.7356322,-1.63924521,4
TNG50-1,67,0.5,369770,-0.01435468,-0.0731189,1.17132304,-1.50408064,5
TNG50-1,67,0.5,369770,-0.01676708,0.01656862,1.03025125,1.82000243,6
TNG50-1,67,0.5,369770,0.01234394,-0.01006693,0.47780005,-1.22679316,7
TNG50-1,67,0.5,369770,0.01313828,0.04271441,1.24414107,-0.0651786,8
TNG50-1,67,0.5,369770,0.02686178,0.03140951,1.39814881,-1.47328076,9
TNG50-1,67,0.5,317880,-0.05506802,-0.0272033,1.15948882,-1.18779855,0
TNG50-1,67,0.5,317880,0.0042376,0.00674365,1.21617546,-0.9436881,1
TNG50-1,67,0.5,317880,-0.02058672,-0.01776333,1.16806816,-1.8926993,2
TNG50-1,67,0.5,317880,-0.07402782,-0.02912815,0.59608729,-0.22677164,3
TNG50-1,67,0.5,317880,-0.0522863,0.00272124,1.17255442,2.11969673,4
TNG50-1,67,0.5,317880,-0.04828468,0.03518043,0.84496962,-1.8158529,5
TNG50-1,67,0.5,317880,0.04912064,-0.10560705,1.10631509,2.89912345,6
TNG50-1,67,0.5,317880,0.04179078,-0.02861004,0.79298831,-3.05892301,7
TNG50-1,67,0.5,317880,0.10972507,-0.07013965,0.86420699,1.91730602,8
TNG50-1,67,0.5,317880,-0.02559382,-0.00769155,0.20891152,1.20402005,9
TNG50-1,67,0.5,331991,0.02224418,-0.02626242,1.37603892,-0.61986623,0
TNG50-1,67,0.5,331991,-0.01638713,-0.0400199,1.12269567,-0.9662945,1
TNG50-1,67,0.5,331991,0.03061583,-0.04111026,0.94601169,-1.83915975,2
TNG50-1,67,0.5,331991,-0.03932388,0.00077534,0.45175313,-1.70633076,3
TNG50-1,67,0.5,331991,0.01404957,0.01204105,1.21822255,0.73029001,4
TNG50-1,67,0.5,331991,0.00600657,0.01399706,0.63865691,2.90246202,5
TNG50-1,67,0.5,331991,0.06811597,0.06307219,0.97694147,0.66575913,6
TNG50-1,67,0.5,331991,0.02793716,0.02417746,0.50997488,-0.5509255,7
TNG50-1,67,0.5,331991,0.01280036,-0.06139254,0.5173442,-1.61841027,8
TNG50-1,67,0.5,331991,-0.07349441,0.01012704,0.52607418,0.95485249,9
TNG50-1,67,0.5,373825,-0.01403967,-0.07750757,1.36734435,-2.78361454,0
TNG50-1,67,0.5,373825,-0.08133882,0.00974006,1.33073644,0.73138185,1
TNG50-1,67,0.5,373825,0.1153732,0.03554386,1.02392195,-2.22693615,2
TNG50-1,67,0.5,373825,-0.09080069,-0.02208321,0.4251783,-0.37064055,3
TNG50-1,67,0.5,373825,0.01060525,-0.01224021,1.32210133,2.49947898,4
TNG50-1,67,0.5,373825,-0.03237989,0.09539234,1.03523728,-2.68061384,5
TNG50-1,67,0.5,373825,0.05040307,0.04681188,0.62130903,2.74801759,6
TNG50-1,67,0.5,373825,0.04229733,0.06738824,1.12737645,3.1067852,7
TNG50-1,67,0.5,373825,-0.04894067,-0.11210223,0.39535658,1.06968495,8
TNG50-1,67,0.5,373825,-0.03950634,0.0273596,0.38401756,-0.90307181,9
TNG50-1,67,0.5,282211,0.00101006,0.02645796,1.06987431,-2.4365465,0
TNG50-1,67,0.5,282211,-0.03695612,0.01133124,0.39175331,3.01131798,1
TNG50-1,67,0.5,282211,0.0525402,-0.03368433,0.63056301,1.59980975,2
TNG50-1,67,0.5,282211,-0.01325874,-0.07681751,0.84752502,1.14313544,3
TNG50-1,67,0.5,282211,0.05902368,-0.00093218,1.01948899,2.53564833,4
TNG50-1,67,0.5,282211,0.02243873,-0.03635591,1.35041431,-1.09920885,5
TNG50-1,67,0.5,282211,-0.01941053,0.00148229,1.04208748,-0.63269902,6
TNG50-1,67,0.5,282211,0.05570084,-0.02104869,0.91260498,2.33072844,7
TNG50-1,67,0.5,282211,-0.03254185,-0.03587839,0.23381373,-2.48819604,8
TNG50-1,67,0.5,282211,-0.01600716,-0.01340781,0.34562802,1.31419008,9
TNG50-1,67,0.5,277959,-0.03657691,0.00389848,0.93533548,0.65291114,0
TNG50-1,67,0.5,277959,0.00387248,0.05144516,1.39845203,-3.04755473,1
TNG50-1,67,0.5,277959,-0.05630906,0.03517296,0.8210663,0.57559188,2
TNG50-1,67,0.5,277959,-0.02141631,-0.0934339,1.110059,-0.11200706,3
TNG50-1,67,0.5,277959,0.0701018,-0.03062331,0.70934074,1.86324733,4
TNG50-1,67,0.5,277959,0.08089041,-0.01830343,1.24977268,-1.52891202,5
TNG50-1,67,0.5,277959,0.07752366,-0.06651332,1.39900563,1.37558596,6
TNG50-1,67,0.5,277959,-0.08974519,0.04985784,1.32811819,0.82797776,7
TNG50-1,67,0.5,277959,0.08368611,0.07194648,1.0160414,0.77277603,8
TNG50-1,67,0.5,277959,0.00458487,-0.0005281,0.68260922,-0.59341267,9
TNG50-1,67,0.5,357197,-0.00503014,-0.02016578,1.3950636,2.31029559,0
TNG50-1,67,0.5,357197,0.0313878,-0.02564831,0.64415124,2.52029329,1
TNG50-1,67,0.5,357197,0.0461847,-0.0518547,1.08979469,-2.87355432,2
TNG50-1,67,0.5,357197,-0.07431198,0.0404051,1.16644164,-2.82674383,3
TNG50-1,67,0.5,357197,0.05165649,-0.05507097,0.56594171,0.32295814,4
TNG50-1,67,0.5,357197,-0.01273146,0.03996641,0.30528825,-2.09291963,5
TNG50-1,67,0.5,357197,0.04126054,-0.01117487,1.34875041,-2.43373794,6
TNG50-1,67,0.5,357197,0.02469362,-0.08816126,1.06306674,-1.50571286,7
TNG50-1,67,0.5,357197,0.09270411,0.07441358,1.16302518,1.3157028,8
TNG50-1,67,0.5,357197,0.0003127,-0.16879097,0.45732445,1.07853436,9
TNG50-1,67,0.5,302085,-0.0196289,-0.10971982,0.74281826,2.07577684,0
TNG50-1,67,0.5,302085,0.0280705,0.00323215,0.65790774,1.84306687,1
TNG50-1,67,0.5,302085,-0.01211994,-0.07479743,1.19505005,1.12596886,2
TNG50-1,67,0.5,302085,0.07226352,-0.09224222,1.03175442,-1.52968848,3
TNG50-1,67,0.5,302085,-0.0455323,-0.05329706,0.90157026,2.2353474,4
TNG50-1,67,0.5,302085,-0.05825811,-0.00916962,0.9082991,-1.383992,5
TNG50-1,67,0.5,302085,0.04688002,-0.03529378,0.85818293,1.4130166,6
TNG50-1,67,0.5,302085,-0.10017779,0.05535334,0.28865671,-2.44426142,7
TNG50-1,67,0.5,302085,-0.00859664,0.00411932,0.52997181,0.29705953,8
TNG50-1,67,0.5,302085,0.04003071,-0.02444781,0.57241678,-1.1385095,9
TNG50-1,67,0.5,427597,-0.03937577,-0.0952213,1.191734,-0.43799245,0
TNG50-1,67,0.5,427597,-0.06812716,-0.0074535,1.28811651,-2.63286765,1
TNG50-1,67,0.5,427597,0.00773742,0.0962659,0.49777387,-0.59553716,2
TNG50-1,67,0.5,427597,-0.09958452,-0.01547184,1.34823588,0.38217945,3
TNG50-1,67,0.5,427597,-0.01335306,0.0932048,0.8078222,0.58920486,4
TNG50-1,67,0.5,427597,0.05111557,0.0511822,0.84433027,2.66889788,5
TNG50-1,67,0.5,427597,0.02242354,-0.02042379,0.6514626,2.6497582,6
TNG50-1,67,0.5,427597,0.0127451,-0.05402482,0.76363011,-1.19514606,7
TNG50-1,67,0.5,427597,0.08718697,0.01699469,0.55935942,1.25078567,8
TNG50-1,67,0.5,427597,0.01876709,0.063525,1.36864596,1.3364799,9
TNG50-1,67,0.5,344125,-0.07637861,-0.06516729,0.42818583,0.23129924,0
TNG50-1,67,0.5,344125,-0.0230909,0.06575678,0.94730552,2.20816988,1
TNG50-1,67,0.5,344125,-0.08115287,-0.05890452,1.00499211,0.0943289,2
TNG50-1,67,0.5,344125,0.01660669,-0.01833718,0.51850299,-2.71134347,3
TNG50-1,67,0.5,344125,0.08149798,0.04795709,0.61824993,-2.94481628,4
TNG50-1,67,0.5,344125,0.04481707,-0.01867081,0.72533074,2.26501815,5
TNG50-1,67,0.5,344125,-0.03035263,0.00396508,0.93081963,-1.73237801,6
TNG50-1,67,0.5,344125,0.02527068,0.0059803,1.20244815,0.16147168,7
TNG50-1,67,0.5,344125,0.01744701,0.00329567,0.88965771,1.73911632,8
TNG50-1,67,0.5,344125,0.01165648,0.00575276,1.30389014,-1.55062061,9
TNG50-1,67,0.5,319746,-0.05095653,-0.05847648,0.76430133,2.87606351,0
TNG50-1,67,0.5,319746,0.04562873,0.01831577,0.57945073,1.25449542,1
TNG50-1,67,0.5,319746,0.13511849,0.05555627,1.19673988,0.95588975,2
TNG50-1,67,0.5,319746,0.05949294,-0.0175091,1.30650097,-1.04965514,3
TNG50-1,67,0.5,319746,-0.00553021,-0.01057669,0.67204983,3.11461279,4
TNG50-1,67,0.5,319746,-0.00612713,0.03479913,1.01410677,-1.74330663,5
TNG50-1,67,0.5,319746,-0.02567796,0.0362209,0.97129706,-2.02256462,6
TNG50-1,67,0.5,319746,-0.02670865,0.02145292,0.66462129,-1.14175565,7
TNG50-1,67,0.5,319746,0.04790783,0.01271144,1.1857877,1.50139566,8
TNG50-1,67,0.5,319746,0.05008535,0.01942938,1.31948967,-1.65241268,9
TNG50-1,67,0.5,92817,-0.02732964,-0.02117121,0.5386795,1.04642051,0
TNG50-1,67,0.5,92817,0.01263247,0.11944659,0.97779168,-2.79746507,1
TNG50-1,67,0.5,92817,0.00880733,0.03834157,0.61497114,1.71257727,2
TNG50-1,67,0.5,92817,0.02488483,-0.04267897,1.20903405,-0.8726467,3
TNG50-1,67,0.5,92817,-0.02481845,0.04110955,1.12902605,1.86271572,4
TNG50-1,67,0.5,92817,0.00202135,0.0257915,1.04231072,2.82618977,5
TNG50-1,67,0.5,92817,-0.04215856,0.01368722,1.00252957,-2.97462825,6
TNG50-1,67,0.5,92817,0.07346489,0.0347907,1.31904848,2.91723735,7
TNG50-1,67,0.5,92817,-0.06570003,0.00290358,1.36287775,-2.10008668,8
TNG50-1,67,0.5,92817,-0.04109853,0.00853989,0.21609769,-1.27402535,9
TNG50-1,67,0.5,225712,-0.00113187,0.03463632,0.9537703,0.29470381,0
TNG50-1,67,0.5,225712,0.06461254,-0.10196635,1.36663714,2.83862794,1
TNG50-1,67,0.5,225712,0.00791582,0.0353366,1.21940915,-0.79878478,2
TNG50-1,67,0.5,225712,0.01046262,-0.00887704,0.20606636,2.29315969,3
TNG50-1,67,0.5,225712,0.03183488,-0.0718579,0.90511519,-0.20393957,4
TNG50-1,67,0.5,225712,-0.04398616,0.00474897,1.33502495,2.19051926,5
TNG50-1,67,0.5,225712,0.01683441,-0.07591439,1.15141778,2.51759863,6
TNG50-1,67,0.5,225712,-0.0314074,0.03055143,1.24543302,-0.23270109,7
TNG50-1,67,0.5,225712,0.07356327,0.07169855,0.40509097,-2.02317689,8
TNG50-1,67,0.5,225712,0.0209331,-0.08952846,0.60398719,-1.93287208,9
TNG50-1,67,0.5,101,-0.0068013,-0.03334009,0.70685355,2.54057597,0
TNG50-1,67,0.5,101,0.06283064,-0.04151532,1.23929411,1.31352425,1
TNG50-1,67,0.5,101,0.00318673,-0.05308402,1.28572675,0.78484817,2
TNG50-1,67,0.5,101,-0.00187248,-0.1070916,0.87498536,0.33787369,3
TNG50-1,67,0.5,101,0.05492474,0.0741871,0.69028123,-3.01768997,4
TNG50-1,67,0.5,101,-0.01687983,-0.04503933,0.96064459,0.3790676,5
TNG50-1,67,0.5,101,-0.00125832,-0.01192976,0.62669112,1.75295355,6
TNG50-1,67,0.5,101,0.00533345,0.0778993,0.55227952,3.06850427,7
TNG50-1,67,0.5,101,-0.00337507,-0.00709435,0.42137278,-0.42025293,8
TNG50-1,67,0.5,101,0.0580109,0.02572022,1.07432053,3.07975251,9
TNG50-1,67,0.5,361836,-0.02995062,-0.06396312,0.90790625,0.79565528,0
TNG50-1,67,0.5,361836,-0.07138836,0.01545378,1.39757805,-0.31867217,1
TNG50-1,67,0.5,361836,-0.08335443,0.03264657,0.72221575,1.97017004,2
TNG50-1,67,0.5,361836,0.01519754,0.02458747,1.26520889,1.28450798,3
TNG50-1,67,0.5,361836,0.05809795,0.00132568,0.39129944,-0.17190801,4
TNG50-1,67,0.5,361836,-0.05755107,-0.05278524,0.52135615,0.00021788,5
TNG50-1,67,0.5,361836,-0.04387472,0.01572773,0.82990813,-1.70314559,6
TNG50-1,67,0.5,361836,0.01930641,0.01199141,0.46946057,1.8132649,7
TNG50-1,67,0.5,361836,-0.0001271,-0.06566076,0.24665811,2.37712242,8
TNG50-1,67,0.5,361836,-0.02928236,-0.01511708,0.64722693,-3.03802328,9
TNG50-1,67,0.5,424348,-0.10656458,-0.04492262,1.25757574,-0.64810147,0
TNG50-1,67,0.5,424348,0.06358786,-0.06114425,1.04384081,2.7680019,1
TNG50-1,67,0.5,424348,0.03377596,0.04335145,0.76934981,1.38297192,2
TNG50-1,67,0.5,424348,-0.11850048,0.01957728,0.52570673,-2.1761345,3
TNG50-1,67,0.5,424348,0.0500877,0.07487844,1.09937248,0.31532505,4
TNG50-1,67,0.5,424348,-0.01517187,-0.01971925,0.77799232,-1.43412466,5
TNG50-1,67,0.5,424348,0.0494273,-0.04814517,1.25497783,2.0945599,6
TNG50-1,67,0.5,424348,0.0037895,0.03194022,0.44438692,1.77703813,7
TNG50-1,67,0.5,424348,-0.06786696,-0.0416841,0.88160683,-0.03427352,8
TNG50-1,67,0.5,424348,0.00131768,-0.01550974,0.65571898,-1.24453172,9
TNG50-1,67,0.5,262786,-0.071133,-0.01229254,1.04586616,-0.53420812,0
TNG50-1,67,0.5,262786,0.06671118,0.06337452,0.90763182,2.54509777,1
TNG50-1,67,0.5,262786,0.00424257,-0.09169141,0.3430348,-2.11394979,2
TNG50-1,67,0.5,262786,-0.03642269,0.01126973,0.50435088,-2.88345513,3
TNG50-1,67,0.5,262786,-0.02799281,-0.02039497,1.30708203,2.51086326,4
TNG50-1,67,0.5,262786,-0.05910565,0.03295445,0.88761742,2.48892598,5
TNG50-1,67,0.5,262786,0.05055701,0.00305709,0.79651499,-0.52294839,6
TNG50-1,67,0.5,262786,0.09185981,0.0011128,1.12201638,1.59523247,7
TNG50-1,67,0.5,262786,-0.07470464,-0.00529933,1.17667936,2.17219229,8
TNG50-1,67,0.5,262786,0.05216305,0.07811494,0.85768458,-1.54007,9
TNG50-1,67,0.5,297999,-0.01113055,0.03107732,1.14467686,1.31381571,0
TNG50-1,67,0.5,297999,0.05147181,-0.04990291,0.84305995,2.1585295,1
TNG50-1,67,0.5,297999,-0.06955422,-0.00546131,1.39348267,2.07968179,2
TNG50-1,67,0.5,297999,0.08458613,-0.01567124,0.5891843,-1.68962659,3
TNG50-1,67,0.5,297999,-0.04942404,-0.05756562,0.54674254,0.99292384,4
TNG50-1,67,0.5,297999,0.05962238,-0.05225021,0.635653,-1.46354552,5
TNG50-1,67,0.5,297999,0.07283049,0.00641235,1.14199671,0.80701666,6
TNG50-1,67,0.5,297999,-0.02629031,0.00552627,0.81995892,-0.83437658,7
TNG50-1,67,0.5,297999,-0.02148565,-0.03819886,1.08622657,1.8218643,8
TNG50-1,67,0.5,297999,-0.0054589,0.0039621,1.06406916,2.74869424,9
TNG50-1,67,0.5,308503,-0.02176491,-0.12908047,1.16252262,-2.96712924,0
TNG50-1,67,0.5,308503,-0.05722891,-0.00838205,1.27448203,2.51061829,1
TNG50-1,67,0.5,308503,-0.09448941,0.04016275,1.21955473,0.14539537,2
TNG50-1,67,0.5,308503,-0.05810689,-0.01261952,1.08999045,0.69428658,3
TNG50-1,67,0.5,308503,0.00600382,-0.06339083,0.55761553,0.72920185,4
TNG50-1,67,0.5,308503,0.06369787,-0.04225741,1.27288464,0.13944799,5
TNG50-1,67,0.5,308503,0.04978867,-0.01644234,1.3870371,1.69181852,6
TNG50-1,67,0.5,308503,-0.05776304,0.038511,0.51418012,2.5515136,7
TNG50-1,67,0.5,308503,-0.0398825,-0.0091409,1.14535756,0.88641505,8
TNG50-1,67,0.5,308503,-0.04693419,0.03174547,1.33637757,2.16068778,9
TNG50-1,67,0.5,314577,-0.00598386,-0.05422611,0.95115548,1.86042831,0
TNG50-1,67,0.5,314577,-0.05212698,-0.07879513,0.90053271,1.75940353,1
TNG50-1,67,0.5,314577,0.08469824,0.00142861,0.9855444,-1.55740286,2
TNG50-1,67,0.5,314577,0.04190734,-0.01244621,0.89451169,0.92375998,3
TNG50-1,67,0.5,314577,0.02584143,0.05928123,0.88683599,3.13271854,4
TNG50-1,67,0.5,314577,-0.00708912,0.04961023,0.965879,-2.48459092,5
TNG50-1,67,0.5,314577,-0.03806094,0.00194472,0.62898196,0.1429758,6
TNG50-1,67,0.5,314577,0.05150448,-0.00405598,1.062706,-1.22278675,7
TNG50-1,67,0.5,314577,0.03053467,-0.05760436,1.30994695,1.82980959,8
TNG50-1,67,0.5,314577,-0.01997112,0.05304888,0.8080585,-1.10126835,9
TNG50-1,67,0.5,346643,-0.08600498,-0.00164877,1.37764146,2.99109064,0
TNG50-1,67,0.5,346643,0.0310424,0.04213309,0.74311189,-1.13372871,1
TNG50-1,67,0.5,346643,0.03187987,-0.00372997,1.24669574,-2.93943632,2
TNG50-1,67,0.5,346643,0.1126776,-0.0644584,1.0099075,1.3558911,3
TNG50-1,67,0.5,346643,0.00088609,-0.07506124,0.89581933,-1.55887274,4
TNG50-1,67,0.5,346643,0.00916608,-0.01466324,0.80319782,1.68192397,5
TNG50-1,67,0.5,346643,0.0239295,0.00599845,0.62530527,-3.1101733,6
TNG50-1,67,0.5,346643,0.05098511,0.12360146,0.94204215,1.74159343,7
TNG50-1,67,0.5,346643,0.04785997,-0.00600128,0.48867077,-2.70086448,8
TNG50-1,67,0.5,346643,0.01593927,0.00233003,0.3372944,2.3835077,9
TNG50-1,67,0.5,211992,-0.01754324,-0.03383448,0.92017473,0.30390359,0
TNG50-1,67,0.5,211992,-0.01309677,-0.06439008,0.86467819,-2.62839892,1
TNG50-1,67,0.5,211992,0.00469806,-0.08463534,0.96636314,-2.70459018,2
TNG50-1,67,0.5,211992,-0.00346792,0.02517305,1.29666166,-2.21521658,3
TNG50-1,67,0.5,211992,0.003611,0.06371216,1.02013156,1.95091287,4
TNG50-1,67,0.5,211992,-0.01985918,0.0278852,1.15071004,2.07313098,5
TNG50-1,67,0.5,211992,0.01800724,-0.02415484,0.46766517,0.67971945,6
TNG50-1,67,0.5,211992,-0.03588996,-0.0858218,0.74067174,-3.0434096,7
TNG50-1,67,0.5,211992,-0.05439708,0.0095972,1.26428353,-1.14905865,8
TNG50-1,67,0.5,211992,-0.04449895,-0.08036534,0.73981991,-0.62260898,9
TNG50-1,67,0.5,385414,0.01908691,0.00583918,0.95006261,2.83233589,0
TNG50-1,67,0.5,385414,-0.07140027,-0.01139937,0.63958888,-2.71554544,1
TNG50-1,67,0.5,385414,0.03703089,-0.00923367,0.60412003,-2.20235545,2
TNG50-1,67,0.5,385414,0.01425082,-0.03003267,0.81470545,0.80362632,3
TNG50-1,67,0.5,385414,-0.02933189,0.00626108,1.39808385,-0.23995881,4
TNG50-1,67,0.5,385414,-0.0067937,0.03437733,0.50818292,1.60069216,5
TNG50-1,67,0.5,385414,0.03845713,-0.06747391,0.43469806,0.83657018,6
TNG50-1,67,0.5,385414,-0.01598055,0.03213895,0.50310526,-3.11526625,7
TNG50-1,67,0.5,385414,0.10576297,0.04667755,0.77611866,0.89733278,8
TNG50-1,67,0.5,385414,0.07453465,0.02860884,1.37767778,2.25076222,9
TNG50-1,67,0.5,295829,-0.05560643,-0.06231066,1.25836733,0.75364257,0
TNG50-1,67,0.5,295829,-0.02434727,0.0989944,0.91902648,2.25045302,1
TNG50-1,67,0.5,295829,0.06630895,0.07602715,1.05986626,-1.55314433,2
TNG50-1,67,0.5,295829,0.11838909,0.01471768,0.56046294,-0.18351554,3
TNG50-1,67,0.5,295829,0.00024215,0.04959974,1.07012454,-2.08485872,4
TNG50-1,67,0.5,295829,0.00227725,0.0025555,1.22177072,-1.76686409,5
TNG50-1,67,0.5,295829,-0.12216826,0.04105385,1.33027831,-0.8110432,6
TNG50-1,67,0.5,295829,0.04522312,-0.06536259,1.1868579,1.30112139,7
TNG50-1,67,0.5,295829,0.0224822,-0.11368546,0.74527598,2.09675798,8
TNG50-1,67,0.5,295829,0.01415679,-0.06347458,0.82674192,-1.21131018,9
TNG50-1,67,0.5,293092,-0.01870413,0.04746347,0.54695109,2.88019756,0
TNG50-1,67,0.5,293092,0.01508444,-0.05095332,0.61721436,0.35225878,1
TNG50-1,67,0.5,293092,0.00664256,0.04003584,1.09429907,-1.95885484,2
TNG50-1,67,0.5,293092,0.05720482,0.05345414,1.33405367,-3.04125232,3
TNG50-1,67,0.5,293092,0.01965334,-0.03248838,0.28482945,0.32821831,4
TNG50-1,67,0.5,293092,-0.06930803,-0.03694934,0.96468136,0.5908723,5
TNG50-1,67,0.5,293092,0.10458284,-0.02351087,1.0940872,-2.5156325,6
TNG50-1,67,0.5,293092,0.04174669,-0.04944401,0.64419247,0.28229131,7
TNG50-1,67,0.5,293092,-0.02752463,0.01147843,0.77659836,-0.42899358,8
TNG50-1,67,0.5,293092,-0.05686496,0.01861396,1.36547431,-0.39190153,9
TNG50-1,67,0.5,334210,0.11606772,0.01884328,0.5107101,-1.81398598,0
TNG50-1,67,0.5,334210,-0.03151726,-0.00052707,0.68234714,2.95915398,1
TNG50-1,67,0.5,334210,0.00700294,-0.00233674,0.82526235,3.08307416,2
TNG50-1,67,0.5,334210,-0.01926011,0.01426971,0.96137577,1.58029316,3
TNG50-1,67,0.5,334210,0.05190356,0.0029217,0.9998143,2.11863484,4
TNG50-1,67,0.5,334210,-0.01243509,0.01095192,0.96414771,-2.49086601,5
TNG50-1,67,0.5,334210,0.04527612,0.02040503,1.08748081,-2.36859368,6
TNG50-1,67,0.5,334210,-0.01988655,0.08744905,0.98303089,-2.55942637,7
TNG50-1,67,0.5,334210,0.11218687,-0.13827899,1.22350198,-2.74452256,8
TNG50-1,67,0.5,334210,-0.10957621,0.09235398,1.30220774,1.55409309,9
TNG50-1,67,0.5,271075,-0.02763896,0.09451892,1.13353255,-3.03603278,0
TNG50-1,67,0.5,271075,0.03376738,-0.02952525,1.3159903,2.5386284,1
TNG50-1,67,0.5,271075,-0.02259217,-0.04942329,0.20037008,1.25657332,2
TNG50-1,67,0.5,271075,0.02373797,0.00047546,0.29563951,1.21793345,3
TNG50-1,67,0.5,271075,-0.04331666,-0.04256732,0.67121357,2.80975098,4
TNG50-1,67,0.5,271075,-0.04189179,-0.08175666,1.06664701,0.13009548,5
TNG50-1,67,0.5,271075,-0.01853915,0.0532133,1.2882051,-1.14305621,6
TNG50-1,67,0.5,271075,-0.02726086,0.00402532,1.03720413,2.5724972,7
TNG50-1,67,0.5,271075,-0.01520583,0.00892467,0.71740202,3.05244413,8
TNG50-1,67,0.5,271075,0.02629257,-0.09635821,1.27301792,-3.01303918,9
TNG50-1,67,0.5,331154,-0.06194249,-0.02185205,0.31610288,1.75666943,0
TNG50-1,67,0.5,331154,-0.11292467,-0.01911951,0.95724493,-1.99226657,1
TNG50-1,67,0.5,331154,0.09181934,0.00187284,1.21358641,-1.37953236,2
TNG50-1,67,0.5,331154,0.056966,0.00273107,0.99944098,2.5718664,3
TNG50-1,67,0.5,331154,0.01423023,0.02873535,1.04040034,1.89339442,4
TNG50-1,67,0.5,331154,0.05813516,0.02297938,0.98901631,-2.24083019,5
TNG50-1,67,0.5,331154,0.02637979,-0.02884318,0.87543936,0.5313601,6
TNG50-1,67,0.5,331154,-0.00378351,0.00129433,0.35409799,-1.40119269,7
TNG50-1,67,0.5,331154,-0.06200942,0.02715392,1.16182014,0.81524545,8
TNG50-1,67,0.5,331154,0.09543168,-0.03309954,0.30094145,-2.05094473,9
TNG50-1,67,0.5,321039,-0.09016263,0.07923117,0.53261197,0.73362565,0
TNG50-1,67,0.5,321039,0.00487553,-0.0185665,0.9972819,-1.60385992,1
TNG50-1,67,0.5,321039,-0.03505871,-0.09732283,0.63028024,1.42886159,2
TNG50-1,67,0.5,321039,-0.06743255,-0.01722957,0.35244104,-1.67797085,3
TNG50-1,67,0.5,321039,-0.04189037,0.00235802,1.17874097,-2.38981378,4
TNG50-1,67,0.5,321039,-0.0309877,-0.16364833,1.16771089,-1.57478191,5
TNG50-1,67,0.5,321039,-0.01176687,0.0603668,0.37548829,0.21306186,6
TNG50-1,67,0.5,321039,0.01686647,-0.00495383,1.03131418,2.23548304,7
TNG50-1,67,0.5,321039,0.02711466,-0.05761979,1.38705653,0.18429961,8
TNG50-1,67,0.5,321039,-0.02045341,-0.04800648,0.95570417,2.1927407,9
TNG50-1,67,0.5,343517,-0.06882102,-0.00893958,0.42978507,2.31404367,0
TNG50-1,67,0.5,343517,0.11822324,0.00371677,1.24671313,1.62449238,1
TNG50-1,67,0.5,343517,-0.04876177,-0.07344509,0.88170458,-2.74329935,2
TNG50-1,67,0.5,343517,0.0443824,0.08871762,1.39538667,-0.02295751,3
TNG50-1,67,0.5,343517,0.07221269,-0.01889668,1.26956334,-2.44304775,4
TNG50-1,67,0.5,343517,0.0229645,0.03943794,0.95883068,-0.57140816,5
TNG50-1,67,0.5,343517,-0.10251758,0.0701781,1.36622223,2.13343689,6
TNG50-1,67,0.5,343517,-0.0473972,-0.05775217,0.91514573,-2.88297473,7
TNG50-1,67,0.5,343517,0.01784068,0.00640077,1.24580978,-1.56041648,8
TNG50-1,67,0.5,343517,0.03178104,0.01389959,0.70973258,2.05189999,9
TNG50-1,67,0.5,333437,0.01758101,0.04166276,0.39247625,0.06941415,0
TNG50-1,67,0.5,333437,0.06066661,-0.04143019,0.92433276,-2.62260578,1
TNG50-1,67,0.5,333437,0.06653226,-0.02599881,0.77283171,0.32558515,2
TNG50-1,67,0.5,333437,-0.01300871,0.05291113,1.2785282,-0.81731672,3
TNG50-1,67,0.5,333437,0.0446944,0.02685627,0.20761267,1.43215148,4
TNG50-1,67,0.5,333437,-0.03405001,0.00880556,0.52571667,0.78974748,5
TNG50-1,67,0.5,333437,-0.01716818,-0.07346537,0.35174191,-1.59266108,6
TNG50-1,67,0.5,333437,0.01992624,-0.05816501,0.64304007,1.46675855,7
TNG50-1,67,0.5,333437,-0.0167356,0.01986621,1.12457502,-1.18681251,8
TNG50-1,67,0.5,333437,-0.06319532,0.03150159,1.21370433,-1.57964149,9
TNG50-1,67,0.5,358978,-0.04809958,0.0324398,0.26597706,-2.07562438,0
TNG50-1,67,0.5,358978,0.02314768,-0.0170447,0.94927598,-3.0154663,1
TNG50-1,67,0.5,358978,-0.03683038,0.04931138,0.38269394,2.0776173,2
TNG50-1,67,0.5,358978,-0.00840869,0.00577871,0.24349858,0.36848444,3
TNG50-1,67,0.5,358978,0.00919868,0.03101312,1.012586,1.57816177,4
TNG50-1,67,0.5,358978,0.04301462,0.01457378,1.28874191,-1.0576416,5
TNG50-1,67,0.5,358978,0.05097576,0.03801891,1.12187591,-2.14558354,6
TNG50-1,67,0.5,358978,0.03636596,-0.04038261,1.09232798,-1.47868245,7
TNG50-1,67,0.5,358978,0.05188156,-0.07859572,0.47432521,-2.836988,8
TNG50-1,67,0.5,358978,-0.0308057,0.04944839,0.32062846,-0.71724807,9
TNG50-1,67,0.5,323513,-0.09631639,0.01846502,0.54178038,-1.80610277,0
TNG50-1,67,0.5,323513,-0.05969284,0.01520851,0.56430424,-1.74593655,1
TNG50-1,67,0.5,323513,0.0465907,0.04566782,0.87966014,-1.95189753,2
TNG50-1,67,0.5,323513,-0.03428025,-0.00398707,0.63561664,-1.94790308,3
TNG50-1,67,0.5,323513,-0.00442434,-0.07407842,1.36744885,-0.0044544,4
TNG50-1,67,0.5,323513,0.09624455,0.0161763,0.96195199,-1.19507177,5
TNG50-1,67,0.5,323513,0.03159079,-0.06909087,0.30672781,1.74647052,6
TNG50-1,67,0.5,323513,-0.10741626,0.09082941,0.64687892,2.47627711,7
TNG50-1,67,0.5,323513,0.07224539,-0.01810705,1.17322237,-0.07796837,8
TNG50-1,67,0.5,323513,0.00748234,-0.00258703,0.82971043,-1.93952556,9
TNG50-1,67,0.5,398712,0.10825127,0.09639063,0.81871848,-0.06607654,0
TNG50-1,67,0.5,398712,0.05801005,-0.032922,0.76831293,1.53037579,1
TNG50-1,67,0.5,398712,0.01011593,-0.0499806,1.30020549,2.1895138,2
TNG50-1,67,0.5,398712,-0.07887683,0.0511443,0.8983328,-3.074459,3
TNG50-1,67,0.5,398712,0.03173878,-0.06299593,0.8173521,2.37963392,4
TNG50-1,67,0.5,398712,-0.01390221,-0.05940132,0.44695066,-1.47381653,5
TNG50-1,67,0.5,398712,0.0348979,0.01329678,0.33176183,2.94930788,6
TNG50-1,67,0.5,398712,-0.05559588,0.10428427,1.2021398,-0.43817673,7
TNG50-1,67,0.5,398712,-0.02449746,-0.04243932,1.22333882,2.21449282,8
TNG50-1,67,0.5,398712,0.04425564,-0.0184878,0.76140169,-1.88536097,9
TNG50-1,67,0.5,416766,-0.02086551,-0.00164745,1.00513806,-2.62221677,0
TNG50-1,67,0.5,416766,-0.04653319,-0.01236195,0.43559083,2.85041087,1
TNG50-1,67,0.5,416766,-0.08923955,0.00132141,1.12336523,1.7956031,2
TNG50-1,67,0.5,416766,0.04702849,-0.04504547,1.1195298,2.84011804,3
TNG50-1,67,0.5,416766,0.04998234,-0.00061258,1.08555959,-0.62662415,4
TNG50-1,67,0.5,416766,-0.14053961,-0.03371834,0.96035894,1.6146545,5
TNG50-1,67,0.5,416766,-0.12119559,-0.03788554,0.4754037,0.94967092,6
TNG50-1,67,0.5,416766,0.00684088,-0.09334463,1.22596659,0.74780715,7
TNG50-1,67,0.5,416766,0.01330905,-0.00877705,0.79876612,-2.88856653,8
TNG50-1,67,0.5,416766,-0.02386639,0.04014868,1.13974854,-2.6909053,9
TNG50-1,67,0.5,274918,-0.02974355,0.05960247,0.73854441,-0.2488641,0
TNG50-1,67,0.5,274918,-0.00954212,-0.02665692,0.43329396,-3.10769486,1
TNG50-1,67,0.5,274918,-0.04358448,0.02617427,1.01718781,0.52634577,2
TNG50-1,67,0.5,274918,0.00698244,-0.0749251,1.38908458,1.9902736,3
TNG50-1,67,0.5,274918,-0.12056177,-0.01480793,1.19139951,-1.3441569,4
TNG50-1,67,0.5,274918,-0.01055969,0.01154028,0.37005359,-2.05626376,5
TNG50-1,67,0.5,274918,-0.00660043,0.07634639,1.30199633,2.54254573,6
TNG50-1,67,0.5,274918,-0.05803254,0.05964015,1.38879776,1.68343066,7
TNG50-1,67,0.5,274918,-0.01910714,0.01044648,0.38150103,-0.32621525,8
TNG50-1,67,0.5,274918,0.05599578,-0.04557609,0.51740877,2.54478288,9
TNG50-1,67,0.5,237937,-0.0408855,0.04426567,1.28657738,2.01255924,0
TNG50-1,67,0.5,237937,0.03668241,-0.05819785,1.009996,-1.78443974,1
TNG50-1,67,0.5,237937,-0.06589404,0.00111909,0.97405964,-2.47536016,2
TNG50-1,67,0.5,237937,-0.02836342,-0.03028817,0.99588647,0.71546812,3
TNG50-1,67,0.5,237937,-0.03755686,-0.00858444,1.19599742,0.31005327,4
TNG50-1,67,0.5,237937,-0.0149079,0.0404554,1.29712606,-2.53549693,5
TNG50-1,67,0.5,237937,0.068817,-0.03346257,0.3911374,0.69928938,6
TNG50-1,67,0.5,237937,0.04229838,0.0487074,0.90121008,-1.99868674,7
TNG50-1,67,0.5,237937,-0.02398421,0.10997935,0.51815565,-2.46195909,8
TNG50-1,67,0.5,237937,-0.02402766,0.03020046,0.77511311,3.04878095,9
TNG50-1,67,0.5,295828,0.06748004,-0.05448399,0.96524357,-0.62327757,0
TNG50-1,67,0.5,295828,-0.03974923,-0.03347029,0.52789785,1.21584139,1
TNG50-1,67,0.5,295828,-0.0377344,-0.03226304,0.7637556,-0.98880775,2
TNG50-1,67,0.5,295828,-0.03493637,0.04715861,1.37476656,0.77294941,3
TNG50-1,67,0.5,295828,-0.03311554,0.02523005,1.30205131,1.66950723,4
TNG50-1,67,0.5,295828,-0.00453935,-0.0082771,0.87875049,2.86398198,5
TNG50-1,67,0.5,295828,-0.04193468,-0.03576172,0.66682516,0.87270403,6
TNG50-1,67,0.5,295828,0.01157057,0.03914389,1.302847,-0.93255393,7
TNG50-1,67,0.5,295828,-0.13046992,0.0897355,0.95541166,1.39009592,8
TNG50-1,67,0.5,295828,0.0114073,-0.00139973,0.80868237,1.9131014,9
TNG50-1,67,0.5,153313,-0.02306169,0.05093243,0.4676727,1.80485095,0
TNG50-1,67,0.5,153313,0.16453484,-0.05778409,0.69825435,-1.71603407,1
TNG50-1,67,0.5,153313,0.02539019,-0.05410441,0.93958497,0.58732211,2
TNG50-1,67,0.5,153313,0.03475083,-0.05094393,1.30092088,-1.23425648,3
TNG50-1,67,0.5,153313,0.03266748,0.02611602,0.60748393,-0.14300461,4
TNG50-1,67,0.5,153313,0.00394101,0.02682924,0.72498014,1.88891062,5
TNG50-1,67,0.5,153313,0.05247189,-0.04749019,1.11263744,-1.33814256,6
TNG50-1,67,0.5,153313,-0.0935152,0.09571382,1.20480451,-2.93367771,7
TNG50-1,67,0.5,153313,0.01384874,0.01431857,0.791081,-2.65532086,8
TNG50-1,67,0.5,153313,0.02141088,0.00621029,1.33028596,-2.67365221,9
TNG50-1,67,0.5,237938,0.04866058,-0.05233999,0.84279131,1.90068227,0
TNG50-1,67,0.5,237938,0.02570564,0.02905441,0.56075194,0.54686378,1
TNG50-1,67,0.5,237938,0.03315262,-0.02695569,1.0729164,2.73337875,2
TNG50-1,67,0.5,237938,-0.06346342,0.03919219,0.84232573,1.49377932,3
TNG50-1,67,0.5,237938,-0.002046,-0.06036048,1.01278529,1.41279635,4
TNG50-1,67,0.5,237938,-0.0550752,0.01908593,1.34595949,-1.22765398,5
TNG50-1,67,0.5,237938,-0.00090797,0.02159717,0.95374756,-0.36494759,6
TNG50-1,67,0.5,237938,0.05584044,0.03949505,1.3262534,1.54295348,7
TNG50-1,67,0.5,237938,-0.0003527,-0.03276049,0.75996442,1.39491967,8
TNG50-1,67,0.5,237938,-0.12527951,0.03898966,1.1360537,1.20819331,9
TNG50-1,67,0.5,178499,0.00675531,0.04904034,0.54906607,-0.90174843,0
TNG50-1,67,0.5,178499,0.01220428,0.03843508,1.23595165,1.2990412,1
TNG50-1,67,0.5,178499,-0.0581785,0.04801937,1.32953956,0.4687672,2
TNG50-1,67,0.5,178499,0.01974038,0.04867325,1.3016933,1.020047,3
TNG50-1,67,0.5,178499,0.01739117,-0.03217734,1.26196937,-2.58940294,4
TNG50-1,67,0.5,178499,-0.03447976,0.01697734,1.12328131,2.35441498,5
TNG50-1,67,0.5,178499,-0.00343467,0.05433899,1.37640966,-0.95077133,6
TNG50-1,67,0.5,178499,-0.06572519,-0.06897812,0.5653405,-1.45000027,7
TNG50-1,67,0.5,178499,-0.01976994,-0.06926597,0.53984917,-0.68603403,8
TNG50-1,67,0.5,178499,0.04804088,-0.07203246,0.72621408,-1.58777302,9
TNG50-1,67,0.5,434207,-0.08360801,0.08766193,0.75185758,-1.99028455,0
TNG50-1,67,0.5,434207,0.0168793,-0.01429934,1.02609128,-2.71486258,1
TNG50-1,67,0.5,434207,-0.01828091,0.02013747,1.25150283,2.57247399,2
TNG50-1,67,0.5,434207,0.05134033,0.1143234,0.53173926,-2.86054288,3
TNG50-1,67,0.5,434207,-0.03233886,0.01949273,1.23106034,-2.75405189,4
TNG50-1,67,0.5,434207,0.00884111,-0.12170888,1.19229391,1.58400109,5
TNG50-1,67,0.5,434207,-0.01794821,-0.03331315,0.50950932,2.47396592,6
TNG50-1,67,0.5,434207,0.02064498,-0.06018746,0.80928615,1.31766327,7
TNG50-1,67,0.5,434207,-0.01255731,0.04609816,1.02439882,-1.62058123,8
TNG50-1,67,0.5,434207,0.01311552,-0.00469097,1.07097277,-1.44104753,9
TNG50-1,67,0.5,368445,-0.05783668,0.05764006,0.7924791,-3.09481794,0
TNG50-1,67,0.5,368445,0.03658378,0.00225475,0.81828293,-0.83193966,1
TNG50-1,67,0.5,368445,0.06162614,0.00244767,0.62438131,2.60460128,2
TNG50-1,67,0.5,368445,-0.04677741,0.04818569,0.59266579,1.09957924,3
TNG50-1,67,0.5,368445,-0.00769647,-0.01820089,0.27729489,-3.03302063,4
TNG50-1,67,0.5,368445,-0.02400329,-0.03151379,0.37306045,0.14254513,5
TNG50-1,67,0.5,368445,0.05376632,-0.01778542,0.93829987,-0.84264828,6
TNG50-1,67,0.5,368445,0.07084857,0.02445432,0.73496404,1.9400933,7
TNG50-1,67,0.5,368445,-0.02395467,0.04394836,1.05183974,-2.42000376,8
TNG50-1,67,0.5,368445,-0.15455875,0.08165769,0.79951229,0.65384729,9
TNG50-1,67,0.5,271076,0.05019423,-0.05931321,0.26208187,1.94785501,0
TNG50-1,67,0.5,271076,-0.08444919,0.01943045,1.00907272,2.42320261,1
TNG50-1,67,0.5,271076,0.01474218,-0.05904836,1.31253586,-1.50598065,2
TNG50-1,67,0.5,271076,-0.02536101,-0.02295311,0.85697716,-0.32416242,3
TNG50-1,67,0.5,271076,-0.03500176,-0.06394009,1.08464311,2.15445085,4
TNG50-1,67,0.5,271076,-0.04896619,-0.02643703,1.25123321,3.07045035,5
TNG50-1,67,0.5,271076,0.01597617,-0.01004873,1.08093352,2.1986881,6
TNG50-1,67,0.5,271076,0.02159025,-0.05746593,1.19939712,-0.03747321,7
TNG50-1,67,0.5,271076,-0.08625749,0.01572207,1.23477993,2.32563271,8
TNG50-1,67,0.5,271076,0.05752621,0.0222716,0.97427999,1.29827747,9
TNG50-1,67,0.5,374417,0.08382242,-0.04226788,1.29646041,2.900866,0
TNG50-1,67,0.5,374417,0.06786633,0.02375983,0.23652545,1.55905018,1
TNG50-1,67,0.5,374417,0.03019074,0.02315181,0.66537732,0.79533965,2
TNG50-1,67,0.5,374417,-0.03714467,-0.00475118,1.24687581,2.158443,3
TNG50-1,67,0.5,374417,-0.02419091,0.04708823,0.73570815,2.06541581,4
TNG50-1,67,0.5,374417,-0.02014535,0.02454867,1.10860093,2.43915716,5
TNG50-1,67,0.5,374417,0.03811668,-0.02872789,0.81943169,-2.45760634,6
TNG50-1,67,0.5,374417,0.02019439,-0.00710586,0.98710056,-2.32823066,7
TNG50-1,67,0.5,374417,0.07100162,-0.01746105,1.28444311,1.87800855,8
TNG50-1,67,0.5,374417,0.08054099,-0.03637586,0.99716807,3.11232675,9
TNG50-1,67,0.5,404816,0.05533227,0.04370208,1.36662846,2.9008724,0
TNG50-1,67,0.5,404816,-0.04173652,0.01786049,0.61831907,2.20531282,1
TNG50-1,67,0.5,404816,-0.02099043,0.00936124,0.74129595,2.47664667,2
TNG50-1,67,0.5,404816,0.06140535,-0.03530833,0.7565108,-2.66532155,3
TNG50-1,67,0.5,404816,0.05266828,0.07340663,1.3717712,0.18625536,4
TNG50-1,67,0.5,404816,-0.03048173,-0.08920106,0.79830223,-1.59176671,5
TNG50-1,67,0.5,404816,-0.02270042,-0.02342468,0.95771822,0.28226559,6
TNG50-1,67,0.5,404816,-0.08780342,0.00803507,0.66631841,1.29801012,7
TNG50-1,67,0.5,404816,-0.10277558,-2.062e-05,1.31972413,1.55084238,8
TNG50-1,67,0.5,404816,0.0381849,-0.00010244,0.68427844,3.08878856,9
TNG50-1,67,0.5,355961,0.06049217,0.08613501,0.72630096,-0.43664006,0
TNG50-1,67,0.5,355961,0.05985847,0.004289,1.10794355,3.03918745,1
TNG50-1,67,0.5,355961,-0.05603738,-0.12739478,1.18675396,0.00386436,2
TNG50-1,67,0.5,355961,-0.00387094,-0.09060633,1.0038186,-1.80483538,3
TNG50-1,67,0.5,355961,-0.06342093,0.10478191,1.30584868,1.83001228,4
TNG50-1,67,0.5,355961,-0.00299798,-0.01795185,0.30895665,2.69386767,5
TNG50-1,67,0.5,355961,-0.01740055,0.01200041,0.90764809,-1.49305397,6
TNG50-1,67,0.5,355961,-0.05390281,0.00048646,1.2800524,-3.09936397,7
TNG50-1,67,0.5,355961,0.02516431,0.07081598,0.61830618,0.68662695,8
TNG50-1,67,0.5,355961,-0.01293714,-0.09534552,0.71735655,1.46260012,9
TNG50-1,67,0.5,109,-0.01400086,0.03060073,1.24609525,-0.33447553,0
TNG50-1,67,0.5,109,-0.03063228,0.00095161,0.20944819,0.38669762,1
TNG50-1,67,0.5,109,0.01869399,-0.11730101,1.20638428,-0.48245988,2
TNG50-1,67,0.5,109,0.01579011,-0.01091543,1.2595546,-1.80962799,3
TNG50-1,67,0.5,109,-0.00058989,0.03150483,0.52504446,-1.77480879,4
TNG50-1,67,0.5,109,-0.03570011,-0.01396801,0.98868937,0.06226019,5
TNG50-1,67,0.5,109,-0.00120156,0.01516274,0.46802615,-3.05174712,6
TNG50-1,67,0.5,109,0.01616843,-0.01122883,0.68257005,-0.38359993,7
TNG50-1,67,0.5,109,-0.00892172,0.01162466,1.26931604,-2.93283339,8
TNG50-1,67,0.5,109,0.05537735,0.07005042,1.2987138,2.34447583,9
TNG50-1,67,0.5,327096,0.04858718,0.08398866,0.39761762,-0.08299568,0
TNG50-1,67,0.5,327096,-0.01293381,0.04754088,1.38430509,0.9650154,1
TNG50-1,67,0.5,327096,0.02149377,-0.01938979,0.4891296,-3.10875588,2
TNG50-1,67,0.5,327096,-0.08182118,-0.08802838,0.32880786,-1.70360024,3
TNG50-1,67,0.5,327096,0.01348134,-0.12281398,1.00433086,-2.67809135,4
TNG50-1,67,0.5,327096,-0.00312047,0.10023519,0.81594504,2.92634729,5
TNG50-1,67,0.5,327096,-0.01870829,-0.00868306,1.10375866,1.9045042,6
TNG50-1,67,0.5,327096,0.0016405,0.03814912,1.3182301,-2.94688292,7
TNG50-1,67,0.5,327096,-0.00644209,-0.04743645,1.17807592,1.97284392,8
TNG50-1,67,0.5,327096,-0.06568197,-0.01536857,1.33335562,2.05624985,9
TNG50-1,67,0.5,335208,0.04009751,0.04890256,1.17147193,0.68025554,0
TNG50-1,67,0.5,335208,-0.00194371,-0.02122996,1.39952148,1.82993216,1
TNG50-1,67,0.5,335208,0.06335894,0.02721235,0.64040536,2.52760928,2
TNG50-1,67,0.5,335208,0.07308153,-0.02761227,0.82497017,-1.5729491,3
TNG50-1,67,0.5,335208,0.08030654,0.0006885,0.93025244,2.60392762,4
TNG50-1,67,0.5,335208,-0.07122098,-0.00461043,0.83132807,1.02163984,5
TNG50-1,67,0.5,335208,0.02011426,-0.09991714,1.12389944,0.38188066,6
TNG50-1,67,0.5,335208,-0.07887001,-0.04047528,1.29777809,0.02016601,7
TNG50-1,67,0.5,335208,0.06507253,0.11354297,1.09379925,-0.19653672,8
TNG50-1,67,0.5,335208,0.07218855,-0.00433458,0.62828417,-2.67727826,9
TNG50-1,67,0.5,372664,-0.03311315,-0.00871774,1.01302432,2.04668218,0
TNG50-1,67,0.5,372664,-0.08682216,-0.09180957,1.12481236,-0.7912666,1
TNG50-1,67,0.5,372664,0.02969567,-0.11785461,0.28711111,0.2211261,2
TNG50-1,67,0.5,372664,0.03719287,0.03235793,0.20947275,1.72768714,3
TNG50-1,67,0.5,372664,-0.01487548,0.05861536,0.63915464,-1.8292691,4
TNG50-1,67,0.5,372664,0.0822598,-0.09752982,0.61606405,0.6934572,5
TNG50-1,67,0.5,372664,0.0722368,-0.01282728,1.04726658,1.73263839,6
TNG50-1,67,0.5,372664,0.03872589,-0.00087464,0.91910551,-2.81393802,7
TNG50-1,67,0.5,372664,-0.01393107,-0.01462023,1.09845889,-1.54747881,8
TNG50-1,67,0.5,372664,-0.10454631,-0.06892565,0.83483638,-2.9828944,9
TNG50-1,67,0.5,276422,0.00446121,-0.06892741,1.11381581,-1.25651084,0
TNG50-1,67,0.5,276422,0.0784473,0.00909879,0.67172985,-2.00079259,1
TNG50-1,67,0.5,276422,0.04038288,-0.0400353,0.97643267,1.47755418,2
TNG50-1,67,0.5,276422,-0.00373589,-0.02094935,0.92103725,0.25025124,3
TNG50-1,67,0.5,276422,-0.04319701,-0.07553859,0.69961234,2.51711709,4
TNG50-1,67,0.5,276422,-0.03655021,-0.01193014,0.78310214,2.92221776,5
TNG50-1,67,0.5,276422,0.04751085,-0.10613189,0.78406685,2.30677099,6
TNG50-1,67,0.5,276422,-0.07966611,-0.0299933,0.79009445,0.29882167,7
TNG50-1,67,0.5,276422,0.12015949,-0.04136534,0.870958,1.59671444,8
TNG50-1,67,0.5,276422,-0.00158923,-0.02511592,0.60260596,-1.04091585,9
TNG50-1,67,0.5,258163,0.01319859,0.07585494,1.00554073,1.01069383,0
TNG50-1,67,0.5,258163,-0.01789161,-0.01549689,1.38477263,-1.94986849,1
TNG50-1,67,0.5,258163,0.03289529,-0.03223343,1.04895425,0.83373774,2
TNG50-1,67,0.5,258163,0.00314708,0.00907706,1.20902477,1.34034429,3
TNG50-1,67,0.5,258163,0.08760672,-0.04531037,1.32574415,-1.67566346,4
TNG50-1,67,0.5,258163,0.00605732,0.04831734,0.91152451,-2.30628394,5
TNG50-1,67,0.5,258163,-0.06091947,0.03826762,1.20041576,-0.41765969,6
TNG50-1,67,0.5,258163,-0.01063837,0.00653123,1.24063835,-0.47559371,7
TNG50-1,67,0.5,258163,0.001057,0.02957765,0.63115008,-2.1783614,8
TNG50-1,67,0.5,258163,-0.0454337,-0.02498353,0.59842624,-1.93701215,9
TNG50-1,67,0.5,54052,-0.07017336,0.0232861,0.92490888,-3.1124869,0
TNG50-1,67,0.5,54052,-0.03012191,-0.11081425,1.15213733,2.85084331,1
TNG50-1,67,0.5,54052,-0.08919749,-0.00417389,0.94207689,-1.65255085,2
TNG50-1,67,0.5,54052,0.01806385,-0.05087009,0.30188021,1.21969496,3
TNG50-1,67,0.5,54052,-0.02140679,-0.05551071,1.1851121,-2.84387311,4
TNG50-1,67,0.5,54052,0.03777934,-0.03275066,1.14094342,1.55981907,5
TNG50-1,67,0.5,54052,0.00158273,0.00617595,0.45778822,-1.75885834,6
TNG50-1,67,0.5,54052,-0.10650927,-0.03532726,1.06858436,1.88653463,7
TNG50-1,67,0.5,54052,-0.08301891,-0.09930718,0.29151012,2.93173422,8
TNG50-1,67,0.5,54052,0.0041207,0.00578164,1.10047958,-2.85742664,9
TNG50-1,67,0.5,296868,0.10493948,0.06100929,0.8206258,2.91462984,0
TNG50-1,67,0.5,296868,-0.06561379,-0.03111499,0.66704356,1.03881672,1
TNG50-1,67,0.5,296868,0.09490261,-0.04317276,1.33042889,-1.45721842,2
TNG50-1,67,0.5,296868,-0.09245014,0.0526788,1.12854651,1.88666291,3
TNG50-1,67,0.5,296868,-0.07271005,0.02271069,0.60156528,-1.72115439,4
TNG50-1,67,0.5,296868,0.01544818,0.02943666,1.30683663,0.40844334,5
TNG50-1,67,0.5,296868,0.05083543,-0.03305919,0.225765,-0.79770651,6
TNG50-1,67,0.5,296868,-0.00332197,0.03190283,0.81960787,1.8793538,7
TNG50-1,67,0.5,296868,0.02247097,-0.0547243,0.3723503,1.63042263,8
TNG50-1,67,0.5,296868,0.05522064,0.01236207,0.7050679,2.28641533,9
TNG50-1,67,0.5,184181,-0.04119111,0.00419319,0.79599563,2.99271076,0
TNG50-1,67,0.5,184181,0.01088073,-0.10978636,0.24839691,0.64491655,1
TNG50-1,67,0.5,184181,-0.00271619,-0.01460822,0.87063933,-3.03320231,2
TNG50-1,67,0.5,184181,0.01335235,-0.02438795,0.62289075,0.12559794,3
TNG50-1,67,0.5,184181,-0.09065803,0.05783709,1.10401659,2.73974079,4
TNG50-1,67,0.5,184181,0.09348442,0.08342386,0.84837309,3.04373008,5
TNG50-1,67,0.5,184181,0.08092656,0.08454939,0.64234248,-1.09508905,6
TNG50-1,67,0.5,184181,-0.05750167,0.05791294,0.30693833,1.7712871,7
TNG50-1,67,0.5,184181,0.02886808,0.00412088,1.18749603,-0.25950462,8
TNG50-1,67,0.5,184181,-0.07434897,0.01941488,1.33473011,-0.64082338,9
TNG50-1,67,0.5,153307,0.00331439,0.08896393,0.97534836,0.07024253,0
TNG50-1,67,0.5,153307,-0.00875464,-0.02166799,0.65795906,2.27662413,1
TNG50-1,67,0.5,153307,0.03528923,0.02492882,0.86177612,-0.64951569,2
TNG50-1,67,0.5,153307,-0.10275208,0.0238022,0.35763833,0.05173056,3
TNG50-1,67,0.5,153307,-0.01016774,-0.01178081,0.66219488,1.55588858,4
TNG50-1,67,0.5,153307,0.00272223,0.05666995,0.4773928,2.04013431,5
TNG50-1,67,0.5,153307,-0.04991017,0.01441183,1.08974521,-1.88790565,6
TNG50-1,67,0.5,153307,0.01717959,-0.06005223,0.5971222,-0.68417614,7
TNG50-1,67,0.5,153307,0.03931893,0.03752978,0.23026749,-0.66284334,8
TNG50-1,67,0.5,153307,0.02259688,-0.0249687,1.26359737,-2.18136956,9
TNG50-1,67,0.5,242561,-0.08022241,0.04553562,1.06759265,-3.07835676,0
TNG50-1,67,0.5,242561,0.10818619,0.01518762,0.65365668,2.39984556,1
TNG50-1,67,0.5,242561,0.03748826,0.01048087,0.97785736,2.81089794,2
TNG50-1,67,0.5,242561,0.04703015,-0.03600335,0.8515773,-2.7727386,3
TNG50-1,67,0.5,242561,-0.01422722,0.02021882,0.97997502,0.80156695,4
TNG50-1,67,0.5,242561,0.05629884,0.0966273,1.15983697,1.77612526,5
TNG50-1,67,0.5,242561,-0.06851143,0.00876432,1.26422425,0.72484979,6
TNG50-1,67,0.5,242561,-0.01227435,0.02779828,0.53814615,2.38835725,7
TNG50-1,67,0.5,242561,0.03699063,0.03517612,1.16699499,-2.30919458,8
TNG50-1,67,0.5,242561,-0.03134036,-0.05722073,0.21046491,2.81962301,9
TNG50-1,67,0.5,313615,0.00883933,-0.03613512,0.98979293,-3.09655488,0
TNG50-1,67,0.5,313615,0.04831893,0.01876673,1.06369655,-2.29579658,1
TNG50-1,67,0.5,313615,0.01959474,-0.0142889,0.59904362,-2.35264904,2
TNG50-1,67,0.5,313615,0.03251025,0.0063936,0.46293275,1.30415524,3
TNG50-1,67,0.5,313615,0.05667815,0.05071092,0.2323725,0.76811453,4
TNG50-1,67,0.5,313615,-0.01550409,0.0742887,1.29784156,-2.89845071,5
TNG50-1,67,0.5,313615,0.05532247,0.01463507,0.77016815,0.60126659,6
TNG50-1,67,0.5,313615,-0.00784074,0.0542825,0.50361967,-2.71343886,7
TNG50-1,67,0.5,313615,-0.07003304,-0.00885722,1.19736716,-1.87113262,8
TNG50-1,67,0.5,313615,-0.01645987,-0.07815795,0.97780544,2.52183624,9
TNG50-1,67,0.5,178498,-0.03836815,-0.05363683,1.32073041,-1.48564609,0
TNG50-1,67,0.5,178498,-0.00878526,0.01690473,0.23359585,1.9966975,1
TNG50-1,67,0.5,178498,-0.05573751,0.05311483,1.27510907,0.92313666,2
TNG50-1,67,0.5,178498,0.07972598,0.00709659,1.2551125,-0.12223248,3
TNG50-1,67,0.5,178498,-0.00764003,0.0032608,1.18720568,2.96750344,4
TNG50-1,67,0.5,178498,0.01870171,0.01067423,1.10840137,-0.71207208,5
TNG50-1,67,0.5,178498,0.04308956,-0.0934893,1.27690076,-2.02074659,6
TNG50-1,67,0.5,178498,0.10124687,0.00732343,1.12518862,0.48656545,7
TNG50-1,67,0.5,178498,0.04549415,0.03661375,1.38186556,-2.26100594,8
TNG50-1,67,0.5,178498,-0.01239155,-0.00228415,0.61140282,-1.40230642,9
TNG50-1,67,0.5,173144,0.03009019,0.01872388,1.11369939,2.3104729,0
TNG50-1,67,0.5,173144,-0.01208951,0.03847668,0.4700203,-2.06721517,1
TNG50-1,67,0.5,173144,-0.10809377,0.07043841,1.28591716,1.25622521,2
TNG50-1,67,0.5,173144,0.06398347,-0.01716429,0.8662666,-0.98367481,3
TNG50-1,67,0.5,173144,0.05646393,0.02203108,0.45750532,2.36020825,4
TNG50-1,67,0.5,173144,-0.03033788,-0.10732951,1.38835112,0.20942522,5
TNG50-1,67,0.5,173144,0.0024886,-0.07899204,0.30637964,1.67017555,6
TNG50-1,67,0.5,173144,0.06087945,0.02499917,0.48309386,-2.09213861,7
TNG50-1,67,0.5,173144,0.05165819,0.03263314,0.72388056,-1.62081238,8
TNG50-1,67,0.5,173144,0.06786846,-0.01936423,0.73110549,2.12477311,9
TNG50-1,67,0.5,414327,0.01188151,-0.06692131,0.70157295,2.91786762,0
TNG50-1,67,0.5,414327,-0.02063492,-0.03328527,1.24955588,-2.86483915,1
TNG50-1,67,0.5,414327,-0.06646137,0.01293414,0.6676114,-2.32067196,2
TNG50-1,67,0.5,414327,-0.06990349,0.05138885,1.06304706,-1.58787845,3
TNG50-1,67,0.5,414327,0.07246782,-0.03317777,1.2325601,1.91236105,4
TNG50-1,67,0.5,414327,-0.07342978,-0.02308299,1.31498694,-1.43715025,5
TNG50-1,67,0.5,414327,-0.02201685,-0.00597905,1.19754447,-1.93818669,6
TNG50-1,67,0.5,414327,0.00776537,-0.04027684,0.950477,-2.18110542,7
TNG50-1,67,0.5,414327,-0.13007816,0.02089049,1.19182652,-2.1996312,8
TNG50-1,67,0.5,414327,-0.06252972,0.0224347,0.7821207,1.38116223,9
TNG50-1,67,0.5,294406,0.07315577,-0.10356687,1.35184331,-1.45383721,0
TNG50-1,67,0.5,294406,-0.03688196,-0.10602723,0.2706903,1.58812807,1
TNG50-1,67,0.5,294406,0.02788394,-0.04168313,1.00913042,2.11569147,2
TNG50-1,67,0.5,294406,0.00401815,-0.06566106,0.48478943,0.75399398,3
TNG50-1,67,0.5,294406,-0.05768197,-0.05217615,0.34519386,-0.58474843,4
TNG50-1,67,0.5,294406,0.06463324,-0.06565271,1.00746955,0.34557506,5
TNG50-1,67,0.5,294406,0.05407316,-0.00611969,1.03503125,0.46585234,6
TNG50-1,67,0.5,294406,-0.07853313,-0.04461381,0.46520338,0.8490734,7
TNG50-1,67,0.5,294406,-0.00367852,0.05569832,1.37141498,2.65271701,8
TNG50-1,67,0.5,294406,0.01036832,0.00901351,0.97078671,-1.57630511,9
TNG50-1,67,0.5,381701,0.02184473,-0.04334451,0.87749689,-2.23718845,0
TNG50-1,67,0.5,381701,-0.01271751,-0.0663444,0.83459399,0.31355518,1
TNG50-1,67,0.5,381701,0.02230155,-0.02065814,1.24701066,-0.91965973,2
TNG50-1,67,0.5,381701,0.0077316,0.0304543,1.1549338,-1.95427693,3
TNG50-1,67,0.5,381701,-0.04820501,-0.13988617,0.91054353,2.38744357,4
TNG50-1,67,0.5,381701,0.01127049,0.04377664,0.55427131,-0.24772934,5
TNG50-1,67,0.5,381701,-0.06455256,-0.01043078,1.29226191,-2.64047072,6
TNG50-1,67,0.5,381701,0.01087711,-0.0570955,0.5250389,-1.24319926,7
TNG50-1,67,0.5,381701,-0.00314186,-0.01839228,0.84556784,-2.00116386,8
TNG50-1,67,0.5,381701,0.07702996,-0.03705365,0.96837418,2.75985877,9
TNG50-1,67,0.5,402361,0.08569897,-0.08837231,1.17150843,-0.46991038,0
TNG50-1,67,0.5,402361,-0.00740514,0.01288412,0.93519912,1.42049221,1
TNG50-1,67,0.5,402361,0.05838851,-0.03282936,0.83542026,-3.11075725,2
TNG50-1,67,0.5,402361,0.01913911,-0.02729399,1.13995511,-0.10669015,3
TNG50-1,67,0.5,402361,0.03535451,0.02287514,1.09891032,2.65788905,4
TNG50-1,67,0.5,402361,-0.00885338,0.08489595,0.94772031,0.72824485,5
TNG50-1,67,0.5,402361,-0.00558312,-0.01160255,0.60509276,-0.08545294,6
TNG50-1,67,0.5,402361,0.02094599,0.09864403,1.00428391,1.70918245,7
TNG50-1,67,0.5,402361,0.03990698,-0.05484994,0.9671579,-0.67229616,8
TNG50-1,67,0.5,402361,0.02630308,0.06158714,0.8596839,-0.20580187,9
TNG50-1,67,0.5,131717,-0.04462102,-0.00274049,0.75142335,-0.02059613,0
TNG50-1,67,0.5,131717,-0.07796991,0.08856548,1.30802261,-1.5182208,1
TNG50-1,67,0.5,131717,-0.01813609,0.03220092,1.09358662,2.07960783,2
TNG50-1,67,0.5,131717,-0.04376161,-0.01492411,1.25582146,2.09905492,3
TNG50-1,67,0.5,131717,0.0482198,0.04469315,1.20269648,0.15906509,4
TNG50-1,67,0.5,131717,0.02582513,0.04289039,0.37355049,-2.84242892,5
TNG50-1,67,0.5,131717,-0.0242267,0.01298587,1.28622022,-1.9291818,6
TNG50-1,67,0.5,131717,0.02613598,-0.01642849,0.48921479,-2.78920988,7
TNG50-1,67,0.5,131717,-0.00537374,-0.01973048,0.55112258,-2.01163706,8
TNG50-1,67,0.5,131717,-0.01347246,-0.05375733,0.68816561,0.05291247,9
TNG50-1,67,0.5,391212,-0.05726805,0.01222858,0.53608402,0.31604971,0
TNG50-1,67,0.5,391212,-0.01453405,0.00030597,1.28594468,-3.02234674,1
TNG50-1,67,0.5,391212,0.11029443,-0.02994295,1.16116915,0.87739824,2
TNG50-1,67,0.5,391212,-0.11365276,-0.01804573,1.20829398,2.22971081,3
TNG50-1,67,0.5,391212,0.00831708,-0.02320306,0.47784925,-1.09556556,4
TNG50-1,67,0.5,391212,-0.05052828,0.00051723,0.63830612,1.12965101,5
TNG50-1,67,0.5,391212,0.06884382,-0.09460507,0.56297371,-0.1032749,6
TNG50-1,67,0.5,391212,0.04081546,0.05148322,0.88839634,-3.11660133,7
TNG50-1,67,0.5,391212,0.0092955,0.09734358,1.21451052,-1.35721708,8
TNG50-1,67,0.5,391212,0.04587161,-0.02161079,1.07540802,0.17505114,9
TNG50-1,67,0.5,379569,0.09399259,-0.03817623,0.77640884,-1.79747108,0
TNG50-1,67,0.5,379569,-0.01193316,-0.00208527,0.31131359,1.62088396,1
TNG50-1,67,0.5,379569,0.05944897,-0.09272446,1.29460834,1.84278284,2
TNG50-1,67,0.5,379569,-0.06673187,-0.02344198,1.13448383,0.5097745,3
TNG50-1,67,0.5,379569,-0.05903999,0.04985997,1.33626699,-1.1603712,4
TNG50-1,67,0.5,379569,0.0842236,-0.03921712,1.05150923,2.74261562,5
TNG50-1,67,0.5,379569,-0.0215978,-0.06359528,0.97620598,-0.85511918,6
TNG50-1,67,0.5,379569,-0.05837238,-0.03880567,1.09280406,-2.8279286,7
TNG50-1,67,0.5,379569,-0.00238622,-0.03048406,0.98117531,-2.28652746,8
TNG50-1,67,0.5,379569,0.06319884,0.03823569,0.60859839,2.46043257,9
TNG50-1,67,0.5,410462,0.01406454,-0.04109459,1.02972074,-1.78334676,0
TNG50-1,67,0.5,410462,-0.07220832,0.00835636,1.20284781,1.65191988,1
TNG50-1,67,0.5,410462,0.02153616,-0.03820825,1.14195758,-1.43924592,2
TNG50-1,67,0.5,410462,-0.02979053,-0.06632163,1.14275941,0.27372352,3
TNG50-1,67,0.5,410462,-0.00780526,0.02400749,0.68980853,-2.79965311,4
TNG50-1,67,0.5,410462,0.05696469,0.06532222,1.2315831,2.17686695,5
TNG50-1,67,0.5,410462,0.03210973,-0.03606987,0.27634423,-0.8409924,6
TNG50-1,67,0.5,410462,-0.00881908,0.04375051,0.75700256,0.53084365,7
TNG50-1,67,0.5,410462,-0.00505418,0.03624029,1.0530281,2.68470349,8
TNG50-1,67,0.5,410462,-0.12802847,-0.0488409,0.20798184,-2.95154687,9
TNG50-1,67,0.5,358004,0.09558604,0.03440904,0.57383266,2.68122379,0
TNG50-1,67,0.5,358004,-0.01774073,-0.03395277,1.34445081,1.7144365,1
TNG50-1,67,0.5,358004,-0.02360792,-0.05899036,1.3403406,0.17983283,2
TNG50-1,67,0.5,358004,0.05730827,0.06280407,1.14554919,1.77936216,3
TNG50-1,67,0.5,358004,-0.07002788,0.02640639,0.76433601,-1.20462677,4
TNG50-1,67,0.5,358004,-0.00391661,-0.01809015,0.55058107,1.79790356,5
TNG50-1,67,0.5,358004,0.00420796,0.04604273,0.50691191,1.76663363,6
TNG50-1,67,0.5,358004,-0.03518569,0.01208699,1.22592543,2.2318414,7
TNG50-1,67,0.5,358004,-0.07827995,0.08946075,0.65729171,-1.61857333,8
TNG50-1,67,0.5,358004,0.00345502,0.03320847,0.81060715,2.19283695,9
TNG50-1,67,0.5,395902,0.02109402,-0.01999534,1.34665205,-2.49189859,0
TNG50-1,67,0.5,395902,0.00188549,-0.00826778,1.08146804,-1.54380645,1
TNG50-1,67,0.5,395902,-0.01328412,0.02510767,1.04834614,-1.63481175,2
TNG50-1,67,0.5,395902,-0.00040963,-0.00178977,0.85267667,1.8641344,3
TNG50-1,67,0.5,395902,-0.03314915,0.04664897,1.31515578,1.39730847,4
TNG50-1,67,0.5,395902,0.03264077,0.05224483,0.80335863,-2.65984375,5
TNG50-1,67,0.5,395902,-0.0656784,0.01543839,1.05903665,2.20812526,6
TNG50-1,67,0.5,395902,0.01639073,0.03412951,0.44210655,-2.53758977,7
TNG50-1,67,0.5,395902,-0.03388817,0.10124653,1.00704915,1.79465248,8
TNG50-1,67,0.5,395902,-0.0213464,-0.07066645,1.31537275,-2.44028176,9
TNG50-1,67,0.5,378394,-0.00081952,-0.03791044,1.23325759,1.71728362,0
TNG50-1,67,0.5,378394,0.00084115,0.06598183,1.10110857,-2.63756055,1
TNG50-1,67,0.5,378394,-0.00321589,0.00377526,0.82361588,2.03426095,2
TNG50-1,67,0.5,378394,0.06898634,0.03314342,1.10374244,-1.41645233,3
TNG50-1,67,0.5,378394,0.01904395,0.01311613,0.49887311,-2.69671471,4
TNG50-1,67,0.5,378394,0.03980442,0.09031507,0.33316984,0.56216615,5
TNG50-1,67,0.5,378394,-0.01243628,-0.07801813,0.80891274,-1.7166481,6
TNG50-1,67,0.5,378394,0.02134995,-0.00568984,0.63715903,-2.63990003,7
TNG50-1,67,0.5,378394,-0.0654244,-0.04800435,0.44063393,0.6883948,8
TNG50-1,67,0.5,378394,0.01290514,-0.10248165,0.7398896,-2.52237013,9
TNG50-1,67,0.5,389958,0.00708165,0.09717138,0.85302253,-0.9233364,0
TNG50-1,67,0.5,389958,-0.04852388,0.03947008,0.58198164,-3.05830454,1
TNG50-1,67,0.5,389958,-0.10175425,0.02880373,0.56014337,0.58094945,2
TNG50-1,67,0.5,389958,0.03543308,-0.00226722,1.31548086,0.48060716,3
TNG50-1,67,0.5,389958,0.06329343,0.02072373,0.43330456,-2.17035058,4
TNG50-1,67,0.5,389958,0.01978853,-0.03615091,0.57009459,2.55302254,5
TNG50-1,67,0.5,389958,-0.08553501,0.02774679,0.80334726,-2.14082948,6
TNG50-1,67,0.5,389958,0.00801596,-0.00966842,1.10277605,-1.33771435,7
TNG50-1,67,0.5,389958,-0.02434254,-0.04111278,0.68571584,-0.80432284,8
TNG50-1,67,0.5,389958,0.00808282,0.04075009,0.83284371,1.14960712,9
TNG50-1,67,0.5,367728,0.0704005,0.07037999,0.87243713,2.32158277,0
TNG50-1,67,0.5,367728,0.03834361,-0.04545194,1.05734983,-2.27467296,1
TNG50-1,67,0.5,367728,-0.01532444,0.00237267,1.20675605,-1.31013193,2
TNG50-1,67,0.5,367728,-0.04152755,0.0817896,1.24681571,1.22692746,3
TNG50-1,67,0.5,367728,0.04744575,-0.01521165,0.62042981,-1.18987331,4
TNG50-1,67,0.5,367728,0.04382301,-0.0063741,0.48371337,-2.63167338,5
TNG50-1,67,0.5,367728,0.03195987,-0.06752013,1.12352347,-0.78913489,6
TNG50-1,67,0.5,367728,-0.00889142,0.03116003,0.96349615,1.10830362,7
TNG50-1,67,0.5,367728,-0.05472956,-0.0370299,1.15614368,3.04109269,8
TNG50-1,67,0.5,367728,-0.0007418,-0.07773017,1.00178327,2.4639071,9
TNG50-1,67,0.5,285387,-0.02749698,-0.00885388,1.24654123,2.11819609,0
TNG50-1,67,0.5,285387,0.02126645,0.02833841,0.57545125,1.57720603,1
TNG50-1,67,0.5,285387,0.0220348,-0.0766635,1.06688749,-1.34799913,2
TNG50-1,67,0.5,285387,0.03450137,-0.08793528,1.18384486,0.21223706,3
TNG50-1,67,0.5,285387,-0.04653105,0.0233398,0.85906774,0.48617335,4
TNG50-1,67,0.5,285387,0.02578359,0.06538672,1.18524965,1.04584684,5
TNG50-1,67,0.5,285387,-0.04777312,-0.06157244,1.1569881,-0.50943587,6
TNG50-1,67,0.5,285387,0.035567,0.00075923,1.36242427,0.9583879,7
TNG50-1,67,0.5,285387,0.06113271,0.02194318,0.91858677,-2.077286,8
TNG50-1,67,0.5,285387,0.03615768,-0.03072759,1.29240477,-0.18209468,9
TNG50-1,67,0.5,363906,-0.01535646,0.0496331,1.01875274,1.71210008,0
TNG50-1,67,0.5,363906,-0.02651399,0.05279583,1.30960078,1.16971441,1
TNG50-1,67,0.5,363906,-0.01387955,-0.06623142,1.3295658,-1.59027248,2
TNG50-1,67,0.5,363906,0.032309,-0.0637272,1.12101589,1.4633499,3
TNG50-1,67,0.5,363906,-0.02009371,0.04995421,0.70218673,-0.08557015,4
TNG50-1,67,0.5,363906,-0.01698197,-0.01437597,0.79612734,0.46983619,5
TNG50-1,67,0.5,363906,0.03716136,-0.1100003,1.15593678,-0.8985383,6
TNG50-1,67,0.5,363906,0.0030854,-0.03649508,1.39638725,1.82582663,7
TNG50-1,67,0.5,363906,-0.0295894,-0.0219521,0.80848373,-1.90953789,8
TNG50-1,67,0.5,363906,0.01203209,-0.01562847,0.89285934,-1.8564338,9
TNG50-1,67,0.5,393003,-0.04547826,0.04774881,0.20530226,-1.33643939,0
TNG50-1,67,0.5,393003,0.02997357,0.02141931,1.33609053,2.00698859,1
TNG50-1,67,0.5,393003,-0.02479049,-0.06533336,0.8572821,0.07901775,2
TNG50-1,67,0.5,393003,0.01374248,-0.05016399,1.20438296,-1.5260656,3
TNG50-1,67,0.5,393003,0.00739336,-0.10682554,0.48162001,1.03264551,4
TNG50-1,67,0.5,393003,-0.01746549,0.04548449,0.6204957,-3.02446291,5
TNG50-1,67,0.5,393003,-0.0216215,0.0344288,0.78678871,1.38286239,6
TNG50-1,67,0.5,393003,0.01704362,-0.05443785,0.97749972,-0.18639073,7
TNG50-1,67,0.5,393003,-0.04519111,0.03248255,0.76427947,0.84392111,8
TNG50-1,67,0.5,393003,-0.04330475,0.09927506,0.903282,-2.1537651,9
TNG50-1,67,0.5,387998,-0.04517704,0.09593839,1.29928677,1.28452917,0
TNG50-1,67,0.5,387998,0.09945836,0.07181639,1.20568589,0.35301725,1
TNG50-1,67,0.5,387998,0.11799316,-0.00689858,0.81982044,1.88147764,2
TNG50-1,67,0.5,387998,0.09330903,0.07625253,0.34740338,0.76094285,3
TNG50-1,67,0.5,387998,0.00607078,-0.00019214,0.38552948,2.01468386,4
TNG50-1,67,0.5,387998,0.01720526,-0.02728889,0.39120945,-0.98085969,5
TNG50-1,67,0.5,387998,0.07455181,-0.01426683,1.0162845,-1.33243151,6
TNG50-1,67,0.5,387998,-0.01203754,0.00737056,0.25107284,1.61632623,7
TNG50-1,67,0.5,387998,0.02706513,-0.03925251,1.08673169,-0.01433367,8
TNG50-1,67,0.5,387998,0.01136096,-0.02588094,1.32822213,-2.01441834,9
TNG50-1,67,0.5,417693,1.839e-05,0.00436616,0.63171925,2.04922653,0
TNG50-1,67,0.5,417693,-0.04629702,-0.08540954,1.08295451,-1.77336261,1
TNG50-1,67,0.5,417693,-0.02557904,-0.03028404,0.52737558,0.05187548,2
TNG50-1,67,0.5,417693,-0.00180647,-0.01080784,0.5120104,1.28356399,3
TNG50-1,67,0.5,417693,-0.10179281,-0.00717588,0.79408496,-0.56365046,4
TNG50-1,67,0.5,417693,0.04775328,0.05707094,1.17710018,-1.61086182,5
TNG50-1,67,0.5,417693,-0.06864521,0.09971467,0.23236411,0.00114284,6
TNG50-1,67,0.5,417693,-0.04694281,0.03074268,0.58734896,-1.25810596,7
TNG50-1,67,0.5,417693,0.05000767,-0.02671958,0.53574274,0.72458121,8
TNG50-1,67,0.5,417693,0.02846557,0.06072067,1.39049625,-2.45228407,9
TNG50-1,67,0.5,269551,-0.02763393,0.06069107,0.98848998,1.50152508,0
TNG50-1,67,0.5,269551,-0.08325245,0.0804715,1.0806925,-2.7105531,1
TNG50-1,67,0.5,269551,-0.09191377,-0.06258676,1.18850426,1.18020987,2
TNG50-1,67,0.5,269551,-0.1033568,0.02416014,1.12900101,-1.9093773,3
TNG50-1,67,0.5,269551,0.03083786,-0.01361083,0.92226983,-0.16233003,4
TNG50-1,67,0.5,269551,-0.06645262,-0.00733376,1.26488469,-1.29327739,5
TNG50-1,67,0.5,269551,-0.01273878,-0.07557375,0.94892742,2.72791417,6
TNG50-1,67,0.5,269551,0.04459581,-0.02659742,1.36022707,-2.79953501,7
TNG50-1,67,0.5,269551,0.02316726,-0.02113726,1.04416503,2.39362995,8
TNG50-1,67,0.5,269551,0.020696,0.0715127,0.32489566,1.26529949,9
TNG50-1,67,0.5,367142,-0.04105471,-0.04262977,0.90527486,2.11494175,0
TNG50-1,67,0.5,367142,-0.00125256,-0.01097563,0.84772664,1.41273982,1
TNG50-1,67,0.5,367142,0.01516503,0.02237391,1.17709668,-0.88194824,2
TNG50-1,67,0.5,367142,-0.01495056,-0.11067202,0.24642779,1.46071155,3
TNG50-1,67,0.5,367142,0.03583947,-0.04002547,1.08848886,-0.54036967,4
TNG50-1,67,0.5,367142,0.01649106,-0.0288739,0.56609726,-2.74269592,5
TNG50-1,67,0.5,367142,-0.02899643,-0.07188271,1.37112411,1.04040074,6
TNG50-1,67,0.5,367142,0.06303659,-0.05108836,0.74783498,2.74459712,7
TNG50-1,67,0.5,367142,0.02809481,0.00686506,1.14197185,-2.61598998,8
TNG50-1,67,0.5,367142,-0.04212837,-0.02444561,0.92115508,1.17888454,9
TNG50-1,67,0.5,184185,-0.04764404,-0.08600194,1.22428758,0.35544752,0
TNG50-1,67,0.5,184185,0.05934566,0.12598314,0.64084771,0.91636847,1
TNG50-1,67,0.5,184185,-0.0435864,-0.0047063,1.11332107,-2.78746885,2
TNG50-1,67,0.5,184185,0.09306994,-0.05146721,1.20382861,1.06599686,3
TNG50-1,67,0.5,184185,-0.03821876,0.02101091,1.29902763,0.61394038,4
TNG50-1,67,0.5,184185,-0.01904179,-0.12309538,0.56867565,-1.620583,5
TNG50-1,67,0.5,184185,-0.00952051,-0.01667839,0.83007698,-2.43326516,6
TNG50-1,67,0.5,184185,-0.07705302,-0.01026707,0.55194058,-0.96016618,7
TNG50-1,67,0.5,184185,-0.07690878,-0.06331024,0.89595969,-2.76345354,8
TNG50-1,67,0.5,184185,0.04560172,-0.03158905,0.52188736,0.63352889,9
TNG50-1,67,0.5,403655,-0.02909293,0.03079104,0.41536697,1.47533166,0
TNG50-1,67,0.5,403655,-0.02794321,-0.02656165,1.27723182,1.24655431,1
TNG50-1,67,0.5,403655,0.01136346,-0.05085389,1.16622355,1.79531904,2
TNG50-1,67,0.5,403655,0.06864491,0.01812979,1.37209061,1.22012816,3
TNG50-1,67,0.5,403655,0.02132715,-0.0067386,1.13501197,-2.7554442,4
TNG50-1,67,0.5,403655,0.0478979,0.00680651,1.04096523,2.67494635,5
TNG50-1,67,0.5,403655,-0.04581142,0.03285719,1.19667924,-0.44729574,6
TNG50-1,67,0.5,403655,0.03084626,0.0653643,1.38962257,-0.29262799,7
TNG50-1,67,0.5,403655,-0.03356721,0.03316326,1.39135007,2.42888799,8
TNG50-1,67,0.5,403655,0.00700759,0.02659702,0.40659822,-1.8566627,9
TNG50-1,67,0.5,299414,0.03025809,-0.04085701,0.5956207,0.27852849,0
TNG50-1,67,0.5,299414,0.05116676,-0.0394846,0.8427491,-2.80681617,1
TNG50-1,67,0.5,299414,-0.02171371,-0.01473225,1.30618087,0.61366176,2
TNG50-1,67,0.5,299414,0.02578648,0.06508705,1.00611728,0.02045884,3
TNG50-1,67,0.5,299414,-0.07773945,0.02074537,1.14903295,-2.19784843,4
TNG50-1,67,0.5,299414,0.00910686,0.02590042,0.9190917,-3.12928222,5
TNG50-1,67,0.5,299414,0.00589802,0.04056034,0.9877371,-1.0341102,6
TNG50-1,67,0.5,299414,0.09107084,-0.04970786,1.38161476,1.75736461,7
TNG50-1,67,0.5,299414,0.07787925,-0.03545296,1.22592404,-2.30573955,8
TNG50-1,67,0.5,299414,-0.01292199,0.02601164,0.78880076,2.79244659,9
TNG50-1,67,0.5,404515,0.02538436,0.02870451,1.23871984,-0.6169362,0
TNG50-1,67,0.5,404515,-0.00380427,-0.0091266,0.72903804,-1.05515368,1
TNG50-1,67,0.5,404515,-0.04435264,-0.117555,0.89855581,2.42170049,2
TNG50-1,67,0.5,404515,0.00432271,-0.05565842,0.4145241,0.15205289,3
TNG50-1,67,0.5,404515,0.0335172,-0.01502921,0.66484309,2.36207726,4
TNG50-1,67,0.5,404515,-0.06665658,-0.08862687,0.57495914,-0.7089854,5
TNG50-1,67,0.5,404515,-0.06607325,0.04852306,0.44853034,2.55416729,6
TNG50-1,67,0.5,404515,-0.03311057,0.00934165,0.60377538,-2.69091506,7
TNG50-1,67,0.5,404515,-0.00961651,0.03390947,1.30189858,-0.34213415,8
TNG50-1,67,0.5,404515,-0.10984573,-0.05145103,1.24483077,2.52035746,9
TNG50-1,67,0.5,375571,0.05991703,0.04677698,0.28926069,-2.58291774,0
TNG50-1,67,0.5,375571,0.04071008,-0.08660618,0.87886254,-2.99359561,1
TNG50-1,67,0.5,375571,0.01940423,-0.00727301,1.09293276,2.40625728,2
TNG50-1,67,0.5,375571,0.06245845,-0.14515612,0.76837017,-2.92998805,3
TNG50-1,67,0.5,375571,0.00096237,-0.00457868,1.23543003,0.23374876,4
TNG50-1,67,0.5,375571,-0.04944065,-0.00513759,0.30859961,-0.0663729,5
TNG50-1,67,0.5,375571,-0.01747231,0.08881049,1.01541459,2.58262764,6
TNG50-1,67,0.5,375571,-0.00303304,0.07381285,1.39125359,2.58328543,7
TNG50-1,67,0.5,375571,-0.02562113,0.04661752,0.79421355,2.64447861,8
TNG50-1,67,0.5,375571,0.03050336,-0.04798694,1.30005416,-0.62830062,9
TNG50-1,67,0.5,184182,-0.05731148,0.01720972,0.44334327,2.94328052,0
TNG50-1,67,0.5,184182,-0.04119247,-0.05392641,0.58325864,0.33092869,1
TNG50-1,67,0.5,184182,-0.08910989,0.00629403,1.34650779,1.14540679,2
TNG50-1,67,0.5,184182,-0.10285633,-0.1142741,0.55327171,-0.86798927,3
TNG50-1,67,0.5,184182,-0.02379736,-0.01375245,0.57210944,-1.81019034,4
TNG50-1,67,0.5,184182,0.0225012,0.03513459,0.61002247,3.00603917,5
TNG50-1,67,0.5,184182,-0.00573993,0.029024,0.59160547,-0.86926497,6
TNG50-1,67,0.5,184182,0.05801424,-0.0125371,0.26026256,0.38243942,7
TNG50-1,67,0.5,184182,-0.01963997,-0.00256658,1.35442282,-1.60965927,8
TNG50-1,67,0.5,184182,-0.10600696,-0.02485932,1.06913009,2.93394116,9
TNG50-1,67,0.5,384936,-0.0055384,-0.02612397,1.0850075,3.07314467,0
TNG50-1,67,0.5,384936,0.01007431,0.1127305,0.97493708,-2.3323687,1
TNG50-1,67,0.5,384936,0.01636863,-0.03734973,1.09359036,-0.08358292,2
TNG50-1,67,0.5,384936,-0.07075201,-0.03595291,1.09538617,2.75858794,3
TNG50-1,67,0.5,384936,-0.11105405,0.03094221,0.75920567,1.62694601,4
TNG50-1,67,0.5,384936,0.09496871,-0.03635141,0.77699711,-2.76333704,5
TNG50-1,67,0.5,384936,-0.08088663,-0.05327572,0.59823669,2.32669127,6
TNG50-1,67,0.5,384936,0.07918294,-0.00556635,1.34064437,2.12714466,7
TNG50-1,67,0.5,384936,0.02360604,0.03172428,0.4990417,1.76034765,8
TNG50-1,67,0.5,384936,0.00604359,0.09132405,0.3332786,-0.55394431,9
TNG50-1,67,0.5,370480,0.00588369,0.04821586,0.50976241,-1.49945994,0
TNG50-1,67,0.5,370480,0.02923826,-0.03203295,0.32609717,-2.60650427,1
TNG50-1,67,0.5,370480,0.00833136,0.0395755,1.30099408,0.33225308,2
TNG50-1,67,0.5,370480,-0.01777707,0.07213181,0.57833506,-1.4538799,3
TNG50-1,67,0.5,370480,0.02520598,0.00896556,0.83986827,1.52463908,4
TNG50-1,67,0.5,370480,0.04502065,-0.00236719,0.95579484,0.94507155,5
TNG50-1,67,0.5,370480,0.07479909,-0.00491995,0.96895987,-1.73213333,6
TNG50-1,67,0.5,370480,-0.05854488,-0.02352918,0.68026163,2.2717639,7
TNG50-1,67,0.5,370480,0.05309286,0.05622056,1.22472018,-0.96133622,8
TNG50-1,67,0.5,370480,-0.08190838,-0.00538896,0.84559739,1.31352032,9
TNG50-1,67,0.5,403303,0.01471815,0.00536041,1.30518521,0.19313795,0
TNG50-1,67,0.5,403303,0.02986691,-0.09349779,0.66601499,0.4385122,1
TNG50-1,67,0.5,403303,-0.03145922,0.03112802,0.82007727,0.51725446,2
TNG50-1,67,0.5,403303,0.02423816,0.04430099,0.26019266,1.36420751,3
TNG50-1,67,0.5,403303,-0.07600817,-0.00996475,0.90507801,-2.33532206,4
TNG50-1,67,0.5,403303,0.04676013,0.04449539,1.12061149,1.37819364,5
TNG50-1,67,0.5,403303,-0.05777134,0.05852544,1.30087699,2.44740953,6
TNG50-1,67,0.5,403303,-0.0987207,0.02628613,0.41645197,-2.95028938,7
TNG50-1,67,0.5,403303,0.11311658,-0.10831112,1.36894507,-2.91660675,8
TNG50-1,67,0.5,403303,0.00674432,-0.05758049,1.10126153,3.08743199,9
TNG50-1,67,0.5,225714,-0.03837773,0.09804294,0.97197189,1.1601964,0
TNG50-1,67,0.5,225714,0.05912039,0.03979597,0.64098133,-2.70423217,1
TNG50-1,67,0.5,225714,-0.03688666,-0.01142267,0.85952332,2.17606059,2
TNG50-1,67,0.5,225714,0.01197313,-0.00430528,1.07881322,1.30863685,3
TNG50-1,67,0.5,225714,-0.05914957,0.01888813,1.14804514,0.61474794,4
TNG50-1,67,0.5,225714,-0.00833154,0.03521618,1.00357522,-0.28802689,5
TNG50-1,67,0.5,225714,-0.03299155,-0.0617026,0.98247679,-2.06019016,6
TNG50-1,67,0.5,225714,0.00121074,0.0318327,0.72758338,0.97386911,7
TNG50-1,67,0.5,225714,0.03677005,-0.06040458,0.98465992,-2.45362083,8
TNG50-1,67,0.5,225714,0.00380265,0.02699249,1.3849014,0.6568805,9
TNG50-1,67,0.5,412815,0.05134357,0.04513585,1.03637827,1.08925302,0
TNG50-1,67,0.5,412815,-0.07959299,0.0771062,0.62016728,1.18281653,1
TNG50-1,67,0.5,412815,0.01991073,-0.04441406,0.46149287,-1.32169807,2
TNG50-1,67,0.5,412815,0.03228228,0.07542701,1.0094563,2.01402559,3
TNG50-1,67,0.5,412815,0.05193298,0.0407448,0.24955387,-2.74393844,4
TNG50-1,67,0.5,412815,0.0257812,-0.00935826,0.38786675,0.98894448,5
TNG50-1,67,0.5,412815,0.07759757,-0.04543972,1.38736053,-1.87223873,6
TNG50-1,67,0.5,412815,-0.09139223,0.00981571,0.89312819,1.66866311,7
TNG50-1,67,0.5,412815,0.02791749,0.01428385,0.79217099,1.82364026,8
TNG50-1,67,0.5,412815,0.02394986,0.01705937,0.54906268,-2.04338624,9
TNG50-1,67,0.5,404128,-0.05371869,0.07712359,0.65760829,-2.81248672,0
TNG50-1,67,0.5,404128,0.08991166,0.0499572,0.90295112,-2.9333287,1
TNG50-1,67,0.5,404128,0.00928095,0.07950857,0.62943434,1.93369814,2
TNG50-1,67,0.5,404128,-0.02831302,0.00155177,1.29884796,2.73308216,3
TNG50-1,67,0.5,404128,-0.01996703,0.07163774,1.29441791,-0.4669966,4
TNG50-1,67,0.5,404128,0.00087865,0.06336384,1.05827351,-1.96826782,5
TNG50-1,67,0.5,404128,0.04979138,0.03483809,1.06352424,-1.0783915,6
TNG50-1,67,0.5,404128,-0.04472587,0.03884994,1.29320664,2.0012957,7
TNG50-1,67,0.5,404128,-0.01843919,-0.02972866,1.33280515,2.69706648,8
TNG50-1,67,0.5,404128,-0.00247552,0.0914152,1.33316288,-1.64188426,9
TNG50-1,67,0.5,244816,-0.01135856,-0.04034696,1.06103549,0.28749566,0
TNG50-1,67,0.5,244816,0.03941718,0.04043302,0.57781794,0.57983379,1
TNG50-1,67,0.5,244816,0.01184553,-0.06697777,1.36463722,-2.2802221,2
TNG50-1,67,0.5,244816,0.00114735,0.0871024,0.84000374,-2.87462022,3
TNG50-1,67,0.5,244816,-0.05276877,0.01411172,0.92584854,0.41779011,4
TNG50-1,67,0.5,244816,0.12896341,-0.01267048,0.55630011,-2.63226645,5
TNG50-1,67,0.5,244816,-0.04127294,-0.07081911,1.13983193,2.69951062,6
TNG50-1,67,0.5,244816,0.00603062,-0.05759892,1.31558342,1.90580107,7
TNG50-1,67,0.5,244816,0.05015087,-0.00260466,1.29142822,-2.0109155,8
TNG50-1,67,0.5,244816,0.00211657,0.09463737,0.82194469,0.61477572,9
TNG50-1,67,0.5,416299,0.00490749,0.0568564,0.45358453,-0.12161335,0
TNG50-1,67,0.5,416299,-0.03958144,0.06489307,1.29603802,-0.93385169,1
TNG50-1,67,0.5,416299,-0.08175177,0.07094573,1.35404083,-2.99618664,2
TNG50-1,67,0.5,416299,-0.0274081,-0.02949238,0.26133593,2.88427818,3
TNG50-1,67,0.5,416299,-0.03870377,0.06485548,0.48630044,1.35581251,4
TNG50-1,67,0.5,416299,0.00205686,0.02034989,0.94425456,1.79585041,5
TNG50-1,67,0.5,416299,-0.02807552,-0.04110778,0.63937473,0.6079616,6
TNG50-1,67,0.5,416299,-0.07247703,-0.03142594,0.48556641,-1.45034146,7
TNG50-1,67,0.5,416299,-0.04441768,-0.00859904,0.99062501,0.53220019,8
TNG50-1,67,0.5,416299,-0.08633258,0.00512258,1.31881463,1.13267869,9
TNG50-1,67,0.5,436651,0.07709951,-0.04931708,0.58874823,0.07337826,0
TNG50-1,67,0.5,436651,0.00124188,0.05778237,1.37062412,2.33507196,1
TNG50-1,67,0.5,436651,0.01989469,0.0671564,0.67089821,2.46788168,2
TNG50-1,67,0.5,436651,-0.01845883,-0.03103843,1.30137105,-0.83549512,3
TNG50-1,67,0.5,436651,0.00798768,0.00869924,1.33457098,-1.10200966,4
TNG50-1,67,0.5,436651,0.01074937,-0.00390262,0.41330803,1.25650101,5
TNG50-1,67,0.5,436651,-0.10387041,0.0588488,0.4085107,-2.76354125,6
TNG50-1,67,0.5,436651,-0.00715717,-0.02666732,0.69138345,1.76255987,7
TNG50-1,67,0.5,436651,0.04449364,-0.01893231,0.47098448,-1.57279291,8
TNG50-1,67,0.5,436651,-0.06750946,0.06703836,1.38624871,0.135544,9
TNG50-1,67,0.5,464297,-0.04659538,-0.01276904,1.16059534,-1.12967856,0
TNG50-1,67,0.5,464297,-0.05658557,-0.06163692,0.82621995,2.27486051,1
TNG50-1,67,0.5,464297,0.03855358,0.01084176,1.09627836,-2.53468704,2
TNG50-1,67,0.5,464297,-0.03234283,0.0362023,0.94818169,-2.76067787,3
TNG50-1,67,0.5,464297,0.03938373,-0.02655768,0.88795706,-0.59755432,4
TNG50-1,67,0.5,464297,-0.00985309,-0.02557451,1.18121561,1.09165468,5
TNG50-1,67,0.5,464297,0.02295099,0.03969444,0.92348007,-3.1010531,6
TNG50-1,67,0.5,464297,-0.07839385,0.08551106,0.37380299,1.95553973,7
TNG50-1,67,0.5,464297,0.02278282,0.04698096,1.39796432,-1.02721529,8
TNG50-1,67,0.5,464297,0.01088982,0.01147317,0.85929519,2.64052962,9
TNG50-1,67,0.5,45,-0.02911949,0.00332355,1.02021089,2.59490409,0
TNG50-1,67,0.5,45,-0.01430382,0.0446303,0.46792313,1.95051091,1
TNG50-1,67,0.5,45,0.09610459,-0.01816169,1.01250669,2.26900162,2
TNG50-1,67,0.5,45,-0.07013118,0.04642772,1.31576295,1.78921174,3
TNG50-1,67,0.5,45,0.02953514,0.07005053,1.35908205,2.9725346,4
TNG50-1,67,0.5,45,0.05640147,0.02155297,1.34746853,-2.38877966,5
TNG50-1,67,0.5,45,-0.03417653,0.02627418,1.24266862,-0.13208485,6
TNG50-1,67,0.5,45,-0.03338644,-0.02969773,1.09117302,-0.98749321,7
TNG50-1,67,0.5,45,-0.01843339,-0.13114835,0.27191278,-1.35567586,8
TNG50-1,67,0.5,45,-0.0344728,0.02928523,1.19677369,-0.3341139,9
TNG50-1,67,0.5,285388,-0.1021593,0.026944,1.02247276,1.80084602,0
TNG50-1,67,0.5,285388,-0.07025563,-0.0306117,0.96411614,1.9217386,1
TNG50-1,67,0.5,285388,0.00834591,-0.06065886,1.0921616,0.1599553,2
TNG50-1,67,0.5,285388,0.03897428,0.00262933,1.03579639,2.84664148,3
TNG50-1,67,0.5,285388,-0.02228578,0.05551725,0.97528287,-0.842263,4
TNG50-1,67,0.5,285388,0.03244894,0.02552864,0.90362836,-0.50276315,5
TNG50-1,67,0.5,285388,0.04574648,0.05034176,0.82153245,1.9872378,6
TNG50-1,67,0.5,285388,-0.03918552,0.04595107,1.22368042,2.31851978,7
TNG50-1,67,0.5,285388,-0.00606096,0.00210743,0.45005568,-0.32052196,8
TNG50-1,67,0.5,285388,-0.03002409,-0.02987441,0.5723426,2.18662233,9
TNG50-1,67,0.5,246556,-0.00454897,-0.00453304,0.4563089,-0.56397447,0
TNG50-1,67,0.5,246556,0.00733222,0.10553351,0.82207004,2.09581518,1
TNG50-1,67,0.5,246556,-0.02448566,-0.03787144,0.45823783,2.57440498,2
TNG50-1,67,0.5,246556,-0.00176606,0.07653904,0.98260397,-1.55981386,3
TNG50-1,67,0.5,246556,0.02101485,-0.08775908,0.35650094,0.11062221,4
TNG50-1,67,0.5,246556,-0.02936104,-0.04303931,0.62458127,1.61531485,5
TNG50-1,67,0.5,246556,0.04407052,-0.02713149,1.0959353,-2.65865697,6
TNG50-1,67,0.5,246556,0.02912378,0.04745444,1.00857184,1.92067006,7
TNG50-1,67,0.5,246556,-0.00899793,0.00276786,0.20890196,-1.8155505,8
TNG50-1,67,0.5,246556,-0.04132157,0.06550358,0.3405855,-0.13211258,9
TNG50-1,67,0.5,389081,-9.589e-05,0.00246464,0.34087143,0.30867654,0
TNG50-1,67,0.5,389081,-0.10032261,-0.01817315,1.33575299,2.74686326,1
TNG50-1,67,0.5,389081,-0.0237595,-0.03811089,1.11548957,0.24329187,2
TNG50-1,67,0.5,389081,0.07649872,0.07632202,0.65443227,0.10438855,3
TNG50-1,67,0.5,389081,-0.00801886,-0.03526583,0.38297417,1.0637144,4
TNG50-1,67,0.5,389081,-0.02654957,-0.03507994,1.19195735,-2.18467902,5
TNG50-1,67,0.5,389081,-0.07473969,-0.0121484,0.80937088,0.19451678,6
TNG50-1,67,0.5,389081,-0.02839155,-0.00515595,0.70346345,-2.82311972,7
TNG50-1,67,0.5,389081,-0.05818767,0.02410232,1.0503509,0.79811516,8
TNG50-1,67,0.5,389081,0.02146023,0.04652224,0.77795328,0.21779828,9
TNG50-1,67,0.5,324128,-0.06037168,0.09610466,1.35871033,1.84297716,0
TNG50-1,67,0.5,324128,0.06972586,-0.00121791,0.76392497,2.36847992,1
TNG50-1,67,0.5,324128,-0.03886003,-0.12188146,0.6131897,-2.86816005,2
TNG50-1,67,0.5,324128,0.04514653,-0.01586095,1.38181959,2.96838762,3
TNG50-1,67,0.5,324128,0.01315594,-0.00300749,1.35142233,2.02135481,4
TNG50-1,67,0.5,324128,0.00681619,0.05547297,0.93612767,0.67661258,5
TNG50-1,67,0.5,324128,0.03801727,0.00241715,0.29471888,-2.72169895,6
TNG50-1,67,0.5,324128,-0.10699908,-0.06383626,0.28948047,-1.63263381,7
TNG50-1,67,0.5,324128,-0.02867622,0.04817483,1.30908214,-0.96364326,8
TNG50-1,67,0.5,324128,0.03730648,0.02841584,0.66590838,2.24553172,9
TNG50-1,67,0.5,302086,-0.00206232,0.01389132,0.95709173,-1.5074623,0
TNG50-1,67,0.5,302086,0.05583683,0.05739295,0.58995544,2.20160792,1
TNG50-1,67,0.5,302086,0.04250444,0.02388626,0.75037944,0.44444073,2
TNG50-1,67,0.5,302086,-0.0147568,0.02315788,1.16895761,1.33302675,3
TNG50-1,67,0.5,302086,-0.01452881,-0.04816695,1.16893275,2.39040141,4
TNG50-1,67,0.5,302086,0.00900754,-0.0564576,1.12273264,-1.20420892,5
TNG50-1,67,0.5,302086,0.10561141,-0.02561582,1.27844618,1.01929637,6
TNG50-1,67,0.5,302086,0.02065236,0.04409676,1.28830813,-1.20302071,7
TNG50-1,67,0.5,302086,0.033411,0.04172331,0.58781965,2.53158897,8
TNG50-1,67,0.5,302086,0.11331984,0.06665931,0.56659959,-1.25923965,9
TNG50-1,67,0.5,388578,-0.00020329,0.02060115,0.27754704,-1.47304802,0
TNG50-1,67,0.5,388578,-0.01947485,0.01969061,0.9626939,0.35637457,1
TNG50-1,67,0.5,388578,0.05968795,-0.08960943,0.53070449,-1.78937768,2
TNG50-1,67,0.5,388578,0.09427273,-0.02183105,1.03484299,-0.9503277,3
TNG50-1,67,0.5,388578,0.00029674,-0.03685035,0.99570065,0.20896655,4
TNG50-1,67,0.5,388578,0.02702278,0.04411459,1.08883486,1.51932753,5
TNG50-1,67,0.5,388578,0.04859376,-0.03491205,1.08282989,2.80210458,6
TNG50-1,67,0.5,388578,0.00542741,-0.02305733,0.62194847,-1.61396515,7
TNG50-1,67,0.5,388578,-0.0438956,-0.02480457,1.3746351,-0.10735702,8
TNG50-1,67,0.5,388578,-0.02047213,0.03956658,0.96817298,-0.95097629,9
TNG50-1,67,0.5,382229,0.04805206,0.04484586,1.26975406,-0.40239781,0
TNG50-1,67,0.5,382229,-0.11536914,-0.03504095,0.47935413,-0.30097731,1
TNG50-1,67,0.5,382229,-0.03828305,-0.06784941,0.57734884,2.65103604,2
TNG50-1,67,0.5,382229,0.0628882,-0.03186561,0.87334734,0.48865283,3
TNG50-1,67,0.5,382229,0.01801428,-0.04444562,1.3285347,-0.70782423,4
TNG50-1,67,0.5,382229,-0.02869779,-0.03024336,1.26037456,3.03765288,5
TNG50-1,67,0.5,382229,0.00332314,-0.08637293,1.323647,-0.23602294,6
TNG50-1,67,0.5,382229,0.02729595,0.01178105,0.99376141,0.50064571,7
TNG50-1,67,0.5,382229,-0.02896345,0.04338006,1.17552479,-0.74140986,8
TNG50-1,67,0.5,382229,-0.00635587,-0.04058638,0.56796932,1.06316186,9
TNG50-1,67,0.5,448785,0.01881358,-0.04316368,0.86928292,-1.36872044,0
TNG50-1,67,0.5,448785,0.00234663,-0.02096784,0.96074985,-1.44900343,1
TNG50-1,67,0.5,448785,0.07048954,-0.01365144,0.22624293,0.15237341,2
TNG50-1,67,0.5,448785,0.02164084,0.05782696,0.59519905,-1.36344263,3
TNG50-1,67,0.5,448785,-0.00784596,-0.07073497,0.35870572,2.95702673,4
TNG50-1,67,0.5,448785,0.03467141,-0.00147499,0.5776355,-1.92536155,5
TNG50-1,67,0.5,448785,-0.00179821,-0.02753891,0.79154556,-2.1778878,6
TNG50-1,67,0.5,448785,0.00919164,0.08502412,1.3411648,-2.86812351,7
TNG50-1,67,0.5,448785,0.06130834,0.04419238,0.52575191,0.33043911,8
TNG50-1,67,0.5,448785,-0.0584286,0.01193461,0.66572629,1.51003014,9
TNG50-1,67,0.5,376440,-0.03987537,0.09791526,0.7871468,1.84269937,0
TNG50-1,67,0.5,376440,0.03031212,-0.04612264,1.36510231,1.56495979,1
TNG50-1,67,0.5,376440,0.04425936,-0.00634567,1.11289325,1.30877049,2
TNG50-1,67,0.5,376440,-0.00103317,-0.01931232,0.2467252,-0.73785877,3
TNG50-1,67,0.5,376440,0.01004953,0.12065992,0.31366508,-1.4712143,4
TNG50-1,67,0.5,376440,0.01851306,-0.04803627,0.25672142,1.94727621,5
TNG50-1,67,0.5,376440,0.0340718,-0.0080229,0.5782267,2.98160713,6
TNG50-1,67,0.5,376440,-0.01007046,-0.01823431,0.95766783,-0.48076453,7
TNG50-1,67,0.5,376440,-0.04914802,-0.06271733,0.88490935,-2.79278187,8
TNG50-1,67,0.5,376440,0.01935872,-0.06543295,1.33809658,2.51784163,9
TNG50-1,67,0.5,246555,0.02901561,-0.03042292,0.52536547,2.48235716,0
TNG50-1,67,0.5,246555,-0.02775729,0.06417778,0.77914072,0.70515299,1
TNG50-1,67,0.5,246555,0.04328773,0.02666418,0.64390324,-0.70969908,2
TNG50-1,67,0.5,246555,0.01320208,0.00691138,0.66277207,2.08560435,3
TNG50-1,67,0.5,246555,0.0582329,-0.05278922,0.7866668,-0.32188811,4
TNG50-1,67,0.5,246555,-0.04883709,0.0625141,1.06219452,-1.50870971,5
TNG50-1,67,0.5,246555,-0.08707388,-0.02086729,1.05466927,-2.63848016,6
TNG50-1,67,0.5,246555,-0.01963769,0.00474972,1.35775879,2.06434487,7
TNG50-1,67,0.5,246555,0.00118684,0.02037009,1.2366785,0.72870808,8
TNG50-1,67,0.5,246555,-0.09004514,0.00856256,0.89940801,0.50780984,9
TNG50-1,67,0.5,391637,-0.08600268,-0.07715145,1.07141117,2.66931581,0
TNG50-1,67,0.5,391637,0.04315823,-0.06585117,1.24930424,0.52531286,1
TNG50-1,67,0.5,391637,0.05201599,0.04078386,0.95188163,-2.09913809,2
TNG50-1,67,0.5,391637,0.10996195,0.02489196,1.1272949,0.83242942,3
TNG50-1,67,0.5,391637,-0.01241732,0.06248707,1.26150738,-0.62041923,4
TNG50-1,67,0.5,391637,0.00692844,0.02316166,0.67634324,-3.0322091,5
TNG50-1,67,0.5,391637,0.02251201,0.00052113,0.45638459,2.95265771,6
TNG50-1,67,0.5,391637,-0.03819889,0.06445346,1.09801923,-2.41967918,7
TNG50-1,67,0.5,391637,-0.04272875,-0.02114352,1.15703434,-0.5435169,8
TNG50-1,67,0.5,391637,0.01996788,-0.01666691,1.07873203,0.99047217,9
TNG50-1,67,0.5,376070,-0.03923232,0.05095327,0.45884363,-1.20381966,0
TNG50-1,67,0.5,376070,0.00307506,-0.01651232,0.74440569,-1.8497663,1
TNG50-1,67,0.5,376070,-0.10838366,0.10756936,1.00087218,-1.05066524,2
TNG50-1,67,0.5,376070,0.0526411,0.01764369,1.20197945,1.90347712,3
TNG50-1,67,0.5,376070,-0.02569253,-0.00139912,0.85735089,-2.42601538,4
TNG50-1,67,0.5,376070,0.01943968,-0.04205522,0.8628464,-1.41069287,5
TNG50-1,67,0.5,376070,0.02177989,-0.01035245,0.92721352,0.20750265,6
TNG50-1,67,0.5,376070,0.04826496,0.0200928,0.69561216,-0.62223451,7
TNG50-1,67,0.5,376070,0.02463128,0.00476385,1.19536908,2.05884595,8
TNG50-1,67,0.5,376070,0.03715875,0.09137239,0.94724825,1.75452655,9
TNG50-1,67,0.5,409596,-0.05622705,0.02221129,1.31220428,0.88899426,0
TNG50-1,67,0.5,409596,-0.01031311,-0.00666497,1.24518697,0.59984491,1
TNG50-1,67,0.5,409596,-0.01378903,-0.06047693,0.4621039,-2.06611345,2
TNG50-1,67,0.5,409596,0.04638752,-0.03892673,1.34757863,2.84225428,3
TNG50-1,67,0.5,409596,-0.07266003,-0.059643,0.82810106,2.27168076,4
TNG50-1,67,0.5,409596,0.05468166,0.01293781,1.35020539,-2.313741,5
TNG50-1,67,0.5,409596,-0.03114873,-0.00452967,0.72022262,-2.96165481,6
TNG50-1,67,0.5,409596,-0.12324476,0.0306886,0.27599082,-0.88559727,7
TNG50-1,67,0.5,409596,-0.06036947,-0.08850991,1.02636813,-2.13986808,8
TNG50-1,67,0.5,409596,-0.01537676,-0.02669915,0.30360215,-1.02948128,9
TNG50-1,67,0.5,422386,-0.02296111,0.00818048,1.14655035,-2.99731656,0
TNG50-1,67,0.5,422386,0.08517286,-0.04344662,0.80847748,0.023179,1
TNG50-1,67,0.5,422386,-0.04892356,0.01138622,0.86587059,-2.47704811,2
TNG50-1,67,0.5,422386,-0.01621548,-0.00195242,0.78530255,1.0900004,3
TNG50-1,67,0.5,422386,0.0387726,0.06495602,0.22520974,-2.76683767,4
TNG50-1,67,0.5,422386,-0.05444062,0.03189206,1.16514721,-2.93300039,5
TNG50-1,67,0.5,422386,0.01290091,-0.07244912,0.28261432,2.55556287,6
TNG50-1,67,0.5,422386,-0.09497657,-0.04162925,0.66251508,2.62045032,7
TNG50-1,67,0.5,422386,0.00963007,-0.03081786,0.52976527,0.77767398,8
TNG50-1,67,0.5,422386,0.00261874,0.00901929,0.60926425,-0.25178634,9
TNG50-1,67,0.5,377799,-0.03889849,-0.06453672,1.28233526,-1.26457738,0
TNG50-1,67,0.5,377799,-0.05723636,-0.03148673,0.73038211,-1.13716251,1
TNG50-1,67,0.5,377799,-0.02867959,0.04508471,0.64009412,1.33317342,2
TNG50-1,67,0.5,377799,0.11689783,0.07962943,0.45044867,0.3096538,3
TNG50-1,67,0.5,377799,-0.01187864,0.02187017,1.27772441,0.77666767,4
TNG50-1,67,0.5,377799,0.03791392,0.03379342,1.1256309,-0.18532221,5
TNG50-1,67,0.5,377799,-0.06528233,-0.04484611,1.12970462,-2.97662154,6
TNG50-1,67,0.5,377799,-0.05415406,-0.06614603,0.28883481,1.17563362,7
TNG50-1,67,0.5,377799,-0.00942158,-0.05729119,0.87345692,1.40822972,8
TNG50-1,67,0.5,377799,0.08505491,-0.04366792,1.11143673,-2.00905652,9
TNG50-1,67,0.5,351968,-0.00978103,0.11322814,0.27600573,-2.02662513,0
TNG50-1,67,0.5,351968,0.00200847,-0.00394115,0.77393616,0.72712439,1
TNG50-1,67,0.5,351968,-0.0997542,0.0452343,0.50457187,-2.70200795,2
TNG50-1,67,0.5,351968,0.04121126,0.0424819,1.1973373,-3.07642603,3
TNG50-1,67,0.5,351968,0.06698291,0.00713052,1.20702959,-1.13787057,4
TNG50-1,67,0.5,351968,0.03946806,-0.04658275,1.01528214,1.92041445,5
TNG50-1,67,0.5,351968,-0.02117431,0.02593468,0.48633657,-2.8818703,6
TNG50-1,67,0.5,351968,-0.04425207,-0.05412619,1.36774551,-0.84949139,7
TNG50-1,67,0.5,351968,-0.05409685,0.03011525,1.01510366,1.43652864,8
TNG50-1,67,0.5,351968,-0.05665704,-0.05184381,0.576777,-0.822258,9
TNG50-1,67,0.5,390812,-0.11235751,0.02084113,0.85646896,-1.36016709,0
TNG50-1,67,0.5,390812,-0.0003781,-0.06086543,1.12769882,2.20332052,1
TNG50-1,67,0.5,390812,-0.00833461,0.03302609,0.35605936,2.16691221,2
TNG50-1,67,0.5,390812,0.00099543,-0.08761882,1.00146989,-2.06199539,3
TNG50-1,67,0.5,390812,0.06258712,-0.13315801,1.23098677,-2.37663734,4
TNG50-1,67,0.5,390812,0.0600945,-0.04375637,1.30810771,0.63152482,5
TNG50-1,67,0.5,390812,0.00874567,0.06865317,0.56041301,-1.67504564,6
TNG50-1,67,0.5,390812,-0.07619403,0.07611426,1.11985475,-1.05439484,7
TNG50-1,67,0.5,390812,-0.06146021,-0.07974697,0.65887228,2.74396841,8
TNG50-1,67,0.5,390812,0.00337145,-0.07592437,0.82546297,-2.03854999,9
TNG50-1,67,0.5,401762,-0.0155993,-0.00432347,1.35831631,0.20019651,0
TNG50-1,67,0.5,401762,0.03833891,-0.04710683,1.18709863,-0.61090762,1
TNG50-1,67,0.5,401762,0.08444826,-0.11660982,0.25394044,2.53868245,2
TNG50-1,67,0.5,401762,0.11366651,-0.03346183,0.81039454,1.64811604,3
TNG50-1,67,0.5,401762,0.00722554,0.07287397,1.06051247,1.89734234,4
TNG50-1,67,0.5,401762,-0.01409006,0.07052381,1.3355908,-0.54199701,5
TNG50-1,67,0.5,401762,-0.02065395,0.04698913,0.67326763,-2.98530047,6
TNG50-1,67,0.5,401762,0.02956007,-0.02468643,0.40384456,1.62984938,7
TNG50-1,67,0.5,401762,-0.0078153,-0.03952568,0.69087118,0.83767273,8
TNG50-1,67,0.5,401762,-0.00763646,0.08122982,1.30334739,-2.25263129,9
TNG50-1,67,0.5,417298,-0.00489665,0.004647,0.87338778,2.86194734,0
TNG50-1,67,0.5,417298,0.00396963,0.04694575,1.0741518,1.94329167,1
TNG50-1,67,0.5,417298,-0.04712079,0.01176342,1.27010896,-1.76361969,2
TNG50-1,67,0.5,417298,0.06350583,-0.0577056,1.36286087,-1.87945222,3
TNG50-1,67,0.5,417298,-0.00455566,0.04449338,0.57985322,1.64925142,4
TNG50-1,67,0.5,417298,-0.02016881,-0.09502229,1.15469456,-2.64063075,5
TNG50-1,67,0.5,417298,0.0197922,-0.17584278,0.94279784,0.62431208,6
TNG50-1,67,0.5,417298,-0.00573449,0.0348998,0.44819654,-1.67068348,7
TNG50-1,67,0.5,417298,0.06213121,0.02217812,1.38362899,2.13161588,8
TNG50-1,67,0.5,417298,0.04473416,0.01883762,0.91042297,-0.75765079,9
TNG50-1,67,0.5,361368,-0.04462396,-0.05239116,1.10111835,-1.20701736,0
TNG50-1,67,0.5,361368,0.01824907,0.05246495,1.07505655,-0.94490111,1
TNG50-1,67,0.5,361368,-0.07558218,0.00774585,1.19573828,1.80111745,2
TNG50-1,67,0.5,361368,0.05685246,0.00616654,0.32448651,0.15313843,3
TNG50-1,67,0.5,361368,0.04699296,0.02637297,0.84765881,-2.43141436,4
TNG50-1,67,0.5,361368,-0.00593403,-0.00819114,1.34965046,-0.8049095,5
TNG50-1,67,0.5,361368,-0.08277599,-0.00297529,1.23872497,2.49029005,6
TNG50-1,67,0.5,361368,-0.04061266,0.02279928,0.97740417,2.17498016,7
TNG50-1,67,0.5,361368,0.00312628,0.04044915,1.24280069,1.6326366,8
TNG50-1,67,0.5,361368,-0.06052555,0.02490515,0.84983629,2.15844442,9
TNG50-1,67,0.5,408736,0.06179574,0.01107982,1.15753466,-0.3589231,0
TNG50-1,67,0.5,408736,-0.03361098,-0.00250033,1.17721826,0.48090723,1
TNG50-1,67,0.5,408736,-0.00492629,-0.01248372,0.259875,-0.70848069,2
TNG50-1,67,0.5,408736,2.064e-05,0.00670748,0.91766258,-0.28188561,3
TNG50-1,67,0.5,408736,0.0488279,-0.0285094,0.30517614,2.36345279,4
TNG50-1,67,0.5,408736,0.02964171,0.13636459,0.83644489,-2.00816096,5
TNG50-1,67,0.5,408736,0.01353123,0.06794871,1.15086267,2.65558234,6
TNG50-1,67,0.5,408736,0.04574132,0.0546455,0.86976502,0.24216387,7
TNG50-1,67,0.5,408736,-0.06810339,-0.02648387,1.27040484,0.80973469,8
TNG50-1,67,0.5,408736,0.02104373,-0.04785964,1.00868606,-2.48647598,9
TNG50-1,67,0.5,287781,-0.02315187,-0.04686276,0.49441553,1.48955786,0
TNG50-1,67,0.5,287781,0.07775099,0.02859106,0.82600267,1.66613154,1
TNG50-1,67,0.5,287781,0.03407944,0.02935137,1.17410846,1.90208918,2
TNG50-1,67,0.5,287781,0.01220065,0.06339111,1.32260981,1.59543814,3
TNG50-1,67,0.5,287781,0.01402537,-0.01673266,0.29521065,-2.93636774,4
TNG50-1,67,0.5,287781,-0.02324932,-0.0403884,1.37607764,2.46494227,5
TNG50-1,67,0.5,287781,-0.02646692,-0.07346482,1.24556583,0.39445555,6
TNG50-1,67,0.5,287781,0.01310962,0.01354751,0.7759665,-0.43323945,7
TNG50-1,67,0.5,287781,-0.05993667,0.06983971,0.66974341,-2.98807212,8
TNG50-1,67,0.5,287781,-0.03008459,-0.00373062,1.1745144,0.57051687,9
TNG50-1,67,0.5,434470,0.02308725,-0.00023022,0.82773082,-0.09948056,0
TNG50-1,67,0.5,434470,0.02556914,0.04939645,1.29080678,-1.01747981,1
TNG50-1,67,0.5,434470,-0.0429966,-0.02169752,0.47581789,2.19525927,2
TNG50-1,67,0.5,434470,0.03117845,0.02359279,0.58989668,-1.20082407,3
TNG50-1,67,0.5,434470,0.03169498,-0.01189224,0.79536072,-1.64423913,4
TNG50-1,67,0.5,434470,0.09874404,-0.092124,1.20391242,-1.79481599,5
TNG50-1,67,0.5,434470,-0.01175126,0.03140203,0.31777368,-0.6210136,6
TNG50-1,67,0.5,434470,-0.00271883,-0.08740249,0.53333838,0.77263236,7
TNG50-1,67,0.5,434470,-0.03033984,-0.00797421,0.72370249,2.08381112,8
TNG50-1,67,0.5,434470,0.02468377,-0.00719337,1.08608629,2.66851644,9
TNG50-1,67,0.5,432436,-0.01561523,0.11581924,1.31219915,1.13182851,0
TNG50-1,67,0.5,432436,0.04970144,-0.06296886,0.25473838,-0.37709585,1
TNG50-1,67,0.5,432436,-0.11165951,-0.07077855,1.20128299,-2.20891874,2
TNG50-1,67,0.5,432436,-0.03674881,0.03399457,1.28843794,1.83748846,3
TNG50-1,67,0.5,432436,0.02263732,-0.05296348,0.61925753,-3.02142617,4
TNG50-1,67,0.5,432436,0.02200975,0.08961068,1.0849032,-0.43581514,5
TNG50-1,67,0.5,432436,0.02584676,0.13672232,1.22700501,-2.34170845,6
TNG50-1,67,0.5,432436,0.01037558,-0.01204698,1.21483513,-2.96710089,7
TNG50-1,67,0.5,432436,-0.05720622,0.01547261,1.28429074,0.3183206,8
TNG50-1,67,0.5,432436,-0.03895574,-0.09123287,1.333888,-2.16497821,9
TNG50-1,67,0.5,363215,-0.01647446,0.02778386,1.35393744,-0.08547726,0
TNG50-1,67,0.5,363215,0.05341349,0.02098149,0.98344892,1.71250421,1
TNG50-1,67,0.5,363215,0.04870439,0.00687458,1.35769782,-0.35777598,2
TNG50-1,67,0.5,363215,-0.0148569,-0.00796844,1.25931401,-1.93695012,3
TNG50-1,67,0.5,363215,0.04364285,0.06005937,0.98213977,-3.00850152,4
TNG50-1,67,0.5,363215,-0.06390861,-0.07732638,1.04834172,-0.78230029,5
TNG50-1,67,0.5,363215,-0.01456693,-0.0333385,1.36044773,2.63574096,6
TNG50-1,67,0.5,363215,-0.03759004,0.0205641,1.2858219,-1.10065946,7
TNG50-1,67,0.5,363215,-8.753e-05,0.07639408,0.99213773,-0.82606683,8
TNG50-1,67,0.5,363215,0.0367293,-0.01729185,0.30493124,1.21089257,9
TNG50-1,67,0.5,279682,-0.09195242,0.10053882,0.62614125,-1.08537024,0
TNG50-1,67,0.5,279682,-0.07734465,0.02973925,1.11478337,0.06247487,1
TNG50-1,67,0.5,279682,-0.09066374,0.00863536,0.72804635,-2.90034175,2
TNG50-1,67,0.5,279682,-0.05998411,0.00607509,0.67238009,0.39836304,3
TNG50-1,67,0.5,279682,-0.06633066,-0.01446235,1.04527871,2.48428879,4
TNG50-1,67,0.5,279682,-0.02081835,0.1001569,1.32163675,0.61527313,5
TNG50-1,67,0.5,279682,0.04275613,-0.00949234,0.69879161,0.15448569,6
TNG50-1,67,0.5,279682,0.03132427,0.00746479,1.14997111,-1.68222619,7
TNG50-1,67,0.5,279682,-0.03111157,-0.08244085,1.28958713,-0.38171026,8
TNG50-1,67,0.5,279682,-0.02679295,-0.03181829,1.36479796,0.63187576,9
TNG50-1,67,0.5,419054,0.07162637,-0.03536331,0.89342454,-2.05659878,0
TNG50-1,67,0.5,419054,-0.00211087,-0.01191095,0.8014025,2.74633299,1
TNG50-1,67,0.5,419054,-0.03917773,0.02049368,1.39723267,-2.99501184,2
TNG50-1,67,0.5,419054,-0.04465129,-0.03904818,0.54198259,0.32345316,3
TNG50-1,67,0.5,419054,0.05706121,0.00680383,1.35231552,-0.24385697,4
TNG50-1,67,0.5,419054,0.08029395,-0.00630771,0.50073866,1.86544983,5
TNG50-1,67,0.5,419054,-0.04601865,-0.11526741,0.2813813,1.53958871,6
TNG50-1,67,0.5,419054,-0.12600533,0.02724876,0.44662865,-1.06701701,7
TNG50-1,67,0.5,419054,-0.0008893,-0.02255025,0.9157674,-2.11411251,8
TNG50-1,67,0.5,419054,-0.04521293,-0.06319313,0.65430233,1.84897468,9
TNG50-1,67,0.5,415502,0.06688108,-0.03937363,1.20025946,-2.94818959,0
TNG50-1,67,0.5,415502,0.06497546,0.01864028,1.36891478,0.2305742,1
TNG50-1,67,0.5,415502,-0.0161883,-0.08943959,1.21463636,-1.55408266,2
TNG50-1,67,0.5,415502,0.01373497,-0.05609903,1.35105964,0.4298107,3
TNG50-1,67,0.5,415502,0.06369788,-0.03966118,0.93082832,2.56612295,4
TNG50-1,67,0.5,415502,0.01521649,-0.0080107,1.31329779,0.62120859,5
TNG50-1,67,0.5,415502,-0.04603628,-0.07560409,1.03984396,2.76827555,6
TNG50-1,67,0.5,415502,0.0035033,-0.04417282,0.6544402,-1.83084357,7
TNG50-1,67,0.5,415502,-0.03741113,0.03890605,0.65066148,-1.4556708,8
TNG50-1,67,0.5,415502,0.00754974,0.04485825,0.89516047,-2.20703102,9
TNG50-1,67,0.5,353207,-0.08562312,-0.03792426,0.78687857,0.65155933,0
TNG50-1,67,0.5,353207,-0.00230663,0.03962367,1.0548377,2.70231116,1
TNG50-1,67,0.5,353207,-0.03150881,0.05548222,0.42981534,-0.36436634,2
TNG50-1,67,0.5,353207,0.02402086,0.01384574,0.58399894,0.81239718,3
TNG50-1,67,0.5,353207,-0.02583121,-0.01425185,0.95043266,2.76708865,4
TNG50-1,67,0.5,353207,-0.08753334,-0.03107072,1.07202694,1.49085865,5
TNG50-1,67,0.5,353207,-0.06918659,0.02696122,0.56219873,2.54844075,6
TNG50-1,67,0.5,353207,-0.02134973,-0.01581843,1.19403389,2.08627999,7
TNG50-1,67,0.5,353207,0.00543834,0.04600637,0.91456143,-2.65274473,8
TNG50-1,67,0.5,353207,-0.05819435,0.04863421,0.39052959,-1.51759327,9
TNG50-1,67,0.5,406385,-0.1025162,0.01711504,0.92555208,-0.50598203,0
TNG50-1,67,0.5,406385,0.01522139,-0.00363177,1.06108397,-1.7495182,1
TNG50-1,67,0.5,406385,-0.06232375,-0.02240242,1.32302594,-2.97457373,2
TNG50-1,67,0.5,406385,0.02692965,0.0243241,0.73994208,-2.58585938,3
TNG50-1,67,0.5,406385,-0.0357027,-0.02200109,1.36108988,-0.5231727,4
TNG50-1,67,0.5,406385,-0.0304714,-0.02245355,1.22890869,-0.62715888,5
TNG50-1,67,0.5,406385,-0.03190423,0.00318768,1.00314672,0.79392201,6
TNG50-1,67,0.5,406385,0.05102575,0.08598778,0.24718797,-2.75066015,7
TNG50-1,67,0.5,406385,-0.08831338,-0.07564357,1.13893913,-1.35758844,8
TNG50-1,67,0.5,406385,0.03688809,0.02503521,0.62020887,-2.99441489,9
TNG50-1,67,0.5,222323,-0.13071481,0.00217023,1.05839044,1.0520668,0
TNG50-1,67,0.5,222323,-0.01953861,0.06025294,1.31201178,0.31731754,1
TNG50-1,67,0.5,222323,-0.08467501,-0.10751586,1.31068292,-1.2145411,2
TNG50-1,67,0.5,222323,-0.06157699,0.0649762,0.35674525,-1.78648803,3
TNG50-1,67,0.5,222323,-0.01244758,-0.03083212,0.74681223,2.27297562,4
TNG50-1,67,0.5,222323,-0.00376094,-0.03894605,0.8129327,2.71155517,5
TNG50-1,67,0.5,222323,-0.04175268,-0.02010875,0.98489894,-2.53952813,6
TNG50-1,67,0.5,222323,0.02636502,-0.04433519,0.96821715,-2.07452331,7
TNG50-1,67,0.5,222323,-0.00572609,-0.05201875,0.65112891,1.04997934,8
TNG50-1,67,0.5,222323,-0.02119895,0.04234128,1.35675654,1.72167719,9
TNG50-1,67,0.5,115153,-0.06928054,0.02769008,1.00315244,0.771254,0
TNG50-1,67,0.5,115153,0.00129896,-0.03031174,0.98502324,-1.35509776,1
TNG50-1,67,0.5,115153,0.00234298,0.09421148,0.74110452,2.5158874,2
TNG50-1,67,0.5,115153,-0.07090777,-0.04454677,0.63945863,-2.06761015,3
TNG50-1,67,0.5,115153,0.00041411,0.09196181,0.57222595,-2.47085915,4
TNG50-1,67,0.5,115153,0.027109,0.08554687,1.00497959,-0.53680213,5
TNG50-1,67,0.5,115153,0.05640764,-0.03924463,1.01259369,1.16429651,6
TNG50-1,67,0.5,115153,0.05421678,0.05181635,0.98431619,-2.81116269,7
TNG50-1,67,0.5,115153,0.11945165,0.02283653,0.3013259,-1.17565037,8
TNG50-1,67,0.5,115153,2.923e-05,-0.02059924,0.39577612,1.78535248,9
TNG50-1,67,0.5,426277,-0.02516014,0.03251925,1.0188226,-0.57600044,0
TNG50-1,67,0.5,426277,0.04756436,0.12287394,0.88143859,0.86127059,1
TNG50-1,67,0.5,426277,0.05846378,-0.0320981,0.73537285,-0.40392919,2
TNG50-1,67,0.5,426277,-0.04796792,0.06649178,1.12529545,0.57810578,3
TNG50-1,67,0.5,426277,-0.07482919,0.02467782,0.27659781,1.88482993,4
TNG50-1,67,0.5,426277,-0.00488914,-0.02781937,1.07391073,-2.37641434,5
TNG50-1,67,0.5,426277,-0.05701189,-0.00733376,0.9210268,1.23998049,6
TNG50-1,67,0.5,426277,-0.06385283,-0.02805691,0.57397039,-2.80334664,7
TNG50-1,67,0.5,426277,-0.05203283,0.01293618,0.68379307,1.47033007,8
TNG50-1,67,0.5,426277,0.05232648,0.04933508,0.95660917,-1.82743664,9
TNG50-1,67,0.5,77285,0.03128992,-0.01094144,0.95354793,-0.50192041,0
TNG50-1,67,0.5,77285,0.00784758,-0.01240603,0.41401181,2.20845775,1
TNG50-1,67,0.5,77285,0.05287166,-0.05695619,0.35340673,-0.05316358,2
TNG50-1,67,0.5,77285,-0.0023891,0.01791506,1.12798657,1.48162685,3
TNG50-1,67,0.5,77285,0.04409657,0.0786589,1.39715796,2.54490915,4
TNG50-1,67,0.5,77285,-0.09381117,-0.07106442,0.4301616,-0.66858166,5
TNG50-1,67,0.5,77285,0.04087632,0.02451224,0.88995452,2.44373584,6
TNG50-1,67,0.5,77285,0.00918171,-0.02102191,0.87587051,-1.08448531,7
TNG50-1,67,0.5,77285,0.00996331,-0.02679556,0.59123435,2.69911184,8
TNG50-1,67,0.5,77285,-0.04211429,0.00373819,1.06028751,-1.22289499,9
TNG50-1,67,0.5,405871,0.07438868,0.01931995,0.83115509,0.7948929,0
TNG50-1,67,0.5,405871,0.097708,-0.03757192,1.05756014,-1.557448,1
TNG50-1,67,0.5,405871,0.02633977,-0.03132192,0.47522206,-0.61524385,2
TNG50-1,67,0.5,405871,0.01257132,-0.00319105,0.97018405,1.40270225,3
TNG50-1,67,0.5,405871,0.02244619,-0.02259576,1.24043593,-1.61951458,4
TNG50-1,67,0.5,405871,0.09642594,0.02982437,1.10404773,-2.56584026,5
TNG50-1,67,0.5,405871,0.0260311,0.03369623,1.0881224,1.32666457,6
TNG50-1,67,0.5,405871,0.00436018,0.01312571,0.87672732,-0.58648754,7
TNG50-1,67,0.5,405871,-0.01376521,0.02449469,1.05297969,-2.36072674,8
TNG50-1,67,0.5,405871,-0.00798954,0.00587967,0.58655045,-0.12899733,9
TNG50-1,67,0.5,299415,-0.024398,-0.0280142,1.15546344,2.63960278,0
TNG50-1,67,0.5,299415,0.02266899,0.01203211,1.29791603,1.63940301,1
TNG50-1,67,0.5,299415,-0.0125083,-0.05679671,1.16871907,0.52865765,2
TNG50-1,67,0.5,299415,-0.08457317,0.01101743,1.34109254,0.53356347,3
TNG50-1,67,0.5,299415,0.01732693,-0.0331817,0.77424007,-2.73825908,4
TNG50-1,67,0.5,299415,0.12099448,-0.08572354,0.94594457,-0.45860721,5
TNG50-1,67,0.5,299415,0.05375398,-0.03388713,1.29386888,-1.21188971,6
TNG50-1,67,0.5,299415,0.0339618,0.06255987,0.74547652,-0.15936833,7
TNG50-1,67,0.5,299415,-0.00977275,0.00691891,1.25120955,2.83638167,8
TNG50-1,67,0.5,299415,-0.02454535,-0.17762533,0.96322661,1.80023842,9
TNG50-1,67,0.5,401441,-0.06281116,-0.01367125,1.10451231,0.98924355,0
TNG50-1,67,0.5,401441,-0.04295388,0.02225868,1.28893204,1.90852866,1
TNG50-1,67,0.5,401441,-0.06862373,-0.03902357,1.23696393,-0.08169937,2
TNG50-1,67,0.5,401441,-0.07199102,-0.08310175,0.5066732,3.06473678,3
TNG50-1,67,0.5,401441,0.07626551,-0.03643566,0.22432241,1.80244538,4
TNG50-1,67,0.5,401441,-0.04929645,-0.03589886,0.60630998,-2.82151843,5
TNG50-1,67,0.5,401441,-0.05632647,-0.03624915,1.20410206,-0.85416858,6
TNG50-1,67,0.5,401441,-0.00279344,-0.08000288,1.25306048,0.37460927,7
TNG50-1,67,0.5,401441,-0.03729879,0.00680366,0.87813176,-1.73291697,8
TNG50-1,67,0.5,401441,0.1130952,-0.0168398,0.63509721,-0.60726411,9
TNG50-1,67,0.5,336717,-0.00393659,-0.01794674,1.283597,-2.95365586,0
TNG50-1,67,0.5,336717,-0.03754607,0.08558647,1.31653428,1.93526981,1
TNG50-1,67,0.5,336717,-0.08671319,0.00051346,0.84733407,-1.64276509,2
TNG50-1,67,0.5,336717,-0.008413,-0.00512771,1.29908254,1.54923492,3
TNG50-1,67,0.5,336717,-0.03809159,0.02702889,0.82799309,-0.91104212,4
TNG50-1,67,0.5,336717,0.04043243,-0.03224794,0.20395075,-1.72857358,5
TNG50-1,67,0.5,336717,0.02580557,-0.02498085,1.29782925,-0.18396076,6
TNG50-1,67,0.5,336717,0.09721384,0.02699293,0.98387395,-2.03626296,7
TNG50-1,67,0.5,336717,0.00549881,0.03661169,0.40570132,-0.47629408,8
TNG50-1,67,0.5,336717,0.02946256,0.02985329,0.37878905,-0.66087127,9
TNG50-1,67,0.5,383974,0.04426552,-0.0609094,0.26955787,1.86090619,0
TNG50-1,67,0.5,383974,-0.01242452,0.04985569,1.3910184,-2.52533682,1
TNG50-1,67,0.5,383974,0.0272442,-0.03492711,1.34723158,2.72166814,2
TNG50-1,67,0.5,383974,-0.04785646,0.01936593,0.8732166,-2.43388874,3
TNG50-1,67,0.5,383974,0.09687108,0.03110642,0.96027026,-0.26045064,4
TNG50-1,67,0.5,383974,-0.08498297,-0.01224354,1.3134967,-1.58598827,5
TNG50-1,67,0.5,383974,-0.03538821,0.04549267,0.46285082,1.03806024,6
TNG50-1,67,0.5,383974,-0.0710192,-0.00720542,0.77227685,2.13521482,7
TNG50-1,67,0.5,383974,0.04001492,0.01693678,0.96342498,0.73306917,8
TNG50-1,67,0.5,383974,0.02698053,-0.01370625,0.9141752,-1.73429835,9
TNG50-1,67,0.5,292102,-0.02326994,-0.00545208,1.20833072,1.65716171,0
TNG50-1,67,0.5,292102,-0.04303233,-0.07341674,1.02298013,2.97587669,1
TNG50-1,67,0.5,292102,0.02358796,-0.03326261,1.05778018,3.06345077,2
TNG50-1,67,0.5,292102,0.00324511,-0.01700142,0.78000572,0.09714859,3
TNG50-1,67,0.5,292102,0.00913576,0.0316704,0.34004492,2.26570013,4
TNG50-1,67,0.5,292102,-0.06739339,-0.0353174,0.9994653,1.48991528,5
TNG50-1,67,0.5,292102,0.00164751,-0.05179925,0.81276373,0.15455943,6
TNG50-1,67,0.5,292102,0.05719243,0.03788395,1.25147981,-2.9526671,7
TNG50-1,67,0.5,292102,0.04075923,-0.02113024,0.88242009,2.99718441,8
TNG50-1,67,0.5,292102,-0.0207061,-0.04194724,0.70739982,2.92310433,9
TNG50-1,67,0.5,468292,-0.01289184,-0.01074673,0.71557716,1.43270196,0
TNG50-1,67,0.5,468292,0.09862617,0.06721264,1.34106791,3.13674643,1
TNG50-1,67,0.5,468292,0.0227783,-0.02691558,0.25647439,1.13018498,2
TNG50-1,67,0.5,468292,0.04071143,-0.03525049,0.91336864,-2.51478667,3
TNG50-1,67,0.5,468292,-0.05326884,-0.05857105,0.8462609,1.2220565,4
TNG50-1,67,0.5,468292,0.02267002,-0.0315042,1.36261158,0.88800319,5
TNG50-1,67,0.5,468292,0.04502813,0.13334772,1.39028861,2.42725103,6
TNG50-1,67,0.5,468292,-0.03446771,-0.07933251,1.29500362,0.27799387,7
TNG50-1,67,0.5,468292,-0.13028047,-0.06676455,1.06248918,-1.5986092,8
TNG50-1,67,0.5,468292,0.00745035,-0.00271513,0.36161069,1.4622046,9
TNG50-1,67,0.5,372099,0.00117609,0.00638433,0.91354514,-2.10590574,0
TNG50-1,67,0.5,372099,-0.01026784,-0.11422996,1.37381704,-1.40049616,1
TNG50-1,67,0.5,372099,-0.07683646,0.0286163,1.10970248,2.60086302,2
TNG50-1,67,0.5,372099,-0.02640841,0.01105658,1.20050996,-2.86929827,3
TNG50-1,67,0.5,372099,0.07833087,0.04423402,0.47887792,-0.27196542,4
TNG50-1,67,0.5,372099,-0.03163513,-0.09338124,1.38266666,-1.48043716,5
TNG50-1,67,0.5,372099,-0.03994929,-0.01512417,0.74206657,1.23069341,6
TNG50-1,67,0.5,372099,-0.00260264,0.04820909,0.67202362,-1.04362111,7
TNG50-1,67,0.5,372099,0.04558455,-0.02784684,1.11594782,-0.96785369,8
TNG50-1,67,0.5,372099,-0.01523384,0.00255266,1.18289966,-2.77531699,9
TNG50-1,67,0.5,242562,-0.01739422,-0.01274917,1.08,-3.08221673,0
TNG50-1,67,0.5,242562,0.00959287,0.02398184,0.31757322,1.99212006,1
TNG50-1,67,0.5,242562,-0.05367489,0.03563143,1.23835861,1.71387709,2
TNG50-1,67,0.5,242562,-0.00066913,-0.00526865,1.31650566,-1.12937774,3
TNG50-1,67,0.5,242562,0.01594628,-0.01208123,1.35562759,0.46682946,4
TNG50-1,67,0.5,242562,-0.04850633,0.02837216,0.93617293,-1.07957755,5
TNG50-1,67,0.5,242562,0.07243805,0.04753313,0.93877732,-2.97325507,6
TNG50-1,67,0.5,242562,-0.07721111,0.06898068,1.23594907,0.56416046,7
TNG50-1,67,0.5,242562,0.02687783,-0.06454067,1.19126914,1.39247925,8
TNG50-1,67,0.5,242562,-0.12142196,-0.01003229,1.12822114,-1.04395277,9
TNG50-1,67,0.5,199397,-0.05374432,0.10468729,1.34981611,1.82401171,0
TNG50-1,67,0.5,199397,0.00497029,0.05576156,1.19320782,-2.47909476,1
TNG50-1,67,0.5,199397,0.09437213,0.00226949,0.63254372,-0.09164984,2
TNG50-1,67,0.5,199397,0.01059526,-0.00718265,1.3838278,0.93844561,3
TNG50-1,67,0.5,199397,-0.00419974,-0.02159556,0.94029567,-0.99023775,4
TNG50-1,67,0.5,199397,0.04809453,-0.00653699,0.844015,-0.81346959,5
TNG50-1,67,0.5,199397,-0.04142819,-0.00508991,0.58403328,-2.49519571,6
TNG50-1,67,0.5,199397,0.05210175,-0.01597451,0.60340741,1.72388964,7
TNG50-1,67,0.5,199397,0.04839573,-0.01069849,1.33948879,-1.65173011,8
TNG50-1,67,0.5,199397,0.00294985,-0.05962464,0.76614646,-0.40889925,9
TNG50-1,67,0.5,8,-0.00414174,-0.03316012,1.05281316,-0.29314097,0
TNG50-1,67,0.5,8,0.04467187,9.008e-05,1.31011093,0.83152625,1
TNG50-1,67,0.5,8,-0.03585398,-0.07302717,0.81507088,-0.54375677,2
TNG50-1,67,0.5,8,0.00639899,-0.02614682,1.27868264,1.08203813,3
TNG50-1,67,0.5,8,0.09318791,0.0014624,0.61183441,0.88924491,4
TNG50-1,67,0.5,8,-0.09030218,0.01517935,0.86431478,-1.25974297,5
TNG50-1,67,0.5,8,0.05429363,0.0394718,0.69118967,2.39816767,6
TNG50-1,67,0.5,8,0.01903863,0.07914635,1.26294434,1.46013984,7
TNG50-1,67,0.5,8,0.06332656,-0.02177727,1.12979006,-2.71294767,8
TNG50-1,67,0.5,8,0.04834462,0.05723842,0.73553476,-2.90469154,9
TNG50-1,67,0.5,349548,-0.0752226,0.02554466,1.01886736,-0.59209527,0
TNG50-1,67,0.5,349548,0.00825343,0.00385589,1.22290132,3.0347786,1
TNG50-1,67,0.5,349548,-0.03283368,0.02630323,1.1662457,-0.83312246,2
TNG50-1,67,0.5,349548,-0.02638777,0.02386541,0.87213866,2.87857189,3
TNG50-1,67,0.5,349548,0.01117232,0.04314027,1.27355991,2.77381088,4
TNG50-1,67,0.5,349548,-0.02175358,0.00296832,1.39727806,1.1931551,5
TNG50-1,67,0.5,349548,0.0153358,-0.06541579,1.18103699,0.15855392,6
TNG50-1,67,0.5,349548,0.12564282,-0.07340707,1.14140016,2.02158307,7
TNG50-1,67,0.5,349548,0.03429221,0.02306169,0.36945079,-1.10640436,8
TNG50-1,67,0.5,349548,0.0672449,-0.05630976,0.8746016,-0.83026934,9
TNG50-1,67,0.5,264305,-0.02376112,0.00712087,1.36785002,2.59629955,0
TNG50-1,67,0.5,264305,-0.00298373,0.03989486,0.68927117,2.33166938,1
TNG50-1,67,0.5,264305,-0.00672776,-0.03172145,0.35294367,-1.21854397,2
TNG50-1,67,0.5,264305,0.09903821,0.00134899,0.40088064,-0.84042581,3
TNG50-1,67,0.5,264305,-0.00140933,0.0337883,0.72498439,-1.19164377,4
TNG50-1,67,0.5,264305,-0.01048709,-0.0464774,0.80279432,0.18957177,5
TNG50-1,67,0.5,264305,-0.12484823,0.03050172,1.2996256,1.94103377,6
TNG50-1,67,0.5,264305,0.01199627,0.02821281,1.32908688,1.77888116,7
TNG50-1,67,0.5,264305,-0.09875427,-0.00674336,1.17579662,2.42723542,8
TNG50-1,67,0.5,264305,0.02758476,0.07892669,0.89354285,0.13647047,9
TNG50-1,67,0.5,115154,-0.02749925,-0.05192378,0.7764687,2.6979807,0
TNG50-1,67,0.5,115154,-0.06112102,-0.05552379,1.35762348,-0.26894196,1
TNG50-1,67,0.5,115154,-0.03428351,0.04614275,1.25587159,-0.17330415,2
TNG50-1,67,0.5,115154,-0.04806894,0.02941834,0.99421859,-1.18469904,3
TNG50-1,67,0.5,115154,-0.05626581,-0.01162996,1.25641975,-2.62912836,4
TNG50-1,67,0.5,115154,0.09018552,0.13536786,1.30320355,-2.06083444,5
TNG50-1,67,0.5,115154,-0.08597136,-0.00083634,1.12273342,-2.71617082,6
TNG50-1,67,0.5,115154,0.05627548,0.00299381,1.02908236,1.27830863,7
TNG50-1,67,0.5,115154,-0.0618251,-0.03428189,0.53856196,-0.94875649,8
TNG50-1,67,0.5,115154,-0.05110632,-0.04023668,0.86067475,-2.94356448,9
TNG50-1,67,0.5,427901,-0.00180694,0.03614217,1.30970662,-1.80981995,0
TNG50-1,67,0.5,427901,-0.00079091,-0.00999571,0.63771866,0.67538636,1
TNG50-1,67,0.5,427901,-0.01361805,-0.0349575,0.89674005,-0.62657237,2
TNG50-1,67,0.5,427901,0.03396175,-0.03696313,1.24207254,-0.7661208,3
TNG50-1,67,0.5,427901,-0.03803868,-0.03452792,1.24332737,1.89386552,4
TNG50-1,67,0.5,427901,0.06323372,-0.05804684,0.34190621,2.91268551,5
TNG50-1,67,0.5,427901,0.04700329,0.14351769,0.20577734,-1.90364297,6
TNG50-1,67,0.5,427901,0.04334036,-0.09761596,0.88061352,-0.53769121,7
TNG50-1,67,0.5,427901,-0.03297526,-0.04903953,1.24339869,0.22952421,8
TNG50-1,67,0.5,427901,-0.00582116,0.02980116,1.10894014,-1.59672959,9
TNG50-1,67,0.5,194784,-0.00680111,-0.04075898,0.89885752,2.85572556,0
TNG50-1,67,0.5,194784,0.03007525,-0.04780479,1.38859686,2.91207488,1
TNG50-1,67,0.5,194784,0.01392369,0.00392871,1.03010925,-1.63205827,2
TNG50-1,67,0.5,194784,-0.02018337,-0.07688243,1.37014471,0.4861857,3
TNG50-1,67,0.5,194784,0.04165589,0.05039179,0.89188311,2.07541419,4
TNG50-1,67,0.5,194784,-0.06086426,-0.01119157,0.8283492,1.31417408,5
TNG50-1,67,0.5,194784,-0.02767852,-0.05847702,1.39709929,1.6344395,6
TNG50-1,67,0.5,194784,-0.02069457,-0.05946629,0.94553481,-1.50212851,7
TNG50-1,67,0.5,194784,0.01907693,0.01565672,0.36119888,2.62771313,8
TNG50-1,67,0.5,194784,0.03154139,0.01430372,1.05588353,-1.66099683,9
TNG50-1,67,0.5,440020,0.01078287,-0.02643758,0.50557932,-1.03960323,0
TNG50-1,67,0.5,440020,0.00312301,-0.05584448,0.75031258,-0.89838955,1
TNG50-1,67,0.5,440020,-0.05516391,-0.03637606,1.17549032,-2.92928234,2
TNG50-1,67,0.5,440020,0.03005383,-0.05492253,1.2991392,-0.23518359,3
TNG50-1,67,0.5,440020,-0.00749922,0.04124565,1.26832486,-2.43855944,4
TNG50-1,67,0.5,440020,0.01984844,0.01887078,0.65349036,0.22416472,5
TNG50-1,67,0.5,440020,0.04995383,0.01540393,1.14813555,1.06301233,6
TNG50-1,67,0.5,440020,-0.08174397,-0.09634884,1.11109878,0.28969592,7
TNG50-1,67,0.5,440020,-0.01478046,0.09744218,1.25333168,-2.22129329,8
TNG50-1,67,0.5,440020,-0.02203082,-0.02042641,1.02151668,0.73196107,9
TNG50-1,67,0.5,269552,0.01454578,-0.03491585,0.90261663,1.5371729,0
TNG50-1,67,0.5,269552,0.03737694,-0.01095276,0.69465111,-2.21954401,1
TNG50-1,67,0.5,269552,0.00999175,-0.13188456,0.81935969,2.40885706,2
TNG50-1,67,0.5,269552,-0.0442818,-0.01612994,1.1319294,-0.21028115,3
TNG50-1,67,0.5,269552,0.00512812,0.02971458,1.23651615,1.82942754,4
TNG50-1,67,0.5,269552,-0.05379163,-0.03132007,0.91355905,-1.00024777,5
TNG50-1,67,0.5,269552,0.05976676,0.02796398,0.78946391,-0.88457447,6
TNG50-1,67,0.5,269552,-0.03743112,-0.00080789,0.88231361,2.9344259,7
TNG50-1,67,0.5,269552,-0.02859455,0.05439173,1.29348162,0.42317297,8
TNG50-1,67,0.5,269552,0.04065891,-0.03674903,1.09551353,-2.50129361,9
TNG50-1,67,0.5,435374,0.02476856,-0.00656251,1.09443665,-3.13362482,0
TNG50-1,67,0.5,435374,-0.00311847,0.03837525,0.93824956,2.87382263,1
TNG50-1,67,0.5,435374,0.03056239,-0.05282146,1.17949052,1.62471856,2
TNG50-1,67,0.5,435374,0.04801659,0.04356645,1.26262625,-1.46384997,3
TNG50-1,67,0.5,435374,-0.002651,0.0095147,1.17303686,2.38081222,4
TNG50-1,67,0.5,435374,0.01527289,0.06625893,1.33166526,2.33498886,5
TNG50-1,67,0.5,435374,0.02612339,0.03063925,1.2358761,1.51421071,6
TNG50-1,67,0.5,435374,-0.02309339,-0.00813877,1.34960146,0.57945443,7
TNG50-1,67,0.5,435374,0.0593986,0.01158024,0.34340955,0.53228588,8
TNG50-1,67,0.5,435374,-0.05154534,0.01337614,1.26567953,2.94620145,9
TNG50-1,67,0.5,415186,-0.05172731,-0.07350047,0.75733656,0.2675328,0
TNG50-1,67,0.5,415186,0.03822081,0.07201336,1.12549519,2.57775331,1
TNG50-1,67,0.5,415186,0.09199744,-0.02954906,1.20146631,-1.25506553,2
TNG50-1,67,0.5,415186,0.04127908,-0.01311591,0.86015697,1.39899352,3
TNG50-1,67,0.5,415186,-0.02826996,0.01413388,0.83655259,0.48519057,4
TNG50-1,67,0.5,415186,0.01050937,0.07738288,0.59530447,-0.5403598,5
TNG50-1,67,0.5,415186,-0.00332065,0.01406246,1.03906199,2.28831955,6
TNG50-1,67,0.5,415186,-0.03044101,0.02062287,0.66164524,-2.15684033,7
TNG50-1,67,0.5,415186,0.06623585,0.04266834,0.41922472,-2.91916403,8
TNG50-1,67,0.5,415186,0.10036065,0.05055705,1.03002686,-1.84007877,9
TNG50-1,67,0.5,422121,-0.00092919,-0.03007972,1.32024237,-2.07515995,0
TNG50-1,67,0.5,422121,-0.02525333,0.03480785,0.89284106,1.13277622,1
TNG50-1,67,0.5,422121,-0.02478083,0.06212114,1.09743591,-1.16292186,2
TNG50-1,67,0.5,422121,0.05619518,-0.05287042,0.70737854,-2.75088017,3
TNG50-1,67,0.5,422121,0.02930119,-0.04656343,0.49302229,2.44679713,4
TNG50-1,67,0.5,422121,0.01182678,0.03470675,0.72730661,2.84110136,5
TNG50-1,67,0.5,422121,-0.05831696,-0.02045965,1.32689988,-0.79499539,6
TNG50-1,67,0.5,422121,0.0120394,0.0276376,0.83242603,3.09683499,7
TNG50-1,67,0.5,422121,-0.01063974,-0.02113215,0.68761214,2.24045353,8
TNG50-1,67,0.5,422121,-0.04562228,0.02884973,1.37541389,0.3509636,9
TNG50-1,67,0.5,153310,0.066543,-0.06112367,0.59595464,-1.65715917,0
TNG50-1,67,0.5,153310,-0.01247934,-0.09796725,1.25542696,2.19736034,1
TNG50-1,67,0.5,153310,0.01995021,-0.08480654,1.14450442,0.59919865,2
TNG50-1,67,0.5,153310,0.04526715,0.00228518,1.39588559,-0.18118558,3
TNG50-1,67,0.5,153310,-0.05363786,0.03358082,0.71587265,-0.05396334,4
TNG50-1,67,0.5,153310,-0.03362903,0.12594674,1.12228184,3.12251366,5
TNG50-1,67,0.5,153310,0.04862518,-0.00206926,1.20121737,-2.94372936,6
TNG50-1,67,0.5,153310,-0.0109026,-0.06399801,0.84994803,-2.12864494,7
TNG50-1,67,0.5,153310,-0.0373831,-0.00142312,1.18761562,2.2965481,8
TNG50-1,67,0.5,153310,-0.03154865,0.03514655,1.35314161,0.21885657,9
TNG50-1,67,0.5,420238,0.05228128,0.03136277,0.22529382,-1.09539312,0
TNG50-1,67,0.5,420238,0.01621016,0.02611869,1.17539905,2.27828105,1
TNG50-1,67,0.5,420238,-0.07831125,0.02148577,1.17825455,1.13922721,2
TNG50-1,67,0.5,420238,-0.05183625,-0.01420551,1.14413464,-0.58556034,3
TNG50-1,67,0.5,420238,-0.00618986,-0.03035355,0.32057746,3.10106579,4
TNG50-1,67,0.5,420238,-0.01247856,-0.05088066,0.55224756,-2.02643269,5
TNG50-1,67,0.5,420238,-0.01146289,0.07714629,0.81449707,-2.65981351,6
TNG50-1,67,0.5,420238,-0.0132326,-0.00102543,0.96384002,-0.82848824,7
TNG50-1,67,0.5,420238,-0.09020062,-0.08302898,1.12088167,3.02751672,8
TNG50-1,67,0.5,420238,0.04028274,-0.0014607,1.11363394,-2.99067766,9
TNG50-1,67,0.5,392357,0.03250592,-0.01105354,0.9377367,1.67758076,0
TNG50-1,67,0.5,392357,-0.01046824,0.06182315,0.43971028,-2.82530335,1
TNG50-1,67,0.5,392357,-0.0436412,0.0246335,1.08231037,-1.42927115,2
TNG50-1,67,0.5,392357,-0.07502992,-0.0029184,0.58623226,-1.34188389,3
TNG50-1,67,0.5,392357,0.01614589,0.00383016,1.03844412,0.43311186,4
TNG50-1,67,0.5,392357,0.04501868,-0.05944481,0.88873205,2.09966594,5
TNG50-1,67,0.5,392357,-0.02553253,-0.11167214,0.9558499,0.33813761,6
TNG50-1,67,0.5,392357,0.05937612,-0.02657434,0.49886287,-0.26181555,7
TNG50-1,67,0.5,392357,-0.01924681,-0.00970059,0.88905941,-2.73123638,8
TNG50-1,67,0.5,392357,0.0041874,0.02656338,1.07349994,2.95342475,9
TNG50-1,67,0.5,241011,-0.03362928,0.03414852,0.95105063,2.03206391,0
TNG50-1,67,0.5,241011,-0.00390763,-0.02154261,1.07398097,2.96702626,1
TNG50-1,67,0.5,241011,0.06939013,-0.06406751,0.75860569,1.53512666,2
TNG50-1,67,0.5,241011,-0.00630488,-0.02402305,1.06183544,2.6040112,3
TNG50-1,67,0.5,241011,-0.04169412,-0.03076037,0.60350921,-0.90884106,4
TNG50-1,67,0.5,241011,0.05991803,-0.01268178,0.85695337,0.75328054,5
TNG50-1,67,0.5,241011,-0.01446703,-0.02588005,1.23054277,-0.68170134,6
TNG50-1,67,0.5,241011,-0.01105224,0.08322908,1.26383099,2.29252876,7
TNG50-1,67,0.5,241011,-0.09901822,0.01511762,1.18389869,3.12257829,8
TNG50-1,67,0.5,241011,-0.00636704,-0.08701069,0.41817127,1.54264833,9
TNG50-1,67,0.5,190043,0.01040074,-0.12808838,0.70257975,2.56109282,0
TNG50-1,67,0.5,190043,0.00396317,0.14003464,0.85595979,-0.32297481,1
TNG50-1,67,0.5,190043,0.09022895,-0.02052672,0.95057139,2.16427998,2
TNG50-1,67,0.5,190043,-0.05321794,0.0613902,0.24784608,-1.67634052,3
TNG50-1,67,0.5,190043,-0.12617431,0.02730058,0.97599371,0.58188173,4
TNG50-1,67,0.5,190043,-0.09057782,0.00026732,0.50644529,-2.12460537,5
TNG50-1,67,0.5,190043,-0.02654474,-0.01185256,1.24150072,0.47254126,6
TNG50-1,67,0.5,190043,0.00585868,-0.05561835,1.17614453,-1.74510596,7
TNG50-1,67,0.5,190043,0.06958217,-0.06439324,1.11952684,0.5388155,8
TNG50-1,67,0.5,190043,0.04216084,-0.00831187,0.23616726,-0.44815376,9
TNG50-1,67,0.5,92825,-0.0308864,-0.05087053,0.29659606,-1.84962675,0
TNG50-1,67,0.5,92825,-0.02454564,0.00338127,0.94749143,-2.33723175,1
TNG50-1,67,0.5,92825,-0.00459054,-0.02044262,1.26578125,-1.50634662,2
TNG50-1,67,0.5,92825,0.05557398,0.03831692,1.0484977,1.33558479,3
TNG50-1,67,0.5,92825,0.00584646,-0.01710025,1.17979332,-0.74150488,4
TNG50-1,67,0.5,92825,-0.00028245,-0.05031213,1.25915049,-0.06855838,5
TNG50-1,67,0.5,92825,-0.00795756,0.04946544,0.273923,-3.01432012,6
TNG50-1,67,0.5,92825,-0.01766738,-0.04129955,1.01155673,-3.11488021,7
TNG50-1,67,0.5,92825,-0.05819597,0.00773401,0.75255423,-0.58385148,8
TNG50-1,67,0.5,92825,0.03976124,0.06369003,0.45583777,-2.19683667,9
TNG50-1,67,0.5,392041,0.04448576,-0.00603849,0.96612158,0.23625593,0
TNG50-1,67,0.5,392041,-0.03653012,0.10453388,0.25785478,-1.29283723,1
TNG50-1,67,0.5,392041,0.04798688,-0.00050314,0.47686236,-2.16538635,2
TNG50-1,67,0.5,392041,0.07204367,-0.00916446,1.1692142,-1.9876073,3
TNG50-1,67,0.5,392041,-0.02959123,-0.05739677,1.30075315,1.38320289,4
TNG50-1,67,0.5,392041,0.0603986,-0.04859277,0.83374087,-0.20076748,5
TNG50-1,67,0.5,392041,0.05241189,-0.03420741,1.12893874,-0.19246533,6
TNG50-1,67,0.5,392041,0.04346055,0.01806688,1.1858698,2.99549311,7
TNG50-1,67,0.5,392041,-0.03180313,-0.07120298,0.91275538,2.62604015,8
TNG50-1,67,0.5,392041,-0.00597038,-0.03329393,0.9198185,-2.73347295,9
TNG50-1,67,0.5,342970,0.01205185,-0.0391706,1.11885767,-0.71732486,0
TNG50-1,67,0.5,342970,0.04189955,-0.03423943,0.84697283,1.75156894,1
TNG50-1,67,0.5,342970,0.00964061,0.07612519,1.38207332,1.66504356,2
TNG50-1,67,0.5,342970,0.10043189,0.00621622,0.88751611,0.07420077,3
TNG50-1,67,0.5,342970,-0.02625168,-0.01326806,0.98851144,0.3090874,4
TNG50-1,67,0.5,342970,-0.09938563,0.07988072,1.01458364,-0.28142792,5
TNG50-1,67,0.5,342970,0.0138997,-0.01477383,1.39881364,-2.98266056,6
TNG50-1,67,0.5,342970,-0.0272426,-0.06150643,0.36595321,-1.39574954,7
TNG50-1,67,0.5,342970,-0.05428425,-0.06632285,1.25515304,-0.69776678,8
TNG50-1,67,0.5,342970,-0.01487666,-0.0039998,1.30621591,0.34213153,9
TNG50-1,67,0.5,428958,-0.00747366,-0.01949055,0.82358875,-2.20045821,0
TNG50-1,67,0.5,428958,-0.02633982,0.05642704,0.97004614,-2.41874749,1
TNG50-1,67,0.5,428958,-0.00369267,-0.00757585,1.07214765,0.87245326,2
TNG50-1,67,0.5,428958,-0.03333053,-0.05975641,0.92235388,2.74132221,3
TNG50-1,67,0.5,428958,0.0621671,-0.05638203,0.52003987,-2.89939885,4
TNG50-1,67,0.5,428958,0.00934439,0.03137562,0.71202759,-0.01724163,5
TNG50-1,67,0.5,428958,-0.08090689,0.10147307,0.96293117,-1.92109832,6
TNG50-1,67,0.5,428958,-0.06648584,0.04197828,0.58021718,0.19800349,7
TNG50-1,67,0.5,428958,0.06023786,-0.01909445,0.51818193,2.24097165,8
TNG50-1,67,0.5,428958,-0.00900363,-0.01133591,1.07606498,1.80288525,9
TNG50-1,67,0.5,354839,0.06842216,0.04092921,1.20913442,-0.24804245,0
TNG50-1,67,0.5,354839,0.05815443,-0.02047266,0.49845257,2.29376398,1
TNG50-1,67,0.5,354839,-0.0339711,0.06304857,1.34232517,1.05393292,2
TNG50-1,67,0.5,354839,-0.02544853,-0.03427055,1.39166408,0.53912221,3
TNG50-1,67,0.5,354839,-0.0214189,0.0665944,0.49266538,-0.52150546,4
TNG50-1,67,0.5,354839,-0.04831791,0.047043,0.65636208,-1.58308523,5
TNG50-1,67,0.5,354839,0.08825598,-0.02328449,1.18571445,0.71376035,6
TNG50-1,67,0.5,354839,0.00211349,0.07089204,0.30815279,-2.17499029,7
TNG50-1,67,0.5,354839,0.02297541,0.05744006,0.72710628,1.94724483,8
TNG50-1,67,0.5,354839,-0.06655148,0.0244816,1.30108715,-1.82479147,9
TNG50-1,67,0.5,276421,-0.1120911,-0.08282156,0.9662426,0.59697381,0
TNG50-1,67,0.5,276421,-0.01176638,-0.02669321,1.02326001,3.05077529,1
TNG50-1,67,0.5,276421,0.0211428,0.03873753,0.88819606,2.13424047,2
TNG50-1,67,0.5,276421,0.04751305,-0.03555225,1.18264769,-1.23436287,3
TNG50-1,67,0.5,276421,-0.00886308,0.03254038,1.22400756,-2.54151007,4
TNG50-1,67,0.5,276421,0.01232837,-0.05134877,0.28696138,-0.24856552,5
TNG50-1,67,0.5,276421,0.03931197,-0.0291257,1.16225248,-2.52146617,6
TNG50-1,67,0.5,276421,-0.00638798,0.01210201,0.35758001,-1.27127003,7
TNG50-1,67,0.5,276421,0.02936291,-0.03337101,0.88543672,2.62708004,8
TNG50-1,67,0.5,276421,-0.05644051,-0.02489785,1.34214275,0.96480537,9
TNG50-1,67,0.5,355454,0.00734487,-0.10352945,1.33748743,0.61960629,0
TNG50-1,67,0.5,355454,0.02682949,-0.07592177,1.12272817,-0.41408374,1
TNG50-1,67,0.5,355454,0.02053067,0.02549899,0.37797249,-1.33624349,2
TNG50-1,67,0.5,355454,0.03275664,-0.08177407,1.34316972,-3.05845047,3
TNG50-1,67,0.5,355454,-0.00900242,-0.00950175,0.35148006,-1.46601177,4
TNG50-1,67,0.5,355454,-0.03636416,-0.04153979,0.92948065,1.34976763,5
TNG50-1,67,0.5,355454,-0.07350859,-0.0447164,1.01558535,0.66611007,6
TNG50-1,67,0.5,355454,-0.00440021,0.00426537,1.29784404,-2.14824949,7
TNG50-1,67,0.5,355454,-0.02686152,0.00142801,1.34099003,1.84372674,8
TNG50-1,67,0.5,355454,-0.0059209,0.02731394,0.91342855,-2.20861459,9
TNG50-1,67,0.5,413107,0.03314158,0.00903053,0.87916272,1.56455945,0
TNG50-1,67,0.5,413107,-0.00169503,-0.01010417,1.07941806,-0.1127472,1
TNG50-1,67,0.5,413107,-0.02711718,0.01784036,1.32237729,1.7255874,2
TNG50-1,67,0.5,413107,-0.01618718,-0.15226266,1.18315677,2.88928081,3
TNG50-1,67,0.5,413107,0.0609578,0.05138578,1.2683985,-0.89399294,4
TNG50-1,67,0.5,413107,0.05276858,-0.06358845,0.43524006,0.65838636,5
TNG50-1,67,0.5,413107,0.01829196,-0.03590394,0.69272015,-1.22771826,6
TNG50-1,67,0.5,413107,0.00743046,-0.07000913,0.57952812,2.47436131,7
TNG50-1,67,0.5,413107,0.11568033,-0.03682072,0.59531908,-1.54551929,8
TNG50-1,67,0.5,413107,0.02317573,-0.01701627,1.39821193,-0.93461828,9
TNG50-1,67,0.5,379837,0.00493797,0.00418205,0.82393396,1.87874492,0
TNG50-1,67,0.5,379837,-0.03706845,-0.08866845,1.03269784,2.38605357,1
TNG50-1,67,0.5,379837,0.10938569,0.0312843,1.06478729,1.59487933,2
TNG50-1,67,0.5,379837,-0.01327846,-0.01325251,0.90124752,0.04237089,3
TNG50-1,67,0.5,379837,-0.04534104,-0.05630548,0.75466414,2.34874498,4
TNG50-1,67,0.5,379837,-0.09425758,0.04784506,1.11628753,-0.05662511,5
TNG50-1,67,0.5,379837,0.00452049,0.04689326,1.11358946,1.8038134,6
TNG50-1,67,0.5,379837,0.03453837,-0.05738955,0.84407975,-2.74190849,7
TNG50-1,67,0.5,379837,-0.05699852,0.0146727,1.34104501,1.3134145,8
TNG50-1,67,0.5,379837,0.03124952,0.0101637,0.74218508,-2.61317098,9
TNG50-1,67,0.5,256226,0.01862858,-0.05525104,1.16797954,-0.1338282,0
TNG50-1,67,0.5,256226,-0.00216263,0.07396332,0.7611457,1.34577884,1
TNG50-1,67,0.5,256226,-0.12088471,0.04764247,0.52270161,-0.59159133,2
TNG50-1,67,0.5,256226,0.04818923,0.01106749,1.25943554,-1.8189234,3
TNG50-1,67,0.5,256226,0.01133434,0.05676947,0.71456709,2.15522205,4
TNG50-1,67,0.5,256226,0.02017891,-0.04722087,1.19984251,-2.80361821,5
TNG50-1,67,0.5,256226,-0.16953615,-0.03826327,1.24894312,2.51969176,6
TNG50-1,67,0.5,256226,-0.02657585,0.0461181,1.11138557,1.81506459,7
TNG50-1,67,0.5,256226,-0.07168447,-0.04699067,0.6202769,1.40479868,8
TNG50-1,67,0.5,256226,0.0646711,-0.06629083,0.68958925,0.43431717,9
TNG50-1,67,0.5,139870,-0.05201236,-0.00712981,0.73761434,0.323789,0
TNG50-1,67,0.5,139870,0.01921936,0.0597165,0.49751375,-2.08972104,1
TNG50-1,67,0.5,139870,-0.05125053,-0.04208008,0.90552092,0.6533623,2
TNG50-1,67,0.5,139870,0.00409687,-0.08889033,1.2695036,-0.56062757,3
TNG50-1,67,0.5,139870,-0.00822558,-0.04726372,1.37950957,-0.14056036,4
TNG50-1,67,0.5,139870,0.0299996,-0.0192581,0.77366043,2.35258608,5
TNG50-1,67,0.5,139870,-0.05983352,0.09345229,1.21114945,-2.64817617,6
TNG50-1,67,0.5,139870,0.02258806,0.01941654,1.36778951,0.17511854,7
TNG50-1,67,0.5,139870,-0.05347384,-0.03766256,1.10620223,-2.05068023,8
TNG50-1,67,0.5,139870,-0.048216,-0.00706352,0.87428641,-1.99319562,9
TNG50-1,67,0.5,442078,-0.06874062,0.04186442,0.50863651,-2.55297184,0
TNG50-1,67,0.5,442078,-0.04793733,0.07429888,1.07550253,1.18719241,1
TNG50-1,67,0.5,442078,0.08451729,-0.0219503,1.04475318,-2.066158,2
TNG50-1,67,0.5,442078,0.02743701,0.06997763,0.52495857,-2.93448918,3
TNG50-1,67,0.5,442078,-0.04788671,-0.03118963,0.20670295,0.60058298,4
TNG50-1,67,0.5,442078,0.06445021,-0.01807229,1.35657863,0.58974002,5
TNG50-1,67,0.5,442078,-0.01199797,0.00044605,1.34896605,-1.36159885,6
TNG50-1,67,0.5,442078,0.11390129,0.04602152,1.3552076,-1.11692024,7
TNG50-1,67,0.5,442078,0.01310261,-0.01651061,0.99485688,-0.91741389,8
TNG50-1,67,0.5,442078,0.02827595,0.08253607,0.63422508,2.69694034,9
TNG50-1,67,0.5,328099,0.04063145,0.01466753,1.03419498,1.20615053,0
TNG50-1,67,0.5,328099,0.00756781,-0.00429098,1.24802387,-2.70153197,1
TNG50-1,67,0.5,328099,-0.04624981,-0.08968814,0.99922619,2.40762209,2
TNG50-1,67,0.5,328099,0.08932599,0.08562506,1.33581979,-1.95510584,3
TNG50-1,67,0.5,328099,-0.10517019,0.03250988,0.31128541,-1.49658586,4
TNG50-1,67,0.5,328099,0.04391132,0.00172965,0.85887907,1.45615808,5
TNG50-1,67,0.5,328099,0.01083559,0.00495453,0.23505312,1.32381222,6
TNG50-1,67,0.5,328099,0.02343394,0.0841869,1.25482953,1.00904623,7
TNG50-1,67,0.5,328099,-0.03934148,-0.03713644,1.06856568,-3.10762498,8
TNG50-1,67,0.5,328099,-0.00762081,-0.04841163,0.39143266,-1.5746829,9
TNG50-1,67,0.5,316153,0.03746461,0.05801089,0.82672199,0.92267893,0
TNG50-1,67,0.5,316153,0.00759059,-0.09141584,0.40385654,-1.24016701,1
TNG50-1,67,0.5,316153,0.05701892,0.00900951,0.37475537,-1.63237525,2
TNG50-1,67,0.5,316153,-0.02715451,0.05154382,1.07020338,1.88263224,3
TNG50-1,67,0.5,316153,0.01644529,0.0281256,1.30722356,-1.60920196,4
TNG50-1,67,0.5,316153,0.09378108,-0.10512501,0.40572557,2.89288679,5
TNG50-1,67,0.5,316153,0.03267747,-0.06729975,0.41270124,-0.38680434,6
TNG50-1,67,0.5,316153,0.08104252,-0.00571924,1.31941261,-0.48635637,7
TNG50-1,67,0.5,316153,-0.00418798,0.02374329,1.33268942,2.78744138,8
TNG50-1,67,0.5,316153,-0.02381016,0.0257065,1.24512215,-2.38679377,9
TNG50-1,67,0.5,446112,-0.13694756,-0.01668174,1.33359766,-0.86119642,0
TNG50-1,67,0.5,446112,0.07224446,-0.04955946,1.32457316,1.07122422,1
TNG50-1,67,0.5,446112,-0.05561391,-0.05631223,1.32359372,0.89205906,2
TNG50-1,67,0.5,446112,0.0044985,0.06375346,0.56132547,2.603132,3
TNG50-1,67,0.5,446112,-0.04069752,0.02094649,0.71266426,1.52012234,4
TNG50-1,67,0.5,446112,0.07482551,0.00867054,1.29328486,-2.92526624,5
TNG50-1,67,0.5,446112,-0.01145293,0.0246115,1.13073369,-2.16726292,6
TNG50-1,67,0.5,446112,-0.02710522,-0.09743272,1.01981837,-0.34631918,7
TNG50-1,67,0.5,446112,0.05600893,-0.0162263,1.31824843,-2.55713156,8
TNG50-1,67,0.5,446112,0.03660686,-0.01489843,0.55399522,-0.67965173,9
TNG50-1,67,0.5,429301,0.02763186,0.04815352,0.87487008,1.66216845,0
TNG50-1,67,0.5,429301,0.04466698,0.02259241,1.31980637,-1.72640843,1
TNG50-1,67,0.5,429301,-0.03884856,0.07551985,0.48854571,-1.1739826,2
TNG50-1,67,0.5,429301,0.00763132,0.03863616,0.86009932,1.70426263,3
TNG50-1,67,0.5,429301,0.00939812,0.00921151,1.39643524,1.3341163,4
TNG50-1,67,0.5,429301,-0.08240203,-0.07070828,0.89838458,-0.88164074,5
TNG50-1,67,0.5,429301,-0.04768313,0.03326687,1.08910161,-0.20474172,6
TNG50-1,67,0.5,429301,0.04454618,0.06983568,0.44285478,0.32893351,7
TNG50-1,67,0.5,429301,-0.0230815,-0.02964356,1.28470328,2.43761227,8
TNG50-1,67,0.5,429301,0.13060013,-0.09130126,1.11485407,1.01477217,9
TNG50-1,67,0.5,207315,-0.07326496,-0.04157191,0.93763577,0.43519405,0
TNG50-1,67,0.5,207315,-0.05732974,0.05432055,0.92565506,2.98821193,1
TNG50-1,67,0.5,207315,0.01938082,-0.01556474,0.68726424,-1.17078781,2
TNG50-1,67,0.5,207315,0.03437091,-0.03943757,1.09259362,-0.40149487,3
TNG50-1,67,0.5,207315,-0.02533197,0.04464076,1.3388598,3.10530271,4
TNG50-1,67,0.5,207315,-0.02000358,0.07246238,1.10059004,-2.2342514,5
TNG50-1,67,0.5,207315,0.03069882,0.0091623,0.8524478,0.46237151,6
TNG50-1,67,0.5,207315,0.00827438,-0.05021422,0.91313073,-0.81462071,7
TNG50-1,67,0.5,207315,0.0593036,0.07673912,0.54309049,-2.85167148,8
TNG50-1,67,0.5,207315,-0.007883,0.01883602,1.17140466,1.63854687,9
TNG50-1,67,0.5,394432,-0.06010157,0.02885589,1.33535183,-2.49110329,0
TNG50-1,67,0.5,394432,0.0124868,0.01042211,0.82365241,0.68609637,1
TNG50-1,67,0.5,394432,0.02608292,0.0353656,0.26186372,-0.60468105,2
TNG50-1,67,0.5,394432,-0.01073622,-0.05481676,0.56629399,-0.49396896,3
TNG50-1,67,0.5,394432,-0.10790999,0.00606679,0.83762251,0.83537098,4
TNG50-1,67,0.5,394432,0.00522276,-0.02305978,1.30793746,2.51119376,5
TNG50-1,67,0.5,394432,0.09074301,0.01857974,0.64080991,1.6322507,6
TNG50-1,67,0.5,394432,0.02288616,-0.09727868,0.76231359,-3.00145704,7
TNG50-1,67,0.5,394432,0.00078118,-0.01963655,0.38578495,-2.21797101,8
TNG50-1,67,0.5,394432,-0.01862249,0.02712254,0.73077499,-0.85961571,9
TNG50-1,67,0.5,337657,-0.0361731,-0.03203523,0.20888368,-1.35357047,0
TNG50-1,67,0.5,337657,-0.00334682,-0.03738695,1.143186,-2.08047851,1
TNG50-1,67,0.5,337657,-0.00243749,0.06496754,0.40510361,0.87999455,2
TNG50-1,67,0.5,337657,0.02837805,0.03456896,0.70546376,-1.55441287,3
TNG50-1,67,0.5,337657,-0.01425844,0.05369024,0.31090886,-0.4408322,4
TNG50-1,67,0.5,337657,0.08378856,0.01577157,0.77533272,2.23417944,5
TNG50-1,67,0.5,337657,0.06149626,-0.01274448,0.7634433,0.823601,6
TNG50-1,67,0.5,337657,-0.02511819,-0.06709436,0.36396311,2.7889649,7
TNG50-1,67,0.5,337657,0.00989058,0.0068427,0.7086437,-0.91286256,8
TNG50-1,67,0.5,337657,0.0606421,0.06160466,0.54237027,-1.37839272,9
TNG50-1,67,0.5,410755,0.09425962,-0.04936145,0.87481394,-1.13513111,0
TNG50-1,67,0.5,410755,0.03725903,0.02569319,0.48512871,0.24975788,1
TNG50-1,67,0.5,410755,-0.02157083,0.04423675,1.3879533,0.60742806,2
TNG50-1,67,0.5,410755,0.03070116,-0.00563069,0.99097009,-0.92338145,3
TNG50-1,67,0.5,410755,0.05192128,-0.08823332,1.04366545,-0.49943929,4
TNG50-1,67,0.5,410755,0.02948396,-0.0368376,0.34151236,-2.25065284,5
TNG50-1,67,0.5,410755,0.01009364,0.0342388,1.24330804,1.7029003,6
TNG50-1,67,0.5,410755,-0.17256852,0.06284808,1.37895952,-0.69629306,7
TNG50-1,67,0.5,410755,-0.04836775,-0.10408171,0.82072347,0.91420593,8
TNG50-1,67,0.5,410755,0.0339298,0.00404054,0.82807554,-0.4609984,9
TNG50-1,67,0.5,419924,0.02127789,-0.00173913,1.09664001,-1.3113441,0
TNG50-1,67,0.5,419924,0.03954834,0.07068886,0.68912081,3.09628552,1
TNG50-1,67,0.5,419924,-0.02429299,0.06106315,0.90284061,-1.76724967,2
TNG50-1,67,0.5,419924,-0.04913102,0.05753209,1.13624912,2.81116439,3
TNG50-1,67,0.5,419924,-0.02231325,0.01605808,0.79263002,-0.57352417,4
TNG50-1,67,0.5,419924,-0.00907839,0.00583783,0.45108774,-0.01037571,5
TNG50-1,67,0.5,419924,0.05725335,0.00025763,0.95308641,0.15011686,6
TNG50-1,67,0.5,419924,0.03468911,0.04250785,0.69380063,-1.62226056,7
TNG50-1,67,0.5,419924,-0.00016399,-0.03946585,1.23374739,-1.64030917,8
TNG50-1,67,0.5,419924,0.09503455,-0.01314776,0.9846677,-0.77890268,9
TNG50-1,67,0.5,348011,0.07811231,-0.01653965,1.21285168,3.00718792,0
TNG50-1,67,0.5,348011,0.0584355,0.0397628,1.29079104,1.21095018,1
TNG50-1,67,0.5,348011,-0.09497174,-0.01506946,1.32016728,0.4927371,2
TNG50-1,67,0.5,348011,0.05308168,-0.0849963,1.14050625,-0.01316551,3
TNG50-1,67,0.5,348011,0.00593806,-0.02237499,0.82301257,-0.05060061,4
TNG50-1,67,0.5,348011,-0.04332912,-0.04731728,0.76769911,-1.3086102,5
TNG50-1,67,0.5,348011,0.00456259,-0.06470108,1.16024168,-2.65627199,6
TNG50-1,67,0.5,348011,0.02071347,0.05901829,1.01586877,2.12317591,7
TNG50-1,67,0.5,348011,-0.03970585,0.04017822,0.82428481,2.54727143,8
TNG50-1,67,0.5,348011,-0.00599486,-0.0483469,1.0909544,2.98143152,9
TNG50-1,67,0.5,381323,0.00732549,-0.01772882,0.4923872,1.85025857,0
TNG50-1,67,0.5,381323,0.03066345,0.00431487,0.9640872,-0.28495858,1
TNG50-1,67,0.5,381323,-0.0707027,-0.11782511,1.06504401,2.81984675,2
TNG50-1,67,0.5,381323,0.03009918,0.03371077,1.18469285,0.56482874,3
TNG50-1,67,0.5,381323,0.00498255,0.00429347,0.22660101,-0.66799347,4
TNG50-1,67,0.5,381323,0.06906341,0.00401137,0.84981277,-2.1368778,5
TNG50-1,67,0.5,381323,-0.02065501,0.03605949,0.55284835,1.43191371,6
TNG50-1,67,0.5,381323,0.00888238,-0.02054186,0.25506162,1.72178573,7
TNG50-1,67,0.5,381323,0.01706344,0.00216586,1.21174546,-1.84152914,8
TNG50-1,67,0.5,381323,-0.14037751,0.04325434,0.40480236,-0.80524324,9
TNG50-1,67,0.5,380850,-0.05451692,0.0053536,0.72787125,-0.22847458,0
TNG50-1,67,0.5,380850,0.02222489,-0.07820865,0.87410825,0.1964138,1
TNG50-1,67,0.5,380850,0.10365068,0.03214223,1.01196453,1.8403258,2
TNG50-1,67,0.5,380850,-0.01474308,0.05646647,0.88980125,-2.11109058,3
TNG50-1,67,0.5,380850,0.01648746,0.03377506,1.25821812,-1.47643256,4
TNG50-1,67,0.5,380850,-0.03025028,-0.00883865,0.59439816,2.74208577,5
TNG50-1,67,0.5,380850,0.01182441,-0.04586796,0.6729739,2.75077965,6
TNG50-1,67,0.5,380850,-0.0312691,-0.04463882,1.24780146,1.94132638,7
TNG50-1,67,0.5,380850,-0.01294683,-0.00948688,0.47894453,-2.08329452,8
TNG50-1,67,0.5,380850,0.12245555,-0.01834092,1.05970817,0.59675885,9
TNG50-1,67,0.5,296869,0.02557709,-0.02020517,1.00285988,2.53279907,0
TNG50-1,67,0.5,296869,-0.05640836,-0.01972719,0.42211879,-0.78212515,1
TNG50-1,67,0.5,296869,0.07589647,0.11787686,0.66334672,-0.94124889,2
TNG50-1,67,0.5,296869,-0.01981328,-0.08376474,0.70642658,-1.65334125,3
TNG50-1,67,0.5,296869,0.07266156,-0.06012652,1.23158614,-2.47916059,4
TNG50-1,67,0.5,296869,-0.01054093,0.05884425,1.29363018,-0.10746381,5
TNG50-1,67,0.5,296869,-0.01267699,0.05509325,0.51314593,-0.0111762,6
TNG50-1,67,0.5,296869,0.04329587,-0.04612502,0.76560873,-2.42241514,7
TNG50-1,67,0.5,296869,0.01464837,-0.08762116,0.58806691,0.65046592,8
TNG50-1,67,0.5,296869,-0.00333505,0.06361639,0.65949117,-0.8584913,9
TNG50-1,67,0.5,277961,-0.07150038,-0.00256485,1.32103431,-0.81391312,0
TNG50-1,67,0.5,277961,0.00537655,0.01199795,0.38443177,1.5400355,1
TNG50-1,67,0.5,277961,-0.02246507,-0.01889701,0.32665698,2.42224611,2
TNG50-1,67,0.5,277961,-0.06380951,-0.04147158,0.70157806,-0.80879133,3
TNG50-1,67,0.5,277961,-0.00413969,-0.03730897,0.94263367,0.72952712,4
TNG50-1,67,0.5,277961,0.02832511,-0.01466944,0.85099713,0.59587699,5
TNG50-1,67,0.5,277961,0.00874648,0.04571915,0.80200778,-0.1725339,6
TNG50-1,67,0.5,277961,0.0091254,0.0763611,1.27151956,1.22024911,7
TNG50-1,67,0.5,277961,0.02217128,0.06617254,1.14959946,-2.1940254,8
TNG50-1,67,0.5,277961,-0.08456916,-0.07803703,1.31637158,-2.67131069,9
TNG50-1,67,0.5,369178,-0.07871131,-0.0717491,1.31971318,2.39395389,0
TNG50-1,67,0.5,369178,-0.0427395,0.04760035,0.78954879,-1.01767108,1
TNG50-1,67,0.5,369178,-0.02728733,-0.05988159,0.56585096,-0.85960851,2
TNG50-1,67,0.5,369178,0.00194135,0.07759315,0.55765272,2.71368354,3
TNG50-1,67,0.5,369178,-0.05180943,0.03853766,1.1242164,1.5197371,4
TNG50-1,67,0.5,369178,0.00746542,0.0278281,1.23007794,0.73845048,5
TNG50-1,67,0.5,369178,0.05678825,0.0300049,0.32819626,2.84563259,6
TNG50-1,67,0.5,369178,0.0136945,-9.459e-05,0.42969667,2.29270425,7
TNG50-1,67,0.5,369178,-0.00336614,-0.03931927,1.13300398,-2.67190607,8
TNG50-1,67,0.5,369178,0.01708143,-0.04708885,0.46387717,-0.00757866,9
TNG50-1,67,0.5,438729,-0.01948697,0.03769017,0.95743759,2.39812515,0
TNG50-1,67,0.5,438729,-0.05478073,-0.03623825,1.15595177,1.72811328,1
TNG50-1,67,0.5,438729,-0.03619,0.02219952,1.02660409,-1.06354038,2
TNG50-1,67,0.5,438729,0.11120353,-0.00044698,0.82500106,1.50269855,3
TNG50-1,67,0.5,438729,-0.00507822,0.05648765,0.59549985,-2.50461204,4
TNG50-1,67,0.5,438729,0.01799525,-0.02701679,0.60949802,-2.33635881,5
TNG50-1,67,0.5,438729,0.0395244,0.10161077,1.39060483,-1.72437758,6
TNG50-1,67,0.5,438729,-0.03234118,0.01693616,0.92318128,-0.62991291,7
TNG50-1,67,0.5,438729,0.05375701,-0.00626089,1.07879519,0.06710284,8
TNG50-1,67,0.5,438729,0.01880046,-0.01210961,0.84766828,-0.64184796,9
TNG50-1,67,0.5,409301,-0.00266404,0.0882596,1.04656395,-0.35138459,0
TNG50-1,67,0.5,409301,0.05407288,-0.00210222,0.87630157,1.92144718,1
TNG50-1,67,0.5,409301,-0.02107866,0.03264543,0.97928682,1.17634249,2
TNG50-1,67,0.5,409301,-0.13272284,-0.05168648,0.82207673,0.02344858,3
TNG50-1,67,0.5,409301,-0.00164767,-0.01457105,1.32059889,-0.81891193,4
TNG50-1,67,0.5,409301,0.00314588,-0.05003063,0.76995791,0.40000802,5
TNG50-1,67,0.5,409301,0.00977188,0.06468364,0.63335912,0.12423412,6
TNG50-1,67,0.5,409301,-0.00916524,-0.07778897,1.20593592,2.96215694,7
TNG50-1,67,0.5,409301,-0.0431269,0.01862008,0.62408694,2.04927277,8
TNG50-1,67,0.5,409301,-0.0122572,0.01703729,1.1890987,-2.41003701,9
TNG50-1,67,0.5,428338,-0.01066458,0.02283822,0.7356624,3.05485984,0
TNG50-1,67,0.5,428338,0.07207279,0.04908017,0.4763396,0.3044251,1
TNG50-1,67,0.5,428338,0.03426488,0.04673474,1.10300088,-0.01829544,2
TNG50-1,67,0.5,428338,0.03506028,0.01463473,0.51636741,-1.91411827,3
TNG50-1,67,0.5,428338,-0.07071245,0.00278118,0.98098099,-0.50565498,4
TNG50-1,67,0.5,428338,0.00481699,-0.01622436,1.24124868,-0.01134709,5
TNG50-1,67,0.5,428338,-0.02549277,-0.01237971,0.21348926,1.34491785,6
TNG50-1,67,0.5,428338,-0.0430818,-0.03901466,0.35397059,-0.31394596,7
TNG50-1,67,0.5,428338,-0.03132322,-0.02142297,1.2962799,0.8481589,8
TNG50-1,67,0.5,428338,-0.00279595,0.01769133,1.00091631,-2.50374672,9
TNG50-1,67,0.5,418216,0.00895825,0.0263993,0.59280581,0.19913836,0
TNG50-1,67,0.5,418216,0.00223079,-0.04907639,1.07870027,3.01504632,1
TNG50-1,67,0.5,418216,0.008454,-0.05396364,0.74541296,-2.86823682,2
TNG50-1,67,0.5,418216,-0.0502336,-0.02309901,0.92625437,0.02163815,3
TNG50-1,67,0.5,418216,0.00896138,0.01722205,0.68234099,-2.27270134,4
TNG50-1,67,0.5,418216,-0.01964153,0.05185762,1.35870001,0.51774229,5
TNG50-1,67,0.5,418216,0.06612309,0.01160372,1.1127593,-1.62820684,6
TNG50-1,67,0.5,418216,0.03989939,0.12311682,1.11296518,2.52903752,7
TNG50-1,67,0.5,418216,-0.06618675,-0.03383802,0.85867055,-1.14359641,8
TNG50-1,67,0.5,418216,-0.01415666,0.03701758,1.22582125,2.87966418,9
TNG50-1,67,0.5,280995,0.00344573,0.0224012,0.49205561,-1.49928192,0
TNG50-1,67,0.5,280995,0.05132352,-0.01412507,1.24591746,-2.12906528,1
TNG50-1,67,0.5,280995,0.0067354,0.0080347,1.16113272,-0.30904211,2
TNG50-1,67,0.5,280995,0.02557828,0.01620078,1.26898395,-1.72066054,3
TNG50-1,67,0.5,280995,-0.00294098,0.01408186,0.80405421,-0.59681719,4
TNG50-1,67,0.5,280995,0.04810478,0.07087373,1.0179541,-0.739686,5
TNG50-1,67,0.5,280995,0.03083029,0.00170399,1.31489334,2.76727254,6
TNG50-1,67,0.5,280995,-0.05097884,0.00944586,0.8811163,-1.9676135,7
TNG50-1,67,0.5,280995,0.02239009,0.06649084,1.11009177,-1.34182228,8
TNG50-1,67,0.5,280995,-0.07713166,0.09484004,0.96753968,1.83383752,9
TNG50-1,67,0.5,450891,0.02348151,0.01674554,0.64628123,1.09280133,0
TNG50-1,67,0.5,450891,-0.00341379,0.01851986,1.2375171,2.35643184,1
TNG50-1,67,0.5,450891,-0.07253674,0.07987073,0.80461703,0.96030672,2
TNG50-1,67,0.5,450891,-0.06267884,-0.05121361,0.87526274,-2.13736648,3
TNG50-1,67,0.5,450891,0.00683019,-0.02105352,1.03033934,-0.52694473,4
TNG50-1,67,0.5,450891,0.00849513,-0.01681714,0.80535766,0.31069505,5
TNG50-1,67,0.5,450891,0.00137925,0.06288329,0.54383765,-2.34440139,6
TNG50-1,67,0.5,450891,-0.0235356,-0.01868768,1.30018963,0.90233518,7
TNG50-1,67,0.5,450891,0.03938237,-0.03962297,0.76995517,1.3398384,8
TNG50-1,67,0.5,450891,0.01844903,-0.00529044,1.04464557,1.64943249,9
TNG50-1,67,0.5,184180,0.10663829,0.00735862,0.5907626,3.07316642,0
TNG50-1,67,0.5,184180,0.05252975,-0.01034387,0.62804332,0.62186915,1
TNG50-1,67,0.5,184180,-0.03371405,-0.04511479,1.20360308,-0.00629372,2
TNG50-1,67,0.5,184180,-0.05847756,0.06074503,1.02185624,-1.95444942,3
TNG50-1,67,0.5,184180,-0.01991069,0.02014942,0.90556508,2.26512926,4
TNG50-1,67,0.5,184180,-0.05416158,-0.02722319,0.60932729,-2.05984749,5
TNG50-1,67,0.5,184180,-0.02291557,-0.04430633,1.23538498,-0.62035191,6
TNG50-1,67,0.5,184180,-0.04847852,-0.07336142,1.29003417,-2.83978312,7
TNG50-1,67,0.5,184180,-0.0163515,-0.07702355,0.39061552,-2.99991992,8
TNG50-1,67,0.5,184180,-0.01575604,0.05237293,1.2786433,1.44247121,9
TNG50-1,67,0.5,441808,0.07648374,-0.03437222,0.68679633,-2.45254446,0
TNG50-1,67,0.5,441808,-0.02607242,0.0341832,1.35516448,-2.06888561,1
TNG50-1,67,0.5,441808,0.03164408,0.05207298,1.39151457,-0.13762248,2
TNG50-1,67,0.5,441808,0.05592482,0.00493391,1.14449492,2.88699388,3
TNG50-1,67,0.5,441808,-0.0288882,-0.03149341,0.50556858,1.27801748,4
TNG50-1,67,0.5,441808,0.0754789,-0.01300565,0.7660243,-2.4345444,5
TNG50-1,67,0.5,441808,0.05575836,-0.01892421,0.84249184,2.85826695,6
TNG50-1,67,0.5,441808,-0.06210058,0.04206108,0.20925129,1.66955816,7
TNG50-1,67,0.5,441808,0.0797489,-0.02029386,1.10256207,1.48664782,8
TNG50-1,67,0.5,441808,-0.05947895,-0.03259233,0.53795943,0.32351571,9
TNG50-1,67,0.5,289153,-0.00761465,0.03505889,1.38155661,-0.43410531,0
TNG50-1,67,0.5,289153,0.06989401,-0.02739462,0.7991748,1.31833661,1
TNG50-1,67,0.5,289153,-0.07552888,0.063039,0.68318513,-2.50427459,2
TNG50-1,67,0.5,289153,0.00148627,-0.02225658,0.82370295,2.87347641,3
TNG50-1,67,0.5,289153,-0.06257166,0.02421766,1.15587517,2.86031261,4
TNG50-1,67,0.5,289153,-0.02781716,-0.00949573,1.31410374,-2.19600358,5
TNG50-1,67,0.5,289153,0.04649258,0.03704527,0.22250768,-1.90344823,6
TNG50-1,67,0.5,289153,-0.04241673,0.10137538,0.52339047,-0.85403326,7
TNG50-1,67,0.5,289153,-0.01316853,-0.01387999,0.70462371,-0.30985945,8
TNG50-1,67,0.5,289153,0.00705111,-0.00080078,1.2434954,-0.37236866,9
TNG50-1,67,0.5,353206,0.04727855,-0.05799858,1.32151783,-0.80939057,0
TNG50-1,67,0.5,353206,-0.04952419,-0.00893769,0.71969379,2.90413923,1
TNG50-1,67,0.5,353206,0.04035528,-0.0056039,1.08537154,-2.63093451,2
TNG50-1,67,0.5,353206,-0.00738031,0.04850231,1.26176898,1.93912028,3
TNG50-1,67,0.5,353206,-0.01304445,0.00046316,1.17755281,-1.51882782,4
TNG50-1,67,0.5,353206,0.01953042,-0.01309203,0.85716877,0.67769397,5
TNG50-1,67,0.5,353206,0.01798565,0.07129647,0.34156363,3.03092303,6
TNG50-1,67,0.5,353206,0.04443428,-0.02144983,0.70302757,2.15068194,7
TNG50-1,67,0.5,353206,-0.0424652,-0.02355762,0.61692291,2.19999839,8
TNG50-1,67,0.5,353206,0.02827995,-0.09382477,0.8461496,2.02989568,9
TNG50-1,67,0.5,422759,-0.07412812,0.00510734,1.05525819,-1.77078258,0
TNG50-1,67,0.5,422759,-0.00682417,0.11295462,1.39576555,-2.95779695,1
TNG50-1,67,0.5,422759,-0.00877815,-0.05970276,0.63658325,1.60952101,2
TNG50-1,67,0.5,422759,0.03698238,0.00106357,1.02454702,-2.10079911,3
TNG50-1,67,0.5,422759,0.04939199,0.02484292,0.92379475,-2.43401391,4
TNG50-1,67,0.5,422759,0.0010162,0.05462308,0.68950416,-0.50007542,5
TNG50-1,67,0.5,422759,-0.01120003,6.1e-05,0.72722769,2.64973195,6
TNG50-1,67,0.5,422759,-0.16176307,0.05877912,1.13197272,1.37071,7
TNG50-1,67,0.5,422759,0.07810619,-0.02078204,0.63665895,1.87277645,8
TNG50-1,67,0.5,422759,-0.03287955,0.02717588,0.81062659,-1.44580795,9
TNG50-1,67,0.5,446311,-0.09982942,-0.00131563,0.55289884,-0.03489588,0
TNG50-1,67,0.5,446311,-0.01540278,-0.06598316,0.20210544,1.40465152,1
TNG50-1,67,0.5,446311,0.06525106,-0.02974773,0.91636232,-0.43592635,2
TNG50-1,67,0.5,446311,0.01677183,0.02341684,0.76512094,0.24422559,3
TNG50-1,67,0.5,446311,0.04497087,-0.08308543,1.29364463,-0.2954733,4
TNG50-1,67,0.5,446311,0.04781574,-0.03810423,1.09935827,0.61254819,5
TNG50-1,67,0.5,446311,0.06746293,-0.01648914,1.24824028,-2.71070574,6
TNG50-1,67,0.5,446311,-0.01735838,0.0054929,0.87302045,0.29402013,7
TNG50-1,67,0.5,446311,0.04711404,0.0898255,0.36770967,0.07401732,8
TNG50-1,67,0.5,446311,0.11238094,0.03439069,1.37561858,-1.99896383,9
TNG50-1,67,0.5,440536,-0.00567672,-0.04010884,0.93290152,0.19774608,0
TNG50-1,67,0.5,440536,0.06593822,-0.04631488,0.48740728,-1.58645544,1
TNG50-1,67,0.5,440536,0.06399977,0.02756621,0.94524674,3.10571719,2
TNG50-1,67,0.5,440536,0.02130632,-0.01368812,0.25582621,2.10899546,3
TNG50-1,67,0.5,440536,-0.01777156,0.04996596,1.08260564,1.38977816,4
TNG50-1,67,0.5,440536,0.02607064,0.0658855,1.39959603,-0.91802641,5
TNG50-1,67,0.5,440536,-0.04312237,0.08514024,0.82410226,-2.69173458,6
TNG50-1,67,0.5,440536,0.05844741,0.00291991,1.21590165,1.06149924,7
TNG50-1,67,0.5,440536,0.04752124,0.04401923,1.19452314,-3.0014682,8
TNG50-1,67,0.5,440536,0.0965795,-0.02584798,1.38565926,-0.36693226,9
TNG50-1,67,0.5,406810,-0.02759105,-0.0099506,0.65376748,-0.39608582,0
TNG50-1,67,0.5,406810,0.02975328,0.00019045,0.66226792,-2.06158512,1
TNG50-1,67,0.5,406810,-0.0570588,0.01485094,1.09055115,2.45938323,2
TNG50-1,67,0.5,406810,0.01650226,-0.01864908,0.28665473,-0.45943017,3
TNG50-1,67,0.5,406810,0.04513458,0.02735752,1.29538015,-0.00385054,4
TNG50-1,67,0.5,406810,0.07025482,0.02452544,0.53080407,0.44623527,5
TNG50-1,67,0.5,406810,-0.07745647,-0.05573904,0.27281721,2.55474866,6
TNG50-1,67,0.5,406810,-0.01483484,-0.0244886,0.8839244,0.0235592,7
TNG50-1,67,0.5,406810,0.07991817,-0.02270435,1.3503333,2.43916126,8
TNG50-1,67,0.5,406810,0.04609345,-0.01277613,0.41255239,-2.07200607,9
TNG50-1,67,0.5,438427,0.07715013,0.05748266,0.94865205,-1.43917408,0
TNG50-1,67,0.5,438427,0.01524958,0.02209941,0.48822506,-2.90729004,1
TNG50-1,67,0.5,438427,-0.02444168,0.02193423,0.28238819,0.38165795,2
TNG50-1,67,0.5,438427,0.07400363,-0.01810385,1.09105205,0.5414646,3
TNG50-1,67,0.5,438427,0.02469223,-0.01785572,0.97127717,1.22676115,4
TNG50-1,67,0.5,438427,0.00851814,0.02483159,1.11745912,0.1595632,5
TNG50-1,67,0.5,438427,0.05138373,-0.04341307,0.72035855,0.09867492,6
TNG50-1,67,0.5,438427,0.01611094,-0.02877744,1.36801967,-1.23069075,7
TNG50-1,67,0.5,438427,0.12284763,0.00076492,0.34031318,-1.92241913,8
TNG50-1,67,0.5,438427,9.286e-05,0.06201864,0.90839788,-1.56449233,9
TNG50-1,67,0.5,293091,0.06975515,-0.0622802,1.36780388,-0.52698713,0
TNG50-1,67,0.5,293091,0.0166168,0.00281816,0.5361159,0.52730084,1
TNG50-1,67,0.5,293091,0.01974538,0.11175907,0.51690582,0.53497548,2
TNG50-1,67,0.5,293091,0.02014551,0.08276567,0.50358581,-3.09252192,3
TNG50-1,67,0.5,293091,-0.02559648,-0.00532012,1.24727393,-3.08022284,4
TNG50-1,67,0.5,293091,0.081587,0.03639996,0.28093753,-0.18406889,5
TNG50-1,67,0.5,293091,0.0178512,-0.01633043,0.78719309,0.36738263,6
TNG50-1,67,0.5,293091,0.00886005,0.01768322,0.86279654,1.30200885,7
TNG50-1,67,0.5,293091,0.03434867,-0.02291578,0.71502907,1.58785465,8
TNG50-1,67,0.5,293091,0.04703469,-0.0237641,0.67233999,0.53897643,9
TNG50-1,67,0.5,348010,-0.02652467,0.02498241,0.86302519,-0.26579515,0
TNG50-1,67,0.5,348010,-0.05475788,-0.07037639,0.97694348,-0.55650985,1
TNG50-1,67,0.5,348010,0.00405768,0.03480205,1.25587296,1.16497531,2
TNG50-1,67,0.5,348010,-0.03967955,0.02053508,0.86815601,1.50914672,3
TNG50-1,67,0.5,348010,-0.04518506,0.04770398,1.37108349,-2.88485622,4
TNG50-1,67,0.5,348010,0.01461007,-0.01531135,1.11525189,1.54106078,5
TNG50-1,67,0.5,348010,0.0021967,-0.0148757,0.83345596,2.37821871,6
TNG50-1,67,0.5,348010,0.06045784,-0.01456344,0.8292146,2.60064742,7
TNG50-1,67,0.5,348010,0.05824252,0.07172921,1.2491617,-2.78984882,8
TNG50-1,67,0.5,348010,0.00306835,0.01414614,1.10990762,2.41095589,9
TNG50-1,67,0.5,287780,-0.01842587,-0.02241085,0.61398195,1.09439882,0
TNG50-1,67,0.5,287780,0.06580076,-0.04975524,1.26522724,-1.96185528,1
TNG50-1,67,0.5,287780,-0.0045954,0.00992566,1.26337779,2.11964727,2
TNG50-1,67,0.5,287780,-0.01267166,-0.02798743,1.21552125,2.79918864,3
TNG50-1,67,0.5,287780,-0.0244613,-0.01841664,0.31608385,1.33865831,4
TNG50-1,67,0.5,287780,0.01428203,-0.04257646,1.09370028,0.58825451,5
TNG50-1,67,0.5,287780,-0.01657412,0.00984497,1.13061893,1.07927201,6
TNG50-1,67,0.5,287780,-0.01639348,-0.06516628,1.20710083,1.48268625,7
TNG50-1,67,0.5,287780,0.07251163,0.02057332,0.97646674,2.25818841,8
TNG50-1,67,0.5,287780,0.00244462,-0.02732362,0.44324824,0.99695725,9
TNG50-1,67,0.5,153309,0.01577132,0.05137582,1.24366835,-1.02857555,0
TNG50-1,67,0.5,153309,0.00862026,0.01853837,0.79888,1.27900805,1
TNG50-1,67,0.5,153309,0.0793489,-0.02020202,0.90859306,-1.41934086,2
TNG50-1,67,0.5,153309,-0.08378679,-0.02629808,0.56355994,-0.13802193,3
TNG50-1,67,0.5,153309,-0.10400523,0.02187276,0.61005582,-0.40236328,4
TNG50-1,67,0.5,153309,-0.05616716,-0.07650812,1.08988817,-1.44368398,5
TNG50-1,67,0.5,153309,-0.105982,-0.1588844,1.14837121,1.82488968,6
TNG50-1,67,0.5,153309,-0.0306678,0.01951116,1.33199827,1.30273156,7
TNG50-1,67,0.5,153309,0.02914297,0.01171457,0.6717982,0.12272886,8
TNG50-1,67,0.5,153309,0.01482807,0.07846494,0.96192471,1.20163081,9
TNG50-1,67,0.5,296870,0.04205274,-0.10074538,0.67733892,-1.90929529,0
TNG50-1,67,0.5,296870,0.02792313,-0.03990159,1.31727219,1.60267875,1
TNG50-1,67,0.5,296870,0.04795891,-0.00456798,0.64741156,0.83381928,2
TNG50-1,67,0.5,296870,-0.01826571,0.02396769,0.7405181,2.90008794,3
TNG50-1,67,0.5,296870,-0.05866592,0.10471932,0.43022422,1.38251414,4
TNG50-1,67,0.5,296870,-0.00784382,-0.04886541,0.59351298,-1.51062321,5
TNG50-1,67,0.5,296870,-0.0038844,-0.0354917,0.54699281,-2.11035371,6
TNG50-1,67,0.5,296870,0.03378687,-0.02116634,0.33073177,-1.37376929,7
TNG50-1,67,0.5,296870,0.02557234,-0.03727847,0.5472446,-0.12478087,8
TNG50-1,67,0.5,296870,0.05052902,-0.04441182,0.61783248,0.95823721,9
TNG50-1,67,0.5,419427,-0.09186598,0.0214125,0.40095783,-2.21780358,0
TNG50-1,67,0.5,419427,-0.11785576,-0.04920568,0.90809953,1.31806669,1
TNG50-1,67,0.5,419427,-0.04850383,0.03332456,0.94120073,-2.8202649,2
TNG50-1,67,0.5,419427,-0.02661925,0.07003022,0.77303216,2.11570381,3
TNG50-1,67,0.5,419427,-0.08785018,-0.05601357,0.60474783,1.58692569,4
TNG50-1,67,0.5,419427,-0.02487396,-0.05323117,0.33090847,-0.57007114,5
TNG50-1,67,0.5,419427,-0.02668597,-0.071053,1.39778855,-0.46835053,6
TNG50-1,67,0.5,419427,-0.00307817,-0.02822485,1.05584424,1.12068409,7
TNG50-1,67,0.5,419427,0.03070767,0.01866078,1.25033983,-3.0739151,8
TNG50-1,67,0.5,419427,0.08560469,0.07416019,1.27353814,-0.70915859,9
TNG50-1,67,0.5,313616,-0.02747515,-0.08717963,1.33242094,2.33738759,0
TNG50-1,67,0.5,313616,0.02607927,-0.01088113,0.86543012,0.99482738,1
TNG50-1,67,0.5,313616,0.0256261,0.03096702,0.66477541,-2.67481622,2
TNG50-1,67,0.5,313616,0.04612714,-0.02168161,1.17833282,-1.6831092,3
TNG50-1,67,0.5,313616,-0.00016988,0.06690984,1.24689717,0.74558911,4
TNG50-1,67,0.5,313616,-0.05999124,0.06381017,0.96109745,1.76748058,5
TNG50-1,67,0.5,313616,0.05538311,0.04446444,0.68094308,-0.16172497,6
TNG50-1,67,0.5,313616,-0.03672688,-0.09674777,0.95332237,-1.23122718,7
TNG50-1,67,0.5,313616,-0.03759008,0.07168561,1.19828266,2.41602153,8
TNG50-1,67,0.5,313616,-0.02659782,-0.01185885,0.50767772,-0.7456131,9
TNG50-1,67,0.5,371626,-0.02267134,-0.00222403,1.33278908,3.02554728,0
TNG50-1,67,0.5,371626,-0.01378953,-0.0134774,0.40017242,-0.17256808,1
TNG50-1,67,0.5,371626,-0.04474046,0.07450879,1.32063527,-2.82963145,2
TNG50-1,67,0.5,371626,-0.04000386,-0.0191813,0.60299377,-1.51227866,3
TNG50-1,67,0.5,371626,-0.05474974,0.04080368,0.64051296,2.16194072,4
TNG50-1,67,0.5,371626,0.07569906,0.03552501,0.78923501,2.46078682,5
TNG50-1,67,0.5,371626,-0.01980627,-0.06832783,0.63695069,2.68516569,6
TNG50-1,67,0.5,371626,-0.1132409,0.0093873,1.32708862,-2.23606971,7
TNG50-1,67,0.5,371626,0.01293803,-0.03791633,1.07861704,1.18178525,8
TNG50-1,67,0.5,371626,-0.04018703,-0.0604329,1.11234424,-0.61365167,9
TNG50-1,67,0.5,461220,0.07652753,-0.05516583,1.33338959,-1.64760539,0
TNG50-1,67,0.5,461220,-0.04287962,-0.01955304,1.23829581,0.60773745,1
TNG50-1,67,0.5,461220,-0.0101728,-0.05899279,1.14960028,-2.62115905,2
TNG50-1,67,0.5,461220,-7.673e-05,0.0069693,0.75849771,1.06094348,3
TNG50-1,67,0.5,461220,-0.04269402,0.02439338,0.77574593,-0.38058083,4
TNG50-1,67,0.5,461220,-0.0503551,0.06709207,1.28588338,0.22836109,5
TNG50-1,67,0.5,461220,0.01910548,-0.05886285,1.00749131,1.89744968,6
TNG50-1,67,0.5,461220,0.03326244,0.0186211,1.03365438,-2.00451435,7
TNG50-1,67,0.5,461220,0.00563179,0.07180563,0.75418607,-1.82246094,8
TNG50-1,67,0.5,461220,0.05295109,-0.05008446,1.17952858,2.52006263,9
TNG50-1,67,0.5,458983,0.15403031,0.06131529,1.04117077,2.10012629,0
TNG50-1,67,0.5,458983,0.00759171,0.04020578,1.1128614,0.16813242,1
TNG50-1,67,0.5,458983,-0.04253948,-0.06313714,0.29588553,0.96327273,2
TNG50-1,67,0.5,458983,-0.07926337,0.06663257,1.27946434,-1.37952317,3
TNG50-1,67,0.5,458983,0.06163916,-0.00229785,0.6824121,1.98558664,4
TNG50-1,67,0.5,458983,-0.00968653,0.07706781,0.82164764,-0.34895409,5
TNG50-1,67,0.5,458983,0.04113419,0.02535231,0.53620917,1.93752885,6
TNG50-1,67,0.5,458983,0.1161138,0.05957753,0.27777851,-0.4570755,7
TNG50-1,67,0.5,458983,0.0334418,-0.01123067,0.60444298,0.73225426,8
TNG50-1,67,0.5,458983,0.01686495,-0.07586532,1.18722364,-2.49445917,9
TNG50-1,67,0.5,442456,-0.06711931,-0.01303955,0.82488852,-2.47546064,0
TNG50-1,67,0.5,442456,-0.05220641,0.01470592,1.07133256,-1.75201442,1
TNG50-1,67,0.5,442456,0.09085279,0.01473364,1.11433566,1.55189977,2
TNG50-1,67,0.5,442456,-0.03046535,-0.02662604,1.18978363,-0.95172768,3
TNG50-1,67,0.5,442456,-0.06002291,0.02731918,1.24894932,1.02305048,4
TNG50-1,67,0.5,442456,0.01831777,0.07231121,1.28394356,-1.84962038,5
TNG50-1,67,0.5,442456,-0.13619054,-0.0530823,1.29931517,1.61338065,6
TNG50-1,67,0.5,442456,-0.04772953,-0.02422185,0.72815346,0.97498749,7
TNG50-1,67,0.5,442456,0.07070375,-0.00525749,0.3931769,-1.74523782,8
TNG50-1,67,0.5,442456,-0.04776839,0.03499285,1.0723496,2.71416921,9
TNG50-1,67,0.5,452708,-0.01065907,-0.01407071,0.93311918,-2.78717055,0
TNG50-1,67,0.5,452708,0.08924601,0.06688976,1.19960212,-2.83057324,1
TNG50-1,67,0.5,452708,-0.01762519,0.05231426,0.22063271,1.01207971,2
TNG50-1,67,0.5,452708,0.02758044,0.02746585,0.38439974,1.72535141,3
TNG50-1,67,0.5,452708,0.03512064,-0.00451001,0.49937249,-0.73172265,4
TNG50-1,67,0.5,452708,0.01736896,0.05513369,1.05303969,1.09752382,5
TNG50-1,67,0.5,452708,-0.00532032,0.02855473,0.7072578,2.53199645,6
TNG50-1,67,0.5,452708,0.04187607,-0.16082658,1.17967301,-2.51336678,7
TNG50-1,67,0.5,452708,-0.0314974,-0.04088562,1.06339717,2.0766943,8
TNG50-1,67,0.5,452708,0.05568479,0.00843696,0.60637533,0.51358898,9
TNG50-1,67,0.5,411115,-0.03819575,-0.01125606,0.94621841,2.79256597,0
TNG50-1,67,0.5,411115,-0.04133095,-0.02679888,0.95034002,0.66231677,1
TNG50-1,67,0.5,411115,0.00313563,0.00665903,0.94871065,2.0604856,2
TNG50-1,67,0.5,411115,0.03747285,0.00415237,1.2602538,1.89338056,3
TNG50-1,67,0.5,411115,0.02657351,-0.05232821,0.59462161,-1.44366421,4
TNG50-1,67,0.5,411115,-0.03756338,0.03010367,0.72444282,0.41297903,5
TNG50-1,67,0.5,411115,0.03902811,0.0578342,0.53932995,1.44319527,6
TNG50-1,67,0.5,411115,-0.03139201,0.04302885,0.5903526,-2.49149143,7
TNG50-1,67,0.5,411115,0.03369254,0.01575175,0.63301198,0.19214638,8
TNG50-1,67,0.5,411115,0.01432767,-0.02249682,0.63990944,-3.12374835,9
TNG50-1,67,0.5,307254,0.09132655,0.07190903,0.77063111,-3.08108537,0
TNG50-1,67,0.5,307254,0.08118825,-0.04034448,1.34164465,-1.20898933,1
TNG50-1,67,0.5,307254,-0.03699587,0.04834598,0.40779993,-0.39298261,2
TNG50-1,67,0.5,307254,0.01238382,-0.05375058,0.69806624,0.78269985,3
TNG50-1,67,0.5,307254,-0.00912023,0.01184226,0.29578941,-1.48644868,4
TNG50-1,67,0.5,307254,-0.01346762,0.05216749,0.51364904,-0.36404963,5
TNG50-1,67,0.5,307254,-0.00827356,0.02845148,1.02570648,0.9341802,6
TNG50-1,67,0.5,307254,-0.00428339,-0.0158186,0.78603621,2.03841419,7
TNG50-1,67,0.5,307254,0.01053682,0.0142398,0.54522416,-1.71571603,8
TNG50-1,67,0.5,307254,0.01082004,0.08261446,1.22905713,1.8843499,9
TNG50-1,67,0.5,472619,-0.08083816,-0.05317091,1.01733146,1.20107954,0
TNG50-1,67,0.5,472619,0.02284805,0.03828695,0.72660835,2.94393139,1
TNG50-1,67,0.5,472619,0.01910862,0.01496354,1.27030871,-3.01585901,2
TNG50-1,67,0.5,472619,-0.00869687,0.03976112,0.63049698,1.82540596,3
TNG50-1,67,0.5,472619,0.11756461,-0.03083555,1.36912607,0.77473281,4
TNG50-1,67,0.5,472619,0.01050495,0.02400947,0.55071962,3.07271416,5
TNG50-1,67,0.5,472619,0.05073955,-0.07971374,0.6802697,-0.3578818,6
TNG50-1,67,0.5,472619,0.01615339,-0.02398929,0.61923966,-1.38446575,7
TNG50-1,67,0.5,472619,0.06352833,-0.03523285,1.14778368,2.38601096,8
TNG50-1,67,0.5,472619,-0.01654385,0.02479801,0.53881963,-1.09519683,9
TNG50-1,67,0.5,311366,0.05411424,-0.00842179,0.44009009,-2.776285,0
TNG50-1,67,0.5,311366,-0.06149012,-0.07094671,0.75881,-0.96334005,1
TNG50-1,67,0.5,311366,-0.04439638,0.00317071,0.21128718,-1.95673593,2
TNG50-1,67,0.5,311366,-0.01588784,-0.10554054,0.51328644,0.18393171,3
TNG50-1,67,0.5,311366,-0.0762868,-0.0264451,1.34135453,3.04633656,4
TNG50-1,67,0.5,311366,-0.04408302,0.01216281,0.95652166,-0.98482003,5
TNG50-1,67,0.5,311366,0.05307854,0.04347709,1.16670627,1.47010121,6
TNG50-1,67,0.5,311366,-0.04221435,-0.00758745,0.4973519,2.08007559,7
TNG50-1,67,0.5,311366,0.03904381,-0.03039839,0.37847066,2.07454315,8
TNG50-1,67,0.5,311366,0.03174755,-0.034401,0.89055131,-2.20208837,9
TNG50-1,67,0.5,445246,-0.03798138,-0.07850345,1.14710382,-3.10359487,0
TNG50-1,67,0.5,445246,-0.06836766,0.10415167,1.30412687,-2.22004249,1
TNG50-1,67,0.5,445246,0.05831467,-0.04137866,0.85631043,0.50109303,2
TNG50-1,67,0.5,445246,0.02201731,0.00325867,0.70219535,-0.62166342,3
TNG50-1,67,0.5,445246,-0.03105188,0.02298065,0.59734618,-1.00213408,4
TNG50-1,67,0.5,445246,0.05935611,-0.00104116,0.70974266,1.54508626,5
TNG50-1,67,0.5,445246,0.00688023,-0.00771253,0.79041478,0.22391206,6
TNG50-1,67,0.5,445246,0.01590072,-0.00882745,0.57753907,0.16642461,7
TNG50-1,67,0.5,445246,-0.05209869,0.02399731,0.66473352,-2.82846947,8
TNG50-1,67,0.5,445246,-0.07581192,-0.05199015,0.3613189,-0.24318147,9
TNG50-1,67,0.5,146973,0.09457922,0.04676981,0.47907908,2.09199485,0
TNG50-1,67,0.5,146973,0.01310025,0.0222446,1.18820571,1.01799041,1
TNG50-1,67,0.5,146973,-0.03415169,0.05041502,0.83006454,1.96945173,2
TNG50-1,67,0.5,146973,0.02337456,0.02203117,1.26099261,1.75647704,3
TNG50-1,67,0.5,146973,0.01397126,-0.01271887,1.20520609,2.91321397,4
TNG50-1,67,0.5,146973,0.11082521,0.00671093,0.4133131,0.97917299,5
TNG50-1,67,0.5,146973,0.03710848,-0.00579757,1.05245789,0.61512458,6
TNG50-1,67,0.5,146973,-0.04667929,0.01706931,1.22506164,2.54887657,7
TNG50-1,67,0.5,146973,0.06373467,0.00397212,0.93407983,-0.86992448,8
TNG50-1,67,0.5,146973,0.038768,-0.01572909,0.53676749,-0.04470349,9
TNG50-1,67,0.5,482082,-0.067616,0.0389461,0.20463392,0.879695,0
TNG50-1,67,0.5,482082,0.12035718,-0.00534048,0.95691356,-1.54680121,1
TNG50-1,67,0.5,482082,0.04682455,-0.02579148,0.31762088,-2.40751643,2
TNG50-1,67,0.5,482082,0.13124861,0.02266247,0.98866542,1.13451613,3
TNG50-1,67,0.5,482082,-0.0491626,-0.02589055,0.72487747,-0.36272121,4
TNG50-1,67,0.5,482082,0.01912257,-0.00627659,1.3474237,-0.52131262,5
TNG50-1,67,0.5,482082,0.00796883,-0.07205547,1.0116824,2.91501722,6
TNG50-1,67,0.5,482082,0.04417701,0.0027963,1.17089075,-2.39853709,7
TNG50-1,67,0.5,482082,0.02348773,-0.04643222,0.62233624,0.90374735,8
TNG50-1,67,0.5,482082,0.01788677,-0.00164886,0.925678,-2.76302286,9
TNG50-1,67,0.5,290744,0.04832815,-0.02293701,1.07483343,0.92634411,0
TNG50-1,67,0.5,290744,0.03793247,0.03955739,0.6114697,-2.23692186,1
TNG50-1,67,0.5,290744,0.04937076,-0.07051186,0.46431867,-2.25938483,2
TNG50-1,67,0.5,290744,-0.00067641,0.01687186,0.83093828,-0.52842786,3
TNG50-1,67,0.5,290744,0.00712899,-0.04608452,0.82243772,0.99960604,4
TNG50-1,67,0.5,290744,-0.01277803,-0.04239258,0.7162802,-0.68418634,5
TNG50-1,67,0.5,290744,-0.00267342,-0.03810706,0.96304292,-0.74302051,6
TNG50-1,67,0.5,290744,-0.03428217,0.02354194,0.98693736,2.48468032,7
TNG50-1,67,0.5,290744,-0.00373928,-0.11288174,0.89410327,2.31361676,8
TNG50-1,67,0.5,290744,-0.00800046,0.00843502,0.58642984,-0.15292014,9
TNG50-1,67,0.5,366372,0.09239404,-0.02464013,1.39659813,2.88633281,0
TNG50-1,67,0.5,366372,0.02080032,0.04901211,1.203227,-1.83542565,1
TNG50-1,67,0.5,366372,0.09030433,-0.00044306,1.33242113,-2.6134345,2
TNG50-1,67,0.5,366372,-0.01373706,0.04152183,0.66697368,-1.37871255,3
TNG50-1,67,0.5,366372,0.12053584,0.04518971,0.5028224,0.30112063,4
TNG50-1,67,0.5,366372,0.00398022,0.07071694,1.04172043,2.3152924,5
TNG50-1,67,0.5,366372,0.05729799,0.02105857,0.94171977,-0.91228283,6
TNG50-1,67,0.5,366372,0.00164266,-0.07554856,0.84149297,-0.97510097,7
TNG50-1,67,0.5,366372,0.00824613,-0.01601029,1.3213885,-0.98604673,8
TNG50-1,67,0.5,366372,-0.00576,-0.00126006,0.98775514,2.14205978,9
TNG50-1,67,0.5,329198,-0.10207691,0.02451756,1.32273832,-1.81355375,0
TNG50-1,67,0.5,329198,-0.0109286,0.03748178,1.28139023,0.61823889,1
TNG50-1,67,0.5,329198,0.06291847,0.00754749,0.78915281,0.51274297,2
TNG50-1,67,0.5,329198,-0.00035147,0.05807649,1.13226004,2.03827597,3
TNG50-1,67,0.5,329198,0.03713383,0.0139314,0.77921329,0.81857336,4
TNG50-1,67,0.5,329198,0.07240874,0.00734768,1.25468367,-0.45335454,5
TNG50-1,67,0.5,329198,0.03518117,0.09161647,0.6071004,1.90648564,6
TNG50-1,67,0.5,329198,-0.01288546,-0.04789191,1.12591821,-3.03734424,7
TNG50-1,67,0.5,329198,0.02878532,0.06960669,1.11355405,1.26790391,8
TNG50-1,67,0.5,329198,-0.08355001,0.06564822,1.25047706,0.2713569,9
TNG50-1,67,0.5,402894,-0.08269127,0.02001918,1.23230039,2.3668751,0
TNG50-1,67,0.5,402894,0.00847166,0.03897812,1.35418229,2.83445887,1
TNG50-1,67,0.5,402894,-0.05625366,0.0139961,1.17186995,0.99795695,2
TNG50-1,67,0.5,402894,-0.02256817,-0.03933296,1.02474122,2.96537203,3
TNG50-1,67,0.5,402894,-0.01491434,-0.04188505,1.22525136,-1.9508109,4
TNG50-1,67,0.5,402894,0.04273722,0.03659396,0.97549256,0.20352421,5
TNG50-1,67,0.5,402894,0.0041928,0.05782006,1.36973904,1.52794556,6
TNG50-1,67,0.5,402894,-0.0176436,0.00293576,0.9806466,-0.11092253,7
TNG50-1,67,0.5,402894,0.11044861,-0.06032432,1.09873024,-1.79858286,8
TNG50-1,67,0.5,402894,-0.0390421,0.00605862,0.32722363,0.96648403,9
TNG50-1,67,0.5,407297,-0.10995365,0.04228869,0.51888899,-1.08020493,0
TNG50-1,67,0.5,407297,-0.00491766,-0.05509897,0.81271162,-1.52131097,1
TNG50-1,67,0.5,407297,0.0613481,0.05580831,1.0813151,1.85181719,2
TNG50-1,67,0.5,407297,0.02621748,0.03978167,1.17048552,-2.35845316,3
TNG50-1,67,0.5,407297,0.09797057,0.0144778,0.53661273,-0.1306428,4
TNG50-1,67,0.5,407297,-0.00930177,-0.00021963,0.5434463,2.29737785,5
TNG50-1,67,0.5,407297,0.10702451,-0.04723293,0.41804016,1.81565731,6
TNG50-1,67,0.5,407297,-0.09561067,0.03544896,0.63423452,-1.46162964,7
TNG50-1,67,0.5,407297,-0.03246801,-0.02012223,1.24543793,-2.91824308,8
TNG50-1,67,0.5,407297,-0.0592846,0.04352445,1.06480692,-0.54112657,9
TNG50-1,67,0.5,386589,0.10326567,0.02047174,1.33915826,-1.4876838,0
TNG50-1,67,0.5,386589,0.07972848,-0.11074961,0.21431097,-1.50002488,1
TNG50-1,67,0.5,386589,0.00424178,0.01559299,1.00186816,-1.39747174,2
TNG50-1,67,0.5,386589,0.0059777,-0.10100119,0.56683623,-1.55536301,3
TNG50-1,67,0.5,386589,0.03509021,0.01563324,0.6943846,0.29414667,4
TNG50-1,67,0.5,386589,0.01536786,-0.04658061,1.26191652,-1.29185234,5
TNG50-1,67,0.5,386589,0.03517717,0.06625092,0.94596135,1.7067952,6
TNG50-1,67,0.5,386589,0.01678741,0.00682214,0.88925697,-2.81247176,7
TNG50-1,67,0.5,386589,0.00770225,0.00244293,1.26837728,0.76345429,8
TNG50-1,67,0.5,386589,-0.02960393,0.02265105,1.3071372,1.71182302,9
TNG50-1,67,0.5,437824,-0.02853291,-0.04021078,1.0118068,2.1765338,0
TNG50-1,67,0.5,437824,0.00596863,-0.08552242,1.22877101,2.27873767,1
TNG50-1,67,0.5,437824,-0.03171676,-0.00460916,0.89945273,1.72813833,2
TNG50-1,67,0.5,437824,0.027445,-0.05790004,0.79702506,2.00891573,3
TNG50-1,67,0.5,437824,0.03626667,-0.07417746,0.93220269,-1.76681666,4
TNG50-1,67,0.5,437824,-0.0692001,0.00929814,1.38054167,1.35895299,5
TNG50-1,67,0.5,437824,0.01117487,0.04846221,0.77823867,1.56629797,6
TNG50-1,67,0.5,437824,-0.06404485,0.01972362,1.36958608,1.74719044,7
TNG50-1,67,0.5,437824,0.02398313,-0.07154929,1.03779349,1.85217719,8
TNG50-1,67,0.5,437824,-0.02332701,-0.00683914,1.04063735,-2.11590815,9
TNG50-1,67,0.5,463136,-0.00391808,-0.00247476,1.05685618,-0.53261176,0
TNG50-1,67,0.5,463136,-0.02919536,0.07287446,1.31087021,1.46071236,1
TNG50-1,67,0.5,463136,-0.00867527,0.10074278,1.38094665,0.42144798,2
TNG50-1,67,0.5,463136,-0.10281466,0.00035274,0.42583107,1.07869823,3
TNG50-1,67,0.5,463136,0.02859076,-0.00500429,0.51645379,2.03640826,4
TNG50-1,67,0.5,463136,-0.11238172,-0.00798641,0.42198453,2.74061964,5
TNG50-1,67,0.5,463136,-0.03536195,-0.03054353,0.76971022,1.86393741,6
TNG50-1,67,0.5,463136,-0.00394385,0.01879288,1.3892869,2.48740727,7
TNG50-1,67,0.5,463136,0.02227708,0.06357712,0.28964039,0.42413678,8
TNG50-1,67,0.5,463136,0.0119493,-0.12450895,0.73155639,-1.01515674,9
TNG50-1,67,0.5,425465,-0.02324501,-0.02985967,1.3878874,1.29466541,0
TNG50-1,67,0.5,425465,0.01831458,0.03574255,0.82725414,-1.98718451,1
TNG50-1,67,0.5,425465,-0.03715998,0.02423318,1.04040755,-2.61711696,2
TNG50-1,67,0.5,425465,0.02920117,-0.0053972,0.94072229,0.30535906,3
TNG50-1,67,0.5,425465,0.03329429,0.03781748,1.03690693,-3.06932309,4
TNG50-1,67,0.5,425465,-0.08389047,-0.0768964,1.23634428,-2.21031931,5
TNG50-1,67,0.5,425465,-0.03398316,-0.00308461,1.10150915,1.36381807,6
TNG50-1,67,0.5,425465,-0.00783107,-0.03871172,0.52063511,2.52344158,7
TNG50-1,67,0.5,425465,-0.02625866,-0.00534582,0.84342711,-1.34922681,8
TNG50-1,67,0.5,425465,0.04357902,-0.0234703,0.9805116,-0.73749038,9
TNG50-1,67,0.5,374766,0.00641273,-0.0504425,0.67312836,1.24453571,0
TNG50-1,67,0.5,374766,0.03802133,-0.02122135,1.00133235,0.71384799,1
TNG50-1,67,0.5,374766,-0.00544951,0.00808442,1.11449572,1.42566325,2
TNG50-1,67,0.5,374766,0.06961244,-0.07824488,1.04463476,-0.58747706,3
TNG50-1,67,0.5,374766,-0.01465734,0.00134418,0.96488163,1.87961032,4
TNG50-1,67,0.5,374766,0.03472592,-0.01087885,1.27760065,1.55624016,5
TNG50-1,67,0.5,374766,0.03650599,0.0519089,1.21646995,1.32578262,6
TNG50-1,67,0.5,374766,-0.08195763,-0.03167707,1.31556505,1.6713316,7
TNG50-1,67,0.5,374766,0.02204522,0.05949113,1.340226,-1.68737199,8
TNG50-1,67,0.5,374766,-0.03200697,0.01933994,0.89107019,0.43630371,9
TNG50-1,67,0.5,472270,-0.01720107,0.10727341,0.9649717,2.57384453,0
TNG50-1,67,0.5,472270,0.10413229,0.03222466,1.06280885,-2.29449866,1
TNG50-1,67,0.5,472270,-0.03089751,0.04299307,1.13806619,-2.2231638,2
TNG50-1,67,0.5,472270,0.02400942,-0.01525857,1.24756716,-0.39373269,3
TNG50-1,67,0.5,472270,0.00023627,-0.0656637,0.433644,2.53698767,4
TNG50-1,67,0.5,472270,-0.02757282,-0.01396324,1.25659242,2.68375683,5
TNG50-1,67,0.5,472270,-0.11138469,-0.03672434,1.35491163,2.83265642,6
TNG50-1,67,0.5,472270,-0.01141515,-0.00250354,1.28117376,-2.34438766,7
TNG50-1,67,0.5,472270,-0.01358421,-0.02470837,1.24738147,1.29144603,8
TNG50-1,67,0.5,472270,0.01593839,-0.08388473,1.03082027,0.92597591,9
TNG50-1,67,0.5,478789,0.04454207,0.03475688,1.24345616,1.23257427,0
TNG50-1,67,0.5,478789,0.02777395,0.01155937,0.63468604,2.95781117,1
TNG50-1,67,0.5,478789,0.05292782,0.016844,0.29296931,-0.86286968,2
TNG50-1,67,0.5,478789,-0.01516126,-0.0427314,1.17015843,2.85913994,3
TNG50-1,67,0.5,478789,0.04544625,-0.01923538,0.64479566,2.05863002,4
TNG50-1,67,0.5,478789,-0.0346113,-0.00468165,1.10731849,-0.04060703,5
TNG50-1,67,0.5,478789,-0.02292226,0.01687489,0.63421029,0.00511929,6
TNG50-1,67,0.5,478789,0.00650171,-0.04037058,0.88674399,2.52555518,7
TNG50-1,67,0.5,478789,0.04250001,-0.06459883,0.91151868,0.5494323,8
TNG50-1,67,0.5,478789,-0.02736709,-0.10663845,0.60031907,-1.01913923,9
TNG50-1,67,0.5,452514,-0.02473959,0.04056975,0.51100183,-0.07187276,0
TNG50-1,67,0.5,452514,-0.03142813,0.05570117,0.41719275,1.20465043,1
TNG50-1,67,0.5,452514,0.06848081,0.04363868,0.88370735,-0.43016534,2
TNG50-1,67,0.5,452514,0.00060462,-0.00623405,1.21171175,-1.24048078,3
TNG50-1,67,0.5,452514,0.03672722,-0.07447187,0.871215,-0.36482952,4
TNG50-1,67,0.5,452514,0.01048451,-0.00432001,0.41127099,-1.21278206,5
TNG50-1,67,0.5,452514,0.07843469,-0.03388579,0.29012223,-0.48268396,6
TNG50-1,67,0.5,452514,-0.04458492,0.04613265,0.35840788,1.11642925,7
TNG50-1,67,0.5,452514,-0.00439767,-0.02133565,1.01538337,-1.88025486,8
TNG50-1,67,0.5,452514,-0.07845353,-0.02240293,0.60666388,1.11033602,9
TNG50-1,67,0.5,451106,-0.01365308,0.03827302,0.76404586,-2.41554312,0
TNG50-1,67,0.5,451106,0.00093088,0.01151446,0.55375387,-2.83924349,1
TNG50-1,67,0.5,451106,0.01621195,0.09267194,0.98617476,2.45466101,2
TNG50-1,67,0.5,451106,0.06880213,0.02294388,1.19732552,1.52160337,3
TNG50-1,67,0.5,451106,-0.03363763,0.04013741,1.36355961,-0.23124844,4
TNG50-1,67,0.5,451106,-0.00690438,0.00704861,0.99020422,-0.02484141,5
TNG50-1,67,0.5,451106,-0.0396626,0.01468495,1.00372418,-2.42245402,6
TNG50-1,67,0.5,451106,-0.09840825,-0.0066476,1.09429226,-1.48590394,7
TNG50-1,67,0.5,451106,0.04600697,0.04162902,0.81546152,2.04062243,8
TNG50-1,67,0.5,451106,0.08737261,-0.05456412,0.92674719,-2.3477713,9
TNG50-1,67,0.5,421627,0.0704313,0.02082664,1.05071799,0.40523741,0
TNG50-1,67,0.5,421627,-0.02136887,-0.049949,0.88955251,-0.99250392,1
TNG50-1,67,0.5,421627,-0.04525335,-0.06210246,1.04328504,-2.83526961,2
TNG50-1,67,0.5,421627,-0.00047176,-0.05368557,0.41436407,2.28332622,3
TNG50-1,67,0.5,421627,-0.01907768,0.01028176,1.14176665,1.10203381,4
TNG50-1,67,0.5,421627,-0.02859117,0.03346892,0.66800241,2.86020228,5
TNG50-1,67,0.5,421627,-0.00902327,0.03755162,1.32372973,1.88776889,6
TNG50-1,67,0.5,421627,-0.0395996,0.01071509,1.11563924,0.37305143,7
TNG50-1,67,0.5,421627,-0.04189434,0.02677693,1.26834627,-0.24897457,8
TNG50-1,67,0.5,421627,-0.05609935,-0.00273945,1.21530938,2.80613049,9
TNG50-1,67,0.5,430593,-0.02507886,0.02707071,1.06155646,-1.56309081,0
TNG50-1,67,0.5,430593,-0.04058201,0.02232565,1.12050267,-0.01185625,1
TNG50-1,67,0.5,430593,-0.04625706,-0.01106121,1.23185755,-0.44596401,2
TNG50-1,67,0.5,430593,-0.02204731,-0.02985353,1.0469571,-2.77984877,3
TNG50-1,67,0.5,430593,-0.05278607,0.03792929,1.08768531,2.70523481,4
TNG50-1,67,0.5,430593,-0.06080049,0.01676483,0.69939069,-0.95003846,5
TNG50-1,67,0.5,430593,0.01275415,-0.09471501,1.1028398,1.6182145,6
TNG50-1,67,0.5,430593,0.05331594,-0.01105313,0.99887824,2.55680949,7
TNG50-1,67,0.5,430593,-0.08681315,0.00277441,1.12597106,-3.06998905,8
TNG50-1,67,0.5,430593,0.00977765,-0.05468621,1.12775102,-2.36677613,9
TNG50-1,67,0.5,307255,-0.04079018,0.04876954,0.80326184,0.80080632,0
TNG50-1,67,0.5,307255,0.00493017,0.02851121,0.52765252,-1.75804236,1
TNG50-1,67,0.5,307255,0.02263104,0.00452743,0.38235636,-0.66755499,2
TNG50-1,67,0.5,307255,0.03562166,-0.0039742,0.75823679,0.77948261,3
TNG50-1,67,0.5,307255,0.05256351,0.02743964,0.43115376,-2.90636072,4
TNG50-1,67,0.5,307255,-0.02170342,0.10946076,0.41548602,0.91995474,5
TNG50-1,67,0.5,307255,0.03257413,0.04272951,1.16765665,-0.08769782,6
TNG50-1,67,0.5,307255,-0.04629262,0.0190775,0.34958702,-2.36390377,7
TNG50-1,67,0.5,307255,-0.00388484,-0.06844851,0.25769942,1.15982528,8
TNG50-1,67,0.5,307255,0.02506238,-0.04222391,1.16298738,2.780116,9
TNG50-1,67,0.5,77280,0.00077777,-0.00775323,0.76970689,-2.3306783,0
TNG50-1,67,0.5,77280,-0.0321316,-0.01369026,1.21665187,1.37901891,1
TNG50-1,67,0.5,77280,-0.00132134,-0.06002779,0.54568688,-2.12166057,2
TNG50-1,67,0.5,77280,0.04925547,0.04190646,0.48658543,0.26916871,3
TNG50-1,67,0.5,77280,0.10717217,0.02104625,1.23704016,-0.9637431,4
TNG50-1,67,0.5,77280,0.05327531,-0.0320473,1.28045981,-1.05778179,5
TNG50-1,67,0.5,77280,-0.02523627,0.00738998,0.7136995,2.08765512,6
TNG50-1,67,0.5,77280,-0.01164368,-0.0482276,0.79702555,-0.27510801,7
TNG50-1,67,0.5,77280,-0.01127182,-0.02761254,0.83176841,-0.04109751,8
TNG50-1,67,0.5,77280,-0.0433624,0.03438381,0.94884594,2.48934627,9
TNG50-1,67,0.5,330082,-0.03573613,0.05252539,0.78398873,-0.10309423,0
TNG50-1,67,0.5,330082,0.01772683,-0.04469816,0.63560212,-1.70149274,1
TNG50-1,67,0.5,330082,-0.04812484,0.03638227,1.35059527,1.88259961,2
TNG50-1,67,0.5,330082,0.02579606,0.03722069,1.06508189,1.40402389,3
TNG50-1,67,0.5,330082,-0.00619844,-0.08154873,0.66051376,-1.95918212,4
TNG50-1,67,0.5,330082,-0.19050095,0.05497577,0.92312629,-1.96038912,5
TNG50-1,67,0.5,330082,-0.04053566,0.01636863,1.10764438,2.29240989,6
TNG50-1,67,0.5,330082,0.00955484,-0.01407377,1.36657847,2.63354142,7
TNG50-1,67,0.5,330082,0.0533235,-0.01493441,1.39394383,3.04455033,8
TNG50-1,67,0.5,330082,0.01657487,-0.05190088,1.03055586,1.17112235,9
TNG50-1,67,0.5,408305,-0.02459203,0.04114277,1.33041403,1.3738676,0
TNG50-1,67,0.5,408305,-0.02686066,-0.07059249,0.60875551,2.53640336,1
TNG50-1,67,0.5,408305,-0.03131348,0.02075913,1.35566499,-2.10956019,2
TNG50-1,67,0.5,408305,0.01184979,0.10256478,0.6847945,0.34468687,3
TNG50-1,67,0.5,408305,0.01951487,0.00238605,1.04924448,0.88579384,4
TNG50-1,67,0.5,408305,-0.09345026,0.0044237,1.02964709,-2.30743321,5
TNG50-1,67,0.5,408305,-0.03801275,0.02596302,0.70445503,0.27180691,6
TNG50-1,67,0.5,408305,-0.00446947,-0.02726684,1.12716361,-1.5563674,7
TNG50-1,67,0.5,408305,0.0219455,-0.04734261,0.59785466,1.59327816,8
TNG50-1,67,0.5,408305,0.0063847,0.00290107,1.32182288,0.4273966,9
TNG50-1,67,0.5,486798,-0.02922378,-0.00732872,0.68848638,2.79434972,0
TNG50-1,67,0.5,486798,-0.06398166,0.05914721,1.17406429,2.00337034,1
TNG50-1,67,0.5,486798,0.03390004,0.01125813,1.33623177,-2.9213468,2
TNG50-1,67,0.5,486798,0.04282899,-0.02862655,0.69611746,0.52180606,3
TNG50-1,67,0.5,486798,0.01789766,-0.01008329,0.89164808,-2.2027796,4
TNG50-1,67,0.5,486798,-0.05693958,-0.03331376,0.31036736,2.8147734,5
TNG50-1,67,0.5,486798,-0.00657446,-0.02060041,0.70830379,1.10507256,6
TNG50-1,67,0.5,486798,0.01425228,0.03611347,0.39472452,-0.30568579,7
TNG50-1,67,0.5,486798,-0.05341715,-0.09599988,0.81782482,2.88945634,8
TNG50-1,67,0.5,486798,-0.03822269,0.06574723,0.96013992,-1.0282328,9
TNG50-1,67,0.5,442812,0.03727077,-0.04777366,1.35960414,2.55719993,0
TNG50-1,67,0.5,442812,0.01484158,0.07028426,0.81737526,-0.38907195,1
TNG50-1,67,0.5,442812,0.00264172,-0.07245478,1.15729767,0.47943169,2
TNG50-1,67,0.5,442812,-0.0086933,-0.03330681,1.04558864,1.07131353,3
TNG50-1,67,0.5,442812,-0.0280903,-0.02863262,1.09443707,2.59063016,4
TNG50-1,67,0.5,442812,-0.07678638,0.00747871,0.71986522,0.85536319,5
TNG50-1,67,0.5,442812,0.03203086,-0.03063399,0.98876448,0.70618971,6
TNG50-1,67,0.5,442812,-0.07690144,0.07308576,0.66697319,2.09560735,7
TNG50-1,67,0.5,442812,0.03256929,-0.06856476,1.13166814,3.09025549,8
TNG50-1,67,0.5,442812,-0.05293863,0.14779348,0.91668521,2.50658033,9
TNG50-1,67,0.5,423982,-0.04508745,0.02831331,0.21286789,-3.03330885,0
TNG50-1,67,0.5,423982,0.04456486,-0.05324393,0.75579539,0.46911969,1
TNG50-1,67,0.5,423982,-0.00956999,-0.03347155,1.17528009,3.11564455,2
TNG50-1,67,0.5,423982,0.02532526,0.00015905,1.09937991,-0.8099504,3
TNG50-1,67,0.5,423982,-0.03145022,0.09062128,1.36399205,-0.01352539,4
TNG50-1,67,0.5,423982,-0.03000853,-0.03460524,1.03581686,-2.77567983,5
TNG50-1,67,0.5,423982,-0.03506965,-0.0691111,0.86685417,0.44665104,6
TNG50-1,67,0.5,423982,-0.06624872,-0.06559298,0.350789,-1.82167704,7
TNG50-1,67,0.5,423982,-0.02933738,-0.04303197,1.17338969,-3.0444658,8
TNG50-1,67,0.5,423982,-0.05164804,-0.03284159,1.19476935,1.15513073,9
TNG50-1,67,0.5,465009,-0.02461357,-0.01526923,0.70773649,1.21764081,0
TNG50-1,67,0.5,465009,0.04124008,0.11096046,1.29024229,-1.27573463,1
TNG50-1,67,0.5,465009,-0.09825441,0.00483004,0.43220737,2.89030184,2
TNG50-1,67,0.5,465009,-0.00244453,-0.0259456,1.10415014,-1.18654287,3
TNG50-1,67,0.5,465009,0.025036,-0.02894084,0.98035103,0.4757831,4
TNG50-1,67,0.5,465009,0.02925013,0.03225855,1.38306502,-2.83092135,5
TNG50-1,67,0.5,465009,-0.01588399,-0.0410437,0.50982541,3.07755736,6
TNG50-1,67,0.5,465009,-0.08554992,0.02558527,0.35411795,0.47852509,7
TNG50-1,67,0.5,465009,0.05056473,0.05506714,0.98709029,2.98648927,8
TNG50-1,67,0.5,465009,-0.01961367,-0.00441478,1.24275562,-1.25212003,9
TNG50-1,67,0.5,435612,0.01174541,0.06078893,0.327521,-1.46265807,0
TNG50-1,67,0.5,435612,0.00642275,0.04772417,0.73582784,0.36994441,1
TNG50-1,67,0.5,435612,-0.01460822,-0.04984497,0.87543357,2.23831372,2
TNG50-1,67,0.5,435612,-0.02381304,-0.04364601,0.30800093,-1.41306242,3
TNG50-1,67,0.5,435612,-0.04275991,0.03889164,1.14951769,1.64094823,4
TNG50-1,67,0.5,435612,0.0165534,-0.07169282,1.0729165,2.27033081,5
TNG50-1,67,0.5,435612,-0.04822114,0.07269988,0.65623215,-1.14889,6
TNG50-1,67,0.5,435612,0.01830498,0.00675765,0.86115985,-1.90626173,7
TNG50-1,67,0.5,435612,-0.02871899,-0.02891077,1.21602684,2.29812467,8
TNG50-1,67,0.5,435612,-0.02113431,0.00052477,0.6786756,-0.21110399,9
TNG50-1,67,0.5,418535,0.01780387,0.04074094,0.53137324,-1.08754119,0
TNG50-1,67,0.5,418535,0.00464383,0.01008122,1.06017792,0.59331517,1
TNG50-1,67,0.5,418535,-0.04369771,-0.08034577,0.90964569,0.21760942,2
TNG50-1,67,0.5,418535,-0.00374825,0.03617307,0.9063045,1.52920763,3
TNG50-1,67,0.5,418535,-0.05781787,0.02716277,1.22816642,0.26342219,4
TNG50-1,67,0.5,418535,-0.00136289,0.00935484,1.2554875,-2.55463834,5
TNG50-1,67,0.5,418535,0.01668655,0.08228078,0.72833119,-1.38731973,6
TNG50-1,67,0.5,418535,-0.02712502,0.00119165,0.57601836,-0.64137092,7
TNG50-1,67,0.5,418535,-0.03784042,0.02153714,1.28605875,0.45252402,8
TNG50-1,67,0.5,418535,-0.02461512,0.02347079,0.6780615,-2.07658994,9
TNG50-1,67,0.5,359921,-0.04594997,0.03189813,1.27544149,-2.20969707,0
TNG50-1,67,0.5,359921,-0.04143347,0.02649753,0.57983951,2.44980901,1
TNG50-1,67,0.5,359921,-0.04594966,-0.01483225,1.17200322,2.98357535,2
TNG50-1,67,0.5,359921,-0.00584206,-0.00092238,1.05802725,2.04488872,3
TNG50-1,67,0.5,359921,0.04027748,0.02101099,0.87823158,-1.22020784,4
TNG50-1,67,0.5,359921,0.04820091,-0.0147277,0.79812015,-2.02098872,5
TNG50-1,67,0.5,359921,-0.01881078,-0.03188028,1.02936897,0.05774913,6
TNG50-1,67,0.5,359921,-0.00150705,-0.0356458,1.00766611,-2.54713798,7
TNG50-1,67,0.5,359921,0.08370904,0.09310838,1.11988526,2.60729248,8
TNG50-1,67,0.5,359921,-0.07424278,-0.02201469,1.32209852,1.68391595,9
TNG50-1,67,0.5,371170,-0.14414086,0.01797706,0.62658425,-3.13924921,0
TNG50-1,67,0.5,371170,0.06764976,-0.0193209,0.89538841,-2.13029488,1
TNG50-1,67,0.5,371170,-0.03474451,-0.07846479,1.07260279,-0.03757359,2
TNG50-1,67,0.5,371170,-0.04263256,-0.00412444,0.78454087,1.06595074,3
TNG50-1,67,0.5,371170,-0.03816238,-0.00283977,1.06533619,-2.57839238,4
TNG50-1,67,0.5,371170,0.07325119,-0.06267463,1.09446129,-1.29305367,5
TNG50-1,67,0.5,371170,-0.00210816,-0.09800359,1.03005975,3.06978505,6
TNG50-1,67,0.5,371170,-0.07610309,0.01413072,0.72957112,-1.08293909,7
TNG50-1,67,0.5,371170,-0.01020673,-0.01403214,0.83910292,-0.75322519,8
TNG50-1,67,0.5,371170,-0.04157682,-0.01075904,0.42160748,-1.64125737,9
TNG50-1,67,0.5,77297,0.00722005,0.04076899,0.40226537,2.46786433,0
TNG50-1,67,0.5,77297,-0.02002597,0.04830717,0.58164807,-0.48879928,1
TNG50-1,67,0.5,77297,-0.02117255,-0.0554375,1.36637659,-0.5206409,2
TNG50-1,67,0.5,77297,-0.00208152,-0.05194324,1.3877222,1.28126274,3
TNG50-1,67,0.5,77297,0.05023419,-0.00271746,0.87018062,-0.81733531,4
TNG50-1,67,0.5,77297,-0.0271497,-0.00556228,1.0758836,-1.66601613,5
TNG50-1,67,0.5,77297,0.00920646,0.00096569,0.61028513,1.51862611,6
TNG50-1,67,0.5,77297,0.02221496,-0.01783052,0.29051174,-1.97392614,7
TNG50-1,67,0.5,77297,-0.06049218,0.00929151,0.96384637,-2.89484016,8
TNG50-1,67,0.5,77297,0.02613811,-0.12770373,1.25172478,-0.01492731,9
TNG50-1,67,0.5,466439,-0.0207494,0.0818983,0.60393824,-2.09523295,0
TNG50-1,67,0.5,466439,0.02848261,0.05832079,1.18417447,-2.30376618,1
TNG50-1,67,0.5,466439,-0.0691541,0.01032844,0.76437435,2.48004228,2
TNG50-1,67,0.5,466439,-0.0352627,-0.00686498,1.30533205,-2.32072915,3
TNG50-1,67,0.5,466439,0.01877003,0.03946716,1.06390171,-0.65852638,4
TNG50-1,67,0.5,466439,0.02948713,0.02668594,0.99237512,-1.55885142,5
TNG50-1,67,0.5,466439,-0.02615243,-0.01357763,0.98908655,0.72913627,6
TNG50-1,67,0.5,466439,0.04911339,0.08031355,1.16873522,-0.96912873,7
TNG50-1,67,0.5,466439,0.04748887,-0.10523508,0.92895149,-1.34261677,8
TNG50-1,67,0.5,466439,-0.08963766,-0.03324463,1.16509728,2.9468843,9
TNG50-1,67,0.5,435938,0.0977496,0.02850278,1.26553287,-2.61882782,0
TNG50-1,67,0.5,435938,0.00445392,0.04042532,1.37498276,-0.9845732,1
TNG50-1,67,0.5,435938,-0.06339366,0.11248634,0.50297371,-1.80942573,2
TNG50-1,67,0.5,435938,-0.01159567,-0.03019876,1.00540682,3.04387869,3
TNG50-1,67,0.5,435938,-0.07294588,0.07546955,0.81629282,-0.30586181,4
TNG50-1,67,0.5,435938,-0.03166157,-0.05460194,1.33968668,-0.19577186,5
TNG50-1,67,0.5,435938,0.03078761,0.05899685,0.73281721,-2.84956158,6
TNG50-1,67,0.5,435938,0.06806188,-0.03103275,1.31571913,-0.05409172,7
TNG50-1,67,0.5,435938,0.0540343,-0.03418656,0.63039997,-2.73977246,8
TNG50-1,67,0.5,435938,-0.00524382,-0.01423248,1.34984821,0.80495967,9
TNG50-1,67,0.5,92818,0.09477062,0.07554497,1.39728984,0.29856289,0
TNG50-1,67,0.5,92818,-0.04630178,-0.03860012,1.25878745,3.02409338,1
TNG50-1,67,0.5,92818,0.04456589,-0.17430809,0.42792485,1.90092149,2
TNG50-1,67,0.5,92818,0.05241467,-0.0633668,0.52700047,2.75341124,3
TNG50-1,67,0.5,92818,0.0360875,-0.03623846,0.87990161,1.39298031,4
TNG50-1,67,0.5,92818,0.09982287,0.02805909,1.06765164,2.68197841,5
TNG50-1,67,0.5,92818,0.04776036,-0.02832174,0.31565551,1.17372234,6
TNG50-1,67,0.5,92818,0.09023275,0.00015601,1.3454719,0.1613374,7
TNG50-1,67,0.5,92818,-0.05735332,-0.03021666,1.31951621,0.50286997,8
TNG50-1,67,0.5,92818,0.0372679,-0.0064271,0.83247131,2.52087034,9
TNG50-1,67,0.5,463802,-0.10841497,-0.004669,0.67893026,0.49484356,0
TNG50-1,67,0.5,463802,0.06305448,0.04561814,0.81244274,1.08826866,1
TNG50-1,67,0.5,463802,0.01131501,-0.02539576,0.91370869,2.90720561,2
TNG50-1,67,0.5,463802,-0.00739997,-0.06257661,0.95470535,-1.40307386,3
TNG50-1,67,0.5,463802,-0.03464716,-0.00265447,0.64713984,0.27906815,4
TNG50-1,67,0.5,463802,0.0155888,0.00176394,0.98055768,1.60874049,5
TNG50-1,67,0.5,463802,0.04417255,-0.01111611,1.03555067,-1.1905234,6
TNG50-1,67,0.5,463802,-0.01372725,0.05949474,1.37914862,0.30490778,7
TNG50-1,67,0.5,463802,0.04817949,0.02502462,1.17285052,-0.51180694,8
TNG50-1,67,0.5,463802,0.01375498,-0.00575319,1.08196215,-0.6456028,9
TNG50-1,67,0.5,458754,0.0251543,-0.03789989,0.88876913,2.24389086,0
TNG50-1,67,0.5,458754,0.00714866,0.00573584,0.77142499,-0.82386549,1
TNG50-1,67,0.5,458754,0.01477728,-0.05491086,1.30382584,0.09096253,2
TNG50-1,67,0.5,458754,0.01732786,-0.05725437,0.66889547,-1.86172253,3
TNG50-1,67,0.5,458754,-0.02630777,-0.02093584,0.33426718,2.80603452,4
TNG50-1,67,0.5,458754,-0.01554602,0.01726614,0.43905635,-2.3818096,5
TNG50-1,67,0.5,458754,0.04544234,0.03087683,1.32719108,2.53886661,6
TNG50-1,67,0.5,458754,0.09131803,-0.01836734,1.31828179,2.45474053,7
TNG50-1,67,0.5,458754,0.04589961,-0.02220625,0.94487523,-2.82441466,8
TNG50-1,67,0.5,458754,-0.13944652,-0.04218409,0.93414188,1.73049882,9
TNG50-1,67,0.5,359922,0.11289071,-0.00685913,0.89477759,1.95756566,0
TNG50-1,67,0.5,359922,-0.10327783,0.01611037,1.36684126,0.48035751,1
TNG50-1,67,0.5,359922,-0.01412333,-0.00617199,1.38849954,1.4088744,2
TNG50-1,67,0.5,359922,-0.01265781,-0.04930268,0.89240728,-2.10445344,3
TNG50-1,67,0.5,359922,-0.00669964,0.07995183,0.49097833,-2.41194794,4
TNG50-1,67,0.5,359922,0.05402123,-0.0381092,0.80310684,0.0911688,5
TNG50-1,67,0.5,359922,-0.02235184,-0.02392439,1.39544281,0.17510677,6
TNG50-1,67,0.5,359922,0.02460201,-0.04284111,0.8136827,0.51555832,7
TNG50-1,67,0.5,359922,0.01157333,0.02010107,1.10137,1.53456646,8
TNG50-1,67,0.5,359922,0.04192382,-0.02390803,1.29862408,1.02791368,9
TNG50-1,67,0.5,274916,0.0099938,-0.02431661,0.72415833,-0.17520933,0
TNG50-1,67,0.5,274916,-0.05521682,-0.00159249,1.22614121,-0.65568596,1
TNG50-1,67,0.5,274916,-0.03755084,0.01823187,1.27162234,-0.40594799,2
TNG50-1,67,0.5,274916,-0.07954639,-0.06722666,0.9703478,-3.14014117,3
TNG50-1,67,0.5,274916,-0.01119814,0.02266077,0.92149161,1.2107916,4
TNG50-1,67,0.5,274916,-0.021233,0.01321263,1.01732261,-2.84707187,5
TNG50-1,67,0.5,274916,-0.02642234,0.02093131,1.14895803,-1.84284724,6
TNG50-1,67,0.5,274916,0.01396315,0.00666157,1.0449196,1.90664374,7
TNG50-1,67,0.5,274916,-0.03285951,0.0180782,1.13409183,3.04201398,8
TNG50-1,67,0.5,274916,-0.01702326,-0.0207833,1.18939904,3.08804555,9
TNG50-1,67,0.5,396987,-0.03904282,0.05519338,0.45872886,1.46981651,0
TNG50-1,67,0.5,396987,0.00191838,0.05477867,0.85675306,0.63747516,1
TNG50-1,67,0.5,396987,-0.03485591,-0.0239055,1.3609969,-2.28416256,2
TNG50-1,67,0.5,396987,-0.015485,0.02541435,1.37184122,-0.43359732,3
TNG50-1,67,0.5,396987,-0.04908299,-0.00091673,0.98876793,2.78306359,4
TNG50-1,67,0.5,396987,-0.01040784,0.06420243,1.0169677,-2.70717754,5
TNG50-1,67,0.5,396987,0.02315386,0.00957831,1.00459028,-1.95311764,6
TNG50-1,67,0.5,396987,-0.02677751,-0.01007771,1.3527763,-0.69357208,7
TNG50-1,67,0.5,396987,-0.04394837,0.07999387,1.35602585,-1.65935415,8
TNG50-1,67,0.5,396987,-0.02304591,-0.04619006,1.3498072,-2.14550716,9
TNG50-1,67,0.5,440839,0.07484552,-0.04113962,1.27656845,-2.832963,0
TNG50-1,67,0.5,440839,0.01762145,-0.04349823,0.30381241,-1.23261143,1
TNG50-1,67,0.5,440839,0.09742329,0.04618297,1.00631165,2.40516083,2
TNG50-1,67,0.5,440839,-0.04159732,0.02285881,0.38713808,0.14586927,3
TNG50-1,67,0.5,440839,-0.03210383,-0.00662828,1.24099678,-2.07430049,4
TNG50-1,67,0.5,440839,-0.01161332,-0.01826493,1.09233864,-2.07469227,5
TNG50-1,67,0.5,440839,-0.06063264,-0.01193652,0.77600967,1.62518143,6
TNG50-1,67,0.5,440839,0.04629418,0.08905569,0.23778607,-2.14910899,7
TNG50-1,67,0.5,440839,-0.00379199,-0.01169507,0.74231112,-0.01463833,8
TNG50-1,67,0.5,440839,-0.05730621,0.0428774,0.4490858,-2.00251114,9
TNG50-1,67,0.5,262787,-0.03676315,0.03517512,1.08462012,-0.55091333,0
TNG50-1,67,0.5,262787,0.02748567,0.03581937,1.27221715,0.77696919,1
TNG50-1,67,0.5,262787,-0.0738051,-0.01362921,0.91289419,2.58000269,2
TNG50-1,67,0.5,262787,0.02155087,-0.06289449,1.23719713,-1.65106723,3
TNG50-1,67,0.5,262787,-0.03171332,-0.04410727,0.33824105,-2.53496356,4
TNG50-1,67,0.5,262787,0.00151942,0.06393991,0.89244447,1.35275748,5
TNG50-1,67,0.5,262787,-0.00834222,0.02462754,0.61753132,-3.13912713,6
TNG50-1,67,0.5,262787,-0.02496107,0.00694277,1.03365111,1.8510426,7
TNG50-1,67,0.5,262787,0.06065617,-0.02835137,1.22819165,1.43186272,8
TNG50-1,67,0.5,262787,-0.01854411,0.0865911,1.00729237,2.04709002,9
TNG50-1,67,0.5,470408,-0.04933398,-0.03334057,0.68414591,-1.79603386,0
TNG50-1,67,0.5,470408,-0.04242567,-0.01025692,0.89912712,1.28754761,1
TNG50-1,67,0.5,470408,0.03532721,0.08506745,1.06437187,2.46013461,2
TNG50-1,67,0.5,470408,0.01352776,-0.04192232,1.35424111,3.01577119,3
TNG50-1,67,0.5,470408,0.03041176,-0.0030843,0.79683037,1.90550026,4
TNG50-1,67,0.5,470408,-0.04469619,0.10214639,1.15132156,0.64531188,5
TNG50-1,67,0.5,470408,-0.03758301,-0.05467037,0.8795868,2.28912395,6
TNG50-1,67,0.5,470408,0.02319444,0.03302448,0.71488509,-0.69328898,7
TNG50-1,67,0.5,470408,-0.03409796,-0.03554882,0.99409164,2.40135474,8
TNG50-1,67,0.5,470408,-0.075997,0.02008466,1.18624327,-0.43832368,9
TNG50-1,67,0.5,385415,0.12661786,-0.01911153,1.24937002,1.22501512,0
TNG50-1,67,0.5,385415,-0.02176371,-0.03506765,1.26232696,-1.61726342,1
TNG50-1,67,0.5,385415,-0.04903872,0.02741854,0.66502224,-1.10692324,2
TNG50-1,67,0.5,385415,0.10000907,-0.0322482,0.83137552,0.31077242,3
TNG50-1,67,0.5,385415,-0.0615443,0.02122299,1.21721535,2.56266115,4
TNG50-1,67,0.5,385415,0.06490636,-0.06304908,1.08397536,-2.44112671,5
TNG50-1,67,0.5,385415,-0.00369098,0.00728042,1.13673779,-0.88850443,6
TNG50-1,67,0.5,385415,0.02166736,-0.03015828,0.79742783,0.62314697,7
TNG50-1,67,0.5,385415,-0.07183565,-0.03916583,1.117852,-1.10240983,8
TNG50-1,67,0.5,385415,0.12967884,-0.04706626,0.65571557,-1.32228154,9
TNG50-1,67,0.5,269553,-0.07345177,-0.03226246,0.72487522,-3.09221799,0
TNG50-1,67,0.5,269553,-0.02862182,-0.04076494,1.27893564,2.19984374,1
TNG50-1,67,0.5,269553,0.05125965,-0.07597629,0.85103463,2.02628421,2
TNG50-1,67,0.5,269553,0.0013212,-0.03097354,1.234811,-1.29333222,3
TNG50-1,67,0.5,269553,-0.00904034,-0.09000803,1.07786621,1.7096113,4
TNG50-1,67,0.5,269553,-0.04857404,0.02428506,0.31249906,-2.94375196,5
TNG50-1,67,0.5,269553,0.03673186,-0.03338168,0.46762383,0.2499701,6
TNG50-1,67,0.5,269553,-0.00748549,-0.01961507,1.18318394,3.02588016,7
TNG50-1,67,0.5,269553,-0.01183111,-0.00185673,0.70723996,1.81256314,8
TNG50-1,67,0.5,269553,-0.00476173,-0.04010958,1.1186351,0.47477058,9
TNG50-1,67,0.5,399865,0.08057253,-0.06306882,0.9016125,-2.66831659,0
TNG50-1,67,0.5,399865,0.07139868,0.00547492,0.75049046,-3.09545546,1
TNG50-1,67,0.5,399865,-0.02654089,0.0433279,0.34672654,-1.99937521,2
TNG50-1,67,0.5,399865,0.01474381,-0.02096126,0.87283465,2.0454317,3
TNG50-1,67,0.5,399865,0.03753757,-0.11018517,1.17035268,-0.93366006,4
TNG50-1,67,0.5,399865,0.00100752,-0.00591865,0.90035839,2.52868082,5
TNG50-1,67,0.5,399865,-0.01245965,0.01369933,1.34136828,2.41863478,6
TNG50-1,67,0.5,399865,-0.08652295,0.01031836,1.27663138,2.28366313,7
TNG50-1,67,0.5,399865,-0.04325383,-0.03605721,1.09843221,-1.81038622,8
TNG50-1,67,0.5,399865,-0.03476639,-0.06024971,1.38167353,-0.99027441,9
TNG50-1,67,0.5,307256,-0.09243946,0.07798096,1.24916118,-3.01542347,0
TNG50-1,67,0.5,307256,0.05060123,-0.00308226,1.10824841,-0.63428637,1
TNG50-1,67,0.5,307256,0.08415464,-0.02353669,0.87178446,-1.75288968,2
TNG50-1,67,0.5,307256,-0.08980312,-0.01421764,1.36256294,1.74849628,3
TNG50-1,67,0.5,307256,-0.02336307,0.03290722,1.13487809,2.02297649,4
TNG50-1,67,0.5,307256,-0.0424773,-0.06656914,1.32669916,1.07424465,5
TNG50-1,67,0.5,307256,0.04869483,-0.00082191,1.26318385,0.70995296,6
TNG50-1,67,0.5,307256,-0.02073442,-0.0468868,1.09815369,1.44905757,7
TNG50-1,67,0.5,307256,-0.02272812,-0.06014988,0.75068643,-0.77918181,8
TNG50-1,67,0.5,307256,0.0210633,-0.09723393,1.17384513,0.94968808,9
TNG50-1,67,0.5,462087,0.0273474,0.06717463,1.00424241,-2.91534696,0
TNG50-1,67,0.5,462087,-0.04463244,-0.0437464,1.13056062,-2.33215484,1
TNG50-1,67,0.5,462087,-0.02191366,-0.02604359,0.23164088,0.25456875,2
TNG50-1,67,0.5,462087,-0.03210234,0.01427523,1.23074736,-0.81277133,3
TNG50-1,67,0.5,462087,0.0166089,-0.07378271,0.5989045,0.68573474,4
TNG50-1,67,0.5,462087,0.01833176,-0.01187264,1.04068573,-0.72730611,5
TNG50-1,67,0.5,462087,-0.03002559,0.10254384,0.79834475,-2.04227763,6
TNG50-1,67,0.5,462087,0.10138831,0.09144931,0.40892101,1.86457999,7
TNG50-1,67,0.5,462087,-0.00136893,0.04486081,0.86371647,2.16858868,8
TNG50-1,67,0.5,462087,0.00513909,0.05913762,0.83704433,2.94073304,9
TNG50-1,67,0.5,425729,-0.06596256,-0.03352835,0.30894368,-2.13609883,0
TNG50-1,67,0.5,425729,-0.0276754,0.03732402,0.73544429,1.83002205,1
TNG50-1,67,0.5,425729,0.02932726,-0.04432754,1.26880817,-1.71186632,2
TNG50-1,67,0.5,425729,-0.04069498,-0.01621703,1.07987485,0.13615538,3
TNG50-1,67,0.5,425729,-0.04328523,-0.08552255,1.13257882,-1.90294683,4
TNG50-1,67,0.5,425729,0.01978583,-0.06533116,1.14905159,-1.43815618,5
TNG50-1,67,0.5,425729,0.01433945,0.06296904,1.22227587,-0.56112579,6
TNG50-1,67,0.5,425729,0.0851093,0.00835964,1.24462596,1.28833133,7
TNG50-1,67,0.5,425729,0.04673431,-0.03145047,0.50560082,-0.16316314,8
TNG50-1,67,0.5,425729,-0.05129498,-0.02442505,0.23962828,1.94813011,9
TNG50-1,67,0.5,448992,-0.07936452,-0.11714707,1.24100584,-2.97843175,0
TNG50-1,67,0.5,448992,0.02929352,-0.00864314,1.19967409,-2.28694433,1
TNG50-1,67,0.5,448992,-0.04773164,0.08067273,0.26277159,1.44029043,2
TNG50-1,67,0.5,448992,-0.04611979,0.0314822,0.53214866,0.93461343,3
TNG50-1,67,0.5,448992,0.03506201,-0.01877506,0.90926098,-0.88729853,4
TNG50-1,67,0.5,448992,-0.03627139,0.023509,1.24437455,0.57779318,5
TNG50-1,67,0.5,448992,-0.02264237,0.03136805,1.21556839,1.60295454,6
TNG50-1,67,0.5,448992,0.0021088,-0.04210305,0.51997024,0.90368974,7
TNG50-1,67,0.5,448992,-0.0143171,0.06285874,0.77099506,-1.63670296,8
TNG50-1,67,0.5,448992,-0.02146087,0.00815373,1.09924742,2.83688572,9
TNG50-1,67,0.5,407688,0.010218,0.02560004,0.32337897,0.633499,0
TNG50-1,67,0.5,407688,0.03199031,-0.0477783,0.73829744,-1.31780863,1
TNG50-1,67,0.5,407688,0.05430775,-0.05530562,0.7554188,2.17042169,2
TNG50-1,67,0.5,407688,0.01872683,0.09458118,0.75346172,1.32373141,3
TNG50-1,67,0.5,407688,-0.05126217,0.04303139,0.99068668,2.66397935,4
TNG50-1,67,0.5,407688,0.03141876,0.00433618,0.8084682,0.6597754,5
TNG50-1,67,0.5,407688,-0.00141572,0.03031226,0.85040977,1.31099148,6
TNG50-1,67,0.5,407688,-0.01764946,-0.02338666,0.47439107,-2.54377222,7
TNG50-1,67,0.5,407688,-0.0392619,-0.00861987,0.27312181,0.67059649,8
TNG50-1,67,0.5,407688,0.02896661,0.0010734,0.97486861,-0.77417838,9
TNG50-1,67,0.5,242564,-0.00913715,0.03752665,1.21211035,3.01382442,0
TNG50-1,67,0.5,242564,0.02946704,-0.0268967,1.33047612,-1.06671924,1
TNG50-1,67,0.5,242564,-0.04690116,-0.03657756,1.36594055,1.69134064,2
TNG50-1,67,0.5,242564,0.0392554,0.02563239,0.72488375,-1.58419435,3
TNG50-1,67,0.5,242564,0.04291695,-0.05046801,1.1013349,-0.2014957,4
TNG50-1,67,0.5,242564,0.0005956,0.00231972,0.73198638,-0.0043383,5
TNG50-1,67,0.5,242564,0.01250261,0.03368761,0.95032133,-1.21480071,6
TNG50-1,67,0.5,242564,0.09648226,0.09548552,1.00984783,-0.95113247,7
TNG50-1,67,0.5,242564,0.03255889,0.03191671,0.82376915,-0.40659883,8
TNG50-1,67,0.5,242564,-0.03911028,-0.07349843,1.24672787,2.11236293,9
TNG50-1,67,0.5,405304,3.309e-05,-0.02154659,1.00543373,1.29046361,0
TNG50-1,67,0.5,405304,0.03803612,-0.02723375,0.77446541,0.48158504,1
TNG50-1,67,0.5,405304,0.07462803,0.03129941,1.33326578,-2.87843155,2
TNG50-1,67,0.5,405304,-0.08058986,0.07300147,0.41239103,2.97008071,3
TNG50-1,67,0.5,405304,0.07118449,0.00367,1.21363826,-0.32062539,4
TNG50-1,67,0.5,405304,0.00926666,-0.01460943,0.72186895,1.86477569,5
TNG50-1,67,0.5,405304,-0.03105022,0.02226804,0.61062918,-0.77103921,6
TNG50-1,67,0.5,405304,0.03404064,-0.01172385,0.29971803,-0.2760824,7
TNG50-1,67,0.5,405304,0.06776925,-0.10847751,0.57840815,-0.23656008,8
TNG50-1,67,0.5,405304,-0.08395343,0.02585137,0.58689654,3.07881318,9
TNG50-1,67,0.5,256225,0.04231285,0.00336683,0.58994116,0.60950891,0
TNG50-1,67,0.5,256225,0.00139229,0.10690322,0.78772938,-2.38995758,1
TNG50-1,67,0.5,256225,-0.02920597,0.04485267,0.75803192,-1.62452887,2
TNG50-1,67,0.5,256225,0.05398176,-0.00985221,1.15020084,3.1011828,3
TNG50-1,67,0.5,256225,-0.01534416,0.03994104,1.27530854,0.3787032,4
TNG50-1,67,0.5,256225,0.0039353,-0.0023869,0.63944131,2.94224186,5
TNG50-1,67,0.5,256225,0.03078463,0.07331858,1.3592191,-0.04627897,6
TNG50-1,67,0.5,256225,0.01047333,0.04106265,1.05191549,1.906474,7
TNG50-1,67,0.5,256225,0.07749973,-0.04332583,0.94936974,-2.90289419,8
TNG50-1,67,0.5,256225,-0.06599779,0.01191809,1.38565279,-1.31154907,9
TNG50-1,67,0.5,439737,0.017819,0.05986576,0.98788968,0.41888603,0
TNG50-1,67,0.5,439737,-0.03837136,0.00098257,0.88619649,-2.93217185,1
TNG50-1,67,0.5,439737,-0.00882582,0.0216608,0.99106547,2.62880406,2
TNG50-1,67,0.5,439737,-0.0018626,0.01095922,0.83983536,-0.19099028,3
TNG50-1,67,0.5,439737,0.05509104,-0.03336809,0.35164436,3.14002211,4
TNG50-1,67,0.5,439737,-0.02055566,-0.05410994,0.84881433,-2.08686378,5
TNG50-1,67,0.5,439737,-0.04878264,-0.03502394,1.12653112,-1.09198555,6
TNG50-1,67,0.5,439737,-0.02723571,-0.07530148,1.22086918,-1.82164997,7
TNG50-1,67,0.5,439737,0.01835147,0.01741265,0.30906932,-0.76069422,8
TNG50-1,67,0.5,439737,-0.08857947,-0.00813766,0.87715886,2.99478249,9
TNG50-1,67,0.5,364391,-0.0235707,-0.0820652,1.10738304,-1.36757088,0
TNG50-1,67,0.5,364391,0.06821106,-0.02481562,1.02983695,1.98696493,1
TNG50-1,67,0.5,364391,-0.00529257,0.10189621,1.27923034,-2.62355062,2
TNG50-1,67,0.5,364391,-0.02597401,-0.04824122,0.96541936,-0.89073178,3
TNG50-1,67,0.5,364391,-0.07914175,-0.0018214,0.36482368,-3.09948331,4
TNG50-1,67,0.5,364391,-0.06468564,-0.12067846,1.20433866,-0.91037415,5
TNG50-1,67,0.5,364391,0.02942747,-0.0259937,0.76021456,-1.19481102,6
TNG50-1,67,0.5,364391,0.01177239,-0.02069677,1.36868646,1.21111937,7
TNG50-1,67,0.5,364391,0.0407855,0.01659232,0.80720924,-1.29112963,8
TNG50-1,67,0.5,364391,-0.02814241,-0.01589736,0.37787647,2.03006402,9
TNG50-1,67,0.5,365041,0.02557255,0.00929052,0.88797094,-1.19029285,0
TNG50-1,67,0.5,365041,0.05167221,-0.04970179,0.74447541,-1.86568644,1
TNG50-1,67,0.5,365041,0.05857115,0.06022409,0.56110999,0.93524748,2
TNG50-1,67,0.5,365041,0.02768612,-0.03836667,0.68617471,0.89378339,3
TNG50-1,67,0.5,365041,0.00717734,-0.01423618,0.71719369,2.85707386,4
TNG50-1,67,0.5,365041,-0.03354874,0.06547036,1.00947621,2.99218606,5
TNG50-1,67,0.5,365041,-0.01221068,0.04433042,0.50762218,-0.5731018,6
TNG50-1,67,0.5,365041,-0.00889305,-0.04248888,0.78597867,-2.01992562,7
TNG50-1,67,0.5,365041,0.05994979,-0.05394122,1.26722136,-2.25906767,8
TNG50-1,67,0.5,365041,0.0088171,-0.01018651,0.85699514,2.97985336,9
TNG50-1,67,0.5,450666,-0.0068035,0.00864466,0.94814104,2.15574387,0
TNG50-1,67,0.5,450666,0.03753226,0.00593315,0.83540879,-1.09068505,1
TNG50-1,67,0.5,450666,-0.07243756,0.00385488,0.78008867,2.83985462,2
TNG50-1,67,0.5,450666,0.02934464,-0.06427628,0.40899576,-2.05169805,3
TNG50-1,67,0.5,450666,-0.02311749,0.10131751,0.63889814,-1.70139351,4
TNG50-1,67,0.5,450666,-0.00046101,0.07322553,0.69410528,-2.14554729,5
TNG50-1,67,0.5,450666,0.0843402,0.00651619,0.5092029,1.74052731,6
TNG50-1,67,0.5,450666,-0.01861323,-0.07605641,0.42572126,-0.41158043,7
TNG50-1,67,0.5,450666,-0.06540079,0.07922277,0.55495636,1.49558908,8
TNG50-1,67,0.5,450666,-0.05760513,0.05684115,0.84013262,0.06323986,9
