sim,snap,redshift,subhalo_id,g1,g2,inclination,theta_int,draw_idx
TNG50-1,59,0.7,217467,0.01282973,-0.03714936,1.33404995,3.13908763,0
TNG50-1,59,0.7,217467,0.0196108,0.11170544,1.10492143,-0.56427592,1
TNG50-1,59,0.7,217467,0.04465238,-0.04459429,1.37718258,0.14090311,2
TNG50-1,59,0.7,217467,0.04372045,0.01849796,1.32531272,0.94970308,3
TNG50-1,59,0.7,217467,-0.0152092,0.02898996,1.15942932,2.64244518,4
TNG50-1,59,0.7,217467,0.04779251,-0.00271081,1.19510534,1.86621003,5
TNG50-1,59,0.7,217467,-0.01732366,0.0335745,0.45286461,-2.73681869,6
TNG50-1,59,0.7,217467,0.01217756,0.01644916,0.46454668,1.3380061,7
TNG50-1,59,0.7,217467,0.01000112,-0.04351258,0.87877179,-1.55863503,8
TNG50-1,59,0.7,217467,-0.04297195,0.02684086,0.6991041,-1.53999806,9
TNG50-1,59,0.7,252992,-0.02085175,0.08373441,1.36055959,-0.56545801,0
TNG50-1,59,0.7,252992,-0.04456461,0.01136379,0.41623125,0.6593793,1
TNG50-1,59,0.7,252992,-0.01954858,0.04931817,0.27798286,0.37702582,2
TNG50-1,59,0.7,252992,-0.02348187,0.0228852,1.26998442,2.97302545,3
TNG50-1,59,0.7,252992,-0.03041821,-0.01716336,1.0250225,-2.25232575,4
TNG50-1,59,0.7,252992,0.013825,0.03597488,0.83274384,2.81763515,5
TNG50-1,59,0.7,252992,0.1113114,0.02424653,0.46554069,0.40307083,6
TNG50-1,59,0.7,252992,0.06658826,-0.08840932,1.26694302,2.53936353,7
TNG50-1,59,0.7,252992,0.09709597,-0.00620621,1.1145706,-2.40054035,8
TNG50-1,59,0.7,252992,-0.02838457,0.04362021,0.61569956,0.88908966,9
TNG50-1,59,0.7,258554,0.01576992,-0.02320167,0.90178486,-2.89332849,0
TNG50-1,59,0.7,258554,-0.01087838,-0.00028193,0.97768008,3.06231408,1
TNG50-1,59,0.7,258554,-0.00461832,0.0672908,0.77923578,-0.27796823,2
TNG50-1,59,0.7,258554,-0.06255848,0.02347732,1.21589575,0.21164285,3
TNG50-1,59,0.7,258554,0.06928018,-0.00172041,1.09407086,-1.53997795,4
TNG50-1,59,0.7,258554,-0.01686255,0.04262169,0.78928426,-3.09329229,5
TNG50-1,59,0.7,258554,-0.04860464,0.00137659,1.37065897,1.57534652,6
TNG50-1,59,0.7,258554,0.02723305,0.02007761,1.30386513,1.40588145,7
TNG50-1,59,0.7,258554,0.00553781,0.00755639,1.15963698,2.96906105,8
TNG50-1,59,0.7,258554,-0.01791674,0.02948902,1.31178355,-3.00900436,9
TNG50-1,59,0.7,339442,-0.0141093,0.00412726,1.05874637,-0.63729343,0
TNG50-1,59,0.7,339442,-0.08630972,-0.00385208,0.74290847,-2.27024693,1
TNG50-1,59,0.7,339442,0.04294575,-0.01938865,1.15375661,-2.7110208,2
TNG50-1,59,0.7,339442,0.05314597,-0.0054353,0.80094436,2.55418635,3
TNG50-1,59,0.7,339442,-0.03171092,0.06816106,1.24590187,-0.05383765,4
TNG50-1,59,0.7,339442,0.05150662,-0.02893595,1.0340012,-2.57994681,5
TNG50-1,59,0.7,339442,-0.07918289,0.112767,0.41416994,1.36136891,6
TNG50-1,59,0.7,339442,0.00119773,-0.03175822,0.59725599,-2.67549654,7
TNG50-1,59,0.7,339442,-0.00631292,0.01200296,0.96162689,-0.65241193,8
TNG50-1,59,0.7,339442,0.00438744,0.02856033,1.27769105,-1.6946345,9
TNG50-1,59,0.7,138901,0.02710536,-0.01051997,0.99679398,-0.13780963,0
TNG50-1,59,0.7,138901,-0.03788212,0.03388444,1.37210573,0.36929999,1
TNG50-1,59,0.7,138901,-0.0507847,0.03405365,1.32348697,0.93295362,2
TNG50-1,59,0.7,138901,0.09349442,-0.02862266,0.91696161,0.25068812,3
TNG50-1,59,0.7,138901,-0.05205823,-0.0510855,1.36082702,0.3970164,4
TNG50-1,59,0.7,138901,-0.02766346,0.01068566,0.4280752,1.53638539,5
TNG50-1,59,0.7,138901,0.01862518,-0.06562313,1.00653938,1.92561641,6
TNG50-1,59,0.7,138901,-0.01094392,0.06421353,0.74216095,-1.21789454,7
TNG50-1,59,0.7,138901,0.02869026,0.00787044,1.27688719,2.65181393,8
TNG50-1,59,0.7,138901,-0.07338861,-0.03484058,0.5421456,-0.91799424,9
TNG50-1,59,0.7,48195,-0.0114307,-0.08363486,0.57369598,2.42509341,0
TNG50-1,59,0.7,48195,-0.04009204,0.00485571,0.26575277,1.64094623,1
TNG50-1,59,0.7,48195,-0.02868371,0.03640102,1.07438613,2.0396711,2
TNG50-1,59,0.7,48195,0.07855958,0.07593991,0.43045694,-1.12524347,3
TNG50-1,59,0.7,48195,-0.05555238,-0.09469918,0.64424419,2.97281075,4
TNG50-1,59,0.7,48195,-0.03755613,-0.06626908,1.27576279,1.0153135,5
TNG50-1,59,0.7,48195,0.14492547,-0.00597753,0.56019372,1.71965532,6
TNG50-1,59,0.7,48195,0.04705189,0.1393835,0.97636714,2.25491762,7
TNG50-1,59,0.7,48195,-0.03665279,0.04429513,0.73107369,-2.36383975,8
TNG50-1,59,0.7,48195,-0.05407237,0.01863999,0.73898526,-1.02786079,9
TNG50-1,59,0.7,280787,0.05023054,-0.10542652,1.01542503,2.72583228,0
TNG50-1,59,0.7,280787,0.01549489,0.02567851,0.99061892,-2.2120526,1
TNG50-1,59,0.7,280787,-0.00587654,-0.05391672,0.89038642,3.01146242,2
TNG50-1,59,0.7,280787,0.1062852,0.03709382,0.7619288,2.06228048,3
TNG50-1,59,0.7,280787,-0.00069227,-6.624e-05,1.28094346,-2.38318437,4
TNG50-1,59,0.7,280787,0.01020388,0.04715546,1.15541469,-2.49740875,5
TNG50-1,59,0.7,280787,-0.01682634,-0.04741719,0.65006944,2.99894506,6
TNG50-1,59,0.7,280787,0.00755409,-0.02676106,0.43863756,-1.54049378,7
TNG50-1,59,0.7,280787,0.0482059,-0.0170018,1.36316392,0.24295319,8
TNG50-1,59,0.7,280787,-0.01376527,-0.07411411,1.33933456,-1.65727995,9
TNG50-1,59,0.7,210458,-0.08195245,-0.02228534,0.73239132,0.41342485,0
TNG50-1,59,0.7,210458,-0.09840787,-0.06148108,0.71352492,2.51874405,1
TNG50-1,59,0.7,210458,0.03693962,0.03830659,0.94397186,1.86524408,2
TNG50-1,59,0.7,210458,-0.02112498,0.07967734,0.21658301,1.08365195,3
TNG50-1,59,0.7,210458,0.04847747,0.08296077,1.1597011,1.01619021,4
TNG50-1,59,0.7,210458,-0.02163251,-0.0276635,1.35172625,1.44702113,5
TNG50-1,59,0.7,210458,0.0177485,-0.03665854,1.37626876,-0.03640236,6
TNG50-1,59,0.7,210458,-0.00627022,-0.02771412,1.126699,-0.61700994,7
TNG50-1,59,0.7,210458,0.00222234,-0.00879187,0.96023164,-1.2148193,8
TNG50-1,59,0.7,210458,0.00465184,-0.00262305,1.3352831,-2.51567201,9
TNG50-1,59,0.7,315126,-0.0462991,0.02028158,1.20304578,0.15167797,0
TNG50-1,59,0.7,315126,-0.09528396,0.02160592,0.84677615,2.14156289,1
TNG50-1,59,0.7,315126,0.05105947,0.14057184,1.31000712,-0.63043815,2
TNG50-1,59,0.7,315126,-0.00801024,0.08408011,1.29263533,-2.64569691,3
TNG50-1,59,0.7,315126,0.02856525,-0.08893794,0.88356579,-0.76941267,4
TNG50-1,59,0.7,315126,0.00317068,-0.00715527,1.00750057,-0.33697735,5
TNG50-1,59,0.7,315126,0.02342375,-0.02029479,0.84237275,2.29674112,6
TNG50-1,59,0.7,315126,-0.01687209,0.06400652,1.37779329,-1.03850678,7
TNG50-1,59,0.7,315126,-0.01017728,-0.0157874,0.73620974,-1.16175578,8
TNG50-1,59,0.7,315126,-0.00458662,0.02321444,0.53853248,2.43798544,9
TNG50-1,59,0.7,276162,-0.00069229,-0.05155371,0.97679961,1.24344584,0
TNG50-1,59,0.7,276162,-0.00820676,-0.03772524,1.36383344,2.83416051,1
TNG50-1,59,0.7,276162,0.06267252,-0.07395055,0.68968368,-1.52366842,2
TNG50-1,59,0.7,276162,0.06527765,0.00671893,1.3631309,-2.13169569,3
TNG50-1,59,0.7,276162,-0.03130829,-0.00224582,1.04541343,-2.71876406,4
TNG50-1,59,0.7,276162,-0.08799347,0.03945609,0.99504702,1.39184955,5
TNG50-1,59,0.7,276162,-0.03557485,0.02485656,0.9551713,-2.12304263,6
TNG50-1,59,0.7,276162,-0.04484801,0.03051015,1.28424632,2.75317509,7
TNG50-1,59,0.7,276162,0.04158742,-0.0771001,0.68289113,0.61795427,8
TNG50-1,59,0.7,276162,0.04602487,-0.0313163,0.53934919,1.91094075,9
TNG50-1,59,0.7,261224,0.05794736,-0.1317357,1.1975475,-0.61031668,0
TNG50-1,59,0.7,261224,0.05135865,0.00978426,0.56834729,2.24456792,1
TNG50-1,59,0.7,261224,0.01814649,-0.0117489,0.4646122,1.10807045,2
TNG50-1,59,0.7,261224,-0.00678395,0.00804006,1.36668561,0.57644211,3
TNG50-1,59,0.7,261224,0.00968909,-0.05699834,1.17154912,2.00465121,4
TNG50-1,59,0.7,261224,0.02860849,0.01753387,1.00811327,-0.16945991,5
TNG50-1,59,0.7,261224,0.00502342,0.01030082,0.93639569,0.29980888,6
TNG50-1,59,0.7,261224,-0.07833745,0.13805059,1.32743132,-1.41581616,7
TNG50-1,59,0.7,261224,-0.09091557,0.006499,0.56912559,1.33319616,8
TNG50-1,59,0.7,261224,0.07544941,0.06741176,0.38557128,-2.14217536,9
TNG50-1,59,0.7,329661,0.06305565,-0.06362758,0.58759335,1.46013016,0
TNG50-1,59,0.7,329661,0.14476063,-0.0433511,0.91424012,1.29289714,1
TNG50-1,59,0.7,329661,0.00234027,0.0305725,1.22286957,-2.58051697,2
TNG50-1,59,0.7,329661,0.07509951,-0.01838583,0.65427673,-2.45542368,3
TNG50-1,59,0.7,329661,-0.03497278,-0.06986743,1.36885185,2.38938362,4
TNG50-1,59,0.7,329661,0.06274391,-0.00354884,0.86293152,-1.87963095,5
TNG50-1,59,0.7,329661,-0.04037544,-0.00594858,0.95642619,-1.23363387,6
TNG50-1,59,0.7,329661,-0.00092076,0.00884575,1.36731143,1.15786642,7
TNG50-1,59,0.7,329661,0.02684388,0.02646207,1.18936059,-2.76005739,8
TNG50-1,59,0.7,329661,0.03471156,0.02328257,1.33619159,2.81270882,9
TNG50-1,59,0.7,69768,-0.00538058,-0.02679834,0.96383876,2.98182641,0
TNG50-1,59,0.7,69768,-0.11194686,-0.02350494,1.11403406,2.04067061,1
TNG50-1,59,0.7,69768,0.05738664,0.03698132,0.83070338,2.94413118,2
TNG50-1,59,0.7,69768,0.02001323,0.01277861,0.66862042,0.79666005,3
TNG50-1,59,0.7,69768,-0.00165382,-0.02477574,1.10146178,-1.70055435,4
TNG50-1,59,0.7,69768,-0.09901859,-0.03111906,1.2801714,0.67981737,5
TNG50-1,59,0.7,69768,-0.01491543,-0.02274293,1.09488082,-1.89856462,6
TNG50-1,59,0.7,69768,-0.04377386,-0.01237221,0.66947434,-2.60547199,7
TNG50-1,59,0.7,69768,-0.06081396,0.02920251,0.63075648,-1.24831494,8
TNG50-1,59,0.7,69768,-0.00682247,-0.05212801,0.63285615,-0.86220661,9
TNG50-1,59,0.7,232104,0.06194479,-0.03696664,0.67689753,1.96601355,0
TNG50-1,59,0.7,232104,0.11359887,0.01338396,1.29227867,-1.80164607,1
TNG50-1,59,0.7,232104,-0.00184028,0.01861811,0.4025595,-2.55002856,2
TNG50-1,59,0.7,232104,0.02440283,-0.00237196,1.02934253,1.05805643,3
TNG50-1,59,0.7,232104,-0.03558848,0.09336726,1.24039459,-3.09506136,4
TNG50-1,59,0.7,232104,-0.12534925,0.07847318,1.16910145,2.08866019,5
TNG50-1,59,0.7,232104,-0.00198263,-0.03421637,1.27065719,0.39401582,6
TNG50-1,59,0.7,232104,-0.05768771,0.08047048,0.39287643,-1.59078677,7
TNG50-1,59,0.7,232104,0.03216786,0.08811007,1.13980532,-0.16591532,8
TNG50-1,59,0.7,232104,-0.09406967,-0.00619512,1.28106938,-1.49279089,9
TNG50-1,59,0.7,293678,0.01779864,-0.02517845,0.57065914,1.50583673,0
TNG50-1,59,0.7,293678,0.06822878,0.05741036,0.73671329,-0.26930233,1
TNG50-1,59,0.7,293678,0.00325338,-0.01561592,1.06701775,3.06489937,2
TNG50-1,59,0.7,293678,0.08518481,0.05364432,0.78948214,2.45685492,3
TNG50-1,59,0.7,293678,-0.03533378,0.10988421,1.12257887,-2.59464021,4
TNG50-1,59,0.7,293678,-0.02687893,0.00401923,1.27022967,-0.24849586,5
TNG50-1,59,0.7,293678,-0.01528413,0.05844671,1.20200367,2.56653485,6
TNG50-1,59,0.7,293678,-0.04086138,0.12095688,1.17009798,-1.75763182,7
TNG50-1,59,0.7,293678,0.05797022,0.02010454,1.20943375,-0.76406031,8
TNG50-1,59,0.7,293678,-0.13849155,-0.00240316,0.76770997,2.80825369,9
TNG50-1,59,0.7,275347,-0.0131304,-0.02933202,1.34810093,-0.407716,0
TNG50-1,59,0.7,275347,-0.04192599,0.01374293,0.59182656,0.63811341,1
TNG50-1,59,0.7,275347,0.00345791,-0.02124738,1.27337213,-1.17080431,2
TNG50-1,59,0.7,275347,-0.01383528,-0.07410819,0.57812161,0.40090136,3
TNG50-1,59,0.7,275347,-0.02566303,0.01778804,1.17574159,0.99131817,4
TNG50-1,59,0.7,275347,0.02330737,-0.05260748,0.91668868,-2.57896524,5
TNG50-1,59,0.7,275347,0.07895578,0.02421516,1.17867929,-0.94187105,6
TNG50-1,59,0.7,275347,0.01639104,-0.0777939,1.35866901,-2.57643711,7
TNG50-1,59,0.7,275347,0.06718328,0.00854965,0.91566047,-3.09802764,8
TNG50-1,59,0.7,275347,0.07894124,-0.07853665,1.08448147,-2.81970411,9
TNG50-1,59,0.7,85605,0.05489032,0.01983669,1.18079397,-0.61682252,0
TNG50-1,59,0.7,85605,-0.04013354,0.05407096,1.39665561,1.6261118,1
TNG50-1,59,0.7,85605,0.11428381,0.03848483,1.09228227,0.26599444,2
TNG50-1,59,0.7,85605,-0.00883209,0.03380161,1.33165369,0.6530197,3
TNG50-1,59,0.7,85605,0.00749209,0.05305289,1.34772352,-2.12909904,4
TNG50-1,59,0.7,85605,0.07714525,0.02375098,0.9883298,-0.92813827,5
TNG50-1,59,0.7,85605,0.00879648,-0.1071592,0.36412073,0.76501199,6
TNG50-1,59,0.7,85605,0.05944344,0.07211016,1.31248908,-2.97340311,7
TNG50-1,59,0.7,85605,-0.09765792,-0.04188325,1.16828319,-1.95830226,8
TNG50-1,59,0.7,85605,-0.02212985,0.01568125,0.56905047,-0.71317541,9
TNG50-1,59,0.7,332703,0.03615395,-0.01056285,0.82606929,-0.67052912,0
TNG50-1,59,0.7,332703,-0.00881295,-0.00436115,0.9478194,-3.03057634,1
TNG50-1,59,0.7,332703,0.04567077,0.01788694,0.20353904,-2.0960725,2
TNG50-1,59,0.7,332703,0.0395407,-0.04034759,0.95142947,-3.08034547,3
TNG50-1,59,0.7,332703,0.0453915,0.10043544,0.80769893,-0.65057818,4
TNG50-1,59,0.7,332703,0.0201555,-0.00512292,0.62176185,0.34466624,5
TNG50-1,59,0.7,332703,0.05503834,-0.00038439,1.28636351,-2.13261864,6
TNG50-1,59,0.7,332703,0.01925477,-0.03353746,1.36378203,0.87874939,7
TNG50-1,59,0.7,332703,-0.08336302,-0.05016884,0.29020345,2.85408196,8
TNG50-1,59,0.7,332703,-0.03960353,-0.00631516,0.70259191,3.08159114,9
TNG50-1,59,0.7,362173,-0.03494972,-0.06664321,0.62396215,1.12493404,0
TNG50-1,59,0.7,362173,-0.03020164,0.03536081,1.12772859,-0.15133527,1
TNG50-1,59,0.7,362173,0.02669676,-0.03794433,0.73823643,-2.66847316,2
TNG50-1,59,0.7,362173,-0.0011918,-0.00024287,0.90030488,1.1847651,3
TNG50-1,59,0.7,362173,-0.02386014,-0.02944303,0.54899033,-0.10760529,4
TNG50-1,59,0.7,362173,-0.04515347,0.10113774,0.64595679,2.26258339,5
TNG50-1,59,0.7,362173,-0.05066057,-0.0567054,1.15912077,-1.83071958,6
TNG50-1,59,0.7,362173,-0.00658777,0.01568061,1.27548184,-3.12714402,7
TNG50-1,59,0.7,362173,0.10129063,-0.03426619,0.60192096,-2.3217198,8
TNG50-1,59,0.7,362173,0.02828933,0.0369414,1.37297625,-1.44758286,9
TNG50-1,59,0.7,296530,-0.00971921,-0.00056246,1.35714473,-2.27084875,0
TNG50-1,59,0.7,296530,-0.10933922,0.00397406,1.26004952,0.22765901,1
TNG50-1,59,0.7,296530,0.07651317,0.00402245,0.71423028,-0.99698395,2
TNG50-1,59,0.7,296530,0.05887268,-0.06837447,0.92864805,0.67762583,3
TNG50-1,59,0.7,296530,-0.08383434,0.0223458,1.04853648,-0.83027212,4
TNG50-1,59,0.7,296530,0.0444994,0.05299075,1.2371344,-2.41008205,5
TNG50-1,59,0.7,296530,-0.00038573,0.02036657,0.36009375,2.34109837,6
TNG50-1,59,0.7,296530,-0.00995231,-0.0114594,1.25610623,0.06064576,7
TNG50-1,59,0.7,296530,0.02464208,0.13445203,1.17575572,-1.11934638,8
TNG50-1,59,0.7,296530,-0.08713936,-0.04622874,1.12333203,-3.03876988,9
TNG50-1,59,0.7,217469,0.05115918,-0.01989426,1.30584835,0.25458195,0
TNG50-1,59,0.7,217469,-0.00633762,-0.02673581,1.21655476,1.11223264,1
TNG50-1,59,0.7,217469,0.02049557,0.07650073,1.09054813,-1.65719194,2
TNG50-1,59,0.7,217469,0.01317567,-0.00353605,0.74349497,-1.38487719,3
TNG50-1,59,0.7,217469,0.01688536,0.12189733,0.54578379,-0.90358088,4
TNG50-1,59,0.7,217469,0.08423686,0.02641375,0.22728088,0.48810821,5
TNG50-1,59,0.7,217469,-0.08122123,-0.01448278,1.02835355,-1.44252225,6
TNG50-1,59,0.7,217469,-0.00341917,0.02763394,1.00379181,-1.8336359,7
TNG50-1,59,0.7,217469,0.00989936,0.00544664,0.6590859,-2.20220483,8
TNG50-1,59,0.7,217469,0.00241435,0.06709996,1.12608984,1.94345141,9
TNG50-1,59,0.7,336297,-0.01165736,0.10212128,1.04296492,-2.29257987,0
TNG50-1,59,0.7,336297,0.03157996,-0.00606552,1.23100001,-1.5876825,1
TNG50-1,59,0.7,336297,0.05699479,0.00472463,1.0002091,-2.75297105,2
TNG50-1,59,0.7,336297,-0.00822859,-0.05325953,0.2995235,-2.88102327,3
TNG50-1,59,0.7,336297,-0.06685801,-0.0359771,1.1531631,1.97382165,4
TNG50-1,59,0.7,336297,0.07127864,-0.05372847,1.16981625,2.55020734,5
TNG50-1,59,0.7,336297,0.04143474,0.00654113,1.29125446,1.65806245,6
TNG50-1,59,0.7,336297,0.02818782,-0.01703895,0.97668673,2.29438975,7
TNG50-1,59,0.7,336297,-0.03454833,0.01864001,1.15523292,-2.59749301,8
TNG50-1,59,0.7,336297,0.04927179,-0.04459504,0.75742775,2.50155147,9
TNG50-1,59,0.7,169308,0.03503446,0.07205199,0.60163318,0.2541679,0
TNG50-1,59,0.7,169308,0.01044871,-0.03448564,1.24887134,-1.04574523,1
TNG50-1,59,0.7,169308,0.08547786,0.02334698,0.80441259,1.92755822,2
TNG50-1,59,0.7,169308,-0.03412309,0.07898159,0.40725043,-1.91627574,3
TNG50-1,59,0.7,169308,0.0089685,0.01152376,1.25624327,-2.26286412,4
TNG50-1,59,0.7,169308,-0.08465874,0.03933575,1.29303052,-2.58106832,5
TNG50-1,59,0.7,169308,0.01055228,-0.08869747,1.38176474,2.20744603,6
TNG50-1,59,0.7,169308,0.07346866,0.02985683,1.25598448,1.34989826,7
TNG50-1,59,0.7,169308,-0.05207544,0.02586189,0.5928536,0.78279871,8
TNG50-1,59,0.7,169308,0.04210658,-0.0663106,0.59279972,1.42922022,9
TNG50-1,59,0.7,225435,0.01099933,-0.00948828,0.25775136,1.77337528,0
TNG50-1,59,0.7,225435,0.00417387,-0.02740387,1.09502561,1.45982505,1
TNG50-1,59,0.7,225435,-0.02979422,-0.10452973,0.74435875,-2.53971157,2
TNG50-1,59,0.7,225435,0.02463636,-0.0455686,0.513264,0.3945311,3
TNG50-1,59,0.7,225435,-0.00975372,0.02639425,1.37781206,2.87158032,4
TNG50-1,59,0.7,225435,0.06546499,0.02619379,0.43802769,2.332051,5
TNG50-1,59,0.7,225435,-0.04318098,-0.03256016,0.95901396,0.7910805,6
TNG50-1,59,0.7,225435,-0.02261525,-0.02978279,0.90079197,-1.89316556,7
TNG50-1,59,0.7,225435,-0.0300439,0.09299355,0.91811572,-0.95992538,8
TNG50-1,59,0.7,225435,0.09172895,0.13481899,1.1952699,-2.19686504,9
TNG50-1,59,0.7,158823,0.04940658,0.00956597,0.64358927,1.50402099,0
TNG50-1,59,0.7,158823,0.02260739,0.00974738,0.28852288,2.06969327,1
TNG50-1,59,0.7,158823,-0.01592001,0.00734985,0.73211844,2.28456065,2
TNG50-1,59,0.7,158823,-0.08419549,-0.03261941,0.71411335,2.65074076,3
TNG50-1,59,0.7,158823,0.02603292,0.02958046,0.83805751,1.53882492,4
TNG50-1,59,0.7,158823,-0.06306517,-0.03438279,0.2766262,0.1735325,5
TNG50-1,59,0.7,158823,0.01901416,-0.05372955,1.14522651,2.75640466,6
TNG50-1,59,0.7,158823,0.00394443,0.03373169,0.63635762,-1.82485268,7
TNG50-1,59,0.7,158823,-0.06801846,0.04682153,1.03999839,-2.65584108,8
TNG50-1,59,0.7,158823,0.01291985,0.0303099,1.27042753,-0.42960827,9
TNG50-1,59,0.7,181442,0.07089932,-0.01435519,0.66556776,-0.43163066,0
TNG50-1,59,0.7,181442,0.01541159,0.03378427,0.63881556,-2.21779193,1
TNG50-1,59,0.7,181442,-0.02285244,0.03508765,0.73936738,-1.78908833,2
TNG50-1,59,0.7,181442,0.00736094,0.07084992,0.68591536,2.74279458,3
TNG50-1,59,0.7,181442,-0.01695267,0.06687847,0.31611799,-2.72550416,4
TNG50-1,59,0.7,181442,0.1260776,-0.00331525,0.36288067,1.80623215,5
TNG50-1,59,0.7,181442,-0.02663283,-0.04721931,0.80645524,2.52615045,6
TNG50-1,59,0.7,181442,0.02415705,-0.04135532,1.12778736,1.1834224,7
TNG50-1,59,0.7,181442,-0.07504328,0.0151369,1.38838893,-2.75617175,8
TNG50-1,59,0.7,181442,0.00664092,0.00788931,0.82080485,2.173058,9
TNG50-1,59,0.7,155055,0.02427286,-0.0111241,1.35229732,3.09213786,0
TNG50-1,59,0.7,155055,-0.02066573,0.05746576,1.26653547,-1.15277239,1
TNG50-1,59,0.7,155055,-0.00319762,0.03036957,0.3484109,-0.16872996,2
TNG50-1,59,0.7,155055,-0.00568824,-0.01784869,0.96425714,0.84704458,3
TNG50-1,59,0.7,155055,-0.02039401,0.09844118,0.57945643,-2.581957,4
TNG50-1,59,0.7,155055,0.01914777,-0.02200368,1.22669363,1.35988301,5
TNG50-1,59,0.7,155055,0.02147442,-0.10009755,1.32670105,-0.30328294,6
TNG50-1,59,0.7,155055,-0.05868787,0.02263698,0.63967688,-2.04194426,7
TNG50-1,59,0.7,155055,0.0544085,-0.08892568,1.10116537,-0.43641837,8
TNG50-1,59,0.7,155055,-0.09184018,-0.04157243,0.99744029,-0.2471312,9
TNG50-1,59,0.7,236586,0.0046417,0.06484191,0.96331525,0.25569641,0
TNG50-1,59,0.7,236586,-0.03548657,-0.05156938,0.82894192,-0.68396958,1
TNG50-1,59,0.7,236586,0.0089677,0.02533119,0.53889508,0.75672955,2
TNG50-1,59,0.7,236586,-0.00281629,0.01312547,0.76417187,-0.67571967,3
TNG50-1,59,0.7,236586,0.07079963,0.06166842,0.51942928,0.36202385,4
TNG50-1,59,0.7,236586,-0.02574387,0.05441894,0.68941435,-0.66051791,5
TNG50-1,59,0.7,236586,-0.02808088,0.0040945,0.77231384,2.52437873,6
TNG50-1,59,0.7,236586,-0.03493193,-0.0268538,1.28795363,-0.79535274,7
TNG50-1,59,0.7,236586,0.09484242,0.08124808,0.97507555,1.45099174,8
TNG50-1,59,0.7,236586,-0.03213432,-0.03184737,1.02299061,0.71461915,9
TNG50-1,59,0.7,297676,-0.00750973,-0.06744467,1.18427514,2.88334724,0
TNG50-1,59,0.7,297676,0.04077819,-0.00609957,0.81124923,-2.3996222,1
TNG50-1,59,0.7,297676,-0.02903884,0.02568674,1.08197922,-1.18296669,2
TNG50-1,59,0.7,297676,0.00932453,0.02821893,1.37266513,-2.65750762,3
TNG50-1,59,0.7,297676,-0.06103482,-0.01814664,1.11843815,0.71190836,4
TNG50-1,59,0.7,297676,0.05313317,0.03726892,1.08518024,-3.03862197,5
TNG50-1,59,0.7,297676,0.03259548,0.07103958,1.2027705,-1.85130071,6
TNG50-1,59,0.7,297676,0.00098642,-0.00443337,1.15719369,0.54651174,7
TNG50-1,59,0.7,297676,0.00843649,0.0154832,0.73619562,-0.88757126,8
TNG50-1,59,0.7,297676,-0.06967876,-0.01039271,0.68484488,0.27882426,9
TNG50-1,59,0.7,266754,-0.00248913,0.03353849,1.14973655,-2.12935393,0
TNG50-1,59,0.7,266754,0.07206685,0.04225682,0.28029246,-1.1818242,1
TNG50-1,59,0.7,266754,-0.00799592,0.01591575,0.77661091,-2.22715247,2
TNG50-1,59,0.7,266754,-0.00433594,-0.05402777,1.22219548,-2.47805114,3
TNG50-1,59,0.7,266754,0.03488388,-0.09351274,0.62484816,0.13838752,4
TNG50-1,59,0.7,266754,0.05167602,-0.0093978,0.4567156,-0.64899466,5
TNG50-1,59,0.7,266754,-0.03543742,0.04856424,0.97072027,-2.85150781,6
TNG50-1,59,0.7,266754,0.04722494,0.02248487,1.26991525,-2.22930634,7
TNG50-1,59,0.7,266754,-0.02608669,0.01210165,1.1815911,-2.90497808,8
TNG50-1,59,0.7,266754,0.00082608,-0.00035133,0.36539314,-2.98708944,9
TNG50-1,59,0.7,326511,-0.05631719,0.02131734,1.30539912,-1.17200002,0
TNG50-1,59,0.7,326511,-0.09983028,0.02522597,0.90966773,2.35722262,1
TNG50-1,59,0.7,326511,-0.00532295,-0.02042537,0.42311693,3.07732186,2
TNG50-1,59,0.7,326511,-0.03726015,-0.05041481,0.63424186,-1.4833543,3
TNG50-1,59,0.7,326511,0.05399178,0.03263604,1.05230754,-2.10258369,4
TNG50-1,59,0.7,326511,-0.10909918,-0.09540307,0.53061928,-2.69496669,5
TNG50-1,59,0.7,326511,0.01455094,0.04161142,0.99321272,1.59479531,6
TNG50-1,59,0.7,326511,0.10607436,-0.01958993,0.7604285,0.17593079,7
TNG50-1,59,0.7,326511,-0.00914232,0.00015426,1.11537609,0.35248796,8
TNG50-1,59,0.7,326511,-0.0001374,-0.02628039,1.23692307,-2.85755255,9
TNG50-1,59,0.7,298387,-0.04390842,-0.00808116,0.76086705,0.38743892,0
TNG50-1,59,0.7,298387,-0.01749025,0.01851554,1.04323069,1.42996855,1
TNG50-1,59,0.7,298387,-0.04837844,0.02253063,0.65328816,1.2921751,2
TNG50-1,59,0.7,298387,0.02541696,0.03702498,1.28966374,-2.21054649,3
TNG50-1,59,0.7,298387,-0.03760779,-0.09539123,0.85165206,-2.66928339,4
TNG50-1,59,0.7,298387,-0.06433665,-0.05636117,1.38931381,-0.77686309,5
TNG50-1,59,0.7,298387,-0.05553877,0.02774434,1.20317932,-1.62856368,6
TNG50-1,59,0.7,298387,-0.02855442,0.01057062,0.84485197,-1.22087697,7
TNG50-1,59,0.7,298387,-0.02401504,0.04884665,1.35373172,-0.98969814,8
TNG50-1,59,0.7,298387,0.01257263,-0.07720088,1.07519588,-0.64605089,9
TNG50-1,59,0.7,323872,0.01595978,-0.0381987,0.42106787,-2.43323781,0
TNG50-1,59,0.7,323872,0.00379319,0.00035626,1.39685645,1.01508919,1
TNG50-1,59,0.7,323872,-0.03159764,-0.01205159,0.49572047,2.39019827,2
TNG50-1,59,0.7,323872,-0.01051841,0.06962911,0.91868178,1.22182012,3
TNG50-1,59,0.7,323872,0.05905358,-0.00223438,1.27396216,2.1412165,4
TNG50-1,59,0.7,323872,-0.02123042,-0.06913744,0.52901719,2.1662641,5
TNG50-1,59,0.7,323872,0.00107151,0.02493166,0.92114779,-2.94027579,6
TNG50-1,59,0.7,323872,-0.02783944,0.08930437,1.00862345,1.70245984,7
TNG50-1,59,0.7,323872,0.05102135,0.05984654,0.9584506,1.70960804,8
TNG50-1,59,0.7,323872,0.00389154,-0.05514668,1.27724571,-0.94262252,9
TNG50-1,59,0.7,219801,0.02393654,0.09814618,1.37451827,2.37400811,0
TNG50-1,59,0.7,219801,-0.04471194,0.05323629,1.03878507,0.10593384,1
TNG50-1,59,0.7,219801,-0.03237078,0.09429358,0.61367163,-0.08725456,2
TNG50-1,59,0.7,219801,0.05868548,-0.0345666,1.37754506,-2.90640968,3
TNG50-1,59,0.7,219801,-0.10915984,-0.0790042,0.8292597,0.21246018,4
TNG50-1,59,0.7,219801,0.0161251,-0.00263108,1.26791626,0.13808159,5
TNG50-1,59,0.7,219801,0.01593643,0.04024293,0.51771389,0.66849813,6
TNG50-1,59,0.7,219801,-0.04093925,-0.09273751,1.06276014,-2.31835942,7
TNG50-1,59,0.7,219801,-0.02235022,-0.04632284,0.59550206,0.25112578,8
TNG50-1,59,0.7,219801,0.06105234,-0.04076975,0.71310615,-0.28882355,9
TNG50-1,59,0.7,351667,-0.06819918,0.01423099,0.98120165,-0.04722492,0
TNG50-1,59,0.7,351667,-0.02580514,0.00379541,0.74282611,2.83158974,1
TNG50-1,59,0.7,351667,-0.05490904,-0.05992675,0.73010242,1.10999091,2
TNG50-1,59,0.7,351667,0.00216287,-0.00775297,0.54687173,0.53759779,3
TNG50-1,59,0.7,351667,0.0091076,-0.00189109,0.94010892,-1.09394743,4
TNG50-1,59,0.7,351667,-0.00611537,0.0140506,1.31070116,-1.30435129,5
TNG50-1,59,0.7,351667,0.02750872,0.01590593,0.27157903,-2.93564452,6
TNG50-1,59,0.7,351667,-0.02924561,-0.0360593,1.35306912,0.54244138,7
TNG50-1,59,0.7,351667,-0.00229524,0.03818223,0.31888303,-0.4391867,8
TNG50-1,59,0.7,351667,-0.05016568,0.02615278,1.18442179,-1.73226667,9
TNG50-1,59,0.7,346534,-0.00866853,-0.08934256,1.37393166,0.59297343,0
TNG50-1,59,0.7,346534,0.04529335,-0.04130621,1.13621894,-2.91912669,1
TNG50-1,59,0.7,346534,0.04255271,0.00406472,0.5474497,1.62250052,2
TNG50-1,59,0.7,346534,-0.02241319,0.12602095,0.27583132,-1.41117251,3
TNG50-1,59,0.7,346534,-0.06417112,0.04080005,1.3015693,2.06305992,4
TNG50-1,59,0.7,346534,-0.05759092,-0.02411949,1.05834779,1.15402537,5
TNG50-1,59,0.7,346534,0.07258335,0.00141571,0.70002724,0.91366638,6
TNG50-1,59,0.7,346534,0.00758687,0.04598546,0.80528023,1.67987947,7
TNG50-1,59,0.7,346534,-0.08669106,0.07109316,1.2035728,-2.66950853,8
TNG50-1,59,0.7,346534,0.04169803,-0.01238197,1.11891735,-1.50814837,9
TNG50-1,59,0.7,312112,-0.01455492,-0.09170772,0.95534511,3.02641384,0
TNG50-1,59,0.7,312112,0.01954482,0.04824584,1.3598174,0.86476563,1
TNG50-1,59,0.7,312112,0.09156271,0.00384986,1.19789748,-2.86953061,2
TNG50-1,59,0.7,312112,0.00371416,-0.09004439,0.83895452,-0.66834985,3
TNG50-1,59,0.7,312112,-0.01347236,0.06009238,1.03311377,-1.51922107,4
TNG50-1,59,0.7,312112,0.09714993,-0.01686755,0.75320244,1.87598539,5
TNG50-1,59,0.7,312112,0.06649008,-0.01070402,0.55514359,-1.72501605,6
TNG50-1,59,0.7,312112,0.05924125,-0.07564846,1.35083027,2.04965367,7
TNG50-1,59,0.7,312112,-0.02503434,0.02460992,0.37546562,-1.17909376,8
TNG50-1,59,0.7,312112,-0.02999139,0.0250885,1.36502931,3.07338033,9
TNG50-1,59,0.7,278396,-0.01602109,0.03273139,0.54116262,2.98247538,0
TNG50-1,59,0.7,278396,-0.05710242,-0.02343412,0.6432562,1.05627305,1
TNG50-1,59,0.7,278396,-0.04285517,-0.00668597,0.9730157,2.38255186,2
TNG50-1,59,0.7,278396,0.09632931,0.0265303,1.3413292,2.43633116,3
TNG50-1,59,0.7,278396,-0.07353371,0.03174949,0.43546778,0.22901165,4
TNG50-1,59,0.7,278396,-0.0409597,0.00103764,0.66246275,-1.46419066,5
TNG50-1,59,0.7,278396,0.02552009,0.01803045,1.09428336,2.18306673,6
TNG50-1,59,0.7,278396,-0.02350014,0.01807912,0.25743245,0.01185993,7
TNG50-1,59,0.7,278396,0.00777789,-0.00461133,1.13515078,0.40432949,8
TNG50-1,59,0.7,278396,0.07147748,-0.03026188,1.08132644,0.25992258,9
TNG50-1,59,0.7,337387,0.00943162,-0.03675717,0.28023286,0.84227677,0
TNG50-1,59,0.7,337387,-0.02917238,-0.03002284,0.73234694,1.55519704,1
TNG50-1,59,0.7,337387,0.14095714,-0.05349196,1.15526446,1.9691863,2
TNG50-1,59,0.7,337387,0.01797567,0.0021928,1.18421962,-1.20739687,3
TNG50-1,59,0.7,337387,0.03812316,0.06986793,0.78124753,2.2477105,4
TNG50-1,59,0.7,337387,-0.02539012,0.00652443,0.7706733,-1.23940724,5
TNG50-1,59,0.7,337387,0.00947868,-0.05906352,0.93439237,-1.22598633,6
TNG50-1,59,0.7,337387,0.0090804,-0.0515452,0.93128963,1.92266913,7
TNG50-1,59,0.7,337387,-0.09559749,-0.01885256,1.0385292,2.94917283,8
TNG50-1,59,0.7,337387,-0.03583304,-0.07078033,1.10017745,2.71575414,9
TNG50-1,59,0.7,301103,0.08309058,-0.00796435,0.33837568,1.80163426,0
TNG50-1,59,0.7,301103,-0.0299366,-0.05759015,1.29689525,-0.36541737,1
TNG50-1,59,0.7,301103,-0.00671155,-0.0948643,1.1779217,-2.86537733,2
TNG50-1,59,0.7,301103,-0.04578418,-0.02977442,0.42124545,2.1427364,3
TNG50-1,59,0.7,301103,0.00173949,-0.06911344,1.0334796,1.90215565,4
TNG50-1,59,0.7,301103,0.01348369,-0.0417785,1.16979236,-1.6500854,5
TNG50-1,59,0.7,301103,0.00130175,-0.02116526,0.21057217,-1.00199575,6
TNG50-1,59,0.7,301103,-0.02370695,-0.00730496,1.31525743,0.07911995,7
TNG50-1,59,0.7,301103,-0.02453579,-0.03330029,0.84279655,-2.42440659,8
TNG50-1,59,0.7,301103,0.01725853,0.10956006,0.62939146,2.01416633,9
TNG50-1,59,0.7,235213,-0.02268649,-0.02431797,0.64959666,0.45780215,0
TNG50-1,59,0.7,235213,-0.05980132,-0.07575588,0.92895754,-0.5020711,1
TNG50-1,59,0.7,235213,-0.04822947,0.09545701,0.78951272,1.52620347,2
TNG50-1,59,0.7,235213,0.04259568,-0.04422066,0.80026855,2.83212201,3
TNG50-1,59,0.7,235213,-0.10114768,-0.07360754,1.1783037,-0.55561536,4
TNG50-1,59,0.7,235213,0.05226374,0.01425254,1.32829851,-2.86290494,5
TNG50-1,59,0.7,235213,0.05372684,-0.00339237,0.90266179,1.01430334,6
TNG50-1,59,0.7,235213,-0.01657034,0.07430942,1.17769209,-2.32990016,7
TNG50-1,59,0.7,235213,-0.07022213,-0.01902601,0.50003448,-2.48499034,8
TNG50-1,59,0.7,235213,0.02779321,-0.01849782,1.20124876,1.01509971,9
TNG50-1,59,0.7,245787,0.1032871,0.00146127,1.01062029,-1.2914859,0
TNG50-1,59,0.7,245787,-0.00266127,0.09053025,0.49149995,2.14891926,1
TNG50-1,59,0.7,245787,-0.04272468,0.0433128,0.65084622,2.5803115,2
TNG50-1,59,0.7,245787,-0.02758546,0.11093436,1.12934492,-1.94131987,3
TNG50-1,59,0.7,245787,0.02356622,0.0236322,1.14321293,1.34583798,4
TNG50-1,59,0.7,245787,0.02429758,0.00683015,0.24632659,2.35077607,5
TNG50-1,59,0.7,245787,0.0103238,0.04212006,0.7964158,2.3807046,6
TNG50-1,59,0.7,245787,-0.04247518,-0.02167925,0.75930029,-0.25882159,7
TNG50-1,59,0.7,245787,0.05543241,0.02035587,1.35449017,-1.51563946,8
TNG50-1,59,0.7,245787,0.09684953,0.06653582,1.31294311,2.86691661,9
TNG50-1,59,0.7,128024,-0.0082052,0.02049353,0.65917745,-1.62116549,0
TNG50-1,59,0.7,128024,0.00156086,-0.07743992,0.81765886,3.01476781,1
TNG50-1,59,0.7,128024,-0.04955034,0.0040518,1.0166847,-2.4285811,2
TNG50-1,59,0.7,128024,-0.0173622,0.04240377,0.49131832,1.61922212,3
TNG50-1,59,0.7,128024,-0.05949691,0.04672797,0.94166136,0.8635932,4
TNG50-1,59,0.7,128024,-0.07726686,0.02582835,1.38947517,-1.91610324,5
TNG50-1,59,0.7,128024,-0.05864656,-0.00260911,0.75023129,2.7353089,6
TNG50-1,59,0.7,128024,0.00426375,-0.03118694,1.34782299,-1.87605577,7
TNG50-1,59,0.7,128024,-0.03683531,-0.00411794,0.97676313,0.09792157,8
TNG50-1,59,0.7,128024,-0.02499364,0.08267316,1.23918112,1.82540319,9
TNG50-1,59,0.7,277306,0.01094613,0.0431218,0.86172632,-2.107634,0
TNG50-1,59,0.7,277306,0.02512207,-0.01476912,1.15139046,-1.44475822,1
TNG50-1,59,0.7,277306,-0.09662604,0.00578391,0.72642208,2.08852422,2
TNG50-1,59,0.7,277306,-0.04951075,0.02977717,0.82277626,2.67134351,3
TNG50-1,59,0.7,277306,0.06830235,-0.03066766,1.07854599,-0.19926743,4
TNG50-1,59,0.7,277306,-0.01398542,0.04005532,1.38211369,0.25163394,5
TNG50-1,59,0.7,277306,0.1111552,-0.01329369,1.12704312,-2.80947363,6
TNG50-1,59,0.7,277306,-0.06392112,0.0089025,1.12282369,1.93546253,7
TNG50-1,59,0.7,277306,0.07818861,-0.13225857,1.11576402,0.59414033,8
TNG50-1,59,0.7,277306,-0.03053528,-0.01686676,0.34120798,-0.13188369,9
TNG50-1,59,0.7,104589,-0.04381438,-0.0645768,0.52020743,-1.64817313,0
TNG50-1,59,0.7,104589,-0.04019742,-0.06717357,0.78163282,0.92322016,1
TNG50-1,59,0.7,104589,-0.09708542,0.01376589,1.37471814,-0.17288661,2
TNG50-1,59,0.7,104589,0.04332145,0.04650095,0.89635627,-1.58750116,3
TNG50-1,59,0.7,104589,-0.00454324,0.07329028,0.56441701,2.70729359,4
TNG50-1,59,0.7,104589,-0.01754568,-0.08174472,1.08570628,-1.28464508,5
TNG50-1,59,0.7,104589,-0.01490007,0.0310135,1.16028162,-2.32906449,6
TNG50-1,59,0.7,104589,0.02939022,-0.03075356,1.12595538,-1.88904993,7
TNG50-1,59,0.7,104589,-0.02400108,0.1461729,1.03246843,-1.27809535,8
TNG50-1,59,0.7,104589,-0.09944505,0.06917771,1.34199408,0.14174283,9
TNG50-1,59,0.7,203536,0.0855424,-0.00787696,0.77417503,-0.88499233,0
TNG50-1,59,0.7,203536,-0.05373028,0.12025956,0.32693754,2.73049299,1
TNG50-1,59,0.7,203536,-0.00172291,0.09714652,0.67382897,-0.58160505,2
TNG50-1,59,0.7,203536,0.03156653,-0.06384696,1.29684781,1.4214809,3
TNG50-1,59,0.7,203536,0.00413493,-0.00063812,1.13385563,-1.91514908,4
TNG50-1,59,0.7,203536,0.05747088,0.00680373,0.61789119,0.19345582,5
TNG50-1,59,0.7,203536,0.07628391,0.02082629,1.16705254,-1.19295689,6
TNG50-1,59,0.7,203536,0.02398322,0.06370213,0.69274304,-3.06162939,7
TNG50-1,59,0.7,203536,0.06950314,0.09195795,0.98583645,-0.39412062,8
TNG50-1,59,0.7,203536,-0.04643377,0.00187081,0.48123059,-2.05776574,9
TNG50-1,59,0.7,287600,0.04188157,-0.00084334,1.14823768,-2.42570594,0
TNG50-1,59,0.7,287600,0.028384,-0.0003692,0.63346077,2.47035783,1
TNG50-1,59,0.7,287600,-0.04168659,0.05536476,0.95232369,1.1175205,2
TNG50-1,59,0.7,287600,-0.06655162,-0.02398572,0.88631369,2.71586512,3
TNG50-1,59,0.7,287600,0.0038262,-0.01983246,0.91133366,2.76963587,4
TNG50-1,59,0.7,287600,0.04647856,0.10274956,0.37819903,0.0787475,5
TNG50-1,59,0.7,287600,0.05201864,0.07756111,1.37127364,2.21801618,6
TNG50-1,59,0.7,287600,0.02921909,-0.04413902,1.26831009,1.48757297,7
TNG50-1,59,0.7,287600,-0.02252271,0.07343759,1.0706925,-0.87645301,8
TNG50-1,59,0.7,287600,-0.04021037,-0.05609409,0.96997427,0.98865468,9
TNG50-1,59,0.7,244419,0.04774757,0.05259464,0.96536489,0.83986385,0
TNG50-1,59,0.7,244419,-0.01080384,0.0595623,1.25050792,-2.43042618,1
TNG50-1,59,0.7,244419,0.0464045,0.00811637,0.66848055,1.91961268,2
TNG50-1,59,0.7,244419,0.08270838,0.00161046,1.09696964,-1.66093726,3
TNG50-1,59,0.7,244419,-0.0685921,-0.08595739,0.30828341,-0.45505669,4
TNG50-1,59,0.7,244419,0.00668809,0.07115013,1.17849288,0.9800227,5
TNG50-1,59,0.7,244419,0.09783736,-0.01765832,0.58086498,-0.13688152,6
TNG50-1,59,0.7,244419,-0.06188827,-0.00711625,0.96423797,1.7523611,7
TNG50-1,59,0.7,244419,-0.00576162,0.04857999,0.55066257,1.18231018,8
TNG50-1,59,0.7,244419,-0.02241986,0.00987998,1.24691899,-2.32222914,9
TNG50-1,59,0.7,328138,-0.02207351,0.04451975,0.90972296,1.06825144,0
TNG50-1,59,0.7,328138,0.01538575,-0.04125244,0.30065448,1.1472723,1
TNG50-1,59,0.7,328138,-0.04430025,0.04420203,1.17378177,-0.08503172,2
TNG50-1,59,0.7,328138,-0.05623849,0.03184516,1.04595765,-1.23687593,3
TNG50-1,59,0.7,328138,0.03660409,0.06188635,1.20028091,-1.1689035,4
TNG50-1,59,0.7,328138,0.05544198,0.05315765,0.89951419,0.02507935,5
TNG50-1,59,0.7,328138,0.02900289,0.02713278,1.12468749,-1.93577915,6
TNG50-1,59,0.7,328138,-0.03243864,-0.07343406,0.8644871,-2.3095306,7
TNG50-1,59,0.7,328138,-0.0370035,0.03050642,0.97977231,-0.80195384,8
TNG50-1,59,0.7,328138,-0.03412446,0.00577367,0.39633796,-2.32179116,9
TNG50-1,59,0.7,390798,0.05034782,-0.06565955,1.1228072,1.99938738,0
TNG50-1,59,0.7,390798,-0.02737136,0.03508662,0.41777284,1.28139598,1
TNG50-1,59,0.7,390798,0.00538453,0.08488068,0.56540915,-2.58577942,2
TNG50-1,59,0.7,390798,-0.0466484,0.07432665,0.43989364,-2.21797794,3
TNG50-1,59,0.7,390798,-0.04070996,0.09519533,0.81680186,-0.29913332,4
TNG50-1,59,0.7,390798,-0.01123332,0.00212155,1.0761235,-1.25742313,5
TNG50-1,59,0.7,390798,-0.0664267,-0.01761639,0.67122467,2.30776783,6
TNG50-1,59,0.7,390798,0.007968,0.02437918,1.30993049,-1.92998341,7
TNG50-1,59,0.7,390798,-0.015138,-0.01191099,0.53347246,-0.52100197,8
TNG50-1,59,0.7,390798,0.011729,-0.08702186,1.37629096,-1.50500491,9
TNG50-1,59,0.7,320727,-0.00256131,0.00288689,1.13614967,-0.44431887,0
TNG50-1,59,0.7,320727,0.00332841,0.0651592,1.39377582,-2.66641693,1
TNG50-1,59,0.7,320727,0.0642887,-0.0255489,0.99487614,1.81791591,2
TNG50-1,59,0.7,320727,0.05192946,0.0245615,0.6924365,-0.32364467,3
TNG50-1,59,0.7,320727,0.04484566,-0.07386221,0.63395573,-2.59245549,4
TNG50-1,59,0.7,320727,0.01034571,0.0540709,1.20468353,-0.17001092,5
TNG50-1,59,0.7,320727,0.11352954,0.00341597,1.31238125,1.34004397,6
TNG50-1,59,0.7,320727,-0.02003114,-0.0140278,1.24487268,-0.16940793,7
TNG50-1,59,0.7,320727,-0.08079807,0.10658262,0.25811651,2.94450647,8
TNG50-1,59,0.7,320727,-0.0132622,0.05349535,1.13426192,2.33523223,9
TNG50-1,59,0.7,203535,-0.01618514,-0.03691024,1.31496134,-1.11696843,0
TNG50-1,59,0.7,203535,-0.05357346,0.0078147,0.50404147,-0.4827735,1
TNG50-1,59,0.7,203535,-0.04611895,-0.0027495,1.08915076,0.5073493,2
TNG50-1,59,0.7,203535,-0.05150098,0.0126476,1.08324683,-0.94474153,3
TNG50-1,59,0.7,203535,0.01540898,-0.03558565,0.67032045,-0.22535908,4
TNG50-1,59,0.7,203535,-0.00349931,0.03211086,1.14386384,-0.02372721,5
TNG50-1,59,0.7,203535,0.02129163,-0.05891866,0.7237377,-2.9876308,6
TNG50-1,59,0.7,203535,0.01824347,-0.02201923,0.58045802,-2.11335587,7
TNG50-1,59,0.7,203535,0.04121561,0.05645207,1.09083241,0.25996277,8
TNG50-1,59,0.7,203535,-0.0204972,-0.05656575,0.97997619,-3.12493804,9
TNG50-1,59,0.7,341319,-0.04268651,0.04436858,0.93265337,-0.28492401,0
TNG50-1,59,0.7,341319,0.02230391,0.0029927,0.68923523,2.21952425,1
TNG50-1,59,0.7,341319,0.00303342,0.04075828,0.90225201,1.74955496,2
TNG50-1,59,0.7,341319,0.04676557,0.06522327,0.64547234,-0.19100824,3
TNG50-1,59,0.7,341319,0.07951952,-0.03089785,0.66213308,0.50183206,4
TNG50-1,59,0.7,341319,0.00634585,0.00148977,0.66914882,1.1675745,5
TNG50-1,59,0.7,341319,-0.04093592,-0.05531178,1.02739128,1.1832594,6
TNG50-1,59,0.7,341319,-0.05689496,-0.00645308,0.61799896,-1.18728868,7
TNG50-1,59,0.7,341319,0.08491259,0.07721368,0.49491168,-1.30255666,8
TNG50-1,59,0.7,341319,0.07851865,0.05392739,0.81564759,2.43377233,9
TNG50-1,59,0.7,324664,0.05001654,-0.0121448,0.49797674,-2.59721607,0
TNG50-1,59,0.7,324664,-0.01068521,0.09182099,0.2259907,-0.85616027,1
TNG50-1,59,0.7,324664,-0.032766,-0.05555192,1.11007574,-1.64155421,2
TNG50-1,59,0.7,324664,0.01285099,0.00506517,1.37752507,2.92090484,3
TNG50-1,59,0.7,324664,-0.01912459,0.03430988,0.85055255,1.14648546,4
TNG50-1,59,0.7,324664,-0.09645864,-0.00896473,0.44638965,-0.15306781,5
TNG50-1,59,0.7,324664,-0.03007504,-0.03837765,1.35592929,2.27672658,6
TNG50-1,59,0.7,324664,0.14343845,-0.00110981,1.23483371,0.23663936,7
TNG50-1,59,0.7,324664,-0.09106864,-0.01547481,0.77027928,2.58448846,8
TNG50-1,59,0.7,324664,0.01205249,-0.01561513,0.59905915,-1.64111533,9
TNG50-1,59,0.7,263630,-0.01678952,-0.04460998,0.90614447,-1.59643057,0
TNG50-1,59,0.7,263630,-0.03722555,0.02511973,0.95558044,-3.08426797,1
TNG50-1,59,0.7,263630,0.0582894,0.12489105,0.79441519,1.49841732,2
TNG50-1,59,0.7,263630,0.0434265,0.00915606,0.63573142,1.17863546,3
TNG50-1,59,0.7,263630,-0.02420741,0.0017859,0.67014101,-1.40290761,4
TNG50-1,59,0.7,263630,0.03420581,-0.00420838,0.43798811,-2.32530967,5
TNG50-1,59,0.7,263630,-0.01226185,0.02391058,0.98765813,-2.87436297,6
TNG50-1,59,0.7,263630,-0.01687746,-0.08052019,0.9239158,-0.07625972,7
TNG50-1,59,0.7,263630,-0.00248554,0.08505422,0.49901036,-1.92590758,8
TNG50-1,59,0.7,263630,0.0321617,0.04905935,1.16071553,1.84346849,9
TNG50-1,59,0.7,271409,0.07972433,-0.01294076,0.43832503,-2.89607887,0
TNG50-1,59,0.7,271409,-0.02196616,-0.01103442,1.25816286,-1.4241822,1
TNG50-1,59,0.7,271409,0.07835087,-0.02302007,0.51748432,-1.69828538,2
TNG50-1,59,0.7,271409,-0.03771618,-0.02001954,1.23643454,1.24779805,3
TNG50-1,59,0.7,271409,-0.16927563,-0.09055174,0.26692941,1.15181754,4
TNG50-1,59,0.7,271409,0.03719054,-0.0607154,1.00845375,-1.27527623,5
TNG50-1,59,0.7,271409,0.02701995,-0.00817106,0.70112224,1.84437836,6
TNG50-1,59,0.7,271409,0.03680921,-0.11204335,0.70620062,-1.18362284,7
TNG50-1,59,0.7,271409,0.03485524,-0.10039199,0.65047852,-0.98686711,8
TNG50-1,59,0.7,271409,0.0095875,-0.01671411,0.62757079,-0.63553879,9
TNG50-1,59,0.7,172232,-0.07247365,0.00196061,1.25774351,1.07384217,0
TNG50-1,59,0.7,172232,0.00393173,0.01707859,0.90782825,-1.68049436,1
TNG50-1,59,0.7,172232,-0.01282859,0.05463437,0.96145957,-2.58604959,2
TNG50-1,59,0.7,172232,-0.02939974,0.05521132,0.63690971,3.001617,3
TNG50-1,59,0.7,172232,-0.06477811,-0.08833039,0.52201894,-1.16483493,4
TNG50-1,59,0.7,172232,0.05933946,0.04277487,0.72686704,-1.74424569,5
TNG50-1,59,0.7,172232,-0.02268411,0.02485697,0.2945184,-0.88750619,6
TNG50-1,59,0.7,172232,0.11766754,0.00179461,1.17229059,-2.14617812,7
TNG50-1,59,0.7,172232,0.00174648,0.08562755,1.19851726,-2.91685685,8
TNG50-1,59,0.7,172232,0.01757947,0.08763834,1.1527909,-1.22281111,9
TNG50-1,59,0.7,367116,0.07464917,0.01527672,0.98001835,-2.99818103,0
TNG50-1,59,0.7,367116,-0.04068149,0.04715027,0.99235871,1.79088293,1
TNG50-1,59,0.7,367116,0.02603874,0.03826913,0.77434102,-1.82594417,2
TNG50-1,59,0.7,367116,-0.06832837,-0.00847284,1.11070356,1.16343584,3
TNG50-1,59,0.7,367116,-0.06889575,0.00380525,0.20036599,0.02098861,4
TNG50-1,59,0.7,367116,-0.02891673,-0.00550905,0.63421961,-1.1393292,5
TNG50-1,59,0.7,367116,0.02046636,-0.0104187,0.81040042,-1.68804047,6
TNG50-1,59,0.7,367116,0.08384339,-0.01707052,0.75704009,1.73884573,7
TNG50-1,59,0.7,367116,0.09294728,-0.00598292,0.21538526,-2.0672816,8
TNG50-1,59,0.7,367116,-0.01774457,-0.0202907,1.39112993,-2.14431913,9
TNG50-1,59,0.7,344331,-0.02934611,0.07854806,1.21361814,2.24499508,0
TNG50-1,59,0.7,344331,-0.03681619,-0.08932287,1.15022122,1.29072129,1
TNG50-1,59,0.7,344331,0.00704032,-0.054403,0.61264477,-2.17540017,2
TNG50-1,59,0.7,344331,0.05634093,0.00720684,0.29782369,1.60355178,3
TNG50-1,59,0.7,344331,0.05988922,-0.08091942,0.80060946,1.05206355,4
TNG50-1,59,0.7,344331,-0.05619902,0.00861061,1.01395807,-1.4787554,5
TNG50-1,59,0.7,344331,-0.00934891,0.03115013,0.7721051,-0.9801588,6
TNG50-1,59,0.7,344331,-0.10967549,-0.06406439,0.64003581,-1.16611838,7
TNG50-1,59,0.7,344331,0.00545922,0.00662927,1.30650048,3.09917196,8
TNG50-1,59,0.7,344331,0.0298824,-0.06061055,1.02089619,-1.98723721,9
TNG50-1,59,0.7,247082,0.03337335,-0.05791767,0.62805499,-1.26293692,0
TNG50-1,59,0.7,247082,-0.01782469,-0.03033619,1.14198668,-0.4326392,1
TNG50-1,59,0.7,247082,0.00258167,-0.05226262,1.29001263,0.92216604,2
TNG50-1,59,0.7,247082,0.07625754,-0.01383094,0.68859694,3.0666234,3
TNG50-1,59,0.7,247082,-0.03370171,0.06725176,1.27198817,-1.25636227,4
TNG50-1,59,0.7,247082,0.04632747,0.02905139,0.56287451,1.29397926,5
TNG50-1,59,0.7,247082,0.02285626,-0.07162945,0.36561226,-1.03754174,6
TNG50-1,59,0.7,247082,-0.00970141,-0.01366838,1.16018835,-1.5620371,7
TNG50-1,59,0.7,247082,0.01837018,0.01168124,0.66574494,0.82838861,8
TNG50-1,59,0.7,247082,0.0124206,0.03720442,1.0189567,1.64172125,9
TNG50-1,59,0.7,285957,0.1139499,0.03565662,0.85680664,-0.7917471,0
TNG50-1,59,0.7,285957,-0.02712231,0.08095087,1.20881461,-0.88095655,1
TNG50-1,59,0.7,285957,-0.05931224,0.01728965,0.59214713,0.61299423,2
TNG50-1,59,0.7,285957,-0.01866281,-0.01018097,1.39833383,-0.39313894,3
TNG50-1,59,0.7,285957,-0.02665635,0.04277783,0.47485304,2.92528277,4
TNG50-1,59,0.7,285957,0.06299234,-0.06835805,0.58606772,-1.39628858,5
TNG50-1,59,0.7,285957,-0.06779962,-0.08549425,0.29816554,-0.51050592,6
TNG50-1,59,0.7,285957,-0.02806454,0.04881318,1.37070764,1.26075129,7
TNG50-1,59,0.7,285957,0.00952616,0.01052834,1.01867492,-1.40401953,8
TNG50-1,59,0.7,285957,0.06341464,0.04820019,1.25877761,1.40624658,9
TNG50-1,59,0.7,316484,0.05798906,0.01396462,1.31237402,-2.0611423,0
TNG50-1,59,0.7,316484,-0.04466591,-0.04643032,0.59649069,1.13249278,1
TNG50-1,59,0.7,316484,-0.05654384,0.01585733,1.1962988,1.04390134,2
TNG50-1,59,0.7,316484,-0.05517037,-0.03055939,0.42813281,0.55753668,3
TNG50-1,59,0.7,316484,0.1242289,0.05234575,0.64604171,-1.47188106,4
TNG50-1,59,0.7,316484,0.02202738,0.00281483,1.33302914,2.51513912,5
TNG50-1,59,0.7,316484,-0.05208082,-0.0379667,0.8164949,0.01619116,6
TNG50-1,59,0.7,316484,-0.03417082,0.03444771,0.41338632,-1.27476264,7
TNG50-1,59,0.7,316484,-3.625e-05,0.01916225,0.49032299,-1.53798507,8
TNG50-1,59,0.7,316484,0.02712019,-0.02374328,0.84083078,-1.37590555,9
TNG50-1,59,0.7,330321,-0.04524711,0.1336538,1.17644649,-1.25326766,0
TNG50-1,59,0.7,330321,0.07952329,0.02037593,0.33138993,-3.00242429,1
TNG50-1,59,0.7,330321,0.02192765,-0.03305504,1.2338591,-0.2726614,2
TNG50-1,59,0.7,330321,0.04152575,-0.05978215,1.36501853,-0.47654218,3
TNG50-1,59,0.7,330321,0.01995315,-0.04524074,1.29538585,-0.86859643,4
TNG50-1,59,0.7,330321,0.04878841,-0.03870597,0.20993021,0.96363578,5
TNG50-1,59,0.7,330321,-0.04479836,-0.14505412,0.44172758,1.42009004,6
TNG50-1,59,0.7,330321,0.00415907,-0.03378275,1.12695931,0.37186261,7
TNG50-1,59,0.7,330321,0.02527431,0.03583704,1.39683487,-3.05371116,8
TNG50-1,59,0.7,330321,0.06463348,0.00376999,0.65756912,-3.00074886,9
TNG50-1,59,0.7,349505,0.0105493,0.04910614,1.14966437,-0.49600114,0
TNG50-1,59,0.7,349505,0.018965,0.00162913,1.33361489,-0.6480442,1
TNG50-1,59,0.7,349505,0.02196487,0.04865402,1.08543645,-1.91596015,2
TNG50-1,59,0.7,349505,0.13035698,-0.02118411,0.50180731,2.98829329,3
TNG50-1,59,0.7,349505,-0.04604019,-0.10249321,1.09606919,-1.18755144,4
TNG50-1,59,0.7,349505,0.16129966,0.03133546,1.06075689,-0.98870547,5
TNG50-1,59,0.7,349505,-0.06284105,0.00153192,1.17376035,-0.44072495,6
TNG50-1,59,0.7,349505,0.01928344,-0.0239807,1.03385788,-2.636214,7
TNG50-1,59,0.7,349505,-0.05974213,-0.02052808,0.61628519,-1.07732986,8
TNG50-1,59,0.7,349505,0.01531219,0.02032909,0.56782675,2.70544349,9
TNG50-1,59,0.7,354711,-0.07839501,0.04367165,0.67033803,-0.78101269,0
TNG50-1,59,0.7,354711,-0.05199703,0.10765016,1.118578,1.87271564,1
TNG50-1,59,0.7,354711,0.04283543,-0.0577858,1.09942128,-0.20826392,2
TNG50-1,59,0.7,354711,0.03803103,-0.03343617,1.38643118,1.3358087,3
TNG50-1,59,0.7,354711,-0.03812505,-0.02532367,1.30596317,-0.90281161,4
TNG50-1,59,0.7,354711,-0.03158594,0.04137621,1.17832117,-2.69795856,5
TNG50-1,59,0.7,354711,0.03365079,-0.01259589,0.65954902,-1.54533978,6
TNG50-1,59,0.7,354711,0.06579603,0.01561229,0.61575631,1.23834722,7
TNG50-1,59,0.7,354711,-0.00343998,0.00609215,1.19083553,2.62610125,8
TNG50-1,59,0.7,354711,0.02771192,8.686e-05,0.50627814,0.80607967,9
TNG50-1,59,0.7,172233,0.01279925,-0.0214127,1.2708971,0.54173928,0
TNG50-1,59,0.7,172233,0.00589141,-0.04325623,1.23230994,-3.13443147,1
TNG50-1,59,0.7,172233,-0.00515227,0.02611418,0.76087527,2.76813512,2
TNG50-1,59,0.7,172233,-0.06454119,0.09349844,0.24561629,2.98038111,3
TNG50-1,59,0.7,172233,0.00880462,0.07663724,1.01139191,-0.2043704,4
TNG50-1,59,0.7,172233,-0.08817044,-0.05175396,0.88374112,1.41774788,5
TNG50-1,59,0.7,172233,-0.03359805,-0.00702546,1.14484086,2.19102175,6
TNG50-1,59,0.7,172233,0.02446026,0.04251836,0.54549263,-2.40831364,7
TNG50-1,59,0.7,172233,0.05948438,0.04598556,1.30440174,-2.60991644,8
TNG50-1,59,0.7,172233,0.11747081,0.0295931,0.87415475,1.18946868,9
TNG50-1,59,0.7,239876,-0.03254583,0.00908596,0.64582238,-0.64391721,0
TNG50-1,59,0.7,239876,0.05279822,0.03892597,0.86361179,-2.0308529,1
TNG50-1,59,0.7,239876,0.02315204,0.02544047,0.50716804,-3.13978609,2
TNG50-1,59,0.7,239876,-0.08490059,0.05104787,0.582872,-0.2419559,3
TNG50-1,59,0.7,239876,0.02922404,-0.04432037,0.83630783,2.07873689,4
TNG50-1,59,0.7,239876,-0.03836034,0.00992683,1.10181102,1.67472807,5
TNG50-1,59,0.7,239876,-0.0837966,-0.0070368,1.08760351,3.10351867,6
TNG50-1,59,0.7,239876,0.01832766,0.03268417,0.83893323,1.0644079,7
TNG50-1,59,0.7,239876,-0.00326654,0.01279065,0.79282003,-1.67187402,8
TNG50-1,59,0.7,239876,0.07019068,-0.03070189,1.05914054,1.11431539,9
TNG50-1,59,0.7,143614,0.05770234,0.03112268,0.79186614,-1.48026716,0
TNG50-1,59,0.7,143614,0.0039474,-0.01147896,0.69499657,-0.02128926,1
TNG50-1,59,0.7,143614,0.09157295,0.05478929,1.32804445,1.04778787,2
TNG50-1,59,0.7,143614,0.06736934,-0.01142756,0.41796298,1.46615933,3
TNG50-1,59,0.7,143614,0.02398929,0.00106693,0.92997094,0.60069816,4
TNG50-1,59,0.7,143614,-0.00566072,-0.04887623,1.0890698,-2.41235262,5
TNG50-1,59,0.7,143614,-0.01746991,-0.01353084,1.05509388,-0.43009301,6
TNG50-1,59,0.7,143614,0.02812455,0.10790992,1.15124159,1.05184041,7
TNG50-1,59,0.7,143614,-0.00706134,-0.04501933,1.26401584,1.52791797,8
TNG50-1,59,0.7,143614,0.02741151,0.02188562,1.37143405,-1.10265612,9
TNG50-1,59,0.7,325890,-0.08359847,0.08514306,0.73043897,-0.47067486,0
TNG50-1,59,0.7,325890,-0.02385044,0.05684392,1.08867252,1.26232584,1
TNG50-1,59,0.7,325890,0.06386221,-0.01931465,1.19037856,3.04819365,2
TNG50-1,59,0.7,325890,-0.03305496,0.08828682,0.8242825,-1.15293893,3
TNG50-1,59,0.7,325890,0.02328053,0.01718557,0.33896339,0.53612834,4
TNG50-1,59,0.7,325890,0.02866487,-0.08358183,1.13363063,1.84979607,5
TNG50-1,59,0.7,325890,0.01221326,-0.00391526,1.07975563,-1.8087535,6
TNG50-1,59,0.7,325890,-0.06388162,0.0817639,0.99194786,2.00005817,7
TNG50-1,59,0.7,325890,0.01713529,-0.04099193,0.75640053,-0.91149772,8
TNG50-1,59,0.7,325890,-0.02107767,-0.003412,1.0578746,-2.44401501,9
TNG50-1,59,0.7,191405,-0.01784671,-0.02959,0.94009205,-2.87980161,0
TNG50-1,59,0.7,191405,-0.00991357,-0.06006814,0.68687599,-3.03711362,1
TNG50-1,59,0.7,191405,-0.02631832,-0.0152377,1.12879518,0.58056076,2
TNG50-1,59,0.7,191405,-0.0303987,0.02312463,1.11873635,1.25459059,3
TNG50-1,59,0.7,191405,-0.02460604,0.04302334,1.0913605,0.68008279,4
TNG50-1,59,0.7,191405,-0.00076254,0.07301168,1.10186925,2.97221898,5
TNG50-1,59,0.7,191405,0.00824424,0.01451002,1.34836577,-1.70357091,6
TNG50-1,59,0.7,191405,0.04767054,0.0376513,1.13652098,-0.11784251,7
TNG50-1,59,0.7,191405,-0.00125593,0.06843897,0.80319681,2.61318933,8
TNG50-1,59,0.7,191405,0.05590875,-0.03896234,0.44952199,0.73825716,9
TNG50-1,59,0.7,225436,-0.07804975,0.00337438,0.57897209,-1.92524666,0
TNG50-1,59,0.7,225436,-0.0278604,0.03135732,0.76820321,2.35156002,1
TNG50-1,59,0.7,225436,-0.08745221,-0.00502274,0.69337236,-1.5376461,2
TNG50-1,59,0.7,225436,-0.0302706,-0.05465653,1.13341029,2.13398148,3
TNG50-1,59,0.7,225436,0.0035946,-0.00504905,0.71511763,-2.16261232,4
TNG50-1,59,0.7,225436,0.03835388,-0.03625893,0.72480836,1.50445026,5
TNG50-1,59,0.7,225436,-0.1059281,0.03020162,1.11525002,0.38575568,6
TNG50-1,59,0.7,225436,0.02752759,0.05376789,1.1711781,1.01447674,7
TNG50-1,59,0.7,225436,-0.048632,0.0505731,1.02460101,2.97908809,8
TNG50-1,59,0.7,225436,-0.06080954,-0.00098742,0.69398184,-2.81136176,9
TNG50-1,59,0.7,238084,-0.01736455,0.05637647,1.25482784,2.3057162,0
TNG50-1,59,0.7,238084,-0.02332645,0.10691183,0.55611044,0.80882223,1
TNG50-1,59,0.7,238084,0.00962262,-0.00305995,1.02457852,-0.08653555,2
TNG50-1,59,0.7,238084,-0.01940979,-0.08307296,1.33141786,1.46520527,3
TNG50-1,59,0.7,238084,0.02436278,-0.03530686,1.27741452,-2.66473006,4
TNG50-1,59,0.7,238084,-0.02404935,-0.03020683,1.34532443,2.40502558,5
TNG50-1,59,0.7,238084,0.03953943,-0.04765127,0.76977032,-2.02484323,6
TNG50-1,59,0.7,238084,0.07591835,-0.10979523,1.18249128,-3.00724793,7
TNG50-1,59,0.7,238084,0.00387736,0.05123234,1.32016107,-0.86481509,8
TNG50-1,59,0.7,238084,0.11091642,-0.09300096,1.08581038,-2.7743572,9
TNG50-1,59,0.7,314230,-0.01011751,-0.02827239,0.90659954,-0.55948503,0
TNG50-1,59,0.7,314230,0.03013315,0.00706935,0.328433,1.87484574,1
TNG50-1,59,0.7,314230,0.01049723,-0.03802112,1.22634847,-0.28279612,2
TNG50-1,59,0.7,314230,0.00221847,-0.03651181,0.8257512,-1.4415767,3
TNG50-1,59,0.7,314230,0.01218936,-0.05194946,0.64849083,-0.50080106,4
TNG50-1,59,0.7,314230,-0.02170435,0.04741485,1.12769312,-0.34268215,5
TNG50-1,59,0.7,314230,0.01064508,0.05948608,1.13719733,1.42644146,6
TNG50-1,59,0.7,314230,-0.02527456,0.00129673,0.4590362,2.31692509,7
TNG50-1,59,0.7,314230,-0.09480981,-0.02683289,1.31760393,-1.12311269,8
TNG50-1,59,0.7,314230,0.05701003,-0.0846535,1.26878525,1.31029301,9
TNG50-1,59,0.7,138897,-0.03679375,0.06055073,0.91042869,-2.68204939,0
TNG50-1,59,0.7,138897,-0.0077292,-0.04749587,1.14143377,1.17597508,1
TNG50-1,59,0.7,138897,0.04157504,-0.01952703,0.88578356,0.24468726,2
TNG50-1,59,0.7,138897,-0.00776452,-0.01530728,1.25529725,1.97160343,3
TNG50-1,59,0.7,138897,-0.02976869,0.07647069,0.97534736,0.22038556,4
TNG50-1,59,0.7,138897,-0.07746114,0.00668296,1.23784366,3.10523663,5
TNG50-1,59,0.7,138897,-0.06070893,-0.08992164,1.14610743,-1.62651638,6
TNG50-1,59,0.7,138897,0.0155103,0.04758272,0.75737939,1.52119989,7
TNG50-1,59,0.7,138897,0.04407274,0.09229638,1.20853627,-0.42520417,8
TNG50-1,59,0.7,138897,-0.0209611,-0.01248704,1.03806287,-0.77933792,9
TNG50-1,59,0.7,162909,0.05856316,0.02145725,1.14722036,1.96399548,0
TNG50-1,59,0.7,162909,-0.04036424,0.04969618,0.80942555,-2.85362562,1
TNG50-1,59,0.7,162909,0.00255953,0.04635725,1.22410594,-0.66846412,2
TNG50-1,59,0.7,162909,0.03440644,-0.01069223,0.7458886,-0.53128863,3
TNG50-1,59,0.7,162909,0.01051001,-0.08610398,1.02576096,-1.56503364,4
TNG50-1,59,0.7,162909,-0.08943737,0.02306815,1.23495493,-0.36518374,5
TNG50-1,59,0.7,162909,0.14112991,-0.0821208,1.19777884,0.41866805,6
TNG50-1,59,0.7,162909,0.01061622,0.06076223,0.93084055,0.53380816,7
TNG50-1,59,0.7,162909,-0.06702085,-0.0366379,1.07390605,1.06709423,8
TNG50-1,59,0.7,162909,0.01570999,0.03174802,0.94451718,-2.65923962,9
TNG50-1,59,0.7,249725,0.07293932,0.0430201,0.75717858,0.90385819,0
TNG50-1,59,0.7,249725,0.00338284,0.02599158,1.14616909,0.45329973,1
TNG50-1,59,0.7,249725,-0.06868156,0.03499879,0.56319979,-0.48978152,2
TNG50-1,59,0.7,249725,-0.0292733,-0.0095923,0.88290103,0.5124581,3
TNG50-1,59,0.7,249725,-0.04996523,-0.03157799,0.70543868,0.21388153,4
TNG50-1,59,0.7,249725,0.05364594,0.03325315,0.3001736,2.79408619,5
TNG50-1,59,0.7,249725,0.03867703,0.07756702,0.2099137,2.12120608,6
TNG50-1,59,0.7,249725,-0.00305216,0.05530052,0.95338915,-0.66797095,7
TNG50-1,59,0.7,249725,0.01450369,0.07908294,1.26941573,0.44526761,8
TNG50-1,59,0.7,249725,-0.00438397,0.00810159,0.83406338,0.4150226,9
TNG50-1,59,0.7,262484,-0.00812249,-0.03914056,1.22928665,0.35798029,0
TNG50-1,59,0.7,262484,0.07032522,-0.02874462,1.28958503,2.96511779,1
TNG50-1,59,0.7,262484,-0.07097656,0.09446283,0.73510059,0.13174997,2
TNG50-1,59,0.7,262484,0.09658336,-0.01915728,1.12684936,-2.8833056,3
TNG50-1,59,0.7,262484,-0.03370118,0.01618137,0.39109751,0.39392535,4
TNG50-1,59,0.7,262484,0.01004521,-0.05218786,0.50835829,1.74048568,5
TNG50-1,59,0.7,262484,0.06395816,-0.05781719,1.00567908,3.04693743,6
TNG50-1,59,0.7,262484,0.07921701,0.00131961,0.87599272,-2.47954235,7
TNG50-1,59,0.7,262484,0.02349104,-0.01623722,0.54291648,-0.37361581,8
TNG50-1,59,0.7,262484,-0.03472528,-0.01258528,0.50357536,0.54443723,9
TNG50-1,59,0.7,95227,-0.00271625,-0.07170871,0.88025974,-1.18373687,0
TNG50-1,59,0.7,95227,-0.03034109,-0.0367428,0.25450332,2.57316926,1
TNG50-1,59,0.7,95227,0.11996807,-0.01410967,0.97714748,-1.25508294,2
TNG50-1,59,0.7,95227,0.02028663,0.01669744,1.34454742,-1.74004564,3
TNG50-1,59,0.7,95227,-0.0613884,0.03183801,0.7526256,2.77033713,4
TNG50-1,59,0.7,95227,-0.00594538,0.12330569,0.72932647,-0.73936239,5
TNG50-1,59,0.7,95227,0.04999638,-0.03692784,1.23735671,2.76811419,6
TNG50-1,59,0.7,95227,-0.00351871,-0.01569945,0.91245581,2.38908298,7
TNG50-1,59,0.7,95227,0.03971803,-0.03553276,1.08255569,-0.18557702,8
TNG50-1,59,0.7,95227,-0.08025037,0.05396942,1.35880344,-0.7228072,9
TNG50-1,59,0.7,337952,-0.01453478,-0.05883779,1.31321601,1.25299352,0
TNG50-1,59,0.7,337952,-0.03941092,-0.02156026,0.8686805,1.59875911,1
TNG50-1,59,0.7,337952,-0.08705966,0.05254021,0.88213661,1.08975995,2
TNG50-1,59,0.7,337952,-0.06384681,-0.04870945,1.26759946,-0.50346616,3
TNG50-1,59,0.7,337952,-0.15750558,0.00394255,0.20543398,-2.05728012,4
TNG50-1,59,0.7,337952,-0.01539396,0.0173298,1.323384,1.8192203,5
TNG50-1,59,0.7,337952,0.01802493,-0.04111037,0.46179988,2.33250984,6
TNG50-1,59,0.7,337952,-0.13412831,0.05041355,0.96654797,-0.67939514,7
TNG50-1,59,0.7,337952,0.01183574,0.02019205,1.21281921,2.14393315,8
TNG50-1,59,0.7,337952,-0.00612371,-0.01259555,1.30638061,0.85200141,9
TNG50-1,59,0.7,327485,-0.00795739,-0.03570476,1.10236937,2.69469913,0
TNG50-1,59,0.7,327485,-0.09087809,-0.01497012,0.42960861,1.93603253,1
TNG50-1,59,0.7,327485,0.10599279,0.0426094,0.75859493,-1.63723668,2
TNG50-1,59,0.7,327485,-0.00029848,0.11201258,1.38098371,-0.60113816,3
TNG50-1,59,0.7,327485,-0.11353899,-0.01223844,1.28814085,-0.44997786,4
TNG50-1,59,0.7,327485,0.04938628,0.02299721,1.1505438,0.54981876,5
TNG50-1,59,0.7,327485,-0.00250959,0.13741941,0.46135294,-0.78658951,6
TNG50-1,59,0.7,327485,-0.04656627,0.00023684,0.6837942,-1.8219571,7
TNG50-1,59,0.7,327485,0.04655917,0.02340995,0.83632101,1.0492261,8
TNG50-1,59,0.7,327485,-0.12743662,-0.06186757,1.27282231,1.11561122,9
TNG50-1,59,0.7,199651,0.09297259,-0.01026952,0.57020793,2.87533778,0
TNG50-1,59,0.7,199651,0.04516532,-0.01964311,0.94509865,1.25455563,1
TNG50-1,59,0.7,199651,0.02281416,0.01327435,1.0087908,-3.0579374,2
TNG50-1,59,0.7,199651,0.07675963,-0.02279012,1.37257899,1.29139444,3
TNG50-1,59,0.7,199651,0.02566652,0.02179498,1.09902518,-2.61928497,4
TNG50-1,59,0.7,199651,0.07849503,0.02009508,0.26561169,0.87711551,5
TNG50-1,59,0.7,199651,0.01232959,0.01025771,0.69152975,-1.25107242,6
TNG50-1,59,0.7,199651,0.04509744,0.01112593,0.93344849,-1.80897781,7
TNG50-1,59,0.7,199651,0.02631957,-0.02830792,0.51859681,0.80475965,8
TNG50-1,59,0.7,199651,-0.01626419,-0.01409882,1.38101448,-0.41443404,9
TNG50-1,59,0.7,270248,0.06795865,-0.04234535,1.11165025,-1.60668036,0
TNG50-1,59,0.7,270248,0.0334103,-0.00117998,1.16310946,2.06793191,1
TNG50-1,59,0.7,270248,0.00812274,0.0123709,1.14633456,-1.41097664,2
TNG50-1,59,0.7,270248,0.02596615,0.01183359,0.84160217,-1.14796251,3
TNG50-1,59,0.7,270248,0.09575193,-0.0365139,0.89658102,0.23742554,4
TNG50-1,59,0.7,270248,-0.02084052,0.049695,1.04766199,0.29781858,5
TNG50-1,59,0.7,270248,-0.09269435,0.02672279,0.8200205,1.95390418,6
TNG50-1,59,0.7,270248,-0.05482505,0.07906543,0.80834742,-0.70416738,7
TNG50-1,59,0.7,270248,-0.05110618,0.04233805,1.3892129,-1.37498562,8
TNG50-1,59,0.7,270248,-0.04406398,-0.01747659,1.11002507,0.68011285,9
TNG50-1,59,0.7,367898,-0.07725723,0.0604784,0.33785838,-2.92820874,0
TNG50-1,59,0.7,367898,0.06873707,0.09714761,1.23203701,-0.92395806,1
TNG50-1,59,0.7,367898,0.09286425,-0.02025112,0.71285594,-1.77013252,2
TNG50-1,59,0.7,367898,0.03769705,0.1402656,0.85578407,-2.30676499,3
TNG50-1,59,0.7,367898,-0.00290763,-0.10099688,1.10357029,-2.1531801,4
TNG50-1,59,0.7,367898,-0.06964902,-0.03891557,0.72053859,2.04999268,5
TNG50-1,59,0.7,367898,-0.0080566,0.01000001,1.38006189,-2.54530033,6
TNG50-1,59,0.7,367898,0.03059196,0.0274513,1.20574774,1.41280705,7
TNG50-1,59,0.7,367898,0.04149406,-0.00908178,1.17922368,-2.80258703,8
TNG50-1,59,0.7,367898,0.03444055,-0.0247883,1.30245773,-2.8862942,9
TNG50-1,59,0.7,350676,0.05448606,0.03328633,0.28015083,0.36052818,0
TNG50-1,59,0.7,350676,0.0039323,-0.06045409,0.97308142,-1.02329174,1
TNG50-1,59,0.7,350676,-0.04112563,0.10198918,0.61290935,2.40154078,2
TNG50-1,59,0.7,350676,0.00888779,0.05274936,0.98510375,1.00552875,3
TNG50-1,59,0.7,350676,0.02762254,-0.10026356,0.53835528,0.36551177,4
TNG50-1,59,0.7,350676,-0.04150097,-0.0515145,0.59460832,1.14461148,5
TNG50-1,59,0.7,350676,-0.0503822,-0.02457792,0.75852512,-0.9495645,6
TNG50-1,59,0.7,350676,0.02608112,0.04190491,0.8385916,-0.49729533,7
TNG50-1,59,0.7,350676,0.0411659,-0.11897275,0.94009122,-1.91263453,8
TNG50-1,59,0.7,350676,0.10748787,-0.00595562,0.33308861,2.23066154,9
TNG50-1,59,0.7,181444,0.02089353,-0.01643465,1.38071338,-1.50022874,0
TNG50-1,59,0.7,181444,0.08385271,-0.0683704,1.29411862,2.51174034,1
TNG50-1,59,0.7,181444,-0.03632448,0.09317587,0.56059062,-2.18057018,2
TNG50-1,59,0.7,181444,-0.02107742,0.02353653,1.00140862,3.11610503,3
TNG50-1,59,0.7,181444,-0.03884797,0.02103612,1.15249422,0.71158473,4
TNG50-1,59,0.7,181444,0.03625108,0.00525005,0.64628109,2.60970509,5
TNG50-1,59,0.7,181444,-0.01362431,-0.04001589,0.62196142,-2.01793414,6
TNG50-1,59,0.7,181444,-0.03478746,-0.02066427,1.08902103,-0.69673447,7
TNG50-1,59,0.7,181444,0.08315738,0.033886,0.45064913,2.34520478,8
TNG50-1,59,0.7,181444,0.09047529,-0.02237802,0.99424716,2.11806732,9
TNG50-1,59,0.7,343680,0.07716111,0.01380401,0.6425168,2.14265874,0
TNG50-1,59,0.7,343680,0.02127935,0.04602137,0.83561826,2.25602611,1
TNG50-1,59,0.7,343680,-0.07545357,0.07654426,1.37632355,-0.86660312,2
TNG50-1,59,0.7,343680,0.00798626,0.0449526,1.30018969,-1.19724813,3
TNG50-1,59,0.7,343680,0.01701713,-0.00379175,0.61050101,2.57553281,4
TNG50-1,59,0.7,343680,-0.01359212,-0.03299601,0.96995228,1.74487024,5
TNG50-1,59,0.7,343680,0.06736223,-0.05610537,0.33005763,0.61543001,6
TNG50-1,59,0.7,343680,-0.00579693,-0.12203596,1.04008901,-0.39995659,7
TNG50-1,59,0.7,343680,0.10522712,0.00871167,0.58151298,2.58921659,8
TNG50-1,59,0.7,343680,0.03915586,-0.01938348,1.370745,1.55334225,9
TNG50-1,59,0.7,372165,0.01445507,-0.02718554,0.46124765,-1.68246841,0
TNG50-1,59,0.7,372165,0.18412548,0.01159149,0.59789416,-2.18499008,1
TNG50-1,59,0.7,372165,-0.08525773,-0.06807631,0.71356455,-0.97067183,2
TNG50-1,59,0.7,372165,-0.08599635,0.01974114,0.86869494,2.25159963,3
TNG50-1,59,0.7,372165,0.04971303,0.0722724,1.17251438,2.81121712,4
TNG50-1,59,0.7,372165,-0.00158756,-0.0618789,0.87073498,-2.10450008,5
TNG50-1,59,0.7,372165,0.03963047,-0.06489767,1.35810867,-1.68970805,6
TNG50-1,59,0.7,372165,-0.05491904,0.05949605,1.23041607,2.17949412,7
TNG50-1,59,0.7,372165,0.00270664,-0.06578189,0.93996841,-2.05663613,8
TNG50-1,59,0.7,372165,0.02286587,0.04203005,1.39837429,1.51623594,9
TNG50-1,59,0.7,133957,0.04212346,0.05589219,0.97580832,-0.20108862,0
TNG50-1,59,0.7,133957,-0.01312337,-0.10515063,0.90642118,-1.24283735,1
TNG50-1,59,0.7,133957,-0.0085889,0.00284116,0.88687775,-2.75007481,2
TNG50-1,59,0.7,133957,-0.05608347,-0.03584494,0.73030024,0.06403444,3
TNG50-1,59,0.7,133957,0.02919483,0.00180736,1.00453736,-3.0802998,4
TNG50-1,59,0.7,133957,0.02010656,0.04716053,0.7145719,-0.69221693,5
TNG50-1,59,0.7,133957,-0.0077749,0.01849737,0.9720307,-0.81269922,6
TNG50-1,59,0.7,133957,-0.06941711,0.00090611,0.78567027,0.84039647,7
TNG50-1,59,0.7,133957,0.0604575,0.00063902,1.17763296,3.06260633,8
TNG50-1,59,0.7,133957,0.01278523,-0.07798826,0.91625032,2.24938787,9
TNG50-1,59,0.7,95231,-0.06503929,-0.05151954,0.20017489,-2.85992467,0
TNG50-1,59,0.7,95231,0.04479327,0.03779054,1.06671183,1.09213036,1
TNG50-1,59,0.7,95231,0.03548986,0.02165909,0.36776445,-0.00189974,2
TNG50-1,59,0.7,95231,0.01493706,-0.02852878,0.8222941,0.23011406,3
TNG50-1,59,0.7,95231,-0.0341074,0.05451496,0.6973565,-0.55590269,4
TNG50-1,59,0.7,95231,0.03578063,-0.04781577,0.4204858,-2.73893332,5
TNG50-1,59,0.7,95231,-0.06014503,-0.00176422,0.56743492,-2.00927877,6
TNG50-1,59,0.7,95231,-0.0068668,-0.03074107,1.15511116,1.61135178,7
TNG50-1,59,0.7,95231,-0.06532465,0.03711859,0.51047299,-1.66988991,8
TNG50-1,59,0.7,95231,-0.0081001,0.03217212,0.91828353,0.80253048,9
TNG50-1,59,0.7,256985,-0.03665122,0.08230726,1.27049841,1.46742768,0
TNG50-1,59,0.7,256985,0.07305303,0.06775584,0.7248225,0.85265549,1
TNG50-1,59,0.7,256985,0.04468489,0.01242794,0.8950155,0.69922705,2
TNG50-1,59,0.7,256985,-0.00611397,-0.0221956,0.92346447,0.36303502,3
TNG50-1,59,0.7,256985,0.00405321,0.01180558,1.33214943,-1.87912313,4
TNG50-1,59,0.7,256985,0.05068881,-0.01222504,1.26307773,0.65745046,5
TNG50-1,59,0.7,256985,-0.00868052,-0.03963859,1.05762763,-2.14598373,6
TNG50-1,59,0.7,256985,0.03791963,0.02661376,1.00877665,1.33778352,7
TNG50-1,59,0.7,256985,0.07386931,-0.05117621,1.07579122,-0.29978638,8
TNG50-1,59,0.7,256985,-0.0245441,-0.01692773,0.95545169,0.51183214,9
TNG50-1,59,0.7,238085,0.04598711,0.04820281,0.482247,-2.05466563,0
TNG50-1,59,0.7,238085,-0.04345936,0.00409931,0.95991526,1.60181674,1
TNG50-1,59,0.7,238085,0.04607356,0.01170713,1.33035951,-1.24351873,2
TNG50-1,59,0.7,238085,0.01612946,-0.02690315,1.29462321,-2.09411394,3
TNG50-1,59,0.7,238085,-0.03039355,-0.02549482,1.19406595,-0.43117906,4
TNG50-1,59,0.7,238085,-0.00797006,-0.07685981,1.07983697,-1.58640124,5
TNG50-1,59,0.7,238085,0.02356399,0.01255549,0.931621,-0.82121818,6
TNG50-1,59,0.7,238085,-0.03364255,0.03412492,0.80482047,2.03584014,7
TNG50-1,59,0.7,238085,0.01509297,-0.00354217,1.26441429,-1.04365812,8
TNG50-1,59,0.7,238085,0.0722801,-0.04386621,1.24184532,-2.04291866,9
TNG50-1,59,0.7,376539,-0.11521139,0.03428808,1.3173155,1.29154694,0
TNG50-1,59,0.7,376539,-0.03755506,-0.00877748,1.3454751,1.00026847,1
TNG50-1,59,0.7,376539,-0.01280405,0.09001633,1.215687,0.5344129,2
TNG50-1,59,0.7,376539,-0.05406732,-0.07909682,1.28808237,1.20824478,3
TNG50-1,59,0.7,376539,-0.0846761,-0.10394215,1.10499882,0.05466053,4
TNG50-1,59,0.7,376539,-0.04886814,-0.04433617,1.24434735,2.68240323,5
TNG50-1,59,0.7,376539,0.00245715,0.04060937,1.2510733,-2.14743633,6
TNG50-1,59,0.7,376539,0.00246995,0.00842801,0.80302122,-0.16618108,7
TNG50-1,59,0.7,376539,0.04537614,-0.05641619,0.36767209,0.96156852,8
TNG50-1,59,0.7,376539,0.10315899,-0.03635473,1.38973003,2.56792998,9
TNG50-1,59,0.7,9,-0.06935602,-0.04794553,0.30064723,2.69742057,0
TNG50-1,59,0.7,9,-0.09023636,-0.00644801,0.51813445,2.22587847,1
TNG50-1,59,0.7,9,-0.01211541,-0.0273686,0.75943635,0.52057788,2
TNG50-1,59,0.7,9,0.03960272,-0.0280784,1.0564638,-2.76312021,3
TNG50-1,59,0.7,9,-0.02866328,0.00175772,0.76130643,-3.03342236,4
TNG50-1,59,0.7,9,0.07138968,-0.00566616,1.04663887,0.87893143,5
TNG50-1,59,0.7,9,-0.0102537,0.05258356,1.27062482,1.9717005,6
TNG50-1,59,0.7,9,-0.01005047,-0.00053871,0.83485551,0.00221692,7
TNG50-1,59,0.7,9,-0.01445459,0.02775029,0.74439283,-2.99401365,8
TNG50-1,59,0.7,9,0.04907963,0.00863776,1.10073844,-2.23160595,9
TNG50-1,59,0.7,358875,-0.07053276,0.08939071,1.18338239,1.25739425,0
TNG50-1,59,0.7,358875,0.00113226,-0.01827406,0.80057051,-2.41874336,1
TNG50-1,59,0.7,358875,0.06313265,-0.07639156,0.45597981,-1.76421784,2
TNG50-1,59,0.7,358875,0.04720243,0.04359994,1.36827809,0.40132551,3
TNG50-1,59,0.7,358875,0.00115009,0.01946051,1.07710921,1.17202131,4
TNG50-1,59,0.7,358875,0.12812091,0.0415323,0.3819371,-2.15645049,5
TNG50-1,59,0.7,358875,-0.02886767,-0.01485255,1.06995709,-0.27405783,6
TNG50-1,59,0.7,358875,-0.0043336,-0.05035619,1.37043274,0.38977865,7
TNG50-1,59,0.7,358875,-0.07252575,-0.00918117,1.31589805,-2.82929614,8
TNG50-1,59,0.7,358875,-0.02018177,0.02774225,0.75313044,-1.73568916,9
TNG50-1,59,0.7,370005,0.0164421,-0.01512421,0.38242065,-0.80612565,0
TNG50-1,59,0.7,370005,-0.00164294,-0.01349356,0.94637244,-0.32736314,1
TNG50-1,59,0.7,370005,0.05741124,-0.01495816,1.17110129,0.17652333,2
TNG50-1,59,0.7,370005,-0.03306482,0.08863713,0.98602323,-1.06231716,3
TNG50-1,59,0.7,370005,0.00263798,-0.05685901,0.97013603,1.99903797,4
TNG50-1,59,0.7,370005,-0.05254301,-0.06220467,1.18586158,2.69151005,5
TNG50-1,59,0.7,370005,-0.05014647,-0.04227113,0.63093356,0.14325851,6
TNG50-1,59,0.7,370005,-0.06803825,-0.00359474,0.8360441,1.3280316,7
TNG50-1,59,0.7,370005,-0.04929286,0.02573857,1.08150281,2.70515745,8
TNG50-1,59,0.7,370005,0.00415503,0.03092938,1.0338079,-1.93560109,9
TNG50-1,59,0.7,377642,-0.00971152,0.0057938,0.66504269,-1.40860733,0
TNG50-1,59,0.7,377642,0.05384872,0.07145931,1.05216183,-1.53778611,1
TNG50-1,59,0.7,377642,-0.06065136,-0.0647823,1.17237798,-0.64157915,2
TNG50-1,59,0.7,377642,0.03282553,-0.01201254,0.73059602,1.91312416,3
TNG50-1,59,0.7,377642,0.05168366,-0.08438861,0.88993377,-2.32066896,4
TNG50-1,59,0.7,377642,0.04651046,0.03106244,1.27917422,-1.1557854,5
TNG50-1,59,0.7,377642,-0.05925107,0.02773097,0.66812577,0.9997047,6
TNG50-1,59,0.7,377642,-0.01029055,0.16743017,1.11461824,-2.93116528,7
TNG50-1,59,0.7,377642,0.01510876,0.05131798,0.46444011,-2.79036162,8
TNG50-1,59,0.7,377642,0.02215262,0.01656826,0.5699666,1.64726959,9
TNG50-1,59,0.7,242629,0.02706025,-0.01656029,1.00053452,1.17819444,0
TNG50-1,59,0.7,242629,-0.01347011,0.05713735,1.03747753,1.01024678,1
TNG50-1,59,0.7,242629,0.1304593,-0.02598861,1.20557592,-2.13406891,2
TNG50-1,59,0.7,242629,0.01244333,0.03357433,1.33711445,2.3010599,3
TNG50-1,59,0.7,242629,-0.06209485,-0.08414851,1.07119017,1.0217888,4
TNG50-1,59,0.7,242629,-0.04196514,-0.01853075,1.08013787,-2.17363642,5
TNG50-1,59,0.7,242629,-0.04699674,-0.04429727,0.73733829,-1.33446741,6
TNG50-1,59,0.7,242629,-0.04125131,0.01498855,1.05947526,2.97611136,7
TNG50-1,59,0.7,242629,0.02684891,-0.05173891,1.38919297,-0.57964634,8
TNG50-1,59,0.7,242629,-0.05532547,0.10348284,1.38351926,-1.65390948,9
TNG50-1,59,0.7,316982,0.01991978,0.00289099,0.4641909,2.45519209,0
TNG50-1,59,0.7,316982,0.03902421,-0.03110808,0.30278387,-0.79147395,1
TNG50-1,59,0.7,316982,-0.04160982,-0.05890534,0.28733544,-0.76657264,2
TNG50-1,59,0.7,316982,-0.02071362,-0.00451567,0.61442589,1.6280909,3
TNG50-1,59,0.7,316982,0.03040084,0.0652253,1.1539338,0.56565575,4
TNG50-1,59,0.7,316982,-0.06791724,0.05121904,1.36258954,-1.53756814,5
TNG50-1,59,0.7,316982,0.01036008,-0.01726661,1.0300689,1.11017326,6
TNG50-1,59,0.7,316982,0.02467115,-0.01830522,1.1473688,0.39580117,7
TNG50-1,59,0.7,316982,-0.0019267,-0.02198562,0.79436737,-2.48776796,8
TNG50-1,59,0.7,316982,0.0159686,-0.02197919,1.08086952,-0.20568737,9
TNG50-1,59,0.7,353410,-0.02507763,-0.00726966,0.6297989,1.96512488,0
TNG50-1,59,0.7,353410,-0.03753349,-0.08762568,1.2491524,-2.04956823,1
TNG50-1,59,0.7,353410,-0.03796508,0.09570519,0.44329009,-1.5385117,2
TNG50-1,59,0.7,353410,0.0200126,0.03571679,1.3499686,-1.66399036,3
TNG50-1,59,0.7,353410,-0.0203953,-0.02317425,1.17603778,-1.95328939,4
TNG50-1,59,0.7,353410,0.04652228,-0.09581916,0.59162371,2.9559026,5
TNG50-1,59,0.7,353410,0.04762258,-0.00902159,1.24632419,-2.09840688,6
TNG50-1,59,0.7,353410,-0.0135316,-0.02939884,1.21503885,1.55014459,7
TNG50-1,59,0.7,353410,-0.0260433,-0.00302866,0.28255645,-2.82105742,8
TNG50-1,59,0.7,353410,0.00638543,-0.10819352,0.42974271,0.27524364,9
TNG50-1,59,0.7,69761,0.05164888,0.03274624,0.77893487,-2.14334686,0
TNG50-1,59,0.7,69761,0.04482573,-0.05100693,0.93250074,0.46256413,1
TNG50-1,59,0.7,69761,0.02051798,-0.05596213,0.80053216,2.71387836,2
TNG50-1,59,0.7,69761,0.06981807,0.0632465,0.2934425,-0.34021234,3
TNG50-1,59,0.7,69761,-0.00341272,0.04831398,1.35950743,0.50212519,4
TNG50-1,59,0.7,69761,0.02597072,-0.01712504,1.38815103,-2.70177374,5
TNG50-1,59,0.7,69761,-0.00883793,-0.15227316,0.78258566,-0.94761081,6
TNG50-1,59,0.7,69761,0.05102758,0.02666201,0.91159336,-2.88147942,7
TNG50-1,59,0.7,69761,-0.03503823,0.03312524,0.97515233,0.45475385,8
TNG50-1,59,0.7,69761,-0.08414282,0.02584057,0.53307736,0.56846582,9
TNG50-1,59,0.7,294336,0.01327262,0.00822709,0.32102985,-0.72628875,0
TNG50-1,59,0.7,294336,0.00830597,-0.02751615,0.45608614,1.2782834,1
TNG50-1,59,0.7,294336,-0.0032606,-0.0300796,0.31367037,-3.08172077,2
TNG50-1,59,0.7,294336,0.02332767,-0.05957442,0.94600319,0.15254072,3
TNG50-1,59,0.7,294336,0.02627103,0.02963006,1.20201884,1.12255242,4
TNG50-1,59,0.7,294336,-0.0432487,-0.03079885,1.25477639,1.594421,5
TNG50-1,59,0.7,294336,-0.01067757,-0.00958772,0.35292561,-0.30736625,6
TNG50-1,59,0.7,294336,0.00578505,0.0118872,0.46987059,1.54025492,7
TNG50-1,59,0.7,294336,0.02913702,0.00019671,0.69164146,-2.53940149,8
TNG50-1,59,0.7,294336,0.02998446,-0.00028057,0.94772153,-1.67588482,9
TNG50-1,59,0.7,317932,-0.01442045,9.929e-05,0.73625913,1.08332241,0
TNG50-1,59,0.7,317932,0.04624133,0.01398923,0.48561744,-1.58680338,1
TNG50-1,59,0.7,317932,-0.03687676,0.15555137,0.86764571,-1.08403293,2
TNG50-1,59,0.7,317932,-0.08054197,-0.00040193,1.2492698,-0.59257506,3
TNG50-1,59,0.7,317932,-0.06564731,-0.03479226,0.72601689,0.72018029,4
TNG50-1,59,0.7,317932,-0.01654784,0.02404799,0.68287076,2.21296354,5
TNG50-1,59,0.7,317932,0.02620466,0.03670445,1.04105905,0.72204246,6
TNG50-1,59,0.7,317932,0.00155962,0.01504917,0.83706182,1.42051106,7
TNG50-1,59,0.7,317932,-0.01251173,0.00784562,0.97338908,-1.30277263,8
TNG50-1,59,0.7,317932,0.05590117,0.07411155,1.11549854,0.549245,9
TNG50-1,59,0.7,206045,0.08573036,-0.0693496,0.62635,1.19773986,0
TNG50-1,59,0.7,206045,-0.0466299,-0.04182924,0.44064292,-2.20575971,1
TNG50-1,59,0.7,206045,-0.05305916,-0.01473382,0.26714116,0.60703061,2
TNG50-1,59,0.7,206045,-0.01505456,-0.03636056,0.64486742,-0.17195048,3
TNG50-1,59,0.7,206045,0.02155959,0.02599888,0.7372979,2.35653543,4
TNG50-1,59,0.7,206045,-0.02568358,0.00754781,0.93828535,-1.6823578,5
TNG50-1,59,0.7,206045,0.02261071,0.01495095,1.31230486,-2.06586716,6
TNG50-1,59,0.7,206045,0.09751493,-0.01533489,0.89757914,0.32151759,7
TNG50-1,59,0.7,206045,-0.07030156,-0.0107304,0.8940521,-0.24980103,8
TNG50-1,59,0.7,206045,-0.02228379,-0.01753453,1.34651268,-2.1281302,9
TNG50-1,59,0.7,393453,0.1334693,0.0862836,1.38292488,2.01865754,0
TNG50-1,59,0.7,393453,0.01569448,-0.05089668,1.16554321,-1.33503691,1
TNG50-1,59,0.7,393453,-0.06366784,-0.07798204,0.9053383,2.56158518,2
TNG50-1,59,0.7,393453,0.06435914,-0.02398327,0.85180872,-1.60077267,3
TNG50-1,59,0.7,393453,-0.06264716,0.14452544,1.08617956,-0.05049236,4
TNG50-1,59,0.7,393453,0.01642135,0.04169578,1.17119733,-2.08871992,5
TNG50-1,59,0.7,393453,-0.04646205,0.02769465,1.25663302,-3.0341836,6
TNG50-1,59,0.7,393453,-0.06787172,0.02934696,1.1980675,0.78879257,7
TNG50-1,59,0.7,393453,0.04810761,-0.02424217,1.29172396,-1.01934751,8
TNG50-1,59,0.7,393453,-0.01298885,0.13646751,1.17933715,-0.97342196,9
TNG50-1,59,0.7,363750,0.01809274,-0.02969461,1.12447175,1.06112727,0
TNG50-1,59,0.7,363750,-0.03258276,0.13984588,0.68471818,1.65983104,1
TNG50-1,59,0.7,363750,0.00943745,0.0387694,0.78855419,-2.71111419,2
TNG50-1,59,0.7,363750,-0.04494407,0.0696052,0.58424032,0.67618185,3
TNG50-1,59,0.7,363750,0.0225715,0.03042083,0.94744118,-2.27992346,4
TNG50-1,59,0.7,363750,0.02630403,0.01027217,1.09962237,1.61628636,5
TNG50-1,59,0.7,363750,-0.08138443,0.04476958,1.34400477,1.44420797,6
TNG50-1,59,0.7,363750,0.00336543,-0.03197857,0.62064419,1.55859167,7
TNG50-1,59,0.7,363750,-0.0760834,0.02352573,1.33816634,-2.74099201,8
TNG50-1,59,0.7,363750,-0.09305205,0.05885489,1.14375085,0.37338005,9
TNG50-1,59,0.7,265332,-0.11101837,-0.07717674,1.32802022,-1.99727353,0
TNG50-1,59,0.7,265332,0.08089026,0.03665949,0.90979925,3.10601575,1
TNG50-1,59,0.7,265332,-0.07088583,0.02111719,1.15446573,-0.88607842,2
TNG50-1,59,0.7,265332,-0.06709519,0.05857767,1.22659861,-1.85037063,3
TNG50-1,59,0.7,265332,0.07065867,-0.06245494,0.49636065,-2.49248253,4
TNG50-1,59,0.7,265332,0.01937823,-0.03646709,0.94273439,-2.36339542,5
TNG50-1,59,0.7,265332,0.00603684,0.01960444,1.12230162,2.78371933,6
TNG50-1,59,0.7,265332,0.01701342,-0.04722558,0.68503512,2.80645009,7
TNG50-1,59,0.7,265332,0.04769502,-0.11764213,0.53329575,0.04984449,8
TNG50-1,59,0.7,265332,0.00499377,0.00986653,1.01443212,1.20722152,9
TNG50-1,59,0.7,241194,-0.05008236,-0.03312447,0.45803337,0.41257535,0
TNG50-1,59,0.7,241194,-0.05310845,0.08303787,0.47970186,0.56460766,1
TNG50-1,59,0.7,241194,0.03566765,0.0169803,1.35240688,-0.12063511,2
TNG50-1,59,0.7,241194,-0.08405685,-0.05024295,0.54594297,-0.11094933,3
TNG50-1,59,0.7,241194,-0.04555386,0.08103903,0.84264519,2.52989595,4
TNG50-1,59,0.7,241194,-0.00425445,-0.02616622,1.38664549,-0.54150892,5
TNG50-1,59,0.7,241194,-0.00169101,0.00894367,1.07111769,-1.93891388,6
TNG50-1,59,0.7,241194,-0.06823099,-0.02433906,0.4747463,-0.50434734,7
TNG50-1,59,0.7,241194,0.01768702,0.03120765,1.09260743,1.46343372,8
TNG50-1,59,0.7,241194,0.02768825,-0.02407641,0.76993474,-0.15555813,9
TNG50-1,59,0.7,412707,0.03700386,-0.0300114,0.94021758,-1.9872708,0
TNG50-1,59,0.7,412707,0.0819113,0.01158419,0.71360002,-2.78070524,1
TNG50-1,59,0.7,412707,0.04349546,0.0691175,0.96879433,2.30753063,2
TNG50-1,59,0.7,412707,-0.06560063,0.00574277,0.546774,-2.07786837,3
TNG50-1,59,0.7,412707,-0.02320709,-0.01095066,1.33592956,2.69077436,4
TNG50-1,59,0.7,412707,0.00542451,-0.05369552,0.84100966,-1.39914062,5
TNG50-1,59,0.7,412707,-0.02885816,0.06044182,1.08041762,-0.5550951,6
TNG50-1,59,0.7,412707,0.12664954,-0.0071847,1.13895882,-2.85895033,7
TNG50-1,59,0.7,412707,-0.02411382,-0.00933481,0.36419476,0.23581657,8
TNG50-1,59,0.7,412707,-0.00216757,-0.11694686,0.51612695,-1.95572956,9
TNG50-1,59,0.7,265331,-0.02809766,-0.02454891,0.93413813,2.390228,0
TNG50-1,59,0.7,265331,-0.03683063,0.03074197,1.0254025,0.18489189,1
TNG50-1,59,0.7,265331,-0.00070778,0.00167834,1.02976276,2.70230817,2
TNG50-1,59,0.7,265331,0.0052129,0.04292329,1.21765791,1.70812494,3
TNG50-1,59,0.7,265331,-0.05355875,0.08023312,0.47274945,2.47773393,4
TNG50-1,59,0.7,265331,0.05504026,-0.03634264,0.76393102,1.53195186,5
TNG50-1,59,0.7,265331,-0.00797843,0.03067318,1.27174292,0.48139853,6
TNG50-1,59,0.7,265331,0.07512197,0.02925581,1.39634968,-2.05422289,7
TNG50-1,59,0.7,265331,0.01205412,0.0229056,0.66354111,1.43034527,8
TNG50-1,59,0.7,265331,0.0034552,-0.02165996,1.38694902,0.57998496,9
TNG50-1,59,0.7,398282,-0.06089607,0.05986554,1.07349176,-0.77917015,0
TNG50-1,59,0.7,398282,-0.02407357,0.03088648,0.50315103,2.09572783,1
TNG50-1,59,0.7,398282,0.07493138,-0.06231885,1.37594244,-2.49231213,2
TNG50-1,59,0.7,398282,-0.03216614,-0.05496293,0.7466641,-2.34408123,3
TNG50-1,59,0.7,398282,-0.11045856,-0.0891765,0.77105408,-1.90026788,4
TNG50-1,59,0.7,398282,0.01827331,0.13016105,1.12652953,1.65601141,5
TNG50-1,59,0.7,398282,-0.05571283,-0.04313536,1.30644948,-0.57242514,6
TNG50-1,59,0.7,398282,0.04074038,0.05849065,1.31509167,0.89583329,7
TNG50-1,59,0.7,398282,-0.02105384,-0.02661373,0.30067013,-1.68105914,8
TNG50-1,59,0.7,398282,-0.0137004,-0.05399278,0.76938789,1.74231648,9
TNG50-1,59,0.7,329127,-0.02826395,0.10564318,1.38486123,-0.29286342,0
TNG50-1,59,0.7,329127,-0.02443721,0.01263615,1.12236509,0.00213106,1
TNG50-1,59,0.7,329127,-0.09408994,-0.11117417,0.66556221,2.21969739,2
TNG50-1,59,0.7,329127,-0.00251663,0.02160293,0.88998438,-2.37816452,3
TNG50-1,59,0.7,329127,0.00443459,-0.04396177,1.33286535,0.31678908,4
TNG50-1,59,0.7,329127,-0.00888497,-0.09612376,1.00510984,-2.94813345,5
TNG50-1,59,0.7,329127,0.0955917,0.08487806,1.33457927,-2.55513852,6
TNG50-1,59,0.7,329127,0.00813894,0.07407233,1.07859943,-1.7547498,7
TNG50-1,59,0.7,329127,-0.00782386,-0.04525888,0.65524826,1.38050549,8
TNG50-1,59,0.7,329127,0.02495725,-0.04493156,1.18189172,-2.88329834,9
TNG50-1,59,0.7,32346,0.02223627,-0.07518971,1.33882702,-0.25194289,0
TNG50-1,59,0.7,32346,-0.02355931,-0.03868693,1.26787526,-0.5597114,1
TNG50-1,59,0.7,32346,-0.01551474,-0.05998874,0.79350097,-3.09791296,2
TNG50-1,59,0.7,32346,-0.05662496,0.06464421,1.0386637,1.62468501,3
TNG50-1,59,0.7,32346,-0.06401311,-0.08259492,1.10056951,-0.3859554,4
TNG50-1,59,0.7,32346,0.0922075,-0.05896077,0.43441143,-1.74138919,5
TNG50-1,59,0.7,32346,-0.00193839,-0.10237946,0.4528607,1.04465293,6
TNG50-1,59,0.7,32346,0.00252925,-0.04450062,0.91911644,-0.32880961,7
TNG50-1,59,0.7,32346,-0.04052591,-0.02297605,0.99869722,-1.17036866,8
TNG50-1,59,0.7,32346,0.00949851,0.04888902,1.1711951,-1.69136597,9
TNG50-1,59,0.7,333646,0.03810407,0.01266567,1.34897301,-1.37554827,0
TNG50-1,59,0.7,333646,-0.00108914,-0.03673878,0.67661606,1.13023113,1
TNG50-1,59,0.7,333646,0.00020389,-0.08295079,1.1506943,1.69412912,2
TNG50-1,59,0.7,333646,-0.04211836,-0.06433153,1.18918433,3.01702817,3
TNG50-1,59,0.7,333646,-0.0157782,0.07498874,1.24956757,-0.37844054,4
TNG50-1,59,0.7,333646,0.03935921,-0.05957307,1.28810849,-0.78798015,5
TNG50-1,59,0.7,333646,0.05279161,0.00237803,1.34526546,2.97304533,6
TNG50-1,59,0.7,333646,0.04232106,-0.00781675,1.27074558,2.77812639,7
TNG50-1,59,0.7,333646,-0.07760834,-0.00768908,0.86755646,2.6825925,8
TNG50-1,59,0.7,333646,-0.0093058,-0.01599307,0.88735721,0.68352103,9
TNG50-1,59,0.7,85607,0.108826,0.07883687,1.03616911,-0.57616426,0
TNG50-1,59,0.7,85607,-0.03210701,0.12518731,0.35491409,-0.89906452,1
TNG50-1,59,0.7,85607,-0.04339679,0.01228498,0.52301699,1.18827137,2
TNG50-1,59,0.7,85607,0.04086077,0.06265168,1.00609308,0.45693293,3
TNG50-1,59,0.7,85607,0.04701206,-0.03942471,1.37952596,-1.52741186,4
TNG50-1,59,0.7,85607,-0.03953673,0.00124405,0.29031481,0.17279482,5
TNG50-1,59,0.7,85607,0.02424022,-0.02232262,1.39171466,-0.5972162,6
TNG50-1,59,0.7,85607,0.13621034,-0.09426703,0.52859339,2.64299837,7
TNG50-1,59,0.7,85607,0.00523322,-0.08015169,1.04173176,2.46538392,8
TNG50-1,59,0.7,85607,0.04617494,0.02150163,1.14388937,0.7373061,9
TNG50-1,59,0.7,311127,-0.06476267,0.04145308,1.03998526,-0.2106789,0
TNG50-1,59,0.7,311127,-0.00012332,-0.06257043,1.31611642,-3.1265218,1
TNG50-1,59,0.7,311127,-0.05570636,-0.03075112,0.8229101,-1.23905547,2
TNG50-1,59,0.7,311127,0.03371748,0.00850271,1.06982377,1.06478605,3
TNG50-1,59,0.7,311127,-0.03633644,-0.08809942,0.817861,2.43151787,4
TNG50-1,59,0.7,311127,0.00192682,-0.08273133,0.91808487,0.4650001,5
TNG50-1,59,0.7,311127,-0.06623325,-0.04106312,1.3656981,0.255382,6
TNG50-1,59,0.7,311127,0.06457699,-0.05704988,1.22810841,-0.18651784,7
TNG50-1,59,0.7,311127,0.0036395,-0.01719317,0.74161612,1.12142998,8
TNG50-1,59,0.7,311127,0.00688828,0.02612161,0.98985046,1.87321334,9
TNG50-1,59,0.7,184870,-0.08844575,-0.02356267,0.97897599,-2.1220059,0
TNG50-1,59,0.7,184870,-0.03270411,-0.07443366,1.33884474,1.04423099,1
TNG50-1,59,0.7,184870,0.09125944,-0.06617836,1.3544036,-0.62387206,2
TNG50-1,59,0.7,184870,0.031489,-0.00997344,0.47497845,-2.96424466,3
TNG50-1,59,0.7,184870,0.02271683,-0.0423999,0.74837566,-2.79269013,4
TNG50-1,59,0.7,184870,-0.03321266,-0.01504591,0.79210609,-0.67460114,5
TNG50-1,59,0.7,184870,0.01436413,-0.08028264,0.42811248,0.594032,6
TNG50-1,59,0.7,184870,-0.0007255,0.0400663,0.91644998,-2.0678138,7
TNG50-1,59,0.7,184870,-0.03983732,0.10402397,1.33903681,-2.47086336,8
TNG50-1,59,0.7,184870,-0.02468947,0.05136978,0.72471286,-0.77766719,9
TNG50-1,59,0.7,300306,0.05443092,-0.00220884,0.47165189,-1.09119219,0
TNG50-1,59,0.7,300306,0.02385794,-0.0249081,1.1374802,-1.67402945,1
TNG50-1,59,0.7,300306,-0.0255749,0.0066529,0.61356171,-0.48970507,2
TNG50-1,59,0.7,300306,-0.03532984,0.00599394,0.37190922,1.68689567,3
TNG50-1,59,0.7,300306,-0.03769332,0.03002261,0.80713395,0.0176275,4
TNG50-1,59,0.7,300306,0.09998086,-0.09345808,1.26291762,0.11492403,5
TNG50-1,59,0.7,300306,0.00340311,-0.05526143,1.17960521,0.68503019,6
TNG50-1,59,0.7,300306,0.00998755,-0.00498062,0.76581348,0.09848093,7
TNG50-1,59,0.7,300306,-0.10555648,-0.03237016,0.51222663,1.18288089,8
TNG50-1,59,0.7,300306,-0.05904693,-0.01551388,1.38043631,-2.46905713,9
TNG50-1,59,0.7,122417,0.02027883,0.075029,0.61653905,1.07706646,0
TNG50-1,59,0.7,122417,-0.04632894,-0.0617641,1.30861593,2.09366476,1
TNG50-1,59,0.7,122417,0.10763097,-0.09093156,0.63627771,0.95547814,2
TNG50-1,59,0.7,122417,0.02139714,0.00837609,0.59535258,0.5707803,3
TNG50-1,59,0.7,122417,0.0279986,0.02427062,0.87948231,-2.60286481,4
TNG50-1,59,0.7,122417,0.01243436,0.00736912,1.06532399,-0.41647101,5
TNG50-1,59,0.7,122417,0.05607847,-0.00298145,0.79318915,2.45153993,6
TNG50-1,59,0.7,122417,-0.11976743,-0.09259275,0.42455421,-0.86933742,7
TNG50-1,59,0.7,122417,-0.0601635,-0.01875051,1.26826872,-0.74766389,8
TNG50-1,59,0.7,122417,0.0517069,-0.01129505,1.13515564,-0.89499272,9
TNG50-1,59,0.7,362575,0.13906522,-0.04048025,1.20424182,2.4090948,0
TNG50-1,59,0.7,362575,-0.00606393,0.02096278,1.15571694,-2.13319947,1
TNG50-1,59,0.7,362575,0.01674412,-0.08261971,1.38107466,-2.71354264,2
TNG50-1,59,0.7,362575,0.0302656,0.007082,0.30025816,-1.97576723,3
TNG50-1,59,0.7,362575,0.09898518,0.03319845,0.56213506,-0.5336779,4
TNG50-1,59,0.7,362575,-0.04914872,0.0741417,1.0503624,-0.02242351,5
TNG50-1,59,0.7,362575,0.13277565,0.0340303,0.46701375,-1.65928159,6
TNG50-1,59,0.7,362575,-0.01585359,0.07106372,1.27190222,1.92087493,7
TNG50-1,59,0.7,362575,-0.0585077,-0.03028338,1.36533184,2.88928776,8
TNG50-1,59,0.7,362575,-0.01576306,0.01970951,1.28745202,-1.31421518,9
TNG50-1,59,0.7,308587,0.0347502,0.00058081,0.40896205,1.40891661,0
TNG50-1,59,0.7,308587,-0.05058691,0.05519228,1.27815384,-2.23705852,1
TNG50-1,59,0.7,308587,-0.00653015,0.01158791,1.25532672,0.76118196,2
TNG50-1,59,0.7,308587,0.09338697,0.00322346,1.27194144,0.50998066,3
TNG50-1,59,0.7,308587,-0.04071508,0.01862705,0.67205537,2.53949494,4
TNG50-1,59,0.7,308587,0.0200933,-0.04937654,1.26590049,1.360669,5
TNG50-1,59,0.7,308587,0.01677419,0.07790531,1.3466393,-2.38267945,6
TNG50-1,59,0.7,308587,-0.00211415,-0.01877072,1.06308908,-0.59815969,7
TNG50-1,59,0.7,308587,-0.08655652,-0.01812808,0.30700245,-3.1380969,8
TNG50-1,59,0.7,308587,0.04143125,0.06461482,1.13769445,-1.62736466,9
TNG50-1,59,0.7,244418,0.05889638,-0.00779252,1.00648441,1.25012101,0
TNG50-1,59,0.7,244418,0.05569421,-0.07654538,0.72431553,-1.23136156,1
TNG50-1,59,0.7,244418,0.10139039,-0.00749183,0.8047841,0.80896005,2
TNG50-1,59,0.7,244418,0.01418838,-0.07668496,1.16708763,0.89233941,3
TNG50-1,59,0.7,244418,-0.00497531,0.08868789,1.10176704,-0.55567145,4
TNG50-1,59,0.7,244418,-0.01067619,-0.01286751,0.4742537,-2.91465347,5
TNG50-1,59,0.7,244418,0.01639083,-0.1031352,1.12200733,-0.83862632,6
TNG50-1,59,0.7,244418,-0.13850613,-0.01032555,1.01252544,0.05110412,7
TNG50-1,59,0.7,244418,0.00011631,0.04476992,0.29046718,2.8283267,8
TNG50-1,59,0.7,244418,0.01133958,0.0088039,0.52674128,1.42939949,9
TNG50-1,59,0.7,312793,0.08178934,-0.08454223,0.45065726,0.73471467,0
TNG50-1,59,0.7,312793,0.02548279,-0.01188624,1.16415516,-1.83142666,1
TNG50-1,59,0.7,312793,0.01032262,0.06337513,1.2347307,-0.33567706,2
TNG50-1,59,0.7,312793,0.02245057,-0.02286751,0.94660705,-3.10268787,3
TNG50-1,59,0.7,312793,0.00801345,-0.06892739,0.6027359,-1.3591827,4
TNG50-1,59,0.7,312793,0.02165945,0.0142414,0.94788791,0.74990591,5
TNG50-1,59,0.7,312793,-0.01862942,-0.03255339,1.36849283,-1.35610382,6
TNG50-1,59,0.7,312793,0.05275983,0.07741335,0.68907419,-2.84231839,7
TNG50-1,59,0.7,312793,-0.02624326,0.05372989,1.37191961,1.09493363,8
TNG50-1,59,0.7,312793,-0.04516436,-0.06354474,0.85054482,1.52301389,9
TNG50-1,59,0.7,289575,0.06513434,0.03713567,1.32001435,0.3662513,0
TNG50-1,59,0.7,289575,0.00030744,0.01540653,0.59843901,2.87319757,1
TNG50-1,59,0.7,289575,0.05532847,0.03194692,0.52190092,-1.01724821,2
TNG50-1,59,0.7,289575,0.03100962,-0.05111972,1.28831757,-0.87431806,3
TNG50-1,59,0.7,289575,0.05532162,0.04888082,0.59479408,2.13865714,4
TNG50-1,59,0.7,289575,-0.02820724,-0.00023153,0.45687351,1.32377917,5
TNG50-1,59,0.7,289575,-0.06862278,0.05424351,1.31937053,0.63157585,6
TNG50-1,59,0.7,289575,0.03813464,0.04841267,0.21023006,0.90719523,7
TNG50-1,59,0.7,289575,0.00650994,0.0343149,1.39625813,1.14754914,8
TNG50-1,59,0.7,289575,-0.02331832,-0.00555631,0.55023912,-2.84099473,9
TNG50-1,59,0.7,225437,0.07361721,-0.03464238,1.27352084,-1.2584635,0
TNG50-1,59,0.7,225437,-0.0413634,0.00511526,0.61956304,3.08978295,1
TNG50-1,59,0.7,225437,0.03293607,-0.0346538,0.38720224,2.18650675,2
TNG50-1,59,0.7,225437,-0.01517683,-0.10239465,1.36099232,2.43242847,3
TNG50-1,59,0.7,225437,0.01140371,0.00483995,1.33392741,2.22979388,4
TNG50-1,59,0.7,225437,0.05543405,-0.03608748,0.63012558,2.71990327,5
TNG50-1,59,0.7,225437,-0.08461352,0.032557,0.4884932,-2.73636056,6
TNG50-1,59,0.7,225437,0.09955043,-0.05341937,0.80225405,2.56748396,7
TNG50-1,59,0.7,225437,-0.0072622,0.11307648,0.99610636,-1.57957541,8
TNG50-1,59,0.7,225437,-0.08033138,0.02568145,0.65509861,-0.88484245,9
TNG50-1,59,0.7,404948,0.06304038,-0.03068002,0.44437915,-0.05956599,0
TNG50-1,59,0.7,404948,0.0544199,0.0353435,0.57807703,-2.15175956,1
TNG50-1,59,0.7,404948,0.02545296,-0.07742427,1.37940147,1.91751585,2
TNG50-1,59,0.7,404948,0.00630852,-0.08462867,1.38192606,-2.96137769,3
TNG50-1,59,0.7,404948,0.01383196,-0.00565314,0.85182381,-0.81105858,4
TNG50-1,59,0.7,404948,0.07117062,0.0717765,1.27536637,-1.64601659,5
TNG50-1,59,0.7,404948,-0.08728924,0.02681422,1.38834877,3.0214144,6
TNG50-1,59,0.7,404948,0.03636448,0.02645572,0.30465452,-2.65080291,7
TNG50-1,59,0.7,404948,-0.0373086,0.04300969,0.81941513,1.38160416,8
TNG50-1,59,0.7,404948,0.04128738,-0.01984882,1.39108792,-0.13805478,9
TNG50-1,59,0.7,300305,0.02624996,-0.01423017,1.38677998,-1.2452616,0
TNG50-1,59,0.7,300305,0.07231358,-0.03741621,1.29965326,-1.97577222,1
TNG50-1,59,0.7,300305,-0.04740894,0.05742568,1.11684398,-0.86337658,2
TNG50-1,59,0.7,300305,-0.04344772,-0.04296935,0.45037867,-2.08442475,3
TNG50-1,59,0.7,300305,0.03675297,-0.07038,1.07249888,0.89801023,4
TNG50-1,59,0.7,300305,-0.06535892,-0.07233962,1.16853254,2.47990891,5
TNG50-1,59,0.7,300305,-0.03887565,0.03468298,0.77649723,-1.54407356,6
TNG50-1,59,0.7,300305,-0.05073326,0.03829326,0.73795102,-1.61970994,7
TNG50-1,59,0.7,300305,0.03737421,0.06242773,0.97654186,2.50166705,8
TNG50-1,59,0.7,300305,-0.03462149,-0.06304867,1.15524323,0.42746483,9
TNG50-1,59,0.7,95235,0.02989079,-0.01843313,0.40725278,0.14495682,0
TNG50-1,59,0.7,95235,-0.00954493,0.05799843,1.09837512,-1.97293152,1
TNG50-1,59,0.7,95235,-0.03331173,0.00025654,0.86409646,0.51550531,2
TNG50-1,59,0.7,95235,0.05424633,0.02990676,0.40949883,3.08819615,3
TNG50-1,59,0.7,95235,-0.00810211,-0.04509654,0.72049667,2.94857223,4
TNG50-1,59,0.7,95235,-0.06213756,0.01738526,1.1196953,0.7150231,5
TNG50-1,59,0.7,95235,0.05105323,0.00018761,1.04034771,2.42706555,6
TNG50-1,59,0.7,95235,-0.03631642,0.0121667,0.4909833,1.98016343,7
TNG50-1,59,0.7,95235,0.04342504,0.101964,1.01862537,2.8316368,8
TNG50-1,59,0.7,95235,-0.12571338,0.06522948,1.18731885,2.34423241,9
TNG50-1,59,0.7,48194,-0.01734838,-0.05241301,0.59209195,-1.45839522,0
TNG50-1,59,0.7,48194,-0.05522744,0.00809097,1.24772248,-2.05485049,1
TNG50-1,59,0.7,48194,0.02438179,0.00397398,1.05948797,-0.00662965,2
TNG50-1,59,0.7,48194,-0.01778735,0.02868014,0.96543413,2.5195781,3
TNG50-1,59,0.7,48194,0.00753566,-0.02409006,0.60580934,-1.15853414,4
TNG50-1,59,0.7,48194,-0.04572273,-0.00387858,0.45118234,0.03179734,5
TNG50-1,59,0.7,48194,-0.04326082,0.02108393,1.38582909,3.11366371,6
TNG50-1,59,0.7,48194,-0.03938404,-0.05046765,0.6963188,-0.27625732,7
TNG50-1,59,0.7,48194,0.03992166,0.04431114,0.49314895,0.80582228,8
TNG50-1,59,0.7,48194,-0.01134149,0.00082218,0.33911525,3.11391965,9
TNG50-1,59,0.7,284826,-0.02052111,0.03570147,0.57530722,2.91966132,0
TNG50-1,59,0.7,284826,0.01313847,-0.11553257,0.23532824,-1.79266113,1
TNG50-1,59,0.7,284826,-0.07901875,-0.01448047,0.64032398,-2.36186185,2
TNG50-1,59,0.7,284826,-0.02224048,0.00494385,1.28483651,2.06635897,3
TNG50-1,59,0.7,284826,0.01452597,0.0674716,0.90703398,-0.23091223,4
TNG50-1,59,0.7,284826,0.0065569,0.00433985,1.04926146,-0.06138502,5
TNG50-1,59,0.7,284826,0.01694791,0.00941429,0.8187828,-1.13891867,6
TNG50-1,59,0.7,284826,-0.04872983,0.01877451,0.77901007,-2.84996972,7
TNG50-1,59,0.7,284826,0.01450539,0.06265436,0.60273106,-1.92516117,8
TNG50-1,59,0.7,284826,-0.03000041,-0.01909472,1.1977423,1.64389687,9
TNG50-1,59,0.7,334583,0.06599548,0.07183135,0.63620767,-2.08394184,0
TNG50-1,59,0.7,334583,0.08916999,0.02668983,0.79101401,-0.10358728,1
TNG50-1,59,0.7,334583,-0.01511155,0.02949706,0.83664232,-1.3246039,2
TNG50-1,59,0.7,334583,0.02237359,-0.11816571,1.02060338,1.46705294,3
TNG50-1,59,0.7,334583,0.0637897,-0.05200695,1.25571375,-2.84586108,4
TNG50-1,59,0.7,334583,-0.04309796,0.07452346,0.81395007,2.21698392,5
TNG50-1,59,0.7,334583,-0.0122454,-0.00887029,1.0359829,-0.24286858,6
TNG50-1,59,0.7,334583,-0.03129108,-0.0862032,1.1401906,-3.04141461,7
TNG50-1,59,0.7,334583,0.0230489,0.01108111,0.78970537,-2.30365157,8
TNG50-1,59,0.7,334583,-0.09490496,0.03395791,1.0739916,2.79878512,9
TNG50-1,59,0.7,178494,-0.02585357,0.05167181,0.63787619,2.20843211,0
TNG50-1,59,0.7,178494,0.01098918,0.03944733,1.1880848,-3.01054551,1
TNG50-1,59,0.7,178494,-0.00225678,0.0415558,0.58858927,-2.34579507,2
TNG50-1,59,0.7,178494,0.05915421,0.03050344,0.62865313,0.63176965,3
TNG50-1,59,0.7,178494,-0.02272949,0.03820467,0.22963074,2.18036491,4
TNG50-1,59,0.7,178494,-0.01970322,-0.09209809,0.76912679,-1.21057024,5
TNG50-1,59,0.7,178494,-0.08323653,-0.05498954,0.81433112,2.33406663,6
TNG50-1,59,0.7,178494,0.03217639,-0.0631597,0.85360427,-1.02085034,7
TNG50-1,59,0.7,178494,0.02766094,0.06350865,1.30904819,-0.21703141,8
TNG50-1,59,0.7,178494,0.04885409,-0.03914798,0.94501822,2.84647563,9
TNG50-1,59,0.7,336863,0.0211069,0.048008,1.23227442,1.93981587,0
TNG50-1,59,0.7,336863,0.05814791,0.06151994,0.83872924,-0.22355998,1
TNG50-1,59,0.7,336863,0.0660935,-0.03536964,0.35916943,1.25914273,2
TNG50-1,59,0.7,336863,-0.00809876,-0.07576579,0.49463577,2.34153712,3
TNG50-1,59,0.7,336863,-0.06077605,-0.05032643,0.51155341,-1.25821357,4
TNG50-1,59,0.7,336863,-0.09269193,-0.10174093,1.08576574,0.7671236,5
TNG50-1,59,0.7,336863,-0.05697747,-0.05569776,0.95701131,2.17280837,6
TNG50-1,59,0.7,336863,-0.02958882,-0.02529735,1.16105719,2.83203644,7
TNG50-1,59,0.7,336863,0.07521677,0.00833518,0.90378043,-2.11701482,8
TNG50-1,59,0.7,336863,0.07597527,0.00677286,1.1420384,1.13989688,9
TNG50-1,59,0.7,239877,-0.04083875,-0.00105201,1.3970644,-0.75606387,0
TNG50-1,59,0.7,239877,-0.01799399,0.07202172,0.64840931,1.01068967,1
TNG50-1,59,0.7,239877,-0.01939412,0.04947145,0.69479252,1.08801367,2
TNG50-1,59,0.7,239877,0.02850195,-0.03976613,1.10227308,-0.23432274,3
TNG50-1,59,0.7,239877,-0.07684957,0.06826489,1.39398359,-0.41624463,4
TNG50-1,59,0.7,239877,0.03130551,0.01597031,0.63282275,-0.50573857,5
TNG50-1,59,0.7,239877,-0.03113996,0.00849417,1.31763802,-0.0877591,6
TNG50-1,59,0.7,239877,-0.00056685,0.04241045,0.99680034,-0.96355777,7
TNG50-1,59,0.7,239877,-0.01124356,-0.05205743,0.55372757,-1.53049314,8
TNG50-1,59,0.7,239877,0.02998834,-0.06897191,1.19408978,-1.15578325,9
TNG50-1,59,0.7,370584,-0.05704504,0.07804465,0.91737888,0.96686692,0
TNG50-1,59,0.7,370584,0.00252108,-0.06757487,1.33894819,2.31260712,1
TNG50-1,59,0.7,370584,0.0671471,-0.05250526,1.18505437,1.65684547,2
TNG50-1,59,0.7,370584,-0.00280079,-0.0163274,0.71139698,1.69599224,3
TNG50-1,59,0.7,370584,-0.05664098,-0.0069984,0.67392147,0.23094348,4
TNG50-1,59,0.7,370584,0.06362124,0.13210349,0.47305482,0.17495408,5
TNG50-1,59,0.7,370584,-0.03870587,-0.04440307,0.72342574,0.93435169,6
TNG50-1,59,0.7,370584,0.07396859,-0.06521237,0.77191181,1.26007013,7
TNG50-1,59,0.7,370584,-0.01315668,-0.04679174,0.36082428,0.28966641,8
TNG50-1,59,0.7,370584,0.00515651,0.01160665,0.92062554,-1.97626949,9
TNG50-1,59,0.7,201918,-0.07985507,-0.01583352,0.94859628,2.92964039,0
TNG50-1,59,0.7,201918,0.0731558,0.00871295,1.09937926,1.83572469,1
TNG50-1,59,0.7,201918,-0.06178982,0.00342283,0.88916116,0.08123077,2
TNG50-1,59,0.7,201918,-0.05691191,-0.02524543,0.7743909,0.84646015,3
TNG50-1,59,0.7,201918,0.01009777,-0.0173609,0.89866686,-0.59008906,4
TNG50-1,59,0.7,201918,0.02673494,-0.09261022,0.38813639,-2.33957157,5
TNG50-1,59,0.7,201918,0.03888357,0.0415065,1.09649045,-0.58364168,6
TNG50-1,59,0.7,201918,0.02804962,0.01487788,1.04480922,-1.37296533,7
TNG50-1,59,0.7,201918,-0.02598515,-0.11533401,0.52419997,1.11890877,8
TNG50-1,59,0.7,201918,0.00542806,0.03965801,0.81427551,1.06309749,9
TNG50-1,59,0.7,379845,-0.03344966,-0.00732733,0.82615656,0.48736363,0
TNG50-1,59,0.7,379845,0.05411518,-0.07391806,0.37147386,2.12479639,1
TNG50-1,59,0.7,379845,-0.01512158,0.01688199,1.0608138,-1.17054789,2
TNG50-1,59,0.7,379845,0.01644488,0.01120909,0.96822326,0.56901487,3
TNG50-1,59,0.7,379845,-0.00782776,-0.01156106,0.3147233,-1.53029996,4
TNG50-1,59,0.7,379845,0.05313087,-0.00522828,1.29347177,-2.32720734,5
TNG50-1,59,0.7,379845,-0.09940438,0.00807555,0.35365565,2.21329208,6
TNG50-1,59,0.7,379845,0.01514849,0.05891101,0.35349495,3.0235968,7
TNG50-1,59,0.7,379845,-0.06274552,-0.01571634,0.34113166,-2.70336303,8
TNG50-1,59,0.7,379845,0.01953507,0.0506516,1.34460515,-2.379311,9
TNG50-1,59,0.7,191406,0.04292663,0.02705811,0.52225586,-0.05221047,0
TNG50-1,59,0.7,191406,-0.06029872,0.03063346,1.32666778,1.24113667,1
TNG50-1,59,0.7,191406,-0.00198261,0.0649837,0.63739033,-0.13366361,2
TNG50-1,59,0.7,191406,0.07483871,0.07149783,0.59308213,2.98114768,3
TNG50-1,59,0.7,191406,0.03601696,-0.02255456,0.64573096,1.31166797,4
TNG50-1,59,0.7,191406,-0.00317948,0.01777555,0.69992961,-0.36003216,5
TNG50-1,59,0.7,191406,0.07543789,0.06355045,1.19973995,-0.60345258,6
TNG50-1,59,0.7,191406,0.0184651,-0.00657797,1.03844359,0.52531591,7
TNG50-1,59,0.7,191406,0.03777898,-0.06544481,1.06714472,-0.42873941,8
TNG50-1,59,0.7,191406,0.01872657,-0.04543241,1.19691437,-1.74711319,9
TNG50-1,59,0.7,342523,-0.02236162,0.07302214,0.61075742,-1.0537341,0
TNG50-1,59,0.7,342523,0.03584666,0.01252771,0.82270292,2.13994625,1
TNG50-1,59,0.7,342523,0.03441475,-0.00955873,1.39363186,-0.58924238,2
TNG50-1,59,0.7,342523,0.01379656,0.01907601,1.11538769,0.89897742,3
TNG50-1,59,0.7,342523,-0.11008036,-0.00055549,0.53328391,0.32901003,4
TNG50-1,59,0.7,342523,0.05990244,1.247e-05,0.71614022,2.30012525,5
TNG50-1,59,0.7,342523,0.06881302,-0.08829297,0.59770384,-2.16063955,6
TNG50-1,59,0.7,342523,0.00818699,0.02614158,1.3479687,-2.52715259,7
TNG50-1,59,0.7,342523,0.0114289,0.05857275,0.37067253,0.83160313,8
TNG50-1,59,0.7,342523,0.02515302,0.05101864,1.20732562,2.16544771,9
TNG50-1,59,0.7,138898,-0.04638956,-0.07448927,0.99593601,-1.65472187,0
TNG50-1,59,0.7,138898,-0.02182392,-0.02989586,0.455604,2.5890964,1
TNG50-1,59,0.7,138898,0.05291427,0.04180936,0.70883875,1.1834419,2
TNG50-1,59,0.7,138898,0.01309351,0.06303371,1.03010335,0.30513071,3
TNG50-1,59,0.7,138898,0.05107831,-0.03865785,1.3559377,1.14406973,4
TNG50-1,59,0.7,138898,-0.00612156,-0.08668687,0.49559964,0.07452735,5
TNG50-1,59,0.7,138898,4.944e-05,0.04633054,0.25514891,-2.77475206,6
TNG50-1,59,0.7,138898,0.0249538,0.00346493,0.81757493,1.00808144,7
TNG50-1,59,0.7,138898,-0.00886054,-0.06735234,0.65624974,-3.108814,8
TNG50-1,59,0.7,138898,-0.03123627,-0.15553947,0.95219336,-1.75711922,9
TNG50-1,59,0.7,365315,0.00942356,0.03569471,0.42987318,0.46770909,0
TNG50-1,59,0.7,365315,-0.08190252,-0.01284032,1.19826133,-1.78364257,1
TNG50-1,59,0.7,365315,0.08319823,0.02616824,1.32671733,0.32933035,2
TNG50-1,59,0.7,365315,-0.00781995,0.01582836,0.78402673,-0.49492377,3
TNG50-1,59,0.7,365315,-0.11280134,-0.00192651,1.23775893,-2.81973997,4
TNG50-1,59,0.7,365315,-0.07998131,-0.05327194,0.8954212,1.42434669,5
TNG50-1,59,0.7,365315,0.05638427,0.01792642,1.18999663,0.32901483,6
TNG50-1,59,0.7,365315,-0.07916998,-0.0908512,1.26149177,2.68505549,7
TNG50-1,59,0.7,365315,0.06746123,0.04657507,0.69915379,1.9349067,8
TNG50-1,59,0.7,365315,0.00405238,0.00984975,1.06490453,0.44685519,9
TNG50-1,59,0.7,381433,-0.02390193,0.00298774,1.39141364,1.27144395,0
TNG50-1,59,0.7,381433,-0.00228591,0.07913587,1.39226541,-3.00092252,1
TNG50-1,59,0.7,381433,-0.00735901,-0.0067109,0.24073219,2.5064617,2
TNG50-1,59,0.7,381433,-0.08955916,-0.02034897,0.93074664,-1.53252858,3
TNG50-1,59,0.7,381433,-0.04838023,0.04301105,1.34736886,-1.94207756,4
TNG50-1,59,0.7,381433,-0.00112543,-0.01371009,1.37791763,-1.18882668,5
TNG50-1,59,0.7,381433,-0.03053434,0.06354351,0.59745055,-2.74118011,6
TNG50-1,59,0.7,381433,0.05631289,-0.02973733,0.44392991,-0.69391242,7
TNG50-1,59,0.7,381433,0.06487429,-0.0237294,0.93370707,1.34930051,8
TNG50-1,59,0.7,381433,-0.0560193,0.03950782,1.08026741,-0.01126976,9
TNG50-1,59,0.7,371944,-0.02558302,-0.00582925,1.11173748,-0.96053898,0
TNG50-1,59,0.7,371944,-0.06123353,0.10325671,0.3108701,-0.49626878,1
TNG50-1,59,0.7,371944,0.00968995,-0.08462917,1.00213161,3.04545604,2
TNG50-1,59,0.7,371944,0.01760834,0.01677007,1.07233594,-2.61258558,3
TNG50-1,59,0.7,371944,0.04358047,-0.03629679,0.36272748,-2.44006793,4
TNG50-1,59,0.7,371944,-0.02691884,0.01114334,0.6976679,-0.40608012,5
TNG50-1,59,0.7,371944,-0.04150534,-0.02766179,0.90996235,-2.07820341,6
TNG50-1,59,0.7,371944,-0.07664854,0.05176923,0.85450614,1.16132215,7
TNG50-1,59,0.7,371944,-0.06837468,0.05145952,0.29071075,-0.87538888,8
TNG50-1,59,0.7,371944,-0.02079811,-0.00565505,1.27256235,2.17528565,9
TNG50-1,59,0.7,371466,0.08526465,0.02216303,0.73019031,-2.67199654,0
TNG50-1,59,0.7,371466,0.06279584,0.05787925,0.96493363,-1.65342368,1
TNG50-1,59,0.7,371466,-0.08231656,0.05530073,1.33561315,-2.54997779,2
TNG50-1,59,0.7,371466,0.05947036,-0.07534637,0.20392128,3.00949724,3
TNG50-1,59,0.7,371466,0.09268444,-0.03243361,1.38719805,-2.33870904,4
TNG50-1,59,0.7,371466,-0.08479746,0.00467828,0.96272167,2.93545846,5
TNG50-1,59,0.7,371466,0.05413503,0.07861094,1.08446873,-2.43340119,6
TNG50-1,59,0.7,371466,0.01126083,-0.13637458,0.6456455,2.27596038,7
TNG50-1,59,0.7,371466,-0.01635689,-0.03054177,0.69816599,0.46891522,8
TNG50-1,59,0.7,371466,0.00530914,-0.07639453,0.82473737,2.08429378,9
TNG50-1,59,0.7,356392,0.00396087,0.02316894,1.27839021,1.81771581,0
TNG50-1,59,0.7,356392,-0.00613569,-0.0210543,1.31554733,1.41434725,1
TNG50-1,59,0.7,356392,0.06787959,-0.02547723,0.96830535,-1.22893232,2
TNG50-1,59,0.7,356392,0.01488991,-0.0005661,0.45317815,-2.80019999,3
TNG50-1,59,0.7,356392,-0.02773226,0.07595451,1.32993895,-2.08136319,4
TNG50-1,59,0.7,356392,0.00736141,0.03954883,0.50614179,0.81603725,5
TNG50-1,59,0.7,356392,0.10237526,-0.02047644,0.77953366,-2.57376356,6
TNG50-1,59,0.7,356392,0.03110834,0.04345065,1.25897905,0.2291195,7
TNG50-1,59,0.7,356392,-0.01949591,0.00042867,1.15416471,0.70955391,8
TNG50-1,59,0.7,356392,-0.00222362,0.01722942,1.23737793,1.17969071,9
TNG50-1,59,0.7,338901,0.00011289,0.01803417,1.29804552,3.07172911,0
TNG50-1,59,0.7,338901,0.07656182,0.00013432,0.86555036,2.07762455,1
TNG50-1,59,0.7,338901,-0.06471658,0.00230783,0.96140052,2.71547375,2
TNG50-1,59,0.7,338901,-0.02300924,-0.03962057,1.3978253,-1.89983964,3
TNG50-1,59,0.7,338901,-0.03411254,0.05337732,1.23847917,-1.52754376,4
TNG50-1,59,0.7,338901,0.01790455,-0.04269606,1.27207872,2.27492839,5
TNG50-1,59,0.7,338901,0.05912065,-0.08844645,1.34977244,-0.1290332,6
TNG50-1,59,0.7,338901,-0.0491511,-0.05609987,0.35380216,1.36327797,7
TNG50-1,59,0.7,338901,0.1652749,0.07226578,0.31105712,0.3889863,8
TNG50-1,59,0.7,338901,-0.03313781,0.06252351,0.46821934,-1.22120781,9
TNG50-1,59,0.7,325445,0.02722371,-0.0459655,1.37184483,-3.07683099,0
TNG50-1,59,0.7,325445,0.04822507,0.06551101,0.68574874,-0.21526816,1
TNG50-1,59,0.7,325445,-0.03508234,0.05239291,1.29624094,-2.21944447,2
TNG50-1,59,0.7,325445,0.10910491,0.01176113,0.87425849,-1.15748533,3
TNG50-1,59,0.7,325445,0.09992789,0.00896479,1.28523242,-2.99248181,4
TNG50-1,59,0.7,325445,0.02151895,0.04946442,1.34500609,-2.91949784,5
TNG50-1,59,0.7,325445,0.05876309,0.0137282,0.92450274,1.33714783,6
TNG50-1,59,0.7,325445,-0.01509434,-0.02022309,0.50066899,0.97100394,7
TNG50-1,59,0.7,325445,-0.06342406,-0.07572536,1.09463124,-1.83258241,8
TNG50-1,59,0.7,325445,0.03978953,0.04794499,0.41619754,2.52049336,9
TNG50-1,59,0.7,365707,-0.04127776,0.0798859,0.4712821,2.93695148,0
TNG50-1,59,0.7,365707,-0.1062868,-0.09312071,0.55598568,-2.17816346,1
TNG50-1,59,0.7,365707,-0.00533408,0.01363272,1.24179919,-0.90852652,2
TNG50-1,59,0.7,365707,0.00995153,0.05814449,0.38478867,1.47998576,3
TNG50-1,59,0.7,365707,0.05103807,-0.01753564,0.7250619,0.45415879,4
TNG50-1,59,0.7,365707,-0.05696552,0.069338,0.63659084,-0.41924508,5
TNG50-1,59,0.7,365707,0.0044263,0.03171109,0.9980812,1.26675636,6
TNG50-1,59,0.7,365707,0.05640457,0.08846786,1.23179981,1.46618796,7
TNG50-1,59,0.7,365707,-0.02873236,0.02912324,0.61404889,0.48568402,8
TNG50-1,59,0.7,365707,0.02681109,0.09262694,0.98033627,-1.13660687,9
TNG50-1,59,0.7,403597,0.06337471,0.0329774,0.34165127,2.77951482,0
TNG50-1,59,0.7,403597,-0.02656601,0.0706196,1.31707093,-2.16909188,1
TNG50-1,59,0.7,403597,0.00639996,-0.02962513,0.29526373,-0.07695265,2
TNG50-1,59,0.7,403597,0.02056904,-0.06176018,0.24534316,0.01084248,3
TNG50-1,59,0.7,403597,-0.08084382,-0.01583641,0.89668847,-0.75207607,4
TNG50-1,59,0.7,403597,0.01018246,-0.05066615,1.11600421,0.25105137,5
TNG50-1,59,0.7,403597,0.01749489,0.01988905,1.39289736,2.67049344,6
TNG50-1,59,0.7,403597,0.05700085,-0.05399174,1.38723955,-0.38623274,7
TNG50-1,59,0.7,403597,-0.04797517,0.04864524,1.06516141,-2.27589709,8
TNG50-1,59,0.7,403597,-0.04085109,0.01063083,0.636244,1.03955029,9
TNG50-1,59,0.7,328562,-0.02934141,0.0209335,1.20348772,-2.97421702,0
TNG50-1,59,0.7,328562,-0.02695877,0.10881677,0.93748701,-1.95690213,1
TNG50-1,59,0.7,328562,-0.06957292,0.02699197,0.89520859,-2.39655405,2
TNG50-1,59,0.7,328562,-0.14413897,-0.0723138,1.1087504,0.16270794,3
TNG50-1,59,0.7,328562,-0.01870393,0.05271833,0.95229597,-1.88411332,4
TNG50-1,59,0.7,328562,0.00636429,0.08487909,1.04845578,-3.04075617,5
TNG50-1,59,0.7,328562,-0.05477071,-0.08861061,0.74511817,-1.36582591,6
TNG50-1,59,0.7,328562,0.06889361,0.03195645,0.91401216,0.05782439,7
TNG50-1,59,0.7,328562,-0.05233501,0.04301574,0.49219842,1.3462048,8
TNG50-1,59,0.7,328562,0.04562653,-0.01064141,1.35903515,-0.38707684,9
TNG50-1,59,0.7,236587,0.04298229,-0.08989217,0.40713348,-1.47924383,0
TNG50-1,59,0.7,236587,-0.07374238,-0.02214563,1.26170922,1.31337214,1
TNG50-1,59,0.7,236587,0.00840813,0.03053952,1.12817584,0.20368597,2
TNG50-1,59,0.7,236587,0.00128787,-0.00514397,0.35612952,-0.46467559,3
TNG50-1,59,0.7,236587,0.05013425,0.00376028,0.70179624,1.77555585,4
TNG50-1,59,0.7,236587,-0.04594647,-0.07530496,0.9471709,-1.14881384,5
TNG50-1,59,0.7,236587,-0.04049051,-0.00500228,0.51758843,-2.6046476,6
TNG50-1,59,0.7,236587,-0.06972472,0.00143428,1.34939629,-0.64863594,7
TNG50-1,59,0.7,236587,-0.02833672,-0.0081865,1.33689751,1.6739114,8
TNG50-1,59,0.7,236587,0.0127709,0.00764009,1.27064694,-0.16282425,9
TNG50-1,59,0.7,390308,0.11280989,-0.04579274,0.92096827,-0.54099268,0
TNG50-1,59,0.7,390308,-0.02069245,0.02259552,1.16697327,0.45149959,1
TNG50-1,59,0.7,390308,0.03258463,0.0411967,1.38063863,1.54257384,2
TNG50-1,59,0.7,390308,-0.02072636,-0.03465101,1.21893685,2.44567649,3
TNG50-1,59,0.7,390308,-0.02188727,0.0205924,0.60833937,0.87901282,4
TNG50-1,59,0.7,390308,-0.0118501,0.05034016,1.16448323,1.19922614,5
TNG50-1,59,0.7,390308,-0.06225593,-0.07191762,1.38862613,-2.52159854,6
TNG50-1,59,0.7,390308,-0.12401063,0.02667056,1.03070093,-0.49982558,7
TNG50-1,59,0.7,390308,0.0579845,0.01821936,0.76289766,2.44390053,8
TNG50-1,59,0.7,390308,0.02728513,0.09402253,0.67693932,-2.13175876,9
TNG50-1,59,0.7,351063,-0.04949692,-0.0512851,1.32719417,-2.2884728,0
TNG50-1,59,0.7,351063,0.01983865,-0.02431323,1.20195038,-2.78608133,1
TNG50-1,59,0.7,351063,-0.00892913,0.00921123,1.3596403,2.14881161,2
TNG50-1,59,0.7,351063,0.0432244,0.10134473,1.2613658,1.26198407,3
TNG50-1,59,0.7,351063,-0.04874105,-0.05980531,0.86839866,-2.04215518,4
TNG50-1,59,0.7,351063,0.05751016,0.08188623,1.15467231,1.13092244,5
TNG50-1,59,0.7,351063,0.07549932,-0.00966132,0.61115336,-1.07148428,6
TNG50-1,59,0.7,351063,0.00580394,-0.00172185,1.04968794,-2.78499623,7
TNG50-1,59,0.7,351063,0.0201837,0.06090222,0.7252261,-1.70423404,8
TNG50-1,59,0.7,351063,0.03919463,0.10107247,0.732125,1.60726929,9
TNG50-1,59,0.7,354305,-0.01004577,-0.04699259,1.02735748,3.02023177,0
TNG50-1,59,0.7,354305,0.01384719,0.05099182,0.28515373,-1.87454121,1
TNG50-1,59,0.7,354305,-0.00656124,-0.01195752,1.16972473,2.639286,2
TNG50-1,59,0.7,354305,-0.08516324,0.03173821,0.71185692,-0.81513048,3
TNG50-1,59,0.7,354305,-0.10560966,0.03845425,0.36171387,0.74865732,4
TNG50-1,59,0.7,354305,0.03687152,0.01582821,0.89092811,-1.73635426,5
TNG50-1,59,0.7,354305,-0.03313952,0.04010217,0.96869206,-1.58091369,6
TNG50-1,59,0.7,354305,-0.01160622,0.00071546,1.29962746,0.74743615,7
TNG50-1,59,0.7,354305,-0.02789873,0.06819077,0.67582928,-0.09529782,8
TNG50-1,59,0.7,354305,-0.04565246,0.04117082,0.43143764,2.91790077,9
TNG50-1,59,0.7,345857,-0.00724735,-0.10285424,0.8691166,-1.19152595,0
TNG50-1,59,0.7,345857,0.00086631,0.01636294,1.08429142,-0.77522572,1
TNG50-1,59,0.7,345857,-0.0474461,0.05235095,1.38493407,3.01719392,2
TNG50-1,59,0.7,345857,0.00760162,-0.0119117,0.63663292,-0.2507091,3
TNG50-1,59,0.7,345857,-0.07102032,0.10726042,0.72096943,-0.77047337,4
TNG50-1,59,0.7,345857,-0.004415,-0.0721699,1.17851267,-0.18835119,5
TNG50-1,59,0.7,345857,0.04151236,-0.03399919,1.17543059,1.37729624,6
TNG50-1,59,0.7,345857,-0.01827164,0.00700458,1.17027394,2.41079999,7
TNG50-1,59,0.7,345857,0.02218219,0.02321874,0.77692347,3.08379876,8
TNG50-1,59,0.7,345857,-0.09884324,-0.02919514,1.15022726,-0.08756103,9
TNG50-1,59,0.7,303109,0.06774341,-0.05676729,0.7912308,0.06375978,0
TNG50-1,59,0.7,303109,-0.04543905,0.09091408,0.61777126,1.40749847,1
TNG50-1,59,0.7,303109,-0.01614901,-0.03860411,0.71439961,2.30807995,2
TNG50-1,59,0.7,303109,-0.02287935,-0.03305038,1.2109187,2.22046343,3
TNG50-1,59,0.7,303109,-0.09447344,-0.02876079,0.95484,-1.87239261,4
TNG50-1,59,0.7,303109,0.01623438,-0.03240734,1.27342301,3.03051184,5
TNG50-1,59,0.7,303109,0.04225727,-0.0096362,0.59944987,3.02436593,6
TNG50-1,59,0.7,303109,0.03284444,-0.01157224,0.79619753,2.9471824,7
TNG50-1,59,0.7,303109,0.00163769,0.006482,0.27239844,0.71385034,8
TNG50-1,59,0.7,303109,0.04710795,-0.04093486,1.28642554,2.08561074,9
TNG50-1,59,0.7,389982,0.04814757,0.00135492,0.83668124,-0.69631513,0
TNG50-1,59,0.7,389982,-0.00242647,-0.01012538,1.38979964,2.42887772,1
TNG50-1,59,0.7,389982,0.05377264,0.00480106,0.98154522,2.71719011,2
TNG50-1,59,0.7,389982,0.00202407,0.03756249,1.22332455,1.66151168,3
TNG50-1,59,0.7,389982,0.0464295,-0.10587563,1.27471024,-1.33062442,4
TNG50-1,59,0.7,389982,-0.01510726,-0.01754702,1.20265154,2.60038472,5
TNG50-1,59,0.7,389982,0.0797276,0.03413354,0.72711134,2.00518671,6
TNG50-1,59,0.7,389982,0.02354841,0.01241136,0.82547288,-2.36231153,7
TNG50-1,59,0.7,389982,-0.03899106,-0.05631905,0.92119176,-0.99476929,8
TNG50-1,59,0.7,389982,0.03095748,-0.11838812,0.96284885,-1.08318385,9
TNG50-1,59,0.7,261225,-0.1535428,0.05647778,1.37813514,0.75974919,0
TNG50-1,59,0.7,261225,-0.01184315,-0.00948041,0.96191898,0.21951528,1
TNG50-1,59,0.7,261225,-0.01154831,-0.00012168,1.2726361,1.07701653,2
TNG50-1,59,0.7,261225,-0.05787594,-0.06666283,0.77472732,-1.33134957,3
TNG50-1,59,0.7,261225,-0.07540304,-0.00022018,0.39634883,-2.98193147,4
TNG50-1,59,0.7,261225,-0.02873505,-0.01878355,1.32648316,-0.3641029,5
TNG50-1,59,0.7,261225,-0.00574386,-0.03092661,0.64347733,1.52899055,6
TNG50-1,59,0.7,261225,0.00477139,-0.07309171,0.56831345,2.630458,7
TNG50-1,59,0.7,261225,-0.11426528,-0.04342436,1.25274968,-0.43917067,8
TNG50-1,59,0.7,261225,-0.087677,0.09860087,0.40930119,-1.48504535,9
TNG50-1,59,0.7,309616,0.00524642,0.03300711,1.0516596,2.59786814,0
TNG50-1,59,0.7,309616,0.03535962,-0.12873078,1.0063511,2.89258519,1
TNG50-1,59,0.7,309616,0.11580582,-0.00017178,1.37523453,0.80901049,2
TNG50-1,59,0.7,309616,0.03049732,-0.00902449,1.19143465,1.81162455,3
TNG50-1,59,0.7,309616,0.04052912,0.03720791,0.24494109,-1.05223464,4
TNG50-1,59,0.7,309616,0.00967634,0.02143678,0.3982239,0.45440789,5
TNG50-1,59,0.7,309616,0.09508256,-0.09041109,1.36015611,1.45487124,6
TNG50-1,59,0.7,309616,-0.07329967,-0.05400286,0.27092014,0.38491354,7
TNG50-1,59,0.7,309616,-0.08687009,-0.04033948,0.6240326,-1.22770253,8
TNG50-1,59,0.7,309616,0.00765164,0.03694726,1.39774125,0.93745295,9
TNG50-1,59,0.7,355887,0.09086054,0.04904318,0.57477939,-2.42746449,0
TNG50-1,59,0.7,355887,-0.06874232,0.06608598,0.36521703,1.5808807,1
TNG50-1,59,0.7,355887,-0.00204577,-0.04497697,0.81973897,-0.55055697,2
TNG50-1,59,0.7,355887,0.07417046,0.06140874,0.99467044,2.74292056,3
TNG50-1,59,0.7,355887,0.03409432,0.0084796,1.349916,-0.28656533,4
TNG50-1,59,0.7,355887,-0.00899104,-0.03728895,1.16661178,2.00041895,5
TNG50-1,59,0.7,355887,0.11946898,0.01109721,0.40834442,-2.32328553,6
TNG50-1,59,0.7,355887,-0.00476587,0.00951231,0.87346889,-2.19341207,7
TNG50-1,59,0.7,355887,0.01984373,0.09340443,1.10675041,-1.42495157,8
TNG50-1,59,0.7,355887,0.08246772,0.01906479,1.19013606,-1.94002985,9
TNG50-1,59,0.7,269041,0.05153601,-0.01701352,0.69720139,-0.51565359,0
TNG50-1,59,0.7,269041,0.0425665,-0.03056662,1.30914158,-0.74386203,1
TNG50-1,59,0.7,269041,-0.09886669,-0.04603803,0.62019067,-0.6910076,2
TNG50-1,59,0.7,269041,0.01132163,0.02534286,1.10413805,-0.0647611,3
TNG50-1,59,0.7,269041,0.01684161,0.09807207,1.34362408,-0.28095993,4
TNG50-1,59,0.7,269041,-0.01608656,0.07750409,1.11472122,-2.49776153,5
TNG50-1,59,0.7,269041,0.10486327,0.03945885,0.70482551,-1.3184035,6
TNG50-1,59,0.7,269041,0.09943723,-0.1203556,0.79369926,-2.33037502,7
TNG50-1,59,0.7,269041,-0.0188754,-0.09322747,0.97640277,0.64148944,8
TNG50-1,59,0.7,269041,-0.01114096,0.05320817,1.16308029,-0.48496755,9
TNG50-1,59,0.7,355595,-0.00821234,0.02988206,0.49259696,-1.9181391,0
TNG50-1,59,0.7,355595,0.04268446,0.08284709,1.21225588,-1.81952496,1
TNG50-1,59,0.7,355595,-0.1059535,0.03805785,0.65225699,2.58514438,2
TNG50-1,59,0.7,355595,0.04287615,-0.04001296,1.20978772,-2.65135463,3
TNG50-1,59,0.7,355595,0.06684475,0.0633321,1.37312156,1.57813532,4
TNG50-1,59,0.7,355595,0.02192739,-0.00618606,0.80040376,-1.33389117,5
TNG50-1,59,0.7,355595,0.00150095,0.00166415,1.21979191,0.51795163,6
TNG50-1,59,0.7,355595,0.04326016,0.00534402,0.41534009,-2.02769663,7
TNG50-1,59,0.7,355595,0.06357141,0.04844339,0.38677678,1.92598264,8
TNG50-1,59,0.7,355595,0.02614633,0.08744265,1.31289346,1.07299175,9
TNG50-1,59,0.7,323029,0.01458669,0.00126737,0.5290095,0.34346312,0
TNG50-1,59,0.7,323029,-0.08881611,0.06630778,0.61387004,1.83287448,1
TNG50-1,59,0.7,323029,0.08395905,0.02166274,0.64894802,0.38050962,2
TNG50-1,59,0.7,323029,-0.01957058,-0.04501702,1.30750509,0.78981324,3
TNG50-1,59,0.7,323029,0.04351244,0.0043667,0.97916921,-0.15075669,4
TNG50-1,59,0.7,323029,0.00943425,-0.00403169,0.97171301,2.88772284,5
TNG50-1,59,0.7,323029,0.02012491,-0.01754326,0.63023911,1.99539708,6
TNG50-1,59,0.7,323029,-0.05659922,-0.00077083,0.8700707,1.58299439,7
TNG50-1,59,0.7,323029,-0.03802795,0.0381856,0.58424392,-1.07075955,8
TNG50-1,59,0.7,323029,-0.03689267,-0.03599632,0.33385169,-0.09164032,9
TNG50-1,59,0.7,269040,0.03813817,0.02005916,0.25909372,0.95130543,0
TNG50-1,59,0.7,269040,-0.07204837,-0.07903456,0.64311741,1.42777033,1
TNG50-1,59,0.7,269040,0.0413947,0.00158525,1.37136521,-0.91807237,2
TNG50-1,59,0.7,269040,0.08706654,0.0411778,0.67267526,2.38494482,3
TNG50-1,59,0.7,269040,-0.06414019,0.04992878,1.17189822,-0.33768303,4
TNG50-1,59,0.7,269040,0.05841803,-0.0206418,0.31959112,-2.29892676,5
TNG50-1,59,0.7,269040,0.00127197,0.02192344,1.34753151,1.68058894,6
TNG50-1,59,0.7,269040,-0.10471023,0.05362177,1.32358026,0.1855951,7
TNG50-1,59,0.7,269040,-0.06024084,0.0426228,1.2483422,0.58691869,8
TNG50-1,59,0.7,269040,0.00891133,0.04457186,0.67597053,-0.72180722,9
TNG50-1,59,0.7,318581,0.0811331,0.04606582,1.23141838,1.41679495,0
TNG50-1,59,0.7,318581,0.00899261,0.08523188,1.01938683,1.7311224,1
TNG50-1,59,0.7,318581,-0.05264664,0.02241061,0.50080604,-0.76235722,2
TNG50-1,59,0.7,318581,-0.01698923,-0.06429549,1.29946913,-1.21061132,3
TNG50-1,59,0.7,318581,-0.11164916,-0.00111124,1.21912856,-3.05125406,4
TNG50-1,59,0.7,318581,-0.002943,0.08947127,0.7828839,1.80581991,5
TNG50-1,59,0.7,318581,0.08238407,-0.01554504,0.88183575,-2.12652386,6
TNG50-1,59,0.7,318581,-0.05933015,0.00702363,0.42225158,-1.72078114,7
TNG50-1,59,0.7,318581,-0.07280234,0.01202798,1.37608127,-1.40390583,8
TNG50-1,59,0.7,318581,-0.032663,-0.07729315,0.49144329,2.32273228,9
TNG50-1,59,0.7,389148,-0.03425646,0.09772709,0.38162229,1.51551681,0
TNG50-1,59,0.7,389148,0.04050873,-0.01002194,1.06045303,-0.80487933,1
TNG50-1,59,0.7,389148,0.08918791,-0.03100507,1.35076326,-0.44356261,2
TNG50-1,59,0.7,389148,-0.01687532,0.04152556,0.24425344,0.95709769,3
TNG50-1,59,0.7,389148,-0.03336961,0.04232179,0.79599743,0.87704734,4
TNG50-1,59,0.7,389148,-0.02146148,0.07062447,0.75047132,2.96054874,5
TNG50-1,59,0.7,389148,-0.00096838,0.09639319,1.16753867,0.39490642,6
TNG50-1,59,0.7,389148,0.01609357,0.0173136,0.58592821,-1.12478159,7
TNG50-1,59,0.7,389148,-0.00199986,-0.01441271,0.90003456,-1.33556092,8
TNG50-1,59,0.7,389148,-0.02099923,-0.09511185,0.98734186,0.21374772,9
TNG50-1,59,0.7,333111,-0.04038438,0.0094044,1.30516022,1.6802245,0
TNG50-1,59,0.7,333111,-0.06618626,0.00754767,1.25947985,1.07746171,1
TNG50-1,59,0.7,333111,-0.0139418,0.08014801,0.81388703,2.33861702,2
TNG50-1,59,0.7,333111,0.06515058,0.00474573,0.82768794,0.02677755,3
TNG50-1,59,0.7,333111,-0.03509803,-0.02352034,0.58779032,-1.32764284,4
TNG50-1,59,0.7,333111,0.08062606,-0.05664848,0.7495443,0.02670589,5
TNG50-1,59,0.7,333111,-0.02864367,0.06368178,1.22578656,-1.78755357,6
TNG50-1,59,0.7,333111,-0.05341136,-0.0212839,1.3420746,-2.76126763,7
TNG50-1,59,0.7,333111,0.01268185,-0.01640515,1.06244686,-0.00199145,8
TNG50-1,59,0.7,333111,0.0339536,0.05259397,1.08067304,-0.54283508,9
TNG50-1,59,0.7,368917,-0.01173122,0.00523639,0.5333348,2.84931213,0
TNG50-1,59,0.7,368917,0.0544702,0.07701048,0.77952735,-0.6265178,1
TNG50-1,59,0.7,368917,0.01188424,-0.03286033,0.46499196,-2.70057306,2
TNG50-1,59,0.7,368917,0.04412878,-0.07473826,0.89971671,-1.99732729,3
TNG50-1,59,0.7,368917,0.04833231,-0.01388054,0.72952975,0.36609539,4
TNG50-1,59,0.7,368917,-0.04708098,0.05979211,0.65337386,-3.04993413,5
TNG50-1,59,0.7,368917,0.00359788,-0.05431036,0.57686907,-2.15265606,6
TNG50-1,59,0.7,368917,0.0478599,-0.0734929,0.67766062,-0.79119535,7
TNG50-1,59,0.7,368917,0.05582427,-0.08602545,0.4486988,0.7809818,8
TNG50-1,59,0.7,368917,0.06267172,0.03679721,0.98480383,-2.10141057,9
TNG50-1,59,0.7,360388,0.05230157,0.02719624,0.6351444,1.08865242,0
TNG50-1,59,0.7,360388,-0.01706326,0.00542366,1.39650371,1.99645024,1
TNG50-1,59,0.7,360388,-0.00842584,0.07353805,0.60766335,-1.43853748,2
TNG50-1,59,0.7,360388,-0.02007333,-0.08000381,0.4038419,0.96392452,3
TNG50-1,59,0.7,360388,1.112e-05,0.02125892,1.27333823,-0.03801981,4
TNG50-1,59,0.7,360388,0.04497463,-0.035819,1.38242462,-1.84958712,5
TNG50-1,59,0.7,360388,-0.0099104,-0.0217994,0.97846053,2.52275796,6
TNG50-1,59,0.7,360388,0.15552961,-0.02415011,0.5083209,-1.74038977,7
TNG50-1,59,0.7,360388,-0.02263688,-0.04819121,0.69684036,2.13927018,8
TNG50-1,59,0.7,360388,0.06887576,-0.08262901,1.37140081,1.26703696,9
TNG50-1,59,0.7,375478,0.04592729,0.01696536,0.92401598,1.28423861,0
TNG50-1,59,0.7,375478,-0.08941623,-0.04300218,0.654505,1.1003582,1
TNG50-1,59,0.7,375478,-0.00608116,0.00320387,1.30546546,1.6378638,2
TNG50-1,59,0.7,375478,-0.09229,-0.01771346,1.0496634,2.20838311,3
TNG50-1,59,0.7,375478,-0.02452565,0.04446964,1.05908203,1.50414348,4
TNG50-1,59,0.7,375478,-0.01436064,0.01439306,1.09846633,-2.00974509,5
TNG50-1,59,0.7,375478,-0.02995157,-0.07888975,0.74447462,2.17761933,6
TNG50-1,59,0.7,375478,-0.02501081,0.05489677,0.90039993,-1.05542917,7
TNG50-1,59,0.7,375478,0.04855841,0.04834203,1.06720049,1.042855,8
TNG50-1,59,0.7,375478,0.10872272,0.07475144,0.92175199,3.08485385,9
TNG50-1,59,0.7,313477,0.0307934,0.09188397,0.26586617,-2.78885621,0
TNG50-1,59,0.7,313477,-0.00874013,0.0166407,1.39638919,-0.07620397,1
TNG50-1,59,0.7,313477,0.01996768,-0.03111823,1.17382309,1.91448698,2
TNG50-1,59,0.7,313477,-0.03000813,0.02121101,0.83836175,0.19675813,3
TNG50-1,59,0.7,313477,-0.04746495,0.01279936,0.96050814,-1.29665822,4
TNG50-1,59,0.7,313477,-0.02172516,-0.00876666,1.19851454,-3.03647689,5
TNG50-1,59,0.7,313477,0.0096006,-0.01463943,0.24828319,2.76794481,6
TNG50-1,59,0.7,313477,0.02882853,0.04924356,1.24192334,-1.81028249,7
TNG50-1,59,0.7,313477,0.01519218,0.08639238,0.8887425,0.46854879,8
TNG50-1,59,0.7,313477,-0.04683804,-0.10180019,1.30379027,-3.0440383,9
TNG50-1,59,0.7,438019,-0.07699219,-0.05557666,1.06124783,-3.09157422,0
TNG50-1,59,0.7,438019,0.02885201,0.00528405,0.23896959,-1.50324577,1
TNG50-1,59,0.7,438019,-0.12403692,0.01309784,1.3625744,-1.5129723,2
TNG50-1,59,0.7,438019,0.01814077,0.0109785,1.35552337,1.63923402,3
TNG50-1,59,0.7,438019,0.0228436,-0.04932957,0.57733835,-0.71909641,4
TNG50-1,59,0.7,438019,-0.03972602,0.00778514,1.17508029,0.48654022,5
TNG50-1,59,0.7,438019,-0.06169831,0.04588725,1.24627782,2.71373025,6
TNG50-1,59,0.7,438019,-0.02040849,0.02684809,0.49831916,3.04531634,7
TNG50-1,59,0.7,438019,0.03198386,0.020574,0.92538049,-2.3415588,8
TNG50-1,59,0.7,438019,0.01728496,0.08213413,0.83817861,0.35102338,9
TNG50-1,59,0.7,255494,-0.0483881,0.0202288,1.29852383,0.99563365,0
TNG50-1,59,0.7,255494,-0.02597191,-0.03662995,0.43304975,2.01463254,1
TNG50-1,59,0.7,255494,0.03572856,-0.05922428,0.64831391,0.39467051,2
TNG50-1,59,0.7,255494,0.04342625,-0.03444597,1.10098872,0.7507445,3
TNG50-1,59,0.7,255494,0.03377574,0.02088158,1.39162398,2.39388305,4
TNG50-1,59,0.7,255494,-0.03322338,-0.0454814,1.31273098,-1.49559164,5
TNG50-1,59,0.7,255494,-0.03295375,0.07772052,1.27976355,1.22223437,6
TNG50-1,59,0.7,255494,0.0978232,-0.01039302,1.31410957,2.50893231,7
TNG50-1,59,0.7,255494,-0.04159965,0.03502232,1.31478042,2.74130514,8
TNG50-1,59,0.7,255494,0.07082623,0.03098555,0.32459424,-0.35155528,9
TNG50-1,59,0.7,291302,-0.14723204,-0.05132623,1.25635086,-0.66275474,0
TNG50-1,59,0.7,291302,0.00192328,-0.03642624,1.33655488,-1.34237516,1
TNG50-1,59,0.7,291302,0.01088037,0.05807406,1.09906937,0.86451966,2
TNG50-1,59,0.7,291302,-0.00051438,0.07789989,1.21900071,1.98905919,3
TNG50-1,59,0.7,291302,0.02500459,0.05713531,0.23069163,-1.49177209,4
TNG50-1,59,0.7,291302,0.00553451,0.04786908,0.89890023,0.76231796,5
TNG50-1,59,0.7,291302,0.024983,0.00299756,1.09125285,1.30991761,6
TNG50-1,59,0.7,291302,-0.03011096,0.0507722,0.80840696,-0.81674613,7
TNG50-1,59,0.7,291302,-0.07295262,0.01778095,1.00388098,-0.07831584,8
TNG50-1,59,0.7,291302,-0.00231766,0.09737452,1.22479772,-0.887081,9
TNG50-1,59,0.7,306477,0.06558692,0.02680534,0.72044512,2.38258192,0
TNG50-1,59,0.7,306477,-0.02740595,-0.0146593,0.87042816,-0.7406965,1
TNG50-1,59,0.7,306477,-0.05191184,-0.04605142,1.1298915,-0.6587056,2
TNG50-1,59,0.7,306477,0.135026,0.00240564,0.43995049,1.16830303,3
TNG50-1,59,0.7,306477,-0.0009225,-0.09056211,0.69508628,-2.82405501,4
TNG50-1,59,0.7,306477,-0.01050529,0.04614655,1.18273401,-2.26872105,5
TNG50-1,59,0.7,306477,0.03739877,-0.0145338,1.14040568,1.43523667,6
TNG50-1,59,0.7,306477,0.04077321,-0.02387505,0.72950125,-1.62052465,7
TNG50-1,59,0.7,306477,0.05695633,-0.00688393,0.41933871,-2.04153848,8
TNG50-1,59,0.7,306477,-0.06664868,-0.00837584,0.96750692,-2.58205788,9
TNG50-1,59,0.7,383626,-0.13777035,0.04462068,1.04439805,2.13856677,0
TNG50-1,59,0.7,383626,-0.00014742,-0.01992935,0.27527189,0.55859979,1
TNG50-1,59,0.7,383626,0.0446714,-0.05486211,1.18247446,1.2699846,2
TNG50-1,59,0.7,383626,0.01897497,0.00019007,0.50069484,-0.23337298,3
TNG50-1,59,0.7,383626,0.01025757,0.02951873,0.71632573,-1.76952527,4
TNG50-1,59,0.7,383626,0.04477563,0.04626813,0.39979383,-2.82755604,5
TNG50-1,59,0.7,383626,0.00696541,0.04654498,0.69200871,0.9657594,6
TNG50-1,59,0.7,383626,0.06018122,-0.00343241,0.96325962,1.06319684,7
TNG50-1,59,0.7,383626,0.00808784,-0.0085685,1.04150782,1.03838158,8
TNG50-1,59,0.7,383626,0.0041092,-0.0296058,0.57007,0.39211767,9
TNG50-1,59,0.7,175519,-0.08217923,0.03406876,1.27844099,0.9069587,0
TNG50-1,59,0.7,175519,0.03812149,-0.05324401,0.77013675,-1.76982402,1
TNG50-1,59,0.7,175519,0.03999592,-0.06500544,0.50652263,-1.71344907,2
TNG50-1,59,0.7,175519,-0.01663048,-0.00140193,0.54370674,2.29944119,3
TNG50-1,59,0.7,175519,-0.00140628,-0.00252526,1.1459744,2.7953122,4
TNG50-1,59,0.7,175519,0.0057349,0.00518733,1.29662581,0.89501511,5
TNG50-1,59,0.7,175519,0.01221959,-0.04463679,1.01350015,0.35703071,6
TNG50-1,59,0.7,175519,-0.06737646,0.01014089,1.2484115,0.99320355,7
TNG50-1,59,0.7,175519,0.02442223,0.01484958,1.07861925,-2.33344638,8
TNG50-1,59,0.7,175519,-0.05877536,0.05828567,0.88825248,2.49466987,9
TNG50-1,59,0.7,436785,-0.04685018,0.00363457,1.26040646,-2.42721225,0
TNG50-1,59,0.7,436785,-0.03538988,-0.03186243,0.50776639,0.31938093,1
TNG50-1,59,0.7,436785,-0.0520081,-0.02324005,1.29591732,-3.11989614,2
TNG50-1,59,0.7,436785,0.06732842,0.02100739,0.97275653,3.09805955,3
TNG50-1,59,0.7,436785,0.00279524,0.02198799,1.31270961,-0.52603542,4
TNG50-1,59,0.7,436785,0.11264215,-0.06684726,0.61600438,0.81334073,5
TNG50-1,59,0.7,436785,0.01855382,0.01418705,1.16097305,-1.33969446,6
TNG50-1,59,0.7,436785,0.02944541,0.02765076,0.86161308,-1.55038752,7
TNG50-1,59,0.7,436785,-0.05308026,-0.02951384,1.25791594,2.17482994,8
TNG50-1,59,0.7,436785,-0.01091045,-0.03459569,1.09864547,1.62221093,9
TNG50-1,59,0.7,230669,-0.01787296,-0.02358776,1.20869427,3.05746282,0
TNG50-1,59,0.7,230669,-0.00163783,-0.02885231,1.32737701,1.34410844,1
TNG50-1,59,0.7,230669,-0.04003128,0.09504734,1.02067199,2.56148501,2
TNG50-1,59,0.7,230669,-0.0497196,0.08262251,0.82620903,2.83830464,3
TNG50-1,59,0.7,230669,0.0601709,-0.04605884,1.23198171,2.2599287,4
TNG50-1,59,0.7,230669,0.08188548,-0.07296241,1.0082663,-2.5436339,5
TNG50-1,59,0.7,230669,-0.08957557,0.03864885,0.7606402,0.18374874,6
TNG50-1,59,0.7,230669,0.02910647,0.02719738,0.81204555,-0.74447904,7
TNG50-1,59,0.7,230669,0.04294667,0.06219968,0.8233772,-2.53169355,8
TNG50-1,59,0.7,230669,-0.06058426,-0.05295373,0.84876092,0.40343681,9
TNG50-1,59,0.7,374747,0.06214226,0.06615617,1.04688298,-1.06812498,0
TNG50-1,59,0.7,374747,0.06248531,0.01885758,0.42867309,0.24184938,1
TNG50-1,59,0.7,374747,0.03505201,0.01642294,0.6414306,0.68554665,2
TNG50-1,59,0.7,374747,0.01761733,0.04565134,1.08434754,-1.77703148,3
TNG50-1,59,0.7,374747,-0.04989061,0.08851673,1.10633549,1.86955404,4
TNG50-1,59,0.7,374747,0.01598548,-0.00536421,0.7663968,-1.49691798,5
TNG50-1,59,0.7,374747,-0.0315831,0.0260511,0.37133871,1.29983172,6
TNG50-1,59,0.7,374747,0.02625897,0.07556163,0.774697,0.14969191,7
TNG50-1,59,0.7,374747,-0.03819331,0.03346444,0.52650568,2.1153666,8
TNG50-1,59,0.7,374747,0.0259408,-0.10011886,0.3086244,0.07260259,9
TNG50-1,59,0.7,272859,-0.09208515,0.01271812,0.94658217,1.33541721,0
TNG50-1,59,0.7,272859,-0.01348214,0.06889597,0.56597914,-2.71364668,1
TNG50-1,59,0.7,272859,-0.00781419,0.06893086,0.90014127,-1.49929077,2
TNG50-1,59,0.7,272859,-0.00716976,-0.02995746,1.08127817,2.66642152,3
TNG50-1,59,0.7,272859,-0.0330155,0.09955959,0.69454422,-0.90350332,4
TNG50-1,59,0.7,272859,0.03128852,-0.01810857,1.25210673,-2.14154437,5
TNG50-1,59,0.7,272859,0.03685447,-0.05079698,0.29943054,-2.52343594,6
TNG50-1,59,0.7,272859,-0.01529095,-0.06809232,0.88461279,0.74809272,7
TNG50-1,59,0.7,272859,-0.01571078,-0.05381339,1.31361904,0.36526123,8
TNG50-1,59,0.7,272859,-0.05253441,0.01668749,1.03408879,0.92828804,9
TNG50-1,59,0.7,373841,-0.04920406,-0.02417132,1.07076854,0.00264013,0
TNG50-1,59,0.7,373841,0.04008278,-0.00668478,0.78481866,-2.76887115,1
TNG50-1,59,0.7,373841,0.0765405,0.05087435,0.27905129,2.29031318,2
TNG50-1,59,0.7,373841,0.11013349,0.06945119,1.34422902,1.31441888,3
TNG50-1,59,0.7,373841,0.02056449,-0.06353545,1.11787398,-3.10867633,4
TNG50-1,59,0.7,373841,-0.09500534,-0.02556612,1.26998683,2.88820594,5
TNG50-1,59,0.7,373841,0.02384949,-0.07942272,0.33262098,-2.14088144,6
TNG50-1,59,0.7,373841,0.03709798,0.09191621,0.91195394,-3.13994641,7
TNG50-1,59,0.7,373841,-0.0117593,0.04353898,1.29219411,-0.4569663,8
TNG50-1,59,0.7,373841,0.01075596,-0.10005017,0.84211587,-2.25703034,9
TNG50-1,59,0.7,390511,0.05386119,-0.0038961,1.2508323,-0.60063674,0
TNG50-1,59,0.7,390511,0.02168766,0.01189193,1.09909478,-1.43017008,1
TNG50-1,59,0.7,390511,0.06394001,0.08666303,0.86097555,-1.00721342,2
TNG50-1,59,0.7,390511,-0.06776693,0.04381378,1.34328545,-2.8209669,3
TNG50-1,59,0.7,390511,-0.04030953,-0.08020072,1.23072599,0.50343477,4
TNG50-1,59,0.7,390511,0.01372857,0.07668797,0.96895129,-2.0559919,5
TNG50-1,59,0.7,390511,0.02467556,0.07529315,1.03357525,1.35896965,6
TNG50-1,59,0.7,390511,0.12001692,0.01315373,0.89993992,-2.87648329,7
TNG50-1,59,0.7,390511,-0.09038733,-0.08088826,0.70712585,-2.76538103,8
TNG50-1,59,0.7,390511,-0.00165376,-0.00758095,1.09738398,-1.35283619,9
TNG50-1,59,0.7,394919,0.01839855,0.08551545,1.38106827,-2.70615461,0
TNG50-1,59,0.7,394919,0.03771658,0.06402493,0.91800062,2.27897005,1
TNG50-1,59,0.7,394919,0.05468956,-0.08148014,1.19192875,-2.79127215,2
TNG50-1,59,0.7,394919,-0.05750368,-0.05151162,0.97941338,-2.96082152,3
TNG50-1,59,0.7,394919,-0.07505664,-0.08296299,0.58988557,2.09699536,4
TNG50-1,59,0.7,394919,-0.04876532,-0.00432908,0.75394659,-3.05976229,5
TNG50-1,59,0.7,394919,-0.05328041,0.00087061,0.67423229,-2.58594485,6
TNG50-1,59,0.7,394919,0.07834145,0.00077699,1.22233576,-3.0350738,7
TNG50-1,59,0.7,394919,0.0670104,-0.10133637,0.56536883,2.38936181,8
TNG50-1,59,0.7,394919,-0.04983084,-0.07136195,0.84013565,-2.86076262,9
TNG50-1,59,0.7,3,0.05001738,-0.02835987,1.22394617,-2.12044549,0
TNG50-1,59,0.7,3,-0.05352418,0.05490428,1.09873858,2.82933415,1
TNG50-1,59,0.7,3,-0.08521937,0.01319579,0.92182014,0.04100354,2
TNG50-1,59,0.7,3,-0.02626597,-0.02662817,0.26895967,-2.16448102,3
TNG50-1,59,0.7,3,0.00619988,0.05475065,0.50606406,1.47800729,4
TNG50-1,59,0.7,3,-0.00533641,0.02231393,0.72401393,-1.67264609,5
TNG50-1,59,0.7,3,-0.0075581,-0.06787718,0.7171716,-1.9624465,6
TNG50-1,59,0.7,3,-0.05631823,-0.16208364,1.15943232,-1.46026582,7
TNG50-1,59,0.7,3,-0.049127,-0.06631173,0.3983187,0.49182543,8
TNG50-1,59,0.7,3,-0.02441731,0.02974673,0.91844316,-1.30319886,9
TNG50-1,59,0.7,95228,0.03629858,0.07690802,1.16705568,0.63377147,0
TNG50-1,59,0.7,95228,-0.00476689,0.05191402,0.92860002,-3.12043897,1
TNG50-1,59,0.7,95228,-0.05925506,-0.0005616,0.92021434,0.77168485,2
TNG50-1,59,0.7,95228,-0.00766488,0.08323308,1.1798759,-0.55546242,3
TNG50-1,59,0.7,95228,0.06608556,0.06727237,0.64142776,-0.41183579,4
TNG50-1,59,0.7,95228,-0.05096025,-0.02663594,1.39697167,2.9374496,5
TNG50-1,59,0.7,95228,-0.07421587,0.0719418,1.20928315,1.14508755,6
TNG50-1,59,0.7,95228,0.01993713,-0.04558368,0.86324722,-1.90748312,7
TNG50-1,59,0.7,95228,-0.08388991,-0.00985165,0.42005571,3.12486188,8
TNG50-1,59,0.7,95228,0.07816775,-0.0896732,1.39215943,-1.5288389,9
TNG50-1,59,0.7,363319,0.03773604,0.00460046,0.67996824,0.0618189,0
TNG50-1,59,0.7,363319,0.0502545,-0.06874186,0.43862747,-1.60289835,1
TNG50-1,59,0.7,363319,0.06016616,-0.05757347,0.81834525,2.46772708,2
TNG50-1,59,0.7,363319,0.01856954,0.03877968,0.85937368,-1.84351861,3
TNG50-1,59,0.7,363319,-0.01316063,-0.04166723,1.07336164,1.25977127,4
TNG50-1,59,0.7,363319,-0.00010772,-0.0338091,0.97974233,1.81183761,5
TNG50-1,59,0.7,363319,-0.06215884,0.00475179,1.0238114,2.13770913,6
TNG50-1,59,0.7,363319,-0.03413227,-0.04655936,1.35444692,2.13332952,7
TNG50-1,59,0.7,363319,-0.00266228,0.0553165,1.38200671,1.84839848,8
TNG50-1,59,0.7,363319,-0.01333195,-0.06284151,0.83641828,-0.26514933,9
TNG50-1,59,0.7,343195,0.12107276,0.05639867,0.97228899,1.16299438,0
TNG50-1,59,0.7,343195,-0.07429765,0.03462947,1.38290194,-1.94407658,1
TNG50-1,59,0.7,343195,0.02428997,0.0225934,0.35880264,-2.56772346,2
TNG50-1,59,0.7,343195,-0.05119105,-0.00708168,0.6104707,-2.0083749,3
TNG50-1,59,0.7,343195,-0.03703006,-0.02844659,0.95312209,2.25138167,4
TNG50-1,59,0.7,343195,-0.02511231,0.02695058,0.23036046,-0.61578293,5
TNG50-1,59,0.7,343195,0.01911775,-0.05254545,1.21496885,0.29007009,6
TNG50-1,59,0.7,343195,-0.0332013,0.00595644,0.68777994,-2.98216942,7
TNG50-1,59,0.7,343195,0.00168281,-0.05378386,0.65451385,-0.05385614,8
TNG50-1,59,0.7,343195,0.04160171,-0.00206391,0.56788025,-0.570078,9
TNG50-1,59,0.7,386981,0.02274934,0.01745918,1.14169951,-3.08668869,0
TNG50-1,59,0.7,386981,-0.00020542,0.02142142,1.26068945,-2.2457755,1
TNG50-1,59,0.7,386981,0.11027094,0.02928228,1.00850179,-2.550867,2
TNG50-1,59,0.7,386981,-0.02675958,0.00315482,0.67354013,-0.99834006,3
TNG50-1,59,0.7,386981,0.04715915,0.04852005,0.47721949,1.13601439,4
TNG50-1,59,0.7,386981,0.04030021,-0.0432995,0.59084348,2.78467106,5
TNG50-1,59,0.7,386981,0.00714105,0.07341938,1.30912361,-2.57910112,6
TNG50-1,59,0.7,386981,0.01622017,-0.04939575,1.21275726,0.03827304,7
TNG50-1,59,0.7,386981,-0.01451002,-0.00539196,0.83687451,-0.80131601,8
TNG50-1,59,0.7,386981,-0.09865842,0.03404369,0.73016415,-0.6388645,9
TNG50-1,59,0.7,303803,0.07106514,0.02559615,0.27950247,-1.71085262,0
TNG50-1,59,0.7,303803,0.01714166,-0.02559903,0.67145134,-2.95365187,1
TNG50-1,59,0.7,303803,0.0022834,0.05662846,1.20282012,-0.5257091,2
TNG50-1,59,0.7,303803,-0.05203863,-0.04435619,0.94459257,-0.18486015,3
TNG50-1,59,0.7,303803,0.00908688,-0.01037342,0.62781708,1.75864417,4
TNG50-1,59,0.7,303803,-0.01292621,0.06183089,0.43207824,0.14213547,5
TNG50-1,59,0.7,303803,0.01193184,-0.02408312,1.06909334,-1.09077841,6
TNG50-1,59,0.7,303803,0.03635489,-0.06703928,0.97419186,-0.23095213,7
TNG50-1,59,0.7,303803,0.04490618,-0.02053751,1.13624559,1.8606573,8
TNG50-1,59,0.7,303803,0.00644453,0.06958671,1.07579381,-0.11968871,9
TNG50-1,59,0.7,175517,-0.01819963,-0.08676726,0.80947016,-0.23811016,0
TNG50-1,59,0.7,175517,0.05718793,-0.02305728,1.18515858,0.37757268,1
TNG50-1,59,0.7,175517,0.00655133,-0.060473,0.88108366,1.24725752,2
TNG50-1,59,0.7,175517,-0.05663573,0.10791306,0.91684943,1.65881584,3
TNG50-1,59,0.7,175517,0.0095384,-0.02201562,1.17944918,2.92688171,4
TNG50-1,59,0.7,175517,-0.05939598,-0.06575561,0.24154369,2.28705504,5
TNG50-1,59,0.7,175517,0.03035728,0.11201693,1.28290102,-1.10706775,6
TNG50-1,59,0.7,175517,-0.01038867,-0.03630364,1.01354973,1.42794643,7
TNG50-1,59,0.7,175517,0.04275909,-0.08109303,1.37414528,-2.66429411,8
TNG50-1,59,0.7,175517,0.07167729,-0.05791996,0.76260297,-2.28577973,9
TNG50-1,59,0.7,360781,-0.08911795,-0.11828496,0.50208358,-2.12783574,0
TNG50-1,59,0.7,360781,0.03810205,0.04980807,1.20736643,1.4977647,1
TNG50-1,59,0.7,360781,-0.00141902,0.05254672,0.72159767,0.92807927,2
TNG50-1,59,0.7,360781,-0.07761386,-0.02608917,0.8401811,3.03877135,3
TNG50-1,59,0.7,360781,0.01023704,0.01372125,0.70063253,-0.28434355,4
TNG50-1,59,0.7,360781,-0.06947179,0.0219089,1.33034063,-1.70075481,5
TNG50-1,59,0.7,360781,0.02787483,0.02352447,0.70173592,1.69471379,6
TNG50-1,59,0.7,360781,-0.05414031,0.08627992,0.62945855,1.56153045,7
TNG50-1,59,0.7,360781,0.01685346,0.02083991,0.75729987,0.14264789,8
TNG50-1,59,0.7,360781,-0.03265162,-0.01788286,1.2347559,1.54597244,9
TNG50-1,59,0.7,277307,-0.03184458,0.03613215,0.22914727,-1.42644022,0
TNG50-1,59,0.7,277307,0.08985485,0.04957652,0.74907614,-0.18873512,1
TNG50-1,59,0.7,277307,0.0008337,0.01786139,1.28797329,2.93999231,2
TNG50-1,59,0.7,277307,-0.016374,0.01379353,0.61342088,3.1073946,3
TNG50-1,59,0.7,277307,0.03200203,0.02011711,0.89995543,1.83009157,4
TNG50-1,59,0.7,277307,-0.00557292,0.04788992,1.05386061,1.87811088,5
TNG50-1,59,0.7,277307,-0.00422844,-0.0713114,1.23554808,2.79505554,6
TNG50-1,59,0.7,277307,0.02425963,-0.0254737,1.16460197,1.86499336,7
TNG50-1,59,0.7,277307,-0.0903867,-0.00372145,1.26037221,-0.30818196,8
TNG50-1,59,0.7,277307,-0.03993281,0.00978948,0.60804821,-2.76264805,9
TNG50-1,59,0.7,249726,0.05974757,0.08732202,1.34192345,-1.44568304,0
TNG50-1,59,0.7,249726,-0.04736714,0.10314442,1.33843294,-1.72694456,1
TNG50-1,59,0.7,249726,0.00338501,-0.03185432,1.23521902,-0.00878752,2
TNG50-1,59,0.7,249726,0.06079825,-0.04566509,1.00964375,-0.49981481,3
TNG50-1,59,0.7,249726,-0.05006813,-0.0229006,0.33634199,0.52554689,4
TNG50-1,59,0.7,249726,-0.03344133,0.09009502,1.2534768,-2.21747798,5
TNG50-1,59,0.7,249726,0.0330869,0.04210469,0.91921244,1.16768399,6
TNG50-1,59,0.7,249726,-0.00803446,0.07320426,0.20771931,-1.7926323,7
TNG50-1,59,0.7,249726,-0.07876374,0.04993409,1.38866239,-0.30164389,8
TNG50-1,59,0.7,249726,-0.01601098,-0.06596821,1.36123849,-2.93204762,9
TNG50-1,59,0.7,217470,0.01455868,-0.02677292,0.77691596,-2.35471177,0
TNG50-1,59,0.7,217470,-0.00024119,-0.05007259,1.29281975,1.07307028,1
TNG50-1,59,0.7,217470,-0.02347854,-0.00696099,0.38730279,-2.15548864,2
TNG50-1,59,0.7,217470,-0.05566414,-0.07122162,0.6635164,-2.30319506,3
TNG50-1,59,0.7,217470,0.01263521,0.02168158,0.34556815,0.21730852,4
TNG50-1,59,0.7,217470,-0.02692625,-0.01480333,1.1457269,1.28175772,5
TNG50-1,59,0.7,217470,-0.02119805,-0.02378563,1.02267025,1.74696719,6
TNG50-1,59,0.7,217470,0.08589229,0.00748093,1.19772252,0.50415675,7
TNG50-1,59,0.7,217470,-0.00240387,-0.00383284,1.1682537,-1.87514493,8
TNG50-1,59,0.7,217470,-0.12264777,-0.0067355,1.27900968,0.46011834,9
TNG50-1,59,0.7,347066,0.00066765,0.02515309,0.94351877,1.56408762,0
TNG50-1,59,0.7,347066,0.00624478,0.00303128,0.99870555,-0.48574301,1
TNG50-1,59,0.7,347066,-0.01811594,-0.01828069,1.27089332,-0.3637846,2
TNG50-1,59,0.7,347066,-0.04765152,0.04330417,1.1399226,0.11321298,3
TNG50-1,59,0.7,347066,-0.06075765,0.03225097,1.32515429,-2.72319195,4
TNG50-1,59,0.7,347066,0.01603359,-0.07679345,1.32666894,0.51328675,5
TNG50-1,59,0.7,347066,0.02489258,0.00245752,1.13450172,1.57230032,6
TNG50-1,59,0.7,347066,-0.00647851,-0.04791182,0.78187262,-1.48507873,7
TNG50-1,59,0.7,347066,-0.00074068,0.00697608,0.84044241,2.22936135,8
TNG50-1,59,0.7,347066,-0.03601054,-0.15759231,0.89798405,-1.4689059,9
TNG50-1,59,0.7,307402,-0.01014563,0.01489272,0.66605308,2.51779512,0
TNG50-1,59,0.7,307402,-0.06642439,-0.01463119,0.25753351,0.40704869,1
TNG50-1,59,0.7,307402,0.06699961,-0.05099962,1.37611385,1.04854038,2
TNG50-1,59,0.7,307402,0.08795626,0.00028282,1.23576633,-1.7776151,3
TNG50-1,59,0.7,307402,0.05091012,-0.00471899,0.31400115,-1.4988391,4
TNG50-1,59,0.7,307402,0.04344166,0.04206619,1.10756744,2.46022882,5
TNG50-1,59,0.7,307402,0.08825521,0.00222701,1.06434718,2.62374741,6
TNG50-1,59,0.7,307402,-0.05237489,-0.09522806,0.78549689,1.92880692,7
TNG50-1,59,0.7,307402,-0.05297517,0.0192734,1.09766347,-2.37463377,8
TNG50-1,59,0.7,307402,-0.02071971,0.07908927,0.96538116,2.00139865,9
TNG50-1,59,0.7,344761,0.01701082,-0.04699694,1.00577078,-3.01584564,0
TNG50-1,59,0.7,344761,0.11333048,-0.02167052,0.64264047,1.65334137,1
TNG50-1,59,0.7,344761,0.03711488,-0.04167477,0.96414233,0.63188237,2
TNG50-1,59,0.7,344761,0.02743046,0.04997534,0.77940008,-2.44465143,3
TNG50-1,59,0.7,344761,0.03867197,0.07508339,1.23234449,-2.13938285,4
TNG50-1,59,0.7,344761,-0.11738889,0.0967533,0.56431625,-2.31925676,5
TNG50-1,59,0.7,344761,0.01595889,-0.04249972,0.64120069,-2.09322337,6
TNG50-1,59,0.7,344761,0.04552368,-0.03342062,1.07815348,-0.24248501,7
TNG50-1,59,0.7,344761,0.00422133,-0.03748476,0.31558579,-2.82138709,8
TNG50-1,59,0.7,344761,-0.0021588,-0.05092781,1.2662055,0.121809,9
TNG50-1,59,0.7,302038,0.07237722,0.03312283,1.17969336,0.41952504,0
TNG50-1,59,0.7,302038,-0.0510116,-0.01872289,0.84276255,-2.72725639,1
TNG50-1,59,0.7,302038,0.04075923,0.00143255,0.87413863,-2.85853898,2
TNG50-1,59,0.7,302038,0.06360677,0.00879092,0.47814432,-2.82858315,3
TNG50-1,59,0.7,302038,-0.02562973,0.04279946,0.94786756,2.6471543,4
TNG50-1,59,0.7,302038,0.01299466,0.09639706,0.61311729,1.18675897,5
TNG50-1,59,0.7,302038,0.02879682,-0.03688926,0.70290785,2.11593494,6
TNG50-1,59,0.7,302038,0.02055023,0.00262874,0.78236211,2.91173384,7
TNG50-1,59,0.7,302038,0.00410716,-0.07422085,1.23944375,1.26272632,8
TNG50-1,59,0.7,302038,-0.0339413,0.0740721,1.16598366,0.09626652,9
TNG50-1,59,0.7,69762,-0.05857366,0.06809886,0.93087821,2.35612813,0
TNG50-1,59,0.7,69762,-0.04817643,0.03933267,1.18082818,-1.80575687,1
TNG50-1,59,0.7,69762,0.07760608,-0.04199069,0.90180736,2.33325209,2
TNG50-1,59,0.7,69762,0.0683133,0.0195812,1.27646176,1.54337316,3
TNG50-1,59,0.7,69762,0.11448579,-0.03850753,1.37988572,1.43896323,4
TNG50-1,59,0.7,69762,0.02252865,-0.01622499,1.37754591,2.32940764,5
TNG50-1,59,0.7,69762,0.03223822,0.08181133,1.30648626,-2.35067982,6
TNG50-1,59,0.7,69762,-0.00774788,-0.05997905,0.61834206,0.25447612,7
TNG50-1,59,0.7,69762,-0.01752212,0.10843483,1.00828993,-0.10346319,8
TNG50-1,59,0.7,69762,0.04359578,0.02747672,0.82934883,1.03043949,9
TNG50-1,59,0.7,376158,0.0820165,-0.0203757,0.83020109,-2.17171381,0
TNG50-1,59,0.7,376158,-0.00185927,0.02559871,0.87882281,0.44244257,1
TNG50-1,59,0.7,376158,0.02994563,-0.04429155,0.58943399,2.16304888,2
TNG50-1,59,0.7,376158,0.03520066,0.09299951,1.38763097,-0.68556594,3
TNG50-1,59,0.7,376158,-0.04660226,0.02837406,0.94760183,2.11859839,4
TNG50-1,59,0.7,376158,0.00213705,-0.04014828,1.29298315,-0.37550544,5
TNG50-1,59,0.7,376158,-0.09207107,0.03236081,1.21381213,2.57009894,6
TNG50-1,59,0.7,376158,-0.00649373,0.04974265,0.35180895,2.17991949,7
TNG50-1,59,0.7,376158,-0.01395588,0.01845587,1.39694915,-2.01803658,8
TNG50-1,59,0.7,376158,-0.01694742,-0.05029032,1.1388061,2.41942864,9
TNG50-1,59,0.7,377065,0.03197319,-0.08245528,0.64755554,-0.36884877,0
TNG50-1,59,0.7,377065,-0.04030836,0.00692118,1.00022337,1.31328268,1
TNG50-1,59,0.7,377065,0.03049061,0.04155435,1.26488958,-1.19260952,2
TNG50-1,59,0.7,377065,0.00526076,-0.01402167,1.33199441,-2.62324896,3
TNG50-1,59,0.7,377065,-0.06913013,0.01557996,1.16415209,-0.7757192,4
TNG50-1,59,0.7,377065,0.00872802,0.10598684,1.0961258,0.33220908,5
TNG50-1,59,0.7,377065,0.05971786,0.01028269,0.99588312,2.14730321,6
TNG50-1,59,0.7,377065,-0.09460676,0.14912438,1.31622504,-0.82984492,7
TNG50-1,59,0.7,377065,0.10026027,0.06323153,0.26988154,2.44743238,8
TNG50-1,59,0.7,377065,-0.03052591,0.00257677,1.17268466,0.28949999,9
TNG50-1,59,0.7,366779,-0.03886643,0.02783196,1.16229713,-2.60443024,0
TNG50-1,59,0.7,366779,0.02682886,-0.01602652,0.64053038,-2.01860701,1
TNG50-1,59,0.7,366779,-0.01027161,-0.02671173,0.25196542,-1.22578815,2
TNG50-1,59,0.7,366779,0.03250954,-0.03243729,0.43919362,2.93550133,3
TNG50-1,59,0.7,366779,0.05530748,-0.03894905,1.14972853,1.10878953,4
TNG50-1,59,0.7,366779,-0.01652603,0.04617305,1.10342025,-2.79751733,5
TNG50-1,59,0.7,366779,-0.02144745,0.00466733,0.67381556,0.67459501,6
TNG50-1,59,0.7,366779,-0.10934282,0.04956635,0.85719464,-0.39794996,7
TNG50-1,59,0.7,366779,-0.07738368,-0.10966931,1.39044559,1.59617815,8
TNG50-1,59,0.7,366779,-0.06699648,0.02663667,1.28190551,2.41229112,9
TNG50-1,59,0.7,466726,0.02760597,0.00819421,0.98214031,1.17378336,0
TNG50-1,59,0.7,466726,0.0421097,0.04248531,0.70436807,-2.66925397,1
TNG50-1,59,0.7,466726,-0.0224776,-0.03447765,0.9284157,-2.54237319,2
TNG50-1,59,0.7,466726,-0.07928697,-0.04401097,0.94894977,0.19981436,3
TNG50-1,59,0.7,466726,0.02016097,-0.01170675,0.61022668,2.00576582,4
TNG50-1,59,0.7,466726,-0.00049045,-0.05889679,0.5577091,-1.15270003,5
TNG50-1,59,0.7,466726,-0.01292214,-0.00227095,1.08329184,2.89423787,6
TNG50-1,59,0.7,466726,0.06102125,0.00484756,1.03962164,1.63567227,7
TNG50-1,59,0.7,466726,0.0225274,-0.00344009,0.61171812,1.77004656,8
TNG50-1,59,0.7,466726,0.00614497,-0.01807088,0.91301264,2.09879715,9
TNG50-1,59,0.7,355273,0.00372257,-0.07443145,0.65667851,2.98660451,0
TNG50-1,59,0.7,355273,-0.01931364,-0.06243031,1.30492761,0.86280229,1
TNG50-1,59,0.7,355273,0.08379914,-0.05965379,0.57803823,-1.61725971,2
TNG50-1,59,0.7,355273,0.00444218,0.05300499,0.53747658,-1.58433113,3
TNG50-1,59,0.7,355273,0.02930423,-0.0865687,0.62188697,1.85974269,4
TNG50-1,59,0.7,355273,-0.00086149,0.0393244,0.37833087,3.07530477,5
TNG50-1,59,0.7,355273,-0.0298765,0.01991787,0.50213656,-1.82016443,6
TNG50-1,59,0.7,355273,-0.02438068,0.00734065,0.65654428,2.95362926,7
TNG50-1,59,0.7,355273,0.05404794,-0.02364971,0.87722594,-1.45588219,8
TNG50-1,59,0.7,355273,0.03738945,0.05943085,0.60053492,-0.54787535,9
TNG50-1,59,0.7,348413,-0.02126828,0.04273034,0.46592303,-2.14360409,0
TNG50-1,59,0.7,348413,-0.03754255,-0.05850128,0.72274542,3.0235744,1
TNG50-1,59,0.7,348413,-0.06018867,0.0640109,0.76085207,0.10235922,2
TNG50-1,59,0.7,348413,0.10360317,-0.0176581,0.26031221,2.64152931,3
TNG50-1,59,0.7,348413,0.08592416,0.03039549,0.70382465,0.18436766,4
TNG50-1,59,0.7,348413,-0.04109331,-0.01307328,1.3611388,-1.9671723,5
TNG50-1,59,0.7,348413,-0.08769358,0.04612451,1.21667274,-0.93607631,6
TNG50-1,59,0.7,348413,0.00845092,-0.11811474,0.81430384,-1.75196368,7
TNG50-1,59,0.7,348413,-0.00737341,0.03691667,0.81253989,-1.4814148,8
TNG50-1,59,0.7,348413,0.03140712,-0.04159598,0.56525013,2.45269066,9
TNG50-1,59,0.7,397690,-0.00167291,-0.01427339,1.27102917,0.60370074,0
TNG50-1,59,0.7,397690,0.05926349,0.02104087,1.37115169,-1.0474032,1
TNG50-1,59,0.7,397690,-0.065725,-0.02113202,1.27541781,-3.13598125,2
TNG50-1,59,0.7,397690,-0.11956629,0.04071605,0.81742521,-2.9889471,3
TNG50-1,59,0.7,397690,-0.02970957,0.00945328,0.70985919,-0.57743111,4
TNG50-1,59,0.7,397690,-0.0575653,-0.00182627,0.95118687,0.14837959,5
TNG50-1,59,0.7,397690,-0.15062413,0.0019464,0.34548609,0.96333009,6
TNG50-1,59,0.7,397690,0.08731753,0.07327248,0.66157897,1.65335625,7
TNG50-1,59,0.7,397690,0.02798551,0.00836655,1.26516639,2.94529886,8
TNG50-1,59,0.7,397690,0.03335785,-0.05148046,1.2255619,2.12915356,9
TNG50-1,59,0.7,407428,-0.03968227,-0.0469255,0.70364118,1.95292607,0
TNG50-1,59,0.7,407428,0.01287434,-0.02335978,0.85639712,2.44140308,1
TNG50-1,59,0.7,407428,0.02548167,-0.03928217,1.02668587,1.90999376,2
TNG50-1,59,0.7,407428,0.02192386,0.03185445,1.23238357,0.56105638,3
TNG50-1,59,0.7,407428,-0.01489448,0.04522024,1.03476625,-1.46402074,4
TNG50-1,59,0.7,407428,0.0684137,0.00441577,1.24909912,1.00534649,5
TNG50-1,59,0.7,407428,-0.10444418,0.05273132,0.34433553,-3.11115973,6
TNG50-1,59,0.7,407428,-0.05469681,-0.06932173,1.25482373,-0.76990196,7
TNG50-1,59,0.7,407428,0.0331785,0.00379439,0.52448651,2.24915218,8
TNG50-1,59,0.7,407428,-0.04400538,0.06739767,0.83840623,0.50602382,9
TNG50-1,59,0.7,235214,0.00944847,-0.01874773,0.7579455,-2.99931844,0
TNG50-1,59,0.7,235214,0.0161635,0.08464782,0.88160255,-1.16105631,1
TNG50-1,59,0.7,235214,-0.00917099,-0.00773013,0.83991782,1.0358308,2
TNG50-1,59,0.7,235214,0.00244617,0.04658189,1.21607389,-1.06403645,3
TNG50-1,59,0.7,235214,0.00864042,0.00677524,0.38410232,-2.51875702,4
TNG50-1,59,0.7,235214,0.01371315,-0.01139059,1.00904753,0.11158186,5
TNG50-1,59,0.7,235214,0.02377931,0.04931241,0.41445226,-2.17096904,6
TNG50-1,59,0.7,235214,0.01413814,0.02592113,0.60297708,-1.21755243,7
TNG50-1,59,0.7,235214,0.09248644,-0.07670049,0.71772324,0.01201991,8
TNG50-1,59,0.7,235214,-0.03630075,0.00867466,0.99713802,-2.41098494,9
TNG50-1,59,0.7,399422,0.04055417,-0.07505881,0.67218332,2.5968747,0
TNG50-1,59,0.7,399422,-0.07300906,-0.04757895,1.14614885,-1.77841108,1
TNG50-1,59,0.7,399422,0.04344499,-0.01396284,1.07346649,-2.2389448,2
TNG50-1,59,0.7,399422,-0.02032901,-0.0666397,0.95673219,1.53817301,3
TNG50-1,59,0.7,399422,0.02587894,-0.01358584,0.87001428,-1.91995831,4
TNG50-1,59,0.7,399422,0.05111134,-0.01631745,0.75205078,-0.26634721,5
TNG50-1,59,0.7,399422,0.05145471,0.00435533,0.90200529,1.33097782,6
TNG50-1,59,0.7,399422,0.00645764,-0.00284417,0.7294994,-0.09518972,7
TNG50-1,59,0.7,399422,0.00892379,0.05346743,1.27438505,2.52276786,8
TNG50-1,59,0.7,399422,0.04459561,0.02865023,1.05908493,2.3759768,9
TNG50-1,59,0.7,391175,-0.00151069,-0.03522691,0.4158743,2.16061694,0
TNG50-1,59,0.7,391175,-0.06023107,-0.02613307,0.55365798,2.11694661,1
TNG50-1,59,0.7,391175,0.05152433,0.11275268,1.33194738,-0.53467986,2
TNG50-1,59,0.7,391175,-0.06452475,-0.00341633,0.44770067,2.19300282,3
TNG50-1,59,0.7,391175,0.03752668,0.0537332,1.21271168,-0.17621755,4
TNG50-1,59,0.7,391175,-0.07159452,0.01498536,0.4079235,-0.5180428,5
TNG50-1,59,0.7,391175,-0.0008928,-0.05996063,0.82183213,-1.61318628,6
TNG50-1,59,0.7,391175,0.09021956,-0.09299011,1.04296211,2.06044506,7
TNG50-1,59,0.7,391175,0.11808153,-0.03065459,1.01980048,0.75438146,8
TNG50-1,59,0.7,391175,-0.08093594,0.11584366,0.89453454,-0.43279959,9
TNG50-1,59,0.7,318580,0.03056734,-0.06593979,0.48487174,1.87305765,0
TNG50-1,59,0.7,318580,-0.0411948,-0.0960675,0.38996032,2.36223365,1
TNG50-1,59,0.7,318580,-0.05471052,0.0371694,0.82179509,-2.4176675,2
TNG50-1,59,0.7,318580,-0.01321801,0.00360063,1.36833586,-3.0336103,3
TNG50-1,59,0.7,318580,-0.00335642,-0.06560582,0.64586983,-0.79424563,4
TNG50-1,59,0.7,318580,0.09572336,-0.10474404,0.46791909,-0.68538483,5
TNG50-1,59,0.7,318580,0.05094697,0.04469334,0.9009063,1.7173854,6
TNG50-1,59,0.7,318580,0.00544639,-0.02607776,0.74169193,-3.08757468,7
TNG50-1,59,0.7,318580,0.00328564,0.02001303,1.09460408,1.65878134,8
TNG50-1,59,0.7,318580,0.03790704,-0.013188,0.95608632,0.22824578,9
TNG50-1,59,0.7,391944,-0.04959837,0.04711153,1.18942008,-0.41732171,0
TNG50-1,59,0.7,391944,-0.01165801,-0.12581936,1.19289138,-1.15235915,1
TNG50-1,59,0.7,391944,-0.03621981,-0.00157097,0.86513787,0.57014246,2
TNG50-1,59,0.7,391944,0.0514811,0.03455953,1.16087669,2.88454966,3
TNG50-1,59,0.7,391944,-0.09628343,0.06883659,0.92431855,-0.41494041,4
TNG50-1,59,0.7,391944,0.00784515,-0.08050784,0.98724741,1.03850605,5
TNG50-1,59,0.7,391944,-0.07590849,-0.02580119,1.17478284,-0.36222771,6
TNG50-1,59,0.7,391944,0.0216119,0.05418265,0.69128605,2.7181164,7
TNG50-1,59,0.7,391944,-0.01994525,0.05756204,0.78018643,-1.47832866,8
TNG50-1,59,0.7,391944,-0.09083973,0.06403718,0.7654713,-0.26138085,9
TNG50-1,59,0.7,290334,-0.09570178,-0.00275702,1.38189559,-0.52561746,0
TNG50-1,59,0.7,290334,0.12553171,-0.05599345,0.43027835,1.41359259,1
TNG50-1,59,0.7,290334,0.09896837,0.04763337,0.52058982,1.2802375,2
TNG50-1,59,0.7,290334,0.0721551,-0.02869492,1.00468205,-0.08605776,3
TNG50-1,59,0.7,290334,-0.03515858,-0.09896773,0.77325574,3.05180013,4
TNG50-1,59,0.7,290334,-0.02504736,-0.05674062,1.16982912,-2.40617177,5
TNG50-1,59,0.7,290334,0.02003327,-0.02582467,0.79050136,-2.14703865,6
TNG50-1,59,0.7,290334,-0.04469268,0.01099797,0.61451827,-1.51847405,7
TNG50-1,59,0.7,290334,-0.04946996,0.00858688,0.97436264,1.90722901,8
TNG50-1,59,0.7,290334,0.07292793,0.06138851,1.37670858,1.65133604,9
TNG50-1,59,0.7,401908,0.02046176,-0.02405549,0.62115898,-1.41675832,0
TNG50-1,59,0.7,401908,0.00448725,-0.1086025,1.27743643,3.01800844,1
TNG50-1,59,0.7,401908,0.04908524,-0.03378535,1.19587569,0.5692187,2
TNG50-1,59,0.7,401908,-0.04591491,-0.03163216,0.75085596,0.44802596,3
TNG50-1,59,0.7,401908,0.07640412,0.01487305,0.84013651,2.11597816,4
TNG50-1,59,0.7,401908,-0.02113294,-0.03938979,1.03459179,3.09864572,5
TNG50-1,59,0.7,401908,-0.03729395,-0.02755239,1.34999916,1.75408936,6
TNG50-1,59,0.7,401908,0.01813055,0.06519439,0.89898248,0.5899628,7
TNG50-1,59,0.7,401908,0.02132762,0.10320961,1.20717708,2.28409363,8
TNG50-1,59,0.7,401908,-0.0868335,-0.04604522,0.84219159,-2.00302252,9
TNG50-1,59,0.7,155060,0.01450953,0.00781988,0.81112907,2.06617449,0
TNG50-1,59,0.7,155060,-0.04782178,-0.04584851,0.66323248,2.56004858,1
TNG50-1,59,0.7,155060,0.06449641,-0.0422278,0.43058123,-2.0234881,2
TNG50-1,59,0.7,155060,-0.05425635,0.02734514,0.46908016,-0.48926544,3
TNG50-1,59,0.7,155060,0.03504942,0.03087791,1.20118893,0.95296934,4
TNG50-1,59,0.7,155060,0.0565859,-0.01467572,1.03303945,2.02608299,5
TNG50-1,59,0.7,155060,-0.02458212,-0.08232119,0.71990931,1.4954258,6
TNG50-1,59,0.7,155060,-0.03604978,0.05854303,1.28996465,-2.37799023,7
TNG50-1,59,0.7,155060,-0.00848465,-0.02242007,0.32656957,0.9152839,8
TNG50-1,59,0.7,155060,-0.04462158,0.10311575,0.68396546,-1.29399883,9
TNG50-1,59,0.7,347956,-0.02676083,0.00485044,1.39987502,2.05311522,0
TNG50-1,59,0.7,347956,0.07322348,0.02225624,1.28900771,-0.10358399,1
TNG50-1,59,0.7,347956,-0.02450557,0.09856453,1.36257415,-2.53061435,2
TNG50-1,59,0.7,347956,0.03221828,-0.01619351,1.17999083,-1.96701956,3
TNG50-1,59,0.7,347956,-0.01673151,-0.01650221,1.05012287,1.62157913,4
TNG50-1,59,0.7,347956,-0.06274047,-0.00876576,0.64081539,2.28775505,5
TNG50-1,59,0.7,347956,0.04506424,-0.04711074,1.37501274,-0.20394081,6
TNG50-1,59,0.7,347956,0.05515023,-0.08610808,1.09920547,-0.04739643,7
TNG50-1,59,0.7,347956,-0.03396594,0.00668816,0.39522692,-0.31339089,8
TNG50-1,59,0.7,347956,-0.00188785,0.02636384,0.88033567,-3.02621381,9
TNG50-1,59,0.7,427584,-0.09526469,0.02491011,0.83996303,3.07518488,0
TNG50-1,59,0.7,427584,0.10181987,-0.1116277,0.9058281,-2.87938115,1
TNG50-1,59,0.7,427584,0.02568827,0.01713481,1.35744959,-0.39288319,2
TNG50-1,59,0.7,427584,-0.11791582,0.02242832,1.05929423,1.71882938,3
TNG50-1,59,0.7,427584,-0.02112283,-0.01623582,0.79250498,2.0305154,4
TNG50-1,59,0.7,427584,0.02672574,-0.04136414,0.5418255,-2.62100422,5
TNG50-1,59,0.7,427584,0.08566189,-0.03048657,1.09193265,0.66972848,6
TNG50-1,59,0.7,427584,-0.02046241,-0.01626769,0.5850961,2.50355131,7
TNG50-1,59,0.7,427584,-0.13234554,0.01773602,0.67108999,-1.71493843,8
TNG50-1,59,0.7,427584,0.07295103,0.039418,0.39550853,-0.95907123,9
TNG50-1,59,0.7,411884,-0.00621332,-0.00654084,0.36126988,-2.13185959,0
TNG50-1,59,0.7,411884,0.00777725,-0.06454279,1.28956882,-3.00371654,1
TNG50-1,59,0.7,411884,-0.03242997,-0.03421004,0.56321603,-2.16494606,2
TNG50-1,59,0.7,411884,-0.03635819,0.03943133,1.1188526,0.79003382,3
TNG50-1,59,0.7,411884,0.01674925,-0.00369228,0.88904496,3.05191144,4
TNG50-1,59,0.7,411884,-0.05987158,0.0834535,0.56050322,2.95386359,5
TNG50-1,59,0.7,411884,-0.03837069,-0.00360988,1.3586074,1.54372369,6
TNG50-1,59,0.7,411884,-0.01012939,0.04840064,0.76572259,2.03939915,7
TNG50-1,59,0.7,411884,0.01612306,0.03973874,1.27622086,2.34968844,8
TNG50-1,59,0.7,411884,-0.07576233,-0.00066101,0.72225171,0.17815195,9
TNG50-1,59,0.7,342076,-0.03539845,-0.0846422,1.34613397,-3.10376521,0
TNG50-1,59,0.7,342076,0.01219235,-0.02396934,1.21730416,2.85247888,1
TNG50-1,59,0.7,342076,-0.00447675,-0.02890399,0.57590087,2.32031218,2
TNG50-1,59,0.7,342076,0.02749381,0.04873501,1.2394054,0.92561518,3
TNG50-1,59,0.7,342076,-0.00498114,-0.0044136,1.15700011,-0.38245223,4
TNG50-1,59,0.7,342076,-0.01132761,-0.01065056,1.2646345,-2.16577057,5
TNG50-1,59,0.7,342076,0.05739602,-0.01899193,0.67446939,0.33702596,6
TNG50-1,59,0.7,342076,-0.11090711,-0.05259979,1.377672,-1.63860464,7
TNG50-1,59,0.7,342076,-0.06627439,0.04453969,1.14335168,0.86718866,8
TNG50-1,59,0.7,342076,-0.04125475,0.06050385,0.9258002,-2.22684826,9
TNG50-1,59,0.7,335148,0.11362085,-0.04121399,0.87163788,-0.58959121,0
TNG50-1,59,0.7,335148,0.04046889,0.00214137,0.72182836,1.66038005,1
TNG50-1,59,0.7,335148,-0.00111593,0.04940094,0.95203528,-1.77544728,2
TNG50-1,59,0.7,335148,0.01429492,-0.08561727,0.85263948,1.27012122,3
TNG50-1,59,0.7,335148,0.00271439,-0.00847392,0.5229996,-2.64500801,4
TNG50-1,59,0.7,335148,0.03495075,-0.07198785,0.96039593,-2.14639119,5
TNG50-1,59,0.7,335148,-0.04281503,-0.01396912,1.0388509,-1.09120989,6
TNG50-1,59,0.7,335148,0.06826087,-0.07211966,1.19106602,-0.1896142,7
TNG50-1,59,0.7,335148,-0.06623636,0.00808929,1.29076498,-2.00478595,8
TNG50-1,59,0.7,335148,0.01025219,-0.02130849,1.15193067,-2.43768151,9
TNG50-1,59,0.7,396091,0.04839885,-0.07082201,1.31673884,0.46680879,0
TNG50-1,59,0.7,396091,0.02053161,0.00403686,1.26004247,-1.96597197,1
TNG50-1,59,0.7,396091,-0.02037726,0.04777925,1.27724815,-1.90047888,2
TNG50-1,59,0.7,396091,-0.03963298,-0.00423794,0.8305363,-2.68551094,3
TNG50-1,59,0.7,396091,0.05634348,0.05271131,1.04797689,3.02108837,4
TNG50-1,59,0.7,396091,-0.00886406,0.06702996,1.34500231,0.66633514,5
TNG50-1,59,0.7,396091,-0.00832651,0.04517912,1.33189987,0.18688686,6
TNG50-1,59,0.7,396091,-0.03003853,-0.02686279,0.34860446,2.44208926,7
TNG50-1,59,0.7,396091,-0.02037297,-0.00177192,1.27098524,0.59329081,8
TNG50-1,59,0.7,396091,0.02750614,0.01728851,1.18574914,-1.48859175,9
TNG50-1,59,0.7,104588,0.04657341,0.01945016,0.46943556,-2.02942594,0
TNG50-1,59,0.7,104588,0.06188783,0.04152122,0.37040699,2.62843979,1
TNG50-1,59,0.7,104588,-0.01455158,0.02452644,1.29500953,3.0299808,2
TNG50-1,59,0.7,104588,-0.00144516,0.02098792,0.58948868,-1.39924027,3
TNG50-1,59,0.7,104588,-0.05555909,-0.09988569,0.77111615,-1.3987187,4
TNG50-1,59,0.7,104588,-0.01500122,0.05534797,1.08117267,0.69306611,5
TNG50-1,59,0.7,104588,0.09635365,-0.11271677,0.4089573,-2.662929,6
TNG50-1,59,0.7,104588,0.03778912,0.05079941,0.52215287,0.59888476,7
TNG50-1,59,0.7,104588,-0.05222998,0.00497833,0.64802943,2.94486041,8
TNG50-1,59,0.7,104588,0.08157213,0.04177321,1.3525323,-1.27578274,9
TNG50-1,59,0.7,338415,0.06913888,-0.04261757,1.21849342,-1.47706208,0
TNG50-1,59,0.7,338415,0.02328714,-0.01802941,1.35835762,-3.09402679,1
TNG50-1,59,0.7,338415,-0.04445426,0.07696597,1.28991309,0.17094961,2
TNG50-1,59,0.7,338415,-0.02651895,0.07234623,0.95491048,1.29342999,3
TNG50-1,59,0.7,338415,0.07047833,0.024639,1.32556891,-0.19048704,4
TNG50-1,59,0.7,338415,-0.01181905,0.03642195,1.18931495,2.55414411,5
TNG50-1,59,0.7,338415,0.02802063,0.04889809,0.58204453,1.68358533,6
TNG50-1,59,0.7,338415,0.04025745,0.0715054,1.05228335,0.12735465,7
TNG50-1,59,0.7,338415,-0.17093938,0.07787093,0.21514778,-3.0226902,8
TNG50-1,59,0.7,338415,0.06321955,0.00538511,0.67230479,-1.01632464,9
TNG50-1,59,0.7,419167,-0.0591738,-0.02233764,0.68234422,2.05208645,0
TNG50-1,59,0.7,419167,0.00032332,0.02327728,0.2067281,-1.08531582,1
TNG50-1,59,0.7,419167,-0.0787947,-0.01370743,1.10321319,2.02788321,2
TNG50-1,59,0.7,419167,-0.01671027,-0.04462339,0.85189233,-2.12117457,3
TNG50-1,59,0.7,419167,-0.03237698,-0.01851387,1.31232356,3.00888673,4
TNG50-1,59,0.7,419167,-0.01489887,-0.08883168,0.83158404,2.28814804,5
TNG50-1,59,0.7,419167,0.05661635,0.01905923,0.24573498,0.06655932,6
TNG50-1,59,0.7,419167,-0.05391678,-0.1550925,0.29057321,-0.72054277,7
TNG50-1,59,0.7,419167,0.04348996,0.04440098,1.04309532,2.80197789,8
TNG50-1,59,0.7,419167,-0.02856438,0.0307631,0.58311534,-2.69469403,9
TNG50-1,59,0.7,48197,-0.11152626,-0.00183998,1.3652686,-2.68237421,0
TNG50-1,59,0.7,48197,-0.13807648,-0.01292014,0.73334736,0.76743235,1
TNG50-1,59,0.7,48197,-0.00367992,-0.0786015,0.63542527,0.84294083,2
TNG50-1,59,0.7,48197,0.04409393,0.0585992,1.19024945,2.86821209,3
TNG50-1,59,0.7,48197,0.0008,-0.01918801,0.95942195,3.06274647,4
TNG50-1,59,0.7,48197,0.04049804,-0.02205242,0.91875277,2.79628466,5
TNG50-1,59,0.7,48197,0.04549168,-0.0270809,1.01108214,0.25963024,6
TNG50-1,59,0.7,48197,0.06930203,-0.06701939,1.34286465,-2.87910805,7
TNG50-1,59,0.7,48197,0.00931323,-0.00427716,1.21611158,-1.39926152,8
TNG50-1,59,0.7,48197,0.01379377,0.02582125,0.59204384,-0.15396604,9
TNG50-1,59,0.7,353860,-0.01873305,0.0158898,1.19295738,-0.54336529,0
TNG50-1,59,0.7,353860,-0.03136486,-0.04066251,1.29989823,-0.54485677,1
TNG50-1,59,0.7,353860,0.03311191,0.04546505,0.86645701,-2.84146172,2
TNG50-1,59,0.7,353860,0.00816072,0.09302525,0.87712709,-1.76157653,3
TNG50-1,59,0.7,353860,0.04401004,-0.13059591,1.13095646,2.32054024,4
TNG50-1,59,0.7,353860,-0.041288,-0.03279741,0.31894331,2.19820569,5
TNG50-1,59,0.7,353860,-0.01042255,0.01318854,0.81646355,-2.48124238,6
TNG50-1,59,0.7,353860,0.03125158,-0.00019221,0.40159601,-3.02756511,7
TNG50-1,59,0.7,353860,0.04293501,0.04698255,1.14452406,-2.50042017,8
TNG50-1,59,0.7,353860,-0.07228921,0.00395322,0.90589372,0.87211492,9
TNG50-1,59,0.7,398592,0.02009485,0.05066423,1.10796888,0.98932529,0
TNG50-1,59,0.7,398592,0.00618619,-0.02311024,0.3339014,-0.87893137,1
TNG50-1,59,0.7,398592,0.00246759,0.03262304,1.11454081,-1.43789215,2
TNG50-1,59,0.7,398592,0.02294993,0.01327231,0.52315245,0.51436687,3
TNG50-1,59,0.7,398592,0.00232109,-0.02207108,1.25097995,2.84348558,4
TNG50-1,59,0.7,398592,0.02330588,0.06545913,0.6243503,-2.37596936,5
TNG50-1,59,0.7,398592,-0.033491,0.03680556,0.83871027,0.90843117,6
TNG50-1,59,0.7,398592,-0.03192899,8.91e-05,1.30016657,2.59119916,7
TNG50-1,59,0.7,398592,-0.03371794,-0.00405693,1.34716797,0.2582418,8
TNG50-1,59,0.7,398592,-0.01823988,0.00468633,1.14655914,2.91656841,9
TNG50-1,59,0.7,311128,-0.04174024,-0.02666406,1.34562309,-0.36563154,0
TNG50-1,59,0.7,311128,-0.03576209,0.01583793,1.18854857,0.77917592,1
TNG50-1,59,0.7,311128,-0.01734745,0.02458574,1.37661082,-2.18953391,2
TNG50-1,59,0.7,311128,-0.0158387,-0.01005022,0.69941468,-1.25613292,3
TNG50-1,59,0.7,311128,0.02548044,-0.01965648,0.88294482,-1.55896137,4
TNG50-1,59,0.7,311128,-0.02672013,0.01763717,0.91406511,-2.08936637,5
TNG50-1,59,0.7,311128,0.08010631,0.00345207,0.5352339,-0.54137126,6
TNG50-1,59,0.7,311128,0.07974371,-0.02860612,0.59954807,1.42313769,7
TNG50-1,59,0.7,311128,0.01181006,0.00565198,1.04580918,-0.65309519,8
TNG50-1,59,0.7,311128,-0.01723171,-0.03026346,0.84410465,3.03248916,9
TNG50-1,59,0.7,384480,-0.05953212,0.01746893,1.10872648,-0.22046152,0
TNG50-1,59,0.7,384480,0.07702369,-0.00873251,0.76713292,1.05122213,1
TNG50-1,59,0.7,384480,0.03005686,0.00546286,0.97149233,0.43735452,2
TNG50-1,59,0.7,384480,-0.02184541,0.05550256,0.69367323,0.50186863,3
TNG50-1,59,0.7,384480,-0.02273888,0.07997958,0.75310602,0.83556839,4
TNG50-1,59,0.7,384480,0.09320812,-0.01257484,0.67958965,-1.42697606,5
TNG50-1,59,0.7,384480,0.04693624,-0.06565281,1.26239154,-1.72076578,6
TNG50-1,59,0.7,384480,0.05700256,0.08217965,1.12528644,-1.78952309,7
TNG50-1,59,0.7,384480,-0.01255309,0.0828079,1.17598902,1.75582507,8
TNG50-1,59,0.7,384480,0.02777579,0.02001937,1.00967328,-2.53047931,9
TNG50-1,59,0.7,286741,0.03201937,0.07818859,0.91529448,1.89886065,0
TNG50-1,59,0.7,286741,0.02706783,0.06330362,0.95274734,1.33599885,1
TNG50-1,59,0.7,286741,-0.05922635,0.03635596,1.2270902,-0.30624302,2
TNG50-1,59,0.7,286741,0.01842578,-0.02156633,0.34998356,1.6946368,3
TNG50-1,59,0.7,286741,0.00309976,0.03632694,0.78375135,1.38664333,4
TNG50-1,59,0.7,286741,0.04461241,-0.0386134,0.85356901,-3.11820737,5
TNG50-1,59,0.7,286741,-0.01959234,-0.01031094,0.6266598,1.31474043,6
TNG50-1,59,0.7,286741,0.01003585,0.08891844,1.31604299,0.05522102,7
TNG50-1,59,0.7,286741,0.03026162,0.02689909,0.51183305,2.13295829,8
TNG50-1,59,0.7,286741,0.09492713,0.01135065,0.95769352,1.94555353,9
TNG50-1,59,0.7,181446,0.01206623,-0.04883918,0.45882083,2.5044762,0
TNG50-1,59,0.7,181446,-0.01248524,0.01299147,0.93581811,-1.85470971,1
TNG50-1,59,0.7,181446,-0.02671649,-0.02593485,0.61343228,1.02775412,2
TNG50-1,59,0.7,181446,-0.07289834,-0.09580968,0.97223588,-0.18705845,3
TNG50-1,59,0.7,181446,-0.06475787,0.08594324,1.36504505,1.68085077,4
TNG50-1,59,0.7,181446,0.04974673,-0.00245733,0.74862624,2.7636198,5
TNG50-1,59,0.7,181446,0.07568454,-0.05522028,1.36054175,0.20713849,6
TNG50-1,59,0.7,181446,-0.05405183,0.00640171,1.058719,-1.33975723,7
TNG50-1,59,0.7,181446,0.00340935,-0.00404336,0.91089056,1.8755886,8
TNG50-1,59,0.7,181446,-0.07872367,0.02109128,0.640653,0.16798649,9
TNG50-1,59,0.7,254370,-0.00563794,-0.01293932,0.81933568,-3.1406967,0
TNG50-1,59,0.7,254370,0.03382941,0.03179979,0.46494621,-0.79946032,1
TNG50-1,59,0.7,254370,-0.06434884,0.03997184,1.0216493,-2.00867731,2
TNG50-1,59,0.7,254370,-0.0151986,-0.02631357,1.33038831,-1.36011169,3
TNG50-1,59,0.7,254370,0.04824089,-0.04840079,0.55323681,-0.63487967,4
TNG50-1,59,0.7,254370,0.04810631,-0.04342547,1.29621035,0.26003026,5
TNG50-1,59,0.7,254370,0.04180128,-0.02718344,0.81438273,1.87478742,6
TNG50-1,59,0.7,254370,0.05103696,-0.09485698,1.04152384,-2.59854804,7
TNG50-1,59,0.7,254370,-0.01862703,-0.02635729,0.43514389,-0.37005846,8
TNG50-1,59,0.7,254370,-0.0852599,0.00239384,0.73621555,2.20362756,9
TNG50-1,59,0.7,303802,-0.0511263,0.07554079,1.27881239,2.65925124,0
TNG50-1,59,0.7,303802,-0.00681208,0.0165813,0.74951003,-1.45186015,1
TNG50-1,59,0.7,303802,-0.02585564,0.04229126,0.75323538,2.12311698,2
TNG50-1,59,0.7,303802,-0.07541636,-0.03681319,0.77954959,0.58552464,3
TNG50-1,59,0.7,303802,0.00579025,0.07608174,0.86385201,2.26939695,4
TNG50-1,59,0.7,303802,-0.09390626,-0.00014788,0.48033067,-2.83643488,5
TNG50-1,59,0.7,303802,0.00633764,0.07883855,1.33744392,0.35148987,6
TNG50-1,59,0.7,303802,0.03649883,0.06790766,0.39019951,-1.95626301,7
TNG50-1,59,0.7,303802,0.04363679,0.0128819,1.34548598,-3.02806463,8
TNG50-1,59,0.7,303802,-0.0072157,0.02028435,0.96279474,1.18723514,9
TNG50-1,59,0.7,373431,0.07215498,0.0513241,1.30064694,2.40050735,0
TNG50-1,59,0.7,373431,-0.03474262,-0.04762785,1.01919295,-0.95472065,1
TNG50-1,59,0.7,373431,-0.07735732,-0.07516666,1.30330687,0.0340639,2
TNG50-1,59,0.7,373431,-0.08131585,-0.04116692,0.56102228,-0.80859067,3
TNG50-1,59,0.7,373431,-0.00427164,-0.05643714,1.08926166,2.65314809,4
TNG50-1,59,0.7,373431,-0.02290341,-0.06203155,1.24684593,-2.55834859,5
TNG50-1,59,0.7,373431,0.03243619,0.02068261,0.85329575,0.34130058,6
TNG50-1,59,0.7,373431,-0.01175582,-0.01321583,0.5262556,-1.59023787,7
TNG50-1,59,0.7,373431,0.05829831,0.00708877,0.38352485,2.20146632,8
TNG50-1,59,0.7,373431,-0.01927081,0.02637747,0.46364692,-1.01022103,9
TNG50-1,59,0.7,357791,0.04777446,0.03083901,0.89609026,-1.58455693,0
TNG50-1,59,0.7,357791,0.02325628,-0.01063493,0.53468024,2.58137598,1
TNG50-1,59,0.7,357791,0.01675533,0.00391623,0.83925882,-2.33164425,2
TNG50-1,59,0.7,357791,0.00248574,-0.06790611,1.30686578,2.05645982,3
TNG50-1,59,0.7,357791,0.08494246,-0.021406,0.65442022,-0.88357742,4
TNG50-1,59,0.7,357791,-0.02323292,-0.07290684,0.4455541,1.09214384,5
TNG50-1,59,0.7,357791,0.012015,-0.01476527,0.65548566,1.91698168,6
TNG50-1,59,0.7,357791,-0.08541352,0.03401603,0.67677204,1.87609018,7
TNG50-1,59,0.7,357791,-0.07153586,0.02266505,0.67267728,-2.12910377,8
TNG50-1,59,0.7,357791,0.09075811,0.07945597,0.84171532,0.69691887,9
TNG50-1,59,0.7,188436,-0.07158321,0.07690825,0.7088073,2.37500721,0
TNG50-1,59,0.7,188436,0.07932196,0.05150093,1.15741463,-0.07197355,1
TNG50-1,59,0.7,188436,-0.01260827,0.06012736,0.88652236,-1.71594417,2
TNG50-1,59,0.7,188436,0.10007901,0.0050573,0.27812062,0.02113834,3
TNG50-1,59,0.7,188436,0.06550627,-0.0336209,1.30188143,-0.55168754,4
TNG50-1,59,0.7,188436,-0.01101374,-0.05271873,1.17312874,-2.01479908,5
TNG50-1,59,0.7,188436,-0.01542572,-0.06521332,0.7611431,-1.76308859,6
TNG50-1,59,0.7,188436,0.08242082,0.09554444,0.85699421,-1.33114572,7
TNG50-1,59,0.7,188436,0.105151,0.00054724,0.27565499,0.32797503,8
TNG50-1,59,0.7,188436,-0.01433008,-0.05723878,1.37148051,-2.61946397,9
TNG50-1,59,0.7,379270,-0.09439946,0.02130744,1.34849308,-2.04403766,0
TNG50-1,59,0.7,379270,0.05686767,0.02796069,0.31574608,3.11171918,1
TNG50-1,59,0.7,379270,0.04545865,-0.02032674,1.11314948,0.26046144,2
TNG50-1,59,0.7,379270,0.05232851,-0.01443708,1.19240393,-2.7196856,3
TNG50-1,59,0.7,379270,-0.00601441,-0.01086475,1.22288166,0.40304592,4
TNG50-1,59,0.7,379270,0.0403006,0.03956205,1.34273061,0.6332904,5
TNG50-1,59,0.7,379270,0.0513597,-0.06871628,1.00010439,0.29987664,6
TNG50-1,59,0.7,379270,-0.00348977,-0.05526267,1.36572168,-1.03051785,7
TNG50-1,59,0.7,379270,-0.01790741,-0.05428726,1.26577261,0.98797578,8
TNG50-1,59,0.7,379270,-0.04881418,-0.0074266,1.39566186,-2.24555267,9
TNG50-1,59,0.7,432130,0.0278918,-0.04614927,1.08643868,0.60536009,0
TNG50-1,59,0.7,432130,0.09977036,-0.06083623,1.27634369,0.13919021,1
TNG50-1,59,0.7,432130,-0.02198635,0.0767373,0.92213329,1.09869481,2
TNG50-1,59,0.7,432130,0.01012813,-0.02827134,1.1659512,0.45082048,3
TNG50-1,59,0.7,432130,0.02959276,-0.01858954,1.31977675,-0.01741219,4
TNG50-1,59,0.7,432130,-0.070742,0.0729567,1.10373941,-0.15632464,5
TNG50-1,59,0.7,432130,-0.10871699,0.06473504,0.67874378,2.89992703,6
TNG50-1,59,0.7,432130,-0.04979187,0.04670328,1.09633898,2.27633644,7
TNG50-1,59,0.7,432130,0.04835899,-0.08557356,1.36637236,-0.73589598,8
TNG50-1,59,0.7,432130,0.08582035,-0.06292276,1.29999783,0.96428855,9
TNG50-1,59,0.7,396911,0.00925941,-0.04918201,0.87013677,0.19196054,0
TNG50-1,59,0.7,396911,0.01853522,0.00945216,1.26582106,-2.75767137,1
TNG50-1,59,0.7,396911,-0.05634187,-0.01870995,1.01636235,2.35873314,2
TNG50-1,59,0.7,396911,0.00453976,-0.03530922,0.81485306,0.63456258,3
TNG50-1,59,0.7,396911,0.01836668,0.06856638,0.47897866,0.6323576,4
TNG50-1,59,0.7,396911,-0.02454226,-0.00653917,1.03644026,0.05947033,5
TNG50-1,59,0.7,396911,-0.03897441,-0.03346997,0.74291955,-2.04849945,6
TNG50-1,59,0.7,396911,-0.02689438,-0.03825593,0.95650637,-0.08686918,7
TNG50-1,59,0.7,396911,-0.04854563,0.01695324,0.73358866,0.23136887,8
TNG50-1,59,0.7,396911,0.04253103,0.04132939,0.62813719,-0.73032316,9
TNG50-1,59,0.7,95233,-0.01586582,0.02586255,0.50610913,0.30644841,0
TNG50-1,59,0.7,95233,-0.01238412,-0.06947311,1.36041696,-3.0868574,1
TNG50-1,59,0.7,95233,0.03112157,-0.03317396,0.94905587,-1.5729568,2
TNG50-1,59,0.7,95233,-0.05001779,0.06637849,0.44203918,-0.54818102,3
TNG50-1,59,0.7,95233,0.01363259,0.01757574,0.64551699,1.40691935,4
TNG50-1,59,0.7,95233,-0.00551294,0.01355987,1.3039725,0.12597581,5
TNG50-1,59,0.7,95233,-0.04411518,0.0493484,0.69224125,2.21506747,6
TNG50-1,59,0.7,95233,0.08370524,0.03056391,1.07073361,-2.92576363,7
TNG50-1,59,0.7,95233,0.03739049,-0.01330258,0.45080318,-1.11282006,8
TNG50-1,59,0.7,95233,-0.03931999,0.04682023,0.88409643,0.61317349,9
TNG50-1,59,0.7,388248,-0.00789373,0.0117998,0.92233019,-2.32699553,0
TNG50-1,59,0.7,388248,0.00129862,0.00583961,0.88561923,0.43809732,1
TNG50-1,59,0.7,388248,-0.01872419,0.07862041,1.09889805,1.88605851,2
TNG50-1,59,0.7,388248,0.02962531,-0.03482049,0.85119474,-1.65042595,3
TNG50-1,59,0.7,388248,0.04511361,-0.07876315,0.73113272,0.89969361,4
TNG50-1,59,0.7,388248,0.01756401,-0.05712677,1.2493264,-0.45466405,5
TNG50-1,59,0.7,388248,-0.0114721,-0.03168115,1.15515781,1.02247129,6
TNG50-1,59,0.7,388248,-0.07498618,0.05410036,0.742315,-2.93986297,7
TNG50-1,59,0.7,388248,-0.00242149,-0.06486213,0.39981558,-1.17525104,8
TNG50-1,59,0.7,388248,-0.00959769,-0.05819011,0.48117186,-1.21059641,9
TNG50-1,59,0.7,414842,-0.0338298,-0.0285317,1.05069742,0.44673436,0
TNG50-1,59,0.7,414842,0.06357884,-0.02879006,1.11998408,-3.02041863,1
TNG50-1,59,0.7,414842,0.04073442,0.05271882,1.34135549,2.5105797,2
TNG50-1,59,0.7,414842,-0.02225668,0.02673391,1.06806432,0.49095623,3
TNG50-1,59,0.7,414842,-0.00640991,0.10533173,1.35678442,-0.04848132,4
TNG50-1,59,0.7,414842,0.03003345,-0.02848964,1.08623631,1.3586373,5
TNG50-1,59,0.7,414842,0.05373517,0.00685672,0.3045942,-1.883315,6
TNG50-1,59,0.7,414842,-0.07593339,0.01548501,0.90150336,-3.00560302,7
TNG50-1,59,0.7,414842,0.0035225,0.0448042,1.22475864,0.72396002,8
TNG50-1,59,0.7,414842,-0.00155623,0.06792064,1.14574784,-2.13626786,9
TNG50-1,59,0.7,369474,-0.00532992,0.03767171,0.57139036,0.41915491,0
TNG50-1,59,0.7,369474,-0.03518829,0.02307937,0.92978371,-2.47824463,1
TNG50-1,59,0.7,369474,0.015906,0.00636913,0.94812369,2.10359235,2
TNG50-1,59,0.7,369474,0.04156865,0.05067944,1.121671,-2.27606646,3
TNG50-1,59,0.7,369474,0.0097991,-0.09328402,0.79899493,-2.04875893,4
TNG50-1,59,0.7,369474,0.05304534,-0.03015651,0.43714057,-2.710728,5
TNG50-1,59,0.7,369474,0.03311978,-0.02591435,1.09528207,-0.74551771,6
TNG50-1,59,0.7,369474,-0.05242211,0.01258672,1.09432106,1.61883318,7
TNG50-1,59,0.7,369474,-0.0072372,0.02764051,1.10616396,2.57669743,8
TNG50-1,59,0.7,369474,-0.02241973,-6.539e-05,1.20874374,-0.41292603,9
TNG50-1,59,0.7,4,0.08456536,-0.03682245,1.27712432,-0.64951447,0
TNG50-1,59,0.7,4,0.07002158,-0.06776953,1.24724082,-0.06885064,1
TNG50-1,59,0.7,4,0.07950794,0.00646175,0.86470826,-1.99295859,2
TNG50-1,59,0.7,4,-0.02696574,-0.02580366,1.25750083,-1.11219939,3
TNG50-1,59,0.7,4,-0.03409639,-0.000685,0.8127598,-2.25999923,4
TNG50-1,59,0.7,4,-0.02072225,-0.13424298,0.42356816,1.13880942,5
TNG50-1,59,0.7,4,0.05370535,-0.04460392,1.20699728,-0.67268251,6
TNG50-1,59,0.7,4,-9.6e-06,-0.00225286,1.22181671,1.47236464,7
TNG50-1,59,0.7,4,-0.02715958,-0.07581953,1.39062606,0.31612628,8
TNG50-1,59,0.7,4,0.01819308,-0.07411943,1.38793048,-0.77095223,9
TNG50-1,59,0.7,378933,0.00136317,-0.08353699,0.71662937,-0.61209482,0
TNG50-1,59,0.7,378933,-0.00193422,0.10737226,1.1200605,-0.62254184,1
TNG50-1,59,0.7,378933,0.0534563,0.04956111,1.16448199,2.20330699,2
TNG50-1,59,0.7,378933,0.10941024,-0.05611209,0.31730786,-0.70525512,3
TNG50-1,59,0.7,378933,-0.00549185,0.11597242,1.22683646,-0.08358598,4
TNG50-1,59,0.7,378933,0.02351788,-0.04642052,0.42546709,3.11892829,5
TNG50-1,59,0.7,378933,-0.04012137,-0.01571654,0.57854453,-0.91537303,6
TNG50-1,59,0.7,378933,0.05159607,-0.06482963,0.49124383,2.02690333,7
TNG50-1,59,0.7,378933,-0.02587423,-0.0073226,0.87020215,-1.39990797,8
TNG50-1,59,0.7,378933,0.15725641,-0.00263486,0.87155533,-2.98405039,9
TNG50-1,59,0.7,402862,-0.0506097,0.02886044,0.7784079,-2.5567542,0
TNG50-1,59,0.7,402862,-0.05427507,0.00808751,0.91049395,-2.08644979,1
TNG50-1,59,0.7,402862,0.03178336,-0.03957805,0.59213785,1.4390661,2
TNG50-1,59,0.7,402862,-0.00094236,0.10265293,1.00510483,-1.20541949,3
TNG50-1,59,0.7,402862,-0.05301006,0.01163875,0.52085246,1.88571777,4
TNG50-1,59,0.7,402862,0.03952719,-0.02954101,1.21773323,-2.16422535,5
TNG50-1,59,0.7,402862,0.05874567,0.0009812,0.32035021,-0.72067226,6
TNG50-1,59,0.7,402862,-0.00544161,-0.04348472,1.22802069,-0.7144739,7
TNG50-1,59,0.7,402862,0.05016,-0.05784392,1.26643958,-0.12317139,8
TNG50-1,59,0.7,402862,-0.05009024,-0.02247098,0.8516015,-0.56302239,9
TNG50-1,59,0.7,239878,0.01565259,-0.03002997,0.80776156,0.64706206,0
TNG50-1,59,0.7,239878,0.06798013,0.02209397,0.65644053,-0.19936176,1
TNG50-1,59,0.7,239878,0.01333405,-0.02813829,0.95793589,1.95735697,2
TNG50-1,59,0.7,239878,0.02471295,-0.05200485,1.21680614,1.86718079,3
TNG50-1,59,0.7,239878,-0.07088572,0.02851777,1.0571091,-2.53009396,4
TNG50-1,59,0.7,239878,0.18595757,-0.03594832,0.70444545,-1.21225596,5
TNG50-1,59,0.7,239878,-0.07954212,0.0103795,1.17062236,-0.26026668,6
TNG50-1,59,0.7,239878,-0.02696647,0.03133463,0.82033254,-1.00191699,7
TNG50-1,59,0.7,239878,-0.02847836,0.09533774,1.27646667,-1.14793343,8
TNG50-1,59,0.7,239878,0.10540078,-0.06310875,0.39343629,-0.92871575,9
TNG50-1,59,0.7,291301,0.02352315,-0.03297193,0.64609379,-1.19697247,0
TNG50-1,59,0.7,291301,0.09766179,-0.05592553,0.23522737,-2.3352191,1
TNG50-1,59,0.7,291301,0.00467248,-0.02699749,0.50030416,1.10426708,2
TNG50-1,59,0.7,291301,-0.10962907,0.02382653,1.13461703,0.56294198,3
TNG50-1,59,0.7,291301,0.00178857,-0.06743239,1.0522618,2.54838475,4
TNG50-1,59,0.7,291301,0.0240226,-0.04634301,0.80176224,1.52467295,5
TNG50-1,59,0.7,291301,0.0450492,0.02811495,0.92000095,-0.64652243,6
TNG50-1,59,0.7,291301,0.07367957,-0.03232436,1.04448035,0.83773302,7
TNG50-1,59,0.7,291301,0.07622853,0.01849931,0.79643231,2.27681926,8
TNG50-1,59,0.7,291301,-0.00654699,-0.04071551,0.43522415,-0.95835441,9
TNG50-1,59,0.7,401178,-0.00332448,-0.10708632,1.19420275,1.84719547,0
TNG50-1,59,0.7,401178,0.00088995,-0.12846527,0.89989734,-1.0198118,1
TNG50-1,59,0.7,401178,-0.01473749,0.00615796,1.23536493,0.78822739,2
TNG50-1,59,0.7,401178,0.04420909,-0.05645108,1.21882955,0.27017936,3
TNG50-1,59,0.7,401178,-0.04675729,-0.10026773,1.3613902,2.28726093,4
TNG50-1,59,0.7,401178,-0.06930976,0.03124707,0.23675406,2.00736857,5
TNG50-1,59,0.7,401178,-0.04128461,0.07725905,1.30613176,-1.77218927,6
TNG50-1,59,0.7,401178,-0.0304888,-0.00472293,1.03949035,1.57149875,7
TNG50-1,59,0.7,401178,-0.00290766,0.01342201,1.03766728,1.83826184,8
TNG50-1,59,0.7,401178,-0.03988201,0.01384579,1.14182606,2.6338212,9
TNG50-1,59,0.7,406347,-0.05513796,0.00452766,0.72800328,-1.55633611,0
TNG50-1,59,0.7,406347,0.0330258,-0.03957709,1.00722486,2.05741316,1
TNG50-1,59,0.7,406347,-0.04806937,-0.07583486,0.99554427,0.80778343,2
TNG50-1,59,0.7,406347,0.02877219,0.02845865,0.31213489,-0.1094517,3
TNG50-1,59,0.7,406347,-0.05229386,0.076505,1.1215972,2.6896614,4
TNG50-1,59,0.7,406347,-0.02669507,0.03021165,1.27492338,1.94381603,5
TNG50-1,59,0.7,406347,0.0478075,0.01270862,0.34266088,-2.32524933,6
TNG50-1,59,0.7,406347,0.02445871,-0.0604262,0.59912344,1.29162785,7
TNG50-1,59,0.7,406347,0.00157106,0.04385871,1.20037127,1.81899441,8
TNG50-1,59,0.7,406347,-0.00149519,0.02406972,0.52677983,0.25841248,9
TNG50-1,59,0.7,408478,0.01908508,0.01605401,1.3860457,-1.4424493,0
TNG50-1,59,0.7,408478,0.04428368,0.00901405,0.51118466,-2.08073363,1
TNG50-1,59,0.7,408478,-0.06638589,0.10437392,0.8778527,2.66935717,2
TNG50-1,59,0.7,408478,-0.05302086,-0.02696755,0.56256833,1.85531985,3
TNG50-1,59,0.7,408478,-0.00718063,0.01205371,0.31532279,1.26200228,4
TNG50-1,59,0.7,408478,-0.06108791,-0.0294494,0.70271433,1.65449237,5
TNG50-1,59,0.7,408478,-0.06180147,-0.06437107,1.37444842,0.63614776,6
TNG50-1,59,0.7,408478,-0.02102935,0.05924405,0.72819519,2.2322058,7
TNG50-1,59,0.7,408478,0.04959945,-0.01526027,0.89382591,-1.70520529,8
TNG50-1,59,0.7,408478,0.04865755,0.0347411,1.31414343,-1.56762603,9
TNG50-1,59,0.7,425987,-0.04495971,-0.03436223,0.769851,2.64980871,0
TNG50-1,59,0.7,425987,0.03338053,0.12947133,1.13367435,-2.22076507,1
TNG50-1,59,0.7,425987,0.08327214,-0.04454657,0.46239732,1.51825158,2
TNG50-1,59,0.7,425987,0.05017692,-0.04916787,0.63972289,0.76475715,3
TNG50-1,59,0.7,425987,0.01038655,0.00820487,0.93708876,1.04949463,4
TNG50-1,59,0.7,425987,-0.02445068,-0.01009638,1.33157121,2.16886487,5
TNG50-1,59,0.7,425987,0.01725861,0.0511648,1.01583035,-0.78254647,6
TNG50-1,59,0.7,425987,0.05772883,0.05285561,1.11833682,0.49985476,7
TNG50-1,59,0.7,425987,0.01161545,-0.06071481,1.17821567,-1.40225863,8
TNG50-1,59,0.7,425987,-0.00517164,-0.0377782,0.80747408,-1.35583836,9
TNG50-1,59,0.7,335662,-0.00852088,0.02920725,1.39558147,0.79699327,0
TNG50-1,59,0.7,335662,-0.00639173,-0.01546876,1.27621812,0.50947882,1
TNG50-1,59,0.7,335662,0.07830033,-0.07578049,0.91185924,3.13576928,2
TNG50-1,59,0.7,335662,-0.01042522,-0.03358885,1.24798108,-1.40566532,3
TNG50-1,59,0.7,335662,-0.08590412,-0.00323455,0.97908103,-2.69335367,4
TNG50-1,59,0.7,335662,0.00455656,0.02678123,0.61991475,-0.70458376,5
TNG50-1,59,0.7,335662,0.08738755,-0.02913473,0.61169311,0.11318265,6
TNG50-1,59,0.7,335662,-0.00835579,-0.0148107,0.51964392,-0.70849689,7
TNG50-1,59,0.7,335662,-0.02190435,0.00224628,1.20154496,-1.13496842,8
TNG50-1,59,0.7,335662,-0.0152562,-0.03887116,1.02412462,-1.52518407,9
TNG50-1,59,0.7,367509,0.02253792,0.04640082,0.80764085,2.79870461,0
TNG50-1,59,0.7,367509,-0.04298828,-0.00280472,1.15722005,-2.16439709,1
TNG50-1,59,0.7,367509,0.02287041,-0.02318454,0.35653107,2.3466296,2
TNG50-1,59,0.7,367509,-0.08642274,-0.09654538,1.05643624,1.69940028,3
TNG50-1,59,0.7,367509,0.00467833,0.00620147,1.28274857,-0.76329693,4
TNG50-1,59,0.7,367509,0.06710895,-0.03446334,0.31119136,2.42985248,5
TNG50-1,59,0.7,367509,-0.0109295,-0.03158835,0.78209597,2.6559459,6
TNG50-1,59,0.7,367509,-0.04890884,0.0808208,0.67641406,2.30509213,7
TNG50-1,59,0.7,367509,-0.07125688,-0.09008043,1.38146322,-0.58131969,8
TNG50-1,59,0.7,367509,0.01952622,-0.08338788,1.15999611,0.54748568,9
TNG50-1,59,0.7,217468,-0.04445774,-0.00223326,0.83967221,1.6189824,0
TNG50-1,59,0.7,217468,-0.00377002,-0.06073647,0.85355778,1.33756905,1
TNG50-1,59,0.7,217468,-0.00957183,-0.02008069,1.38724159,-2.81963896,2
TNG50-1,59,0.7,217468,0.08889029,-0.08829694,1.0016267,-1.3307808,3
TNG50-1,59,0.7,217468,0.0361389,-0.0124092,1.36457591,1.87523805,4
TNG50-1,59,0.7,217468,0.03532821,-0.02881504,0.45545755,2.48532617,5
TNG50-1,59,0.7,217468,0.04600224,-0.01991757,1.39138602,-0.9421262,6
TNG50-1,59,0.7,217468,-0.02728472,-0.06929778,1.13881691,-1.51163235,7
TNG50-1,59,0.7,217468,0.06883794,0.03518017,0.21920767,-1.65941855,8
TNG50-1,59,0.7,217468,0.0079586,0.02962663,0.61970664,0.30199431,9
TNG50-1,59,0.7,236589,0.03076686,0.0179725,0.43543114,2.9053319,0
TNG50-1,59,0.7,236589,-0.00729026,-0.01622392,0.85928725,-2.1450265,1
TNG50-1,59,0.7,236589,0.0154929,-0.02051155,0.74012893,-2.48088552,2
TNG50-1,59,0.7,236589,0.04804448,-0.04396511,1.16007704,-2.27650792,3
TNG50-1,59,0.7,236589,-0.0025905,0.0050137,0.98929826,-1.86666496,4
TNG50-1,59,0.7,236589,-0.0223502,-0.02585432,0.69184294,-0.82485901,5
TNG50-1,59,0.7,236589,-0.03546581,0.06368323,1.29081844,-1.90284127,6
TNG50-1,59,0.7,236589,-0.01268927,-0.00537511,1.29889536,-2.58992786,7
TNG50-1,59,0.7,236589,0.0767446,-0.00222654,1.21132277,-2.28319489,8
TNG50-1,59,0.7,236589,-0.00991796,-0.00900908,1.20060014,1.82003787,9
TNG50-1,59,0.7,310579,-0.01211199,0.02147336,1.21125337,2.15644838,0
TNG50-1,59,0.7,310579,0.03056223,0.06839391,0.43894168,-2.66519313,1
TNG50-1,59,0.7,310579,0.02074711,0.0312756,0.56492022,1.50596917,2
TNG50-1,59,0.7,310579,-0.02703604,0.00646448,1.18690361,2.86717915,3
TNG50-1,59,0.7,310579,-0.04768388,0.08107403,0.61067343,2.00176432,4
TNG50-1,59,0.7,310579,0.04778263,-0.08371336,1.23980822,-0.42929417,5
TNG50-1,59,0.7,310579,-0.04066943,-0.05561029,1.37952516,-0.96565693,6
TNG50-1,59,0.7,310579,0.02503925,-0.02322252,0.32210737,2.4656219,7
TNG50-1,59,0.7,310579,0.00155464,0.07096617,0.66529149,-1.30999984,8
TNG50-1,59,0.7,310579,-0.02315313,0.04714189,0.96899927,2.74856799,9
TNG50-1,59,0.7,143613,0.05633875,0.00539909,0.63583595,-0.20126004,0
TNG50-1,59,0.7,143613,1.071e-05,0.10474266,1.03680261,-2.93766778,1
TNG50-1,59,0.7,143613,-0.10370404,-0.00072177,0.82192548,-0.35932506,2
TNG50-1,59,0.7,143613,-0.00574669,0.02228145,1.35128077,2.35296402,3
TNG50-1,59,0.7,143613,0.00490252,0.00625063,0.73003255,-2.29093256,4
TNG50-1,59,0.7,143613,-0.0022464,0.00472141,0.33141244,-0.01051979,5
TNG50-1,59,0.7,143613,-0.02477389,0.08814795,1.00899391,-1.54646736,6
TNG50-1,59,0.7,143613,0.06615084,-0.05558268,1.39189773,-1.50148875,7
TNG50-1,59,0.7,143613,-0.11864839,-0.03336024,0.85133319,0.90039985,8
TNG50-1,59,0.7,143613,0.00469887,0.03770858,1.27910223,1.55997175,9
TNG50-1,59,0.7,295306,-0.05331423,-0.06750841,0.35805576,1.12250539,0
TNG50-1,59,0.7,295306,0.01352606,0.02068245,0.98958651,-1.09598971,1
TNG50-1,59,0.7,295306,-0.02498747,-0.06918671,0.61521687,-1.07161015,2
TNG50-1,59,0.7,295306,-0.04132049,-0.01480169,1.31649115,2.18417838,3
TNG50-1,59,0.7,295306,0.07151979,-0.07418138,0.93977517,-3.01299387,4
TNG50-1,59,0.7,295306,0.11868605,0.00281298,0.42146962,-0.67533012,5
TNG50-1,59,0.7,295306,-0.0028215,0.05616202,0.55572702,-1.64480917,6
TNG50-1,59,0.7,295306,-0.0751089,-0.03064243,0.79389058,-2.97131659,7
TNG50-1,59,0.7,295306,0.01982022,-0.00097082,1.27569513,-1.78082354,8
TNG50-1,59,0.7,295306,-0.10426853,-0.0407923,1.24773493,-1.9839315,9
TNG50-1,59,0.7,305741,-0.00091171,-0.03557485,0.54369996,1.00529337,0
TNG50-1,59,0.7,305741,-0.04295363,0.04348958,1.284874,-2.96801983,1
TNG50-1,59,0.7,305741,-0.0544526,-0.01096854,1.12966552,0.14691913,2
TNG50-1,59,0.7,305741,-0.00232686,0.08766507,0.44267443,-1.06632481,3
TNG50-1,59,0.7,305741,-0.06788998,-0.02927105,1.1642107,0.89088459,4
TNG50-1,59,0.7,305741,-0.0071704,-0.0805665,1.12928991,-0.5958984,5
TNG50-1,59,0.7,305741,-0.01320199,0.0416821,1.21735537,3.01925957,6
TNG50-1,59,0.7,305741,-0.00595749,0.02128105,1.35509584,2.06371326,7
TNG50-1,59,0.7,305741,0.0201328,0.06008307,0.97934768,1.25896757,8
TNG50-1,59,0.7,305741,0.03109773,0.01548219,0.67377295,0.09843905,9
TNG50-1,59,0.7,181445,0.10694344,0.02169902,0.73780873,-2.96825181,0
TNG50-1,59,0.7,181445,-0.03100538,-0.10783585,0.36143157,1.42992961,1
TNG50-1,59,0.7,181445,-0.01378396,-0.00351457,0.70834086,2.390353,2
TNG50-1,59,0.7,181445,0.01160896,0.01800882,1.18077151,1.85833818,3
TNG50-1,59,0.7,181445,-0.08029733,0.01642221,0.99218223,2.71332521,4
TNG50-1,59,0.7,181445,-0.08608995,-0.00813882,0.89237522,1.77632238,5
TNG50-1,59,0.7,181445,-0.02408066,-0.03301693,0.71021281,0.1132429,6
TNG50-1,59,0.7,181445,-0.02235016,-0.00959352,1.2768429,-0.14492615,7
TNG50-1,59,0.7,181445,0.00671131,0.06169796,0.93259801,-2.94153804,8
TNG50-1,59,0.7,181445,-0.04889972,-0.02997337,0.52212124,-3.02472938,9
TNG50-1,59,0.7,95229,0.0052666,-0.05938437,1.30180399,-0.5810626,0
TNG50-1,59,0.7,95229,0.01518901,0.0690033,0.49055896,1.54941656,1
TNG50-1,59,0.7,95229,-0.0448197,0.09677438,0.90297688,1.66336261,2
TNG50-1,59,0.7,95229,0.02014697,-0.03519654,0.83119642,2.37687726,3
TNG50-1,59,0.7,95229,0.04319321,0.03930855,1.15586029,0.28227406,4
TNG50-1,59,0.7,95229,0.0198674,0.07289341,1.35418904,-1.79883064,5
TNG50-1,59,0.7,95229,-0.01770867,-0.04788135,0.30326961,0.45602595,6
TNG50-1,59,0.7,95229,0.00872008,-0.10792164,1.35539929,-2.51757755,7
TNG50-1,59,0.7,95229,-0.01818806,0.07583997,0.58015729,-0.7776762,8
TNG50-1,59,0.7,95229,-0.005937,-0.00051623,0.78306694,0.69345344,9
TNG50-1,59,0.7,434782,0.00055662,0.0650327,1.0611731,-1.98304881,0
TNG50-1,59,0.7,434782,0.05703031,-0.02369618,0.9187238,1.26015372,1
TNG50-1,59,0.7,434782,0.04022498,0.02338193,1.18952985,2.00610206,2
TNG50-1,59,0.7,434782,0.01963629,-0.03887175,1.00724951,-2.54915841,3
TNG50-1,59,0.7,434782,-0.07703645,0.02883401,0.75887222,2.48792759,4
TNG50-1,59,0.7,434782,0.05466735,0.01256436,1.04348845,2.77277402,5
TNG50-1,59,0.7,434782,0.01890678,-0.03154844,0.75998194,1.05705759,6
TNG50-1,59,0.7,434782,0.03512875,0.0046832,0.69444608,-2.44375141,7
TNG50-1,59,0.7,434782,0.01567707,-0.02843547,0.67525314,0.96566775,8
TNG50-1,59,0.7,434782,0.02429651,-0.01890005,0.88788018,-0.90434886,9
TNG50-1,59,0.7,405232,0.02538657,-0.00223609,0.62823961,-0.93379274,0
TNG50-1,59,0.7,405232,-0.02247851,-0.0153971,1.30316118,1.1706814,1
TNG50-1,59,0.7,405232,-0.0706399,0.02731163,1.05401071,-2.60900881,2
TNG50-1,59,0.7,405232,0.02923533,-0.00988266,1.3239706,2.26015578,3
TNG50-1,59,0.7,405232,0.06316293,0.04938809,1.06204689,1.73055266,4
TNG50-1,59,0.7,405232,-0.00893362,0.04361333,0.87386417,-0.6933824,5
TNG50-1,59,0.7,405232,0.00602002,-0.016123,1.34298743,-0.19661696,6
TNG50-1,59,0.7,405232,-0.07531506,-0.05017194,1.34492704,-0.64267214,7
TNG50-1,59,0.7,405232,-0.10296188,-0.09580807,0.70478174,1.79215428,8
TNG50-1,59,0.7,405232,-0.09245418,0.07167845,1.04710419,-2.95941836,9
TNG50-1,59,0.7,358441,-0.02142379,-0.0427743,1.25629804,-1.98868213,0
TNG50-1,59,0.7,358441,0.01445626,-0.01969279,1.21106992,1.59186602,1
TNG50-1,59,0.7,358441,0.02560784,0.07541279,0.9813539,-0.12442067,2
TNG50-1,59,0.7,358441,-0.02471526,0.07761164,1.1343067,2.67725671,3
TNG50-1,59,0.7,358441,0.00931858,0.04092133,1.24928432,0.67987335,4
TNG50-1,59,0.7,358441,0.08000231,-0.05409248,1.31053054,-1.85986414,5
TNG50-1,59,0.7,358441,-0.03132674,0.00412046,1.04255821,-1.91028768,6
TNG50-1,59,0.7,358441,0.06584463,6.243e-05,1.1114185,2.93612734,7
TNG50-1,59,0.7,358441,-0.02952484,-0.04279065,0.31129978,2.62810838,8
TNG50-1,59,0.7,358441,0.09010344,0.03484186,0.52813849,-0.10769887,9
TNG50-1,59,0.7,341580,0.03754524,0.09891895,1.12639371,1.67500025,0
TNG50-1,59,0.7,341580,-0.05004209,-0.01271664,0.96985168,-0.54525079,1
TNG50-1,59,0.7,341580,-0.00664144,-0.06873976,0.80961192,2.25922493,2
TNG50-1,59,0.7,341580,-0.05147747,0.05411185,0.52700697,2.82211255,3
TNG50-1,59,0.7,341580,-0.05872305,0.00336925,0.99911337,-2.66771388,4
TNG50-1,59,0.7,341580,0.05532683,0.02847485,1.16766374,1.32463919,5
TNG50-1,59,0.7,341580,0.08013878,-0.11189452,1.16164197,-2.60585129,6
TNG50-1,59,0.7,341580,0.06345006,-0.01631374,1.28532713,-2.69091133,7
TNG50-1,59,0.7,341580,-0.07356679,0.04744017,1.27879643,-1.40888334,8
TNG50-1,59,0.7,341580,-0.06662936,-0.0320181,1.14031789,-2.50320495,9
TNG50-1,59,0.7,382939,0.02239857,0.10810896,0.67212606,-2.48993205,0
TNG50-1,59,0.7,382939,0.06905254,-0.06304939,0.44347459,-0.09649475,1
TNG50-1,59,0.7,382939,0.00529325,0.04081649,1.20973456,2.88389919,2
TNG50-1,59,0.7,382939,-0.07221428,-0.02819382,1.08726061,-0.95581777,3
TNG50-1,59,0.7,382939,-0.04566098,-0.06600864,0.62345432,1.51171749,4
TNG50-1,59,0.7,382939,0.011064,0.07820644,1.18089152,2.69718563,5
TNG50-1,59,0.7,382939,-0.09834768,0.10799222,0.95217743,-1.62981163,6
TNG50-1,59,0.7,382939,-0.06163911,0.02059313,1.01313148,-2.63026544,7
TNG50-1,59,0.7,382939,-0.08237519,0.01812553,0.86028228,-2.66599933,8
TNG50-1,59,0.7,382939,0.00577146,0.00311353,0.24345993,-2.68296019,9
TNG50-1,59,0.7,366255,-0.13350153,-0.0862333,0.74562892,1.51668274,0
TNG50-1,59,0.7,366255,-0.00071974,0.00883497,1.19131601,0.56116538,1
TNG50-1,59,0.7,366255,0.01114211,0.02070957,1.02069125,2.0449108,2
TNG50-1,59,0.7,366255,-0.00315539,0.08089939,1.28853157,1.12440182,3
TNG50-1,59,0.7,366255,-0.0310714,0.04640695,1.05197998,1.99297709,4
TNG50-1,59,0.7,366255,-0.04483943,-0.04493454,0.66345449,-2.16802516,5
TNG50-1,59,0.7,366255,-0.00258927,0.07129132,1.13265226,0.71995045,6
TNG50-1,59,0.7,366255,-0.04009383,-0.06930161,0.81922645,-0.83328489,7
TNG50-1,59,0.7,366255,0.04046502,0.00140835,1.12031826,1.54884583,8
TNG50-1,59,0.7,366255,-0.00393514,0.0377034,1.27747243,0.50319546,9
TNG50-1,59,0.7,443328,0.05366322,0.00964432,0.21627187,0.57975111,0
TNG50-1,59,0.7,443328,0.01480775,-0.00020298,1.33505897,-0.0852054,1
TNG50-1,59,0.7,443328,-0.09199807,-0.06427437,1.33737761,-2.40805363,2
TNG50-1,59,0.7,443328,-0.01384181,-0.02150535,0.63041614,-2.14478202,3
TNG50-1,59,0.7,443328,0.02189701,0.00362378,1.3161315,1.90315378,4
TNG50-1,59,0.7,443328,-0.04328523,0.07093014,1.04936795,-0.9752084,5
TNG50-1,59,0.7,443328,0.04591539,0.0346022,0.39929943,1.87874939,6
TNG50-1,59,0.7,443328,0.03647951,0.0736159,0.62965573,-1.94887258,7
TNG50-1,59,0.7,443328,0.00672433,-0.07024775,1.20403667,0.624753,8
TNG50-1,59,0.7,443328,0.00087201,-0.01780886,1.18820435,0.03209908,9
TNG50-1,59,0.7,373072,0.01416597,-0.06258159,1.3711946,0.85291452,0
TNG50-1,59,0.7,373072,0.1115753,-0.05951815,0.79995431,-3.12409609,1
TNG50-1,59,0.7,373072,-0.07014895,0.01039041,0.29983866,-2.3480439,2
TNG50-1,59,0.7,373072,-0.00977312,-0.08353869,1.21344667,-0.92714921,3
TNG50-1,59,0.7,373072,-0.06181344,0.01137421,0.51757192,-0.11401269,4
TNG50-1,59,0.7,373072,0.01675917,0.06697784,0.83249196,2.71513582,5
TNG50-1,59,0.7,373072,-0.02765018,0.03335301,1.33556024,2.02301105,6
TNG50-1,59,0.7,373072,-0.05864688,-0.03116625,0.70545061,1.89510582,7
TNG50-1,59,0.7,373072,0.03661387,0.01371701,1.01500219,0.24866582,8
TNG50-1,59,0.7,373072,0.00051646,-0.06257881,0.6215608,-2.55811279,9
TNG50-1,59,0.7,383241,0.07918237,-0.02164424,0.21693254,1.34788777,0
TNG50-1,59,0.7,383241,-0.06855177,-0.03030436,0.68039335,-1.46163575,1
TNG50-1,59,0.7,383241,0.05027224,0.01522816,1.01492499,1.39459449,2
TNG50-1,59,0.7,383241,-0.00319274,-0.0306936,0.70332445,1.04362728,3
TNG50-1,59,0.7,383241,-0.0230428,0.00777144,0.52122718,0.14835326,4
TNG50-1,59,0.7,383241,0.10168811,0.04435079,0.655852,-2.76639712,5
TNG50-1,59,0.7,383241,0.03509556,0.00552556,1.38950286,-1.22329708,6
TNG50-1,59,0.7,383241,-0.02086023,0.09882505,1.29065656,-2.97122566,7
TNG50-1,59,0.7,383241,0.04786562,0.00066031,1.31112459,2.57623316,8
TNG50-1,59,0.7,383241,-0.00230292,0.06745193,1.37377483,-1.20239045,9
TNG50-1,59,0.7,403827,-0.05960516,-0.00607071,0.28393849,-2.36433872,0
TNG50-1,59,0.7,403827,-0.00151923,0.049825,0.74173623,1.50632715,1
TNG50-1,59,0.7,403827,0.05890683,0.01373186,0.40217378,-2.71386437,2
TNG50-1,59,0.7,403827,-0.0589419,-0.03930099,1.04613639,0.17037779,3
TNG50-1,59,0.7,403827,0.06335082,-0.00727936,1.14264257,1.0983167,4
TNG50-1,59,0.7,403827,-0.02194769,-0.01040522,1.27144032,-1.66796904,5
TNG50-1,59,0.7,403827,0.03556692,-0.07059045,0.95729926,-2.66627189,6
TNG50-1,59,0.7,403827,-0.01090333,0.02295191,1.12095853,0.5866271,7
TNG50-1,59,0.7,403827,0.02293743,0.03289856,1.31079341,0.6465831,8
TNG50-1,59,0.7,403827,0.08045201,0.04061954,0.3899949,-1.1813488,9
TNG50-1,59,0.7,402534,-0.00126795,0.0011095,0.88188478,-1.20954737,0
TNG50-1,59,0.7,402534,0.02690163,-0.06003397,1.05099535,1.17818342,1
TNG50-1,59,0.7,402534,0.01633471,-0.02083192,1.31125068,1.83365725,2
TNG50-1,59,0.7,402534,0.00231259,0.05187702,0.81667018,2.58250804,3
TNG50-1,59,0.7,402534,0.05290794,-0.03838296,0.70691841,-0.65856733,4
TNG50-1,59,0.7,402534,0.03353498,0.0205299,0.95092185,3.09316189,5
TNG50-1,59,0.7,402534,-0.00906997,0.04393885,1.34766178,-2.48882919,6
TNG50-1,59,0.7,402534,0.03176243,0.0012219,1.31440708,2.05167524,7
TNG50-1,59,0.7,402534,-0.07728072,-0.04322966,0.36190446,-1.43189927,8
TNG50-1,59,0.7,402534,0.05318743,-0.00319516,1.24150563,2.74632326,9
TNG50-1,59,0.7,422325,0.07063068,-0.03507804,1.19213035,0.19752866,0
TNG50-1,59,0.7,422325,0.01097146,-0.0128512,1.05777163,-2.03560129,1
TNG50-1,59,0.7,422325,0.03544798,0.02444026,0.40516842,2.35327116,2
TNG50-1,59,0.7,422325,-0.06605663,-0.10528878,0.47844237,-2.67512349,3
TNG50-1,59,0.7,422325,-0.06587407,0.06601993,0.97376139,3.06242876,4
TNG50-1,59,0.7,422325,0.02070606,-0.00852745,1.2973096,0.23840296,5
TNG50-1,59,0.7,422325,0.05137825,0.06471937,1.04590299,3.03831167,6
TNG50-1,59,0.7,422325,-0.05646191,0.03493487,0.86877371,1.58032195,7
TNG50-1,59,0.7,422325,-0.00509011,0.04261502,1.18540906,-2.18090565,8
TNG50-1,59,0.7,422325,-0.07936114,0.10101481,1.23999208,-1.71256052,9
TNG50-1,59,0.7,387163,-0.10449676,-0.02692048,1.23786089,3.1268859,0
TNG50-1,59,0.7,387163,-0.07819639,0.03169529,0.90657887,-1.6626247,1
TNG50-1,59,0.7,387163,0.01077311,-0.00884073,0.99560063,-0.02284386,2
TNG50-1,59,0.7,387163,-0.045376,-0.00381662,1.06741058,1.0928299,3
TNG50-1,59,0.7,387163,-0.08226317,0.05189226,0.87794646,0.30073012,4
TNG50-1,59,0.7,387163,-0.02096877,0.039595,0.8876421,-2.89608899,5
TNG50-1,59,0.7,387163,0.013989,-0.00924326,1.34346329,0.08586719,6
TNG50-1,59,0.7,387163,0.02075347,-0.01635283,1.04014812,2.93064834,7
TNG50-1,59,0.7,387163,-0.00144351,-0.0167419,0.71660806,-0.58644812,8
TNG50-1,59,0.7,387163,-0.00304306,-0.10106332,1.07109295,-2.41161923,9
TNG50-1,59,0.7,413102,0.01504187,-0.02091235,0.90385072,1.20531089,0
TNG50-1,59,0.7,413102,-0.02951611,-0.01039687,1.02393947,-3.05030215,1
TNG50-1,59,0.7,413102,0.04376833,0.016243,0.63301377,1.07596183,2
TNG50-1,59,0.7,413102,0.0620093,0.03058911,1.09844362,0.98370592,3
TNG50-1,59,0.7,413102,-0.03871095,0.02007717,0.41250819,-3.14142009,4
TNG50-1,59,0.7,413102,-0.07092801,0.08960866,1.3386705,-0.57075998,5
TNG50-1,59,0.7,413102,-0.06102269,0.05470617,0.71732222,-2.89780873,6
TNG50-1,59,0.7,413102,-0.0334978,0.0110981,0.39620635,-1.30062691,7
TNG50-1,59,0.7,413102,-0.00271343,-0.04852438,0.90449387,3.05728788,8
TNG50-1,59,0.7,413102,-0.0814565,-0.03377487,0.4911651,2.76638711,9
TNG50-1,59,0.7,374414,0.06151224,0.01818159,0.48416237,1.45011537,0
TNG50-1,59,0.7,374414,0.08740877,0.00571207,1.26682149,1.73195819,1
TNG50-1,59,0.7,374414,0.01173548,0.03186395,0.38958341,-0.73920241,2
TNG50-1,59,0.7,374414,-0.01808425,0.05966655,0.71575163,2.57505906,3
TNG50-1,59,0.7,374414,0.0523139,-0.07762245,0.95746269,-1.30564616,4
TNG50-1,59,0.7,374414,0.0235175,0.00194759,1.38095123,2.11155615,5
TNG50-1,59,0.7,374414,-0.01053536,0.09505402,1.18632103,-0.47291607,6
TNG50-1,59,0.7,374414,0.04840373,-0.02982768,0.55589014,-1.66988937,7
TNG50-1,59,0.7,374414,-0.04048166,-0.03573739,1.07339653,-0.98363673,8
TNG50-1,59,0.7,374414,-0.03454025,-0.11204937,0.76780244,1.8822126,9
TNG50-1,59,0.7,405573,-0.06899419,-0.0585065,0.22347288,-2.08899935,0
TNG50-1,59,0.7,405573,-0.00532626,-0.02129569,1.09059105,0.22147064,1
TNG50-1,59,0.7,405573,-0.07113307,0.05979407,0.76467303,2.62299169,2
TNG50-1,59,0.7,405573,-0.04094379,-0.06610101,0.81666117,-2.41490324,3
TNG50-1,59,0.7,405573,0.09775292,-0.0084633,1.26045123,-1.94940226,4
TNG50-1,59,0.7,405573,-0.05115168,0.01456522,1.06507,-1.53543091,5
TNG50-1,59,0.7,405573,-0.11712963,-0.03596175,0.2676761,1.57695124,6
TNG50-1,59,0.7,405573,0.04065831,0.01209851,1.29387456,0.48538497,7
TNG50-1,59,0.7,405573,-0.03365335,0.00078238,0.88159952,0.02228663,8
TNG50-1,59,0.7,405573,0.03840037,0.02672714,0.85613305,1.83509355,9
TNG50-1,59,0.7,283152,0.13714888,0.01853699,0.76121773,0.01520002,0
TNG50-1,59,0.7,283152,0.03748376,-0.00960411,0.37704136,2.43593647,1
TNG50-1,59,0.7,283152,-0.02280721,0.04387159,1.30280311,0.25383206,2
TNG50-1,59,0.7,283152,0.0591791,-0.04449511,0.64865707,0.08035683,3
TNG50-1,59,0.7,283152,0.0128346,-0.05489718,1.11660884,-2.54713785,4
TNG50-1,59,0.7,283152,0.00289737,0.03880895,0.76611943,1.97398504,5
TNG50-1,59,0.7,283152,-0.00910078,-0.01476692,1.31992339,-0.55164784,6
TNG50-1,59,0.7,283152,-0.01250168,0.04278669,0.51446772,0.62847589,7
TNG50-1,59,0.7,283152,-0.06099853,0.00167307,0.73342075,0.94682343,8
TNG50-1,59,0.7,283152,-0.0836831,0.09387614,0.33594363,1.72669034,9
TNG50-1,59,0.7,398013,-0.06021917,0.08313529,1.07366514,1.14350578,0
TNG50-1,59,0.7,398013,0.0655982,0.0349586,0.59833092,2.60643288,1
TNG50-1,59,0.7,398013,-0.01500126,0.01206624,1.30996812,-1.41029524,2
TNG50-1,59,0.7,398013,-0.12107521,0.05643806,1.21804685,1.41545039,3
TNG50-1,59,0.7,398013,0.0271033,0.012183,1.22098461,-2.65987697,4
TNG50-1,59,0.7,398013,-0.02170084,0.04079332,0.83130991,-2.35475926,5
TNG50-1,59,0.7,398013,-0.0149307,0.02791109,0.73142311,-1.72082532,6
TNG50-1,59,0.7,398013,-0.01170083,0.00641725,0.55790706,-2.49645565,7
TNG50-1,59,0.7,398013,-0.01682762,0.04701562,0.45344156,2.92586481,8
TNG50-1,59,0.7,398013,0.13638839,-0.02100873,0.49736533,-0.21209376,9
TNG50-1,59,0.7,429236,0.00801578,-0.03774849,1.23953328,0.87598053,0
TNG50-1,59,0.7,429236,0.07040217,-0.04553686,0.71681913,-0.83815069,1
TNG50-1,59,0.7,429236,-0.04225063,0.01045639,1.14569095,1.80751963,2
TNG50-1,59,0.7,429236,0.0245032,0.00026067,0.99770972,2.44977927,3
TNG50-1,59,0.7,429236,-0.02807826,-0.00341221,0.45194898,-1.66062553,4
TNG50-1,59,0.7,429236,-0.02228882,0.01269938,1.07914382,1.83664481,5
TNG50-1,59,0.7,429236,-0.04387856,-0.05047888,1.15448978,-2.18143531,6
TNG50-1,59,0.7,429236,-0.052217,-0.04494511,1.37388341,-2.25612003,7
TNG50-1,59,0.7,429236,-0.02373965,0.04931253,0.74037306,-0.44958923,8
TNG50-1,59,0.7,429236,0.05240056,-0.00729653,1.21928547,-1.10263932,9
TNG50-1,59,0.7,396330,-0.06827281,-0.05453933,0.29204209,-2.92412737,0
TNG50-1,59,0.7,396330,-0.07447542,-0.09439474,0.41606651,-0.55323342,1
TNG50-1,59,0.7,396330,-0.01334083,0.00720541,1.18564208,0.6156156,2
TNG50-1,59,0.7,396330,0.00631051,-0.07475845,0.83236488,0.99727666,3
TNG50-1,59,0.7,396330,0.04961922,-0.04257297,0.95847094,2.48110278,4
TNG50-1,59,0.7,396330,0.08649467,-0.03424164,0.96207979,-2.09228235,5
TNG50-1,59,0.7,396330,0.08921113,0.01093757,1.02750041,-2.5758753,6
TNG50-1,59,0.7,396330,-0.0221175,0.06403106,0.36975228,2.47054133,7
TNG50-1,59,0.7,396330,0.04672757,0.00063717,0.6255073,0.04158992,8
TNG50-1,59,0.7,396330,0.02128143,-0.02694413,0.54328544,0.24639865,9
TNG50-1,59,0.7,387529,0.00692779,0.07773602,1.1942155,0.07311745,0
TNG50-1,59,0.7,387529,0.01542976,-0.00936996,0.85133354,-0.46333911,1
TNG50-1,59,0.7,387529,-0.03954608,0.04408459,0.92230453,2.83212345,2
TNG50-1,59,0.7,387529,0.06748528,-0.03631154,1.25920411,-2.66267911,3
TNG50-1,59,0.7,387529,-0.05533364,0.02024869,0.76401627,-0.25927165,4
TNG50-1,59,0.7,387529,0.02195989,-0.04662302,1.34736774,1.83165753,5
TNG50-1,59,0.7,387529,-0.02429203,0.00097356,0.435073,0.28008612,6
TNG50-1,59,0.7,387529,0.0541173,-0.00257061,0.89099566,0.40977654,7
TNG50-1,59,0.7,387529,0.04418704,0.04392794,0.86549423,2.58374391,8
TNG50-1,59,0.7,387529,-0.00010249,-0.0335375,1.15756628,-0.78104527,9
TNG50-1,59,0.7,347544,0.00131291,0.01690179,0.42048032,-2.53931326,0
TNG50-1,59,0.7,347544,-0.03806802,0.10261651,1.21471826,1.24624215,1
TNG50-1,59,0.7,347544,0.02176164,0.05684332,1.04930164,1.55286819,2
TNG50-1,59,0.7,347544,-0.03311744,0.0174382,0.76343345,-2.69542556,3
TNG50-1,59,0.7,347544,0.00350906,-0.03541543,1.12613166,-0.91784359,4
TNG50-1,59,0.7,347544,-0.00698666,-0.02752706,0.63799502,2.4848772,5
TNG50-1,59,0.7,347544,-0.08442424,-0.09016282,0.71008409,1.06461016,6
TNG50-1,59,0.7,347544,0.1014392,-0.01841412,1.3707645,0.21313632,7
TNG50-1,59,0.7,347544,0.02873938,0.03309192,0.52907355,0.02584267,8
TNG50-1,59,0.7,347544,0.0090103,0.03168144,1.08743009,0.68119991,9
TNG50-1,59,0.7,391531,0.02926406,0.05712037,1.26542506,2.9629928,0
TNG50-1,59,0.7,391531,0.0291398,-0.01293495,1.16779834,-2.37663816,1
TNG50-1,59,0.7,391531,-0.03837717,-0.06604437,1.28083541,1.00822168,2
TNG50-1,59,0.7,391531,-0.02082871,0.01822412,1.04963534,2.44190026,3
TNG50-1,59,0.7,391531,-0.05014783,-0.04112418,1.30301162,2.41755634,4
TNG50-1,59,0.7,391531,0.08404563,-0.01024678,1.32749068,0.07620854,5
TNG50-1,59,0.7,391531,-0.07791053,-0.0252875,1.00590238,-1.39830529,6
TNG50-1,59,0.7,391531,0.04570695,-0.04395605,0.85402895,2.06006469,7
TNG50-1,59,0.7,391531,0.02905606,-0.05942016,0.84702206,0.70742255,8
TNG50-1,59,0.7,391531,-0.08016817,0.03984173,1.32355665,1.82869969,9
TNG50-1,59,0.7,392133,0.01474214,-0.00248312,1.33154942,-0.66665859,0
TNG50-1,59,0.7,392133,-0.03281019,0.07805704,1.32566151,1.14334921,1
TNG50-1,59,0.7,392133,0.01557446,-0.00749094,0.32818633,-1.10100781,2
TNG50-1,59,0.7,392133,0.10384863,-0.00482195,1.26751758,-0.38617433,3
TNG50-1,59,0.7,392133,-0.04946676,0.01714714,1.10732073,3.10217416,4
TNG50-1,59,0.7,392133,-0.05577971,0.03238324,0.9982216,1.7233907,5
TNG50-1,59,0.7,392133,-0.04322677,0.0686614,1.39449286,0.33912428,6
TNG50-1,59,0.7,392133,-0.01665772,0.01200207,1.24260548,0.16804668,7
TNG50-1,59,0.7,392133,-0.02607005,-0.00013282,0.57156041,2.16312451,8
TNG50-1,59,0.7,392133,-0.05203304,-0.04957663,0.93937784,0.63376573,9
TNG50-1,59,0.7,415508,0.04860149,0.04993265,1.21834277,2.16050171,0
TNG50-1,59,0.7,415508,0.03344206,-0.01058589,1.32773095,-0.30276238,1
TNG50-1,59,0.7,415508,-0.04113989,0.04609175,0.54395735,-2.13771531,2
TNG50-1,59,0.7,415508,0.04442012,-0.00751058,1.10001305,1.08268018,3
TNG50-1,59,0.7,415508,0.01546564,-0.12026639,1.12277384,0.94697172,4
TNG50-1,59,0.7,415508,-0.01618968,-0.03608676,1.31265998,-2.8457829,5
TNG50-1,59,0.7,415508,-0.06129153,0.00661304,0.41452844,2.50951267,6
TNG50-1,59,0.7,415508,0.01707235,0.05413122,0.81930947,-1.03522238,7
TNG50-1,59,0.7,415508,0.09326903,-0.00767498,0.75144252,-0.44749004,8
TNG50-1,59,0.7,415508,0.00072858,0.00149077,0.45698663,0.08659106,9
TNG50-1,59,0.7,349993,-0.00935953,0.03023951,0.21326981,-0.57930893,0
TNG50-1,59,0.7,349993,-0.02843218,0.0138817,0.78997068,2.25306982,1
TNG50-1,59,0.7,349993,-0.08840099,0.01611036,1.16604787,-1.91365913,2
TNG50-1,59,0.7,349993,-0.00096068,-0.00468896,0.69537562,-2.67184409,3
TNG50-1,59,0.7,349993,-0.04255057,0.0394695,1.32432673,2.21024101,4
TNG50-1,59,0.7,349993,0.06091694,0.03223864,1.08130647,2.23993118,5
TNG50-1,59,0.7,349993,-0.01003604,-0.10884101,1.20725547,-1.61429839,6
TNG50-1,59,0.7,349993,0.0373543,-0.01287267,0.46051716,-1.91458819,7
TNG50-1,59,0.7,349993,-0.02412565,0.05073704,0.69896568,1.39051398,8
TNG50-1,59,0.7,349993,-0.03377412,-0.05097675,0.96064499,-2.24067705,9
TNG50-1,59,0.7,407207,-0.06376227,-0.06391436,0.38585318,-2.32690054,0
TNG50-1,59,0.7,407207,0.04170487,0.06294164,1.34080684,1.78093733,1
TNG50-1,59,0.7,407207,0.13773378,-0.04880718,1.10035492,1.44390569,2
TNG50-1,59,0.7,407207,-0.01178438,0.03899048,1.36895163,1.08856793,3
TNG50-1,59,0.7,407207,-0.06014519,-0.00524694,0.76322224,0.86756199,4
TNG50-1,59,0.7,407207,0.06208464,0.00626822,1.03772246,-2.36013405,5
TNG50-1,59,0.7,407207,-0.05662441,0.02611105,0.3557324,1.97319272,6
TNG50-1,59,0.7,407207,-0.01833373,-0.00267267,0.75250257,0.84919803,7
TNG50-1,59,0.7,407207,-0.13193549,-0.03239022,0.85316922,1.70571503,8
TNG50-1,59,0.7,407207,-0.01516367,-0.04060131,0.43369611,2.36304371,9
TNG50-1,59,0.7,418144,-0.00786806,-0.00519539,0.7358231,-1.3978243,0
TNG50-1,59,0.7,418144,-0.02890949,-0.0338497,1.38275443,-2.67238237,1
TNG50-1,59,0.7,418144,0.1248014,-0.11638684,1.0076551,-0.07102903,2
TNG50-1,59,0.7,418144,0.00191083,-0.01935901,0.80152182,2.66653958,3
TNG50-1,59,0.7,418144,0.01482584,-0.03412035,1.14060592,-1.73809466,4
TNG50-1,59,0.7,418144,-0.05697104,-0.05715266,1.08433482,-1.82495501,5
TNG50-1,59,0.7,418144,0.04425534,0.0726543,0.5089384,1.75708525,6
TNG50-1,59,0.7,418144,-0.00617327,0.04913832,0.45056469,0.57797882,7
TNG50-1,59,0.7,418144,0.02229067,-0.09149196,0.52444981,-0.60130161,8
TNG50-1,59,0.7,418144,0.0451167,0.00768552,0.68013376,2.27872454,9
TNG50-1,59,0.7,434085,0.10644743,-0.06791951,1.32552965,-0.04263645,0
TNG50-1,59,0.7,434085,0.03963451,-0.05880032,1.04307417,-1.0100706,1
TNG50-1,59,0.7,434085,-0.03311335,0.02730291,0.57455701,0.11919698,2
TNG50-1,59,0.7,434085,-0.03611624,0.01359974,0.46642536,-2.78110176,3
TNG50-1,59,0.7,434085,0.03578953,0.0568475,0.93922502,0.44097798,4
TNG50-1,59,0.7,434085,0.07484952,-0.08685978,1.1571165,-0.02384716,5
TNG50-1,59,0.7,434085,-0.02558176,-0.07584564,0.70107358,-0.49911953,6
TNG50-1,59,0.7,434085,-0.02284004,0.02278608,0.81266926,-1.10588035,7
TNG50-1,59,0.7,434085,0.00438558,-0.04360149,0.9871145,0.76516845,8
TNG50-1,59,0.7,434085,-0.0694483,-0.03997156,0.98236258,-0.09440299,9
TNG50-1,59,0.7,394695,-0.08739549,0.04701665,0.56447515,0.72893436,0
TNG50-1,59,0.7,394695,0.10273657,0.0095418,0.30775511,-1.39315422,1
TNG50-1,59,0.7,394695,-0.0025946,0.08021732,0.96632454,-0.72918903,2
TNG50-1,59,0.7,394695,-0.02283989,0.02881265,0.49462069,-1.57377295,3
TNG50-1,59,0.7,394695,0.00941207,-0.02665603,1.3408347,0.83277525,4
TNG50-1,59,0.7,394695,-0.06974262,-0.04046122,0.83293656,-2.50048889,5
TNG50-1,59,0.7,394695,0.01879301,-0.03482657,1.09443235,-0.48019569,6
TNG50-1,59,0.7,394695,-0.0040131,0.0294415,1.08705375,3.00642486,7
TNG50-1,59,0.7,394695,0.05368894,-0.06658098,1.00651793,3.07108475,8
TNG50-1,59,0.7,394695,0.04285065,0.0077553,0.85870893,0.11286645,9
TNG50-1,59,0.7,294337,0.08519074,-0.04167944,1.16501806,-1.55197576,0
TNG50-1,59,0.7,294337,0.04021721,0.05051623,0.90555418,0.09534376,1
TNG50-1,59,0.7,294337,-0.07310104,0.01187727,1.22485106,-0.27639457,2
TNG50-1,59,0.7,294337,-0.02655514,0.03535265,1.11485566,2.27441978,3
TNG50-1,59,0.7,294337,0.07704784,0.02733445,1.04,0.87490052,4
TNG50-1,59,0.7,294337,0.02276086,0.07043582,1.38878917,-0.63678732,5
TNG50-1,59,0.7,294337,0.00909447,0.02273213,0.94781319,-0.71787361,6
TNG50-1,59,0.7,294337,0.01059805,0.04118048,0.22035977,0.29650723,7
TNG50-1,59,0.7,294337,-0.00417807,0.00836415,1.04638365,-1.54963416,8
TNG50-1,59,0.7,294337,-0.02621215,-0.04737219,1.1678003,-0.48477535,9
TNG50-1,59,0.7,422099,-0.01049881,0.02004445,1.37911305,0.30848821,0
TNG50-1,59,0.7,422099,0.01219534,-0.00539555,0.74880008,-1.92646435,1
TNG50-1,59,0.7,422099,-0.0190001,0.01420179,0.5836024,2.1750908,2
TNG50-1,59,0.7,422099,0.05321968,0.02260468,1.00532464,-2.49870313,3
TNG50-1,59,0.7,422099,-0.0005637,-0.11174779,1.25513418,-0.08451086,4
TNG50-1,59,0.7,422099,0.01258312,0.03797434,0.83872864,2.258422,5
TNG50-1,59,0.7,422099,-0.04082835,0.05561989,0.69503926,0.18483873,6
TNG50-1,59,0.7,422099,0.0532438,0.06124025,0.79479095,1.63959378,7
TNG50-1,59,0.7,422099,0.07194828,-0.04723111,1.0948334,-1.63628258,8
TNG50-1,59,0.7,422099,-0.06815736,-0.00154864,1.0833733,-0.34235525,9
TNG50-1,59,0.7,330994,-0.03808122,-0.04419715,0.49285368,-2.81345895,0
TNG50-1,59,0.7,330994,0.00768461,-0.03237057,1.09214579,1.45386343,1
TNG50-1,59,0.7,330994,-0.00785801,-0.03323863,1.37343451,-2.90044883,2
TNG50-1,59,0.7,330994,-0.07919,-0.10685322,1.37331881,-1.49173481,3
TNG50-1,59,0.7,330994,-0.01153428,0.00366301,1.24281603,0.19420949,4
TNG50-1,59,0.7,330994,-0.0605142,-0.08330376,0.64111292,2.57144974,5
TNG50-1,59,0.7,330994,-0.03260097,0.00380979,0.45930586,-2.47964785,6
TNG50-1,59,0.7,330994,0.02163897,-0.07297176,1.29363197,-0.95312553,7
TNG50-1,59,0.7,330994,0.035123,-0.06031272,0.54560958,0.48328281,8
TNG50-1,59,0.7,330994,-0.00091234,0.03343078,0.67296831,1.50925412,9
TNG50-1,59,0.7,392839,0.03712077,0.08383373,0.62837798,0.68326897,0
TNG50-1,59,0.7,392839,0.03796396,-0.02218272,1.23186368,0.09781309,1
TNG50-1,59,0.7,392839,0.03588677,-0.05740766,1.00108598,0.53931237,2
TNG50-1,59,0.7,392839,-0.03451612,0.0126496,0.59304466,1.02098817,3
TNG50-1,59,0.7,392839,-0.06289869,0.06459303,1.34424402,-0.49870875,4
TNG50-1,59,0.7,392839,-0.05017963,-0.04219001,0.39789945,-1.26437034,5
TNG50-1,59,0.7,392839,0.03439861,-0.08523969,1.2174483,-1.98640722,6
TNG50-1,59,0.7,392839,0.07108133,0.00188522,0.95745045,2.75873297,7
TNG50-1,59,0.7,392839,0.03670014,0.03857184,0.69969101,-0.61967419,8
TNG50-1,59,0.7,392839,-0.00834675,-0.14822832,1.29739076,-1.36832484,9
TNG50-1,59,0.7,335661,0.0302921,0.00165651,0.37168352,-1.21886181,0
TNG50-1,59,0.7,335661,-0.00036147,0.06949756,1.25975874,3.06189068,1
TNG50-1,59,0.7,335661,-0.01058332,-0.07246985,0.48109494,-0.36382817,2
TNG50-1,59,0.7,335661,-0.10318802,-0.02351543,0.6065215,-1.68888438,3
TNG50-1,59,0.7,335661,0.00416967,-0.06606534,0.2230462,1.59111337,4
TNG50-1,59,0.7,335661,0.02977493,0.05126595,1.06057491,-1.43537053,5
TNG50-1,59,0.7,335661,-0.0028908,0.06195183,1.29457111,0.19491619,6
TNG50-1,59,0.7,335661,-0.03911375,0.09612918,1.38833434,-2.15304662,7
TNG50-1,59,0.7,335661,-0.08396075,0.02607123,0.62314235,-0.24609399,8
TNG50-1,59,0.7,335661,0.0226529,0.03946346,1.28635253,-2.45912745,9
TNG50-1,59,0.7,393088,0.02303544,0.07341816,0.98791642,-0.55720456,0
TNG50-1,59,0.7,393088,0.09978846,0.02172133,0.69190213,-0.13331754,1
TNG50-1,59,0.7,393088,0.0681473,0.04023927,0.8882195,-1.73543343,2
TNG50-1,59,0.7,393088,0.06242834,0.01467344,0.72573406,0.98239534,3
TNG50-1,59,0.7,393088,0.04210305,0.02843797,1.35882584,-1.8395277,4
TNG50-1,59,0.7,393088,-0.02978907,-0.10585249,1.1310409,0.69067016,5
TNG50-1,59,0.7,393088,-0.03749214,0.01573384,0.30829327,1.61753848,6
TNG50-1,59,0.7,393088,-0.03710148,-0.02127699,1.0280384,0.95754382,7
TNG50-1,59,0.7,393088,-0.05692274,-0.00200801,1.21300368,-2.57370411,8
TNG50-1,59,0.7,393088,0.04733043,0.01128824,0.23004731,-2.64035722,9
TNG50-1,59,0.7,442333,0.05175731,0.03299765,1.39727555,2.38265915,0
TNG50-1,59,0.7,442333,-0.02047609,0.07285318,0.77118389,-1.68056544,1
TNG50-1,59,0.7,442333,-0.00091782,-0.03322595,1.13060046,0.661527,2
TNG50-1,59,0.7,442333,-0.03749131,-0.0392385,0.68188902,-1.54576635,3
TNG50-1,59,0.7,442333,-0.03430373,0.05567063,0.28377308,1.33491421,4
TNG50-1,59,0.7,442333,-0.02180198,0.02016257,1.03867242,0.9346024,5
TNG50-1,59,0.7,442333,-0.09503823,-0.00679619,1.37528637,0.05760558,6
TNG50-1,59,0.7,442333,0.01733246,0.04072811,0.54010687,0.34573167,7
TNG50-1,59,0.7,442333,0.0057447,0.01370552,1.16755374,-1.71377944,8
TNG50-1,59,0.7,442333,-0.07488534,0.07142502,1.27619197,-3.00382248,9
TNG50-1,59,0.7,272861,0.04534012,-0.05983989,0.2607088,0.64110872,0
TNG50-1,59,0.7,272861,-0.0106517,-0.05701682,0.88189157,2.32489704,1
TNG50-1,59,0.7,272861,-0.0241537,-0.03571691,1.0261444,-0.88981958,2
TNG50-1,59,0.7,272861,0.0557614,-0.04691113,0.55814966,-2.78107005,3
TNG50-1,59,0.7,272861,0.07005577,0.04421802,0.68059875,-0.78399865,4
TNG50-1,59,0.7,272861,0.07800666,0.0408486,1.29624246,0.20526794,5
TNG50-1,59,0.7,272861,-0.03374957,-0.02408406,0.85923981,2.09431998,6
TNG50-1,59,0.7,272861,-0.0289658,-0.00969334,0.86348235,0.8284305,7
TNG50-1,59,0.7,272861,-0.023579,-0.12698666,0.82078632,-0.36315511,8
TNG50-1,59,0.7,272861,0.03592603,-0.02287138,0.36903959,-0.23956147,9
