sim,snap,redshift,subhalo_id,g1,g2,inclination,theta_int,draw_idx
TNG50-1,50,1.0,87127,0.05161964,-0.07696072,1.16584634,-1.05244072,0
TNG50-1,50,1.0,87127,-0.01463153,-0.07106889,0.84172696,-0.74974885,1
TNG50-1,50,1.0,87127,0.01235786,-0.01607803,0.93963349,-1.23075782,2
TNG50-1,50,1.0,87127,-0.01555747,0.00206155,0.55068217,1.94484299,3
TNG50-1,50,1.0,87127,0.02308789,-0.00991037,1.15518048,2.70420109,4
TNG50-1,50,1.0,87127,-0.01882449,-0.08210676,0.90265599,0.82371856,5
TNG50-1,50,1.0,87127,0.08237758,0.05757959,0.34797042,0.77679102,6
TNG50-1,50,1.0,87127,0.10086814,0.10770991,1.11587158,-0.69112764,7
TNG50-1,50,1.0,87127,0.04369691,0.06404938,1.0169889,-3.06315494,8
TNG50-1,50,1.0,87127,0.07706483,0.05427616,0.47346364,-2.04871049,9
TNG50-1,50,1.0,169401,-0.01685731,-0.02055347,1.11665964,3.05073352,0
TNG50-1,50,1.0,169401,-0.08976366,-0.00427652,1.27644526,1.2017547,1
TNG50-1,50,1.0,169401,-0.01202606,-0.03920322,0.61756571,1.39084467,2
TNG50-1,50,1.0,169401,-0.01281468,0.00054083,1.35428799,0.09944346,3
TNG50-1,50,1.0,169401,-0.07961587,0.00290432,0.77198235,1.31578857,4
TNG50-1,50,1.0,169401,-0.00365176,-0.0450125,0.51505454,1.39845469,5
TNG50-1,50,1.0,169401,-0.10335551,0.01338496,0.96071567,-2.72464751,6
TNG50-1,50,1.0,169401,-0.01738434,0.01307263,1.34196779,-1.74291461,7
TNG50-1,50,1.0,169401,0.0121798,-0.0083105,1.02742125,-3.0601151,8
TNG50-1,50,1.0,169401,0.00484981,0.12105235,1.10625272,0.06162175,9
TNG50-1,50,1.0,156083,-0.00057322,-0.0743895,0.9299161,-1.18096631,0
TNG50-1,50,1.0,156083,0.07718934,0.00814811,1.03755152,1.65447868,1
TNG50-1,50,1.0,156083,0.00012577,-0.02313827,1.32929049,-0.51772944,2
TNG50-1,50,1.0,156083,-0.03241387,0.14311318,1.2952425,-0.19604906,3
TNG50-1,50,1.0,156083,0.02938378,0.00779125,0.66670126,-0.25887313,4
TNG50-1,50,1.0,156083,-0.04081299,-0.0298196,1.37968767,-1.87154474,5
TNG50-1,50,1.0,156083,0.02667358,-0.06891509,1.35682798,1.39104343,6
TNG50-1,50,1.0,156083,0.02069205,0.06527031,0.44451718,-2.49438479,7
TNG50-1,50,1.0,156083,-0.00947013,-0.01750164,0.73731731,0.04556004,8
TNG50-1,50,1.0,156083,0.02829058,-0.0395676,1.39653585,-2.0737287,9
TNG50-1,50,1.0,257247,-0.01304151,0.01413294,0.37278621,-1.87047258,0
TNG50-1,50,1.0,257247,0.01527655,-0.00644541,1.1098827,-2.23003798,1
TNG50-1,50,1.0,257247,-0.06464351,0.04187384,0.7498731,-2.17125488,2
TNG50-1,50,1.0,257247,-0.05536088,-0.04667113,0.7222135,-0.28746414,3
TNG50-1,50,1.0,257247,-0.01506256,-0.06986933,1.21416484,2.37841533,4
TNG50-1,50,1.0,257247,-0.00726878,-0.01548938,0.82365309,-0.3221812,5
TNG50-1,50,1.0,257247,-0.05629776,0.00301181,0.79410477,1.05859356,6
TNG50-1,50,1.0,257247,0.03948238,-0.0620378,0.66170655,-0.77597877,7
TNG50-1,50,1.0,257247,-0.02087805,-0.06938768,0.20021495,-1.13308881,8
TNG50-1,50,1.0,257247,-0.02109088,0.00911489,1.36682557,2.1000616,9
TNG50-1,50,1.0,174075,0.02294949,-0.10417786,0.89629561,0.75605438,0
TNG50-1,50,1.0,174075,0.04301968,0.07946493,1.17247615,-0.325044,1
TNG50-1,50,1.0,174075,-0.01751712,-0.01019455,0.81184344,2.80141188,2
TNG50-1,50,1.0,174075,0.14115587,0.06229471,0.75342285,-2.50229593,3
TNG50-1,50,1.0,174075,-0.06094095,-0.10167633,1.14390586,2.38761988,4
TNG50-1,50,1.0,174075,-0.02638779,0.01282843,1.32764767,1.88576532,5
TNG50-1,50,1.0,174075,0.04506793,-0.02817511,0.96857818,-0.50429737,6
TNG50-1,50,1.0,174075,0.03763607,0.02860601,1.32304548,-2.18109989,7
TNG50-1,50,1.0,174075,0.02436945,0.01585352,0.94300423,-2.16225276,8
TNG50-1,50,1.0,174075,0.03376593,0.01830239,0.71013203,2.65028376,9
TNG50-1,50,1.0,233979,-0.0574235,-0.10774826,1.20231017,-1.54263825,0
TNG50-1,50,1.0,233979,0.05943443,-0.02909076,0.4542495,1.77976064,1
TNG50-1,50,1.0,233979,-0.00279965,0.02277752,1.23997399,-0.48905458,2
TNG50-1,50,1.0,233979,-0.04675121,0.03920423,1.2716661,1.73114516,3
TNG50-1,50,1.0,233979,0.05621751,0.11382698,1.38999278,-1.11207572,4
TNG50-1,50,1.0,233979,-0.07725655,0.07034488,1.24784889,0.40623449,5
TNG50-1,50,1.0,233979,-0.0277605,0.00939613,1.24116533,-0.7438629,6
TNG50-1,50,1.0,233979,-0.02858375,-0.04457077,1.33590027,-1.96239072,7
TNG50-1,50,1.0,233979,0.1071971,0.08120137,0.50963277,0.53804728,8
TNG50-1,50,1.0,233979,-0.03425104,-0.01842818,0.64042324,1.5760164,9
TNG50-1,50,1.0,5,-0.00189978,-0.05885358,0.76189039,-1.2868425,0
TNG50-1,50,1.0,5,-0.06556476,0.02255263,0.63889382,-1.27234377,1
TNG50-1,50,1.0,5,0.00842494,-0.02415733,0.4244914,-0.1059996,2
TNG50-1,50,1.0,5,0.00157723,0.01419503,0.3516741,-3.07331844,3
TNG50-1,50,1.0,5,0.02775421,-0.03861084,0.82237875,-1.66004013,4
TNG50-1,50,1.0,5,-0.05934432,-0.08567367,0.30949474,-2.95862028,5
TNG50-1,50,1.0,5,0.00049852,-0.01722586,0.43157055,0.94598737,6
TNG50-1,50,1.0,5,0.0690867,0.03613013,1.39785044,2.44596599,7
TNG50-1,50,1.0,5,0.10387499,0.01439999,0.81413077,3.12769839,8
TNG50-1,50,1.0,5,0.06400646,0.02014739,1.25081892,-0.32322658,9
TNG50-1,50,1.0,79613,0.00600919,-0.03688629,1.16396621,1.93590904,0
TNG50-1,50,1.0,79613,-0.04966157,-0.00636079,0.55948125,-0.92617154,1
TNG50-1,50,1.0,79613,0.03866351,-0.02425943,0.75284962,-2.35302966,2
TNG50-1,50,1.0,79613,-0.06992126,-0.09283451,0.73404349,-2.64428177,3
TNG50-1,50,1.0,79613,0.05227038,0.06360339,0.93008211,2.15531301,4
TNG50-1,50,1.0,79613,-0.00286833,-0.01221788,0.49578209,1.7505931,5
TNG50-1,50,1.0,79613,-0.11344325,-0.03659675,1.20842299,-1.3317755,6
TNG50-1,50,1.0,79613,0.00891648,-0.05642118,1.05252684,-2.41046746,7
TNG50-1,50,1.0,79613,-0.02030962,0.0385366,0.61807628,-1.58817294,8
TNG50-1,50,1.0,79613,-0.02784246,-0.0649216,1.28941939,-1.80335187,9
TNG50-1,50,1.0,184805,-0.0966153,0.06526223,1.39989732,1.48352224,0
TNG50-1,50,1.0,184805,-0.07372141,0.02110693,1.18254032,-2.63668139,1
TNG50-1,50,1.0,184805,0.02967285,-0.04124153,0.97045396,-1.61657822,2
TNG50-1,50,1.0,184805,-0.01424369,0.04023387,0.58214717,2.42465142,3
TNG50-1,50,1.0,184805,0.07502873,0.11207624,0.80779095,0.48330775,4
TNG50-1,50,1.0,184805,0.03081682,-0.01088085,0.41652612,-2.84887407,5
TNG50-1,50,1.0,184805,0.01497328,0.02752066,1.00152358,1.28337232,6
TNG50-1,50,1.0,184805,-0.05109313,-0.02159147,1.06264118,0.04198655,7
TNG50-1,50,1.0,184805,0.02457201,0.00426761,1.20527213,2.22752571,8
TNG50-1,50,1.0,184805,-0.0637882,-0.07536173,1.21683162,1.14626583,9
TNG50-1,50,1.0,148668,0.00428832,-0.02051173,1.24923539,-1.11352528,0
TNG50-1,50,1.0,148668,0.05337416,0.04962291,0.89855925,0.3294694,1
TNG50-1,50,1.0,148668,0.00642331,0.05460302,1.07686859,-2.62014403,2
TNG50-1,50,1.0,148668,-0.03049102,-0.04640626,0.98630985,0.28705613,3
TNG50-1,50,1.0,148668,-0.00615732,-0.02590387,1.13713298,-0.43109507,4
TNG50-1,50,1.0,148668,-0.10253164,-0.0246295,0.34115081,1.62064528,5
TNG50-1,50,1.0,148668,-0.00697014,0.04047728,1.1533499,2.18593803,6
TNG50-1,50,1.0,148668,-0.02001772,0.00727533,0.91589693,-1.88736506,7
TNG50-1,50,1.0,148668,-0.04667302,0.00463949,0.53143628,-2.62928745,8
TNG50-1,50,1.0,148668,-0.03760492,0.02681313,0.78410635,-0.68765077,9
TNG50-1,50,1.0,183225,0.02668881,-0.01140495,0.76662764,-2.13711838,0
TNG50-1,50,1.0,183225,0.00122203,0.06700283,0.42696603,-2.01976637,1
TNG50-1,50,1.0,183225,0.00120289,-0.09180408,0.82362058,0.65021181,2
TNG50-1,50,1.0,183225,-0.00826026,0.06364104,1.18964599,1.57717821,3
TNG50-1,50,1.0,183225,-0.04287087,-0.0440094,0.84727262,0.85740267,4
TNG50-1,50,1.0,183225,0.016757,0.01057663,1.05235495,-1.07264028,5
TNG50-1,50,1.0,183225,-0.01443709,-0.02940319,1.03315381,-2.76700063,6
TNG50-1,50,1.0,183225,-0.04524,-0.04615005,0.27169489,-0.18683766,7
TNG50-1,50,1.0,183225,0.05070866,0.06569433,1.16401695,0.02682702,8
TNG50-1,50,1.0,183225,0.00495048,0.09281083,0.9886102,1.70055421,9
TNG50-1,50,1.0,178021,0.00665788,0.06111881,0.761367,1.39591713,0
TNG50-1,50,1.0,178021,0.1096002,0.01894048,1.23628652,1.74712542,1
TNG50-1,50,1.0,178021,-0.02152599,0.06101913,1.29486811,1.68836055,2
TNG50-1,50,1.0,178021,0.0802705,-0.03351105,0.73885054,0.52788544,3
TNG50-1,50,1.0,178021,0.00667516,-0.04114172,1.26784678,2.7627093,4
TNG50-1,50,1.0,178021,0.08470995,0.00080525,0.62073247,0.52666604,5
TNG50-1,50,1.0,178021,-0.0612489,-0.00193261,0.90043454,0.12595013,6
TNG50-1,50,1.0,178021,0.00923261,-0.00929297,0.98089758,-1.42181922,7
TNG50-1,50,1.0,178021,-0.01968434,-0.04793159,1.16671628,-1.37139366,8
TNG50-1,50,1.0,178021,0.00697362,0.05993258,0.2576953,1.48838548,9
TNG50-1,50,1.0,214137,-0.03665731,-0.05928936,1.2889661,2.84724558,0
TNG50-1,50,1.0,214137,-0.06973845,-0.01360944,0.66601957,-1.09783709,1
TNG50-1,50,1.0,214137,0.03978581,-0.06362014,1.3142039,0.36346447,2
TNG50-1,50,1.0,214137,-0.07101969,0.01535265,0.7828652,1.26662702,3
TNG50-1,50,1.0,214137,-0.09639715,-0.0231229,1.17359494,-1.88955101,4
TNG50-1,50,1.0,214137,0.04541338,0.0092518,0.98545011,-0.34705842,5
TNG50-1,50,1.0,214137,0.00793611,0.00775741,1.23239737,-2.71542002,6
TNG50-1,50,1.0,214137,0.02363598,0.01933998,0.70513982,1.23812539,7
TNG50-1,50,1.0,214137,-0.02212138,0.02497413,0.3535053,-0.52391637,8
TNG50-1,50,1.0,214137,-0.06922031,-0.01719503,1.21364913,2.46077517,9
TNG50-1,50,1.0,212082,-0.01022965,-0.09189873,1.14400393,0.22658491,0
TNG50-1,50,1.0,212082,-0.03240406,0.03573139,0.88160626,1.3753238,1
TNG50-1,50,1.0,212082,0.00838646,-0.03859168,0.38598752,1.24186071,2
TNG50-1,50,1.0,212082,-0.02639492,-0.01368461,1.15273758,1.06850382,3
TNG50-1,50,1.0,212082,-0.02165331,-0.08848983,0.94574819,-0.74056957,4
TNG50-1,50,1.0,212082,0.02999502,-0.04496051,0.60312864,2.06429432,5
TNG50-1,50,1.0,212082,0.05922696,-0.07511137,0.75199493,-1.65748613,6
TNG50-1,50,1.0,212082,0.01991301,-0.02171516,0.67814277,-2.16309985,7
TNG50-1,50,1.0,212082,0.08971579,-0.01972757,0.65042726,-0.97287447,8
TNG50-1,50,1.0,212082,-0.03527578,0.00449802,0.91807218,-1.54672393,9
TNG50-1,50,1.0,208603,0.00892885,-0.01139707,1.19458726,-1.84952688,0
TNG50-1,50,1.0,208603,-0.10650742,-0.04337971,0.52185492,0.50867819,1
TNG50-1,50,1.0,208603,0.02190627,-0.008879,0.63955298,2.16031474,2
TNG50-1,50,1.0,208603,0.00466829,0.04273066,0.22220468,-2.64553809,3
TNG50-1,50,1.0,208603,-0.03324574,-0.06131594,1.13264682,2.20464915,4
TNG50-1,50,1.0,208603,0.00900252,0.02892791,0.36135374,-0.98570278,5
TNG50-1,50,1.0,208603,0.00850608,-0.03390072,1.10583384,-0.58919556,6
TNG50-1,50,1.0,208603,-0.0529744,0.01210315,0.72384668,-1.00618241,7
TNG50-1,50,1.0,208603,0.01659269,-0.02821656,0.48413754,2.58540449,8
TNG50-1,50,1.0,208603,0.05985677,-0.02835085,1.25737234,-2.31978766,9
TNG50-1,50,1.0,267987,-0.04481133,0.03396771,1.3767175,0.02893578,0
TNG50-1,50,1.0,267987,-0.01813978,-0.02330505,0.98852457,0.62507177,1
TNG50-1,50,1.0,267987,-0.03957552,0.0606667,1.35686187,-1.03108873,2
TNG50-1,50,1.0,267987,0.01479456,0.00105535,1.11774473,1.32160239,3
TNG50-1,50,1.0,267987,0.13421883,0.03873804,1.38718177,1.75719231,4
TNG50-1,50,1.0,267987,0.02754322,0.01480985,0.98845151,1.7481321,5
TNG50-1,50,1.0,267987,-0.00464943,-0.00885679,0.65782112,-1.44852686,6
TNG50-1,50,1.0,267987,-0.03324877,-0.04774423,1.31692266,0.96702626,7
TNG50-1,50,1.0,267987,-0.06717,-0.00727683,0.6988685,-2.21107977,8
TNG50-1,50,1.0,267987,0.03668449,0.04210253,0.87209561,-0.02877942,9
TNG50-1,50,1.0,188936,-0.00122181,0.00729994,1.22656972,0.9859623,0
TNG50-1,50,1.0,188936,0.04495468,0.08577105,1.0810988,2.12686841,1
TNG50-1,50,1.0,188936,0.00287129,0.02641602,0.34215021,2.33452889,2
TNG50-1,50,1.0,188936,0.05452539,-0.0432427,0.54526756,-2.13590979,3
TNG50-1,50,1.0,188936,0.02901637,-0.07196841,1.15089513,1.5270713,4
TNG50-1,50,1.0,188936,-0.00297707,-0.0103276,0.92811323,-2.29519963,5
TNG50-1,50,1.0,188936,-0.03139628,0.04058822,1.23902125,-0.79347198,6
TNG50-1,50,1.0,188936,-0.02431319,-0.01103082,1.16503731,0.09761916,7
TNG50-1,50,1.0,188936,-0.07352552,0.02709921,1.34628884,-2.83076402,8
TNG50-1,50,1.0,188936,-0.01335394,-0.00905627,0.80855777,-2.1566172,9
TNG50-1,50,1.0,217773,0.02515859,-0.0168223,1.36863139,-1.4749737,0
TNG50-1,50,1.0,217773,-0.00160991,-0.02813739,1.33602203,1.13910609,1
TNG50-1,50,1.0,217773,0.02064283,-0.03685047,0.63300734,-2.18416696,2
TNG50-1,50,1.0,217773,0.04326815,-0.03410631,0.88965779,-2.06145846,3
TNG50-1,50,1.0,217773,-0.00116866,0.02648714,0.89180305,2.5227621,4
TNG50-1,50,1.0,217773,-0.14719438,0.10151817,0.48912184,-2.40039673,5
TNG50-1,50,1.0,217773,0.08391351,0.04102858,1.19686229,-2.98862514,6
TNG50-1,50,1.0,217773,-0.01487957,0.05612991,1.26617476,1.72750178,7
TNG50-1,50,1.0,217773,-0.04116401,-0.0188705,0.84033814,-0.86387798,8
TNG50-1,50,1.0,217773,-0.05620551,0.00523327,0.48469394,-0.64931347,9
TNG50-1,50,1.0,204984,0.02754201,0.03841497,0.62624319,-1.17461869,0
TNG50-1,50,1.0,204984,0.0439076,0.06701937,1.10009569,-3.00215023,1
TNG50-1,50,1.0,204984,-0.00983138,-0.01600189,1.19580056,0.04744115,2
TNG50-1,50,1.0,204984,0.05742039,0.04222374,0.7116425,-1.34605071,3
TNG50-1,50,1.0,204984,0.06010869,0.07134871,0.63241627,-1.32059349,4
TNG50-1,50,1.0,204984,0.06901924,-0.05436793,0.33915394,2.68379083,5
TNG50-1,50,1.0,204984,0.02292161,-0.00816631,1.27706439,-2.18046076,6
TNG50-1,50,1.0,204984,0.11800686,-0.10706263,0.47266213,2.72836251,7
TNG50-1,50,1.0,204984,-0.03076416,-0.00891665,0.66035707,0.02391826,8
TNG50-1,50,1.0,204984,0.10620388,-0.04080041,0.73984085,2.12547138,9
TNG50-1,50,1.0,213279,-0.03479103,0.06672625,0.66276997,-1.49280772,0
TNG50-1,50,1.0,213279,0.00965549,0.04288307,1.10190864,2.15871527,1
TNG50-1,50,1.0,213279,-0.01771477,-0.03650134,0.76959656,-0.69828791,2
TNG50-1,50,1.0,213279,0.02939805,0.03000448,1.01080317,-2.33038548,3
TNG50-1,50,1.0,213279,-0.03907939,0.0933737,0.84684605,-1.63383221,4
TNG50-1,50,1.0,213279,0.09636989,-0.04436459,0.57064631,0.21728177,5
TNG50-1,50,1.0,213279,-0.08453062,0.10592143,0.94418184,2.6156116,6
TNG50-1,50,1.0,213279,0.08577401,0.01928512,0.98254794,-1.25310906,7
TNG50-1,50,1.0,213279,0.00449942,-0.02166139,1.1742412,-1.48040514,8
TNG50-1,50,1.0,213279,0.02762123,-0.04466447,0.94233453,-0.58710187,9
TNG50-1,50,1.0,87125,-0.04899777,-0.05058644,1.33535125,-0.47764065,0
TNG50-1,50,1.0,87125,-0.04744939,-0.0083181,0.68068398,-0.69127813,1
TNG50-1,50,1.0,87125,-0.01256275,-0.01245421,0.84649857,-1.94555,2
TNG50-1,50,1.0,87125,0.07487831,-0.040386,1.05927434,1.90160563,3
TNG50-1,50,1.0,87125,0.00816258,0.1300987,0.75079864,-0.75699449,4
TNG50-1,50,1.0,87125,-0.01376829,0.01593133,0.43165132,2.43282586,5
TNG50-1,50,1.0,87125,0.0772069,0.02321248,1.37182779,-0.91314617,6
TNG50-1,50,1.0,87125,-0.01434692,-0.02309396,0.82514575,2.1344819,7
TNG50-1,50,1.0,87125,0.11173666,-0.02888347,1.2167411,0.2793902,8
TNG50-1,50,1.0,87125,-0.02556416,0.05127792,0.98355589,-0.71863784,9
TNG50-1,50,1.0,151037,-0.03784561,0.10338813,0.84696645,-2.39281707,0
TNG50-1,50,1.0,151037,-0.01650368,0.00824118,1.3066065,-2.33492919,1
TNG50-1,50,1.0,151037,-0.09428987,0.12953429,1.31042915,-3.11328001,2
TNG50-1,50,1.0,151037,-0.0185325,-0.03400912,1.34433459,1.23389549,3
TNG50-1,50,1.0,151037,0.05117933,-0.06255396,1.08427466,2.70983587,4
TNG50-1,50,1.0,151037,0.03525902,-0.03548119,0.98477293,0.76369328,5
TNG50-1,50,1.0,151037,-0.0043461,-0.01097451,1.19383187,-2.53713733,6
TNG50-1,50,1.0,151037,0.01218264,0.11560333,1.10039878,3.07655823,7
TNG50-1,50,1.0,151037,-0.04141302,-0.01405796,1.39485156,2.98818976,8
TNG50-1,50,1.0,151037,0.08122193,-0.04298279,1.09911607,-0.1995883,9
TNG50-1,50,1.0,263483,0.09749811,-0.00602633,0.86450449,0.3300215,0
TNG50-1,50,1.0,263483,-0.03651889,0.00539146,0.32188609,-1.61352902,1
TNG50-1,50,1.0,263483,0.0868675,-0.01756915,1.10010026,-3.03822355,2
TNG50-1,50,1.0,263483,-0.01825272,-0.09094457,1.39811755,2.30537037,3
TNG50-1,50,1.0,263483,-0.07830934,-0.02904397,0.63870251,-0.05218078,4
TNG50-1,50,1.0,263483,0.06418894,0.03517594,0.57309592,1.76996765,5
TNG50-1,50,1.0,263483,0.07009328,-0.01044498,1.35152062,1.40047823,6
TNG50-1,50,1.0,263483,-0.04530255,-0.01637203,0.82769024,3.10204164,7
TNG50-1,50,1.0,263483,-0.01658261,-0.04653883,0.78772811,-0.38985026,8
TNG50-1,50,1.0,263483,-0.0452898,-0.03050257,1.27863142,-0.45521296,9
TNG50-1,50,1.0,138976,-0.02969776,0.07370039,1.04326423,-2.81154957,0
TNG50-1,50,1.0,138976,0.00013454,-0.00383265,0.72039056,-2.73615518,1
TNG50-1,50,1.0,138976,0.03379924,0.00795287,1.08780977,-2.48341626,2
TNG50-1,50,1.0,138976,0.05565001,-0.02712619,0.68622775,2.10942819,3
TNG50-1,50,1.0,138976,0.04476029,-0.02263512,0.52548343,0.27443146,4
TNG50-1,50,1.0,138976,0.00374948,-0.03935479,1.10814562,2.81102289,5
TNG50-1,50,1.0,138976,0.1241712,0.02355754,0.61226053,0.23876293,6
TNG50-1,50,1.0,138976,-0.01825102,-0.004869,1.29454285,0.80871715,7
TNG50-1,50,1.0,138976,-0.08036003,0.02175027,1.03980538,-1.98244574,8
TNG50-1,50,1.0,138976,-0.07073496,0.01697192,1.31914627,0.25497807,9
TNG50-1,50,1.0,87128,0.01270727,-0.09183669,1.24647006,-0.64578325,0
TNG50-1,50,1.0,87128,-0.03268486,-0.01352906,0.67985452,0.99556833,1
TNG50-1,50,1.0,87128,-0.02754873,0.08231051,1.0505277,2.57028514,2
TNG50-1,50,1.0,87128,-0.05668249,0.02759705,1.37840901,1.97800403,3
TNG50-1,50,1.0,87128,-0.07806683,-0.09352286,0.31487318,-0.53471341,4
TNG50-1,50,1.0,87128,-0.00573744,0.03291697,1.27397623,-0.3677168,5
TNG50-1,50,1.0,87128,0.04081298,-0.03738684,0.9477696,2.43082789,6
TNG50-1,50,1.0,87128,-0.06901412,0.03456535,1.19057298,-2.92562198,7
TNG50-1,50,1.0,87128,0.01364866,-0.03450409,0.6960348,-2.99826332,8
TNG50-1,50,1.0,87128,0.03923156,-0.00265162,0.64484571,-1.84854239,9
TNG50-1,50,1.0,123138,0.03607062,0.09517301,1.26314274,-1.99100868,0
TNG50-1,50,1.0,123138,-0.02214727,0.02015773,1.24655166,-0.91453867,1
TNG50-1,50,1.0,123138,-0.03206335,-0.0024879,0.85950986,-0.78597232,2
TNG50-1,50,1.0,123138,-0.00248771,-0.07503026,1.17169197,0.00096003,3
TNG50-1,50,1.0,123138,-0.03800507,0.00023344,1.24529356,2.32877385,4
TNG50-1,50,1.0,123138,-0.05260961,0.09460919,1.32155199,2.10342326,5
TNG50-1,50,1.0,123138,-0.10640262,0.07788184,1.33691597,-3.07903518,6
TNG50-1,50,1.0,123138,-0.07746314,0.01371193,0.67595722,-0.57016723,7
TNG50-1,50,1.0,123138,0.09927032,-0.05743342,1.16086391,2.06048725,8
TNG50-1,50,1.0,123138,-0.03282501,-0.04785827,0.27441479,-3.14034979,9
TNG50-1,50,1.0,101011,-0.02751109,0.07871399,0.79454313,1.08474711,0
TNG50-1,50,1.0,101011,-0.00485151,0.00677647,1.22021101,0.96052168,1
TNG50-1,50,1.0,101011,0.02066164,0.03050088,0.87395109,1.5640659,2
TNG50-1,50,1.0,101011,-0.02026565,0.03625389,1.09589598,-1.84253323,3
TNG50-1,50,1.0,101011,-0.0094794,-0.03540296,0.81478473,-2.44798408,4
TNG50-1,50,1.0,101011,-0.00927272,-0.04571793,0.90997229,1.06298662,5
TNG50-1,50,1.0,101011,-0.01587817,-0.05161346,1.24978567,-1.6588555,6
TNG50-1,50,1.0,101011,-0.02207239,-0.0123534,0.69948373,-2.42150903,7
TNG50-1,50,1.0,101011,0.03810983,0.03496023,1.00012932,-2.31700317,8
TNG50-1,50,1.0,101011,-0.0885368,-0.0291881,0.90626579,-1.17621151,9
TNG50-1,50,1.0,224620,-0.10020719,-0.03302241,1.21043134,2.46879913,0
TNG50-1,50,1.0,224620,-0.00796052,-0.15088952,1.11016397,-1.74977685,1
TNG50-1,50,1.0,224620,0.02863043,0.05809145,1.23378216,0.75335851,2
TNG50-1,50,1.0,224620,0.02959287,0.01649951,0.94765776,2.81468971,3
TNG50-1,50,1.0,224620,0.04376187,-0.07421449,0.8193384,0.18720911,4
TNG50-1,50,1.0,224620,-0.07767786,0.02365658,1.02267039,2.99643677,5
TNG50-1,50,1.0,224620,0.0028951,-0.02236524,1.02873181,-1.1935159,6
TNG50-1,50,1.0,224620,-0.01342257,-0.02094862,0.63811259,0.40397044,7
TNG50-1,50,1.0,224620,-0.00436103,-0.03842073,1.14414943,-1.18729739,8
TNG50-1,50,1.0,224620,-0.01058908,0.02684652,0.83054725,-3.11822282,9
TNG50-1,50,1.0,135872,-0.11576398,-0.00923819,0.83338969,-2.04191239,0
TNG50-1,50,1.0,135872,-0.07704161,0.00293602,1.22743239,-1.27872339,1
TNG50-1,50,1.0,135872,0.05945168,-0.06942517,0.36462825,-1.11786207,2
TNG50-1,50,1.0,135872,0.01845266,-0.01803496,1.25389735,-1.05277284,3
TNG50-1,50,1.0,135872,-0.01769079,0.00884957,1.27381148,1.63593789,4
TNG50-1,50,1.0,135872,-0.04543717,-0.01863929,1.12936959,-2.88433164,5
TNG50-1,50,1.0,135872,-0.0542127,-0.02428143,0.88324767,-1.90683478,6
TNG50-1,50,1.0,135872,0.01000779,0.01634548,0.76406764,-3.00135679,7
TNG50-1,50,1.0,135872,-0.01718162,0.07574116,1.38906208,1.74860706,8
TNG50-1,50,1.0,135872,0.07733236,0.00724847,0.64309676,3.03931709,9
TNG50-1,50,1.0,240072,0.02372921,0.11439872,0.57181812,-1.80309329,0
TNG50-1,50,1.0,240072,-0.06244094,-0.00547394,0.63614217,-2.6103966,1
TNG50-1,50,1.0,240072,-0.02139591,-0.05856471,0.83935829,-0.50866431,2
TNG50-1,50,1.0,240072,0.00198805,-0.04921709,0.71351063,-2.56551459,3
TNG50-1,50,1.0,240072,-0.03653682,0.05737902,0.69475534,-2.07782405,4
TNG50-1,50,1.0,240072,0.0041277,-0.02045758,0.47257534,-2.99180144,5
TNG50-1,50,1.0,240072,0.00332785,-0.06818819,0.70248675,-1.2553409,6
TNG50-1,50,1.0,240072,-0.04100908,0.04268564,0.69730992,2.95308341,7
TNG50-1,50,1.0,240072,0.02839872,-0.02077869,0.60701768,-0.76069725,8
TNG50-1,50,1.0,240072,-0.03820783,0.03267098,0.90119953,-1.62801977,9
TNG50-1,50,1.0,186226,-0.01472075,-0.02418318,1.19074677,-2.27327411,0
TNG50-1,50,1.0,186226,-0.02932103,-0.03973794,0.54291647,-0.68344625,1
TNG50-1,50,1.0,186226,-0.03189904,-0.01206987,0.96244208,0.69059125,2
TNG50-1,50,1.0,186226,0.01127909,0.09353196,0.22072596,-1.81019605,3
TNG50-1,50,1.0,186226,0.01106067,-0.00316569,0.6220839,-1.72608498,4
TNG50-1,50,1.0,186226,-0.01099103,-0.05722018,0.50718628,-0.2121119,5
TNG50-1,50,1.0,186226,0.01853422,0.04594095,0.64940596,-0.87402192,6
TNG50-1,50,1.0,186226,-0.04343073,-0.02359642,1.31214514,1.10945764,7
TNG50-1,50,1.0,186226,0.03407929,0.01418795,1.34626744,-2.669875,8
TNG50-1,50,1.0,186226,-0.01030995,-0.03028303,0.42443405,-0.07063136,9
TNG50-1,50,1.0,222506,0.02985245,-0.00200369,0.28921413,-1.06303333,0
TNG50-1,50,1.0,222506,0.02633533,0.00875092,0.97462953,-1.24787823,1
TNG50-1,50,1.0,222506,0.10071951,-0.10675978,1.25122218,-1.08951233,2
TNG50-1,50,1.0,222506,0.05227425,-0.01097802,0.30070334,-2.39996982,3
TNG50-1,50,1.0,222506,0.01820251,0.00142909,0.32271709,1.75062383,4
TNG50-1,50,1.0,222506,0.06795665,0.02737687,1.0204907,-2.48211038,5
TNG50-1,50,1.0,222506,0.0269452,0.08134004,1.10175379,-0.63890887,6
TNG50-1,50,1.0,222506,-0.0230035,0.00928268,0.76527897,2.10451105,7
TNG50-1,50,1.0,222506,-0.05723029,-0.04547814,0.57078313,-0.60252043,8
TNG50-1,50,1.0,222506,-0.02846828,-0.09090397,0.95962427,-1.28954966,9
TNG50-1,50,1.0,138975,-0.05294705,0.00631898,1.27737211,1.60845087,0
TNG50-1,50,1.0,138975,-0.00085279,0.02484658,1.19298601,2.8245673,1
TNG50-1,50,1.0,138975,0.00260467,-0.06322257,0.79927767,-0.9432273,2
TNG50-1,50,1.0,138975,0.03076273,0.0895398,0.70686538,-2.11677517,3
TNG50-1,50,1.0,138975,0.034825,0.03552512,1.35750421,-1.48230392,4
TNG50-1,50,1.0,138975,0.00429307,-0.01439984,1.29478809,-2.21064799,5
TNG50-1,50,1.0,138975,0.05474542,-0.04677266,1.01058281,-0.66447423,6
TNG50-1,50,1.0,138975,-0.01874623,0.05385767,0.86296185,2.34090917,7
TNG50-1,50,1.0,138975,-0.07220123,-0.05508849,1.00323768,-0.96095101,8
TNG50-1,50,1.0,138975,0.02385268,0.11306824,0.80354657,-2.20651204,9
TNG50-1,50,1.0,219145,-0.0051362,-0.01556618,1.17003946,-0.527781,0
TNG50-1,50,1.0,219145,0.0786368,-0.05011019,0.58620807,0.46471546,1
TNG50-1,50,1.0,219145,0.05049778,-0.03924483,1.08321268,0.69042992,2
TNG50-1,50,1.0,219145,0.01449902,-0.02732525,1.08290271,2.10868628,3
TNG50-1,50,1.0,219145,-0.03815731,-0.03547464,0.6793111,0.26016675,4
TNG50-1,50,1.0,219145,-0.04120115,0.06638602,0.94796996,-1.73597823,5
TNG50-1,50,1.0,219145,0.09869055,-0.0004563,1.23154748,-1.49749461,6
TNG50-1,50,1.0,219145,-0.05049427,-0.02619006,0.5377123,-2.50799255,7
TNG50-1,50,1.0,219145,0.00569298,0.0053479,1.10903566,1.48235603,8
TNG50-1,50,1.0,219145,0.01804744,0.0333978,1.31478228,-2.47594229,9
TNG50-1,50,1.0,41130,-0.08124537,-0.00487304,1.12215113,2.21557208,0
TNG50-1,50,1.0,41130,-0.0427942,-0.01526267,1.16367389,1.35172507,1
TNG50-1,50,1.0,41130,0.03492426,-0.07529461,1.27092916,-3.00046637,2
TNG50-1,50,1.0,41130,-0.02270156,0.07358846,0.63025838,-2.71196449,3
TNG50-1,50,1.0,41130,0.04303932,0.03726937,1.34984671,1.84736391,4
TNG50-1,50,1.0,41130,0.01035567,-0.01725136,0.30462192,-0.77631988,5
TNG50-1,50,1.0,41130,0.07896021,0.06522963,0.39968163,1.0582887,6
TNG50-1,50,1.0,41130,0.05213581,-0.03151838,1.30164379,1.50282248,7
TNG50-1,50,1.0,41130,0.05305083,-0.09190672,0.92862691,-0.48893123,8
TNG50-1,50,1.0,41130,-0.02059358,0.05036849,0.22731294,-2.24069854,9
TNG50-1,50,1.0,297347,-0.0066791,0.06519134,0.79106326,-0.98412929,0
TNG50-1,50,1.0,297347,0.06098502,0.02647246,0.94004898,0.7656111,1
TNG50-1,50,1.0,297347,0.04544354,-0.05659622,1.36528437,0.74088055,2
TNG50-1,50,1.0,297347,-0.05693854,-0.02645384,0.79174667,-2.80980288,3
TNG50-1,50,1.0,297347,-0.03403259,-0.02732303,0.80857055,-0.4848506,4
TNG50-1,50,1.0,297347,0.02373949,0.00799384,1.29623212,-1.74183249,5
TNG50-1,50,1.0,297347,0.01766833,-0.01019884,0.61852014,-1.8876532,6
TNG50-1,50,1.0,297347,-0.05251908,-0.05727445,0.99049162,0.97365426,7
TNG50-1,50,1.0,297347,0.03745633,-0.06971296,1.12346871,-3.06990154,8
TNG50-1,50,1.0,297347,-0.04454371,0.02745117,0.57818456,2.94731014,9
TNG50-1,50,1.0,135871,0.00432216,-0.030579,1.00014916,-2.25450819,0
TNG50-1,50,1.0,135871,0.04833794,-0.09774843,1.26273579,-2.32057585,1
TNG50-1,50,1.0,135871,0.01847876,0.04317819,0.53135273,1.50198104,2
TNG50-1,50,1.0,135871,0.04143977,-0.02750953,0.36582026,-0.58835974,3
TNG50-1,50,1.0,135871,-0.10448417,0.14791673,1.31751275,-2.20862714,4
TNG50-1,50,1.0,135871,-0.06171728,-0.0369702,0.67788099,-1.69645767,5
TNG50-1,50,1.0,135871,-0.01821758,0.10526375,1.21946295,1.85103849,6
TNG50-1,50,1.0,135871,0.05397844,0.03741837,1.39447127,0.77452065,7
TNG50-1,50,1.0,135871,0.09402649,-0.05141322,1.17982107,1.63946383,8
TNG50-1,50,1.0,135871,-0.00821179,0.01160719,0.53054956,-2.52726527,9
TNG50-1,50,1.0,179342,0.03361709,-0.05968103,0.72864641,-2.73698207,0
TNG50-1,50,1.0,179342,-0.03290934,-0.09040958,0.49577202,-2.02816968,1
TNG50-1,50,1.0,179342,-0.01678001,0.03159652,0.40360058,-2.20589808,2
TNG50-1,50,1.0,179342,-0.05264856,-0.03465409,1.22527153,-2.96619411,3
TNG50-1,50,1.0,179342,0.00363839,-0.02445902,1.23595912,1.39620108,4
TNG50-1,50,1.0,179342,0.05325892,-0.01082987,0.90725891,-1.09657577,5
TNG50-1,50,1.0,179342,0.04663691,0.01912853,0.21752584,-2.08264778,6
TNG50-1,50,1.0,179342,0.07930948,-0.07426605,0.96788941,0.07692988,7
TNG50-1,50,1.0,179342,0.08639797,-0.06294317,1.11738684,-1.10933151,8
TNG50-1,50,1.0,179342,-0.10229371,6.481e-05,0.92077649,-0.67218917,9
TNG50-1,50,1.0,176325,0.03847972,0.03978053,1.26741598,-2.58451785,0
TNG50-1,50,1.0,176325,0.00482457,0.05321851,1.23121135,0.15688499,1
TNG50-1,50,1.0,176325,0.06922314,-0.03293501,0.85475491,-1.64993308,2
TNG50-1,50,1.0,176325,-0.10888438,0.13146186,0.27009193,1.14170945,3
TNG50-1,50,1.0,176325,-0.04211167,0.00981745,1.06725257,1.55615517,4
TNG50-1,50,1.0,176325,0.0737528,-0.10963845,0.80177241,2.18744403,5
TNG50-1,50,1.0,176325,0.04560132,0.0190636,1.27305767,3.09381135,6
TNG50-1,50,1.0,176325,0.02702559,-0.035993,0.80991141,-0.25538145,7
TNG50-1,50,1.0,176325,0.06166077,0.05824976,1.18677865,1.07187634,8
TNG50-1,50,1.0,176325,-0.09582789,0.0273972,0.84090173,-3.02583303,9
TNG50-1,50,1.0,87131,-0.01292002,-0.00488446,0.8800461,-0.50058454,0
TNG50-1,50,1.0,87131,-0.06579509,-0.03882435,0.83277166,-0.27541435,1
TNG50-1,50,1.0,87131,-0.03279245,-0.05273121,0.93482821,0.12295803,2
TNG50-1,50,1.0,87131,0.01882276,0.00348761,0.4703191,-1.41778141,3
TNG50-1,50,1.0,87131,-0.00260436,0.12151516,1.32294367,-1.17729672,4
TNG50-1,50,1.0,87131,0.0411337,-0.0244094,1.15621724,0.97758592,5
TNG50-1,50,1.0,87131,0.0482546,-0.00014029,0.51286356,0.76525522,6
TNG50-1,50,1.0,87131,-0.01261099,-0.06560179,0.37369357,1.01852014,7
TNG50-1,50,1.0,87131,-0.09261246,0.06217005,1.02977841,-0.77104119,8
TNG50-1,50,1.0,87131,-0.03783224,0.04373715,1.23869747,-1.02757199,9
TNG50-1,50,1.0,130255,0.11213704,-0.07402096,0.82435137,0.66560293,0
TNG50-1,50,1.0,130255,0.04575354,-0.00941589,1.01647955,-1.1515316,1
TNG50-1,50,1.0,130255,0.01031031,-0.02733879,0.51970591,1.70608975,2
TNG50-1,50,1.0,130255,0.02162653,0.02887887,1.17827866,-2.42157505,3
TNG50-1,50,1.0,130255,0.01280219,0.00456501,0.81423938,0.35319712,4
TNG50-1,50,1.0,130255,0.00092592,-0.05110134,1.19011323,0.58859537,5
TNG50-1,50,1.0,130255,0.10825854,0.0735504,0.81557856,-3.0027085,6
TNG50-1,50,1.0,130255,-0.03745267,0.0545067,1.36010999,-2.91548776,7
TNG50-1,50,1.0,130255,0.05774529,0.07930278,1.06181368,-1.20486253,8
TNG50-1,50,1.0,130255,-0.00629285,0.01184823,1.2557509,0.6853412,9
TNG50-1,50,1.0,239390,0.06470802,-0.0168713,1.39256937,0.05310027,0
TNG50-1,50,1.0,239390,0.04722062,-0.10129134,1.20539501,-2.43028256,1
TNG50-1,50,1.0,239390,-0.04505928,0.02635913,1.36504346,0.61664514,2
TNG50-1,50,1.0,239390,0.06120554,-0.01868276,1.02850694,1.38343035,3
TNG50-1,50,1.0,239390,0.01634692,0.03889733,0.55384514,0.69723137,4
TNG50-1,50,1.0,239390,-0.00782277,0.02408375,0.69536814,1.54544955,5
TNG50-1,50,1.0,239390,0.017904,-0.01738321,0.62823777,-2.39457678,6
TNG50-1,50,1.0,239390,-0.00128854,0.05114941,0.60257465,1.64248085,7
TNG50-1,50,1.0,239390,0.02725393,0.01024208,1.0800601,-1.83380981,8
TNG50-1,50,1.0,239390,0.00936578,0.00818214,0.95219247,2.36767276,9
TNG50-1,50,1.0,265175,0.07996206,0.1313195,1.03040947,-1.91510972,0
TNG50-1,50,1.0,265175,-0.02281089,-0.0258709,0.46334308,-0.13506566,1
TNG50-1,50,1.0,265175,-0.11824409,0.05012554,0.45999123,-0.92924405,2
TNG50-1,50,1.0,265175,-0.00399559,0.03809686,0.93333778,0.0226969,3
TNG50-1,50,1.0,265175,0.08539816,-0.03499137,1.16562713,0.43947922,4
TNG50-1,50,1.0,265175,0.02674842,-0.02122201,1.25638657,3.08463536,5
TNG50-1,50,1.0,265175,-0.02576616,0.05090493,1.17019299,2.51261468,6
TNG50-1,50,1.0,265175,0.01644506,0.00723939,0.6395692,1.23066537,7
TNG50-1,50,1.0,265175,0.04855624,0.01690359,1.12306902,-2.17559394,8
TNG50-1,50,1.0,265175,-0.00428082,-0.08179837,0.74861683,2.63283407,9
TNG50-1,50,1.0,195636,-0.00386297,-0.07169687,1.38854725,0.04407446,0
TNG50-1,50,1.0,195636,-0.00618236,-0.02335129,0.4999725,-0.44122161,1
TNG50-1,50,1.0,195636,0.05325657,-0.00541884,1.31506508,3.11563597,2
TNG50-1,50,1.0,195636,0.0150743,-0.02778107,0.20116418,1.05170522,3
TNG50-1,50,1.0,195636,0.00207125,0.0175572,0.82470105,0.08752315,4
TNG50-1,50,1.0,195636,0.00739353,-0.0284254,1.34525565,-0.64123602,5
TNG50-1,50,1.0,195636,0.09179445,-0.04572446,0.89489968,-1.10217841,6
TNG50-1,50,1.0,195636,0.0086337,0.03063219,1.11702379,1.29068831,7
TNG50-1,50,1.0,195636,-0.02572243,0.06846972,0.34217554,0.55220098,8
TNG50-1,50,1.0,195636,-0.09544995,-0.05535838,0.67297017,2.18770984,9
TNG50-1,50,1.0,258649,0.05503976,-0.12299268,0.62925384,-1.8517872,0
TNG50-1,50,1.0,258649,0.02748404,-0.08056303,0.45197553,2.36231895,1
TNG50-1,50,1.0,258649,0.04872683,-0.01971258,0.56407355,-0.10226547,2
TNG50-1,50,1.0,258649,-0.00459396,-0.05505295,0.28734309,2.14017951,3
TNG50-1,50,1.0,258649,-0.00935204,0.04070653,0.82357704,2.87955679,4
TNG50-1,50,1.0,258649,0.04678573,-0.06550105,1.2088775,-0.48916199,5
TNG50-1,50,1.0,258649,0.04773463,-0.02506522,1.06380182,1.23530276,6
TNG50-1,50,1.0,258649,0.07828603,-0.02310132,0.6776247,-1.71708394,7
TNG50-1,50,1.0,258649,0.00992738,0.06023715,1.26911307,1.8898924,8
TNG50-1,50,1.0,258649,-0.00534573,-0.03041194,0.394388,2.01015214,9
TNG50-1,50,1.0,110863,0.00921969,-0.00915935,0.89969616,1.11303895,0
TNG50-1,50,1.0,110863,-0.00870009,-0.0264438,1.08840133,-1.62112921,1
TNG50-1,50,1.0,110863,-0.02447472,0.04621157,1.07141236,-2.89535719,2
TNG50-1,50,1.0,110863,-0.01820348,-0.04921109,1.1938827,2.09030181,3
TNG50-1,50,1.0,110863,-0.03970176,-0.00113458,1.16731869,2.33931058,4
TNG50-1,50,1.0,110863,-0.00899196,-0.05199221,1.00238487,3.00895159,5
TNG50-1,50,1.0,110863,0.05566078,-0.09350505,1.19072221,2.8884529,6
TNG50-1,50,1.0,110863,-0.07565697,-0.00759921,0.99102831,0.84077833,7
TNG50-1,50,1.0,110863,0.01732397,-0.06316975,0.87931856,2.47728218,8
TNG50-1,50,1.0,110863,0.06900463,-0.00058353,0.7287039,-0.32667274,9
TNG50-1,50,1.0,226789,0.03697946,-0.02242607,0.87324654,1.97845688,0
TNG50-1,50,1.0,226789,-0.08461208,-0.0840923,0.75818389,-1.4052516,1
TNG50-1,50,1.0,226789,0.02293376,-0.00546853,0.43045835,3.09721245,2
TNG50-1,50,1.0,226789,-0.00895455,0.09223772,1.14080816,2.74574213,3
TNG50-1,50,1.0,226789,0.00185541,-0.08560217,0.5457605,-0.43872579,4
TNG50-1,50,1.0,226789,0.01244715,-0.00120309,1.13513646,-2.84496677,5
TNG50-1,50,1.0,226789,0.05993645,-0.00280691,0.90578423,-1.23466682,6
TNG50-1,50,1.0,226789,0.04888965,0.01438677,0.57201786,2.11210864,7
TNG50-1,50,1.0,226789,-0.03748714,-0.04813625,0.71393625,2.8329024,8
TNG50-1,50,1.0,226789,-0.0029306,-0.07125553,0.5176643,2.08395635,9
TNG50-1,50,1.0,320512,0.01077506,-0.07501544,0.99581262,1.30015418,0
TNG50-1,50,1.0,320512,0.06311557,-0.10753809,1.05879513,-1.04997,1
TNG50-1,50,1.0,320512,-0.0119242,0.06259526,1.17090722,-3.09160479,2
TNG50-1,50,1.0,320512,-0.0011151,0.00390291,1.09536143,-2.61169002,3
TNG50-1,50,1.0,320512,-0.05129642,0.01032141,1.02731511,-0.0188595,4
TNG50-1,50,1.0,320512,0.09316134,-0.06245269,0.87718003,-1.95724047,5
TNG50-1,50,1.0,320512,0.00771315,-0.04515321,0.95829524,-0.03378839,6
TNG50-1,50,1.0,320512,0.05388774,0.0531151,1.31044865,0.4662461,7
TNG50-1,50,1.0,320512,0.00149486,0.08700719,1.10919813,2.72337066,8
TNG50-1,50,1.0,320512,0.00426335,-0.0310637,1.07614902,0.97753749,9
TNG50-1,50,1.0,303705,0.01060586,0.05786407,1.05109876,0.88525941,0
TNG50-1,50,1.0,303705,-0.00174316,0.05108439,1.34793767,2.76639943,1
TNG50-1,50,1.0,303705,0.03048898,-0.0056386,0.52463447,-1.05431283,2
TNG50-1,50,1.0,303705,0.01302784,0.04951552,1.38078453,0.53317548,3
TNG50-1,50,1.0,303705,0.03389037,0.00870261,0.761662,2.52409469,4
TNG50-1,50,1.0,303705,-0.01339809,0.09584634,1.16874829,-1.31801242,5
TNG50-1,50,1.0,303705,0.07490903,0.05488639,0.98163598,2.29367668,6
TNG50-1,50,1.0,303705,0.03894721,-0.03128047,1.16139797,2.87490346,7
TNG50-1,50,1.0,303705,0.02712633,0.11653553,1.05403821,2.18336735,8
TNG50-1,50,1.0,303705,0.02468526,-0.10510199,0.91105612,0.43894648,9
TNG50-1,50,1.0,272378,0.13399141,-0.02714454,1.05039025,-2.50035138,0
TNG50-1,50,1.0,272378,0.15503236,-0.01000842,0.63998813,-0.83568593,1
TNG50-1,50,1.0,272378,-0.08790513,0.04217562,0.68797881,0.33043773,2
TNG50-1,50,1.0,272378,-0.10985693,-0.02433703,0.53578857,1.60043753,3
TNG50-1,50,1.0,272378,-0.00036956,-0.01444844,0.69360415,0.27374311,4
TNG50-1,50,1.0,272378,0.02521162,0.02851084,0.35626523,1.74389332,5
TNG50-1,50,1.0,272378,-0.00379425,-0.00993982,0.95989387,2.1212629,6
TNG50-1,50,1.0,272378,0.03517902,0.05583553,0.82887706,-1.4757426,7
TNG50-1,50,1.0,272378,-0.0135121,-0.04597531,0.54197208,0.72946634,8
TNG50-1,50,1.0,272378,-0.03469754,-0.05681819,0.74009191,0.35883508,9
TNG50-1,50,1.0,276807,0.07458824,0.04025037,1.24078871,1.61819647,0
TNG50-1,50,1.0,276807,-0.08128463,-0.01501997,1.1326802,2.92570368,1
TNG50-1,50,1.0,276807,-0.01432545,-0.02742549,0.38049962,-2.83386239,2
TNG50-1,50,1.0,276807,-0.0268055,0.03581941,0.85721306,-1.74015549,3
TNG50-1,50,1.0,276807,0.07688528,-0.05647615,0.91924972,1.84705786,4
TNG50-1,50,1.0,276807,0.00926244,0.02288345,0.4231917,0.12596005,5
TNG50-1,50,1.0,276807,-0.10440416,0.0186259,0.49880486,-2.59735348,6
TNG50-1,50,1.0,276807,-0.06550648,-0.01372948,0.70854212,-1.4579627,7
TNG50-1,50,1.0,276807,-0.05063311,0.0198839,0.4849908,-1.10546614,8
TNG50-1,50,1.0,276807,0.04670251,0.00510472,1.30551082,-1.12429608,9
TNG50-1,50,1.0,226788,0.00283983,0.01033454,0.36122954,0.52750054,0
TNG50-1,50,1.0,226788,-0.0308647,0.05472922,0.87076208,-0.56215975,1
TNG50-1,50,1.0,226788,0.06690898,0.01771574,0.81700636,-3.11457366,2
TNG50-1,50,1.0,226788,0.01023913,-0.1722292,1.39199354,-0.31665636,3
TNG50-1,50,1.0,226788,0.03154005,0.04350311,1.35325343,1.50094374,4
TNG50-1,50,1.0,226788,0.07082944,0.04657496,1.34468416,-1.66354044,5
TNG50-1,50,1.0,226788,0.07000893,-0.01506111,0.58455305,1.30915199,6
TNG50-1,50,1.0,226788,0.02898927,0.04941808,1.20055447,-3.04638468,7
TNG50-1,50,1.0,226788,-0.01513291,0.03139827,1.11924848,2.56358864,8
TNG50-1,50,1.0,226788,-0.07148519,-0.03427534,0.84452092,2.82767974,9
TNG50-1,50,1.0,260976,0.00274792,0.01808439,0.75631393,0.35729198,0
TNG50-1,50,1.0,260976,0.12955311,0.0705209,1.25450915,-2.51243581,1
TNG50-1,50,1.0,260976,-0.04701862,-0.00300747,0.81532094,-1.00925533,2
TNG50-1,50,1.0,260976,-0.03030358,0.02557677,1.02773182,-0.80199933,3
TNG50-1,50,1.0,260976,-0.04714129,0.01501138,1.00625688,2.40913279,4
TNG50-1,50,1.0,260976,0.07813291,-0.03120557,1.24939459,-0.53053913,5
TNG50-1,50,1.0,260976,0.04010429,-0.00720721,0.68679829,0.61870443,6
TNG50-1,50,1.0,260976,-0.0272076,-0.05921517,0.74458567,2.35480583,7
TNG50-1,50,1.0,260976,-0.04319382,0.02470534,0.92582555,-0.4664672,8
TNG50-1,50,1.0,260976,0.06924453,0.03806244,1.26932524,2.41088032,9
TNG50-1,50,1.0,187650,-0.00478095,-0.00888955,0.83801103,-1.1673156,0
TNG50-1,50,1.0,187650,0.05911201,0.04020482,0.71784357,-2.01826678,1
TNG50-1,50,1.0,187650,0.10064895,0.02555128,0.83228579,2.92902468,2
TNG50-1,50,1.0,187650,0.02282252,0.09127881,0.92826904,-1.91807496,3
TNG50-1,50,1.0,187650,-0.03483153,0.0337169,0.87831844,-1.67928749,4
TNG50-1,50,1.0,187650,0.03233622,0.02121475,0.7545631,0.74572676,5
TNG50-1,50,1.0,187650,0.00046515,-0.01531152,0.51701914,-2.65547323,6
TNG50-1,50,1.0,187650,-0.01200626,-0.05187315,1.11247896,-2.92766494,7
TNG50-1,50,1.0,187650,-0.04308006,-0.02849467,0.99758527,-2.73938332,8
TNG50-1,50,1.0,187650,-0.023211,-0.03499193,0.81603183,-2.36710433,9
TNG50-1,50,1.0,227888,-0.02260756,0.00490754,1.27900157,2.3577301,0
TNG50-1,50,1.0,227888,0.03180751,-0.00908256,0.31454722,2.62388292,1
TNG50-1,50,1.0,227888,0.06452657,0.05351219,1.29511699,2.72052481,2
TNG50-1,50,1.0,227888,-0.01930841,0.11142298,1.00237409,2.54834579,3
TNG50-1,50,1.0,227888,-0.05050718,0.00898266,1.26741031,0.87293799,4
TNG50-1,50,1.0,227888,0.02393197,-0.00032861,1.27485893,-0.98981123,5
TNG50-1,50,1.0,227888,0.02539818,0.01279307,0.30453654,2.67392058,6
TNG50-1,50,1.0,227888,0.01201882,-0.03289609,0.88480102,-2.37192427,7
TNG50-1,50,1.0,227888,0.01378699,0.03824892,1.18108155,-2.08099214,8
TNG50-1,50,1.0,227888,-0.00562832,0.02205882,0.64528593,-0.41577383,9
TNG50-1,50,1.0,262716,0.00926147,-0.03478902,0.79212061,-1.17759822,0
TNG50-1,50,1.0,262716,0.03863418,-0.02473661,1.29001433,0.83175195,1
TNG50-1,50,1.0,262716,-0.01746846,-0.07354069,1.23748048,-0.76217753,2
TNG50-1,50,1.0,262716,-0.0747572,0.02422267,0.72500058,1.23844304,3
TNG50-1,50,1.0,262716,-0.0519532,-0.04032718,1.29537657,-0.95217261,4
TNG50-1,50,1.0,262716,0.02710465,-0.02678761,1.1626026,-3.13331536,5
TNG50-1,50,1.0,262716,-0.08773082,0.01733926,0.4567621,-2.55136144,6
TNG50-1,50,1.0,262716,-0.07246723,-0.01283138,0.69496503,1.70282067,7
TNG50-1,50,1.0,262716,0.02684174,-0.03523267,0.39519431,-2.61377213,8
TNG50-1,50,1.0,262716,-0.01112746,-0.09947192,0.48571832,0.62469114,9
TNG50-1,50,1.0,158267,-0.11351735,-0.07988287,1.0803148,0.7642489,0
TNG50-1,50,1.0,158267,0.10380906,0.05106439,0.73273147,1.44852894,1
TNG50-1,50,1.0,158267,0.01542559,-0.0493441,1.22048947,1.84684959,2
TNG50-1,50,1.0,158267,-0.02920366,0.02674461,0.80588399,2.58504872,3
TNG50-1,50,1.0,158267,0.01747284,0.04783237,1.29569336,-2.63569678,4
TNG50-1,50,1.0,158267,-0.04738371,0.00082898,1.25825492,0.44955572,5
TNG50-1,50,1.0,158267,-0.01656006,-0.01492836,0.83962449,1.56311095,6
TNG50-1,50,1.0,158267,-0.04704702,0.00665115,1.11209334,-1.77850928,7
TNG50-1,50,1.0,158267,-0.07066368,-0.02083102,0.7375812,-1.48521216,8
TNG50-1,50,1.0,158267,-0.10524925,0.06019546,0.759741,-1.46420621,9
TNG50-1,50,1.0,246598,-0.02606809,0.01995296,1.36078537,-1.18456861,0
TNG50-1,50,1.0,246598,0.07324502,-0.06606971,0.98784602,-2.55532557,1
TNG50-1,50,1.0,246598,0.0295765,0.0285985,0.6307652,1.66945045,2
TNG50-1,50,1.0,246598,0.05734065,0.01553566,0.77193941,1.28816596,3
TNG50-1,50,1.0,246598,-0.02918463,-0.01016543,0.53387702,2.41073099,4
TNG50-1,50,1.0,246598,0.00253333,0.02247586,1.16820859,2.46347828,5
TNG50-1,50,1.0,246598,0.02010995,-0.01824702,0.95732889,-1.39156354,6
TNG50-1,50,1.0,246598,-0.02750346,-0.03350654,0.7694318,0.88820851,7
TNG50-1,50,1.0,246598,-0.00477661,0.02718631,1.25932367,3.13608228,8
TNG50-1,50,1.0,246598,-0.02918052,0.0293507,0.59015991,-1.60971093,9
TNG50-1,50,1.0,225857,-0.04877341,0.00106533,0.83421937,-2.17696097,0
TNG50-1,50,1.0,225857,0.01411236,-0.01074959,1.13237161,-1.81215367,1
TNG50-1,50,1.0,225857,-0.16124781,0.0463323,1.14378564,-2.53709127,2
TNG50-1,50,1.0,225857,-0.0421773,0.02359436,1.23801471,0.52074516,3
TNG50-1,50,1.0,225857,-0.09613805,0.01443129,0.61128105,-1.36565006,4
TNG50-1,50,1.0,225857,-0.01213121,-0.00693901,0.31379467,2.59443211,5
TNG50-1,50,1.0,225857,0.09789496,-0.01730324,0.82505911,0.71256205,6
TNG50-1,50,1.0,225857,-0.0108588,0.04585854,0.3601293,-0.88209289,7
TNG50-1,50,1.0,225857,-0.00537514,-0.01682313,0.48214752,3.0450869,8
TNG50-1,50,1.0,225857,0.04196155,0.06156264,1.21694865,2.847505,9
TNG50-1,50,1.0,130254,-0.01139066,0.02438029,1.14269475,3.04510092,0
TNG50-1,50,1.0,130254,-0.01659272,-0.03894019,0.94144364,3.01351007,1
TNG50-1,50,1.0,130254,0.06280787,-0.03388549,0.39406933,-1.11229725,2
TNG50-1,50,1.0,130254,0.04922615,-0.01442973,0.20741158,-1.6270398,3
TNG50-1,50,1.0,130254,0.00175348,-0.03533321,0.63680429,-1.69948806,4
TNG50-1,50,1.0,130254,0.03389528,-0.07365503,0.70627578,-0.09509988,5
TNG50-1,50,1.0,130254,0.04114876,0.0337976,0.93048852,-1.73562577,6
TNG50-1,50,1.0,130254,0.00291304,0.01732041,0.7824456,0.93303186,7
TNG50-1,50,1.0,130254,0.02013093,-0.06696833,1.27973916,-2.67148591,8
TNG50-1,50,1.0,130254,0.02970938,-0.01204584,1.17228932,-2.49016945,9
TNG50-1,50,1.0,191612,-0.02182445,-0.03212147,0.69030692,2.99144028,0
TNG50-1,50,1.0,191612,-0.01798746,-0.02457743,0.71598196,-3.06841067,1
TNG50-1,50,1.0,191612,-0.04185795,0.07674916,0.50677227,-1.08627142,2
TNG50-1,50,1.0,191612,0.03936851,-0.01021176,0.89817899,-0.99054258,3
TNG50-1,50,1.0,191612,-0.02117341,-0.01798135,0.40170217,-1.32867648,4
TNG50-1,50,1.0,191612,-0.04094918,-0.00875626,0.47510391,1.9944357,5
TNG50-1,50,1.0,191612,0.0268638,0.02272275,0.53984544,-2.85840047,6
TNG50-1,50,1.0,191612,-0.04485882,-0.05169318,1.20691804,-0.88319751,7
TNG50-1,50,1.0,191612,-0.01644911,0.02136077,0.926679,1.33005362,8
TNG50-1,50,1.0,191612,0.00535529,0.01279101,0.69759083,-0.58597163,9
TNG50-1,50,1.0,87126,0.01943892,-0.0397436,0.48725603,0.95016594,0
TNG50-1,50,1.0,87126,0.05308316,0.08716651,0.80874352,0.6176419,1
TNG50-1,50,1.0,87126,-0.01370224,0.03291736,0.71755612,-2.45642254,2
TNG50-1,50,1.0,87126,-0.07153686,-0.03817988,0.79785371,-0.40073386,3
TNG50-1,50,1.0,87126,-0.11763762,-0.06134077,0.71623544,0.70148236,4
TNG50-1,50,1.0,87126,0.14339813,-0.02578471,1.27919538,-2.62719284,5
TNG50-1,50,1.0,87126,0.02634615,-0.01577153,0.40939869,-2.44125618,6
TNG50-1,50,1.0,87126,0.00683959,0.1024573,1.15763974,3.10063417,7
TNG50-1,50,1.0,87126,0.01393199,-0.00941337,0.5592433,-1.05410392,8
TNG50-1,50,1.0,87126,-0.07156695,-0.05947759,0.4652773,-0.94415863,9
TNG50-1,50,1.0,287037,0.00051046,0.13440561,0.81541716,2.33911156,0
TNG50-1,50,1.0,287037,-0.01047447,-0.01866352,0.51541811,2.6172114,1
TNG50-1,50,1.0,287037,-0.06237547,0.0353592,0.6301052,-2.6076749,2
TNG50-1,50,1.0,287037,0.0174842,0.04331365,0.38299814,1.42037165,3
TNG50-1,50,1.0,287037,-0.00980841,-0.02486784,0.71710239,-1.85916756,4
TNG50-1,50,1.0,287037,-0.01173361,0.0409515,1.05969784,1.75375917,5
TNG50-1,50,1.0,287037,0.08090254,0.04355016,0.41373832,1.26097077,6
TNG50-1,50,1.0,287037,-0.00631728,-0.03565723,1.2105246,-2.00212218,7
TNG50-1,50,1.0,287037,0.06654907,-0.03506501,0.87261708,2.09123365,8
TNG50-1,50,1.0,287037,-0.07940373,0.00226534,0.65961828,-0.24008803,9
TNG50-1,50,1.0,41132,0.01580532,0.05039287,1.11489776,-0.05050406,0
TNG50-1,50,1.0,41132,0.03677234,0.03796659,0.49240257,1.5398883,1
TNG50-1,50,1.0,41132,-0.01567235,0.10899447,1.21041809,-1.77374154,2
TNG50-1,50,1.0,41132,-0.02693997,0.0557486,0.71427646,-2.27964513,3
TNG50-1,50,1.0,41132,-0.00380406,-0.03620398,0.8420418,1.51617519,4
TNG50-1,50,1.0,41132,0.04059993,0.0235134,1.26340799,1.09216952,5
TNG50-1,50,1.0,41132,-0.0249924,-0.02787444,0.69066275,-1.41932326,6
TNG50-1,50,1.0,41132,-0.05344606,-0.02270631,0.92603756,1.54744446,7
TNG50-1,50,1.0,41132,0.05752924,-0.07062502,1.30702925,0.0313673,8
TNG50-1,50,1.0,41132,0.01996482,-0.01430566,0.350933,-0.95129149,9
TNG50-1,50,1.0,254473,-0.04216202,0.0068246,1.03272592,-1.13369256,0
TNG50-1,50,1.0,254473,-0.06951425,-0.04824858,1.07482759,-1.39930043,1
TNG50-1,50,1.0,254473,-0.00696526,0.0089331,0.92283218,1.31018379,2
TNG50-1,50,1.0,254473,-0.01691707,0.07340233,0.89676376,-0.2763307,3
TNG50-1,50,1.0,254473,-0.02976138,-0.00299113,1.21048329,-1.26014412,4
TNG50-1,50,1.0,254473,-0.0594173,-0.06068082,1.22847185,2.08194601,5
TNG50-1,50,1.0,254473,0.02595923,0.01960517,0.60774809,-2.60252588,6
TNG50-1,50,1.0,254473,0.02976318,-0.00888274,1.33697749,1.67359329,7
TNG50-1,50,1.0,254473,-0.05328234,-0.00750785,0.96480412,-1.58139758,8
TNG50-1,50,1.0,254473,-0.04636268,0.02376614,1.23955218,2.62649224,9
TNG50-1,50,1.0,252468,-0.00213928,-0.03914489,1.35210006,2.67920237,0
TNG50-1,50,1.0,252468,-0.03403344,-0.00677686,0.76944379,-1.46206481,1
TNG50-1,50,1.0,252468,-0.10650363,-0.00254936,1.16003534,2.33110324,2
TNG50-1,50,1.0,252468,-0.07064634,0.05460932,1.34274591,-3.06550775,3
TNG50-1,50,1.0,252468,-0.03713227,0.00529435,0.84815987,-2.5307633,4
TNG50-1,50,1.0,252468,-0.04464832,0.00667845,0.70265521,-0.30531063,5
TNG50-1,50,1.0,252468,0.01446803,-0.08274216,0.94095213,1.62487808,6
TNG50-1,50,1.0,252468,0.04057469,-0.04499534,1.3953549,2.78069717,7
TNG50-1,50,1.0,252468,-0.00642196,0.05479761,0.87980747,0.13254263,8
TNG50-1,50,1.0,252468,0.07044585,-0.10376711,1.39456436,-0.90816712,9
TNG50-1,50,1.0,261670,0.03451251,0.01727515,1.34607551,0.61307347,0
TNG50-1,50,1.0,261670,-0.05300824,0.06093218,1.04033211,1.53229283,1
TNG50-1,50,1.0,261670,0.00231486,0.045248,1.11373665,1.1640736,2
TNG50-1,50,1.0,261670,-0.01691516,0.02654966,0.83817627,-1.40630194,3
TNG50-1,50,1.0,261670,0.08591945,-0.01639674,1.36874623,2.22704259,4
TNG50-1,50,1.0,261670,0.00857446,-0.00793882,1.26002255,0.70259947,5
TNG50-1,50,1.0,261670,0.0972736,0.0568831,1.22413737,0.72047213,6
TNG50-1,50,1.0,261670,0.02803712,0.06729556,1.01595401,-1.80422639,7
TNG50-1,50,1.0,261670,0.0712703,-0.02964314,1.19186497,-1.6197242,8
TNG50-1,50,1.0,261670,-0.01043991,-0.03718795,1.28545228,-0.15864906,9
TNG50-1,50,1.0,255891,-0.08189467,-0.03053391,1.39137898,3.11833662,0
TNG50-1,50,1.0,255891,-0.04907742,-0.03629304,0.66096478,-0.89485163,1
TNG50-1,50,1.0,255891,0.04974846,0.05219555,1.32970963,-2.06397757,2
TNG50-1,50,1.0,255891,0.02321053,0.03850587,1.31156548,2.1738341,3
TNG50-1,50,1.0,255891,-0.0193185,-0.04661816,0.63810259,-0.53048758,4
TNG50-1,50,1.0,255891,0.00091533,-0.05971969,0.75459608,2.35305071,5
TNG50-1,50,1.0,255891,-0.02212353,-0.00786383,0.89545398,-2.75727318,6
TNG50-1,50,1.0,255891,-0.00309989,0.10776438,0.58316722,-2.44383166,7
TNG50-1,50,1.0,255891,-0.03809057,-0.05138526,0.53619199,-2.88855206,8
TNG50-1,50,1.0,255891,-0.02901197,-0.00806122,0.99964908,0.64095377,9
TNG50-1,50,1.0,207683,0.02562726,0.00501353,0.98473935,-1.26384963,0
TNG50-1,50,1.0,207683,-0.01073733,0.00990196,0.65316912,-1.88855037,1
TNG50-1,50,1.0,207683,0.02397344,0.1110902,1.06960236,2.07619656,2
TNG50-1,50,1.0,207683,-0.07051691,0.00319035,1.19913897,-2.54336197,3
TNG50-1,50,1.0,207683,0.03966132,-0.02836399,1.31289297,2.526643,4
TNG50-1,50,1.0,207683,0.01030298,0.09354514,0.77520018,-2.97251747,5
TNG50-1,50,1.0,207683,0.00760964,-0.01538444,0.98763284,0.13981555,6
TNG50-1,50,1.0,207683,0.09751141,-0.08025891,0.5994125,-2.77510349,7
TNG50-1,50,1.0,207683,-0.01912417,-0.03704219,0.99949264,1.75682336,8
TNG50-1,50,1.0,207683,0.01711327,-0.06232937,1.04024954,-1.8127208,9
TNG50-1,50,1.0,262167,0.01397321,0.00593819,1.2021977,1.51903451,0
TNG50-1,50,1.0,262167,0.05019683,-0.06808261,1.28903217,1.33035847,1
TNG50-1,50,1.0,262167,0.01854513,0.01100042,1.35444578,-0.42578768,2
TNG50-1,50,1.0,262167,-0.0432044,-0.03950036,0.27953055,2.1445776,3
TNG50-1,50,1.0,262167,-0.0250346,0.08152609,0.92126938,-2.58341096,4
TNG50-1,50,1.0,262167,-0.02814205,-0.08030528,0.70586347,1.56880903,5
TNG50-1,50,1.0,262167,-0.0093235,0.01922422,0.64988648,-0.86712015,6
TNG50-1,50,1.0,262167,0.08973568,-0.04371197,1.09799852,0.41452634,7
TNG50-1,50,1.0,262167,0.09774498,-0.00047576,0.61432906,2.46906419,8
TNG50-1,50,1.0,262167,0.04183006,0.03330341,0.32117551,0.65985736,9
TNG50-1,50,1.0,253145,-0.01488417,0.02370208,1.1432133,1.97723129,0
TNG50-1,50,1.0,253145,-0.04423097,0.0170693,0.60327938,1.79824119,1
TNG50-1,50,1.0,253145,0.03571396,0.02156377,0.96461341,-0.405273,2
TNG50-1,50,1.0,253145,0.00554118,0.02856036,1.25669893,2.47339011,3
TNG50-1,50,1.0,253145,0.04918268,0.01498839,1.13378843,-0.75235541,4
TNG50-1,50,1.0,253145,-0.03045841,-0.04829522,0.34087412,2.28915026,5
TNG50-1,50,1.0,253145,0.10665109,0.04090955,1.02406753,-2.94326045,6
TNG50-1,50,1.0,253145,-0.09523244,0.03303391,1.01489815,-0.9598804,7
TNG50-1,50,1.0,253145,-0.07925675,0.07142156,1.27241992,2.23096104,8
TNG50-1,50,1.0,253145,0.08765424,0.08821205,1.14099917,2.52150234,9
TNG50-1,50,1.0,281395,-0.00655052,-0.04955371,1.31685671,0.10796102,0
TNG50-1,50,1.0,281395,-0.02186077,-0.04586595,0.94669627,0.4040033,1
TNG50-1,50,1.0,281395,-0.04734628,0.0760829,0.87391533,2.25302518,2
TNG50-1,50,1.0,281395,0.0969024,-0.0035832,0.46979902,2.32242605,3
TNG50-1,50,1.0,281395,0.00259224,-0.08393622,1.3224413,1.89924711,4
TNG50-1,50,1.0,281395,-0.08688756,0.0192067,1.11044,2.00164236,5
TNG50-1,50,1.0,281395,0.016387,0.00705184,0.78963484,2.38528475,6
TNG50-1,50,1.0,281395,0.06030859,-0.02244477,0.26986105,-2.4266797,7
TNG50-1,50,1.0,281395,0.00782173,-0.05102034,0.54107849,-1.30288522,8
TNG50-1,50,1.0,281395,-0.04507967,-0.05319474,0.54387047,2.99150956,9
TNG50-1,50,1.0,250015,0.0274987,-0.02793179,1.12907534,0.46234107,0
TNG50-1,50,1.0,250015,0.05028483,0.00013386,0.57114282,2.87313196,1
TNG50-1,50,1.0,250015,-0.00100776,-0.08749663,1.27778548,1.33059222,2
TNG50-1,50,1.0,250015,-0.01231582,0.06747108,0.65466554,0.67478608,3
TNG50-1,50,1.0,250015,-0.0785832,0.00079546,1.2465522,2.06816505,4
TNG50-1,50,1.0,250015,0.03418088,-0.05496768,0.93015213,-1.76128637,5
TNG50-1,50,1.0,250015,0.01043742,-0.12298544,1.12672025,0.83404548,6
TNG50-1,50,1.0,250015,-0.0461092,0.05145675,0.81444605,-0.68861292,7
TNG50-1,50,1.0,250015,-0.016292,0.02790458,1.2214241,1.5317839,8
TNG50-1,50,1.0,250015,0.00772516,0.01053429,0.61922568,-2.98784682,9
TNG50-1,50,1.0,106002,-0.0541677,-0.03158116,0.96684848,0.3880712,0
TNG50-1,50,1.0,106002,0.02041269,-0.02239783,0.89071223,0.40454878,1
TNG50-1,50,1.0,106002,-0.05807826,-0.02582482,0.55271441,-2.78868254,2
TNG50-1,50,1.0,106002,0.08988499,-0.04573581,1.24511322,-1.57223645,3
TNG50-1,50,1.0,106002,0.0275787,-0.06298442,1.25362224,1.6040812,4
TNG50-1,50,1.0,106002,0.11399358,-0.02212134,1.03461337,-0.55123566,5
TNG50-1,50,1.0,106002,-0.0511512,0.00580142,0.63206503,0.38023941,6
TNG50-1,50,1.0,106002,0.07745896,0.05818472,1.35165162,2.79519199,7
TNG50-1,50,1.0,106002,-0.09013562,0.01476752,0.61955993,-2.85085856,8
TNG50-1,50,1.0,106002,0.01040377,0.05832701,0.95742222,-0.31616759,9
TNG50-1,50,1.0,200752,-0.03061231,0.07956336,1.23744465,-1.45354469,0
TNG50-1,50,1.0,200752,-0.08245706,-0.01161319,0.79973422,-2.87429206,1
TNG50-1,50,1.0,200752,-0.04634272,0.02367777,1.31009124,0.39209855,2
TNG50-1,50,1.0,200752,-0.03356179,0.06203666,0.77989904,-1.73193345,3
TNG50-1,50,1.0,200752,-0.03742914,-0.00294623,1.05344999,-0.25633434,4
TNG50-1,50,1.0,200752,0.049051,-0.00681959,0.77593951,1.89949618,5
TNG50-1,50,1.0,200752,0.04852942,-0.03136687,1.0710465,1.83184232,6
TNG50-1,50,1.0,200752,0.11059398,-0.11800193,0.54456342,0.63074143,7
TNG50-1,50,1.0,200752,-0.03818606,0.00352358,1.35413198,3.00255776,8
TNG50-1,50,1.0,200752,0.07987242,-0.03549347,0.46543417,-0.22775859,9
TNG50-1,50,1.0,291550,-0.02822794,-0.06400251,1.13279114,-3.13724936,0
TNG50-1,50,1.0,291550,-0.07443805,0.054218,0.67993094,0.00645039,1
TNG50-1,50,1.0,291550,-0.06586076,-0.00724105,0.67746883,-1.98334516,2
TNG50-1,50,1.0,291550,-0.0155863,0.12395673,1.19851814,0.9226353,3
TNG50-1,50,1.0,291550,0.07311586,-0.05867855,0.83231349,1.13329099,4
TNG50-1,50,1.0,291550,-0.03642227,0.07949331,0.77142841,0.00707806,5
TNG50-1,50,1.0,291550,-0.02981639,0.06956727,1.16768579,0.2640794,6
TNG50-1,50,1.0,291550,-0.03084555,-0.0205842,1.00513996,-1.16202367,7
TNG50-1,50,1.0,291550,-0.02658654,-0.01975303,1.02044063,-1.1729282,8
TNG50-1,50,1.0,291550,-0.00056134,-0.04606489,0.64916838,1.54011591,9
TNG50-1,50,1.0,234932,0.00261297,-0.03018149,0.87488529,-1.89960916,0
TNG50-1,50,1.0,234932,-0.00790374,0.03332194,1.30019529,-2.07535745,1
TNG50-1,50,1.0,234932,-0.00939551,-0.09545687,0.6746635,-1.22022523,2
TNG50-1,50,1.0,234932,-0.00546197,0.04145215,1.27193673,2.7722132,3
TNG50-1,50,1.0,234932,0.0015222,-0.07282911,0.51115369,-0.08405848,4
TNG50-1,50,1.0,234932,-0.00281806,-0.04921656,1.19733302,-1.50244822,5
TNG50-1,50,1.0,234932,-0.02794208,0.01661127,1.26619095,-2.07099594,6
TNG50-1,50,1.0,234932,0.03824503,-0.03107495,1.34138252,-3.02283153,7
TNG50-1,50,1.0,234932,0.0414038,-0.03791768,0.72839521,-0.84827622,8
TNG50-1,50,1.0,234932,0.08919284,-0.0242408,1.244211,-2.45005602,9
TNG50-1,50,1.0,244863,0.01564416,0.08742769,0.64433705,-2.64788906,0
TNG50-1,50,1.0,244863,-0.0524449,-0.06941067,1.04919699,3.01687482,1
TNG50-1,50,1.0,244863,-0.05081591,-0.03659465,0.71312472,-2.36966171,2
TNG50-1,50,1.0,244863,0.00076412,0.04762918,1.32392031,-1.87960894,3
TNG50-1,50,1.0,244863,0.04659977,0.01082285,0.7115717,1.94581294,4
TNG50-1,50,1.0,244863,-0.0575495,-0.03956204,0.94632771,-1.59118906,5
TNG50-1,50,1.0,244863,0.05567047,0.04823966,0.45248562,-1.7448824,6
TNG50-1,50,1.0,244863,-0.00458168,0.05061479,1.24233331,1.08265428,7
TNG50-1,50,1.0,244863,-0.04651217,0.01656953,1.3092688,-0.63607682,8
TNG50-1,50,1.0,244863,-0.02338452,-0.03061983,1.23563122,2.10787769,9
TNG50-1,50,1.0,284832,-0.00975642,-0.06055503,1.1754012,0.46106479,0
TNG50-1,50,1.0,284832,-0.01127162,-0.04647237,0.54954559,-1.82724385,1
TNG50-1,50,1.0,284832,0.0477129,-0.0557827,0.76255113,3.01044649,2
TNG50-1,50,1.0,284832,-0.04442323,-0.02772469,1.39678081,0.29180097,3
TNG50-1,50,1.0,284832,-0.13083748,-0.02986437,0.89153327,-2.10190033,4
TNG50-1,50,1.0,284832,-0.08022715,0.03445284,1.20491087,0.10833575,5
TNG50-1,50,1.0,284832,-0.05141508,-0.04947647,1.38735317,2.88617525,6
TNG50-1,50,1.0,284832,-0.03278458,-0.01787983,0.8342734,-0.47620116,7
TNG50-1,50,1.0,284832,0.00935872,-0.02725113,1.22816339,-0.46906798,8
TNG50-1,50,1.0,284832,-0.0539897,0.04044425,0.45385961,-0.24424801,9
TNG50-1,50,1.0,248389,-0.01775728,-0.03089281,1.1467057,2.30882585,0
TNG50-1,50,1.0,248389,0.01464219,0.06862721,0.49688363,-1.41964463,1
TNG50-1,50,1.0,248389,-0.03911335,0.09203829,1.35551863,-1.40982441,2
TNG50-1,50,1.0,248389,0.01707622,-0.03467189,0.3691771,2.50543155,3
TNG50-1,50,1.0,248389,-0.07605631,-0.00568716,1.120849,2.07710956,4
TNG50-1,50,1.0,248389,0.04442248,0.05225213,0.69426188,-2.47701263,5
TNG50-1,50,1.0,248389,0.01829004,-0.00390725,1.11817538,0.50378523,6
TNG50-1,50,1.0,248389,0.00278327,0.02972943,0.3415517,-1.73795929,7
TNG50-1,50,1.0,248389,0.0562409,0.03902018,1.36993365,-1.78983903,8
TNG50-1,50,1.0,248389,-0.01646745,-0.02811523,1.09708668,0.72510463,9
TNG50-1,50,1.0,289097,-0.1084524,-0.01079806,1.27831433,-3.08150692,0
TNG50-1,50,1.0,289097,0.07824073,0.03288659,0.35844478,1.00569105,1
TNG50-1,50,1.0,289097,0.00433607,-0.00328487,0.72096313,-1.88455931,2
TNG50-1,50,1.0,289097,0.05063599,-0.02977547,0.61813348,0.26914126,3
TNG50-1,50,1.0,289097,0.02532336,-0.05429892,0.68256571,-3.04809854,4
TNG50-1,50,1.0,289097,0.07201975,-0.01959077,1.19536396,0.05560528,5
TNG50-1,50,1.0,289097,0.01048712,0.01022858,1.28292373,-0.6684776,6
TNG50-1,50,1.0,289097,-0.06817272,-0.09796959,1.02645931,2.39019901,7
TNG50-1,50,1.0,289097,-0.00528374,-0.03900382,0.57064069,1.39369721,8
TNG50-1,50,1.0,289097,0.0257828,-0.0998346,1.11773793,-2.91522108,9
TNG50-1,50,1.0,198351,0.0097525,0.06385817,1.17539251,-0.19142434,0
TNG50-1,50,1.0,198351,-0.02200059,0.03916657,1.11522132,1.09201446,1
TNG50-1,50,1.0,198351,0.03328871,0.05764947,0.78870796,0.38353257,2
TNG50-1,50,1.0,198351,0.05139158,0.0525861,0.47735326,1.73491283,3
TNG50-1,50,1.0,198351,0.03386881,-0.01352999,1.30463002,-2.80125266,4
TNG50-1,50,1.0,198351,-0.05212217,-0.02128049,1.22388617,2.00459211,5
TNG50-1,50,1.0,198351,0.00498229,0.08708619,0.35407,-2.77684525,6
TNG50-1,50,1.0,198351,-0.04557158,-0.00825598,0.64407574,2.39372977,7
TNG50-1,50,1.0,198351,0.00482774,-0.06772903,1.10367479,-2.86981702,8
TNG50-1,50,1.0,198351,-0.04537683,0.05037334,1.09315372,-2.3383978,9
TNG50-1,50,1.0,193153,-0.03509682,0.03789839,0.45986225,-2.15933909,0
TNG50-1,50,1.0,193153,-0.0599509,0.07968412,0.73302603,0.58712323,1
TNG50-1,50,1.0,193153,0.01020815,-0.04093002,1.35091732,2.87084425,2
TNG50-1,50,1.0,193153,-0.02770338,-0.08004724,0.46150048,-0.52386395,3
TNG50-1,50,1.0,193153,-0.00358703,-0.00072151,1.04110568,3.11775539,4
TNG50-1,50,1.0,193153,-0.01193894,0.04290136,1.14663011,-2.033147,5
TNG50-1,50,1.0,193153,-0.02222155,0.03505809,0.77419013,1.86044777,6
TNG50-1,50,1.0,193153,0.01469018,0.06056908,0.72031587,2.68988349,7
TNG50-1,50,1.0,193153,0.0277252,-0.12682727,1.1421605,1.18158035,8
TNG50-1,50,1.0,193153,0.09826395,0.06264884,1.09859939,-2.45467532,9
TNG50-1,50,1.0,269303,0.05508796,0.04239259,0.34082565,-0.82806264,0
TNG50-1,50,1.0,269303,-0.05590905,0.06532792,0.36327901,0.05419357,1
TNG50-1,50,1.0,269303,0.06929645,-0.02427786,1.32076947,-1.71178896,2
TNG50-1,50,1.0,269303,0.07330361,-0.00193441,0.3586058,0.25727281,3
TNG50-1,50,1.0,269303,0.077634,-0.00520938,0.64652007,1.90113271,4
TNG50-1,50,1.0,269303,-0.00789074,-0.03176401,1.31154236,-1.78908503,5
TNG50-1,50,1.0,269303,-0.03759212,0.03678748,0.93890462,0.33606724,6
TNG50-1,50,1.0,269303,-0.04921206,0.01814241,1.37119236,-0.91330323,7
TNG50-1,50,1.0,269303,-0.05508899,0.00709116,0.86715307,1.5574262,8
TNG50-1,50,1.0,269303,0.00058452,0.01791527,0.38727424,1.26944635,9
TNG50-1,50,1.0,162738,0.03757916,0.0703083,1.18831315,-2.66076304,0
TNG50-1,50,1.0,162738,-0.00228185,0.02204347,0.34524402,-1.79638652,1
TNG50-1,50,1.0,162738,0.04172096,-0.11280344,1.16677548,1.22045832,2
TNG50-1,50,1.0,162738,-0.00508603,-0.03175033,0.67765933,-2.4609438,3
TNG50-1,50,1.0,162738,-0.02903137,0.06623278,0.94973236,1.89139655,4
TNG50-1,50,1.0,162738,-0.01129211,0.08115271,1.13746729,0.7857814,5
TNG50-1,50,1.0,162738,-0.11910447,0.06813239,0.23354808,-2.5078857,6
TNG50-1,50,1.0,162738,-0.05717422,-0.01181262,1.361245,-1.33948319,7
TNG50-1,50,1.0,162738,0.04741397,-0.06532879,0.87433455,-2.27967872,8
TNG50-1,50,1.0,162738,0.05959499,-0.00203158,0.9957868,1.86988409,9
TNG50-1,50,1.0,171738,-0.03119611,-0.0119645,1.27588943,2.45524286,0
TNG50-1,50,1.0,171738,-0.0017303,-0.07117001,1.04879176,-0.5852337,1
TNG50-1,50,1.0,171738,-0.02909608,-0.04095382,0.94780981,-1.2453662,2
TNG50-1,50,1.0,171738,0.12172663,0.0158477,1.37387802,1.51538355,3
TNG50-1,50,1.0,171738,-0.01200086,-0.04321966,0.8436923,-2.90289333,4
TNG50-1,50,1.0,171738,-0.01868785,0.0129782,0.67964302,0.30671062,5
TNG50-1,50,1.0,171738,-0.02708181,0.08645766,0.3347825,-0.31296552,6
TNG50-1,50,1.0,171738,0.08884754,0.00853003,1.22970082,0.78450728,7
TNG50-1,50,1.0,171738,-0.08195334,-0.07267562,1.22490947,1.45204207,8
TNG50-1,50,1.0,171738,0.01797162,-0.04233981,1.14075274,-1.0996304,9
TNG50-1,50,1.0,234933,0.01130827,-0.02113041,0.83553684,2.93758517,0
TNG50-1,50,1.0,234933,0.01238998,-0.02828362,0.67020241,0.53122695,1
TNG50-1,50,1.0,234933,0.00426913,-0.08080157,0.53078217,2.54037696,2
TNG50-1,50,1.0,234933,0.0057428,0.00121112,1.12839773,0.89154242,3
TNG50-1,50,1.0,234933,0.0018568,0.02396602,1.37204351,-1.99965925,4
TNG50-1,50,1.0,234933,0.01058747,-0.00775499,0.84669083,1.88060876,5
TNG50-1,50,1.0,234933,0.03703405,-0.00044789,1.21016814,1.21704435,6
TNG50-1,50,1.0,234933,0.06101438,0.02092185,0.63920579,3.00298419,7
TNG50-1,50,1.0,234933,-0.03781662,0.07055598,0.76592864,-1.61206436,8
TNG50-1,50,1.0,234933,-0.00861507,-0.02098823,0.64960071,-1.0485033,9
TNG50-1,50,1.0,156085,-0.00960089,-0.00880438,1.3288623,2.57838514,0
TNG50-1,50,1.0,156085,-0.01941161,0.0335052,1.26595446,2.73511585,1
TNG50-1,50,1.0,156085,-0.00556086,0.02382873,1.01802492,-1.23761021,2
TNG50-1,50,1.0,156085,0.01046384,0.02749069,0.62994366,2.05905345,3
TNG50-1,50,1.0,156085,-0.02620256,-0.00038878,0.48131737,0.81854558,4
TNG50-1,50,1.0,156085,0.02529656,0.01941137,0.67275606,-2.510203,5
TNG50-1,50,1.0,156085,-0.04811313,-0.04806422,0.2810455,0.64571139,6
TNG50-1,50,1.0,156085,-0.01509131,-0.05855893,1.38613443,2.9911546,7
TNG50-1,50,1.0,156085,-0.11073481,-0.0050553,0.83412096,-1.20578065,8
TNG50-1,50,1.0,156085,0.05861186,-0.03398882,1.30340213,-3.13442495,9
TNG50-1,50,1.0,299541,0.06113867,0.12792559,1.03843874,0.34304389,0
TNG50-1,50,1.0,299541,0.01361724,-0.01900204,0.91877187,0.22942333,1
TNG50-1,50,1.0,299541,0.027718,-0.07138936,1.25756912,1.62037556,2
TNG50-1,50,1.0,299541,-0.06939437,0.00126489,0.74931415,0.68868255,3
TNG50-1,50,1.0,299541,0.0959395,-0.04489019,0.5579912,-2.65697413,4
TNG50-1,50,1.0,299541,-0.03956872,0.04322596,0.61468959,-2.01155139,5
TNG50-1,50,1.0,299541,-0.09972126,-0.04447724,1.10388049,0.20256374,6
TNG50-1,50,1.0,299541,-0.01755629,0.01353669,0.31657648,1.22237863,7
TNG50-1,50,1.0,299541,-0.12237419,-0.05735295,1.30004046,0.08906121,8
TNG50-1,50,1.0,299541,-0.05425626,0.12995141,0.96412984,-0.90787137,9
TNG50-1,50,1.0,294882,-0.04387516,0.00577,0.77157073,-0.03210416,0
TNG50-1,50,1.0,294882,0.04100668,-0.00817765,1.30147436,-1.78871603,1
TNG50-1,50,1.0,294882,0.03740124,0.00574876,0.999213,-0.06001992,2
TNG50-1,50,1.0,294882,-0.0082714,0.01688984,0.54342096,-3.06123534,3
TNG50-1,50,1.0,294882,-0.02358118,-0.00283446,1.34089044,3.13831041,4
TNG50-1,50,1.0,294882,0.07995738,0.06018434,0.23867335,-1.05485608,5
TNG50-1,50,1.0,294882,0.02946654,0.06296692,0.87564466,-0.12426791,6
TNG50-1,50,1.0,294882,-0.01955709,0.02659441,1.05876264,1.789314,7
TNG50-1,50,1.0,294882,-0.03265422,0.06873595,1.38393844,1.33692576,8
TNG50-1,50,1.0,294882,0.05124488,0.00042484,0.86931209,2.44138846,9
TNG50-1,50,1.0,307741,-0.03503673,-0.01589836,1.12255424,0.10658086,0
TNG50-1,50,1.0,307741,-0.02870795,0.0587893,0.29017824,0.66879558,1
TNG50-1,50,1.0,307741,0.00858948,0.09865473,1.32287149,-0.83160947,2
TNG50-1,50,1.0,307741,0.03999947,-0.04965455,0.64485376,0.72622316,3
TNG50-1,50,1.0,307741,-0.04092002,-0.0369406,0.97698323,-0.41389189,4
TNG50-1,50,1.0,307741,-0.04955962,0.019055,1.03646639,2.37548296,5
TNG50-1,50,1.0,307741,0.00117418,-0.02888716,1.37894424,1.3729591,6
TNG50-1,50,1.0,307741,0.02696263,-0.03796159,0.70816422,-2.44730078,7
TNG50-1,50,1.0,307741,0.07313776,0.01222353,0.65175573,1.88246232,8
TNG50-1,50,1.0,307741,-0.05356648,0.077471,1.12812544,-1.02098223,9
TNG50-1,50,1.0,230938,-0.04953402,0.0227979,0.60518556,-0.57716185,0
TNG50-1,50,1.0,230938,-0.06432729,-0.0680392,1.0329084,2.96141604,1
TNG50-1,50,1.0,230938,0.01241693,-0.03118378,0.30458432,0.96504305,2
TNG50-1,50,1.0,230938,0.08434106,0.07157313,0.45092974,-2.53526224,3
TNG50-1,50,1.0,230938,-0.00580335,0.06509963,0.66778012,-0.13165951,4
TNG50-1,50,1.0,230938,-0.00193597,0.02187423,1.32552993,-2.82913768,5
TNG50-1,50,1.0,230938,0.06453787,-0.09646769,0.73956705,-0.65925867,6
TNG50-1,50,1.0,230938,0.04391147,-0.06041108,0.24662716,2.60991714,7
TNG50-1,50,1.0,230938,0.02127075,-0.03397362,1.0788172,-1.68262324,8
TNG50-1,50,1.0,230938,-0.02911704,-0.00858495,0.48617682,2.83100084,9
TNG50-1,50,1.0,236658,0.07410345,-0.01619844,1.10783817,2.13901191,0
TNG50-1,50,1.0,236658,-0.02722934,0.0346855,0.76282141,2.81900728,1
TNG50-1,50,1.0,236658,-0.02674815,0.05282081,0.64660581,2.02366286,2
TNG50-1,50,1.0,236658,-0.0177464,0.04982197,0.57141002,-3.13751874,3
TNG50-1,50,1.0,236658,0.01600421,0.02138051,1.2500727,0.42740891,4
TNG50-1,50,1.0,236658,-0.05556271,0.04694463,1.24773883,-2.09443618,5
TNG50-1,50,1.0,236658,-0.0142407,0.04355303,1.35682052,-0.78070518,6
TNG50-1,50,1.0,236658,0.02626386,0.1338254,0.96720128,-0.45289863,7
TNG50-1,50,1.0,236658,0.01092856,0.06090335,1.28556124,2.78307886,8
TNG50-1,50,1.0,236658,0.01904073,-0.00443721,1.12844861,0.84030524,9
TNG50-1,50,1.0,292785,0.01127716,-0.06496833,1.33552368,-1.56473489,0
TNG50-1,50,1.0,292785,-0.00915935,0.04031612,0.33604178,1.26605521,1
TNG50-1,50,1.0,292785,0.02406243,-0.03784629,1.1321899,-1.6737468,2
TNG50-1,50,1.0,292785,0.01951097,-0.08774502,1.39823989,-1.82760376,3
TNG50-1,50,1.0,292785,0.06629238,0.04282864,0.45004863,-3.06855282,4
TNG50-1,50,1.0,292785,-0.09443523,0.02294915,0.8796307,-1.37032033,5
TNG50-1,50,1.0,292785,-0.01172489,-0.0057937,0.70158649,-1.59129967,6
TNG50-1,50,1.0,292785,0.01695949,-0.04572758,1.27276177,1.66100123,7
TNG50-1,50,1.0,292785,-0.0013142,-0.00567207,1.04980755,0.43800026,8
TNG50-1,50,1.0,292785,-0.04695865,0.06077938,0.80580481,-2.02428847,9
TNG50-1,50,1.0,158268,-0.03126747,0.0827262,0.92165558,-1.49431266,0
TNG50-1,50,1.0,158268,-0.05602382,0.03829087,0.82639393,-2.17412865,1
TNG50-1,50,1.0,158268,0.03033296,-0.01652352,0.98893042,1.40474156,2
TNG50-1,50,1.0,158268,-0.00840022,0.0713451,0.49340646,0.49595312,3
TNG50-1,50,1.0,158268,0.0407607,-0.01608807,1.33719585,-2.73646159,4
TNG50-1,50,1.0,158268,-0.02217482,-0.03528928,0.27020094,-0.25048399,5
TNG50-1,50,1.0,158268,-0.0202843,-0.01941342,1.3724323,-1.83153012,6
TNG50-1,50,1.0,158268,0.09366913,-0.02850969,1.22542523,2.93863696,7
TNG50-1,50,1.0,158268,-0.08115302,-0.04733116,0.73210808,-2.46352419,8
TNG50-1,50,1.0,158268,0.06422406,0.05550039,1.32967321,0.61609884,9
TNG50-1,50,1.0,176324,-0.02347014,0.06690896,0.75371812,3.13710589,0
TNG50-1,50,1.0,176324,0.06507249,0.02372683,0.73337122,0.79057839,1
TNG50-1,50,1.0,176324,-0.05227878,0.05144089,0.21675001,-0.01849963,2
TNG50-1,50,1.0,176324,0.06625981,-0.06577947,1.24864531,2.62408598,3
TNG50-1,50,1.0,176324,-0.02167222,0.03274142,0.69336337,2.07945688,4
TNG50-1,50,1.0,176324,0.10570178,-0.04857217,0.35422665,-2.44973809,5
TNG50-1,50,1.0,176324,-0.03409065,-0.06686593,0.8063447,-1.23953017,6
TNG50-1,50,1.0,176324,-0.0071991,0.01193831,0.31689758,-1.50391106,7
TNG50-1,50,1.0,176324,-0.04550915,0.01142692,0.22152633,2.23217484,8
TNG50-1,50,1.0,176324,-0.03438504,0.00266729,0.61049802,-1.67606887,9
TNG50-1,50,1.0,250975,0.04149682,-0.05848014,0.6928754,2.07328518,0
TNG50-1,50,1.0,250975,-0.01210524,0.01508164,0.65784728,-1.37307346,1
TNG50-1,50,1.0,250975,-0.05455152,-0.01093165,1.03194836,-2.96154403,2
TNG50-1,50,1.0,250975,-0.04367905,0.0451092,0.95087454,-2.88735562,3
TNG50-1,50,1.0,250975,-0.06846235,-0.03577053,1.23963705,-0.44499094,4
TNG50-1,50,1.0,250975,0.04551974,0.03080539,0.86018494,-0.28613057,5
TNG50-1,50,1.0,250975,-0.01924576,0.08204242,1.08191752,-1.12939547,6
TNG50-1,50,1.0,250975,0.04762503,0.0136278,1.10243271,1.06047354,7
TNG50-1,50,1.0,250975,0.00679572,0.03926457,0.35361711,-0.09209404,8
TNG50-1,50,1.0,250975,-0.01464092,0.02859451,1.26247651,-2.67592652,9
TNG50-1,50,1.0,238585,0.06264293,0.00448185,1.05031228,2.32144708,0
TNG50-1,50,1.0,238585,-0.10833675,0.00888383,0.29237145,2.52294337,1
TNG50-1,50,1.0,238585,0.05849418,0.02193812,0.74926141,2.1451959,2
TNG50-1,50,1.0,238585,-0.04557368,-7.023e-05,0.98386036,0.19226347,3
TNG50-1,50,1.0,238585,0.01322626,-0.06885812,1.13839783,1.8147785,4
TNG50-1,50,1.0,238585,-0.03380035,-0.01701338,1.0854676,2.67887207,5
TNG50-1,50,1.0,238585,0.09959584,0.03033292,0.84313818,-2.99480117,6
TNG50-1,50,1.0,238585,0.006231,-0.03349414,1.18521592,-0.55230319,7
TNG50-1,50,1.0,238585,-0.03540458,0.03363906,1.27337079,-1.85903444,8
TNG50-1,50,1.0,238585,-0.01505457,0.00158591,0.74663034,3.12129033,9
TNG50-1,50,1.0,199677,-0.02118137,-0.00932271,1.2558128,-1.58497996,0
TNG50-1,50,1.0,199677,-0.01319412,-0.03663722,0.36387372,-2.44362093,1
TNG50-1,50,1.0,199677,0.00525185,-0.0265337,0.90683015,-1.69865054,2
TNG50-1,50,1.0,199677,0.02778689,-0.02812292,1.08571665,-2.40784413,3
TNG50-1,50,1.0,199677,0.00940611,-0.01436687,1.23297143,-0.76823438,4
TNG50-1,50,1.0,199677,-0.01284556,0.03278775,0.21853162,-0.08673774,5
TNG50-1,50,1.0,199677,-0.04575632,0.0203556,0.71882813,-0.2809528,6
TNG50-1,50,1.0,199677,0.04385345,0.07733687,1.21698463,2.06848786,7
TNG50-1,50,1.0,199677,-0.00509111,0.06058645,1.3244148,-1.54569257,8
TNG50-1,50,1.0,199677,-0.02168949,0.09782109,1.23300329,2.43218223,9
TNG50-1,50,1.0,241679,-0.0125212,-0.00868209,1.15819542,2.81779348,0
TNG50-1,50,1.0,241679,-0.08285696,-0.0317077,0.38651954,-2.03976021,1
TNG50-1,50,1.0,241679,0.01934323,0.01936718,0.40902761,-1.41039992,2
TNG50-1,50,1.0,241679,-0.06928765,0.06963303,0.69347936,-2.80167052,3
TNG50-1,50,1.0,241679,-0.12627036,0.02581837,0.98861499,3.07277397,4
TNG50-1,50,1.0,241679,-0.01720068,0.05131971,1.36112793,1.7650415,5
TNG50-1,50,1.0,241679,-0.03779468,0.05545633,1.37667733,-0.1211767,6
TNG50-1,50,1.0,241679,-0.04307685,-0.05094304,1.28505407,0.47479113,7
TNG50-1,50,1.0,241679,-0.1551548,0.02195573,0.85979108,0.39065335,8
TNG50-1,50,1.0,241679,-0.04254214,0.04975787,0.61546166,-1.54339691,9
TNG50-1,50,1.0,165283,-0.08827073,0.00477238,0.81225757,-1.61926488,0
TNG50-1,50,1.0,165283,-0.04473634,7.4e-05,0.88562571,2.57794754,1
TNG50-1,50,1.0,165283,-0.04782337,-0.09069012,1.19877859,-2.27472259,2
TNG50-1,50,1.0,165283,-0.01582639,0.00090753,0.93946394,2.22042151,3
TNG50-1,50,1.0,165283,0.02097571,-0.0602698,0.94364758,-1.98973791,4
TNG50-1,50,1.0,165283,0.09244614,0.00059139,0.57868317,-0.46744795,5
TNG50-1,50,1.0,165283,-0.07155729,0.06347482,1.02261447,3.04056928,6
TNG50-1,50,1.0,165283,-0.02423887,0.0231534,1.02014815,-2.5318162,7
TNG50-1,50,1.0,165283,-0.04479904,0.00887585,0.25591278,2.13494984,8
TNG50-1,50,1.0,165283,-0.06339897,-0.02643829,0.4633241,-0.03308757,9
TNG50-1,50,1.0,280788,-0.14316,-0.00620654,0.57953594,1.99463393,0
TNG50-1,50,1.0,280788,0.04591811,0.05907409,0.6033468,2.14830488,1
TNG50-1,50,1.0,280788,0.03282413,0.0315865,1.33375747,3.00550769,2
TNG50-1,50,1.0,280788,0.00488895,-0.05934665,0.4745571,3.09467901,3
TNG50-1,50,1.0,280788,-0.06130666,0.06946102,0.32708538,-2.66496462,4
TNG50-1,50,1.0,280788,-0.00445168,0.06127858,1.36414807,0.99251458,5
TNG50-1,50,1.0,280788,0.00923527,0.02327374,0.34866809,-1.42599293,6
TNG50-1,50,1.0,280788,0.03913628,0.01403589,1.1632484,-2.35256416,7
TNG50-1,50,1.0,280788,0.01364935,0.08293058,0.78343949,-2.20668346,8
TNG50-1,50,1.0,280788,0.03319006,-0.08166564,1.25393542,2.74221605,9
TNG50-1,50,1.0,275684,-0.04028407,-0.03842793,1.04840266,2.86803637,0
TNG50-1,50,1.0,275684,0.05922838,0.00031903,1.24078693,1.28661331,1
TNG50-1,50,1.0,275684,-0.07761734,0.00776996,0.73834607,1.63455763,2
TNG50-1,50,1.0,275684,0.02205196,0.0117329,1.02010698,2.5075747,3
TNG50-1,50,1.0,275684,-0.01852585,-0.00619454,1.04133937,2.91733795,4
TNG50-1,50,1.0,275684,-0.04803536,-0.03510809,0.4972849,-2.62464505,5
TNG50-1,50,1.0,275684,0.09859659,0.03217015,0.66774283,3.12487204,6
TNG50-1,50,1.0,275684,-0.04772513,-0.00558464,0.93835256,1.2756262,7
TNG50-1,50,1.0,275684,-0.0565051,-0.02478087,0.98894452,0.58273311,8
TNG50-1,50,1.0,275684,-0.00934864,0.07399968,0.3252129,-0.54558704,9
TNG50-1,50,1.0,285786,-0.04516909,0.06510821,1.31667927,-0.81491083,0
TNG50-1,50,1.0,285786,0.01673262,-0.0039715,0.92310737,-3.01513144,1
TNG50-1,50,1.0,285786,-0.02127536,0.09276041,0.77114001,-0.04459113,2
TNG50-1,50,1.0,285786,-0.07165455,-0.02162115,1.12728028,-1.40570314,3
TNG50-1,50,1.0,285786,0.12723834,0.0213218,1.39239175,2.46787819,4
TNG50-1,50,1.0,285786,-0.00185053,0.05109901,0.83182137,1.32891349,5
TNG50-1,50,1.0,285786,-0.05415815,0.05975762,1.36693878,-0.60115463,6
TNG50-1,50,1.0,285786,-0.03349177,0.06559361,1.02327471,1.64637193,7
TNG50-1,50,1.0,285786,-0.00865715,-0.01360059,0.57697409,-0.99773295,8
TNG50-1,50,1.0,285786,-0.0087623,-0.00027446,0.20464571,0.13674464,9
TNG50-1,50,1.0,240875,-0.01289247,-0.02468448,1.10043486,-0.06089616,0
TNG50-1,50,1.0,240875,0.0882156,0.04420733,0.20474076,2.16351453,1
TNG50-1,50,1.0,240875,-0.05305635,-0.01527399,1.11882148,2.54435457,2
TNG50-1,50,1.0,240875,0.01657131,-0.00487777,0.52271138,-0.1137707,3
TNG50-1,50,1.0,240875,-0.05453842,0.01806556,1.32899121,3.0267757,4
TNG50-1,50,1.0,240875,-0.02789367,0.01135001,0.99752907,-2.68907285,5
TNG50-1,50,1.0,240875,0.01384095,0.0322114,1.09877556,-1.40530212,6
TNG50-1,50,1.0,240875,-0.01056815,0.01584822,1.23102733,-0.52331852,7
TNG50-1,50,1.0,240875,-0.00029954,0.02345153,1.07953973,0.51962891,8
TNG50-1,50,1.0,240875,0.01663611,-0.01626863,0.79879981,0.28858508,9
TNG50-1,50,1.0,271207,-0.06514195,0.04490659,1.28528867,-3.00746207,0
TNG50-1,50,1.0,271207,0.02036451,-0.0101797,0.2485153,1.60782575,1
TNG50-1,50,1.0,271207,-0.02098077,0.00281382,0.71737599,-1.71337044,2
TNG50-1,50,1.0,271207,0.01468514,-0.02398834,0.84595779,2.08606602,3
TNG50-1,50,1.0,271207,-0.02890255,0.0478309,0.97645178,2.541137,4
TNG50-1,50,1.0,271207,-0.0786558,0.01457643,0.72831747,-2.08246086,5
TNG50-1,50,1.0,271207,-0.02136863,-0.02784791,1.29463189,1.31233148,6
TNG50-1,50,1.0,271207,0.03203888,-0.07445149,1.12170025,-0.24940646,7
TNG50-1,50,1.0,271207,0.019703,0.05524806,1.2963791,2.63241059,8
TNG50-1,50,1.0,271207,0.00154654,-0.03720325,1.29526319,-0.09790966,9
TNG50-1,50,1.0,256471,-0.00067796,-0.01212553,1.11108044,-1.40839286,0
TNG50-1,50,1.0,256471,-0.02676695,0.01368174,1.18514268,-0.76524416,1
TNG50-1,50,1.0,256471,-0.01932798,-0.10367321,0.45945641,1.77346839,2
TNG50-1,50,1.0,256471,-0.04251942,-0.05993229,1.27840037,-1.79510635,3
TNG50-1,50,1.0,256471,0.04188939,-0.01876832,1.35098884,2.81328356,4
TNG50-1,50,1.0,256471,-0.05243187,-0.03564846,1.13234786,0.07884978,5
TNG50-1,50,1.0,256471,-0.01335393,-0.08004166,0.66666906,1.77905248,6
TNG50-1,50,1.0,256471,0.01726198,0.04288893,0.7490472,2.05624669,7
TNG50-1,50,1.0,256471,0.08067473,0.01298784,0.24728698,-0.13310854,8
TNG50-1,50,1.0,256471,-0.00046493,0.00701326,1.09142091,1.51658111,9
TNG50-1,50,1.0,292022,0.04091629,-0.0001864,1.18628789,-2.41707557,0
TNG50-1,50,1.0,292022,-0.02385344,-0.10187183,0.55173422,-1.39015969,1
TNG50-1,50,1.0,292022,0.03413082,-0.01943329,1.2562473,-2.09709471,2
TNG50-1,50,1.0,292022,0.04030089,0.06777397,1.29117505,-1.1306762,3
TNG50-1,50,1.0,292022,0.06210464,-0.02133509,0.70641388,1.66817757,4
TNG50-1,50,1.0,292022,-0.02463217,0.03567314,1.01081769,-2.38294617,5
TNG50-1,50,1.0,292022,0.05071518,0.00172776,0.62129708,0.70289315,6
TNG50-1,50,1.0,292022,-0.0936407,0.05313346,1.16050911,0.53260093,7
TNG50-1,50,1.0,292022,0.06481078,0.00957505,1.2210331,0.23958181,8
TNG50-1,50,1.0,292022,-0.00125084,-0.04659058,0.90898257,-0.09897523,9
TNG50-1,50,1.0,306884,-0.02881923,-0.04030108,1.31012391,-0.13673406,0
TNG50-1,50,1.0,306884,0.04402759,-0.03204627,0.25506773,-1.7000345,1
TNG50-1,50,1.0,306884,-0.01400072,0.01416149,0.95849287,0.76782259,2
TNG50-1,50,1.0,306884,0.06225025,0.05221067,1.10702743,1.63293188,3
TNG50-1,50,1.0,306884,0.05248759,0.02568225,0.46484995,2.94950178,4
TNG50-1,50,1.0,306884,-0.06783556,0.03751861,0.39949845,2.15243374,5
TNG50-1,50,1.0,306884,-0.0071662,-0.01333089,0.96133219,-2.60039146,6
TNG50-1,50,1.0,306884,-0.02240447,0.03015001,1.13907158,-1.8125552,7
TNG50-1,50,1.0,306884,-0.06946191,-0.00741875,0.9752652,0.19912582,8
TNG50-1,50,1.0,306884,-0.07271372,-0.02207362,1.21577824,-1.5231007,9
TNG50-1,50,1.0,220009,0.01148143,0.04456894,1.36703268,0.03365904,0
TNG50-1,50,1.0,220009,-0.00283891,0.01100815,0.6410267,2.41791404,1
TNG50-1,50,1.0,220009,-0.0560571,-0.04418501,0.51280798,1.30647796,2
TNG50-1,50,1.0,220009,0.02565864,0.01610016,1.38899577,-1.30406474,3
TNG50-1,50,1.0,220009,-0.00930693,0.01773444,0.59854087,-1.73214989,4
TNG50-1,50,1.0,220009,-0.06001608,0.02556665,0.26595496,0.07881874,5
TNG50-1,50,1.0,220009,0.02871427,0.05179371,1.37497893,-0.79802407,6
TNG50-1,50,1.0,220009,-0.02128938,-0.03079914,0.71168464,-1.07148421,7
TNG50-1,50,1.0,220009,0.01137417,0.03339678,0.20366096,-2.02365806,8
TNG50-1,50,1.0,220009,-0.00624896,-0.08624086,0.61683655,2.16949594,9
TNG50-1,50,1.0,25241,0.06090167,-0.07265482,0.64139816,-2.99693801,0
TNG50-1,50,1.0,25241,-0.04928237,0.08110997,0.74625978,-3.04659272,1
TNG50-1,50,1.0,25241,0.06404648,-0.02605506,0.99474947,-2.14762722,2
TNG50-1,50,1.0,25241,-0.0022203,0.07875179,0.75559808,-3.01660435,3
TNG50-1,50,1.0,25241,0.07961113,-0.02156216,0.78475289,-2.30971512,4
TNG50-1,50,1.0,25241,0.00016522,-0.04638726,1.39448657,0.37179873,5
TNG50-1,50,1.0,25241,-0.10237377,0.06597646,0.74375214,-0.62660428,6
TNG50-1,50,1.0,25241,0.04246273,-0.00366674,1.17846634,3.02062954,7
TNG50-1,50,1.0,25241,-0.02217568,-0.0031786,0.91612633,1.93958387,8
TNG50-1,50,1.0,25241,-0.01881148,-0.0640813,1.30761106,-2.21937339,9
TNG50-1,50,1.0,216435,0.0188156,-0.02836201,1.01933739,0.17800259,0
TNG50-1,50,1.0,216435,0.05543683,0.01736583,1.32749345,2.85756143,1
TNG50-1,50,1.0,216435,-0.0555605,0.01100833,0.25823819,2.58174725,2
TNG50-1,50,1.0,216435,0.12491056,0.05001223,1.19375892,-2.43798068,3
TNG50-1,50,1.0,216435,-0.02562926,0.11093572,0.94727234,-0.82465517,4
TNG50-1,50,1.0,216435,-0.01754825,0.07604867,0.78053528,0.10537801,5
TNG50-1,50,1.0,216435,-0.06059505,-0.01193296,1.30445766,2.63878606,6
TNG50-1,50,1.0,216435,-0.05910754,0.02643838,0.69357911,1.98902606,7
TNG50-1,50,1.0,216435,0.0487017,0.03140289,0.80217396,-0.71325021,8
TNG50-1,50,1.0,216435,0.11350966,-0.00100453,0.96434392,2.42663155,9
TNG50-1,50,1.0,259473,-0.00120451,0.03685788,1.33478569,-0.05473501,0
TNG50-1,50,1.0,259473,-0.01741303,0.02523919,1.31641792,-0.24747545,1
TNG50-1,50,1.0,259473,-0.05106688,-0.02385994,0.79517502,0.2873756,2
TNG50-1,50,1.0,259473,-0.07274014,-0.13057011,1.08115103,-2.44623234,3
TNG50-1,50,1.0,259473,-0.0345345,-0.03374238,1.02958331,-2.17695329,4
TNG50-1,50,1.0,259473,0.04296261,-0.02413473,1.11184407,0.19002978,5
TNG50-1,50,1.0,259473,0.01165351,-0.0453553,0.9919009,-1.41098324,6
TNG50-1,50,1.0,259473,-0.00345867,-0.02065879,0.80750111,0.81073001,7
TNG50-1,50,1.0,259473,-0.05198841,0.04082751,0.91682432,-0.79952664,8
TNG50-1,50,1.0,259473,-0.01869575,-0.00186482,1.26293729,-1.75467533,9
TNG50-1,50,1.0,315170,0.01299795,0.02603074,0.80466098,0.0990673,0
TNG50-1,50,1.0,315170,0.0054866,0.01792742,0.47691863,-0.98940688,1
TNG50-1,50,1.0,315170,0.01496767,0.16001215,0.84076893,1.10198379,2
TNG50-1,50,1.0,315170,0.02471378,0.01035101,1.3377339,0.65602611,3
TNG50-1,50,1.0,315170,-0.0206599,-0.05452734,0.87382077,-0.00435368,4
TNG50-1,50,1.0,315170,-0.04220395,-0.01406126,1.31473338,-1.55357411,5
TNG50-1,50,1.0,315170,0.05161101,0.07758424,0.3510987,0.16174886,6
TNG50-1,50,1.0,315170,0.00109914,-0.06470837,0.80399778,-0.24066556,7
TNG50-1,50,1.0,315170,0.0474364,-0.03762298,0.90193141,2.2070686,8
TNG50-1,50,1.0,315170,0.08230794,0.05532134,1.23425764,2.47769459,9
TNG50-1,50,1.0,87137,-0.00268391,-0.02949544,0.52280464,0.37162993,0
TNG50-1,50,1.0,87137,0.04314683,0.03916911,1.39770301,-0.43455714,1
TNG50-1,50,1.0,87137,0.03481078,0.00822842,1.26657071,0.56730568,2
TNG50-1,50,1.0,87137,-0.02888304,0.04913616,0.94024439,1.22546457,3
TNG50-1,50,1.0,87137,0.115103,-0.01074927,0.89642802,0.45392444,4
TNG50-1,50,1.0,87137,-0.00121917,-0.01752077,1.10613878,0.36144295,5
TNG50-1,50,1.0,87137,0.01181877,0.03660367,1.37698847,-0.40163536,6
TNG50-1,50,1.0,87137,0.02756743,0.01789966,0.68825254,-0.43960606,7
TNG50-1,50,1.0,87137,0.01729362,-0.04101472,1.1952717,-0.05676239,8
TNG50-1,50,1.0,87137,0.07626988,0.06728061,0.8063481,-0.30110336,9
TNG50-1,50,1.0,299151,0.04019182,0.11105134,1.39540653,2.30106028,0
TNG50-1,50,1.0,299151,-0.07513405,0.03784368,0.90534252,-0.09125114,1
TNG50-1,50,1.0,299151,-0.04347468,0.05562659,0.72697327,0.04676052,2
TNG50-1,50,1.0,299151,0.00629886,-0.01194928,1.38869618,-0.6154106,3
TNG50-1,50,1.0,299151,0.03316038,-8.243e-05,0.66370383,-0.97179523,4
TNG50-1,50,1.0,299151,0.08395062,0.03496323,0.79860749,2.34298899,5
TNG50-1,50,1.0,299151,-0.0120032,-0.02528994,1.16739405,-1.22601799,6
TNG50-1,50,1.0,299151,-0.04328749,-0.01456539,0.75527793,-0.61041138,7
TNG50-1,50,1.0,299151,-0.04585744,-0.03373522,1.29115596,-1.25716299,8
TNG50-1,50,1.0,299151,-0.0343923,-0.02237463,0.5780692,0.98465532,9
TNG50-1,50,1.0,25260,0.02091737,0.0191781,0.50124767,1.18448356,0
TNG50-1,50,1.0,25260,0.00864053,-0.00842254,0.98246072,-2.78369968,1
TNG50-1,50,1.0,25260,-0.00199299,-0.0871149,1.06122813,1.06843387,2
TNG50-1,50,1.0,25260,-0.03557107,-0.01079634,0.88357468,-2.76651249,3
TNG50-1,50,1.0,25260,-0.03845867,-0.01876633,1.35162049,-1.21121037,4
TNG50-1,50,1.0,25260,-0.02304371,-0.05195226,0.80731418,0.72686074,5
TNG50-1,50,1.0,25260,0.02301379,-0.02836971,0.36090262,-1.78683727,6
TNG50-1,50,1.0,25260,0.03311299,0.00675457,0.77078003,-2.90164293,7
TNG50-1,50,1.0,25260,0.03985221,-0.05666234,0.99287171,0.74112488,8
TNG50-1,50,1.0,25260,-7.334e-05,-0.03553927,0.32271999,-1.34549837,9
TNG50-1,50,1.0,232767,-0.01445292,0.10380167,1.17342502,1.59848039,0
TNG50-1,50,1.0,232767,0.0088679,0.00741867,1.23329604,-0.42877601,1
TNG50-1,50,1.0,232767,-0.04575264,0.01200225,1.01741956,-1.46010278,2
TNG50-1,50,1.0,232767,0.00338169,-0.08088467,0.46500893,-2.26743169,3
TNG50-1,50,1.0,232767,-0.08634261,-0.03100287,1.00526101,-3.13298661,4
TNG50-1,50,1.0,232767,-0.02647595,0.05249119,0.71447634,-2.42997427,5
TNG50-1,50,1.0,232767,-0.00576669,0.00848892,0.99481343,-2.10703311,6
TNG50-1,50,1.0,232767,0.04748176,0.00539074,1.07912384,1.19341434,7
TNG50-1,50,1.0,232767,0.05555453,0.01135861,1.0155534,1.99752437,8
TNG50-1,50,1.0,232767,-0.04818085,-0.07216022,0.65598425,1.48877353,9
TNG50-1,50,1.0,311376,0.10848607,0.04005357,0.37298068,0.83167957,0
TNG50-1,50,1.0,311376,0.09713101,-0.04225798,0.54507356,-2.24761005,1
TNG50-1,50,1.0,311376,0.03250614,-0.01200744,0.43123396,-2.10582502,2
TNG50-1,50,1.0,311376,-0.01327925,0.02968217,1.07066597,-0.16525075,3
TNG50-1,50,1.0,311376,-0.00351778,0.07591346,1.20840448,1.68260895,4
TNG50-1,50,1.0,311376,0.02028011,-0.06469691,1.2470321,-2.05287127,5
TNG50-1,50,1.0,311376,-0.02101239,-0.06840372,0.49954711,2.6107735,6
TNG50-1,50,1.0,311376,0.0659405,-0.04730151,0.57421173,1.15479122,7
TNG50-1,50,1.0,311376,-0.10178637,-0.07687679,0.26678,-1.17929677,8
TNG50-1,50,1.0,311376,-0.01478628,-0.07331892,0.54111344,2.423799,9
TNG50-1,50,1.0,298512,0.14416418,0.10111964,1.30932957,2.80035644,0
TNG50-1,50,1.0,298512,-0.1252095,-0.01260069,0.99258927,1.6040118,1
TNG50-1,50,1.0,298512,0.01165735,0.02848057,0.88981514,-1.87801685,2
TNG50-1,50,1.0,298512,0.01358115,-0.0334518,0.71417741,0.41258945,3
TNG50-1,50,1.0,298512,-0.01140445,0.04665715,1.04082528,0.59657293,4
TNG50-1,50,1.0,298512,-0.01022596,0.03667339,1.12866781,-2.34998273,5
TNG50-1,50,1.0,298512,0.00457049,0.02096301,0.78238601,-1.93737566,6
TNG50-1,50,1.0,298512,-0.01260016,-0.05136677,0.76084106,2.86957167,7
TNG50-1,50,1.0,298512,0.01109899,-0.03762015,1.1712058,0.05033372,8
TNG50-1,50,1.0,298512,-0.02438054,0.08430865,1.38368053,-1.93872571,9
TNG50-1,50,1.0,278201,0.02895976,-0.01288583,1.17550803,-2.21679163,0
TNG50-1,50,1.0,278201,-0.05663269,-0.11789125,0.87401236,-2.22912333,1
TNG50-1,50,1.0,278201,-0.01052845,0.01838305,0.5556205,1.47488991,2
TNG50-1,50,1.0,278201,-0.0299495,-0.11396659,0.685305,-0.28641014,3
TNG50-1,50,1.0,278201,-0.03509099,-0.09616836,1.36153202,1.85491525,4
TNG50-1,50,1.0,278201,-0.01250438,-0.00808338,0.89644422,-2.25517589,5
TNG50-1,50,1.0,278201,0.04499457,0.01322886,0.91615181,-2.89116032,6
TNG50-1,50,1.0,278201,0.05528344,-0.02255425,1.10003279,1.24365647,7
TNG50-1,50,1.0,278201,0.04631029,0.07677656,0.67544613,3.10836122,8
TNG50-1,50,1.0,278201,0.0168177,0.02310508,0.31464087,-2.54595793,9
TNG50-1,50,1.0,55637,-0.02673754,-0.04773312,1.12196412,1.82481872,0
TNG50-1,50,1.0,55637,-0.01065843,0.01388525,1.38631166,2.04518479,1
TNG50-1,50,1.0,55637,-0.01551951,0.05339974,1.25812947,-1.80226524,2
TNG50-1,50,1.0,55637,0.0055898,0.08645883,0.22098865,1.87501678,3
TNG50-1,50,1.0,55637,0.02094473,0.01253051,1.19002114,-0.87068042,4
TNG50-1,50,1.0,55637,0.03408631,0.05298353,1.38360302,-0.483113,5
TNG50-1,50,1.0,55637,-0.03167754,-0.0604801,1.16406167,2.74190827,6
TNG50-1,50,1.0,55637,-0.07878984,-0.00179514,1.04626917,2.46240791,7
TNG50-1,50,1.0,55637,0.06357982,-0.01675063,0.91002082,-0.78470253,8
TNG50-1,50,1.0,55637,0.0192723,0.01712849,1.34332734,-0.07470515,9
TNG50-1,50,1.0,278928,0.01523545,0.01085679,1.39740325,-2.87192719,0
TNG50-1,50,1.0,278928,0.01670563,-0.07065032,1.01905478,2.91486244,1
TNG50-1,50,1.0,278928,0.02478069,0.06051752,0.87209195,1.76274318,2
TNG50-1,50,1.0,278928,0.04359043,-0.03469382,0.93169218,-0.95620007,3
TNG50-1,50,1.0,278928,0.02271397,0.02669205,0.70194787,-1.44496066,4
TNG50-1,50,1.0,278928,0.01408565,-0.06414528,1.34585769,0.55897559,5
TNG50-1,50,1.0,278928,0.03556235,0.11132034,0.63303998,3.06176229,6
TNG50-1,50,1.0,278928,-0.12133172,-0.07211084,1.15997393,-1.31842073,7
TNG50-1,50,1.0,278928,0.10445258,0.0034493,0.57778421,2.81657049,8
TNG50-1,50,1.0,278928,0.07948649,-0.10610936,1.03585092,-1.06570916,9
TNG50-1,50,1.0,231714,0.03630235,0.05796739,1.2005086,2.95081569,0
TNG50-1,50,1.0,231714,0.0050158,0.04963962,1.29946796,0.52550338,1
TNG50-1,50,1.0,231714,0.02150366,-0.04638193,0.49977702,1.86096686,2
TNG50-1,50,1.0,231714,-0.03675189,-0.15669194,1.33288469,0.84676446,3
TNG50-1,50,1.0,231714,-0.0193984,0.0197693,0.82387716,-0.45615634,4
TNG50-1,50,1.0,231714,-0.06678514,-0.04434348,1.08434671,-2.78146964,5
TNG50-1,50,1.0,231714,0.07435148,0.03111638,0.21654039,1.36812511,6
TNG50-1,50,1.0,231714,0.02250787,0.04751352,0.94940789,1.25828811,7
TNG50-1,50,1.0,231714,-0.04580562,0.05568166,0.90899058,-2.40833043,8
TNG50-1,50,1.0,231714,0.01356785,0.08723702,0.41887196,-1.69602728,9
TNG50-1,50,1.0,101012,0.0353314,-0.09731658,0.80670463,2.4305947,0
TNG50-1,50,1.0,101012,-0.0229753,0.03163063,0.94394126,-2.70738251,1
TNG50-1,50,1.0,101012,-0.06358823,-0.07842182,1.17644237,0.96823972,2
TNG50-1,50,1.0,101012,0.09146011,0.06770045,1.14125092,-2.18044644,3
TNG50-1,50,1.0,101012,0.0368671,0.0104278,1.26906723,-1.81657339,4
TNG50-1,50,1.0,101012,-0.00109878,-0.02317107,0.50959452,2.28838379,5
TNG50-1,50,1.0,101012,-0.08099091,0.04950772,0.88752408,2.483054,6
TNG50-1,50,1.0,101012,-0.0465592,0.01767496,1.19360844,-2.62202402,7
TNG50-1,50,1.0,101012,0.03156601,0.06624638,1.06022352,2.34942957,8
TNG50-1,50,1.0,101012,0.01769165,0.00402378,0.44065567,1.43566733,9
TNG50-1,50,1.0,293832,0.02083274,-0.01111028,1.24499959,-1.68986909,0
TNG50-1,50,1.0,293832,-0.04404185,-0.01715043,0.4835432,0.66407097,1
TNG50-1,50,1.0,293832,0.00684625,0.05165472,0.54656915,-2.43594956,2
TNG50-1,50,1.0,293832,0.04435632,-0.00930652,0.68617818,0.97652453,3
TNG50-1,50,1.0,293832,-0.05863329,-0.11765634,0.94133132,2.00855897,4
TNG50-1,50,1.0,293832,0.00315777,-0.00493973,1.3422887,-1.14241918,5
TNG50-1,50,1.0,293832,0.06698205,0.0235202,0.72822468,-2.62646232,6
TNG50-1,50,1.0,293832,-0.06374661,0.03700419,0.93989125,-2.26383927,7
TNG50-1,50,1.0,293832,0.05777631,-0.04403146,1.13634183,-0.89278451,8
TNG50-1,50,1.0,293832,0.08095937,-0.01349006,1.39182451,1.96936549,9
TNG50-1,50,1.0,7,0.00415055,-0.04607918,0.98728954,2.71164966,0
TNG50-1,50,1.0,7,0.09508505,-0.08296708,1.01897587,2.98766622,1
TNG50-1,50,1.0,7,-0.07497109,0.07476473,0.79766489,-3.1061448,2
TNG50-1,50,1.0,7,-0.08034543,-0.07497841,1.29614287,2.51754472,3
TNG50-1,50,1.0,7,0.04940376,0.07924428,0.83203149,-2.04856954,4
TNG50-1,50,1.0,7,-0.04093715,0.03348074,0.35666945,0.3855282,5
TNG50-1,50,1.0,7,0.10216685,-0.00381263,1.08023484,1.11929243,6
TNG50-1,50,1.0,7,0.06686707,0.02210238,1.1115648,-0.88556024,7
TNG50-1,50,1.0,7,0.07937858,0.02326455,1.37670857,0.18213755,8
TNG50-1,50,1.0,7,0.04422182,-0.01012052,1.35260637,0.8013712,9
TNG50-1,50,1.0,321851,-0.02698479,-0.00866797,1.2364825,3.00826156,0
TNG50-1,50,1.0,321851,0.01948124,0.05557264,0.43690583,-2.48721809,1
TNG50-1,50,1.0,321851,-0.00397851,0.00467251,0.95117812,-1.43261114,2
TNG50-1,50,1.0,321851,0.05273478,0.01879833,0.47051661,0.29539215,3
TNG50-1,50,1.0,321851,0.02800755,-0.0701342,0.71714901,2.15993874,4
TNG50-1,50,1.0,321851,0.02263471,0.04716151,1.22162076,0.04091528,5
TNG50-1,50,1.0,321851,0.01459306,-0.02905868,1.06824742,-2.76713965,6
TNG50-1,50,1.0,321851,-0.02360832,-0.05213268,0.30448391,-2.34246998,7
TNG50-1,50,1.0,321851,-0.01509018,0.0823093,1.38387867,-0.7794708,8
TNG50-1,50,1.0,321851,0.01241079,0.03488108,0.72446947,-1.11500983,9
TNG50-1,50,1.0,298803,0.07112942,0.09848256,0.92353716,-1.8535786,0
TNG50-1,50,1.0,298803,-0.07657421,0.01361235,1.29101195,-2.41422559,1
TNG50-1,50,1.0,298803,0.01506551,0.00108799,0.84045647,1.7112493,2
TNG50-1,50,1.0,298803,-0.00908252,-0.00726635,0.20433955,-2.85531277,3
TNG50-1,50,1.0,298803,0.03908773,0.02821234,0.87138479,2.52982998,4
TNG50-1,50,1.0,298803,-0.00104147,-0.02941967,0.93053313,-3.01243949,5
TNG50-1,50,1.0,298803,0.00043219,0.00728712,0.83069615,0.64432063,6
TNG50-1,50,1.0,298803,-0.01333198,0.00040685,0.48945752,-1.41009636,7
TNG50-1,50,1.0,298803,0.06966282,0.01626238,0.35879488,-0.18495483,8
TNG50-1,50,1.0,298803,0.00012029,0.01750152,1.36616278,-0.36514157,9
TNG50-1,50,1.0,10,-0.0644425,-0.03216709,0.89227102,-0.05625677,0
TNG50-1,50,1.0,10,0.05476914,-0.03728768,1.37659444,-1.60086804,1
TNG50-1,50,1.0,10,-0.04457571,-0.01435938,0.87730136,-1.33140435,2
TNG50-1,50,1.0,10,0.03716796,0.01623665,0.44866877,0.70544416,3
TNG50-1,50,1.0,10,0.02765826,-0.07052381,1.39643932,-1.59401898,4
TNG50-1,50,1.0,10,0.03081552,0.0275701,0.54573257,-1.09732265,5
TNG50-1,50,1.0,10,0.09265946,-0.07041934,0.61006761,2.7070377,6
TNG50-1,50,1.0,10,-0.04143205,0.06466654,1.31199578,1.44091419,7
TNG50-1,50,1.0,10,0.03053974,0.02568834,0.54334511,1.483297,8
TNG50-1,50,1.0,10,0.06297943,0.09565699,0.66240609,2.86473303,9
TNG50-1,50,1.0,237548,0.00610253,0.05016907,1.11744447,1.27116648,0
TNG50-1,50,1.0,237548,0.05094631,-0.01006296,1.16222635,1.89222257,1
TNG50-1,50,1.0,237548,-0.00577069,0.0063773,0.55943626,-0.56365638,2
TNG50-1,50,1.0,237548,0.02112144,0.01872874,0.96280329,-0.96296044,3
TNG50-1,50,1.0,237548,0.0825863,0.01436805,1.0281498,-1.32856937,4
TNG50-1,50,1.0,237548,-0.01233094,0.08066358,1.27854708,0.42785144,5
TNG50-1,50,1.0,237548,-0.03831863,0.01847781,0.49593162,-0.95105048,6
TNG50-1,50,1.0,237548,0.02351859,-0.01519511,1.35474075,-1.08011574,7
TNG50-1,50,1.0,237548,0.03701372,0.02639909,1.1982252,-3.03546429,8
TNG50-1,50,1.0,237548,0.00552239,0.05044254,0.83196898,2.81685243,9
TNG50-1,50,1.0,267087,-0.04126824,-0.04663916,0.83482017,0.67044128,0
TNG50-1,50,1.0,267087,-0.00817124,0.00012309,0.98682157,2.68401272,1
TNG50-1,50,1.0,267087,-0.04889131,-0.02722304,0.79417385,-2.97986002,2
TNG50-1,50,1.0,267087,0.0877977,-0.00684339,0.68828207,0.2766813,3
TNG50-1,50,1.0,267087,-0.06511858,0.0978715,0.83467158,-1.55784396,4
TNG50-1,50,1.0,267087,-0.00985266,0.00860886,0.89743332,0.38792327,5
TNG50-1,50,1.0,267087,-0.09681092,0.02664336,0.8481183,1.56864344,6
TNG50-1,50,1.0,267087,0.01482774,-0.02322324,1.05228072,1.47939566,7
TNG50-1,50,1.0,267087,-0.00011919,-0.03922178,1.34140847,1.41299914,8
TNG50-1,50,1.0,267087,-0.01783952,-0.00114789,1.26679682,1.75252782,9
TNG50-1,50,1.0,317328,0.01539084,0.05482471,1.10254946,-0.41337328,0
TNG50-1,50,1.0,317328,0.00976641,0.04523836,0.8447083,2.3064111,1
TNG50-1,50,1.0,317328,-0.01842512,0.00686245,1.17385187,-0.60742901,2
TNG50-1,50,1.0,317328,-0.0440648,-0.01852699,0.88810391,2.78063895,3
TNG50-1,50,1.0,317328,-0.0213665,-0.07319723,1.39325656,2.36837145,4
TNG50-1,50,1.0,317328,0.09368109,0.04337002,1.07774896,-0.49582008,5
TNG50-1,50,1.0,317328,0.05562239,0.05930676,0.57457251,-0.84319797,6
TNG50-1,50,1.0,317328,0.05101944,-0.03395462,0.99434934,1.10978657,7
TNG50-1,50,1.0,317328,-0.03932319,-0.03812998,0.95890302,1.60413961,8
TNG50-1,50,1.0,317328,-0.07188446,0.0620531,0.83185439,-1.97378992,9
TNG50-1,50,1.0,165282,0.07704198,-0.02853609,1.35058263,-0.80750549,0
TNG50-1,50,1.0,165282,0.00683421,-0.03522177,0.4861198,-1.57413289,1
TNG50-1,50,1.0,165282,-0.00650837,-0.02935351,0.47552967,-0.00458152,2
TNG50-1,50,1.0,165282,0.07748264,-0.04194572,1.39787962,-2.30142256,3
TNG50-1,50,1.0,165282,-0.02549744,0.01236071,0.81012731,1.08212093,4
TNG50-1,50,1.0,165282,-0.01594635,-0.00777965,1.32239316,-0.18794958,5
TNG50-1,50,1.0,165282,-0.01153795,0.00240041,0.5983566,-2.02568948,6
TNG50-1,50,1.0,165282,-0.06582846,0.1176894,0.48964444,0.55489482,7
TNG50-1,50,1.0,165282,0.01578677,-0.00777806,0.83727872,1.85559952,8
TNG50-1,50,1.0,165282,-0.03811724,0.03024738,0.84104537,0.55794347,9
TNG50-1,50,1.0,298213,-0.00941298,-0.12930282,1.10809305,0.0510606,0
TNG50-1,50,1.0,298213,0.04540911,0.05371961,1.35807083,2.14897992,1
TNG50-1,50,1.0,298213,-0.00892065,-0.02444196,0.36061814,-2.3451438,2
TNG50-1,50,1.0,298213,0.10983464,0.05848001,1.28195829,1.26052653,3
TNG50-1,50,1.0,298213,-0.02561751,0.01758489,0.98266596,-0.54901989,4
TNG50-1,50,1.0,298213,0.05825444,0.06001284,0.91320812,-2.92027223,5
TNG50-1,50,1.0,298213,0.03133389,0.04009463,1.20034995,0.22602069,6
TNG50-1,50,1.0,298213,0.0202155,-0.12323476,1.25171605,-1.55817802,7
TNG50-1,50,1.0,298213,0.01145037,0.03074478,1.30609513,0.66133097,8
TNG50-1,50,1.0,298213,-0.03335063,-0.01718377,1.34217198,-0.94673144,9
TNG50-1,50,1.0,279432,-0.02835156,0.08521902,1.23591537,0.07755364,0
TNG50-1,50,1.0,279432,0.01881285,0.01497961,1.2797286,-1.05237284,1
TNG50-1,50,1.0,279432,0.0443611,-0.01259893,0.32644539,-0.42399394,2
TNG50-1,50,1.0,279432,0.01639354,-0.04792194,0.50360285,1.87362692,3
TNG50-1,50,1.0,279432,0.03995634,-0.02379043,0.6817495,-2.80602362,4
TNG50-1,50,1.0,279432,-0.10333196,-0.02041235,0.35152671,1.38760273,5
TNG50-1,50,1.0,279432,-0.02464283,-0.02966246,0.95479727,-2.58723181,6
TNG50-1,50,1.0,279432,0.05515383,-0.04591689,0.47535567,2.18341349,7
TNG50-1,50,1.0,279432,0.02546148,0.02007883,1.2641451,-1.87301876,8
TNG50-1,50,1.0,279432,0.09242316,0.08483198,1.24711255,1.47616477,9
TNG50-1,50,1.0,288097,0.06697915,0.06710152,0.53901917,-1.49444862,0
TNG50-1,50,1.0,288097,-0.01044879,-0.04073224,0.87001247,-1.601933,1
TNG50-1,50,1.0,288097,0.00949935,-0.013489,0.81821523,1.89396765,2
TNG50-1,50,1.0,288097,0.05691115,-0.02786329,0.94944085,-1.3856555,3
TNG50-1,50,1.0,288097,0.08262694,-0.029195,0.39709107,-3.10554168,4
TNG50-1,50,1.0,288097,0.05014326,0.05374806,1.03386508,-3.01931785,5
TNG50-1,50,1.0,288097,0.01205152,0.01091866,1.02879205,3.00589226,6
TNG50-1,50,1.0,288097,-0.06878203,-0.01145892,0.46594439,0.37597284,7
TNG50-1,50,1.0,288097,-0.10131159,0.132876,0.84997504,-0.06896027,8
TNG50-1,50,1.0,288097,0.04390795,-0.07172104,1.00768198,2.62559278,9
TNG50-1,50,1.0,130256,0.07074003,-0.03424342,0.96826395,-1.79105237,0
TNG50-1,50,1.0,130256,0.01862972,0.08622517,0.89454332,2.90084258,1
TNG50-1,50,1.0,130256,0.0676332,0.03800203,1.21229838,3.0830273,2
TNG50-1,50,1.0,130256,-0.02080413,-0.03829613,1.08883581,-0.2632629,3
TNG50-1,50,1.0,130256,-0.01004259,-0.05224955,0.73972869,-0.61940686,4
TNG50-1,50,1.0,130256,0.05975504,-0.03891566,1.36785407,-2.64498567,5
TNG50-1,50,1.0,130256,0.04217108,-0.02794126,0.74162567,1.74809955,6
TNG50-1,50,1.0,130256,-0.01452252,-0.00833502,1.14169297,-2.11916763,7
TNG50-1,50,1.0,130256,-0.05231291,0.05572732,1.16996794,2.72091995,8
TNG50-1,50,1.0,130256,-0.01019821,-0.04832584,0.74989306,3.08248509,9
TNG50-1,50,1.0,306477,0.15788781,0.03631814,0.47736174,0.52233259,0
TNG50-1,50,1.0,306477,0.05662373,0.01716584,1.19514324,-1.4168552,1
TNG50-1,50,1.0,306477,-0.00989319,0.01454609,1.37417224,0.31612791,2
TNG50-1,50,1.0,306477,-0.03592388,0.06964301,0.82396336,2.56382779,3
TNG50-1,50,1.0,306477,0.04936528,-0.07985536,0.94997554,-0.47921635,4
TNG50-1,50,1.0,306477,0.02476973,-0.03989411,0.38755206,0.95233922,5
TNG50-1,50,1.0,306477,0.00460737,0.00132803,1.03241566,-1.70338041,6
TNG50-1,50,1.0,306477,0.02291673,-0.03649338,1.28720145,1.89329366,7
TNG50-1,50,1.0,306477,-0.00563598,-0.01980163,1.11843139,-1.44720211,8
TNG50-1,50,1.0,306477,0.02009311,0.06438709,1.06041753,0.50141574,9
TNG50-1,50,1.0,138977,-0.03378802,-0.0214769,1.08534231,2.07219846,0
TNG50-1,50,1.0,138977,-0.10543771,-0.03358231,1.36639809,-1.80680427,1
TNG50-1,50,1.0,138977,-0.03033482,0.06272612,0.66488666,1.77505002,2
TNG50-1,50,1.0,138977,0.03737285,0.04406754,0.87705228,2.26981588,3
TNG50-1,50,1.0,138977,0.0040108,-0.04836197,0.57301158,2.36650461,4
TNG50-1,50,1.0,138977,-0.00684172,0.05822715,1.02957662,-0.1525655,5
TNG50-1,50,1.0,138977,-0.042392,-0.00725352,0.69513493,-0.44728128,6
TNG50-1,50,1.0,138977,-0.09779129,-0.03052711,1.25713081,2.09727152,7
TNG50-1,50,1.0,138977,0.07124228,-0.01468062,0.20192143,0.49944552,8
TNG50-1,50,1.0,138977,-0.01039474,-0.03916486,1.25493168,0.76200481,9
TNG50-1,50,1.0,265174,0.1398508,-0.04751677,1.00020366,-2.65561806,0
TNG50-1,50,1.0,265174,0.02375379,-0.00030603,0.96537807,-2.5687898,1
TNG50-1,50,1.0,265174,-0.068221,-0.01816784,0.7175109,0.17898222,2
TNG50-1,50,1.0,265174,0.0217339,-0.06503087,1.33820718,-0.18331916,3
TNG50-1,50,1.0,265174,0.07980168,-0.02498281,1.04848532,0.87001713,4
TNG50-1,50,1.0,265174,-0.00935441,0.01648275,0.63295165,-1.70239051,5
TNG50-1,50,1.0,265174,0.05215545,-0.00431138,0.92597312,-1.72141502,6
TNG50-1,50,1.0,265174,-0.04198015,0.00304688,0.68024742,1.56520158,7
TNG50-1,50,1.0,265174,0.01861766,0.03659844,1.08732972,-1.30837783,8
TNG50-1,50,1.0,265174,-0.12447898,-0.01715814,0.41447057,1.42811609,9
TNG50-1,50,1.0,296598,0.01626977,0.06057954,0.40003806,1.26269047,0
TNG50-1,50,1.0,296598,-0.09523089,0.04602909,1.27295991,2.19761823,1
TNG50-1,50,1.0,296598,-0.08415642,-0.00750368,0.97556619,-0.77724111,2
TNG50-1,50,1.0,296598,0.00488732,-0.00972236,1.0230099,-2.25625711,3
TNG50-1,50,1.0,296598,-0.05896212,-0.014881,1.12290698,-0.62168057,4
TNG50-1,50,1.0,296598,0.00683431,0.03405511,0.92029875,2.90948949,5
TNG50-1,50,1.0,296598,0.00979976,-0.03251826,1.39770526,-1.79493266,6
TNG50-1,50,1.0,296598,-0.02448788,0.08625165,1.07250435,-2.04357232,7
TNG50-1,50,1.0,296598,0.09073771,-0.03729347,0.97848092,2.79185344,8
TNG50-1,50,1.0,296598,0.02952336,0.01072375,0.60811998,2.82695012,9
TNG50-1,50,1.0,308665,-0.02122085,0.03965109,1.10044687,1.64944528,0
TNG50-1,50,1.0,308665,-0.01730093,-0.00146287,1.19786554,-0.54824668,1
TNG50-1,50,1.0,308665,-0.01827426,0.08721882,0.3982649,-0.58432578,2
TNG50-1,50,1.0,308665,0.06223538,0.002224,0.39861238,-2.61818004,3
TNG50-1,50,1.0,308665,-0.04641913,-0.08517334,0.96188442,2.93263832,4
TNG50-1,50,1.0,308665,0.01385267,0.03191552,0.3194695,-1.70928422,5
TNG50-1,50,1.0,308665,-0.00342331,0.01960484,1.03939795,-0.0360211,6
TNG50-1,50,1.0,308665,0.00339634,0.00162725,1.06582477,-2.42147508,7
TNG50-1,50,1.0,308665,0.01221752,-0.01297857,0.42082486,0.92333678,8
TNG50-1,50,1.0,308665,0.00285825,-0.10573095,0.81935473,-0.68564977,9
TNG50-1,50,1.0,235672,-0.00909091,0.00155287,0.84570418,-2.82123365,0
TNG50-1,50,1.0,235672,0.024976,-0.02573474,0.95151671,1.94313766,1
TNG50-1,50,1.0,235672,-0.00246245,0.00100453,0.39654966,0.76661094,2
TNG50-1,50,1.0,235672,-0.00573156,-0.05314834,1.05900433,-1.4888281,3
TNG50-1,50,1.0,235672,0.12065394,0.0378129,0.45083257,2.37134735,4
TNG50-1,50,1.0,235672,-0.02626016,0.04924925,1.02492513,2.64084015,5
TNG50-1,50,1.0,235672,0.08199734,0.05850122,0.67157307,2.43263622,6
TNG50-1,50,1.0,235672,0.07234315,-0.01910894,0.4231829,0.63785577,7
TNG50-1,50,1.0,235672,0.02520468,-0.05297126,0.9070874,2.99445055,8
TNG50-1,50,1.0,235672,-0.09630659,0.01758407,1.13624813,2.35497324,9
TNG50-1,50,1.0,336096,0.0654501,0.11716786,1.13181571,-2.39793868,0
TNG50-1,50,1.0,336096,-0.06574008,0.00104968,1.2862492,1.65372445,1
TNG50-1,50,1.0,336096,-0.05814993,0.05254237,0.61397877,2.28288128,2
TNG50-1,50,1.0,336096,-0.01448227,-0.02900024,0.24351686,-0.27007178,3
TNG50-1,50,1.0,336096,0.00401433,0.02871748,1.09063924,-2.76729772,4
TNG50-1,50,1.0,336096,-0.0119209,0.00500455,0.51358991,-2.72246624,5
TNG50-1,50,1.0,336096,-0.02763197,0.04284042,0.66372191,0.61952427,6
TNG50-1,50,1.0,336096,-0.01522091,-0.00993235,0.43125497,2.63029437,7
TNG50-1,50,1.0,336096,0.02416569,0.07757818,1.03124507,-0.63093539,8
TNG50-1,50,1.0,336096,-0.06648112,-0.07460279,1.31601744,0.94637221,9
TNG50-1,50,1.0,55636,0.01778267,0.02851695,0.91741203,0.06885848,0
TNG50-1,50,1.0,55636,-0.00967292,0.01175844,1.32201674,2.69543653,1
TNG50-1,50,1.0,55636,-0.06584854,0.0546617,0.40072536,-1.49024065,2
TNG50-1,50,1.0,55636,0.05810399,0.12429861,0.89186623,3.08023783,3
TNG50-1,50,1.0,55636,-0.02021993,-0.01348985,1.17023597,-3.0200172,4
TNG50-1,50,1.0,55636,0.10099676,0.03974635,0.45529352,-2.3968216,5
TNG50-1,50,1.0,55636,0.0151995,-0.00026225,1.29956383,-1.97495402,6
TNG50-1,50,1.0,55636,0.06336037,0.02530295,1.31921281,-2.64160361,7
TNG50-1,50,1.0,55636,0.03154308,0.00210793,0.92306636,-0.38818859,8
TNG50-1,50,1.0,55636,0.06575281,-0.10788714,0.82822367,2.29570109,9
TNG50-1,50,1.0,135873,0.04839626,0.00935138,0.24298161,-0.80954002,0
TNG50-1,50,1.0,135873,-0.07883017,0.05553379,0.46713368,1.59803617,1
TNG50-1,50,1.0,135873,-0.00537835,0.02049357,0.85498103,0.81886027,2
TNG50-1,50,1.0,135873,-0.0707458,-0.07928454,0.32353872,-0.97972703,3
TNG50-1,50,1.0,135873,-0.01791648,0.00523054,0.75757626,-0.64176086,4
TNG50-1,50,1.0,135873,0.08081259,-0.09566641,0.32722452,-0.57564182,5
TNG50-1,50,1.0,135873,0.05466186,0.04020919,1.26523635,-2.34782951,6
TNG50-1,50,1.0,135873,0.03311427,-0.03465039,1.21043747,-1.69926278,7
TNG50-1,50,1.0,135873,-0.00908101,-0.06115607,0.47987431,0.23580971,8
TNG50-1,50,1.0,135873,-0.04967974,0.04089653,1.03548696,1.77077222,9
TNG50-1,50,1.0,285389,0.00967568,0.06843138,0.73902551,0.2332539,0
TNG50-1,50,1.0,285389,0.00427663,0.07814748,0.7516202,0.39003898,1
TNG50-1,50,1.0,285389,-0.02058065,-0.05765714,1.12883453,-3.09262094,2
TNG50-1,50,1.0,285389,-0.02253317,0.03237131,0.94967781,-1.99905333,3
TNG50-1,50,1.0,285389,0.00336113,0.06091603,1.21794628,-0.90087078,4
TNG50-1,50,1.0,285389,0.04814884,0.06995137,0.95522105,2.92784335,5
TNG50-1,50,1.0,285389,0.01393203,-0.03853594,0.94815336,-2.04051636,6
TNG50-1,50,1.0,285389,0.07115347,0.03286903,1.14390014,-1.2359672,7
TNG50-1,50,1.0,285389,0.05665955,0.00376015,1.18082504,3.07974722,8
TNG50-1,50,1.0,285389,0.07483412,0.09235301,0.27093955,-0.1186979,9
TNG50-1,50,1.0,305624,-0.03178895,-0.05011166,1.05357001,1.84250736,0
TNG50-1,50,1.0,305624,-0.00623989,-0.06396597,0.63261408,1.48133062,1
TNG50-1,50,1.0,305624,-0.06375088,0.01073577,0.69130791,1.58006069,2
TNG50-1,50,1.0,305624,0.02034504,0.01342607,0.24161605,2.69836536,3
TNG50-1,50,1.0,305624,0.0524541,0.03336161,0.64902675,2.60193792,4
TNG50-1,50,1.0,305624,-0.03550218,0.1000614,1.15961692,-0.75884074,5
TNG50-1,50,1.0,305624,0.02175746,-0.03885649,1.38743121,-2.94705566,6
TNG50-1,50,1.0,305624,-0.03145655,-0.02892184,0.3035613,-2.89854903,7
TNG50-1,50,1.0,305624,-0.05082878,0.08044027,0.72265219,-0.33528104,8
TNG50-1,50,1.0,305624,0.10277805,0.04695619,0.59480227,2.10473846,9
TNG50-1,50,1.0,41131,-0.04132065,0.03462599,1.31494554,-2.94739156,0
TNG50-1,50,1.0,41131,-0.02217552,-0.03526647,0.57801299,-2.14381893,1
TNG50-1,50,1.0,41131,0.01702177,0.10873859,1.13925387,1.67314821,2
TNG50-1,50,1.0,41131,-0.00377029,-0.05438186,1.13683435,-1.85427627,3
TNG50-1,50,1.0,41131,0.02434652,0.00565843,1.31648158,-1.6913683,4
TNG50-1,50,1.0,41131,0.0070914,-0.01432131,1.38908621,2.44379904,5
TNG50-1,50,1.0,41131,-0.01446661,-0.01622072,1.09529272,2.35587429,6
TNG50-1,50,1.0,41131,0.07643791,-0.02271284,0.56106428,1.06995872,7
TNG50-1,50,1.0,41131,0.03540328,-0.0385855,0.41473646,-2.11106368,8
TNG50-1,50,1.0,41131,0.01510587,0.05941711,1.34912786,-0.74676167,9
TNG50-1,50,1.0,221043,0.08845746,-0.04042708,1.37679758,-1.3371428,0
TNG50-1,50,1.0,221043,-0.05022811,-0.02266616,1.01468203,-1.49519565,1
TNG50-1,50,1.0,221043,-0.03305519,-0.06690504,1.36249936,-1.98903143,2
TNG50-1,50,1.0,221043,0.00665095,0.02080943,0.98867591,0.27922342,3
TNG50-1,50,1.0,221043,0.01218834,0.08808882,0.99331281,-1.85129542,4
TNG50-1,50,1.0,221043,-0.09506043,0.01325118,1.25060375,2.31783928,5
TNG50-1,50,1.0,221043,0.0301349,-0.10796921,0.63462,-1.22955797,6
TNG50-1,50,1.0,221043,0.01241584,0.0142798,0.73706154,-0.05698214,7
TNG50-1,50,1.0,221043,-0.10596965,-0.00973194,0.89790483,0.1854216,8
TNG50-1,50,1.0,221043,-0.00583546,-0.05505063,0.4026006,-1.20859239,9
TNG50-1,50,1.0,280271,0.04004267,-0.02192335,1.17697807,2.29264949,0
TNG50-1,50,1.0,280271,0.02625919,-0.04187627,1.31609732,-0.09293804,1
TNG50-1,50,1.0,280271,0.0065809,-0.04326759,1.1168866,-0.93539548,2
TNG50-1,50,1.0,280271,0.07244493,0.01607747,0.36961486,2.55621939,3
TNG50-1,50,1.0,280271,-0.05300839,0.01029077,1.07254157,-1.00619337,4
TNG50-1,50,1.0,280271,-0.04824136,0.07583734,0.64402016,3.001461,5
TNG50-1,50,1.0,280271,0.05621476,-0.01450446,0.9956075,2.74170874,6
TNG50-1,50,1.0,280271,0.00138024,-0.01535747,1.00724988,-1.45818146,7
TNG50-1,50,1.0,280271,-0.03355892,0.07198168,0.57816743,-1.00152265,8
TNG50-1,50,1.0,280271,0.02759623,0.04928234,1.3779089,1.96140654,9
TNG50-1,50,1.0,276192,0.07642648,-0.09106491,1.39458716,-1.05151992,0
TNG50-1,50,1.0,276192,0.06280104,0.01160187,0.4809211,-2.62517286,1
TNG50-1,50,1.0,276192,-0.00145003,0.02530023,0.85546382,1.76791233,2
TNG50-1,50,1.0,276192,-0.04192659,0.09299463,0.58784775,-0.94969826,3
TNG50-1,50,1.0,276192,0.00040985,-0.06661885,1.02115617,2.98450765,4
TNG50-1,50,1.0,276192,0.06903934,0.03652607,1.09630089,-1.50947983,5
TNG50-1,50,1.0,276192,-0.02002585,0.04834181,0.79436807,-0.15674863,6
TNG50-1,50,1.0,276192,-0.09077145,0.02598105,1.04850392,-1.22187722,7
TNG50-1,50,1.0,276192,-0.01800046,-0.05034008,0.90135063,1.21846907,8
TNG50-1,50,1.0,276192,-0.01395129,-0.05324633,1.16469441,1.93752022,9
TNG50-1,50,1.0,223374,-0.05205116,-0.03092672,0.84938354,-1.73040252,0
TNG50-1,50,1.0,223374,0.06865885,0.0338244,1.36306861,2.91822062,1
TNG50-1,50,1.0,223374,-0.06000309,-0.04158771,0.86174538,-0.46939354,2
TNG50-1,50,1.0,223374,-0.05702065,0.04565778,1.27855974,-3.0090972,3
TNG50-1,50,1.0,223374,0.01939371,0.0032314,1.07519866,0.25488473,4
TNG50-1,50,1.0,223374,-0.02465072,0.02002719,0.23843208,1.10703206,5
TNG50-1,50,1.0,223374,0.01033483,-0.0890327,0.93621128,-0.27651559,6
TNG50-1,50,1.0,223374,0.02153835,-0.11253728,1.37182319,2.69027673,7
TNG50-1,50,1.0,223374,0.08890549,-0.07507121,1.10223308,2.52541429,8
TNG50-1,50,1.0,223374,0.02168623,0.08728854,0.77637056,-2.26848076,9
TNG50-1,50,1.0,229968,0.02157001,0.01444382,1.31554174,3.04492008,0
TNG50-1,50,1.0,229968,0.0243941,0.04931191,1.35617321,-3.03891666,1
TNG50-1,50,1.0,229968,-0.0529878,0.04341664,1.22530141,-3.04313623,2
TNG50-1,50,1.0,229968,-0.05448843,0.03084796,0.71502619,3.521e-05,3
TNG50-1,50,1.0,229968,-0.01143302,0.08309159,1.07848888,-1.46770145,4
TNG50-1,50,1.0,229968,-0.03875604,-0.05412083,1.00292412,1.17187944,5
TNG50-1,50,1.0,229968,-0.04402061,-0.00781892,1.31553616,1.84229373,6
TNG50-1,50,1.0,229968,0.08478435,-0.04264235,0.83025231,-2.49796886,7
TNG50-1,50,1.0,229968,-0.07666774,-0.08480398,0.60791602,2.62221326,8
TNG50-1,50,1.0,229968,0.10115322,-0.03306206,0.82844465,-2.95358129,9
TNG50-1,50,1.0,328955,-0.02946367,0.01690386,1.31702868,0.84751989,0
TNG50-1,50,1.0,328955,-0.00713766,0.04245946,0.89534595,2.15548631,1
TNG50-1,50,1.0,328955,-0.01860716,0.04954252,0.57337242,2.5506247,2
TNG50-1,50,1.0,328955,0.05550212,-0.0676087,1.34982107,2.70293415,3
TNG50-1,50,1.0,328955,-0.00833708,-0.07594901,0.96793677,1.55895011,4
TNG50-1,50,1.0,328955,0.05802248,-0.02684093,1.34338029,-1.21297951,5
TNG50-1,50,1.0,328955,0.01030081,0.06923312,1.02716224,2.0667446,6
TNG50-1,50,1.0,328955,-0.00442645,0.01104877,1.10558794,0.12681297,7
TNG50-1,50,1.0,328955,0.00791102,-0.03873476,1.28590245,-1.43474072,8
TNG50-1,50,1.0,328955,-0.06458149,-0.07264697,0.39189551,-0.71770432,9
TNG50-1,50,1.0,255168,0.0302154,0.05241165,1.00680586,-3.06897929,0
TNG50-1,50,1.0,255168,-0.05625933,0.00848276,0.76326009,2.61136211,1
TNG50-1,50,1.0,255168,0.01984268,-0.00583579,0.6179435,-1.07818182,2
TNG50-1,50,1.0,255168,-0.03711077,0.06642012,1.10068255,1.23021891,3
TNG50-1,50,1.0,255168,-0.0071667,0.01652512,0.50043105,-2.56530961,4
TNG50-1,50,1.0,255168,0.08540068,0.0409783,1.2160302,0.88763478,5
TNG50-1,50,1.0,255168,-0.06991214,0.03576287,0.8944207,2.5727211,6
TNG50-1,50,1.0,255168,-0.01397337,-0.14381202,1.27394864,0.34684393,7
TNG50-1,50,1.0,255168,-0.06373229,-0.00383344,1.15459585,-0.86631618,8
TNG50-1,50,1.0,255168,0.0076534,-0.05390372,0.46160352,1.84460259,9
TNG50-1,50,1.0,220010,-0.09495167,0.05726697,0.40710134,-2.61002609,0
TNG50-1,50,1.0,220010,-0.09715604,-0.08244531,1.29303753,2.3144336,1
TNG50-1,50,1.0,220010,-0.04150289,-0.00425374,0.91215693,-1.0771188,2
TNG50-1,50,1.0,220010,0.01150727,0.00687562,1.05280369,-2.71744969,3
TNG50-1,50,1.0,220010,-0.00167351,0.03010182,1.28835443,-1.21822899,4
TNG50-1,50,1.0,220010,0.02573893,-0.0857583,1.15127865,1.94079737,5
TNG50-1,50,1.0,220010,-0.00877217,-0.01302035,0.81863163,1.04194974,6
TNG50-1,50,1.0,220010,0.06987094,0.02002304,1.37424935,-1.64267848,7
TNG50-1,50,1.0,220010,0.03860557,0.02385811,0.30940563,1.37712642,8
TNG50-1,50,1.0,220010,0.00387883,0.05930649,0.43605491,1.30577857,9
TNG50-1,50,1.0,202095,0.09252084,0.03933243,1.136632,-0.52734262,0
TNG50-1,50,1.0,202095,0.02840353,-0.05121743,1.39480367,1.12862876,1
TNG50-1,50,1.0,202095,0.02960675,0.0416134,0.85150183,0.47109662,2
TNG50-1,50,1.0,202095,-0.01208224,0.09292933,0.85427004,0.06730004,3
TNG50-1,50,1.0,202095,0.0003162,-0.00133134,0.82528331,0.93343331,4
TNG50-1,50,1.0,202095,0.03489761,0.074974,1.17317735,-2.60162214,5
TNG50-1,50,1.0,202095,0.03167762,-0.04586476,0.59701879,2.57774645,6
TNG50-1,50,1.0,202095,0.03603549,-0.00148813,0.97052819,-1.03621006,7
TNG50-1,50,1.0,202095,0.03133343,-0.03205791,0.66392908,-1.72980513,8
TNG50-1,50,1.0,202095,0.0449195,0.06896106,0.84328428,1.70774688,9
TNG50-1,50,1.0,272803,-0.05234575,-0.01515613,1.25940081,-0.56858539,0
TNG50-1,50,1.0,272803,0.08841737,-0.11466953,0.78342306,2.44081132,1
TNG50-1,50,1.0,272803,0.00682609,-0.05799512,0.96717255,0.33180763,2
TNG50-1,50,1.0,272803,0.04468004,0.03912071,1.3610134,-1.09609334,3
TNG50-1,50,1.0,272803,-0.03811646,0.01738332,0.62975909,-3.08195585,4
TNG50-1,50,1.0,272803,0.01942632,-0.05370935,0.72354109,0.54317989,5
TNG50-1,50,1.0,272803,-0.05484664,0.02739368,0.27774567,0.15980585,6
TNG50-1,50,1.0,272803,0.00318699,-0.04391065,0.3761418,1.9595821,7
TNG50-1,50,1.0,272803,-0.03239616,0.03609819,0.8720395,-1.96660793,8
TNG50-1,50,1.0,272803,-0.04388272,-0.00578195,0.75872673,1.98172461,9
TNG50-1,50,1.0,270430,-0.00959438,-0.07231416,0.73711201,2.08736521,0
TNG50-1,50,1.0,270430,-0.06392352,0.01561643,1.15044028,-1.68923615,1
TNG50-1,50,1.0,270430,-0.01230533,0.00128713,0.84638256,2.40088942,2
TNG50-1,50,1.0,270430,0.0740894,-0.02657641,1.06181907,0.68832707,3
TNG50-1,50,1.0,270430,-0.01603764,0.0113675,1.11502518,2.03084122,4
TNG50-1,50,1.0,270430,-0.06829599,-0.04688308,0.46552204,-2.71105661,5
TNG50-1,50,1.0,270430,-0.03399396,0.04204222,1.28175185,-0.89915941,6
TNG50-1,50,1.0,270430,-0.08054759,-0.03491701,1.24183068,0.15622502,7
TNG50-1,50,1.0,270430,-0.06478864,-0.01931834,0.77989889,0.4835353,8
TNG50-1,50,1.0,270430,0.03354935,-0.02526755,0.63688558,-2.51910772,9
TNG50-1,50,1.0,110864,-0.02689306,0.01215922,1.38582723,1.05470477,0
TNG50-1,50,1.0,110864,-0.02399054,-0.01065482,0.94788212,-0.17844108,1
TNG50-1,50,1.0,110864,-0.05153825,0.07288408,0.44635138,-0.08048555,2
TNG50-1,50,1.0,110864,0.00046609,0.00581321,1.20450455,1.92644786,3
TNG50-1,50,1.0,110864,0.01350835,0.0004377,1.33139458,-1.39224643,4
TNG50-1,50,1.0,110864,-0.04429099,-0.0229121,0.71796214,1.08430651,5
TNG50-1,50,1.0,110864,0.04943614,-0.02579818,0.95568549,-0.832162,6
TNG50-1,50,1.0,110864,0.01355318,0.0118861,1.36073075,-0.51289612,7
TNG50-1,50,1.0,110864,0.04259496,0.04097937,1.16284859,0.35124522,8
TNG50-1,50,1.0,110864,-0.01640678,-0.0342279,1.12112891,1.22928513,9
TNG50-1,50,1.0,307857,0.03098536,-0.00952721,0.57698761,2.46422226,0
TNG50-1,50,1.0,307857,0.01623163,-0.03429724,0.55328697,2.65411151,1
TNG50-1,50,1.0,307857,0.06315192,0.06632563,1.32075839,2.66161909,2
TNG50-1,50,1.0,307857,-0.02841571,0.01034985,0.739508,-3.11121413,3
TNG50-1,50,1.0,307857,-0.03048879,0.00122585,0.73690801,-1.75301641,4
TNG50-1,50,1.0,307857,0.05189391,0.03381382,1.21098774,1.20162926,5
TNG50-1,50,1.0,307857,0.00831082,0.04400439,0.96738435,-1.12004199,6
TNG50-1,50,1.0,307857,-0.01234994,0.0274935,0.78611174,-2.75779501,7
TNG50-1,50,1.0,307857,0.09232606,0.04419878,0.45808982,1.65211382,8
TNG50-1,50,1.0,307857,0.02888653,0.02256872,1.30837185,-2.96194261,9
TNG50-1,50,1.0,3,0.05111512,-0.03072,0.69424502,-1.65158195,0
TNG50-1,50,1.0,3,-0.03970344,-0.01633368,1.14470882,0.2817403,1
TNG50-1,50,1.0,3,-0.02596676,-0.08073171,1.0289216,0.585364,2
TNG50-1,50,1.0,3,-0.03213209,-0.0131193,0.93112494,-0.50313626,3
TNG50-1,50,1.0,3,-0.01741015,0.04332609,1.22261435,-2.22812709,4
TNG50-1,50,1.0,3,0.0669761,0.01264785,0.48246454,-1.42562671,5
TNG50-1,50,1.0,3,-0.085054,-0.0053932,0.76334068,-3.05204778,6
TNG50-1,50,1.0,3,-0.05971094,-0.07824428,0.50537349,-1.13638464,7
TNG50-1,50,1.0,3,-0.06828415,-0.0163976,0.98227778,0.50742362,8
TNG50-1,50,1.0,3,0.0700847,0.00734574,1.02359047,2.86331727,9
TNG50-1,50,1.0,295361,0.0334964,0.0019626,1.27590266,2.53339715,0
TNG50-1,50,1.0,295361,0.02763881,0.05450778,1.0953521,-2.5548675,1
TNG50-1,50,1.0,295361,-0.05292711,0.00576794,1.03420776,0.44934381,2
TNG50-1,50,1.0,295361,0.0279851,-0.08736482,0.91548451,2.57000832,3
TNG50-1,50,1.0,295361,0.06634335,0.02217089,0.593382,1.37731389,4
TNG50-1,50,1.0,295361,-0.00245133,-0.04894043,1.38896145,-2.53473176,5
TNG50-1,50,1.0,295361,-0.05039805,-0.06353613,0.55223375,0.71605888,6
TNG50-1,50,1.0,295361,0.04374771,-0.0863874,0.87942202,1.88420732,7
TNG50-1,50,1.0,295361,0.08615227,0.05952036,0.67166026,-1.41458512,8
TNG50-1,50,1.0,295361,-0.04430702,-0.04173557,0.67100757,0.83247955,9
TNG50-1,50,1.0,313544,0.09290888,-0.05005712,1.03828311,0.89060271,0
TNG50-1,50,1.0,313544,0.02415408,0.02084188,1.29798239,1.27422049,1
TNG50-1,50,1.0,313544,0.09545836,-0.05026986,1.14340814,1.79709334,2
TNG50-1,50,1.0,313544,0.03575697,-0.0766746,1.01234548,-0.02592562,3
TNG50-1,50,1.0,313544,0.05428534,-0.05610431,0.51652956,0.35552943,4
TNG50-1,50,1.0,313544,-0.01794511,-0.01171777,0.45690969,2.89385099,5
TNG50-1,50,1.0,313544,-0.05372546,-0.04954596,0.34087697,-1.63345049,6
TNG50-1,50,1.0,313544,-0.02244799,-0.0114045,1.31688612,1.90857875,7
TNG50-1,50,1.0,313544,-0.00059348,0.03002222,1.14842191,1.33089196,8
TNG50-1,50,1.0,313544,-0.03140794,0.02872215,0.99443985,-2.26138225,9
TNG50-1,50,1.0,133838,0.04270783,-0.07964773,1.10030114,2.52365658,0
TNG50-1,50,1.0,133838,0.07423127,0.04488582,0.72400107,-0.53533501,1
TNG50-1,50,1.0,133838,0.01041659,-0.06423126,0.8772783,1.49439167,2
TNG50-1,50,1.0,133838,-0.00126565,0.03096928,1.26650375,2.50730413,3
TNG50-1,50,1.0,133838,-0.0122844,0.03778683,0.75843519,3.07648095,4
TNG50-1,50,1.0,133838,0.02687794,-0.05702161,0.63506491,0.52731673,5
TNG50-1,50,1.0,133838,0.0437347,-0.03039004,1.34556517,1.28349095,6
TNG50-1,50,1.0,133838,0.02309025,0.10607373,0.84451245,-1.56011696,7
TNG50-1,50,1.0,133838,0.02137315,-0.00397411,0.62614311,-1.31917755,8
TNG50-1,50,1.0,133838,-0.00256015,-0.06101068,1.30482414,2.20394931,9
TNG50-1,50,1.0,274956,-0.00766595,0.01210445,1.24172661,1.71934731,0
TNG50-1,50,1.0,274956,-0.06124109,-0.01247558,1.23630397,1.14268252,1
TNG50-1,50,1.0,274956,-0.04137905,-0.07802148,0.39139665,-2.39445951,2
TNG50-1,50,1.0,274956,0.04825255,0.05080298,0.85122727,2.30421114,3
TNG50-1,50,1.0,274956,-0.00836287,0.00817485,0.67903229,-1.50231516,4
TNG50-1,50,1.0,274956,-0.01103559,0.01945073,1.08513452,3.11767985,5
TNG50-1,50,1.0,274956,0.05300938,0.02098051,0.50040727,-0.71937488,6
TNG50-1,50,1.0,274956,-0.04573816,-0.06492621,0.87448235,-2.3876274,7
TNG50-1,50,1.0,274956,-0.11175881,0.01514395,0.85543119,-1.15556258,8
TNG50-1,50,1.0,274956,-0.04264333,0.04537269,0.67705362,0.46202928,9
TNG50-1,50,1.0,263484,0.00805908,0.01135452,0.97383143,0.66985765,0
TNG50-1,50,1.0,263484,0.03257549,-0.03104658,0.2974771,-1.9254634,1
TNG50-1,50,1.0,263484,-0.058786,-0.04689214,0.66860732,-2.20322711,2
TNG50-1,50,1.0,263484,0.04576739,0.00857664,0.91062979,2.30675187,3
TNG50-1,50,1.0,263484,0.01371712,-0.04483838,0.92988931,-2.3749626,4
TNG50-1,50,1.0,263484,-0.03027232,0.04002901,1.26031287,1.29204353,5
TNG50-1,50,1.0,263484,0.00706903,0.02961163,1.01029058,-0.52150273,6
TNG50-1,50,1.0,263484,-0.00696672,-0.03825572,1.27933704,0.49687265,7
TNG50-1,50,1.0,263484,0.0390037,0.01068902,1.33082274,-2.99484626,8
TNG50-1,50,1.0,263484,-0.018023,-0.038485,1.30945232,-3.14147177,9
TNG50-1,50,1.0,199678,0.03696904,-0.02381937,0.89889497,-1.95245146,0
TNG50-1,50,1.0,199678,0.12164781,-0.00548526,0.6532105,-0.04015042,1
TNG50-1,50,1.0,199678,0.03513979,0.07328615,0.41370519,0.7411444,2
TNG50-1,50,1.0,199678,-0.050625,-0.06307586,0.87028357,-1.25479664,3
TNG50-1,50,1.0,199678,-0.00469226,0.01363596,1.38440847,-2.00042005,4
TNG50-1,50,1.0,199678,0.00904881,0.03969608,0.76499768,-1.74244831,5
TNG50-1,50,1.0,199678,-0.02596954,0.00851682,1.32289536,2.24948508,6
TNG50-1,50,1.0,199678,0.02351289,-0.08070962,0.77604723,-0.22277963,7
TNG50-1,50,1.0,199678,-0.11356885,0.06751983,0.86867082,1.01205388,8
TNG50-1,50,1.0,199678,0.02765748,-0.0105677,0.81072486,0.09354949,9
TNG50-1,50,1.0,323806,-0.05350425,-0.05884601,0.88019001,0.48481988,0
TNG50-1,50,1.0,323806,-0.00482897,0.01213959,1.15972874,-1.05517267,1
TNG50-1,50,1.0,323806,0.0355981,0.00127579,1.11945901,-1.01328138,2
TNG50-1,50,1.0,323806,-0.06866304,0.05628055,0.88528007,-1.14568303,3
TNG50-1,50,1.0,323806,0.01465003,-0.02913744,1.0326126,-0.34351388,4
TNG50-1,50,1.0,323806,0.0584249,-0.02488679,1.26609991,1.95997606,5
TNG50-1,50,1.0,323806,0.02001101,-0.06209324,0.84396043,-0.19461496,6
TNG50-1,50,1.0,323806,-0.00378082,0.02186421,0.75508277,3.1016863,7
TNG50-1,50,1.0,323806,-0.03340509,-0.02119079,1.39991056,-0.778118,8
TNG50-1,50,1.0,323806,0.04154209,-0.0431037,0.92117529,1.25200168,9
TNG50-1,50,1.0,123145,0.03726938,0.03809821,0.85670381,-0.19767604,0
TNG50-1,50,1.0,123145,0.00744714,0.06303586,0.91374344,-0.08490513,1
TNG50-1,50,1.0,123145,0.00961868,0.06621472,1.14821238,-2.9467259,2
TNG50-1,50,1.0,123145,0.00490977,0.07092327,1.01730695,-1.43012511,3
TNG50-1,50,1.0,123145,-0.03940483,-0.03785405,0.54468709,-2.82281228,4
TNG50-1,50,1.0,123145,-0.03430262,-0.07159796,0.90944917,-0.5343428,5
TNG50-1,50,1.0,123145,-0.03507452,0.04653718,1.35410643,0.76238114,6
TNG50-1,50,1.0,123145,-0.07996184,0.06910667,0.72636402,0.96807628,7
TNG50-1,50,1.0,123145,0.007143,0.07779962,1.24741777,-2.73602559,8
TNG50-1,50,1.0,123145,-0.00202867,0.02424981,0.97190595,-2.39459038,9
TNG50-1,50,1.0,206386,-0.03914278,-0.03279091,1.28503094,2.29958647,0
TNG50-1,50,1.0,206386,0.02263853,-0.01823207,1.16215866,2.11292533,1
TNG50-1,50,1.0,206386,-0.06461199,-0.03313086,1.17791792,-2.81666547,2
TNG50-1,50,1.0,206386,0.02401241,-0.0408206,0.74572708,1.24381109,3
TNG50-1,50,1.0,206386,-0.11188502,-0.05793415,1.04363627,1.28138424,4
TNG50-1,50,1.0,206386,0.10476481,0.04108947,0.55304905,2.78392572,5
TNG50-1,50,1.0,206386,-0.00705338,0.06005678,0.68335699,-1.48610925,6
TNG50-1,50,1.0,206386,-0.13972504,-0.01272869,0.92703015,1.79917019,7
TNG50-1,50,1.0,206386,-0.03588747,-0.00088183,1.18992236,1.18812835,8
TNG50-1,50,1.0,206386,-0.04378311,-0.05631654,0.62338812,2.37961174,9
TNG50-1,50,1.0,41135,0.04195049,0.03742168,0.54422149,1.60320733,0
TNG50-1,50,1.0,41135,-0.0487735,-0.01906935,0.95039224,-1.73862115,1
TNG50-1,50,1.0,41135,0.04997358,-0.09309415,0.63675276,0.59103017,2
TNG50-1,50,1.0,41135,0.02504978,-0.06136695,0.71690578,0.40365374,3
TNG50-1,50,1.0,41135,0.05987848,0.02029604,1.17502451,-1.86287489,4
TNG50-1,50,1.0,41135,0.04887153,0.03505658,1.13667814,-0.05401453,5
TNG50-1,50,1.0,41135,-0.00424767,0.02046067,0.45467245,2.38288562,6
TNG50-1,50,1.0,41135,-0.00826873,0.05729748,1.20562869,1.13429935,7
TNG50-1,50,1.0,41135,0.08915155,0.01956301,0.74511202,3.09543888,8
TNG50-1,50,1.0,41135,-0.01452842,-0.03876174,1.27915056,1.78790715,9
TNG50-1,50,1.0,318210,-0.01158551,-0.08705912,1.13919744,3.00618775,0
TNG50-1,50,1.0,318210,0.03097065,0.10111196,0.32590901,-1.07523956,1
TNG50-1,50,1.0,318210,-0.03867892,0.10758795,0.6681548,-1.68177884,2
TNG50-1,50,1.0,318210,-0.02870213,0.02283082,1.19691245,-2.95776725,3
TNG50-1,50,1.0,318210,0.00966633,0.04161313,0.27327647,-0.96544322,4
TNG50-1,50,1.0,318210,0.06692429,-0.00189999,0.9585868,0.64486431,5
TNG50-1,50,1.0,318210,0.04042349,-0.01047842,0.93528708,-1.22283949,6
TNG50-1,50,1.0,318210,0.0537702,-0.03054352,0.43524381,0.50026883,7
TNG50-1,50,1.0,318210,0.00316584,-0.0024506,0.41784646,-2.83757601,8
TNG50-1,50,1.0,318210,0.0747539,0.02779667,0.74585014,-0.91677288,9
TNG50-1,50,1.0,191613,-0.0535628,0.0187746,0.72329868,2.6968002,0
TNG50-1,50,1.0,191613,-0.02976288,0.08751168,1.30968011,-1.7123187,1
TNG50-1,50,1.0,191613,0.07708354,0.10988938,1.02658964,0.07700085,2
TNG50-1,50,1.0,191613,-0.00591513,-0.05199328,1.18370526,0.41781005,3
TNG50-1,50,1.0,191613,-0.0503414,-0.02983032,0.89005549,0.93762502,4
TNG50-1,50,1.0,191613,0.00739243,0.02577661,1.0629309,-1.07714939,5
TNG50-1,50,1.0,191613,-0.06476738,0.05843947,1.23112645,-2.51652995,6
TNG50-1,50,1.0,191613,0.025717,-0.10820418,1.39638779,2.64745934,7
TNG50-1,50,1.0,191613,-0.0488832,0.00436684,1.12582229,2.84474626,8
TNG50-1,50,1.0,191613,-0.04162619,-0.02435715,0.94207657,-0.3881052,9
TNG50-1,50,1.0,229969,-0.02037168,0.04282883,1.16682572,-0.63181435,0
TNG50-1,50,1.0,229969,-0.02248421,-0.01736619,1.28636466,2.40153775,1
TNG50-1,50,1.0,229969,0.06270699,-0.02864732,1.36915055,1.37859809,2
TNG50-1,50,1.0,229969,-0.06855028,0.09066709,0.53460914,2.58070884,3
TNG50-1,50,1.0,229969,0.10281016,0.00146913,0.86233201,2.27965665,4
TNG50-1,50,1.0,229969,-0.03063177,-0.03378478,1.36219312,2.64754035,5
TNG50-1,50,1.0,229969,0.04333642,-0.07451433,1.26773994,3.01600089,6
TNG50-1,50,1.0,229969,-0.00543998,0.0932789,1.16315831,-1.18314617,7
TNG50-1,50,1.0,229969,0.01356811,-0.02759627,1.17766657,-1.82413056,8
TNG50-1,50,1.0,229969,-0.01313932,0.10309191,0.90940123,-2.10390976,9
TNG50-1,50,1.0,336434,0.00150485,0.07921035,1.21799776,2.24741276,0
TNG50-1,50,1.0,336434,0.05706861,-0.05361599,0.21436954,1.50583418,1
TNG50-1,50,1.0,336434,0.07853773,-0.04706659,0.70779581,0.95113171,2
TNG50-1,50,1.0,336434,0.0404012,-0.06635639,0.80643669,0.13252598,3
TNG50-1,50,1.0,336434,-0.02851417,-0.04717754,0.7102873,-0.65833155,4
TNG50-1,50,1.0,336434,-0.00198407,0.06236724,1.04635713,2.29746927,5
TNG50-1,50,1.0,336434,0.0286835,0.06404164,0.63469091,0.92650955,6
TNG50-1,50,1.0,336434,0.04188725,-0.00370228,1.2708953,-0.40903339,7
TNG50-1,50,1.0,336434,-0.00387386,0.02481572,0.62134038,1.78939914,8
TNG50-1,50,1.0,336434,-0.02834043,-0.00052523,0.37344192,-2.80164874,9
TNG50-1,50,1.0,299862,0.03825147,-0.03955051,0.49183573,0.86782861,0
TNG50-1,50,1.0,299862,0.04941362,0.03028404,0.82500263,1.76157638,1
TNG50-1,50,1.0,299862,0.09018329,0.0490514,0.85095707,-2.90785982,2
TNG50-1,50,1.0,299862,0.01949259,0.0601785,0.34748794,2.21435976,3
TNG50-1,50,1.0,299862,0.05496079,0.08096308,0.67226271,-0.51749384,4
TNG50-1,50,1.0,299862,0.02469303,-0.0838012,0.76194698,1.49012258,5
TNG50-1,50,1.0,299862,-0.09500177,-0.05995,1.02047578,-2.89010618,6
TNG50-1,50,1.0,299862,-0.00772601,0.14639076,0.97392923,2.4747782,7
TNG50-1,50,1.0,299862,-0.04338558,0.05047619,1.06439668,1.00433946,8
TNG50-1,50,1.0,299862,0.01157167,0.0112224,0.35805203,-0.26703041,9
TNG50-1,50,1.0,316614,0.03173626,0.05856235,0.82644435,-1.02501042,0
TNG50-1,50,1.0,316614,0.02583265,0.02551507,0.51298603,2.24101337,1
TNG50-1,50,1.0,316614,0.01694577,0.01608009,0.60811567,2.30090124,2
TNG50-1,50,1.0,316614,0.00428189,0.04733862,1.29636507,1.96271414,3
TNG50-1,50,1.0,316614,-0.10756035,-0.015327,1.02052133,2.6004145,4
TNG50-1,50,1.0,316614,0.03889463,0.02060016,0.94000066,2.84192561,5
TNG50-1,50,1.0,316614,0.0244177,-0.03105566,1.18227699,-0.05134675,6
TNG50-1,50,1.0,316614,-0.04923806,0.05551484,0.76637533,-2.53398587,7
TNG50-1,50,1.0,316614,0.01402911,-0.08048556,0.98152192,1.88540174,8
TNG50-1,50,1.0,316614,0.03239692,0.04083686,1.14726888,0.83837753,9
TNG50-1,50,1.0,243290,-0.00431173,0.07674047,0.35428087,1.30924125,0
TNG50-1,50,1.0,243290,0.06533129,-0.03473663,0.22912767,-1.25027965,1
TNG50-1,50,1.0,243290,0.10409397,-0.01207786,0.59648881,-2.5452103,2
TNG50-1,50,1.0,243290,-0.02157333,-0.01101465,1.35509756,1.98141056,3
TNG50-1,50,1.0,243290,0.04168598,-0.03919017,0.70712728,-0.26352051,4
TNG50-1,50,1.0,243290,0.01595585,0.01201201,1.2508562,-2.684846,5
TNG50-1,50,1.0,243290,0.01655562,-0.00221562,0.88783487,-2.49365577,6
TNG50-1,50,1.0,243290,0.01235889,-0.0358268,0.46468216,2.93400489,7
TNG50-1,50,1.0,243290,-0.0166539,0.0074651,1.07246166,-1.61476634,8
TNG50-1,50,1.0,243290,-0.17924903,-0.00165233,0.39649235,2.93167883,9
TNG50-1,50,1.0,184806,-0.04312061,0.15541893,1.28372362,-1.71386432,0
TNG50-1,50,1.0,184806,0.07898339,0.06753963,0.4421545,2.37978001,1
TNG50-1,50,1.0,184806,-0.00889971,0.0270258,1.00653857,2.61656892,2
TNG50-1,50,1.0,184806,0.01573185,-0.04985772,0.60822862,-2.68439031,3
TNG50-1,50,1.0,184806,-0.03596167,-0.07650164,1.14547753,0.51791811,4
TNG50-1,50,1.0,184806,0.05005143,-0.07225139,1.1379231,3.02550519,5
TNG50-1,50,1.0,184806,0.04172261,-0.04668327,0.3128467,2.70754779,6
TNG50-1,50,1.0,184806,0.08623547,0.06886513,0.96147499,0.15860824,7
TNG50-1,50,1.0,184806,0.07203037,0.02435445,1.35053507,1.13407219,8
TNG50-1,50,1.0,184806,-0.0004575,-0.03066866,0.56053158,0.65509769,9
TNG50-1,50,1.0,326907,0.06198162,-0.02197626,0.83107405,-2.80177843,0
TNG50-1,50,1.0,326907,0.01410537,0.04600733,0.77129579,0.46900499,1
TNG50-1,50,1.0,326907,-0.06139337,-0.04309074,1.17500495,-2.92474074,2
TNG50-1,50,1.0,326907,-0.0493028,0.03133222,0.5975036,1.34579404,3
TNG50-1,50,1.0,326907,0.03731373,0.01070603,0.89821766,1.48799445,4
TNG50-1,50,1.0,326907,-0.06812461,0.03003245,0.71154719,0.39528311,5
TNG50-1,50,1.0,326907,-0.06655569,0.0590999,0.37333792,-2.08506303,6
TNG50-1,50,1.0,326907,0.00044156,-0.02276662,0.52960834,2.3607274,7
TNG50-1,50,1.0,326907,0.00667083,-0.03305388,0.6372445,0.60269088,8
TNG50-1,50,1.0,326907,0.01900157,-0.08441969,1.15424244,0.09356888,9
TNG50-1,50,1.0,315960,-0.06321171,-0.03853881,0.25122874,-1.78375358,0
TNG50-1,50,1.0,315960,0.05815276,0.01929908,0.65891643,-0.59580021,1
TNG50-1,50,1.0,315960,0.0776236,-0.03499727,0.52720294,-1.89530185,2
TNG50-1,50,1.0,315960,-0.02052865,-0.02701304,0.86103816,-1.41478707,3
TNG50-1,50,1.0,315960,-0.03245397,-0.00506714,0.51039116,-1.28158046,4
TNG50-1,50,1.0,315960,0.05272972,-0.07445311,1.30746015,0.62713035,5
TNG50-1,50,1.0,315960,0.06080745,-0.10282266,0.69073041,-2.29415583,6
TNG50-1,50,1.0,315960,-0.05572057,0.04591362,0.82399374,-1.62670892,7
TNG50-1,50,1.0,315960,-0.00740223,-0.03701615,1.35057179,-1.14889262,8
TNG50-1,50,1.0,315960,-0.00294692,0.1067432,1.1525218,-0.32001558,9
TNG50-1,50,1.0,249043,-0.0147852,-0.01297058,1.27310954,0.85108608,0
TNG50-1,50,1.0,249043,0.10819918,-0.06364331,0.5843443,1.35318169,1
TNG50-1,50,1.0,249043,-0.01532871,0.05620534,0.96798507,2.02290993,2
TNG50-1,50,1.0,249043,-0.02202874,0.05262805,1.11094099,-2.50552247,3
TNG50-1,50,1.0,249043,0.0292811,0.01940049,1.12287457,-3.12909702,4
TNG50-1,50,1.0,249043,-0.08926309,-0.06015556,1.1668183,-2.82387559,5
TNG50-1,50,1.0,249043,0.06254047,0.07471471,0.48435188,1.29932037,6
TNG50-1,50,1.0,249043,0.049697,-0.01311306,1.04506166,2.73002228,7
TNG50-1,50,1.0,249043,0.02622259,0.09026855,1.1943201,-1.06119618,8
TNG50-1,50,1.0,249043,-0.16885487,0.01326935,0.72956312,1.76679505,9
TNG50-1,50,1.0,245604,0.03829398,-0.00350134,0.88262435,-0.11979301,0
TNG50-1,50,1.0,245604,0.11778449,-0.05076435,0.43716303,-0.27549893,1
TNG50-1,50,1.0,245604,0.04313066,-0.18500458,0.95206634,-1.82637403,2
TNG50-1,50,1.0,245604,-0.03224217,-0.03628092,0.77099771,-1.19244,3
TNG50-1,50,1.0,245604,0.01185074,-0.00018053,0.7355253,2.74323602,4
TNG50-1,50,1.0,245604,0.02403901,-0.02626423,1.27296035,-1.23781688,5
TNG50-1,50,1.0,245604,0.07169066,-0.04984716,1.10322033,1.45384479,6
TNG50-1,50,1.0,245604,0.06070252,0.00207323,1.30608953,-2.87680876,7
TNG50-1,50,1.0,245604,-0.13849418,0.01715441,1.01571112,-2.33537226,8
TNG50-1,50,1.0,245604,-0.04281023,-0.02342986,0.47617056,-1.18451919,9
TNG50-1,50,1.0,304887,0.01272605,-0.05525254,0.73829511,0.8592461,0
TNG50-1,50,1.0,304887,-0.03184964,-0.04527509,0.95575817,-2.74156267,1
TNG50-1,50,1.0,304887,-0.0757801,-0.03035905,0.65378887,-0.67546336,2
TNG50-1,50,1.0,304887,-0.01760582,0.07006795,1.1628309,0.71001375,3
TNG50-1,50,1.0,304887,0.06414594,0.05383454,0.77881455,1.34134465,4
TNG50-1,50,1.0,304887,0.06040308,-0.05399388,1.39583709,1.98601535,5
TNG50-1,50,1.0,304887,0.04733761,0.00266956,1.34001236,-1.06535867,6
TNG50-1,50,1.0,304887,0.01346164,-0.02013036,0.82890365,2.11564929,7
TNG50-1,50,1.0,304887,0.02978986,-0.00775503,1.23877837,-0.91574645,8
TNG50-1,50,1.0,304887,0.00493223,-0.02680214,0.7555324,-3.09769304,9
TNG50-1,50,1.0,293179,-0.10821097,-0.0435605,1.13198573,-2.38158563,0
TNG50-1,50,1.0,293179,0.06663309,-0.0035431,0.33220871,-1.84207475,1
TNG50-1,50,1.0,293179,0.07774107,-0.09633527,0.82235881,-1.7074838,2
TNG50-1,50,1.0,293179,0.00703217,0.11320443,0.86009781,0.85688442,3
TNG50-1,50,1.0,293179,-0.07562866,0.0069825,0.8118184,0.88959238,4
TNG50-1,50,1.0,293179,0.01878563,0.04333865,0.33877608,-0.80496159,5
TNG50-1,50,1.0,293179,0.09295663,-0.02307543,1.1093018,-1.40622542,6
TNG50-1,50,1.0,293179,0.02378677,-0.07715432,1.16196525,1.60002527,7
TNG50-1,50,1.0,293179,0.0592492,0.07129074,1.07564363,-2.94224875,8
TNG50-1,50,1.0,293179,-0.02425827,-0.05620501,0.61145165,1.50003328,9
TNG50-1,50,1.0,316899,0.10517784,0.05516283,0.94613426,-1.28117678,0
TNG50-1,50,1.0,316899,0.01266817,0.07126167,0.82471388,-1.48655474,1
TNG50-1,50,1.0,316899,-0.03405386,0.0223728,1.39146396,-2.6376862,2
TNG50-1,50,1.0,316899,0.00992505,-0.01580557,1.26529778,-0.94935199,3
TNG50-1,50,1.0,316899,-0.13093397,-0.1156761,1.14279227,-0.64044813,4
TNG50-1,50,1.0,316899,-0.00163238,0.04890867,1.15018373,2.53954824,5
TNG50-1,50,1.0,316899,0.05464912,0.02576013,1.31950565,1.52754108,6
TNG50-1,50,1.0,316899,0.03010921,0.00763297,1.255613,-0.1309807,7
TNG50-1,50,1.0,316899,0.0149278,-0.03440257,0.5429983,-2.29425944,8
TNG50-1,50,1.0,316899,0.03246196,0.0482576,0.74142414,0.98119258,9
TNG50-1,50,1.0,156084,0.0185593,0.05089519,0.82168905,-2.76200358,0
TNG50-1,50,1.0,156084,-0.01714339,-0.04726903,1.32696467,2.06423384,1
TNG50-1,50,1.0,156084,-0.07917182,0.08903642,0.74105782,-1.3306639,2
TNG50-1,50,1.0,156084,0.0107461,0.05738867,1.23741658,0.52041176,3
TNG50-1,50,1.0,156084,0.06894689,-0.01138996,1.15733937,3.00730506,4
TNG50-1,50,1.0,156084,0.02916665,0.02296799,1.0740773,-1.97026865,5
TNG50-1,50,1.0,156084,-0.05337116,0.12119593,0.64552017,-0.78630362,6
TNG50-1,50,1.0,156084,0.05487608,0.05000035,0.36319487,2.3096923,7
TNG50-1,50,1.0,156084,-0.01547349,0.01191,0.40584139,0.94235557,8
TNG50-1,50,1.0,156084,-0.10460129,0.1444577,1.25745619,2.74922662,9
TNG50-1,50,1.0,329581,0.00416309,-0.06531566,1.06152994,2.3583337,0
TNG50-1,50,1.0,329581,-0.03102536,-0.025312,0.53963821,2.96230732,1
TNG50-1,50,1.0,329581,-0.0500851,-0.06343287,1.24659517,2.24828892,2
TNG50-1,50,1.0,329581,-0.00538996,0.10047558,1.23242188,-0.06310549,3
TNG50-1,50,1.0,329581,0.03858602,0.02196482,0.72109011,2.28319793,4
TNG50-1,50,1.0,329581,0.06948796,-0.00478074,0.67988195,-1.79717369,5
TNG50-1,50,1.0,329581,0.00117551,0.08610009,0.44890988,2.64628696,6
TNG50-1,50,1.0,329581,0.06065625,-0.06511337,1.16746165,0.42000556,7
TNG50-1,50,1.0,329581,-0.01071347,-0.00685714,1.35370619,-0.69514909,8
TNG50-1,50,1.0,329581,-0.0390799,0.09998369,0.95075389,0.51296668,9
TNG50-1,50,1.0,215165,-0.01225622,0.01686177,0.56895545,2.83304241,0
TNG50-1,50,1.0,215165,-0.05987991,0.07093177,0.98554038,-1.82919017,1
TNG50-1,50,1.0,215165,-0.06968129,0.04737178,0.72875135,0.26109721,2
TNG50-1,50,1.0,215165,0.09994139,-0.06095334,0.56414611,3.08641439,3
TNG50-1,50,1.0,215165,-0.01758044,0.04942662,0.7740659,0.74640824,4
TNG50-1,50,1.0,215165,0.00865764,0.0237719,0.93090358,-1.82896786,5
TNG50-1,50,1.0,215165,-0.00464782,-0.03123605,1.35049468,2.8914649,6
TNG50-1,50,1.0,215165,-0.01257478,0.00910485,1.15390081,-1.0286035,7
TNG50-1,50,1.0,215165,-0.04203305,0.02861436,1.1273564,-2.84081211,8
TNG50-1,50,1.0,215165,-0.01553173,0.00235265,1.05874611,-0.43126673,9
TNG50-1,50,1.0,282698,-0.13388863,0.074331,1.32396271,-2.40101819,0
TNG50-1,50,1.0,282698,-0.02031171,0.03665334,1.28856916,-1.02367718,1
TNG50-1,50,1.0,282698,0.08828264,-0.01296903,0.71739179,-2.83648926,2
TNG50-1,50,1.0,282698,-0.04139253,0.08535414,0.26361128,0.96170754,3
TNG50-1,50,1.0,282698,-0.01049605,-0.06825144,1.02017687,1.08535284,4
TNG50-1,50,1.0,282698,-0.02772851,0.04656067,1.31874781,-2.78032995,5
TNG50-1,50,1.0,282698,0.01874976,-0.00341191,1.09733639,-1.03345869,6
TNG50-1,50,1.0,282698,0.06430423,0.03032719,1.06801588,2.53110811,7
TNG50-1,50,1.0,282698,-0.07696053,-0.11935761,0.21343796,2.05344568,8
TNG50-1,50,1.0,282698,-0.0673888,-0.01303517,0.75806469,0.46629133,9
TNG50-1,50,1.0,269902,-0.02033006,0.10274465,0.44329108,1.17010352,0
TNG50-1,50,1.0,269902,-0.07015067,0.06733316,0.6702584,0.10804369,1
TNG50-1,50,1.0,269902,-0.12536575,0.05955285,1.26237278,0.89137852,2
TNG50-1,50,1.0,269902,0.04517071,0.01570646,1.09048873,-0.38923693,3
TNG50-1,50,1.0,269902,-0.0429959,-0.02218591,0.73135198,1.74880732,4
TNG50-1,50,1.0,269902,-0.06219224,-0.0027943,1.12420623,0.94226682,5
TNG50-1,50,1.0,269902,0.03197014,0.02203708,0.73001497,0.46876731,6
TNG50-1,50,1.0,269902,0.04028958,-0.0628756,1.1126469,-0.40607149,7
TNG50-1,50,1.0,269902,-0.03935515,-0.0384691,1.25145035,0.22448286,8
TNG50-1,50,1.0,269902,0.04563203,-0.07138751,0.94007017,-2.82108912,9
TNG50-1,50,1.0,193154,-0.03597601,-0.08742005,0.95441504,-3.03076525,0
TNG50-1,50,1.0,193154,0.04577928,0.10207694,1.3822329,2.22720553,1
TNG50-1,50,1.0,193154,-0.06586174,0.01062456,1.21154838,-1.07366528,2
TNG50-1,50,1.0,193154,-0.02154091,0.00629146,0.99372258,-0.96063803,3
TNG50-1,50,1.0,193154,-0.01377595,0.01160367,1.05506522,-2.14636878,4
TNG50-1,50,1.0,193154,-0.06312045,0.03022603,0.72438267,1.21270042,5
TNG50-1,50,1.0,193154,-0.01453555,0.04890774,0.84243081,-1.38161641,6
TNG50-1,50,1.0,193154,0.01107405,-0.0781777,0.48840259,-2.031083,7
TNG50-1,50,1.0,193154,-0.09128861,0.06550888,0.53077227,0.02130465,8
TNG50-1,50,1.0,193154,-0.01973442,0.06229126,1.19675619,1.57340954,9
TNG50-1,50,1.0,328954,0.00294074,0.0855288,1.33641641,-3.01091189,0
TNG50-1,50,1.0,328954,-0.11561627,0.0766247,0.54699498,-0.30217748,1
TNG50-1,50,1.0,328954,-0.07576303,0.02979387,1.36901481,0.77523581,2
TNG50-1,50,1.0,328954,-0.01926556,-0.07812415,0.45535326,-0.11641597,3
TNG50-1,50,1.0,328954,-0.04214644,0.01534025,0.28266748,1.11294266,4
TNG50-1,50,1.0,328954,-0.01158937,0.01918485,0.78034307,-0.31665599,5
TNG50-1,50,1.0,328954,0.07020642,0.00127701,0.25638973,-2.87415639,6
TNG50-1,50,1.0,328954,-0.00372247,-0.02850055,0.58109462,-1.72054534,7
TNG50-1,50,1.0,328954,-0.06610841,-0.01813155,1.36340523,3.09524937,8
TNG50-1,50,1.0,328954,-0.03965499,-0.03198575,1.39686632,-0.96846607,9
TNG50-1,50,1.0,237549,-0.04611934,-0.06536798,1.38670974,2.72103832,0
TNG50-1,50,1.0,237549,0.01813824,-0.01923138,1.25360294,1.14811823,1
TNG50-1,50,1.0,237549,-0.09622307,0.03537647,1.35851831,0.41536245,2
TNG50-1,50,1.0,237549,-0.08830656,0.03763611,0.5430566,-0.15395691,3
TNG50-1,50,1.0,237549,-0.01352309,0.01323095,1.15413364,1.17734393,4
TNG50-1,50,1.0,237549,0.02457721,0.02735575,1.30207777,1.17040244,5
TNG50-1,50,1.0,237549,0.02688919,0.06381918,1.09630956,-3.07548688,6
TNG50-1,50,1.0,237549,0.07911998,0.00376359,1.33606759,2.56218084,7
TNG50-1,50,1.0,237549,0.00411319,0.06836594,0.27310239,-0.8296103,8
TNG50-1,50,1.0,237549,-0.01863264,-0.03633234,1.13166335,-0.92191217,9
TNG50-1,50,1.0,160370,0.01149881,0.00276972,0.68123722,-2.71091248,0
TNG50-1,50,1.0,160370,0.0452888,0.08314409,1.21144691,1.48581284,1
TNG50-1,50,1.0,160370,0.0004671,0.06415796,1.39501977,0.8453561,2
TNG50-1,50,1.0,160370,0.13824109,-0.04261138,1.35508011,-0.12971779,3
TNG50-1,50,1.0,160370,-0.04598812,0.0160784,0.87065228,-2.83785496,4
TNG50-1,50,1.0,160370,0.02224711,-0.07736483,0.96099319,2.6613777,5
TNG50-1,50,1.0,160370,0.06456013,0.07608945,1.17120872,-0.14174245,6
TNG50-1,50,1.0,160370,0.05328386,0.01121157,1.39461474,-0.63078807,7
TNG50-1,50,1.0,160370,0.03275334,0.06743864,0.88909888,2.27121694,8
TNG50-1,50,1.0,160370,0.0535127,-0.00546788,0.58753458,2.17133205,9
TNG50-1,50,1.0,286303,0.02866014,0.00073167,0.91557352,-2.4090357,0
TNG50-1,50,1.0,286303,0.06582213,0.0115835,0.42884324,2.07271007,1
TNG50-1,50,1.0,286303,0.06534131,0.01577861,0.77394999,-2.45084111,2
TNG50-1,50,1.0,286303,-0.0062926,0.05593076,0.60829704,-0.13573595,3
TNG50-1,50,1.0,286303,0.04623969,0.02382573,1.14370294,1.14681659,4
TNG50-1,50,1.0,286303,0.08942915,-0.00889383,0.68733241,-0.09896575,5
TNG50-1,50,1.0,286303,-0.06318811,-0.04199607,1.28395876,-1.00587764,6
TNG50-1,50,1.0,286303,0.02883254,-0.02362213,0.68033831,1.1549824,7
TNG50-1,50,1.0,286303,0.01807377,0.01305831,0.48619487,1.01083116,8
TNG50-1,50,1.0,286303,0.00515822,-0.03530354,0.45275592,0.52082991,9
TNG50-1,50,1.0,301760,0.0329104,-0.05836394,0.67530065,2.38067287,0
TNG50-1,50,1.0,301760,-0.09619685,-0.02298036,1.05239722,2.06477075,1
TNG50-1,50,1.0,301760,-0.01458334,0.04332235,0.24583783,1.75426902,2
TNG50-1,50,1.0,301760,0.05521377,-0.06159737,0.71575328,1.84903358,3
TNG50-1,50,1.0,301760,-0.0265018,0.08876736,0.57598449,-1.27829834,4
TNG50-1,50,1.0,301760,-0.04518671,-0.01084237,0.36527423,-0.5873006,5
TNG50-1,50,1.0,301760,0.04001782,0.04372637,1.36736648,-2.41868145,6
TNG50-1,50,1.0,301760,-0.0124759,0.04362176,0.64794757,2.07716779,7
TNG50-1,50,1.0,301760,-0.02025298,-0.0076144,1.06678017,0.91738574,8
TNG50-1,50,1.0,301760,0.06374962,-0.02395061,0.50741337,0.70822001,9
TNG50-1,50,1.0,309089,-0.07935969,0.06844408,1.39382443,1.20908383,0
TNG50-1,50,1.0,309089,0.06878392,-0.04279392,1.29897971,2.79944314,1
TNG50-1,50,1.0,309089,0.06475779,-0.04810308,0.67893289,-2.6625033,2
TNG50-1,50,1.0,309089,0.1118167,0.0118269,1.01172622,1.73045975,3
TNG50-1,50,1.0,309089,0.05057757,0.03587652,1.23348176,-2.66148557,4
TNG50-1,50,1.0,309089,0.02186173,-0.03515403,0.38761719,-1.02628333,5
TNG50-1,50,1.0,309089,0.06455702,0.0335209,0.63012902,1.57499832,6
TNG50-1,50,1.0,309089,-0.03129047,0.06841997,1.30506612,1.32581477,7
TNG50-1,50,1.0,309089,-0.01977082,0.06002308,1.17249918,-3.12828598,8
TNG50-1,50,1.0,309089,-0.00321224,0.01766464,0.53923994,-1.87274779,9
TNG50-1,50,1.0,319877,-0.02128188,0.01004,1.34477985,1.34267386,0
TNG50-1,50,1.0,319877,0.0003096,0.05973576,1.18787969,0.58844872,1
TNG50-1,50,1.0,319877,-0.0452589,0.09433517,1.14542341,-1.82509717,2
TNG50-1,50,1.0,319877,-0.02438121,0.03386625,0.39923845,-1.60570601,3
TNG50-1,50,1.0,319877,-0.03720599,0.02247935,0.20025244,2.58554166,4
TNG50-1,50,1.0,319877,-0.03586446,0.03701686,1.28037363,-1.79046414,5
TNG50-1,50,1.0,319877,-0.05040103,0.02332944,0.36617651,-2.93860798,6
TNG50-1,50,1.0,319877,-0.02413823,0.00250997,0.73424803,-1.46883846,7
TNG50-1,50,1.0,319877,-0.04473492,-0.00146629,0.95954905,-0.12217202,8
TNG50-1,50,1.0,319877,0.02932921,-0.0510835,0.33818543,-0.74163728,9
TNG50-1,50,1.0,233980,-0.05379257,0.03009949,1.30961927,2.2588604,0
TNG50-1,50,1.0,233980,0.03245426,-0.01466339,0.82390891,2.46148673,1
TNG50-1,50,1.0,233980,-0.01230399,-0.07283781,0.95075217,0.67156133,2
TNG50-1,50,1.0,233980,0.09805474,0.03222293,1.27079209,3.02961308,3
TNG50-1,50,1.0,233980,-0.01280893,0.02097433,0.86977976,-1.59482434,4
TNG50-1,50,1.0,233980,0.02151956,0.04217054,1.34877127,-2.70821477,5
TNG50-1,50,1.0,233980,-0.01065358,-0.01370561,1.06983554,2.15791697,6
TNG50-1,50,1.0,233980,-0.08116341,-0.08421874,0.62325051,-0.05698435,7
TNG50-1,50,1.0,233980,-0.01023565,0.02668801,0.47126241,-0.96475873,8
TNG50-1,50,1.0,233980,0.03767067,-0.00045714,1.19325983,-2.79455454,9
TNG50-1,50,1.0,341536,-0.01419546,0.02707056,0.77143872,-0.06658427,0
TNG50-1,50,1.0,341536,-0.02839842,-0.07032401,1.15105187,2.73534696,1
TNG50-1,50,1.0,341536,0.02623191,-0.04194304,0.48083626,2.86225729,2
TNG50-1,50,1.0,341536,-0.05039577,-0.0215135,0.63886768,-2.94859318,3
TNG50-1,50,1.0,341536,0.02509985,0.03934251,0.90614607,-0.72582744,4
TNG50-1,50,1.0,341536,-0.04703972,0.02028994,0.99801226,0.16476656,5
TNG50-1,50,1.0,341536,0.00885396,0.02675832,0.8340816,0.24878579,6
TNG50-1,50,1.0,341536,0.06676813,-0.00136913,0.70333873,2.02565727,7
TNG50-1,50,1.0,341536,0.0193259,-0.03940498,1.28774141,-2.25501015,8
TNG50-1,50,1.0,341536,-0.01798958,0.07440585,0.53417014,0.76958144,9
TNG50-1,50,1.0,282179,0.05354111,0.071754,1.15084028,0.73731573,0
TNG50-1,50,1.0,282179,0.02579414,-0.035944,0.39133911,-2.91077916,1
TNG50-1,50,1.0,282179,0.02877795,-0.01712341,0.846654,-1.27078893,2
TNG50-1,50,1.0,282179,0.09197688,0.0059783,0.94982283,2.37516811,3
TNG50-1,50,1.0,282179,-0.04852133,0.07970982,0.64259627,0.79769128,4
TNG50-1,50,1.0,282179,-0.00913664,-0.04290989,1.19893723,2.45079641,5
TNG50-1,50,1.0,282179,-0.09535694,0.01456236,0.59484043,-0.72552882,6
TNG50-1,50,1.0,282179,0.02793869,0.03874189,0.80028595,0.02970348,7
TNG50-1,50,1.0,282179,0.04240869,0.02842351,0.61368196,2.27823551,8
TNG50-1,50,1.0,282179,-0.04978,0.03027005,0.52924756,1.64639158,9
TNG50-1,50,1.0,317854,-0.00211464,-0.09903066,0.64253547,2.85219896,0
TNG50-1,50,1.0,317854,0.01561002,0.10518399,0.51930411,-2.81165359,1
TNG50-1,50,1.0,317854,-0.00387589,0.01371901,0.64492852,1.48257443,2
TNG50-1,50,1.0,317854,-0.01801697,0.10922279,0.88851148,2.94353653,3
TNG50-1,50,1.0,317854,0.0437455,-0.04346725,0.72484536,-1.19914731,4
TNG50-1,50,1.0,317854,0.02665672,-0.05588227,1.03917467,2.59159665,5
TNG50-1,50,1.0,317854,0.06980236,0.01829166,1.34147934,2.05105947,6
TNG50-1,50,1.0,317854,0.02473649,0.01812674,0.73540823,1.53378501,7
TNG50-1,50,1.0,317854,-0.00988033,0.01691224,0.71577596,2.85125651,8
TNG50-1,50,1.0,317854,0.03083843,0.00929131,1.21193888,0.96796915,9
TNG50-1,50,1.0,337523,0.04066737,0.02655214,0.29545699,-1.93041361,0
TNG50-1,50,1.0,337523,0.03976115,0.05874904,1.33728371,-3.07282119,1
TNG50-1,50,1.0,337523,0.07691598,-0.08291003,1.30278076,0.76995714,2
TNG50-1,50,1.0,337523,-0.00246047,0.04456035,0.27396427,-1.29552803,3
TNG50-1,50,1.0,337523,0.0265079,-0.0029016,0.64461834,2.28502125,4
TNG50-1,50,1.0,337523,-0.03682746,-0.02999546,0.68469452,-1.36019598,5
TNG50-1,50,1.0,337523,-0.04823975,-0.01254088,1.26636431,-2.18921374,6
TNG50-1,50,1.0,337523,0.08824144,0.05183854,0.96908239,2.89307704,7
TNG50-1,50,1.0,337523,-0.04060594,0.03656203,0.55277944,2.92028009,8
TNG50-1,50,1.0,337523,0.0320656,-0.00639617,1.1192192,1.162539,9
TNG50-1,50,1.0,199680,-0.04305949,-0.06160809,1.3550686,-2.53542782,0
TNG50-1,50,1.0,199680,-0.01086424,-0.04198487,1.08079091,0.0976032,1
TNG50-1,50,1.0,199680,0.07359174,-0.01118495,0.48029685,0.07773219,2
TNG50-1,50,1.0,199680,0.06758546,0.06523118,0.62558629,0.39193755,3
TNG50-1,50,1.0,199680,-0.06571978,0.05598827,1.30859989,-2.09250519,4
TNG50-1,50,1.0,199680,-0.01829848,0.04098832,0.96328065,0.86932764,5
TNG50-1,50,1.0,199680,0.09606984,-0.001958,0.85031967,-2.86299042,6
TNG50-1,50,1.0,199680,-0.00335889,0.06147849,0.97667813,1.51502355,7
TNG50-1,50,1.0,199680,0.01417113,-0.00263226,0.74503307,1.02516153,8
TNG50-1,50,1.0,199680,0.0563466,0.0338984,0.21086867,-1.06547952,9
TNG50-1,50,1.0,303921,-0.07281065,-0.0652762,1.28927609,-0.4307358,0
TNG50-1,50,1.0,303921,-0.07324209,-0.06639588,0.98181218,-0.84763008,1
TNG50-1,50,1.0,303921,0.02300313,-0.0943004,1.28219973,0.28035197,2
TNG50-1,50,1.0,303921,0.09274288,0.02382919,1.30953639,3.1006553,3
TNG50-1,50,1.0,303921,-0.05049679,0.02987905,0.74475564,-0.41025118,4
TNG50-1,50,1.0,303921,0.00716883,0.02962767,1.26823712,0.47788888,5
TNG50-1,50,1.0,303921,-0.06175481,-0.04545879,1.27095656,2.63418539,6
TNG50-1,50,1.0,303921,-0.03593113,0.05029756,0.86325585,-0.10568881,7
TNG50-1,50,1.0,303921,0.00965557,0.03533893,1.36404402,1.76633236,8
TNG50-1,50,1.0,303921,-0.02463056,0.00036472,1.37281096,0.3056929,9
TNG50-1,50,1.0,194157,-0.01017303,-0.07307128,1.1012302,-1.00829039,0
TNG50-1,50,1.0,194157,0.02153879,-0.11832167,0.84263941,0.21959367,1
TNG50-1,50,1.0,194157,-0.00043603,0.01122665,0.84202023,-1.11870909,2
TNG50-1,50,1.0,194157,0.01729496,-0.00690899,0.76138082,2.56941468,3
TNG50-1,50,1.0,194157,0.08868054,-0.06764236,0.92246593,-1.33371049,4
TNG50-1,50,1.0,194157,-0.05639853,-0.08552762,1.37796189,1.21775234,5
TNG50-1,50,1.0,194157,0.03223152,0.09653167,1.33710264,-2.04168604,6
TNG50-1,50,1.0,194157,-0.00364488,0.02315074,0.28797238,-2.48027828,7
TNG50-1,50,1.0,194157,-0.02495227,0.00098229,0.68488479,-2.16371185,8
TNG50-1,50,1.0,194157,0.05360871,0.10976225,0.35357336,0.1850729,9
TNG50-1,50,1.0,296936,-0.03793957,0.04347049,1.11908837,1.24569169,0
TNG50-1,50,1.0,296936,-0.06497985,-0.14765477,1.12216832,-3.04202991,1
TNG50-1,50,1.0,296936,0.09805479,-0.04120967,1.0023401,3.10319539,2
TNG50-1,50,1.0,296936,-0.02502815,-0.00595419,1.1954381,-3.07346356,3
TNG50-1,50,1.0,296936,0.01649828,-0.00653055,0.41120998,0.1978319,4
TNG50-1,50,1.0,296936,-0.0879486,0.1252656,0.54312581,1.05997532,5
TNG50-1,50,1.0,296936,0.06788246,-0.01687967,0.23356599,2.602158,6
TNG50-1,50,1.0,296936,0.00835803,0.04951135,0.313216,0.90563521,7
TNG50-1,50,1.0,296936,-0.02219373,0.09058286,1.13215784,0.60927294,8
TNG50-1,50,1.0,296936,-0.02175705,0.0335307,1.07209057,-1.25437952,9
TNG50-1,50,1.0,203705,-0.0616604,0.03237106,0.91082017,-0.15886181,0
TNG50-1,50,1.0,203705,-0.02035543,0.04960522,0.84459008,1.18661946,1
TNG50-1,50,1.0,203705,-0.03975819,0.02364224,0.79303241,1.73669747,2
TNG50-1,50,1.0,203705,0.05059106,0.06292358,0.55523331,-2.64862204,3
TNG50-1,50,1.0,203705,0.05117,0.01298782,0.7899501,-0.58218215,4
TNG50-1,50,1.0,203705,0.02801471,-0.01167801,1.30482874,1.69555764,5
TNG50-1,50,1.0,203705,-0.06338246,0.04368303,0.36694078,3.09280956,6
TNG50-1,50,1.0,203705,-0.00490674,0.04532381,0.78782355,-3.06844098,7
TNG50-1,50,1.0,203705,-0.06735962,-0.02620858,0.50600742,-1.47775349,8
TNG50-1,50,1.0,203705,-0.00736467,0.01894911,1.03090014,-0.22086287,9
TNG50-1,50,1.0,386728,-0.04264896,0.07835115,1.25064289,-2.89712095,0
TNG50-1,50,1.0,386728,0.02298604,-0.05019382,1.27689774,0.75913991,1
TNG50-1,50,1.0,386728,-0.01649489,0.00738422,1.28162066,0.66896646,2
TNG50-1,50,1.0,386728,0.03072165,0.00780102,0.20756847,-1.12315213,3
TNG50-1,50,1.0,386728,0.02124693,0.032868,1.26661436,2.50975849,4
TNG50-1,50,1.0,386728,-0.06590147,0.05920153,1.24075741,0.33226556,5
TNG50-1,50,1.0,386728,0.05076531,-0.02020376,0.74834884,-1.5937911,6
TNG50-1,50,1.0,386728,-0.06213425,0.05059246,0.66772088,-2.58641972,7
TNG50-1,50,1.0,386728,-0.0382461,0.06651609,0.93111574,-2.4685448,8
TNG50-1,50,1.0,386728,0.01147425,0.08919796,0.26140881,2.49649328,9
TNG50-1,50,1.0,342221,-0.00018296,0.04792874,0.22928178,2.44921876,0
TNG50-1,50,1.0,342221,-0.02235952,-0.02994394,0.98779104,1.61911451,1
TNG50-1,50,1.0,342221,0.10856915,0.00702663,0.83440453,-2.63484492,2
TNG50-1,50,1.0,342221,0.09121714,0.01582382,0.94832905,-0.90828551,3
TNG50-1,50,1.0,342221,0.05164059,-0.05504271,1.17991087,1.33149206,4
TNG50-1,50,1.0,342221,-0.04626634,-0.01350464,1.11787293,-2.12775793,5
TNG50-1,50,1.0,342221,0.09607077,-0.05127313,0.27331666,0.02160902,6
TNG50-1,50,1.0,342221,0.03094846,0.0434334,1.06143975,-1.14499084,7
TNG50-1,50,1.0,342221,-0.04709898,-0.04540277,0.76648409,-2.73472983,8
TNG50-1,50,1.0,342221,0.00163585,0.01459019,0.8900511,3.12366099,9
TNG50-1,50,1.0,333934,-0.03457545,-0.02502528,0.9726048,-2.63979867,0
TNG50-1,50,1.0,333934,-0.04796924,-0.01773601,1.16719035,1.37232649,1
TNG50-1,50,1.0,333934,0.08396123,-0.0656751,0.63470009,1.85414194,2
TNG50-1,50,1.0,333934,0.1132348,-0.03510068,0.58342478,0.3108187,3
TNG50-1,50,1.0,333934,-0.00253958,0.05099721,1.08716882,2.47148122,4
TNG50-1,50,1.0,333934,-0.07023783,-0.00167785,0.3987416,2.85436605,5
TNG50-1,50,1.0,333934,0.03690221,0.00626569,1.08207795,-0.32935774,6
TNG50-1,50,1.0,333934,-0.04905382,-0.11161241,1.31077262,-2.58159014,7
TNG50-1,50,1.0,333934,-0.02745855,0.04738918,1.26099264,-1.6885174,8
TNG50-1,50,1.0,333934,-0.03144248,-0.03427599,0.96359189,0.99033081,9
TNG50-1,50,1.0,296010,-0.01725274,-0.03142798,1.29674545,0.37476185,0
TNG50-1,50,1.0,296010,0.04264182,0.00043002,1.1717394,-0.62419773,1
TNG50-1,50,1.0,296010,0.0142599,0.02305903,1.23049089,2.49342754,2
TNG50-1,50,1.0,296010,0.07237362,-0.05032108,1.38851148,2.68869602,3
TNG50-1,50,1.0,296010,0.02600548,0.01585044,1.16585861,1.33870337,4
TNG50-1,50,1.0,296010,-0.02769805,-0.07893415,0.21458558,-1.78634573,5
TNG50-1,50,1.0,296010,-0.00291797,0.05527857,1.11235087,-0.16400026,6
TNG50-1,50,1.0,296010,-0.0174024,0.02635904,1.22270102,-1.2225623,7
TNG50-1,50,1.0,296010,0.02439864,0.08146415,0.96240921,1.87413261,8
TNG50-1,50,1.0,296010,0.00299111,-0.05582982,1.20704949,-2.95828632,9
TNG50-1,50,1.0,344360,-0.01467808,0.08300304,1.20141701,-0.67208737,0
TNG50-1,50,1.0,344360,0.06512628,0.07323889,1.35498695,-0.9357188,1
TNG50-1,50,1.0,344360,0.1049933,0.04405803,0.60832613,2.14121452,2
TNG50-1,50,1.0,344360,-0.05969669,-0.06411048,0.51394902,-2.89876829,3
TNG50-1,50,1.0,344360,-0.10155504,-0.00041809,1.19721312,-1.96560036,4
TNG50-1,50,1.0,344360,0.02845658,0.01500193,0.7569303,-0.5521106,5
TNG50-1,50,1.0,344360,0.05351864,-0.00499048,1.39592881,0.60531052,6
TNG50-1,50,1.0,344360,0.09784887,-0.0019053,0.71640658,-3.10946979,7
TNG50-1,50,1.0,344360,0.03689452,0.0783614,0.99259572,0.47216689,8
TNG50-1,50,1.0,344360,0.06978905,-0.03784158,0.62329889,-0.76345389,9
TNG50-1,50,1.0,332911,0.00342118,-0.03672731,0.49358736,-1.44952198,0
TNG50-1,50,1.0,332911,-0.01628345,-0.01626312,0.91118722,2.52296518,1
TNG50-1,50,1.0,332911,-0.04448319,-0.02371043,0.94092794,-2.57937589,2
TNG50-1,50,1.0,332911,-0.04614487,0.1255712,0.67055501,-0.30514596,3
TNG50-1,50,1.0,332911,-0.0830927,0.0510101,1.31290839,-0.99719584,4
TNG50-1,50,1.0,332911,0.05906129,0.00839411,1.35539643,2.38667095,5
TNG50-1,50,1.0,332911,0.02312271,0.06829921,0.25815057,0.11357569,6
TNG50-1,50,1.0,332911,0.00412434,0.06198441,0.42203408,-1.31711786,7
TNG50-1,50,1.0,332911,0.01477914,-0.06902622,0.33579836,0.15268879,8
TNG50-1,50,1.0,332911,0.01697647,-0.01114266,1.34848133,-2.43507231,9
TNG50-1,50,1.0,148669,0.08979174,0.12102776,1.07853643,-0.80050455,0
TNG50-1,50,1.0,148669,0.05699926,0.03013376,0.80780352,1.0274351,1
TNG50-1,50,1.0,148669,-0.05994632,-0.06747022,0.68079819,2.57815663,2
TNG50-1,50,1.0,148669,-0.03945092,0.10432483,1.20863921,1.76493846,3
TNG50-1,50,1.0,148669,0.02106244,0.05493395,0.95481342,2.04794845,4
TNG50-1,50,1.0,148669,-0.01691256,0.01900738,1.30554775,-1.50074465,5
TNG50-1,50,1.0,148669,0.02722998,0.03233167,1.21830776,-0.8691241,6
TNG50-1,50,1.0,148669,-0.01796982,-0.05945234,0.48567398,1.4626754,7
TNG50-1,50,1.0,148669,0.07624059,-0.09021881,1.27947885,1.74191628,8
TNG50-1,50,1.0,148669,0.00041535,-0.00208749,0.59661908,1.82245215,9
TNG50-1,50,1.0,377264,0.06789914,0.00510285,1.0441833,-2.57742324,0
TNG50-1,50,1.0,377264,0.04893502,0.0323786,0.68023125,0.66280837,1
TNG50-1,50,1.0,377264,0.01365329,-0.06890762,0.90276749,1.5758455,2
TNG50-1,50,1.0,377264,0.03846849,-0.12746884,0.61586599,-1.90258299,3
TNG50-1,50,1.0,377264,-0.05774942,0.0460616,0.68792872,-0.40896218,4
TNG50-1,50,1.0,377264,-0.00404472,-0.0541491,0.25361601,0.26694922,5
TNG50-1,50,1.0,377264,0.06473921,-0.03049952,0.59731428,-0.54567756,6
TNG50-1,50,1.0,377264,-0.03385709,-0.10916177,1.34479574,2.36250785,7
TNG50-1,50,1.0,377264,-0.04991667,0.05114563,0.64099042,-2.08034251,8
TNG50-1,50,1.0,377264,0.0039302,0.01751691,0.80057885,1.70623386,9
TNG50-1,50,1.0,337273,-0.01559313,-0.08393308,0.71129004,-2.24166193,0
TNG50-1,50,1.0,337273,-0.05863549,0.10022408,1.38799872,-0.94219302,1
TNG50-1,50,1.0,337273,0.01235843,-0.02244427,1.26466853,-2.42110222,2
TNG50-1,50,1.0,337273,0.00499864,-0.04292271,1.24197169,1.62285965,3
TNG50-1,50,1.0,337273,-0.0496416,-0.05633875,0.81666488,0.02556825,4
TNG50-1,50,1.0,337273,0.02910279,-0.01939837,0.47027798,-0.5606825,5
TNG50-1,50,1.0,337273,0.06339618,-0.03476047,1.3474217,1.41338761,6
TNG50-1,50,1.0,337273,-0.03300465,0.07190366,0.53446087,-1.30127675,7
TNG50-1,50,1.0,337273,-0.03638161,-0.06243689,0.58474179,2.33440073,8
TNG50-1,50,1.0,337273,-0.03820743,-0.07692671,1.33662033,0.96740155,9
TNG50-1,50,1.0,339205,0.07095652,-0.06709653,0.30900355,-0.24093551,0
TNG50-1,50,1.0,339205,-0.01625636,-0.059006,1.00693967,-1.20597568,1
TNG50-1,50,1.0,339205,-0.00081348,0.01088755,0.96827749,-1.63536183,2
TNG50-1,50,1.0,339205,-0.00693737,0.0385369,1.14556192,1.69460247,3
TNG50-1,50,1.0,339205,0.01156093,-0.02595678,1.32912607,-3.06678133,4
TNG50-1,50,1.0,339205,-0.02099241,-0.03487924,0.86780564,-1.45215183,5
TNG50-1,50,1.0,339205,0.00480675,0.06969215,1.10486778,0.19531711,6
TNG50-1,50,1.0,339205,0.0765407,0.03429383,0.82911574,-0.14987918,7
TNG50-1,50,1.0,339205,0.05244259,0.05289933,0.90180385,2.76564031,8
TNG50-1,50,1.0,339205,0.05278692,-0.0220725,1.21782604,2.15926364,9
TNG50-1,50,1.0,101010,0.00125247,-0.02928941,1.33152978,-1.48748036,0
TNG50-1,50,1.0,101010,-0.00629741,0.04557781,1.09468396,2.65779265,1
TNG50-1,50,1.0,101010,-0.03223264,-0.13667598,0.84470259,3.12763226,2
TNG50-1,50,1.0,101010,-0.02039719,0.0788122,1.39233237,-1.61753702,3
TNG50-1,50,1.0,101010,-0.03205856,0.05273389,0.94306484,-1.80913091,4
TNG50-1,50,1.0,101010,0.03826721,-0.03140266,0.28258393,-0.72973339,5
TNG50-1,50,1.0,101010,-0.03767995,-0.02253921,0.5248616,-0.34019413,6
TNG50-1,50,1.0,101010,-0.11231229,0.02521935,1.20435911,-2.58082674,7
TNG50-1,50,1.0,101010,0.0029154,0.0265608,0.93009809,-2.21351175,8
TNG50-1,50,1.0,101010,-0.01396954,-0.03169409,1.25683862,-0.47232421,9
TNG50-1,50,1.0,351176,0.03550812,-0.01002446,0.66815036,-1.59661721,0
TNG50-1,50,1.0,351176,0.02708346,-0.04565896,0.53324622,1.93050696,1
TNG50-1,50,1.0,351176,-0.00121405,-0.0133249,0.99312162,0.69063156,2
TNG50-1,50,1.0,351176,-0.0199766,0.04103149,0.66975452,0.83720922,3
TNG50-1,50,1.0,351176,-0.05326997,-0.05117566,0.42138215,-2.44878798,4
TNG50-1,50,1.0,351176,-0.05657964,0.01046384,0.75497583,-3.13241727,5
TNG50-1,50,1.0,351176,0.01735409,-0.00277129,1.12540457,1.81701322,6
TNG50-1,50,1.0,351176,-0.00272113,-0.03804049,0.99405414,0.26581905,7
TNG50-1,50,1.0,351176,-0.02077537,-0.01466761,1.20650397,2.71152982,8
TNG50-1,50,1.0,351176,0.03324043,-0.07858415,0.99878597,0.23398104,9
TNG50-1,50,1.0,271745,-0.05580637,-0.09984731,0.94478043,-0.81680929,0
TNG50-1,50,1.0,271745,-0.0205929,-0.01593388,1.17431871,-0.01036983,1
TNG50-1,50,1.0,271745,-0.08683757,0.013928,1.37353358,-0.51611052,2
TNG50-1,50,1.0,271745,-0.02022741,-0.01174326,1.12512556,2.91815616,3
TNG50-1,50,1.0,271745,-0.02863688,-0.04320295,1.29394949,-2.71659253,4
TNG50-1,50,1.0,271745,0.04717897,-0.01201566,1.2127958,0.5400482,5
TNG50-1,50,1.0,271745,-0.002963,-0.01635428,1.12131617,-1.92487159,6
TNG50-1,50,1.0,271745,0.00612516,0.03895016,1.04580088,-0.78264705,7
TNG50-1,50,1.0,271745,-0.0011226,0.036151,0.98908797,0.29195329,8
TNG50-1,50,1.0,271745,-0.10645544,-0.02767073,0.9380289,1.6324309,9
TNG50-1,50,1.0,274957,0.01905187,0.03574939,1.13454331,-1.29008679,0
TNG50-1,50,1.0,274957,0.05546179,-0.11720788,0.37168723,0.19827281,1
TNG50-1,50,1.0,274957,-0.0102011,-0.03179164,1.16029217,2.06656589,2
TNG50-1,50,1.0,274957,0.01420524,-0.02923002,1.11703203,0.40599854,3
TNG50-1,50,1.0,274957,0.06248843,0.00224342,0.35106983,-0.0642214,4
TNG50-1,50,1.0,274957,-0.00666151,0.08441324,0.5532101,2.90357032,5
TNG50-1,50,1.0,274957,-0.05626981,-0.05402708,1.12990833,-2.41016458,6
TNG50-1,50,1.0,274957,0.03380216,0.1121101,1.05849199,1.75970611,7
TNG50-1,50,1.0,274957,0.07174388,-0.0191164,0.55046436,-2.3434091,8
TNG50-1,50,1.0,274957,0.06443918,-0.03834507,1.32873111,1.46289795,9
TNG50-1,50,1.0,353643,0.0272861,-0.02296454,1.15261788,-0.06221342,0
TNG50-1,50,1.0,353643,-0.00972357,-0.05586595,0.32678934,0.87911212,1
TNG50-1,50,1.0,353643,-0.02087403,-0.02028725,1.12242056,2.78682502,2
TNG50-1,50,1.0,353643,0.00230896,0.09829463,0.43524416,1.75982274,3
TNG50-1,50,1.0,353643,-0.07911079,0.01377717,0.4906914,-0.44924309,4
TNG50-1,50,1.0,353643,-0.00379241,-0.02927681,0.51582278,0.91370525,5
TNG50-1,50,1.0,353643,0.0324806,-0.0503071,1.36752627,-1.9737315,6
TNG50-1,50,1.0,353643,0.00690272,-0.07992654,0.53856356,-0.47788402,7
TNG50-1,50,1.0,353643,0.04758283,-0.04151968,0.71622132,1.83030026,8
TNG50-1,50,1.0,353643,-0.0188649,0.03795968,1.11432665,0.66972293,9
TNG50-1,50,1.0,333663,0.00704762,-0.03965141,1.03705173,-2.42959964,0
TNG50-1,50,1.0,333663,0.00648955,0.02719781,1.21491029,-2.67263585,1
TNG50-1,50,1.0,333663,0.00250613,-0.03564344,1.32464793,-2.12461504,2
TNG50-1,50,1.0,333663,0.01345483,0.04069669,0.86596042,1.92842883,3
TNG50-1,50,1.0,333663,0.03579805,-0.00256714,0.84329333,1.40169085,4
TNG50-1,50,1.0,333663,0.03150829,0.04097976,0.83280934,0.87118368,5
TNG50-1,50,1.0,333663,0.00117927,0.03184794,1.36936145,0.8846146,6
TNG50-1,50,1.0,333663,-0.00245247,0.0421465,1.37741691,2.25487101,7
TNG50-1,50,1.0,333663,-0.00436492,-0.02381829,0.46159342,-1.04640961,8
TNG50-1,50,1.0,333663,-0.03901653,0.02044497,0.74749672,-1.11696172,9
TNG50-1,50,1.0,352698,0.01304433,0.06419103,1.25711667,-2.78638579,0
TNG50-1,50,1.0,352698,0.02430717,-0.02327682,1.13616819,0.41535072,1
TNG50-1,50,1.0,352698,0.02471815,0.05337671,0.65578376,0.39586508,2
TNG50-1,50,1.0,352698,0.03047862,0.10173379,1.26352634,0.19377696,3
TNG50-1,50,1.0,352698,-0.03131975,0.00268713,1.27874038,0.03461233,4
TNG50-1,50,1.0,352698,-0.04203046,0.02496533,1.06981908,-3.03329272,5
TNG50-1,50,1.0,352698,0.0187529,-0.04652641,1.24401161,-2.84344804,6
TNG50-1,50,1.0,352698,-0.0105875,0.04470283,1.33472355,0.07041574,7
TNG50-1,50,1.0,352698,0.04535393,0.05645291,1.13366133,2.94247394,8
TNG50-1,50,1.0,352698,0.01906868,-0.02472266,0.49642727,-0.57820522,9
TNG50-1,50,1.0,294316,-0.04522755,0.04071192,1.32193972,-0.20497107,0
TNG50-1,50,1.0,294316,0.02945383,0.05186528,0.70341902,-2.89488812,1
TNG50-1,50,1.0,294316,0.01196191,0.05422531,0.5209792,0.82307886,2
TNG50-1,50,1.0,294316,-0.0215619,0.07355084,1.30914288,-2.98249049,3
TNG50-1,50,1.0,294316,0.00185394,0.01462225,1.19189836,1.7647667,4
TNG50-1,50,1.0,294316,-0.01103626,0.06189734,1.06166169,1.46932877,5
TNG50-1,50,1.0,294316,0.05719476,0.081209,0.55892393,2.29612719,6
TNG50-1,50,1.0,294316,-0.02205062,-0.05610262,0.96466098,-2.15065428,7
TNG50-1,50,1.0,294316,0.03175225,-0.03016191,1.28604267,0.64456189,8
TNG50-1,50,1.0,294316,-0.03526036,-0.07478504,1.18353584,1.76574838,9
TNG50-1,50,1.0,303198,0.00971466,0.06184399,1.31782708,-2.56186263,0
TNG50-1,50,1.0,303198,-0.00266393,0.09566699,1.07097928,1.1645077,1
TNG50-1,50,1.0,303198,0.03053456,0.01665364,0.80431567,1.74068633,2
TNG50-1,50,1.0,303198,0.11059546,-0.08729149,0.41706211,-1.52059504,3
TNG50-1,50,1.0,303198,-0.08565604,-0.03502036,1.19867425,-1.5404569,4
TNG50-1,50,1.0,303198,-0.02535398,0.10930264,0.85488594,0.60410974,5
TNG50-1,50,1.0,303198,0.07705716,-0.07070989,1.2805043,0.81979599,6
TNG50-1,50,1.0,303198,-0.02610228,0.02484033,0.68354747,1.38560557,7
TNG50-1,50,1.0,303198,0.03947468,-0.12572546,1.29400072,0.504502,8
TNG50-1,50,1.0,303198,0.03154503,-0.06756136,0.20007139,-2.04538558,9
TNG50-1,50,1.0,347716,-0.0337549,0.00995593,0.4894776,2.42443889,0
TNG50-1,50,1.0,347716,0.03181063,-0.01203583,0.31999905,2.45982296,1
TNG50-1,50,1.0,347716,0.02327332,0.01952167,0.92878843,2.81638457,2
TNG50-1,50,1.0,347716,-0.03548544,-0.03202827,0.48853219,-0.26612854,3
TNG50-1,50,1.0,347716,-0.02321564,-0.00888475,1.17853778,3.06251452,4
TNG50-1,50,1.0,347716,0.03398466,-0.07375135,0.89778862,1.79015069,5
TNG50-1,50,1.0,347716,0.06884541,-0.08707615,0.91861364,0.96250471,6
TNG50-1,50,1.0,347716,-0.09058359,0.11661533,0.65559419,-0.42563573,7
TNG50-1,50,1.0,347716,0.08200306,0.00315376,0.64968643,2.15155882,8
TNG50-1,50,1.0,347716,0.05820798,0.01018445,1.15805352,1.6596252,9
TNG50-1,50,1.0,320215,-0.0631782,-0.0214857,0.92539759,0.74554686,0
TNG50-1,50,1.0,320215,0.09674731,-0.08022722,1.30636268,-1.77351067,1
TNG50-1,50,1.0,320215,-0.08053431,0.0118758,0.73990613,2.03059322,2
TNG50-1,50,1.0,320215,-0.00433392,-0.01262787,0.29967713,-2.48028209,3
TNG50-1,50,1.0,320215,-0.09446384,-0.09096299,1.29136153,-1.05196293,4
TNG50-1,50,1.0,320215,0.01353291,-0.05276901,1.2728178,1.50084967,5
TNG50-1,50,1.0,320215,-0.03205544,-0.03685662,0.8240602,0.71566241,6
TNG50-1,50,1.0,320215,0.04096374,0.07776917,1.27338571,0.62876434,7
TNG50-1,50,1.0,320215,-0.00086932,0.03537229,1.29523988,1.17039487,8
TNG50-1,50,1.0,320215,0.06753039,-0.01738676,0.77684948,0.92025244,9
TNG50-1,50,1.0,87130,0.07297071,-0.04079229,1.0390235,-0.85522508,0
TNG50-1,50,1.0,87130,-0.05650222,0.0767267,1.05672538,-0.64136343,1
TNG50-1,50,1.0,87130,-0.00394395,-0.05388167,1.37667965,2.29904246,2
TNG50-1,50,1.0,87130,0.02025897,0.08952894,0.93935597,-0.89162213,3
TNG50-1,50,1.0,87130,0.00500513,0.06720677,0.98215557,-0.38099414,4
TNG50-1,50,1.0,87130,-0.00857648,0.07446994,1.10384219,1.89005894,5
TNG50-1,50,1.0,87130,0.01792842,0.03426954,0.79039982,0.57721677,6
TNG50-1,50,1.0,87130,0.05395488,-0.1056245,1.04379461,2.72618519,7
TNG50-1,50,1.0,87130,0.07678727,-0.05195604,0.88517657,-0.18433018,8
TNG50-1,50,1.0,87130,0.00164036,0.01534441,0.48011998,-0.13178096,9
TNG50-1,50,1.0,202094,0.03577478,0.01194372,1.30463896,1.71348808,0
TNG50-1,50,1.0,202094,0.0297074,-0.01270227,1.29096236,-1.36264442,1
TNG50-1,50,1.0,202094,-0.03615358,-0.04674131,0.63938213,0.53824149,2
TNG50-1,50,1.0,202094,-0.0417652,-0.07947536,0.85321687,-0.3893134,3
TNG50-1,50,1.0,202094,-0.07952876,0.03124017,1.14526195,-2.59059379,4
TNG50-1,50,1.0,202094,-0.01687659,0.02231986,1.2647797,-0.0793769,5
TNG50-1,50,1.0,202094,-0.00887438,0.02783845,1.29741901,2.17892541,6
TNG50-1,50,1.0,202094,0.03984984,-0.03641222,0.69106958,-2.8162335,7
TNG50-1,50,1.0,202094,0.01346902,0.00855399,0.47867954,-0.14384739,8
TNG50-1,50,1.0,202094,-0.05299541,-0.06876821,0.92705339,2.34528108,9
TNG50-1,50,1.0,231715,-0.01555508,-0.03082489,1.21331565,-0.08682621,0
TNG50-1,50,1.0,231715,0.1207821,-0.09335566,1.28286778,2.21612809,1
TNG50-1,50,1.0,231715,-0.0156542,0.02189805,1.12674119,-2.46175943,2
TNG50-1,50,1.0,231715,0.03724521,0.02093947,0.5076773,2.95358138,3
TNG50-1,50,1.0,231715,0.0189186,0.03839462,0.60539025,1.67824723,4
TNG50-1,50,1.0,231715,0.01780617,0.05578579,1.31572224,1.45692341,5
TNG50-1,50,1.0,231715,-0.00117653,-0.04594932,1.32729641,2.76595972,6
TNG50-1,50,1.0,231715,-0.06000164,-0.04374909,0.96513408,-0.18659339,7
TNG50-1,50,1.0,231715,-0.1350582,-0.01593516,1.16508297,-2.20609602,8
TNG50-1,50,1.0,231715,0.06409212,0.04108201,0.57897504,-0.01947319,9
TNG50-1,50,1.0,344130,0.03533163,0.02255433,0.87468647,-1.35207351,0
TNG50-1,50,1.0,344130,0.0361278,-0.00432243,1.09843067,2.90501789,1
TNG50-1,50,1.0,344130,-0.09075174,0.03569754,0.65249603,-1.62138734,2
TNG50-1,50,1.0,344130,0.07093424,0.10926359,0.97789361,-3.07174694,3
TNG50-1,50,1.0,344130,-0.12435378,-0.06706195,1.21354641,2.19799028,4
TNG50-1,50,1.0,344130,0.05172078,-0.15940732,1.05187883,2.85536699,5
TNG50-1,50,1.0,344130,-0.0317055,-0.02078371,0.99945206,1.14436878,6
TNG50-1,50,1.0,344130,0.03527547,-0.02420129,0.95286905,-0.58025434,7
TNG50-1,50,1.0,344130,0.02550971,-0.01887841,0.45767356,0.2749188,8
TNG50-1,50,1.0,344130,-0.00185613,-0.04632195,1.04367017,2.08602739,9
TNG50-1,50,1.0,308254,-0.00666212,-0.00031849,0.46707214,-1.56649787,0
TNG50-1,50,1.0,308254,0.07132333,0.02315434,1.37026135,-2.67413732,1
TNG50-1,50,1.0,308254,0.08864765,-0.07075785,0.79183339,1.70854858,2
TNG50-1,50,1.0,308254,0.05003555,-0.0224463,0.4311071,-0.59863516,3
TNG50-1,50,1.0,308254,0.01163287,0.01064255,0.45452521,-0.90617752,4
TNG50-1,50,1.0,308254,0.09127874,0.03218131,0.97289537,-1.12525594,5
TNG50-1,50,1.0,308254,0.01203601,-0.00129614,0.98554033,3.01870759,6
TNG50-1,50,1.0,308254,-0.02395969,0.01222541,0.5978217,0.45035769,7
TNG50-1,50,1.0,308254,-0.03376702,-0.06192612,1.11367891,3.0907896,8
TNG50-1,50,1.0,308254,-0.03517508,-0.04558934,0.37865933,-0.98280964,9
TNG50-1,50,1.0,87129,-0.01765944,-0.00894786,0.66102245,1.76335449,0
TNG50-1,50,1.0,87129,0.04699919,0.01462327,0.23143543,-2.1631036,1
TNG50-1,50,1.0,87129,-0.02879738,0.0294243,1.02977167,-1.77970802,2
TNG50-1,50,1.0,87129,0.07387573,-0.07102528,1.26220763,1.533867,3
TNG50-1,50,1.0,87129,-0.00036408,-0.01704687,0.56266103,-2.4120371,4
TNG50-1,50,1.0,87129,0.0554779,-0.02593413,0.72953832,-0.01155956,5
TNG50-1,50,1.0,87129,-0.03788606,-0.02350611,1.27918808,0.28897723,6
TNG50-1,50,1.0,87129,-0.03711084,0.02034389,1.12404072,-1.00936515,7
TNG50-1,50,1.0,87129,0.00455229,-0.02523947,0.90443082,1.86193535,8
TNG50-1,50,1.0,87129,0.02412773,-0.10025388,0.7035862,-2.79340485,9
TNG50-1,50,1.0,377634,0.02390659,0.02095985,0.78246536,0.31886632,0
TNG50-1,50,1.0,377634,0.01513759,-0.01679335,1.17661258,1.12122932,1
TNG50-1,50,1.0,377634,0.00465017,-0.01137143,1.01766542,1.49476081,2
TNG50-1,50,1.0,377634,0.05142569,0.0405983,0.96876018,1.60062282,3
TNG50-1,50,1.0,377634,0.0532834,0.01986273,0.88709683,-2.98809677,4
TNG50-1,50,1.0,377634,-0.02613438,-0.0058345,0.5264682,-2.34064787,5
TNG50-1,50,1.0,377634,-0.04615562,0.08432128,0.8660442,-1.7107707,6
TNG50-1,50,1.0,377634,-0.12495579,0.03690745,0.27349553,-1.43574246,7
TNG50-1,50,1.0,377634,-0.01730807,-0.02079304,0.70939703,2.54700345,8
TNG50-1,50,1.0,377634,-0.05466626,-0.01856266,0.24240135,1.3986573,9
TNG50-1,50,1.0,318883,0.00828456,-0.11656484,1.09814092,1.50670941,0
TNG50-1,50,1.0,318883,0.02158135,0.02090105,0.62674811,2.05190018,1
TNG50-1,50,1.0,318883,0.05589838,0.02437055,1.23713479,-0.96051739,2
TNG50-1,50,1.0,318883,0.08563027,-0.01176146,0.44659138,-1.8349561,3
TNG50-1,50,1.0,318883,-0.0188913,-0.11320049,0.75845739,2.43712142,4
TNG50-1,50,1.0,318883,0.00918787,-0.00304981,1.27269984,0.75834318,5
TNG50-1,50,1.0,318883,0.01075346,-0.03552804,0.69304821,-0.24889476,6
TNG50-1,50,1.0,318883,0.03246874,0.08389777,0.71281211,2.38600133,7
TNG50-1,50,1.0,318883,0.02687015,0.01876457,0.68991221,-2.28704399,8
TNG50-1,50,1.0,318883,0.07125028,-0.03977424,1.10475631,1.95146063,9
TNG50-1,50,1.0,319307,0.09173781,0.0005416,1.00205818,1.95398552,0
TNG50-1,50,1.0,319307,-0.02394589,-0.00582275,0.46162026,2.65667951,1
TNG50-1,50,1.0,319307,-0.05653296,0.03040614,1.28785216,0.22707272,2
TNG50-1,50,1.0,319307,0.01944231,0.08890308,1.35765127,-3.02187292,3
TNG50-1,50,1.0,319307,0.08157401,-0.01944477,0.96229347,-0.90832942,4
TNG50-1,50,1.0,319307,-0.02016076,-0.09998646,0.92507073,-1.73453721,5
TNG50-1,50,1.0,319307,0.04251794,-0.01010519,1.17449184,0.06922843,6
TNG50-1,50,1.0,319307,-0.04185678,0.01496588,0.32080716,1.14713238,7
TNG50-1,50,1.0,319307,0.00106357,0.010095,1.18584779,-0.67584275,8
TNG50-1,50,1.0,319307,-0.05809711,-0.00787114,1.17144034,0.23473968,9
TNG50-1,50,1.0,41137,0.01542452,0.017334,0.37243271,-1.70929547,0
TNG50-1,50,1.0,41137,0.06821925,-0.01438565,1.24413369,-3.03282142,1
TNG50-1,50,1.0,41137,0.0245207,0.05179105,1.30695392,0.42628392,2
TNG50-1,50,1.0,41137,0.01301005,-0.03608017,0.91149094,-1.86706188,3
TNG50-1,50,1.0,41137,0.03192648,-0.08856922,0.86868171,0.80785317,4
TNG50-1,50,1.0,41137,-0.00790069,-0.03485579,0.85830892,-1.70140263,5
TNG50-1,50,1.0,41137,0.00920339,-0.07704697,1.26273598,-0.45185927,6
TNG50-1,50,1.0,41137,-0.02444777,0.01690182,0.71641303,-2.01367041,7
TNG50-1,50,1.0,41137,-0.07752767,-0.03760389,1.19583242,-0.44729144,8
TNG50-1,50,1.0,41137,0.01714179,0.04923446,0.35391093,-2.28381007,9
TNG50-1,50,1.0,330531,-0.04408014,-0.06915665,0.77808536,-1.11836036,0
TNG50-1,50,1.0,330531,-0.03350312,-0.01826895,1.38406387,-2.96996578,1
TNG50-1,50,1.0,330531,-0.02069293,-0.03960494,0.29957941,1.07945459,2
TNG50-1,50,1.0,330531,-0.04997132,0.03384529,1.07191686,0.73684158,3
TNG50-1,50,1.0,330531,-0.03535725,-0.01858261,1.1122597,1.06072971,4
TNG50-1,50,1.0,330531,0.0321818,-0.00363867,0.98289882,2.77123064,5
TNG50-1,50,1.0,330531,-0.01151605,-0.00945972,0.94037309,-0.16911357,6
TNG50-1,50,1.0,330531,-0.08767435,-0.07400673,1.03535604,2.39873438,7
TNG50-1,50,1.0,330531,0.05124743,0.07026981,0.97164786,-0.35221497,8
TNG50-1,50,1.0,330531,0.02083599,0.0331165,1.10941505,-0.14065521,9
TNG50-1,50,1.0,341847,-0.00707279,-0.01964983,0.50668527,-1.28776643,0
TNG50-1,50,1.0,341847,0.07539472,0.04514242,1.02671611,-3.00869069,1
TNG50-1,50,1.0,341847,0.0342719,-0.01241936,1.03784026,2.19373608,2
TNG50-1,50,1.0,341847,0.00908812,0.02306842,0.96892554,-2.6437524,3
TNG50-1,50,1.0,341847,0.07942605,0.1195068,0.86401609,-1.04092681,4
TNG50-1,50,1.0,341847,0.06978876,0.04759259,0.46396177,-1.56792625,5
TNG50-1,50,1.0,341847,0.01670611,0.02384206,0.99941479,1.5358413,6
TNG50-1,50,1.0,341847,0.13880598,-0.03873514,0.39376791,2.71802539,7
TNG50-1,50,1.0,341847,-0.01237116,0.00941144,1.05999363,1.98994626,8
TNG50-1,50,1.0,341847,0.05490142,-0.05040013,1.1230853,-1.13098385,9
TNG50-1,50,1.0,358121,0.07259682,0.00808487,0.75469993,2.08978767,0
TNG50-1,50,1.0,358121,-0.12172365,0.06320125,0.69587516,-1.2216258,1
TNG50-1,50,1.0,358121,-0.04081813,0.09526733,0.71615932,-0.50947651,2
TNG50-1,50,1.0,358121,0.04147848,-0.08417585,0.98737294,-0.23398403,3
TNG50-1,50,1.0,358121,-0.03509631,-0.00176587,0.54898209,-1.05990721,4
TNG50-1,50,1.0,358121,-0.03892151,-0.00215994,0.84896224,-2.46025158,5
TNG50-1,50,1.0,358121,0.10162031,-0.02146386,0.22456314,-1.88895265,6
TNG50-1,50,1.0,358121,0.01891937,0.04905303,0.59069612,1.90673597,7
TNG50-1,50,1.0,358121,0.04671512,0.01284438,0.71503758,0.95674146,8
TNG50-1,50,1.0,358121,0.02473349,0.09627364,1.29755422,2.78245515,9
TNG50-1,50,1.0,297780,0.07619991,-0.03573037,1.36689509,2.28116762,0
TNG50-1,50,1.0,297780,0.02516116,0.09790685,1.12888815,-2.58680791,1
TNG50-1,50,1.0,297780,-0.03448017,-0.02656064,0.77367975,-0.2162837,2
TNG50-1,50,1.0,297780,0.04988085,0.04779573,1.20597679,-1.94242378,3
TNG50-1,50,1.0,297780,-0.01966423,0.01396224,1.00647186,-2.6187075,4
TNG50-1,50,1.0,297780,-0.02952183,0.01914955,0.38992733,-1.30441749,5
TNG50-1,50,1.0,297780,0.04479078,-0.01252711,0.57403209,0.69519553,6
TNG50-1,50,1.0,297780,-0.12264123,-0.01513578,0.8995022,1.84958327,7
TNG50-1,50,1.0,297780,0.03674085,0.07639942,0.87998239,2.59166546,8
TNG50-1,50,1.0,297780,-0.03565474,0.046523,0.47666457,-0.48408088,9
TNG50-1,50,1.0,195637,-0.01250886,0.04459045,1.14606082,-2.34697228,0
TNG50-1,50,1.0,195637,-0.0255362,0.06735342,0.53336089,1.28439952,1
TNG50-1,50,1.0,195637,0.06735545,-0.03592339,1.123917,-1.34745735,2
TNG50-1,50,1.0,195637,0.06378191,0.00182539,1.20323367,-1.20199605,3
TNG50-1,50,1.0,195637,-0.07482837,-0.03828238,1.39878876,0.88206695,4
TNG50-1,50,1.0,195637,0.00191801,0.0119715,1.2015422,2.75797481,5
TNG50-1,50,1.0,195637,0.00312458,0.01647255,1.30164401,3.08882049,6
TNG50-1,50,1.0,195637,-0.03906476,0.0479919,0.77169039,-0.89683918,7
TNG50-1,50,1.0,195637,0.0219125,0.06567459,1.27943179,2.80435257,8
TNG50-1,50,1.0,195637,0.07304254,0.03444886,0.87083776,0.7057366,9
TNG50-1,50,1.0,332349,0.01389075,-0.07678181,1.39293309,-2.14084786,0
TNG50-1,50,1.0,332349,-0.02464087,0.01990857,1.33854241,0.13995645,1
TNG50-1,50,1.0,332349,-0.02091533,-0.01984335,1.39964824,-2.37833608,2
TNG50-1,50,1.0,332349,-0.05676071,0.06657375,0.44310193,1.85755817,3
TNG50-1,50,1.0,332349,-0.05057044,0.01409319,0.831757,-0.54987432,4
TNG50-1,50,1.0,332349,0.00813351,-0.09912602,1.28479997,1.23040826,5
TNG50-1,50,1.0,332349,-0.01334392,-0.05097121,1.3233676,-2.95112617,6
TNG50-1,50,1.0,332349,0.12482572,-0.0337641,0.58755178,1.74629196,7
TNG50-1,50,1.0,332349,0.02971267,0.02210185,0.59706397,-1.6996878,8
TNG50-1,50,1.0,332349,-0.05758476,-0.05263762,0.39954813,2.1539033,9
TNG50-1,50,1.0,312049,0.01765982,-0.02748797,0.52407053,-2.16453574,0
TNG50-1,50,1.0,312049,-0.00538486,-0.03921932,0.83559977,-1.74597397,1
TNG50-1,50,1.0,312049,-0.00644297,0.03089114,0.88678147,1.96825634,2
TNG50-1,50,1.0,312049,0.02605352,-0.01108262,1.13344373,-1.53490132,3
TNG50-1,50,1.0,312049,0.03303752,0.03763584,0.78534006,-2.54119623,4
TNG50-1,50,1.0,312049,-0.00805009,0.04396679,1.28373633,-1.06380534,5
TNG50-1,50,1.0,312049,-0.05613347,-0.01564199,0.93329704,2.73406488,6
TNG50-1,50,1.0,312049,-0.03192934,0.04748237,1.30360047,1.21757174,7
TNG50-1,50,1.0,312049,0.0292482,0.00692049,1.01151115,0.47396781,8
TNG50-1,50,1.0,312049,0.00682013,0.01338791,0.83765376,2.13891956,9
TNG50-1,50,1.0,338623,0.01131522,-0.00609602,1.2174828,-0.87449983,0
TNG50-1,50,1.0,338623,-0.04954528,-0.01412296,0.42184056,-0.42706043,1
TNG50-1,50,1.0,338623,-0.02190081,-0.02456158,1.1062413,1.57546357,2
TNG50-1,50,1.0,338623,-0.07456938,0.01718748,0.57288996,-2.82763043,3
TNG50-1,50,1.0,338623,-0.0764946,-0.06072363,1.34679844,-2.91193384,4
TNG50-1,50,1.0,338623,0.01276314,0.00653607,0.26409025,2.35569842,5
TNG50-1,50,1.0,338623,0.02695058,0.03257816,0.6607625,-2.45039427,6
TNG50-1,50,1.0,338623,0.09791868,0.07098689,0.44059676,1.38877213,7
TNG50-1,50,1.0,338623,-0.00415468,0.01551879,0.93227637,-1.88782828,8
TNG50-1,50,1.0,338623,-0.06789174,0.05215602,0.81755619,-0.84063436,9
TNG50-1,50,1.0,264434,0.01101065,-0.01461235,0.56535034,2.30200037,0
TNG50-1,50,1.0,264434,-0.13741547,-0.02576041,0.76065508,2.36032915,1
TNG50-1,50,1.0,264434,0.08297636,0.04264071,1.15431913,1.13321741,2
TNG50-1,50,1.0,264434,0.00025275,0.01355312,0.82999112,-0.24386847,3
TNG50-1,50,1.0,264434,-0.0197747,0.01965184,0.58917327,1.11347803,4
TNG50-1,50,1.0,264434,-0.03028415,0.03053011,1.17127907,-1.12348168,5
TNG50-1,50,1.0,264434,0.02197509,-0.00465471,0.65631413,0.3315545,6
TNG50-1,50,1.0,264434,-0.04441945,-0.05101547,1.34018523,0.24931623,7
TNG50-1,50,1.0,264434,-0.02884532,0.09025862,0.82815264,0.2747659,8
TNG50-1,50,1.0,264434,-0.02764391,0.04637673,0.20430263,-0.55299828,9
TNG50-1,50,1.0,270431,0.07336077,0.05254292,1.11072559,-2.70796383,0
TNG50-1,50,1.0,270431,-0.06393346,0.04376422,0.76790301,0.61309222,1
TNG50-1,50,1.0,270431,-0.07270278,-0.04590517,0.84026734,2.43719069,2
TNG50-1,50,1.0,270431,-0.0769643,0.01380455,0.9472894,-2.40131767,3
TNG50-1,50,1.0,270431,-0.08260919,0.02484358,0.49163256,-2.31222187,4
TNG50-1,50,1.0,270431,0.01682745,-0.02374416,1.19254893,-0.15980118,5
TNG50-1,50,1.0,270431,-0.04888947,0.00823761,0.61634891,-1.3745718,6
TNG50-1,50,1.0,270431,-0.07050962,-0.06258091,0.75461261,-1.40159699,7
TNG50-1,50,1.0,270431,0.01898983,-0.03138001,1.16165455,0.87129015,8
TNG50-1,50,1.0,270431,0.04119746,0.01858937,1.03378006,-0.56387581,9
TNG50-1,50,1.0,244163,-0.03705471,-0.00454011,1.17062192,-0.1922888,0
TNG50-1,50,1.0,244163,0.04819883,-0.03298746,1.01895723,-0.42250022,1
TNG50-1,50,1.0,244163,-0.06737982,0.04564052,0.9301469,1.99046432,2
TNG50-1,50,1.0,244163,0.01532755,0.01496081,0.7822689,1.93635193,3
TNG50-1,50,1.0,244163,-0.00454495,0.0120332,0.81823603,2.30015416,4
TNG50-1,50,1.0,244163,0.04136709,-0.05848102,1.05370865,-1.68907238,5
TNG50-1,50,1.0,244163,-0.0687187,0.02507528,0.66945935,1.56108608,6
TNG50-1,50,1.0,244163,-0.07653956,-0.04961065,0.65196824,2.32728687,7
TNG50-1,50,1.0,244163,0.03750222,-0.03292765,0.74650805,-2.09550048,8
TNG50-1,50,1.0,244163,-0.01954611,-0.06826738,1.16968737,-2.8906607,9
TNG50-1,50,1.0,264433,-0.01416927,-0.06429722,1.04061826,1.24574098,0
TNG50-1,50,1.0,264433,0.0446303,-0.03197037,1.36480971,-1.72353904,1
TNG50-1,50,1.0,264433,-0.03982771,0.06017456,0.48787487,-0.92256085,2
TNG50-1,50,1.0,264433,-0.0199846,0.01466444,0.80029115,-3.12244934,3
TNG50-1,50,1.0,264433,-0.0151039,0.02746898,0.5482815,-0.13138914,4
TNG50-1,50,1.0,264433,-0.02691979,0.02267168,1.01220894,-2.33512812,5
TNG50-1,50,1.0,264433,-0.09670893,0.02289358,1.21173957,2.25973131,6
TNG50-1,50,1.0,264433,-0.00123335,0.0910525,1.15368421,-2.52755003,7
TNG50-1,50,1.0,264433,-0.00575036,0.00457703,0.53083241,-1.56848074,8
TNG50-1,50,1.0,264433,0.05390914,-0.05056716,1.29873992,-3.04861153,9
TNG50-1,50,1.0,340625,-0.10596587,-0.00405937,0.4540832,1.21769512,0
TNG50-1,50,1.0,340625,-0.01595558,-0.01753272,1.05779094,-3.11988912,1
TNG50-1,50,1.0,340625,0.01161093,0.02221055,0.80894287,1.72058932,2
TNG50-1,50,1.0,340625,0.01158315,-0.00851604,0.56318366,0.65736375,3
TNG50-1,50,1.0,340625,0.12329294,0.03124682,0.83239038,3.06733409,4
TNG50-1,50,1.0,340625,0.0140479,-0.05045437,1.20991196,1.66245091,5
TNG50-1,50,1.0,340625,0.03150727,0.00734242,1.29868403,-0.43852134,6
TNG50-1,50,1.0,340625,0.05824816,0.07760337,0.86500492,1.10678284,7
TNG50-1,50,1.0,340625,0.02702507,-0.01123117,0.70866767,0.72844571,8
TNG50-1,50,1.0,340625,-0.00430245,0.09215008,0.65553704,-1.02168691,9
TNG50-1,50,1.0,197030,0.02920686,0.02632151,1.26659393,1.68857044,0
TNG50-1,50,1.0,197030,-0.03734042,0.05037275,0.24731963,1.59813027,1
TNG50-1,50,1.0,197030,0.04472963,-0.01792758,0.80791107,1.59514575,2
TNG50-1,50,1.0,197030,-0.08150841,0.03878408,1.25501872,-3.04599576,3
TNG50-1,50,1.0,197030,-0.0049205,0.02428869,0.66103095,1.91731897,4
TNG50-1,50,1.0,197030,-0.00171184,0.06612025,0.85323597,-0.38246883,5
TNG50-1,50,1.0,197030,0.02402335,-0.0027694,0.71467624,1.21681079,6
TNG50-1,50,1.0,197030,-0.051558,-0.08649497,0.87178757,-1.43206562,7
TNG50-1,50,1.0,197030,-0.0983382,-0.00338298,1.35005645,1.69349837,8
TNG50-1,50,1.0,197030,0.00856364,0.00442254,1.22960335,3.03026572,9
TNG50-1,50,1.0,251634,0.00488245,-0.00237486,0.67321596,-0.06752082,0
TNG50-1,50,1.0,251634,-0.02637339,0.08643459,0.97304942,-0.78229992,1
TNG50-1,50,1.0,251634,-0.09334055,0.01144881,1.02671987,-2.27947804,2
TNG50-1,50,1.0,251634,-0.01750255,0.01868749,1.29238504,-0.92625432,3
TNG50-1,50,1.0,251634,-0.01904787,-0.0203627,0.83882736,1.75300141,4
TNG50-1,50,1.0,251634,0.06376223,0.03435254,1.35678765,0.76149489,5
TNG50-1,50,1.0,251634,-0.0269615,-0.00198213,1.02679947,-0.39323313,6
TNG50-1,50,1.0,251634,0.03338951,-0.09160515,1.19980996,2.01420492,7
TNG50-1,50,1.0,251634,0.0691406,-0.01776163,0.33425808,-3.1155253,8
TNG50-1,50,1.0,251634,-0.03140344,-0.05915894,1.088012,2.05209335,9
TNG50-1,50,1.0,363059,-0.03416183,0.04500816,0.82634595,-2.57409785,0
TNG50-1,50,1.0,363059,-0.05589011,-0.01388675,1.04185169,-0.41457073,1
TNG50-1,50,1.0,363059,0.01088933,-0.01487271,0.82524635,2.29942352,2
TNG50-1,50,1.0,363059,0.06119444,-0.0084533,1.18690576,1.68300461,3
TNG50-1,50,1.0,363059,0.00805055,0.03629355,0.89602627,1.27824824,4
TNG50-1,50,1.0,363059,-0.01538909,0.00827513,1.22758453,-0.18470465,5
TNG50-1,50,1.0,363059,-0.03948199,-0.03715407,0.4197991,-0.33376835,6
TNG50-1,50,1.0,363059,0.01777229,-0.03535461,0.94866604,-3.07053217,7
TNG50-1,50,1.0,363059,-0.0619066,-0.00975554,1.20317038,0.62855696,8
TNG50-1,50,1.0,363059,-0.05670505,0.01511099,0.8118834,0.48385762,9
TNG50-1,50,1.0,151038,0.00206675,0.06348316,1.05142004,-1.21352158,0
TNG50-1,50,1.0,151038,0.01316448,-0.01667227,1.00898643,1.10453692,1
TNG50-1,50,1.0,151038,-0.00683662,0.02063768,0.33275341,0.25218287,2
TNG50-1,50,1.0,151038,0.00261196,-0.00794221,0.95511111,2.04830146,3
TNG50-1,50,1.0,151038,-0.00218004,-0.08652961,0.2266625,1.57593241,4
TNG50-1,50,1.0,151038,0.01907668,0.08694884,0.66338349,-2.74104635,5
TNG50-1,50,1.0,151038,0.08699869,-0.04713768,1.17664848,-1.01518927,6
TNG50-1,50,1.0,151038,-0.06026071,0.00419414,1.20728854,0.12628393,7
TNG50-1,50,1.0,151038,0.05711774,-0.05262109,1.26733497,1.90781955,8
TNG50-1,50,1.0,151038,-0.01841172,-0.06685008,0.60407942,1.34477468,9
TNG50-1,50,1.0,325334,0.02295791,0.03142324,1.03189794,1.14058005,0
TNG50-1,50,1.0,325334,-0.05395956,-0.01612034,0.97599224,1.02326196,1
TNG50-1,50,1.0,325334,-0.0080481,0.02726736,1.2832077,-3.00142564,2
TNG50-1,50,1.0,325334,0.02233634,0.01901116,0.93671344,1.52129898,3
TNG50-1,50,1.0,325334,-0.12022634,-0.02237091,0.49394309,-0.00198376,4
TNG50-1,50,1.0,325334,-0.02671615,0.05362809,0.99681776,0.15196631,5
TNG50-1,50,1.0,325334,0.0214666,-0.02971388,0.3767875,-2.82195043,6
TNG50-1,50,1.0,325334,0.01129221,0.0595227,1.27011891,-1.95795912,7
TNG50-1,50,1.0,325334,-0.02611892,0.06606463,0.69674185,2.58243256,8
TNG50-1,50,1.0,325334,-0.0552291,0.05250573,0.73249453,-1.15906964,9
TNG50-1,50,1.0,135875,-0.01488735,-0.02100638,0.73090786,2.21224426,0
TNG50-1,50,1.0,135875,0.0607683,0.07637896,1.2566546,-2.00700906,1
TNG50-1,50,1.0,135875,-0.00271828,0.00590017,0.96198068,-0.66489001,2
TNG50-1,50,1.0,135875,0.09289581,0.04183278,0.32733306,2.92557885,3
TNG50-1,50,1.0,135875,-0.02853668,-0.06098555,0.92632846,0.49885179,4
TNG50-1,50,1.0,135875,0.01086159,0.0174207,1.20024392,-1.48285727,5
TNG50-1,50,1.0,135875,-0.0216701,-0.05345602,0.38152222,-3.13765203,6
TNG50-1,50,1.0,135875,0.10372432,0.01285482,1.19419844,-3.09893471,7
TNG50-1,50,1.0,135875,0.00898527,-0.0759195,0.67852754,-1.41630738,8
TNG50-1,50,1.0,135875,0.10640381,-0.00470415,1.30912188,0.16873364,9
TNG50-1,50,1.0,313254,0.00873229,-0.03167562,0.78645689,-0.79698365,0
TNG50-1,50,1.0,313254,0.01512905,-0.0729132,0.58861312,1.12013367,1
TNG50-1,50,1.0,313254,0.01262864,-0.02847638,0.27375506,0.72453945,2
TNG50-1,50,1.0,313254,0.06029938,0.03246656,0.9999004,-2.08685674,3
TNG50-1,50,1.0,313254,-0.06006393,-0.00019657,0.7794388,1.09215329,4
TNG50-1,50,1.0,313254,-0.09058418,0.02522536,1.15118019,-1.96412232,5
TNG50-1,50,1.0,313254,0.05084825,-0.0248041,1.32758456,-3.10418795,6
TNG50-1,50,1.0,313254,-0.04717625,0.0451423,1.18643292,2.95430763,7
TNG50-1,50,1.0,313254,-0.01897379,-0.02541809,1.38807569,-2.9720406,8
TNG50-1,50,1.0,313254,-0.03060498,-0.10542787,0.94880568,-0.99431988,9
TNG50-1,50,1.0,350611,0.01198949,-0.01085665,1.10026365,0.10790642,0
TNG50-1,50,1.0,350611,0.09709091,0.05495605,0.39020913,-1.9994361,1
TNG50-1,50,1.0,350611,0.00274082,-0.04479616,0.48075393,-0.17138171,2
TNG50-1,50,1.0,350611,-0.09613295,0.04841472,1.15112085,1.43814761,3
TNG50-1,50,1.0,350611,-0.04569538,-0.01412095,0.9748396,-0.04942156,4
TNG50-1,50,1.0,350611,0.01311439,-0.07239967,0.48246046,-1.17330491,5
TNG50-1,50,1.0,350611,0.00464974,0.02966184,0.77667527,1.04508166,6
TNG50-1,50,1.0,350611,0.08122278,0.06987718,0.81450704,-0.31271569,7
TNG50-1,50,1.0,350611,0.04800386,-0.02033009,0.78825294,2.90798547,8
TNG50-1,50,1.0,350611,0.04650577,0.07813809,0.41266957,-0.92902832,9
TNG50-1,50,1.0,209967,-0.11407434,0.03348943,0.68375763,-2.44327767,0
TNG50-1,50,1.0,209967,-0.01816301,0.01994695,0.77753815,2.07692136,1
TNG50-1,50,1.0,209967,0.0367058,0.00362962,0.5627089,1.61142171,2
TNG50-1,50,1.0,209967,-0.05691402,0.01444356,0.89937226,-1.02077425,3
TNG50-1,50,1.0,209967,0.02116941,-0.05880325,1.09948001,2.79684709,4
TNG50-1,50,1.0,209967,0.01884946,-0.00153759,0.99063392,2.82342811,5
TNG50-1,50,1.0,209967,-0.07271662,-0.03982416,1.01619868,2.24133613,6
TNG50-1,50,1.0,209967,0.00434891,0.05157694,1.11594327,-2.95703766,7
TNG50-1,50,1.0,209967,-0.03087226,0.03416191,1.03963195,-0.80916121,8
TNG50-1,50,1.0,209967,0.02080493,0.03402007,1.06803763,-0.26806226,9
TNG50-1,50,1.0,302905,0.09347573,-0.08025899,1.23265398,-1.18780455,0
TNG50-1,50,1.0,302905,0.00621357,-0.01228834,1.34645271,-2.45431426,1
TNG50-1,50,1.0,302905,-0.01087692,-0.07994164,0.59413281,-2.41468334,2
TNG50-1,50,1.0,302905,0.00424756,-0.05281258,1.11946569,-0.02704181,3
TNG50-1,50,1.0,302905,0.04371201,0.06488334,0.87716867,-2.26930273,4
TNG50-1,50,1.0,302905,-0.03508022,0.05222289,1.31321697,-1.73760961,5
TNG50-1,50,1.0,302905,-0.0265425,0.05756611,0.95263301,-2.10601268,6
TNG50-1,50,1.0,302905,0.03283357,-0.07244941,0.82054797,1.90056529,7
TNG50-1,50,1.0,302905,-0.07581946,-0.05255281,1.00699695,-0.31593698,8
TNG50-1,50,1.0,302905,0.04953859,0.01699363,1.11145147,0.33042977,9
TNG50-1,50,1.0,348111,0.06721979,0.02200132,1.32301566,-0.99020553,0
TNG50-1,50,1.0,348111,0.02361697,-0.0303131,0.72925926,-2.7114086,1
TNG50-1,50,1.0,348111,0.04451246,0.05896264,1.05895963,1.17315611,2
TNG50-1,50,1.0,348111,0.00368969,0.01219062,0.92308968,-2.85901929,3
TNG50-1,50,1.0,348111,-0.01408657,0.01316994,1.35727828,-3.1326782,4
TNG50-1,50,1.0,348111,0.03833308,0.04419478,0.64590735,-2.94693212,5
TNG50-1,50,1.0,348111,0.01296765,0.03343533,0.75133841,-1.86329449,6
TNG50-1,50,1.0,348111,-0.008498,0.01468372,0.92885297,0.44105268,7
TNG50-1,50,1.0,348111,-0.07070035,-0.00942925,0.96182317,1.13825683,8
TNG50-1,50,1.0,348111,0.04769541,0.09918321,1.11185908,-0.49801543,9
TNG50-1,50,1.0,316213,-0.01876246,-0.08170443,0.95307651,-1.7743801,0
TNG50-1,50,1.0,316213,0.09148588,0.01914415,0.9675779,-0.66546681,1
TNG50-1,50,1.0,316213,-0.03726173,-0.06634571,1.38490405,-2.53270636,2
TNG50-1,50,1.0,316213,-0.0704507,0.02510445,1.01155135,-3.00296493,3
TNG50-1,50,1.0,316213,0.04280496,-0.01524121,1.37613866,2.61293474,4
TNG50-1,50,1.0,316213,-0.1074704,-0.02376821,1.04956927,1.10071385,5
TNG50-1,50,1.0,316213,0.07459084,0.0254673,0.80362544,1.75706828,6
TNG50-1,50,1.0,316213,0.00508769,0.03117557,1.29536475,0.76763464,7
TNG50-1,50,1.0,316213,-0.07134925,0.05729014,0.42108931,2.55578319,8
TNG50-1,50,1.0,316213,-0.04742323,-0.03168892,0.8220183,2.48763132,9
TNG50-1,50,1.0,366965,-0.03461854,0.06173209,1.08667506,0.64474191,0
TNG50-1,50,1.0,366965,0.04011926,-0.06557789,0.75722809,0.92720931,1
TNG50-1,50,1.0,366965,-0.01351028,0.10169012,0.41576097,-1.40314393,2
TNG50-1,50,1.0,366965,-0.07627401,-0.00164177,1.21445469,1.76455171,3
TNG50-1,50,1.0,366965,-0.00975441,0.02901056,1.38835528,-0.16589903,4
TNG50-1,50,1.0,366965,0.00957449,0.00639181,0.57796372,1.296585,5
TNG50-1,50,1.0,366965,-0.04092528,-0.08630118,0.71449436,0.87845956,6
TNG50-1,50,1.0,366965,-0.00590902,-0.05282888,1.26632226,-0.30939075,7
TNG50-1,50,1.0,366965,-0.00357414,-0.02621379,0.96838745,-1.30239585,8
TNG50-1,50,1.0,366965,-0.00279539,0.04968599,1.26617229,-1.85791023,9
TNG50-1,50,1.0,344567,-0.0373308,-0.00708968,1.06766272,-0.31231465,0
TNG50-1,50,1.0,344567,0.00954106,0.07562736,0.6050474,-2.33923532,1
TNG50-1,50,1.0,344567,0.0105721,-0.04469662,1.07830788,2.14968411,2
TNG50-1,50,1.0,344567,-0.08370374,0.07191233,1.07348255,-0.68774217,3
TNG50-1,50,1.0,344567,0.0402299,-0.0451992,0.25063015,0.51411783,4
TNG50-1,50,1.0,344567,0.00080619,0.12743906,0.65270646,2.24354858,5
TNG50-1,50,1.0,344567,0.01788207,-0.04759169,0.52101395,1.71830826,6
TNG50-1,50,1.0,344567,0.03724132,0.05282934,1.04759518,-1.89602671,7
TNG50-1,50,1.0,344567,-0.03834849,-0.01811971,0.87027098,0.74462887,8
TNG50-1,50,1.0,344567,0.06294528,0.03575112,1.00633553,-0.02682236,9
TNG50-1,50,1.0,311742,-0.01133354,0.02436437,0.71409198,-1.33537211,0
TNG50-1,50,1.0,311742,0.02632412,0.09160016,0.66633029,0.70322857,1
TNG50-1,50,1.0,311742,0.00299467,-0.0587295,1.20277936,-0.85602294,2
TNG50-1,50,1.0,311742,0.03172124,0.050055,0.69974076,-2.17256102,3
TNG50-1,50,1.0,311742,0.043171,0.05673586,1.04820642,0.93875382,4
TNG50-1,50,1.0,311742,0.02654293,-0.07384231,1.35095021,1.63429824,5
TNG50-1,50,1.0,311742,-0.01376643,0.03561809,1.05892981,1.72613389,6
TNG50-1,50,1.0,311742,0.02599417,-0.0135658,1.29085864,-2.20401206,7
TNG50-1,50,1.0,311742,0.11177421,-0.00302229,0.53248414,0.07903316,8
TNG50-1,50,1.0,311742,-0.07449398,-0.01624774,0.55350192,-2.99142856,9
TNG50-1,50,1.0,267989,-0.04006909,-0.12390689,1.17360401,-2.25522053,0
TNG50-1,50,1.0,267989,-0.03063924,0.0195244,1.15491651,-2.34824495,1
TNG50-1,50,1.0,267989,0.04241299,0.06632316,0.61054608,1.46221064,2
TNG50-1,50,1.0,267989,-0.02117931,0.03932661,0.67766171,0.57516834,3
TNG50-1,50,1.0,267989,-0.06730214,-0.1061997,0.75091381,-0.31315157,4
TNG50-1,50,1.0,267989,0.05797873,0.10636222,0.75784055,-0.14934289,5
TNG50-1,50,1.0,267989,-0.04711892,-0.06629258,0.93633544,2.05811595,6
TNG50-1,50,1.0,267989,0.00176236,-0.05392097,1.0992681,-2.37705605,7
TNG50-1,50,1.0,267989,0.02455815,0.03909388,0.71715262,-0.73359782,8
TNG50-1,50,1.0,267989,0.00016092,0.02264207,1.30338404,1.63467248,9
TNG50-1,50,1.0,210927,-0.00696076,0.00724351,1.39985928,2.68200378,0
TNG50-1,50,1.0,210927,-0.04384635,-0.02530041,0.68399727,2.12013415,1
TNG50-1,50,1.0,210927,0.04530614,-0.00707788,1.11010715,0.73405186,2
TNG50-1,50,1.0,210927,-0.02522224,-0.01417712,0.88048319,-1.70083972,3
TNG50-1,50,1.0,210927,0.01001372,0.02840811,0.66506622,-1.06479233,4
TNG50-1,50,1.0,210927,-0.00185818,0.0053326,0.94740194,2.24910624,5
TNG50-1,50,1.0,210927,0.02501821,-0.03971323,0.80345512,1.24577631,6
TNG50-1,50,1.0,210927,0.07154804,-0.01109811,0.41476608,-1.34679933,7
TNG50-1,50,1.0,210927,0.00975519,-0.07629583,1.37539342,-2.31066966,8
TNG50-1,50,1.0,210927,0.04206985,-0.00923016,1.10053388,1.76413204,9
TNG50-1,50,1.0,380541,-0.01436205,-0.07023002,1.04625112,-2.37040671,0
TNG50-1,50,1.0,380541,0.09316327,0.0178814,0.84263367,2.87251115,1
TNG50-1,50,1.0,380541,-0.03348701,-0.00666499,0.93153937,-2.06675856,2
TNG50-1,50,1.0,380541,0.13457874,-0.02582391,1.14210898,1.70565742,3
TNG50-1,50,1.0,380541,0.0620962,0.05394746,1.0208755,-2.89583542,4
TNG50-1,50,1.0,380541,0.04160576,-0.04418896,0.57026917,-1.66149349,5
TNG50-1,50,1.0,380541,-0.05202388,-0.02276205,1.14462712,-1.50698863,6
TNG50-1,50,1.0,380541,0.04548412,-0.03235149,0.47214057,-1.27400987,7
TNG50-1,50,1.0,380541,0.03019692,0.02550846,0.23236948,2.63456323,8
TNG50-1,50,1.0,380541,-0.10598052,-0.08597291,1.13902617,-2.04008926,9
TNG50-1,50,1.0,323149,0.0495966,0.0366453,1.13169149,1.94767295,0
TNG50-1,50,1.0,323149,-0.0498748,0.01203874,0.31360422,1.13811657,1
TNG50-1,50,1.0,323149,-0.03127608,-0.09047584,1.38027919,-0.46139359,2
TNG50-1,50,1.0,323149,-0.00680007,0.05447544,0.8344698,-0.98497447,3
TNG50-1,50,1.0,323149,0.01477342,0.00598376,1.30684992,-1.8202078,4
TNG50-1,50,1.0,323149,-0.01622717,0.03424264,0.71938292,-2.74444223,5
TNG50-1,50,1.0,323149,0.06142934,-0.02029718,1.08762383,0.10907213,6
TNG50-1,50,1.0,323149,0.01476431,-0.09133583,0.50479715,0.25158211,7
TNG50-1,50,1.0,323149,0.0037829,-0.11394548,0.50133249,-0.35174114,8
TNG50-1,50,1.0,323149,0.01300681,-0.04721839,1.0835929,2.83118558,9
TNG50-1,50,1.0,319559,0.00478207,-0.03503297,1.09492607,-0.80022751,0
TNG50-1,50,1.0,319559,0.04915203,0.02973154,0.77142352,2.88682881,1
TNG50-1,50,1.0,319559,0.06399212,0.00387809,0.62247958,-1.55088391,2
TNG50-1,50,1.0,319559,0.01042796,-0.00301879,1.10390478,-2.47843537,3
TNG50-1,50,1.0,319559,0.01921481,-0.0103259,1.33062026,-2.15400911,4
TNG50-1,50,1.0,319559,-0.05084953,-0.04962817,0.66788349,1.72022141,5
TNG50-1,50,1.0,319559,0.05115283,0.0261914,1.06229948,0.23633018,6
TNG50-1,50,1.0,319559,0.06317616,-0.01430223,1.18785702,0.51473268,7
TNG50-1,50,1.0,319559,-0.09351765,-0.06547112,0.98690631,2.93869853,8
TNG50-1,50,1.0,319559,0.08814729,-0.05175023,0.29892492,0.0303941,9
TNG50-1,50,1.0,292471,0.03395694,0.00277392,1.29169482,1.29412826,0
TNG50-1,50,1.0,292471,0.05240948,0.00111998,0.41940135,-2.79912974,1
TNG50-1,50,1.0,292471,-0.04105775,0.03109493,0.77514116,1.52464583,2
TNG50-1,50,1.0,292471,0.03765691,-0.0805855,0.93000295,1.40218013,3
TNG50-1,50,1.0,292471,-0.04909925,-0.00511765,1.16418483,-3.0593214,4
TNG50-1,50,1.0,292471,-0.10751654,0.00621386,1.09147577,2.46478908,5
TNG50-1,50,1.0,292471,-0.03740318,-0.06826851,0.5752203,-2.31098179,6
TNG50-1,50,1.0,292471,0.041733,-0.06895412,1.35251552,2.89517977,7
TNG50-1,50,1.0,292471,-0.00061084,-0.01823542,0.65578756,-2.69692798,8
TNG50-1,50,1.0,292471,-0.0267499,0.00042621,0.57243549,-1.64588398,9
TNG50-1,50,1.0,359007,-0.04859284,0.03179506,1.31051305,0.93290811,0
TNG50-1,50,1.0,359007,0.00948228,-0.0318103,0.96767105,2.07248972,1
TNG50-1,50,1.0,359007,0.04279366,-0.03409978,1.00305319,-1.19834087,2
TNG50-1,50,1.0,359007,-0.01483704,0.02312461,1.01812432,-3.10141661,3
TNG50-1,50,1.0,359007,0.06801965,0.06985952,0.92084734,2.79013442,4
TNG50-1,50,1.0,359007,-0.02148442,0.03145051,0.9196449,-2.86371631,5
TNG50-1,50,1.0,359007,-0.00581474,0.09237061,0.5049242,1.13105468,6
TNG50-1,50,1.0,359007,-0.04965771,0.02776537,1.10381719,-1.11946261,7
TNG50-1,50,1.0,359007,0.00632952,0.02596464,1.13055946,-0.48045598,8
TNG50-1,50,1.0,359007,0.00015115,0.03396464,0.73984646,2.12392258,9
TNG50-1,50,1.0,314866,0.02546074,0.10303411,0.54433528,-2.50495827,0
TNG50-1,50,1.0,314866,0.00820033,-0.01919473,0.9428731,-3.08821613,1
TNG50-1,50,1.0,314866,-0.00248559,0.01448327,0.7219377,1.10397671,2
TNG50-1,50,1.0,314866,-0.00641408,0.02329632,1.06113882,0.00502302,3
TNG50-1,50,1.0,314866,0.01614177,0.07002621,0.64576424,2.84009656,4
TNG50-1,50,1.0,314866,0.01714257,-0.04055923,1.2578821,-1.58659472,5
TNG50-1,50,1.0,314866,-0.02477887,0.06698239,1.36235683,-2.36715163,6
TNG50-1,50,1.0,314866,-0.03177984,-0.00736978,0.91723915,-2.99641223,7
TNG50-1,50,1.0,314866,-0.00294976,0.12506726,1.21918299,-0.35030424,8
TNG50-1,50,1.0,314866,-0.00948674,0.01813011,0.70700977,-2.50814148,9
TNG50-1,50,1.0,160371,0.01934892,0.03569088,0.7441685,-1.12137683,0
TNG50-1,50,1.0,160371,-0.04362477,-0.01536895,1.26935418,3.03265914,1
TNG50-1,50,1.0,160371,0.03156096,-0.07247183,1.362098,-1.34829263,2
TNG50-1,50,1.0,160371,-0.01008106,-0.02795145,0.62561742,1.41781971,3
TNG50-1,50,1.0,160371,-0.01249062,0.00506013,1.21761729,-0.77491082,4
TNG50-1,50,1.0,160371,0.00261191,-0.02230452,1.13107515,2.11484312,5
TNG50-1,50,1.0,160371,-0.05692467,0.01999079,1.0014127,-0.23620635,6
TNG50-1,50,1.0,160371,-0.04127265,0.02870182,0.72236146,2.3281205,7
TNG50-1,50,1.0,160371,-0.0129962,0.12008501,1.26349573,1.59554344,8
TNG50-1,50,1.0,160371,-0.05721715,0.05753221,0.44872095,0.54053361,9
TNG50-1,50,1.0,334206,-0.03321347,-0.060055,1.26972553,-3.10507839,0
TNG50-1,50,1.0,334206,-0.0226871,0.01519915,0.26395052,-0.72319663,1
TNG50-1,50,1.0,334206,-0.00534136,0.04025618,1.31467154,2.79582064,2
TNG50-1,50,1.0,334206,0.06852348,0.02726727,1.35069614,1.72691278,3
TNG50-1,50,1.0,334206,0.04778009,0.02525947,1.19994534,1.5129946,4
TNG50-1,50,1.0,334206,0.04855023,-0.09331413,1.12784982,-1.22826234,5
TNG50-1,50,1.0,334206,0.00852891,0.06666779,1.02231674,-0.07429129,6
TNG50-1,50,1.0,334206,-0.05768059,-0.07836927,0.75972832,2.16470501,7
TNG50-1,50,1.0,334206,-0.03850284,-0.00763746,1.08577034,2.38858852,8
TNG50-1,50,1.0,334206,0.00303606,0.03092718,0.89811813,1.32288087,9
TNG50-1,50,1.0,349980,-0.03082458,0.06378777,0.67045986,1.89451908,0
TNG50-1,50,1.0,349980,0.03399965,-0.01334898,0.48449126,2.24514855,1
TNG50-1,50,1.0,349980,-0.04429013,0.03622272,0.62736562,1.20654697,2
TNG50-1,50,1.0,349980,0.00013444,-0.02117699,1.37977683,-2.27257791,3
TNG50-1,50,1.0,349980,0.07188095,-0.06777075,1.39984409,1.13689676,4
TNG50-1,50,1.0,349980,0.00751962,0.12959613,0.48376019,0.65649042,5
TNG50-1,50,1.0,349980,-0.05395659,-0.0703269,0.70627679,-1.04506906,6
TNG50-1,50,1.0,349980,0.10889239,0.01487791,0.32966958,-1.83083543,7
TNG50-1,50,1.0,349980,0.08812241,0.01429383,1.15173086,2.41965431,8
TNG50-1,50,1.0,349980,0.02505883,0.02580028,0.62953771,-2.24971652,9
TNG50-1,50,1.0,300680,0.03705022,-0.05013718,0.77649207,-0.22750572,0
TNG50-1,50,1.0,300680,-0.06684903,0.02543089,1.36054836,-3.12914186,1
TNG50-1,50,1.0,300680,0.08389134,-0.00987676,0.5602236,0.41118811,2
TNG50-1,50,1.0,300680,0.02416305,-0.00108456,0.98642332,-1.89982343,3
TNG50-1,50,1.0,300680,-0.03520511,0.11885014,1.31851254,0.61104311,4
TNG50-1,50,1.0,300680,-0.05482958,0.04345346,1.14438585,-1.63896696,5
TNG50-1,50,1.0,300680,0.04935489,0.04633825,0.95622146,-0.61123806,6
TNG50-1,50,1.0,300680,0.01055796,0.13602616,1.38873102,0.77679145,7
TNG50-1,50,1.0,300680,0.02413005,0.01922869,1.1869906,0.9837747,8
TNG50-1,50,1.0,300680,0.00133323,0.00598538,1.11285924,-2.94935424,9
TNG50-1,50,1.0,353291,-0.02078369,-0.02506509,0.51838103,-0.52385997,0
TNG50-1,50,1.0,353291,0.03609967,-0.00831054,0.69222749,2.43541312,1
TNG50-1,50,1.0,353291,0.05475148,0.04995217,1.17358517,-3.05979499,2
TNG50-1,50,1.0,353291,-0.01314326,-0.04040969,0.49254788,-2.63863377,3
TNG50-1,50,1.0,353291,-0.05138016,-0.04548558,0.85573859,-1.0969822,4
TNG50-1,50,1.0,353291,-0.07285153,-0.01171956,0.69205506,-2.08769996,5
TNG50-1,50,1.0,353291,0.04628442,0.06389563,1.22786836,-0.58590316,6
TNG50-1,50,1.0,353291,-0.05682832,0.08053655,1.26873868,1.36717777,7
TNG50-1,50,1.0,353291,0.01860121,-0.00493915,1.16555071,3.10023592,8
TNG50-1,50,1.0,353291,0.03887035,-0.03560608,0.94686742,-1.87191957,9
TNG50-1,50,1.0,277540,0.00681126,-0.08336869,1.04569418,1.28296163,0
TNG50-1,50,1.0,277540,0.00425246,0.00427811,0.9839697,0.67783684,1
TNG50-1,50,1.0,277540,0.01803267,0.07792389,0.8712274,-1.25433097,2
TNG50-1,50,1.0,277540,0.03858952,-0.03876316,0.28340362,-1.7528114,3
TNG50-1,50,1.0,277540,0.04477753,0.00412313,0.68238637,-2.57551522,4
TNG50-1,50,1.0,277540,0.08054009,0.00826095,0.7611894,1.2744271,5
TNG50-1,50,1.0,277540,0.01213443,0.04710633,1.02412865,2.95803531,6
TNG50-1,50,1.0,277540,0.08771006,-0.01939058,1.37160625,0.15722078,7
TNG50-1,50,1.0,277540,0.05288616,-0.04346919,0.91932721,1.08813878,8
TNG50-1,50,1.0,277540,-0.00300657,0.02850011,0.78788427,1.21015721,9
TNG50-1,50,1.0,355376,0.02307662,0.03453715,0.7963071,2.19283778,0
TNG50-1,50,1.0,355376,-0.03161228,-0.1150533,1.0852857,1.27000773,1
TNG50-1,50,1.0,355376,0.06414669,0.02553381,1.12854562,1.67231354,2
TNG50-1,50,1.0,355376,0.03710613,0.08782418,1.18838861,-0.94021242,3
TNG50-1,50,1.0,355376,0.00134139,-0.05638192,0.88163241,0.73787345,4
TNG50-1,50,1.0,355376,-0.00107914,-0.00366456,1.14515382,2.71555656,5
TNG50-1,50,1.0,355376,0.01869963,-0.00909912,1.29998017,-1.36535337,6
TNG50-1,50,1.0,355376,-0.01559919,0.0830206,0.63675414,-2.70829103,7
TNG50-1,50,1.0,355376,-0.08156023,0.05604735,1.22453325,-2.06793414,8
TNG50-1,50,1.0,355376,0.03750789,-0.04392081,1.26239697,2.49735431,9
TNG50-1,50,1.0,321473,-0.01419681,-0.00706342,1.34483626,-1.11877366,0
TNG50-1,50,1.0,321473,0.03639251,-0.03236158,1.30891313,1.19741155,1
TNG50-1,50,1.0,321473,0.02597068,-0.05164118,0.52684735,3.00567283,2
TNG50-1,50,1.0,321473,-0.01867415,-0.02282302,0.54487171,-1.94722104,3
TNG50-1,50,1.0,321473,0.02392219,0.03325503,0.98236076,2.60473058,4
TNG50-1,50,1.0,321473,-0.02062992,0.03687308,1.27701603,-0.27254628,5
TNG50-1,50,1.0,321473,0.0228681,0.01478399,0.93169312,1.02552973,6
TNG50-1,50,1.0,321473,0.02356473,-0.01478824,0.77922931,2.28518778,7
TNG50-1,50,1.0,321473,0.11855233,-0.02466875,1.11618657,0.36103442,8
TNG50-1,50,1.0,321473,-0.01681311,-0.04584153,1.33171009,-2.75541939,9
TNG50-1,50,1.0,343484,-0.01661883,-0.01665239,1.23545464,-2.23494774,0
TNG50-1,50,1.0,343484,0.01305495,0.01816493,1.07467899,-2.71827692,1
TNG50-1,50,1.0,343484,0.01981179,-0.04859689,0.73540154,1.98653062,2
TNG50-1,50,1.0,343484,0.03198688,-0.03947687,1.37377713,-3.1158544,3
TNG50-1,50,1.0,343484,0.03774932,-0.10836831,1.2245964,0.38680423,4
TNG50-1,50,1.0,343484,-0.00857628,-0.01993301,0.21612564,-3.13271836,5
TNG50-1,50,1.0,343484,0.10543522,0.05323796,0.85851049,-0.95350702,6
TNG50-1,50,1.0,343484,0.06935452,-0.00760505,0.78891408,0.94804765,7
TNG50-1,50,1.0,343484,-0.01559941,-0.0048081,0.94219089,0.29736034,8
TNG50-1,50,1.0,343484,-0.00684368,0.01390796,0.30966379,0.37612594,9
TNG50-1,50,1.0,214139,0.02670201,0.04432928,0.91679442,-0.79977311,0
TNG50-1,50,1.0,214139,0.02204411,-0.07323408,0.62351463,-2.84845227,1
TNG50-1,50,1.0,214139,-0.0591515,0.00165729,0.86475297,-2.07978694,2
TNG50-1,50,1.0,214139,0.01361745,0.03565074,1.0014766,-0.46779254,3
TNG50-1,50,1.0,214139,0.05340037,0.01481498,1.11268878,-1.62291763,4
TNG50-1,50,1.0,214139,-0.01304608,0.05478118,1.36279281,-2.86235523,5
TNG50-1,50,1.0,214139,0.0488714,-0.00785494,0.42846412,0.28911474,6
TNG50-1,50,1.0,214139,0.02726134,-0.02737276,0.86388217,-0.22548025,7
TNG50-1,50,1.0,214139,0.04138364,-0.08195375,0.82088519,-0.49402798,8
TNG50-1,50,1.0,214139,0.00254682,-0.01364833,1.01593428,1.7858661,9
TNG50-1,50,1.0,274509,-0.03400624,0.02774779,0.2328711,0.52659193,0
TNG50-1,50,1.0,274509,-0.00111587,-0.00030422,1.37704801,0.14069734,1
TNG50-1,50,1.0,274509,0.0054317,-0.10434625,1.05780235,1.64991059,2
TNG50-1,50,1.0,274509,-0.0312196,0.0256864,0.52764849,3.10174276,3
TNG50-1,50,1.0,274509,0.00942319,-0.04559617,0.82732986,-1.84220314,4
TNG50-1,50,1.0,274509,-0.00867435,-0.00431189,0.2584701,-0.44988158,5
TNG50-1,50,1.0,274509,0.03512194,0.01855235,0.72589593,2.30492354,6
TNG50-1,50,1.0,274509,0.01137874,0.06665145,0.71257714,2.12465416,7
TNG50-1,50,1.0,274509,0.01879617,0.09211614,1.33707098,1.99298511,8
TNG50-1,50,1.0,274509,0.0489694,-0.04606091,1.16695793,0.75645542,9
TNG50-1,50,1.0,106003,0.0158728,-0.00392209,1.34649782,3.07029279,0
TNG50-1,50,1.0,106003,-0.09880518,0.06960885,1.23410945,2.93924383,1
TNG50-1,50,1.0,106003,0.00484978,-0.0985756,1.213336,1.51994543,2
TNG50-1,50,1.0,106003,-0.02854918,0.0222699,0.47369801,-0.80636659,3
TNG50-1,50,1.0,106003,0.06919059,0.05467048,0.40480245,-1.71527511,4
TNG50-1,50,1.0,106003,0.0482312,-0.00443565,1.20609423,3.09679397,5
TNG50-1,50,1.0,106003,-0.07948454,0.03239549,0.66872179,-1.40633692,6
TNG50-1,50,1.0,106003,0.0675159,0.00515773,0.56044424,-0.38715293,7
TNG50-1,50,1.0,106003,0.04696839,-0.03920196,1.07493632,-1.48204925,8
TNG50-1,50,1.0,106003,-0.01622311,-0.0404515,0.50319766,-0.02438592,9
TNG50-1,50,1.0,70420,0.05979321,0.05434814,0.87072552,-2.92697755,0
TNG50-1,50,1.0,70420,-0.05067249,-0.01091508,0.55760507,-2.41322258,1
TNG50-1,50,1.0,70420,0.00068586,0.00299059,1.3808915,-0.68900914,2
TNG50-1,50,1.0,70420,0.02458372,0.02857059,1.19752174,2.92022781,3
TNG50-1,50,1.0,70420,-0.08649518,0.02195146,0.8962171,0.28806865,4
TNG50-1,50,1.0,70420,-0.08477189,-0.08343113,1.31199636,-1.17983032,5
TNG50-1,50,1.0,70420,0.00773139,-0.04525606,1.22757212,-0.55715294,6
TNG50-1,50,1.0,70420,0.00838375,-0.01979267,0.68122146,0.43210851,7
TNG50-1,50,1.0,70420,-0.09194095,-0.04304135,1.37873128,0.75031612,8
TNG50-1,50,1.0,70420,0.01939868,0.07334842,0.84442992,-1.45830665,9
TNG50-1,50,1.0,355971,0.05526663,-0.03200036,1.18289635,1.27648236,0
TNG50-1,50,1.0,355971,-0.09157138,-0.08664814,0.84253231,0.98446206,1
TNG50-1,50,1.0,355971,-0.01814246,-0.0700968,0.99376548,2.07325531,2
TNG50-1,50,1.0,355971,0.06549363,0.04659741,0.384954,0.35316806,3
TNG50-1,50,1.0,355971,-0.06160647,-0.06773701,0.63758954,2.69138927,4
TNG50-1,50,1.0,355971,0.06269503,0.05939823,1.11369887,-2.23172602,5
TNG50-1,50,1.0,355971,-0.05638965,0.00348954,0.59359529,-0.90660965,6
TNG50-1,50,1.0,355971,-0.04582708,-0.00161356,1.21015084,1.77809125,7
TNG50-1,50,1.0,355971,-0.00736109,0.01486521,0.83841648,-1.20602156,8
TNG50-1,50,1.0,355971,0.09367295,-0.04004602,0.6780064,-0.35846133,9
TNG50-1,50,1.0,373133,-0.01016711,0.07207695,0.36566846,0.03766128,0
TNG50-1,50,1.0,373133,0.01019513,-0.05534831,1.19310563,-0.90365699,1
TNG50-1,50,1.0,373133,-0.03626534,-0.08514845,0.94861856,1.59944503,2
TNG50-1,50,1.0,373133,0.02000034,-0.04339082,1.10020629,0.02188028,3
TNG50-1,50,1.0,373133,0.03077142,0.0193621,1.08983542,0.05787525,4
TNG50-1,50,1.0,373133,0.0271424,0.06417955,1.04643041,-1.82309673,5
TNG50-1,50,1.0,373133,-0.00755416,-0.03302593,1.10460439,-2.94783959,6
TNG50-1,50,1.0,373133,0.05454557,0.09074188,0.85533178,1.94323287,7
TNG50-1,50,1.0,373133,-0.01288087,0.00135987,1.03020692,2.23355832,8
TNG50-1,50,1.0,373133,-0.01744104,-0.00577648,1.01545853,-1.62579433,9
TNG50-1,50,1.0,339836,0.10000215,-0.00254662,1.3860402,0.62589633,0
TNG50-1,50,1.0,339836,0.05263149,-0.06514564,0.71142513,-0.48665636,1
TNG50-1,50,1.0,339836,-0.01036259,0.045375,1.1799893,-1.79961767,2
TNG50-1,50,1.0,339836,0.02265358,-0.06441791,1.21596959,1.64578234,3
TNG50-1,50,1.0,339836,0.07063491,-0.07213851,0.73756709,-2.69614454,4
TNG50-1,50,1.0,339836,-0.04749866,0.05798515,0.68278447,0.89662566,5
TNG50-1,50,1.0,339836,0.10071209,0.08948028,0.89844782,1.18374217,6
TNG50-1,50,1.0,339836,-0.03873197,-0.03336229,1.23044938,-1.73882573,7
TNG50-1,50,1.0,339836,0.04501377,0.05015546,1.39481198,-0.10477266,8
TNG50-1,50,1.0,339836,0.00033002,0.03982632,0.69627675,0.12691638,9
TNG50-1,50,1.0,223375,-0.11493816,-0.01732104,1.13314363,-0.99169289,0
TNG50-1,50,1.0,223375,-0.01601203,-0.00057608,1.11935637,-3.0404578,1
TNG50-1,50,1.0,223375,0.03471985,0.08175758,0.91205185,2.01606655,2
TNG50-1,50,1.0,223375,-0.03610478,0.00999054,1.04629124,-2.4052666,3
TNG50-1,50,1.0,223375,-0.05424143,0.02522221,0.66512229,-2.65650109,4
TNG50-1,50,1.0,223375,-0.00339235,-0.03123965,0.92111329,1.80071703,5
TNG50-1,50,1.0,223375,-0.04143028,0.01116282,1.22218698,-2.57920445,6
TNG50-1,50,1.0,223375,0.0092829,-0.01374017,1.09429138,1.1577557,7
TNG50-1,50,1.0,223375,-0.05164149,0.0014828,0.77597636,-0.75483942,8
TNG50-1,50,1.0,223375,-0.0052247,0.03244728,1.35589176,2.02129731,9
TNG50-1,50,1.0,87133,-0.02466659,0.00230797,0.6771356,-0.99190145,0
TNG50-1,50,1.0,87133,0.06024116,-0.00894007,0.26421099,-2.79489881,1
TNG50-1,50,1.0,87133,0.03410428,-0.00076863,0.56634649,2.93911112,2
TNG50-1,50,1.0,87133,-0.00933333,-0.03626986,1.19698109,2.16080985,3
TNG50-1,50,1.0,87133,0.08832816,-0.06833516,1.04549683,-1.23328389,4
TNG50-1,50,1.0,87133,-0.00786106,0.01543677,0.74615117,-2.32713601,5
TNG50-1,50,1.0,87133,0.0493759,-0.02667593,1.13071705,1.47796964,6
TNG50-1,50,1.0,87133,0.01100195,-0.02680876,0.91133728,-1.75506467,7
TNG50-1,50,1.0,87133,0.09664765,-0.00444201,1.19986354,0.66258749,8
TNG50-1,50,1.0,87133,0.03765227,0.00261117,0.78551627,1.75350588,9
TNG50-1,50,1.0,268589,-0.01620774,0.01163313,0.2548897,1.68553328,0
TNG50-1,50,1.0,268589,0.04126752,-0.00181446,0.87967646,-1.66623508,1
TNG50-1,50,1.0,268589,0.01757716,0.02049651,1.15985191,-0.98423469,2
TNG50-1,50,1.0,268589,0.05934365,0.10174672,0.50200242,2.50693675,3
TNG50-1,50,1.0,268589,-0.01807266,-0.01212867,1.34447046,-0.55759909,4
TNG50-1,50,1.0,268589,-0.02323734,-0.01822451,1.31507437,1.07151304,5
TNG50-1,50,1.0,268589,0.02063955,-0.02205279,0.35502689,2.43332721,6
TNG50-1,50,1.0,268589,0.05146009,0.01946864,0.80003472,2.33026962,7
TNG50-1,50,1.0,268589,0.04125345,-0.10608726,0.39623984,-3.08562673,8
TNG50-1,50,1.0,268589,0.01609071,-0.00675309,1.28948212,-2.14749676,9
TNG50-1,50,1.0,300297,0.04320549,-0.0005419,0.71787464,-0.54389084,0
TNG50-1,50,1.0,300297,0.03614852,-0.01869049,0.61042162,0.03902299,1
TNG50-1,50,1.0,300297,0.01204223,-0.12326707,0.55580817,0.94304025,2
TNG50-1,50,1.0,300297,0.01565821,-0.03261904,0.7734876,-0.98521042,3
TNG50-1,50,1.0,300297,0.06761915,0.01717926,0.89579907,-0.35947465,4
TNG50-1,50,1.0,300297,0.05751481,-0.00290139,1.13831767,0.54899967,5
TNG50-1,50,1.0,300297,0.0137666,-0.03882307,1.03101727,2.65888563,6
TNG50-1,50,1.0,300297,0.10727091,0.00211628,1.32792445,1.08053277,7
TNG50-1,50,1.0,300297,-0.03140982,0.00615362,0.73356883,-1.54293415,8
TNG50-1,50,1.0,300297,-0.05927216,0.03575372,1.37967091,2.18192168,9
TNG50-1,50,1.0,331979,0.04381163,0.08751472,0.5503815,-1.64934436,0
TNG50-1,50,1.0,331979,0.00506044,-0.00202856,0.80841241,-2.20814426,1
TNG50-1,50,1.0,331979,0.06968053,-0.02751596,0.9886005,-0.48034177,2
TNG50-1,50,1.0,331979,-0.05118963,0.0328553,0.28386366,0.02512371,3
TNG50-1,50,1.0,331979,-0.01743351,0.05152825,1.0811432,1.33955365,4
TNG50-1,50,1.0,331979,-0.02338711,-0.03572104,1.04860022,2.85993744,5
TNG50-1,50,1.0,331979,0.0323619,-0.09987983,0.86475411,1.18545069,6
TNG50-1,50,1.0,331979,-0.07170707,-0.09131327,1.02551842,3.06101178,7
TNG50-1,50,1.0,331979,0.07239873,0.01306925,0.90229061,-1.59380099,8
TNG50-1,50,1.0,331979,0.02808872,0.07700947,0.30787437,-1.82909752,9
