sim,snap,redshift,subhalo_id,g1,g2,inclination,theta_int,draw_idx
TNG50-1,40,1.5,102573,0.01523585,0.0439699,0.66956198,1.53788598,0
TNG50-1,40,1.5,102573,-0.05199921,0.0388896,1.0959875,2.93745028,1
TNG50-1,40,1.5,102573,0.03752256,0.00330153,0.29662282,-1.09437155,2
TNG50-1,40,1.5,102573,0.04702824,0.05636206,0.46575209,-0.81392567,3
TNG50-1,40,1.5,102573,-0.09755176,0.02337547,0.64260862,-0.19128648,4
TNG50-1,40,1.5,102573,-0.06510898,-0.04296462,1.23698764,-1.95110899,5
TNG50-1,40,1.5,102573,0.00639202,0.01843754,0.99075612,-2.32527176,6
TNG50-1,40,1.5,102573,-0.01581213,-0.04794413,1.36387023,-0.15265045,7
TNG50-1,40,1.5,102573,-0.00084006,0.04392252,1.27138584,-1.71587917,8
TNG50-1,40,1.5,102573,-0.0426522,-0.0024963,0.76222015,1.0669728,9
TNG50-1,40,1.5,36235,0.03716271,0.01445597,0.89198976,2.220497,0
TNG50-1,40,1.5,36235,0.02715771,0.03156441,0.66048906,-1.67170751,1
TNG50-1,40,1.5,36235,-0.03327549,-0.07285779,0.81735583,-2.77526572,2
TNG50-1,40,1.5,36235,0.01160807,-0.01598356,0.90406387,-1.37360552,3
TNG50-1,40,1.5,36235,0.00583429,-0.02351863,0.89824909,-1.29688867,4
TNG50-1,40,1.5,36235,0.01093443,-0.03194389,1.14153755,1.01735147,5
TNG50-1,40,1.5,36235,0.04357144,-0.01375711,1.37460754,0.35834358,6
TNG50-1,40,1.5,36235,0.01117978,0.07474707,1.01954729,1.78378506,7
TNG50-1,40,1.5,36235,0.03394568,-0.04329156,1.21983354,1.03241242,8
TNG50-1,40,1.5,36235,0.00337895,0.04841392,1.04613956,-0.5881887,9
TNG50-1,40,1.5,112196,0.02283876,0.03326926,1.17521114,-1.21921049,0
TNG50-1,40,1.5,112196,-0.0330963,-0.00492427,0.30081144,0.49775123,1
TNG50-1,40,1.5,112196,-0.01815269,-0.02116492,0.6421118,-2.0308965,2
TNG50-1,40,1.5,112196,-0.01908689,-0.00398591,0.72164582,2.24067363,3
TNG50-1,40,1.5,112196,-0.05979198,-0.08436672,1.00747811,1.62432611,4
TNG50-1,40,1.5,112196,0.02434862,-0.07235562,1.16961094,1.37892642,5
TNG50-1,40,1.5,112196,-0.02347012,-0.06613498,1.32012598,-0.42667201,6
TNG50-1,40,1.5,112196,0.00062471,-0.04986234,0.44834708,0.79990504,7
TNG50-1,40,1.5,112196,0.02403733,0.01998871,1.00131981,0.52840312,8
TNG50-1,40,1.5,112196,0.02232656,-0.04527395,1.23035663,0.94151397,9
TNG50-1,40,1.5,148467,-0.05117487,-0.01949049,0.37719931,-2.26038164,0
TNG50-1,40,1.5,148467,0.00896378,-0.06883431,0.8852142,0.3395191,1
TNG50-1,40,1.5,148467,0.01099983,0.03175755,0.98418669,-2.45939115,2
TNG50-1,40,1.5,148467,0.06795938,-0.01111113,1.17424025,1.08221642,3
TNG50-1,40,1.5,148467,0.04175556,-0.07354031,1.11678835,-1.37454868,4
TNG50-1,40,1.5,148467,0.01784355,-0.05077895,0.9375515,1.00168196,5
TNG50-1,40,1.5,148467,0.07316514,0.01567569,1.01745947,1.42624923,6
TNG50-1,40,1.5,148467,-0.05943815,0.04190633,1.38220531,1.68796197,7
TNG50-1,40,1.5,148467,-0.03198758,0.09983654,0.57471775,-2.46463632,8
TNG50-1,40,1.5,148467,-0.0463288,0.14569312,0.46023875,2.61387951,9
TNG50-1,40,1.5,91585,-0.05924719,-0.00203813,0.9393733,-2.37028182,0
TNG50-1,40,1.5,91585,-0.04825584,-0.03273938,1.13083874,2.08044228,1
TNG50-1,40,1.5,91585,-0.0362613,0.02230361,0.65117199,-2.17847889,2
TNG50-1,40,1.5,91585,0.10642349,-0.02274917,0.78699244,-2.01521665,3
TNG50-1,40,1.5,91585,-0.04106933,-0.06128029,1.07848152,0.6244405,4
TNG50-1,40,1.5,91585,0.04192446,-0.06389688,1.32173482,2.35344271,5
TNG50-1,40,1.5,91585,-0.04514636,0.0086294,0.68417461,-1.90735725,6
TNG50-1,40,1.5,91585,0.04657865,0.07895456,1.17820242,-1.19177151,7
TNG50-1,40,1.5,91585,0.01924755,0.00799958,0.3794218,1.742986,8
TNG50-1,40,1.5,91585,-0.00783189,-0.00593192,1.19697311,2.96457287,9
TNG50-1,40,1.5,95933,-0.00025609,-0.04390762,1.15707762,2.72076514,0
TNG50-1,40,1.5,95933,-0.00817214,-0.01670617,0.4048692,1.91235603,1
TNG50-1,40,1.5,95933,0.01687873,0.04579513,1.37952641,-0.20494744,2
TNG50-1,40,1.5,95933,0.07037409,-0.06631964,0.90239418,1.78922152,3
TNG50-1,40,1.5,95933,0.00452925,0.00153157,0.81818101,-3.02952083,4
TNG50-1,40,1.5,95933,0.03219694,-0.02420847,1.31216818,-2.4558207,5
TNG50-1,40,1.5,95933,-0.10250861,-0.01638365,1.28319158,2.06986103,6
TNG50-1,40,1.5,95933,-0.00243592,0.05013789,1.03620269,1.86495677,7
TNG50-1,40,1.5,95933,-0.04216151,0.02690577,0.30876014,-1.67986776,8
TNG50-1,40,1.5,95933,-0.06094065,0.06686991,0.85949397,0.19333104,9
TNG50-1,40,1.5,15219,-0.05312072,0.14525336,1.271959,0.02843919,0
TNG50-1,40,1.5,15219,-0.02647197,-0.05857833,1.30412117,2.35622554,1
TNG50-1,40,1.5,15219,-0.04384304,-0.01841245,1.38258802,2.20622508,2
TNG50-1,40,1.5,15219,-0.00471313,0.01707778,1.35426532,-2.86843078,3
TNG50-1,40,1.5,15219,-0.08788642,0.08643488,1.25408399,-2.00120451,4
TNG50-1,40,1.5,15219,-0.07335226,-0.04934285,1.35593513,-1.65408076,5
TNG50-1,40,1.5,15219,0.10646236,-0.01226389,0.86472103,-1.5746443,6
TNG50-1,40,1.5,15219,-0.06437113,0.03886688,0.76495489,0.44756795,7
TNG50-1,40,1.5,15219,-0.05483928,0.0217383,1.0600288,-0.5261387,8
TNG50-1,40,1.5,15219,0.09184568,-0.0188078,1.12899165,-2.83211989,9
TNG50-1,40,1.5,163735,-0.05562057,0.00262334,1.28367408,2.82025753,0
TNG50-1,40,1.5,163735,0.05955715,-0.01460856,0.97991245,2.61599176,1
TNG50-1,40,1.5,163735,0.01313746,-0.00517441,1.03829609,-0.11994332,2
TNG50-1,40,1.5,163735,0.02400717,-0.01259887,1.20427293,-1.07843835,3
TNG50-1,40,1.5,163735,-0.0872293,0.00762813,1.08412278,0.22264335,4
TNG50-1,40,1.5,163735,0.04637192,0.0735746,1.08514841,2.19007014,5
TNG50-1,40,1.5,163735,0.02272102,-0.12833292,1.12045693,0.95873454,6
TNG50-1,40,1.5,163735,-0.05552153,-0.01184251,1.07313622,1.91255026,7
TNG50-1,40,1.5,163735,-0.02357624,0.00882562,0.75905395,0.20560012,8
TNG50-1,40,1.5,163735,0.01318586,0.0147997,1.14783062,0.8351461,9
TNG50-1,40,1.5,157182,-0.03487119,-0.00334766,0.83776878,2.70953718,0
TNG50-1,40,1.5,157182,0.0494792,-0.05860036,1.25693867,-2.38928433,1
TNG50-1,40,1.5,157182,-0.05891518,-0.02591399,0.89228688,-2.40580925,2
TNG50-1,40,1.5,157182,0.03911752,0.07556142,0.8844788,-2.59050068,3
TNG50-1,40,1.5,157182,-0.00953255,0.03187669,0.99146864,0.99188427,4
TNG50-1,40,1.5,157182,0.05856235,-0.03494652,0.93558101,-0.51139913,5
TNG50-1,40,1.5,157182,0.03754345,-0.05068587,0.66190787,1.72361229,6
TNG50-1,40,1.5,157182,0.09103231,0.0016391,0.61385273,1.0758787,7
TNG50-1,40,1.5,157182,0.03653873,-0.06082801,0.9659202,-1.04528479,8
TNG50-1,40,1.5,157182,-0.07860201,-0.03355701,0.85569033,2.50301084,9
TNG50-1,40,1.5,122851,0.01172004,-0.03717941,0.81473621,-1.2445269,0
TNG50-1,40,1.5,122851,0.01351716,-0.0411125,1.29871599,2.62914797,1
TNG50-1,40,1.5,122851,-0.04316726,0.01011531,0.86778937,1.76742255,2
TNG50-1,40,1.5,122851,-0.00737643,0.04221926,0.75863833,-2.44674517,3
TNG50-1,40,1.5,122851,-0.00762613,0.0005713,1.38987744,3.12296086,4
TNG50-1,40,1.5,122851,0.01916969,0.06644803,1.00272195,2.38258402,5
TNG50-1,40,1.5,122851,0.04999121,0.0428397,0.57604632,-1.35774333,6
TNG50-1,40,1.5,122851,-0.0529268,0.042091,1.1491783,2.11678364,7
TNG50-1,40,1.5,122851,-0.00625045,0.02770583,0.99865133,-2.47293901,8
TNG50-1,40,1.5,122851,0.07407278,0.11638266,1.01421623,3.13596751,9
TNG50-1,40,1.5,127069,-0.03311875,0.02605836,0.39868136,2.20622177,0
TNG50-1,40,1.5,127069,0.00691207,-0.01329194,0.65104372,-2.16636066,1
TNG50-1,40,1.5,127069,0.03800665,-0.00587711,0.74437071,1.4741678,2
TNG50-1,40,1.5,127069,0.01146057,0.04147595,0.55705752,-1.92867719,3
TNG50-1,40,1.5,127069,0.02650324,-0.09965302,1.36689263,-1.44036525,4
TNG50-1,40,1.5,127069,-0.03523366,-0.06482362,1.23085612,1.31887011,5
TNG50-1,40,1.5,127069,-0.00898057,-0.07410927,1.2961903,3.01721565,6
TNG50-1,40,1.5,127069,0.0098388,-0.11668081,0.95367801,0.70084915,7
TNG50-1,40,1.5,127069,0.04102642,-0.03391322,0.68622471,-2.79915708,8
TNG50-1,40,1.5,127069,-0.01968706,0.03747169,0.82257072,0.73079081,9
TNG50-1,40,1.5,51913,0.02373485,0.0164331,1.05034106,-0.57313263,0
TNG50-1,40,1.5,51913,-0.00655433,0.01809609,0.98352575,-1.77419229,1
TNG50-1,40,1.5,51913,-0.09154529,0.06603308,1.30098957,0.55484452,2
TNG50-1,40,1.5,51913,0.04641485,-0.01713931,1.28846325,-1.14956586,3
TNG50-1,40,1.5,51913,-0.03025004,-0.07384289,1.16447159,-2.91502203,4
TNG50-1,40,1.5,51913,-0.02669501,0.05336112,1.14086523,-0.51270764,5
TNG50-1,40,1.5,51913,-0.05348762,-0.01657441,1.02790787,-0.1625292,6
TNG50-1,40,1.5,51913,-0.03271416,0.05572962,0.84339917,-1.72415086,7
TNG50-1,40,1.5,51913,0.02139452,0.01916886,0.8174549,0.45526662,8
TNG50-1,40,1.5,51913,-0.00946222,-0.00655688,1.04306465,0.41325704,9
TNG50-1,40,1.5,137026,-0.02035391,0.07166073,1.35412223,-2.17641434,0
TNG50-1,40,1.5,137026,-0.01421819,0.00457601,1.1622341,0.63359897,1
TNG50-1,40,1.5,137026,0.00926628,0.02903885,1.11447848,-2.38966781,2
TNG50-1,40,1.5,137026,0.03095856,-0.00283916,1.25548776,-0.84873669,3
TNG50-1,40,1.5,137026,-0.01696292,-0.00852038,1.13266064,2.88039549,4
TNG50-1,40,1.5,137026,0.05319258,-0.03897412,0.68940916,3.11309509,5
TNG50-1,40,1.5,137026,-0.05709691,0.02151507,1.38791693,1.70968546,6
TNG50-1,40,1.5,137026,0.00031695,-0.04257686,0.57340276,-1.18776386,7
TNG50-1,40,1.5,137026,0.12988369,0.03327926,0.52792099,1.17913428,8
TNG50-1,40,1.5,137026,0.01115399,0.05426435,1.07976452,1.29060626,9
TNG50-1,40,1.5,163071,-0.01486617,-0.04438478,1.24872114,2.15882949,0
TNG50-1,40,1.5,163071,0.00497387,0.06678922,0.43986003,0.8644953,1
TNG50-1,40,1.5,163071,-0.00430503,-0.0095672,1.36317045,0.93713112,2
TNG50-1,40,1.5,163071,0.03954031,0.07019107,1.20402792,1.06941859,3
TNG50-1,40,1.5,163071,0.01723226,-0.02212679,1.15210602,1.65186839,4
TNG50-1,40,1.5,163071,0.0334163,0.07275228,0.96784494,-2.7764863,5
TNG50-1,40,1.5,163071,-0.03441861,0.00657429,0.86971279,-0.83812424,6
TNG50-1,40,1.5,163071,0.04489077,0.01291144,0.96480024,0.2483582,7
TNG50-1,40,1.5,163071,0.08144685,0.0782359,1.33037801,-1.01500785,8
TNG50-1,40,1.5,163071,-0.04850748,-0.01808852,1.19462521,2.1644246,9
TNG50-1,40,1.5,184627,0.02782667,0.01671476,1.39398392,2.91044195,0
TNG50-1,40,1.5,184627,0.0148209,0.0025571,1.16451872,1.77189075,1
TNG50-1,40,1.5,184627,0.10175367,-0.03827676,0.73847772,2.30468141,2
TNG50-1,40,1.5,184627,-0.00435471,0.04500923,0.81840889,-2.42465563,3
TNG50-1,40,1.5,184627,-0.01535416,0.03697063,0.26410093,1.46029711,4
TNG50-1,40,1.5,184627,-0.03767638,-0.00798242,0.83318967,-0.3764338,5
TNG50-1,40,1.5,184627,-0.05161313,-0.03264581,0.98027471,0.33366103,6
TNG50-1,40,1.5,184627,-0.06222359,0.0274214,0.665184,0.968254,7
TNG50-1,40,1.5,184627,-0.04443987,0.00939868,0.44698937,2.95193544,8
TNG50-1,40,1.5,184627,-0.00353402,-0.07240636,0.71696648,3.04469388,9
TNG50-1,40,1.5,80803,0.01245181,-0.02887694,0.7712616,-3.11331753,0
TNG50-1,40,1.5,80803,0.09106494,0.06372236,0.72608843,0.09191887,1
TNG50-1,40,1.5,80803,-0.08258796,-0.03137938,0.64888542,1.11392958,2
TNG50-1,40,1.5,80803,-0.06405346,-0.03183076,0.51341356,-2.95556457,3
TNG50-1,40,1.5,80803,-0.02118033,0.02705658,0.69355203,-0.61980131,4
TNG50-1,40,1.5,80803,-0.02602942,0.03814632,0.61156101,2.48584727,5
TNG50-1,40,1.5,80803,0.04063006,0.02240497,1.35959711,1.07827508,6
TNG50-1,40,1.5,80803,0.01208299,-0.08427987,1.20256709,-1.64834112,7
TNG50-1,40,1.5,80803,-0.0887481,0.02690172,0.83150261,2.21658921,8
TNG50-1,40,1.5,80803,0.02577052,-0.0517154,0.52537891,-0.95484673,9
TNG50-1,40,1.5,149622,0.1274664,0.03495984,1.28823356,1.58313098,0
TNG50-1,40,1.5,149622,-0.02026346,0.10263425,1.08607701,0.25670982,1
TNG50-1,40,1.5,149622,-0.0968419,0.00859802,1.34449077,-1.35376961,2
TNG50-1,40,1.5,149622,-0.0155242,-0.01686626,1.23068691,2.49440445,3
TNG50-1,40,1.5,149622,-0.01431115,-0.00710016,1.38545644,-1.6644339,4
TNG50-1,40,1.5,149622,-0.00949619,0.03076284,1.00371924,-1.09740399,5
TNG50-1,40,1.5,149622,-0.0556694,-0.08653358,0.81755358,2.57023003,6
TNG50-1,40,1.5,149622,0.02897806,0.00821954,1.10619304,0.18561821,7
TNG50-1,40,1.5,149622,0.02622537,-0.0195232,1.03500902,1.52252858,8
TNG50-1,40,1.5,149622,-0.07472028,0.09239125,0.3269632,0.57016636,9
TNG50-1,40,1.5,187232,0.01361849,0.03125426,1.02310467,-2.8213985,0
TNG50-1,40,1.5,187232,-0.03569374,0.06258625,1.37045552,-2.44038686,1
TNG50-1,40,1.5,187232,-0.06584151,-0.02606615,0.32553444,-0.7256804,2
TNG50-1,40,1.5,187232,0.04179039,-0.02177037,1.31459308,-2.76128118,3
TNG50-1,40,1.5,187232,0.01746753,-0.02395516,1.36612507,1.24526277,4
TNG50-1,40,1.5,187232,0.11913011,0.03954009,1.19253468,-1.84084423,5
TNG50-1,40,1.5,187232,0.02100943,0.07491872,1.34585075,-1.24362101,6
TNG50-1,40,1.5,187232,0.01938516,-0.02294202,1.00195304,-0.66522736,7
TNG50-1,40,1.5,187232,-0.0083464,-0.02123869,0.94215103,-0.52395713,8
TNG50-1,40,1.5,187232,0.04083879,0.01570386,1.13384424,-3.13115812,9
TNG50-1,40,1.5,116691,0.03508318,0.05640094,1.274636,0.43487214,0
TNG50-1,40,1.5,116691,-0.05175391,-0.11403689,1.360914,0.5667143,1
TNG50-1,40,1.5,116691,-0.00060423,-0.07483193,1.28499409,2.19556695,2
TNG50-1,40,1.5,116691,-0.0105345,-0.04614432,0.41700696,-3.1118016,3
TNG50-1,40,1.5,116691,-0.06079455,0.07305894,1.39238282,2.22028579,4
TNG50-1,40,1.5,116691,-0.0781739,0.01412935,1.24239873,0.74844729,5
TNG50-1,40,1.5,116691,0.03428745,0.03836586,1.3742229,-2.11904517,6
TNG50-1,40,1.5,116691,-0.01754762,-0.05700805,1.30820076,1.71491619,7
TNG50-1,40,1.5,116691,-0.05111401,-0.05597679,0.83341779,2.23361923,8
TNG50-1,40,1.5,116691,-0.00480895,0.02239069,1.19639146,-1.54400807,9
TNG50-1,40,1.5,89366,-0.01496324,0.03176856,1.12974243,-3.03741869,0
TNG50-1,40,1.5,89366,-0.0507534,0.03700071,0.47131625,3.0981418,1
TNG50-1,40,1.5,89366,0.10243778,0.03184531,0.86185713,0.53180148,2
TNG50-1,40,1.5,89366,0.08925842,0.01703957,1.29526214,-2.34419376,3
TNG50-1,40,1.5,89366,0.05680243,-0.08918056,1.28033574,2.49632334,4
TNG50-1,40,1.5,89366,-0.04604252,0.00418105,0.75036011,2.38999991,5
TNG50-1,40,1.5,89366,0.04275097,-0.0278096,1.25553079,0.2274539,6
TNG50-1,40,1.5,89366,0.03198132,-0.06399205,0.95093207,0.76524189,7
TNG50-1,40,1.5,89366,0.02212728,0.08409083,0.23115215,-1.42510691,8
TNG50-1,40,1.5,89366,0.06248326,0.08644977,1.39670456,-2.82416804,9
TNG50-1,40,1.5,133930,-0.06251578,-0.05418494,0.61836144,-1.88783334,0
TNG50-1,40,1.5,133930,0.02556109,0.01723025,0.93799595,2.25555583,1
TNG50-1,40,1.5,133930,0.01956323,0.018964,1.04667039,2.59233384,2
TNG50-1,40,1.5,133930,-0.08933538,0.06436656,1.32206473,-1.80863118,3
TNG50-1,40,1.5,133930,-0.00613423,0.05499898,0.47196355,-0.18974662,4
TNG50-1,40,1.5,133930,0.04978507,-0.00661143,1.05874984,1.46709175,5
TNG50-1,40,1.5,133930,0.05296119,-0.06221029,0.76276828,2.37734202,6
TNG50-1,40,1.5,133930,0.05129184,-0.01595533,1.27555049,-0.75993433,7
TNG50-1,40,1.5,133930,0.00194566,0.01086156,0.32100768,0.10693659,8
TNG50-1,40,1.5,133930,-0.04225227,-0.01010416,1.25084252,1.518749,9
TNG50-1,40,1.5,146376,-0.13364172,-0.01679696,0.85334751,2.85821089,0
TNG50-1,40,1.5,146376,0.01979669,0.09525301,0.38254118,-1.61102916,1
TNG50-1,40,1.5,146376,0.07807191,0.00177882,0.98986556,-2.52003166,2
TNG50-1,40,1.5,146376,-0.05638904,0.08768455,1.2351835,1.59281615,3
TNG50-1,40,1.5,146376,-0.01899033,-0.00466493,1.07521685,2.39412012,4
TNG50-1,40,1.5,146376,-0.0376446,0.00655289,1.05958624,-1.3941549,5
TNG50-1,40,1.5,146376,-0.0447173,0.01827372,1.29098094,-1.87183566,6
TNG50-1,40,1.5,146376,-0.0163131,0.15894268,1.2641016,-1.9743896,7
TNG50-1,40,1.5,146376,0.07137426,0.04256428,0.76044337,0.13830737,8
TNG50-1,40,1.5,146376,0.09186933,-0.03536323,1.10964677,-0.1984441,9
TNG50-1,40,1.5,36236,-0.00232936,-0.00139912,0.5449624,-0.80894354,0
TNG50-1,40,1.5,36236,0.01394321,0.01127799,0.83712492,-0.59781389,1
TNG50-1,40,1.5,36236,-0.05039465,0.04738248,0.91557312,1.63372225,2
TNG50-1,40,1.5,36236,0.03621413,-0.05555525,1.26202767,1.71124429,3
TNG50-1,40,1.5,36236,0.00315012,-0.05859858,1.18626011,-1.84214494,4
TNG50-1,40,1.5,36236,-0.09459731,-0.05466619,1.26627577,2.77427046,5
TNG50-1,40,1.5,36236,-0.09792957,0.01444583,0.53529593,-2.38349281,6
TNG50-1,40,1.5,36236,-0.00061596,0.06224737,0.87206112,2.48890845,7
TNG50-1,40,1.5,36236,-0.01104837,-0.02156697,0.69898593,-2.51078821,8
TNG50-1,40,1.5,36236,-0.00517101,-0.12508499,1.14857995,-1.47944,9
TNG50-1,40,1.5,114862,-0.05381226,-0.09403992,1.29043628,-2.39418696,0
TNG50-1,40,1.5,114862,-0.03758779,-0.01589533,1.29556729,2.61913579,1
TNG50-1,40,1.5,114862,0.01985167,-0.04335026,0.34408621,-1.12134129,2
TNG50-1,40,1.5,114862,0.0277791,0.00596129,0.97585521,0.67939588,3
TNG50-1,40,1.5,114862,-0.03110839,-0.02857246,0.34178348,-0.21982269,4
TNG50-1,40,1.5,114862,0.04937026,-0.00830789,1.26350215,-0.62548327,5
TNG50-1,40,1.5,114862,0.05787539,0.09410874,0.90320059,0.20034622,6
TNG50-1,40,1.5,114862,0.07181509,-0.00848599,1.2257516,-1.96513567,7
TNG50-1,40,1.5,114862,0.02647067,0.02068962,1.18632205,3.06998884,8
TNG50-1,40,1.5,114862,0.06817144,-0.01161347,1.37523791,1.99998732,9
TNG50-1,40,1.5,128103,-0.18242064,0.02040181,1.29273254,-0.17100334,0
TNG50-1,40,1.5,128103,-0.08617317,0.08084372,1.27304949,2.82781726,1
TNG50-1,40,1.5,128103,0.02258843,0.00655136,0.8200576,-0.98825933,2
TNG50-1,40,1.5,128103,0.02387647,-0.0501172,1.06068157,-2.02798916,3
TNG50-1,40,1.5,128103,-0.05812144,-0.00548637,0.41090604,1.11899799,4
TNG50-1,40,1.5,128103,-0.0356051,-0.00178054,1.12794703,2.17402963,5
TNG50-1,40,1.5,128103,0.06852705,-0.06823708,0.71017889,-2.88867095,6
TNG50-1,40,1.5,128103,-0.02420151,-0.0127916,0.99619101,-0.31646715,7
TNG50-1,40,1.5,128103,0.11214602,-0.0371096,0.78894645,2.46607289,8
TNG50-1,40,1.5,128103,-9.599e-05,0.04621789,0.85558097,1.56840004,9
TNG50-1,40,1.5,113443,0.03021562,0.0060589,0.79399521,-1.41275835,0
TNG50-1,40,1.5,113443,-0.01513099,0.00653821,0.78556341,-2.27040076,1
TNG50-1,40,1.5,113443,-0.02413951,0.04118766,1.38372723,-1.36017914,2
TNG50-1,40,1.5,113443,0.04352778,-0.00296413,1.12131043,1.09790211,3
TNG50-1,40,1.5,113443,0.07396373,-0.03646435,1.23426733,2.57816001,4
TNG50-1,40,1.5,113443,0.0897185,-0.02072365,0.64292227,-1.86910684,5
TNG50-1,40,1.5,113443,0.06574039,0.03169552,0.52131839,0.26439037,6
TNG50-1,40,1.5,113443,-0.00548671,0.00014966,1.19199959,1.26537761,7
TNG50-1,40,1.5,113443,0.01763601,0.0170105,0.77988932,2.8457958,8
TNG50-1,40,1.5,113443,0.03834114,0.03350396,1.29245221,0.69153041,9
TNG50-1,40,1.5,15217,0.001803,-0.02788857,0.40678565,-1.32374063,0
TNG50-1,40,1.5,15217,-0.00023165,0.04028393,0.54881648,-1.52173464,1
TNG50-1,40,1.5,15217,0.05227661,0.03387007,0.27505596,0.54011124,2
TNG50-1,40,1.5,15217,0.05938172,-0.04773959,0.68647603,-0.56559734,3
TNG50-1,40,1.5,15217,0.01013875,0.04869471,0.66092684,-1.76647602,4
TNG50-1,40,1.5,15217,-0.02501805,0.03492832,0.66366323,1.98583852,5
TNG50-1,40,1.5,15217,0.02425806,0.00509629,0.97724661,2.26552762,6
TNG50-1,40,1.5,15217,-0.02639588,-0.03811617,1.00066951,-2.0879055,7
TNG50-1,40,1.5,15217,-6.963e-05,-0.0429603,1.19762071,-3.09442458,8
TNG50-1,40,1.5,15217,0.04930682,-0.02688313,0.80607657,-1.02962577,9
TNG50-1,40,1.5,170919,0.02275119,0.14046054,0.56535468,-2.54343915,0
TNG50-1,40,1.5,170919,0.0722563,-0.02932925,1.25262168,1.43158167,1
TNG50-1,40,1.5,170919,-0.00386781,0.07176501,1.03207304,2.99496873,2
TNG50-1,40,1.5,170919,-0.00984428,0.01218762,0.90550057,-1.14148897,3
TNG50-1,40,1.5,170919,-0.05573085,-0.00756238,0.95741275,-0.24373176,4
TNG50-1,40,1.5,170919,-0.01146463,0.02162972,0.75855996,-0.47264052,5
TNG50-1,40,1.5,170919,-0.07963971,0.00309582,0.79720598,-2.81851658,6
TNG50-1,40,1.5,170919,-0.0456439,0.00551979,0.23020425,1.08236934,7
TNG50-1,40,1.5,170919,0.0113393,-0.02041666,0.20234369,-0.92150644,8
TNG50-1,40,1.5,170919,0.06595066,-0.06990548,0.94177879,1.80618879,9
TNG50-1,40,1.5,124040,-0.0677907,0.05668402,0.5794168,-1.52397429,0
TNG50-1,40,1.5,124040,-0.03972997,-0.01806352,1.2597399,1.58542933,1
TNG50-1,40,1.5,124040,0.06517825,0.01760172,1.27767547,0.02625495,2
TNG50-1,40,1.5,124040,0.04201101,-0.04943136,0.52104086,1.57246758,3
TNG50-1,40,1.5,124040,0.07436991,0.02251586,0.5794208,-0.22192438,4
TNG50-1,40,1.5,124040,-0.01358372,0.00015543,0.91906527,-0.82998151,5
TNG50-1,40,1.5,124040,-0.05761244,-0.03749067,0.58520204,-1.76438619,6
TNG50-1,40,1.5,124040,-0.01202186,-0.01179147,1.32316442,-1.83230664,7
TNG50-1,40,1.5,124040,0.00510156,-0.00920879,1.05923832,1.58016337,8
TNG50-1,40,1.5,124040,0.00394944,-0.01350776,0.69561998,-2.3944569,9
TNG50-1,40,1.5,143837,0.02365436,6.699e-05,0.57134846,0.38467588,0
TNG50-1,40,1.5,143837,-0.0192123,0.07364768,0.72940758,-0.72024479,1
TNG50-1,40,1.5,143837,0.05095218,-0.12254361,1.37810839,-1.44075474,2
TNG50-1,40,1.5,143837,0.05150977,-0.07088421,1.35918663,0.13771781,3
TNG50-1,40,1.5,143837,0.00920289,-0.05935352,0.85358004,-1.16396247,4
TNG50-1,40,1.5,143837,0.04813288,-0.01816303,0.97177912,0.40272162,5
TNG50-1,40,1.5,143837,0.01363226,-0.01273041,1.18019709,1.10993965,6
TNG50-1,40,1.5,143837,-0.02807415,-0.07536628,1.03663404,-2.72640473,7
TNG50-1,40,1.5,143837,0.03489084,-0.0492579,0.66979353,-3.13488557,8
TNG50-1,40,1.5,143837,0.00553066,-0.04304208,0.57424135,-1.80781605,9
TNG50-1,40,1.5,198703,-0.01580989,-0.06139999,1.09030204,-2.41697527,0
TNG50-1,40,1.5,198703,0.01826819,-0.04632666,1.354369,0.75127579,1
TNG50-1,40,1.5,198703,0.03064827,0.07424594,1.0933956,-2.37523905,2
TNG50-1,40,1.5,198703,-0.00704939,-0.05291405,1.17614397,2.2140834,3
TNG50-1,40,1.5,198703,0.07658894,-0.06612706,0.84394403,1.59763505,4
TNG50-1,40,1.5,198703,0.05037554,-0.02430971,1.22775401,2.00941832,5
TNG50-1,40,1.5,198703,-0.01283271,0.02101134,0.47425872,0.16374312,6
TNG50-1,40,1.5,198703,0.03750609,-0.00511984,0.3947583,3.12071496,7
TNG50-1,40,1.5,198703,0.09668967,-0.03252818,1.31724819,-2.8640323,8
TNG50-1,40,1.5,198703,0.09802423,-0.03371062,1.31090636,-0.62037053,9
TNG50-1,40,1.5,187778,0.03643571,0.00132927,0.40081707,-0.96930193,0
TNG50-1,40,1.5,187778,-0.02883236,0.02852685,0.38814852,-0.76282401,1
TNG50-1,40,1.5,187778,0.02797702,0.03090954,1.06201353,-2.54695345,2
TNG50-1,40,1.5,187778,0.02830939,0.07759401,1.11886645,-2.09819036,3
TNG50-1,40,1.5,187778,-0.02747763,0.06384904,1.00586282,1.40186536,4
TNG50-1,40,1.5,187778,-0.05613842,-0.05006457,0.88917829,-0.69682591,5
TNG50-1,40,1.5,187778,-0.05920642,0.08417931,0.99549746,-1.79360453,6
TNG50-1,40,1.5,187778,0.00432528,-0.02654883,0.79031305,0.39378237,7
TNG50-1,40,1.5,187778,0.01635049,0.05224364,0.90321867,1.6056023,8
TNG50-1,40,1.5,187778,-0.03962629,0.00339933,1.12654874,-1.52416025,9
TNG50-1,40,1.5,44887,-0.04180286,-0.02998747,1.11755705,2.91275849,0
TNG50-1,40,1.5,44887,0.03310408,0.08100352,0.49101853,2.23456535,1
TNG50-1,40,1.5,44887,0.03251245,0.01818491,1.07903037,-1.9628087,2
TNG50-1,40,1.5,44887,0.02967773,-0.01090146,0.89215441,0.59233281,3
TNG50-1,40,1.5,44887,0.07684828,0.05968093,1.1712821,2.37597034,4
TNG50-1,40,1.5,44887,0.07246724,-0.10853077,1.26604115,-0.78876635,5
TNG50-1,40,1.5,44887,-0.01874723,-0.10070513,0.64729221,-2.50632388,6
TNG50-1,40,1.5,44887,0.01865262,0.03979193,0.96154359,1.95383754,7
TNG50-1,40,1.5,44887,-0.03118003,0.00302342,0.92156323,-0.11458299,8
TNG50-1,40,1.5,44887,0.00116777,0.01252232,0.31092801,0.40459114,9
TNG50-1,40,1.5,44889,-0.12403543,0.09181129,0.99558505,2.9808507,0
TNG50-1,40,1.5,44889,-0.04982093,-0.0101471,0.93596427,-2.63431793,1
TNG50-1,40,1.5,44889,0.0616451,0.01880222,1.22005634,0.95296737,2
TNG50-1,40,1.5,44889,-0.13889971,-0.07425277,1.28379635,2.33363212,3
TNG50-1,40,1.5,44889,-0.01737617,0.05952068,1.24226836,0.84341982,4
TNG50-1,40,1.5,44889,-0.05900004,-0.03802544,1.10542392,-0.44594203,5
TNG50-1,40,1.5,44889,0.04022852,-0.02803771,1.31977543,-0.43306002,6
TNG50-1,40,1.5,44889,-0.0337557,-0.00111239,0.3557361,-2.9160333,7
TNG50-1,40,1.5,44889,0.0201977,-0.07814422,1.04944476,0.21740293,8
TNG50-1,40,1.5,44889,0.02827302,0.0114385,0.60004012,3.10102211,9
TNG50-1,40,1.5,108378,0.11549222,0.02330888,1.15743054,1.85849437,0
TNG50-1,40,1.5,108378,0.01634217,-0.01881061,0.31367736,0.28698885,1
TNG50-1,40,1.5,108378,-0.03661427,-0.02535526,1.32188579,0.27329088,2
TNG50-1,40,1.5,108378,0.04579652,-0.020517,0.51035972,2.50649819,3
TNG50-1,40,1.5,108378,-0.00545726,-0.01269813,0.73267019,2.96443082,4
TNG50-1,40,1.5,108378,-0.01264407,-0.01889033,0.56913914,1.28703714,5
TNG50-1,40,1.5,108378,0.02811364,0.04581557,0.28185484,-0.10720126,6
TNG50-1,40,1.5,108378,-0.06459411,-0.08666046,0.55062791,-0.27392264,7
TNG50-1,40,1.5,108378,0.01763136,0.0431,0.36478453,-0.71413769,8
TNG50-1,40,1.5,108378,0.09564774,-0.01898433,1.29449689,-0.86959894,9
TNG50-1,40,1.5,179009,0.00470915,0.09311588,0.88851518,-2.57246764,0
TNG50-1,40,1.5,179009,0.06243789,0.03013262,0.42957846,-1.72203914,1
TNG50-1,40,1.5,179009,-0.05432839,-0.00912499,0.92081963,-0.39055296,2
TNG50-1,40,1.5,179009,0.01682005,0.02877733,0.82700759,2.8003758,3
TNG50-1,40,1.5,179009,-0.04579117,-0.07049097,1.23078296,-0.76460194,4
TNG50-1,40,1.5,179009,-0.0335956,0.05912654,0.61196721,1.70131828,5
TNG50-1,40,1.5,179009,0.07386968,-0.01619924,0.83599793,0.25432256,6
TNG50-1,40,1.5,179009,-0.02712789,-0.01020348,0.5155861,-1.99297127,7
TNG50-1,40,1.5,179009,0.02311062,-0.02458278,0.35217581,-1.12636075,8
TNG50-1,40,1.5,179009,-0.09356091,-0.02903257,1.10201282,0.962533,9
TNG50-1,40,1.5,125535,-0.04557218,-0.00417244,1.35804775,0.86668212,0
TNG50-1,40,1.5,125535,0.04122135,-0.02199939,0.26539764,2.23825284,1
TNG50-1,40,1.5,125535,0.04605754,-0.14778094,0.98854237,0.82350846,2
TNG50-1,40,1.5,125535,0.03273298,-0.06236587,0.45915308,-0.95709478,3
TNG50-1,40,1.5,125535,0.03727495,0.05604203,0.98217009,1.02120356,4
TNG50-1,40,1.5,125535,-0.01354641,-0.0332313,1.3501697,1.07979171,5
TNG50-1,40,1.5,125535,-0.04644946,0.01802958,0.58076736,2.89395324,6
TNG50-1,40,1.5,125535,-0.04340967,-0.06953427,0.8022924,-0.8110818,7
TNG50-1,40,1.5,125535,-0.08177316,0.07193527,0.63803435,-0.47072514,8
TNG50-1,40,1.5,125535,0.01184743,-0.00720138,1.02765557,1.9611264,9
TNG50-1,40,1.5,130662,0.00201283,-0.00813995,1.25362438,-0.11860705,0
TNG50-1,40,1.5,130662,-0.06431967,0.10479994,1.0931101,1.77318524,1
TNG50-1,40,1.5,130662,-0.06801292,-0.0728569,0.97939764,1.55816793,2
TNG50-1,40,1.5,130662,-0.07135682,-0.01953388,1.27719969,1.97966265,3
TNG50-1,40,1.5,130662,-0.08838111,0.08529263,1.16856518,-0.32521369,4
TNG50-1,40,1.5,130662,0.00547427,0.02249892,1.137629,2.01411955,5
TNG50-1,40,1.5,130662,0.0562522,0.02816565,1.29420979,-1.62889649,6
TNG50-1,40,1.5,130662,-0.00067079,0.00572922,0.90750201,-0.87455304,7
TNG50-1,40,1.5,130662,-0.11302074,0.01649718,0.73607404,-2.03351789,8
TNG50-1,40,1.5,130662,-0.00953802,0.03888048,1.34219165,-0.20430066,9
TNG50-1,40,1.5,100092,0.02493597,0.01051456,0.99635318,-1.72675965,0
TNG50-1,40,1.5,100092,-0.10535962,-0.03574383,1.33284729,1.84100458,1
TNG50-1,40,1.5,100092,-0.00215668,0.06560126,1.38699192,2.18552349,2
TNG50-1,40,1.5,100092,0.09987571,-0.01575872,0.98057237,3.10907223,3
TNG50-1,40,1.5,100092,0.00661733,-0.09672654,0.96379009,2.3430753,4
TNG50-1,40,1.5,100092,0.00339566,-0.0634007,1.04723083,2.44980771,5
TNG50-1,40,1.5,100092,0.02740642,-0.1374838,0.88893507,-1.16648628,6
TNG50-1,40,1.5,100092,0.04478026,-0.01170628,0.90552346,-0.61787818,7
TNG50-1,40,1.5,100092,-0.09987333,-0.00941921,0.5591489,-1.45716426,8
TNG50-1,40,1.5,100092,-0.08411632,-0.02122314,1.30985492,0.66789882,9
TNG50-1,40,1.5,134949,-0.01183294,-0.03141856,1.16611856,-1.80280336,0
TNG50-1,40,1.5,134949,-0.08903691,-0.03643052,0.31329463,-3.11453867,1
TNG50-1,40,1.5,134949,-0.040162,0.03857666,1.17632788,0.44715772,2
TNG50-1,40,1.5,134949,0.02755959,0.04045607,1.02596353,3.1043822,3
TNG50-1,40,1.5,134949,0.01977546,-0.00729052,1.02353817,-2.89878329,4
TNG50-1,40,1.5,134949,-0.07835291,-0.01960199,1.186453,-1.83470221,5
TNG50-1,40,1.5,134949,-0.03621713,0.00699622,0.64610482,0.1188442,6
TNG50-1,40,1.5,134949,-0.02908607,-0.04082876,0.65138994,1.94741508,7
TNG50-1,40,1.5,134949,-0.01827348,-0.0573416,1.07419251,-2.58212524,8
TNG50-1,40,1.5,134949,-0.06879568,-0.04701106,0.56141605,-0.65826008,9
TNG50-1,40,1.5,104580,-0.08104568,0.02262692,0.99355535,-0.61545184,0
TNG50-1,40,1.5,104580,-0.11721717,0.01604248,1.15443647,-1.72982705,1
TNG50-1,40,1.5,104580,0.04713829,0.01193004,0.61831687,2.17819845,2
TNG50-1,40,1.5,104580,-0.04924975,0.07888841,0.4389054,-0.63337459,3
TNG50-1,40,1.5,104580,-0.02277639,-0.05337969,0.60894725,-2.92094722,4
TNG50-1,40,1.5,104580,-0.06932211,-0.00274674,1.17506987,-2.12408376,5
TNG50-1,40,1.5,104580,-0.07049849,0.05663449,1.16794472,0.87493569,6
TNG50-1,40,1.5,104580,-0.00869189,0.06322699,1.1849726,1.77754626,7
TNG50-1,40,1.5,104580,-0.03647886,-0.07108818,1.28766733,-1.8162528,8
TNG50-1,40,1.5,104580,0.01889855,-0.01561777,0.36383867,2.62257383,9
TNG50-1,40,1.5,268778,0.05660261,0.05422576,0.95532204,-1.95702226,0
TNG50-1,40,1.5,268778,-0.11721489,-0.08826102,0.95293687,1.85499899,1
TNG50-1,40,1.5,268778,0.07952261,0.04869095,0.87373537,2.89420031,2
TNG50-1,40,1.5,268778,0.01875311,0.0004141,1.05866193,1.39383878,3
TNG50-1,40,1.5,268778,0.05389217,-0.01018909,0.63101789,2.62549179,4
TNG50-1,40,1.5,268778,-0.06099379,-0.07355576,0.42820521,3.04222574,5
TNG50-1,40,1.5,268778,-0.04153849,0.02515243,1.19196063,-0.92959303,6
TNG50-1,40,1.5,268778,0.00729691,-0.12070539,0.6972293,0.8684842,7
TNG50-1,40,1.5,268778,-0.00085189,0.0324197,0.76815796,-0.16378544,8
TNG50-1,40,1.5,268778,0.01415343,-0.07460529,0.93511927,3.05757859,9
TNG50-1,40,1.5,36237,-0.0348106,-0.08075254,1.10167217,2.42345706,0
TNG50-1,40,1.5,36237,0.01119837,0.04942659,0.51400096,-1.78489718,1
TNG50-1,40,1.5,36237,9.997e-05,0.01822625,1.37454559,0.19661818,2
TNG50-1,40,1.5,36237,0.01409779,-0.03630075,1.0574214,1.75470481,3
TNG50-1,40,1.5,36237,-0.03493402,-0.01403002,0.36075317,-1.59781564,4
TNG50-1,40,1.5,36237,-0.00446602,-0.07503347,1.35800857,-1.69177086,5
TNG50-1,40,1.5,36237,-0.07990262,-0.05127051,0.68042828,-2.97080227,6
TNG50-1,40,1.5,36237,0.00675617,-0.02689057,1.18244937,2.88093656,7
TNG50-1,40,1.5,36237,0.02250103,0.06142104,0.51150979,1.31957498,8
TNG50-1,40,1.5,36237,-0.01137097,-0.03197517,0.68509903,0.85175082,9
TNG50-1,40,1.5,156291,-0.11626857,-0.00565842,0.23795412,1.33674575,0
TNG50-1,40,1.5,156291,0.01184131,-0.05063419,1.33875848,-0.33054109,1
TNG50-1,40,1.5,156291,0.09514537,0.00632984,1.28977255,-0.96720953,2
TNG50-1,40,1.5,156291,-0.02267191,-0.02918402,0.57328154,-0.20324564,3
TNG50-1,40,1.5,156291,0.01299039,-0.02642131,0.87627279,-2.07524748,4
TNG50-1,40,1.5,156291,0.05124608,0.03031456,0.64795112,1.86341514,5
TNG50-1,40,1.5,156291,-0.00819768,-0.06691912,0.82157528,-1.50354249,6
TNG50-1,40,1.5,156291,-0.02904801,0.05236576,0.48512499,-2.1769255,7
TNG50-1,40,1.5,156291,-0.11378682,-0.06988431,0.81318329,-1.59371587,8
TNG50-1,40,1.5,156291,0.03204954,-0.03313507,0.93609084,2.14929015,9
TNG50-1,40,1.5,174639,-0.06559016,-0.02828194,1.33874777,1.63627771,0
TNG50-1,40,1.5,174639,0.0335614,0.05495958,1.00989335,-0.17243584,1
TNG50-1,40,1.5,174639,-0.03873259,0.03143981,1.04566543,-0.00506283,2
TNG50-1,40,1.5,174639,-0.02884982,0.0854972,1.32821202,0.75221911,3
TNG50-1,40,1.5,174639,0.01569095,0.11338221,1.2131107,2.68901864,4
TNG50-1,40,1.5,174639,-0.02458737,-0.05153585,1.01550518,-0.05144307,5
TNG50-1,40,1.5,174639,0.04464279,0.00352096,0.6891369,0.18006062,6
TNG50-1,40,1.5,174639,-0.0387255,-0.05881002,1.20037201,0.64086582,7
TNG50-1,40,1.5,174639,-0.03094733,-0.0388803,0.56954378,1.49235162,8
TNG50-1,40,1.5,174639,-0.03281854,-0.03150413,0.91206006,-2.69014368,9
TNG50-1,40,1.5,193644,0.00477195,-0.00039523,1.12158787,-1.73450054,0
TNG50-1,40,1.5,193644,-0.12181878,0.01369212,0.80972773,-1.33899446,1
TNG50-1,40,1.5,193644,-0.0491708,-0.01503823,1.0426448,-1.56807516,2
TNG50-1,40,1.5,193644,0.03438806,-0.09260809,0.66752929,-1.48992336,3
TNG50-1,40,1.5,193644,0.06064418,-0.01628491,1.20591314,0.51801559,4
TNG50-1,40,1.5,193644,0.05545849,-0.01636527,0.44234906,3.10089347,5
TNG50-1,40,1.5,193644,-0.07960065,-0.00740362,0.95796397,3.08050807,6
TNG50-1,40,1.5,193644,0.01507762,-0.02817357,0.67216118,0.16822117,7
TNG50-1,40,1.5,193644,0.05077576,-0.02215061,0.53878428,0.87353372,8
TNG50-1,40,1.5,193644,-0.08291678,-0.00198531,0.20472152,2.26176163,9
TNG50-1,40,1.5,183284,0.03846181,0.0028705,1.29425209,0.97937807,0
TNG50-1,40,1.5,183284,0.06108643,-0.05586638,1.24206474,-1.41352166,1
TNG50-1,40,1.5,183284,0.03222792,0.02073081,0.5375346,-2.73352,2
TNG50-1,40,1.5,183284,-0.04398212,0.02893308,1.01042566,-2.79642594,3
TNG50-1,40,1.5,183284,0.03368972,0.00439814,1.20834998,0.51350776,4
TNG50-1,40,1.5,183284,0.04302649,0.01097925,0.66792433,-3.00510016,5
TNG50-1,40,1.5,183284,0.07794081,-0.0129353,0.90364968,2.19152548,6
TNG50-1,40,1.5,183284,-0.0438055,0.07391395,1.38258143,-2.16520376,7
TNG50-1,40,1.5,183284,-0.01132273,-0.04503461,1.13045155,0.66957603,8
TNG50-1,40,1.5,183284,0.0373636,-0.02936604,1.25207148,-0.34753537,9
TNG50-1,40,1.5,205093,-0.05423053,-0.02809033,1.09809361,-0.15693861,0
TNG50-1,40,1.5,205093,0.07062565,-0.03080964,0.72834139,0.64971879,1
TNG50-1,40,1.5,205093,0.05120494,-0.05971827,1.38482256,-1.59865573,2
TNG50-1,40,1.5,205093,0.01449427,-0.05322364,1.01720516,-2.8742317,3
TNG50-1,40,1.5,205093,0.00786164,-0.09141977,0.80698531,-1.73673323,4
TNG50-1,40,1.5,205093,-0.01045161,0.03649144,0.84403179,-0.28340683,5
TNG50-1,40,1.5,205093,0.0339262,0.09044573,0.64495037,-0.54079175,6
TNG50-1,40,1.5,205093,-0.01853891,0.07126645,0.59781266,-2.03156127,7
TNG50-1,40,1.5,205093,0.01177849,-0.08130422,0.7279805,2.03836297,8
TNG50-1,40,1.5,205093,0.04359672,0.03624273,1.31476474,2.67466822,9
TNG50-1,40,1.5,176051,0.05356523,0.02549104,0.70569323,-0.22668296,0
TNG50-1,40,1.5,176051,0.03014685,0.02759294,0.53997004,2.78073927,1
TNG50-1,40,1.5,176051,-0.0065013,-0.14585799,0.98517924,1.47118488,2
TNG50-1,40,1.5,176051,0.03095525,0.05951529,0.94840415,-1.7891763,3
TNG50-1,40,1.5,176051,-0.0580456,-0.15238163,1.13416223,2.25918923,4
TNG50-1,40,1.5,176051,0.00161851,-0.03080245,0.3000389,-0.76528868,5
TNG50-1,40,1.5,176051,0.00736612,0.0512674,0.70150641,2.20993565,6
TNG50-1,40,1.5,176051,-0.02349183,-0.01586434,1.08276884,-1.62294929,7
TNG50-1,40,1.5,176051,0.02177292,-0.0733093,1.25394254,0.74556661,8
TNG50-1,40,1.5,176051,-0.03902167,-0.05468685,1.21552107,2.68084974,9
TNG50-1,40,1.5,160809,0.00474134,0.01226855,0.96876165,-1.38458578,0
TNG50-1,40,1.5,160809,-0.06139578,-0.08881991,1.28209369,-2.94025684,1
TNG50-1,40,1.5,160809,-0.10901831,-0.03269816,1.27274152,0.7187091,2
TNG50-1,40,1.5,160809,-0.01898382,0.01076513,0.75694396,-0.79345319,3
TNG50-1,40,1.5,160809,-0.09014281,-0.05122645,1.36091525,0.95086584,4
TNG50-1,40,1.5,160809,-0.03760804,0.04540314,1.15694708,-2.45881794,5
TNG50-1,40,1.5,160809,-0.04545514,-0.06013483,1.28365788,-3.05502698,6
TNG50-1,40,1.5,160809,-0.0435608,-0.01431831,1.01539574,-1.58151388,7
TNG50-1,40,1.5,160809,0.10004816,-0.02930258,1.04067862,-0.27302122,8
TNG50-1,40,1.5,160809,0.00282058,0.00821603,0.93634097,-0.66556542,9
TNG50-1,40,1.5,138265,-0.02802247,0.02726616,1.01171105,3.00365001,0
TNG50-1,40,1.5,138265,0.00155236,0.01158302,0.9108409,-0.15785349,1
TNG50-1,40,1.5,138265,-0.01260314,0.04825852,1.27777743,-2.31898979,2
TNG50-1,40,1.5,138265,-0.03929883,0.00439338,1.11253209,-2.81661694,3
TNG50-1,40,1.5,138265,-0.01449378,0.01960055,0.24531949,2.79863486,4
TNG50-1,40,1.5,138265,0.00991906,0.01519187,1.3866418,-1.47146285,5
TNG50-1,40,1.5,138265,-0.03836085,-0.004577,1.0044605,0.02553428,6
TNG50-1,40,1.5,138265,-0.04031409,-0.02654109,0.54985333,-2.57169665,7
TNG50-1,40,1.5,138265,-0.06801217,0.11070763,1.12368861,-0.47968902,8
TNG50-1,40,1.5,138265,0.01953625,-0.02259755,0.97803712,2.70243268,9
TNG50-1,40,1.5,131685,0.00073401,0.06541233,1.09535721,-2.896678,0
TNG50-1,40,1.5,131685,-0.03949932,-0.02467341,1.101141,-0.03392779,1
TNG50-1,40,1.5,131685,0.00649649,0.03297421,0.72181557,-2.36286689,2
TNG50-1,40,1.5,131685,-0.00348994,-0.01984569,0.99096118,-1.6432638,3
TNG50-1,40,1.5,131685,-0.06667372,0.00568741,1.08980847,1.5526434,4
TNG50-1,40,1.5,131685,-0.07359062,0.03684183,0.53419981,-2.32005478,5
TNG50-1,40,1.5,131685,0.02825767,-0.02312779,0.88498124,1.92858744,6
TNG50-1,40,1.5,131685,-0.13009442,0.04982774,1.2204838,2.74516945,7
TNG50-1,40,1.5,131685,0.01027053,-0.04968489,0.45301731,0.66936093,8
TNG50-1,40,1.5,131685,-0.02390415,0.01472964,1.10677486,1.32172578,9
TNG50-1,40,1.5,143012,-0.05464476,-0.00980021,1.12007149,1.72121226,0
TNG50-1,40,1.5,143012,-0.07235023,-0.01710764,1.32569111,1.66351533,1
TNG50-1,40,1.5,143012,0.086118,-0.07034571,1.37924135,2.16312702,2
TNG50-1,40,1.5,143012,0.01364313,-0.09888745,1.23057067,2.48502855,3
TNG50-1,40,1.5,143012,0.01898438,-0.0130781,0.67143713,-0.41249584,4
TNG50-1,40,1.5,143012,-0.01545112,0.00282483,0.23453902,1.67682865,5
TNG50-1,40,1.5,143012,-0.00864355,-0.0643065,0.39715368,1.92515999,6
TNG50-1,40,1.5,143012,0.04822753,-0.00172374,0.95398753,-1.20348369,7
TNG50-1,40,1.5,143012,-0.00161686,0.00268763,0.92629816,2.69700856,8
TNG50-1,40,1.5,143012,0.0265347,-0.1078004,1.13204489,-2.54882751,9
TNG50-1,40,1.5,36240,0.07717464,0.01056932,1.02973504,2.03520139,0
TNG50-1,40,1.5,36240,0.01283294,0.01952275,1.12017603,-1.52856225,1
TNG50-1,40,1.5,36240,-0.08572429,0.02481715,0.95568203,2.95166188,2
TNG50-1,40,1.5,36240,-0.03569097,0.0455619,1.03749296,1.78896122,3
TNG50-1,40,1.5,36240,0.03859371,0.00992893,1.1826597,2.93797363,4
TNG50-1,40,1.5,36240,-0.01398384,0.0244692,0.9555161,2.12457463,5
TNG50-1,40,1.5,36240,-0.02560307,-0.01296046,1.27349432,-2.24872735,6
TNG50-1,40,1.5,36240,0.07004409,0.00313492,1.09835068,0.16625365,7
TNG50-1,40,1.5,36240,-0.05236436,0.00537671,0.89141289,-2.07358611,8
TNG50-1,40,1.5,36240,-0.03990767,0.01075491,1.04156621,1.99948143,9
TNG50-1,40,1.5,233856,0.06295574,0.00636812,1.01389,2.69945865,0
TNG50-1,40,1.5,233856,-0.00474827,-0.00317543,1.2696882,2.81168173,1
TNG50-1,40,1.5,233856,-0.01660843,0.03657462,1.31363091,-1.16416461,2
TNG50-1,40,1.5,233856,0.13519926,-0.0423372,0.20095462,-0.91002585,3
TNG50-1,40,1.5,233856,0.01971188,-0.05377861,1.00172776,-0.29876399,4
TNG50-1,40,1.5,233856,-0.03597408,0.01121487,0.50162025,-0.5267717,5
TNG50-1,40,1.5,233856,-0.03471319,0.03004796,0.97551746,-1.94750334,6
TNG50-1,40,1.5,233856,-0.047134,0.01662662,0.40988026,2.50306636,7
TNG50-1,40,1.5,233856,0.04682847,-0.04047269,1.32733742,-1.55001406,8
TNG50-1,40,1.5,233856,-0.01821886,0.03387424,1.30535618,1.28976459,9
TNG50-1,40,1.5,112197,0.02538642,-0.02342128,0.82594722,1.84519952,0
TNG50-1,40,1.5,112197,0.03015034,0.10054631,1.0651073,-2.7726523,1
TNG50-1,40,1.5,112197,-0.01867045,0.02744914,1.10429744,-0.44548493,2
TNG50-1,40,1.5,112197,0.10605717,0.03630492,0.92418685,1.24607131,3
TNG50-1,40,1.5,112197,0.01172156,-0.04655367,0.65137497,3.05810114,4
TNG50-1,40,1.5,112197,-0.09312424,-0.04995724,1.07368572,-0.26152948,5
TNG50-1,40,1.5,112197,-0.05011879,0.00184027,0.86857331,-2.55860445,6
TNG50-1,40,1.5,112197,-0.08702515,0.00865036,0.3088382,0.38961514,7
TNG50-1,40,1.5,112197,0.00086673,-0.09281558,0.93623668,-2.34636889,8
TNG50-1,40,1.5,112197,-0.00609026,-0.00901535,0.4347066,1.58034401,9
TNG50-1,40,1.5,132762,-0.00490368,0.0289641,0.66152955,-2.87031471,0
TNG50-1,40,1.5,132762,-0.03246315,0.10929319,1.23256314,-3.1110731,1
TNG50-1,40,1.5,132762,-0.0742781,0.01386448,1.15188237,1.44196016,2
TNG50-1,40,1.5,132762,0.00463397,0.02425409,0.29279588,2.820357,3
TNG50-1,40,1.5,132762,-0.03841778,-0.05387807,0.73225758,1.61165618,4
TNG50-1,40,1.5,132762,0.00429967,-0.06434537,0.84390398,-0.17818994,5
TNG50-1,40,1.5,132762,-0.03970218,0.07914147,1.13825789,-0.08768028,6
TNG50-1,40,1.5,132762,-0.05498292,-0.04617399,1.14583203,-0.40126669,7
TNG50-1,40,1.5,132762,0.01171492,-0.0521972,1.36741185,-1.10179633,8
TNG50-1,40,1.5,132762,0.00754608,-0.00195495,0.70731411,0.13643443,9
TNG50-1,40,1.5,139282,0.01233416,-0.01071375,1.23400307,-0.81950577,0
TNG50-1,40,1.5,139282,0.05422932,-0.09231685,0.88321087,0.42565815,1
TNG50-1,40,1.5,139282,0.02754622,-0.02277406,0.96015223,-2.70717357,2
TNG50-1,40,1.5,139282,-0.11886452,0.02081841,0.87606393,-2.07144626,3
TNG50-1,40,1.5,139282,-0.03923896,-0.05452236,1.07565026,-2.70718477,4
TNG50-1,40,1.5,139282,0.00691026,0.03156374,0.57401631,1.43181787,5
TNG50-1,40,1.5,139282,-0.00974899,0.04541966,1.28467729,-1.33165849,6
TNG50-1,40,1.5,139282,0.02388054,0.00634335,1.02744474,1.40583312,7
TNG50-1,40,1.5,139282,0.03946833,-0.15318899,0.75431203,-2.72439996,8
TNG50-1,40,1.5,139282,0.03042259,-0.06390442,0.50880965,2.27795501,9
TNG50-1,40,1.5,141038,-0.03750009,0.00066879,1.03671055,0.64163506,0
TNG50-1,40,1.5,141038,-0.02537003,0.06455145,1.08497563,-2.30098775,1
TNG50-1,40,1.5,141038,-0.01530595,0.01307102,0.93677666,1.21805412,2
TNG50-1,40,1.5,141038,-0.02451111,0.04132037,0.99510153,2.18445284,3
TNG50-1,40,1.5,141038,-0.04450104,0.01396208,1.12099424,-1.64911201,4
TNG50-1,40,1.5,141038,-0.13813378,0.06843923,1.14017354,-2.19534121,5
TNG50-1,40,1.5,141038,-0.02173497,0.00279697,1.18835889,-3.08744883,6
TNG50-1,40,1.5,141038,0.0184679,0.02480604,1.08638023,-2.84471002,7
TNG50-1,40,1.5,141038,-0.02466109,0.01831665,1.27507008,1.64777382,8
TNG50-1,40,1.5,141038,0.09676906,-0.01441427,0.50233992,3.061082,9
TNG50-1,40,1.5,182554,0.04172628,-0.03458849,1.14735485,0.17364437,0
TNG50-1,40,1.5,182554,0.05247493,0.07510146,1.1183955,-2.71826741,1
TNG50-1,40,1.5,182554,0.04219684,0.03747285,0.38993242,2.71095525,2
TNG50-1,40,1.5,182554,0.07397311,0.03257703,0.7635719,-2.36345985,3
TNG50-1,40,1.5,182554,-0.00950358,0.03108007,0.28563727,-1.89764294,4
TNG50-1,40,1.5,182554,-0.10273807,-0.00186246,1.0382743,1.66706242,5
TNG50-1,40,1.5,182554,-0.00942931,0.00987781,0.92059707,-2.53253496,6
TNG50-1,40,1.5,182554,0.04058679,-0.05925923,0.97087315,2.51502147,7
TNG50-1,40,1.5,182554,-0.04849002,-0.1093221,1.31100351,1.41812102,8
TNG50-1,40,1.5,182554,-0.0088183,0.00750406,1.20068492,-2.71043509,9
TNG50-1,40,1.5,185871,-0.03495109,0.03342777,1.05011502,-2.50577598,0
TNG50-1,40,1.5,185871,0.00213155,0.05615473,0.87338252,-1.42529949,1
TNG50-1,40,1.5,185871,-0.00433524,-0.00224976,0.87104127,0.1721579,2
TNG50-1,40,1.5,185871,-0.0136852,-0.09804228,0.79193001,2.34354779,3
TNG50-1,40,1.5,185871,0.03951703,0.03529849,0.71755794,1.12501411,4
TNG50-1,40,1.5,185871,-0.07664324,-0.08299439,0.80974353,-2.57354194,5
TNG50-1,40,1.5,185871,-0.02585071,0.01543996,0.62640087,0.57978061,6
TNG50-1,40,1.5,185871,0.0342019,-0.04437319,0.82835956,-1.74837179,7
TNG50-1,40,1.5,185871,-0.03070424,-0.05799196,0.92052574,1.47036941,8
TNG50-1,40,1.5,185871,-0.08044034,-0.0220955,0.84858369,2.05737155,9
TNG50-1,40,1.5,170096,0.06783816,0.05668946,0.60896938,-1.81118407,0
TNG50-1,40,1.5,170096,-0.03724915,0.10534424,1.30804028,2.00716829,1
TNG50-1,40,1.5,170096,-0.03160429,-0.02884242,0.84592107,-0.00879622,2
TNG50-1,40,1.5,170096,0.03081177,-0.00084184,0.32724864,-2.92873219,3
TNG50-1,40,1.5,170096,-0.11635499,0.09110276,1.05211082,1.14991689,4
TNG50-1,40,1.5,170096,-0.09305968,-0.07610996,1.35795606,2.83055154,5
TNG50-1,40,1.5,170096,-0.01403667,0.05137905,0.40795482,2.06811352,6
TNG50-1,40,1.5,170096,0.07749453,-0.05091578,0.48252803,-1.39990537,7
TNG50-1,40,1.5,170096,-0.0217865,0.00512362,0.93607439,-2.80654126,8
TNG50-1,40,1.5,170096,0.00504684,-0.01213095,0.90543035,2.76680953,9
TNG50-1,40,1.5,194867,-0.04137921,-0.05944401,0.44855715,-0.77106095,0
TNG50-1,40,1.5,194867,-0.0205267,-0.03513775,0.57053801,-3.06369866,1
TNG50-1,40,1.5,194867,0.00447964,-0.03870429,0.82116152,0.06116467,2
TNG50-1,40,1.5,194867,0.04979693,-0.02202539,0.83342067,0.04517685,3
TNG50-1,40,1.5,194867,-0.03022993,0.06612522,0.81235206,-0.39590798,4
TNG50-1,40,1.5,194867,-0.09211922,0.03309738,0.75344367,-1.00708745,5
TNG50-1,40,1.5,194867,-0.09582987,0.00080647,1.38643435,-1.57188905,6
TNG50-1,40,1.5,194867,-0.06297065,-0.02305131,0.3297683,0.17306955,7
TNG50-1,40,1.5,194867,-0.06565839,-0.02166163,0.87060447,-0.78365056,8
TNG50-1,40,1.5,194867,-0.00773054,0.01638732,0.63843032,2.9526691,9
TNG50-1,40,1.5,161759,-0.03508835,0.01244568,1.3171471,2.25545147,0
TNG50-1,40,1.5,161759,0.03829777,0.05043342,0.79458779,-2.37322483,1
TNG50-1,40,1.5,161759,-0.03809958,0.02422267,0.21737969,2.67778171,2
TNG50-1,40,1.5,161759,0.054533,0.06088626,1.38699382,-2.97812049,3
TNG50-1,40,1.5,161759,0.11053204,0.04597118,0.89992947,2.11240534,4
TNG50-1,40,1.5,161759,-0.00610419,0.07608502,0.67874871,-2.65941833,5
TNG50-1,40,1.5,161759,-0.10962717,0.0179398,0.5739977,-1.91870753,6
TNG50-1,40,1.5,161759,-0.02740365,0.04526297,0.91266781,-3.11712501,7
TNG50-1,40,1.5,161759,0.06159376,-0.01535635,0.83367309,-0.34396226,8
TNG50-1,40,1.5,161759,0.02765384,-0.03007304,0.74603821,-1.04075167,9
TNG50-1,40,1.5,202938,-0.02709917,0.03156192,0.78195718,2.0298937,0
TNG50-1,40,1.5,202938,0.05741282,0.02401206,1.09899378,2.52678089,1
TNG50-1,40,1.5,202938,0.02710976,0.02038642,0.47730062,2.37175782,2
TNG50-1,40,1.5,202938,0.0122341,-0.01602702,0.58511476,2.88772848,3
TNG50-1,40,1.5,202938,0.00727574,0.03937414,0.96524584,-1.7069138,4
TNG50-1,40,1.5,202938,-0.0087484,-0.00227791,0.64999138,2.71323204,5
TNG50-1,40,1.5,202938,0.05228201,-0.02435568,1.17058195,0.44744568,6
TNG50-1,40,1.5,202938,-0.04326714,-0.01559457,0.96384409,-0.48697775,7
TNG50-1,40,1.5,202938,-0.08109626,0.10103198,1.23454864,0.37934038,8
TNG50-1,40,1.5,202938,0.03072201,-0.0867488,0.5209022,-0.98895856,9
TNG50-1,40,1.5,150534,0.02346803,0.06861712,0.78364865,-2.47593719,0
TNG50-1,40,1.5,150534,0.11364959,-0.04955532,0.54410846,-1.72300527,1
TNG50-1,40,1.5,150534,0.03199681,0.04839994,0.22642153,2.14065717,2
TNG50-1,40,1.5,150534,0.07367065,-0.004348,1.03521525,-0.64997841,3
TNG50-1,40,1.5,150534,0.00914574,0.01699043,0.59290709,-0.66548929,4
TNG50-1,40,1.5,150534,-0.00366092,0.02301093,0.68700216,-1.59604833,5
TNG50-1,40,1.5,150534,0.01906357,0.04971752,1.00411272,-0.05271382,6
TNG50-1,40,1.5,150534,-0.04079133,0.00413591,0.40044399,1.92150464,7
TNG50-1,40,1.5,150534,-0.04818876,0.0705081,1.05928996,2.48288938,8
TNG50-1,40,1.5,150534,0.06331523,0.01547064,0.89175055,-2.70105068,9
TNG50-1,40,1.5,91587,-0.06654386,0.08286881,1.18462606,-0.67040404,0
TNG50-1,40,1.5,91587,-0.08340173,-0.0342278,0.947094,2.32938648,1
TNG50-1,40,1.5,91587,0.04118605,-0.03415459,0.35263734,1.18596513,2
TNG50-1,40,1.5,91587,-0.03014892,0.07686788,1.0714359,0.20571417,3
TNG50-1,40,1.5,91587,-0.0196113,0.01057301,0.49619085,-0.70457111,4
TNG50-1,40,1.5,91587,-0.09284052,-0.02760124,0.24765308,1.96221959,5
TNG50-1,40,1.5,91587,-0.03394897,-0.00775666,0.49769916,1.31669428,6
TNG50-1,40,1.5,91587,-0.00037836,0.06765368,1.26155596,-0.19851523,7
TNG50-1,40,1.5,91587,0.04651889,0.07331014,0.5845295,2.46605182,8
TNG50-1,40,1.5,91587,-0.03856151,-0.04083966,1.37350763,-1.69678665,9
TNG50-1,40,1.5,172175,-0.02568181,-0.04752681,0.4661418,0.47309214,0
TNG50-1,40,1.5,172175,0.01456026,-0.008997,1.39777403,-2.55656947,1
TNG50-1,40,1.5,172175,0.11963384,0.02249077,1.14615752,2.16398314,2
TNG50-1,40,1.5,172175,-0.05286934,-0.05041544,0.90255495,-2.04217448,3
TNG50-1,40,1.5,172175,-0.09489072,-0.0350042,1.11451113,1.66386287,4
TNG50-1,40,1.5,172175,0.06432951,-0.01736914,1.16978374,-0.87609525,5
TNG50-1,40,1.5,172175,-0.04134046,-0.07144077,0.99721554,1.77664195,6
TNG50-1,40,1.5,172175,-0.00103532,-0.02112805,1.24821172,-1.84554178,7
TNG50-1,40,1.5,172175,-0.02929591,0.00593983,0.92852434,-1.96876007,8
TNG50-1,40,1.5,172175,0.01340814,-0.01997745,0.7340595,-0.01868716,9
TNG50-1,40,1.5,172860,-0.01198855,0.00728152,0.2338741,-2.29197178,0
TNG50-1,40,1.5,172860,0.06434211,0.01966149,1.26502688,-2.40679152,1
TNG50-1,40,1.5,172860,-0.09548815,-0.04309912,0.61347588,-2.49239599,2
TNG50-1,40,1.5,172860,-0.06397484,0.04286052,0.47592799,0.86576036,3
TNG50-1,40,1.5,172860,-0.05160161,-0.05560221,1.3596703,-0.93361316,4
TNG50-1,40,1.5,172860,-0.00316599,0.04176885,0.67476228,-1.78044462,5
TNG50-1,40,1.5,172860,-0.01828584,0.05930713,1.09580591,1.2056496,6
TNG50-1,40,1.5,172860,0.06995682,0.01054323,0.80182686,1.17401045,7
TNG50-1,40,1.5,172860,0.04771742,-0.00881065,0.94419234,0.24610164,8
TNG50-1,40,1.5,172860,0.02476365,0.0200155,1.18058464,2.73292056,9
TNG50-1,40,1.5,93692,-0.00847754,-0.01175753,1.26165213,2.65975127,0
TNG50-1,40,1.5,93692,0.09206278,0.12291218,1.36290954,-1.33323528,1
TNG50-1,40,1.5,93692,-0.06322152,0.06960355,0.50042584,1.12560355,2
TNG50-1,40,1.5,93692,-0.0584805,-0.04264689,0.74987291,-2.8019594,3
TNG50-1,40,1.5,93692,-0.06509673,0.03237871,1.36706208,2.86425621,4
TNG50-1,40,1.5,93692,0.08637091,-0.04157614,1.37669306,3.02068826,5
TNG50-1,40,1.5,93692,-0.02311699,-0.08881838,0.89880082,1.5021502,6
TNG50-1,40,1.5,93692,-0.00128195,0.05097555,1.16053596,-0.21857649,7
TNG50-1,40,1.5,93692,-0.02013915,0.05800464,0.85876247,-1.75933311,8
TNG50-1,40,1.5,93692,-0.04722114,0.05230261,1.02155565,1.96359808,9
TNG50-1,40,1.5,269775,-0.09106752,0.0277956,1.075895,-0.26453863,0
TNG50-1,40,1.5,269775,0.08763238,-0.02319002,1.07242481,-0.53766931,1
TNG50-1,40,1.5,269775,0.04128568,0.02327484,1.0246736,0.1588588,2
TNG50-1,40,1.5,269775,0.0384948,-0.05054345,0.59126809,-1.14528435,3
TNG50-1,40,1.5,269775,0.04838627,0.07522534,1.12643986,-2.48656923,4
TNG50-1,40,1.5,269775,0.02883542,-0.03305345,0.66962924,-0.53500063,5
TNG50-1,40,1.5,269775,-0.01221644,0.02505427,0.37340159,-2.36337692,6
TNG50-1,40,1.5,269775,-0.00818821,0.05329888,0.78789917,-0.56271282,7
TNG50-1,40,1.5,269775,-0.02137822,0.01923843,1.02432963,0.35772512,8
TNG50-1,40,1.5,269775,0.13173704,0.0047235,0.68289172,2.70623817,9
TNG50-1,40,1.5,186577,0.00543511,-0.02676278,1.27794362,-0.72915226,0
TNG50-1,40,1.5,186577,0.08630662,-0.07312287,0.26573895,2.70958175,1
TNG50-1,40,1.5,186577,-0.09577826,0.03899348,0.8361384,-2.20396718,2
TNG50-1,40,1.5,186577,0.01391665,0.03764361,0.84415553,3.12317671,3
TNG50-1,40,1.5,186577,-0.06880217,0.04215872,0.248466,-0.75947964,4
TNG50-1,40,1.5,186577,-0.03171655,-0.07703672,1.32677028,0.93478029,5
TNG50-1,40,1.5,186577,-0.01822142,0.01494591,0.28589453,2.9399447,6
TNG50-1,40,1.5,186577,-0.02102542,0.03379894,1.22893841,-2.77967458,7
TNG50-1,40,1.5,186577,-0.0266898,-0.0515601,0.8302151,2.65693515,8
TNG50-1,40,1.5,186577,0.00036035,0.00045866,1.03528994,0.4260715,9
TNG50-1,40,1.5,184041,-0.05226314,0.07876883,0.86136195,3.05756082,0
TNG50-1,40,1.5,184041,-0.02838611,-0.00305087,1.22582053,-1.74369544,1
TNG50-1,40,1.5,184041,-0.03104107,0.00630826,0.89417416,1.9784239,2
TNG50-1,40,1.5,184041,0.03930996,-0.01698025,0.48559011,-2.08196561,3
TNG50-1,40,1.5,184041,0.0487992,-0.04448952,0.78105894,-1.35967408,4
TNG50-1,40,1.5,184041,-0.00775651,-0.07343197,0.98583735,-0.51347875,5
TNG50-1,40,1.5,184041,0.07154595,0.03164342,1.12576934,-1.10329175,6
TNG50-1,40,1.5,184041,0.06842347,-0.03917005,1.32890068,1.87459344,7
TNG50-1,40,1.5,184041,0.01216995,0.15297656,1.19378919,2.8757725,8
TNG50-1,40,1.5,184041,-0.04109459,-0.05430368,1.39079638,2.35804479,9
TNG50-1,40,1.5,204556,0.01517335,-0.06051994,1.29344686,-2.51635513,0
TNG50-1,40,1.5,204556,0.02557569,0.04894207,0.39279967,0.66759233,1
TNG50-1,40,1.5,204556,0.00708283,0.00393088,0.95249178,-2.72468569,2
TNG50-1,40,1.5,204556,-0.01985972,-0.04314,0.58472069,-1.62550118,3
TNG50-1,40,1.5,204556,-0.01662213,0.04042739,0.79582504,-2.76015816,4
TNG50-1,40,1.5,204556,-0.04087792,-0.02802244,0.73005383,0.30716978,5
TNG50-1,40,1.5,204556,0.02108084,-0.07032503,0.72257638,-2.1341585,6
TNG50-1,40,1.5,204556,-0.00470076,0.05106111,0.49727639,0.69370965,7
TNG50-1,40,1.5,204556,-0.03315869,-0.02685485,0.84055619,1.82755952,8
TNG50-1,40,1.5,204556,-0.03311224,-0.02044495,1.1643467,2.02243622,9
TNG50-1,40,1.5,142043,0.04492776,-0.13697666,0.66434293,-0.16183863,0
TNG50-1,40,1.5,142043,0.04003596,-0.08834809,0.74428766,0.44441351,1
TNG50-1,40,1.5,142043,0.01384099,0.07108135,1.16400368,-1.16769928,2
TNG50-1,40,1.5,142043,-0.06752107,-0.02006275,0.73133615,-2.25384601,3
TNG50-1,40,1.5,142043,-0.01558197,-0.03753623,0.35380541,-1.46439907,4
TNG50-1,40,1.5,142043,-0.03730582,0.08213301,1.32416387,2.25993798,5
TNG50-1,40,1.5,142043,0.04348379,0.063258,1.12165596,0.64350475,6
TNG50-1,40,1.5,142043,0.05890924,0.00122244,1.20244803,-0.76661978,7
TNG50-1,40,1.5,142043,0.05281928,-0.01467015,1.06038194,1.821533,8
TNG50-1,40,1.5,142043,-0.03776097,-0.00660506,0.68986741,-2.73659466,9
TNG50-1,40,1.5,102575,0.00141634,0.0059562,0.83946745,-0.79217244,0
TNG50-1,40,1.5,102575,-0.07999747,0.01589993,0.96258604,-0.33909271,1
TNG50-1,40,1.5,102575,0.07049531,-0.03921293,0.8364802,-0.56736487,2
TNG50-1,40,1.5,102575,-0.03408073,-0.00625222,1.27361126,-1.99841135,3
TNG50-1,40,1.5,102575,0.10157001,-0.03050494,1.21898276,1.45535546,4
TNG50-1,40,1.5,102575,-0.00162372,0.1149832,1.17167113,-0.32384629,5
TNG50-1,40,1.5,102575,0.05140268,-0.00448654,0.85763512,-3.03944622,6
TNG50-1,40,1.5,102575,-0.00266514,0.07726161,1.01461028,2.91548408,7
TNG50-1,40,1.5,102575,-0.00153719,-0.00978112,1.19392101,1.98400128,8
TNG50-1,40,1.5,102575,-0.02920147,0.01296438,0.48402199,1.40466485,9
TNG50-1,40,1.5,80802,-0.07739164,0.00593321,1.33083949,-1.05887805,0
TNG50-1,40,1.5,80802,-0.01326801,0.04936237,1.06314098,0.92002821,1
TNG50-1,40,1.5,80802,-0.02312607,-0.02833565,1.18238419,-1.96857148,2
TNG50-1,40,1.5,80802,-0.09868413,-0.03154808,1.25808887,2.75018434,3
TNG50-1,40,1.5,80802,0.05301636,0.05285946,0.34178771,-1.24536917,4
TNG50-1,40,1.5,80802,-0.01351983,0.01893197,1.23631801,-1.53820851,5
TNG50-1,40,1.5,80802,0.03698156,-0.10223641,0.32653413,1.32677499,6
TNG50-1,40,1.5,80802,0.1179886,-0.06126959,0.66596289,0.98299629,7
TNG50-1,40,1.5,80802,-0.01766218,0.07506179,0.81041628,-0.30599792,8
TNG50-1,40,1.5,80802,-0.02105765,0.02009641,0.77043222,0.83218424,9
TNG50-1,40,1.5,180754,-0.0444902,-0.04517672,0.5492273,1.47705399,0
TNG50-1,40,1.5,180754,-0.02461235,-0.00378857,1.35308544,1.3302579,1
TNG50-1,40,1.5,180754,0.01004251,-0.02255877,0.64460179,2.25211029,2
TNG50-1,40,1.5,180754,-0.0186757,-0.05691634,1.07583121,-1.98679302,3
TNG50-1,40,1.5,180754,0.02426516,-0.02208459,1.14208314,-3.13641143,4
TNG50-1,40,1.5,180754,0.02614219,-0.02372565,1.25546264,0.61907275,5
TNG50-1,40,1.5,180754,0.04444916,-0.03359239,0.21564331,-0.91823325,6
TNG50-1,40,1.5,180754,0.07117797,-0.01578947,1.34740189,-2.36381391,7
TNG50-1,40,1.5,180754,0.04979294,0.05892254,0.57364972,-1.97204837,8
TNG50-1,40,1.5,180754,-0.04671195,0.0099619,0.81203756,-1.05715025,9
TNG50-1,40,1.5,162442,0.01147302,0.04686885,0.51085276,1.42635159,0
TNG50-1,40,1.5,162442,-0.02612062,-0.03920711,1.08671796,2.28754737,1
TNG50-1,40,1.5,162442,-0.02354108,0.09131047,1.39641172,-2.24121949,2
TNG50-1,40,1.5,162442,0.0369663,-0.05668855,0.95099032,-1.33003366,3
TNG50-1,40,1.5,162442,-0.05808667,0.06642394,0.37898007,-1.91618637,4
TNG50-1,40,1.5,162442,-0.04526826,-0.03282431,1.18269613,-2.97285283,5
TNG50-1,40,1.5,162442,0.007704,0.10066232,0.9665504,0.3357192,6
TNG50-1,40,1.5,162442,0.04847049,0.02956604,1.25482096,1.25614804,7
TNG50-1,40,1.5,162442,0.06190802,-0.05080083,1.35235941,0.92914162,8
TNG50-1,40,1.5,162442,-0.03325309,-0.02611192,1.33335495,-0.70338031,9
TNG50-1,40,1.5,238569,0.03438262,0.0025916,1.38930862,-1.91739136,0
TNG50-1,40,1.5,238569,0.02730559,-0.03118013,1.16225424,0.93050161,1
TNG50-1,40,1.5,238569,0.01213221,-0.02632533,1.11766114,-0.10359941,2
TNG50-1,40,1.5,238569,0.02783083,-0.05624647,1.16784685,-0.3810748,3
TNG50-1,40,1.5,238569,-0.00213415,0.06328875,0.59586616,-2.43710204,4
TNG50-1,40,1.5,238569,0.02064457,0.05328426,0.66715841,0.11500916,5
TNG50-1,40,1.5,238569,-0.03630722,0.02687169,0.74743708,-2.51370258,6
TNG50-1,40,1.5,238569,0.0184853,0.0986098,1.28431879,-2.10955818,7
TNG50-1,40,1.5,238569,0.03342088,-0.00946228,0.60166748,-2.3087796,8
TNG50-1,40,1.5,238569,-0.03348407,0.15158812,0.76908547,2.85324647,9
TNG50-1,40,1.5,77694,0.02773983,0.04883327,1.13725831,1.65506197,0
TNG50-1,40,1.5,77694,0.03383073,0.00196565,0.89190604,2.83712327,1
TNG50-1,40,1.5,77694,-0.03224302,0.03884038,1.36455609,-2.26081736,2
TNG50-1,40,1.5,77694,0.01702202,-0.08806447,1.33437839,2.88826228,3
TNG50-1,40,1.5,77694,-0.04380297,0.04315438,0.7467643,0.59541037,4
TNG50-1,40,1.5,77694,-0.03098215,0.00885599,1.34065644,0.89007858,5
TNG50-1,40,1.5,77694,-0.04588545,0.03135548,0.98068719,1.31900633,6
TNG50-1,40,1.5,77694,-0.05941944,0.01900116,1.11035414,1.28251681,7
TNG50-1,40,1.5,77694,0.05321047,-0.04935276,1.20816662,2.00943246,8
TNG50-1,40,1.5,77694,0.03443059,-0.07490199,1.24200766,-0.10386953,9
TNG50-1,40,1.5,196834,-0.0153101,0.03520741,0.96115919,-2.9813616,0
TNG50-1,40,1.5,196834,0.05522475,-0.05125896,0.9785995,0.62592401,1
TNG50-1,40,1.5,196834,0.02144827,0.05084885,1.37818982,-2.69193964,2
TNG50-1,40,1.5,196834,-0.01714223,0.02331644,0.36676201,2.72305936,3
TNG50-1,40,1.5,196834,0.02398453,-0.06584625,1.12793136,2.74516475,4
TNG50-1,40,1.5,196834,0.01602248,0.06041314,1.18391374,0.28936624,5
TNG50-1,40,1.5,196834,0.05104414,0.11170465,0.20239602,0.73286402,6
TNG50-1,40,1.5,196834,-0.02741728,0.0500917,0.7194364,-1.30756604,7
TNG50-1,40,1.5,196834,0.0020603,0.07134924,1.36092249,-2.73964132,8
TNG50-1,40,1.5,196834,-0.00307578,0.00426857,1.3488788,1.49200798,9
TNG50-1,40,1.5,188913,0.05568299,0.05746884,0.48346888,0.56312956,0
TNG50-1,40,1.5,188913,-0.04263466,-0.00223665,1.15185871,1.7206488,1
TNG50-1,40,1.5,188913,0.01297709,-0.07025822,0.9374528,-0.67412258,2
TNG50-1,40,1.5,188913,0.01291231,0.04830648,1.10904856,-2.93507899,3
TNG50-1,40,1.5,188913,0.02425613,-0.01851853,0.58141741,-2.41211919,4
TNG50-1,40,1.5,188913,0.01684783,0.01710017,1.26857662,-2.89829137,5
TNG50-1,40,1.5,188913,-0.0421905,-0.03237297,1.31416799,-1.07477874,6
TNG50-1,40,1.5,188913,-0.06749337,0.08221509,0.95520266,-0.02832874,7
TNG50-1,40,1.5,188913,0.04361743,-0.04382824,0.77522598,-0.90278388,8
TNG50-1,40,1.5,188913,0.00929173,-0.01687149,0.6190645,0.38075773,9
TNG50-1,40,1.5,106423,0.08718109,-0.01085718,0.42380773,2.79306227,0
TNG50-1,40,1.5,106423,0.03843019,0.01386721,1.00213823,-0.38156489,1
TNG50-1,40,1.5,106423,-0.02785853,-0.02473742,0.33920547,-1.45447165,2
TNG50-1,40,1.5,106423,0.06522568,0.02769768,1.15681424,-2.2727098,3
TNG50-1,40,1.5,106423,-0.03702579,-0.02914969,0.51206072,1.24805152,4
TNG50-1,40,1.5,106423,0.05045499,0.03101862,0.40981534,2.97891859,5
TNG50-1,40,1.5,106423,-0.06794386,0.0221111,0.90070602,-2.96350349,6
TNG50-1,40,1.5,106423,0.05366289,-0.00304615,1.23008639,1.51076272,7
TNG50-1,40,1.5,106423,-0.02030668,-0.02206912,0.7596375,2.68248258,8
TNG50-1,40,1.5,106423,-0.05142521,0.00757704,0.90879841,-2.67172642,9
TNG50-1,40,1.5,181327,-0.08031284,0.00094956,0.6311616,2.37801069,0
TNG50-1,40,1.5,181327,-0.0156577,-0.00173396,1.3526828,2.66589118,1
TNG50-1,40,1.5,181327,0.00827577,-0.09427865,0.53790976,2.02075494,2
TNG50-1,40,1.5,181327,0.03894149,-0.01987417,0.52109502,0.39287577,3
TNG50-1,40,1.5,181327,0.04550507,0.00281028,1.10712017,0.36190262,4
TNG50-1,40,1.5,181327,0.0141953,-0.0140685,0.79002724,3.04487795,5
TNG50-1,40,1.5,181327,0.02926238,-0.01234119,1.05166773,-1.5839804,6
TNG50-1,40,1.5,181327,0.00320684,0.02439957,1.27146944,-2.664395,7
TNG50-1,40,1.5,181327,-0.03369258,-0.05394786,0.92949806,0.3891863,8
TNG50-1,40,1.5,181327,-0.01306322,-0.08140211,1.3285056,-1.07577182,9
TNG50-1,40,1.5,242383,0.00828061,0.00623486,0.4489059,-1.24874419,0
TNG50-1,40,1.5,242383,-0.00279727,-0.01275821,1.38316941,-1.19152698,1
TNG50-1,40,1.5,242383,-0.11296069,-0.07681362,0.62418076,2.93276448,2
TNG50-1,40,1.5,242383,0.0107754,-0.0738604,1.00576763,-0.38194114,3
TNG50-1,40,1.5,242383,-0.04641621,-0.02919435,0.62734677,-0.33221997,4
TNG50-1,40,1.5,242383,0.02428445,-0.00041399,1.39447656,0.32881637,5
TNG50-1,40,1.5,242383,-0.06409256,-0.0304124,1.15552607,-0.56861359,6
TNG50-1,40,1.5,242383,0.00150033,0.0312606,0.67834213,0.3309452,7
TNG50-1,40,1.5,242383,-0.01415817,-0.01396105,0.62255229,-0.42514908,8
TNG50-1,40,1.5,242383,0.01515509,-0.04825064,0.8338934,2.05281038,9
TNG50-1,40,1.5,224515,-0.024717,-0.00201712,0.8864892,1.30229819,0
TNG50-1,40,1.5,224515,0.0199491,-0.10975919,1.39947196,3.06581071,1
TNG50-1,40,1.5,224515,0.04124689,-0.10112235,0.80601603,2.96102218,2
TNG50-1,40,1.5,224515,-0.03565235,0.00647048,0.72006791,2.63208742,3
TNG50-1,40,1.5,224515,0.05259274,-0.01790313,0.89003849,1.60454672,4
TNG50-1,40,1.5,224515,-0.0757846,-0.05529176,0.96157486,0.687565,5
TNG50-1,40,1.5,224515,-0.06238139,0.00327663,0.59865161,-2.05981247,6
TNG50-1,40,1.5,224515,0.03548309,0.00575657,0.76418462,0.27238499,7
TNG50-1,40,1.5,224515,0.08355606,0.04722079,1.16447292,1.66740987,8
TNG50-1,40,1.5,224515,0.0246716,0.00683011,0.3273059,0.13104939,9
TNG50-1,40,1.5,118372,0.09625064,-0.00188775,0.91380065,0.33425686,0
TNG50-1,40,1.5,118372,0.09911302,-0.07906554,0.47863359,-0.97994337,1
TNG50-1,40,1.5,118372,0.00232566,0.03520952,1.21061892,0.12080118,2
TNG50-1,40,1.5,118372,0.00319889,0.09704335,1.11818026,-1.30396387,3
TNG50-1,40,1.5,118372,-0.01867215,0.03606127,0.98665271,1.87934753,4
TNG50-1,40,1.5,118372,0.05530031,0.07308996,0.97776208,-0.01081236,5
TNG50-1,40,1.5,118372,-0.01644599,-0.04230511,0.2093741,2.67564532,6
TNG50-1,40,1.5,118372,-0.02106686,0.01181621,1.30499843,0.77089245,7
TNG50-1,40,1.5,118372,0.04892964,-0.047158,0.53524531,0.08997102,8
TNG50-1,40,1.5,118372,-0.02691495,-0.01138828,0.51633285,1.32618786,9
TNG50-1,40,1.5,114863,0.00091971,-0.01186299,0.62393682,-1.08026087,0
TNG50-1,40,1.5,114863,-0.02494688,-0.06061841,1.05252054,1.92259553,1
TNG50-1,40,1.5,114863,0.04446731,-0.04776558,0.71476694,-2.59620938,2
TNG50-1,40,1.5,114863,0.04873759,-0.01410072,0.42431673,-2.86263621,3
TNG50-1,40,1.5,114863,0.06550198,0.01207261,0.61178478,3.12698706,4
TNG50-1,40,1.5,114863,0.04371712,0.07204063,1.06298304,2.32136757,5
TNG50-1,40,1.5,114863,0.05406874,-0.00208986,0.97371857,2.40550181,6
TNG50-1,40,1.5,114863,0.03664543,0.05017381,0.64129077,2.83547554,7
TNG50-1,40,1.5,114863,0.01327643,0.05396578,1.15163136,-0.38757006,8
TNG50-1,40,1.5,114863,0.00447545,-0.01157234,0.60729943,-1.33935171,9
TNG50-1,40,1.5,135951,-0.00300461,-0.06617942,1.1649693,2.92257412,0
TNG50-1,40,1.5,135951,0.00062893,-0.07701772,1.00598868,0.62114546,1
TNG50-1,40,1.5,135951,0.03284093,-0.0056082,0.56082653,-0.52977676,2
TNG50-1,40,1.5,135951,-0.03636839,0.07805933,0.77920431,0.55933431,3
TNG50-1,40,1.5,135951,0.00201682,-0.00933791,0.89675103,-2.75321665,4
TNG50-1,40,1.5,135951,-0.01561341,0.06534998,0.47990868,2.02398535,5
TNG50-1,40,1.5,135951,-0.07928017,0.01759654,0.77458685,-1.78036861,6
TNG50-1,40,1.5,135951,-0.04602279,0.02356252,0.80841974,1.91351899,7
TNG50-1,40,1.5,135951,0.07841032,-0.06678603,1.2411608,0.21600613,8
TNG50-1,40,1.5,135951,0.01923617,0.04687615,1.31175648,-1.40383944,9
TNG50-1,40,1.5,195521,0.02048756,-0.05951717,0.47132479,-1.28016925,0
TNG50-1,40,1.5,195521,0.02905994,0.02453035,0.76643204,-0.9685497,1
TNG50-1,40,1.5,195521,-0.04131716,0.04254305,1.19740558,1.82635604,2
TNG50-1,40,1.5,195521,0.03588628,0.0362854,1.03554708,2.37702156,3
TNG50-1,40,1.5,195521,0.00566853,0.03924771,1.2227338,-1.11819284,4
TNG50-1,40,1.5,195521,-0.06280274,0.01816315,1.29310451,0.44934703,5
TNG50-1,40,1.5,195521,-0.00849372,-0.00362062,1.07264355,-1.39384748,6
TNG50-1,40,1.5,195521,0.06906395,-0.03041837,0.88092246,-2.80648122,7
TNG50-1,40,1.5,195521,0.08382974,-0.09489678,1.09105649,1.49450075,8
TNG50-1,40,1.5,195521,0.03586742,0.01698209,0.84357594,-2.06714608,9
TNG50-1,40,1.5,2,-0.0285568,0.07340409,1.34975536,2.21280714,0
TNG50-1,40,1.5,2,-0.08874715,0.03932584,1.27239384,2.08831942,1
TNG50-1,40,1.5,2,0.06980458,-0.0019455,1.11705173,1.44680245,2
TNG50-1,40,1.5,2,0.04841228,0.03225563,0.77730079,1.89627674,3
TNG50-1,40,1.5,2,0.12089028,-0.03827477,1.01734172,2.73119527,4
TNG50-1,40,1.5,2,-0.06947617,-0.028972,0.70016147,-0.15577663,5
TNG50-1,40,1.5,2,0.07290854,-0.02317223,0.50987057,0.868883,6
TNG50-1,40,1.5,2,0.00350678,-0.09263639,0.6691905,0.09386904,7
TNG50-1,40,1.5,2,0.04030501,0.04308792,0.22947458,2.20563044,8
TNG50-1,40,1.5,2,-0.08238886,0.05957968,0.67441142,-0.43128033,9
TNG50-1,40,1.5,15221,0.06681897,-0.01965265,1.32535231,-0.2224085,0
TNG50-1,40,1.5,15221,0.01186691,0.06837008,0.72148727,-0.98133321,1
TNG50-1,40,1.5,15221,-0.06730307,0.00258259,1.18895418,-1.49756633,2
TNG50-1,40,1.5,15221,-0.07779197,0.0714766,0.49507299,-1.39394511,3
TNG50-1,40,1.5,15221,0.0832388,0.01283472,1.13652324,2.68824765,4
TNG50-1,40,1.5,15221,-0.00451595,0.04266163,1.23215443,-2.10437321,5
TNG50-1,40,1.5,15221,-0.03237051,0.03595465,1.32975815,3.06730294,6
TNG50-1,40,1.5,15221,-0.01369959,0.03116455,0.94670735,-1.08749714,7
TNG50-1,40,1.5,15221,-0.07386539,0.01739672,1.00615907,-2.58622043,8
TNG50-1,40,1.5,15221,0.07115476,-0.01164254,0.67835714,-1.57902491,9
TNG50-1,40,1.5,77695,0.03054205,0.02137405,0.93338586,0.39162776,0
TNG50-1,40,1.5,77695,-0.03434688,0.13132425,0.3985503,0.96189326,1
TNG50-1,40,1.5,77695,0.00398364,0.0675085,0.32438888,0.93564063,2
TNG50-1,40,1.5,77695,-0.03166271,0.03591739,1.29369928,1.74899042,3
TNG50-1,40,1.5,77695,0.02807706,-0.00428036,1.10101056,-0.53230258,4
TNG50-1,40,1.5,77695,0.00683871,-0.09693763,0.74434219,-1.4231998,5
TNG50-1,40,1.5,77695,-0.02241449,-0.06611432,1.21381063,-3.04369623,6
TNG50-1,40,1.5,77695,-0.05250861,0.06413964,1.12290741,-1.84329917,7
TNG50-1,40,1.5,77695,0.01338871,-0.0394878,1.38082044,-1.17880214,8
TNG50-1,40,1.5,77695,-0.06063594,-0.0349626,1.27203674,-2.02188595,9
TNG50-1,40,1.5,223494,0.0222471,0.03161881,0.71420294,-1.3175258,0
TNG50-1,40,1.5,223494,0.02276492,0.01410439,0.91289507,-0.37791286,1
TNG50-1,40,1.5,223494,0.01404272,0.01235034,1.17093098,1.16611039,2
TNG50-1,40,1.5,223494,0.00231016,-0.0367876,1.12014515,-2.89063014,3
TNG50-1,40,1.5,223494,0.03482059,0.03506754,0.38205168,1.85371187,4
TNG50-1,40,1.5,223494,0.04675544,0.14226472,0.82879749,-1.36357976,5
TNG50-1,40,1.5,223494,0.0455614,-0.01873975,0.98182792,1.14705701,6
TNG50-1,40,1.5,223494,-0.0050389,0.00354974,0.8325721,0.8967696,7
TNG50-1,40,1.5,223494,0.06934964,-0.02231026,1.04125265,0.95899032,8
TNG50-1,40,1.5,223494,0.01142303,-0.024401,0.98740016,0.67939402,9
TNG50-1,40,1.5,213766,-0.0072409,0.04623496,1.1234883,-0.55096795,0
TNG50-1,40,1.5,213766,-0.06359276,0.02230705,0.89347747,-3.12946794,1
TNG50-1,40,1.5,213766,0.01985158,0.04637729,1.18264634,2.84583552,2
TNG50-1,40,1.5,213766,-0.08933633,0.03752118,0.83345791,-3.01605509,3
TNG50-1,40,1.5,213766,-0.02220607,-0.02197318,0.99044487,-0.51153846,4
TNG50-1,40,1.5,213766,0.03796926,-0.06719495,1.08126435,1.36645197,5
TNG50-1,40,1.5,213766,0.01515241,0.02101811,1.22921681,2.60500388,6
TNG50-1,40,1.5,213766,0.02951603,0.02730446,1.30745253,1.33760402,7
TNG50-1,40,1.5,213766,-0.00325228,0.0545236,1.30043344,-0.22854612,8
TNG50-1,40,1.5,213766,0.05848731,-0.04681606,0.20387738,2.98100725,9
TNG50-1,40,1.5,36250,0.03100394,-0.13125733,0.59437027,0.11750642,0
TNG50-1,40,1.5,36250,-0.08297984,-0.04158806,0.48675867,0.28180107,1
TNG50-1,40,1.5,36250,-0.05277169,0.00795481,0.91081173,1.00820711,2
TNG50-1,40,1.5,36250,0.04196007,-0.00494316,0.5841963,-0.43666686,3
TNG50-1,40,1.5,36250,-0.00249527,0.02016881,0.94693212,-1.77288058,4
TNG50-1,40,1.5,36250,-0.01595529,0.01337701,0.98317406,2.30493666,5
TNG50-1,40,1.5,36250,-0.03743748,-0.01524339,0.51345429,-0.96760509,6
TNG50-1,40,1.5,36250,-0.0110328,-0.02634266,1.06675473,2.65743188,7
TNG50-1,40,1.5,36250,0.01505566,-0.01227507,1.05790823,-1.83875324,8
TNG50-1,40,1.5,36250,0.04914581,0.05743712,1.14068097,0.37735225,9
TNG50-1,40,1.5,207599,0.01409043,-0.11670885,1.223992,3.0729673,0
TNG50-1,40,1.5,207599,0.02890775,-0.00469927,1.32452172,2.80805748,1
TNG50-1,40,1.5,207599,-0.00690235,0.13697521,0.49617803,-2.47555935,2
TNG50-1,40,1.5,207599,-0.01593365,0.04331831,1.14920622,-0.65365671,3
TNG50-1,40,1.5,207599,-0.00847932,-0.04054445,1.03025318,-1.15901681,4
TNG50-1,40,1.5,207599,-0.06913691,0.02955533,0.3274242,-2.32648692,5
TNG50-1,40,1.5,207599,-0.00439637,-0.03710067,0.36253694,1.22395389,6
TNG50-1,40,1.5,207599,0.01480165,-0.06769038,0.72406231,-1.42095263,7
TNG50-1,40,1.5,207599,0.09252316,-0.01741847,1.34301723,-0.97473691,8
TNG50-1,40,1.5,207599,0.00429995,0.00457632,0.86238041,-2.57385109,9
TNG50-1,40,1.5,203569,0.02008745,0.00280717,0.99072521,-0.29410375,0
TNG50-1,40,1.5,203569,-0.0561589,-0.04905436,0.23581696,-1.00743045,1
TNG50-1,40,1.5,203569,0.0159777,-0.02068026,0.2146974,-2.0083968,2
TNG50-1,40,1.5,203569,-0.06509114,-0.01310521,0.2707966,1.35779616,3
TNG50-1,40,1.5,203569,0.01481915,-0.03629291,1.03245901,-0.89776919,4
TNG50-1,40,1.5,203569,-0.02443413,-0.06077514,1.33324207,2.21085094,5
TNG50-1,40,1.5,203569,0.07033078,-0.07067587,1.12398311,-1.6274885,6
TNG50-1,40,1.5,203569,0.01618594,-0.11698741,1.19980508,0.24123341,7
TNG50-1,40,1.5,203569,0.06178914,-0.05281732,1.38837518,-1.98461183,8
TNG50-1,40,1.5,203569,-0.03778234,0.03137469,1.32109368,-0.0295271,9
TNG50-1,40,1.5,151882,-0.01220544,0.04441788,0.78554989,2.17922088,0
TNG50-1,40,1.5,151882,-0.01581827,0.03950378,0.97781002,-0.76125467,1
TNG50-1,40,1.5,151882,-0.03256481,-0.0710881,0.44349363,2.02039111,2
TNG50-1,40,1.5,151882,0.01106876,-0.07171111,0.94736005,-0.36197686,3
TNG50-1,40,1.5,151882,0.01975866,-0.03777704,1.09550095,1.59279102,4
TNG50-1,40,1.5,151882,0.01615416,-0.05281327,0.8110541,-2.29159123,5
TNG50-1,40,1.5,151882,-0.01580624,0.03776259,0.91171046,2.66815602,6
TNG50-1,40,1.5,151882,-0.05508109,0.01756548,1.29695094,-0.12214581,7
TNG50-1,40,1.5,151882,0.03329165,0.0549592,1.06086905,-1.50923213,8
TNG50-1,40,1.5,151882,0.00062569,0.01982434,1.13316868,-1.62426871,9
TNG50-1,40,1.5,72286,0.00129811,-0.01197355,0.43414439,-2.15989999,0
TNG50-1,40,1.5,72286,-0.10014069,-0.0402075,1.24865009,-0.30980223,1
TNG50-1,40,1.5,72286,-0.0379934,-0.04973866,1.06074613,-0.8201376,2
TNG50-1,40,1.5,72286,0.049162,-0.05222082,0.80349165,-1.41872815,3
TNG50-1,40,1.5,72286,-0.03144727,-0.03090272,1.0356902,1.44055371,4
TNG50-1,40,1.5,72286,-0.04144376,-0.05173605,1.25393269,-1.19599157,5
TNG50-1,40,1.5,72286,0.06547628,-0.07818526,1.37604961,0.25221933,6
TNG50-1,40,1.5,72286,0.06701272,0.01097013,1.04794556,2.6591919,7
TNG50-1,40,1.5,72286,0.02584952,0.01172978,0.80113647,0.24677827,8
TNG50-1,40,1.5,72286,-0.02275587,0.08503964,0.88285068,0.73527663,9
TNG50-1,40,1.5,234476,0.03009478,0.07148937,0.42394641,-1.14363709,0
TNG50-1,40,1.5,234476,-0.03393941,-0.01537639,0.93965204,-0.10335851,1
TNG50-1,40,1.5,234476,0.05058302,-0.01590137,1.12573502,2.8339984,2
TNG50-1,40,1.5,234476,-0.01228604,0.02348484,0.57255514,1.87372026,3
TNG50-1,40,1.5,234476,-0.03248019,-0.04190096,0.65277702,2.43183789,4
TNG50-1,40,1.5,234476,-0.06266526,0.05831442,0.95785902,-0.72101398,5
TNG50-1,40,1.5,234476,0.01266023,0.01808003,0.65670531,3.11963455,6
TNG50-1,40,1.5,234476,0.04476092,0.01282295,1.17344974,-2.18299469,7
TNG50-1,40,1.5,234476,0.01366606,0.03434768,0.86646307,0.11793905,8
TNG50-1,40,1.5,234476,0.11194158,0.08614149,0.51386382,-0.13022918,9
TNG50-1,40,1.5,118373,-0.03622869,-0.04813152,1.02109628,-0.30834891,0
TNG50-1,40,1.5,118373,0.00808312,-0.00746676,1.03943456,-1.83863045,1
TNG50-1,40,1.5,118373,0.10994239,-0.0082634,1.18911507,0.14942903,2
TNG50-1,40,1.5,118373,-0.0008799,-0.02830946,0.92019721,-1.38085495,3
TNG50-1,40,1.5,118373,-0.03465935,-0.00885068,1.01830163,2.26198754,4
TNG50-1,40,1.5,118373,-0.00868812,0.00305074,0.98370505,-0.65119037,5
TNG50-1,40,1.5,118373,0.00460886,0.04447067,0.87560719,0.87182687,6
TNG50-1,40,1.5,118373,-0.00755842,-0.00496059,1.3947984,-1.5778352,7
TNG50-1,40,1.5,118373,-0.00156774,0.01995516,0.43873187,-3.01966021,8
TNG50-1,40,1.5,118373,-0.07217234,-0.02708002,1.34123025,-0.60221481,9
TNG50-1,40,1.5,221561,-0.00801465,0.00389284,1.34245833,-2.04200405,0
TNG50-1,40,1.5,221561,0.07079571,-0.01853065,0.9648447,-2.49843166,1
TNG50-1,40,1.5,221561,-0.06078991,0.05130948,1.33316591,-1.85322175,2
TNG50-1,40,1.5,221561,-0.04123113,-0.00098789,0.71328188,1.92410919,3
TNG50-1,40,1.5,221561,-0.13060979,-0.0409135,0.90532175,-2.47674037,4
TNG50-1,40,1.5,221561,-0.02404583,-0.08581243,0.56025972,0.71896915,5
TNG50-1,40,1.5,221561,-0.01978218,-0.02206572,1.162954,1.54680273,6
TNG50-1,40,1.5,221561,-0.02549886,0.03773218,0.93908983,1.57758946,7
TNG50-1,40,1.5,221561,0.05538387,0.11382693,1.30244994,-1.94740488,8
TNG50-1,40,1.5,221561,0.04303088,0.00308052,0.48087785,-2.75439765,9
TNG50-1,40,1.5,231752,-0.03213918,-0.04999924,0.90088484,0.23247747,0
TNG50-1,40,1.5,231752,0.02735612,0.01783563,1.18405232,0.97582172,1
TNG50-1,40,1.5,231752,-0.04043152,0.03734234,0.28097004,1.77822209,2
TNG50-1,40,1.5,231752,-0.03043785,-0.00441227,1.37300545,2.06165628,3
TNG50-1,40,1.5,231752,0.05634716,0.05050318,0.7025176,-0.14900861,4
TNG50-1,40,1.5,231752,0.04873288,-0.01521551,0.64985491,0.05524892,5
TNG50-1,40,1.5,231752,-0.03531878,-0.01069278,1.34449401,1.3697712,6
TNG50-1,40,1.5,231752,-0.03667882,-0.04886231,1.2564463,-1.48696381,7
TNG50-1,40,1.5,231752,-0.03227983,0.05085887,1.06866627,2.2273247,8
TNG50-1,40,1.5,231752,0.03663198,-0.03832602,0.50894535,-3.01098518,9
TNG50-1,40,1.5,116692,0.0727259,-0.06639663,0.62247082,-1.32510316,0
TNG50-1,40,1.5,116692,0.01880348,0.0266626,0.67106344,1.25670086,1
TNG50-1,40,1.5,116692,-0.04194281,-0.06727355,0.20699108,-3.09542293,2
TNG50-1,40,1.5,116692,-0.03426214,-0.01127835,0.9792927,-0.90877207,3
TNG50-1,40,1.5,116692,-0.02798501,0.01520752,0.60297,0.7258128,4
TNG50-1,40,1.5,116692,0.01805989,-0.0568797,0.51830452,-2.32630418,5
TNG50-1,40,1.5,116692,0.06690981,-0.05121312,1.22240494,2.49195472,6
TNG50-1,40,1.5,116692,0.05262115,-0.00470605,1.3653081,-2.1596943,7
TNG50-1,40,1.5,116692,0.02280061,0.02518251,1.04967424,2.57480878,8
TNG50-1,40,1.5,116692,-0.06658224,0.05307594,0.52761751,-1.78197853,9
TNG50-1,40,1.5,209242,0.10608375,0.01591456,0.37242823,2.22194916,0
TNG50-1,40,1.5,209242,0.05016029,-0.04045496,0.82540303,-0.64745275,1
TNG50-1,40,1.5,209242,0.04109686,-0.09945838,0.93787025,2.03725338,2
TNG50-1,40,1.5,209242,0.02881446,0.02703048,0.61554568,0.31938477,3
TNG50-1,40,1.5,209242,-0.05016587,0.10600404,1.18159386,0.74481027,4
TNG50-1,40,1.5,209242,0.06387651,0.06947801,0.58441157,-2.77141666,5
TNG50-1,40,1.5,209242,-0.04215663,-0.01286589,1.39748304,-1.87520599,6
TNG50-1,40,1.5,209242,0.01416434,0.00044227,0.83393413,0.32021887,7
TNG50-1,40,1.5,209242,-0.0819695,0.04438531,0.3838936,-2.77213471,8
TNG50-1,40,1.5,209242,-0.10204294,0.0561064,0.6296867,1.51705503,9
TNG50-1,40,1.5,201842,-0.03341873,-0.00393679,1.24703268,-1.6161673,0
TNG50-1,40,1.5,201842,0.04524593,0.03203926,1.34350871,0.26294389,1
TNG50-1,40,1.5,201842,0.05812315,0.00155674,0.79350054,1.00196244,2
TNG50-1,40,1.5,201842,0.03523239,-0.04242625,1.35712021,3.0084435,3
TNG50-1,40,1.5,201842,-0.04804982,-0.05242958,0.46690469,1.53751614,4
TNG50-1,40,1.5,201842,0.07038794,-0.03760181,0.75218936,-2.39935463,5
TNG50-1,40,1.5,201842,0.06146625,0.01110661,0.34420384,-0.1549845,6
TNG50-1,40,1.5,201842,0.02997923,-0.00134779,1.13266665,0.55776328,7
TNG50-1,40,1.5,201842,0.01021738,0.01076719,0.97181224,-2.22033228,8
TNG50-1,40,1.5,201842,0.0113054,0.02504066,0.69068456,-0.42746987,9
TNG50-1,40,1.5,210487,0.01713236,-0.01197493,1.23151422,1.87243858,0
TNG50-1,40,1.5,210487,0.05789845,-0.01891426,0.66667464,1.54943955,1
TNG50-1,40,1.5,210487,-0.00920565,-0.04792296,0.93930096,-3.01955568,2
TNG50-1,40,1.5,210487,-0.06356246,0.07042244,0.79640342,-1.42544607,3
TNG50-1,40,1.5,210487,-0.05413534,-0.1269604,1.09159851,-0.19893983,4
TNG50-1,40,1.5,210487,0.01972997,0.03989296,1.01728225,0.60032304,5
TNG50-1,40,1.5,210487,0.09220582,-0.02318725,1.24922032,2.63405014,6
TNG50-1,40,1.5,210487,0.01968625,-0.02051704,0.67161103,-0.78159073,7
TNG50-1,40,1.5,210487,-0.01934483,0.08461576,1.26907739,2.35634101,8
TNG50-1,40,1.5,210487,0.0383092,-0.03570655,0.64271797,-2.11473615,9
TNG50-1,40,1.5,15218,0.10458345,-0.02710404,0.44955602,-1.16435049,0
TNG50-1,40,1.5,15218,0.01681241,-0.04738432,0.56711719,2.37450229,1
TNG50-1,40,1.5,15218,-0.1189027,0.15118907,1.08000135,2.58859473,2
TNG50-1,40,1.5,15218,0.01631495,-0.03579287,0.88090984,-2.45273346,3
TNG50-1,40,1.5,15218,0.001894,0.00500715,0.8897766,-0.26352596,4
TNG50-1,40,1.5,15218,0.0021725,-0.07478301,0.57106284,-0.74550684,5
TNG50-1,40,1.5,15218,0.01229737,0.00582342,1.20104281,-0.06685814,6
TNG50-1,40,1.5,15218,-0.00143391,-0.04666128,1.14826499,0.34381291,7
TNG50-1,40,1.5,15218,-0.0026306,-0.02212365,1.14346526,-3.01430311,8
TNG50-1,40,1.5,15218,0.03065221,0.05225323,1.36629807,2.15037146,9
TNG50-1,40,1.5,229794,-0.11275878,-0.01813055,1.16399442,0.85400593,0
TNG50-1,40,1.5,229794,0.02035649,-0.02239332,0.80261214,1.82472038,1
TNG50-1,40,1.5,229794,0.02595515,0.09773463,1.36660503,-1.62427214,2
TNG50-1,40,1.5,229794,-0.00998159,0.01762312,0.9624684,2.28990928,3
TNG50-1,40,1.5,229794,-0.05739514,0.01694973,0.79507125,-1.38103844,4
TNG50-1,40,1.5,229794,0.00444678,-0.01848504,0.92173423,1.73309605,5
TNG50-1,40,1.5,229794,-0.07322662,-0.02981858,1.19969989,-2.4372524,6
TNG50-1,40,1.5,229794,-0.05136153,-0.10932032,0.57142332,-1.32960556,7
TNG50-1,40,1.5,229794,-0.0375349,0.04843703,0.29817514,0.21124027,8
TNG50-1,40,1.5,229794,0.04219695,0.02241549,0.9980268,0.15659015,9
TNG50-1,40,1.5,249169,0.0305501,-0.02322059,0.94250917,-0.54161177,0
TNG50-1,40,1.5,249169,-0.08144988,-0.05070346,0.49330986,1.71769273,1
TNG50-1,40,1.5,249169,0.07985139,-0.06332981,1.29863756,2.20264565,2
TNG50-1,40,1.5,249169,0.00911946,-0.0024242,1.30515149,1.46614892,3
TNG50-1,40,1.5,249169,0.06404721,-0.02327934,1.14476962,0.36371273,4
TNG50-1,40,1.5,249169,-0.05377099,-0.03428035,1.02477154,1.40863801,5
TNG50-1,40,1.5,249169,-0.04615826,0.07735447,1.14635028,1.13970406,6
TNG50-1,40,1.5,249169,-0.05809501,-0.00411628,0.66287775,-1.66902367,7
TNG50-1,40,1.5,249169,0.01251488,0.06350215,1.19323263,0.31892753,8
TNG50-1,40,1.5,249169,0.00329917,-0.02666261,1.32982797,1.70028858,9
TNG50-1,40,1.5,9,-0.06952562,0.0409035,1.39865919,-1.41850089,0
TNG50-1,40,1.5,9,-0.00943721,-0.06988319,0.77074675,1.96994541,1
TNG50-1,40,1.5,9,-0.07470562,-0.04812363,1.18877474,-2.1337898,2
TNG50-1,40,1.5,9,-0.00265782,0.01665713,0.68505261,1.00897699,3
TNG50-1,40,1.5,9,-0.08276863,-0.10791248,0.65418962,1.60237799,4
TNG50-1,40,1.5,9,0.02644137,-0.00185804,0.7127507,-2.90810533,5
TNG50-1,40,1.5,9,0.01889813,-0.05101316,1.3798367,0.3377972,6
TNG50-1,40,1.5,9,0.09539742,0.00506535,0.73763114,0.47675088,7
TNG50-1,40,1.5,9,0.04239366,-0.05388682,0.23684306,-1.2350047,8
TNG50-1,40,1.5,9,-0.02114571,0.02121241,1.19553271,2.3646433,9
TNG50-1,40,1.5,158776,-0.01574683,-0.02583124,0.70564558,3.05733562,0
TNG50-1,40,1.5,158776,0.12133339,0.03790821,1.2300486,0.95315141,1
TNG50-1,40,1.5,158776,-0.04085043,0.01946527,1.22263142,1.25614924,2
TNG50-1,40,1.5,158776,0.01489666,0.01078494,0.27553782,-1.11948034,3
TNG50-1,40,1.5,158776,-0.03751095,-0.00209599,1.02154977,2.24409364,4
TNG50-1,40,1.5,158776,0.08928104,0.02155272,1.247962,-1.77312535,5
TNG50-1,40,1.5,158776,0.04434132,0.01146938,1.1168831,-2.47318332,6
TNG50-1,40,1.5,158776,-0.03391749,0.00295467,1.05654708,2.97355508,7
TNG50-1,40,1.5,158776,0.02562975,-0.0320508,0.8302,2.28795078,8
TNG50-1,40,1.5,158776,0.01288479,0.08468831,0.40854256,-1.23373401,9
TNG50-1,40,1.5,256673,-0.05040239,-0.00798063,0.80192211,-1.42666124,0
TNG50-1,40,1.5,256673,-0.04585413,-0.01444529,1.35622497,3.10894161,1
TNG50-1,40,1.5,256673,0.03027626,-0.08694077,1.10884512,2.62886093,2
TNG50-1,40,1.5,256673,-0.01311891,-0.05281225,0.75432372,-1.7902315,3
TNG50-1,40,1.5,256673,-0.00846713,0.01591796,1.25305376,-1.19378993,4
TNG50-1,40,1.5,256673,0.06361194,-0.00689411,1.21435583,-0.22805084,5
TNG50-1,40,1.5,256673,-0.03743444,0.00374635,1.23181447,2.16401414,6
TNG50-1,40,1.5,256673,0.00456469,0.05196268,1.39923863,1.90158053,7
TNG50-1,40,1.5,256673,0.04773139,-0.05936616,0.98391591,-2.34839431,8
TNG50-1,40,1.5,256673,0.04045587,-0.01180902,1.36787902,-2.35965748,9
TNG50-1,40,1.5,232106,-0.01519034,0.01798557,1.30758373,-1.34768675,0
TNG50-1,40,1.5,232106,0.06214152,0.02311928,1.28990475,-0.29479373,1
TNG50-1,40,1.5,232106,0.00683283,0.03957495,1.33584905,2.24042791,2
TNG50-1,40,1.5,232106,-0.04095373,-0.06284918,0.4980646,1.43629622,3
TNG50-1,40,1.5,232106,0.04974778,0.03220742,0.36311693,-0.17829284,4
TNG50-1,40,1.5,232106,-0.033877,-0.03670367,1.36158723,-1.60495899,5
TNG50-1,40,1.5,232106,-0.03442261,0.0159239,0.66696804,1.42638197,6
TNG50-1,40,1.5,232106,0.01791763,-0.01137338,0.69643594,2.22755801,7
TNG50-1,40,1.5,232106,0.08905192,0.02506042,0.21223339,-0.62862495,8
TNG50-1,40,1.5,232106,0.08117936,0.00590517,1.10204016,1.0592536,9
TNG50-1,40,1.5,157790,0.00743641,0.01200358,1.27618913,-0.56529998,0
TNG50-1,40,1.5,157790,0.0644033,-0.01463521,1.009934,-1.15321494,1
TNG50-1,40,1.5,157790,-0.01476084,0.03785592,0.91485541,2.61463251,2
TNG50-1,40,1.5,157790,0.02338074,0.04343513,1.17392665,-0.98481567,3
TNG50-1,40,1.5,157790,0.02529425,-0.01798308,0.84181673,-1.65451411,4
TNG50-1,40,1.5,157790,0.07508009,0.01651537,1.34200163,2.57171601,5
TNG50-1,40,1.5,157790,-0.08533187,0.05902636,1.11224193,1.54531396,6
TNG50-1,40,1.5,157790,-0.02292041,0.09452295,0.60673975,1.14228129,7
TNG50-1,40,1.5,157790,0.04242581,0.03713025,1.18098531,-2.83035543,8
TNG50-1,40,1.5,157790,0.07729482,0.00220694,0.84968393,-2.31720757,9
TNG50-1,40,1.5,3,0.00337273,-0.04482226,0.38957193,1.31578015,0
TNG50-1,40,1.5,3,0.04230626,-0.05888949,0.95652511,0.90532442,1
TNG50-1,40,1.5,3,0.0919751,0.01566183,0.95444727,-0.64507023,2
TNG50-1,40,1.5,3,0.01942758,-0.05997009,0.41067907,-3.11394085,3
TNG50-1,40,1.5,3,-0.02698942,-0.15718332,0.95090094,-0.33564053,4
TNG50-1,40,1.5,3,0.03935422,-0.05219559,1.01793965,-3.10352838,5
TNG50-1,40,1.5,3,-0.03491263,-0.02359298,1.16939355,-2.67036325,6
TNG50-1,40,1.5,3,-0.05166687,-0.03027247,0.79024081,-0.43599084,7
TNG50-1,40,1.5,3,-0.08799544,0.07597623,0.88739223,-2.62687484,8
TNG50-1,40,1.5,3,-0.07825642,-0.03067713,1.22003992,-1.40953565,9
TNG50-1,40,1.5,165812,0.02834853,0.02791093,1.01941927,0.10998869,0
TNG50-1,40,1.5,165812,-0.03473297,0.00757585,1.22488233,1.13704668,1
TNG50-1,40,1.5,165812,0.12603543,0.01377363,1.36199819,0.04843609,2
TNG50-1,40,1.5,165812,0.04428428,0.0660455,0.99471287,2.76844055,3
TNG50-1,40,1.5,165812,0.06521651,0.01910288,0.59165961,-0.45221227,4
TNG50-1,40,1.5,165812,0.03976215,0.03994565,0.7058166,-3.04158757,5
TNG50-1,40,1.5,165812,0.09264325,-0.04697814,1.04607205,-1.65641393,6
TNG50-1,40,1.5,165812,-0.0393501,-0.05476968,0.86092598,0.003813,7
TNG50-1,40,1.5,165812,-0.12803687,0.0807057,1.01999501,0.25492046,8
TNG50-1,40,1.5,165812,-0.02230628,0.00504508,0.87756271,0.32914334,9
TNG50-1,40,1.5,62919,-0.09062942,0.05547121,0.49073427,-1.87434949,0
TNG50-1,40,1.5,62919,0.01341795,-0.04414328,1.03066972,1.4537488,1
TNG50-1,40,1.5,62919,0.0362662,-0.02917617,1.16724252,1.92005413,2
TNG50-1,40,1.5,62919,0.02876737,0.08182126,1.02679873,-2.35414611,3
TNG50-1,40,1.5,62919,0.02110933,0.0434291,1.05890442,-2.59655292,4
TNG50-1,40,1.5,62919,-0.01742935,-0.01790047,1.14375344,2.82474903,5
TNG50-1,40,1.5,62919,-0.04033731,0.01436904,1.28525227,-0.23218376,6
TNG50-1,40,1.5,62919,0.02758641,0.00773961,0.79354333,0.81829375,7
TNG50-1,40,1.5,62919,0.02132237,-0.13728069,1.2863456,-2.995443,8
TNG50-1,40,1.5,62919,-0.02804495,-0.0453237,0.64659796,-1.39040494,9
TNG50-1,40,1.5,246111,-0.00523933,0.02526338,1.2752456,-1.72772749,0
TNG50-1,40,1.5,246111,-0.00391865,-0.07147491,0.8586437,-1.37900709,1
TNG50-1,40,1.5,246111,-0.00939996,0.08924741,0.85239061,-0.36375688,2
TNG50-1,40,1.5,246111,0.01262247,-0.03044255,1.10890225,-1.45320558,3
TNG50-1,40,1.5,246111,0.0376606,0.00841029,0.52258632,1.2063299,4
TNG50-1,40,1.5,246111,-0.06151301,0.04271923,0.54549203,-0.11995787,5
TNG50-1,40,1.5,246111,-0.05253319,-0.04934899,1.30952186,-1.75377,6
TNG50-1,40,1.5,246111,-0.0874259,-0.02731622,0.74804901,0.04004946,7
TNG50-1,40,1.5,246111,0.04331987,0.00895859,1.05983908,2.44282558,8
TNG50-1,40,1.5,246111,0.01251616,0.14287365,0.20115942,1.83717603,9
TNG50-1,40,1.5,215839,0.06136456,-0.1555244,1.16651095,1.80680887,0
TNG50-1,40,1.5,215839,-0.04251037,0.03665268,0.48927559,-1.56508096,1
TNG50-1,40,1.5,215839,0.01565828,-0.00481067,0.98331807,0.82327411,2
TNG50-1,40,1.5,215839,0.0033985,0.0570633,1.10794943,-2.1756454,3
TNG50-1,40,1.5,215839,-0.0778358,-0.0440359,1.21851557,-0.8557888,4
TNG50-1,40,1.5,215839,-0.06595151,0.01751062,0.97298689,1.40969605,5
TNG50-1,40,1.5,215839,0.00059555,0.04230867,0.72192147,0.82729687,6
TNG50-1,40,1.5,215839,0.09906,-0.02237318,1.15686014,-1.9612289,7
TNG50-1,40,1.5,215839,0.02896349,-0.02130428,0.67004637,2.25153341,8
TNG50-1,40,1.5,215839,-0.08628174,0.00126314,0.82281837,-2.80637855,9
TNG50-1,40,1.5,258081,-0.03361579,-0.09736526,0.97161594,-1.14956176,0
TNG50-1,40,1.5,258081,0.07348619,-0.05437511,1.19459969,2.34240624,1
TNG50-1,40,1.5,258081,-0.02929068,-0.04058,1.20159197,0.51627092,2
TNG50-1,40,1.5,258081,0.037904,-0.08072406,1.39239999,-0.55307912,3
TNG50-1,40,1.5,258081,-0.03252102,-0.03670739,1.08142834,-0.21927105,4
TNG50-1,40,1.5,258081,-0.02263095,-0.10073572,1.12875913,-1.83293085,5
TNG50-1,40,1.5,258081,-0.01227751,-0.05089944,1.37432838,1.95960926,6
TNG50-1,40,1.5,258081,0.06419226,0.06002102,0.83223096,2.60126828,7
TNG50-1,40,1.5,258081,-0.09449263,0.0201794,0.82627461,2.58027828,8
TNG50-1,40,1.5,258081,-0.06578318,0.00937338,1.34146895,-1.73457137,9
TNG50-1,40,1.5,129305,0.0297643,0.00901677,0.6580256,-1.85752513,0
TNG50-1,40,1.5,129305,0.03331436,-0.0675898,1.26090096,1.42143682,1
TNG50-1,40,1.5,129305,0.02541877,-0.05995052,1.3638251,-1.90401591,2
TNG50-1,40,1.5,129305,-0.04351868,-0.05205616,1.01681574,-1.31153158,3
TNG50-1,40,1.5,129305,0.00432554,-0.02221547,0.64847858,0.04112205,4
TNG50-1,40,1.5,129305,-0.04497201,0.04684845,0.79936301,-0.08350395,5
TNG50-1,40,1.5,129305,-0.01662983,0.02891991,0.73986271,0.63365532,6
TNG50-1,40,1.5,129305,0.1076734,0.02614977,1.05145656,-0.39304717,7
TNG50-1,40,1.5,129305,0.00478477,-0.05494623,1.20221072,2.63562853,8
TNG50-1,40,1.5,129305,-0.05937633,-0.02706572,0.92634377,2.13586891,9
TNG50-1,40,1.5,152693,0.00352948,0.02502323,1.13056684,0.36796888,0
TNG50-1,40,1.5,152693,0.00128851,0.01784544,1.05601254,-2.38581522,1
TNG50-1,40,1.5,152693,0.00914644,-0.05441539,1.19278043,1.99063919,2
TNG50-1,40,1.5,152693,0.10531201,0.05984084,0.20447057,-1.41569255,3
TNG50-1,40,1.5,152693,0.06202983,0.00511552,1.20680341,0.30957192,4
TNG50-1,40,1.5,152693,0.03925305,-0.08645356,0.56821301,0.31185843,5
TNG50-1,40,1.5,152693,-0.04810386,-0.00256714,1.26728975,0.64491024,6
TNG50-1,40,1.5,152693,-0.02564974,0.01406032,0.26890361,-2.79296392,7
TNG50-1,40,1.5,152693,-0.00474223,0.04863962,1.21038029,-2.08212973,8
TNG50-1,40,1.5,152693,-0.03877036,-0.01687382,1.03377742,-2.12879192,9
TNG50-1,40,1.5,266628,-0.02608102,-0.04149092,1.03847318,-0.98226723,0
TNG50-1,40,1.5,266628,-0.01322094,-0.00387194,1.35742937,-0.85226966,1
TNG50-1,40,1.5,266628,-0.03784549,-0.09109791,0.38751527,3.10906569,2
TNG50-1,40,1.5,266628,-0.00806147,0.05615511,1.0413833,0.34943637,3
TNG50-1,40,1.5,266628,0.09446898,0.10325121,0.63507773,1.18991248,4
TNG50-1,40,1.5,266628,0.06925298,0.00400413,1.03883749,0.9013998,5
TNG50-1,40,1.5,266628,0.01772395,-0.10625051,0.37822323,2.06040818,6
TNG50-1,40,1.5,266628,-0.00126471,0.03044453,1.15351452,2.27341415,7
TNG50-1,40,1.5,266628,0.04221006,-0.04520446,1.04267102,0.39745,8
TNG50-1,40,1.5,266628,0.05649852,-0.03316747,0.6685478,-1.29084225,9
TNG50-1,40,1.5,281640,0.00979092,-0.00329144,1.02435891,-1.7624074,0
TNG50-1,40,1.5,281640,-0.08557697,-0.02819373,0.90332274,-0.1397867,1
TNG50-1,40,1.5,281640,0.09502701,-0.0338649,0.90512672,2.35308808,2
TNG50-1,40,1.5,281640,-0.07193876,0.02143739,1.36547766,0.00022755,3
TNG50-1,40,1.5,281640,0.02097486,0.05387393,1.01691634,-2.79355407,4
TNG50-1,40,1.5,281640,0.019498,-0.01716279,1.22049472,-2.89098402,5
TNG50-1,40,1.5,281640,0.01378184,0.03903405,0.4212432,-1.71285321,6
TNG50-1,40,1.5,281640,-0.02472884,0.00248703,0.27986028,2.15369546,7
TNG50-1,40,1.5,281640,0.04136263,-0.04463661,1.14536805,0.76328485,8
TNG50-1,40,1.5,281640,-0.07801837,-0.0128976,1.25362026,0.39557586,9
TNG50-1,40,1.5,190979,-0.03883756,0.05809332,1.29557617,2.11875427,0
TNG50-1,40,1.5,190979,0.05467673,0.04102996,1.03997081,-2.8471813,1
TNG50-1,40,1.5,190979,-0.02003145,0.06260218,0.80154484,-2.04585717,2
TNG50-1,40,1.5,190979,-0.05216751,-0.00263607,0.70104646,-2.83689221,3
TNG50-1,40,1.5,190979,-0.02131508,0.05069484,1.085167,-1.93450338,4
TNG50-1,40,1.5,190979,-0.13120834,-0.0735622,0.68482521,-3.11468296,5
TNG50-1,40,1.5,190979,-0.00603843,0.03565238,1.29684139,0.02645411,6
TNG50-1,40,1.5,190979,-0.00850596,-0.03855814,1.11656873,0.17790459,7
TNG50-1,40,1.5,190979,0.04123714,-0.08257009,0.72220607,0.99206332,8
TNG50-1,40,1.5,190979,-0.09431525,-0.05620703,0.82734523,-0.72311642,9
TNG50-1,40,1.5,264648,0.00172037,0.06099816,1.2578422,2.90719121,0
TNG50-1,40,1.5,264648,-0.05242138,-0.02390825,0.99804518,2.58230019,1
TNG50-1,40,1.5,264648,0.0400898,-0.00244218,1.25793237,-0.59851582,2
TNG50-1,40,1.5,264648,-0.04881926,0.0956893,1.38376639,-0.32212936,3
TNG50-1,40,1.5,264648,-0.01091167,-0.01386691,1.35700725,-0.78468406,4
TNG50-1,40,1.5,264648,-0.01476402,0.06194249,0.394299,-2.90367283,5
TNG50-1,40,1.5,264648,0.01790518,0.00195225,1.33967099,-1.3015817,6
TNG50-1,40,1.5,264648,-0.1059552,0.02077094,1.33948843,-2.37081251,7
TNG50-1,40,1.5,264648,0.04454549,0.00349793,1.00572667,-2.4983809,8
TNG50-1,40,1.5,264648,-0.03384952,0.04239258,1.19337691,0.38240454,9
TNG50-1,40,1.5,100091,-0.05110436,0.03043949,1.13976129,-1.51976744,0
TNG50-1,40,1.5,100091,-0.0438878,-0.00939975,1.17922133,1.91030057,1
TNG50-1,40,1.5,100091,0.08030996,-0.0117483,0.99651734,1.58164315,2
TNG50-1,40,1.5,100091,0.05211777,0.00052876,0.79677916,2.36132555,3
TNG50-1,40,1.5,100091,-0.00677639,0.03976777,0.94884327,0.64143673,4
TNG50-1,40,1.5,100091,0.00182798,0.08232465,1.23113585,-0.4843963,5
TNG50-1,40,1.5,100091,-0.04082718,0.02927431,1.31464638,-0.46096591,6
TNG50-1,40,1.5,100091,0.04450136,0.04016571,0.58127372,-1.92265442,7
TNG50-1,40,1.5,100091,-0.01899509,-0.0099927,0.97851937,0.94749782,8
TNG50-1,40,1.5,100091,-0.01300383,-0.03538989,1.3486681,0.53450276,9
TNG50-1,40,1.5,237799,0.02344348,-0.06520081,0.25022846,2.27868591,0
TNG50-1,40,1.5,237799,-0.00910395,0.08136156,1.07413906,1.05662114,1
TNG50-1,40,1.5,237799,-0.143481,-0.00416663,1.23262448,1.64871938,2
TNG50-1,40,1.5,237799,-0.0242351,0.00233134,1.30681072,0.52460546,3
TNG50-1,40,1.5,237799,0.05394943,0.06771502,0.63366251,3.087545,4
TNG50-1,40,1.5,237799,-0.08409029,0.03307392,0.90277877,-1.62476847,5
TNG50-1,40,1.5,237799,0.00563456,-0.04378144,1.13870148,-1.49356869,6
TNG50-1,40,1.5,237799,0.07926306,-0.0323639,0.84614764,-2.56002769,7
TNG50-1,40,1.5,237799,-0.03803065,0.02474657,1.11630857,0.33941454,8
TNG50-1,40,1.5,237799,0.00010745,-0.03120605,1.00843955,0.71225709,9
TNG50-1,40,1.5,205554,-0.03329762,-0.05224044,1.27902171,-0.89340592,0
TNG50-1,40,1.5,205554,-0.03345226,0.00532431,1.27807646,1.73166718,1
TNG50-1,40,1.5,205554,-0.00399232,0.02556995,0.85280971,1.22561943,2
TNG50-1,40,1.5,205554,-0.00301571,0.01638003,0.41216558,1.04208957,3
TNG50-1,40,1.5,205554,0.14981195,0.02851005,1.01854754,2.06986069,4
TNG50-1,40,1.5,205554,-0.05386139,0.0706304,1.10572724,-1.40033155,5
TNG50-1,40,1.5,205554,0.0114485,0.04684833,0.65937667,-1.00729686,6
TNG50-1,40,1.5,205554,0.03082539,0.00356473,0.68956644,-2.87556604,7
TNG50-1,40,1.5,205554,-7.86e-05,-0.05858792,1.19193353,2.31689804,8
TNG50-1,40,1.5,205554,0.00550903,-0.03000026,1.26583898,0.5179213,9
TNG50-1,40,1.5,227628,0.0300775,-0.0155874,0.48107371,0.94381155,0
TNG50-1,40,1.5,227628,0.04628223,0.04339381,0.34508686,1.14221612,1
TNG50-1,40,1.5,227628,-0.09886394,-0.07932283,1.02795731,-1.53543617,2
TNG50-1,40,1.5,227628,0.06769178,-0.02707879,0.63489422,1.39222345,3
TNG50-1,40,1.5,227628,0.01960311,0.10224116,0.5718305,-1.7819141,4
TNG50-1,40,1.5,227628,0.05053907,-0.03130402,1.13104659,2.06740833,5
TNG50-1,40,1.5,227628,0.01935809,-0.01193419,1.27896653,-1.76484199,6
TNG50-1,40,1.5,227628,0.00244624,-0.04412905,0.2117832,1.23594043,7
TNG50-1,40,1.5,227628,-0.01376546,0.01679228,1.37510195,1.78073945,8
TNG50-1,40,1.5,227628,0.01835722,-0.03681324,0.85810999,-1.95441149,9
TNG50-1,40,1.5,144699,-0.07437356,0.03703214,0.90491751,1.4282218,0
TNG50-1,40,1.5,144699,0.01195793,-0.03765622,0.70623057,-0.19763741,1
TNG50-1,40,1.5,144699,0.02615997,0.04362493,1.09586944,-2.94507189,2
TNG50-1,40,1.5,144699,0.04516885,0.05541738,1.26363839,2.88990345,3
TNG50-1,40,1.5,144699,0.02485681,-0.03096587,1.20952991,-2.21323038,4
TNG50-1,40,1.5,144699,0.0265793,0.02951555,0.58679426,-0.92107113,5
TNG50-1,40,1.5,144699,-0.04923263,-0.03305784,1.17364905,-0.72385666,6
TNG50-1,40,1.5,144699,-0.00524883,-0.09229394,0.64756797,-0.0664139,7
TNG50-1,40,1.5,144699,-0.07535584,0.00616547,1.11712148,1.79349769,8
TNG50-1,40,1.5,144699,-0.10016846,-0.02354369,1.24204732,-3.1033263,9
TNG50-1,40,1.5,89368,0.03097826,0.06754955,0.32361415,2.71217377,0
TNG50-1,40,1.5,89368,0.01986642,0.03565346,1.17110812,0.19100594,1
TNG50-1,40,1.5,89368,-0.03831943,-0.04912276,0.57418579,-2.02163999,2
TNG50-1,40,1.5,89368,-0.04047587,-0.05168178,1.09825007,0.91701563,3
TNG50-1,40,1.5,89368,0.04941422,0.02459651,0.92063671,-1.93570671,4
TNG50-1,40,1.5,89368,0.05957754,-0.00886373,1.01107806,-2.74240085,5
TNG50-1,40,1.5,89368,0.07560718,-0.0013215,1.39518891,1.16437001,6
TNG50-1,40,1.5,89368,0.09019652,0.05362667,0.88234936,-2.44607619,7
TNG50-1,40,1.5,89368,0.00673097,0.03795186,0.68325602,-2.47420874,8
TNG50-1,40,1.5,89368,-0.01555996,0.06649366,1.25415994,1.50760987,9
TNG50-1,40,1.5,225905,0.01574836,0.02521038,0.42931823,-1.56759796,0
TNG50-1,40,1.5,225905,0.05657122,-0.00149155,0.48798383,2.91743428,1
TNG50-1,40,1.5,225905,0.0094037,-0.02824017,1.28079221,-1.21730708,2
TNG50-1,40,1.5,225905,0.01002339,0.01480848,1.04278901,-2.99376118,3
TNG50-1,40,1.5,225905,0.00606203,0.0495718,0.68533305,-1.54000304,4
TNG50-1,40,1.5,225905,-0.1009122,-0.04134829,1.13380748,-2.06588028,5
TNG50-1,40,1.5,225905,-0.00401992,-0.00024142,0.78518726,0.04289509,6
TNG50-1,40,1.5,225905,-0.03341253,0.04340332,1.20030181,-2.43337672,7
TNG50-1,40,1.5,225905,-0.0593224,-0.09680006,1.1241216,0.79198845,8
TNG50-1,40,1.5,225905,0.07170091,-0.00287849,0.52164484,2.35556033,9
TNG50-1,40,1.5,234955,0.06940741,-0.06259261,1.13940171,-1.26998982,0
TNG50-1,40,1.5,234955,-0.01583114,-0.0132038,1.23395046,0.67028088,1
TNG50-1,40,1.5,234955,-0.01253913,-0.04653018,0.33847536,-0.82064543,2
TNG50-1,40,1.5,234955,0.04962383,-0.01337563,0.59775379,-3.13498292,3
TNG50-1,40,1.5,234955,0.06125807,0.0802205,1.10633334,2.90167388,4
TNG50-1,40,1.5,234955,-0.03335753,-0.07113003,0.551746,0.31182868,5
TNG50-1,40,1.5,234955,-0.03342939,-0.08094326,0.93941757,0.61847028,6
TNG50-1,40,1.5,234955,0.01896795,-0.04142771,1.10305525,0.62763634,7
TNG50-1,40,1.5,234955,0.0763766,0.01436553,0.55455278,0.31818968,8
TNG50-1,40,1.5,234955,0.05729952,0.03103774,0.6772553,-1.3191683,9
TNG50-1,40,1.5,233114,0.06804508,0.0357769,0.78629728,3.02994566,0
TNG50-1,40,1.5,233114,-0.08216235,-0.03133158,1.26979517,1.11048156,1
TNG50-1,40,1.5,233114,0.03061725,-0.03422918,1.23744805,2.20345423,2
TNG50-1,40,1.5,233114,0.04792556,0.00494577,0.49020252,1.58423149,3
TNG50-1,40,1.5,233114,-0.01293632,0.05031952,1.27668571,1.24559294,4
TNG50-1,40,1.5,233114,-0.06053868,0.1143725,1.38456472,-0.72530536,5
TNG50-1,40,1.5,233114,0.04714779,-0.07537406,0.95694998,-1.10370437,6
TNG50-1,40,1.5,233114,-0.05997544,0.0157671,0.51789812,1.36319106,7
TNG50-1,40,1.5,233114,-0.00891757,-0.05432675,1.12181027,1.36164799,8
TNG50-1,40,1.5,233114,-0.0020062,0.05094056,1.29346354,2.83113031,9
TNG50-1,40,1.5,181911,-0.03626971,-0.04876182,1.3524728,-0.37414895,0
TNG50-1,40,1.5,181911,0.02850171,0.02430777,0.85745176,2.10884596,1
TNG50-1,40,1.5,181911,-0.09280103,0.04033899,1.02672613,0.66345186,2
TNG50-1,40,1.5,181911,0.06372953,0.07384043,0.73121593,-2.70969716,3
TNG50-1,40,1.5,181911,0.03120966,0.01858838,1.36112032,-0.35871439,4
TNG50-1,40,1.5,181911,0.04496155,0.04622877,0.72897605,-1.1826748,5
TNG50-1,40,1.5,181911,0.02790585,-0.01485724,1.15668157,0.88998605,6
TNG50-1,40,1.5,181911,-0.00805618,-0.02391386,0.79831668,0.71982647,7
TNG50-1,40,1.5,181911,-0.05315744,0.02368359,0.82575588,-3.07625945,8
TNG50-1,40,1.5,181911,-0.00700377,-0.01932364,1.209239,0.67667084,9
TNG50-1,40,1.5,225428,0.03918799,0.00370831,1.02155554,-2.30428819,0
TNG50-1,40,1.5,225428,0.01762097,-0.04726913,1.24718264,1.55021812,1
TNG50-1,40,1.5,225428,-0.03003483,-0.0256726,0.48302553,-0.51188622,2
TNG50-1,40,1.5,225428,0.02949804,-0.06126653,1.01174635,-3.04485262,3
TNG50-1,40,1.5,225428,0.03616315,0.00855569,0.86511495,0.17823713,4
TNG50-1,40,1.5,225428,-0.03842729,0.02128573,1.09064625,-2.32448677,5
TNG50-1,40,1.5,225428,-0.02465121,0.02011827,1.15504639,-1.82253646,6
TNG50-1,40,1.5,225428,-0.11126816,0.00061806,1.22987839,1.23176169,7
TNG50-1,40,1.5,225428,-0.054533,-0.07705365,0.43069981,-1.52592158,8
TNG50-1,40,1.5,225428,-0.03712348,-0.03099768,0.61354176,2.46230619,9
TNG50-1,40,1.5,204085,0.0178571,-0.00325808,0.65474883,2.22480521,0
TNG50-1,40,1.5,204085,-0.05772928,0.08351402,0.46769937,-2.80408906,1
TNG50-1,40,1.5,204085,-0.04471415,0.08571573,0.91222131,2.0337068,2
TNG50-1,40,1.5,204085,-0.11049722,0.04936615,1.31244632,-2.53078764,3
TNG50-1,40,1.5,204085,0.02823711,0.01687466,0.92366573,-2.74396986,4
TNG50-1,40,1.5,204085,-0.0606105,-0.05025532,0.52943483,1.62483736,5
TNG50-1,40,1.5,204085,0.00662849,0.03593108,0.68072197,0.22814637,6
TNG50-1,40,1.5,204085,0.01854941,-0.00790106,1.15295811,-0.5369106,7
TNG50-1,40,1.5,204085,0.03011764,0.02802641,1.29705966,2.53754102,8
TNG50-1,40,1.5,204085,-0.06020085,-0.03164217,0.45192328,2.13190722,9
TNG50-1,40,1.5,222555,0.03105988,-0.05274212,0.44136141,2.60161935,0
TNG50-1,40,1.5,222555,0.0562398,-0.02760131,1.14618912,-0.74925116,1
TNG50-1,40,1.5,222555,-0.00412957,0.00789667,1.16673232,1.37963038,2
TNG50-1,40,1.5,222555,0.020262,-0.02821566,0.47773273,0.88178613,3
TNG50-1,40,1.5,222555,-0.02372456,0.03915683,0.76482847,1.80800366,4
TNG50-1,40,1.5,222555,-0.04228864,-0.00936996,0.46112926,2.49406512,5
TNG50-1,40,1.5,222555,0.05132128,-0.04962664,1.27001904,1.13135572,6
TNG50-1,40,1.5,222555,0.01937479,0.00328858,0.34397313,-2.7166008,7
TNG50-1,40,1.5,222555,0.02451843,0.00851694,0.84149449,-1.99088792,8
TNG50-1,40,1.5,222555,0.07510576,0.0467341,0.77967516,2.85242904,9
TNG50-1,40,1.5,171647,0.07254283,-0.08432384,1.19537984,-0.21991258,0
TNG50-1,40,1.5,171647,0.03854908,-0.024245,0.93115538,2.30001474,1
TNG50-1,40,1.5,171647,-0.01953855,0.06144075,1.21217938,-1.61120628,2
TNG50-1,40,1.5,171647,-0.00536056,0.02011577,1.36903923,1.49267221,3
TNG50-1,40,1.5,171647,0.04689995,-0.00043243,0.7326927,2.38274633,4
TNG50-1,40,1.5,171647,0.00157871,0.03370116,0.90879512,1.97710646,5
TNG50-1,40,1.5,171647,0.02363415,0.09590822,0.71297362,1.95893431,6
TNG50-1,40,1.5,171647,0.12674964,-0.09979538,1.32745133,-0.23231052,7
TNG50-1,40,1.5,171647,0.00948783,0.07596938,0.21748904,2.01055614,8
TNG50-1,40,1.5,171647,0.03312991,-0.13859778,0.22186681,1.19823368,9
TNG50-1,40,1.5,235345,-0.0086261,-0.0047749,0.76694677,1.38806993,0
TNG50-1,40,1.5,235345,-0.09749006,0.01587974,0.72207491,-2.04839658,1
TNG50-1,40,1.5,235345,-0.01661311,-0.00930855,0.93457887,-0.84058285,2
TNG50-1,40,1.5,235345,0.00036925,-0.03233795,0.62147036,-2.14624994,3
TNG50-1,40,1.5,235345,0.00843738,0.02614398,1.14483328,1.17322275,4
TNG50-1,40,1.5,235345,0.01894385,-0.0277613,1.23074862,-1.58228275,5
TNG50-1,40,1.5,235345,0.01221209,0.01930735,1.09943844,0.1595108,6
TNG50-1,40,1.5,235345,-0.01321718,0.00141277,1.04471451,1.83362098,7
TNG50-1,40,1.5,235345,0.01430975,-0.01519673,0.74698223,1.07404314,8
TNG50-1,40,1.5,235345,0.0501016,-0.01640714,0.54539516,-1.26685358,9
TNG50-1,40,1.5,248709,0.11005516,0.01134365,1.38048522,0.91741872,0
TNG50-1,40,1.5,248709,0.01243611,0.05064069,1.18800028,1.4729912,1
TNG50-1,40,1.5,248709,-0.01985154,0.02153596,1.36425221,1.08715608,2
TNG50-1,40,1.5,248709,-0.03059024,0.00833676,0.58288149,-1.05483674,3
TNG50-1,40,1.5,248709,-0.09234981,-0.03984788,0.87504202,2.04997035,4
TNG50-1,40,1.5,248709,-0.01392979,0.04335909,0.94452198,1.35430288,5
TNG50-1,40,1.5,248709,0.05722967,-0.15659524,0.90316621,-2.3354768,6
TNG50-1,40,1.5,248709,0.02994171,0.01914229,1.18696283,-1.91546535,7
TNG50-1,40,1.5,248709,0.0010154,0.1285161,0.85349414,0.86147757,8
TNG50-1,40,1.5,248709,-0.04974672,-0.07541867,1.37473214,-1.32313746,9
TNG50-1,40,1.5,208267,-0.0929244,0.04342362,0.94049545,-2.27218395,0
TNG50-1,40,1.5,208267,0.02261271,-0.09093789,0.54252956,1.87128667,1
TNG50-1,40,1.5,208267,0.03306376,-0.07505297,1.37730783,-0.22072124,2
TNG50-1,40,1.5,208267,-0.08908662,-0.0368004,0.64427047,2.3963359,3
TNG50-1,40,1.5,208267,0.05672662,-0.00649101,1.30318555,0.85092722,4
TNG50-1,40,1.5,208267,0.03828478,0.01940685,0.55275553,0.77615405,5
TNG50-1,40,1.5,208267,0.0566158,0.01623408,0.92897853,-1.30542533,6
TNG50-1,40,1.5,208267,0.02917625,0.05585529,1.34950665,-2.30165315,7
TNG50-1,40,1.5,208267,0.03268414,0.05742476,0.5642714,2.89763159,8
TNG50-1,40,1.5,208267,0.02603604,-0.04361926,1.37750059,-2.48312935,9
TNG50-1,40,1.5,202467,0.01587052,0.08845417,1.13664656,-2.21338672,0
TNG50-1,40,1.5,202467,0.005838,0.02679964,1.18968329,1.9862129,1
TNG50-1,40,1.5,202467,0.00853135,-0.04560393,1.17375098,-2.90738763,2
TNG50-1,40,1.5,202467,0.06552148,-0.03639902,0.9050099,-1.48162748,3
TNG50-1,40,1.5,202467,-0.02995989,0.06873743,1.19798237,-2.78308091,4
TNG50-1,40,1.5,202467,-0.01391588,0.05633052,1.059898,1.05198728,5
TNG50-1,40,1.5,202467,-0.07687215,0.0014075,0.79389429,-0.82704888,6
TNG50-1,40,1.5,202467,-0.05919339,-0.02212632,0.56004445,0.9553488,7
TNG50-1,40,1.5,202467,-0.02589,0.05624664,0.75078048,-0.96113283,8
TNG50-1,40,1.5,202467,-0.00279685,-0.04966636,0.8613316,-0.27808919,9
TNG50-1,40,1.5,179803,0.03855181,-0.09451861,0.92262294,2.05706877,0
TNG50-1,40,1.5,179803,-0.0206555,0.02538309,0.2179283,-1.02702637,1
TNG50-1,40,1.5,179803,0.01362763,0.04826711,0.3013155,1.04988734,2
TNG50-1,40,1.5,179803,-0.01345152,0.12641782,1.21427429,-0.84074381,3
TNG50-1,40,1.5,179803,0.02192318,-0.01955988,0.67267703,-2.87315049,4
TNG50-1,40,1.5,179803,0.01708454,-0.02693559,1.10468883,-0.76645369,5
TNG50-1,40,1.5,179803,-0.01913301,-0.05547105,1.26630935,2.82764993,6
TNG50-1,40,1.5,179803,-0.06646494,0.0104321,0.78211535,-0.10516493,7
TNG50-1,40,1.5,179803,0.00731185,0.01011591,0.95731112,-2.46156076,8
TNG50-1,40,1.5,179803,-0.01021347,-0.04056482,0.91877098,1.18015077,9
TNG50-1,40,1.5,226391,-0.04207301,-0.03037645,1.29992678,2.12771987,0
TNG50-1,40,1.5,226391,-0.01374271,-0.08245332,1.35155072,2.33160122,1
TNG50-1,40,1.5,226391,0.03898105,-0.01437356,1.26958571,-2.18852381,2
TNG50-1,40,1.5,226391,-0.00106732,0.06623685,0.57917286,-2.40776796,3
TNG50-1,40,1.5,226391,0.05684343,0.0230371,0.68793453,2.66286973,4
TNG50-1,40,1.5,226391,0.06576183,0.10089047,0.35234182,-2.04940761,5
TNG50-1,40,1.5,226391,0.05995852,0.00886151,0.27274437,-0.82547401,6
TNG50-1,40,1.5,226391,0.06027703,0.12239014,0.46545822,-0.27655535,7
TNG50-1,40,1.5,226391,-0.0518497,0.00887606,1.28944878,-2.35969719,8
TNG50-1,40,1.5,226391,0.02413177,0.00112401,0.4916725,-3.0119436,9
TNG50-1,40,1.5,228192,0.05934457,0.0067713,1.28840067,-0.08344461,0
TNG50-1,40,1.5,228192,0.00128372,0.085905,0.88651656,-1.7203619,1
TNG50-1,40,1.5,228192,-0.01083466,-0.01198569,0.60116508,-1.32700203,2
TNG50-1,40,1.5,228192,0.02880348,0.0026306,0.47701772,-2.28412532,3
TNG50-1,40,1.5,228192,0.08369872,-0.04326888,0.81691713,2.63004994,4
TNG50-1,40,1.5,228192,0.02168846,0.03583155,1.05117295,-2.82526037,5
TNG50-1,40,1.5,228192,0.02272659,0.06833396,1.27119489,-3.06087729,6
TNG50-1,40,1.5,228192,0.00256989,0.08122489,1.05278205,-1.99183928,7
TNG50-1,40,1.5,228192,-0.01639455,0.01016823,1.11602549,1.95327906,8
TNG50-1,40,1.5,228192,-0.00810673,0.02871771,0.50582586,0.14744617,9
TNG50-1,40,1.5,68956,-0.00100473,-0.13893348,0.92049543,-2.32948411,0
TNG50-1,40,1.5,68956,-0.07921082,0.06123147,0.81331789,-0.83117868,1
TNG50-1,40,1.5,68956,-0.05806551,-0.09116586,1.28381398,0.63033839,2
TNG50-1,40,1.5,68956,-0.0560783,0.04216724,0.90480323,-2.60854097,3
TNG50-1,40,1.5,68956,0.03820541,-0.04442923,1.234304,-0.73729721,4
TNG50-1,40,1.5,68956,0.01226775,0.05244519,0.5466274,-1.50060005,5
TNG50-1,40,1.5,68956,0.03055306,0.16040805,0.56136172,2.84031531,6
TNG50-1,40,1.5,68956,-0.09198275,-0.11365888,1.02627415,-0.55552266,7
TNG50-1,40,1.5,68956,-0.07417833,0.03476886,0.30739421,1.65040968,8
TNG50-1,40,1.5,68956,0.03316077,-0.09040814,0.27033531,-0.7118512,9
TNG50-1,40,1.5,252668,-0.00252785,0.03522058,1.24679562,2.62903386,0
TNG50-1,40,1.5,252668,0.0652296,-0.12393783,1.01161784,1.46526779,1
TNG50-1,40,1.5,252668,0.00018527,0.02841557,1.24155614,1.91454053,2
TNG50-1,40,1.5,252668,-0.01974986,-0.00806764,1.26933435,1.38834622,3
TNG50-1,40,1.5,252668,-0.02822536,-0.024072,1.32055363,-0.88934941,4
TNG50-1,40,1.5,252668,-0.02768826,0.009048,0.81128175,-1.36324708,5
TNG50-1,40,1.5,252668,-0.0701048,-0.02479126,0.84221121,-0.48683961,6
TNG50-1,40,1.5,252668,-0.03751877,-0.10619375,0.80005991,-2.53193292,7
TNG50-1,40,1.5,252668,0.07492101,0.0461124,0.64944915,-0.30611364,8
TNG50-1,40,1.5,252668,-0.01032996,0.01215088,1.12148026,-2.87052986,9
TNG50-1,40,1.5,208817,0.00234881,0.03067928,1.02516777,0.69711333,0
TNG50-1,40,1.5,208817,-0.04338118,-0.0668205,1.36973676,2.13494861,1
TNG50-1,40,1.5,208817,-0.0489689,0.02493179,0.93035308,-2.2866251,2
TNG50-1,40,1.5,208817,0.05129661,0.00445061,0.59657193,-1.91738622,3
TNG50-1,40,1.5,208817,-0.07556113,-0.03218778,0.78824241,-0.08815621,4
TNG50-1,40,1.5,208817,0.05322352,0.04273365,1.23374289,-2.8642205,5
TNG50-1,40,1.5,208817,-0.00825996,-0.11011284,0.70787198,-0.5303373,6
TNG50-1,40,1.5,208817,-0.00479172,0.01733404,0.71849059,1.81093365,7
TNG50-1,40,1.5,208817,-0.08540439,0.08097176,1.17813342,-2.20719256,8
TNG50-1,40,1.5,208817,-0.00733583,0.07199716,0.83043113,-0.25164951,9
TNG50-1,40,1.5,106424,0.09946798,0.02495113,1.27846068,-1.72377685,0
TNG50-1,40,1.5,106424,-0.00481909,0.08214241,0.94848511,-0.92939121,1
TNG50-1,40,1.5,106424,0.0322257,0.01768752,1.3058495,-2.66979216,2
TNG50-1,40,1.5,106424,-0.02684346,0.03219963,0.97241622,-0.49795629,3
TNG50-1,40,1.5,106424,-0.05259639,0.03596376,1.13471215,1.05997265,4
TNG50-1,40,1.5,106424,-0.01169403,-0.05765077,1.00471165,2.12476614,5
TNG50-1,40,1.5,106424,0.05505963,-0.0481666,1.02236734,0.41415561,6
TNG50-1,40,1.5,106424,-0.02603659,-0.05419481,0.43827926,0.88010254,7
TNG50-1,40,1.5,106424,-0.0435266,-0.06660729,0.96810255,-2.02779076,8
TNG50-1,40,1.5,106424,0.00777321,0.03977299,0.58622929,-2.90782022,9
TNG50-1,40,1.5,173605,-0.02594227,0.08711569,0.73679671,-2.97937969,0
TNG50-1,40,1.5,173605,0.0232225,0.01537054,1.00371332,-2.9192336,1
TNG50-1,40,1.5,173605,0.05085109,0.00873059,0.55646782,1.42721609,2
TNG50-1,40,1.5,173605,0.04955333,-0.01311234,1.33828236,-1.82108599,3
TNG50-1,40,1.5,173605,-0.04214061,0.12229893,0.61127235,0.98279777,4
TNG50-1,40,1.5,173605,0.0499234,0.06525052,1.36922202,1.57030725,5
TNG50-1,40,1.5,173605,-0.00220426,-0.03605311,1.37687658,-2.76880394,6
TNG50-1,40,1.5,173605,-0.01622984,-0.01368075,0.99598223,1.69491408,7
TNG50-1,40,1.5,173605,-0.03542557,-0.01071223,1.21404165,-1.4550524,8
TNG50-1,40,1.5,173605,-0.02799679,0.0072936,0.86197648,-0.69400321,9
TNG50-1,40,1.5,230781,0.04459488,0.09810028,1.32641263,0.03663786,0
TNG50-1,40,1.5,230781,-0.07351078,-0.00214705,0.75035732,0.19791614,1
TNG50-1,40,1.5,230781,0.03680281,0.04766518,0.54054164,1.29741317,2
TNG50-1,40,1.5,230781,-0.00102478,-0.02256154,1.10065421,-0.07074553,3
TNG50-1,40,1.5,230781,-0.05293186,-0.02572994,0.73075824,0.63036931,4
TNG50-1,40,1.5,230781,-0.10423029,-0.03387546,1.26927873,-1.69079876,5
TNG50-1,40,1.5,230781,-0.00682369,-0.10302645,0.54472475,-0.76336557,6
TNG50-1,40,1.5,230781,0.07238565,0.06435461,0.34460939,2.2948728,7
TNG50-1,40,1.5,230781,0.08373423,-0.03208162,1.2727385,-2.45105481,8
TNG50-1,40,1.5,230781,0.01776881,-0.04007194,0.75182727,0.61308345,9
TNG50-1,40,1.5,200427,-0.01567129,-0.09706571,0.70909656,2.78197198,0
TNG50-1,40,1.5,200427,-0.06007597,-0.01905777,0.96326328,0.05005087,1
TNG50-1,40,1.5,200427,0.08555508,0.05048429,0.75543907,-0.17557522,2
TNG50-1,40,1.5,200427,0.01221391,-0.07257267,0.65046935,-0.95381129,3
TNG50-1,40,1.5,200427,-0.03838978,0.01145914,0.41611387,0.87591995,4
TNG50-1,40,1.5,200427,0.0017079,0.00329873,0.66284,0.1259859,5
TNG50-1,40,1.5,200427,-0.13036828,0.08571902,1.02289774,-2.33075436,6
TNG50-1,40,1.5,200427,-0.05424807,-0.01150681,1.16840952,2.31980109,7
TNG50-1,40,1.5,200427,0.00182219,-0.00858003,0.95828874,-0.8858485,8
TNG50-1,40,1.5,200427,0.04228377,0.04274799,1.11984283,-0.42362222,9
TNG50-1,40,1.5,165004,0.0513036,0.04520325,1.2309783,1.97089933,0
TNG50-1,40,1.5,165004,-0.03106883,-0.03467067,1.28630545,-2.12945311,1
TNG50-1,40,1.5,165004,-0.03127523,0.07425782,0.82697309,-1.83668658,2
TNG50-1,40,1.5,165004,0.06065616,-0.01579171,1.12821002,-3.1264414,3
TNG50-1,40,1.5,165004,0.04969423,0.00102543,1.28909194,0.15478097,4
TNG50-1,40,1.5,165004,0.01043329,0.0379364,0.85405005,-1.91837148,5
TNG50-1,40,1.5,165004,0.03805753,0.00119322,0.66838966,1.40895766,6
TNG50-1,40,1.5,165004,-0.01442764,-0.01489542,0.62230554,2.90417531,7
TNG50-1,40,1.5,165004,-0.00041838,-0.00150117,1.2703487,-1.82994323,8
TNG50-1,40,1.5,165004,-0.03308122,0.04469092,0.9006702,0.93680415,9
TNG50-1,40,1.5,110111,0.0906868,-0.05571948,1.2864661,0.47133341,0
TNG50-1,40,1.5,110111,0.01205698,-0.04917902,1.0436813,-0.03207054,1
TNG50-1,40,1.5,110111,-0.01338135,-0.028155,1.01487571,2.58166913,2
TNG50-1,40,1.5,110111,0.0359174,0.02385598,1.30949196,2.12358907,3
TNG50-1,40,1.5,110111,0.05036495,-0.01610113,0.42131277,1.96539225,4
TNG50-1,40,1.5,110111,-0.02857248,-0.03242091,0.85617039,-1.72404822,5
TNG50-1,40,1.5,110111,0.010972,0.00257773,1.06475382,-2.17949177,6
TNG50-1,40,1.5,110111,0.046328,-0.05734814,0.95131571,1.19441166,7
TNG50-1,40,1.5,110111,-0.05801436,0.02144016,1.13238856,-0.19702651,8
TNG50-1,40,1.5,110111,0.00061727,0.05656934,0.53147548,1.15430102,9
TNG50-1,40,1.5,206049,0.00371218,0.04901169,0.84749133,-0.21835743,0
TNG50-1,40,1.5,206049,-0.042889,-0.02801757,0.2311675,2.3153506,1
TNG50-1,40,1.5,206049,-0.0273224,0.07852718,0.88865326,1.47608101,2
TNG50-1,40,1.5,206049,0.07430753,-0.03587502,1.30450952,2.97831875,3
TNG50-1,40,1.5,206049,0.00517286,-0.01190059,1.36252328,2.44104116,4
TNG50-1,40,1.5,206049,-0.02796012,-0.05397884,0.62630226,-1.54222535,5
TNG50-1,40,1.5,206049,-0.0572614,0.04953809,1.03194758,0.99939863,6
TNG50-1,40,1.5,206049,-0.09358507,0.10487553,1.19188404,-3.01251696,7
TNG50-1,40,1.5,206049,-0.06256403,-0.08809085,1.10222052,3.08571456,8
TNG50-1,40,1.5,206049,0.00559796,-0.0173081,0.67049453,-1.50164291,9
TNG50-1,40,1.5,176577,-0.02177028,-0.06811247,1.27633879,-0.32251201,0
TNG50-1,40,1.5,176577,0.05076659,0.06277887,1.25004991,-2.86225809,1
TNG50-1,40,1.5,176577,0.01197918,0.00151233,0.67733044,-1.76190004,2
TNG50-1,40,1.5,176577,0.07196679,-0.01220935,1.2754399,-0.99000953,3
TNG50-1,40,1.5,176577,0.00823438,-0.04219275,0.9881155,3.13838449,4
TNG50-1,40,1.5,176577,-0.01242116,0.03111294,0.70335761,-1.23972557,5
TNG50-1,40,1.5,176577,-0.08918624,-0.04022489,0.79884071,-2.97574264,6
TNG50-1,40,1.5,176577,-0.08098673,-0.0492689,1.2232653,0.08118867,7
TNG50-1,40,1.5,176577,-0.09178493,0.0594175,1.14152849,-2.61628453,8
TNG50-1,40,1.5,176577,0.01896696,0.01773106,0.3013618,-1.41957514,9
TNG50-1,40,1.5,166742,0.08557114,-0.08870483,1.19757001,-0.92529703,0
TNG50-1,40,1.5,166742,-0.05021173,0.03424773,0.5541485,-2.39938368,1
TNG50-1,40,1.5,166742,-0.04710594,0.0161737,1.33502157,2.79168043,2
TNG50-1,40,1.5,166742,0.08054505,-0.00287773,1.2666022,-0.38843726,3
TNG50-1,40,1.5,166742,0.03122742,-0.01951822,1.07173389,1.19588658,4
TNG50-1,40,1.5,166742,0.10601851,-0.0447377,0.53191571,0.47292076,5
TNG50-1,40,1.5,166742,-0.02252193,0.03638565,1.27960285,0.01078142,6
TNG50-1,40,1.5,166742,0.00631406,-0.0585545,0.49670151,0.73247881,7
TNG50-1,40,1.5,166742,-0.03303385,0.0255948,1.20673476,2.50285853,8
TNG50-1,40,1.5,166742,0.00716506,0.10372257,1.00446005,1.25231659,9
TNG50-1,40,1.5,223070,-0.02174792,0.06801699,1.02136861,-1.43447793,0
TNG50-1,40,1.5,223070,-0.01245174,-0.00712412,0.60805596,-2.13714521,1
TNG50-1,40,1.5,223070,-0.05648977,0.09453651,0.20195554,1.45869864,2
TNG50-1,40,1.5,223070,-0.03241792,-0.00476739,1.10093935,-2.47805818,3
TNG50-1,40,1.5,223070,0.08790555,-0.00179893,1.19398443,2.29960878,4
TNG50-1,40,1.5,223070,0.00364624,0.03204471,1.17388293,-1.75228925,5
TNG50-1,40,1.5,223070,-0.05011539,-0.13362938,1.32267126,-2.45929768,6
TNG50-1,40,1.5,223070,-0.0157386,0.01024697,1.0596427,-3.07809073,7
TNG50-1,40,1.5,223070,-0.07987138,-0.00244932,1.38565732,1.35217292,8
TNG50-1,40,1.5,223070,-0.05070798,0.07430194,1.30504021,-1.52922209,9
TNG50-1,40,1.5,273824,0.00166233,-0.00108542,0.48742793,-1.84666645,0
TNG50-1,40,1.5,273824,0.08607885,-0.03321691,0.87714425,-1.01139214,1
TNG50-1,40,1.5,273824,0.08109621,0.00645212,0.62332141,0.80569918,2
TNG50-1,40,1.5,273824,-0.00040879,0.0132712,1.17780471,-2.51355863,3
TNG50-1,40,1.5,273824,-0.02267758,-0.01876975,1.29860992,-2.68922991,4
TNG50-1,40,1.5,273824,0.07315868,0.04519128,0.73918012,-2.98009109,5
TNG50-1,40,1.5,273824,0.04002092,0.06444162,0.62135388,2.61782545,6
TNG50-1,40,1.5,273824,0.01577906,0.04849488,1.06706962,-1.18511717,7
TNG50-1,40,1.5,273824,-0.01609364,-0.01381242,1.38048945,1.00944911,8
TNG50-1,40,1.5,273824,0.01658483,0.03779108,0.58658778,3.07395573,9
TNG50-1,40,1.5,207043,0.03310726,0.00590049,0.94821887,0.58927624,0
TNG50-1,40,1.5,207043,-0.02801504,-0.09863521,1.02109772,2.03879481,1
TNG50-1,40,1.5,207043,-0.00341739,-0.00203732,0.76221632,-1.74238372,2
TNG50-1,40,1.5,207043,-0.00141567,0.043399,1.28584472,-0.92482559,3
TNG50-1,40,1.5,207043,-0.03839777,0.02256147,1.02052434,2.77799901,4
TNG50-1,40,1.5,207043,-0.03845651,0.11148976,0.46830583,2.42515316,5
TNG50-1,40,1.5,207043,0.0505262,0.06255547,1.37027369,0.36412933,6
TNG50-1,40,1.5,207043,-0.02098922,0.0724467,0.99981655,-0.15401132,7
TNG50-1,40,1.5,207043,-0.05473482,0.1400043,0.78828334,-0.30745265,8
TNG50-1,40,1.5,207043,-0.00215702,0.03790781,0.47541818,-2.77220632,9
TNG50-1,40,1.5,98183,0.01048397,-0.07250897,1.13490127,-0.51275129,0
TNG50-1,40,1.5,98183,0.05496759,0.07055836,0.82221525,-2.32911866,1
TNG50-1,40,1.5,98183,0.04597064,-0.05857226,0.82614474,-0.47778365,2
TNG50-1,40,1.5,98183,0.01880477,-0.05706076,0.55523043,-0.69463813,3
TNG50-1,40,1.5,98183,0.06355359,-0.01171429,0.69296489,-2.92437249,4
TNG50-1,40,1.5,98183,-0.11728941,-0.01591032,0.55306661,-1.41289513,5
TNG50-1,40,1.5,98183,-0.01452316,-0.07792086,0.82786013,1.5827782,6
TNG50-1,40,1.5,98183,-0.01528952,0.0324939,1.00738646,0.48974647,7
TNG50-1,40,1.5,98183,0.05763414,0.03397012,1.06008818,1.92370712,8
TNG50-1,40,1.5,98183,0.07856975,0.05270208,1.07353658,0.26821689,9
TNG50-1,40,1.5,281837,0.06307675,-0.02291388,0.64394672,2.57528596,0
TNG50-1,40,1.5,281837,0.02955267,-0.00380978,0.43436113,1.11770343,1
TNG50-1,40,1.5,281837,0.05850332,0.02928028,1.01800675,-1.14826092,2
TNG50-1,40,1.5,281837,-0.05055019,-0.08799051,1.33257221,0.89779382,3
TNG50-1,40,1.5,281837,-0.01856933,-0.08015,0.61457801,2.08644734,4
TNG50-1,40,1.5,281837,-0.06212292,0.02448131,0.47989542,-0.15186422,5
TNG50-1,40,1.5,281837,-0.03525956,-0.09745193,1.04132967,2.00903901,6
TNG50-1,40,1.5,281837,0.06260527,-0.02233987,1.19489712,-0.67915153,7
TNG50-1,40,1.5,281837,0.07437453,0.00810459,1.36373124,-0.95186689,8
TNG50-1,40,1.5,281837,-0.05740666,0.0207833,0.86478596,0.52143291,9
TNG50-1,40,1.5,275057,0.0359914,0.08418741,0.87462202,-0.75654869,0
TNG50-1,40,1.5,275057,-0.06721536,0.02913732,0.82059068,2.41883786,1
TNG50-1,40,1.5,275057,-0.00728305,0.00407651,0.9020588,1.71421452,2
TNG50-1,40,1.5,275057,-0.00290193,-0.00161956,0.65026182,0.16518987,3
TNG50-1,40,1.5,275057,0.0311821,0.05520917,1.24092726,2.82776738,4
TNG50-1,40,1.5,275057,-0.03142188,-0.02950552,0.90186341,-0.4752269,5
TNG50-1,40,1.5,275057,-0.12499654,-0.00701419,1.26815208,1.81001559,6
TNG50-1,40,1.5,275057,-0.05408499,-0.05446291,1.04733414,-2.08641814,7
TNG50-1,40,1.5,275057,-0.0030524,0.0709453,0.78432082,-1.34590556,8
TNG50-1,40,1.5,275057,0.00319421,0.01962495,0.96501545,-1.0173383,9
TNG50-1,40,1.5,259312,-0.02965783,0.0211518,0.28802149,-1.01001498,0
TNG50-1,40,1.5,259312,0.0009825,0.06874539,1.05343307,0.63597229,1
TNG50-1,40,1.5,259312,-0.03931431,-0.02015369,1.26456458,-2.64040406,2
TNG50-1,40,1.5,259312,0.00480286,-0.01077817,1.35383397,-1.74872049,3
TNG50-1,40,1.5,259312,-0.04827283,0.05358159,0.81574003,-0.51810998,4
TNG50-1,40,1.5,259312,-0.08304959,-0.09052229,0.25917163,-1.87352966,5
TNG50-1,40,1.5,259312,0.04097031,0.09834343,0.46090635,2.84943091,6
TNG50-1,40,1.5,259312,-0.02372073,0.12220502,0.73959489,3.1139311,7
TNG50-1,40,1.5,259312,-0.04185168,-0.13531688,0.23527632,-0.81093353,8
TNG50-1,40,1.5,259312,-0.05469236,-0.00487516,0.7143337,1.31462449,9
TNG50-1,40,1.5,242135,-0.01994824,0.03118382,1.09997701,1.89642263,0
TNG50-1,40,1.5,242135,-0.01341166,-0.02490962,1.20959087,2.74770796,1
TNG50-1,40,1.5,242135,-0.08609756,-0.05436177,0.95810451,2.87166986,2
TNG50-1,40,1.5,242135,0.04096705,-0.01446675,1.37854195,-0.46751389,3
TNG50-1,40,1.5,242135,-0.05431603,-0.0232874,1.11978623,-1.48077572,4
TNG50-1,40,1.5,242135,0.07466508,-0.01625797,0.76827403,0.68244025,5
TNG50-1,40,1.5,242135,0.09103163,0.047484,1.30980467,0.80545991,6
TNG50-1,40,1.5,242135,-0.01241268,-0.03926538,1.34804347,0.7687159,7
TNG50-1,40,1.5,242135,0.02194863,0.08675115,0.7977812,-1.119798,8
TNG50-1,40,1.5,242135,-0.06159736,-0.06625298,1.05617619,-2.74102868,9
TNG50-1,40,1.5,244922,-0.06984365,-0.06849217,0.69299117,0.05479078,0
TNG50-1,40,1.5,244922,0.02299152,0.0297874,0.68039536,-1.04395217,1
TNG50-1,40,1.5,244922,-0.11587141,0.03380687,0.47888601,-2.07950596,2
TNG50-1,40,1.5,244922,0.05550771,0.08925639,1.10072213,-1.50471352,3
TNG50-1,40,1.5,244922,-0.01067937,0.05040251,0.79630578,2.58953317,4
TNG50-1,40,1.5,244922,0.09156502,-0.02969477,1.16251745,-1.20027976,5
TNG50-1,40,1.5,244922,-0.08634827,-0.05019313,0.86106906,2.98300087,6
TNG50-1,40,1.5,244922,0.04590731,-0.06842457,0.67853399,-1.6243411,7
TNG50-1,40,1.5,244922,-0.00502544,0.07366122,0.62535275,1.40159698,8
TNG50-1,40,1.5,244922,-0.01655253,-0.03890871,1.03525138,0.46434809,9
TNG50-1,40,1.5,227364,-0.01939053,0.10355413,0.82041633,-0.65349782,0
TNG50-1,40,1.5,227364,-0.0150159,0.00148754,0.72160124,-2.53904684,1
TNG50-1,40,1.5,227364,0.06911637,-0.01320022,0.98055308,0.40741651,2
TNG50-1,40,1.5,227364,-0.0176915,-0.0583876,1.15551802,0.23779601,3
TNG50-1,40,1.5,227364,-0.0316278,0.05411715,0.90770991,-2.05336326,4
TNG50-1,40,1.5,227364,0.09361173,-0.0385064,1.08665444,0.61347871,5
TNG50-1,40,1.5,227364,-0.00238388,-0.00474043,0.43600033,0.42322891,6
TNG50-1,40,1.5,227364,0.08842127,-0.06172511,1.09392199,1.71915881,7
TNG50-1,40,1.5,227364,-0.0699196,0.07784473,1.2531755,-0.86978178,8
TNG50-1,40,1.5,227364,0.02590924,0.05774427,0.88032625,-1.57859047,9
TNG50-1,40,1.5,271036,-0.02386033,0.0174779,0.93959978,0.17953844,0
TNG50-1,40,1.5,271036,0.05252668,-0.02309965,0.61715416,2.45146365,1
TNG50-1,40,1.5,271036,-0.00615901,0.0024988,0.55654931,-0.2861254,2
TNG50-1,40,1.5,271036,0.03057897,-0.05373469,0.69922049,1.95765642,3
TNG50-1,40,1.5,271036,0.03355062,0.01237785,1.06211265,-2.80326599,4
TNG50-1,40,1.5,271036,-0.02262202,0.00220939,0.51604175,-3.13348769,5
TNG50-1,40,1.5,271036,0.05459532,-0.02700768,0.69022743,0.17776695,6
TNG50-1,40,1.5,271036,-0.03794924,-0.0027514,0.68882454,-2.67907548,7
TNG50-1,40,1.5,271036,0.03889671,0.00670022,0.45026456,2.99420806,8
TNG50-1,40,1.5,271036,-0.01951026,-0.03081785,0.8566877,-3.10702776,9
TNG50-1,40,1.5,124041,0.08870911,0.06151292,0.82709236,2.90500058,0
TNG50-1,40,1.5,124041,-0.03951943,0.09436705,1.31485125,-0.74192553,1
TNG50-1,40,1.5,124041,0.03714137,-0.00087641,0.69469157,-1.09458403,2
TNG50-1,40,1.5,124041,-0.00298342,-0.06463174,0.47663531,0.06289834,3
TNG50-1,40,1.5,124041,-0.01638712,-0.02097919,0.4011941,-1.30886232,4
TNG50-1,40,1.5,124041,0.03161577,0.00057123,0.78869011,3.01380807,5
TNG50-1,40,1.5,124041,-0.01495867,-0.05035191,1.23462213,-1.75161767,6
TNG50-1,40,1.5,124041,-0.13309827,0.08242874,1.32939264,-0.82220078,7
TNG50-1,40,1.5,124041,-0.15314341,0.11197514,1.20474579,-0.44377588,8
TNG50-1,40,1.5,124041,0.06362111,0.02391404,0.31995963,-2.35579222,9
TNG50-1,40,1.5,175360,0.00606121,0.04970366,1.20845936,1.54368936,0
TNG50-1,40,1.5,175360,-0.08530485,-0.0525588,0.22509397,-1.43529711,1
TNG50-1,40,1.5,175360,-0.01154029,-0.01872409,1.30404665,-2.00358598,2
TNG50-1,40,1.5,175360,0.03976151,-0.06908157,0.33523748,-1.07993514,3
TNG50-1,40,1.5,175360,-0.0189169,0.0470691,0.5999301,-0.12664086,4
TNG50-1,40,1.5,175360,-0.01123659,-0.00461791,0.55565652,0.46357811,5
TNG50-1,40,1.5,175360,0.0081203,-0.04250998,0.61991227,2.11712157,6
TNG50-1,40,1.5,175360,-0.00629802,0.00461328,1.22536102,1.69039191,7
TNG50-1,40,1.5,175360,-0.05152578,-0.06018001,0.81972565,1.10678639,8
TNG50-1,40,1.5,175360,-0.00181731,-0.05167478,0.6713064,-1.4860406,9
TNG50-1,40,1.5,147368,-0.06521161,0.01026155,1.07014077,-1.14902071,0
TNG50-1,40,1.5,147368,0.0701978,-0.07007256,0.75400031,-0.2585896,1
TNG50-1,40,1.5,147368,-0.07113043,0.04065179,1.20659956,2.20702555,2
TNG50-1,40,1.5,147368,-0.01001064,0.00577748,0.79814731,-1.22775733,3
TNG50-1,40,1.5,147368,0.05229153,0.00949182,1.0548906,-0.31076456,4
TNG50-1,40,1.5,147368,-0.00150924,0.07205384,1.3944224,1.04041486,5
TNG50-1,40,1.5,147368,-0.04896971,-0.02188977,0.33612536,-2.32184083,6
TNG50-1,40,1.5,147368,-0.06743378,-0.03629083,0.50846846,-0.48788702,7
TNG50-1,40,1.5,147368,-0.01149996,-0.02738818,1.15318998,-1.19751268,8
TNG50-1,40,1.5,147368,-0.03785148,-0.00962633,0.20894749,1.11070572,9
TNG50-1,40,1.5,243037,-0.00955531,0.05435551,0.52910922,1.3693112,0
TNG50-1,40,1.5,243037,-0.11775849,0.01046012,0.33858022,-1.90506689,1
TNG50-1,40,1.5,243037,0.08615449,0.07125397,1.23832106,0.2170963,2
TNG50-1,40,1.5,243037,-0.01102373,-0.05843174,1.26190156,-3.00458919,3
TNG50-1,40,1.5,243037,0.02277902,-0.01443074,0.86981174,0.02356551,4
TNG50-1,40,1.5,243037,0.07288933,0.07221252,1.00754177,0.28485737,5
TNG50-1,40,1.5,243037,0.01501467,-0.09335301,0.88626593,1.47934667,6
TNG50-1,40,1.5,243037,0.07221719,0.02802289,0.61554114,0.93924064,7
TNG50-1,40,1.5,243037,-0.06208689,0.02660881,0.39042206,-0.88971956,8
TNG50-1,40,1.5,243037,0.11986883,0.09846129,1.03780099,-3.10558434,9
TNG50-1,40,1.5,159759,0.02353248,-0.00878264,1.29135026,0.27500762,0
TNG50-1,40,1.5,159759,-0.07303627,-0.07273219,0.48209629,-2.88695379,1
TNG50-1,40,1.5,159759,-0.04453041,-0.03033744,0.73635304,-2.05051152,2
TNG50-1,40,1.5,159759,-0.03595934,-0.02005219,0.75100364,0.77509327,3
TNG50-1,40,1.5,159759,-0.01039111,-0.0196649,1.07789018,0.08960909,4
TNG50-1,40,1.5,159759,-0.0380517,0.00759407,1.10563502,1.80374431,5
TNG50-1,40,1.5,159759,0.03535204,-0.03307894,1.39536213,0.99740974,6
TNG50-1,40,1.5,159759,-0.08025666,0.07389182,0.26286008,0.63733915,7
TNG50-1,40,1.5,159759,-0.07898593,0.02441023,0.8482496,1.98087284,8
TNG50-1,40,1.5,159759,-0.01669444,-0.04035568,1.05193307,-2.71268291,9
TNG50-1,40,1.5,233558,0.05490741,0.0136942,1.08681135,2.38193594,0
TNG50-1,40,1.5,233558,-0.06464675,0.04986923,0.82702804,-1.90408997,1
TNG50-1,40,1.5,233558,0.00636207,0.02595354,0.97582671,1.80174028,2
TNG50-1,40,1.5,233558,0.05751119,0.08804406,0.54387002,0.63429538,3
TNG50-1,40,1.5,233558,-0.10761235,0.02611638,0.88802236,0.21872583,4
TNG50-1,40,1.5,233558,0.10091328,0.09823178,1.15402724,0.08757872,5
TNG50-1,40,1.5,233558,-0.02126426,0.04505394,0.73781103,2.2205477,6
TNG50-1,40,1.5,233558,0.00705477,-0.09028751,0.58393279,0.69663428,7
TNG50-1,40,1.5,233558,0.02857246,0.13055513,0.99199565,0.23691369,8
TNG50-1,40,1.5,233558,0.03630645,-0.02871721,0.24681672,-2.83459681,9
TNG50-1,40,1.5,259937,-0.04561591,0.04189267,1.06115543,1.8686964,0
TNG50-1,40,1.5,259937,0.01682721,-0.00210734,0.79258924,-2.40822831,1
TNG50-1,40,1.5,259937,0.06137256,-0.05230911,0.8421283,0.46666141,2
TNG50-1,40,1.5,259937,0.05195719,-0.08424314,0.69311663,-1.96518793,3
TNG50-1,40,1.5,259937,-0.00675565,0.04159157,0.71947481,-0.82696811,4
TNG50-1,40,1.5,259937,0.04378705,-0.02733892,1.32891354,-1.46340867,5
TNG50-1,40,1.5,259937,0.04340339,0.01651939,1.26802615,2.06673431,6
TNG50-1,40,1.5,259937,-0.00436856,0.06198535,1.28961651,-2.23397774,7
TNG50-1,40,1.5,259937,-0.03465403,-0.06544622,0.38878918,0.9184708,8
TNG50-1,40,1.5,259937,-0.0317617,-0.00225687,0.42744587,3.04039984,9
TNG50-1,40,1.5,215463,-0.0180069,-0.03854223,0.50692552,2.94082242,0
TNG50-1,40,1.5,215463,-0.07046847,-0.02690851,0.29624947,-0.4476273,1
TNG50-1,40,1.5,215463,0.03036461,0.00094125,0.99861689,-1.40245255,2
TNG50-1,40,1.5,215463,0.00829777,0.00739792,1.12088507,-0.46273621,3
TNG50-1,40,1.5,215463,-0.08228916,-0.00953599,1.3608245,-1.81242736,4
TNG50-1,40,1.5,215463,0.01757324,-0.02116598,1.36962155,2.42303985,5
TNG50-1,40,1.5,215463,-0.00282545,-0.01757016,1.06072371,-0.87227382,6
TNG50-1,40,1.5,215463,0.02582071,0.12538624,0.3935445,0.99254828,7
TNG50-1,40,1.5,215463,-0.01957662,-0.03853626,0.70453359,-0.69713701,8
TNG50-1,40,1.5,215463,-0.04007397,-0.0278986,1.10076961,2.52415294,9
TNG50-1,40,1.5,273262,0.00686186,-0.06836064,0.73197198,-2.07696596,0
TNG50-1,40,1.5,273262,-0.06256194,0.08953614,1.28241438,1.78147588,1
TNG50-1,40,1.5,273262,-0.00450361,-0.00709455,1.16618686,2.60017742,2
TNG50-1,40,1.5,273262,0.01105932,-0.00404432,0.79355849,2.67317407,3
TNG50-1,40,1.5,273262,-0.02080426,-0.01712604,0.978754,-1.26784759,4
TNG50-1,40,1.5,273262,0.01688385,-0.02442058,0.65373369,2.13842795,5
TNG50-1,40,1.5,273262,0.00106537,0.0772029,0.45850472,0.22767458,6
TNG50-1,40,1.5,273262,0.03868459,0.06930222,0.5790538,2.028161,7
TNG50-1,40,1.5,273262,0.03315562,0.02221967,1.24591776,0.30388527,8
TNG50-1,40,1.5,273262,0.00835766,-0.00537501,1.32423871,-2.22491852,9
TNG50-1,40,1.5,255869,-0.05060145,-0.03466521,1.06347663,2.88649587,0
TNG50-1,40,1.5,255869,0.04164756,0.00199159,1.12771639,0.47504806,1
TNG50-1,40,1.5,255869,0.04233681,-0.01500575,0.20056662,0.56019777,2
TNG50-1,40,1.5,255869,0.0369473,-0.05641054,0.65473487,-1.81288033,3
TNG50-1,40,1.5,255869,0.02687649,0.00888257,0.92068408,1.66496355,4
TNG50-1,40,1.5,255869,0.00367946,-0.02077463,1.18493493,1.49077695,5
TNG50-1,40,1.5,255869,-0.02621883,-0.04762683,1.12601941,-2.54369747,6
TNG50-1,40,1.5,255869,-0.04074847,-0.07395663,0.94287543,0.59686724,7
TNG50-1,40,1.5,255869,0.06449528,-0.07819018,0.91586068,0.99396062,8
TNG50-1,40,1.5,255869,0.03824021,-0.01857131,1.38874416,2.10843702,9
TNG50-1,40,1.5,44890,0.08333045,-0.06562194,1.32586843,0.89383424,0
TNG50-1,40,1.5,44890,0.00206831,0.02134748,1.0930463,-0.82043142,1
TNG50-1,40,1.5,44890,0.09188728,0.04532291,1.2119214,-0.17161474,2
TNG50-1,40,1.5,44890,-0.01448323,-0.02506601,0.42193283,-0.0681764,3
TNG50-1,40,1.5,44890,0.05493838,-0.04844765,0.48879353,-1.63407974,4
TNG50-1,40,1.5,44890,-0.04710905,-0.02370933,0.58557889,-1.16762561,5
TNG50-1,40,1.5,44890,0.02101003,-0.04829062,0.7252509,-0.51277355,6
TNG50-1,40,1.5,44890,-0.11708465,-0.00506068,1.27157029,0.64829296,7
TNG50-1,40,1.5,44890,-0.05607955,0.00510453,1.36009111,2.86399654,8
TNG50-1,40,1.5,44890,0.02333384,-0.01530051,0.79584496,0.24180593,9
TNG50-1,40,1.5,6,-0.05083798,-0.07807985,0.97770112,-1.48081098,0
TNG50-1,40,1.5,6,-0.02949435,0.02719948,1.16754876,-3.01875656,1
TNG50-1,40,1.5,6,0.10809709,-0.01982329,1.03107174,-2.13170292,2
TNG50-1,40,1.5,6,-0.01266308,0.07699257,0.43750738,-3.00554363,3
TNG50-1,40,1.5,6,-0.03700871,-0.03030935,0.95530299,2.80897742,4
TNG50-1,40,1.5,6,0.05762913,0.0525613,0.42185431,3.14144827,5
TNG50-1,40,1.5,6,-0.04738385,0.0887849,0.90761781,1.64764134,6
TNG50-1,40,1.5,6,-0.02237096,-0.04254716,0.65543052,-2.46220336,7
TNG50-1,40,1.5,6,0.06245261,-0.00966065,1.15074721,2.50664825,8
TNG50-1,40,1.5,6,0.00213838,0.01943126,0.62616545,1.53169093,9
TNG50-1,40,1.5,248052,0.0814599,-0.05640016,0.50522075,1.76251729,0
TNG50-1,40,1.5,248052,0.00094309,0.07319632,0.77459006,1.70455178,1
TNG50-1,40,1.5,248052,0.00883848,0.04151989,1.08856006,-0.73551605,2
TNG50-1,40,1.5,248052,-0.02416154,0.06595197,1.38378667,-2.0585953,3
TNG50-1,40,1.5,248052,-0.00078895,0.06938606,1.35114027,-2.44473472,4
TNG50-1,40,1.5,248052,-0.06076267,0.03364937,1.09847047,-2.59414304,5
TNG50-1,40,1.5,248052,-0.00849085,-0.02264343,0.99521993,-0.68311261,6
TNG50-1,40,1.5,248052,-0.04685042,-0.05186255,1.26070108,-2.85544111,7
TNG50-1,40,1.5,248052,-0.01387018,0.05733723,1.24153735,-1.04530189,8
TNG50-1,40,1.5,248052,-0.12799583,0.0032284,1.20631875,2.89989889,9
TNG50-1,40,1.5,177300,-0.00524287,-0.02031896,1.14581963,-2.91140853,0
TNG50-1,40,1.5,177300,-0.10618187,-0.02312894,1.12579177,0.8411958,1
TNG50-1,40,1.5,177300,0.00285638,0.06177393,0.53161981,2.55211279,2
TNG50-1,40,1.5,177300,0.01003534,-0.00204581,0.46529245,2.99500825,3
TNG50-1,40,1.5,177300,-0.05171304,0.00395499,0.42647964,0.94329838,4
TNG50-1,40,1.5,177300,0.00737453,-0.02203181,1.15113499,2.82694931,5
TNG50-1,40,1.5,177300,-0.01805092,0.02314334,1.30006906,-2.66621023,6
TNG50-1,40,1.5,177300,-0.0671377,0.0674659,1.01642495,-0.88418023,7
TNG50-1,40,1.5,177300,0.03357424,0.03239304,1.14881794,-3.0868366,8
TNG50-1,40,1.5,177300,-0.02818626,0.03434335,0.48217807,3.02336681,9
TNG50-1,40,1.5,229178,-0.00540604,0.07735631,0.73766786,-2.73202663,0
TNG50-1,40,1.5,229178,-0.03725654,-0.0740665,1.04995506,-1.11438742,1
TNG50-1,40,1.5,229178,0.01909815,-0.04555513,0.85525531,2.49167467,2
TNG50-1,40,1.5,229178,-0.06711772,0.14022312,0.2073965,1.68610852,3
TNG50-1,40,1.5,229178,0.00073509,-0.01365486,0.25552746,1.52199527,4
TNG50-1,40,1.5,229178,0.02862078,-0.09454969,0.94562091,1.05509277,5
TNG50-1,40,1.5,229178,0.04537978,-0.02912751,0.8829773,-0.53241293,6
TNG50-1,40,1.5,229178,-0.03820839,-0.13844366,0.45811669,-0.60795271,7
TNG50-1,40,1.5,229178,0.00088755,0.01204604,0.25194224,1.94108007,8
TNG50-1,40,1.5,229178,0.00920735,0.04048924,0.64230535,-1.29571664,9
TNG50-1,40,1.5,278534,0.06755922,-0.02120776,0.35126104,-0.72256393,0
TNG50-1,40,1.5,278534,0.07222376,0.02624452,0.88427839,-1.14899973,1
TNG50-1,40,1.5,278534,0.03763922,-0.05568014,1.07914198,1.25824806,2
TNG50-1,40,1.5,278534,-0.04903104,-0.00547405,1.37452149,2.00925268,3
TNG50-1,40,1.5,278534,-0.10931466,0.05445686,0.42462946,-1.74392688,4
TNG50-1,40,1.5,278534,0.05394175,0.01055554,1.12076186,0.17738104,5
TNG50-1,40,1.5,278534,0.00556925,0.06237132,0.7363766,-2.88644288,6
TNG50-1,40,1.5,278534,-0.03725987,0.05668012,0.74900269,-1.79538361,7
TNG50-1,40,1.5,278534,0.05867812,0.00038692,1.1857115,1.64469667,8
TNG50-1,40,1.5,278534,-0.04307794,-0.11683707,1.34730725,1.84347602,9
TNG50-1,40,1.5,253390,0.00970521,0.04805138,0.31555111,1.08837353,0
TNG50-1,40,1.5,253390,0.01882023,-0.00625728,0.43144502,-0.79139194,1
TNG50-1,40,1.5,253390,-0.03161959,0.00589563,0.29044331,-0.82546507,2
TNG50-1,40,1.5,253390,-0.03153859,-0.15081906,0.21219436,-2.94230791,3
TNG50-1,40,1.5,253390,0.06121982,-0.01961268,0.77763925,-0.47884513,4
TNG50-1,40,1.5,253390,0.03177552,0.01691361,1.00524982,-0.57582757,5
TNG50-1,40,1.5,253390,-0.05114826,0.02326449,0.53719746,-1.72918851,6
TNG50-1,40,1.5,253390,0.00904317,0.04811779,1.38039655,-1.5876147,7
TNG50-1,40,1.5,253390,-0.1186888,-0.01051289,0.56251333,0.52866458,8
TNG50-1,40,1.5,253390,-0.02869701,-0.00828279,0.96085634,-1.14497579,9
TNG50-1,40,1.5,175361,-0.03865467,-0.07514705,0.56784249,-1.47058266,0
TNG50-1,40,1.5,175361,0.04850293,-0.1319139,0.65503911,0.62850352,1
TNG50-1,40,1.5,175361,-0.06068014,0.01887734,1.01852747,-2.18632287,2
TNG50-1,40,1.5,175361,0.01504896,0.02155916,1.23571695,0.97348737,3
TNG50-1,40,1.5,175361,0.00791485,0.02377512,0.51665699,-0.38854005,4
TNG50-1,40,1.5,175361,0.04802275,-0.02624663,1.35311584,-1.04056146,5
TNG50-1,40,1.5,175361,-0.00665659,0.07448611,1.05482811,-1.62781321,6
TNG50-1,40,1.5,175361,0.03955655,-0.02299389,0.52781304,2.03154222,7
TNG50-1,40,1.5,175361,-0.00861101,0.02104395,1.06045013,-0.64921674,8
TNG50-1,40,1.5,175361,0.02171963,0.02973181,1.3021174,1.49840942,9
TNG50-1,40,1.5,119693,0.02355336,0.01956568,1.37694547,-0.76988194,0
TNG50-1,40,1.5,119693,0.01378454,0.02069542,1.10204365,3.00177838,1
TNG50-1,40,1.5,119693,0.0342499,-0.03047789,0.891782,1.20271221,2
TNG50-1,40,1.5,119693,0.00669674,-0.04039112,1.09879398,-2.81351642,3
TNG50-1,40,1.5,119693,0.03351107,-0.0176926,0.36775817,-2.55959497,4
TNG50-1,40,1.5,119693,0.03765562,-0.02461084,1.18498845,-2.5876161,5
TNG50-1,40,1.5,119693,0.00813594,-0.07290653,1.16170265,2.84390953,6
TNG50-1,40,1.5,119693,-0.01101972,-0.03257475,0.81723443,1.15642994,7
TNG50-1,40,1.5,119693,0.07651989,0.01331115,1.39682278,-0.45486487,8
TNG50-1,40,1.5,119693,-0.02389508,0.06329718,0.7084663,-1.88192276,9
TNG50-1,40,1.5,239903,0.09881944,0.04626498,0.4957502,-1.00892092,0
TNG50-1,40,1.5,239903,-0.04784915,0.01270953,1.07305598,2.79651625,1
TNG50-1,40,1.5,239903,0.05730533,-0.07410852,1.17058297,-2.94926052,2
TNG50-1,40,1.5,239903,0.00592102,0.04257441,1.23657489,-2.3062865,3
TNG50-1,40,1.5,239903,-0.021006,-0.00035499,0.60688962,0.55786537,4
TNG50-1,40,1.5,239903,-0.00224144,-0.02710926,1.09631665,1.26547664,5
TNG50-1,40,1.5,239903,-0.06505472,0.03733382,0.97451621,-1.56650498,6
TNG50-1,40,1.5,239903,-0.00068772,-0.00836034,1.21271986,0.33973872,7
TNG50-1,40,1.5,239903,-0.05413702,-0.05828307,0.75864457,-1.14111286,8
TNG50-1,40,1.5,239903,-0.01977219,0.09239049,0.63901792,0.33985275,9
TNG50-1,40,1.5,162443,-0.01515281,0.01198293,0.71934897,-1.34234208,0
TNG50-1,40,1.5,162443,0.0514034,-0.01770344,0.6911028,-1.79073079,1
TNG50-1,40,1.5,162443,-0.09222485,0.0429698,1.12071761,1.27665161,2
TNG50-1,40,1.5,162443,-0.0190753,-0.06660989,0.49535876,0.29530557,3
TNG50-1,40,1.5,162443,-0.02408773,-0.0411848,1.17261356,2.13478288,4
TNG50-1,40,1.5,162443,0.04800355,0.0227845,1.34224755,0.51044343,5
TNG50-1,40,1.5,162443,-0.00217733,0.06128782,0.85539587,-0.10400424,6
TNG50-1,40,1.5,162443,0.08980473,-0.11009843,1.31118497,-1.50007058,7
TNG50-1,40,1.5,162443,0.03311067,0.06872356,1.16571605,1.83510402,8
TNG50-1,40,1.5,162443,-0.02051115,-0.00700676,0.95103787,-1.90461563,9
TNG50-1,40,1.5,188221,0.10713743,-0.03749475,0.35319869,0.99963596,0
TNG50-1,40,1.5,188221,0.01048413,-0.01435484,1.16862201,0.22301597,1
TNG50-1,40,1.5,188221,0.06169212,0.02661163,1.37577053,2.58097318,2
TNG50-1,40,1.5,188221,0.0518039,-0.0059746,1.11873159,-2.49355213,3
TNG50-1,40,1.5,188221,-0.03028199,-0.09321866,0.73189928,-2.20106752,4
TNG50-1,40,1.5,188221,0.00133171,-0.03730603,1.35060937,-0.73230726,5
TNG50-1,40,1.5,188221,-0.06412723,-0.07596997,1.09125739,0.97943582,6
TNG50-1,40,1.5,188221,-0.01024711,0.01220301,1.14680157,0.52828577,7
TNG50-1,40,1.5,188221,-0.03130952,0.02516587,1.21572321,-2.67636873,8
TNG50-1,40,1.5,188221,-0.0201443,0.01282741,0.7347427,2.88036799,9
TNG50-1,40,1.5,206365,-0.04524363,-0.06980496,1.0276581,1.21173085,0
TNG50-1,40,1.5,206365,-0.02818885,-0.06533313,0.79841411,-1.28143222,1
TNG50-1,40,1.5,206365,0.05157065,0.00853147,1.05942936,0.36002241,2
TNG50-1,40,1.5,206365,0.07390159,0.0274669,0.59326597,-2.70174731,3
TNG50-1,40,1.5,206365,-0.03503963,-0.10330724,0.88081987,-2.06940252,4
TNG50-1,40,1.5,206365,-0.03615038,-0.0160655,0.54535658,0.77194693,5
TNG50-1,40,1.5,206365,-0.05785643,0.08091479,1.23773114,-1.22105773,6
TNG50-1,40,1.5,206365,0.06531427,-0.01087546,1.24525488,-1.7924549,7
TNG50-1,40,1.5,206365,0.05605022,0.0744819,1.01606358,-1.70370768,8
TNG50-1,40,1.5,206365,-0.00529909,0.03245231,1.39609262,-1.79184278,9
TNG50-1,40,1.5,236607,-0.05848322,-0.09680947,1.18085067,-2.19896534,0
TNG50-1,40,1.5,236607,-0.0344336,0.00667065,0.75271916,0.15675948,1
TNG50-1,40,1.5,236607,0.00931079,-0.04765377,0.72986979,-3.0529447,2
TNG50-1,40,1.5,236607,-0.10159666,-0.02891713,1.26588795,1.75884742,3
TNG50-1,40,1.5,236607,-0.00066118,0.02395621,0.59259462,2.5103221,4
TNG50-1,40,1.5,236607,0.01557147,0.07086667,0.94794852,2.12926319,5
TNG50-1,40,1.5,236607,-0.01415186,-0.00190301,0.54079161,2.87991566,6
TNG50-1,40,1.5,236607,0.02626605,0.02770324,1.32773305,2.53272532,7
TNG50-1,40,1.5,236607,0.01118621,-0.07222397,1.3646762,-0.35174516,8
TNG50-1,40,1.5,236607,-0.02708271,0.01227618,0.81482918,-0.63869704,9
TNG50-1,40,1.5,264355,-0.01773818,-0.04347042,1.37860376,-0.87071256,0
TNG50-1,40,1.5,264355,-0.02277218,0.02811499,0.6462879,-3.12740159,1
TNG50-1,40,1.5,264355,-0.07749229,0.04850807,0.73926659,-1.62770519,2
TNG50-1,40,1.5,264355,-0.00803106,-0.00730615,0.91237416,1.65826145,3
TNG50-1,40,1.5,264355,-0.02035038,-0.06884055,0.590835,1.31865998,4
TNG50-1,40,1.5,264355,0.05857623,-0.06820769,0.55382499,-1.06171918,5
TNG50-1,40,1.5,264355,-0.05983501,0.0429882,0.86816595,0.7890611,6
TNG50-1,40,1.5,264355,-0.02885736,-0.0630297,0.30956985,-1.91456523,7
TNG50-1,40,1.5,264355,-0.04492202,0.01960133,0.71817875,-1.48517084,8
TNG50-1,40,1.5,264355,0.07212652,0.00571746,0.76943553,2.81114796,9
TNG50-1,40,1.5,164301,-0.02160198,-0.01132526,0.99938841,1.27583576,0
TNG50-1,40,1.5,164301,0.10346856,0.00055617,0.3916169,2.73902087,1
TNG50-1,40,1.5,164301,0.10610988,-0.11930207,1.22437646,0.55702104,2
TNG50-1,40,1.5,164301,0.0141036,-0.00952812,0.72367585,0.48466883,3
TNG50-1,40,1.5,164301,0.02763006,-0.03765234,0.27566945,-1.22756232,4
TNG50-1,40,1.5,164301,0.05958357,0.04590358,0.90814548,1.31712837,5
TNG50-1,40,1.5,164301,-0.05935987,0.04975154,0.75144238,2.39987847,6
TNG50-1,40,1.5,164301,-0.0656,0.02883401,1.06040374,0.91933196,7
TNG50-1,40,1.5,164301,0.06282095,0.01977293,0.67832462,-1.67736405,8
TNG50-1,40,1.5,164301,0.01369942,-0.07486734,0.43647967,0.27714574,9
TNG50-1,40,1.5,89367,-0.00297503,0.03795253,0.87921979,3.08016614,0
TNG50-1,40,1.5,89367,0.05313237,-0.02899529,1.29535107,-2.86134206,1
TNG50-1,40,1.5,89367,-0.00975249,0.04258399,0.58599112,2.25546453,2
TNG50-1,40,1.5,89367,-0.00120974,0.00304883,0.37333463,-2.65494376,3
TNG50-1,40,1.5,89367,-0.02813912,0.07604769,1.25549426,0.18219309,4
TNG50-1,40,1.5,89367,-0.00035233,-0.05770339,0.9946338,-0.30084022,5
TNG50-1,40,1.5,89367,0.03561157,-0.07380884,1.31539667,2.7115379,6
TNG50-1,40,1.5,89367,-0.02056671,-0.03081086,1.10995227,-1.89092548,7
TNG50-1,40,1.5,89367,0.0259206,-0.06923055,1.34621031,-2.01261725,8
TNG50-1,40,1.5,89367,-0.04063735,-0.06913674,1.1763727,1.56271671,9
TNG50-1,40,1.5,167639,-0.1268215,0.11348063,1.23635625,2.03737945,0
TNG50-1,40,1.5,167639,0.02976934,-0.00100085,0.3628286,-1.51796474,1
TNG50-1,40,1.5,167639,-0.01309136,0.05577013,1.09448692,-0.50640369,2
TNG50-1,40,1.5,167639,-0.00810752,-0.04149864,1.03595748,0.33815564,3
TNG50-1,40,1.5,167639,-0.0845722,-0.08374732,0.74389998,-2.86393355,4
TNG50-1,40,1.5,167639,-0.05490512,-0.01761508,0.84578543,1.69515426,5
TNG50-1,40,1.5,167639,-0.02389795,-0.07988609,1.01630845,-1.10921202,6
TNG50-1,40,1.5,167639,-0.03361628,0.00073366,0.80053503,-1.36598913,7
TNG50-1,40,1.5,167639,0.0058918,-0.03902271,0.4479247,-1.51241291,8
TNG50-1,40,1.5,167639,0.02917341,-0.09771357,0.61239013,-1.36106822,9
TNG50-1,40,1.5,236236,0.06388832,-0.00990166,1.21313037,0.24910349,0
TNG50-1,40,1.5,236236,-0.07139168,-0.10962699,1.07135984,-2.66714694,1
TNG50-1,40,1.5,236236,0.08220182,-0.07708307,0.77506909,2.47164054,2
TNG50-1,40,1.5,236236,-0.00111366,0.10260098,0.7562457,0.78857253,3
TNG50-1,40,1.5,236236,0.01587591,-0.0546268,0.2812157,0.4502996,4
TNG50-1,40,1.5,236236,-0.01975221,0.07135247,1.23031188,0.24818798,5
TNG50-1,40,1.5,236236,-0.08335365,-0.04670434,1.06074491,-0.67912306,6
TNG50-1,40,1.5,236236,-0.00698049,-0.0091228,0.31287745,-1.54148721,7
TNG50-1,40,1.5,236236,0.01673725,0.03126041,0.75401991,1.60423535,8
TNG50-1,40,1.5,236236,0.03381127,-0.04100972,0.86351235,0.06011449,9
TNG50-1,40,1.5,241274,-0.01838498,0.0124197,1.08127044,-2.7462502,0
TNG50-1,40,1.5,241274,0.0069917,0.01668012,1.05618844,2.21127138,1
TNG50-1,40,1.5,241274,-0.03219571,0.06181716,1.11365106,0.46483673,2
TNG50-1,40,1.5,241274,0.13284047,0.06079147,0.8143733,-0.53775356,3
TNG50-1,40,1.5,241274,-0.07046666,-0.02254784,0.32257876,1.96014849,4
TNG50-1,40,1.5,241274,-0.0292368,0.00970087,1.02721569,-1.19015856,5
TNG50-1,40,1.5,241274,-0.02528711,-0.0932051,0.28924824,1.78201978,6
TNG50-1,40,1.5,241274,0.10202467,0.00495465,0.77994914,-1.0809351,7
TNG50-1,40,1.5,241274,-0.06600673,-0.03969947,0.84756863,2.64447449,8
TNG50-1,40,1.5,241274,0.02129611,-0.00931912,1.20033571,-1.45790713,9
TNG50-1,40,1.5,98182,0.00659787,0.08209651,1.25997352,-1.88185074,0
TNG50-1,40,1.5,98182,0.02634333,-0.02370424,1.27105097,1.67665664,1
TNG50-1,40,1.5,98182,0.0151882,0.0063626,1.33954574,-1.57393668,2
TNG50-1,40,1.5,98182,0.02706779,0.03782434,1.06221998,1.63041494,3
TNG50-1,40,1.5,98182,0.01019997,-0.10338615,1.35683028,0.42347145,4
TNG50-1,40,1.5,98182,0.04213919,-0.02610552,1.05907511,-0.83746996,5
TNG50-1,40,1.5,98182,-0.08136039,0.01822578,1.28483783,-2.61699457,6
TNG50-1,40,1.5,98182,-0.00656367,-0.14484974,0.70475963,2.05780294,7
TNG50-1,40,1.5,98182,-0.06919232,-0.04884042,0.56409323,2.76242077,8
TNG50-1,40,1.5,98182,0.0138351,0.0550429,0.75661182,1.04249216,9
TNG50-1,40,1.5,66107,-0.0542639,0.07067622,1.26001769,-0.53368872,0
TNG50-1,40,1.5,66107,0.03170312,0.0308567,1.05307768,1.09104708,1
TNG50-1,40,1.5,66107,0.06894433,0.12400782,0.4247089,-1.39664832,2
TNG50-1,40,1.5,66107,0.08155228,-0.03664347,1.10068908,-3.12646184,3
TNG50-1,40,1.5,66107,0.0354262,-0.04948779,1.18928436,-0.97705907,4
TNG50-1,40,1.5,66107,-0.06910108,0.06120627,0.68919306,1.28674824,5
TNG50-1,40,1.5,66107,0.00986651,-0.05979393,0.35150103,-0.67158905,6
TNG50-1,40,1.5,66107,0.10698409,-0.0098384,0.99809667,-1.76448092,7
TNG50-1,40,1.5,66107,-0.04343058,-0.00328233,1.39292183,-0.22615154,8
TNG50-1,40,1.5,66107,-0.00295908,0.05179947,0.7562177,1.58555253,9
TNG50-1,40,1.5,169392,-0.08632502,-0.02341612,1.22017604,1.1619899,0
TNG50-1,40,1.5,169392,0.03562151,0.02710273,0.74287739,2.06115597,1
TNG50-1,40,1.5,169392,0.05128433,-0.05557578,0.88908841,-2.45342848,2
TNG50-1,40,1.5,169392,-0.12129542,-0.06761665,0.61087478,-0.62663117,3
TNG50-1,40,1.5,169392,-0.04122773,0.03776346,0.98208152,1.46725941,4
TNG50-1,40,1.5,169392,-0.0055227,0.012626,1.23944462,-2.11301598,5
TNG50-1,40,1.5,169392,0.03672555,0.04612279,0.81164793,0.41798055,6
TNG50-1,40,1.5,169392,-0.02578733,-0.02662965,1.33357551,1.07969617,7
TNG50-1,40,1.5,169392,-0.0416071,-0.03975527,0.87168003,-0.91235867,8
TNG50-1,40,1.5,169392,0.03635846,0.06803594,1.2214548,2.08590615,9
TNG50-1,40,1.5,238187,-0.00608722,-0.05093069,1.30064248,1.40215937,0
TNG50-1,40,1.5,238187,-0.00194914,-0.00968438,0.67104714,2.11369202,1
TNG50-1,40,1.5,238187,-0.0121875,-0.08716498,1.11430176,-0.57088813,2
TNG50-1,40,1.5,238187,0.02219433,0.00176853,1.30281154,-0.48401088,3
TNG50-1,40,1.5,238187,0.03171898,-0.009919,1.0335466,-0.02078393,4
TNG50-1,40,1.5,238187,0.01961285,-0.02872335,0.90902967,0.41691057,5
TNG50-1,40,1.5,238187,-0.00884719,0.07923001,1.22726248,-2.46098122,6
TNG50-1,40,1.5,238187,-0.0367865,-0.05780771,1.04918746,-1.17724679,7
TNG50-1,40,1.5,238187,0.0548593,0.03531965,0.81629154,-2.06156465,8
TNG50-1,40,1.5,238187,0.01748664,0.10933541,0.88026437,-0.71720825,9
TNG50-1,40,1.5,247397,-0.06066983,-0.03155497,1.24184527,2.7843578,0
TNG50-1,40,1.5,247397,0.08790273,0.0081779,0.72692056,2.24198085,1
TNG50-1,40,1.5,247397,-0.0534942,-0.06465418,0.4886228,-1.04355192,2
TNG50-1,40,1.5,247397,0.03303861,-0.05166406,0.76460103,-2.55392538,3
TNG50-1,40,1.5,247397,0.01000253,0.00256933,0.75904372,-1.38143125,4
TNG50-1,40,1.5,247397,0.03004053,0.01840434,0.95801087,2.1540982,5
TNG50-1,40,1.5,247397,0.0853429,-0.08511953,0.81484495,0.97901143,6
TNG50-1,40,1.5,247397,0.02808194,0.02486437,1.15004672,2.93232642,7
TNG50-1,40,1.5,247397,-0.02793321,-0.04097145,1.32646028,-0.98846431,8
TNG50-1,40,1.5,247397,0.05529961,0.0639844,0.57259367,0.32340887,9
TNG50-1,40,1.5,152694,-0.02104224,-0.01480728,1.02219945,2.8412095,0
TNG50-1,40,1.5,152694,0.02880973,-0.02131324,0.76573469,2.46692124,1
TNG50-1,40,1.5,152694,-0.06780931,0.01159688,1.30838028,0.978452,2
TNG50-1,40,1.5,152694,-0.03363231,0.02054078,0.62361734,0.32315005,3
TNG50-1,40,1.5,152694,0.00524316,0.00991796,0.36813009,2.63411672,4
TNG50-1,40,1.5,152694,0.02261154,-0.05892985,1.32468595,0.97716145,5
TNG50-1,40,1.5,152694,-0.00487296,-0.04994639,1.27252286,0.99523556,6
TNG50-1,40,1.5,152694,0.01240068,0.01994409,0.2870518,2.15944009,7
TNG50-1,40,1.5,152694,0.00391682,0.07358367,1.23422802,0.96287099,8
TNG50-1,40,1.5,152694,-0.00817887,0.00762077,1.33469271,0.02310256,9
TNG50-1,40,1.5,264115,0.00649831,0.03070678,0.36799299,-2.13927422,0
TNG50-1,40,1.5,264115,0.00178149,0.05654689,1.34760043,2.60329724,1
TNG50-1,40,1.5,264115,0.01295849,-0.0153536,0.61386676,0.35601726,2
TNG50-1,40,1.5,264115,0.06686716,-0.04964562,0.73155249,-3.10331294,3
TNG50-1,40,1.5,264115,-0.05897537,-0.01571587,1.22634693,-3.02670749,4
TNG50-1,40,1.5,264115,-0.01710762,0.03559801,0.39044805,1.7444171,5
TNG50-1,40,1.5,264115,0.03333093,0.02034139,1.05018466,-2.12411654,6
TNG50-1,40,1.5,264115,0.02404629,0.02016257,0.47559613,0.62039189,7
TNG50-1,40,1.5,264115,0.02297028,-0.01071722,0.84975204,1.13777152,8
TNG50-1,40,1.5,264115,0.13767886,-0.01869013,0.93143212,-1.38628686,9
TNG50-1,40,1.5,266761,0.01572975,-0.04034827,0.58275298,-2.44175206,0
TNG50-1,40,1.5,266761,-0.06984901,-0.03035835,0.74826189,2.82064406,1
TNG50-1,40,1.5,266761,0.02595847,0.02273105,0.68157856,-2.43669676,2
TNG50-1,40,1.5,266761,-0.07067566,0.02398092,1.17622467,-1.5263739,3
TNG50-1,40,1.5,266761,0.03140459,-0.12170896,0.80917695,-1.99406943,4
TNG50-1,40,1.5,266761,-0.02535958,0.10077032,1.36865551,-3.09469609,5
TNG50-1,40,1.5,266761,0.00041836,0.02642767,1.23505655,-1.16782566,6
TNG50-1,40,1.5,266761,-0.064714,0.03484593,0.3892177,2.97935372,7
TNG50-1,40,1.5,266761,0.00611912,-0.00717702,0.69380058,-0.99335083,8
TNG50-1,40,1.5,266761,0.04634752,-0.09276768,1.20591885,0.02704836,9
TNG50-1,40,1.5,59043,-0.06125921,0.04190946,1.00183968,-1.50788104,0
TNG50-1,40,1.5,59043,-0.02931003,-0.06338026,0.74891735,0.76484955,1
TNG50-1,40,1.5,59043,-0.09105728,-0.03786573,0.62113646,-2.15629556,2
TNG50-1,40,1.5,59043,0.04725404,-0.11938211,0.82489855,0.5282151,3
TNG50-1,40,1.5,59043,-0.08016545,-0.10921733,0.36407505,-0.86960527,4
TNG50-1,40,1.5,59043,0.01434154,0.08990962,0.60924895,0.21605034,5
TNG50-1,40,1.5,59043,-0.04218467,0.10417991,1.05391152,-3.12981264,6
TNG50-1,40,1.5,59043,-0.07133517,0.00463631,0.34752273,2.18919594,7
TNG50-1,40,1.5,59043,0.01191775,-0.04119144,0.93362409,-0.86754775,8
TNG50-1,40,1.5,59043,-0.01668997,-0.01492245,1.3814092,-2.26095124,9
TNG50-1,40,1.5,238837,0.07283444,-0.01128616,0.68619756,1.16866656,0
TNG50-1,40,1.5,238837,-0.03925102,-0.05795515,1.18010453,-2.0229412,1
TNG50-1,40,1.5,238837,-0.01064194,0.02417558,1.26452763,1.4236938,2
TNG50-1,40,1.5,238837,0.01658695,-0.01929391,1.27119473,2.74007492,3
TNG50-1,40,1.5,238837,0.00922543,-0.03358944,0.70633937,0.63491785,4
TNG50-1,40,1.5,238837,0.07828852,0.02493292,0.80832954,-1.9092714,5
TNG50-1,40,1.5,238837,0.02242369,-0.05718579,1.34229606,1.12810731,6
TNG50-1,40,1.5,238837,0.06638864,0.03852511,1.30449675,-0.98594686,7
TNG50-1,40,1.5,238837,-0.01800042,-0.02391687,0.81832334,-2.83190861,8
TNG50-1,40,1.5,238837,-0.03702627,0.05795482,0.88585448,-1.24194261,9
TNG50-1,40,1.5,178140,-0.01870056,0.0107227,1.19107221,-0.05667535,0
TNG50-1,40,1.5,178140,0.01162138,-0.03509353,0.99699191,0.40103755,1
TNG50-1,40,1.5,178140,0.05964264,-0.00864858,0.80602675,-0.46714201,2
TNG50-1,40,1.5,178140,-0.00271077,0.01546989,1.1251069,-1.42907988,3
TNG50-1,40,1.5,178140,0.02655872,0.04253068,0.35234141,-1.39096167,4
TNG50-1,40,1.5,178140,0.002318,0.03746104,0.27064224,3.0921324,5
TNG50-1,40,1.5,178140,0.0062302,-0.05546295,1.30060624,2.66204345,6
TNG50-1,40,1.5,178140,0.08617054,0.04884914,1.10571506,-2.66470617,7
TNG50-1,40,1.5,178140,0.0600865,-0.00443868,1.22553223,0.98363676,8
TNG50-1,40,1.5,178140,0.00397019,-0.04934957,1.2437099,-0.27094598,9
TNG50-1,40,1.5,176578,0.00730479,-0.02560799,1.18338073,-0.88903536,0
TNG50-1,40,1.5,176578,-0.06716632,0.01489122,1.3736893,-2.10294978,1
TNG50-1,40,1.5,176578,-0.01260914,0.07511777,0.5763228,-2.43233694,2
TNG50-1,40,1.5,176578,0.03574759,0.01025723,0.95222687,-1.40549941,3
TNG50-1,40,1.5,176578,0.03029663,-0.0816574,1.12123281,0.31107138,4
TNG50-1,40,1.5,176578,-0.0394179,0.01016002,1.39059682,-1.82208222,5
TNG50-1,40,1.5,176578,-0.05841322,0.10219785,1.37088147,-0.98224357,6
TNG50-1,40,1.5,176578,0.00078818,-0.06436954,0.62310434,-0.13866435,7
TNG50-1,40,1.5,176578,0.02805164,0.00148623,0.96832842,-0.50246797,8
TNG50-1,40,1.5,176578,0.02025876,-0.01131677,1.2752559,-2.33340036,9
TNG50-1,40,1.5,220511,0.01048595,-0.01850895,1.09171203,-1.03571242,0
TNG50-1,40,1.5,220511,-0.03767537,-0.01604765,1.29539869,1.79046191,1
TNG50-1,40,1.5,220511,-0.07240838,-0.03083186,1.08803557,0.87673452,2
TNG50-1,40,1.5,220511,-0.05633992,0.04633351,1.21225786,-3.08815586,3
TNG50-1,40,1.5,220511,0.00249,-0.09514508,0.92712704,1.00563223,4
TNG50-1,40,1.5,220511,-0.01459961,-0.09928995,1.07412839,-2.07243322,5
TNG50-1,40,1.5,220511,-0.07347209,0.00016429,0.97740122,1.41041042,6
TNG50-1,40,1.5,220511,-0.00186617,0.00480636,0.6628771,0.42310132,7
TNG50-1,40,1.5,220511,-0.01592152,0.02021076,1.16804459,-0.61900259,8
TNG50-1,40,1.5,220511,-0.05864244,-0.02694868,0.92055926,1.21935534,9
TNG50-1,40,1.5,218213,-0.0434588,0.01230901,0.25556985,1.87289463,0
TNG50-1,40,1.5,218213,-0.01302561,-0.01527454,0.89216495,2.30192639,1
TNG50-1,40,1.5,218213,0.04739249,0.04712776,1.33458647,-1.65036963,2
TNG50-1,40,1.5,218213,0.07435836,0.06788888,1.31467658,0.60294571,3
TNG50-1,40,1.5,218213,-0.03854331,-0.05175011,0.30265328,-2.15449229,4
TNG50-1,40,1.5,218213,-0.02417942,-0.01762253,0.7666842,2.87943852,5
TNG50-1,40,1.5,218213,0.10906879,0.04575393,0.67686214,-1.55694637,6
TNG50-1,40,1.5,218213,0.00481306,-0.00647743,0.77072902,1.42399051,7
TNG50-1,40,1.5,218213,0.0911681,-0.02466927,1.24983888,-1.6894672,8
TNG50-1,40,1.5,218213,0.01034287,0.05047711,1.00843534,0.72918843,9
TNG50-1,40,1.5,277847,0.01492048,-0.04119458,0.62877198,1.83765995,0
TNG50-1,40,1.5,277847,-0.04944856,0.00391603,0.43533937,1.73289483,1
TNG50-1,40,1.5,277847,-0.0596568,-0.0101414,0.48814916,2.48990552,2
TNG50-1,40,1.5,277847,-0.0056735,-0.00707355,0.57958017,-0.72765563,3
TNG50-1,40,1.5,277847,0.06141456,-0.00873598,0.22958412,-0.62797317,4
TNG50-1,40,1.5,277847,0.02998294,0.00112036,0.8697586,0.87997461,5
TNG50-1,40,1.5,277847,-0.03575705,0.02700655,0.31833186,1.49416998,6
TNG50-1,40,1.5,277847,0.0352517,0.00746655,0.35217317,2.38595858,7
TNG50-1,40,1.5,277847,-0.11218542,-0.01421759,1.1332462,2.3615058,8
TNG50-1,40,1.5,277847,-0.03764729,0.02008741,0.51674011,1.39071788,9
TNG50-1,40,1.5,130664,0.06545305,0.07482441,0.86436589,2.86983464,0
TNG50-1,40,1.5,130664,-0.0093854,-0.03743664,0.61655267,-1.55059185,1
TNG50-1,40,1.5,130664,0.04081145,0.05239256,0.28002883,-1.84170886,2
TNG50-1,40,1.5,130664,-0.05507844,-0.032608,1.0625071,-1.79748201,3
TNG50-1,40,1.5,130664,0.03836712,0.01126643,1.27506949,-0.70735139,4
TNG50-1,40,1.5,130664,-0.02862379,0.01083414,1.28736467,2.2193918,5
TNG50-1,40,1.5,130664,-0.05923487,0.03307459,0.85795828,0.60293829,6
TNG50-1,40,1.5,130664,-0.00927943,0.01253703,0.91072268,-2.71714192,7
TNG50-1,40,1.5,130664,0.07002362,-0.03695923,1.24589411,-0.16977742,8
TNG50-1,40,1.5,130664,0.00905028,0.04401535,0.48524677,-2.57402195,9
TNG50-1,40,1.5,185253,0.01468296,0.00404626,0.63553814,-1.95588146,0
TNG50-1,40,1.5,185253,0.00940608,0.07539597,0.73443194,2.52251292,1
TNG50-1,40,1.5,185253,0.03012097,0.05634931,0.6774856,1.78375619,2
TNG50-1,40,1.5,185253,0.0302375,-0.00592821,1.19370098,-0.97717541,3
TNG50-1,40,1.5,185253,-0.13028943,-0.00990231,1.06006131,2.81262731,4
TNG50-1,40,1.5,185253,-0.01202495,-0.14251621,1.30054129,-1.64039698,5
TNG50-1,40,1.5,185253,0.02589521,-0.01632511,1.19878215,-0.58546436,6
TNG50-1,40,1.5,185253,-0.02052283,-0.06766344,1.14257116,1.96993763,7
TNG50-1,40,1.5,185253,0.00181013,0.01106148,1.12769584,-0.35885552,8
TNG50-1,40,1.5,185253,0.037535,0.00764354,1.25374432,-1.66739827,9
TNG50-1,40,1.5,197983,-0.06069008,-0.02858606,0.84391133,-2.27246892,0
TNG50-1,40,1.5,197983,0.00046058,0.05887309,1.16166714,-2.4052943,1
TNG50-1,40,1.5,197983,0.06011891,0.0045463,1.2823376,-2.70834953,2
TNG50-1,40,1.5,197983,-0.0301071,-0.03699273,0.32103017,1.6651572,3
TNG50-1,40,1.5,197983,-0.02383467,0.0618072,0.59923575,1.7965294,4
TNG50-1,40,1.5,197983,-0.0108009,-0.02926068,0.32874866,1.22758396,5
TNG50-1,40,1.5,197983,0.02864141,0.07099778,1.21702991,-2.80675012,6
TNG50-1,40,1.5,197983,-0.02388127,0.07018035,1.38534069,1.40296199,7
TNG50-1,40,1.5,197983,-0.02667085,0.00280058,1.01902971,-0.32277472,8
TNG50-1,40,1.5,197983,-0.06726976,-0.07492748,0.3863695,-2.14951274,9
TNG50-1,40,1.5,104583,0.02160918,-0.09119354,0.51257597,0.20415834,0
TNG50-1,40,1.5,104583,0.00040489,-0.00011707,1.06322915,0.4370209,1
TNG50-1,40,1.5,104583,-0.07632979,0.0985245,0.5730088,0.87141737,2
TNG50-1,40,1.5,104583,-0.06507987,-0.03493221,1.35331839,2.05196137,3
TNG50-1,40,1.5,104583,-0.0390491,0.0431899,1.14672648,0.60876875,4
TNG50-1,40,1.5,104583,-0.10695024,-0.02399512,1.33532902,1.561879,5
TNG50-1,40,1.5,104583,0.07040154,0.00276196,1.37392002,-1.37615549,6
TNG50-1,40,1.5,104583,0.01838516,0.06073419,0.41692884,2.99558235,7
TNG50-1,40,1.5,104583,-0.00149805,-0.01729758,0.72167212,-2.94117658,8
TNG50-1,40,1.5,104583,-0.10951179,-0.03450525,0.82797532,-0.71266027,9
TNG50-1,40,1.5,193025,-0.00323543,-0.07830574,1.00807215,-1.23590334,0
TNG50-1,40,1.5,193025,0.02192026,0.07599425,0.7609253,3.09654262,1
TNG50-1,40,1.5,193025,0.00791518,0.05064281,0.47183066,2.56743122,2
TNG50-1,40,1.5,193025,-0.13548649,0.01752939,1.1457387,-0.09109714,3
TNG50-1,40,1.5,193025,-0.01618126,0.00830474,0.28671024,1.40008165,4
TNG50-1,40,1.5,193025,0.02125516,0.06903156,0.54692119,0.15085233,5
TNG50-1,40,1.5,193025,0.08201414,0.06056626,0.79952657,1.63947501,6
TNG50-1,40,1.5,193025,0.08432288,0.05790223,1.06161135,2.05448978,7
TNG50-1,40,1.5,193025,-0.06815753,0.02283399,0.72870518,-2.99568104,8
TNG50-1,40,1.5,193025,-0.01748626,-0.01746141,0.58959696,-2.64439145,9
TNG50-1,40,1.5,242783,0.03739247,-0.08370312,1.32613856,2.24316419,0
TNG50-1,40,1.5,242783,0.02099984,-0.00587972,0.87535033,2.61820577,1
TNG50-1,40,1.5,242783,-0.01385347,-0.05816956,0.41537008,-0.13716534,2
TNG50-1,40,1.5,242783,-0.00502119,0.07156233,0.63128654,1.80802379,3
TNG50-1,40,1.5,242783,0.03807332,-0.05785605,0.55975143,-1.91586636,4
TNG50-1,40,1.5,242783,-0.0567898,-0.08250949,0.39776977,0.64798632,5
TNG50-1,40,1.5,242783,0.01020839,0.00666761,0.81532661,-0.8881587,6
TNG50-1,40,1.5,242783,0.03497549,-0.02068515,0.21974308,0.60427687,7
TNG50-1,40,1.5,242783,-0.0891137,-0.07523026,1.37257222,1.1030792,8
TNG50-1,40,1.5,242783,0.0342469,0.02629076,0.56185127,-0.96089591,9
TNG50-1,40,1.5,282632,0.07639856,0.07231574,0.78641844,-1.16745695,0
TNG50-1,40,1.5,282632,0.0230528,0.07312587,0.91644518,0.12689165,1
TNG50-1,40,1.5,282632,-0.01909006,-0.0938458,1.29063936,-0.12333883,2
TNG50-1,40,1.5,282632,-0.05728874,0.02748901,1.21288978,1.36120831,3
TNG50-1,40,1.5,282632,0.10237033,-0.00606074,1.21297714,1.44695643,4
TNG50-1,40,1.5,282632,-0.00122259,-0.05166616,0.855305,1.43929379,5
TNG50-1,40,1.5,282632,0.0698664,0.0130873,0.99568432,-1.87540779,6
TNG50-1,40,1.5,282632,0.04468168,-0.06747984,1.0656339,-0.31985726,7
TNG50-1,40,1.5,282632,-0.02604508,-0.02332277,0.90090574,1.95516825,8
TNG50-1,40,1.5,282632,-0.02564706,-0.03992369,0.29823228,-0.74436789,9
TNG50-1,40,1.5,155133,-0.04313352,-0.09369739,1.32242342,-0.40571192,0
TNG50-1,40,1.5,155133,0.10549927,0.03902055,0.70017033,2.78960309,1
TNG50-1,40,1.5,155133,-0.07633478,-0.07736157,1.03553835,-1.71032057,2
TNG50-1,40,1.5,155133,-0.07132565,-0.06389094,0.86879859,1.1048291,3
TNG50-1,40,1.5,155133,0.0282564,0.02570126,1.3786988,-2.82841643,4
TNG50-1,40,1.5,155133,0.0812493,0.05309122,0.74756885,1.37036137,5
TNG50-1,40,1.5,155133,0.00947754,-0.00794841,0.9621353,-1.64344762,6
TNG50-1,40,1.5,155133,0.04996518,0.02850863,0.82782029,-0.30462729,7
TNG50-1,40,1.5,155133,-0.09979014,0.02688941,1.13107249,-0.83093178,8
TNG50-1,40,1.5,155133,-0.02497725,-0.01077134,1.2785584,-2.43259587,9
TNG50-1,40,1.5,216482,-0.05870042,0.05761685,0.76917544,-2.51435557,0
TNG50-1,40,1.5,216482,-0.12607291,0.06491512,1.37960164,-0.6224979,1
TNG50-1,40,1.5,216482,-0.00361108,0.04771118,1.26639001,3.03994228,2
TNG50-1,40,1.5,216482,0.05612122,-0.0675275,0.44833641,1.5936249,3
TNG50-1,40,1.5,216482,0.0795631,0.04313095,0.20978225,3.04763312,4
TNG50-1,40,1.5,216482,-0.04354136,0.0254521,0.97040681,1.54596911,5
TNG50-1,40,1.5,216482,0.08759896,-0.08356172,0.96274864,0.67927561,6
TNG50-1,40,1.5,216482,-0.11139662,-0.10335069,0.64931685,1.5973166,7
TNG50-1,40,1.5,216482,-0.01840253,0.05189946,1.37016881,0.99960246,8
TNG50-1,40,1.5,216482,-0.02086053,-0.00900497,1.0287419,-0.22577979,9
TNG50-1,40,1.5,290952,-0.02985009,-0.05485325,1.07189523,-1.08188005,0
TNG50-1,40,1.5,290952,0.02306061,0.03683544,1.28780403,-1.04539883,1
TNG50-1,40,1.5,290952,0.00970681,-0.13583683,1.30940409,1.17707279,2
TNG50-1,40,1.5,290952,-0.10770149,-0.02241782,1.39476769,-2.83340752,3
TNG50-1,40,1.5,290952,0.0103569,0.07128977,0.68779922,2.04687158,4
TNG50-1,40,1.5,290952,0.01832794,0.00036062,0.26537205,3.12461094,5
TNG50-1,40,1.5,290952,0.0641881,0.04481584,0.22743372,1.72831439,6
TNG50-1,40,1.5,290952,-0.03276156,-0.08208992,0.63470796,1.76982559,7
TNG50-1,40,1.5,290952,-0.11210344,-0.08009948,1.26468594,-0.68917953,8
TNG50-1,40,1.5,290952,-0.04983854,0.07186212,0.27652848,-2.72739635,9
TNG50-1,40,1.5,246986,-0.02869096,0.03442573,0.73620018,1.2918354,0
TNG50-1,40,1.5,246986,0.02059401,0.00249344,0.64320708,2.20027176,1
TNG50-1,40,1.5,246986,0.00926458,0.12036629,0.57605024,-2.19412905,2
TNG50-1,40,1.5,246986,0.10658027,0.07139899,1.22436189,1.34744942,3
TNG50-1,40,1.5,246986,0.02194244,0.05886227,0.91873387,-0.19014036,4
TNG50-1,40,1.5,246986,0.05755728,0.03821431,0.45316569,2.21727882,5
TNG50-1,40,1.5,246986,-0.05356426,0.08816804,1.06158821,2.56009841,6
TNG50-1,40,1.5,246986,0.02625786,-0.07184846,1.02603358,2.34039167,7
TNG50-1,40,1.5,246986,-0.03614907,0.06851416,0.25457007,-2.7370489,8
TNG50-1,40,1.5,246986,0.01977266,-0.04956222,1.30616751,1.6138693,9
TNG50-1,40,1.5,93693,0.03195813,-0.04535916,0.73802938,-1.60302502,0
TNG50-1,40,1.5,93693,0.04460274,0.04115705,1.33176222,0.43972836,1
TNG50-1,40,1.5,93693,0.06387883,-0.13256822,1.26661952,-3.05757306,2
TNG50-1,40,1.5,93693,0.02142482,0.02460031,1.06125599,-0.21741291,3
TNG50-1,40,1.5,93693,0.05254564,0.05299022,1.31595585,2.16019048,4
TNG50-1,40,1.5,93693,-0.03325541,-0.02881876,0.38543923,2.6895652,5
TNG50-1,40,1.5,93693,0.0459041,-0.0215095,0.79765281,-0.98925797,6
TNG50-1,40,1.5,93693,0.04523646,-0.05370687,1.32143695,0.89495548,7
TNG50-1,40,1.5,93693,0.07564433,-0.02607736,0.62941495,-1.71641896,8
TNG50-1,40,1.5,93693,-0.0834218,-0.02462843,1.08330313,0.37832988,9
TNG50-1,40,1.5,289246,-0.00237585,-0.00587866,0.84137593,-1.88349901,0
TNG50-1,40,1.5,289246,0.07276142,0.02723387,0.79267336,0.81841419,1
TNG50-1,40,1.5,289246,0.02289505,0.04156735,0.57175455,0.48410359,2
TNG50-1,40,1.5,289246,-0.03800459,0.02387248,1.03467876,-0.63062398,3
TNG50-1,40,1.5,289246,0.00794576,-0.01515967,0.90953797,2.09540026,4
TNG50-1,40,1.5,289246,-0.04137745,0.0466665,0.87804259,1.24659399,5
TNG50-1,40,1.5,289246,0.0210241,-0.04365314,1.1343133,-2.99870382,6
TNG50-1,40,1.5,289246,0.02576701,-0.0660261,1.35556741,1.73852014,7
TNG50-1,40,1.5,289246,-0.06835799,-0.15976433,1.39652498,0.04397487,8
TNG50-1,40,1.5,289246,0.00875747,-0.00350705,0.55989314,-0.96120616,9
TNG50-1,40,1.5,273566,-0.09259722,0.01238925,0.30217052,2.68909901,0
TNG50-1,40,1.5,273566,0.02603713,0.00479038,0.8832004,-0.1361919,1
TNG50-1,40,1.5,273566,0.04820657,-0.00900673,1.21747597,0.09189992,2
TNG50-1,40,1.5,273566,-0.08960875,-0.05413259,0.20501939,2.42959533,3
TNG50-1,40,1.5,273566,0.01844631,0.02113441,1.25405345,1.99653236,4
TNG50-1,40,1.5,273566,0.05415915,0.02354272,1.11318971,-1.63537471,5
TNG50-1,40,1.5,273566,0.02979555,0.01004111,1.25628204,-3.06037648,6
TNG50-1,40,1.5,273566,-0.02083351,0.00554968,0.99289323,0.81366994,7
TNG50-1,40,1.5,273566,-0.04717482,0.08396247,1.03642703,2.16675535,8
TNG50-1,40,1.5,273566,0.0040489,-0.03121894,0.96681841,0.33206705,9
TNG50-1,40,1.5,219315,0.05037138,0.04382025,0.32006761,-1.86435163,0
TNG50-1,40,1.5,219315,-0.08338662,-0.02720511,0.52201585,0.65536239,1
TNG50-1,40,1.5,219315,-0.0226827,-0.09827129,0.89634017,1.76823304,2
TNG50-1,40,1.5,219315,0.05245352,-0.06505422,1.05256309,-2.27382343,3
TNG50-1,40,1.5,219315,0.07850989,0.00049778,0.69684813,-0.37316953,4
TNG50-1,40,1.5,219315,-0.03866479,-0.09317116,0.93044221,1.18543025,5
TNG50-1,40,1.5,219315,-0.04449108,-0.01485802,0.28199027,2.09772668,6
TNG50-1,40,1.5,219315,0.02837232,-0.06960483,1.35449159,-0.02297076,7
TNG50-1,40,1.5,219315,-0.03115169,0.08199695,1.37174243,-1.84629147,8
TNG50-1,40,1.5,219315,-0.0134289,0.10825713,0.88847206,0.53909262,9
TNG50-1,40,1.5,296811,0.06443153,-0.04086559,0.7804405,-2.1535149,0
TNG50-1,40,1.5,296811,0.00749138,-0.05749873,0.92548186,2.98877203,1
TNG50-1,40,1.5,296811,-0.02518505,-0.02100775,1.28557707,-1.66120989,2
TNG50-1,40,1.5,296811,-0.02046835,0.02162375,1.22845891,-1.87670461,3
TNG50-1,40,1.5,296811,-0.00167564,0.00603552,1.25038517,0.75948187,4
TNG50-1,40,1.5,296811,0.01042089,0.09871724,0.86934265,0.35303072,5
TNG50-1,40,1.5,296811,-0.04600772,-0.11052265,0.28908781,-1.72252593,6
TNG50-1,40,1.5,296811,-0.011697,0.02346705,0.49363106,1.07043401,7
TNG50-1,40,1.5,296811,-0.03853364,0.00032101,1.37920262,-2.53207837,8
TNG50-1,40,1.5,296811,-0.06075248,0.04078352,1.16830377,-3.01989322,9
TNG50-1,40,1.5,243548,0.04038538,-0.00294564,0.86552984,-1.84283312,0
TNG50-1,40,1.5,243548,-0.08059041,-0.05672295,1.33204371,0.49854936,1
TNG50-1,40,1.5,243548,-0.03604489,-0.00193778,1.26586966,0.78878071,2
TNG50-1,40,1.5,243548,0.02863259,-0.00368634,1.3364133,0.44236965,3
TNG50-1,40,1.5,243548,0.00208618,-0.00978871,1.31041163,-1.97189937,4
TNG50-1,40,1.5,243548,0.07081368,-0.04212055,0.27876607,1.40153107,5
TNG50-1,40,1.5,243548,-0.07056837,0.02163281,1.22191818,-2.68139229,6
TNG50-1,40,1.5,243548,0.11760825,-0.01586686,0.75301845,0.57302657,7
TNG50-1,40,1.5,243548,-0.07689962,0.05518324,0.81534357,-0.40049443,8
TNG50-1,40,1.5,243548,-0.10145819,-0.00901861,0.82131762,-1.56899561,9
TNG50-1,40,1.5,212189,0.05244896,-0.0076844,0.96428595,0.15038941,0
TNG50-1,40,1.5,212189,-0.04599949,-0.02062966,0.42001179,0.61433758,1
TNG50-1,40,1.5,212189,0.02873339,-0.06524743,1.09568564,-1.4134807,2
TNG50-1,40,1.5,212189,-0.00569353,0.00373827,0.52648928,1.09623636,3
TNG50-1,40,1.5,212189,-0.04715226,-0.04013572,1.2014458,1.24760151,4
TNG50-1,40,1.5,212189,0.01926538,-0.05101644,0.7331111,0.15756025,5
TNG50-1,40,1.5,212189,-0.00330059,-0.01203499,1.32662567,-2.21331051,6
TNG50-1,40,1.5,212189,-0.03145596,0.03670133,0.25059123,2.63382296,7
TNG50-1,40,1.5,212189,0.00209995,0.00928068,0.34001255,-2.41874308,8
TNG50-1,40,1.5,212189,-0.00647652,-0.02655711,1.0143121,0.81161267,9
TNG50-1,40,1.5,8,-0.04395486,0.00035472,0.72015726,2.04037142,0
TNG50-1,40,1.5,8,-0.02048179,-0.01390883,1.35692151,1.94582903,1
TNG50-1,40,1.5,8,0.01523132,-0.03056413,0.90251293,2.22503776,2
TNG50-1,40,1.5,8,-0.05586539,0.07949211,1.27935544,-1.09264662,3
TNG50-1,40,1.5,8,0.00821161,0.020762,0.76300271,0.17623096,4
TNG50-1,40,1.5,8,-0.01061691,-0.01913561,1.30036913,1.71749207,5
TNG50-1,40,1.5,8,-0.03302934,0.00729302,1.33915332,-2.28088728,6
TNG50-1,40,1.5,8,-0.02352862,-0.05134101,0.72625361,1.40988948,7
TNG50-1,40,1.5,8,-0.00772759,-0.02183858,1.34751126,-2.52906786,8
TNG50-1,40,1.5,8,-0.03839183,-0.01600387,1.2112395,2.59653015,9
TNG50-1,40,1.5,267689,-0.00871035,-0.03468813,1.35728337,1.78891848,0
TNG50-1,40,1.5,267689,0.09906317,0.01927794,1.01853282,1.26111434,1
TNG50-1,40,1.5,267689,0.01256069,-0.0033504,1.39163272,-1.72952567,2
TNG50-1,40,1.5,267689,0.04346627,-0.0154128,1.34130087,-0.87405427,3
TNG50-1,40,1.5,267689,0.02699425,0.1339388,0.8602592,2.82282758,4
TNG50-1,40,1.5,267689,0.01366789,-0.07695257,0.71229891,1.01291594,5
TNG50-1,40,1.5,267689,0.00543495,0.04792564,1.25978459,1.81599596,6
TNG50-1,40,1.5,267689,0.04486953,-0.04313355,0.7022894,2.94489514,7
TNG50-1,40,1.5,267689,0.03593211,0.00655977,0.35009685,-1.6874316,8
TNG50-1,40,1.5,267689,0.01319467,0.12842938,0.68879314,-1.12037571,9
TNG50-1,40,1.5,254663,-0.00981289,-0.03795917,0.39158063,2.66284133,0
TNG50-1,40,1.5,254663,-0.01045963,-0.00043747,1.05793385,2.3295689,1
TNG50-1,40,1.5,254663,0.03551546,-0.05799947,1.09010292,-1.38933652,2
TNG50-1,40,1.5,254663,0.02311762,-0.06490795,0.66769691,2.93203814,3
TNG50-1,40,1.5,254663,-0.04134005,-0.04372142,1.17687659,2.68855359,4
TNG50-1,40,1.5,254663,-0.01629136,-0.04852616,0.56199077,0.21596883,5
TNG50-1,40,1.5,254663,-0.01134612,-0.02071285,1.33709844,-0.61526424,6
TNG50-1,40,1.5,254663,0.03744797,-0.04894825,0.69192874,-2.45504625,7
TNG50-1,40,1.5,254663,-0.0584161,0.03477762,0.3099374,0.56947071,8
TNG50-1,40,1.5,254663,0.10090553,-0.03914919,0.21657629,1.26006736,9
TNG50-1,40,1.5,211773,0.03356785,0.09191439,1.27234399,1.82055632,0
TNG50-1,40,1.5,211773,-0.02113295,-0.00930769,1.21491452,0.70758612,1
TNG50-1,40,1.5,211773,0.02988954,-0.07030745,1.34645133,1.96810045,2
TNG50-1,40,1.5,211773,-0.01744163,-0.03761049,1.3042929,-0.60173919,3
TNG50-1,40,1.5,211773,0.0815138,-0.08254036,0.27597792,2.2587885,4
TNG50-1,40,1.5,211773,0.02021397,0.03268284,1.16296192,1.87564925,5
TNG50-1,40,1.5,211773,0.01311802,-0.05191465,1.13879582,-3.13075639,6
TNG50-1,40,1.5,211773,0.00635363,0.00843338,1.29435283,-0.07669171,7
TNG50-1,40,1.5,211773,0.08701332,0.05671085,0.67336881,-1.47895767,8
TNG50-1,40,1.5,211773,-0.07168752,-0.03360085,0.40623594,-2.59977526,9
TNG50-1,40,1.5,253960,0.0346681,0.04667094,0.83116116,2.12387531,0
TNG50-1,40,1.5,253960,-0.01243572,-0.01425155,0.78944738,-2.30438329,1
TNG50-1,40,1.5,253960,0.09255421,-0.00898337,0.94781089,2.86940156,2
TNG50-1,40,1.5,253960,0.05356564,-0.00163135,1.06918246,2.46138948,3
TNG50-1,40,1.5,253960,-0.05303463,0.05532697,0.88052751,-1.12514771,4
TNG50-1,40,1.5,253960,-0.10103699,0.01558124,0.80768463,-3.01477021,5
TNG50-1,40,1.5,253960,-0.03775506,-0.05286669,0.60786802,0.65330014,6
TNG50-1,40,1.5,253960,-0.06106293,0.08112571,0.62292724,-0.38693378,7
TNG50-1,40,1.5,253960,0.0912869,-0.01464077,0.78339492,1.56807359,8
TNG50-1,40,1.5,253960,-0.00051573,-0.02277601,0.46374316,0.15456488,9
TNG50-1,40,1.5,104581,-0.00875585,-0.02790435,0.7500768,-1.78229582,0
TNG50-1,40,1.5,104581,0.08048169,0.0492627,0.59202044,2.53176494,1
TNG50-1,40,1.5,104581,-0.00585383,0.05130781,1.24862701,-1.6537414,2
TNG50-1,40,1.5,104581,0.03217927,-0.08234462,0.94146592,-2.38236631,3
TNG50-1,40,1.5,104581,0.11761569,-0.04090848,0.78794133,-2.92070532,4
TNG50-1,40,1.5,104581,0.02020279,-0.02320022,1.2119588,-2.85914166,5
TNG50-1,40,1.5,104581,-0.0382606,0.02995445,0.94130939,-1.93782084,6
TNG50-1,40,1.5,104581,-0.03137843,0.05715378,0.81320838,0.67989413,7
TNG50-1,40,1.5,104581,3.291e-05,0.1350984,1.21995014,-3.03069522,8
TNG50-1,40,1.5,104581,-0.03164473,-0.02328366,1.07672885,-1.33992744,9
TNG50-1,40,1.5,125536,0.04779243,0.02863828,1.05451921,-0.28231966,0
TNG50-1,40,1.5,125536,0.03363814,0.00506566,0.48150208,0.09530013,1
TNG50-1,40,1.5,125536,0.03211261,0.05359264,0.58437701,1.84822735,2
TNG50-1,40,1.5,125536,0.0770705,-0.0029722,0.43036165,-1.73119922,3
TNG50-1,40,1.5,125536,-0.01840436,0.00280245,0.924312,1.31884486,4
TNG50-1,40,1.5,125536,0.06675404,0.02546325,1.00806752,1.32430534,5
TNG50-1,40,1.5,125536,-0.05221031,-0.03313248,1.06722923,2.19630491,6
TNG50-1,40,1.5,125536,-0.05404389,-0.03531032,1.36170572,-3.087032,7
TNG50-1,40,1.5,125536,0.03763733,0.02372147,0.43523782,-2.07096588,8
TNG50-1,40,1.5,125536,-0.07523704,-0.00146439,0.96195287,-0.18191799,9
TNG50-1,40,1.5,265671,0.03902766,0.00272566,0.93971183,-2.09751457,0
TNG50-1,40,1.5,265671,0.07849977,0.02358668,0.95784829,2.66982608,1
TNG50-1,40,1.5,265671,0.06406452,-0.00486654,1.27236292,-2.86527231,2
TNG50-1,40,1.5,265671,0.09727362,0.04675101,0.95757316,2.01556627,3
TNG50-1,40,1.5,265671,0.0309927,-0.13615772,1.350496,0.9841844,4
TNG50-1,40,1.5,265671,0.01144053,0.00949968,0.40270421,-1.57245685,5
TNG50-1,40,1.5,265671,-0.06924916,0.06012449,1.35208151,-1.86975274,6
TNG50-1,40,1.5,265671,0.01540483,0.09350243,1.0320402,-0.89423592,7
TNG50-1,40,1.5,265671,-0.02762517,0.03659807,1.39953054,2.06341617,8
TNG50-1,40,1.5,265671,0.0105755,0.08424415,0.63203459,2.27424007,9
TNG50-1,40,1.5,192422,0.02737434,0.06198892,1.21041429,-2.46504217,0
TNG50-1,40,1.5,192422,0.08084546,-0.0019677,1.23058287,0.84197182,1
TNG50-1,40,1.5,192422,0.08096174,0.00658719,0.72696238,2.45127484,2
TNG50-1,40,1.5,192422,0.03689363,-0.01373373,0.95678981,-1.55386862,3
TNG50-1,40,1.5,192422,0.03544048,-0.02612555,0.85615404,-1.08802983,4
TNG50-1,40,1.5,192422,0.11259537,-0.0273555,0.7318237,-1.22244536,5
TNG50-1,40,1.5,192422,-0.11671978,0.01355831,0.91038922,0.40378081,6
TNG50-1,40,1.5,192422,-0.02321678,-0.03872825,0.62991572,-0.54744253,7
TNG50-1,40,1.5,192422,0.04242459,0.04766024,1.12820625,-2.46326446,8
TNG50-1,40,1.5,192422,-0.01686435,0.0326613,0.52397983,2.45853012,9
TNG50-1,40,1.5,293369,0.05934371,0.08594224,0.44733069,-3.11363538,0
TNG50-1,40,1.5,293369,0.0289547,-0.0265408,1.20707484,3.10605263,1
TNG50-1,40,1.5,293369,0.0521178,0.07035633,0.63174087,1.97498959,2
TNG50-1,40,1.5,293369,0.03101757,0.02965698,0.88383454,-0.08500351,3
TNG50-1,40,1.5,293369,0.12051672,-0.00162305,1.1373198,1.13311825,4
TNG50-1,40,1.5,293369,-0.02941198,0.02712212,1.37077675,-0.14706275,5
TNG50-1,40,1.5,293369,0.01990658,0.01306322,0.585572,1.53678087,6
TNG50-1,40,1.5,293369,-0.02190602,0.01779773,1.1968854,-2.29758151,7
TNG50-1,40,1.5,293369,0.04784006,-0.01034355,0.82065547,-0.33708664,8
TNG50-1,40,1.5,293369,-0.00307874,-0.03507943,0.90891152,-1.03335039,9
TNG50-1,40,1.5,279753,0.1167998,0.04845179,1.1618492,-1.30854899,0
TNG50-1,40,1.5,279753,-0.04189408,0.09071274,1.39017956,-0.96323894,1
TNG50-1,40,1.5,279753,0.00435054,0.05632184,0.25058817,-0.81990063,2
TNG50-1,40,1.5,279753,-0.06095662,-0.06005901,0.85698718,-2.26192353,3
TNG50-1,40,1.5,279753,0.00208052,0.01069545,0.84707874,-0.90510627,4
TNG50-1,40,1.5,279753,-0.00668739,-0.09406862,0.32758591,-0.33459825,5
TNG50-1,40,1.5,279753,-0.0744747,0.04508525,0.56611037,-1.197906,6
TNG50-1,40,1.5,279753,0.14129135,-0.08175941,0.59243249,-2.10268701,7
TNG50-1,40,1.5,279753,-0.02476686,-0.04016007,1.1096245,-0.79538593,8
TNG50-1,40,1.5,279753,-0.02472313,-0.00016008,1.11381657,-0.11996,9
TNG50-1,40,1.5,309447,-0.09416642,-0.09149651,1.25812753,0.48293504,0
TNG50-1,40,1.5,309447,0.05652389,-0.00609642,1.15857761,1.5792077,1
TNG50-1,40,1.5,309447,0.05913624,-0.01056216,1.13451286,1.41999333,2
TNG50-1,40,1.5,309447,-0.02371834,0.01361509,0.21405032,-2.44713612,3
TNG50-1,40,1.5,309447,0.0260638,-0.03247537,1.21984422,3.13823813,4
TNG50-1,40,1.5,309447,-0.01085494,0.09428458,1.29258308,2.77647504,5
TNG50-1,40,1.5,309447,0.01209542,0.00803025,0.40304932,2.49186079,6
TNG50-1,40,1.5,309447,-0.05736297,0.01164409,1.26490095,0.76836529,7
TNG50-1,40,1.5,309447,0.03112463,0.00986169,0.49013077,0.14320216,8
TNG50-1,40,1.5,309447,-0.08205926,0.05014549,0.79972816,0.22794507,9
TNG50-1,40,1.5,168294,0.011369,-0.01366951,0.97385463,2.55880756,0
TNG50-1,40,1.5,168294,-0.08228301,-0.05365347,0.59449765,-1.18576764,1
TNG50-1,40,1.5,168294,-0.03361969,-0.02200398,1.34185992,1.88596291,2
TNG50-1,40,1.5,168294,-0.07506893,-0.06606742,0.88464442,-2.07849488,3
TNG50-1,40,1.5,168294,-0.08473792,-0.04225828,0.40591682,1.5429643,4
TNG50-1,40,1.5,168294,0.00588316,0.00444634,1.05746891,0.35831084,5
TNG50-1,40,1.5,168294,0.02801492,-0.0058903,0.32470738,-2.04192857,6
TNG50-1,40,1.5,168294,0.0220303,0.1532364,1.21456568,1.3702826,7
TNG50-1,40,1.5,168294,0.03013134,-0.06728978,1.31238905,1.34306927,8
TNG50-1,40,1.5,168294,-0.00059554,-0.00625494,0.9334351,0.0969824,9
TNG50-1,40,1.5,249859,-0.05116556,-0.03836636,0.65247992,-1.27112363,0
TNG50-1,40,1.5,249859,-0.00083493,0.01071705,0.37993867,-1.09245653,1
TNG50-1,40,1.5,249859,0.0174351,0.00755786,0.60340311,2.26614052,2
TNG50-1,40,1.5,249859,-0.015776,-0.09444737,0.79828371,-3.07557613,3
TNG50-1,40,1.5,249859,-0.02820192,0.00405408,1.15875202,-0.40179323,4
TNG50-1,40,1.5,249859,0.02817661,0.02572663,1.12100945,2.78244376,5
TNG50-1,40,1.5,249859,0.02487891,0.03185762,0.35584941,0.26789212,6
TNG50-1,40,1.5,249859,-0.01731448,0.00586829,0.52132617,-0.31135828,7
TNG50-1,40,1.5,249859,-0.08270331,-0.0988593,1.09146028,-1.17891529,8
TNG50-1,40,1.5,249859,0.02281891,0.06385405,1.07884028,-2.6771859,9
TNG50-1,40,1.5,263790,-0.0522855,0.07637262,1.12579334,-2.86460122,0
TNG50-1,40,1.5,263790,-0.03745124,-0.02745829,1.28536176,-1.00442454,1
TNG50-1,40,1.5,263790,0.00065968,-0.06621765,0.93968151,-0.93400876,2
TNG50-1,40,1.5,263790,0.01415711,0.01251245,0.41296809,-1.00451026,3
TNG50-1,40,1.5,263790,-0.0312502,0.05380875,1.39302396,-0.0773717,4
TNG50-1,40,1.5,263790,0.00384822,0.01805236,1.35364473,1.82574942,5
TNG50-1,40,1.5,263790,0.03039698,-0.00485078,1.0381498,-1.14427727,6
TNG50-1,40,1.5,263790,0.09807259,-0.07241967,0.77049393,1.53613329,7
TNG50-1,40,1.5,263790,-0.00631222,-0.00291846,0.98164472,-2.22132296,8
TNG50-1,40,1.5,263790,-0.00206487,0.06165775,0.45770132,0.38154552,9
TNG50-1,40,1.5,36238,2.375e-05,-0.00994463,1.22147296,-1.22638723,0
TNG50-1,40,1.5,36238,0.00640531,-0.07275987,1.35942991,-0.17921365,1
TNG50-1,40,1.5,36238,-0.07689167,0.02844778,1.36319953,-3.1387682,2
TNG50-1,40,1.5,36238,0.03223825,-0.04045028,1.32645878,2.64492688,3
TNG50-1,40,1.5,36238,-0.01302059,-0.06621309,0.87671796,-2.51893784,4
TNG50-1,40,1.5,36238,0.02323894,-0.05111217,1.10172487,1.1464966,5
TNG50-1,40,1.5,36238,0.01175568,0.01416662,1.19511334,0.80968567,6
TNG50-1,40,1.5,36238,0.00904683,-0.00482594,1.21575698,1.94190547,7
TNG50-1,40,1.5,36238,-0.00228568,-0.10663415,0.35278962,0.95119716,8
TNG50-1,40,1.5,36238,0.03932999,-0.0191828,1.30132655,1.69261106,9
TNG50-1,40,1.5,260347,-0.01699911,-0.00103699,0.78544596,-1.0385614,0
TNG50-1,40,1.5,260347,0.05185675,-0.05196378,0.73322864,-1.41298108,1
TNG50-1,40,1.5,260347,0.06298889,-0.06403587,0.6933512,1.76839187,2
TNG50-1,40,1.5,260347,0.05419831,0.06113457,0.71241583,-1.57496301,3
TNG50-1,40,1.5,260347,-0.00841149,-0.04848288,0.69535332,2.01590582,4
TNG50-1,40,1.5,260347,-0.10698945,1.658e-05,1.33879009,-2.02862974,5
TNG50-1,40,1.5,260347,-0.0074103,0.04772574,1.34772756,-0.8829539,6
TNG50-1,40,1.5,260347,-0.037899,0.04571521,1.08997199,-0.62156028,7
TNG50-1,40,1.5,260347,-0.00648625,0.03974241,0.93057501,-1.25971301,8
TNG50-1,40,1.5,260347,-0.03355454,0.01514333,0.66362515,-3.12050054,9
TNG50-1,40,1.5,214979,0.07336669,0.00948631,1.34505483,0.65155525,0
TNG50-1,40,1.5,214979,-0.07879617,0.04520445,1.19491139,-0.91634649,1
TNG50-1,40,1.5,214979,-0.08450009,-0.05829785,1.14429088,-1.96103716,2
TNG50-1,40,1.5,214979,0.03848433,-0.00989738,1.03126435,-2.29747062,3
TNG50-1,40,1.5,214979,0.04329036,-0.01221183,0.9845362,1.53419513,4
TNG50-1,40,1.5,214979,-0.0096625,0.02089796,1.15262636,-0.19394938,5
TNG50-1,40,1.5,214979,0.02001972,-0.00043492,0.6261144,-2.85055833,6
TNG50-1,40,1.5,214979,0.03726035,-0.02729418,1.21235281,3.04005328,7
TNG50-1,40,1.5,214979,-0.04069316,0.06242829,0.746286,1.07632964,8
TNG50-1,40,1.5,214979,-0.03534242,-0.02696287,0.53555767,2.16256275,9
TNG50-1,40,1.5,284549,0.0526589,-0.04151129,0.50732243,1.3340886,0
TNG50-1,40,1.5,284549,-0.09192972,-0.06237692,0.84986654,2.19025758,1
TNG50-1,40,1.5,284549,-0.03775015,-0.04047973,0.95033746,-0.96517242,2
TNG50-1,40,1.5,284549,0.02600561,0.01961669,1.29779632,0.0560126,3
TNG50-1,40,1.5,284549,-0.00511907,0.01718011,0.73826622,2.97991995,4
TNG50-1,40,1.5,284549,-0.00954764,-0.04002536,1.29013908,-0.51906304,5
TNG50-1,40,1.5,284549,-0.0590395,-0.11053797,1.37811489,1.93076268,6
TNG50-1,40,1.5,284549,-0.00054012,0.02100064,0.96948295,0.16329444,7
TNG50-1,40,1.5,284549,0.05018312,-0.04488537,0.88446335,-1.73439884,8
TNG50-1,40,1.5,284549,0.0009984,0.03445312,0.20382118,0.5052852,9
TNG50-1,40,1.5,286498,0.06901529,0.05311562,1.06192241,-0.17822043,0
TNG50-1,40,1.5,286498,-0.00350419,-0.0178597,0.55703885,1.13275086,1
TNG50-1,40,1.5,286498,-0.08783669,0.15226628,0.91317148,-0.09239992,2
TNG50-1,40,1.5,286498,-0.04621328,-0.02822444,0.89260012,1.00104109,3
TNG50-1,40,1.5,286498,-0.0638769,-0.0451665,1.09156304,1.09417573,4
TNG50-1,40,1.5,286498,-0.00658718,-0.05131503,0.57145981,1.31596014,5
TNG50-1,40,1.5,286498,0.01036695,-0.01054704,1.17684031,2.03135251,6
TNG50-1,40,1.5,286498,-0.02516085,-0.0859768,0.96583337,0.2558674,7
TNG50-1,40,1.5,286498,0.03885233,0.01472814,0.8972469,-1.92719013,8
TNG50-1,40,1.5,286498,0.00394011,-0.09526519,0.68962752,1.1287167,9
TNG50-1,40,1.5,259043,-0.08193898,-0.09223286,0.66256247,0.92162827,0
TNG50-1,40,1.5,259043,-0.06704757,0.02183188,1.13772669,-0.37335755,1
TNG50-1,40,1.5,259043,-0.02957731,-0.05028392,0.81662435,-2.80121967,2
TNG50-1,40,1.5,259043,0.03414734,-0.00326534,0.85365044,-0.65028551,3
TNG50-1,40,1.5,259043,0.06165301,0.00598135,1.28079092,2.51485881,4
TNG50-1,40,1.5,259043,0.06902711,0.01240598,1.23817014,1.91603726,5
TNG50-1,40,1.5,259043,0.02649008,0.04688958,0.76203574,2.68558149,6
TNG50-1,40,1.5,259043,-0.00414448,0.04160376,0.3864927,-2.18132348,7
TNG50-1,40,1.5,259043,0.03973129,0.00975,0.88043638,0.03743369,8
TNG50-1,40,1.5,259043,-0.05722503,-0.02210076,0.8893046,0.5323627,9
TNG50-1,40,1.5,251469,0.04137976,0.0540737,1.30751188,-1.69116761,0
TNG50-1,40,1.5,251469,-0.04814569,-0.10522029,0.6339649,2.59407338,1
TNG50-1,40,1.5,251469,-0.02357455,-0.01028576,1.02984099,2.6261618,2
TNG50-1,40,1.5,251469,-0.01066398,-0.02344497,0.84356534,-0.49636754,3
TNG50-1,40,1.5,251469,0.00196434,0.02093957,1.39675825,-1.23148474,4
TNG50-1,40,1.5,251469,-0.01718266,-0.07271464,0.82655564,-0.7474757,5
TNG50-1,40,1.5,251469,-0.00336855,-0.02498927,1.16025727,3.07460816,6
TNG50-1,40,1.5,251469,-0.00298138,-0.00511799,0.96373465,0.74641871,7
TNG50-1,40,1.5,251469,-0.02235155,0.05350368,1.14708058,0.28136253,8
TNG50-1,40,1.5,251469,-0.03865972,0.01660925,0.21471382,-2.91591395,9
TNG50-1,40,1.5,278280,-0.12068062,0.01814049,1.06905138,-0.10068805,0
TNG50-1,40,1.5,278280,0.08826781,0.01527627,1.23271762,-0.41606325,1
TNG50-1,40,1.5,278280,-0.04010477,-0.02406305,0.98956809,-1.90393742,2
TNG50-1,40,1.5,278280,-0.01231865,0.00101289,1.18456194,2.48905182,3
TNG50-1,40,1.5,278280,0.08204533,-0.0918605,1.20144991,2.97916134,4
TNG50-1,40,1.5,278280,-0.0070871,0.02300835,0.88360797,-2.81645548,5
TNG50-1,40,1.5,278280,-0.00816683,0.00807029,0.65738321,1.85822931,6
TNG50-1,40,1.5,278280,-0.06140865,0.09868304,0.56167683,0.91556414,7
TNG50-1,40,1.5,278280,-0.08174168,0.00037398,1.05627377,-1.4989402,8
TNG50-1,40,1.5,278280,-0.00831931,-0.04713347,1.34479244,0.84921094,9
TNG50-1,40,1.5,276711,-0.0025669,0.05049868,0.87263897,-2.75500772,0
TNG50-1,40,1.5,276711,0.05839792,0.02872435,1.32984182,0.96426401,1
TNG50-1,40,1.5,276711,-0.11735869,0.01903885,1.38576976,0.59398935,2
TNG50-1,40,1.5,276711,0.00152692,-0.008234,0.63751092,2.84019143,3
TNG50-1,40,1.5,276711,-0.00397482,0.09996886,0.9083892,2.55391641,4
TNG50-1,40,1.5,276711,-0.06857506,0.04010838,0.63673424,1.56721736,5
TNG50-1,40,1.5,276711,0.03358836,-0.0374775,1.26417216,-3.02122418,6
TNG50-1,40,1.5,276711,-0.03622501,-0.07000511,1.04717397,-0.12323231,7
TNG50-1,40,1.5,276711,-0.01785163,0.0283419,0.41631419,2.48878187,8
TNG50-1,40,1.5,276711,0.0924391,-0.00279346,1.25667745,-0.41688251,9
TNG50-1,40,1.5,205555,-0.02943591,0.04983963,0.86897134,-0.66568972,0
TNG50-1,40,1.5,205555,-0.02074069,-0.01307693,1.05959922,-2.68249798,1
TNG50-1,40,1.5,205555,0.06485965,0.00876029,0.90117008,1.91428256,2
TNG50-1,40,1.5,205555,0.00799556,0.02920202,0.92529969,2.15428342,3
TNG50-1,40,1.5,205555,0.06417993,-0.01919825,0.40502461,-1.02882517,4
TNG50-1,40,1.5,205555,0.02471101,-0.056747,1.22002472,0.11682506,5
TNG50-1,40,1.5,205555,-0.01546154,-0.04031355,0.39792312,1.9444515,6
TNG50-1,40,1.5,205555,-0.01951786,-0.01205177,1.37417538,-1.93495104,7
TNG50-1,40,1.5,205555,0.02808044,0.03311036,0.65491733,0.81037858,8
TNG50-1,40,1.5,205555,0.04102128,0.06294887,0.41531375,-0.43586042,9
TNG50-1,40,1.5,247698,0.0415779,-0.01276932,0.8458406,-1.71037041,0
TNG50-1,40,1.5,247698,0.05811683,0.04188329,0.29284184,-0.17278281,1
TNG50-1,40,1.5,247698,0.05420942,0.00699303,1.28440423,-2.69654335,2
TNG50-1,40,1.5,247698,-0.05927358,-0.02864857,0.88333808,2.49983508,3
TNG50-1,40,1.5,247698,0.06524555,-0.03540176,1.34775363,1.45115427,4
TNG50-1,40,1.5,247698,-0.01789676,0.02051174,0.60154652,1.63561232,5
TNG50-1,40,1.5,247698,-0.03775148,-0.00412589,0.83761001,2.35301083,6
TNG50-1,40,1.5,247698,-0.00846638,-0.06877526,1.02745783,1.83200461,7
TNG50-1,40,1.5,247698,0.04155642,0.04235807,0.60963372,-0.4281828,8
TNG50-1,40,1.5,247698,0.02702321,-0.02401375,1.00206384,-2.39617816,9
TNG50-1,40,1.5,234153,-0.09472231,0.02001517,1.20029229,2.94676197,0
TNG50-1,40,1.5,234153,-0.04006964,-0.03753991,1.34734216,2.46792768,1
TNG50-1,40,1.5,234153,-0.04271169,-0.0685251,0.53022671,0.30022594,2
TNG50-1,40,1.5,234153,0.00728607,-0.03051808,0.847433,-1.19764476,3
TNG50-1,40,1.5,234153,-0.06098862,0.10934879,1.26239688,1.2444177,4
TNG50-1,40,1.5,234153,0.08411316,0.03165105,1.14678968,2.0946531,5
TNG50-1,40,1.5,234153,0.00217612,0.01372674,0.23757426,1.79775384,6
TNG50-1,40,1.5,234153,-0.00615731,-0.04881867,0.8176831,2.99737704,7
TNG50-1,40,1.5,234153,0.07963569,0.04556254,0.81580654,0.85988783,8
TNG50-1,40,1.5,234153,-0.00080238,-0.06788466,1.34033479,-1.12327374,9
TNG50-1,40,1.5,277654,-0.07851995,-0.02678336,1.14953538,-0.09167832,0
TNG50-1,40,1.5,277654,-0.05324581,0.00668584,1.37513718,1.57159539,1
TNG50-1,40,1.5,277654,-0.01350298,0.03647132,1.24966365,-2.53155731,2
TNG50-1,40,1.5,277654,-0.07216317,0.05967007,1.31493567,-0.45105676,3
TNG50-1,40,1.5,277654,-0.02034323,-0.0066155,1.23587804,-0.00738529,4
TNG50-1,40,1.5,277654,-0.01873151,-0.08237553,0.61895389,2.08005673,5
TNG50-1,40,1.5,277654,0.06548419,-0.08589011,1.15142067,1.97428779,6
TNG50-1,40,1.5,277654,0.00712669,-0.01632063,0.67092844,2.18821579,7
TNG50-1,40,1.5,277654,0.05147148,-0.11689508,0.35213014,1.24327227,8
TNG50-1,40,1.5,277654,0.01508374,0.08975522,0.8825477,0.1919878,9
TNG50-1,40,1.5,269431,0.03100086,-0.000938,0.80524807,-3.03119769,0
TNG50-1,40,1.5,269431,0.08576286,-0.04081096,0.76862,0.4015931,1
TNG50-1,40,1.5,269431,-0.08626732,0.01351398,0.56858394,-2.05180547,2
TNG50-1,40,1.5,269431,-0.06438673,-0.01166341,1.02119801,-1.38617536,3
TNG50-1,40,1.5,269431,-0.03957231,-0.01205066,0.96063506,-2.92348268,4
TNG50-1,40,1.5,269431,0.03828709,-0.02562001,1.25294949,-2.07682673,5
TNG50-1,40,1.5,269431,-0.01024737,0.04624916,0.83938726,3.05758265,6
TNG50-1,40,1.5,269431,-0.03620546,0.01249401,1.14882403,3.13231089,7
TNG50-1,40,1.5,269431,0.03583665,0.05178504,0.95060156,1.38134522,8
TNG50-1,40,1.5,269431,0.04781951,0.06681631,0.65842863,0.70281735,9
TNG50-1,40,1.5,224995,0.01382754,0.02117529,1.03085523,2.70053777,0
TNG50-1,40,1.5,224995,0.01518659,0.00225054,1.26699721,2.51622174,1
TNG50-1,40,1.5,224995,-0.00587239,-0.05786069,1.13355017,-1.97739646,2
TNG50-1,40,1.5,224995,-0.03938994,-0.009274,1.17579712,1.16971769,3
TNG50-1,40,1.5,224995,-0.04842677,0.02937533,0.7645518,-1.79306558,4
TNG50-1,40,1.5,224995,0.08642327,-0.02495146,1.25047417,2.03138087,5
TNG50-1,40,1.5,224995,0.00569805,-0.01624216,0.80612906,0.85277373,6
TNG50-1,40,1.5,224995,0.05626339,-0.00866834,0.99148626,-1.29359668,7
TNG50-1,40,1.5,224995,0.06924535,0.10557647,0.55447686,-1.57630273,8
TNG50-1,40,1.5,224995,-0.02054235,-0.09170245,0.97294917,-0.44247664,9
TNG50-1,40,1.5,165813,0.00761091,0.05604438,0.37740928,-2.50197202,0
TNG50-1,40,1.5,165813,0.06747263,-0.02035883,0.58945635,-1.57366268,1
TNG50-1,40,1.5,165813,0.01852679,0.08623006,0.93513385,0.59380794,2
TNG50-1,40,1.5,165813,-0.05331668,-0.10620793,0.30189167,-2.75610172,3
TNG50-1,40,1.5,165813,0.02291406,0.00673978,1.27791377,0.31469112,4
TNG50-1,40,1.5,165813,0.03350553,0.07146963,0.89830783,0.53087535,5
TNG50-1,40,1.5,165813,-0.02738118,-0.04451522,1.24676014,-1.31339193,6
TNG50-1,40,1.5,165813,-0.07210465,-0.00796005,1.13932825,-1.29984665,7
TNG50-1,40,1.5,165813,0.0050148,-0.02015179,0.37208874,-1.70224516,8
TNG50-1,40,1.5,165813,-0.05004223,-0.03418838,0.50873967,2.73743537,9
TNG50-1,40,1.5,240929,0.0093274,-0.05845314,0.66655481,1.73073931,0
TNG50-1,40,1.5,240929,-0.07749624,0.03354966,1.36528157,0.85011965,1
TNG50-1,40,1.5,240929,-0.02849052,0.05284659,1.13355687,-1.60702487,2
TNG50-1,40,1.5,240929,0.05046982,-0.03607448,0.76059854,1.9182273,3
TNG50-1,40,1.5,240929,-0.03581373,-0.0186762,1.11852184,-1.79421068,4
TNG50-1,40,1.5,240929,0.04072519,0.00708144,1.33502964,2.54984824,5
TNG50-1,40,1.5,240929,-0.11655098,-0.07407425,1.10463298,1.29839322,6
TNG50-1,40,1.5,240929,-0.02796958,-0.02275516,0.72823742,-2.79777721,7
TNG50-1,40,1.5,240929,-0.00856773,0.0638056,1.29866285,1.88047643,8
TNG50-1,40,1.5,240929,0.08712702,0.02613274,0.71210115,0.04042313,9
TNG50-1,40,1.5,145448,0.02215206,0.02127951,1.00236592,-2.47673183,0
TNG50-1,40,1.5,145448,0.03008607,-0.00550084,1.27750843,2.24311423,1
TNG50-1,40,1.5,145448,0.05459453,-0.01264392,0.58683772,1.67972725,2
TNG50-1,40,1.5,145448,-0.05660617,-0.08673775,1.17910065,2.27051574,3
TNG50-1,40,1.5,145448,0.01108095,0.06698675,0.21711223,2.4818189,4
TNG50-1,40,1.5,145448,-0.01817375,-0.01609492,0.89404052,-1.69785601,5
TNG50-1,40,1.5,145448,-0.00493175,0.02529485,1.2042186,0.13198338,6
TNG50-1,40,1.5,145448,0.04322044,0.03394983,0.96212206,2.19862615,7
TNG50-1,40,1.5,145448,0.04865629,-0.06226578,1.11334901,-0.77039409,8
TNG50-1,40,1.5,145448,0.06992218,-0.04616732,0.64113578,-2.76204065,9
TNG50-1,40,1.5,147367,-0.05042483,0.01594215,0.72960674,0.16974601,0
TNG50-1,40,1.5,147367,0.08860495,-0.03127559,0.85958169,0.96055037,1
TNG50-1,40,1.5,147367,0.04238797,0.00320369,0.79228899,1.36474209,2
TNG50-1,40,1.5,147367,0.07037196,-0.08382066,0.79773204,-0.82442046,3
TNG50-1,40,1.5,147367,0.01240926,-0.11604844,0.39044195,-1.28400397,4
TNG50-1,40,1.5,147367,0.06270096,0.04156707,0.31385406,-1.99715716,5
TNG50-1,40,1.5,147367,-0.04241602,-0.01873719,1.02903488,0.36326581,6
TNG50-1,40,1.5,147367,0.00812955,-0.01307086,0.83677256,2.63456116,7
TNG50-1,40,1.5,147367,0.01435268,0.04154733,0.6088248,2.4880041,8
TNG50-1,40,1.5,147367,0.06912235,0.06985052,1.39914651,-0.87986003,9
TNG50-1,40,1.5,145447,0.00503918,-0.07278145,1.08774642,2.91026021,0
TNG50-1,40,1.5,145447,0.02194894,-0.02310338,0.67134858,1.18874612,1
TNG50-1,40,1.5,145447,0.04815705,-0.06041371,0.40856358,0.22810482,2
TNG50-1,40,1.5,145447,-0.00366774,-0.03024867,0.29746936,-2.31189934,3
TNG50-1,40,1.5,145447,-0.01863356,0.0625235,0.35491096,0.08319094,4
TNG50-1,40,1.5,145447,0.09931323,-0.03061629,0.90253914,2.79112382,5
TNG50-1,40,1.5,145447,0.00032931,0.03591281,0.96618918,0.64648525,6
TNG50-1,40,1.5,145447,0.03597809,0.07586326,0.24534263,-0.59923604,7
TNG50-1,40,1.5,145447,-0.02697698,-0.00137887,1.21673082,0.32108963,8
TNG50-1,40,1.5,145447,0.03449548,0.04968836,1.24307623,2.42622114,9
TNG50-1,40,1.5,209744,0.02621841,0.0094732,1.24881974,2.94408963,0
TNG50-1,40,1.5,209744,0.02292858,-0.00611181,0.54299859,1.52151229,1
TNG50-1,40,1.5,209744,-0.04640373,-0.0561866,0.57220801,-2.38815372,2
TNG50-1,40,1.5,209744,0.01865315,-0.056486,1.10039154,1.93129967,3
TNG50-1,40,1.5,209744,0.03957541,-0.10492609,0.66200367,0.92670099,4
TNG50-1,40,1.5,209744,0.05775707,-0.15597375,0.91488243,-1.01268411,5
TNG50-1,40,1.5,209744,0.02080536,-0.00658909,0.43614404,2.41293512,6
TNG50-1,40,1.5,209744,-0.04826253,0.11601152,0.60880027,0.41196765,7
TNG50-1,40,1.5,209744,-0.04056587,0.08983898,1.366194,2.21751159,8
TNG50-1,40,1.5,209744,-0.0217574,-0.04891157,0.49013756,1.06885621,9
TNG50-1,40,1.5,307407,0.0340753,0.01747256,0.92745897,-1.34853193,0
TNG50-1,40,1.5,307407,0.05444815,0.04599944,0.51715188,0.69713852,1
TNG50-1,40,1.5,307407,-0.04774642,0.03344043,0.43227734,1.91504946,2
TNG50-1,40,1.5,307407,0.00380236,0.01743599,0.93976429,2.4283652,3
TNG50-1,40,1.5,307407,0.0276734,0.03210641,1.00137979,-0.32222572,4
TNG50-1,40,1.5,307407,0.00577731,0.03442055,0.90477852,-0.81834918,5
TNG50-1,40,1.5,307407,0.01805504,0.07477506,0.54191908,-1.54910921,6
TNG50-1,40,1.5,307407,-0.06648147,-0.00170253,0.31292289,-2.30330785,7
TNG50-1,40,1.5,307407,0.02770181,0.00819785,1.11971307,-0.84874795,8
TNG50-1,40,1.5,307407,-0.02430821,0.04660334,0.69456656,2.33720548,9
TNG50-1,40,1.5,289975,-0.01907697,-0.01293648,1.1207579,1.31086261,0
TNG50-1,40,1.5,289975,-0.04641779,-0.01796033,0.33370082,-1.18544212,1
TNG50-1,40,1.5,289975,-0.05172059,-0.03788984,1.13146702,3.13326133,2
TNG50-1,40,1.5,289975,0.05637014,0.00775231,1.33141296,1.45623918,3
TNG50-1,40,1.5,289975,0.00133258,0.01199447,0.93818499,0.56807225,4
TNG50-1,40,1.5,289975,-0.02777836,-0.02783236,1.20835189,2.30666904,5
TNG50-1,40,1.5,289975,-0.0258923,-0.00720671,0.67618841,0.56116196,6
TNG50-1,40,1.5,289975,-0.02816135,0.10793119,0.79196228,0.33143719,7
TNG50-1,40,1.5,289975,-0.02369016,0.10602166,0.75819924,-1.65049474,8
TNG50-1,40,1.5,289975,-0.06322227,-0.05270451,1.23797284,1.11911067,9
TNG50-1,40,1.5,196346,-0.02539871,-0.07410197,0.79800457,2.85550056,0
TNG50-1,40,1.5,196346,0.03950055,0.01535018,0.95996033,-1.16107804,1
TNG50-1,40,1.5,196346,0.02114904,0.01014517,1.26158706,-0.91551194,2
TNG50-1,40,1.5,196346,-0.03538187,0.06413809,1.08820612,-1.74143017,3
TNG50-1,40,1.5,196346,-0.02292754,0.05207045,1.01359828,-2.6095949,4
TNG50-1,40,1.5,196346,-0.0117309,0.11985584,0.77870704,1.82241773,5
TNG50-1,40,1.5,196346,0.07429783,-0.00369364,0.45176627,-1.63054891,6
TNG50-1,40,1.5,196346,-0.04111523,-0.01302648,0.90736237,-1.36541323,7
TNG50-1,40,1.5,196346,-0.03598803,-0.06501132,0.77002598,-1.99933296,8
TNG50-1,40,1.5,196346,-0.05642921,0.03482891,1.33615062,2.98379222,9
TNG50-1,40,1.5,191873,-0.01797398,-0.01175546,1.23208393,2.05862927,0
TNG50-1,40,1.5,191873,-0.02566844,-0.0268991,1.37084183,0.55544067,1
TNG50-1,40,1.5,191873,0.07905243,-0.08551061,0.44221372,-3.08543213,2
TNG50-1,40,1.5,191873,0.02158805,-0.03388109,0.49520312,2.41066598,3
TNG50-1,40,1.5,191873,-0.05886086,0.06945997,1.24539518,1.43106863,4
TNG50-1,40,1.5,191873,-0.02356472,-0.01905722,1.17567407,1.80897552,5
TNG50-1,40,1.5,191873,0.07780521,-0.00516268,1.24219709,-2.69030158,6
TNG50-1,40,1.5,191873,0.03571827,0.00702628,0.71839714,1.3104222,7
TNG50-1,40,1.5,191873,-0.04591167,0.11090707,1.18909575,1.91379211,8
TNG50-1,40,1.5,191873,-0.01335353,0.00044374,0.39098516,2.86912456,9
TNG50-1,40,1.5,254266,-0.06045523,0.03159313,0.8436117,-2.12038624,0
TNG50-1,40,1.5,254266,-0.00634112,0.01703081,1.38627788,0.05280047,1
TNG50-1,40,1.5,254266,0.06103732,-0.02064249,1.25423626,0.91409357,2
TNG50-1,40,1.5,254266,-0.04438668,0.00189358,1.26180601,1.9598817,3
TNG50-1,40,1.5,254266,0.04826113,0.00823586,1.3188208,-2.33381249,4
TNG50-1,40,1.5,254266,0.03666589,0.01999378,0.69854976,0.73002286,5
TNG50-1,40,1.5,254266,0.01373618,0.03671701,1.30021648,1.72058495,6
TNG50-1,40,1.5,254266,-0.01643513,-0.03912358,0.7794919,-1.17869307,7
TNG50-1,40,1.5,254266,-0.04931476,-0.07332985,1.25088643,-2.6407249,8
TNG50-1,40,1.5,254266,0.08876896,0.00421404,1.30175212,-2.16175527,9
TNG50-1,40,1.5,199959,0.07975569,0.04259692,0.86406292,-0.23178534,0
TNG50-1,40,1.5,199959,0.00226475,-0.01192337,1.01751116,-1.65336946,1
TNG50-1,40,1.5,199959,0.00248726,-0.05040075,0.67080803,-0.05868737,2
TNG50-1,40,1.5,199959,0.00494906,-0.03287905,0.69301159,-1.56948873,3
TNG50-1,40,1.5,199959,0.00346579,0.0971321,1.28586116,0.18048689,4
TNG50-1,40,1.5,199959,-0.13150667,-0.03460987,0.62309157,-0.23556803,5
TNG50-1,40,1.5,199959,-0.00927532,-0.11777977,1.33501155,1.76246165,6
TNG50-1,40,1.5,199959,-0.06819732,0.05150828,0.95763069,-1.63306198,7
TNG50-1,40,1.5,199959,0.08131679,0.07502516,0.80578168,-1.88504868,8
TNG50-1,40,1.5,199959,0.07930415,0.08296078,0.5815416,-0.1621983,9
TNG50-1,40,1.5,158778,0.02695111,0.01084643,1.09736345,-1.35268775,0
TNG50-1,40,1.5,158778,0.02638033,-0.04405906,1.28817024,2.89894097,1
TNG50-1,40,1.5,158778,0.08214088,-0.02317803,1.29479436,2.7114372,2
TNG50-1,40,1.5,158778,0.10180091,-0.02279537,1.04714825,-0.41408311,3
TNG50-1,40,1.5,158778,-0.01167418,-0.0421222,1.13936166,-1.70546421,4
TNG50-1,40,1.5,158778,0.03365868,0.01567698,1.3240244,2.10394164,5
TNG50-1,40,1.5,158778,0.00421169,0.0209056,0.85062561,-0.87156676,6
TNG50-1,40,1.5,158778,-0.03160576,0.04897588,0.95648752,-2.11397333,7
TNG50-1,40,1.5,158778,0.01354071,-0.04288112,1.33622555,0.32426084,8
TNG50-1,40,1.5,158778,0.03357498,-0.02887393,0.51786921,-0.06658642,9
TNG50-1,40,1.5,282098,-0.03711506,-0.0270922,1.21314443,-1.00074106,0
TNG50-1,40,1.5,282098,0.07162716,-0.0074236,1.10127896,1.20655258,1
TNG50-1,40,1.5,282098,0.0008673,-0.00022717,1.38843522,-2.86367849,2
TNG50-1,40,1.5,282098,-0.06206821,0.01086608,0.75111965,2.07331691,3
TNG50-1,40,1.5,282098,-0.00599936,0.05549154,1.19108648,2.90173294,4
TNG50-1,40,1.5,282098,0.00012324,0.01359699,1.0988287,0.67630449,5
TNG50-1,40,1.5,282098,-0.05294451,-0.07013483,1.113782,2.86832669,6
TNG50-1,40,1.5,282098,0.01560868,-0.02811605,0.94640916,-0.54624864,7
TNG50-1,40,1.5,282098,0.04789046,0.00830105,0.52266801,-0.53387138,8
TNG50-1,40,1.5,282098,0.01191003,0.05620622,1.27553711,-2.47401107,9
TNG50-1,40,1.5,231099,0.01532888,0.01401164,1.26865139,2.6597575,0
TNG50-1,40,1.5,231099,-0.15414026,0.07158073,0.9394766,-2.06279613,1
TNG50-1,40,1.5,231099,0.12104693,-0.03239013,0.40911921,1.88953327,2
TNG50-1,40,1.5,231099,0.00915312,-0.0364012,1.23203699,0.82634411,3
TNG50-1,40,1.5,231099,0.01716845,0.06105096,1.31108779,1.96630239,4
TNG50-1,40,1.5,231099,0.05433474,-0.02286226,0.57622914,-2.06909474,5
TNG50-1,40,1.5,231099,0.02327014,-0.020528,0.99699142,-0.41414692,6
TNG50-1,40,1.5,231099,0.03734543,-0.01865721,0.48436697,-2.33208447,7
TNG50-1,40,1.5,231099,-0.02118617,-0.00324905,1.13960052,2.89078114,8
TNG50-1,40,1.5,231099,-0.06148977,-0.0786819,0.82530831,-2.74768894,9
TNG50-1,40,1.5,246755,-0.03406088,0.00266027,0.76604089,-0.52654894,0
TNG50-1,40,1.5,246755,0.01285376,0.01961402,0.55628094,1.10495783,1
TNG50-1,40,1.5,246755,0.02599019,-0.04242645,0.72230314,-0.80156024,2
TNG50-1,40,1.5,246755,-0.07072662,-0.01213062,1.27617901,0.08070859,3
TNG50-1,40,1.5,246755,-0.02519976,0.02338392,0.27588134,-1.96061747,4
TNG50-1,40,1.5,246755,0.01216427,-0.03810451,0.63143673,-2.1664351,5
TNG50-1,40,1.5,246755,-0.044984,-0.08288784,0.88417376,-2.66630259,6
TNG50-1,40,1.5,246755,0.02169521,-0.07682869,1.26209602,2.00835298,7
TNG50-1,40,1.5,246755,-0.01537141,-0.02090254,1.25575513,0.34800208,8
TNG50-1,40,1.5,246755,-0.03617101,-0.06592091,0.83976677,2.80947001,9
TNG50-1,40,1.5,219858,-0.0802046,-0.07663372,1.11201291,1.81211854,0
TNG50-1,40,1.5,219858,0.00657535,-0.01219614,1.19915409,-1.53355696,1
TNG50-1,40,1.5,219858,-0.06015802,-0.06738949,0.67328065,1.19478029,2
TNG50-1,40,1.5,219858,-0.02128242,0.0128638,0.5394877,0.27136063,3
TNG50-1,40,1.5,219858,0.11056013,0.00279851,1.12607388,2.12034652,4
TNG50-1,40,1.5,219858,0.04660872,-0.01538324,1.16822227,2.89264486,5
TNG50-1,40,1.5,219858,-0.00642063,0.05460285,1.17352344,-0.83383138,6
TNG50-1,40,1.5,219858,0.1599471,-0.02835495,1.35824503,-2.58653091,7
TNG50-1,40,1.5,219858,-0.04575873,0.01634259,1.16182482,1.5685706,8
TNG50-1,40,1.5,219858,0.05826082,0.04102775,1.37887333,-3.00774619,9
TNG50-1,40,1.5,122854,0.06016291,-0.05768919,0.61537756,-1.67639463,0
TNG50-1,40,1.5,122854,-0.02204664,0.00303184,0.54531097,1.48691967,1
TNG50-1,40,1.5,122854,-0.02803581,0.01533003,0.82941483,-2.48757118,2
TNG50-1,40,1.5,122854,-0.00243112,-0.07140783,0.8291262,-2.97356466,3
TNG50-1,40,1.5,122854,-0.02976862,0.03799707,1.29702505,-2.96456846,4
TNG50-1,40,1.5,122854,-0.02013241,0.03820238,0.7433603,-2.07190245,5
TNG50-1,40,1.5,122854,0.00485552,0.04873446,1.16275047,1.22489694,6
TNG50-1,40,1.5,122854,-0.02110202,0.01499445,0.93897685,-0.8588744,7
TNG50-1,40,1.5,122854,-0.02146087,0.03185411,0.3380976,-3.04142336,8
TNG50-1,40,1.5,122854,-0.05050788,0.10925129,0.50483936,3.06633663,9
TNG50-1,40,1.5,304832,-0.01512588,-0.01474751,0.88730251,0.6428143,0
TNG50-1,40,1.5,304832,-0.01820822,-0.0230512,1.04966372,0.48802003,1
TNG50-1,40,1.5,304832,-0.01513451,-0.10784474,1.35462614,-2.82939986,2
TNG50-1,40,1.5,304832,-0.02755409,0.03413838,0.52084776,-2.76776592,3
TNG50-1,40,1.5,304832,-0.0497946,-0.06165255,1.38708917,1.42809671,4
TNG50-1,40,1.5,304832,-0.09110159,0.00316351,0.45598385,-2.47830707,5
TNG50-1,40,1.5,304832,0.00723735,-0.04041342,0.62416493,-1.62204135,6
TNG50-1,40,1.5,304832,-0.0150062,-0.01943633,1.33728859,-0.0073099,7
TNG50-1,40,1.5,304832,-0.06876408,0.05761462,0.71336515,-2.11012187,8
TNG50-1,40,1.5,304832,0.00312667,0.02658091,0.65260175,1.82111567,9
TNG50-1,40,1.5,25878,0.04484138,-0.01954708,0.86274999,0.58533652,0
TNG50-1,40,1.5,25878,-0.03386809,-0.00645111,0.5401453,2.0892755,1
TNG50-1,40,1.5,25878,-0.02817738,-0.04893572,0.91403419,3.09971331,2
TNG50-1,40,1.5,25878,-0.00605238,-0.00875047,1.01502083,-1.11510633,3
TNG50-1,40,1.5,25878,0.07218497,-0.0558704,1.24143586,2.52555438,4
TNG50-1,40,1.5,25878,0.08469141,0.05125039,1.27214799,1.92297434,5
TNG50-1,40,1.5,25878,0.03969042,0.02718437,1.02405631,-2.71429402,6
TNG50-1,40,1.5,25878,0.01655099,0.07147812,1.00112906,-1.04201017,7
TNG50-1,40,1.5,25878,0.06676913,-0.08146414,0.70127035,-1.76530515,8
TNG50-1,40,1.5,25878,-0.01279212,0.09508485,1.01443482,1.03285685,9
TNG50-1,40,1.5,100095,0.02505956,-0.06217903,1.32601653,-3.11807828,0
TNG50-1,40,1.5,100095,-0.03168011,0.01083874,0.54019924,-2.6442058,1
TNG50-1,40,1.5,100095,0.00881439,0.08847115,1.29397076,0.14285185,2
TNG50-1,40,1.5,100095,-0.06688825,0.01010862,1.17821157,-1.69084949,3
TNG50-1,40,1.5,100095,-0.0064914,0.03510709,0.22464272,1.74391149,4
TNG50-1,40,1.5,100095,-0.12639648,-0.01688019,1.24078362,2.24629299,5
TNG50-1,40,1.5,100095,-0.07840581,-0.02553108,1.31615081,-2.23157996,6
TNG50-1,40,1.5,100095,-0.01611559,0.00410922,0.81325268,-1.02403435,7
TNG50-1,40,1.5,100095,0.11875591,-0.03291447,1.06049433,-2.22064026,8
TNG50-1,40,1.5,100095,-0.09003715,0.03621347,1.32393363,-1.34024927,9
TNG50-1,40,1.5,44893,0.09517338,0.02631093,0.29617201,2.09862791,0
TNG50-1,40,1.5,44893,-0.04754946,-0.05388141,0.70809985,-0.49050843,1
TNG50-1,40,1.5,44893,0.05402092,0.00484743,1.33671562,0.17213386,2
TNG50-1,40,1.5,44893,-0.05773403,-0.07382149,1.04932868,0.39504184,3
TNG50-1,40,1.5,44893,0.03273905,-0.01169441,0.84576673,0.39582044,4
TNG50-1,40,1.5,44893,0.03540763,-0.0573522,0.86573067,-1.80251069,5
TNG50-1,40,1.5,44893,-0.02551826,-0.00389903,1.24827947,0.62488391,6
TNG50-1,40,1.5,44893,-0.06087384,-0.02505397,0.87341796,-1.03909051,7
TNG50-1,40,1.5,44893,-0.09852166,-0.05951831,1.10039605,0.97402124,8
TNG50-1,40,1.5,44893,-0.03075568,-0.03294367,1.11014505,-2.22614764,9
TNG50-1,40,1.5,256956,-0.06930536,0.05392113,1.05008172,-1.86795723,0
TNG50-1,40,1.5,256956,-0.03041338,-0.00572612,1.00511857,1.54743464,1
TNG50-1,40,1.5,256956,-0.04376532,-0.01630676,0.50948449,-1.8851846,2
TNG50-1,40,1.5,256956,0.01127998,0.02310878,0.31898286,-1.48904802,3
TNG50-1,40,1.5,256956,0.00465988,-0.00381822,0.54750794,-1.21393944,4
TNG50-1,40,1.5,256956,0.02313249,-0.08290259,0.55139831,2.17392818,5
TNG50-1,40,1.5,256956,-0.02452613,-0.05307149,1.23323273,1.45822613,6
TNG50-1,40,1.5,256956,-0.0465115,0.05288544,1.17274463,0.19280228,7
TNG50-1,40,1.5,256956,0.00913645,0.00419422,0.85948688,2.00904409,8
TNG50-1,40,1.5,256956,-0.05147945,-0.08407839,0.79329106,1.96618617,9
TNG50-1,40,1.5,223925,0.0167488,-0.11461507,1.32158666,2.2492053,0
TNG50-1,40,1.5,223925,-0.02060533,-0.04912802,0.90992492,-0.77181124,1
TNG50-1,40,1.5,223925,0.05748519,0.06920529,0.86323616,2.91770958,2
TNG50-1,40,1.5,223925,-0.00219904,-0.06279729,1.13822213,-2.39917377,3
TNG50-1,40,1.5,223925,0.06246148,0.04412306,1.3612625,2.11400722,4
TNG50-1,40,1.5,223925,0.02538064,0.03532263,1.35699418,2.56566428,5
TNG50-1,40,1.5,223925,-0.00637542,-0.03628762,1.00339444,2.02743012,6
TNG50-1,40,1.5,223925,0.03938347,-0.09976158,0.75109832,1.94050612,7
TNG50-1,40,1.5,223925,0.03970292,-0.02844563,0.74191025,-0.87141487,8
TNG50-1,40,1.5,223925,0.0235955,0.10390075,1.24868425,1.34047427,9
TNG50-1,40,1.5,110112,-0.04595403,0.1383233,1.02647363,-0.77237921,0
TNG50-1,40,1.5,110112,-0.02313406,0.04555629,0.98392902,0.04283528,1
TNG50-1,40,1.5,110112,0.0846455,-0.0540861,1.34273611,-0.99528612,2
TNG50-1,40,1.5,110112,-0.01334216,0.01851111,1.27650884,0.93618995,3
TNG50-1,40,1.5,110112,-0.00837874,-0.03958684,0.38255514,-1.7190951,4
TNG50-1,40,1.5,110112,0.02546277,0.02231254,1.34355564,-2.98147864,5
TNG50-1,40,1.5,110112,-0.0118659,-0.06875937,0.8657833,-3.13172145,6
TNG50-1,40,1.5,110112,0.02000765,-0.05538897,0.67413379,-0.97067666,7
TNG50-1,40,1.5,110112,0.01403074,0.01719538,1.39023909,-0.86919827,8
TNG50-1,40,1.5,110112,0.00612943,0.04988346,1.21278185,2.8186628,9
TNG50-1,40,1.5,93694,0.03645301,0.06426118,0.66203311,2.91705783,0
TNG50-1,40,1.5,93694,0.01539329,-0.00050129,1.04532311,-0.21058683,1
TNG50-1,40,1.5,93694,0.06547132,-0.02059198,0.73886301,2.72211939,2
TNG50-1,40,1.5,93694,-0.02622271,0.03946472,0.69271542,3.12899196,3
TNG50-1,40,1.5,93694,0.00943381,-0.03971022,0.77258028,-0.08673364,4
TNG50-1,40,1.5,93694,-0.00495468,0.05424923,0.77331328,1.40966639,5
TNG50-1,40,1.5,93694,0.00292397,0.0541421,0.84359366,0.90346134,6
TNG50-1,40,1.5,93694,-0.04425995,0.06286395,0.93981118,-1.65081385,7
TNG50-1,40,1.5,93694,0.02879558,0.01883115,1.23426146,-2.84572095,8
TNG50-1,40,1.5,93694,0.02089821,-0.02432482,0.54962266,-0.29307722,9
TNG50-1,40,1.5,226914,0.03659794,-0.03050625,0.52644715,-1.56174157,0
TNG50-1,40,1.5,226914,0.07293084,0.06383774,0.81674153,-0.83105102,1
TNG50-1,40,1.5,226914,-0.01031862,0.04265881,0.92330562,2.46562252,2
TNG50-1,40,1.5,226914,-0.01566239,-0.01203698,1.00405904,-1.63936327,3
TNG50-1,40,1.5,226914,0.02382732,-0.05899487,0.97571426,-1.13349569,4
TNG50-1,40,1.5,226914,-0.03248288,-0.01734649,0.65489424,-1.74035098,5
TNG50-1,40,1.5,226914,-0.06584093,0.02850763,0.94509872,0.28740432,6
TNG50-1,40,1.5,226914,0.05738595,0.00943179,1.25290456,0.73567741,7
TNG50-1,40,1.5,226914,-0.02254756,0.0054549,1.35195702,0.20186324,8
TNG50-1,40,1.5,226914,0.00092243,0.01058494,1.2951275,2.83909907,9
TNG50-1,40,1.5,240553,0.03304855,-0.06468196,1.05603968,-2.11257826,0
TNG50-1,40,1.5,240553,0.05973462,0.0050429,0.27663168,-0.98890814,1
TNG50-1,40,1.5,240553,0.05184717,-0.0007702,1.31080469,-1.53436035,2
TNG50-1,40,1.5,240553,0.02624871,-0.05628583,0.61853428,-0.73375107,3
TNG50-1,40,1.5,240553,-0.04237486,-0.03353655,1.39048186,2.83917226,4
TNG50-1,40,1.5,240553,0.0497587,-0.03102131,0.97146405,-2.5056958,5
TNG50-1,40,1.5,240553,-0.05506037,-0.07026357,1.2721379,-0.48203273,6
TNG50-1,40,1.5,240553,-0.06052926,-0.0252105,0.85647518,-0.26960286,7
TNG50-1,40,1.5,240553,-0.06367647,-0.05406532,0.61536261,-1.38015159,8
TNG50-1,40,1.5,240553,0.04878613,0.02888378,1.37276992,-1.39168434,9
TNG50-1,40,1.5,197301,-0.05782594,0.03578512,1.10096764,0.89959106,0
TNG50-1,40,1.5,197301,-0.09333981,0.00731961,1.06130656,2.48579416,1
TNG50-1,40,1.5,197301,-0.03352963,0.02121756,0.68262197,3.13564259,2
TNG50-1,40,1.5,197301,-0.01782012,0.09680514,0.722433,-0.88465846,3
TNG50-1,40,1.5,197301,-0.07206167,-0.04124058,0.56408784,1.40297053,4
TNG50-1,40,1.5,197301,0.00884889,-0.1437408,0.62877931,0.25106749,5
TNG50-1,40,1.5,197301,0.05814282,-0.05267273,0.85950324,-0.28292052,6
TNG50-1,40,1.5,197301,0.04210581,0.02430225,1.28352197,-1.63446335,7
TNG50-1,40,1.5,197301,-0.00633428,0.0013463,0.81653697,-1.59646568,8
TNG50-1,40,1.5,197301,-0.09202058,-0.06078181,0.47657052,-1.9793775,9
TNG50-1,40,1.5,237395,0.00491335,0.00233596,1.14874711,-0.19642035,0
TNG50-1,40,1.5,237395,-0.01516664,0.00734997,0.93995361,-1.56921786,1
TNG50-1,40,1.5,237395,0.05369848,-0.04236741,1.1161802,2.42559883,2
TNG50-1,40,1.5,237395,-0.0154249,0.04682969,0.64756976,0.10762229,3
TNG50-1,40,1.5,237395,-0.01172707,0.01033046,1.2095489,-1.67529545,4
TNG50-1,40,1.5,237395,0.04073143,-0.00224281,0.37052701,-0.30617755,5
TNG50-1,40,1.5,237395,0.09053558,-0.06355727,1.12598843,-1.91012432,6
TNG50-1,40,1.5,237395,0.07037492,0.00311431,1.31388209,-2.01860286,7
TNG50-1,40,1.5,237395,-0.00683269,-0.09466062,1.19755202,-1.25251234,8
TNG50-1,40,1.5,237395,-0.00247571,-0.02908247,1.33885567,-2.46111448,9
TNG50-1,40,1.5,290545,-0.04153902,-0.03263137,0.43826345,2.60368603,0
TNG50-1,40,1.5,290545,-0.03313453,0.09563423,0.66221754,0.53280755,1
TNG50-1,40,1.5,290545,0.02822921,-0.09583608,0.99982476,-1.77283483,2
TNG50-1,40,1.5,290545,-0.01835176,0.01393235,0.33638275,-1.40254692,3
TNG50-1,40,1.5,290545,-0.00427949,-0.06057519,1.3564314,-0.31702838,4
TNG50-1,40,1.5,290545,-0.07288237,-0.02025006,0.46476033,-1.11350495,5
TNG50-1,40,1.5,290545,0.11629559,-0.03190472,1.35008957,-3.00767344,6
TNG50-1,40,1.5,290545,0.00355978,-0.04929888,1.06234863,0.98178545,7
TNG50-1,40,1.5,290545,0.02495004,0.00177209,1.35541858,0.71268854,8
TNG50-1,40,1.5,290545,-0.02703127,-0.12840146,0.20416137,2.54035907,9
TNG50-1,40,1.5,66108,-0.07718738,0.02205378,1.07031949,2.5679766,0
TNG50-1,40,1.5,66108,-0.08126346,-0.05982198,0.91875254,-0.6997448,1
TNG50-1,40,1.5,66108,0.00964393,-0.00891638,0.73811048,0.05746903,2
TNG50-1,40,1.5,66108,-0.05570393,0.05486472,0.95373217,-2.40960577,3
TNG50-1,40,1.5,66108,-0.00035569,0.04850888,1.28331937,1.49163413,4
TNG50-1,40,1.5,66108,0.00692173,-0.03986463,1.32593765,1.2585406,5
TNG50-1,40,1.5,66108,0.00915248,-0.02727791,1.01750967,1.84878953,6
TNG50-1,40,1.5,66108,-0.04520607,-0.04943434,0.40880737,-1.09835537,7
TNG50-1,40,1.5,66108,0.04493412,-0.03282065,0.89972707,-0.40178947,8
TNG50-1,40,1.5,66108,-0.00446176,-0.06995338,1.09261978,-2.08387049,9
TNG50-1,40,1.5,281391,-0.08631916,0.06383986,1.27283857,-2.41442195,0
TNG50-1,40,1.5,281391,0.07313212,-0.00136802,1.33963657,2.29707234,1
TNG50-1,40,1.5,281391,0.0257472,-0.01528234,0.83945007,0.68583532,2
TNG50-1,40,1.5,281391,-0.04325989,0.02174923,0.95789859,-2.22360555,3
TNG50-1,40,1.5,281391,-0.02927051,-0.00098195,1.19952492,-0.47831123,4
TNG50-1,40,1.5,281391,-0.08515732,-0.05410896,1.15147597,-0.52328936,5
TNG50-1,40,1.5,281391,-0.01569786,-0.0326339,1.06146135,0.63221963,6
TNG50-1,40,1.5,281391,-0.0241366,-0.0148218,0.96259981,0.68404798,7
TNG50-1,40,1.5,281391,-0.06625552,0.01240933,1.0631569,0.9124576,8
TNG50-1,40,1.5,281391,0.03883511,0.00046684,1.06590548,1.24346158,9
TNG50-1,40,1.5,251776,0.06263453,-0.08050164,1.33118475,2.04950984,0
TNG50-1,40,1.5,251776,-0.02520684,0.00960855,0.50372623,1.6640816,1
TNG50-1,40,1.5,251776,0.01673036,-0.06821957,0.94224611,-0.72615998,2
TNG50-1,40,1.5,251776,0.04207082,-0.01429199,1.25255107,0.89174586,3
TNG50-1,40,1.5,251776,0.02370172,0.00781322,1.12052802,2.24535853,4
TNG50-1,40,1.5,251776,-0.10983178,0.05370185,0.61174279,-2.18805247,5
TNG50-1,40,1.5,251776,0.03476784,-0.04098066,0.50548989,-0.70285794,6
TNG50-1,40,1.5,251776,-0.00503069,0.07257937,0.93851492,-2.78584571,7
TNG50-1,40,1.5,251776,-0.01645143,0.04734266,0.97753598,-0.5725409,8
TNG50-1,40,1.5,251776,-0.00545375,-0.02147049,0.6791022,1.71079879,9
