mangaid,source,g1_dihedral_mean_none,g1_dihedral_mean_strict,g1_pred_none,g1_pred_strict,g2_dihedral_mean_none,g2_dihedral_mean_strict,g2_pred_none,g2_pred_strict,n_spaxels_none,n_spaxels_strict,vel_fill_frac_none,vel_fill_frac_strict
1-1009,grid,-0.008326263166964054,-0.008804570883512497,-0.02855198085308075,-0.028109267354011536,0.011040829820558429,0.009218713035807014,0.056304484605789185,0.04466855898499489,9784,4837,0.59716796875,0.29522705078125
1-10166,grid,0.012425578199326992,0.012425578199326992,-0.012097813189029694,-0.012097813189029694,0.014614260056987405,0.014614260056987405,0.02773851715028286,0.02773851715028286,15779,15683,0.96307373046875,0.95721435546875
1-1038,grid,-0.019587067887187004,-0.01765098562464118,-0.04230485111474991,-0.040998250246047974,-0.0024542035534977913,-0.0027010608464479446,0.015240374952554703,0.017959289252758026,2442,1988,0.1490478515625,0.121337890625
1-1081,grid,0.008170331828296185,0.008480834309011698,0.035622045397758484,0.034210722893476486,-0.006967879831790924,-0.005605303682386875,-0.016057386994361877,-0.01634117215871811,2412,2044,0.147216796875,0.124755859375
1-108698,grid,0.0513368071988225,0.04984106821939349,0.03237267583608627,0.03130351006984711,-0.0019688259344547987,-0.0008246256038546562,0.027235832065343857,0.02869216352701187,14185,9821,0.86578369140625,0.59942626953125
1-109244,grid,-0.005763035733252764,-0.004647087771445513,-0.02100299298763275,-0.022636331617832184,0.00392502173781395,0.0020576822571456432,-0.01625945419073105,-0.02092643827199936,3421,1628,0.20880126953125,0.099365234375
1-109284,grid,0.01655001938343048,0.016035777051001787,0.01861736923456192,0.02006608620285988,-0.0025670169852674007,-0.004812560044229031,0.049742311239242554,0.05649697035551071,7749,5779,0.47296142578125,0.35272216796875
1-109308,grid,-0.016384007409214973,-0.01883458625525236,-0.019711337983608246,-0.026399411261081696,0.010273279156535864,0.008403105894103646,0.03730686008930206,0.03394411876797676,16314,10979,0.9957275390625,0.67010498046875
1-109394,grid,0.0020902217365801334,0.0009046248160302639,0.00022192299365997314,-0.0020029693841934204,0.03006406780332327,0.029984398745000362,0.051385194063186646,0.05167141929268837,3596,3095,0.219482421875,0.18890380859375
1-109836,grid,-0.008984427899122238,-0.008883167058229446,-0.02601560950279236,-0.02661951631307602,0.006169009022414684,0.005646819248795509,0.009050995111465454,0.006104163825511932,4312,4160,0.26318359375,0.25390625
1-109934,grid,-0.006750583183020353,-0.0052039893344044685,0.004353903234004974,0.0003726780414581299,0.019313993863761425,0.01806146721355617,0.07018326222896576,0.07528795301914215,3081,1562,0.18804931640625,0.0953369140625
1-113315,grid,0.04852887615561485,0.050087123177945614,0.06376763433218002,0.06632818281650543,0.010064358590170741,0.011819196864962578,0.039484597742557526,0.03742905706167221,3752,1865,0.22900390625,0.11383056640625
1-113418,grid,0.020805041305720806,0.020416006445884705,0.02250967174768448,0.023296743631362915,-0.011769049800932407,-0.012691894313320518,0.011667318642139435,0.013357296586036682,6511,3821,0.39739990234375,0.23321533203125
1-113654,grid,-0.01440444402396679,-0.013759066350758076,-0.04707975685596466,-0.04910604655742645,0.009668033104389906,0.009276308119297028,0.02604391798377037,0.02448149025440216,2828,2577,0.172607421875,0.15728759765625
1-114082,grid,-0.008037890307605267,-0.00884884549304843,0.011375099420547485,0.010514505207538605,0.004452046472579241,0.004655952099710703,0.016412001103162766,0.01703544706106186,1696,1574,0.103515625,0.0960693359375
1-114121,grid,-0.01272476278245449,-0.01274132076650858,-0.002812519669532776,-0.007361806929111481,-0.012744773179292679,-0.01185372518375516,0.04932564124464989,0.05229048430919647,14129,3430,0.86236572265625,0.2093505859375
1-114145,grid,-0.00038214679807424545,-0.0004864218644797802,-0.026751630008220673,-0.026057332754135132,0.015497707296162844,0.015983975492417812,0.009685881435871124,0.010508306324481964,2535,2380,0.15472412109375,0.145263671875
1-114334,grid,0.012420481536537409,0.012403571978211403,0.05751597881317139,0.06053277105093002,0.0007327347993850708,0.000917261466383934,-0.03632766008377075,-0.024507857859134674,361,351,0.02203369140625,0.02142333984375
1-114500,grid,-0.006085826084017754,-0.005888202227652073,0.0037654414772987366,0.003482505679130554,-0.005176774226129055,-0.005493578966706991,-0.0008433163166046143,-0.002832278609275818,1292,1283,0.078857421875,0.07830810546875
1-114980,grid,-0.0017538294196128845,-0.0021115317940711975,-0.0077790021896362305,-0.012592002749443054,0.0029382524080574512,0.0023750397376716137,0.06609559059143066,0.06429608911275864,8850,6780,0.5401611328125,0.413818359375
1-115162,grid,0.03483393741771579,0.033226198982447386,0.02078830450773239,0.01696871593594551,-0.00023203925229609013,0.0014223800972104073,0.019784439355134964,0.016717806458473206,12306,12123,0.7510986328125,0.73992919921875
1-115277,grid,0.018580278381705284,0.0181347387842834,0.001229807734489441,0.004351958632469177,0.003408021293580532,0.00465563777834177,0.044993989169597626,0.0456409715116024,9987,7958,0.60955810546875,0.4857177734375
1-115650,grid,0.00458351569250226,0.009082481730729342,0.02963849902153015,0.013831641525030136,0.0013552415184676647,-0.002593293087556958,-0.01391521841287613,0.01114054024219513,473,154,0.02886962890625,0.0093994140625
1-116087,grid,-0.04806412849575281,-0.044439911376684904,-0.0762590616941452,-0.0668971836566925,0.025740761077031493,0.02800723910331726,0.07958575338125229,0.07822974771261215,9314,6979,0.5684814453125,0.42596435546875
1-116828,grid,-0.010999483987689018,-0.006730767898261547,-0.034125037491321564,-0.026883520185947418,0.008039508014917374,0.008921333122998476,0.07634593546390533,0.06924240291118622,9687,358,0.59124755859375,0.0218505859375
1-116989,grid,-0.008373260498046875,-0.008453433401882648,-0.01304270327091217,-0.015022039413452148,-0.0027863867580890656,-0.0028491453267633915,0.0007401369512081146,0.0027716942131519318,2563,2540,0.15643310546875,0.155029296875
1-117014,grid,0.003024664241820574,0.0049357484094798565,0.005837425589561462,0.010017696768045425,-0.009289144538342953,-0.00902861775830388,-0.041808322072029114,-0.03800218552350998,1402,1132,0.0855712890625,0.069091796875
1-117020,grid,-0.021359683945775032,-0.021090805996209383,-0.016384080052375793,-0.014938130974769592,0.0028999941423535347,0.0022568744607269764,-0.02103997766971588,-0.02150331437587738,2227,2033,0.13592529296875,0.12408447265625
1-117381,grid,-0.018257873598486185,-0.018429447431117296,-0.020973898470401764,-0.022954106330871582,0.002330206800252199,0.0018745418637990952,0.0055429041385650635,-6.645917892456055e-05,2755,2136,0.16815185546875,0.13037109375
1-117559,grid,-0.028340356424450874,-0.03142200782895088,-0.04261177033185959,-0.045978084206581116,-0.002021595137193799,-0.004796783672645688,0.06518841534852982,0.0675087720155716,5013,3399,0.30596923828125,0.20745849609375
1-117635,grid,-0.028888816479593515,-0.02878757519647479,-0.032828427851200104,-0.03260457515716553,-0.012264883145689964,-0.013319990364834666,0.02879299968481064,0.02027719095349312,5641,3205,0.34429931640625,0.19561767578125
1-117781,grid,0.00015444494783878326,0.0003820285201072693,0.013245314359664917,0.011283878237009048,-0.0007769749499857426,-0.003442702814936638,-0.019757263362407684,-0.018803857266902924,1607,1111,0.09808349609375,0.06781005859375
1-117998,grid,-0.0028693084605038166,-0.00079739885404706,0.008714012801647186,0.006646066904067993,-0.0022397092543542385,-0.001424402929842472,0.009132981300354004,0.008990131318569183,3058,2179,0.1866455078125,0.13299560546875
1-118083,grid,0.019118268974125385,0.019079688470810652,0.008068911731243134,0.008158408105373383,-0.00359161663800478,-0.004019781947135925,0.03592202067375183,0.034542541950941086,5566,5010,0.3397216796875,0.3057861328125
1-118178,grid,-0.0008007506839931011,-0.00020478246733546257,0.014595091342926025,0.013466771692037582,0.0007858867757022381,0.00012500956654548645,-0.005270097404718399,-0.009313337504863739,1935,1842,0.11810302734375,0.1124267578125
1-118204,grid,0.019744021352380514,0.02000141516327858,-0.002136245369911194,-0.0012567713856697083,0.0006202543154358864,-0.00038498127833008766,0.03832000494003296,0.03685452789068222,14886,11685,0.9085693359375,0.71319580078125
1-118294,grid,-0.014752848539501429,-0.012720898259431124,-0.02256925404071808,-0.01905246078968048,0.009635509923100471,0.007919045630842447,0.05108984187245369,0.049507834017276764,4196,3073,0.256103515625,0.18756103515625
1-118326,grid,0.006925894878804684,0.007893991656601429,-0.007405415177345276,-0.009505078196525574,0.009876384399831295,0.010450079571455717,0.05422452464699745,0.06250124424695969,10394,9405,0.6343994140625,0.57403564453125
1-118970,grid,-0.018872346729040146,-0.018710213713347912,-0.048777058720588684,-0.05116436630487442,0.016664938535541296,0.0220529199577868,0.07128489017486572,0.07521095871925354,13290,9417,0.8111572265625,0.57476806640625
1-119362,grid,-0.0022502606734633446,0.005560342222452164,0.03492094203829765,0.025864169001579285,0.005822794046252966,-0.000523311085999012,-0.005938693881034851,0.0042010582983493805,489,0,0.02984619140625,0.0
1-119871,grid,-0.007979408372193575,-0.008614039048552513,0.03136812895536423,0.03020709753036499,-0.004049769602715969,-0.003700227476656437,-0.03363926708698273,-0.031933680176734924,586,576,0.0357666015625,0.03515625
1-119929,grid,-0.01161367492750287,-0.011667346116155386,-0.0036351829767227173,-0.0049348995089530945,-0.007732845842838287,-0.008711969014257193,-0.004608098417520523,-0.006642431020736694,3335,2858,0.20355224609375,0.1744384765625
1-120269,grid,0.006766469683498144,0.006799785420298576,0.00027576833963394165,0.0005303993821144104,-0.003605412319302559,-0.0035598271060734987,-0.0013365969061851501,0.0007500126957893372,3975,3233,0.24261474609375,0.19732666015625
1-120750,grid,-0.007308957166969776,-0.007769143208861351,-0.03058738261461258,-0.03019879013299942,-0.010279052425175905,-0.010631419252604246,-0.027436472475528717,-0.02116198092699051,3152,2109,0.1923828125,0.12872314453125
1-120803,grid,-0.029543375596404076,-0.02942810719832778,-0.05788418650627136,-0.0605846643447876,-0.0012913243845105171,-0.0014820436481386423,0.02798641100525856,0.025046207010746002,4576,3796,0.279296875,0.231689453125
1-121235,grid,-0.03015136532485485,-0.016223224811255932,-0.04270465672016144,-0.028105266392230988,-0.016678388696163893,-0.013649563072249293,0.02436547726392746,0.01817077398300171,4311,252,0.26312255859375,0.015380859375
1-121236,grid,-0.06539221433922648,-0.06377843953669071,-0.04751688241958618,-0.04629429429769516,-0.034266548696905375,-0.038407750660553575,-0.03489042818546295,-0.03653553128242493,6704,4185,0.4091796875,0.25543212890625
1-121523,grid,-0.0011317525058984756,-0.004145285114645958,-0.03891706466674805,-0.041739821434020996,0.0011920435354113579,0.0001378706656396389,0.010560818016529083,0.014080852270126343,10564,6676,0.644775390625,0.407470703125
1-121576,grid,-0.007486042566597462,-0.007705262862145901,-0.03809957206249237,-0.03251119703054428,-0.028120359405875206,-0.026033544912934303,-0.01251218467950821,0.00025577470660209656,6210,4329,0.3790283203125,0.26422119140625
1-121717,grid,0.005321213509887457,0.005253458861261606,-0.03547950088977814,-0.03739988058805466,0.02323305932804942,0.022427584044635296,0.0004092380404472351,0.0011597871780395508,14542,14154,0.8875732421875,0.8638916015625
1-121837,grid,-0.012804387137293816,-0.01463288627564907,-0.0077865272760391235,-0.012818053364753723,0.007346814032644033,0.009174274513497949,0.010439731180667877,0.01744624599814415,1462,1115,0.0892333984375,0.06805419921875
1-121851,grid,-0.004689899273216724,-0.0028904788196086884,-0.04028736799955368,-0.038810670375823975,-0.02407357282936573,-0.02460310491733253,-0.04107633978128433,-0.04520910233259201,10623,4617,0.64837646484375,0.28179931640625
1-121871,grid,-0.004554019775241613,-0.004680238198488951,-0.01989150047302246,-0.016406968235969543,0.01735345833003521,0.017934855073690414,0.0705215185880661,0.06751424819231033,2434,2004,0.1485595703125,0.122314453125
1-122044,grid,-0.0005213390104472637,-0.0011114086955785751,0.0229111909866333,0.021698668599128723,0.004043483175337315,0.002625485882163048,0.009034011512994766,0.014772742986679077,1779,1117,0.10858154296875,0.06817626953125
1-122094,grid,0.015079496894031763,0.013062331825494766,0.014303728938102722,0.002877853810787201,-0.008793740067631006,-0.009109250269830227,-0.005694761872291565,-0.010782711207866669,3197,1518,0.19512939453125,0.0926513671875
1-122361,grid,0.005289407912641764,0.0065886881202459335,-0.017545223236083984,-0.01731245219707489,0.004019585903733969,-0.00011735130101442337,0.0005060955882072449,-0.004952926188707352,8503,2023,0.51898193359375,0.12347412109375
1-122388,grid,0.021456662565469742,0.020953055005520582,-0.010450959205627441,-0.0120602548122406,-0.005519133061170578,-0.005150137469172478,-0.053058259189128876,-0.05254749208688736,8584,8017,0.52392578125,0.48931884765625
1-122623,grid,-0.010118850506842136,-0.011018166318535805,-0.0006651878356933594,-0.0022411271929740906,-0.0330660161562264,-0.03242568951100111,-0.023634083569049835,-0.02761012315750122,15170,13325,0.9259033203125,0.81329345703125
1-123273,grid,-0.009004029911011457,-0.00863309670239687,0.027672208845615387,0.027305666357278824,-0.018943497445434332,-0.017509520053863525,0.008568651974201202,0.01257367804646492,1458,994,0.0889892578125,0.0606689453125
1-123312,grid,-0.017517045605927706,-0.017424899619072676,-0.04554855823516846,-0.04603995382785797,0.012588906101882458,0.012758970260620117,0.04956674203276634,0.050444744527339935,3393,3306,0.20709228515625,0.2017822265625
1-131087,grid,-0.04814909631386399,-0.04712401796132326,-0.06125974655151367,-0.0634092390537262,-0.01811641128733754,-0.01960451388731599,-0.02670905739068985,-0.029370881617069244,8399,4507,0.51263427734375,0.27508544921875
1-131338,grid,0.0016823168843984604,0.0016629351302981377,-0.033650681376457214,-0.03510206937789917,-0.01155878882855177,-0.011118300724774599,0.01948549970984459,0.020633962005376816,3339,2849,0.20379638671875,0.17388916015625
1-134157,grid,-0.006306963972747326,-0.004899250343441963,0.0040403008460998535,0.0013240724802017212,0.019099002704024315,0.02124179108068347,0.045613307505846024,0.054425112903118134,1762,1358,0.1075439453125,0.0828857421875
1-134259,grid,-0.01746002910658717,-0.017013926524668932,-0.009691528975963593,-0.007510840892791748,-0.007634008303284645,-0.006288305390626192,0.00715947151184082,0.006301991641521454,923,863,0.05633544921875,0.05267333984375
1-134368,grid,-0.009889147244393826,-0.009418362751603127,-0.040152549743652344,-0.03933745622634888,-0.020375350955873728,-0.02017509052529931,0.029819857329130173,0.03500616177916527,3843,3234,0.23455810546875,0.1973876953125
1-134793,grid,0.004427586682140827,0.004427586682140827,-0.019308745861053467,-0.019308745861053467,0.008637809194624424,0.008637809194624424,0.02560269460082054,0.02560269460082054,1951,1951,0.11907958984375,0.11907958984375
1-134848,grid,-0.026555799413472414,-0.02713839802891016,-0.054579854011535645,-0.056060440838336945,0.05146718304604292,0.051282402127981186,0.09030420333147049,0.08539993315935135,5610,5250,0.3424072265625,0.3204345703125
1-134954,grid,0.0036243279464542866,0.0020849150605499744,-0.015852734446525574,-0.013593293726444244,0.008994173258543015,0.007116850232705474,0.03151243180036545,0.027610329911112785,4299,3652,0.26239013671875,0.222900390625
1-135207,grid,-0.0068221138790249825,-0.00806340016424656,-0.001969650387763977,0.001273714005947113,0.013038006611168385,0.012794175650924444,0.02296498417854309,0.024780891835689545,639,533,0.03900146484375,0.03253173828125
1-135255,grid,-0.017416701652109623,-0.017263205256313086,0.0018958821892738342,-0.008293911814689636,-0.010534378234297037,-0.009638752322643995,-0.03472982347011566,-0.013017438352108002,14177,13084,0.86529541015625,0.798583984375
1-135371,grid,0.006928826216608286,0.005179692525416613,0.012394245713949203,0.016415074467658997,-0.015550455311313272,-0.0132527279201895,-0.024409838020801544,-0.021100349724292755,2854,2342,0.1741943359375,0.1429443359375
1-135440,grid,0.031339844688773155,0.031602241564542055,0.0375504232943058,0.03693118691444397,0.00045556575059890747,0.00022994168102741241,0.029923371970653534,0.029439173638820648,4741,4454,0.28936767578125,0.2718505859375
1-135500,grid,0.016411535907536745,0.016558436676859856,0.018364310264587402,0.020431656390428543,-0.005520701874047518,-0.00741956289857626,-0.04553436487913132,-0.04370955377817154,1079,1013,0.06585693359375,0.06182861328125
1-135626,grid,-0.012713796459138393,-0.011124632321298122,-0.004769273102283478,-0.007484659552574158,0.011817774269729853,0.0093516712076962,0.012307167053222656,0.013547476381063461,9097,4867,0.55523681640625,0.29705810546875
1-135641,grid,-0.01996495621278882,-0.019124782644212246,-0.02422177791595459,-0.02637644112110138,0.00646552350372076,0.007635557092726231,0.013277389109134674,0.018095463514328003,3735,2663,0.22796630859375,0.16253662109375
1-135668,grid,0.012201027944684029,0.012423314619809389,0.02167579159140587,0.017998788505792618,-0.02440107148140669,-0.025387588422745466,-0.04949233680963516,-0.05664604902267456,1294,644,0.0789794921875,0.039306640625
1-135794,grid,-0.0028604590333998203,-0.0020518279634416103,0.03335929661989212,0.03953272104263306,-0.02782768104225397,-0.02017021831125021,-0.031310491263866425,-0.014757990837097168,581,340,0.03546142578125,0.020751953125
1-135812,grid,-0.020841206423938274,-0.02206964185461402,-0.04134456813335419,-0.03762238472700119,0.029436993412673473,0.028631444554775953,0.04308236390352249,0.038231074810028076,8050,6496,0.4913330078125,0.396484375
1-135911,grid,0.000943601131439209,0.00014059292152523994,0.015912745147943497,0.0122285857796669,-0.035298919305205345,-0.037180856335908175,-0.03393419831991196,-0.03161407262086868,2717,1712,0.16583251953125,0.1044921875
1-135927,grid,-0.001413087360560894,-0.0014451788738369942,0.010081879794597626,0.010090731084346771,0.013911372516304255,0.01392728160135448,0.01979677751660347,0.019795715808868408,7821,7752,0.47735595703125,0.47314453125
1-135971,grid,-0.004598986357450485,-0.0044173612259328365,0.006871845573186874,0.007048584520816803,0.01944315107539296,0.017947915475815535,-0.0038298293948173523,-0.003764241933822632,923,858,0.05633544921875,0.0523681640625
1-136027,grid,-0.0016599483788013458,-0.0007144119590520859,0.014287024736404419,0.015723593533039093,0.0366636011749506,0.0394468093290925,0.031669389456510544,0.03536149114370346,2252,1696,0.137451171875,0.103515625
1-136047,grid,0.0009256452322006226,0.001716572791337967,-0.015461251139640808,-0.012373574078083038,0.012078635394573212,0.013621995458379388,-0.0007776506245136261,0.005207136273384094,2074,1792,0.1265869140625,0.109375
1-136120,grid,0.002992542926222086,0.0029939371161162853,-0.002528741955757141,-0.0025045424699783325,0.012630053563043475,0.012639815919101238,0.0492883175611496,0.04933157190680504,4196,4187,0.256103515625,0.25555419921875
1-136268,grid,-0.00022275326773524284,-0.0007510855793952942,-0.00228794664144516,-0.005431376397609711,0.009932307293638587,0.008679176215082407,0.029556991532444954,0.0390443317592144,2053,1501,0.12530517578125,0.09161376953125
1-1363,grid,-0.02597498521208763,-0.02418777672573924,-0.02779146283864975,-0.024494163691997528,0.004814638290554285,0.004662203835323453,0.0471377857029438,0.04880019277334213,3864,3448,0.23583984375,0.21044921875
1-136307,grid,0.011734888423234224,0.01090144319459796,0.029452510178089142,0.026672493666410446,-0.016680703964084387,-0.017257704865187407,0.00036090239882469177,-0.003226861357688904,3656,2930,0.22314453125,0.1788330078125
1-136450,grid,-0.002327137626707554,-0.002950434572994709,-0.019668936729431152,-0.023177072405815125,-0.0014251121319830418,-0.0008334137964993715,0.014228899031877518,0.01839769259095192,3049,2506,0.18609619140625,0.1529541015625
1-137797,grid,0.014598817564547062,0.014936842489987612,0.011479377746582031,0.01293148472905159,6.22475054115057e-05,0.0036091760266572237,0.047513291239738464,0.04821909964084625,9466,8601,0.5777587890625,0.52496337890625
1-138034,grid,0.01502144243568182,0.013984238263219595,0.010448768734931946,0.010228514671325684,0.015832722187042236,0.01693450240418315,0.013802185654640198,0.01149248331785202,998,779,0.0609130859375,0.04754638671875
1-138276,grid,-0.0038640471175312996,-0.005620148964226246,-0.02165764570236206,-0.03149139881134033,-0.0002462104894220829,0.0018707369454205036,-0.01075916737318039,-0.00508374348282814,1553,977,0.09478759765625,0.05963134765625
1-138298,grid,0.005749844945967197,0.006104452535510063,-0.014132171869277954,-0.014843575656414032,0.011165427509695292,0.011268494185060263,0.02932274341583252,0.028279557824134827,1178,1101,0.0718994140625,0.06719970703125
1-14130,grid,-0.013255567289888859,-0.011403024196624756,-0.0010350719094276428,-0.007141686975955963,-0.01265615108422935,-0.012270138133317232,-0.010749295353889465,-0.0057601407170295715,2165,1443,0.13214111328125,0.08807373046875
1-144889,grid,0.01615131413564086,0.014772448688745499,0.029445704072713852,0.031055860221385956,-0.0022225184366106987,-0.0022921431809663773,-0.04854241758584976,-0.04831681400537491,630,542,0.0384521484375,0.0330810546875
1-144990,grid,0.029876508750021458,0.03056041384115815,0.02425585687160492,0.023852478712797165,0.013726938515901566,0.0163407688960433,0.05700350180268288,0.058655865490436554,10484,7722,0.639892578125,0.4713134765625
1-146001,grid,0.006297118496149778,0.006475931964814663,0.004789140075445175,0.004768557846546173,0.02646004594862461,0.028050721157342196,0.04854744300246239,0.0438026562333107,4288,4120,0.26171875,0.25146484375
1-146104,grid,0.010132727678865194,0.010279517155140638,0.01900774985551834,0.016976259648799896,-0.0029395991005003452,-0.0027824919670820236,-0.04839470237493515,-0.0483623743057251,1068,926,0.065185546875,0.0565185546875
1-146171,grid,0.004658258520066738,0.004658258520066738,-0.02744211256504059,-0.02744211256504059,0.016080473084002733,0.016080473084002733,0.04063548892736435,0.04063548892736435,3283,3283,0.20037841796875,0.20037841796875
1-146283,grid,0.008656134828925133,0.006790158338844776,-0.03120417892932892,-0.03340653330087662,0.00036326702684164047,0.0005082362331449986,0.013431742787361145,0.010292734950780869,12930,11434,0.7891845703125,0.6978759765625
1-146344,grid,-0.0015386822633445263,4.687486216425896e-05,0.02515014261007309,0.01566239446401596,-0.01487398287281394,-0.003728108014911413,0.0044415779411792755,0.003908466547727585,2236,808,0.136474609375,0.04931640625
1-146380,grid,-0.017083862330764532,-0.016385724302381277,-0.012280330061912537,-0.014827482402324677,-0.007968125399202108,-0.0054819174110889435,-0.008539088070392609,-0.0029183775186538696,2864,1926,0.1748046875,0.1175537109375
1-146440,grid,0.01862033735960722,0.02044545393437147,0.050156667828559875,0.04705679789185524,0.004127437481656671,0.0025222585536539555,0.012631654739379883,0.011899836361408234,5059,2014,0.30877685546875,0.1229248046875
1-146465,grid,0.010952506214380264,0.011733777821063995,-0.01637953519821167,-0.01697610318660736,-0.010074409190565348,-0.008743322920054197,0.0087466761469841,0.0028580091893672943,14603,11707,0.89129638671875,0.71453857421875
1-147485,grid,-0.0033205864019691944,-0.0024879304692149162,0.008468396961688995,0.010042693465948105,0.009897536132484674,0.00993327354080975,-0.018360868096351624,-0.017558977007865906,2607,2351,0.15911865234375,0.14349365234375
1-147488,grid,0.0024004769511520863,0.0021935156546533108,0.0070977769792079926,0.006856150925159454,-0.00780784897506237,-0.007638704031705856,-0.027715295553207397,-0.026916280388832092,402,398,0.0245361328125,0.0242919921875
1-147521,grid,-0.017905396409332752,-0.018430403899401426,-0.010156862437725067,-0.011149853467941284,-0.0028050425462424755,-0.0017907186411321163,0.019413456320762634,0.019260551780462265,867,754,0.05291748046875,0.0460205078125
1-147685,grid,0.014900472946465015,0.014915273990482092,0.008108071982860565,0.007121749222278595,0.0029725953936576843,0.002955964533612132,0.01655268669128418,0.01636054366827011,2801,2179,0.17095947265625,0.13299560546875
1-147787,grid,-0.01440073549747467,-0.014338221400976181,-0.012957900762557983,-0.013706982135772705,-0.008741164579987526,-0.00840908708050847,0.03144611045718193,0.030736183747649193,1381,1277,0.08428955078125,0.07794189453125
1-147863,grid,-0.029851979110389948,-0.028507028706371784,-0.052195824682712555,-0.05166877806186676,0.008311420679092407,0.009693358093500137,0.020036730915308,0.022610630840063095,11196,10126,0.683349609375,0.6180419921875
1-148068,grid,0.015791986603289843,0.01678222231566906,0.04516756534576416,0.04115501791238785,-0.012615169631317258,-0.012752875685691833,0.0017429403960704803,0.009426817297935486,15024,14574,0.9169921875,0.8895263671875
1-148527,grid,0.0032316548749804497,0.007001586724072695,0.009730659425258636,0.0016171187162399292,-0.010847500991076231,-0.005461349617689848,0.004335314035415649,0.01595792919397354,2522,829,0.1539306640625,0.05059814453125
1-148581,grid,-0.002858612686395645,-0.0018018558621406555,0.0030489563941955566,0.0023153498768806458,-0.0011882446706295013,-0.0007862430065870285,-0.014135695993900299,-0.013075627386569977,2931,2741,0.17889404296875,0.16729736328125
1-148615,grid,0.07469588797539473,0.07368917670100927,0.0797211229801178,0.07970882952213287,-0.036799777299165726,-0.037804629653692245,-0.016746580600738525,-0.01958335191011429,8291,6031,0.50604248046875,0.36810302734375
1-148691,grid,0.018043162301182747,0.01716273743659258,0.03627381473779678,0.03632410615682602,-0.022690670331940055,-0.022779997903853655,-0.02376481145620346,-0.0229593887925148,4845,4519,0.29571533203125,0.27581787109375
1-149054,grid,0.0047523872926831245,0.004802416078746319,-0.008822932839393616,-0.006765410304069519,0.004130785819143057,0.0048963939771056175,-0.00774826854467392,-0.006983421742916107,2166,2111,0.1322021484375,0.12884521484375
1-149193,grid,-0.0031418045982718468,-0.001670274417847395,0.016613177955150604,0.005849786102771759,0.008199630305171013,0.0034810942597687244,0.008406631648540497,0.02383599430322647,502,118,0.0306396484375,0.0072021484375
1-149235,grid,0.002989844884723425,0.003038516268134117,-0.005225226283073425,-0.0026043057441711426,0.0024368350859731436,0.002052663592621684,0.03282810002565384,0.03758889064192772,3856,2960,0.2353515625,0.1806640625
1-149384,grid,-0.015418385155498981,-0.012314926367253065,-0.01927962154150009,-0.01350449025630951,-0.010561016853898764,-0.007956647779792547,0.006203051656484604,0.007474910467863083,1348,725,0.082275390625,0.04425048828125
1-149454,grid,0.05833639483898878,0.060179647989571095,0.055030494928359985,0.05263616144657135,0.014820246025919914,0.015886512119323015,0.05286131799221039,0.05380844697356224,10886,4883,0.6644287109375,0.29803466796875
1-149471,grid,-0.009108401369303465,-0.009112500585615635,-0.0076927244663238525,-0.007719606161117554,-0.012543692719191313,-0.013171709841117263,0.02409219741821289,0.025194590911269188,4245,3616,0.25909423828125,0.220703125
1-149536,grid,-0.002845842856913805,-0.00334349786862731,-0.03365061432123184,-0.03376498818397522,0.010877614375203848,0.01078889425843954,-0.00471748411655426,-0.006796389818191528,2581,2357,0.15753173828125,0.14385986328125
1-149556,grid,-0.01192284096032381,-0.011329626198858023,-0.017284102737903595,-0.020413480699062347,-0.017828323878347874,-0.01778136659413576,-0.005753405392169952,-0.0023055821657180786,4061,3703,0.24786376953125,0.22601318359375
1-149631,grid,0.0348744704388082,0.036738196387887,0.03198818117380142,0.03268367052078247,-0.0013361657038331032,-0.0010751951485872269,0.02019573375582695,0.018839243799448013,10077,8693,0.61505126953125,0.53057861328125
1-149650,grid,0.02768491255119443,0.027796341571956873,0.04316752403974533,0.0460469014942646,-0.005332195898517966,-0.0028425396885722876,0.028020232915878296,0.032798998057842255,4718,3143,0.2879638671875,0.19183349609375
1-149686,grid,-0.006954980082809925,-0.006107796914875507,-0.031968384981155396,-0.033853307366371155,0.007784220390021801,0.009256513323634863,0.03085319697856903,0.031520262360572815,9925,7723,0.60577392578125,0.47137451171875
1-149720,grid,-0.004808506928384304,-0.0038863597437739372,0.009814828634262085,0.01370740681886673,0.015918660210445523,0.014028115198016167,0.031883955001831055,0.04712584242224693,4034,1163,0.2462158203125,0.07098388671875
1-150245,grid,0.013862003572285175,0.014139896724373102,-0.00540461391210556,-0.006741136312484741,0.005344924982637167,0.004892117343842983,0.04379440099000931,0.04953641816973686,10831,10414,0.66107177734375,0.6356201171875
1-150906,grid,0.019946604501456022,0.01883507799357176,0.012650281190872192,0.011640533804893494,-0.006140692625194788,-0.007208069320768118,-0.010938458144664764,-0.012299276888370514,3048,2468,0.18603515625,0.150634765625
1-150962,grid,0.01464796718209982,0.01302303560078144,-0.011566460132598877,-0.010645724833011627,0.005795608274638653,0.0051625980995595455,0.005789540708065033,0.0015611089766025543,3617,2995,0.22076416015625,0.18280029296875
1-150991,grid,0.009134689345955849,0.008974471129477024,-0.027373984456062317,-0.027046725153923035,0.0058607670944184065,0.0059634477365761995,0.03848922625184059,0.03923153132200241,14861,14074,0.90704345703125,0.8590087890625
1-151055,grid,-0.018845616839826107,-0.01799249928444624,-0.04934386909008026,-0.049738578498363495,0.01232862425968051,0.010212904773652554,0.049193769693374634,0.04047241806983948,13334,10387,0.8138427734375,0.63397216796875
1-151307,grid,-0.026258292607963085,-0.025045777671039104,-0.03289613872766495,-0.03400157392024994,0.009143682196736336,0.008555152453482151,0.06388410925865173,0.059107061475515366,1032,644,0.06298828125,0.039306640625
1-151624,grid,0.022391166538000107,0.02363734133541584,0.021119438111782074,0.014341495931148529,-0.01006082957610488,-0.009073980618268251,-0.009456142783164978,-0.013906367123126984,7778,3969,0.4747314453125,0.24224853515625
1-151637,grid,0.03478449722751975,0.03626383934170008,0.05439341813325882,0.05139157176017761,-0.015031291171908379,-0.014318710193037987,0.023962676525115967,0.03172438591718674,5000,4147,0.30517578125,0.25311279296875
1-151896,grid,-0.03946402482688427,-0.03946402668952942,-0.06819592416286469,-0.0681958943605423,0.003490518080070615,0.0034905129577964544,0.05029378831386566,0.05029377341270447,15705,15479,0.95855712890625,0.94476318359375
1-152017,grid,0.016575384885072708,0.017912188544869423,-0.002178564667701721,0.0018424466252326965,-0.00016609742306172848,-0.002891631331294775,0.008805885910987854,0.008900318294763565,6688,3710,0.408203125,0.2264404296875
1-152053,grid,0.05979833798483014,0.06120248232036829,0.07200892269611359,0.0733969509601593,-0.015065609477460384,-0.01553844753652811,0.01992148905992508,0.018963638693094254,5885,4603,0.35919189453125,0.28094482421875
1-152056,grid,0.008963984902948141,0.006437275558710098,0.034803472459316254,0.03356904536485672,0.010254479013383389,0.00883415900170803,0.045901648700237274,0.047929733991622925,3701,1836,0.22589111328125,0.112060546875
1-152118,grid,0.020364839117974043,0.020621818490326405,0.02909565344452858,0.02873297780752182,0.01468657050281763,0.014463766478002071,0.052058689296245575,0.051930077373981476,9909,9398,0.60479736328125,0.5736083984375
1-152596,grid,0.011745892465114594,0.012454294599592686,-0.020268045365810394,-0.02178391069173813,0.0053530484437942505,0.00403548963367939,0.03443114459514618,0.032652124762535095,13497,11866,0.82379150390625,0.7242431640625
1-152666,grid,0.0016002724878489971,0.0022598886862397194,0.01488761231303215,0.01723974198102951,-0.00573704345151782,-0.006007297430187464,0.015218887478113174,0.015981677919626236,1835,1578,0.11199951171875,0.0963134765625
1-152777,grid,0.01987163769081235,0.01766413077712059,0.00962943583726883,-0.0006796345114707947,0.014497972093522549,0.015607379842549562,0.020833048969507217,0.013308383524417877,8401,3104,0.51275634765625,0.189453125
1-153028,grid,-0.02505126455798745,-0.020844161044806242,-0.011312268674373627,-0.006395556032657623,-0.0021595126017928123,-0.003205547109246254,0.006047099828720093,0.004959002137184143,2328,1126,0.14208984375,0.0687255859375
1-153082,grid,-0.016444876790046692,-0.014143340289592743,-0.04730980843305588,-0.03763002157211304,-0.0033226972445845604,-0.00014864839613437653,-0.005670703947544098,-0.0031064078211784363,10723,7465,0.65447998046875,0.45562744140625
1-153142,grid,-0.004376147408038378,-0.004269886761903763,0.0166543647646904,0.014751352369785309,-0.023050626274198294,-0.021708077751100063,0.014779910445213318,0.016290538012981415,4136,3292,0.25244140625,0.200927734375
1-153153,grid,-0.009277560748159885,-0.008915792685002089,0.001902356743812561,0.004864770919084549,0.02213542815297842,0.021430015563964844,0.017155461013317108,0.020450402051210403,724,669,0.044189453125,0.04083251953125
1-153293,grid,0.01616354938596487,0.01616354938596487,0.004262998700141907,0.004262998700141907,0.007619361625984311,0.007619361625984311,0.01920194923877716,0.01920194923877716,3562,3562,0.2174072265625,0.2174072265625
1-153332,grid,-0.0204947916790843,-0.0199795956723392,-0.01167801022529602,-0.012188643217086792,-0.012728363741189241,-0.013564419467002153,0.010914623737335205,0.011174019426107407,6192,4925,0.3779296875,0.30059814453125
1-153556,grid,-0.006474943831562996,-0.006137561518698931,-0.000261843204498291,0.0030879974365234375,-0.013369911815971136,-0.013153801672160625,-0.010421223938465118,-0.009159974753856659,15846,3335,0.9671630859375,0.20355224609375
1-153608,grid,0.004435990937054157,0.007738060317933559,0.019581690430641174,0.015574507415294647,0.0011179042048752308,-0.00019393907859921455,0.023952186107635498,0.01640165224671364,5336,607,0.32568359375,0.03704833984375
1-153613,grid,0.005125865340232849,0.007087883539497852,0.01395716518163681,0.018157988786697388,-0.010604158509522676,-0.014163634739816189,0.02530702017247677,0.030669890344142914,2678,858,0.1634521484375,0.0523681640625
1-153627,grid,-0.0024292380549013615,-0.002222317736595869,0.006637103855609894,0.007145058363676071,-0.0234252386726439,-0.023920214734971523,-0.025393784046173096,-0.026032917201519012,5063,5009,0.30902099609375,0.30572509765625
1-155926,grid,-0.003939247224479914,-0.0015994696877896786,0.005462460219860077,0.005379006266593933,-0.011398180155083537,-0.010595414554700255,0.0014698058366775513,0.001601625233888626,3637,3337,0.22198486328125,0.20367431640625
1-156137,grid,-0.05615616124123335,-0.05638647126033902,-0.06343935430049896,-0.05902957171201706,0.03191756224259734,0.030803459230810404,0.0510496087372303,0.048823293298482895,8945,7675,0.54595947265625,0.46844482421875
1-159093,grid,-0.0007615350186824799,-0.0003909110091626644,0.014704927802085876,0.014925826340913773,-0.002100979443639517,-0.002946646884083748,0.01505432277917862,0.014900505542755127,4438,4097,0.2708740234375,0.25006103515625
1-163668,grid,-0.003096026834100485,0.0023466139100492,0.015949394553899765,0.011949755251407623,-0.02803012728691101,-0.025526842568069696,-0.04170907288789749,-0.03320799022912979,3970,2261,0.2423095703125,0.13800048828125
1-163709,grid,0.00016202637925744057,0.0043513039126992226,0.0028607919812202454,0.006811514496803284,-0.021349366754293442,-0.02609063172712922,0.00962895154953003,0.009945020079612732,2473,972,0.15093994140625,0.059326171875
1-163959,grid,-0.002620985731482506,-0.0031865211203694344,-0.037404581904411316,-0.038807667791843414,0.011331711895763874,0.010883703827857971,-0.003626607358455658,-0.0030345916748046875,11819,11104,0.72137451171875,0.677734375
1-164052,grid,-0.0015469780191779137,-0.0012960820458829403,-0.01081666350364685,-0.014607556164264679,0.007031818386167288,0.00667164009064436,0.011480316519737244,0.019214186817407608,2622,1616,0.1600341796875,0.0986328125
1-164053,grid,-0.016585021279752254,-0.01626338390633464,-0.019590072333812714,-0.017827019095420837,-0.004804966039955616,-0.0051134813111275434,0.0025056451559066772,0.0005706548690795898,8103,7892,0.49456787109375,0.481689453125
1-164063,grid,-0.007624662481248379,-0.010112878866493702,-0.001146368682384491,-0.0005395710468292236,-0.0059671844355762005,-0.005292731802910566,-0.015717841684818268,-0.02005186676979065,1773,1479,0.10821533203125,0.09027099609375
1-164336,grid,-0.008041755761951208,-0.007278015837073326,0.0037453435361385345,-0.004489675164222717,0.010016079060733318,0.008850069250911474,0.04816467687487602,0.04255030304193497,2309,1019,0.14093017578125,0.06219482421875
1-167080,grid,0.015306591521948576,0.016316394321620464,0.028783101588487625,0.029857341200113297,-0.005946283228695393,-0.0062689948827028275,0.048400845378637314,0.047138288617134094,4260,3716,0.260009765625,0.226806640625
1-167564,grid,-0.006729793269187212,-0.006571408361196518,-0.01939907670021057,-0.021184474229812622,0.020793872652575374,0.019918353762477636,0.030353760346770287,0.026383619755506516,2809,2723,0.17144775390625,0.16619873046875
1-167627,grid,-0.026152723468840122,-0.027692454401403666,-0.03182760626077652,-0.033719345927238464,-0.020450042560696602,-0.021412483882158995,-0.013436757028102875,-0.012236043810844421,2196,1374,0.134033203125,0.0838623046875
1-172948,grid,0.0038929590955376625,0.0039062253199517727,0.01023712009191513,0.010326839983463287,0.0198336411267519,0.02000217931345105,0.03305361792445183,0.033211320638656616,3712,3407,0.2265625,0.20794677734375
1-172987,grid,0.0021196138113737106,0.002158684190362692,0.00342680886387825,0.0030286312103271484,-0.0017674032133072615,-0.002515302039682865,0.029248125851154327,0.023494534194469452,2870,2591,0.1751708984375,0.15814208984375
1-173030,grid,-0.004180165007710457,-0.00416561309248209,-0.005784280598163605,-0.005787178874015808,-0.0013561495579779148,-0.0013333787210285664,-0.013429738581180573,-0.013109587132930756,756,748,0.046142578125,0.045654296875
1-173605,grid,0.007897167932242155,0.008632445242255926,0.010808669030666351,-0.009459234774112701,-0.009527831804007292,-0.009084003046154976,-0.030073218047618866,-0.03944897651672363,3559,2343,0.21722412109375,0.14300537109375
1-173676,grid,0.0011703381314873695,0.00034885574132204056,0.006736747920513153,0.0014008954167366028,-0.00571331987157464,-0.004873267374932766,-0.010717727243900299,-0.006726115942001343,1111,893,0.06781005859375,0.05450439453125
1-173966,grid,0.0017016814090311527,0.0020754081197082996,-0.003998659551143646,-0.003416597843170166,-0.014377193292602897,-0.013905114959925413,-0.0007653497159481049,0.00014381110668182373,1311,1191,0.08001708984375,0.07269287109375
1-174895,grid,-0.046537457033991814,-0.047904882580041885,-0.019773811101913452,-0.019090622663497925,-0.01434825616888702,-0.013478466309607029,0.028316834941506386,0.03129759430885315,4706,2370,0.2872314453125,0.1446533203125
1-174979,grid,-0.011848471593111753,-0.013410668820142746,-0.019919581711292267,-0.015358299016952515,-0.004721314180642366,-0.003654270898550749,0.021751292049884796,0.022141657769680023,4068,2280,0.248291015625,0.13916015625
1-175200,grid,0.05355604225769639,0.053409161511808634,0.0373634472489357,0.03720308095216751,0.0006731136236339808,0.0008445063140243292,0.058918554335832596,0.059109725058078766,11158,10700,0.6810302734375,0.653076171875
1-175599,grid,-0.01831486215814948,-0.020911136642098427,-0.044700220227241516,-0.043688446283340454,0.001930316910147667,0.00499624153599143,0.057351253926754,0.03703688830137253,8177,852,0.49908447265625,0.052001953125
1-175928,grid,0.0029936861246824265,0.001974374521523714,-0.0024801716208457947,-0.0026739686727523804,0.03296235576272011,0.03302284888923168,0.033416248857975006,0.030566450208425522,2612,2351,0.159423828125,0.14349365234375
1-176074,grid,-0.005809923633933067,-0.006272841710597277,-0.029073134064674377,-0.027926146984100342,0.003628357546404004,0.005525628570467234,0.01401485875248909,0.013163790106773376,3902,3824,0.2381591796875,0.2333984375
1-176205,grid,-0.01488138921558857,-0.014346158597618341,0.005338560789823532,0.006874453276395798,-0.002974238246679306,-0.00027303723618388176,-0.004766710102558136,0.0007436200976371765,575,346,0.03509521484375,0.0211181640625
1-176264,grid,0.015806194860488176,0.015961059369146824,0.024311799556016922,0.021845772862434387,-0.012801227625459433,-0.012307069264352322,-0.03311382979154587,-0.03161855787038803,1288,1143,0.07861328125,0.06976318359375
1-176402,grid,-0.03490285202860832,-0.033954139333218336,-0.02602595090866089,-0.022198840975761414,0.01813477650284767,0.020642641931772232,0.05880376696586609,0.056887801736593246,5396,3687,0.329345703125,0.22503662109375
1-176546,grid,-0.02788790687918663,-0.02907319739460945,-0.02871795743703842,-0.027621380984783173,0.02143029379658401,0.020373522071167827,0.05726635083556175,0.05225048214197159,7782,5268,0.4749755859375,0.321533203125
1-177034,grid,0.007221492938697338,0.009228687733411789,-0.023694947361946106,-0.026132486760616302,0.01008035708218813,0.01132165640592575,0.02718363329768181,0.029654357582330704,11483,9981,0.70086669921875,0.60919189453125
1-177061,grid,0.0019062710925936699,0.0018405248410999775,-0.009401984512805939,-0.008900262415409088,-0.017952597234398127,-0.018561214674264193,-0.01191982626914978,-0.013548411428928375,8946,8022,0.5460205078125,0.4896240234375
1-177250,grid,0.01265362510457635,0.001870634499937296,0.0182507187128067,0.018375836312770844,0.0036073243245482445,0.009676296729594469,-0.010985888540744781,0.009588640183210373,1332,308,0.081298828125,0.018798828125
1-177284,grid,-0.00536092696711421,-0.00536092696711421,-0.004075728356838226,-0.004075728356838226,0.01732223411090672,0.01732223411090672,0.023363232612609863,0.023363232612609863,1851,1851,0.11297607421875,0.11297607421875
1-177434,grid,0.009441507048904896,0.009080483112484217,0.04970213770866394,0.049386441707611084,-0.050730458460748196,-0.05152124725282192,-0.05672719329595566,-0.059958018362522125,3474,3023,0.2120361328125,0.18450927734375
1-177495,grid,-0.012560893781483173,-0.005683878902345896,0.012542515993118286,0.019655361771583557,0.0020415508188307285,-0.000626751221716404,0.020053379237651825,0.011277470737695694,1188,155,0.072509765625,0.00946044921875
1-177659,grid,0.0029702121391892433,0.003473227843642235,0.016480639576911926,0.018214266747236252,0.0035181106068193913,0.005683235824108124,-0.009825214743614197,-0.0022929683327674866,1376,926,0.083984375,0.0565185546875
1-177959,grid,-0.011823796667158604,-0.013051963411271572,-0.011629238724708557,-0.014680974185466766,0.010283795883879066,0.011831067502498627,0.025181414559483528,0.030227649956941605,4143,2743,0.25286865234375,0.16741943359375
1-177985,grid,-0.007539142854511738,-0.007112118415534496,-0.010917872190475464,-0.011337772011756897,0.0031050629913806915,0.0025328565388917923,0.038098983466625214,0.03756852447986603,5622,3649,0.3431396484375,0.22271728515625
1-178027,grid,0.01114769047126174,0.006903135683387518,0.022618155926465988,0.04159076511859894,-0.003736198879778385,-0.004501909017562866,-0.0057297684252262115,0.0038430914282798767,2690,166,0.1641845703125,0.0101318359375
1-178052,grid,-0.006769973319023848,-0.007444975432008505,0.0034811049699783325,0.003645770251750946,-0.0015308130532503128,-0.0014324067160487175,0.017395589500665665,0.017390981316566467,5008,2524,0.3056640625,0.154052734375
1-178095,grid,0.013547223061323166,0.01322847232222557,0.0107649527490139,0.011017240583896637,-0.010283155366778374,-0.010298999957740307,-0.006815791130065918,-0.007318221032619476,2220,2210,0.135498046875,0.1348876953125
1-178315,grid,-0.00557665852829814,-0.006161793135106564,0.01719028875231743,0.009428251534700394,0.010218414478003979,0.0077291380148380995,0.02963068336248398,0.029886621981859207,1494,822,0.0911865234375,0.0501708984375
1-178403,grid,0.019581654109060764,0.018960624001920223,0.03771718591451645,0.03505094349384308,-0.01981279207393527,-0.018201089929789305,0.0018485821783542633,-0.0025553107261657715,7775,5004,0.47454833984375,0.305419921875
1-178586,grid,0.022062028758227825,0.02217511646449566,0.04650310426950455,0.045559655874967575,-0.016433498822152615,-0.017227850388735533,0.0028828680515289307,0.0016653388738632202,10606,8604,0.6473388671875,0.525146484375
1-178601,grid,0.009597739204764366,0.012454330921173096,-0.009179100394248962,-0.013063579797744751,0.006942338310182095,0.007060108706355095,0.06213813275098801,0.0709688737988472,12381,10877,0.75567626953125,0.66387939453125
1-178735,grid,0.009559543803334236,0.009335148613899946,0.013646431267261505,0.014139901846647263,0.0015827359165996313,0.00015080999583005905,0.05172933265566826,0.053288888186216354,5310,4563,0.3240966796875,0.27850341796875
1-178745,grid,6.458442658185959e-05,-0.001135434489697218,-0.0030743852257728577,-0.0034528300166130066,-0.008374857949092984,-0.011901915539056063,0.0505935400724411,0.042160697281360626,6175,4477,0.37689208984375,0.27325439453125
1-178844,grid,-0.012624441646039486,-0.008985533844679594,-0.016093559563159943,-0.018117755651474,-0.02220493694767356,-0.017778341192752123,-0.030492864549160004,-0.025204330682754517,722,536,0.0440673828125,0.03271484375
1-178906,grid,-0.008208898361772299,-0.004292440600693226,-0.0054257214069366455,0.006377086043357849,-0.0037406361661851406,0.005819418001919985,0.038561977446079254,0.04324190691113472,2312,108,0.14111328125,0.006591796875
1-179069,grid,0.005518079269677401,0.005496625788509846,-0.018250614404678345,-0.018216021358966827,0.0038874573074281216,0.003954809159040451,0.025737576186656952,0.025724343955516815,3059,3048,0.18670654296875,0.18603515625
1-179096,grid,0.0025497744791209698,0.0025497744791209698,0.01859152317047119,0.01859152317047119,0.01402151258662343,0.01402151258662343,0.009817611426115036,0.009817611426115036,365,365,0.02227783203125,0.02227783203125
1-179139,grid,-0.035123273730278015,-0.035009408835321665,-0.05668344348669052,-0.05802396684885025,-0.0006880126893520355,-0.002387820277363062,0.04610302299261093,0.049685727804899216,13702,8624,0.8363037109375,0.5263671875
1-179173,grid,0.005629022140055895,-0.0012904494069516659,0.02413010597229004,0.018318288028240204,0.02583074802532792,0.015904929488897324,0.045679204165935516,0.05127403885126114,2483,315,0.15155029296875,0.01922607421875
1-179208,grid,-0.00494459317997098,-0.006125076673924923,0.006917942315340042,0.00469522550702095,-0.014926788862794638,-0.014095510356128216,-0.028946004807949066,-0.028831258416175842,1886,1682,0.1151123046875,0.1026611328125
1-179246,grid,-0.024088233709335327,-0.02390438923612237,-0.03444051742553711,-0.03485424816608429,-0.0004818360321223736,-0.0004145260900259018,0.0023508965969085693,0.009223472326993942,5527,2575,0.33734130859375,0.15716552734375
1-179321,grid,-0.03886762959882617,-0.040000413078814745,-0.0535881370306015,-0.06057228147983551,0.012230701046064496,0.014671595301479101,0.0416591502726078,0.05173260346055031,7135,5788,0.43548583984375,0.353271484375
1-179503,grid,0.018223515711724758,0.01773299789056182,0.002669714391231537,0.0020809248089790344,0.005766992922872305,0.006084096152335405,0.03014892339706421,0.030154168605804443,6657,6033,0.40631103515625,0.36822509765625
1-179535,grid,-0.010173945687711239,-0.007152841426432133,-0.0072973668575286865,-0.006311595439910889,0.00014539342373609543,0.0014002984389662743,0.03346198424696922,0.022478502243757248,4345,546,0.26519775390625,0.0333251953125
1-179556,grid,0.0012772781774401665,0.0016419598832726479,0.009652439504861832,0.010708380490541458,0.012600877322256565,0.011949458625167608,0.037475816905498505,0.03767848014831543,2099,1821,0.12811279296875,0.11114501953125
1-180039,grid,0.004241472110152245,0.0036579230800271034,-0.004830077290534973,-0.007089003920555115,-0.019711065106093884,-0.018862973898649216,-0.006383851170539856,-0.006087273359298706,3232,2956,0.197265625,0.180419921875
1-180172,grid,0.030687013175338507,0.02503710240125656,0.0449548177421093,0.03410319238901138,-0.03261808422394097,-0.030074563343077898,-0.0019482672214508057,-0.005864139646291733,6914,3303,0.4219970703125,0.20159912109375
1-180208,grid,-0.0012891576625406742,0.0001783282496035099,0.012846413999795914,0.022437289357185364,0.012688992079347372,0.008527113124728203,0.010644722729921341,0.005005501210689545,568,427,0.03466796875,0.02606201171875
1-180334,grid,-0.018454255536198616,-0.01848442107439041,-0.036301203072071075,-0.03646446019411087,-0.0037632405292242765,-0.0031057645101100206,0.019863270223140717,0.02716240845620632,4983,4338,0.30413818359375,0.2647705078125
1-180618,grid,0.004186561331152916,0.004115503281354904,-0.022805646061897278,-0.02296169102191925,0.00439117755740881,0.004755084868520498,0.04090899974107742,0.03927748650312424,14162,13730,0.8643798828125,0.8380126953125
1-180621,grid,0.02011684561148286,0.017007217276841402,0.02948835864663124,0.026579786092042923,-0.010580797214061022,-0.008331132819876075,0.029738159850239754,0.025642206892371178,11630,3268,0.7098388671875,0.199462890625
1-180629,grid,0.029792929999530315,0.029790128581225872,0.013461902737617493,0.013430975377559662,0.017562187742441893,0.017561578657478094,0.017836201936006546,0.017842285335063934,16184,15591,0.98779296875,0.95159912109375
1-181037,grid,0.04389279102906585,0.04389279102906585,0.035534292459487915,0.035534292459487915,0.006000595632940531,0.006000595632940531,0.03903999179601669,0.03903999179601669,3015,3015,0.18402099609375,0.18402099609375
1-181880,grid,0.0007804124616086483,0.0007804124616086483,0.04221833869814873,0.04221833869814873,-0.0004016743041574955,-0.0004016743041574955,-0.002254381775856018,-0.002254381775856018,384,384,0.0234375,0.0234375
1-182523,grid,-0.008578263223171234,-0.008700329344719648,-0.009511001408100128,-0.010425634682178497,-0.012038602959364653,-0.011963965371251106,0.01876727119088173,0.020412534475326538,4326,3678,0.2640380859375,0.2244873046875
1-182525,grid,0.003785931970924139,0.002180485986173153,0.04604162648320198,0.0118398517370224,0.002789784222841263,-0.0014393264427781105,-0.021448977291584015,0.007071595638990402,361,34,0.02203369140625,0.0020751953125
1-182705,grid,-0.010315085761249065,-0.0096553317271173,-0.008702114224433899,-0.008756272494792938,-0.0159335492644459,-0.016816347371786833,-0.0028532370924949646,-0.0040967389941215515,3660,3493,0.223388671875,0.21319580078125
1-182818,grid,-0.015593276359140873,-0.015148691833019257,-0.02848905324935913,-0.032298944890499115,0.0039801886305212975,0.004702670034021139,0.01887545734643936,0.02166728302836418,2330,1918,0.1422119140625,0.1170654296875
1-183193,grid,0.009980442933738232,0.008885853923857212,0.000649765133857727,0.0036939382553100586,-0.029445450752973557,-0.029115114826709032,0.011028185486793518,0.024579286575317383,7387,2633,0.45086669921875,0.16070556640625
1-1832,grid,-0.020581518299877644,-0.019893416669219732,-0.029819980263710022,-0.026610180735588074,-0.00412692641839385,-0.004955966491252184,0.015068911015987396,0.01487930491566658,4540,3368,0.277099609375,0.20556640625
1-186604,grid,-0.004085782449692488,-0.006175752729177475,-0.004194639623165131,-0.010477401316165924,0.014031434431672096,0.013081551063805819,-0.001783914864063263,-0.006572067737579346,2666,2105,0.1627197265625,0.12847900390625
1-188309,grid,0.013854118064045906,0.012953360565006733,0.02751542255282402,0.02730320766568184,-0.006736690178513527,-0.006884459871798754,-0.013630636036396027,-0.013502836227416992,2265,1627,0.13824462890625,0.09930419921875
1-188330,grid,-0.0034421589225530624,-0.0039154766127467155,0.007083024829626083,0.005147654563188553,0.016383799258619547,0.01806429587304592,-0.01124950498342514,-0.003486271947622299,992,818,0.060546875,0.0499267578125
1-188803,grid,-0.07219034852460027,-0.06471356749534607,-0.07386724650859833,-0.06618542969226837,0.0024966879282146692,0.003156246617436409,0.0492248460650444,0.06197545304894447,4805,2425,0.29327392578125,0.14801025390625
1-191503,grid,0.03697867691516876,0.036331468261778355,0.03997466713190079,0.03482846915721893,0.0034399910364300013,0.004317638697102666,-0.00921427458524704,-0.02123419940471649,7565,6558,0.46173095703125,0.4002685546875
1-195235,grid,0.0013840002939105034,-6.683217361569405e-05,0.024007052183151245,0.011457696557044983,-0.0028023929335176945,-0.0053851427510380745,-0.00825163722038269,-0.012706436216831207,357,283,0.02178955078125,0.01727294921875
1-195241,grid,-0.004177521914243698,-0.0044366661459207535,-0.004246875643730164,-0.006724640727043152,0.01056372094899416,0.01106033381074667,0.02172960340976715,0.023390300571918488,1694,1643,0.1033935546875,0.10028076171875
1-195282,grid,-0.00661229295656085,-0.005455875303596258,0.019466713070869446,0.016148831695318222,0.006176732946187258,0.007368108257651329,0.024379342794418335,0.026109211146831512,552,367,0.03369140625,0.02239990234375
1-195293,grid,0.004758847411721945,0.004648028407245874,0.010270386934280396,0.010874390602111816,-0.03400277905166149,-0.03366097016260028,-0.012431591749191284,-0.0124264657497406,5284,5191,0.322509765625,0.31683349609375
1-195704,grid,-0.008406322449445724,-0.006228726357221603,-0.012551926076412201,-0.012131594121456146,0.003930113278329372,0.001867974642664194,0.0034207962453365326,-0.00013458356261253357,3076,1905,0.187744140625,0.11627197265625
1-195753,grid,0.00691261887550354,0.005298526957631111,0.0011781007051467896,0.00037595629692077637,0.0030888509936630726,0.00272842263802886,-0.013324424624443054,-0.007359705865383148,2272,1801,0.138671875,0.10992431640625
1-196331,grid,-0.05627369275316596,-0.05675542866811156,-0.05663936585187912,-0.0521465539932251,-0.033793458715081215,-0.035714724101126194,0.0013009421527385712,0.0006069988012313843,8852,7828,0.540283203125,0.477783203125
1-196597,grid,-0.074408745393157,-0.07142928335815668,-0.07495284080505371,-0.06367841362953186,-0.020643650786951184,-0.023568393662571907,-0.0025275424122810364,-0.003528505563735962,6500,4571,0.396728515625,0.27899169921875
1-196806,grid,0.009431064128875732,0.010418426245450974,-0.04513666033744812,-0.05302274227142334,-0.00818348559550941,-0.006949742324650288,-0.02185739576816559,-0.011278979480266571,9055,717,0.55267333984375,0.04376220703125
1-197191,grid,0.016120681539177895,0.014751478098332882,0.021231815218925476,0.01780570298433304,0.008179633412510157,0.008728212676942348,0.016359761357307434,0.019269835203886032,10464,8916,0.638671875,0.544189453125
1-197264,grid,-0.05487882485613227,-0.05707835406064987,-0.09070956707000732,-0.08353331685066223,-0.02664837334305048,-0.022964793723076582,0.004949729889631271,0.021519459784030914,9211,1465,0.56219482421875,0.08941650390625
1-197270,grid,-0.013524615205824375,-0.01094701886177063,-0.012991353869438171,0.0001443922519683838,-0.014766845386475325,-0.006770276930183172,0.01164919137954712,0.03219650685787201,2301,322,0.14044189453125,0.0196533203125
1-197736,grid,0.02302302047610283,0.023183662444353104,0.025676675140857697,0.025873742997646332,0.006545248441398144,0.006299105938524008,0.004976049065589905,0.005022376775741577,4937,4915,0.30133056640625,0.29998779296875
1-198001,grid,0.006602483335882425,0.007703845389187336,0.05156438797712326,0.04504605382680893,0.00531342625617981,0.0023049544543027878,-0.037375375628471375,-0.023203454911708832,1577,673,0.09625244140625,0.04107666015625
1-198125,grid,-0.0010069450363516808,0.001863101962953806,0.022807586938142776,0.012912198901176453,-0.009110300336033106,-0.0039595323614776134,-0.00041576847434043884,0.022161204367876053,873,20,0.05328369140625,0.001220703125
1-198153,grid,0.02561491122469306,0.024220025166869164,0.001400783658027649,0.002352118492126465,-0.0033918162807822227,-0.004245826508849859,0.013841137290000916,0.013753440231084824,5522,4798,0.3370361328125,0.2928466796875
1-198173,grid,0.0033512208610773087,0.0028778361156582832,0.03398839011788368,0.0347968265414238,0.008206923957914114,0.006591952871531248,-0.056526146829128265,-0.0577581450343132,1291,1265,0.07879638671875,0.07720947265625
1-198233,grid,0.013658102601766586,0.013658102601766586,0.021762147545814514,0.021762147545814514,0.009967414196580648,0.009967414196580648,0.005823343992233276,0.005823343992233276,1797,1797,0.10968017578125,0.10968017578125
1-198747,grid,0.002966269850730896,0.002971894573420286,0.0028809309005737305,0.0033387839794158936,-0.0020753126591444016,-0.0021320898085832596,-0.005896277725696564,-0.007213912904262543,2783,2636,0.16986083984375,0.160888671875
1-198831,grid,0.012862669304013252,0.012861787341535091,-0.02478410303592682,-0.024907991290092468,0.0035278303548693657,0.0028617591597139835,-0.0036025717854499817,-0.004243128001689911,14301,13077,0.87286376953125,0.79815673828125
1-201392,grid,-0.015263133216649294,-0.01355374464765191,0.014448419213294983,0.014891013503074646,0.016058912966400385,0.01576462807133794,-0.003583475947380066,-0.0023526251316070557,315,188,0.01922607421875,0.011474609375
1-201756,grid,-0.003428916446864605,-0.0035284338518977165,0.025119997560977936,0.024941537529230118,-0.0117683713324368,-0.011712961830198765,0.01117829978466034,0.011411726474761963,7781,7744,0.47491455078125,0.47265625
1-201812,grid,-0.002612330950796604,-0.001712678000330925,-0.014047428965568542,-0.015066146850585938,-0.02125419396907091,-0.021419028285890818,0.008755359798669815,0.009354919195175171,2956,2846,0.180419921875,0.1737060546875
1-201816,grid,-0.0022352440282702446,-0.0026706568896770477,-0.0003615766763687134,-0.0028935372829437256,-0.011047925800085068,-0.008280708454549313,0.017141051590442657,0.022247374057769775,2876,2432,0.175537109375,0.1484375
1-201874,grid,0.01124346163123846,0.011126106604933739,0.017318040132522583,0.015715189278125763,0.0021738382056355476,0.002354514319449663,0.028036901727318764,0.02398471161723137,6537,5320,0.39898681640625,0.32470703125
1-201913,grid,-0.008499979507178068,-0.009412211365997791,-0.02552580088376999,-0.028395935893058777,0.0009153529535979033,0.0014023869298398495,0.026749245822429657,0.03510398417711258,14550,12378,0.8880615234375,0.7554931640625
1-201969,grid,0.0030732695013284683,0.0027729645371437073,-0.001181378960609436,-0.0019192546606063843,0.012486153980717063,0.01319256448186934,0.03368905931711197,0.031894586980342865,4394,3977,0.2681884765625,0.24273681640625
1-202008,grid,0.0069285305216908455,0.008390232920646667,-0.010873839259147644,-0.01059412956237793,0.0032130617182701826,0.00288956705480814,0.02942299284040928,0.029938459396362305,3196,1971,0.195068359375,0.12030029296875
1-208539,grid,0.008001345209777355,0.0062612006440758705,0.005704380571842194,0.009432308375835419,-0.0070789477322250605,-0.006692150607705116,-0.008652187883853912,-0.015895187854766846,14309,11695,0.87335205078125,0.71380615234375
1-209199,grid,-0.0134252835996449,-0.013440344948321581,-0.031700946390628815,-0.03172793239355087,-0.013133478816598654,-0.013110604137182236,-0.0036335960030555725,-0.003531675785779953,2468,2466,0.150634765625,0.1505126953125
1-209221,grid,0.00733967125415802,0.00733967125415802,0.0028064027428627014,0.0028064027428627014,-0.008238540031015873,-0.008238540031015873,-0.02592870593070984,-0.02592870593070984,1192,1192,0.07275390625,0.07275390625
1-209537,grid,0.006388198584318161,0.0061550624668598175,-0.019550062716007233,-0.018267013132572174,0.01247092755511403,0.01158861629664898,0.0315338633954525,0.03179336339235306,7006,6456,0.4276123046875,0.39404296875
1-210173,grid,-0.004739505238831043,-0.007016061805188656,-0.04853888601064682,-0.04904549568891525,0.013479862594977021,0.013615011237561703,0.0262004304677248,0.02146938443183899,15813,15290,0.96514892578125,0.9332275390625
1-210447,grid,-0.0010092412121593952,-0.0006310325115919113,0.004755724221467972,0.002147100865840912,-0.008282137103378773,-0.011589924804866314,-0.010939113795757294,-0.014703430235385895,1561,979,0.09527587890625,0.05975341796875
1-210646,grid,0.005321556702256203,0.006602367851883173,0.0076547302305698395,0.008488554507493973,0.008658890146762133,0.007766696158796549,-0.0023056790232658386,-0.00221068412065506,11566,10945,0.7059326171875,0.66802978515625
1-210736,grid,-4.7457870095968246e-05,-3.4978147596120834e-05,0.011564236134290695,0.009817853569984436,-0.01876604836434126,-0.02309688925743103,-0.002347830682992935,-0.0015998147428035736,5013,4328,0.30596923828125,0.26416015625
1-210769,grid,-0.004522997420281172,-0.003848738968372345,0.035996533930301666,0.03862530365586281,-0.0004349108785390854,-0.002604757435619831,-0.025028564035892487,-0.023455746471881866,1485,1041,0.09063720703125,0.06353759765625
1-210923,grid,0.010843383148312569,0.011072044260799885,0.010922521352767944,0.010279707610607147,-0.0004043912049382925,-0.0024612387642264366,0.033709727227687836,0.026826201006770134,4963,4534,0.30291748046875,0.2767333984375
1-211055,grid,-0.0022470885887742043,-0.0027735671028494835,0.04442586749792099,0.036503709852695465,-0.02928191190585494,-0.01365568581968546,-0.02418665587902069,-0.012697942554950714,478,54,0.0291748046875,0.0032958984375
1-211533,grid,0.009035018272697926,0.007901470176875591,0.011573411524295807,0.015572629868984222,-0.02245909022167325,-0.01821689587086439,-0.04097586125135422,-0.03166324645280838,1943,773,0.11859130859375,0.04718017578125
1-211562,grid,0.011493772733956575,0.01153249153867364,0.005442045629024506,0.00815313309431076,-0.00707520404830575,-0.007613224908709526,-0.032162003219127655,-0.031073682010173798,14281,12437,0.87164306640625,0.75909423828125
1-211633,grid,-0.0020217704586684704,-0.010162898804992437,-0.009694278240203857,0.005432989448308945,0.035090863704681396,0.03246395755559206,0.05289003998041153,0.035922322422266006,3387,371,0.20672607421875,0.02264404296875
1-211814,grid,-0.02053799480199814,-0.021756145637482405,-0.029501229524612427,-0.03362603485584259,0.017713220790028572,0.016454943921416998,0.07114890962839127,0.07603010535240173,5386,4053,0.3287353515625,0.24737548828125
1-212222,grid,-0.01787371141836047,-0.018024294637143612,-0.02727268636226654,-0.03055824339389801,0.014357374515384436,0.015029864851385355,0.0705258920788765,0.06822818517684937,2957,2352,0.18048095703125,0.1435546875
1-212393,grid,-0.021911925170570612,-0.02252595592290163,-0.01972227543592453,-0.014986470341682434,0.007264553336426616,0.007373321335762739,0.05166783928871155,0.050641924142837524,4097,2579,0.25006103515625,0.15740966796875
1-2125,grid,-0.004924451932311058,-0.004933864809572697,-0.01895521581172943,-0.016482383012771606,0.0018236595205962658,0.0016185170970857143,0.04347444698214531,0.047688379883766174,2927,2010,0.17864990234375,0.1226806640625
1-212813,grid,0.006312889512628317,0.006312889512628317,-0.013265758752822876,-0.013265758752822876,-0.0015374966897070408,-0.0015374966897070408,0.0463566817343235,0.0463566817343235,1695,1695,0.10345458984375,0.10345458984375
1-212861,grid,-0.020065646152943373,-0.020113762468099594,-0.02458338439464569,-0.02313990890979767,-0.004308937815949321,-0.004304914735257626,0.031203433871269226,0.028158340603113174,8702,7899,0.5311279296875,0.48211669921875
1-213422,grid,0.020174693781882524,0.008104396052658558,0.07625865936279297,0.05095416679978371,-0.008385343477129936,-0.000467024277895689,-0.04720859229564667,-0.0020078271627426147,1394,168,0.0850830078125,0.01025390625
1-213726,grid,-0.02167511358857155,-0.02156834863126278,-0.04544434696435928,-0.04472276568412781,0.00758772948756814,0.008401486556977034,0.024273894727230072,0.025248438119888306,10176,9965,0.62109375,0.60821533203125
1-214751,grid,-0.08551870193332434,-0.08552231919020414,-0.09179176390171051,-0.08730868995189667,0.009873499860987067,0.010548033751547337,0.06064357981085777,0.06671909987926483,8403,2233,0.51287841796875,0.13629150390625
1-216973,grid,-0.016879988368600607,-0.018129635136574507,-0.0228043794631958,-0.02538115531206131,0.005939563736319542,0.005543680861592293,0.04705248028039932,0.05342023819684982,7657,3851,0.46734619140625,0.23504638671875
1-217018,grid,-0.012657396029680967,-0.011498314328491688,-0.012914605438709259,-0.014388225972652435,0.010002245660871267,0.011544787324965,-0.018424250185489655,-0.012695357203483582,3129,2295,0.19097900390625,0.14007568359375
1-217324,grid,0.006422596983611584,-0.001509399153292179,0.037405114620923996,0.013310477137565613,0.0037451894022524357,0.0016159527003765106,0.0031217187643051147,0.001623827964067459,414,172,0.0252685546875,0.010498046875
1-217400,grid,-0.005154245998710394,-0.0045463452115654945,-0.025639347732067108,-0.029452607035636902,0.015795109793543816,0.015395336551591754,0.02190975472331047,0.025934351608157158,1365,938,0.08331298828125,0.0572509765625
1-217479,grid,0.00502112228423357,0.004690841771662235,0.03811310976743698,0.03792610764503479,0.0059848325327038765,0.005779926432296634,0.028690721839666367,0.025987422093749046,2094,1501,0.1278076171875,0.09161376953125
1-217637,grid,-0.007047074846923351,-0.007465256378054619,-0.03995758295059204,-0.04023332893848419,0.030928445979952812,0.03056001290678978,0.03361733257770538,0.033787801861763,14139,13788,0.86297607421875,0.841552734375
1-218243,grid,-0.011736529879271984,-0.012363813817501068,-0.03332791477441788,-0.032987527549266815,0.018084511626511812,0.017701695673167706,0.02291657030582428,0.022302795201539993,6696,6660,0.40869140625,0.406494140625
1-218245,grid,-0.0016549206338822842,-0.0016549206338822842,0.025156188756227493,0.025156188756227493,0.002613149583339691,0.002613149583339691,-0.022389449179172516,-0.022389449179172516,427,427,0.02606201171875,0.02606201171875
1-218293,grid,-0.0022221836261451244,-0.0018307403661310673,0.028062257915735245,0.027914658188819885,-0.007171515142545104,-0.00638828263618052,-0.00447339192032814,-0.008886836469173431,1544,796,0.09423828125,0.048583984375
1-218306,grid,-0.0029066717252135277,-0.0037293722853064537,-0.045866869390010834,-0.04355219006538391,0.010371501091867685,0.014729471411556005,0.01294967532157898,0.017316505312919617,14027,10811,0.85614013671875,0.65985107421875
1-218690,grid,0.01987407635897398,0.017857171595096588,0.013778917491436005,0.004174135625362396,-0.020713013131171465,-0.017552509903907776,-0.03291109949350357,-0.02451837807893753,7154,2268,0.4366455078125,0.138427734375
1-218723,grid,-0.012710150331258774,-0.012899210210889578,0.00439850240945816,0.004190489649772644,-0.0020973500795662403,-0.002092297188937664,0.032244615256786346,0.03244742378592491,1196,1172,0.072998046875,0.071533203125
1-22333,grid,-0.020924369804561138,-0.02065473096445203,0.0030653923749923706,0.0013908147811889648,-0.006773434579372406,-0.0065441434271633625,-0.001470182090997696,-0.0008173398673534393,822,800,0.0501708984375,0.048828125
1-22648,grid,-0.010346558876335621,-0.008733691647648811,-0.00614657998085022,-0.008360274136066437,0.006353200878947973,0.004247783217579126,0.019366782158613205,0.007055014371871948,754,490,0.0460205078125,0.0299072265625
1-22865,grid,0.002855953760445118,0.002855953760445118,0.010241605341434479,0.010241605341434479,-0.017090957146137953,-0.017090957146137953,-0.01593734323978424,-0.01593734323978424,1265,1265,0.07720947265625,0.07720947265625
1-22876,grid,0.0155492490157485,0.01759900851175189,0.028537865728139877,0.02645861729979515,-0.018840015400201082,-0.019213904161006212,-0.02544478327035904,-0.021363690495491028,4522,2186,0.2760009765625,0.1334228515625
1-22887,grid,-0.0026724115014076233,-0.0026592863723635674,0.0012869909405708313,0.0019042715430259705,0.014248780440539122,0.014280353672802448,0.011824209243059158,0.012328855693340302,938,930,0.0572509765625,0.0567626953125
1-228997,grid,0.015467156190425158,0.016201774589717388,0.007080823183059692,0.007889583706855774,-0.011281353188678622,-0.012009256519377232,0.016379140317440033,0.014642033725976944,5129,4571,0.31304931640625,0.27899169921875
1-229060,grid,-0.0025038914754986763,-0.002917033154517412,-0.005833223462104797,-0.005459800362586975,-0.0060452737379819155,-0.005570088978856802,-0.009410612285137177,-0.006886899471282959,4351,3671,0.26556396484375,0.22406005859375
1-22911,grid,-0.013157716020941734,-0.015014862641692162,-0.0352134183049202,-0.03133971989154816,0.002855675993487239,0.004235490225255489,0.057870980352163315,0.05962327867746353,13152,12666,0.802734375,0.7730712890625
1-229538,grid,-0.001761940773576498,-0.001761940773576498,0.011769525706768036,0.011769525706768036,0.004536840599030256,0.004536840599030256,0.00922984629869461,0.00922984629869461,292,278,0.017822265625,0.0169677734375
1-229567,grid,0.012401998043060303,0.010816787369549274,0.0019482821226119995,-0.0037994682788848877,-0.026734701823443174,-0.02746660029515624,-0.03347908705472946,-0.031241871416568756,7868,5026,0.480224609375,0.3067626953125
1-229614,grid,-0.005000583361834288,-0.003515413962304592,-0.017754986882209778,-0.018334150314331055,-0.0010947547852993011,-0.001752984244376421,0.06988949328660965,0.07221968472003937,3229,2022,0.19708251953125,0.1234130859375
1-229615,grid,-0.020127386320382357,-0.018364466726779938,-0.02015271782875061,-0.01986101269721985,-0.007795372977852821,-0.005714614875614643,-0.007557295262813568,-0.005115073174238205,2636,2287,0.160888671875,0.13958740234375
1-229705,grid,0.017041279934346676,0.015609167516231537,0.004978921264410019,0.00020110607147216797,0.03530653612688184,0.034907500725239515,0.06368228793144226,0.0571858286857605,6198,2980,0.3782958984375,0.181884765625
1-229777,grid,0.014205060433596373,0.014120402280241251,-0.0013075768947601318,-0.00018648803234100342,0.00578807108104229,0.005752926226705313,0.027956226840615273,0.027582544833421707,3600,2203,0.2197265625,0.13446044921875
1-229888,grid,0.007219898514449596,0.006924641318619251,0.0025445744395256042,0.0022006481885910034,0.0030592335388064384,0.003207816043868661,0.055948227643966675,0.053927212953567505,3752,3396,0.22900390625,0.207275390625
1-230042,grid,-0.007287883199751377,-0.005918419454246759,-0.007921978831291199,-0.009441472589969635,0.01667001098394394,0.01420593075454235,0.05353058874607086,0.050334230065345764,9906,5621,0.6046142578125,0.34307861328125
1-230045,grid,0.008764639962464571,0.009717523586004972,0.01758972927927971,0.018242929130792618,0.030086340848356485,0.029468609020113945,0.05792050063610077,0.056234654039144516,3476,3260,0.212158203125,0.198974609375
1-230149,grid,-0.005339933559298515,-0.005401570815593004,-0.0029578059911727905,-0.0032191649079322815,-0.0076112523674964905,-0.007561057806015015,-0.038946934044361115,-0.03869534283876419,1069,1068,0.06524658203125,0.065185546875
1-230406,grid,0.02027851901948452,0.024877327494323254,0.03578050434589386,0.03555764630436897,-0.033529652282595634,-0.03036050545051694,-0.021956458687782288,-0.02539251744747162,4871,2420,0.29730224609375,0.147705078125
1-230670,grid,-0.016805578023195267,-0.01545731257647276,-0.034236058592796326,-0.025301240384578705,-0.013414106098935008,-0.013404578436166048,0.005561076104640961,0.012697894126176834,13827,12973,0.84393310546875,0.79180908203125
1-230850,grid,0.03406227007508278,0.032785173039883375,0.07440260797739029,0.0719745010137558,-0.011995307635515928,-0.013392989989370108,-0.015701912343502045,-0.018870897591114044,3183,2544,0.19427490234375,0.1552734375
1-230917,grid,-0.00964782852679491,-0.011384619399905205,-0.01626976579427719,-0.016091085970401764,0.015456254594027996,0.01874761702492833,0.058236297219991684,0.05988273769617081,5361,3057,0.32720947265625,0.18658447265625
1-230972,grid,0.02121538994833827,0.022121692541986704,0.03303376957774162,0.024616867303848267,-0.005507825408130884,-0.007566065527498722,0.021441582590341568,0.020295869559049606,5139,4626,0.31365966796875,0.2823486328125
1-231135,grid,0.026877766475081444,0.026888764463365078,0.06314603239297867,0.05691918730735779,-0.009183783549815416,-0.006930277217179537,0.011665251106023788,0.022702012211084366,3388,940,0.206787109375,0.057373046875
1-231628,grid,-0.0037579243071377277,-0.0028292923234403133,-0.010068565607070923,-0.007636129856109619,-0.003532601986080408,-0.003458829130977392,-0.0031349919736385345,-0.0016868077218532562,10627,8270,0.64862060546875,0.5047607421875
1-232104,grid,-0.003910979256033897,-0.0024229902774095535,0.003325164318084717,0.0006194338202476501,-0.00392096396535635,-0.0052098375745117664,0.01018872857093811,0.0063021183013916016,1552,1178,0.0947265625,0.0718994140625
1-232143,grid,-0.01055193692445755,-0.011070644948631525,-0.016341328620910645,-0.018382474780082703,0.00422927550971508,0.00497078150510788,-0.012790240347385406,-0.01151854544878006,3051,2971,0.18621826171875,0.18133544921875
1-233359,grid,-0.02151134517043829,-0.02107782568782568,-0.032559432089328766,-0.03601191192865372,0.0016254743095487356,0.0015112808905541897,0.021337836980819702,0.01971198245882988,6828,5343,0.416748046875,0.32611083984375
1-233399,grid,-0.007215740159153938,-0.0073020001873373985,-0.02229597419500351,-0.02246062457561493,0.011050344910472631,0.010118767619132996,0.0315791517496109,0.03132963180541992,1181,1050,0.07208251953125,0.0640869140625
1-233531,grid,-0.00010363012552261353,-0.00043549761176109314,-0.0074333250522613525,-0.009752035140991211,-0.018327105324715376,-0.01724018040113151,0.0023805834352970123,0.00492313876748085,1809,1757,0.11041259765625,0.10723876953125
1-233546,grid,0.019692284055054188,0.01905401749536395,0.004693068563938141,0.003596670925617218,-0.0059266488533467054,-0.005629015155136585,0.017813824117183685,0.01901686191558838,2920,2870,0.17822265625,0.1751708984375
1-233574,grid,-0.014933280646800995,-0.015450392384082079,-0.0035627856850624084,-0.009765125811100006,0.0031408509239554405,0.004190798848867416,0.037540510296821594,0.03999227657914162,5564,3429,0.339599609375,0.20928955078125
1-233594,grid,0.011463935021311045,0.010805370286107063,0.01830543577671051,0.017757374793291092,-0.008903923910111189,-0.008767611114308238,-0.002582050859928131,-0.004954766482114792,4408,3612,0.26904296875,0.220458984375
1-233665,grid,0.015823151916265488,0.015650771092623472,0.00429680198431015,0.0053993575274944305,-0.022796143544837832,-0.02340421755798161,-0.025007568299770355,-0.02600754052400589,4421,4092,0.26983642578125,0.249755859375
1-234176,grid,0.013392057735472918,0.012251376174390316,0.0018746033310890198,0.001634165644645691,0.004998122341930866,0.004678402096033096,0.021387681365013123,0.021401941776275635,2012,1252,0.122802734375,0.076416015625
1-234362,grid,0.03663355065509677,0.037166735623031855,0.029532335698604584,0.029127180576324463,0.0025070817209780216,0.002603088039904833,0.043859872967004776,0.04361889511346817,5836,5044,0.356201171875,0.307861328125
1-234618,grid,-0.06584782619029284,-0.06736632110551,-0.059118546545505524,-0.06415465474128723,-0.02644073311239481,-0.02735661482438445,0.014630720019340515,0.01753058284521103,7272,5589,0.44384765625,0.34112548828125
1-23485,grid,-0.017743839416652918,-0.017743839416652918,-0.01591852307319641,-0.01591852307319641,0.017422672361135483,0.017422672361135483,0.062185391783714294,0.062185391783714294,16384,16384,1.0,1.0
1-235186,grid,-0.05510177509859204,-0.054340018425136805,-0.07511836290359497,-0.07492367923259735,-0.021053406409919262,-0.019736582413315773,-0.010051846504211426,-0.013419896364212036,8643,4505,0.52752685546875,0.27496337890625
1-235398,grid,0.0079030548222363,0.00894947350025177,0.0204765647649765,0.020154304802417755,0.009109677048400044,0.007034110836684704,0.0035817399621009827,0.0010264664888381958,3049,2432,0.18609619140625,0.1484375
1-235986,grid,0.006803943309932947,0.007271953392773867,0.0232696570456028,0.025288954377174377,0.008675642777234316,0.009269937872886658,-0.020545169711112976,-0.01959851384162903,1831,1610,0.11175537109375,0.0982666015625
1-236032,grid,0.0010759052820503712,0.0055493516847491264,0.0113324373960495,0.01799614727497101,0.006160177756100893,0.005333747481927276,0.012245163321495056,0.027804916724562645,611,192,0.03729248046875,0.01171875
1-23729,grid,0.001278188545256853,0.0011632014065980911,0.03952261805534363,0.04010750353336334,-0.013524518813937902,-0.013965689111500978,-0.016192860901355743,-0.014939956367015839,455,446,0.02777099609375,0.0272216796875
1-23745,grid,0.01751244254410267,0.017179157119244337,0.026589125394821167,0.02320914715528488,0.0029725106433033943,0.003512631170451641,-0.019342266023159027,-0.023594461381435394,2083,1764,0.12713623046875,0.107666015625
1-23784,grid,0.00043306732550263405,0.0031501930207014084,-0.015936248004436493,-0.012963995337486267,0.03230629954487085,0.030727983452379704,0.0289445910602808,0.02145913988351822,1746,1328,0.1065673828125,0.0810546875
1-2386,grid,-0.007796629332005978,-0.009574186988174915,0.005849562585353851,0.0037403330206871033,0.01121202576905489,0.006329537369310856,-0.013193406164646149,-0.02264036238193512,1998,1071,0.1219482421875,0.06536865234375
1-23877,grid,-0.001887305174022913,-0.001371447928249836,0.010643109679222107,0.008625946938991547,-0.0070686794351786375,-0.009192553348839283,0.00041653960943222046,0.004774749279022217,2343,984,0.14300537109375,0.06005859375
1-24099,grid,0.0032169702462852,0.0026515591889619827,0.04170931503176689,0.011618025600910187,-0.0023125060833990574,0.0011778147891163826,-0.03268013149499893,0.008225001394748688,486,18,0.0296630859375,0.0010986328125
1-244372,grid,-0.0025060828775167465,-0.0027422173880040646,-0.01267695426940918,-0.01488223671913147,0.01644287956878543,0.016503905411809683,0.05294468626379967,0.05271017551422119,7691,7499,0.46942138671875,0.45770263671875
1-24440,grid,-0.009151181671768427,-0.010280235670506954,0.005211599171161652,0.004054352641105652,0.010273896623402834,0.010405181907117367,0.012358292937278748,0.015354841947555542,1107,950,0.06756591796875,0.0579833984375
1-24482,grid,0.037415951024740934,0.03685629880055785,0.036527879536151886,0.03849119693040848,-0.0002587600611150265,-0.0009036136325448751,0.06803739070892334,0.06426877528429031,13390,12411,0.8172607421875,0.75750732421875
1-245002,grid,-0.001710229553282261,-0.0019447952508926392,-0.01848091185092926,-0.018501609563827515,-0.015839796047657728,-0.015170962316915393,-0.006503008306026459,-0.008748218417167664,2193,1998,0.13385009765625,0.1219482421875
1-245054,grid,-0.006534317042678595,-0.0052407728508114815,-0.03482527285814285,-0.03737091273069382,0.00170432822778821,0.0021417494863271713,0.036338865756988525,0.03861643373966217,4466,4241,0.2725830078125,0.25885009765625
1-245268,grid,0.008136050309985876,0.008194223046302795,0.00017303228378295898,-0.00855330377817154,0.008542302530258894,0.006483512464910746,0.017370406538248062,0.018006563186645508,2190,1432,0.1336669921875,0.08740234375
1-245472,grid,0.008177850395441055,0.007431001868098974,-0.06230388581752777,-0.061516523361206055,0.009128582663834095,0.010011192411184311,0.008593328297138214,0.010710742324590683,15149,12079,0.92462158203125,0.73724365234375
1-24553,grid,-0.006196246948093176,-0.006196246948093176,0.009640075266361237,0.009640075266361237,0.004097407683730125,0.004097407683730125,-0.019527748227119446,-0.019527748227119446,398,398,0.0242919921875,0.0242919921875
1-24557,grid,0.0077531905844807625,0.007481792010366917,0.006323300302028656,0.0031893551349639893,-0.0034018061123788357,-0.0023529776372015476,0.03293253108859062,0.038947299122810364,14176,11808,0.865234375,0.720703125
1-245670,grid,0.001203599851578474,0.001321528572589159,-0.0060771554708480835,-0.0059305354952812195,-0.003127066418528557,-0.0027202588971704245,-0.003957182168960571,-0.0029234811663627625,2137,2066,0.13043212890625,0.1260986328125
1-245980,grid,0.004042305983603001,0.0031945863738656044,-0.00042135268449783325,0.0002659112215042114,0.006301679648458958,0.0066526285372674465,0.015161357820034027,0.014107577502727509,8232,7016,0.50244140625,0.42822265625
1-24603,grid,-0.017911161296069622,-0.0178948356769979,-0.028314784169197083,-0.028263866901397705,-0.007657675072550774,-0.007639234885573387,0.017187658697366714,0.017182819545269012,2009,2007,0.12261962890625,0.12249755859375
1-24641,grid,-0.025179144460707903,-0.028315279632806778,-0.04635927081108093,-0.04944518208503723,0.010261394083499908,0.012401955900713801,0.06740312278270721,0.07140699028968811,7231,5166,0.44134521484375,0.3153076171875
1-246437,grid,0.00503132538869977,0.005059461575001478,-0.006371840834617615,-0.006305411458015442,0.012301274575293064,0.012394502758979797,-0.0005587488412857056,-0.0003880448639392853,1644,1642,0.100341796875,0.1002197265625
1-246484,grid,-0.0004368303343653679,0.002779047004878521,0.01706850528717041,0.013594064861536026,-0.0023086704313755035,-0.0036375895142555237,-0.05263450741767883,-0.03886403888463974,555,164,0.03387451171875,0.010009765625
1-24652,grid,-0.016374527011066675,-0.019013131968677044,0.025317169725894928,0.02130545675754547,-0.017809048062190413,-0.016455068485811353,0.01716567575931549,0.013859245926141739,7127,4580,0.43499755859375,0.279541015625
1-24660,grid,-0.027740100864320993,-0.02818186627700925,-0.02811090648174286,-0.028689488768577576,0.01983006577938795,0.02056240919046104,0.08155744522809982,0.08060340583324432,14659,13469,0.89471435546875,0.82208251953125
1-246760,grid,0.00042195990681648254,0.001780608668923378,-0.0022210627794265747,-0.01169462502002716,-0.012066921684890985,-0.004724765662103891,0.008654780685901642,0.014676712453365326,1587,603,0.09686279296875,0.03680419921875
1-246857,grid,0.013442955911159515,0.01347799552604556,0.009652804583311081,0.010376393795013428,0.004506711382418871,0.004619999090209603,0.010331310331821442,0.011003896594047546,9965,9878,0.60821533203125,0.6029052734375
1-2469,grid,0.01040333230048418,0.005068213678896427,-0.00980599969625473,-0.010745547711849213,-0.012917882297188044,-0.015875840559601784,0.047064151614904404,0.0406406968832016,10962,1612,0.6690673828125,0.098388671875
1-247082,grid,-0.0039098020642995834,-0.004309776239097118,0.000755801796913147,0.0017155110836029053,-0.010913742240518332,-0.010526576545089483,-0.014707304537296295,-0.009720377624034882,7203,6604,0.43963623046875,0.403076171875
1-247247,grid,0.008157492149621248,0.009480297099798918,-0.016761578619480133,-0.01656179130077362,0.01673786249011755,0.016935519874095917,0.0064819976687431335,0.006751909852027893,10203,9154,0.62274169921875,0.5587158203125
1-247377,grid,0.023819361813366413,0.02223258651793003,0.03093203902244568,0.027977794408798218,-0.0065887433011084795,-0.006815042579546571,0.010177969932556152,0.006638690829277039,5853,3429,0.35723876953125,0.20928955078125
1-247417,grid,-0.012009223457425833,-0.012578308116644621,-0.008809447288513184,-0.01062602549791336,0.025300538633018732,0.025072395335882902,0.03723827749490738,0.03504810482263565,3009,2618,0.18365478515625,0.1597900390625
1-247456,grid,-0.0039550671353936195,-0.004527910612523556,-0.03063139319419861,-0.031642839312553406,0.0016467771492898464,0.002054271288216114,0.008642300963401794,0.010149538516998291,11593,9948,0.70758056640625,0.607177734375
1-247614,grid,0.030681581236422062,0.03013669792562723,-0.009621575474739075,-0.003186732530593872,0.046891366597265005,0.05016745300963521,0.03583686798810959,0.04198622703552246,10089,7429,0.61578369140625,0.45343017578125
1-247674,grid,0.004201045259833336,0.004227674566209316,-0.0441717803478241,-0.045976102352142334,0.02349707344546914,0.023223029915243387,0.011178713291883469,0.008473724126815796,13583,12882,0.82904052734375,0.7862548828125
1-247714,grid,-0.0033921864815056324,-0.0024427324533462524,0.011524736881256104,0.009538616985082626,-0.005176186561584473,-0.003177305217832327,-0.020145423710346222,-0.018373459577560425,917,708,0.05596923828125,0.043212890625
1-247755,grid,0.00013694213703274727,0.00037067290395498276,0.019544057548046112,0.013780280947685242,0.02188333822414279,0.021581850945949554,-0.004678551107645035,-0.007124565541744232,916,717,0.055908203125,0.04376220703125
1-247775,grid,-0.0007933387532830238,-0.0007933387532830238,0.008781462907791138,0.008781462907791138,0.0005485187284648418,0.0005485187284648418,-0.0032903961837291718,-0.0032903961837291718,259,181,0.01580810546875,0.01104736328125
1-247817,grid,-0.017109649255871773,-0.017463109921664,-0.004161320626735687,-0.007463514804840088,-0.007764147594571114,-0.005194597411900759,0.016829833388328552,0.013456016778945923,813,599,0.04962158203125,0.03656005859375
1-247885,grid,-0.0022815456613898277,-0.0017135683447122574,0.02787570282816887,0.023707516491413116,-0.0012680655345320702,-0.0016340827569365501,-0.013725772500038147,-0.01851119101047516,1267,1214,0.07733154296875,0.0740966796875
1-24814,grid,0.018588092178106308,0.01852736482396722,0.045944228768348694,0.0454251728951931,-0.006684903288260102,-0.0070135085843503475,-0.003955461084842682,-0.004719331860542297,9306,8873,0.5679931640625,0.54156494140625
1-248233,grid,-0.027703655418008566,-0.027290727011859417,-0.03285825997591019,-0.031721919775009155,0.012914067134261131,0.01273874705657363,0.02468816563487053,0.022874899208545685,4880,4264,0.2978515625,0.26025390625
1-248388,grid,-0.004163878969848156,-0.004372954834252596,0.004548579454421997,0.0050370171666145325,-0.0011545796878635883,-0.0015668952837586403,0.0459165945649147,0.045051731169223785,5500,5423,0.335693359375,0.33099365234375
1-248848,grid,-0.00426434725522995,-0.005044841673225164,0.027201469987630844,0.024548612534999847,-0.039221471175551414,-0.04152326891198754,-0.05035403370857239,-0.05710650235414505,3661,2721,0.22344970703125,0.16607666015625
1-248992,grid,0.0037055225111544132,0.0005322638899087906,-0.0002593323588371277,-0.004474915564060211,0.006957305129617453,0.007761610904708505,0.028978876769542694,0.031016670167446136,2548,1776,0.155517578125,0.1083984375
1-249009,grid,0.007746073883026838,0.0076851267367601395,0.008689992129802704,0.008703779429197311,-0.001625168602913618,-0.0014674549456685781,-0.01676277071237564,-0.016319140791893005,2501,2422,0.15264892578125,0.1478271484375
1-249088,grid,-0.00958725530654192,-0.00988075090572238,-0.014931194484233856,-0.01482485979795456,-0.021492355037480593,-0.021849544253200293,-0.02590721845626831,-0.028540760278701782,3487,2827,0.21282958984375,0.17254638671875
1-249204,grid,0.04053495544940233,0.04062506929039955,0.056550972163677216,0.051801443099975586,-0.036933429073542356,-0.03475422225892544,-0.050410449504852295,-0.044610895216464996,6848,3064,0.41796875,0.18701171875
1-249206,grid,0.03486588271334767,0.03305129799991846,0.025196358561515808,0.028984423726797104,-0.031069615157321095,-0.03360856999643147,-0.041392408311367035,-0.045906104147434235,4603,2675,0.28094482421875,0.16326904296875
1-250008,grid,0.00582587905228138,0.00264599546790123,-0.008346065878868103,-0.01587221771478653,-0.0006987305823713541,-0.004800605354830623,0.01975100487470627,0.02495517022907734,2760,738,0.16845703125,0.0450439453125
1-250343,grid,-0.007200449705123901,-0.007013946771621704,-0.018109388649463654,-0.01756937801837921,-0.01293034479022026,-0.013382138218730688,0.01265009120106697,0.013047877699136734,12058,11667,0.7359619140625,0.71209716796875
1-250479,grid,-0.011590230278670788,-0.012124822475016117,-0.026391401886940002,-0.028737932443618774,-0.007258764933794737,-0.006680471356958151,0.04402638226747513,0.04149243235588074,9139,8757,0.55780029296875,0.53448486328125
1-250806,grid,0.043649159371852875,0.04433780908584595,0.07842903584241867,0.08143965899944305,-0.02995563205331564,-0.03141940385103226,-0.019439779222011566,-0.02234587073326111,4948,4012,0.302001953125,0.244873046875
1-250810,grid,-0.026301355566829443,-0.02449984196573496,-0.08793482184410095,-0.08231788873672485,0.018564444733783603,0.021445037564262748,0.02948669157922268,0.029374489560723305,7339,2969,0.44793701171875,0.18121337890625
1-250870,grid,0.009785919915884733,0.009581181220710278,-0.0009414777159690857,0.0013748407363891602,-0.005806985776871443,-0.00503891333937645,0.031073082238435745,0.032302435487508774,10988,9436,0.670654296875,0.575927734375
1-250997,grid,-0.012168613728135824,-0.012772699352353811,-0.023282185196876526,-0.023732557892799377,0.0078111616894602776,0.008458598516881466,0.029385332018136978,0.028575416654348373,3860,2606,0.235595703125,0.1590576171875
1-251115,grid,0.0429693628102541,0.042736672796308994,-0.010803788900375366,-0.011379219591617584,0.016158523969352245,0.016098960768431425,0.015374820679426193,0.014379806816577911,14596,13359,0.890869140625,0.81536865234375
1-251198,grid,-0.00644938088953495,-0.008153537753969431,0.015507247298955917,0.007584713399410248,0.001106103416532278,2.385210245847702e-05,0.006345197558403015,0.0020682215690612793,1148,704,0.070068359375,0.04296875
1-251307,grid,-0.011159767396748066,-0.013507794588804245,-0.012799300253391266,-0.03049209713935852,0.010384712368249893,0.009505917318165302,0.018605094403028488,0.015391364693641663,2599,1746,0.15863037109375,0.1065673828125
1-251762,grid,0.06175502296537161,0.059763142839074135,0.0451200008392334,0.042296670377254486,0.015111488290131092,0.015953265596181154,0.0022754445672035217,0.003210362046957016,9522,8550,0.5811767578125,0.5218505859375
1-251871,grid,-0.004994693212211132,-0.004997996613383293,-0.03676397353410721,-0.03675462305545807,-0.006403228268027306,-0.006407084874808788,-0.03081546723842621,-0.03082209825515747,15756,14782,0.961669921875,0.9022216796875
1-252202,grid,-0.0012753382325172424,-0.0011291229166090488,0.026278428733348846,0.022149071097373962,-0.02608442259952426,-0.026164486538618803,0.0020105652511119843,0.003887377679347992,3117,2534,0.19024658203125,0.1546630859375
1-252508,grid,-0.017934396397322416,-0.017833507154136896,-0.006369046866893768,-0.006726905703544617,0.005525745451450348,0.005099812522530556,-0.003932483494281769,-0.004763931035995483,1882,1857,0.1148681640625,0.11334228515625
1-252522,grid,0.01278179744258523,0.012089208234101534,0.0161028653383255,0.012202389538288116,-0.022725753486156464,-0.02102865558117628,-0.0038837529718875885,-0.002468738704919815,4221,1647,0.25762939453125,0.10052490234375
1-255958,grid,0.0053145866841077805,0.005195583216845989,-0.01962292194366455,-0.021464653313159943,-0.003706160932779312,-0.003267974127084017,0.03714432939887047,0.03792305290699005,11779,10266,0.71893310546875,0.6265869140625
1-256150,grid,-0.00012483680620789528,0.00010074535384774208,0.002572782337665558,0.00026553869247436523,-0.022592245135456324,-0.02113364916294813,-0.027616776525974274,-0.02717466652393341,1527,1464,0.09320068359375,0.08935546875
1-256155,grid,-0.00969920214265585,-0.007485982030630112,-0.004579462110996246,-0.003291584551334381,-0.007606381783261895,-0.007365919416770339,0.013196945190429688,0.012157820165157318,897,712,0.05474853515625,0.04345703125
1-256293,grid,-0.004240542184561491,-0.004200097639113665,-0.0005817338824272156,0.0004948973655700684,0.013314134906977415,0.01367972232401371,0.0026395097374916077,0.005725540220737457,3090,2940,0.1885986328125,0.179443359375
1-25656,grid,-0.0023809587582945824,-0.0032088751904666424,0.016913972795009613,0.017058778554201126,-0.009626075625419617,-0.010439036879688501,-0.02709432691335678,-0.027465470135211945,2795,2255,0.17059326171875,0.13763427734375
1-256574,grid,0.002001776359975338,0.0019510816782712936,0.013236694037914276,0.012935109436511993,-0.02299914602190256,-0.02311242977157235,0.009523630142211914,0.00928659737110138,9725,9068,0.59356689453125,0.553466796875
1-257100,grid,-0.016553346067667007,-0.016711882781237364,-0.008022628724575043,-0.004337124526500702,-0.005903698271140456,-0.005380849353969097,0.026751646772027016,0.018238775432109833,3671,2932,0.22406005859375,0.178955078125
1-25740,grid,0.016588401049375534,0.017075103241950274,-0.0033269301056861877,-0.004912018775939941,0.0100562849547714,0.00937785068526864,0.029156344011425972,0.024930831044912338,2783,2681,0.16986083984375,0.16363525390625
1-25746,grid,0.009191709570586681,0.008013593964278698,-0.005624309182167053,-0.005035907030105591,-0.005180191248655319,-0.005046005826443434,-0.018261656165122986,-0.017371870577335358,3311,2445,0.20208740234375,0.14923095703125
1-257627,grid,-0.007562503684312105,-0.008551177568733692,-0.03463498502969742,-0.03537255525588989,0.0203707255423069,0.020295001100748777,0.02252195030450821,0.02462385967373848,1804,1160,0.110107421875,0.07080078125
1-257652,grid,0.007449743337929249,0.006878520827740431,0.03859288617968559,0.03862814977765083,0.0014767767861485481,0.0013022394850850105,-0.036317773163318634,-0.035998471081256866,413,395,0.02520751953125,0.02410888671875
1-258373,grid,0.016038594767451286,0.016183572821319103,0.008065484464168549,0.008289419114589691,-0.007343159755691886,-0.007247785106301308,0.010549716651439667,0.01058957725763321,4672,4666,0.28515625,0.2847900390625
1-258380,grid,-0.014562984928488731,-0.013322461862117052,-0.024759486317634583,-0.024768903851509094,-0.0021435697562992573,0.002939585130661726,0.04681229963898659,0.059293489903211594,9294,2737,0.5672607421875,0.16705322265625
1-258555,grid,-0.014508227352052927,-0.018225996755063534,-0.019583269953727722,-0.02914862334728241,0.03572079539299011,0.036865174770355225,0.07435671985149384,0.07072098553180695,8384,6387,0.51171875,0.38983154296875
1-258631,grid,-0.024705416057258844,-0.025000831577926874,-0.017491601407527924,-0.02905932068824768,-0.03091936418786645,-0.03377917408943176,0.004848368465900421,-0.0003965646028518677,10681,8213,0.65191650390625,0.50128173828125
1-258667,grid,0.022041579708456993,0.021811651065945625,0.0018451958894729614,0.000825926661491394,-0.0014241680037230253,-0.0005312173161655664,0.04194752871990204,0.03930933028459549,5785,4593,0.35308837890625,0.28033447265625
1-258988,grid,-0.008047659881412983,-0.00900963693857193,-0.006677806377410889,-0.004371531307697296,0.026297383476048708,0.029780746903270483,0.051800914108753204,0.051716309040784836,6093,3469,0.37188720703125,0.21173095703125
1-259050,grid,-0.011516121216118336,-0.011907842941582203,-0.021703705191612244,-0.021875053644180298,-0.006218811497092247,-0.006482554599642754,0.040516555309295654,0.04202878847718239,8145,7142,0.49713134765625,0.4359130859375
1-259058,grid,-0.0013752062804996967,-0.0013872236013412476,0.0031532980501651764,0.00305233895778656,-0.005390496924519539,-0.005501690786331892,-0.004974186420440674,-0.004481252282857895,799,788,0.04876708984375,0.048095703125
1-259108,grid,-0.05018756538629532,-0.051520662382245064,-0.06514345109462738,-0.0685068666934967,-0.010228392900899053,-0.008518496993929148,0.02130088210105896,0.016677632927894592,11088,5427,0.6767578125,0.33123779296875
1-259142,grid,0.015747561119496822,0.014928772579878569,0.027530446648597717,0.027881920337677002,0.02000297186896205,0.020050492137670517,0.05451086908578873,0.048575110733509064,12193,10059,0.74420166015625,0.61395263671875
1-259175,grid,-0.005412199068814516,-0.004725108854472637,-0.01285068690776825,-0.012742072343826294,0.006160735618323088,0.00605957442894578,0.037254348397254944,0.04089495539665222,6191,5390,0.37786865234375,0.3289794921875
1-25937,grid,-0.031918753404170275,-0.031918753404170275,-0.030273638665676117,-0.030273638665676117,-0.004915035329759121,-0.004915035329759121,0.05012504756450653,0.05012504756450653,15992,15916,0.97607421875,0.971435546875
1-260481,grid,0.006309927441179752,0.005599654279649258,0.012538343667984009,0.006908155977725983,-0.027215739712119102,-0.02704339800402522,-0.050697386264801025,-0.04923345148563385,1624,1228,0.09912109375,0.074951171875
1-26079,grid,-0.0019109584391117096,-0.0007780455052852631,-0.01519717276096344,-0.013629019260406494,-0.0102096451446414,-0.010301231872290373,0.045373380184173584,0.04301338642835617,10989,8699,0.67071533203125,0.53094482421875
1-260946,grid,-0.005140760913491249,-0.0062302411533892155,0.024353552609682083,0.0018312931060791016,-0.007788131013512611,0.001346889417618513,-0.025657400488853455,0.008151084184646606,841,168,0.05133056640625,0.01025390625
1-26135,grid,0.07453169813379645,0.0779594392515719,0.05495934933423996,0.06212810426950455,-0.0003343846183270216,0.000903070904314518,0.03921404853463173,0.03866490721702576,6739,4928,0.41131591796875,0.30078125
1-261360,grid,0.0048361835069954395,0.0018509235233068466,0.04303682595491409,0.038277607411146164,-0.008924310561269522,-0.006399763748049736,-0.01428859680891037,-0.0111270472407341,2120,1612,0.12939453125,0.098388671875
1-26172,grid,0.0008416278287768364,0.0008689332753419876,-0.006585299968719482,-0.0068349689245224,-0.003638685215264559,-0.004186470294371247,-0.01716061681509018,-0.01758786290884018,973,891,0.05938720703125,0.05438232421875
1-262322,grid,-0.021730503998696804,-0.02272653765976429,-0.047625333070755005,-0.04709281027317047,-0.006001223810017109,-0.0033702843356877565,0.0052790455520153046,0.007259875535964966,10867,8628,0.66326904296875,0.526611328125
1-26406,grid,-0.003313397988677025,-0.0038752020336687565,-0.006987705826759338,-0.009133458137512207,0.022160480730235577,0.02469664253294468,0.022829342633485794,0.023395869880914688,4556,4163,0.278076171875,0.25408935546875
1-264158,grid,0.029936129227280617,0.026170769706368446,0.04869488626718521,0.05896151438355446,-0.02347971871495247,-0.010448740795254707,-0.03136613219976425,0.02487591840326786,737,55,0.04498291015625,0.00335693359375
1-264375,grid,-0.010726540349423885,-0.010955514386296272,-0.04724743962287903,-0.05327232927083969,-0.029973000055179,-0.031056896084919572,-0.030760236084461212,-0.037598587572574615,14117,11015,0.86163330078125,0.67230224609375
1-264427,grid,-0.020262121222913265,-0.020940632559359074,-0.02205660194158554,-0.015856802463531494,0.0022133197635412216,0.0020871805027127266,0.018367260694503784,0.014094635844230652,1304,478,0.07958984375,0.0291748046875
1-26458,grid,0.011747417971491814,0.011736501939594746,-0.00518595427274704,-0.0052006542682647705,0.015328716486692429,0.015347745968028903,0.046142950654029846,0.046151578426361084,4608,4606,0.28125,0.2811279296875
1-264944,grid,-0.021212049759924412,-0.022006360348314047,-0.02640864998102188,-0.027495503425598145,-0.009535090532153845,-0.009029058739542961,-0.025675348937511444,-0.019592829048633575,10707,10120,0.65350341796875,0.61767578125
1-265338,grid,0.030612190254032612,0.028939551673829556,0.006775569170713425,0.007696110755205154,0.01887848717160523,0.017633609008044004,0.037613797932863235,0.0372973307967186,6274,1696,0.3829345703125,0.103515625
1-265618,grid,0.017469382379204035,0.010507163591682911,0.051929086446762085,0.03562591224908829,-0.008734170347452164,-0.008677247911691666,-0.028779245913028717,-0.02660694718360901,1878,750,0.1146240234375,0.0457763671875
1-265639,grid,-0.019100909121334553,-0.018936348613351583,-0.019195526838302612,-0.019767023622989655,-0.035421598702669144,-0.03631649073213339,-0.029897667467594147,-0.03206399828195572,10069,9532,0.61456298828125,0.581787109375
1-265713,grid,-0.004443868063390255,-0.007802473846822977,0.015587080270051956,0.010806471109390259,-0.015598699450492859,-0.01742140529677272,-0.009047135710716248,-0.016266457736492157,615,116,0.03753662109375,0.007080078125
1-265769,grid,0.00015803612768650055,0.000682963989675045,-0.01598098874092102,-0.016214773058891296,-0.014416806399822235,-0.015733609441667795,-0.022814609110355377,-0.016904957592487335,1684,1174,0.102783203125,0.0716552734375
1-265783,grid,-0.014969626441597939,-0.014040111098438501,0.0035939812660217285,0.0032280460000038147,-0.001277268398553133,-0.0015234746970236301,0.002197232097387314,0.006776142865419388,2281,1787,0.13922119140625,0.10906982421875
1-265988,grid,0.0001160111278295517,0.00035690050572156906,-0.0036857575178146362,-0.005856417119503021,-0.014591259881854057,-0.014570688363164663,-0.035305529832839966,-0.03753180056810379,2284,2017,0.139404296875,0.12310791015625
1-266045,grid,-0.00349063565954566,-0.004114843904972076,0.01788432151079178,0.010673530399799347,-0.01089702919125557,-0.010530197527259588,-0.00919456034898758,-0.0065949708223342896,1591,1022,0.09710693359375,0.0623779296875
1-266112,grid,0.010797097813338041,0.012192328926175833,0.023431453853845596,0.027621924877166748,-0.01921024126932025,-0.01937149092555046,-0.029642276465892792,-0.02552507072687149,4150,2909,0.2532958984375,0.17755126953125
1-26670,grid,-0.022473507560789585,-0.022118257824331522,-0.024586021900177002,-0.023162752389907837,-0.0009966790676116943,-0.0005418637301772833,0.03134087845683098,0.03143369406461716,15783,14396,0.96331787109375,0.878662109375
1-268956,grid,0.004904469009488821,0.004200459457933903,0.02547503262758255,0.025813139975070953,0.0019857636652886868,0.0018511414527893066,0.04949452728033066,0.05263466760516167,2914,2269,0.1778564453125,0.13848876953125
1-269070,grid,0.01709534553810954,0.015625495929270983,-0.007793635129928589,-0.007072195410728455,0.017958253156393766,0.01695872936397791,0.041991256177425385,0.03912857919931412,8676,6349,0.529541015625,0.38751220703125
1-269165,grid,-0.0006190887652337551,-0.0013803313486278057,0.015068288892507553,0.014326740056276321,0.006179610267281532,0.0058399527333676815,0.03184453397989273,0.03931190073490143,5674,4946,0.3463134765625,0.3018798828125
1-26934,grid,-0.015767110977321863,-0.015993716195225716,-0.020151615142822266,-0.021380983293056488,-0.018112598452717066,-0.020384567324072123,0.012450315058231354,0.014598872512578964,6948,4206,0.424072265625,0.2567138671875
1-269577,grid,0.0015330356545746326,0.0008810623548924923,0.006032656878232956,0.010485704988241196,-0.044678212609142065,-0.03770811902359128,-0.05883810669183731,-0.060980431735515594,7136,1102,0.435546875,0.0672607421875
1-269638,grid,0.010853755287826061,0.009856987278908491,0.020611945539712906,0.017486438155174255,-0.0006297826766967773,0.003341164905577898,0.017547979950904846,0.025252999737858772,10636,8414,0.649169921875,0.5135498046875
1-26985,grid,-0.007373577915132046,-0.0035306215286254883,-0.02001146972179413,-0.02043592929840088,0.011443688767030835,0.011766377836465836,0.024565905332565308,0.037040263414382935,10260,7517,0.626220703125,0.45880126953125
1-269986,grid,-0.003963974770158529,-0.007389983627945185,0.01998249813914299,0.011127777397632599,-0.048369907308369875,-0.05005617253482342,-0.021254003047943115,-0.021381668746471405,3547,2612,0.21649169921875,0.159423828125
1-270129,grid,-0.019785167649388313,-0.020429781172424555,0.0008102357387542725,-0.005107603967189789,-0.00013859663158655167,0.0028181392699480057,-0.01785055547952652,-0.01025310903787613,7480,6003,0.45654296875,0.36639404296875
1-270196,grid,-0.006441403180360794,-0.006282489281147718,-0.028828158974647522,-0.027170605957508087,-0.03342899796552956,-0.0335010583512485,-0.03600581735372543,-0.03989540785551071,15208,13766,0.92822265625,0.8402099609375
1-270298,grid,-0.011992136482149363,-0.011712376959621906,-0.011408165097236633,-0.009606152772903442,-0.015800439286977053,-0.019013551995158195,0.017616238445043564,0.013796910643577576,5304,4938,0.32373046875,0.3013916015625
1-270440,grid,-0.003662103321403265,-0.00298438873142004,-0.006703823804855347,-0.006669364869594574,0.010289631318300962,0.01042267307639122,0.0132901631295681,0.01589345932006836,5716,4561,0.348876953125,0.27838134765625
1-270469,grid,-0.0027151312679052353,-0.0012762686237692833,-0.00910641998052597,-0.008150726556777954,-0.007132256403565407,-0.005730827338993549,0.011130619794130325,0.008086640387773514,3200,2350,0.1953125,0.1434326171875
1-270684,grid,-7.469207048416138e-05,0.0005750451236963272,0.01753443479537964,0.0172077938914299,-0.023906836286187172,-0.022303305799141526,-0.02182614803314209,-0.018130145967006683,3699,3055,0.22576904296875,0.18646240234375
1-271717,grid,-0.01317437645047903,-0.012910471763461828,0.013782542198896408,0.006727933883666992,-0.028129696380347013,-0.02445786027237773,-0.0011606141924858093,0.004961758852005005,2642,1174,0.1612548828125,0.0716552734375
1-272080,grid,0.01089143706485629,0.010076254140585661,0.0071873292326927185,0.0047059208154678345,0.02332979254424572,0.020120319444686174,0.04353388398885727,0.03934025764465332,2408,1117,0.14697265625,0.06817626953125
1-272178,grid,0.03381021786481142,0.034090185072273016,0.016746852546930313,0.014060143381357193,0.01038062572479248,0.010277025401592255,-0.03534220904111862,-0.028978392481803894,6289,5240,0.38385009765625,0.31982421875
1-272266,grid,-0.015927163884043694,-0.017210393212735653,-0.07218486070632935,-0.07510152459144592,0.005287291947752237,0.0046258787624537945,-0.010526880621910095,-0.009141877293586731,13507,7657,0.82440185546875,0.46734619140625
1-272287,grid,0.00876107718795538,0.008735043462365866,0.02159794420003891,0.021570894867181778,-0.006917148362845182,-0.006934483535587788,-0.013735882937908173,-0.013860203325748444,4978,4967,0.3038330078125,0.30316162109375
1-272299,grid,0.0004956088960170746,-0.00017675990238785744,0.020361103117465973,0.024146288633346558,0.00784251932054758,0.009093474131077528,-0.037023745477199554,-0.016531504690647125,555,489,0.03387451171875,0.02984619140625
1-272321,grid,-0.007504520006477833,-0.007699580397456884,-0.02557077258825302,-0.025562599301338196,-0.014528597705066204,-0.01420913403853774,0.0012817829847335815,0.0018582791090011597,1042,947,0.0635986328125,0.05780029296875
1-272423,grid,-0.0038374587893486023,-0.004511181265115738,0.002234354615211487,0.0003583356738090515,-0.00037695467472076416,-0.00011878181248903275,-0.00979413092136383,-0.005991257727146149,13160,11107,0.80322265625,0.67791748046875
1-272639,grid,-0.011175245977938175,-0.011114572640508413,-0.007400520145893097,-0.007270395755767822,-0.0005499706603586674,-0.0006591537967324257,0.022389039397239685,0.022241659462451935,6048,6030,0.369140625,0.3680419921875
1-272819,grid,0.01198085444048047,0.013289842288941145,-0.007910862565040588,0.0017454177141189575,0.023259589448571205,0.02057540975511074,0.03504432737827301,0.024030834436416626,12544,9602,0.765625,0.5860595703125
1-273022,grid,-0.007918951567262411,-0.006783849559724331,-0.0178566575050354,-0.013963885605335236,-0.03792453510686755,-0.03493502037599683,-0.0023124441504478455,-0.006091967225074768,5500,1999,0.335693359375,0.12200927734375
1-273041,grid,0.008275119587779045,0.008320177905261517,-0.005175374448299408,-0.00422484427690506,-0.0014212108217179775,-0.0009492929093539715,-0.00269123911857605,-7.62939453125e-06,3414,2804,0.2083740234375,0.171142578125
1-273422,grid,-0.011728193145245314,-0.0119495983235538,0.00034252554178237915,0.0009321719408035278,-0.02535236068069935,-0.025143586099147797,0.01058819517493248,0.013738170266151428,4574,4466,0.2791748046875,0.2725830078125
1-273477,grid,0.011379312258213758,0.010297571774572134,0.014499571174383163,0.01998009905219078,-0.022591833490878344,-0.020509119145572186,0.003674350678920746,0.00969146192073822,7418,6734,0.4527587890625,0.4110107421875
1-27376,grid,0.011227370239794254,0.01167479157447815,-0.0005293935537338257,-0.0011614859104156494,0.009165532886981964,0.007942836266011,0.04022225737571716,0.04087532311677933,5584,5216,0.3408203125,0.318359375
1-2742,grid,0.01616544183343649,0.01616544183343649,0.02413840964436531,0.02413840964436531,0.006339714862406254,0.006339714862406254,0.03411531448364258,0.03411531448364258,2983,2983,0.18206787109375,0.18206787109375
1-274593,grid,-0.006899116560816765,-0.005717603024095297,-0.020319923758506775,-0.02108924835920334,-0.012878789566457272,-0.010018529370427132,-0.016776062548160553,-0.013555414974689484,2726,2496,0.1663818359375,0.15234375
1-274689,grid,-0.005576679017394781,-0.005576679017394781,0.01705210655927658,0.01705210655927658,-0.011440318077802658,-0.011440318077802658,-0.0017841607332229614,-0.0017841607332229614,1003,1003,0.06121826171875,0.06121826171875
1-27654,grid,-0.010818148497492075,-0.009098220616579056,-0.019912652671337128,-0.02262970805168152,-0.010014481609687209,-0.010976835386827588,0.02327200397849083,0.02251802757382393,6068,5855,0.370361328125,0.35736083984375
1-276574,grid,0.0061906203627586365,0.0061943246982991695,0.007554933428764343,0.01159876212477684,0.010153637733310461,0.010096990037709475,-0.013026706874370575,-0.011593222618103027,1939,1309,0.11834716796875,0.07989501953125
1-276590,grid,0.009489842224866152,0.008986134547740221,0.009929515421390533,0.008959520608186722,-0.0037116524763405323,-0.003402083646506071,0.03937828913331032,0.036918289959430695,16384,12373,1.0,0.75518798828125
1-277213,grid,-0.0011746203526854515,-0.0011746203526854515,0.0017807185649871826,0.0017807185649871826,0.0019645951688289642,0.0019645951688289642,-0.011385716497898102,-0.011385716497898102,269,269,0.01641845703125,0.01641845703125
1-277272,grid,-0.002276168204843998,-0.0022650547325611115,-0.013864189386367798,-0.013875290751457214,0.010778388939797878,0.010823432356119156,0.026458751410245895,0.026514161378145218,2095,2086,0.12786865234375,0.1273193359375
1-278081,grid,0.030825278256088495,0.030825278256088495,0.03862074017524719,0.03862074017524719,0.005662488751113415,0.005662488751113415,0.006798498332500458,0.006798498332500458,962,962,0.0587158203125,0.0587158203125
1-278113,grid,0.020859503652900457,0.02405635267496109,0.01678501069545746,0.01705407351255417,-0.013025864958763123,-0.014048762153834105,-0.013117454946041107,-0.019111134111881256,5552,4339,0.3388671875,0.26483154296875
1-278153,grid,-0.006591598968952894,-0.005837924778461456,-0.013421602547168732,-0.012026563286781311,0.0163109814748168,0.01881270855665207,0.02128097414970398,0.021250002086162567,2208,1937,0.134765625,0.11822509765625
1-278191,grid,-0.011483844835311174,-0.009278440847992897,-0.03937014937400818,-0.03676965832710266,-0.008611236233264208,-0.009111142717301846,0.002658151090145111,0.00819307193160057,1738,1118,0.1060791015625,0.0682373046875
1-278485,grid,-0.016719765961170197,-0.011905013583600521,-0.030594170093536377,-0.011020690202713013,-0.005237457109615207,-0.007463281508535147,0.051646921783685684,0.047425128519535065,9104,864,0.5556640625,0.052734375
1-279011,grid,0.0022993236780166626,0.0021426407620310783,0.01192106306552887,0.012318544089794159,-0.014612792525440454,-0.01482264045625925,0.004117310047149658,0.004021741449832916,2264,2078,0.13818359375,0.1268310546875
1-27925,grid,-0.01261540874838829,-0.012669167947024107,0.0022368580102920532,0.003196902573108673,0.026782217901200056,0.02698213839903474,0.06473328173160553,0.06438741087913513,3147,3069,0.19207763671875,0.18731689453125
1-279329,grid,-0.05090702697634697,-0.049198518972843885,-0.03552747517824173,-0.03299325704574585,-0.008814627071842551,-0.008225861936807632,0.03070305660367012,0.03016354888677597,6598,4307,0.4027099609375,0.26287841796875
1-279381,grid,-0.012490723747760057,-0.013185141142457724,-0.00896473228931427,-0.01652565598487854,-0.010167751926928759,-0.008429478853940964,-0.0014913342893123627,0.00013763830065727234,2397,1810,0.14630126953125,0.1104736328125
1-279676,grid,-0.023506843019276857,-0.028368441853672266,-0.00218915194272995,-0.015236258506774902,-0.006775197573006153,-0.01070203585550189,0.04801791161298752,0.029757201671600342,7058,4632,0.4307861328125,0.28271484375
1-280132,grid,0.0006815353408455849,0.0006772899068892002,0.002903267741203308,-0.002509757876396179,-0.008265016134828329,-0.007911897730082273,0.01422121375799179,0.02372579276561737,938,445,0.0572509765625,0.02716064453125
1-28052,grid,0.018156615551561117,0.017576271202415228,-0.0015851408243179321,0.0021141469478607178,0.01571506028994918,0.01580308028496802,0.04436182975769043,0.04895482957363129,4587,4481,0.27996826171875,0.27349853515625
1-280728,grid,0.00738940853625536,0.007765303831547499,0.003084275871515274,0.0008658245205879211,-0.007103325333446264,-0.0074727581813931465,0.009923689067363739,0.006599549204111099,3528,3173,0.21533203125,0.19366455078125
1-281126,grid,0.010072505101561546,0.010072505101561546,0.026389621198177338,0.026389621198177338,0.0040263282135128975,0.0040263282135128975,-0.03326622396707535,-0.03326622396707535,1095,1095,0.06683349609375,0.06683349609375
1-282106,grid,0.004156838171184063,0.00532324705272913,0.017652686685323715,0.01586831733584404,6.75576739013195e-05,0.0014381632208824158,-0.018322713673114777,-0.012579478323459625,1283,716,0.07830810546875,0.043701171875
1-282627,grid,0.010173395276069641,0.01041652075946331,-0.0075348615646362305,-0.0069093406200408936,-0.0056368266232311726,-0.005845421925187111,0.027744758874177933,0.026819471269845963,5211,5040,0.31805419921875,0.3076171875
1-282637,grid,-0.04036985523998737,-0.041239173617213964,-0.04486175626516342,-0.04446062445640564,0.005670373328030109,0.009034295566380024,0.026801206171512604,0.03880349546670914,3324,2003,0.202880859375,0.12225341796875
1-282665,grid,0.004121764563024044,0.0021875742822885513,0.019775964319705963,0.01856984570622444,0.012034418061375618,0.0073528592474758625,0.023123878985643387,0.01472189649939537,1626,957,0.0992431640625,0.05841064453125
1-284174,grid,0.0006240815855562687,0.002286917995661497,0.019994664937257767,0.02266770601272583,0.002280866727232933,0.0011599613353610039,-0.038840942084789276,-0.03153195232152939,1281,676,0.07818603515625,0.041259765625
1-284292,grid,-0.0011920654214918613,-0.0008144923485815525,0.0015661492943763733,0.0016236528754234314,0.014565241988748312,0.01442916551604867,0.0077074021100997925,0.0070885419845581055,2851,2712,0.17401123046875,0.16552734375
1-284335,grid,0.002124134451150894,0.00032033631578087807,0.019271641969680786,0.01943986862897873,0.008062849752604961,0.0016248766332864761,-0.01193380355834961,-0.014424644410610199,1011,259,0.06170654296875,0.01580810546875
1-284505,grid,-0.0032608257606625557,-0.0036326218396425247,0.01417713612318039,0.013732008635997772,0.0029134657233953476,0.005540839629247785,-0.01183938980102539,0.03230113908648491,526,119,0.0321044921875,0.00726318359375
1-285031,grid,-0.014482931699603796,-0.015514930244535208,-0.0017128139734268188,0.004864230751991272,-0.0193629483692348,-0.020083701238036156,-0.02348848432302475,-0.018829114735126495,1154,891,0.0704345703125,0.05438232421875
1-285737,grid,-0.00583266094326973,-0.005234533920884132,-0.015407584607601166,-0.013082057237625122,-0.0075090862810611725,-0.009169438388198614,-0.010018683969974518,-0.011875927448272705,3541,3264,0.21612548828125,0.19921875
1-286277,grid,0.03828326193615794,0.038144730031490326,0.028521299362182617,0.028693046420812607,0.012692909454926848,0.012797957751899958,0.03144045174121857,0.031366508454084396,8678,8242,0.5296630859375,0.5030517578125
1-286729,grid,-0.04406041884794831,-0.0445440118201077,-0.05682156980037689,-0.059301115572452545,-0.007556824246421456,-0.007150095887482166,0.005715474486351013,-0.0012996867299079895,7744,5188,0.47265625,0.316650390625
1-286772,grid,-0.013463630806654692,-0.01449435530230403,0.004315979778766632,0.0021243244409561157,-0.0007660519331693649,-0.0005425224080681801,-0.012654520571231842,-0.013284660875797272,1605,1567,0.09796142578125,0.09564208984375
1-287790,grid,0.015470475424081087,0.01533928094431758,0.007266409695148468,0.004727069288492203,0.03207255154848099,0.031201937701553106,0.06043523550033569,0.06039263680577278,13846,11863,0.8450927734375,0.72406005859375
1-294355,grid,-0.006025753915309906,-0.006343211513012648,-0.023723602294921875,-0.025680892169475555,0.0204858030192554,0.020535181742161512,0.02326294407248497,0.021873511373996735,5144,4518,0.31396484375,0.2757568359375
1-294374,grid,0.008736829739063978,0.008733734488487244,0.007287520915269852,0.007285416126251221,0.0012970007956027985,0.0012989379465579987,-0.0011498220264911652,-0.0011479109525680542,3035,3029,0.18524169921875,0.18487548828125
1-294598,grid,0.003619165625423193,0.003619165625423193,0.027936480939388275,0.027936480939388275,-0.0014505526050925255,-0.0014505526050925255,-0.013487309217453003,-0.013487309217453003,324,324,0.019775390625,0.019775390625
1-295025,grid,0.013606215361505747,0.007594497874379158,0.0006468072533607483,0.012214574962854385,0.01329256035387516,0.014151423703879118,0.03065565600991249,0.048222169280052185,4762,293,0.2906494140625,0.01788330078125
1-295183,grid,0.013494109734892845,0.014451649971306324,-0.040157973766326904,-0.03777322173118591,0.005116544663906097,0.0023421861696988344,0.03405452519655228,0.030774714425206184,15134,10628,0.9237060546875,0.648681640625
1-295448,grid,-0.0009150435216724873,-0.0007392670959234238,0.008940774947404861,0.008940882980823517,-0.0025578071363270283,-0.00241777952760458,-0.0009225383400917053,0.003048844635486603,1426,1202,0.0870361328125,0.0733642578125
1-295476,grid,-0.011490041390061378,-0.01149539090692997,-0.021272897720336914,-0.0213610976934433,0.006537230219691992,0.006509195547550917,-0.006294906139373779,-0.006329014897346497,15890,15643,0.9698486328125,0.95477294921875
1-295629,grid,-0.00010625133290886879,-0.001057279296219349,0.0017784684896469116,0.0064406245946884155,0.006733826361596584,0.011900137644261122,-0.021547488868236542,-0.009257271885871887,14332,11380,0.874755859375,0.694580078125
1-295790,grid,0.01600949140265584,0.01586328586563468,0.03182848542928696,0.026757139712572098,0.01123303733766079,0.01393012423068285,-0.0028962455689907074,-0.005423378199338913,1295,778,0.07904052734375,0.0474853515625
1-295832,grid,0.0033283941447734833,0.00233504269272089,0.014634251594543457,0.013176601380109787,-0.0022022943012416363,-0.0031814021058380604,0.005986005067825317,0.008206751197576523,2216,2100,0.13525390625,0.128173828125
1-29590,grid,0.020221366081386805,0.020221366081386805,0.005146551877260208,0.005146551877260208,0.011380975600332022,0.011380975600332022,0.014573801308870316,0.014573801308870316,2906,2906,0.1773681640625,0.1773681640625
1-295935,grid,0.015792368911206722,0.015899423509836197,-0.0318269282579422,-0.026634305715560913,-0.007465183734893799,-0.006587307434529066,-0.02183903008699417,-0.026680603623390198,13997,11415,0.85430908203125,0.69671630859375
1-296457,grid,0.012483538128435612,0.012224855832755566,0.010707207024097443,0.010037142783403397,0.004929772578179836,0.005995860323309898,-0.008402593433856964,0.0021478869020938873,2367,605,0.14447021484375,0.03692626953125
1-296466,grid,-0.025228342041373253,-0.025737378746271133,0.019862685352563858,0.0005148574709892273,-0.035922141280025244,-0.027565433643758297,-0.012147866189479828,-0.003508731722831726,4198,2785,0.2562255859375,0.16998291015625
1-296537,grid,0.02945547690615058,0.027924928814172745,-0.017986968159675598,-0.017924919724464417,0.04366852808743715,0.049116709269583225,0.03283459693193436,0.03324208781123161,8396,5147,0.512451171875,0.31414794921875
1-296599,grid,-0.001492383424192667,-0.001492383424192667,0.023244738578796387,0.023244738578796387,0.0018557950388640165,0.0018557950388640165,0.00798848271369934,0.00798848271369934,2389,2389,0.14581298828125,0.14581298828125
1-296690,grid,0.01048740092664957,0.009764822665601969,-0.0073585063219070435,-0.002844497561454773,-0.000718447845429182,0.0006995704025030136,0.005336575210094452,0.009330973029136658,4419,2105,0.26971435546875,0.12847900390625
1-296716,grid,0.010203312616795301,0.010729676578193903,0.016656633466482162,0.017598867416381836,0.010558866895735264,0.01051789429038763,-0.03812433034181595,-0.03411248326301575,401,399,0.02447509765625,0.02435302734375
1-296732,grid,-0.005888858810067177,-0.006153004243969917,0.004151005297899246,0.005258709192276001,-0.012267077108845115,-0.012248581275343895,-0.004802100360393524,-0.004129335284233093,2073,1685,0.12652587890625,0.10284423828125
1-29679,grid,-0.013859960250556469,-0.013587749563157558,-0.03729012608528137,-0.034529656171798706,-0.011738461442291737,-0.013444252777844667,0.03708430007100105,0.03657789155840874,5612,4795,0.342529296875,0.29266357421875
1-29748,grid,0.007867951411753893,0.0024019554257392883,0.040959157049655914,0.005661133676767349,-0.003655475564301014,-0.0012111668474972248,-0.002421412616968155,0.003817915916442871,319,47,0.01947021484375,0.00286865234375
1-297860,grid,-0.021511264145374298,-0.021511181257665157,-0.06815211474895477,-0.06818956136703491,0.022808344336226583,0.020126228220760822,0.009559769183397293,0.014478649944067001,10964,8290,0.669189453125,0.5059814453125
1-297924,grid,0.00474368454888463,0.0017484617419540882,0.019940730184316635,0.03154931589961052,-0.017978414427489042,-0.012480314821004868,-0.014065414667129517,-0.0067253559827804565,2481,227,0.15142822265625,0.01385498046875
1-297986,grid,0.010016738437116146,0.008038016501814127,0.009245112538337708,0.006416343152523041,-0.023945364635437727,-0.023339127656072378,-0.000987183302640915,-0.013865701854228973,3048,2472,0.18603515625,0.15087890625
1-298089,grid,0.022614013869315386,0.022388984449207783,0.007195677608251572,0.00366254523396492,0.006068791728466749,0.005932022351771593,0.04879845306277275,0.0485832653939724,5784,5632,0.35302734375,0.34375
1-298280,grid,-0.004469272680580616,-0.0039689866825938225,-0.027545660734176636,-0.025632888078689575,-0.018599126487970352,-0.018755555152893066,-0.025572068989276886,-0.0247475728392601,14419,14031,0.88006591796875,0.85638427734375
1-298596,grid,0.0023779640905559063,0.002631107345223427,0.020366515964269638,0.018195725977420807,-0.000530867837369442,-0.002509521786123514,0.00017730891704559326,0.01341664046049118,1547,818,0.09442138671875,0.0499267578125
1-298623,grid,0.00039529241621494293,-0.0008704150095582008,-0.025207534432411194,-0.027673155069351196,0.011799052124843001,0.01486204843968153,0.02675100602209568,0.03064480796456337,14369,13340,0.87701416015625,0.814208984375
1-298640,grid,-0.006528069730848074,-0.00623663142323494,-0.0041989609599113464,-0.004885852336883545,-0.002299192361533642,-0.002250172197818756,0.014015629887580872,0.012992344796657562,852,803,0.052001953125,0.04901123046875
1-298668,grid,0.01155973644927144,0.011940903030335903,0.01064322143793106,0.01150030642747879,0.007728767581284046,0.008377162972465158,0.010715670883655548,0.010587625205516815,829,808,0.05059814453125,0.04931640625
1-298798,grid,0.017014536540955305,0.016112053766846657,0.01980862021446228,0.023370958864688873,-0.0020832386799156666,0.001160898245871067,-0.01158788800239563,-0.014709942042827606,2907,2278,0.17742919921875,0.1390380859375
1-298823,grid,0.027655971236526966,0.028092398773878813,0.020499542355537415,0.02113451436161995,-0.013232506811618805,-0.014434286393225193,-0.00019078701734542847,0.0022258460521698,16288,15178,0.994140625,0.9263916015625
1-298842,grid,-0.02452753111720085,-0.024696200154721737,-0.08617196977138519,-0.08264803886413574,0.05392402969300747,0.04848464485257864,0.053979821503162384,0.05342002958059311,15560,9620,0.94970703125,0.587158203125
1-299016,grid,-0.01974788634106517,-0.016838214360177517,-0.006479628384113312,-0.008521400392055511,0.03503651567734778,0.037014382891356945,0.030575433745980263,0.025168977677822113,7295,2824,0.44525146484375,0.17236328125
1-299056,grid,-0.006396549753844738,-0.004985758103430271,-0.029494576156139374,-0.03274469077587128,0.014332932885736227,0.01332336850464344,-0.016366250813007355,-0.017961449921131134,1164,801,0.071044921875,0.04888916015625
1-299674,grid,-0.015657195821404457,-0.016105813439935446,-0.0028262585401535034,-0.004207737743854523,0.025791912339627743,0.02568134944885969,0.07397186756134033,0.07381561398506165,2706,2650,0.1651611328125,0.1617431640625
1-299684,grid,0.002953918185085058,0.0037675132043659687,0.005810458213090897,0.011548738926649094,0.002552356570959091,-0.002005955670028925,-0.013823501765727997,-0.006602399051189423,1634,576,0.0997314453125,0.03515625
1-299793,grid,0.02033293666318059,0.020482197403907776,-0.004338003695011139,-0.007061302661895752,0.001678723143413663,0.001820695586502552,0.01875276118516922,0.01647701859474182,7018,6764,0.4283447265625,0.412841796875
1-299794,grid,0.004408505745232105,0.004946546629071236,0.004247844219207764,0.0020575374364852905,-0.008063775021582842,-0.0066810413263738155,-0.024951957166194916,-0.016725845634937286,14500,10839,0.885009765625,0.66156005859375
1-299960,grid,0.01271825423464179,0.01307798782363534,0.03376835957169533,0.03297065570950508,-0.009018929675221443,-0.008411630056798458,-0.045038335025310516,-0.039140358567237854,471,399,0.02874755859375,0.02435302734375
1-300145,grid,0.020538535434752703,0.02098836936056614,0.03890197351574898,0.042882852256298065,-0.022099199471995234,-0.022635931614786386,-0.011845454573631287,-0.013393953442573547,3730,2402,0.2276611328125,0.1466064453125
1-300275,grid,-0.014865309465676546,-0.015145580749958754,-0.021067611873149872,-0.025280699133872986,0.010122963692992926,0.010427749250084162,0.03211203217506409,0.027262616902589798,1757,1323,0.10723876953125,0.08074951171875
1-300318,grid,0.018256527837365866,0.022254214622080326,0.05737263336777687,0.0581633560359478,-0.014597728848457336,-0.020044879522174597,-0.01268848031759262,-0.01678728312253952,3280,2332,0.2001953125,0.142333984375
1-300493,grid,-0.004701375961303711,-0.004701375961303711,-0.009373366832733154,-0.009373366832733154,0.0023913132026791573,0.0023913132026791573,0.006229255348443985,0.006229255348443985,16284,16269,0.993896484375,0.99298095703125
1-300625,grid,0.022842503152787685,0.02302389219403267,0.024559542536735535,0.01781856268644333,0.011738758534193039,0.013017446734011173,0.05583127588033676,0.05479048937559128,5398,3034,0.3294677734375,0.1851806640625
1-300718,grid,-0.004000439308583736,-0.005064080934971571,-0.008527278900146484,-0.009330995380878448,-0.011679921066388488,-0.010017582215368748,0.035930681973695755,0.027859942987561226,6503,4596,0.39691162109375,0.280517578125
1-301265,grid,-0.0016145692206919193,-0.001968194730579853,0.022924333810806274,0.022567354142665863,-0.006418144796043634,-0.006184849888086319,-0.028787247836589813,-0.027771972119808197,563,558,0.03436279296875,0.0340576171875
1-301273,grid,-0.0010171160101890564,-0.0010171160101890564,0.024172209203243256,0.024172209203243256,-0.014428003691136837,-0.014428003691136837,-0.02950362116098404,-0.02950362116098404,341,341,0.02081298828125,0.02081298828125
1-301470,grid,-0.023316136561334133,-0.02346656657755375,-0.0020578280091285706,-0.0010422617197036743,-0.009317221119999886,-0.008676692377775908,0.020666204392910004,0.021272003650665283,3993,3126,0.24371337890625,0.1907958984375
1-3050,grid,0.013051148504018784,0.013909488916397095,0.01069735735654831,0.012759692966938019,0.01438151253387332,0.016051967162638903,0.044820912182331085,0.04817111790180206,5216,4971,0.318359375,0.30340576171875
1-30632,grid,-0.050892382860183716,-0.04900158988311887,-0.05364254117012024,-0.04654373228549957,-0.015016952529549599,-0.01365851261653006,0.05905686318874359,0.05733376741409302,2309,1588,0.14093017578125,0.096923828125
1-30993,grid,-0.033978316467255354,-0.030951193999499083,-0.06506247818470001,-0.05765467882156372,-0.014270077459514141,-0.010455646086484194,0.05204814672470093,0.049343694001436234,7517,1516,0.45880126953125,0.092529296875
1-31189,grid,-0.020244906190782785,-0.01915746834129095,-0.009256280958652496,-0.008560843765735626,0.008810003288090229,0.008887579664587975,0.04347015544772148,0.04040757566690445,2437,2087,0.14874267578125,0.12738037109375
1-313054,grid,-0.01203908585011959,-0.009086394216865301,-0.01753414422273636,-0.019165031611919403,0.02025450812652707,0.017954798182472587,0.06928323209285736,0.06516402214765549,8564,1445,0.522705078125,0.08819580078125
1-313322,grid,-0.006277324631810188,-0.0048849740996956825,0.004059158265590668,0.003224976360797882,0.003436473198235035,0.004011544398963451,-0.0005111470818519592,-0.001871258020401001,1175,933,0.07171630859375,0.05694580078125
1-31375,grid,0.007972005289047956,0.007851493544876575,0.009099114686250687,0.008385427296161652,0.004686875501647592,0.005639625713229179,0.022266045212745667,0.02387731522321701,3194,3120,0.1949462890625,0.1904296875
1-314059,grid,-0.019805542193353176,-0.017035168129950762,-0.038229331374168396,-0.02214578539133072,-0.016770245507359505,-0.01444275677204132,-0.011056296527385712,-0.019272394478321075,10075,198,0.61492919921875,0.0120849609375
1-314386,grid,0.06827653804793954,0.0674257418140769,0.051640477031469345,0.05030570179224014,0.030608668457716703,0.030045852065086365,0.009623773396015167,0.006088845431804657,13444,10964,0.820556640625,0.669189453125
1-314424,grid,0.00425713462755084,0.003628653474152088,-0.02466617524623871,-0.030336245894432068,0.00041453493759036064,-0.003134668804705143,0.025251546874642372,0.020173847675323486,3560,1312,0.21728515625,0.080078125
1-314817,grid,-0.0220690555870533,-0.02195942448452115,-0.028883114457130432,-0.029939137399196625,-0.010409245966002345,-0.009811492171138525,0.025013672187924385,0.02533286064863205,9074,8927,0.5538330078125,0.54486083984375
1-315503,grid,-0.018117244821041822,-0.017704247497022152,-0.0408904105424881,-0.04180460423231125,-0.02594993496313691,-0.02504259068518877,-0.026543892920017242,-0.025682397186756134,12482,10630,0.7618408203125,0.6488037109375
1-317497,grid,0.009544691070914268,0.009284647181630135,-0.007619060575962067,-0.015342213213443756,0.0023864738177508116,0.002043127780780196,0.01888134330511093,0.022301070392131805,3096,2492,0.18896484375,0.152099609375
1-317575,grid,-0.010118104983121157,-0.010203442070633173,0.019012559205293655,0.017472438514232635,-0.017882850486785173,-0.015785779803991318,-0.04284851998090744,-0.04228133708238602,1264,997,0.0771484375,0.06085205078125
1-317727,grid,0.014982404187321663,0.02559006307274103,-0.026435278356075287,0.008330289274454117,0.058880588971078396,0.044325527269393206,0.029832348227500916,0.007891122251749039,7696,124,0.4697265625,0.007568359375
1-317809,grid,-0.02700604684650898,-0.02832223754376173,-0.02736390382051468,-0.03222723305225372,-0.004766888218000531,-0.0048966784961521626,0.010960787534713745,0.011019311845302582,5286,5006,0.3226318359375,0.3055419921875
1-317822,grid,-0.0029127346351742744,-0.00297129200771451,0.03224083036184311,0.032342247664928436,-0.013526573777198792,-0.013481296366080642,-0.00761616975069046,-0.007602952420711517,668,666,0.040771484375,0.0406494140625
1-318034,grid,-0.02763047767803073,-0.02754733944311738,-0.03377100080251694,-0.03377065062522888,-0.004021025262773037,-0.00413103005848825,-0.002666432410478592,-0.0026131607592105865,5428,5292,0.331298828125,0.322998046875
1-318089,grid,-0.008818245027214289,-0.009617239236831665,0.01898181438446045,0.00938071683049202,-0.028678686823695898,-0.030369787476956844,0.0005876608192920685,0.0015080943703651428,4736,2900,0.2890625,0.177001953125
1-318321,grid,0.0064095924608409405,0.006218319293111563,0.006739389151334763,0.004463549703359604,-0.008428469765931368,-0.0073953792452812195,0.0041884928941726685,0.009606927633285522,2357,1298,0.14385986328125,0.0792236328125
1-318334,grid,0.0068824454210698605,0.00686037540435791,0.00046876072883605957,5.5886805057525635e-05,-0.006665904074907303,-0.007081545423716307,-0.005935657769441605,-0.005326472222805023,3614,3542,0.2205810546875,0.2161865234375
1-318463,grid,-0.007895286194980145,-0.009057821240276098,0.006729833781719208,0.007294543087482452,-0.01729767583310604,-0.015069115674123168,-0.008867405354976654,-0.004737023264169693,1704,1440,0.10400390625,0.087890625
1-318499,grid,-0.019677456934005022,-0.020000343676656485,-0.02840123325586319,-0.03124135732650757,0.011382670141756535,0.013905938481912017,0.013043969869613647,0.01528242975473404,1938,1388,0.1182861328125,0.084716796875
1-319387,grid,-0.015708650462329388,-0.01936578843742609,-0.045876435935497284,-0.050086699426174164,-0.00012616533786058426,-0.0006603933870792389,0.0179782435297966,0.02534107118844986,2343,2114,0.14300537109375,0.1290283203125
1-319408,grid,-0.012572554871439934,-0.009767552372068167,-0.03199480473995209,-0.025690540671348572,-0.008308499120175838,-0.0059399791061878204,0.015247970819473267,0.01643741875886917,4102,1904,0.2503662109375,0.1162109375
1-319447,grid,-0.011846150737255812,-0.005213454831391573,-0.0037045106291770935,0.003202378749847412,-0.008639775216579437,-0.004914612974971533,-0.025962375104427338,-0.0040595754981040955,402,196,0.0245361328125,0.011962890625
1-319474,grid,0.012955461628735065,0.012955461628735065,-0.0051966458559036255,-0.0051966458559036255,-0.00198089936748147,-0.00198089936748147,-0.0007380694150924683,-0.0007380694150924683,2257,2257,0.13775634765625,0.13775634765625
1-319661,grid,0.047074498143047094,0.04812422627583146,0.00357113778591156,0.001970455050468445,-0.009985197801142931,-0.010491658933460712,0.004850432276725769,0.0052138566970825195,7236,6268,0.441650390625,0.382568359375
1-319668,grid,0.005783775821328163,0.006208066828548908,0.00022914260625839233,-0.0012461021542549133,-0.01396091002970934,-0.01399749401025474,-0.030082814395427704,-0.032417990267276764,3254,3162,0.1986083984375,0.1929931640625
1-319949,grid,0.012570896185934544,0.010728638153523207,-0.005594462156295776,-0.012336216866970062,0.015278036938980222,0.01728691766038537,0.0394853800535202,0.046803902834653854,5557,36,0.33917236328125,0.002197265625
1-320267,grid,0.009082105942070484,0.009153909515589476,0.009819269180297852,0.009981367737054825,-0.008954239543527365,-0.008893453981727362,0.003091808408498764,0.0031224116683006287,2393,2365,0.14605712890625,0.14434814453125
1-320543,grid,-0.00030204886570572853,0.007256047800183296,-0.002424269914627075,-0.0021608173847198486,-0.016147978138178587,-0.012004271848127246,-0.009133629500865936,0.04354836791753769,5138,144,0.3135986328125,0.0087890625
1-320606,grid,-0.0057143536396324635,-0.005753110162913799,-0.017529286444187164,-0.017411261796951294,-0.011846581241115928,-0.011732714483514428,-0.0094984769821167,-0.009170562028884888,8416,8257,0.513671875,0.50396728515625
1-320912,grid,0.005515791475772858,0.005968071054667234,0.014960255473852158,0.014964751899242401,-0.012119311606511474,-0.01247594365850091,-0.023690782487392426,-0.02572472393512726,1580,1482,0.096435546875,0.0904541015625
1-321271,grid,-0.03832529531791806,-0.038615004159510136,-0.060649558901786804,-0.05945847928524017,-0.02859041327610612,-0.028337710537016392,-0.03932859003543854,-0.03826647251844406,10606,9145,0.6473388671875,0.55816650390625
1-321512,grid,-0.01669105188921094,-0.015571922063827515,-0.01872444897890091,-0.017483577132225037,-0.0171083128079772,-0.014403179753571749,0.024447791278362274,0.0302658062428236,2816,2134,0.171875,0.1302490234375
1-321684,grid,0.06165757915005088,0.045378888957202435,0.021180301904678345,0.02290022000670433,0.049406731966882944,0.0413022949360311,0.02397829294204712,0.04139578342437744,5172,93,0.315673828125,0.00567626953125
1-321739,grid,-0.00482269749045372,-0.0061401319690048695,0.02513740211725235,0.01897299662232399,0.00610190536826849,0.007681848481297493,0.022509202361106873,0.026691630482673645,3540,1979,0.216064453125,0.12078857421875
1-321932,grid,0.0067619928158819675,0.006956520024687052,0.02620626986026764,0.02816760167479515,0.017497837776318192,0.01815963047556579,0.018889635801315308,0.019747033715248108,911,797,0.05560302734375,0.04864501953125
1-321961,grid,0.0031801885925233364,0.003844692837446928,0.014479488134384155,0.01500583067536354,-0.014685558155179024,-0.014116926351562142,-0.022675208747386932,-0.0208236426115036,2014,1928,0.1229248046875,0.11767578125
1-321982,grid,0.01144067570567131,0.011694409884512424,0.0020025521516799927,0.002733789384365082,-0.0007412857376039028,-0.0005133578088134527,0.029514750465750694,0.030384300276637077,5548,5274,0.338623046875,0.3218994140625
1-322020,grid,0.018340752460062504,0.019434628076851368,-0.012546487152576447,-0.010232627391815186,0.023715590126812458,0.02412119461223483,0.00029227137565612793,0.002537038177251816,12718,11782,0.7762451171875,0.7191162109375
1-322240,grid,-0.0015474800020456314,-0.006466769613325596,-0.01934167742729187,-0.03171369433403015,-0.017756015062332153,-0.012011007871478796,-0.047148436307907104,-0.05926769971847534,6316,39,0.385498046875,0.00238037109375
1-322586,grid,0.044728913344442844,0.04452382866293192,0.02602071315050125,0.0182378888130188,0.03908592648804188,0.041297306306660175,0.03728043660521507,0.04016897454857826,5986,3628,0.3653564453125,0.221435546875
1-322802,grid,-0.0020894864574074745,-0.0021204138174653053,-0.04668952524662018,-0.04461637884378433,0.005936546251177788,0.004358015488833189,-0.005800135433673859,-0.0085233673453331,14539,13985,0.88739013671875,0.85357666015625
1-322806,grid,-0.011828145943582058,-0.013114202301949263,-0.022425808012485504,-0.021759532392024994,-0.0015297075733542442,-0.0006307419389486313,0.03846440464258194,0.038038741797208786,3745,3545,0.22857666015625,0.21636962890625
1-324389,grid,0.009580997284501791,0.008644972927868366,-0.01573234796524048,-0.02222166210412979,0.030096647329628468,0.03050374984741211,0.03481951355934143,0.031201228499412537,5883,2156,0.35906982421875,0.131591796875
1-324605,grid,-0.012212729547172785,-0.012285864911973476,-0.007106028497219086,-0.006395190954208374,-0.03661725344136357,-0.036395096220076084,-0.004252556711435318,-0.0031250789761543274,5210,5048,0.3179931640625,0.30810546875
1-324877,grid,0.012512948829680681,0.0018934337422251701,0.014962077140808105,0.02196769416332245,-0.023007404757663608,-0.019432659028097987,-0.029608234763145447,-0.021867483854293823,3620,83,0.220947265625,0.00506591796875
1-324879,grid,0.007214423734694719,0.007504257373511791,0.006777860224246979,0.008533567190170288,0.016678293235599995,0.015112766996026039,0.0465792715549469,0.04731817543506622,3412,3140,0.208251953125,0.191650390625
1-325038,grid,0.0007520071230828762,0.0018358025699853897,-0.007226340472698212,-0.017951682209968567,0.018255742732435465,0.01772223669104278,0.058516766875982285,0.05924580618739128,9864,1772,0.60205078125,0.108154296875
1-325492,grid,-0.004629360977560282,-0.001253532711416483,0.015683773905038834,0.012541137635707855,-0.03501953789964318,-0.032790486235171556,-0.018064290285110474,-0.010362766683101654,1742,814,0.1063232421875,0.0496826171875
1-325727,grid,-0.003373608458787203,-0.0018164105713367462,-0.006480678915977478,-0.004329420626163483,-0.009462412912398577,-0.014632344711571932,0.025605935603380203,0.020415470004081726,1520,616,0.0927734375,0.03759765625
1-325800,grid,-0.014713659882545471,-0.0029215128161013126,-0.021529532968997955,-0.004217937588691711,0.01820214930921793,0.015301706735044718,0.050164781510829926,0.043787624686956406,794,70,0.0484619140625,0.0042724609375
1-32585,grid,0.0037129074335098267,0.0046515995636582375,-0.00923524796962738,-0.0069259703159332275,-0.0026507244911044836,-0.001923167146742344,0.01559840515255928,0.019994884729385376,2344,1848,0.14306640625,0.11279296875
1-325918,grid,-0.008207004517316818,-0.012722349725663662,0.004777427762746811,-0.005002081394195557,-0.0030128590296953917,-0.005344687961041927,-0.0030930601060390472,-0.0008424706757068634,1488,568,0.0908203125,0.03466796875
1-325995,grid,0.003649108111858368,0.00421828543767333,-0.010781973600387573,-0.013258323073387146,0.025123422034084797,0.024441321846097708,0.05499894917011261,0.05657859519124031,2912,2176,0.177734375,0.1328125
1-326068,grid,0.014438102021813393,0.011526853777468204,-0.009315401315689087,-0.014862626791000366,-0.0017211828380823135,-0.004259938606992364,0.0034519657492637634,-0.005325727164745331,4869,2358,0.29718017578125,0.1439208984375
1-32643,grid,0.0009927451610565186,0.0052100783213973045,0.0051735080778598785,0.00831020250916481,0.0010328558273613453,0.004712096881121397,-0.0007349327206611633,0.004077248275279999,1784,340,0.10888671875,0.020751953125
1-333018,grid,-0.002752297092229128,-0.002651108894497156,0.005644835531711578,0.005772162228822708,0.0019717919640243053,0.0019222418777644634,-0.00437445193529129,-0.004289709031581879,1104,1090,0.0673828125,0.0665283203125
1-333381,grid,0.0012694364413619041,0.0009293342009186745,-0.0022607967257499695,-0.007706992328166962,-0.0012248805724084377,-0.0019126893021166325,0.0006701834499835968,0.0030158236622810364,5023,2529,0.30657958984375,0.15435791015625
1-333429,grid,-0.005192318931221962,-0.005192318931221962,-0.02231551706790924,-0.02231551706790924,0.004895833320915699,0.004895833320915699,0.03420219197869301,0.03420219197869301,4752,4752,0.2900390625,0.2900390625
1-333721,grid,-0.013131266459822655,-0.011844866909086704,-0.04910664260387421,-0.0475427508354187,0.0073444179724901915,0.007857883581891656,0.03474585339426994,0.03374800831079483,4836,4656,0.295166015625,0.2841796875
1-333824,grid,-0.016665547620505095,-0.016486728563904762,-0.0008217692375183105,0.003495045006275177,-0.005196924787014723,-0.006233480293303728,0.0007935576140880585,0.0019432157278060913,1019,900,0.06219482421875,0.054931640625
1-33389,grid,0.002335481345653534,0.0015298998914659023,0.014162823557853699,0.004689164459705353,0.0032741816248744726,0.003890849417075515,0.03193017095327377,0.04250717908143997,1556,1212,0.094970703125,0.073974609375
1-333998,grid,0.0043738302774727345,0.0060410164296627045,0.01993880793452263,0.02073124423623085,-0.001725032925605774,-0.0021508540958166122,-0.010565482079982758,-0.011809088289737701,2640,2126,0.1611328125,0.1297607421875
1-33518,grid,0.00784121174365282,0.0070066931657493114,0.012430179864168167,0.01195184513926506,-0.0034251431934535503,-0.004427443258464336,0.00903184711933136,0.005576558411121368,2216,2196,0.13525390625,0.134033203125
1-335441,grid,0.020494870375841856,0.016816875897347927,0.03424863517284393,0.03061269223690033,-0.00414591608569026,-0.0019378894940018654,-0.03922354429960251,-0.034172751009464264,593,553,0.03619384765625,0.03375244140625
1-335450,grid,0.009746421128511429,0.0030543659813702106,0.0030060410499572754,-0.0070071741938591,0.012106306850910187,0.008082997519522905,0.015089277178049088,0.002575516700744629,1747,966,0.10662841796875,0.0589599609375
1-335786,grid,-0.005008748732507229,-0.003592371940612793,-0.013811253011226654,-0.012200921773910522,0.0015964992344379425,0.0022292984649538994,0.03705378994345665,0.03227568417787552,2198,858,0.1341552734375,0.0523681640625
1-336095,grid,-0.0011500073596835136,-0.0035218982957303524,-0.007357053458690643,-0.01038430631160736,-0.014566041994839907,-0.012787411455065012,-0.020478330552577972,-0.018372327089309692,3555,1841,0.21697998046875,0.11236572265625
1-336336,grid,0.0032867593690752983,0.003256896510720253,-0.002650998532772064,-0.0037876740097999573,0.016232282854616642,0.017055631848052144,0.03400155156850815,0.03514491394162178,2496,1818,0.15234375,0.1109619140625
1-336486,grid,0.02071257820352912,0.017882002983242273,0.015565622597932816,0.006026893854141235,0.003413055557757616,0.002517590532079339,0.020223937928676605,0.01853998750448227,4340,2394,0.264892578125,0.1461181640625
1-336908,grid,0.00483940914273262,0.004247927572578192,0.04742760583758354,0.05171685293316841,-0.04648186592385173,-0.04137669410556555,-0.051347531378269196,-0.03565140813589096,3290,1519,0.2008056640625,0.09271240234375
1-33721,grid,0.009467849507927895,0.009001091122627258,-0.002397313714027405,-0.002681031823158264,0.008406390668824315,0.0075324473436921835,0.022019140422344208,0.019082318991422653,2089,1917,0.12750244140625,0.11700439453125
1-337230,grid,-0.0035734204575419426,-0.00424218038097024,-0.002535223960876465,-0.01854565739631653,-0.005903341807425022,-0.004734036512672901,-0.005209110677242279,0.0029524825513362885,1680,469,0.1025390625,0.02862548828125
1-338034,grid,0.022723889909684658,0.02236171718686819,0.004836082458496094,0.009069718420505524,0.00047359871678054333,0.00046800985001027584,0.020179864019155502,0.018231544643640518,5443,5195,0.33221435546875,0.31707763671875
1-338090,grid,-0.006963821593672037,-0.00854174280539155,-0.02735249698162079,-0.02534572035074234,-0.014776961179450154,-0.01615904737263918,-0.026679955422878265,-0.03476930409669876,7715,5160,0.47088623046875,0.31494140625
1-338113,grid,-0.03251067688688636,-0.02825058437883854,-0.052986517548561096,-0.04652649164199829,0.0025764680467545986,0.003456997685134411,0.03713621571660042,0.03879530355334282,6914,5380,0.4219970703125,0.328369140625
1-338237,grid,0.030992648098617792,0.03526231646537781,0.013352259993553162,0.029043622314929962,0.009051505476236343,0.007289145607501268,0.009059526026248932,0.01775214821100235,2783,974,0.16986083984375,0.0594482421875
1-338359,grid,-0.02144167246297002,-0.020177116617560387,-0.06698451936244965,-0.0723438411951065,-0.019619281869381666,-0.016727072186768055,-0.030254311859607697,-0.026853710412979126,13585,8143,0.82916259765625,0.49700927734375
1-338677,grid,0.002909750211983919,0.0027775270864367485,0.043062642216682434,0.04334552586078644,-0.026718168519437313,-0.026372424326837063,-0.034070320427417755,-0.03501627594232559,347,334,0.02117919921875,0.0203857421875
1-338796,grid,0.018529560416936874,0.01865038089454174,0.014340076595544815,0.017270926386117935,0.024262283695861697,0.022572671063244343,0.028092773631215096,0.028639793395996094,6909,6839,0.42169189453125,0.41741943359375
1-338828,grid,-0.005080628674477339,-0.00505331763997674,-0.009229660034179688,-0.00926421582698822,0.003892953973263502,0.003928416641429067,-0.0012899897992610931,-0.0011764317750930786,1397,1393,0.08526611328125,0.08502197265625
1-338963,grid,-0.019317273050546646,-0.01896974863484502,-0.007723294198513031,-0.006071515381336212,-0.007049445528537035,-0.007083644159138203,0.040135081857442856,0.039820484817028046,4450,4233,0.2716064453125,0.25836181640625
1-339041,grid,-0.0070501044392585754,-0.007358940783888102,-0.002586051821708679,-0.0027773305773735046,0.004407342756167054,0.004376328317448497,0.00989282876253128,0.00962895154953003,4691,4526,0.28631591796875,0.2762451171875
1-339042,grid,0.035846677143126726,0.035963349509984255,0.02776418998837471,0.0264904648065567,0.02008972829207778,0.01978017622604966,0.046036384999752045,0.04208126664161682,4957,4555,0.30255126953125,0.27801513671875
1-339116,grid,0.006791710387915373,0.0069718630984425545,0.02690863609313965,0.028319813311100006,-0.00748700276017189,-0.007529989816248417,-0.05156945437192917,-0.05193314701318741,781,765,0.04766845703125,0.04669189453125
1-34048,grid,-0.0010533817112445831,-0.002711996901780367,-0.02063491940498352,-0.019515231251716614,-0.00888250395655632,-0.012143959756940603,-0.012821145355701447,-0.013871915638446808,2546,1376,0.1553955078125,0.083984375
1-34179,grid,-0.015095754060894251,-0.014059941750019789,-0.04956239461898804,-0.055792100727558136,0.014602407347410917,0.011943815276026726,0.05068344622850418,0.06108616292476654,2880,1252,0.17578125,0.076416015625
1-351470,grid,-0.00035376381129026413,0.0009504351764917374,0.002755396068096161,0.002566099166870117,-0.019940821919590235,-0.01970276003703475,-0.04064711928367615,-0.037925221025943756,3646,2467,0.2225341796875,0.15057373046875
1-351566,grid,0.0033714999444782734,0.003514106385409832,0.016363050788640976,0.016570143401622772,-0.009745412040501833,-0.009866790613159537,-0.007697008550167084,-0.008087091147899628,1231,1176,0.07513427734375,0.07177734375
1-351790,grid,0.004937655758112669,0.004937655758112669,0.03581758588552475,0.03581758588552475,0.005219000857323408,0.005219000857323408,-0.004437070339918137,-0.004437070339918137,343,327,0.02093505859375,0.01995849609375
1-352245,grid,-0.006594500970095396,-0.007785916328430176,0.009417593479156494,0.01379070058465004,-0.009729413082823157,-0.011173280188813806,-0.02809007465839386,-0.02618655562400818,2112,1316,0.12890625,0.080322265625
1-352833,grid,-0.01419401541352272,-0.016012245789170265,-0.017799012362957,-0.0175393745303154,-0.0183134526014328,-0.01745907007716596,-0.004192732274532318,-0.0033779069781303406,6796,5788,0.414794921875,0.353271484375
1-35296,grid,-0.015077739022672176,-0.015199480578303337,-0.014261990785598755,-0.019084706902503967,0.007383664604276419,0.007054410874843597,0.013020865619182587,0.014525212347507477,2591,2491,0.15814208984375,0.15203857421875
1-35362,grid,-0.015900337137281895,-0.016323269810527563,-0.0178326815366745,-0.02914365381002426,-0.045733514707535505,-0.046906251925975084,-0.030487798154354095,-0.03981225937604904,3214,1780,0.1961669921875,0.108642578125
1-35371,grid,0.002366890199482441,0.00225389888510108,0.04253983497619629,0.042695388197898865,-0.0005908692255616188,-0.0006193183362483978,-0.013022460043430328,-0.012948699295520782,319,317,0.01947021484375,0.01934814453125
1-35528,grid,0.0005982317961752415,4.603574052453041e-05,0.00024584680795669556,0.008142702281475067,0.014800552278757095,0.01604550424963236,0.010903172194957733,0.0225740484893322,1264,983,0.0771484375,0.05999755859375
1-35580,grid,0.015249339863657951,0.015249339863657951,-0.010880164802074432,-0.010880164802074432,0.007147541269659996,0.007147541269659996,0.04357917979359627,0.04357917979359627,2283,2283,0.13934326171875,0.13934326171875
1-35716,grid,-0.044175167102366686,-0.04280438367277384,-0.03607866168022156,-0.038346000015735626,-0.003987686708569527,-0.005752360913902521,0.05716883763670921,0.04890421777963638,5749,5001,0.35089111328125,0.30523681640625
1-36004,grid,0.01497008465230465,0.014533824753016233,-0.016289465129375458,-0.019680418074131012,-0.0085842355620116,-0.008328936528414488,-0.009714074432849884,-0.009146913886070251,3716,3497,0.226806640625,0.21343994140625
1-36357,grid,0.0029996056109666824,0.0034374292008578777,0.007264316082000732,0.007647369056940079,-0.02785625495016575,-0.027850071899592876,-0.010463692247867584,-0.01316029578447342,4846,3190,0.2957763671875,0.1947021484375
1-36382,grid,0.006836890242993832,0.009185404516756535,-0.023005321621894836,-0.019077874720096588,0.0005115105304867029,-0.002365071326494217,0.03918559104204178,0.03522561490535736,5103,2638,0.31146240234375,0.1610107421875
1-36392,grid,-0.014442647341638803,-0.014492158312350512,0.008997097611427307,0.008815012872219086,-0.026375432033091784,-0.026477446779608727,-0.04439615458250046,-0.04465156048536301,542,541,0.0330810546875,0.03302001953125
1-364106,grid,0.0017343228682875633,0.0014686337672173977,0.007908277213573456,0.009641781449317932,-0.008987606270238757,-0.011446915101259947,0.003512769937515259,0.0037432461977005005,3624,2968,0.22119140625,0.18115234375
1-364559,grid,-0.0043035838752985,-0.005020131357014179,-0.014637455344200134,-0.017373360693454742,-0.01829111622646451,-0.017981181386858225,-0.029773958027362823,-0.031792156398296356,2161,2085,0.13189697265625,0.12725830078125
1-364846,grid,0.000814598985016346,0.0005176626145839691,-0.015682600438594818,-0.017008192837238312,0.011189020704478025,0.01037744153290987,0.030939385294914246,0.03733181580901146,1963,899,0.11981201171875,0.05487060546875
1-36593,grid,0.011130709201097488,0.011182400863617659,0.003829255700111389,0.003770478069782257,-0.0006234247703105211,-0.0013170433230698109,0.026336461305618286,0.024779651314020157,5812,4905,0.354736328125,0.29937744140625
1-368248,grid,-0.016919422894716263,-0.016919422894716263,0.0053838640451431274,0.0053838640451431274,-0.006217647343873978,-0.006217647343873978,-0.008027501404285431,-0.008027501404285431,1129,1129,0.06890869140625,0.06890869140625
1-36832,grid,-0.03366041649132967,-0.03365909308195114,-0.049438610672950745,-0.04925866425037384,-0.0022577447816729546,-0.0023183673620224,-0.0029102452099323273,-0.0032757967710494995,3605,3585,0.22003173828125,0.21881103515625
1-368442,grid,-0.017972579691559076,-0.018549711909145117,-0.02760632336139679,-0.02913130819797516,0.0014876066707074642,-0.001160153653472662,0.026589561253786087,0.026466697454452515,5344,1625,0.326171875,0.09918212890625
1-368603,grid,-0.0018100766465067863,-0.0031779385171830654,-4.26173210144043e-06,-0.0020126476883888245,-0.0011453777551651,-0.001553133362904191,-0.009153313934803009,-0.00557120144367218,1984,1877,0.12109375,0.11456298828125
1-368851,grid,-0.0015534721314907074,-0.0012842556461691856,0.01109488308429718,0.01200500875711441,-0.008609214331954718,-0.008457577787339687,-0.020649418234825134,-0.020138747990131378,2630,2524,0.1605224609375,0.154052734375
1-368926,grid,-0.0018643485382199287,-0.0015403218567371368,-0.015688903629779816,-0.015311501920223236,0.001654371153563261,0.0005419035442173481,0.026214756071567535,0.02520100772380829,12638,12432,0.7713623046875,0.7587890625
1-36925,grid,-0.007516689598560333,-0.008500572759658098,-0.0178946852684021,-0.019302591681480408,0.030607495456933975,0.030913893599063158,0.07686938345432281,0.0738649070262909,8912,6666,0.5439453125,0.4068603515625
1-37069,grid,-0.003872453235089779,-0.002537081018090248,0.013611577451229095,0.017089396715164185,-0.01565376832149923,-0.017038466408848763,0.0072285085916519165,0.004758059978485107,3762,2837,0.2296142578125,0.17315673828125
1-37126,grid,0.01546444371342659,0.017284903209656477,-0.0080171599984169,-0.0037023425102233887,0.012125043198466301,0.010819636285305023,0.013605497777462006,0.009277336299419403,1381,1099,0.08428955078125,0.06707763671875
1-37192,grid,0.01049314346164465,0.011849919334053993,0.027761202305555344,0.03257539123296738,0.00614851713180542,0.00566233042627573,-0.03950779139995575,-0.04382666200399399,1893,495,0.11553955078125,0.03021240234375
1-37201,grid,0.01197013445198536,0.007886608596891165,0.011559747159481049,-0.0007486715912818909,-0.009785424917936325,-0.008239848539233208,-0.007982619106769562,0.0021624043583869934,1596,1000,0.097412109375,0.06103515625
1-37211,grid,0.007434147875756025,0.007434147875756025,-0.008917443454265594,-0.008917443454265594,-0.0031341728754341602,-0.0031341728754341602,0.004015281796455383,0.004015281796455383,4102,4102,0.2503662109375,0.2503662109375
1-37213,grid,-0.03621488390490413,-0.03621488390490413,-0.04113497585058212,-0.04113497585058212,-5.420297384262085e-05,-5.420297384262085e-05,-0.0019092299044132233,-0.0019092299044132233,1910,1910,0.1165771484375,0.1165771484375
1-373191,grid,-0.005756388884037733,-0.0036111436784267426,-0.015434496104717255,-0.012108735740184784,0.002085038460791111,0.0038515503983944654,0.026750607416033745,0.03159084916114807,7753,927,0.47320556640625,0.05657958984375
1-373354,grid,-0.02328014699742198,-0.021814668085426092,-0.017255552113056183,-0.013265274465084076,-0.0021819020621478558,-0.003287745639681816,0.007625892758369446,0.018895655870437622,3192,1607,0.19482421875,0.09808349609375
1-37388,grid,-0.017812723759561777,-0.017305482644587755,-0.029688067734241486,-0.031155556440353394,0.021403761114925146,0.019910523667931557,0.05356781557202339,0.06310518831014633,8401,1034,0.51275634765625,0.0631103515625
1-37418,grid,-0.0005631111562252045,-0.0004966035485267639,-0.016917943954467773,-0.017464622855186462,-0.014397069346159697,-0.013995541259646416,-0.04530218243598938,-0.043210044503211975,1240,1044,0.07568359375,0.063720703125
1-375009,grid,-0.00044416310265660286,0.002981344237923622,-0.029289737343788147,-0.025962188839912415,-0.008843493182212114,-0.007945799734443426,-0.030023492872714996,-0.017652682960033417,8509,1665,0.51934814453125,0.10162353515625
1-375695,grid,0.018082030583173037,0.018110171891748905,0.030502937734127045,0.03480307757854462,0.007330673281103373,0.008217156399041414,0.019679006189107895,0.02020508423447609,5052,4600,0.308349609375,0.28076171875
1-375869,grid,-0.013143701944500208,-0.014665583148598671,-0.015898510813713074,-0.02341565489768982,-0.020062193274497986,-0.017391348723322153,-0.03497602790594101,-0.024004541337490082,3493,1329,0.21319580078125,0.08111572265625
1-375992,grid,0.003814290277659893,0.003799199126660824,-0.015219420194625854,-0.014048568904399872,0.017540978966280818,0.01829202612861991,0.03702860698103905,0.03748239204287529,1798,1559,0.1097412109375,0.09515380859375
1-37606,grid,-0.011692281812429428,-0.010873129591345787,0.005090136080980301,0.0036288127303123474,0.007568346336483955,0.0067791929468512535,0.02161184325814247,0.02435753494501114,2849,1967,0.17388916015625,0.12005615234375
1-376429,grid,0.0011831894516944885,0.0009356895461678505,0.010862436145544052,0.012312754988670349,0.007394390180706978,0.007467510178685188,-0.04077877104282379,-0.04068735986948013,630,520,0.0384521484375,0.03173828125
1-37727,grid,-0.03267879504710436,-0.03183228662237525,-0.05396389216184616,-0.05526157468557358,-0.0006462694145739079,-0.0019655474461615086,-0.0042769648134708405,-0.002365279942750931,2715,1488,0.16571044921875,0.0908203125
1-377378,grid,-0.001769730355590582,-0.0013636061921715736,-0.018882766366004944,-0.020050697028636932,0.020105880219489336,0.016217943746596575,0.004141852259635925,0.0015531927347183228,1179,600,0.07196044921875,0.03662109375
1-377560,grid,-0.0071511161513626575,-0.007290448062121868,-0.010156989097595215,-0.013198569416999817,-0.003267694730311632,-0.005353772547096014,-0.006812162697315216,-0.014819689095020294,1726,1283,0.1053466796875,0.07830810546875
1-377626,grid,-0.012490878347307444,-0.008080224506556988,-0.03999333828687668,-0.032165154814720154,-0.0010815353598445654,-7.740966975688934e-05,0.02643548510968685,0.020735234022140503,2994,243,0.1827392578125,0.01483154296875
1-377679,grid,0.01343909977003932,0.012971852906048298,0.024382658302783966,0.027043186128139496,-0.005563775077462196,-0.0064047351479530334,0.03048516809940338,0.026549581438302994,8538,6145,0.5211181640625,0.37506103515625
1-37769,grid,0.0014670668169856071,0.0017844224348664284,0.004547394812107086,0.004330195486545563,-0.015522039029747248,-0.015813640551641583,0.011543340981006622,0.011438697576522827,3529,3103,0.21539306640625,0.18939208984375
1-377787,grid,0.048199291341006756,0.042657237499952316,0.01960214227437973,0.013140887022018433,0.02837822283618152,0.02509301109239459,0.026566823944449425,0.026672936975955963,10023,315,0.61175537109375,0.01922607421875
1-378394,grid,-0.057571316603571177,-0.05556963477283716,-0.09157797694206238,-0.08433236181735992,-0.038789885118603706,-0.03886215714737773,-0.03252431005239487,-0.029485590755939484,6774,3189,0.4134521484375,0.19464111328125
1-378401,grid,-0.012990692630410194,-0.006426757201552391,-0.04922056943178177,-0.02253711223602295,-0.007104132324457169,0.003891022875905037,-0.0025598034262657166,0.018060393631458282,3743,50,0.22845458984375,0.0030517578125
1-378479,grid,0.028546566143631935,0.027250159066170454,-0.02841029316186905,-0.024911053478717804,0.03286059619858861,0.033724189503118396,0.024825502187013626,0.026221515610814095,10500,9714,0.640869140625,0.5928955078125
1-378795,grid,-0.056783202569931746,-0.05789469555020332,-0.08947831392288208,-0.09540610015392303,-0.03362918412312865,-0.030759909190237522,-0.04239191859960556,-0.030173711478710175,12957,10833,0.79083251953125,0.66119384765625
1-378966,grid,-0.01048288494348526,-0.010833279229700565,-0.046516790986061096,-0.04620093107223511,-0.005752775818109512,-0.005481481086462736,0.026750562712550163,0.027505889534950256,10132,9802,0.618408203125,0.5982666015625
1-379030,grid,0.005792939569801092,0.006231042556464672,-0.007041335105895996,-0.005346260964870453,0.0021343936678022146,0.003393549704924226,-0.01455555111169815,-0.010927371680736542,5394,1443,0.3292236328125,0.08807373046875
1-379045,grid,0.003953122533857822,0.0041855378076434135,-0.0031809955835342407,-0.0031895339488983154,0.019576420076191425,0.019509723875671625,-0.006761990487575531,0.004149693995714188,758,349,0.0462646484375,0.02130126953125
1-37908,grid,-0.0063177673146128654,-0.006949642673134804,-0.002687022089958191,-0.0032495111227035522,0.0016911779530346394,0.0017133280634880066,0.011327624320983887,0.012075349688529968,1578,1565,0.0963134765625,0.09552001953125
1-379214,grid,0.004723721649497747,0.0015369728207588196,0.021846584975719452,0.011760137975215912,-0.0007397737354040146,-0.005730242468416691,-0.0037950389087200165,-0.008729405701160431,1729,420,0.10552978515625,0.025634765625
1-379241,grid,0.007933290209621191,0.009355897083878517,0.020137526094913483,0.016689494252204895,-0.00792673695832491,-0.007198571227490902,-0.04895354062318802,-0.04329713433980942,1704,956,0.10400390625,0.058349609375
1-379380,grid,0.026158456690609455,0.02437211526557803,-0.008563876152038574,-0.01371532678604126,0.013701871270313859,0.016676697647199035,0.012739911675453186,0.005039792507886887,9567,8055,0.58392333984375,0.49163818359375
1-379536,grid,-0.007029051426798105,-0.008508497849106789,-0.019355684518814087,-0.02714349329471588,0.005076924338936806,0.006407682318240404,0.019608940929174423,0.033149801194667816,1221,761,0.07452392578125,0.04644775390625
1-379741,grid,-0.011947737075388432,-0.011791137047111988,-0.011000007390975952,-0.01024065911769867,0.025512758875265718,0.02570246788673103,0.028933940455317497,0.028266670182347298,4412,3892,0.269287109375,0.237548828125
1-380000,grid,-0.040986408945173025,-0.03909636940807104,-0.05065084993839264,-0.05379021167755127,-0.0017313044518232346,-0.0015646936371922493,0.007779523730278015,-0.0005473420023918152,2051,1794,0.12518310546875,0.1094970703125
1-38017,grid,-0.012772250920534134,-0.010950061026960611,-0.00022732466459274292,-0.0004731118679046631,-0.02319032372906804,-0.019169780425727367,-0.009553320705890656,-0.012101732194423676,3938,3050,0.2403564453125,0.1861572265625
1-38033,grid,-0.031307837925851345,-0.02997720055282116,-0.044146060943603516,-0.04687739908695221,0.00426857452839613,0.004813643172383308,0.007532209157943726,0.008568018674850464,3009,1811,0.18365478515625,0.11053466796875
1-38042,grid,-0.0016207648441195488,-0.00024996697902679443,0.012867234647274017,0.016317851841449738,-0.014416968449950218,-0.014639091677963734,-0.04296489804983139,-0.04277549684047699,1541,1293,0.09405517578125,0.07891845703125
1-38160,grid,-0.005500131752341986,-0.003910927101969719,-0.028847604990005493,-0.02860422432422638,0.019755210261791945,0.01695919083431363,0.0336281843483448,0.02816804125905037,2731,2078,0.16668701171875,0.1268310546875
1-382312,grid,-0.003333181608468294,-0.003805294632911682,-0.00041610002517700195,-0.0009902864694595337,0.023459272924810648,0.023790468461811543,0.0597759373486042,0.06046309322118759,2180,2084,0.133056640625,0.127197265625
1-382322,grid,-0.011272881180047989,-0.011815293692052364,-0.035416364669799805,-0.03566440939903259,0.00910151656717062,0.009890198241919279,0.010871030390262604,0.010379187762737274,14486,12691,0.8841552734375,0.77459716796875
1-382459,grid,-0.022152628283947706,-0.022389860823750496,-0.015934430062770844,-0.016587331891059875,0.009991656988859177,0.008678549900650978,0.04921925067901611,0.03781436011195183,9592,8544,0.58544921875,0.521484375
1-382696,grid,0.020286659244447947,0.018426536116749048,0.028167586773633957,0.01287762075662613,0.0021739655639976263,-0.0033313119783997536,0.0007851570844650269,-0.005240071564912796,1923,712,0.11737060546875,0.04345703125
1-382697,grid,-0.006640936713665724,-0.005483236629515886,0.014824066311120987,0.013462990522384644,-0.01225896691903472,-0.008526230696588755,0.0010791830718517303,0.0003201141953468323,851,487,0.05194091796875,0.02972412109375
1-382712,grid,0.0074343555606901646,0.007400488946586847,0.014200691133737564,0.014236658811569214,-0.005776764126494527,-0.005718441680073738,0.0034964829683303833,0.003539353609085083,3774,3770,0.2303466796875,0.2301025390625
1-383050,grid,0.002551757264882326,0.0007605128921568394,0.011119470000267029,0.009370483458042145,0.005742449313402176,0.007974551059305668,0.04004707187414169,0.044141434133052826,2144,1715,0.130859375,0.10467529296875
1-383171,grid,0.000892197247594595,0.0008827121928334236,0.017126303166151047,0.01720273494720459,-0.0029319957830011845,-0.00292752543464303,0.026236802339553833,0.026526162400841713,934,932,0.0570068359375,0.056884765625
1-38352,grid,0.013826088048517704,0.013709743041545153,0.029532425105571747,0.036024246364831924,-0.00024689314886927605,0.0008951844647526741,-0.037960976362228394,-0.025134414434432983,941,250,0.05743408203125,0.0152587890625
1-38354,grid,-0.05089237727224827,-0.046821247320622206,-0.046001970767974854,-0.033310264348983765,-0.016367259435355663,-0.005350814899429679,0.025309477001428604,0.03878118842840195,3109,199,0.18975830078125,0.01214599609375
1-383751,grid,0.008148304652422667,0.010656982194632292,0.02252848818898201,0.018589802086353302,0.0011138792615383863,-6.427569314837456e-05,0.03346298635005951,0.032863009721040726,2224,1570,0.1357421875,0.0958251953125
1-38379,grid,0.0014937715604901314,0.002539199311286211,0.01136958971619606,0.009178020060062408,-0.0077043985947966576,-0.003079360816627741,-0.0486011728644371,-0.03984261304140091,1061,927,0.06475830078125,0.05657958984375
1-38381,grid,0.00623619370162487,0.006280300207436085,0.019818291068077087,0.019411426037549973,-0.0268878024071455,-0.026251396629959345,-0.0656898021697998,-0.06879403442144394,1852,1712,0.113037109375,0.1044921875
1-38398,grid,0.005716484505683184,0.004073187708854675,0.010707598179578781,0.00799611583352089,0.008201001677662134,0.010387496557086706,0.011499404907226562,0.010721635073423386,1530,784,0.0933837890625,0.0478515625
1-384124,grid,0.012668032199144363,0.01538375811651349,0.028779998421669006,0.037104930728673935,0.00017939368262887,-0.0004862355999648571,0.0093279629945755,0.0040112994611263275,631,294,0.03851318359375,0.0179443359375
1-38428,grid,-0.00794901279732585,0.0016953609883785248,-0.019346140325069427,-0.003747686743736267,0.008731327019631863,0.005962653085589409,0.023339897394180298,0.014172084629535675,2873,143,0.17535400390625,0.00872802734375
1-384396,grid,-0.004420028068125248,-0.0036997604183852673,0.01586979627609253,0.01995888352394104,0.02186745242215693,0.021686010295525193,0.022778939455747604,0.021406985819339752,2871,2562,0.17523193359375,0.1563720703125
1-384789,grid,0.009378962218761444,0.007917666807770729,-0.009003505110740662,-0.0015557780861854553,-0.0016105161048471928,0.0009367829188704491,0.0018241629004478455,0.0036479011178016663,7025,539,0.42877197265625,0.03289794921875
1-384848,grid,-0.005053278524428606,-0.005053278524428606,-0.010665908455848694,-0.010665908455848694,-0.01665919739753008,-0.01665919739753008,-0.005212821066379547,-0.005212821066379547,2219,2219,0.13543701171875,0.13543701171875
1-385129,grid,0.0065459092147648335,0.006282817106693983,0.015574567019939423,0.015178069472312927,0.013482513837516308,0.014352790080010891,0.0046636685729026794,0.004927989095449448,1649,1584,0.10064697265625,0.0966796875
1-385153,grid,-0.004765860270708799,-0.005059547256678343,0.003885112702846527,0.0037637650966644287,0.00024269474670290947,-0.0019517482724040747,0.03241870552301407,0.02998865395784378,2120,1552,0.12939453125,0.0947265625
1-385225,grid,-0.025417341850697994,-0.025565450079739094,-0.03595367819070816,-0.03461669385433197,0.02070240257307887,0.021980097983032465,0.045756660401821136,0.047207728028297424,9467,8950,0.57781982421875,0.5462646484375
1-385342,grid,-0.007907664868980646,-0.007907664868980646,-0.014104574918746948,-0.014104574918746948,0.009881159756332636,0.009881159756332636,0.03355354815721512,0.03355354815721512,2106,2106,0.1285400390625,0.1285400390625
1-385544,grid,-0.018690144177526236,-0.01880949316546321,-0.030677124857902527,-0.030811481177806854,-0.009286904707551003,-0.009203982539474964,0.009422723203897476,0.00834648311138153,3633,3551,0.22174072265625,0.21673583984375
1-385547,grid,0.003017387818545103,0.0024616108275949955,0.015142738819122314,0.01268589124083519,-0.013758771121501923,-0.016069204080849886,-0.004615277051925659,-0.0060781389474868774,2945,2640,0.17974853515625,0.1611328125
1-385828,grid,-0.012742461636662483,-0.013410263229161501,-0.006268441677093506,-0.017925918102264404,0.00514417327940464,0.005704381735995412,0.022864528000354767,0.032226912677288055,4340,1673,0.264892578125,0.10211181640625
1-386154,grid,0.005178258288651705,0.0069030351005494595,0.03990183025598526,0.045038215816020966,0.003165668807923794,0.0032909675501286983,-0.009721420705318451,-0.004500746726989746,495,312,0.03021240234375,0.01904296875
1-386400,grid,0.011625168845057487,0.011690532322973013,0.014926914125680923,0.015015043318271637,0.01561091560870409,0.015669511631131172,0.031578466296195984,0.031733568757772446,5637,5582,0.34405517578125,0.3406982421875
1-386430,grid,0.006156211718916893,0.007958326954394579,0.03878408297896385,0.03371882438659668,-0.022600546712055802,-0.017687635263428092,-0.007148094475269318,-0.003721412271261215,2139,1473,0.13055419921875,0.08990478515625
1-386605,grid,0.008061382919549942,0.008043180219829082,0.026703953742980957,0.026334039866924286,-0.0035698306746780872,-0.003350547980517149,0.02368120476603508,0.024033106863498688,3002,2944,0.1832275390625,0.1796875
1-386826,grid,-0.016951327212154865,-0.01868773577734828,-0.02239396423101425,-0.017965562641620636,0.005296221235767007,0.005459991283714771,0.0669366717338562,0.0728147029876709,4243,1160,0.25897216796875,0.07080078125
1-386876,grid,0.0033970773220062256,0.0033970773220062256,0.02825114130973816,0.02825114130973816,-0.012919395696371794,-0.012919395696371794,-0.02264624834060669,-0.02264624834060669,1641,1641,0.10015869140625,0.10015869140625
1-386913,grid,-0.02598100481554866,-0.02947859838604927,0.02074699103832245,0.006674535572528839,0.01625536778010428,0.023575447034090757,0.04174747318029404,0.056930575519800186,2502,1458,0.1527099609375,0.0889892578125
1-386932,grid,-0.012940102722495794,-0.012930878903716803,0.02485325187444687,0.024803154170513153,0.0011702915653586388,0.0011747325770556927,0.003727070987224579,0.0037484504282474518,485,484,0.02960205078125,0.029541015625
1-387106,grid,0.04660029336810112,0.04867067839950323,0.04352203384041786,0.03601974993944168,-0.0013767690397799015,0.0010257968679070473,0.032456886023283005,0.03621016442775726,9426,5994,0.5753173828125,0.3658447265625
1-387136,grid,0.009679761715233326,0.009345252998173237,0.0004067942500114441,0.0011033415794372559,0.029875491512939334,0.03001797548495233,0.04015417397022247,0.04097075015306473,3573,3116,0.21807861328125,0.190185546875
1-387439,grid,-0.007979688234627247,-0.009252541698515415,0.012038260698318481,0.013380035758018494,-0.003033824497833848,-0.00601981533691287,0.025647612288594246,0.03171658143401146,2880,1446,0.17578125,0.0882568359375
1-387482,grid,-0.013376726303249598,-0.013230213429778814,0.01120583713054657,0.010419439524412155,-0.007696731481701136,-0.007204996421933174,-0.01462603360414505,-0.014404796063899994,464,412,0.0283203125,0.025146484375
1-38802,grid,-0.044127470813691616,-0.043559190817177296,-0.09554734826087952,-0.09644976258277893,0.007530514150857925,0.00610382528975606,0.06498762220144272,0.07432152330875397,13247,10048,0.80853271484375,0.61328125
1-389499,grid,-0.012640013359487057,-0.01399793941527605,-0.007853984832763672,-0.009282082319259644,0.0004569017328321934,-0.001752709737047553,0.04187604784965515,0.042995207011699677,4445,3137,0.27130126953125,0.19146728515625
1-389509,grid,0.005786491557955742,0.00574603583663702,0.012429337948560715,0.005453966557979584,-0.008511240594089031,-0.011097264476120472,-0.009324975311756134,-0.005029261112213135,1752,997,0.10693359375,0.06085205078125
1-390054,grid,0.03637590305879712,0.037650120444595814,0.0351683646440506,0.03140284866094589,-0.018703057430684566,-0.018756285775452852,0.023718833923339844,0.02394969016313553,5547,4776,0.33856201171875,0.29150390625
1-390282,grid,-0.04533251840621233,-0.044326091185212135,-0.04766194522380829,-0.050284333527088165,0.001045718789100647,-0.0007928828708827496,0.04507165029644966,0.05002586916089058,5109,3544,0.31182861328125,0.21630859375
1-390521,grid,0.0031488905660808086,0.0031488905660808086,0.024928070604801178,0.024928070604801178,0.012522529810667038,0.012522529810667038,0.0011447444558143616,0.0011447444558143616,336,336,0.0205078125,0.0205078125
1-39196,grid,-0.0048941378481686115,-0.004342452622950077,0.015558667480945587,0.015860244631767273,-0.019831192679703236,-0.018722022883594036,-0.04182754456996918,-0.04128314554691315,579,457,0.03533935546875,0.02789306640625
1-392007,grid,0.0066264173947274685,0.007946121972054243,0.02922356128692627,0.014893382787704468,0.01366910245269537,0.013516400940716267,-0.008158080279827118,-0.018701739609241486,429,338,0.02618408203125,0.0206298828125
1-392067,grid,-0.017761513590812683,-0.016343190800398588,-0.012773081660270691,-0.01142372190952301,0.006529734469950199,0.004711775109171867,-0.002193234860897064,0.0010668560862541199,2273,1300,0.13873291015625,0.079345703125
1-392720,grid,-0.01785509055480361,-0.019108681473881006,-0.0026580393314361572,-0.006644129753112793,0.018335192697122693,0.017272668657824397,0.015424594283103943,0.013682909309864044,10041,9416,0.61285400390625,0.57470703125
1-39333,grid,0.009983768686652184,0.01047608908265829,-0.04058048129081726,-0.03688491880893707,0.016582488548010588,0.01938253454864025,0.07098172605037689,0.06745506823062897,11026,6895,0.6729736328125,0.42083740234375
1-394326,grid,-0.03139326022937894,-0.03107541613280773,-0.024108916521072388,-0.029104143381118774,0.0068411489482969046,0.0038158788811415434,0.066920205950737,0.05767939239740372,12950,875,0.7904052734375,0.05340576171875
1-394404,grid,0.011804602574557066,0.011504737194627523,0.00526074692606926,0.006199166178703308,0.00042825378477573395,3.6603305488824844e-05,0.022794514894485474,0.021238896995782852,4304,3976,0.2626953125,0.24267578125
1-397212,grid,0.02035668957978487,0.020552898291498423,0.010957174003124237,0.009017430245876312,-0.001780395396053791,-0.0011508769821375608,0.026369627565145493,0.025435468181967735,4834,4387,0.2950439453125,0.26776123046875
1-39741,grid,-0.015431412030011415,-0.010228787548840046,-0.0089450404047966,0.01948646456003189,0.0049899001605808735,0.004448391031473875,0.05652732402086258,0.0518212616443634,6153,214,0.37554931640625,0.0130615234375
1-397456,grid,-0.036664052400738,-0.036846572533249855,-0.0513283908367157,-0.05196590721607208,-0.011105923913419247,-0.011392862070351839,0.037282757461071014,0.03606920316815376,6553,6221,0.39996337890625,0.37969970703125
1-39805,grid,-0.0019079004414379597,-0.0022081839852035046,0.003715530037879944,0.002195805311203003,-0.00532161770388484,-0.005030156811699271,0.019332371652126312,0.021033264696598053,4928,4100,0.30078125,0.250244140625
1-39830,grid,-0.019541572779417038,-0.01887037605047226,-0.05429575592279434,-0.051515862345695496,0.0006421769503504038,-0.00013228552415966988,0.0496542751789093,0.05002565681934357,7687,6350,0.46917724609375,0.3875732421875
1-40006,grid,-0.0073476373217999935,-0.007307073567062616,-0.017144277691841125,-0.018623709678649902,-0.001082426169887185,-0.0009486882481724024,0.03417497128248215,0.03441060334444046,1571,1539,0.09588623046875,0.09393310546875
1-40058,grid,-0.0051267677918076515,-0.005121731199324131,-0.028707638382911682,-0.028678640723228455,0.0156841017305851,0.015598598401993513,0.030415214598178864,0.03022731840610504,1611,1607,0.09832763671875,0.09808349609375
1-401864,grid,-0.008504831697791815,-0.008313642349094152,-7.356703281402588e-05,0.0004823952913284302,-0.012909457553178072,-0.013303739950060844,-0.0023655369877815247,-0.004255399107933044,2526,2492,0.1541748046875,0.152099609375
1-401876,grid,0.0018084007315337658,0.002468809485435486,0.004764173179864883,0.003666602075099945,-0.018123663030564785,-0.019156171940267086,-1.0125339031219482e-05,0.0010573938488960266,5198,3542,0.3172607421875,0.2161865234375
1-401964,grid,0.00044816266745328903,-0.00019734539091587067,-0.023180752992630005,-0.0212743878364563,-0.018170200288295746,-0.020090111531317234,0.01799522340297699,0.010568547993898392,9869,6307,0.60235595703125,0.38494873046875
1-40201,grid,0.01868509780615568,0.02196241682395339,-0.013402923941612244,-0.0022654682397842407,0.003510504961013794,0.003861679695546627,0.06537024676799774,0.06955624371767044,10677,8970,0.65167236328125,0.5474853515625
1-40212,grid,-0.018118562642484903,-0.01831543492153287,-0.023178108036518097,-0.022665977478027344,-0.012736775446683168,-0.012813613284379244,-0.0009879618883132935,-0.0016165748238563538,3018,2950,0.1842041015625,0.1800537109375
1-40248,grid,-0.005817548371851444,-0.004449745174497366,0.014475710690021515,0.012652911245822906,0.0017594518139958382,-0.004092969466000795,0.004413004964590073,-0.004375331103801727,4281,2998,0.26129150390625,0.1829833984375
1-403619,grid,-0.008283843751996756,-0.008812571410089731,-0.005272760987281799,-0.0036016255617141724,0.017072505317628384,0.01938077574595809,-0.00478004664182663,-0.0001588389277458191,1394,930,0.0850830078125,0.0567626953125
1-403672,grid,0.006632426753640175,0.003937387838959694,-0.018067754805088043,-0.020893529057502747,0.00838129548355937,0.009773931233212352,0.0383627787232399,0.042604297399520874,2034,1375,0.1241455078125,0.08392333984375
1-403684,grid,-0.008498379494994879,-0.007659691385924816,-0.006025046110153198,-0.005291789770126343,0.0020094714127480984,0.0011750534176826477,-0.019430749118328094,-0.02426401525735855,2399,2180,0.14642333984375,0.133056640625
1-404032,grid,0.00263746315613389,0.002102934755384922,0.009707242250442505,0.00848817452788353,0.019185233861207962,0.017459347378462553,-0.010175123810768127,-0.012339197099208832,2458,2207,0.1500244140625,0.13470458984375
1-404070,grid,-0.027275321073830128,-0.02693607285618782,-0.03250919282436371,-0.03917478024959564,-0.007765046786516905,-0.008276722161099315,0.02399202436208725,0.028921088203787804,2473,839,0.15093994140625,0.05120849609375
1-404102,grid,-0.042253369465470314,-0.04478193819522858,-0.04561915993690491,-0.05795598775148392,0.00416073901578784,0.005068575963377953,0.04850064590573311,0.05533003434538841,3425,2620,0.20904541015625,0.159912109375
1-404293,grid,-0.04523310996592045,-0.04735403601080179,-0.05525243282318115,-0.05590449273586273,-0.000953572103753686,-0.0010423590429127216,0.029467301443219185,0.03524148464202881,14347,7075,0.87567138671875,0.43182373046875
1-405457,grid,-9.296787902712822e-05,-0.0006921263411641121,0.008985009044408798,0.008081480860710144,-0.01523330993950367,-0.015531525015830994,-0.06367332488298416,-0.0635952278971672,1367,1286,0.08343505859375,0.0784912109375
1-405760,grid,0.011564013082534075,0.010222385171800852,0.019587989896535873,0.020601872354745865,0.021751003805547953,0.023517298977822065,-0.01985517144203186,-0.024609841406345367,1165,686,0.07110595703125,0.0418701171875
1-40793,grid,0.04889746988192201,0.04965041158720851,0.04478934034705162,0.0478239431977272,-0.0015201792120933533,-0.003321414813399315,0.018721800297498703,0.02068014070391655,7071,6315,0.43157958984375,0.38543701171875
1-409200,grid,0.0029118326492607594,0.001993293408304453,-0.007687963545322418,-0.011651858687400818,0.0005077680107206106,-0.0007331175729632378,0.02683020941913128,0.025034857913851738,1743,731,0.10638427734375,0.04461669921875
1-409473,grid,-0.002743864431977272,-0.0036070169880986214,-0.007049471139907837,-0.007579244673252106,0.02176461322233081,0.02246320154517889,0.00536743551492691,0.0030809715390205383,1156,1096,0.070556640625,0.06689453125
1-409482,grid,0.010889667086303234,0.004870311822742224,0.04500044137239456,0.018295317888259888,0.006411516107618809,-0.00022638775408267975,-0.04295802116394043,-0.008446946740150452,817,156,0.04986572265625,0.009521484375
1-409567,grid,-0.018998323008418083,-0.02071877708658576,-0.029431864619255066,-0.022847332060337067,-0.0074196550995111465,-0.004848034121096134,0.031488724052906036,0.03973131626844406,6277,1860,0.38311767578125,0.113525390625
1-410131,grid,-0.00024496903643012047,-0.0008584968745708466,0.03243391588330269,0.006092093884944916,0.0022676708176732063,0.0010041040368378162,-0.015712641179561615,0.0022793039679527283,401,46,0.02447509765625,0.0028076171875
1-412105,grid,-0.012136383913457394,-0.010203191079199314,-0.01336623728275299,-0.008621595799922943,0.01114709535613656,0.008822791976854205,0.026782110333442688,0.029804063960909843,3763,1878,0.22967529296875,0.1146240234375
1-412128,grid,-0.007165114860981703,-0.0075787752866744995,-0.02109113335609436,-0.019362270832061768,0.023640899220481515,0.024981993017718196,0.015363726764917374,0.016078390181064606,2274,1925,0.1387939453125,0.11749267578125
1-412207,grid,0.005415956489741802,0.00209512235596776,0.013804838061332703,0.018314965069293976,-0.0039777304045856,-0.005581184756010771,0.022379502654075623,0.02601814642548561,2164,1650,0.132080078125,0.1007080078125
1-412851,grid,-0.00124342180788517,-0.006231219042092562,0.03235473483800888,0.008621923625469208,0.0019322261214256287,-3.8699712604284286e-05,-0.021873272955417633,-0.023793406784534454,348,66,0.021240234375,0.0040283203125
1-413061,grid,0.009064766112715006,0.009064763318747282,9.712576866149902e-05,9.712576866149902e-05,-0.006054041674360633,-0.0060540600679814816,0.02038462460041046,0.020384598523378372,15923,15603,0.97186279296875,0.95233154296875
1-415430,grid,-0.002858750056475401,-0.0028880219906568527,-0.0007096901535987854,-0.00038467347621917725,-0.0069369166158139706,-0.00702260946854949,0.00015771761536598206,2.2992491722106934e-05,2299,2286,0.14031982421875,0.1395263671875
1-415475,grid,0.04396839812397957,0.040734241250902414,0.04165869951248169,0.03986545652151108,-0.024001856334507465,-0.025755879003554583,-0.0009525790810585022,0.006708040833473206,4691,1857,0.28631591796875,0.11334228515625
1-415848,grid,0.0059811691753566265,0.003567132633179426,-0.005281612277030945,-0.008953914046287537,0.014563235687091947,0.015064394567161798,0.024231240153312683,0.019289925694465637,5314,3902,0.3243408203125,0.2381591796875
1-415931,grid,0.013394516427069902,0.013396737165749073,0.023369397968053818,0.023382563143968582,-0.014979929197579622,-0.014981049578636885,-0.02200266718864441,-0.021996885538101196,1576,1575,0.09619140625,0.09613037109375
1-415939,grid,0.02287687361240387,0.02099394565448165,0.023252379149198532,0.020521793514490128,0.014155721757560968,0.013912615599110723,0.02221689373254776,0.009483151137828827,6088,4021,0.37158203125,0.24542236328125
1-416039,grid,0.00837432686239481,0.008346643298864365,1.51023268699646e-05,-0.00024059414863586426,0.014100590022280812,0.014113427372649312,0.049266278743743896,0.04942556098103523,11502,10885,0.7020263671875,0.66436767578125
1-418006,grid,0.0038398848846554756,0.003408432938158512,-0.009446203708648682,-0.015360794961452484,-0.0016929698176681995,-0.001667063683271408,-0.022670544683933258,-0.023125171661376953,1732,1102,0.105712890625,0.0672607421875
1-418014,grid,0.027078159153461456,0.027745454106479883,0.04217127338051796,0.04432246834039688,-0.0002526538446545601,0.0019055884331464767,0.015351515263319016,0.01367345079779625,4368,2712,0.2666015625,0.16552734375
1-418252,grid,-0.015067728701978922,-0.01609175931662321,-0.020547188818454742,-0.017615698277950287,-0.006454886868596077,-0.00717557268217206,-0.007509641349315643,-0.008237391710281372,3603,3394,0.21990966796875,0.2071533203125
1-418974,grid,0.013266289606690407,0.010892679914832115,0.015416845679283142,0.012951157987117767,-0.010078560095280409,-0.009765791473910213,0.0005665607750415802,0.0025274083018302917,2328,964,0.14208984375,0.058837890625
1-419166,grid,-0.01595030538737774,-0.0107751889154315,-0.003905065357685089,0.006058190017938614,-0.015794787788763642,-0.012276314664632082,0.020510710775852203,0.04618004709482193,4668,137,0.284912109375,0.00836181640625
1-419240,grid,0.0007423027418553829,-0.001003478653728962,-0.0033919140696525574,-0.008911579847335815,-0.009970366721972823,-0.011345165316015482,0.005019254982471466,-0.00839293748140335,6763,5259,0.41278076171875,0.32098388671875
1-419301,grid,0.08627956546843052,0.08400627970695496,0.09126332402229309,0.07754506170749664,-0.00016403803601861,0.002248177770525217,0.024868685752153397,0.0316939502954483,6700,3244,0.408935546875,0.197998046875
1-419351,grid,-0.006943587679415941,-0.004132842645049095,0.030959714204072952,0.0082288458943367,-0.0030516316182911396,-0.0004367167130112648,0.0062268637120723724,-0.002552799880504608,320,189,0.01953125,0.01153564453125
1-41974,grid,-0.0009643253870308399,-0.001512664370238781,-0.011026322841644287,-0.009541966021060944,0.0008090012706816196,-0.0028651277534663677,0.0013222657144069672,0.006291799247264862,2058,1316,0.1256103515625,0.080322265625
1-41982,grid,0.029406270943582058,0.028770331759005785,0.02400687336921692,0.022363603115081787,0.015207286458462477,0.01443691598251462,0.010676920413970947,0.00979643315076828,8636,7883,0.527099609375,0.48114013671875
1-420638,grid,-0.004818490706384182,-0.004818490706384182,0.0065716467797756195,0.0065716467797756195,0.0022581545636057854,0.0022581545636057854,-0.00012611597776412964,-0.00012611597776412964,169,100,0.01031494140625,0.006103515625
1-42065,grid,-0.04154474334791303,-0.04102991335093975,-0.09109833836555481,-0.09178920090198517,-0.019593939650803804,-0.017310295719653368,-0.022356189787387848,-0.017031461000442505,10004,6113,0.610595703125,0.37310791015625
1-42082,grid,0.014421986415982246,0.0007039550691843033,0.016799744218587875,0.011011689901351929,0.0038470341823995113,0.004036266822367907,0.04191146045923233,0.06269044429063797,3924,121,0.239501953125,0.00738525390625
1-420973,grid,0.04246150283142924,0.04158058436587453,0.04774810001254082,0.0521979033946991,-0.018151457887142897,-0.020101019414141774,0.02781505137681961,0.01937171071767807,8991,4763,0.54876708984375,0.29071044921875
1-42106,grid,0.01616022503003478,0.01616022503003478,0.003908857703208923,0.003908857703208923,-0.019072107039391994,-0.019072107039391994,0.017993565648794174,0.017993565648794174,3034,3034,0.1851806640625,0.1851806640625
1-421767,grid,0.01121995085850358,0.010928777512162924,0.02194816619157791,0.020671244710683823,-0.005331844091415405,-0.004711051471531391,-0.012248776853084564,-0.011872895061969757,1493,1441,0.09112548828125,0.08795166015625
1-421775,grid,0.0013345158658921719,0.0011537163518369198,0.008672654628753662,0.007903382182121277,0.015388984698802233,0.01122133620083332,-0.008708983659744263,-0.011704131960868835,1203,891,0.07342529296875,0.05438232421875
1-421842,grid,0.02638628799468279,0.026396102271974087,0.013486549258232117,0.013755116611719131,-0.008400218095630407,-0.008342324756085873,0.02277063950896263,0.022254489362239838,5810,5283,0.3546142578125,0.32244873046875
1-421884,grid,0.0006218478083610535,-3.406219184398651e-05,0.002680860459804535,-0.006221868097782135,0.0061211432330310345,0.008140956982970238,0.01219983771443367,0.025708824396133423,1366,841,0.0833740234375,0.05133056640625
1-42199,grid,0.02341668540611863,0.02308767382055521,0.013336073607206345,0.01526644453406334,-0.0012298272922635078,-0.0014950698241591454,-0.04594852775335312,-0.041651077568531036,3480,2819,0.21240234375,0.17205810546875
1-42248,grid,-0.004829845391213894,-0.004829845391213894,0.005931895226240158,0.005931895226240158,5.892151966691017e-05,5.892151966691017e-05,-0.014321237802505493,-0.014321237802505493,659,659,0.04022216796875,0.04022216796875
1-422823,grid,0.019914957229048014,0.019648189190775156,0.012787308543920517,0.011711448431015015,0.012391372583806515,0.01162446616217494,0.0203096903860569,0.020849868655204773,12944,12241,0.7900390625,0.74713134765625
1-424438,grid,0.0024654692970216274,-0.00232812762260437,0.011287067085504532,0.011485889554023743,-0.002748632337898016,-0.0007426203228533268,-0.03366886079311371,-0.011278614401817322,549,112,0.03350830078125,0.0068359375
1-42548,grid,-0.08813043590635061,-0.08510886179283261,-0.09132952988147736,-0.09384322166442871,-0.009106525918468833,-0.011024375911802053,0.0487382672727108,0.05164530873298645,7023,1104,0.42864990234375,0.0673828125
1-42896,grid,0.012477911077439785,0.013001811690628529,-0.020593196153640747,-0.019681736826896667,0.013411554042249918,0.013560688123106956,0.0330396369099617,0.03273274004459381,4102,4058,0.2503662109375,0.2476806640625
1-43009,grid,-0.0072731138207018375,-0.007120200432837009,-0.010853596031665802,-0.012092448770999908,0.0019259029068052769,0.0021149616222828627,0.033619873225688934,0.03268106281757355,6785,6569,0.41412353515625,0.40093994140625
1-43285,grid,-0.015505477786064148,-0.013905847910791636,-0.036221228539943695,-0.033275507390499115,0.009425483644008636,0.009062394499778748,0.03574930876493454,0.030707575380802155,4759,3910,0.29046630859375,0.2386474609375
1-43311,grid,-0.003868323750793934,-0.003799919970333576,-0.012602351605892181,-0.013667941093444824,-0.004835633095353842,-0.0046174300368875265,0.015180792659521103,0.01550208032131195,8693,8475,0.53057861328125,0.51727294921875
1-43506,grid,-0.007454255595803261,-0.00840811524540186,-0.014701098203659058,-0.014233410358428955,-0.023530983831733465,-0.021802641917020082,-0.015922240912914276,-0.009806148707866669,16114,13885,0.9835205078125,0.84747314453125
1-43632,grid,0.005265898071229458,0.006116210017353296,0.016923312097787857,0.01835542917251587,-0.004013022407889366,-0.003859227988868952,0.04103432595729828,0.04064037650823593,1960,1742,0.11962890625,0.1063232421875
1-43783,grid,0.0007478995248675346,-0.0012898724526166916,0.004772059619426727,0.007282029837369919,-0.022367034573107958,-0.02240691054612398,-0.0349501371383667,-0.019529767334461212,5192,5120,0.31689453125,0.3125
1-43823,grid,-0.024057949893176556,-0.022095678374171257,-0.03155238926410675,-0.03918100893497467,0.0133142767008394,0.013097183778882027,0.030354665592312813,0.03499568998813629,5470,3416,0.3338623046875,0.20849609375
1-43864,grid,-0.00409673061221838,-0.004179871175438166,-0.00347001850605011,-0.0041831135749816895,0.002612943295389414,0.0008132876828312874,0.008167240768671036,0.010963648557662964,2645,2207,0.16143798828125,0.13470458984375
1-43868,grid,0.01705191982910037,0.020559558179229498,-0.03356276452541351,-0.034505560994148254,0.02718757651746273,0.026980982162058353,0.06596075743436813,0.07289047539234161,13255,8865,0.80902099609375,0.54107666015625
1-440292,grid,0.013906147796660662,0.013906147796660662,0.04405660554766655,0.04405660554766655,-0.0016799522563815117,-0.0016799522563815117,-0.018188029527664185,-0.018188029527664185,323,323,0.01971435546875,0.01971435546875
1-44180,grid,-0.0018375315703451633,-0.001786903478205204,-0.009437710046768188,-0.011587895452976227,0.014038299676030874,0.015670268796384335,0.03727669268846512,0.03756740316748619,1445,1152,0.08819580078125,0.0703125
1-44361,grid,0.0006697624921798706,0.005416486412286758,-0.02989250421524048,-0.02937527745962143,0.000717715360224247,-0.0004142196848988533,0.034398965537548065,0.04076026752591133,2639,1214,0.16107177734375,0.0740966796875
1-44379,grid,-0.0034222323447465897,-0.0049918172881007195,0.008934363722801208,0.001968786120414734,-0.01869884692132473,-0.02062752703204751,-0.002721581608057022,-0.005255959928035736,4498,3752,0.2745361328125,0.22900390625
1-444671,grid,-0.006185133941471577,-0.006123763509094715,0.01709553226828575,0.017372436821460724,0.004477408714592457,0.004458233714103699,-0.015145398676395416,-0.014924593269824982,687,685,0.04193115234375,0.04180908203125
1-445618,grid,-0.011920607648789883,-0.011442413087934256,0.0032539106905460358,0.0018930360674858093,-0.006289242068305612,-0.006091006565839052,-0.008199714124202728,0.0002083107829093933,3497,2161,0.21343994140625,0.13189697265625
1-446684,grid,0.016610741149634123,0.018188259564340115,0.03175231069326401,0.024884972721338272,0.011574637144804,0.0117510836571455,0.006690669804811478,-0.0014221146702766418,3216,369,0.1962890625,0.02252197265625
1-44763,grid,0.002317567355930805,0.0020049745216965675,-0.01991266757249832,-0.022254005074501038,-0.0018191954586654902,-0.006015029037371278,0.03880682215094566,0.03440949693322182,6975,5290,0.42572021484375,0.3228759765625
1-44789,grid,0.012934262864291668,0.012159666512161493,0.007103182375431061,0.009380955249071121,0.003554794006049633,0.0033492196816951036,0.03529895097017288,0.029948916286230087,6042,393,0.3687744140625,0.02398681640625
1-44801,grid,0.01129383035004139,0.013944820500910282,0.014195036143064499,0.020943325012922287,-0.004811115097254515,-0.005588443484157324,0.02127961814403534,0.0229957178235054,6197,4871,0.37823486328125,0.29730224609375
1-45108,grid,0.006803086958825588,0.004294184967875481,0.018352188169956207,0.03408316522836685,-0.006543968804180622,0.0012878170236945152,-0.01842864602804184,0.00015200302004814148,754,311,0.0460205078125,0.01898193359375
1-45490,grid,-0.03473046701401472,-0.03136132750660181,-0.04805687069892883,-0.038819193840026855,-0.008478999137878418,-0.0019450257532298565,-0.009654037654399872,-0.014723040163516998,8237,364,0.50274658203125,0.022216796875
1-45529,grid,-0.0012107286602258682,-0.002454688772559166,-0.010524854063987732,-0.02160099893808365,-0.007616885472089052,-0.010785318445414305,-0.0034684762358665466,-0.012756146490573883,7901,5125,0.48223876953125,0.31280517578125
1-45571,grid,-0.006916332524269819,-0.006916332524269819,-0.026962116360664368,-0.026962116360664368,-0.006900566630065441,-0.006900566630065441,-0.023377589881420135,-0.023377589881420135,16384,16348,1.0,0.997802734375
1-456001,grid,-0.01953338785097003,-0.020209002308547497,0.0044769421219825745,0.004273474216461182,-0.03620639396831393,-0.03817211138084531,-0.02040211856365204,-0.021504051983356476,5825,4435,0.35552978515625,0.27069091796875
1-456420,grid,-0.009575819596648216,-0.009716281201690435,-0.006563842296600342,-0.006391972303390503,-0.009172707796096802,-0.009378645569086075,-0.015081331133842468,-0.014573782682418823,481,437,0.02935791015625,0.02667236328125
1-456687,grid,-0.0003880229778587818,-0.0005298210307955742,0.015625346451997757,0.012454766780138016,0.0019097011536359787,-0.0034699304960668087,-0.026782624423503876,-0.026948310434818268,503,437,0.03070068359375,0.02667236328125
1-456751,grid,0.013185720425099134,0.011695503257215023,0.006977923214435577,0.009982474148273468,0.002974780974909663,0.003308805637061596,0.008751310408115387,0.011013120412826538,2610,2342,0.1593017578125,0.1429443359375
1-456759,grid,0.01670463616028428,0.016285361722111702,0.00464509055018425,0.0034379027783870697,-0.001964997500181198,-0.002095369156450033,0.009771063923835754,0.010206576436758041,3196,2606,0.195068359375,0.1590576171875
1-456828,grid,-0.003386904951184988,-0.006279096473008394,0.01951506733894348,0.01650243252515793,-0.003075956366956234,-0.0027198009192943573,-0.020091354846954346,-0.013932354748249054,1243,935,0.07586669921875,0.05706787109375
1-457017,grid,-0.024410833604633808,-0.02475122781470418,-0.037052057683467865,-0.03763844072818756,-0.011244322173297405,-0.011312362737953663,0.01806500554084778,0.01841118186712265,1938,1897,0.1182861328125,0.11578369140625
1-45702,grid,0.008975187316536903,0.00872737541794777,0.0005553886294364929,-0.0010073930025100708,0.026790935546159744,0.02458592876791954,0.043875448405742645,0.04224162548780441,5282,3682,0.3223876953125,0.2247314453125
1-457054,grid,0.0030055437237024307,0.003498310223221779,0.011290129274129868,0.012623287737369537,0.004189888946712017,0.005794081836938858,0.03972659632563591,0.0426115021109581,2614,2492,0.1595458984375,0.152099609375
1-457074,grid,0.012744901236146688,0.01158663583919406,0.016270466148853302,0.01856919378042221,-0.012048660777509212,-0.01162878843024373,-0.014480166137218475,-0.0138087198138237,5446,4695,0.3323974609375,0.28656005859375
1-457236,grid,-0.005549263209104538,-0.004559808410704136,-0.006827846169471741,-0.005049996078014374,0.00658727390691638,0.008496195077896118,-0.017891407012939453,-0.014198541641235352,1508,1265,0.092041015625,0.07720947265625
1-457248,grid,-0.0007186955772340298,-0.000309038907289505,0.030678585171699524,0.03021332621574402,-0.023555233608931303,-0.023149991407990456,-0.03809221833944321,-0.035699471831321716,504,486,0.03076171875,0.0296630859375
1-457523,grid,0.021986400242894888,0.022686020005494356,-0.006851568818092346,-0.006964065134525299,0.025703626684844494,0.025744373444467783,0.040510401129722595,0.040523871779441833,6565,6009,0.40069580078125,0.36676025390625
1-457547,grid,-0.014988041017204523,-0.014988041017204523,0.01129915937781334,0.01129915937781334,0.00013256259262561798,0.00013256259262561798,-0.011984899640083313,-0.011984899640083313,369,368,0.02252197265625,0.0224609375
1-457614,grid,-0.018864819779992104,-0.017858405131846666,-0.04024461656808853,-0.03665284812450409,-0.008929616305977106,-0.010186395607888699,0.03880946338176727,0.035122573375701904,15790,14136,0.9637451171875,0.86279296875
1-458007,grid,0.036197729408741,0.03760306164622307,0.028383024036884308,0.02386261522769928,0.016024982556700706,0.014463797211647034,0.03792695701122284,0.027149148285388947,11997,9300,0.73223876953125,0.567626953125
1-458137,grid,0.00222648773342371,0.00222648773342371,-0.005132682621479034,-0.005132682621479034,-0.003580087563022971,-0.003580087563022971,0.02890869788825512,0.02890869788825512,6363,6363,0.38836669921875,0.38836669921875
1-458682,grid,0.009378604125231504,0.011278324294835329,0.046619243919849396,0.038393184542655945,-0.012384206987917423,-0.009514881065115333,0.005701679736375809,0.007751341909170151,4000,2153,0.244140625,0.13140869140625
1-458706,grid,-0.0006679757498204708,-0.00048570381477475166,0.00021944940090179443,-0.0006524026393890381,0.012396120466291904,0.012024704366922379,0.011636018753051758,0.01094772294163704,2983,2612,0.18206787109375,0.159423828125
1-459619,grid,-0.020015169866383076,-0.019289787858724594,-0.025014661252498627,-0.01801641285419464,0.005058214068412781,0.004652699921280146,0.032010290771722794,0.03638535737991333,3311,2715,0.20208740234375,0.16571044921875
1-460434,grid,-0.00867593428120017,-0.010847742669284344,0.001416042447090149,-0.002226799726486206,-0.00419262982904911,-0.0011902698315680027,-0.017658375203609467,-0.008520998060703278,2845,1421,0.17364501953125,0.08673095703125
1-460862,grid,0.0018911845982074738,0.002742544747889042,0.011536195874214172,0.009893834590911865,0.0048309857957065105,0.0038415896706283092,0.04524347186088562,0.04539129510521889,2524,2112,0.154052734375,0.12890625
1-46266,grid,-0.0002757585607469082,-0.0022635841742157936,-0.022617459297180176,-0.025424547493457794,0.005718833766877651,0.0033623259514570236,0.0037896186113357544,0.008860975503921509,4690,3892,0.2862548828125,0.237548828125
1-462964,grid,0.008623027242720127,0.00019131042063236237,0.014050878584384918,-0.008388876914978027,0.02319058310240507,0.004813915817067027,0.021693110466003418,-0.0039910078048706055,1285,112,0.07843017578125,0.0068359375
1-464210,grid,0.0009428281337022781,0.0008528088219463825,0.036343902349472046,0.03617868572473526,-0.0048136282712221146,-0.004705782514065504,-0.007956370711326599,-0.007330365478992462,405,401,0.02471923828125,0.02447509765625
1-46864,grid,-0.005824412684887648,-0.0046035293489694595,0.011296983808279037,0.00141153484582901,-0.002052346710115671,0.002774239983409643,-0.03719905763864517,-0.02610509842634201,879,622,0.05364990234375,0.0379638671875
1-47136,grid,-0.0031848233193159103,-0.0016903080977499485,0.0012332946062088013,0.004609543830156326,-0.001706408802419901,-0.0028911749832332134,0.014362413436174393,0.006524115800857544,2140,1411,0.130615234375,0.08612060546875
1-47408,grid,-0.0068795345723629,-0.0042037637904286385,-0.0034179240465164185,-0.0009819194674491882,0.004570119548588991,4.1828956454992294e-05,0.002781156450510025,0.0019676052033901215,475,331,0.02899169921875,0.02020263671875
1-474575,grid,-0.013445493299514055,-0.013274072669446468,-0.014611631631851196,-0.015611700713634491,0.00352062052115798,0.003683327464386821,0.03818422555923462,0.038102664053440094,5076,5020,0.309814453125,0.306396484375
1-47499,grid,0.015538392122834921,-0.00026584649458527565,-0.003029748797416687,0.0019716396927833557,0.01862603984773159,0.009882363956421614,0.03572671487927437,0.04182654991745949,2496,164,0.15234375,0.010009765625
1-48116,grid,0.0027568689547479153,0.002018253318965435,0.027698826044797897,0.02852563187479973,-0.0007734466344118118,0.00013477960601449013,-0.02311817556619644,-0.02285456657409668,1529,1432,0.09332275390625,0.08740234375
1-481824,grid,-0.029985897708684206,-0.030374248046427965,-0.024424582719802856,-0.026324689388275146,0.01681674923747778,0.016747838351875544,0.05885547399520874,0.05437568202614784,9576,1170,0.58447265625,0.0714111328125
1-48545,grid,-0.008636683691293001,-0.006557890214025974,-0.031228579580783844,-0.02944636344909668,0.0003253850154578686,2.5501707568764687e-05,0.0460064522922039,0.04247288405895233,3599,3097,0.21966552734375,0.18902587890625
1-487432,grid,0.009365848265588284,0.009676744230091572,0.002801641821861267,0.003264978528022766,-0.014655236154794693,-0.014755848329514265,0.0231715589761734,0.02325846627354622,11618,11466,0.7091064453125,0.6998291015625
1-489642,grid,0.016982126515358686,0.018284492194652557,0.002023749053478241,0.0010036900639533997,0.012567060068249702,0.012659766245633364,0.015056639909744263,0.02028169110417366,8844,4564,0.539794921875,0.278564453125
1-489932,grid,0.0005445657297968864,0.00028360821306705475,-0.009582079946994781,-0.008356094360351562,-0.0018294933252036572,-0.003678170032799244,0.014134280383586884,0.018967032432556152,1238,1084,0.0755615234375,0.066162109375
1-491058,grid,-0.021256479434669018,-0.02232990600168705,-0.044365592300891876,-0.047036245465278625,-0.005105410236865282,-0.005005494458600879,0.03298238664865494,0.028719056397676468,4991,4131,0.30462646484375,0.25213623046875
1-491220,grid,-0.0043035345152020454,-0.0044727991335093975,0.01704464480280876,0.017571955919265747,-0.011379846837371588,-0.00998719735071063,-0.008586108684539795,-0.007460571825504303,701,667,0.04278564453125,0.04071044921875
1-491233,grid,0.001893920823931694,0.0028062742203474045,-0.005807854235172272,-0.004121698439121246,0.01584391575306654,0.015588377602398396,0.013132862746715546,0.014235816895961761,1080,978,0.06591796875,0.0596923828125
1-494684,grid,-0.00945764034986496,-0.008484597317874432,-0.01895178109407425,-0.02625085413455963,-0.010919599328190088,-0.009384949691593647,-0.0027912408113479614,-0.0033034533262252808,2025,1155,0.12359619140625,0.07049560546875
1-50472,grid,-0.061360045336186886,-0.06371800415217876,-0.08806201815605164,-0.08633846044540405,0.013076553121209145,0.01461425144225359,0.06580532342195511,0.06817059218883514,5721,5329,0.34918212890625,0.32525634765625
1-50480,grid,0.0028011947870254517,0.002450298983603716,0.00996387004852295,0.010232936590909958,-0.0146073242649436,-0.013510433491319418,-0.0030891522765159607,-0.0035363435745239258,13625,12992,0.83160400390625,0.79296875
1-50542,grid,0.011390885803848505,0.01081060292199254,0.036027781665325165,0.030864059925079346,0.010056780651211739,0.008912670658901334,-0.010825172066688538,-0.013159602880477905,1077,551,0.06573486328125,0.03363037109375
1-50982,grid,0.011297534685581923,0.011586467735469341,0.011090021580457687,0.013130538165569305,0.003353648353368044,0.0039439271204173565,-0.00423131138086319,-0.004098810255527496,1773,1566,0.10821533203125,0.0955810546875
1-51113,grid,0.017107686027884483,0.017139152623713017,-0.017796359956264496,-0.017672449350357056,0.003609783947467804,0.003628673031926155,0.011106684803962708,0.011096436530351639,15742,15387,0.9608154296875,0.93914794921875
1-51118,grid,0.00018145795911550522,0.003732172306627035,0.02141847461462021,0.01852913573384285,-0.004712928086519241,0.00014569703489542007,0.006251409649848938,0.008263729512691498,727,168,0.04437255859375,0.01025390625
1-51296,grid,0.005231509916484356,0.005196607671678066,0.01084877923130989,0.010245844721794128,-0.005101053509861231,-0.005312434863299131,-0.004573017358779907,-0.006022565066814423,4241,4140,0.25885009765625,0.252685546875
1-51523,grid,0.0032730302773416042,0.003395814448595047,0.00937611237168312,0.009333241730928421,0.01851440779864788,0.018942561699077487,-0.00627513974905014,-0.005143888294696808,1208,1160,0.07373046875,0.07080078125
1-51660,grid,0.0011563878506422043,0.00043801264837384224,-0.03707939386367798,-0.040865324437618256,0.03026936063542962,0.029713054420426488,0.03698147088289261,0.03355032578110695,3269,1761,0.19952392578125,0.10748291015625
1-519381,grid,0.030948473140597343,0.02720596455037594,0.0350862517952919,0.019000664353370667,0.0024421215057373047,-0.003690981073305011,0.017663896083831787,0.017358150333166122,4422,772,0.2698974609375,0.047119140625
1-519429,grid,0.0014989767223596573,0.0015214672312140465,0.0013150125741958618,0.0018725395202636719,-0.020560588454827666,-0.02088666777126491,0.0075317248702049255,0.005517803132534027,1394,1389,0.0850830078125,0.08477783203125
1-521847,grid,-0.018304449506103992,-0.013368237763643265,0.008198373019695282,0.011702995747327805,-0.020815500058233738,-0.007734303362667561,-0.04370339959859848,-0.019441835582256317,790,172,0.0482177734375,0.010498046875
1-521998,grid,0.015798751264810562,0.012379339896142483,0.006553657352924347,0.006780833005905151,-0.01635838858783245,-0.02074226690456271,0.013165488839149475,0.01523648202419281,12796,4016,0.781005859375,0.2451171875
1-522062,grid,-0.009366693440824747,-0.009201288223266602,0.001311756670475006,0.002102077007293701,0.011559885460883379,0.011048784479498863,0.012773007154464722,0.01322084292769432,2081,2033,0.12701416015625,0.12408447265625
1-522187,grid,0.021998124197125435,0.02199812000617385,0.001462303102016449,0.001462295651435852,0.008917582221329212,0.008917576167732477,0.05225295200943947,0.052252933382987976,13913,13835,0.84918212890625,0.84442138671875
1-522568,grid,0.004554832354187965,0.003938819281756878,-0.0036253631114959717,-0.005570933222770691,-0.022218407597392797,-0.0245013483799994,-0.02341250330209732,-0.028808750212192535,2560,2451,0.15625,0.14959716796875
1-523065,grid,0.000557231716811657,-0.0031191064044833183,0.026896126568317413,0.018779180943965912,-0.011026275809854269,-0.013422269839793444,-0.013326801359653473,-0.015412606298923492,1826,1112,0.1114501953125,0.06787109375
1-523085,grid,0.01731279958039522,0.01582524972036481,-0.0026436448097229004,-0.006829753518104553,0.009261073311790824,0.0068941384088248014,0.026145799085497856,0.02372659742832184,4676,4188,0.285400390625,0.255615234375
1-523178,grid,0.025411717128008604,0.02454132493585348,0.007994972169399261,0.007956914603710175,0.0011969455517828465,0.0016740176361054182,0.009636089205741882,0.011403433978557587,8642,7919,0.5274658203125,0.48333740234375
1-52578,grid,-0.0022651245817542076,-0.0012323791161179543,0.010718397796154022,0.010132089257240295,0.007631493266671896,0.010704573709517717,-0.00841880589723587,-0.010932669043540955,1286,1182,0.0784912109375,0.0721435546875
1-52590,grid,-0.010771628003567457,-0.00716334767639637,0.0011069625616073608,0.0034925155341625214,-0.010435141623020172,-0.01686321501620114,0.03950222209095955,0.025457732379436493,7160,2388,0.43701171875,0.145751953125
1-52986,grid,-0.01661834167316556,-0.01892683655023575,-0.0010613873600959778,-0.00926266610622406,0.003684539347887039,0.0018253549933433533,0.016688786447048187,0.016495592892169952,2323,1635,0.14178466796875,0.09979248046875
1-53025,grid,-0.018552997149527073,-0.01823913026601076,-0.020285218954086304,-0.020631298422813416,0.006563865579664707,0.005840859841555357,0.054605767130851746,0.052776020020246506,5792,3748,0.353515625,0.228759765625
1-53120,grid,-0.02505792723968625,-0.02497170027345419,-0.028982922434806824,-0.02901522070169449,-0.001013576053082943,-0.0006078691221773624,0.035376399755477905,0.03686954826116562,888,859,0.05419921875,0.05242919921875
1-532459,grid,0.009754651691764593,0.009840481914579868,0.01004575565457344,0.010144703090190887,0.0095836715772748,0.00953061692416668,0.043988246470689774,0.04400733858346939,9269,9239,0.56573486328125,0.56390380859375
1-53278,grid,-0.01255417987704277,-0.007938457187265158,0.010255791246891022,0.014730595052242279,-0.040361950639635324,-0.03313515381887555,-0.014329984784126282,-0.001800544559955597,3210,565,0.1959228515625,0.03448486328125
1-53328,grid,0.035799294244498014,0.03654159279540181,0.023436889052391052,0.026521924883127213,-0.004374716663733125,-0.004104497143998742,0.027952050790190697,0.026955945417284966,6632,6433,0.40478515625,0.39263916015625
1-53660,grid,0.00763943325728178,0.00689775962382555,-0.02980954945087433,-0.03056340664625168,0.018376020481809974,0.018718784675002098,0.04569009691476822,0.05235294625163078,14477,13314,0.88360595703125,0.8126220703125
1-53664,grid,-0.01710126781836152,-0.016661650501191616,0.008549056947231293,0.009014010429382324,-0.004308759234845638,-0.00417163223028183,-0.027405433356761932,-0.02871822565793991,464,438,0.0283203125,0.0267333984375
1-537118,grid,0.004944739863276482,0.004620412364602089,0.005417678505182266,0.010431412607431412,-0.011081613134592772,-0.01132588880136609,0.010563105344772339,0.01382337138056755,3829,3253,0.23370361328125,0.19854736328125
1-53854,grid,-0.02885742485523224,-0.0242452435195446,-0.038861051201820374,-0.023073405027389526,0.03396065020933747,0.0270343953743577,0.06325104832649231,0.05377646163105965,2261,1208,0.13800048828125,0.07373046875
1-53870,grid,-0.05256838444620371,-0.05087122321128845,-0.0458453893661499,-0.04448140412569046,-0.0028050104156136513,-0.0031795960385352373,0.045845963060855865,0.039872609078884125,6197,5625,0.37823486328125,0.34332275390625
1-54080,grid,-0.030621779151260853,-0.031519094947725534,-0.0223136767745018,-0.019415251910686493,0.016471705166622996,0.013177359011024237,0.0462036058306694,0.04509338364005089,3915,2759,0.23895263671875,0.16839599609375
1-542392,grid,0.010808629915118217,0.011076748836785555,0.005688048899173737,0.0060859136283397675,0.0007439199835062027,0.0019274554215371609,0.012998871505260468,0.01177644357085228,7977,6897,0.48687744140625,0.42095947265625
1-543357,grid,0.006624497007578611,0.006128781940788031,-0.001699000597000122,-0.002481326460838318,0.03245781920850277,0.032140662195160985,0.05980968847870827,0.06343874335289001,4472,4144,0.27294921875,0.2529296875
1-543394,grid,-0.011459188535809517,-0.009098618756979704,0.00996561348438263,0.010256960988044739,-0.021781446412205696,-0.021962114609777927,-0.04225081950426102,-0.01759607344865799,7266,138,0.4434814453125,0.0084228515625
1-543583,grid,0.007739681750535965,0.006383318919688463,-0.006125360727310181,-0.009648412466049194,0.012863915413618088,0.012266331352293491,0.046559274196624756,0.05207105353474617,3060,2024,0.186767578125,0.12353515625
1-543598,grid,-0.027118511497974396,-0.025332223623991013,-0.014887303113937378,-0.010674133896827698,-0.008808474754914641,-0.011258674087002873,0.024223703891038895,0.012120291590690613,3823,1541,0.23333740234375,0.09405517578125
1-54586,grid,0.021074684336781502,0.021364663261920214,0.006814099848270416,0.0034221038222312927,0.004433106631040573,0.002058646408841014,0.04739783704280853,0.0525897815823555,3557,807,0.21710205078125,0.04925537109375
1-547107,grid,-0.002083620522171259,-0.0016759946011006832,0.012327253818511963,0.010000050067901611,-0.00911780633032322,-0.00763175031170249,-0.021380171179771423,-0.013083875179290771,996,546,0.060791015625,0.0333251953125
1-547131,grid,0.01864640600979328,0.01843849290162325,0.02115759253501892,0.02288477122783661,0.03626238089054823,0.03559937793761492,0.024014323949813843,0.02369416505098343,2471,2354,0.15081787109375,0.1436767578125
1-547143,grid,0.004405665211379528,0.0042999074794352055,0.016914378851652145,0.01715434342622757,-0.011131750419735909,-0.011090394575148821,0.024130146950483322,0.02382071688771248,12456,12315,0.76025390625,0.75164794921875
1-547159,grid,-0.006535472348332405,-0.006559371016919613,-0.005011551082134247,-0.004615470767021179,0.0025601452216506004,0.0031102795619517565,0.049572791904211044,0.049727655947208405,13633,13157,0.83209228515625,0.80303955078125
1-547596,grid,-0.015770293306559324,-0.01263800822198391,0.004404418170452118,0.00847151130437851,-0.013980062678456306,-0.012592393904924393,0.001986972987651825,0.007830917835235596,2788,1980,0.170166015625,0.120849609375
1-547851,grid,-0.01407225662842393,-0.014576487243175507,-0.02963436394929886,-0.03344648331403732,-0.01136833755299449,-0.01165694952942431,0.02954080142080784,0.03115321882069111,6444,4932,0.393310546875,0.301025390625
1-547926,grid,0.0060791922733187675,0.0046547516249120235,0.010915294289588928,0.01144997775554657,-0.011134484317153692,-0.01124968146905303,-0.0399501696228981,-0.0408625528216362,1575,1345,0.09613037109375,0.08209228515625
1-54809,grid,-0.05164478765800595,-0.04936043731868267,-0.065544992685318,-0.0655333548784256,0.020501805003732443,0.01682398235425353,0.057775598019361496,0.05952252447605133,6280,2452,0.38330078125,0.149658203125
1-548398,grid,-0.027544617652893066,-0.027096316684037447,-0.02836446464061737,-0.025401577353477478,-0.01332076732069254,-0.012421602848917246,0.015162881463766098,0.026214653626084328,3127,2085,0.19085693359375,0.12725830078125
1-548626,grid,0.031154651194810867,0.03258751053363085,-0.017886146903038025,-0.011242516338825226,0.0034897527657449245,0.004145897226408124,-0.01765984296798706,-0.02160567045211792,10423,7343,0.63616943359375,0.44818115234375
1-549165,grid,0.013587796594947577,0.012956648133695126,-0.01366385817527771,-0.014996923506259918,0.0038171210326254368,0.004976475145667791,0.011622197926044464,0.011176936328411102,2750,2376,0.1678466796875,0.14501953125
1-54999,grid,0.032890332862734795,0.034535450860857964,0.018044911324977875,0.021434247493743896,0.013079880271106958,0.01393685583025217,0.030292674899101257,0.024352196604013443,3415,1817,0.20843505859375,0.11090087890625
1-55399,grid,0.010085852816700935,0.010085852816700935,0.021206509321928024,0.021206509321928024,0.001222223974764347,0.001222223974764347,-0.009580433368682861,-0.009580433368682861,627,627,0.03826904296875,0.03826904296875
1-55648,grid,0.005015864968299866,0.0050326501950621605,-0.016971617937088013,-0.01693950593471527,0.013126746518537402,0.013574135256931186,0.02978530339896679,0.030113859102129936,3676,3608,0.224365234375,0.22021484375
1-556501,grid,0.0022111586295068264,0.002188348211348057,0.026416562497615814,0.026377752423286438,-0.012127156369388103,-0.012121976353228092,-0.032494619488716125,-0.0325666144490242,468,466,0.028564453125,0.0284423828125
1-556527,grid,-0.006583031266927719,-0.0017502903938293457,-0.013547353446483612,-0.006259031593799591,-0.002488193567842245,0.0012657593470066786,-0.0034336894750595093,0.00014138221740722656,7343,199,0.44818115234375,0.01214599609375
1-556959,grid,-0.010016876738518476,-0.005965775344520807,-0.0023641586303710938,-0.002593196928501129,0.000566587783396244,-0.0024398856330662966,0.027662493288517,0.04469255357980728,2996,853,0.182861328125,0.05206298828125
1-55784,grid,-0.005646327044814825,-0.005394932348281145,-0.018028028309345245,-0.01711893081665039,0.006701537407934666,0.0073172240518033504,0.04091127589344978,0.044168923050165176,5560,5324,0.33935546875,0.324951171875
1-558242,grid,-0.0012731198221445084,-0.0029966062866151333,0.03673730418086052,0.0133901908993721,0.004905346781015396,0.004008159507066011,-0.03652813285589218,-0.005958814173936844,421,232,0.02569580078125,0.01416015625
1-558442,grid,-0.059845530427992344,-0.06190097099170089,-0.097446009516716,-0.09948082268238068,0.023640121333301067,0.023522117640823126,0.055062416940927505,0.05012613534927368,13744,7120,0.8388671875,0.4345703125
1-558603,grid,-0.013178146444261074,-0.013456287793815136,0.016196634620428085,0.015924371778964996,-0.011600521393120289,-0.011512481607496738,-0.02042839676141739,-0.01909349113702774,1337,1278,0.08160400390625,0.0780029296875
1-559120,grid,0.0026805466040968895,0.002710913307964802,-0.03804687410593033,-0.03809855133295059,-0.012039106339216232,-0.01203998550772667,-0.02101234346628189,-0.020994149148464203,7239,7194,0.44183349609375,0.4390869140625
1-561017,grid,0.004027828574180603,0.00609277468174696,0.024742819368839264,0.019225984811782837,0.0008325167000293732,0.003571202279999852,0.016055718064308167,0.027069436386227608,2829,1419,0.17266845703125,0.08660888671875
1-567244,grid,-0.004455529153347015,-0.007308725267648697,-0.0005009472370147705,0.00027792900800704956,0.004347744397819042,0.007791480049490929,0.024139784276485443,0.035898640751838684,5813,4944,0.35479736328125,0.3017578125
1-569095,grid,0.013812113553285599,0.014063641894608736,-0.0018894225358963013,-0.0011858046054840088,0.0345568279735744,0.03524807374924421,0.06678616255521774,0.0692046731710434,3205,2267,0.19561767578125,0.13836669921875
1-569171,grid,-0.0023138117976486683,0.002573828212916851,0.02493058145046234,0.01959650218486786,-0.002578394953161478,-0.004150958266109228,-0.010055184364318848,0.007915213704109192,605,65,0.03692626953125,0.00396728515625
1-569216,grid,-0.0024688998237252235,-0.00025812676176428795,-0.0011245012283325195,0.003478802740573883,0.021752871107310057,0.022034851368516684,0.029300015419721603,0.029132168740034103,5557,4262,0.33917236328125,0.2601318359375
1-575232,grid,-0.005687101744115353,-0.0035956711508333683,-0.0011257007718086243,0.0033377744257450104,0.0189110585488379,0.016841865377500653,0.03705690801143646,0.03773019090294838,11316,7156,0.690673828125,0.436767578125
1-576436,grid,0.008458687923848629,0.008699645288288593,0.006768971681594849,0.005842097103595734,-0.006483112694695592,-0.006885456386953592,0.023179106414318085,0.02320915088057518,6243,5906,0.38104248046875,0.3604736328125
1-582042,grid,0.010308226570487022,0.008318847045302391,-0.0030794665217399597,-0.003348015248775482,-0.0030574314296245575,-0.0037139859050512314,-0.021068498492240906,-0.017503522336483,2576,2145,0.1572265625,0.13092041015625
1-582721,grid,0.003178874496370554,0.003178874496370554,-0.015986189246177673,-0.015986189246177673,0.009701663628220558,0.009701663628220558,0.01089266687631607,0.01089266687631607,2108,2108,0.128662109375,0.128662109375
1-584746,grid,0.005172335542738438,0.0052709984593093395,0.026794549077749252,0.027145978063344955,0.0090012620203197,0.01229221560060978,-0.02539537101984024,-0.025849156081676483,1723,1373,0.10516357421875,0.08380126953125
1-585221,grid,-0.005510229617357254,-0.005295953713357449,0.019277382642030716,0.01952844113111496,-0.031181457452476025,-0.03498208802193403,-0.0332452729344368,-0.03993045538663864,5676,4493,0.346435546875,0.27423095703125
1-586574,grid,0.02412346750497818,0.02415931085124612,0.023013900965452194,0.02333179861307144,0.010712515097111464,0.010646429844200611,0.04781445488333702,0.04748716577887535,4608,4584,0.28125,0.27978515625
1-590252,grid,-0.01171959936618805,-0.01220949413254857,-0.006656445562839508,-0.0067728981375694275,-0.017106959596276283,-0.016889459686353803,0.009106729179620743,0.009751580655574799,4381,4133,0.26739501953125,0.25225830078125
1-591474,grid,0.0006986502557992935,8.857296779751778e-05,-0.0037466585636138916,-0.004947371780872345,-0.02313570585101843,-0.02407166687771678,-0.03664206713438034,-0.034828998148441315,1097,787,0.06695556640625,0.04803466796875
1-591690,grid,-0.0055879633873701096,-0.005664850119501352,0.008790969848632812,0.009910441935062408,-0.021762185730040073,-0.022004833444952965,-0.06106538325548172,-0.06037500500679016,368,360,0.0224609375,0.02197265625
1-592031,grid,0.013472241815179586,0.01322686206549406,0.014508675783872604,0.012200847268104553,-0.009785236092284322,-0.010209286119788885,-0.0021144188940525055,-0.0067588165402412415,7083,5075,0.43231201171875,0.30975341796875
1-593159,grid,-0.014026705641299486,-0.011956119909882545,-0.01632820814847946,-0.011530183255672455,0.015592733398079872,0.017718414776027203,0.043833471834659576,0.042584288865327835,8848,5574,0.5400390625,0.3402099609375
1-594116,grid,0.012247647158801556,0.014694294892251492,-0.006105020642280579,-0.002446673810482025,-0.002529039978981018,-0.0021409401670098305,0.01744052767753601,0.02265913039445877,6628,2145,0.404541015625,0.13092041015625
1-594544,grid,0.011587281711399555,0.011768459808081388,0.028228435665369034,0.03081274777650833,-0.007185680791735649,-0.008043271489441395,-0.010930322110652924,-0.009507894515991211,2320,1800,0.1416015625,0.10986328125
1-594878,grid,0.00953539414331317,0.009092880878597498,0.01472444087266922,0.014389745891094208,0.011135016102343798,0.00937622832134366,0.042731963098049164,0.03575152903795242,4744,3703,0.28955078125,0.22601318359375
1-596957,grid,-0.008529537357389927,-0.009163114707916975,-0.010340288281440735,-0.007242143154144287,0.014152307994663715,0.016354451421648264,0.04422663152217865,0.047178592532873154,5350,4324,0.3265380859375,0.263916015625
1-599614,grid,0.01648340979591012,0.015413910616189241,0.021289389580488205,0.020919345319271088,-0.040581264067441225,-0.04121862817555666,-0.03664395213127136,-0.043170131742954254,6494,4425,0.3963623046875,0.27008056640625
1-602993,grid,-0.0002773008309304714,0.0026642149314284325,0.016393620520830154,0.01693546026945114,0.01932083023712039,0.017390655353665352,0.025844763964414597,0.020482070744037628,1233,813,0.07525634765625,0.04962158203125
1-603028,grid,-0.011689688544720411,-0.011906462255865335,-0.029734306037425995,-0.03095892071723938,0.0007597166113555431,0.0005446611903607845,0.030275963246822357,0.030223675072193146,4536,4532,0.27685546875,0.276611328125
1-603032,grid,-0.00824684090912342,-0.007824502419680357,0.00017981231212615967,-0.0003724321722984314,-0.005223819520324469,-0.002604126464575529,-0.014207690954208374,-0.008828289806842804,1578,1526,0.0963134765625,0.0931396484375
1-603098,grid,-0.020258880220353603,-0.020284823141992092,0.0005082711577415466,0.0004641413688659668,-0.009905334562063217,-0.009870190406218171,0.01946166530251503,0.019660282880067825,2702,2682,0.1649169921875,0.1636962890625
1-603261,grid,0.0009727682918310165,-0.00018693506717681885,-0.02921973168849945,-0.03337675333023071,0.01524709863588214,0.017840511165559292,0.04952751100063324,0.0521700456738472,2398,1249,0.1463623046875,0.07623291015625
1-603624,grid,0.023664592765271664,0.02260418562218547,0.016203656792640686,0.014884274452924728,0.0098363037686795,0.00993417575955391,0.015604052692651749,0.01425318792462349,5791,5204,0.35345458984375,0.317626953125
1-603793,grid,-0.06535688368603587,-0.06385935330763459,-0.07938949763774872,-0.07799750566482544,0.004620749969035387,0.005055970046669245,0.06629867851734161,0.07796167582273483,10495,6871,0.64056396484375,0.41937255859375
1-603941,grid,-0.015700206626206636,-0.015700206626206636,-0.02837035059928894,-0.02837035059928894,0.00412522628903389,0.00412522628903389,0.0075457654893398285,0.0075457654893398285,2706,2706,0.1651611328125,0.1651611328125
1-604022,grid,-0.004147108178585768,-0.005839274264872074,-2.568960189819336e-05,0.0030769966542720795,0.003611918305978179,0.004849425982683897,0.04813515767455101,0.055526770651340485,2480,2449,0.1513671875,0.14947509765625
1-604085,grid,-0.012543895281851292,-0.012847101781517267,-0.03773839771747589,-0.03804156929254532,0.01285686157643795,0.014328587334603071,0.007624387741088867,0.009741626679897308,3451,2986,0.21063232421875,0.1822509765625
1-604873,grid,0.005992759019136429,0.0054365480318665504,0.005586877465248108,0.004542592912912369,-0.016649980563670397,-0.016160701401531696,-0.010853171348571777,-0.012125693261623383,3229,3108,0.19708251953125,0.189697265625
1-604915,grid,0.0036048591136932373,0.003699068445712328,-0.0037205591797828674,-0.004178225994110107,-0.004906069487333298,-0.004865050781518221,0.0033249668776988983,0.0036274492740631104,1033,1004,0.06304931640625,0.061279296875
1-604937,grid,-0.02732829423621297,-0.022086021024733782,-0.03667847812175751,-0.034268952906131744,-0.0033859089016914368,-0.006363760679960251,0.0033415257930755615,0.009293153882026672,4710,2211,0.2874755859375,0.13494873046875
1-604956,grid,-0.0058022732846438885,-0.005376360844820738,0.006772540509700775,0.005343735218048096,0.003378726076334715,0.003216520417481661,0.004512138664722443,-0.004174068570137024,1791,1377,0.10931396484375,0.08404541015625
1-605195,grid,-0.008598148822784424,-0.011382659897208214,0.033377185463905334,0.029271334409713745,-0.03451343369670212,-0.03272624220699072,-0.030668996274471283,-0.030804045498371124,3189,2259,0.19464111328125,0.13787841796875
1-605215,grid,-0.00397772341966629,-0.003922781441360712,-0.007558770477771759,-0.0072834789752960205,-0.001018662005662918,-0.001011523650959134,-0.02060876041650772,-0.01985887438058853,955,953,0.05828857421875,0.05816650390625
1-605245,grid,-0.011410962790250778,-0.012682232074439526,-0.025553420186042786,-0.026293501257896423,0.00034989207051694393,0.0004216618835926056,0.035153135657310486,0.033762648701667786,7266,7082,0.4434814453125,0.4322509765625
1-605270,grid,0.0006868746131658554,-0.0005865306593477726,0.02069948986172676,0.010446585714817047,-0.019488703459501266,-0.016738809179514647,-0.003531903028488159,-0.008525364100933075,3121,1386,0.19049072265625,0.0845947265625
1-605458,grid,-0.01368619129061699,-0.013649404048919678,-0.026323601603507996,-0.026533395051956177,0.009062736760824919,0.009035698138177395,0.021310828626155853,0.020631898194551468,10337,9892,0.63092041015625,0.603759765625
1-605482,grid,-0.001686559058725834,-0.00031679775565862656,-0.012366130948066711,-0.015492275357246399,0.02228066837415099,0.02505170600488782,0.023310407996177673,0.01955895870923996,1832,1257,0.11181640625,0.07672119140625
1-605504,grid,-0.015726160258054733,-0.015564562752842903,-0.021045461297035217,-0.020706847310066223,-0.017323197796940804,-0.018800931982696056,-0.0314503014087677,-0.028954602777957916,3876,3411,0.236572265625,0.20819091796875
1-605601,grid,-0.0016408334486186504,-0.0025334306992590427,0.0011564791202545166,-0.0005256384611129761,-0.008529168087989092,-0.008660534396767616,0.020640403032302856,0.020476747304201126,11226,10462,0.6851806640625,0.6385498046875
1-605753,grid,0.07325844652950764,0.0726922107860446,0.07475930452346802,0.07340633869171143,-0.013390216045081615,-0.01222037710249424,-0.04780188947916031,-0.045189887285232544,1941,1545,0.11846923828125,0.09429931640625
1-605814,grid,0.0012620040215551853,0.001277086790651083,0.03846166282892227,0.04078153520822525,0.004614366218447685,-0.0010656099766492844,-0.03792399913072586,-0.03672913461923599,1278,682,0.0780029296875,0.0416259765625
1-605818,grid,-0.025030420627444983,-0.025167630519717932,-0.045262791216373444,-0.047174230217933655,0.002380938269197941,0.002235136926174164,-0.017676256597042084,-0.0189785435795784,3547,3265,0.21649169921875,0.19927978515625
1-605877,grid,0.01969110779464245,0.01969214342534542,0.019115936011075974,0.01911463588476181,0.0032424679957330227,0.003243439830839634,0.008119188249111176,0.008120797574520111,14606,14486,0.8914794921875,0.8841552734375
1-605884,grid,-0.010288145393133163,-0.009319726377725601,-0.014890410006046295,-0.011521227657794952,-0.00435027526691556,-0.005882708355784416,-0.008669577538967133,-0.004016488790512085,3155,2683,0.19256591796875,0.16375732421875
1-606022,grid,0.014103958383202553,0.01402851240709424,0.04228312522172928,0.04185871779918671,-0.018804483115673065,-0.018752390518784523,-0.014732889831066132,-0.014182426035404205,2410,2406,0.1470947265625,0.1468505859375
1-606121,grid,-0.0019677644595503807,-0.0019677644595503807,-0.004436329007148743,-0.004436329007148743,0.01165163516998291,0.01165163516998291,0.03741929680109024,0.03741929680109024,1698,1698,0.1036376953125,0.1036376953125
1-606422,grid,0.010347735602408648,0.010367602109909058,0.019277241080999374,0.01933899149298668,-0.016544892452657223,-0.016550348605960608,-0.01642739027738571,-0.016528747975826263,997,994,0.06085205078125,0.0606689453125
1-60707,grid,-8.598528802394867e-05,-0.00018915534019470215,0.007597241550683975,0.00852886214852333,0.017882758751511574,0.01895858021453023,-0.006320081651210785,-0.0050734542310237885,647,637,0.03948974609375,0.03887939453125
1-61134,grid,0.012106144800782204,0.012039897963404655,-0.006343945860862732,-0.0026183053851127625,0.001327635021880269,0.002033661352470517,0.033580027520656586,0.03235773742198944,4319,3880,0.26361083984375,0.23681640625
1-614456,grid,0.08692497108131647,0.0871878731995821,0.08745361119508743,0.0896344855427742,-0.007979178801178932,-0.00719792116433382,0.006694216281175613,0.0007342398166656494,9546,7646,0.5826416015625,0.4666748046875
1-617323,grid,-0.0016134236939251423,-0.001523618120700121,0.005621194839477539,0.0029049813747406006,-0.0064715975895524025,-0.005927762016654015,-0.009241707623004913,-0.008491717278957367,926,646,0.0565185546875,0.0394287109375
1-62047,grid,-0.01895418530330062,-0.01599597791209817,-0.026189029216766357,-0.02321644127368927,-0.004211390856653452,-0.0048795477487146854,0.015910156071186066,0.011536628007888794,6128,4945,0.3740234375,0.30181884765625
1-622991,grid,0.016017910093069077,0.016017910093069077,0.015331495553255081,0.015331495553255081,-0.002813665196299553,-0.002813665196299553,0.01301003247499466,0.01301003247499466,3732,3732,0.227783203125,0.227783203125
1-624268,grid,0.0013036774471402168,0.0016207639127969742,0.030212394893169403,0.030251264572143555,-0.0054249949753284454,-0.005226911045610905,-0.028842918574810028,-0.02945505827665329,384,382,0.0234375,0.0233154296875
1-625206,grid,-0.0063763270154595375,-0.006295070052146912,-0.03323683887720108,-0.032833948731422424,-0.0031029055826365948,-0.0031574731692671776,0.015816397964954376,0.015942566096782684,4310,4287,0.2630615234375,0.26165771484375
1-625718,grid,0.0008696122094988823,0.0008725188672542572,-0.017290808260440826,-0.01729559153318405,0.01528140902519226,0.015239769592881203,-0.004683509469032288,-0.004684977233409882,2187,2185,0.13348388671875,0.13336181640625
1-626078,grid,0.01229444332420826,0.01229444332420826,0.035888466984033585,0.035888466984033585,0.0006133299320936203,0.0006133299320936203,-0.012063510715961456,-0.012063510715961456,754,754,0.0460205078125,0.0460205078125
1-626306,grid,0.006681646686047316,0.006230912171304226,0.020525425672531128,0.020177599042654037,-0.02637614356353879,-0.026933979708701372,-0.03204917162656784,-0.0335797443985939,2171,1473,0.13250732421875,0.08990478515625
1-626658,grid,0.0032302923500537872,0.004373271018266678,0.0076265111565589905,0.007783830165863037,-0.015598689671605825,-0.01690775202587247,-0.025664009153842926,-0.02817366272211075,3230,3059,0.1971435546875,0.18670654296875
1-626763,grid,0.002126496285200119,0.0017233001999557018,0.025476910173892975,0.025137878954410553,0.01322610629722476,0.012046705465763807,-0.006736092269420624,-0.009246475994586945,1083,957,0.06610107421875,0.05841064453125
1-626830,grid,-0.007754664868116379,-0.00590702798217535,-0.0029027462005615234,-0.002682611346244812,-0.013068376807495952,-0.015246594557538629,-0.016599521040916443,-0.009613052010536194,3558,2205,0.2171630859375,0.13458251953125
1-627746,grid,0.007035775110125542,0.007035775110125542,-0.011749610304832458,-0.011749610304832458,0.0013689890038222075,0.0013689890038222075,0.02702820487320423,0.02702820487320423,2036,2036,0.124267578125,0.124267578125
1-632610,grid,0.01844001840800047,0.01860434515401721,0.03480895608663559,0.029633216559886932,-0.012090743519365788,-0.013354337774217129,-0.0438242107629776,-0.04964285343885422,2979,1965,0.18182373046875,0.11993408203125
1-633214,grid,-0.01948022935539484,-0.01992954034358263,-0.00365409255027771,-0.004909500479698181,-0.008099828846752644,-0.008175079245120287,0.006224650889635086,0.0062562525272369385,6524,6207,0.398193359375,0.37884521484375
1-633549,grid,0.025457611307501793,0.02712178137153387,0.012204408645629883,0.01720079779624939,0.011164095718413591,0.0056875841692090034,0.018999945372343063,0.008164282888174057,5516,1817,0.336669921875,0.11090087890625
1-633776,grid,-0.008615029975771904,-0.012354183476418257,-0.0001432076096534729,-0.004909902811050415,0.03594681480899453,0.017479657661169767,0.0595456101000309,0.03965242579579353,780,37,0.047607421875,0.00225830078125
1-633819,grid,-0.00046462658792734146,-0.00011013075709342957,-0.007310979068279266,-0.0063585638999938965,0.016496520955115557,0.017366427462548018,0.0035527795553207397,0.004948645830154419,2465,2409,0.15045166015625,0.14703369140625
1-633832,grid,-0.02545469580218196,-0.026006431318819523,-0.022379562258720398,-0.023752279579639435,0.0185943515971303,0.0179306345526129,0.019651159644126892,0.021149892359972,5844,4499,0.356689453125,0.27459716796875
1-633839,grid,-0.0018669976852834225,-0.0016893129795789719,-0.005373500287532806,-0.007767409086227417,0.006003374233841896,0.004440034739673138,-0.011914581060409546,-0.014299936592578888,1837,1610,0.11212158203125,0.0982666015625
1-634089,grid,-0.02748725190758705,-0.022875153459608555,-0.043236345052719116,-0.03834102302789688,-0.006456182338297367,-0.005666613578796387,0.021583251655101776,0.021400567144155502,4334,3800,0.2645263671875,0.23193359375
1-634114,grid,0.00191496592015028,0.00191496592015028,0.0021255388855934143,0.0021255388855934143,-0.010576127097010612,-0.010576127097010612,0.009454384446144104,0.009454384446144104,4773,4773,0.29132080078125,0.29132080078125
1-634132,grid,-0.011426358483731747,-0.010437336284667253,-0.01566270738840103,-0.00781790167093277,0.01483920682221651,0.01646305317990482,0.04574042186141014,0.035851843655109406,4764,4389,0.290771484375,0.26788330078125
1-634329,grid,-0.002642725594341755,-0.0023896824568510056,-0.006392315030097961,-0.0015401244163513184,-0.017125725047662854,-0.016934212762862444,-0.00730711966753006,-0.015596292912960052,5679,4434,0.34661865234375,0.2706298828125
1-634588,grid,-0.009985641576349735,-0.006890689022839069,0.01843629777431488,0.024899806827306747,0.06134868040680885,0.06079209502786398,0.0942300409078598,0.0996631383895874,3026,1980,0.1846923828125,0.120849609375
1-634763,grid,0.01171351270750165,0.011254179291427135,0.020544081926345825,0.01675420254468918,0.02313970448449254,0.025906256400048733,0.02313387021422386,0.02737494185566902,2922,2080,0.1783447265625,0.126953125
1-634795,grid,-0.005299779120832682,-0.004862325266003609,-0.00794055312871933,-0.019552238285541534,-0.0030619134195148945,-0.0057420991361141205,0.00822882354259491,0.01087803766131401,4156,1061,0.253662109375,0.06475830078125
1-634828,grid,-0.008457275107502937,-0.008457275107502937,0.011370476335287094,0.011370476335287094,-0.014008742291480303,-0.014008742291480303,-0.029391102492809296,-0.029391102492809296,571,571,0.03485107421875,0.03485107421875
1-635285,grid,-0.006119613070040941,-0.005133556202054024,0.007964100688695908,0.004671044647693634,-0.03639338444918394,-0.03816125262528658,-0.027442045509815216,-0.025924570858478546,2703,1861,0.16497802734375,0.11358642578125
1-635330,grid,-0.006739988923072815,-0.006794234737753868,-0.02061469852924347,-0.02044256031513214,0.0022804811596870422,0.0022993641905486584,0.028198860585689545,0.028172459453344345,4114,4113,0.2510986328125,0.25103759765625
1-635503,grid,-0.01095423474907875,-0.01130835060030222,0.003138471394777298,0.0020216703414916992,0.023602355271577835,0.024045820347964764,0.04442647099494934,0.04522683471441269,2942,2789,0.1795654296875,0.17022705078125
1-635647,grid,-0.013228637166321278,-0.01310294819995761,-0.022197216749191284,-0.01917073130607605,0.00025798194110393524,-0.0005372082814574242,0.03180704265832901,0.026898808777332306,11473,10884,0.70025634765625,0.664306640625
1-636441,grid,0.008015801664441824,0.008041474502533674,-0.00019647181034088135,0.0004182159900665283,0.01595286326482892,0.015354120638221502,0.02055327594280243,0.020273469388484955,1870,1774,0.1141357421875,0.1082763671875
1-638130,grid,-0.014405868481844664,-0.014331993646919727,-0.005756638944149017,-0.005250059068202972,0.01870600925758481,0.0186968301422894,0.046127043664455414,0.04642274230718613,6254,6204,0.3817138671875,0.378662109375
1-67044,grid,0.012764626182615757,0.0128007298335433,0.00993872806429863,0.012645132839679718,-0.00942167453467846,-0.007843460887670517,-0.0006834045052528381,-0.0018983706831932068,5834,4688,0.3560791015625,0.2861328125
1-68467,grid,0.008957825601100922,0.009574875701218843,0.007475364953279495,0.00726623460650444,-0.01624232903122902,-0.015132191125303507,-0.045246563851833344,-0.044045813381671906,1745,1615,0.10650634765625,0.09857177734375
1-70173,grid,-0.0061925421468913555,-0.0061925421468913555,-0.02948276698589325,-0.02948276698589325,0.009966036304831505,0.009966036304831505,0.04439752548933029,0.04439752548933029,16380,16350,0.999755859375,0.9979248046875
1-70384,grid,-0.0018105395138263702,-0.0020931782200932503,-0.024103038012981415,-0.026577427983283997,-0.00042820675298571587,-3.008125349879265e-05,-0.008116289973258972,-0.007101364433765411,2275,1775,0.13885498046875,0.10833740234375
1-71525,grid,0.0055080014280974865,0.005477693863213062,-0.009512588381767273,-0.009590506553649902,0.0091464021243155,0.009187029208987951,0.01610337197780609,0.016097266227006912,6604,6588,0.403076171875,0.402099609375
1-72203,grid,0.009265178348869085,0.00869474932551384,0.0016354024410247803,-0.0016686171293258667,0.04624640662223101,0.04689730703830719,0.0394052192568779,0.037856705486774445,2429,1860,0.14825439453125,0.113525390625
1-72289,grid,0.020993552170693874,0.020460138097405434,-0.023217305541038513,-0.02333948016166687,0.038892419077456,0.04234420321881771,0.033603861927986145,0.038582850247621536,7695,2855,0.46966552734375,0.17425537109375
1-72322,grid,0.0025329934433102608,0.002532989252358675,-0.020150765776634216,-0.020150765776634216,0.004645446315407753,0.0046454379335045815,-0.030507154762744904,-0.030507147312164307,16384,15571,1.0,0.95037841796875
1-72382,grid,0.01586002390831709,0.01609367225319147,0.01252816617488861,0.012517258524894714,-0.003258928656578064,-0.002681231591850519,-0.027505509555339813,-0.02553432434797287,1753,1621,0.10699462890625,0.09893798828125
1-72416,grid,0.012338056694716215,0.011696147732436657,-0.00380542129278183,-0.0033439993858337402,0.009809487732127309,0.010500885779038072,0.0324515625834465,0.03406817466020584,6335,6156,0.38665771484375,0.375732421875
1-72795,grid,-0.0020318767055869102,-0.0008093183860182762,-0.0601373165845871,-0.06638133525848389,0.007482301909476519,0.01215019216760993,-0.014645986258983612,-0.012992225587368011,13914,3248,0.8492431640625,0.1982421875
1-72808,grid,-0.0010761539451777935,-0.0002609812654554844,0.03525809198617935,0.03701968491077423,0.0038180192932486534,0.0025710826739668846,-0.03207880258560181,-0.019586116075515747,391,371,0.02386474609375,0.02264404296875
1-72914,grid,0.012219619937241077,0.010795686393976212,-0.006284095346927643,-0.009206689894199371,-0.004230313468724489,-0.00474375719204545,-0.016597650945186615,-0.018733933568000793,15310,13805,0.9344482421875,0.84259033203125
1-73002,grid,-0.003867342136800289,-0.0035720202140510082,-0.027496784925460815,-0.02870708703994751,0.005610812921077013,0.004114898154512048,0.03353143110871315,0.029496291652321815,4546,2878,0.2774658203125,0.1756591796875
1-73005,grid,-0.012552557978779078,-0.013264345470815897,-0.015877850353717804,-0.02032523602247238,-0.019870874471962452,-0.019727795850485563,0.003696553409099579,0.004903372377157211,6481,5570,0.39556884765625,0.3399658203125
1-73009,grid,0.003350373823195696,0.002464467193931341,-0.007316224277019501,-0.010398313403129578,-0.010680283419787884,-0.011631367728114128,-0.0035781674087047577,-0.004394009709358215,3543,2883,0.21624755859375,0.17596435546875
1-73638,grid,-0.011619923636317253,-0.012212448753416538,-0.01790878176689148,-0.0184774249792099,0.006529913283884525,0.009768827352672815,0.022040635347366333,0.017825573682785034,16013,14487,0.97735595703125,0.88421630859375
1-76,grid,0.013361221179366112,0.014513188041746616,-0.003440968692302704,-0.002565622329711914,0.004218991380184889,0.004739298950880766,-0.016931183636188507,-0.015578024089336395,1965,1894,0.11993408203125,0.1156005859375
1-76466,grid,0.022633917164057493,0.022655566222965717,-0.01533278077840805,-0.015148118138313293,0.005936682689934969,0.005919779418036342,0.024997500702738762,0.02513892389833927,1644,1598,0.100341796875,0.0975341796875
1-76561,grid,0.0510824890807271,0.04991912469267845,0.032149285078048706,0.03090010955929756,-0.013386283069849014,-0.011918061412870884,0.03339327499270439,0.03684816509485245,11753,9671,0.71734619140625,0.59027099609375
1-76694,grid,-0.043375397101044655,-0.04291216330602765,-0.05205231159925461,-0.04833124577999115,-0.011419046204537153,-0.011669123312458396,0.042345475405454636,0.04155365377664566,2682,2398,0.1636962890625,0.1463623046875
1-76744,grid,0.011222431436181068,0.007968938443809748,0.026336543262004852,0.010506674647331238,0.011389574036002159,0.0005890750326216221,-0.01821916550397873,-0.008599802851676941,422,60,0.0257568359375,0.003662109375
1-76920,grid,-0.00019981944933533669,-0.00069033307954669,0.01331031322479248,0.012680720537900925,-0.0013475562445819378,-0.0012742849066853523,-0.013234272599220276,-0.013394244015216827,1302,1282,0.0794677734375,0.0782470703125
1-76996,grid,-0.008850262500345707,-0.008424234576523304,-0.007716283202171326,-0.00770626962184906,0.005795423407107592,0.004584003239870071,0.041032347828149796,0.035776536911726,5472,3892,0.333984375,0.237548828125
1-77024,grid,-0.023705463856458664,-0.024076581466943026,-0.03897646814584732,-0.03186503052711487,0.011167561169713736,0.011708812788128853,0.06206641346216202,0.0672963336110115,13195,11068,0.80535888671875,0.675537109375
1-77488,grid,0.01481004897505045,0.01284564658999443,-0.015689894556999207,-0.010502226650714874,-0.000373124610632658,0.0034827832132577896,0.06370474398136139,0.07533374428749084,11993,3831,0.73199462890625,0.23382568359375
1-77595,grid,-0.016074398532509804,-0.01648670667782426,-0.02018827199935913,-0.020665191113948822,0.0032702498137950897,0.0032882182858884335,0.038275476545095444,0.03967572748661041,12971,12813,0.79168701171875,0.78204345703125
1-77675,grid,-0.030464045237749815,-0.025878415443003178,-0.04367513954639435,-0.03790432959794998,-0.009746707510203123,-0.011947654653340578,0.025919590145349503,0.03300818055868149,9026,4935,0.5509033203125,0.30120849609375
1-77949,grid,-0.004599357955157757,-0.004281092435121536,-0.04002506285905838,-0.02115561068058014,-0.0008670189417898655,-0.007655027788132429,-0.005847804248332977,-0.014476783573627472,1492,617,0.091064453125,0.03765869140625
1-78006,grid,-0.0315813897177577,-0.03087449911981821,-0.03070889413356781,-0.029827743768692017,-0.0030782436951994896,-0.00518544833175838,0.03005758300423622,0.030416833236813545,15045,12997,0.91827392578125,0.79327392578125
1-78040,grid,-0.006212983280420303,-0.006456475704908371,-0.015357732772827148,-0.015617020428180695,-0.0073264897800982,-0.006413473282009363,0.021122846752405167,0.023393869400024414,5424,5044,0.3310546875,0.307861328125
1-78142,grid,-0.05379045754671097,-0.05717375222593546,-0.06486184895038605,-0.06342844665050507,-0.004775090608745813,-0.004989202134311199,0.061450518667697906,0.06339938938617706,7975,6991,0.48675537109375,0.42669677734375
1-78213,grid,-0.012855129316449165,-0.013692362233996391,-0.036962591111660004,-0.03793168067932129,0.0056503573432564735,0.0077547370456159115,0.009943060576915741,0.011492379009723663,2726,1456,0.1663818359375,0.0888671875
1-78255,grid,0.019295241683721542,0.019389068707823753,-0.002346046268939972,-0.0028471723198890686,-0.002085525542497635,-0.0049599166959524155,0.04708202928304672,0.0509113147854805,8188,1668,0.499755859375,0.101806640625
1-78294,grid,-0.016707367729395628,-0.016882620751857758,0.018448952585458755,0.01859835535287857,0.00391206331551075,0.004093587398529053,0.00957372784614563,0.009921863675117493,1210,1205,0.0738525390625,0.07354736328125
1-78439,grid,0.014238266274333,0.013914748560637236,-0.0015956014394760132,-0.0017086714506149292,0.006668650079518557,0.006690349895507097,0.013617359101772308,0.01399589329957962,1142,1136,0.0697021484375,0.0693359375
1-78451,grid,-0.017513860017061234,-0.01787920482456684,-0.03231605887413025,-0.03159428387880325,0.003214831929653883,0.004198172595351934,0.01448168233036995,0.017281711101531982,3954,3259,0.2413330078125,0.19891357421875
1-78519,grid,-0.009886886458843946,-0.012660389766097069,-0.030182987451553345,-0.03312157839536667,-0.0030139684677124023,-0.008397051133215427,0.03420531749725342,0.02430456131696701,6878,2530,0.4197998046875,0.1544189453125
1-78580,grid,-0.009671154897660017,-0.009917670395225286,-0.030586659908294678,-0.031071744859218597,0.016731743700802326,0.016970697324723005,-0.007922016084194183,-0.007557295262813568,3971,3559,0.24237060546875,0.21722412109375
1-78765,grid,0.00042391568422317505,0.0023463359102606773,-0.016484513878822327,-0.012066274881362915,0.008110824972391129,0.006121851038187742,0.015602245926856995,0.006475724279880524,4954,3399,0.3023681640625,0.20745849609375
1-78783,grid,0.025410354137420654,0.025289074052125216,0.004343658685684204,0.00439058244228363,0.00941551011055708,0.008038279600441456,0.008613791316747665,0.009192019701004028,6000,5188,0.3662109375,0.316650390625
1-78856,grid,0.05400315532460809,0.05432651098817587,0.03898637741804123,0.039995238184928894,-9.792810305953026e-05,-0.001370531041175127,0.04697227105498314,0.04731094464659691,13985,12312,0.85357666015625,0.75146484375
1-78868,grid,-0.01236818777397275,-0.012070801574736834,-0.013827957212924957,-0.014325380325317383,0.016885243821889162,0.01819588989019394,-0.002977795898914337,-0.0020359233021736145,1884,1673,0.114990234375,0.10211181640625
1-78873,grid,-0.017434403765946627,-0.020014538895338774,0.00709761306643486,0.0018635392189025879,-0.024823400657624006,-0.027318015228956938,-0.021855510771274567,-0.023529134690761566,5512,3485,0.33642578125,0.21270751953125
1-79033,grid,-0.022352802101522684,-0.024729207158088684,-0.04761262238025665,-0.05897114425897598,0.0059319110587239265,0.006769954692572355,0.04177519679069519,0.04977669566869736,5242,3519,0.3199462890625,0.21478271484375
1-79052,grid,0.020054418593645096,0.020054418593645096,0.035035841166973114,0.035035841166973114,-0.008890214376151562,-0.008890214376151562,-0.05177246034145355,-0.05177246034145355,650,650,0.0396728515625,0.0396728515625
1-79489,grid,-0.023321785032749176,-0.023359485436230898,-0.044066525995731354,-0.04417910426855087,0.006808372447267175,0.0068000308237969875,0.035514701157808304,0.035585805773735046,8630,8621,0.5267333984375,0.52618408203125
1-79606,grid,0.003833024762570858,0.003944274038076401,-0.024751119315624237,-0.02615363895893097,0.006097564939409494,0.006155221024528146,0.014221660792827606,0.014248650521039963,6886,6338,0.4202880859375,0.3868408203125
1-79764,grid,0.0038487063720822334,0.0038674878887832165,-0.00017865002155303955,-0.0009027197957038879,-0.021143699530512094,-0.020941418129950762,0.002812393009662628,0.0020507052540779114,1578,1499,0.0963134765625,0.09149169921875
1-79770,grid,0.008142172358930111,0.009448408149182796,-0.008545972406864166,-0.005559347569942474,-0.012642815476283431,-0.012611588463187218,0.01714431867003441,0.022585377097129822,4713,3433,0.28765869140625,0.20953369140625
1-80494,grid,0.0016760770231485367,0.0024454835802316666,-0.009842365980148315,-0.018528804183006287,0.011768210446462035,0.011688879691064358,0.05098038166761398,0.05186481028795242,10817,9770,0.66021728515625,0.5963134765625
1-80572,grid,-0.008367008529603481,-0.008367008529603481,-0.0003238096833229065,-0.0003238096833229065,-0.005949199199676514,-0.005949199199676514,-0.02262663096189499,-0.02262663096189499,981,981,0.05987548828125,0.05987548828125
1-811,grid,0.011967854108661413,0.012641355395317078,0.01592858135700226,0.01571621000766754,-0.0060333991423249245,-0.005701778223738074,0.013620451092720032,0.024602841585874557,10430,9608,0.6365966796875,0.58642578125
1-83151,grid,0.0034353947266936302,0.0018112976104021072,-0.0037896335124969482,-0.004015624523162842,-0.008223073091357946,-0.010111849755048752,0.026464425027370453,0.02297205477952957,7199,6419,0.43939208984375,0.39178466796875
1-834,grid,0.0012124618515372276,0.003088408149778843,-0.014732517302036285,-0.00868254154920578,0.016111487755551934,0.016054268926382065,0.06820818036794662,0.07562614977359772,11734,1377,0.7161865234375,0.08404541015625
1-83455,grid,-0.004771790467202663,-0.003441008273512125,0.0029901713132858276,0.0007973611354827881,0.015190832316875458,0.01695457100868225,0.018629007041454315,0.0276503823697567,465,262,0.02838134765625,0.0159912109375
1-90901,grid,0.009216953534632921,0.00964454049244523,0.004210822284221649,0.004791468381881714,-0.002698814030736685,-0.003920589108020067,0.016932576894760132,0.008349217474460602,2692,2130,0.164306640625,0.1300048828125
1-91010,grid,-0.03163887653499842,-0.03499237634241581,-0.07619097828865051,-0.07694858312606812,0.0032020192593336105,0.0038340892642736435,-0.012350805103778839,-0.017527900636196136,5821,4111,0.35528564453125,0.25091552734375
1-91016,grid,0.004480752628296614,0.005454166792333126,-0.008897706866264343,-0.005973726511001587,-0.012537108734250069,-0.012072783429175615,0.01192929595708847,0.008615121245384216,3120,2536,0.1904296875,0.15478515625
1-91113,grid,0.0048538013361394405,0.004642970860004425,0.023840293288230896,0.01719505339860916,-0.023416210431605577,-0.023606260772794485,0.00314880907535553,-0.0034219101071357727,3441,2992,0.21002197265625,0.1826171875
1-91317,grid,-0.012184376828372478,-0.015049495734274387,0.016669925302267075,0.00830448791384697,-0.00910722091794014,-0.007256907410919666,0.03627273812890053,0.03932085633277893,3662,2553,0.2235107421875,0.15582275390625
1-91417,grid,0.004877833649516106,0.004895061254501343,0.013623885810375214,0.013454485684633255,-0.023536718916147947,-0.023746829014271498,-0.006267134100198746,-0.006629042327404022,1488,1478,0.0908203125,0.0902099609375
1-91678,grid,0.005754241719841957,0.005047008860856295,-0.0028650015592575073,-0.008430369198322296,0.012882606592029333,0.012965361587703228,0.05322078987956047,0.06301097571849823,3632,3208,0.2216796875,0.19580078125
1-91877,grid,0.0063428375869989395,0.006174681708216667,0.02791496366262436,0.026438884437084198,0.004688349319621921,0.004848805256187916,0.0068472325801849365,0.002051025629043579,1791,1614,0.10931396484375,0.0985107421875
1-91919,grid,-0.010548477992415428,-0.010008132085204124,-0.036479197442531586,-0.03488601744174957,0.008663893211632967,0.00925730587914586,-0.0005852058529853821,-0.0005695037543773651,6030,5319,0.3680419921875,0.32464599609375
1-91923,grid,-0.005637087393552065,-0.008948320988565683,0.0062100887298583984,0.00768955796957016,-0.005656245164573193,-0.00819377088919282,0.02114049345254898,0.02535630762577057,2212,755,0.135009765625,0.04608154296875
1-92045,grid,-0.0026054605841636658,-0.002580012660473585,0.010116718709468842,0.010804321616888046,0.018080517183989286,0.016645266208797693,0.01553201675415039,0.016786441206932068,1898,1606,0.1158447265625,0.0980224609375
1-92763,grid,0.004581152927130461,0.004581152927130461,0.03185809403657913,0.03185809403657913,-0.010988818481564522,-0.010988818481564522,-0.026659764349460602,-0.026659764349460602,8770,8770,0.5352783203125,0.5352783203125
1-92894,grid,0.001329728402197361,0.011736297979950905,0.04535592347383499,0.044177696108818054,-0.04228136129677296,-0.03012222098186612,-0.05619741231203079,-0.03588017076253891,3529,262,0.21539306640625,0.0159912109375
1-93082,grid,0.0016114911995828152,0.0009257490746676922,-0.00894463062286377,-0.00709804892539978,-0.034163144417107105,-0.03291622316464782,-0.035130202770233154,-0.03190750628709793,2447,1752,0.14935302734375,0.10693359375
1-93093,grid,-0.01700063142925501,-0.02009183680638671,-0.02985619753599167,-0.02974739670753479,-0.02353282319381833,-0.025527857476845384,0.014101099222898483,0.011904716491699219,9878,4787,0.6029052734375,0.29217529296875
1-93503,grid,0.004584131296724081,0.004326551221311092,-0.0053692832589149475,-0.010347440838813782,-0.013831995660439134,-0.010981549974530935,-0.006557106971740723,0.0031701475381851196,1101,799,0.06719970703125,0.04876708984375
1-93557,grid,0.02425844967365265,0.02323370659723878,0.05518021434545517,0.0543123334646225,-0.010018611792474985,-0.010341078508645296,-0.03572184592485428,-0.037568993866443634,902,819,0.0550537109375,0.04998779296875
1-93612,grid,0.007893331348896027,0.007893331348896027,-0.007104143500328064,-0.007104143500328064,0.01552077173255384,0.01552077173255384,0.025770125910639763,0.025770125910639763,1413,1413,0.08624267578125,0.08624267578125
1-93835,grid,0.005546680651605129,0.0032405825331807137,0.017148472368717194,0.01773664355278015,0.004143160302191973,0.006604362279176712,0.022636108100414276,0.021652594208717346,1875,1077,0.11444091796875,0.06573486328125
1-93858,grid,0.0217545535415411,0.021291107404977083,0.05922453850507736,0.05909280478954315,-0.01268349215388298,-0.013886505737900734,-0.024985410273075104,-0.025639332830905914,1910,1400,0.1165771484375,0.08544921875
1-94403,grid,-0.020292553585022688,-0.019977799616754055,-0.03819116950035095,-0.03835945576429367,-0.0010801088064908981,-0.00013946834951639175,0.020419657230377197,0.02190527319908142,3235,3026,0.19744873046875,0.1846923828125
1-94470,grid,-0.00024524563923478127,0.0004200185649096966,0.020023953169584274,0.01781412586569786,-0.0020484477281570435,-7.779337465763092e-06,-0.020321354269981384,-0.016484320163726807,430,213,0.0262451171875,0.01300048828125
1-95208,grid,-0.0010945005342364311,-0.001065974123775959,0.00761781632900238,0.006794184446334839,-0.03074409463442862,-0.03072603838518262,-0.020633362233638763,-0.02108166366815567,1756,1617,0.107177734375,0.09869384765625
1-95770,grid,0.0058867549523711205,0.0034289383329451084,0.015134673565626144,0.010150063782930374,-0.0038917534984648228,-0.004204246215522289,0.026990998536348343,0.03158775717020035,7618,5877,0.4649658203125,0.35870361328125
1-95825,grid,-0.018735196441411972,-0.018442463129758835,0.0005016699433326721,0.001110166311264038,0.02501827199012041,0.024736416060477495,0.04448544234037399,0.044234976172447205,721,692,0.04400634765625,0.042236328125
1-95982,grid,-0.012223266530781984,-0.005090475082397461,-0.006536751985549927,0.006987575441598892,0.012963068205863237,0.010926345363259315,0.013596273958683014,0.018178798258304596,2610,320,0.1593017578125,0.01953125
1-96067,grid,0.03299845429137349,0.03292874898761511,0.05154131352901459,0.052932463586330414,-0.013170296093448997,-0.013889280380681157,0.007977433502674103,0.006970100104808807,5776,4984,0.3525390625,0.30419921875
1-96410,grid,-0.0068857804872095585,-0.007008261512964964,0.00264769047498703,0.0023614242672920227,0.0023970669135451317,0.0031012967228889465,0.005464598536491394,0.005724325776100159,870,852,0.0531005859375,0.052001953125
1-96548,grid,-0.0028333482332527637,-0.002696434035897255,-0.013290025293827057,-0.01409410685300827,0.020134905353188515,0.020251326728612185,0.052740443497896194,0.05386267602443695,3091,3063,0.18865966796875,0.18695068359375
1-96555,grid,0.0008901963010430336,0.001104927621781826,-0.017962515354156494,-0.01713678240776062,-0.0010624285787343979,-0.00030786776915192604,0.010000240057706833,0.01239803433418274,4198,4062,0.2562255859375,0.2479248046875
1-96589,grid,-0.0062072305008769035,-0.006495616398751736,-0.005586802959442139,-0.008104264736175537,-0.021815510466694832,-0.02104482613503933,0.00030113011598587036,0.0011300407350063324,2736,2476,0.1669921875,0.151123046875
1-97030,grid,-0.04206972802057862,-0.039781301748007536,-0.0751536637544632,-0.07425004243850708,-0.012873793486505747,-0.012099524727091193,0.022666916251182556,0.025944026187062263,13068,7199,0.797607421875,0.43939208984375
1-97179,grid,-0.020676362328231335,-0.021350868046283722,-0.020196989178657532,-0.02053457498550415,0.0038712825626134872,0.003849464002996683,0.050875224173069,0.04971323534846306,12968,11272,0.79150390625,0.68798828125
1-97191,grid,-0.01280691334977746,-0.012441805563867092,-0.0170309916138649,-0.019292287528514862,-0.008708500536158681,-0.010216900147497654,0.016969352960586548,0.012255717068910599,4084,3872,0.249267578125,0.236328125
1-999,grid,-0.013274958357214928,-0.013272929470986128,-0.03201431781053543,-0.030822038650512695,0.015153275104239583,0.01532443962059915,0.029848754405975342,0.029973579570651054,3892,3460,0.237548828125,0.211181640625
12-129612,grid,-0.013770103454589844,-0.013564325403422117,0.006016790866851807,0.00491110235452652,-0.024982738308608532,-0.024932895321398973,-0.011082760989665985,-0.010498367249965668,3091,3021,0.18865966796875,0.18438720703125
12-84627,grid,-0.03144992934539914,-0.03225954808294773,-0.030217371881008148,-0.03180606663227081,-0.012242443859577179,-0.012434302363544703,0.008786965161561966,0.008818868547677994,10275,9858,0.62713623046875,0.6016845703125
