index,plateifu,z,vel_mask,n_spaxels,arcsec_per_px,kpc_per_px_model,vel_fill_frac,img_coverage,img_psf_fwhm_arcsec,vel_psf_fwhm_arcsec,psf_sigma_real_px_photo,psf_sigma_train_px_photo,psf_sigma_real_px_vel,psf_sigma_train_px_vel,mangaid,source,g1_pred,g2_pred,g1_dihedral_mean,g2_dihedral_mean,g1_dihedral_std,g2_dihedral_std,sal_share_v_obs_g1,sal_share_v_asym_g1,sal_share_v_sym_g1,sal_photo_frac_g1,sal_share_v_obs_g2,sal_share_v_asym_g2,sal_share_v_sym_g2,sal_photo_frac_g2
0,11866-12705,0.06482475503430525,none,9784,0.18220175716448087,0.17578125,0.59716796875,1.0,1.32,2.454859751604621,4.1020984544269865,0.0,7.628845752191159,0.0,1-1009,grid,-0.02855198085308075,0.056304484605789185,-0.008326263166964054,0.011040829820558429,0.016820881356556298,0.039783868084140674,,,,,,,,
1,12514-9101,0.08058366310956036,none,15779,0.14930745608226115,0.17578125,0.96307373046875,1.0,1.32,2.595580864918931,5.005842079624689,0.0,9.84323326869684,0.0,1-10166,grid,-0.012097813189029694,0.02773851715028286,0.012425578199326992,0.014614260056987405,0.030399572345216713,0.032295155850513346,,,,,,,,
2,11866-6102,0.033372717984287405,none,2442,0.34089484262923153,0.17578125,0.1490478515625,1.0,1.32,2.439001832287017,2.192492971421118,0.0,4.0511321019488715,0.0,1-1038,grid,-0.04230485111474991,0.015240374952554703,-0.019587067887187004,-0.0024542035534977913,0.013251206202652247,0.01574431401414096,,,,,,,,
3,11866-3701,0.0464753470014824,none,2412,0.24866379307734163,0.17578125,0.147216796875,0.38153076171875,1.32,2.4698607102131778,3.005703151265903,0.0,5.6239909999057485,0.0,1-1081,grid,0.035622045397758484,-0.016057386994361877,0.008170331828296185,-0.006967879831790924,0.016221766828877073,0.007407568486517,,,,,,,,
4,12081-6101,0.12829411599794313,none,14185,0.09907778319469304,0.17578125,0.86578369140625,1.0,1.32,2.5627353871090626,7.5436644054661475,0.0,14.645769485123596,0.0,1-108698,grid,0.03237267583608627,0.027235832065343857,0.0513368071988225,-0.0019688259344547987,0.022920698628444838,0.043824583419186935,,,,,,,,
5,8080-12702,0.026791140929457093,none,3421,0.42128025103244754,0.17578125,0.20880126953125,1.0,1.32,2.5461595397183308,1.774138580260036,0.0,3.4221514173571412,0.0,1-109244,grid,-0.02100299298763275,-0.01625945419073105,-0.005763035733252764,0.00392502173781395,0.011841232879109204,0.030458147612372574,,,,,,,,
6,8080-6103,0.06861020481742608,none,7749,0.17291877288246557,0.17578125,0.47296142578125,1.0,1.32,2.578367989842404,4.322315813369316,0.0,8.442818738773543,0.0,1-109284,grid,0.01861736923456192,0.049742311239242554,0.01655001938343048,-0.0025670169852674007,0.010747610238595696,0.04875586953863512,,,,,,,,
7,8082-12704,0.1316812011724729,none,16314,0.09690067182739076,0.17578125,0.9957275390625,1.0,1.32,2.4560082876452496,7.71315133696554,0.0,14.35118455109803,0.0,1-109308,grid,-0.019711337983608246,0.03730686008930206,-0.016384007409214973,0.010273279156535864,0.007951807064586893,0.016749102494048068,,,,,,,,
8,8082-9102,0.03610735516205703,none,3596,0.31611510896359735,0.17578125,0.219482421875,1.0,1.32,2.572266169176324,2.364358821407575,0.0,4.607394097045689,0.0,1-109394,grid,0.00022192299365997314,0.051385194063186646,0.0020902217365801334,0.03006406780332327,0.0069697079326020706,0.02191165682085377,,,,,,,,
9,12685-12702,0.04659821918919711,none,4312,0.24804448990510197,0.17578125,0.26318359375,1.0,1.32,2.674046664886564,3.0132076174892886,0.0,6.104134681937895,0.0,1-109836,grid,-0.02601560950279236,0.009050995111465454,-0.008984427899122238,0.006169009022414684,0.014263671629181171,0.007785913956783511,,,,,,,,
10,12685-3703,0.051232476269060814,none,3081,0.22685726392284894,0.17578125,0.18804931640625,0.7447509765625,1.32,2.6150614113449566,3.294624706011097,0.0,6.527004495116168,0.0,1-109934,grid,0.004353903234004974,0.07018326222896576,-0.006750583183020353,0.019313993863761425,0.011281333400122178,0.03973603906824018,,,,,,,,
11,7972-3702,0.062216295049299514,none,3752,0.1892568265073923,0.17578125,0.22900390625,0.8548583984375,1.32,2.5372218676733533,3.949181439059502,0.0,7.590870838326887,0.0,1-113315,grid,0.06376763433218002,0.039484597742557526,0.04852887615561485,0.010064358590170741,0.012215812636679074,0.028254492809261917,,,,,,,,
12,7815-12704,0.04308066581534798,none,6511,0.2671718121748607,0.17578125,0.39739990234375,1.0,1.32,2.530566815285619,2.797486532632895,0.0,5.363050443703964,0.0,1-113418,grid,0.02250967174768448,0.011667318642139435,0.020805041305720806,-0.011769049800932407,0.010726564765467959,0.03149878834110293,,,,,,,,
13,8618-9102,0.04306946579823744,none,2828,0.267237707498882,0.17578125,0.172607421875,0.99566650390625,1.32,2.4109047250714633,2.7967967299727903,0.0,5.1081897358756185,0.0,1-113654,grid,-0.04707975685596466,0.02604391798377037,-0.01440444402396679,0.009668033104389906,0.017434364498857678,0.013908512770076958,,,,,,,,
14,7975-3701,0.040268361518924455,none,1696,0.2848697091546458,0.17578125,0.103515625,0.98223876953125,1.32,2.493889383825251,2.623689084656437,0.0,4.956962389911271,0.0,1-114082,grid,0.011375099420547485,0.016412001103162766,-0.008037890307605267,0.004452046472579241,0.010862561584883126,0.01114001993012714,,,,,,,,
15,7975-12701,0.08793143433492354,none,14129,0.13800782170116357,0.17578125,0.86236572265625,1.0,1.32,2.541031490366223,5.415704249551216,0.0,10.425359879257432,0.0,1-114121,grid,-0.002812519669532776,0.04932564124464989,-0.01272476278245449,-0.012744773179292679,0.0406670844832388,0.04778069370693421,,,,,,,,
16,7975-6102,0.03418855223065659,none,2535,0.33308713970237447,0.17578125,0.15472412109375,1.0,1.32,2.497384876545149,2.2438859306490664,0.0,4.245338475678345,0.0,1-114145,grid,-0.026751630008220673,0.009685881435871124,-0.00038214679807424545,0.015497707296162844,0.017086684606499147,0.007017333204429628,,,,,,,,
17,7975-1902,0.022247333987776192,none,361,0.5045379807756525,0.17578125,0.02203369140625,0.12860107421875,1.32,2.5393949606341657,1.4813741976555788,0.0,2.849844069954589,0.0,1-114334,grid,0.05751597881317139,-0.03632766008377075,0.012420481536537409,0.0007327347993850708,0.03700049589636479,0.02930199746067935,,,,,,,,
18,7975-9102,0.022084933739673508,none,1292,0.5081479363058442,0.17578125,0.078857421875,0.86273193359375,1.32,2.5886406993220668,1.4708503037360503,0.0,2.8844719385313353,0.0,1-114500,grid,0.0037654414772987366,-0.0008433163166046143,-0.006085826084017754,-0.005176774226129055,0.011148316461146952,0.0179732837001828,0.33420408,0.35456932,0.31122658,0.99301255,0.33415717,0.35455325,0.31128955,0.99303013
19,7977-9102,0.06309159638651798,none,8850,0.18682428484944277,0.17578125,0.5401611328125,1.0,1.32,2.5356008727381494,4.000601672639173,0.0,7.684794767137565,0.0,1-114980,grid,-0.0077790021896362305,0.06609559059143066,-0.0017538294196128845,0.0029382524080574512,0.016502353999962648,0.05006302210733065,,,,,,,,
20,7977-12703,0.07386281284195909,none,12306,0.16161647970361082,0.17578125,0.7510986328125,1.0,1.32,2.548096290988992,4.624587466754479,0.0,8.927192554084291,0.0,1-115162,grid,0.02078830450773239,0.019784439355134964,0.03483393741771579,-0.00023203925229609013,0.02251767832094258,0.03664249486359179,,,,,,,,
21,7979-9101,0.06759870327213134,none,9987,0.17529731313707006,0.17578125,0.60955810546875,1.0,1.32,2.470297264941769,4.2636680111227765,0.0,7.979187444315382,0.0,1-115277,grid,0.001229807734489441,0.044993989169597626,0.018580278381705284,0.003408021293580532,0.014228313811705631,0.04544668398254344,,,,,,,,
22,7980-1902,0.02684334100920438,none,473,0.42048756869423254,0.17578125,0.02886962890625,0.23712158203125,1.32,2.5086255680924467,1.7774830984404073,0.0,3.3780602633331727,0.0,1-115650,grid,0.02963849902153015,-0.01391521841287613,0.00458351569250226,0.0013552415184676647,0.030581277893156417,0.01606825909670298,,,,,,,,
23,7981-6102,0.08298662678062457,none,9314,0.14539136591094448,0.17578125,0.5684814453125,1.0,1.32,2.5004657767689147,5.140673531577545,0.0,9.73793805700867,0.0,1-116087,grid,-0.0762590616941452,0.07958575338125229,-0.04806412849575281,0.025740761077031493,0.022945622517974412,0.04443253747716447,,,,,,,,
24,12083-3703,0.09107933914405188,none,9687,0.1337261166520465,0.17578125,0.59124755859375,1.0,1.32,2.5903591079224397,5.589106789087784,0.0,10.968025512321729,0.0,1-116828,grid,-0.034125037491321564,0.07634593546390533,-0.010999483987689018,0.008039508014917374,0.03278428306709746,0.049962701860076564,,,,,,,,
25,12085-9102,0.02765169824415077,none,2563,0.40859440631838845,0.17578125,0.15643310546875,1.0,1.32,2.5328772067209613,1.8292211907470293,0.0,3.509994439465247,0.0,1-116989,grid,-0.01304270327091217,0.0007401369512081146,-0.008373260498046875,-0.0027863867580890656,0.01649746614608771,0.005164251570860873,,,,,,,,
26,12085-6103,0.027062321343745796,none,1402,0.41719558085512887,0.17578125,0.0855712890625,0.61962890625,1.32,2.4528982476581853,1.79150878090877,0.0,3.3290823858752834,0.0,1-117014,grid,0.005837425589561462,-0.041808322072029114,0.003024664241820574,-0.009289144538342953,0.021494481986545973,0.017216864390849476,,,,,,,,
27,12084-12705,0.02720933156833678,none,2227,0.41501527265740823,0.17578125,0.13592529296875,1.0,1.32,2.7061787297890394,1.8009205822053653,0.0,3.692131040608676,0.0,1-117020,grid,-0.016384080052375793,-0.02103997766971588,-0.021359683945775032,0.0028999941423535347,0.006420673987267971,0.011624678754841002,,,,,,,,
28,12085-6101,0.03554050829607171,none,2755,0.32093812877859573,0.17578125,0.16815185546875,0.97821044921875,1.32,2.3683620376101215,2.3288275198174118,0.0,4.178414159149462,0.0,1-117381,grid,-0.020973898470401764,0.0055429041385650635,-0.018257873598486185,0.002330206800252199,0.012239513723306707,0.010023771307588475,,,,,,,,
29,12087-6104,0.05168422395920642,none,5013,0.2249953381278718,0.17578125,0.30596923828125,0.81365966796875,1.32,2.428079242114723,3.321889034134219,0.0,6.110461976052895,0.0,1-117559,grid,-0.04261177033185959,0.06518841534852982,-0.028340356424450874,-0.002021595137193799,0.008688290007147995,0.045089391476955155,,,,,,,,
30,12087-12705,0.03981257682261144,none,5641,0.28797355921625756,0.17578125,0.34429931640625,1.0,1.32,2.3582078264511597,2.595410316462495,0.0,4.636755243283286,0.0,1-117635,grid,-0.032828427851200104,0.02879299968481064,-0.028888816479593515,-0.012264883145689964,0.00835797206007842,0.0232833880289289,,,,,,,,
31,12087-3703,0.03948153031686389,none,1607,0.29027290680433065,0.17578125,0.09808349609375,0.281494140625,1.32,2.3933472647613483,2.5748512139375017,0.0,4.668570537912695,0.0,1-117781,grid,0.013245314359664917,-0.019757263362407684,0.00015444494783878326,-0.0007769749499857426,0.017838755943174734,0.011681838885749907,,,,,,,,
32,12088-12703,0.04337633326704612,none,3058,0.26544456649863124,0.17578125,0.1866455078125,1.0,1.32,2.6538987138186974,2.815689755179646,0.0,5.661026833169503,0.0,1-117998,grid,0.008714012801647186,0.009132981300354004,-0.0028693084605038166,-0.0022397092543542385,0.00811495760894061,0.016487920878654135,,,,,,,,
33,12088-9101,0.0407402622398583,none,5566,0.2817293265449576,0.17578125,0.3397216796875,1.0,1.32,2.703293200200554,2.652934842191619,0.0,5.433076302630099,0.0,1-118083,grid,0.008068911731243134,0.03592202067375183,0.019118268974125385,-0.00359161663800478,0.015359762049091326,0.029101283601536312,,,,,,,,
34,8622-6103,0.04339886630147036,none,1935,0.26531389759483925,0.17578125,0.11810302734375,0.73876953125,1.32,2.451419971250968,2.8170765015848014,0.0,5.231695148883933,0.0,1-118178,grid,0.014595091342926025,-0.005270097404718399,-0.0008007506839931011,0.0007858867757022381,0.008516176295653129,0.008662307168655146,,,,,,,,
35,8622-12704,0.07008220706623859,none,14886,0.16958022729398087,0.17578125,0.9085693359375,1.0,1.32,2.4883184585873246,4.407409745728221,0.0,8.308362897616059,0.0,1-118204,grid,-0.002136245369911194,0.03832000494003296,0.019744021352380514,0.0006202543154358864,0.014123625273730412,0.04438053213657282,,,,,,,,
36,12090-3701,0.06424191814389163,none,4196,0.18372837394163122,0.17578125,0.256103515625,0.93023681640625,1.32,2.544801083105602,4.068013722778296,0.0,7.842640702889893,0.0,1-118294,grid,-0.02256925404071808,0.05108984187245369,-0.014752848539501429,0.009635509923100471,0.013663898516498508,0.04687815485023109,,,,,,,,
37,12089-12705,0.06235053225437683,none,10394,0.18887932918261194,0.17578125,0.6343994140625,1.0,1.32,2.751301261599731,3.9570743378471502,0.0,8.247805771183929,0.0,1-118326,grid,-0.007405415177345276,0.05422452464699745,0.006925894878804684,0.009876384399831295,0.011748259994153722,0.05156579542130433,,,,,,,,
38,8087-6101,0.11645317790826307,none,13290,0.10769005458548123,0.17578125,0.8111572265625,1.0,1.32,2.3747797645334874,6.94037670734976,0.0,12.486262244586182,0.0,1-118970,grid,-0.048777058720588684,0.07128489017486572,-0.018872346729040146,0.016664938535541296,0.03563732654955583,0.041884526993096326,,,,,,,,
39,8087-1902,0.02703834130711093,none,489,0.4175534783811544,0.17578125,0.02984619140625,0.13775634765625,1.32,2.3153036986698474,1.7899732253602303,0.0,3.13964517363374,0.0,1-119362,grid,0.03492094203829765,-0.005938693881034851,-0.0022502606734633446,0.005822794046252966,0.04050991632706712,0.008300931151854535,,,,,,,,
40,8075-3703,0.02001683058018359,none,586,0.5592427994200332,0.17578125,0.0357666015625,0.250244140625,1.32,2.5027621504975675,1.3364670000819046,0.0,2.533984108480318,0.0,1-119871,grid,0.03136812895536423,-0.03363926708698273,-0.007979408372193575,-0.004049769602715969,0.03378122643447266,0.029676477008398604,,,,,,,,
41,8075-12703,0.04254656499938958,none,3335,0.2703528400955331,0.17578125,0.20355224609375,1.0,1.32,2.551187530681615,2.76457072244623,0.0,5.343135117266883,0.0,1-119929,grid,-0.0036351829767227173,-0.004608098417520523,-0.01161367492750287,-0.007732845842838287,0.017055265366981286,0.0164448420246371,,,,,,,,
42,12700-6102,0.044148157446180086,none,3975,0.2610447767880457,0.17578125,0.24261474609375,0.93670654296875,1.32,2.6740917070985075,2.863146911631771,0.0,5.800240464090319,0.0,1-120269,grid,0.00027576833963394165,-0.0013365969061851501,0.006766469683498144,-0.003605412319302559,0.010405604252797372,0.015650202599773073,,,,,,,,
43,8088-12705,0.025187738479901398,none,3152,0.44722948069668905,0.17578125,0.1923828125,1.0,1.32,2.2924388157699904,1.6711991912831685,0.0,2.9023650719552663,0.0,1-120750,grid,-0.03058738261461258,-0.027436472475528717,-0.007308957166969776,-0.010279052425175905,0.015079749980218637,0.020014552930552307,,,,,,,,
44,8088-9102,0.036639655975265514,none,4576,0.31172195115329665,0.17578125,0.279296875,1.0,1.32,2.2552769756401565,2.397680188042778,0.0,4.0965400932132106,0.0,1-120803,grid,-0.05788418650627136,0.02798641100525856,-0.029543375596404076,-0.0012913243845105171,0.02582663789223121,0.01813635504239128,,,,,,,,
45,8936-3702,0.0609332930892272,none,4311,0.19294887215870646,0.17578125,0.26312255859375,0.8748779296875,1.32,2.3984975438844196,3.8736144870726714,0.0,7.03852638878705,0.0,1-121235,grid,-0.04270465672016144,0.02436547726392746,-0.03015136532485485,-0.016678388696163893,0.02293940776229532,0.03005302774029004,,,,,,,,
46,8139-6104,0.0607858928640404,none,6704,0.19338303467723209,0.17578125,0.4091796875,1.0,1.32,2.461388963812849,3.8649178698936524,0.0,7.206868326514621,0.0,1-121236,grid,-0.04751688241958618,-0.03489042818546295,-0.06539221433922648,-0.034266548696905375,0.022636951533909638,0.01745625842500282,0.33207658,0.3425733,0.3253501,0.9937421,0.33293632,0.3421757,0.32488805,0.99385166
47,8977-12703,0.07524261494991528,none,10564,0.1589096612981956,0.17578125,0.644775390625,1.0,1.32,2.375421821804209,4.70336127050058,0.0,8.463990149830188,0.0,1-121523,grid,-0.03891706466674805,0.010560818016529083,-0.0011317525058984756,0.0011920435354113579,0.03171418989125151,0.020461640768197696,,,,,,,,
48,9484-3702,0.0716155094087007,none,6210,0.1662488297666064,0.17578125,0.3790283203125,1.0,1.32,2.5130666601151046,4.495728165470832,0.0,8.559139822413021,0.0,1-121576,grid,-0.03809957206249237,-0.01251218467950821,-0.007486042566597462,-0.028120359405875206,0.030328695887005895,0.015810785853432076,,,,,,,,
49,8717-6102,0.10977816771069275,none,14542,0.11336823401580032,0.17578125,0.8875732421875,1.0,1.32,2.4978381383643304,6.5927598938705385,0.0,12.475490227264093,0.0,1-121717,grid,-0.03547950088977814,0.0004092380404472351,0.005321213509887457,0.02323305932804942,0.024161693354274715,0.019976139448905937,,,,,,,,
50,9485-3702,0.04150416340688811,none,1462,0.2767972032691762,0.17578125,0.0892333984375,0.41998291015625,1.32,2.5362272821179186,2.700206279654737,0.0,5.1881339650049005,0.0,1-121837,grid,-0.0077865272760391235,0.010439731180667877,-0.012804387137293816,0.007346814032644033,0.019167686659252274,0.0077995510645440976,,,,,,,,
51,9485-6101,0.07199240998450059,none,10623,0.1654517058397156,0.17578125,0.64837646484375,1.0,1.32,2.4867554086778685,4.517387975330789,0.0,8.510332561174396,0.0,1-121851,grid,-0.04028736799955368,-0.04107633978128433,-0.004689899273216724,-0.02407357282936573,0.03474312681901928,0.008031117558223439,,,,,,,,
52,9485-3703,0.044164667471402845,none,2434,0.26095234231355285,0.17578125,0.1485595703125,0.471435546875,1.32,2.5070113365989486,2.8641610948263962,0.0,5.439760859526841,0.0,1-121871,grid,-0.01989150047302246,0.0705215185880661,-0.004554019775241613,0.01735345833003521,0.011520507660728603,0.03444391427753595,,,,,,,,
53,9181-9102,0.039443960259467226,none,1779,0.2905362968819345,0.17578125,0.10858154296875,0.7977294921875,1.32,2.3493037379394277,2.5725169435956,0.0,4.578502781440648,0.0,1-122044,grid,0.0229111909866333,0.009034011512994766,-0.0005213390104472637,0.004043483175337315,0.014727569572660748,0.008005289517825014,,,,,,,,
54,9183-9101,0.03551895426314312,none,3197,0.3211245607693946,0.17578125,0.19512939453125,1.0,1.32,2.6200627616593617,2.327475496323143,0.0,4.619796876205233,0.0,1-122094,grid,0.014303728938102722,-0.005694761872291565,0.015079496894031763,-0.008793740067631006,0.006782979374666686,0.016152317985589852,,,,,,,,
55,9486-6102,0.06388109759265757,none,8503,0.1846874474660232,0.17578125,0.51898193359375,0.9041748046875,1.32,2.4807549210142117,4.046888712324634,0.0,7.605559915072879,0.0,1-122361,grid,-0.017545223236083984,0.0005060955882072449,0.005289407912641764,0.004019585903733969,0.01611044290017846,0.008728457612802361,,,,,,,,
56,11742-12701,0.06752055315273957,none,8584,0.17548405317160864,0.17578125,0.52392578125,1.0,1.32,2.569836377559849,4.259130860895915,0.0,8.291870775089485,0.0,1-122388,grid,-0.010450959205627441,-0.053058259189128876,0.021456662565469742,-0.005519133061170578,0.02503327608006337,0.023184479641244333,,,,,,,,
57,10496-12702,0.06200929473306026,none,15170,0.18984215349728548,0.17578125,0.9259033203125,1.0,1.32,2.500509648212839,3.937005205058345,0.0,7.457969318418602,0.0,1-122623,grid,-0.0006651878356933594,-0.023634083569049835,-0.010118850506842136,-0.0330660161562264,0.016298442476393726,0.011040699150822491,,,,,,,,
58,11745-3704,0.045070075854616566,none,1458,0.25598700231875177,0.17578125,0.0889892578125,0.36383056640625,1.32,2.3590509442162673,2.9197167812748286,0.0,5.218000477053383,0.0,1-123273,grid,0.027672208845615387,0.008568651974201202,-0.009004029911011457,-0.018943497445434332,0.02273057667229465,0.021878901757915365,,,,,,,,
59,11745-6104,0.03852629885753429,none,3393,0.2971292849265773,0.17578125,0.20709228515625,1.0,1.32,2.418712030372324,2.51543548338895,0.0,4.609177322195663,0.0,1-123312,grid,-0.04554855823516846,0.04956674203276634,-0.017517045605927706,0.012588906101882458,0.014556984089891725,0.02448033502307029,,,,,,,,
60,8589-9101,0.06478999898120764,none,8399,0.1822920220070464,0.17578125,0.51263427734375,1.0,1.32,2.509537173178643,4.100067234041693,0.0,7.794902376029824,0.0,1-131087,grid,-0.06125974655151367,-0.02670905739068985,-0.04814909631386399,-0.01811641128733754,0.014536975627840483,0.018504092787954275,,,,,,,,
61,8589-9102,0.04547196946859889,none,3339,0.2538463899832235,0.17578125,0.20379638671875,1.0,1.32,2.4845918081101055,2.9443378986311126,0.0,5.542028653974986,0.0,1-131338,grid,-0.033650681376457214,0.01948549970984459,0.0016823168843984604,-0.01155878882855177,0.020319886714315664,0.02423745833705056,,,,,,,,
62,8563-6101,0.042326164662678786,none,1762,0.27168892713106374,0.17578125,0.1075439453125,0.545166015625,1.32,2.444675774158516,2.7509753685977234,0.0,5.094880938573976,0.0,1-134157,grid,0.0040403008460998535,0.045613307505846024,-0.006306963972747326,0.019099002704024315,0.019426501467066717,0.02867044502078474,,,,,,,,
63,8565-3701,0.028431343435233094,none,923,0.3977645236563705,0.17578125,0.05633544921875,0.6558837890625,1.32,2.356487332575137,1.8790251568638798,0.0,3.35446892404526,0.0,1-134259,grid,-0.009691528975963593,0.00715947151184082,-0.01746002910658717,-0.007634008303284645,0.029075101369868614,0.02655068929498538,,,,,,,,
64,8564-9102,0.043326766191321316,none,3843,0.26573248424828283,0.17578125,0.23455810546875,0.86492919921875,1.32,2.460810310491437,2.8126389913247043,0.0,5.2434629011682325,0.0,1-134368,grid,-0.040152549743652344,0.029819857329130173,-0.009889147244393826,-0.020375350955873728,0.021089761430673228,0.057303466413472844,,,,,,,,
65,8600-6104,0.04224116453282209,none,1951,0.2722079334257198,0.17578125,0.11907958984375,0.76849365234375,1.32,2.5864658692130527,2.7457302109170576,0.0,5.38010414894252,0.0,1-134793,grid,-0.019308745861053467,0.02560269460082054,0.004427586682140827,0.008637809194624424,0.013231676800221684,0.019020045096052058,,,,,,,,
66,8555-12703,0.058449589294814405,none,5610,0.20055733085492328,0.17578125,0.3424072265625,1.0,1.32,2.468501796931446,3.7266628114379423,0.0,6.969146853478905,0.0,1-134848,grid,-0.054579854011535645,0.09030420333147049,-0.026555799413472414,0.05146718304604292,0.025382798473163222,0.023391639832658857,,,,,,,,
67,8555-12705,0.031523248158808775,none,4299,0.3600917591896218,0.17578125,0.26239013671875,0.97723388671875,1.32,2.472966465695941,2.075608584157344,0.0,3.8885685034331385,0.0,1-134954,grid,-0.015852734446525574,0.03151243180036545,0.0036243279464542866,0.008994173258543015,0.010336597251538727,0.012283884705030702,,,,,,,,
68,8555-1902,0.03148504810044964,none,639,0.3605120445366346,0.17578125,0.03900146484375,0.40606689453125,1.32,2.524694816803831,2.0731888373353575,0.0,3.965279630209195,0.0,1-135207,grid,-0.001969650387763977,0.02296498417854309,-0.0068221138790249825,0.013038006611168385,0.010772461731221388,0.01516505148622693,,,,,,,,
69,11942-12703,0.1334711439070106,none,14177,0.09579505054212031,0.17578125,0.86529541015625,1.0,1.32,2.290924251305439,7.8021728912775945,0.0,13.541050825383117,0.0,1-135255,grid,0.0018958821892738342,-0.03472982347011566,-0.017416701652109623,-0.010534378234297037,0.02502844995138856,0.03470661623793414,,,,,,,,
70,8588-9101,0.03523595383079668,none,2854,0.3235935443158779,0.17578125,0.1741943359375,0.993408203125,1.32,2.5644136053844213,2.3097171114412265,0.0,4.487174231188702,0.0,1-135371,grid,0.012394245713949203,-0.024409838020801544,0.006928826216608286,-0.015550455311313272,0.013879134551044543,0.014547441750966972,,,,,,,,
71,11942-6104,0.04862269428203541,none,4741,0.2382916550452854,0.17578125,0.28936767578125,1.0,1.32,2.43709901446181,3.1365326088161125,0.0,5.7909397952826325,0.0,1-135440,grid,0.0375504232943058,0.029923371970653534,0.031339844688773155,0.00045556575059890747,0.009903436019967725,0.032427270944296996,,,,,,,,
72,9869-12705,0.0253577387396148,none,1079,0.44432266496388695,0.17578125,0.06585693359375,0.88934326171875,1.32,2.4872879424962853,1.6821323902507765,0.0,3.1696572817827358,0.0,1-135500,grid,0.018364310264587402,-0.04553436487913132,0.016411535907536745,-0.005520701874047518,0.011002470013402071,0.028313583032621263,,,,,,,,
73,8978-9102,0.061300193649749826,none,9097,0.1918772571115985,0.17578125,0.55523681640625,0.99249267578125,1.32,2.4503348125161057,3.8952482316525616,0.0,7.230804807128842,0.0,1-135626,grid,-0.004769273102283478,0.012307167053222656,-0.012713796459138393,0.011817774269729853,0.006318054346857694,0.016117387394491627,,,,,,,,
74,8588-12704,0.030363046386341196,none,3735,0.3733284059533435,0.17578125,0.22796630859375,1.0,1.32,2.4827624141505233,2.00201627987479,0.0,3.765553615295896,0.0,1-135641,grid,-0.02422177791595459,0.013277389109134674,-0.01996495621278882,0.00646552350372076,0.00929280639771865,0.011149351535008425,,,,,,,,
75,8978-6102,0.02638474030858929,none,1294,0.427558924951952,0.17578125,0.0789794921875,0.9727783203125,1.32,2.434041980108763,1.7480854751009818,0.0,3.223419266071334,0.0,1-135668,grid,0.02167579159140587,-0.04949233680963516,0.012201027944684029,-0.02440107148140669,0.014114716414559953,0.03010995658829199,,,,,,,,
76,8588-1902,0.03043434649526805,none,581,0.37248583496522786,0.17578125,0.03546142578125,0.2344970703125,1.32,2.4251394722466335,2.0065448838559727,0.0,3.6864781823285266,0.0,1-135794,grid,0.03335929661989212,-0.031310491263866425,-0.0028604590333998203,-0.02782768104225397,0.02645526819518162,0.005894149406614665,,,,,,,,
77,11946-9101,0.06164759118047723,none,8050,0.1908743767762681,0.17578125,0.4913330078125,1.0,1.32,2.432013414062596,3.9157144037953735,0.0,7.214446936112476,0.0,1-135812,grid,-0.04134456813335419,0.04308236390352249,-0.020841206423938274,0.029436993412673473,0.01659832677191548,0.013108399740162905,,,,,,,,
78,11947-9102,0.03172590546841312,none,2717,0.3578790124427694,0.17578125,0.16583251953125,1.0,1.32,2.336675240812513,2.088441960752926,0.0,3.6969777436100753,0.0,1-135911,grid,0.015912745147943497,-0.03393419831991196,0.000943601131439209,-0.035298919305205345,0.019576620314719833,0.020788594834328693,,,,,,,,
79,11947-6102,0.061029266235847625,none,7821,0.19266731515192864,0.17578125,0.47735595703125,1.0,1.32,2.3329674593627647,3.8792752463951916,0.0,6.856229481629888,0.0,1-135927,grid,0.010081879794597626,0.01979677751660347,-0.001413087360560894,0.013911372516304255,0.017106614148630732,0.01035885613247873,,,,,,,,
80,11949-3702,0.029725790412790238,none,923,0.3810385760997097,0.17578125,0.05633544921875,0.8782958984375,1.32,2.499718003560661,1.961506244613713,0.0,3.714554904361788,0.0,1-135971,grid,0.006871845573186874,-0.0038298293948173523,-0.004598986357450485,0.01944315107539296,0.011902392868044462,0.018920212779691244,,,,,,,,
81,11947-12703,0.02319236843152757,none,2252,0.4845342874302159,0.17578125,0.137451171875,0.90179443359375,1.32,2.376758988571071,1.5425317998077528,0.0,2.777444182083173,0.0,1-136027,grid,0.014287024736404419,0.031669389456510544,-0.0016599483788013458,0.0366636011749506,0.023858437813871605,0.01051567472899029,,,,,,,,
82,11947-6103,0.03000880884516416,none,2074,0.3775738978856872,0.17578125,0.1265869140625,0.83770751953125,1.32,2.309864649170895,1.979505338275743,0.0,3.463931366460767,0.0,1-136047,grid,-0.015461251139640808,-0.0007776506245136261,0.0009256452322006226,0.012078635394573212,0.01183520312586682,0.01113637900437585,,,,,,,,
83,8606-3701,0.05733518759231667,none,4196,0.2041856343895161,0.17578125,0.256103515625,1.0,1.32,2.518394679285888,3.660441385570237,0.0,6.9836637191348085,0.0,1-136120,grid,-0.002528741955757141,0.0492883175611496,0.002992542926222086,0.012630053563043475,0.01146793236215342,0.020018587447871057,,,,,,,,
84,8606-6101,0.041694663697919895,none,2053,0.2755954097422706,0.17578125,0.12530517578125,0.7666015625,1.32,2.5928400748298763,2.7119811144795745,0.0,5.327070693791236,0.0,1-136268,grid,-0.00228794664144516,0.029556991532444954,-0.00022275326773524284,0.009932307293638587,0.013764244220306265,0.02770851664304046,,,,,,,,
85,8614-12704,0.03349335116858155,none,3656,0.3397163858098379,0.17578125,0.22314453125,1.0,1.32,2.651556248271915,2.200098604830541,0.0,4.419458486706622,0.0,1-136307,grid,0.029452510178089142,0.00036090239882469177,0.011734888423234224,-0.016680703964084387,0.013760032061834994,0.014858108560837899,0.3302606,0.3413674,0.32837197,0.99417025,0.33020243,0.34087908,0.3289185,0.99431664
86,11836-9102,0.046364567832242416,none,3864,0.24922496061224514,0.17578125,0.23583984375,1.0,1.32,2.6023042273617563,2.9989353579280924,0.0,5.912228908727966,0.0,1-1363,grid,-0.02779146283864975,0.0471377857029438,-0.02597498521208763,0.004814638290554285,0.021822919422305763,0.027665404510363787,,,,,,,,
87,10220-12704,0.04389076705295872,none,3049,0.2624948240729759,0.17578125,0.18609619140625,0.87457275390625,1.32,2.457680912389829,2.8473306058427714,0.0,5.301386425184201,0.0,1-136450,grid,-0.019668936729431152,0.014228899031877518,-0.002327137626707554,-0.0014251121319830418,0.01742923465512075,0.020614182596218226,,,,,,,,
88,8247-12703,0.05333468148064925,none,9466,0.21846117170918825,0.17578125,0.5777587890625,1.0,1.32,2.773511143111904,3.4212466252503524,0.0,7.188534574595338,0.0,1-137797,grid,0.011479377746582031,0.047513291239738464,0.014598817564547062,6.22475054115057e-05,0.011817764648048146,0.03909651690642521,,,,,,,,
89,8252-3701,0.02726704165650184,none,998,0.4141658021792684,0.17578125,0.0609130859375,0.9442138671875,1.32,2.6098441920804163,1.804614341709429,0.0,3.5680017111025584,0.0,1-138034,grid,0.010448768734931946,0.013802185654640198,0.01502144243568182,0.015832722187042236,0.01251163655676624,0.007182881560790894,,,,,,,,
90,12490-9101,0.029239214669437005,none,1553,0.3871520077575319,0.17578125,0.09478759765625,1.0,1.32,2.3735889463902105,1.9305325336873642,0.0,3.471432335308344,0.0,1-138276,grid,-0.02165764570236206,-0.01075916737318039,-0.0038640471175312996,-0.0002462104894220829,0.017060511207654058,0.017245084593458086,,,,,,,,
91,12490-12702,0.03927932300794701,none,1178,0.2916964540422072,0.17578125,0.0718994140625,1.0,1.32,2.357351360394594,2.5622853349809707,0.0,4.575914257679173,0.0,1-138298,grid,-0.014132171869277954,0.02932274341583252,0.005749844945967197,0.011165427509695292,0.009647973358930341,0.022198434674273133,,,,,,,,
92,11834-3701,0.04336268024618806,none,2165,0.26552380638079753,0.17578125,0.13214111328125,0.45159912109375,1.32,2.5205382187572827,2.8148494729938087,0.0,5.374951270249766,0.0,1-14130,grid,-0.0010350719094276428,-0.010749295353889465,-0.013255567289888859,-0.01265615108422935,0.01692256953388816,0.015884710270296813,,,,,,,,
93,11958-3703,0.024379154244608212,none,630,0.4616104677160865,0.17578125,0.0384521484375,0.24749755859375,1.32,2.597461580379009,1.6191347439677046,0.0,3.1860911294794816,0.0,1-144889,grid,0.029445704072713852,-0.04854241758584976,0.01615131413564086,-0.0022225184366106987,0.01646427716612266,0.03633673688052774,,,,,,,,
94,11958-9102,0.07656104696411492,none,10484,0.15641456517865307,0.17578125,0.639892578125,1.0,1.32,2.6128054627931085,4.7783884167348765,0.0,9.45833284741833,0.0,1-144990,grid,0.02425585687160492,0.05700350180268288,0.029876508750021458,0.013726938515901566,0.019589814710779085,0.047032292458167924,,,,,,,,
95,8149-12703,0.04632167076670759,none,4288,0.24944298320724498,0.17578125,0.26171875,1.0,1.32,2.6075279383322814,2.996314175080752,0.0,5.9189188814728055,0.0,1-146001,grid,0.004789140075445175,0.04854744300246239,0.006297118496149778,0.02646004594862461,0.00610138551029314,0.024623409249070385,,,,,,,,
96,8148-6104,0.021674433112542028,none,1068,0.5175140854719491,0.17578125,0.065185546875,0.47125244140625,1.32,2.3977750542287306,1.4442303454923255,0.0,2.623439011349727,0.0,1-146104,grid,0.01900774985551834,-0.04839470237493515,0.010132727678865194,-0.0029395991005003452,0.009646295301220834,0.02895385433528245,,,,,,,,
97,8986-1901,0.07345631222093851,none,3283,0.16243335970498932,0.17578125,0.20037841796875,1.0,1.32,2.541740915125802,4.601330341351923,0.0,8.860143630775722,0.0,1-146171,grid,-0.02744211256504059,0.04063548892736435,0.004658258520066738,0.016080473084002733,0.02182230666010576,0.01927488984264237,,,,,,,,
98,9504-12701,0.0802960226701253,none,12930,0.1497919657670402,0.17578125,0.7891845703125,1.0,1.32,2.4834116590759763,4.989650430388811,0.0,9.387390949652296,0.0,1-146283,grid,-0.03120417892932892,0.013431742787361145,0.008656134828925133,0.00036326702684164047,0.03595718929591576,0.009180901185531495,,,,,,,,
99,8938-6102,0.04526916915877609,none,2236,0.2549218145448695,0.17578125,0.136474609375,0.36700439453125,1.32,2.6778833442158487,2.9319167831623303,0.0,5.947978121407056,0.0,1-146344,grid,0.02515014261007309,0.0044415779411792755,-0.0015386822633445263,-0.01487398287281394,0.02899573352628345,0.02211534627902738,,,,,,,,
100,8937-12703,0.04572776985939118,none,2864,0.25250352626304656,0.17578125,0.1748046875,1.0,1.32,2.441856575799928,2.9599964702262462,0.0,5.475671852398889,0.0,1-146380,grid,-0.012280330061912537,-0.008539088070392609,-0.017083862330764532,-0.007968125399202108,0.010481548594919003,0.012033394445568776,,,,,,,,
101,8938-12704,0.03635755554429405,none,5059,0.31403413876386926,0.17578125,0.30877685546875,1.0,1.32,2.7126539214601886,2.380026418147791,0.0,4.891051512399583,0.0,1-146440,grid,0.050156667828559875,0.012631654739379883,0.01862033735960722,0.004127437481656671,0.01789446684206315,0.02344275290376579,,,,,,,,
102,8938-12703,0.0753202150684668,none,14603,0.15876038103747278,0.17578125,0.89129638671875,1.0,1.32,2.662131176934762,4.70778377813218,0.0,9.494498462146515,0.0,1-146465,grid,-0.01637953519821167,0.0087466761469841,0.010952506214380264,-0.010074409190565348,0.03210501378926325,0.012479060165605788,,,,,,,,
103,8456-12703,0.023937536569938488,none,2607,0.46987511009664373,0.17578125,0.15911865234375,0.9853515625,1.32,2.6553277682752006,1.5906557517051096,0.0,3.199782111567606,0.0,1-147485,grid,0.008468396961688995,-0.018360868096351624,-0.0033205864019691944,0.009897536132484674,0.008381014448714948,0.016663234266740087,,,,,,,,
104,8453-1902,0.024152636898552328,none,402,0.4658118598379679,0.17578125,0.0245361328125,0.2449951171875,1.32,2.4989252768127668,1.6045309510116028,0.0,3.037577993114637,0.0,1-147488,grid,0.0070977769792079926,-0.027715295553207397,0.0024004769511520863,-0.00780784897506237,0.009840380974295996,0.029348360463561155,,,,,,,,
105,8453-3702,0.025302438655131553,none,867,0.4452639476701855,0.17578125,0.05291748046875,0.46844482421875,1.32,2.4652591589326973,1.6785763823212494,0.0,3.1349437882466464,0.0,1-147521,grid,-0.010156862437725067,0.019413456320762634,-0.017905396409332752,-0.0028050425462424755,0.010688361301671083,0.02800333021058481,,,,,,,,
106,8452-12702,0.042573565040638174,none,2801,0.27019011510337554,0.17578125,0.17095947265625,1.0,1.32,2.4598718242095963,2.7662357158119457,0.0,5.154988860945506,0.0,1-147685,grid,0.008108071982860565,0.01655268669128418,0.014900472946465015,0.0029725953936576843,0.020264879741498782,0.017056520196325926,,,,,,,,
107,8453-6104,0.04037576168300221,none,1381,0.28414853170851756,0.17578125,0.08428955078125,0.515625,1.32,2.38432907210102,2.630348085785635,0.0,4.751223795972695,0.0,1-147787,grid,-0.012957900762557983,0.03144611045718193,-0.01440073549747467,-0.008741164579987526,0.011671080381702314,0.0251655339818103,,,,,,,,
108,8453-12703,0.06320269655624833,none,11196,0.1865203527311797,0.17578125,0.683349609375,1.0,1.32,2.454013638437964,4.007120593083444,0.0,7.4496428684033305,0.0,1-147863,grid,-0.052195824682712555,0.020036730915308,-0.029851979110389948,0.008311420679092407,0.013096564059707307,0.02294900950538452,,,,,,,,
109,8452-12703,0.060963193134906196,none,15024,0.19286105901927453,0.17578125,0.9169921875,1.0,1.32,2.532676081381982,3.8753782140312834,0.0,7.43566493104989,0.0,1-148068,grid,0.04516756534576416,0.0017429403960704803,0.015791986603289843,-0.012615169631317258,0.01769218599286096,0.015737676327240577,,,,,,,,
110,8994-6103,0.044594068127408334,none,2522,0.25857231738702463,0.17578125,0.1539306640625,0.62042236328125,1.32,2.791623018192729,2.890524221661339,0.0,6.113071175631375,0.0,1-148527,grid,0.009730659425258636,0.004335314035415649,0.0032316548749804497,-0.010847500991076231,0.010131896264149984,0.022903092498376628,,,,,,,,
111,8994-12701,0.024818937916476092,none,2931,0.45367249085992806,0.17578125,0.17889404296875,0.9820556640625,1.32,2.7430139576496577,1.6474649918525954,0.0,3.4234995965082184,0.0,1-148581,grid,0.0030489563941955566,-0.014135695993900299,-0.002858612686395645,-0.0011882446706295013,0.008144954617758422,0.012859007580428891,,,,,,,,
112,8999-6103,0.06701650238268933,none,8291,0.17669896456683332,0.17578125,0.50604248046875,1.0,1.32,2.4686482414886384,4.229846780882541,0.0,7.910608952569744,0.0,1-148615,grid,0.0797211229801178,-0.016746580600738525,0.07469588797539473,-0.036799777299165726,0.01145159906148693,0.022790105973321796,,,,,,,,
113,8994-12705,0.031943348800606425,none,4845,0.35553605670370975,0.17578125,0.29571533203125,1.0,1.32,2.7738726060074113,2.1022046354110318,0.0,4.417612007870044,0.0,1-148691,grid,0.03627381473779678,-0.02376481145620346,0.018043162301182747,-0.022690670331940055,0.013306715635900386,0.010589845727210175,,,,,,,,
114,8948-12701,0.021934133509292443,none,2166,0.5115479109209385,0.17578125,0.1322021484375,1.0,1.32,2.474248855822282,1.461074379353321,0.0,2.7386830389289427,0.0,1-149054,grid,-0.008822932839393616,-0.00774826854467392,0.0047523872926831245,0.004130785819143057,0.010451162744262983,0.017137690616669473,,,,,,,,
115,8997-1902,0.0276203421962474,none,502,0.4090427589175255,0.17578125,0.0306396484375,0.19384765625,1.32,2.61881837610291,1.8272161776832645,0.0,3.6251115933556455,0.0,1-149193,grid,0.016613177955150604,0.008406631648540497,-0.0031418045982718468,0.008199630305171013,0.02829839433149849,0.014941135651205938,,,,,,,,
116,8947-6103,0.0464368709427016,none,3856,0.2488583952933484,0.17578125,0.2353515625,0.66827392578125,1.32,2.398521991564363,3.0033527523846217,0.0,5.457278503802934,0.0,1-149235,grid,-0.005225226283073425,0.03282810002565384,0.002989844884723425,0.0024368350859731436,0.01100739629563917,0.020497614034061643,,,,,,,,
117,8997-6103,0.027505542020864464,none,1348,0.41069298375423463,0.17578125,0.082275390625,0.64056396484375,1.32,2.5177394724611823,1.8198741542308894,0.0,3.471188631075014,0.0,1-149384,grid,-0.01927962154150009,0.006203051656484604,-0.015418385155498981,-0.010561016853898764,0.019584025966224196,0.01866840311403965,,,,,,,,
118,8997-12704,0.04832967383438117,none,10886,0.23965265864238353,0.17578125,0.6644287109375,1.0,1.32,2.632058994943917,3.118720028779667,0.0,6.218678109440358,0.0,1-149454,grid,0.055030494928359985,0.05286131799221039,0.05833639483898878,0.014820246025919914,0.013891243458065014,0.02865616905213627,,,,,,,,
119,8992-6103,0.048555574179494444,none,4245,0.2386019588423033,0.17578125,0.25909423828125,0.72509765625,1.32,2.6793420894573514,3.1324535225307,0.0,6.358268610746549,0.0,1-149471,grid,-0.0076927244663238525,0.02409219741821289,-0.009108401369303465,-0.012543692719191313,0.009987574080190449,0.031297586058180074,,,,,,,,
120,8992-6101,0.03370285148864012,none,2581,0.33768984724815426,0.17578125,0.15753173828125,1.0,1.32,2.6805529414708182,2.213301799118224,0.0,4.494600490900764,0.0,1-149536,grid,-0.03365061432123184,-0.00471748411655426,-0.002845842856913805,0.010877614375203848,0.01566541804403001,0.008397518493962294,,,,,,,,
121,8992-12702,0.03286245020473928,none,4061,0.34597534663485324,0.17578125,0.24786376953125,1.0,1.32,2.695354590102225,2.1602971244281273,0.0,4.411186947206052,0.0,1-149556,grid,-0.017284102737903595,-0.005753405392169952,-0.01192284096032381,-0.017828323878347874,0.005271385585892243,0.020051215106910776,,,,,,,,
122,8997-6102,0.08010852238367668,none,10077,0.15010967404864434,0.17578125,0.61505126953125,1.0,1.32,2.5758216146615256,4.979089796811454,0.0,9.716096303005761,0.0,1-149631,grid,0.03198818117380142,0.02019573375582695,0.0348744704388082,-0.0013361657038331032,0.022609069672220903,0.03822471043347791,,,,,,,,
123,8992-12701,0.049120075041895715,none,4718,0.23601865501794528,0.17578125,0.2879638671875,1.0,1.32,2.663964008903849,3.166739283390417,0.0,6.390969300404574,0.0,1-149650,grid,0.04316752403974533,0.028020232915878296,0.02768491255119443,-0.005332195898517966,0.013131534175304797,0.022270814692702014,,,,,,,,
124,8996-12705,0.04764027278116694,none,9925,0.24292083244329235,0.17578125,0.60577392578125,1.0,1.32,2.333627125196589,3.0767618361128988,0.0,5.439405211002062,0.0,1-149686,grid,-0.031968384981155396,0.03085319697856903,-0.006954980082809925,0.007784220390021801,0.025227112717114114,0.018046410391453542,,,,,,,,
125,8991-3701,0.05818338888813377,none,4034,0.20141138489564192,0.17578125,0.2462158203125,0.78021240234375,1.32,2.3962628864486164,3.710860470204087,0.0,6.736513046620693,0.0,1-149720,grid,0.009814828634262085,0.031883955001831055,-0.004808506928384304,0.015918660210445523,0.01236180594770615,0.01796928543761469,,,,,,,,
126,8991-12705,0.056302186014175824,none,10831,0.20767733892979057,0.17578125,0.66107177734375,1.0,1.32,2.4216743204247293,3.598897936143985,0.0,6.602544480143518,0.0,1-150245,grid,-0.00540461391210556,0.04379440099000931,0.013862003572285175,0.005344924982637167,0.01299758632958723,0.030148963404320852,,,,,,,,
127,11957-12702,0.028289840219055295,none,3048,0.39968576402081063,0.17578125,0.18603515625,1.0,1.32,2.9266145516338056,1.8699929137815938,0.0,4.146021570397963,0.0,1-150906,grid,0.012650281190872192,-0.010938458144664764,0.019946604501456022,-0.006140692625194788,0.010607343965881668,0.02661736997033065,,,,,,,,
128,10508-12702,0.02942304495027886,none,3617,0.384818556372798,0.17578125,0.22076416015625,1.0,1.32,2.7191434203124607,1.9422388397877448,0.0,4.000928759003147,0.0,1-150962,grid,-0.011566460132598877,0.005789540708065033,0.01464796718209982,0.005795608274638653,0.024155125467070628,0.012245869263671983,,,,,,,,
129,10508-12701,0.06210499487926362,none,14861,0.18957106019054049,0.17578125,0.90704345703125,1.0,1.32,2.611734664418864,3.942635261453233,0.0,7.800846349619348,0.0,1-150991,grid,-0.027373984456062317,0.03848922625184059,0.009134689345955849,0.0058607670944184065,0.016005444869493648,0.04133827803491649,,,,,,,,
130,11872-6104,0.08257565615277505,none,13334,0.14604492685376577,0.17578125,0.8138427734375,1.0,1.32,2.4429335038374127,5.117668669221742,0.0,9.471306252712742,0.0,1-151055,grid,-0.04934386909008026,0.049193769693374634,-0.018845616839826107,0.01232862425968051,0.03634211172276901,0.049589894457440435,,,,,,,,
131,11957-6103,0.02859528268568695,none,1032,0.3955624433196886,0.17578125,0.06298828125,0.793212890625,1.32,2.880194967518456,1.8894856149279347,0.0,4.122793150995417,0.0,1-151307,grid,-0.03289613872766495,0.06388410925865173,-0.026258292607963085,0.009143682196736336,0.012664383184428257,0.035013592143420876,,,,,,,,
132,11956-12702,0.03999317109850956,none,7778,0.2867352625107298,0.17578125,0.4747314453125,1.0,1.32,2.6557879865693383,2.606618871755718,0.0,5.244414458464968,0.0,1-151624,grid,0.021119438111782074,-0.009456142783164978,0.022391166538000107,-0.01006082957610488,0.016554930430406328,0.024798103564369716,,,,,,,,
133,11957-12703,0.05210751460587751,none,5000,0.2232800253023364,0.17578125,0.30517578125,1.0,1.32,2.814097129343638,3.3474089115058745,0.0,7.136313491369692,0.0,1-151637,grid,0.05439341813325882,0.023962676525115967,0.03478449722751975,-0.015031291171908379,0.01249908272136666,0.03196903928047233,,,,,,,,
134,11019-12701,0.1197269229096404,none,15705,0.10513766738439893,0.17578125,0.95855712890625,1.0,1.32,2.390024072412246,7.108865595483089,0.0,12.871484773293787,0.0,1-151896,grid,-0.06819592416286469,0.05029378831386566,-0.03946402482688427,0.003490518080070615,0.02434387955451524,0.039349407044777455,,,,,,,,
135,11831-12701,0.037519780319852196,none,6688,0.3047317215196614,0.17578125,0.408203125,1.0,1.32,2.371645431903323,2.4526804847590347,0.0,4.406733687573629,0.0,1-152017,grid,-0.002178564667701721,0.008805885910987854,0.016575384885072708,-0.00016609742306172848,0.02909125482625079,0.012989564863206264,,,,,,,,
136,11019-12703,0.05483898677881188,none,5885,0.21284855673392797,0.17578125,0.35919189453125,1.0,1.32,2.424795715937603,3.5114616604734596,0.0,6.450437265905443,0.0,1-152053,grid,0.07200892269611359,0.01992148905992508,0.05979833798483014,-0.015065609477460384,0.013803940260877346,0.045978080728098496,,,,,,,,
137,11019-3703,0.05471540059000637,none,3701,0.21329801358210795,0.17578125,0.22589111328125,0.6986083984375,1.32,2.4170885548667513,3.504062386265902,0.0,6.416385673774537,0.0,1-152056,grid,0.034803472459316254,0.045901648700237274,0.008963984902948141,0.010254479013383389,0.01579284996001255,0.029489001861334675,,,,,,,,
138,11830-9102,0.05583483330019006,none,9909,0.2092995596267899,0.17578125,0.60479736328125,1.0,1.32,2.4021309294470488,3.571003913199974,0.0,6.498499203844015,0.0,1-152118,grid,0.02909565344452858,0.052058689296245575,0.020364839117974043,0.01468657050281763,0.01116311904965497,0.039701241933514736,,,,,,,,
139,8146-12702,0.0625398955436716,none,13497,0.18834956727545618,0.17578125,0.82379150390625,1.0,1.32,2.4416979000846593,3.968204213419995,0.0,7.340269617435378,0.0,1-152596,grid,-0.020268045365810394,0.03443114459514618,0.011745892465114594,0.0053530484437942505,0.02462862737317498,0.029171581686815055,,,,,,,,
140,8144-9102,0.023585636032331752,none,1835,0.4766823550683458,0.17578125,0.11199951171875,0.792236328125,1.32,2.5151396914879762,1.5679404503049752,0.0,2.9875676215542217,0.0,1-152666,grid,0.01488761231303215,0.015218887478113174,0.0016002724878489971,-0.00573704345151782,0.013292698056168326,0.02065717799413083,,,,,,,,
141,8936-9102,0.06265129571386027,none,8401,0.18803941278547373,0.17578125,0.51275634765625,0.99530029296875,1.32,2.3820535385249846,3.97474941761803,0.0,7.172777208323598,0.0,1-152777,grid,0.00962943583726883,0.020833048969507217,0.01987163769081235,0.014497972093522549,0.021437022998485215,0.013569286673143305,,,,,,,,
142,8977-9101,0.02795324270482735,none,2328,0.4043340567716874,0.17578125,0.14208984375,0.94976806640625,1.32,2.468113139211537,1.8484951587452672,0.0,3.4562842341425077,0.0,1-153028,grid,-0.011312268674373627,0.006047099828720093,-0.02505126455798745,-0.0021595126017928123,0.012854561143880918,0.007543579103670169,,,,,,,,
143,8977-9102,0.06755540320598082,none,10723,0.17540072536498216,0.17578125,0.65447998046875,0.9871826171875,1.32,2.5142434825529074,4.261154250662606,0.0,8.116347956728086,0.0,1-153082,grid,-0.04730980843305588,-0.005670703947544098,-0.016444876790046692,-0.0033226972445845604,0.03084929027515471,0.0174623814137194,,,,,,,,
144,10220-12702,0.038206558369059215,none,4136,0.2995009158989425,0.17578125,0.25244140625,1.0,1.32,2.504982100688011,2.4955167306082253,0.0,4.73577631980384,0.0,1-153142,grid,0.0166543647646904,0.014779910445213318,-0.004376147408038378,-0.023050626274198294,0.018126180703064092,0.026681368998283803,,,,,,,,
145,9484-6101,0.01790002734629343,none,724,0.6237696099905935,0.17578125,0.044189453125,0.83563232421875,1.32,2.431525718685759,1.1982141074002772,0.0,2.207188195936268,0.0,1-153153,grid,0.001902356743812561,0.017155461013317108,-0.009277560748159885,0.02213542815297842,0.011199219708862422,0.026094822842345645,,,,,,,,
146,9484-9101,0.03211584906413913,none,3562,0.3536999389369906,0.17578125,0.2174072265625,1.0,1.32,2.4296961954363683,2.1131175445055543,0.0,3.889570953329534,0.0,1-153293,grid,0.004262998700141907,0.01920194923877716,0.01616354938596487,0.007619361625984311,0.00942314328038321,0.017037522936623226,,,,,,,,
147,9484-12704,0.0547408836289374,none,6192,0.21320517089494934,0.17578125,0.3779296875,1.0,1.32,2.4829811898921275,3.505588271245834,0.0,6.594174043189292,0.0,1-153332,grid,-0.01167801022529602,0.010914623737335205,-0.0204947916790843,-0.012728363741189241,0.014630887605310354,0.027112192082136725,,,,,,,,
148,10214-9102,0.14678222424266157,none,15846,0.0884242512789094,0.17578125,0.9671630859375,1.0,1.32,2.7039732973274986,8.452540288984807,0.0,17.31472972424225,0.0,1-153556,grid,-0.000261843204498291,-0.010421223938465118,-0.006474943831562996,-0.013369911815971136,0.025811722023806504,0.008525499139942737,,,,,,,,
149,10214-12703,0.03301905044398116,none,5336,0.3443994425270946,0.17578125,0.32568359375,1.0,1.32,2.8705277384541503,2.170182219152396,0.0,4.719369892103739,0.0,1-153608,grid,0.019581690430641174,0.023952186107635498,0.004435990937054157,0.0011179042048752308,0.00839873824677394,0.03051942545019042,,,,,,,,
150,10215-9102,0.0414319632965863,none,2678,0.27725557587864147,0.17578125,0.1634521484375,0.833740234375,1.32,2.421416479665486,2.695742165291743,0.0,4.945086745429201,0.0,1-153613,grid,0.01395716518163681,0.02530702017247677,0.005125865340232849,-0.010604158509522676,0.011604339048974894,0.02440855021764891,,,,,,,,
151,9485-12705,0.03231354936617054,none,5063,0.3516197052329089,0.17578125,0.30902099609375,0.93017578125,1.32,2.4803251109643463,2.1256190575645424,0.0,3.9941108521376525,0.0,1-153627,grid,0.006637103855609894,-0.025393784046173096,-0.0024292380549013615,-0.0234252386726439,0.012437084239178574,0.006963550141989701,,,,,,,,
152,8439-12702,0.026928841139824942,none,3637,0.4191958504468677,0.17578125,0.22198486328125,0.99365234375,1.32,2.476834928703088,1.7829602694338478,0.0,3.3455289938057744,0.0,1-155926,grid,0.005462460219860077,0.0014698058366775513,-0.003939247224479914,-0.011398180155083537,0.01186846476384897,0.012179480600428344,,,,,,,,
153,8439-12704,0.06403759783174669,none,8945,0.18427013527377664,0.17578125,0.54595947265625,1.0,1.32,2.5175144562312184,4.056053604930854,0.0,7.735737564895586,0.0,1-156137,grid,-0.06343935430049896,0.0510496087372303,-0.05615616124123335,0.03191756224259734,0.016323117312641383,0.015141477535263438,,,,,,,,
154,12510-9102,0.03604462306621971,none,4438,0.316641397061537,0.17578125,0.2708740234375,1.0,1.32,2.365623647177196,2.3604290323196255,0.0,4.23021722449916,0.0,1-159093,grid,0.014704927802085876,0.01505432277917862,-0.0007615350186824799,-0.002100979443639517,0.010479497251327522,0.01634492131909899,,,,,,,,
155,9498-12703,0.05003887644557026,none,3970,0.23193872036372562,0.17578125,0.2423095703125,0.98797607421875,1.32,2.6986074029158145,3.222444037313876,0.0,6.587963132255417,0.0,1-163668,grid,0.015949394553899765,-0.04170907288789749,-0.003096026834100485,-0.02803012728691101,0.023253620410979108,0.02438127809599925,,,,,,,,
156,9499-3701,0.05027527680672466,none,2473,0.23091312600892183,0.17578125,0.15093994140625,0.59088134765625,1.32,2.849109581430567,3.236756434666344,0.0,6.9862680081552435,0.0,1-163709,grid,0.0028607919812202454,0.00962895154953003,0.00016202637925744057,-0.021349366754293442,0.019753504033985354,0.021229798484113303,,,,,,,,
157,8940-9101,0.07411991323473742,none,11819,0.16110446009784515,0.17578125,0.72137451171875,1.0,1.32,2.5380174149612564,4.639285256313615,0.0,8.920141495073446,0.0,1-163959,grid,-0.037404581904411316,-0.003626607358455658,-0.002620985731482506,0.011331711895763874,0.023490486306217345,0.023485894764532007,,,,,,,,
158,9499-9101,0.0273569417938444,none,2622,0.41284964837816346,0.17578125,0.1600341796875,0.9615478515625,1.32,2.9293967617742602,1.8103674046821114,0.0,4.017639706740491,0.0,1-164052,grid,-0.01081666350364685,0.011480316519737244,-0.0015469780191779137,0.007031818386167288,0.007091131424107669,0.009032632406089746,,,,,,,,
159,8147-6103,0.06161439412976131,none,8103,0.1909697219346364,0.17578125,0.49456787109375,1.0,1.32,2.724895207233097,3.91375941110767,0.0,8.07923050120509,0.0,1-164053,grid,-0.019590072333812714,0.0025056451559066772,-0.016585021279752254,-0.004804966039955616,0.00881008743114726,0.014318989296226561,,,,,,,,
160,8986-12705,0.02292173501807453,none,1773,0.49009425373335297,0.17578125,0.10821533203125,0.96575927734375,1.32,2.507117402879196,1.5250322581111988,0.0,2.8965416017142003,0.0,1-164063,grid,-0.001146368682384491,-0.015717841684818268,-0.007624662481248379,-0.0059671844355762005,0.009125412960522628,0.0177451141399526,,,,,,,,
161,9504-3701,0.04896437480402879,none,2309,0.23672522639460292,0.17578125,0.14093017578125,0.42388916015625,1.32,2.385962272571353,3.1572872812989665,0.0,5.706945709733872,0.0,1-164336,grid,0.0037453435361385345,0.04816467687487602,-0.008041755761951208,0.010016079060733318,0.018093206049815142,0.02724766331514622,,,,,,,,
162,8459-6101,0.04638057085669064,none,4260,0.2491437292552749,0.17578125,0.260009765625,0.77203369140625,1.32,2.647918106828278,2.999913137257794,0.0,6.017821450800709,0.0,1-167080,grid,0.028783101588487625,0.048400845378637314,0.015306591521948576,-0.005946283228695393,0.012820050141297688,0.03044972809542709,,,,,,,,
163,8453-12705,0.024247037042769655,none,2809,0.46405140520650645,0.17578125,0.17144775390625,1.0,1.32,2.443613249304874,1.6106180006624375,0.0,2.981611731808832,0.0,1-167564,grid,-0.01939907670021057,0.030353760346770287,-0.006729793269187212,0.020793872652575374,0.011950545559222103,0.012163317288651571,,,,,,,,
164,8454-9102,0.025019238222479583,none,2196,0.45014963754323745,0.17578125,0.134033203125,0.91400146484375,1.32,2.645818860260132,1.6603579879290884,0.0,3.328035211550261,0.0,1-167627,grid,-0.03182760626077652,-0.013436757028102875,-0.026152723468840122,-0.020450042560696602,0.016814031857342853,0.014685624011371176,,,,,,,,
165,8452-6102,0.0424731648872545,none,3712,0.27079625734583784,0.17578125,0.2265625,1.0,1.32,2.509981399173771,2.760043856528528,0.0,5.248226318780641,0.0,1-172948,grid,0.01023712009191513,0.03305361792445183,0.0038929590955376625,0.0198336411267519,0.006927423984698927,0.014371484988515437,,,,,,,,
166,8452-6104,0.04274826530753189,none,2870,0.2691421950967166,0.17578125,0.1751708984375,0.706787109375,1.32,2.447069030019433,2.777006207405403,0.0,5.148125671449609,0.0,1-172987,grid,0.00342680886387825,0.029248125851154327,0.0021196138113737106,-0.0017674032133072615,0.012167441072207533,0.02002599720711688,,,,,,,,
167,8452-3704,0.025059938284658027,none,756,0.4494406961561263,0.17578125,0.046142578125,0.620361328125,1.32,2.530439193595448,1.6629770130977717,0.0,3.1879259181749173,0.0,1-173030,grid,-0.005784280598163605,-0.013429738581180573,-0.004180165007710457,-0.0013561495579779148,0.00951314326036442,0.01515475132577661,,,,,,,,
168,8998-12702,0.028043242842322673,none,3559,0.40308025460276226,0.17578125,0.21722412109375,1.0,1.32,2.6520125387345286,1.8542449994105372,0.0,3.7253643850928353,0.0,1-173605,grid,0.010808669030666351,-0.030073218047618866,0.007897167932242155,-0.009527831804007292,0.012517856440319256,0.013184468148752479,,,,,,,,
169,10509-6103,0.025135338399848557,none,1111,0.4481333933728682,0.17578125,0.06781005859375,0.62322998046875,1.32,2.357814270507958,1.667828279506093,0.0,2.9791131198304557,0.0,1-173676,grid,0.006736747920513153,-0.010717727243900299,0.0011703381314873695,-0.00571331987157464,0.007945442513236643,0.015874787273436605,,,,,,,,
170,10509-6104,0.024334037175681805,none,1311,0.46244104943051373,0.17578125,0.08001708984375,0.585693359375,1.32,2.340089451281178,1.6162266463557182,0.0,2.8652385803155838,0.0,1-173966,grid,-0.003998659551143646,-0.0007653497159481049,0.0017016814090311527,-0.014377193292602897,0.011543850519773535,0.016288999251918887,,,,,,,,
171,8990-12704,0.05184007919731014,none,4706,0.22436050024775636,0.17578125,0.2872314453125,1.0,1.32,2.2265336735940022,3.3312884649167307,0.0,5.619110563327554,0.0,1-174895,grid,-0.019773811101913452,0.028316834941506386,-0.046537457033991814,-0.01434825616888702,0.014514414360506121,0.04162902807176624,,,,,,,,
172,8989-3701,0.05720638739554558,none,4068,0.20461410989168538,0.17578125,0.248291015625,0.7576904296875,1.32,2.486317968825489,3.6527761787979682,0.0,6.880275037456889,0.0,1-174979,grid,-0.019919581711292267,0.021751292049884796,-0.011848471593111753,-0.004721314180642366,0.007093859679332127,0.03489609331929237,,,,,,,,
173,8989-6104,0.07850251993014891,none,11158,0.152893262731529,0.17578125,0.6810302734375,1.0,1.32,2.5008883284350936,4.888440033951675,0.0,9.261698958458027,0.0,1-175200,grid,0.0373634472489357,0.058918554335832596,0.05355604225769639,0.0006731136236339808,0.025296476765292574,0.04150947427290998,,,,,,,,
174,10508-3701,0.08353932762499866,none,8177,0.14452257689399872,0.17578125,0.49908447265625,1.0,1.32,2.6149693352577117,5.171576389801656,0.0,10.245086116874326,0.0,1-175599,grid,-0.044700220227241516,0.057351253926754,-0.01831486215814948,0.001930316910147667,0.03211666415942553,0.054934674621080565,,,,,,,,
175,11833-9102,0.029377208880254014,none,2612,0.3853976431593802,0.17578125,0.159423828125,1.0,1.32,2.5189614215776674,1.9393204907306836,0.0,3.700813257746714,0.0,1-175928,grid,-0.0024801716208457947,0.033416248857975006,0.0029936861246824265,0.03296235576272011,0.018342391513857217,0.011500136363881606,,,,,,,,
176,11833-6102,0.04543457941147723,none,3902,0.254043942405173,0.17578125,0.2381591796875,1.0,1.32,2.514110887285987,2.9420482904735414,0.0,5.603511846970194,0.0,1-176074,grid,-0.029073134064674377,0.01401485875248909,-0.005809923633933067,0.003628357546404004,0.01805667227134152,0.024993337935202635,,,,,,,,
177,11832-1901,0.02968585035177286,none,575,0.38153283851319747,0.17578125,0.03509521484375,0.28643798828125,1.32,2.3828451249671385,1.9589651820558682,0.0,3.536295934880446,0.0,1-176205,grid,0.005338560789823532,-0.004766710102558136,-0.01488138921558857,-0.002974238246679306,0.010847591997598664,0.013149793713561425,,,,,,,,
178,11832-3704,0.03109738350820531,none,1288,0.364835643925601,0.17578125,0.07861328125,0.581787109375,1.32,2.3678971016981287,2.04861986185405,0.0,3.674940176791988,0.0,1-176264,grid,0.024311799556016922,-0.03311382979154587,0.015806194860488176,-0.012801227625459433,0.012810564143479544,0.022452261699078144,,,,,,,,
179,8613-9101,0.056245485927553775,none,5396,0.20787271122554013,0.17578125,0.329345703125,0.96820068359375,1.32,2.640411314597782,3.5955154577618655,0.0,7.192151285216404,0.0,1-176402,grid,-0.02602595090866089,0.05880376696586609,-0.03490285202860832,0.01813477650284767,0.008439345934146483,0.022343771105118624,,,,,,,,
180,8606-12705,0.056662186564157155,none,7782,0.20644601235878646,0.17578125,0.4749755859375,1.0,1.32,2.5387348269901318,3.6203632025566117,0.0,6.962986476275757,0.0,1-176546,grid,-0.02871795743703842,0.05726635083556175,-0.02788790687918663,0.02143029379658401,0.01404635909894424,0.022438687214564355,,,,,,,,
181,9883-12703,0.08262082622178243,none,11483,0.14597277471069292,0.17578125,0.70086669921875,1.0,1.32,2.4665982534514463,5.1201982557336985,0.0,9.56778187493779,0.0,1-177034,grid,-0.023694947361946106,0.02718363329768181,0.007221492938697338,0.01008035708218813,0.03788387678497224,0.014081980396668407,,,,,,,,
182,8614-6101,0.07054340777082578,none,8946,0.16856292359570327,0.17578125,0.5460205078125,1.0,1.32,2.56739301713346,4.434009155245512,0.0,8.624124350820576,0.0,1-177061,grid,-0.009401984512805939,-0.01191982626914978,0.0019062710925936699,-0.017952597234398127,0.01838582665776848,0.02268192839659015,,,,,,,,
183,9185-3702,0.030221246169709663,none,1332,0.37501591367158094,0.17578125,0.081298828125,0.55450439453125,1.32,2.355128327446336,1.9930075477086013,0.0,3.555900403350668,0.0,1-177250,grid,0.0182507187128067,-0.010985888540744781,0.01265362510457635,0.0036073243245482445,0.01433823768035614,0.02055904707486027,,,,,,,,
184,7958-3702,0.037047156597813824,none,1851,0.3084441420744642,0.17578125,0.11297607421875,0.89788818359375,1.32,2.4145457812909665,2.423160126924568,0.0,4.432447774134999,0.0,1-177284,grid,-0.004075728356838226,0.023363232612609863,-0.00536092696711421,0.01732223411090672,0.013440092999659663,0.012635927002200576,,,,,,,,
185,7959-12701,0.033689551468321366,none,3474,0.3378177514710199,0.17578125,0.2120361328125,1.0,1.32,2.3163888614812973,2.212463800980617,0.0,3.8825200795621773,0.0,1-177434,grid,0.04970213770866394,-0.05672719329595566,0.009441507048904896,-0.050730458460748196,0.0272420097401254,0.010464721726595757,,,,,,,,
186,7959-3703,0.030456146528572477,none,1188,0.3722290063339958,0.17578125,0.072509765625,0.3812255859375,1.32,2.4329029340418247,2.0079293492449057,0.0,3.700831216005017,0.0,1-177495,grid,0.012542515993118286,0.020053379237651825,-0.012560893781483173,0.0020415508188307285,0.02769553673709909,0.018870560664864804,,,,,,,,
187,7959-3701,0.03298845039723275,none,1376,0.34470620121244205,0.17578125,0.083984375,0.63946533203125,1.32,2.512016901469355,2.168250944802906,0.0,4.126275015130149,0.0,1-177659,grid,0.016480639576911926,-0.009825214743614197,0.0029702121391892433,0.0035181106068193913,0.010495165682995036,0.011006461131956219,,,,,,,,
188,7961-12702,0.028991844291523454,none,4143,0.3903387213092484,0.17578125,0.25286865234375,1.0,1.32,2.7019817459855804,1.9147717242895765,0.0,3.91945321724225,0.0,1-177959,grid,-0.011629238724708557,0.025181414559483528,-0.011823796667158604,0.010283795883879066,0.0140160565709614,0.01872456427729612,,,,,,,,
189,9085-9101,0.054632183462873594,none,5622,0.21360180348712854,0.17578125,0.3431396484375,0.96319580078125,1.32,2.3331922351341245,3.4990788198253036,0.0,6.184866312529299,0.0,1-177985,grid,-0.010917872190475464,0.038098983466625214,-0.007539142854511738,0.0031050629913806915,0.0130546300450145,0.026599996772165974,,,,,,,,
190,9186-3704,0.04488926857839302,none,2690,0.2569625487933054,0.17578125,0.1641845703125,0.485595703125,1.32,2.3748230634413723,2.9086322110678346,0.0,5.232944589327549,0.0,1-178027,grid,0.022618155926465988,-0.0057297684252262115,0.01114769047126174,-0.003736198879778385,0.018291985302208356,0.02866543432181097,,,,,,,,
191,7961-9102,0.046372270844010514,none,5008,0.24918585311854585,0.17578125,0.3056640625,0.9744873046875,1.32,2.5439875084103947,2.9994060140433856,0.0,5.7806450245283205,0.0,1-178052,grid,0.0034811049699783325,0.017395589500665665,-0.006769973319023848,-0.0015308130532503128,0.011669050352652064,0.0261082168367084,,,,,,,,
192,9186-6101,0.03069814689828214,none,2220,0.3694024805834044,0.17578125,0.135498046875,1.0,1.32,2.467523706673702,2.023293252600524,0.0,3.782215201776314,0.0,1-178095,grid,0.0107649527490139,-0.006815791130065918,0.013547223061323166,-0.010283155366778374,0.00855615030418866,0.0053047777802369515,,,,,,,,
193,9085-3702,0.04156296349671839,none,1494,0.27642507986331144,0.17578125,0.0911865234375,0.4207763671875,1.32,2.4177089365684075,2.703841296990426,0.0,4.952349444542778,0.0,1-178315,grid,0.01719028875231743,0.02963068336248398,-0.00557665852829814,0.010218414478003979,0.021187151622569,0.015385727520994296,,,,,,,,
194,9085-6101,0.06687670216911325,none,7775,0.177039173572144,0.17578125,0.47454833984375,0.99334716796875,1.32,2.3147000375712996,4.221718455738986,0.0,7.4030392940261205,0.0,1-178403,grid,0.03771718591451645,0.0018485821783542633,0.019581654109060764,-0.01981279207393527,0.010972702379605735,0.013310619213107056,,,,,,,,
195,7962-12703,0.04774017293378676,none,10606,0.2424413933825667,0.17578125,0.6473388671875,1.0,1.32,2.4780193505787986,3.082846274847562,0.0,5.78738842722123,0.0,1-178586,grid,0.04650310426950455,0.0028828680515289307,0.022062028758227825,-0.016433498822152615,0.016125018388457733,0.02544472989393588,,,,,,,,
196,8623-6101,0.08493152975189866,none,12381,0.14238441338055735,0.17578125,0.75567626953125,1.0,1.32,2.3900803199366374,5.249237108985112,0.0,9.504619930959398,0.0,1-178601,grid,-0.009179100394248962,0.06213813275098801,0.009597739204764366,0.006942338310182095,0.02022001049684519,0.035323782915776494,,,,,,,,
197,9191-6102,0.054280382925419625,none,5310,0.2148963788980193,0.17578125,0.3240966796875,1.0,1.32,2.621052687997575,3.4779997238249742,0.0,6.906076155292629,0.0,1-178735,grid,0.013646431267261505,0.05172933265566826,0.009559543803334236,0.0015827359165996313,0.015420872742918583,0.04803151382065638,,,,,,,,
198,9191-6101,0.05633478606397969,none,6175,0.2075651867311977,0.17578125,0.37689208984375,0.95367431640625,1.32,2.5930187470110275,3.6008425026794733,0.0,7.073524329153015,0.0,1-178745,grid,-0.0030743852257728577,0.0505935400724411,6.458442658185959e-05,-0.008374857949092984,0.008090701411101214,0.03797160436759811,0.34053472,0.32752472,0.3319406,0.9950734,0.3403733,0.32766858,0.33195814,0.99504715
199,8651-3702,0.02461223760069515,none,722,0.4573680363648788,0.17578125,0.0440673828125,0.59820556640625,1.32,2.481939026494401,1.6341534323181914,0.0,3.072628165871436,0.0,1-178844,grid,-0.016093559563159943,-0.030492864549160004,-0.012624441646039486,-0.02220493694767356,0.00806014328895686,0.0230289833380472,,,,,,,,
200,7963-3701,0.04744467248234376,none,2312,0.24386540518361188,0.17578125,0.14111328125,0.40045166015625,1.32,2.4315802880687922,3.0648445026286373,0.0,5.645769301960451,0.0,1-178906,grid,-0.0054257214069366455,0.038561977446079254,-0.008208898361772299,-0.0037406361661851406,0.012299918472549598,0.02070722708676751,,,,,,,,
201,9191-9102,0.029824945564271895,none,3059,0.3798172451323253,0.17578125,0.18670654296875,1.0,1.32,2.560000746286281,1.9678136157243378,0.0,3.8163669127322795,0.0,1-179069,grid,-0.018250614404678345,0.025737576186656952,0.005518079269677401,0.0038874573074281216,0.014861006546706784,0.020882522186873673,,,,,,,,
202,7963-1902,0.02366873615928577,none,365,0.4750565875094937,0.17578125,0.02227783203125,0.19140625,1.32,2.3754840666615338,1.5733063515162005,0.0,2.8313364924273667,0.0,1-179096,grid,0.01859152317047119,0.009817611426115036,0.0025497744791209698,0.01402151258662343,0.030153646478898843,0.022197264542326633,,,,,,,,
203,7964-12702,0.07954232151867828,none,13702,0.15107817950631233,0.17578125,0.8363037109375,1.0,1.32,2.343706211765197,4.947170722473989,0.0,8.783874812822123,0.0,1-179139,grid,-0.05668344348669052,0.04610302299261093,-0.035123273730278015,-0.0006880126893520355,0.020542008204776478,0.046387820454750595,,,,,,,,
204,7963-3703,0.05263908041796312,none,2483,0.2211650564411787,0.17578125,0.15155029296875,0.64752197265625,1.32,2.4156622895788957,3.37941968991417,0.0,6.184497504231867,0.0,1-179173,grid,0.02413010597229004,0.045679204165935516,0.005629022140055895,0.02583074802532792,0.01754761663224243,0.0276396666972932,,,,,,,,
205,7963-9102,0.02318153541497772,none,1886,0.48475434917754356,0.17578125,0.1151123046875,0.87158203125,1.32,2.4395558693250177,1.5418315435980872,0.0,2.849533478556943,0.0,1-179208,grid,0.006917942315340042,-0.028946004807949066,-0.00494459317997098,-0.014926788862794638,0.009668534477278739,0.011533779974485962,,,,,,,,
206,7963-12704,0.051703678988928324,none,5527,0.2249158836110339,0.17578125,0.33734130859375,1.0,1.32,2.3292449242946573,3.3230625354626206,0.0,5.8638079877576095,0.0,1-179246,grid,-0.03444051742553711,0.0023508965969085693,-0.024088233709335327,-0.0004818360321223736,0.013024347777396984,0.022613682178367775,,,,,,,,
207,7965-12702,0.046866271598707106,none,7135,0.24670472390195897,0.17578125,0.43548583984375,1.0,1.32,2.466859828002528,3.0295712811535798,0.0,5.6617634011726645,0.0,1-179321,grid,-0.0535881370306015,0.0416591502726078,-0.03886762959882617,0.012230701046064496,0.008407421310542094,0.02992631128559474,,,,,,,,
208,7964-9101,0.05807108871657016,none,6657,0.20177403002973693,0.17578125,0.40631103515625,1.0,1.32,2.464538591151904,3.7041910019250084,0.0,6.916001267607439,0.0,1-179503,grid,0.002669714391231537,0.03014892339706421,0.018223515711724758,0.005766992922872305,0.020183489741100524,0.0374684721528916,,,,,,,,
209,7964-12703,0.047329572306502504,none,4345,0.24442488669108928,0.17578125,0.26519775390625,0.685791015625,1.32,2.497197711228252,3.0578291620643943,0.0,5.78485150366228,0.0,1-179535,grid,-0.0072973668575286865,0.03346198424696922,-0.010173945687711239,0.00014539342373609543,0.011422544478911525,0.02564075729718749,,,,,,,,
210,8615-9101,0.03322405075716496,none,2099,0.34235893835054715,0.17578125,0.12811279296875,1.0,1.32,2.5111466320400604,2.183116789820784,0.0,4.15312604099134,0.0,1-179556,grid,0.009652439504861832,0.037475816905498505,0.0012772781774401665,0.012600877322256565,0.012022714914074558,0.022722361815058958,,,,,,,,
211,8615-9102,0.0317398484897142,none,3232,0.3577278125695232,0.17578125,0.197265625,1.0,1.32,2.4806631167823716,2.0893246770211404,0.0,3.9264474736890778,0.0,1-180039,grid,-0.004830077290534973,-0.006383851170539856,0.004241472110152245,-0.019711065106093884,0.021320889776640657,0.010680620628724814,,,,,,,,
212,7968-9101,0.0498216761137482,none,6914,0.23288960426101865,0.17578125,0.4219970703125,1.0,1.32,2.496323490606757,3.209286858595089,0.0,6.069256191823096,0.0,1-180172,grid,0.0449548177421093,-0.0019482672214508057,0.030687013175338507,-0.03261808422394097,0.00858670898233729,0.03241581539508544,,,,,,,,
213,8616-1902,0.030178846104934084,none,568,0.3755235806630365,0.17578125,0.03466796875,0.29058837890625,1.32,2.5214060440623727,1.990313218516525,0.0,3.801808923291515,0.0,1-180208,grid,0.012846413999795914,0.010644722729921341,-0.0012891576625406742,0.012688992079347372,0.010969541036105196,0.018250796578960927,,,,,,,,
214,8616-6104,0.05398818247901812,none,4983,0.21598447388654404,0.17578125,0.30413818359375,1.0,1.32,2.5195226140634146,3.460478121454739,0.0,6.6051158200582565,0.0,1-180334,grid,-0.036301203072071075,0.019863270223140717,-0.018454255536198616,-0.0037632405292242765,0.018676741203956394,0.026883798004117946,,,,,,,,
215,8617-12701,0.08521503018500894,none,14162,0.14195759271110175,0.17578125,0.8643798828125,1.0,1.32,2.489509671461965,5.265019870964937,0.0,9.929786279701998,0.0,1-180618,grid,-0.022805646061897278,0.04090899974107742,0.004186561331152916,0.00439117755740881,0.024019708610644248,0.04553735382783704,,,,,,,,
216,7968-12704,0.05092527779974649,none,11630,0.22814230163628177,0.17578125,0.7098388671875,1.0,1.32,2.5036166916860934,3.2760673540054994,0.0,6.213649174678835,0.0,1-180621,grid,0.02948835864663124,0.029738159850239754,0.02011684561148286,-0.010580797214061022,0.00876468515151419,0.02630588463939316,,,,,,,,
217,7968-12703,0.10370415843128569,none,16184,0.11917325954391829,0.17578125,0.98779296875,1.0,1.32,2.549522791768466,6.271621245560203,0.0,12.113364626435661,0.0,1-180629,grid,0.013461902737617493,0.017836201936006546,0.029792929999530315,0.017562187742441893,0.017651987821364654,0.03563809662080924,,,,,,,,
218,10842-1901,0.07193152389148347,none,3015,0.165579909828109,0.17578125,0.18402099609375,1.0,1.32,2.573194285839169,4.513890285567827,0.0,8.799330825551566,0.0,1-181037,grid,0.035534292459487915,0.03903999179601669,0.04389279102906585,0.006000595632940531,0.01592894355167237,0.038773787838005704,,,,,,,,
219,10515-1901,0.024183336945453514,none,384,0.46523783075888,0.17578125,0.0234375,0.19415283203125,1.32,2.7403240867172487,1.6065106855974056,0.0,3.335121157053948,0.0,1-181880,grid,0.04221833869814873,-0.002254381775856018,0.0007804124616086483,-0.0004016743041574955,0.033506330709660505,0.017953991499272424,,,,,,,,
220,10518-6103,0.04436166777236484,none,4326,0.25985471110822445,0.17578125,0.2640380859375,1.0,1.32,2.489435686706032,2.8762593653613484,0.0,5.424441445721957,0.0,1-182523,grid,-0.009511001408100128,0.01876727119088173,-0.008578263223171234,-0.012038602959364653,0.013032880666402355,0.02004082214889602,,,,,,,,
221,10518-1901,0.022915335008297084,none,361,0.49022732711822087,0.17578125,0.02203369140625,0.2200927734375,1.32,2.53296845553409,1.5246182844434872,0.0,2.925613652443828,0.0,1-182525,grid,0.04604162648320198,-0.021448977291584015,0.003785931970924139,0.002789784222841263,0.03243884772087502,0.021282302802430642,,,,,,,,
222,10519-9102,0.032429649543539524,none,3660,0.35040990591369686,0.17578125,0.223388671875,1.0,1.32,2.43419381508577,2.1329578126777586,0.0,3.9333581177720247,0.0,1-182705,grid,-0.008702114224433899,-0.0028532370924949646,-0.010315085761249065,-0.0159335492644459,0.0130185614664513,0.009210738853798757,,,,,,,,
223,10518-6102,0.031244547733031567,none,2330,0.36318169239212483,0.17578125,0.1422119140625,0.9937744140625,1.32,2.4938539305457503,2.0579494014013378,0.0,3.888049396628029,0.0,1-182818,grid,-0.02848905324935913,0.01887545734643936,-0.015593276359140873,0.0039801886305212975,0.020756847537922136,0.013993331632197722,,,,,,,,
224,10519-6104,0.0694463060947577,none,7387,0.1710050769637503,0.17578125,0.45086669921875,1.0,1.32,2.6023395937155462,4.370686296154436,0.0,8.616674242570182,0.0,1-183193,grid,0.000649765133857727,0.011028185486793518,0.009980442933738232,-0.029445450752973557,0.01661717639696577,0.041955791587619806,,,,,,,,
225,11838-9101,0.047089745940114114,none,4540,0.24559943337821818,0.17578125,0.277099609375,1.0,1.32,2.5017743242621537,3.043205500019629,0.0,5.767737411668543,0.0,1-1832,grid,-0.029819980263710022,0.015068911015987396,-0.020581518299877644,-0.00412692641839385,0.015906223740672448,0.021056504552523038,,,,,,,,
226,8994-12703,0.02514773841879236,none,2666,0.4479191500656296,0.17578125,0.1627197265625,0.99713134765625,1.32,2.6983604623780133,1.6686260150939893,0.0,3.411026110321968,0.0,1-186604,grid,-0.004194639623165131,-0.001783914864063263,-0.004085782449692488,0.014031434431672096,0.009870433345599046,0.010546208687199741,,,,,,,,
227,8996-12704,0.03986656090508419,none,2265,0.2876022255917667,0.17578125,0.13824462890625,1.0,1.32,2.364181343049144,2.5987613444939015,0.0,4.654502337643781,0.0,1-188309,grid,0.02751542255282402,-0.013630636036396027,0.013854118064045906,-0.006736690178513527,0.01500377550993456,0.017259241347674082,,,,,,,,
228,8996-3703,0.027247141626100098,none,992,0.4144583164540225,0.17578125,0.060546875,0.62884521484375,1.32,2.3584445483933023,1.8033406902119942,0.0,3.2220295603987066,0.0,1-188330,grid,0.007083024829626083,-0.01124950498342514,-0.0034421589225530624,0.016383799258619547,0.011890300306548012,0.029617715437958964,,,,,,,,
229,8995-9101,0.05592638544005644,none,4805,0.20897963673533884,0.17578125,0.29327392578125,1.0,1.32,2.339470236682134,3.5764706941511766,0.0,6.338671773736794,0.0,1-188803,grid,-0.07386724650859833,0.0492248460650444,-0.07219034852460027,0.0024966879282146692,0.013848750386192061,0.03459852879545954,,,,,,,,
230,7965-6103,0.060096991811590034,none,7565,0.1954404434084556,0.17578125,0.46173095703125,1.0,1.32,2.467398508214728,3.8242317374212527,0.0,7.148411881803496,0.0,1-191503,grid,0.03997466713190079,-0.00921427458524704,0.03697867691516876,0.0034399910364300013,0.016024980279544798,0.027770319619743616,,,,,,,,
231,11954-1901,0.023667854157938317,none,357,0.4750737829947825,0.17578125,0.02178955078125,0.18682861328125,1.32,2.643361183395987,1.573249405064532,0.0,3.1505048554154644,0.0,1-195235,grid,0.024007052183151245,-0.00825163722038269,0.0013840002939105034,-0.0028023929335176945,0.031185703545453497,0.00920583778407968,,,,,,,,
232,11955-3704,0.03788001287018797,none,1694,0.30196436735717525,0.17578125,0.1033935546875,0.3515625,1.32,2.4479809923899776,2.475158089014631,0.0,4.5902575417182705,0.0,1-195241,grid,-0.004246875643730164,0.02172960340976715,-0.004177521914243698,0.01056372094899416,0.010339517580886262,0.013633221440644282,,,,,,,,
233,11955-1902,0.029660967313758457,none,552,0.38184144187235736,0.17578125,0.03369140625,0.28680419921875,1.32,2.2988508972576263,1.9573819509830561,0.0,3.408885798707031,0.0,1-195282,grid,0.019466713070869446,0.024379342794418335,-0.00661229295656085,0.006176732946187258,0.025037212008453796,0.017638755500355954,,,,,,,,
234,11761-12704,0.03285511019352577,none,5284,0.346049579553549,0.17578125,0.322509765625,1.0,1.32,2.3964730132476726,2.1598337077090455,0.0,3.921199389111658,0.0,1-195293,grid,0.010270386934280396,-0.012431591749191284,0.004758847411721945,-0.03400277905166149,0.01074878502297403,0.02422494849117457,,,,,,,,
235,11021-9101,0.02993403573093151,none,3076,0.37848289158150267,0.17578125,0.187744140625,1.0,1.32,2.3084699300880036,1.974751205623123,0.0,3.4535255890803116,0.0,1-195704,grid,-0.012551926076412201,0.0034207962453365326,-0.008406322449445724,0.003930113278329372,0.008874895299526883,0.012844808782510151,,,,,,,,
236,11955-6104,0.04387504702894286,none,2272,0.2625839368146599,0.17578125,0.138671875,0.60003662109375,1.32,2.4118347346164106,2.846364311255808,0.0,5.200727510044904,0.0,1-195753,grid,0.0011781007051467896,-0.013324424624443054,0.00691261887550354,0.0030888509936630726,0.00513835453116666,0.020229031125448382,,,,,,,,
237,9884-9101,0.06363099721057333,none,8852,0.18535861452635893,0.17578125,0.540283203125,1.0,1.32,2.4436576579964813,4.032235288163597,0.0,7.4646989702762285,0.0,1-196331,grid,-0.05663936585187912,0.0013009421527385712,-0.05627369275316596,-0.033793458715081215,0.01067804012938294,0.03301125403633835,,,,,,,,
238,8309-12701,0.06757210323149383,none,6500,0.17536082547771606,0.17578125,0.396728515625,1.0,1.32,2.4761176453554783,4.262123792028311,0.0,7.995090854644472,0.0,1-196597,grid,-0.07495284080505371,-0.0025275424122810364,-0.074408745393157,-0.020643650786951184,0.024024825388437508,0.0234622008075209,,,,,,,,
239,11016-3703,0.0847899995356796,none,9055,0.1425985633197185,0.17578125,0.55267333984375,1.0,1.32,2.6641014570968857,5.241353973409536,0.0,10.578408149788556,0.0,1-196806,grid,-0.04513666033744812,-0.02185739576816559,0.009431064128875732,-0.00818348559550941,0.039188447135748365,0.02520165649489669,,,,,,,,
240,11016-12703,0.04612209646181323,none,10464,0.2504626479279507,0.17578125,0.638671875,1.0,1.32,2.6233240552745176,2.984115805855816,0.0,5.930532406989744,0.0,1-197191,grid,0.021231815218925476,0.016359761357307434,0.016120681539177895,0.008179633412510157,0.005706457903371892,0.02795642301772213,,,,,,,,
241,9864-12704,0.065412499932217,none,9211,0.18068987412519855,0.17578125,0.56219482421875,1.0,1.32,2.7107185332167605,4.1364218668967805,0.0,8.49445107257589,0.0,1-197264,grid,-0.09070956707000732,0.004949729889631271,-0.05487882485613227,-0.02664837334305048,0.01777000207519101,0.0349599316015598,,,,,,,,
242,9864-6102,0.044275467640674866,none,2301,0.2603337916834336,0.17578125,0.14044189453125,0.6107177734375,1.32,2.6773212133652535,2.8709663145349547,0.0,5.823105315728403,0.0,1-197270,grid,-0.012991353869438171,0.01164919137954712,-0.013524615205824375,-0.014766845386475325,0.01255742008332205,0.02683527273136336,,,,,,,,
243,9867-9101,0.03820475836630931,none,4937,0.2995143795950099,0.17578125,0.30133056640625,1.0,1.32,2.5648403154150605,2.4954045527594104,0.0,4.848722878930018,0.0,1-197736,grid,0.025676675140857697,0.004976049065589905,0.02302302047610283,0.006545248441398144,0.011376828458024365,0.024697860725501473,,,,,,,,
244,9867-6102,0.025474738918358726,none,1577,0.4423446352683782,0.17578125,0.09625244140625,0.21649169921875,1.32,2.483573924040982,1.6896543709744138,0.0,3.1790769215105477,0.0,1-198001,grid,0.05156438797712326,-0.037375375628471375,0.006602483335882425,0.00531342625617981,0.03332153731157826,0.0412777568838755,,,,,,,,
245,8597-1902,0.03643305565963735,none,873,0.31341180432267923,0.17578125,0.05328369140625,0.3287353515625,1.32,2.4678190114352443,2.3847523805733495,0.0,4.458437319957855,0.0,1-198125,grid,0.022807586938142776,-0.00041576847434043884,-0.0010069450363516808,-0.009110300336033106,0.018048378291964075,0.013518057114953469,,,,,,,,
246,8597-12702,0.035378154048039304,none,5522,0.32234800599933766,0.17578125,0.3370361328125,1.0,1.32,2.4672048861958755,2.3186417553326937,0.0,4.3337608091625786,0.0,1-198153,grid,0.001400783658027649,0.013841137290000916,0.02561491122469306,-0.0033918162807822227,0.01964302132079648,0.019883185859392274,,,,,,,,
247,9867-3703,0.03626925540939585,none,1291,0.31476527014808897,0.17578125,0.07879638671875,0.2423095703125,1.32,2.435775947713023,2.3744981335032964,0.0,4.381625334452118,0.0,1-198173,grid,0.03398839011788368,-0.056526146829128265,0.0033512208610773087,0.008206923957914114,0.023124281665173205,0.03755594568368779,,,,,,,,
248,9034-3702,0.03771375761619589,none,1797,0.3032349899192188,0.17578125,0.10968017578125,0.94744873046875,1.32,2.508617299471208,2.4647866219442762,0.0,4.684247241905008,0.0,1-198233,grid,0.021762147545814514,0.005823343992233276,0.013658102601766586,0.009967414196580648,0.01477181143020974,0.01976848245100554,,,,,,,,
249,9034-12703,0.028943144217123202,none,2783,0.39097251252891296,0.17578125,0.16986083984375,0.9425048828125,1.32,2.4197904883832035,1.9116677579808787,0.0,3.504420801296192,0.0,1-198747,grid,0.0028809309005737305,-0.005896277725696564,0.002966269850730896,-0.0020753126591444016,0.014708984166811953,0.009010707469577687,,,,,,,,
250,9870-12703,0.0711869087539174,none,14301,0.16716557185782355,0.17578125,0.87286376953125,1.0,1.32,2.6485816844637795,4.471073428289286,0.0,8.971214539439151,0.0,1-198831,grid,-0.02478410303592682,-0.0036025717854499817,0.012862669304013252,0.0035278303548693657,0.03777350542701611,0.007157922969877122,,,,,,,,
251,8937-1902,0.022682134652031408,none,315,0.4951274181061982,0.17578125,0.01922607421875,0.13482666015625,1.32,2.48313567586597,1.5095297071550757,0.0,2.839672022436574,0.0,1-201392,grid,0.014448419213294983,-0.003583475947380066,-0.015263133216649294,0.016058912966400385,0.031024053474973636,0.016435008838779318,,,,,,,,
252,8938-12702,0.04030186157010327,none,7781,0.28464434817359097,0.17578125,0.47491455078125,1.0,1.32,2.6460964129731646,2.625766333510647,0.0,5.263659754854713,0.0,1-201756,grid,0.025119997560977936,0.01117829978466034,-0.003428916446864605,-0.0117683713324368,0.019648036632754835,0.015187503809478014,,,,,,,,
253,8938-9101,0.0469399717113005,none,2956,0.24633904365559475,0.17578125,0.180419921875,0.91943359375,1.32,2.687917646610003,3.0340685559502587,0.0,6.178277585275174,0.0,1-201812,grid,-0.014047428965568542,0.008755359798669815,-0.002612330950796604,-0.02125419396907091,0.010963971062196085,0.032846076995674024,,,,,,,,
254,9184-6104,0.046159370518757674,none,2876,0.25027153728024465,0.17578125,0.175537109375,0.99993896484375,1.32,2.529885131655528,2.986394516054684,0.0,5.723662941988144,0.0,1-201816,grid,-0.0003615766763687134,0.017141051590442657,-0.0022352440282702446,-0.011047925800085068,0.017982532425425937,0.03161309198123879,,,,,,,,
255,8938-12701,0.05279948066301035,none,6537,0.22053523530725852,0.17578125,0.39898681640625,1.0,1.32,2.673478112541841,3.3890708911751775,0.0,6.864096098037505,0.0,1-201874,grid,0.017318040132522583,0.028036901727318764,0.01124346163123846,0.0021738382056355476,0.012757536838353352,0.02838138198345824,,,,,,,,
256,9184-12701,0.05919099042747038,none,14550,0.19821922345779683,0.17578125,0.8880615234375,1.0,1.32,2.4951840035672146,3.7706208985196144,0.0,7.12757041628968,0.0,1-201913,grid,-0.02552580088376999,0.026749245822429657,-0.008499979507178068,0.0009153529535979033,0.013939822774047867,0.0215973349154283,,,,,,,,
257,10220-9101,0.03635535554093305,none,4394,0.3140523117872128,0.17578125,0.2681884765625,1.0,1.32,2.4786579976972356,2.3798886949913864,0.0,4.468886475355785,0.0,1-201969,grid,-0.001181378960609436,0.03368905931711197,0.0030732695013284683,0.012486153980717063,0.011019716732019322,0.02402032168413899,,,,,,,,
258,10220-6104,0.03969886064888456,none,3196,0.2887590706488768,0.17578125,0.195068359375,0.92279052734375,1.32,2.562030918104644,2.5883500205855965,0.0,5.023812711831129,0.0,1-202008,grid,-0.010873839259147644,0.02942299284040928,0.0069285305216908455,0.0032130617182701826,0.01690441607874695,0.02733788592724339,,,,,,,,
259,8593-12703,0.08033632273169264,none,14309,0.14972387373372015,0.17578125,0.87335205078125,1.0,1.32,2.6183063355344545,4.9919196439409905,0.0,9.901799113795144,0.0,1-208539,grid,0.005704380571842194,-0.008652187883853912,0.008001345209777355,-0.0070789477322250605,0.016663768889399067,0.02477032524408263,,,,,,,,
260,8485-9102,0.026195640019696324,none,2468,0.4305468538791123,0.17578125,0.150634765625,0.9404296875,1.32,2.426417549843084,1.7359540308431882,0.0,3.191022216786935,0.0,1-209199,grid,-0.031700946390628815,-0.0036335960030555725,-0.0134252835996449,-0.013133478816598654,0.014783323198319188,0.015415747078658447,,,,,,,,
261,8485-6103,0.024994138184133666,none,1192,0.4505879983476599,0.17578125,0.07275390625,0.73345947265625,1.32,2.2932518502878074,1.6587426855555523,0.0,2.881753585455785,0.0,1-209221,grid,0.0028064027428627014,-0.02592870593070984,0.00733967125415802,-0.008238540031015873,0.005785512346641684,0.020517664075929636,,,,,,,,
262,8486-12701,0.03817535832139417,none,7006,0.2997344664463763,0.17578125,0.4276123046875,1.0,1.32,2.4778249669078045,2.493572245192605,0.0,4.680784519641353,0.0,1-209537,grid,-0.019550062716007233,0.0315338633954525,0.006388198584318161,0.01247092755511403,0.018642352303166625,0.01959917985144718,,,,,,,,
263,8979-12701,0.07775711879138202,none,15813,0.1542243774720132,0.17578125,0.96514892578125,1.0,1.32,2.4793861495050304,4.846247776840138,0.0,9.1028178901265,0.0,1-210173,grid,-0.04853888601064682,0.0262004304677248,-0.004739505238831043,0.013479862594977021,0.03534986140504573,0.015539668755617814,,,,,,,,
264,8600-6102,0.03828375848699965,none,1561,0.2989246651048208,0.17578125,0.09527587890625,0.7681884765625,1.32,2.6569089105818837,2.5003274527252937,0.0,5.032683551907829,0.0,1-210447,grid,0.004755724221467972,-0.010939113795757294,-0.0010092412121593952,-0.008282137103378773,0.017441851919513328,0.015852715908581116,,,,,,,,
265,8600-12702,0.06055249250746918,none,11566,0.19407483665195138,0.17578125,0.7059326171875,1.0,1.32,2.6060636596736373,3.8511409276550483,0.0,7.603271530184576,0.0,1-210646,grid,0.0076547302305698395,-0.0023056790232658386,0.005321556702256203,0.008658890146762133,0.007983961211115356,0.017135925250334923,,,,,,,,
266,8604-12702,0.035318653957139616,none,5013,0.32286794921734313,0.17578125,0.30596923828125,1.0,1.32,2.7110784656749596,2.314907838545376,0.0,4.754467265986769,0.0,1-210736,grid,0.011564236134290695,-0.002347830682992935,-4.7457870095968246e-05,-0.01876604836434126,0.017504041100471025,0.011928699701535872,,,,,,,,
267,11943-6102,0.029280083731873636,none,1485,0.38663070226853746,0.17578125,0.09063720703125,0.21807861328125,1.32,2.492906827902794,1.9331355271914719,0.0,3.65085360227052,0.0,1-210769,grid,0.035996533930301666,-0.025028564035892487,-0.004522997420281172,-0.0004349108785390854,0.028226018217911954,0.03397056924046104,,,,,,,,
268,8312-12702,0.032025348925879944,none,4963,0.35466076814765257,0.17578125,0.30291748046875,1.0,1.32,2.4643154044532194,2.1073927921656566,0.0,3.9343034249753854,0.0,1-210923,grid,0.010922521352767944,0.033709727227687836,0.010843383148312569,-0.0004043912049382925,0.009522111965478868,0.02142418375127929,,,,,,,,
269,8602-1901,0.02609133986035451,none,478,0.43221341257511964,0.17578125,0.0291748046875,0.2266845703125,1.32,2.6434072233696537,1.7292604179154127,0.0,3.4629844543975965,0.0,1-211055,grid,0.04442586749792099,-0.02418665587902069,-0.0022470885887742043,-0.02928191190585494,0.03619544902663683,0.006580145140440999,,,,,,,,
270,11946-6102,0.030317426316646343,none,1943,0.3738695893017477,0.17578125,0.11859130859375,1.0,1.32,2.4455872866908153,1.9991183231944247,0.0,3.70380178469314,0.0,1-211533,grid,0.011573411524295807,-0.04097586125135422,0.009035018272697926,-0.02245909022167325,0.007780350451332821,0.009875630080282144,,,,,,,,
271,11946-12702,0.06336907681043136,none,14281,0.1860671889868632,0.17578125,0.87164306640625,1.0,1.32,2.4029097945803946,4.016879872953136,0.0,7.3122727199787425,0.0,1-211562,grid,0.005442045629024506,-0.032162003219127655,0.011493772733956575,-0.00707520404830575,0.027504794493072728,0.015735788319029526,,,,,,,,
272,11949-3704,0.05480156672164438,none,3387,0.21298443137522297,0.17578125,0.20672607421875,0.67236328125,1.32,2.4399969221602356,3.5092215033386998,0.0,6.48673459645829,0.0,1-211633,grid,-0.009694278240203857,0.05289003998041153,-0.0020217704586684704,0.035090863704681396,0.01611341872072258,0.013631096479084462,,,,,,,,
273,11949-9102,0.05375627812473238,none,5386,0.2168564664481847,0.17578125,0.3287353515625,0.99981689453125,1.32,2.4541565697138044,3.446563336108231,0.0,6.407883374427834,0.0,1-211814,grid,-0.029501229524612427,0.07114890962839127,-0.02053799480199814,0.017713220790028572,0.008244954237319458,0.03530360600974495,,,,,,,,
274,12683-6101,0.05158602880919137,none,2957,0.22539728345922205,0.17578125,0.18048095703125,0.9581298828125,1.32,2.497829195510421,3.3159651926040907,0.0,6.2747838404415415,0.0,1-212222,grid,-0.02727268636226654,0.0705258920788765,-0.01787371141836047,0.014357374515384436,0.009056352467504487,0.03763792582090441,,,,,,,,
275,12683-3702,0.05835624915221647,none,4097,0.20085590708171758,0.17578125,0.25006103515625,0.78594970703125,1.32,2.416354159539826,3.7211230544203855,0.0,6.811781189930484,0.0,1-212393,grid,-0.01972227543592453,0.05166783928871155,-0.021911925170570612,0.007264553336426616,0.01344011983363844,0.0402326930239939,,,,,,,,
276,12518-12701,0.03494359338415075,none,2927,0.32618620282632627,0.17578125,0.17864990234375,1.0,1.32,2.4479415802091933,2.291358555273556,0.0,4.249327183804699,0.0,1-2125,grid,-0.01895521581172943,0.04347444698214531,-0.004924451932311058,0.0018236595205962658,0.013006751124317702,0.0301058027945471,,,,,,,,
277,12684-1901,0.05244476512110306,none,1695,0.2219332125499163,0.17578125,0.10345458984375,1.0,1.32,2.5039608781336704,3.3677228291830987,0.0,6.388368342933423,0.0,1-212813,grid,-0.013265758752822876,0.0463566817343235,0.006312889512628317,-0.0015374966897070408,0.017744468394338863,0.04235336822177028,,,,,,,,
278,12684-12702,0.05791690848102538,none,8702,0.20227420977492794,0.17578125,0.5311279296875,1.0,1.32,2.5223164637546196,3.695031350214871,0.0,7.060635158133659,0.0,1-212861,grid,-0.02458338439464569,0.031203433871269226,-0.020065646152943373,-0.004308937815949321,0.010227601536711815,0.04355055506308457,,,,,,,,
279,9511-6102,0.029314644784673376,none,1394,0.3861909932947554,0.17578125,0.0850830078125,0.2159423828125,1.32,2.372227735035533,1.9353365548011294,0.0,3.4780750393389046,0.0,1-213422,grid,0.07625865936279297,-0.04720859229564667,0.020174693781882524,-0.008385343477129936,0.03365072954038593,0.027508260192038118,,,,,,,,
280,10511-12704,0.058949490058524574,none,10176,0.19897436086107026,0.17578125,0.62109375,1.0,1.32,2.3409911245010475,3.7563108293141414,0.0,6.661735085069373,0.0,1-213726,grid,-0.04544434696435928,0.024273894727230072,-0.02167511358857155,0.00758772948756814,0.014267678114431586,0.035698293591766586,,,,,,,,
281,10512-12703,0.06778030354956636,none,8403,0.17486504409778214,0.17578125,0.51287841796875,1.0,1.32,2.6500727558248713,4.274207863067,0.0,8.581031674732044,0.0,1-214751,grid,-0.09179176390171051,0.06064357981085777,-0.08551870193332434,0.009873499860987067,0.010382935431396793,0.04439623939848642,,,,,,,,
282,8440-12705,0.04124676301365146,none,7657,0.2784386877663643,0.17578125,0.46734619140625,1.0,1.32,2.7341920392198995,2.684287706044081,0.0,5.560119755183008,0.0,1-216973,grid,-0.0228043794631958,0.04705248028039932,-0.016879988368600607,0.005939563736319542,0.012699523345381655,0.04243409747051455,,,,,,,,
283,8440-12704,0.027015141271667688,none,3129,0.4179003393986288,0.17578125,0.19097900390625,0.68218994140625,1.32,2.6814099196888317,1.7884875315819149,0.0,3.633081976078438,0.0,1-217018,grid,-0.012914605438709259,-0.018424250185489655,-0.012657396029680967,0.010002245660871267,0.011794830573039726,0.017767939116951147,,,,,,,,
284,8250-1902,0.02464093764454088,none,414,0.4568512077147144,0.17578125,0.0252685546875,0.1173095703125,1.32,2.4827484415022836,1.6360021246239673,0.0,3.0771073675792264,0.0,1-217324,grid,0.037405114620923996,0.0031217187643051147,0.006422596983611584,0.0037451894022524357,0.03050639286142771,0.007564841528257024,,,,,,,,
285,8461-6103,0.024675937698011286,none,1365,0.456222556250092,0.17578125,0.08331298828125,0.73187255859375,1.32,2.6113415564017712,1.6382564522929535,0.0,3.2409448135726704,0.0,1-217400,grid,-0.025639347732067108,0.02190975472331047,-0.005154245998710394,0.015795109793543816,0.013872617687879552,0.01653133630150203,,,,,,,,
286,8458-6101,0.04202416420130557,none,2094,0.2735424536493268,0.17578125,0.1278076171875,0.555908203125,1.32,2.596587266591408,2.732334730814599,0.0,5.374807250074734,0.0,1-217479,grid,0.03811310976743698,0.028690721839666367,0.00502112228423357,0.0059848325327038765,0.015804523178619016,0.028974998890137195,,,,,,,,
287,8726-12702,0.08512653004980521,none,14139,0.1420905270358109,0.17578125,0.86297607421875,1.0,1.32,2.6226144684574413,5.260094124852738,0.0,10.45090830097483,0.0,1-217637,grid,-0.03995758295059204,0.03361733257770538,-0.007047074846923351,0.030928445979952812,0.033182807886876775,0.014537034148172884,,,,,,,,
288,8940-3703,0.07152010926295564,none,6696,0.16645193061542404,0.17578125,0.40869140625,1.0,1.32,2.540251967275389,4.490242580514956,0.0,8.641172385376391,0.0,1-218243,grid,-0.03332791477441788,0.02291657030582428,-0.011736529879271984,0.018084511626511812,0.02950531099004072,0.009655828600339601,,,,,,,,
289,9509-1901,0.02542423884120857,none,427,0.443196166611392,0.17578125,0.02606201171875,0.167236328125,1.32,2.5726109225709064,1.6864079673181145,0.0,3.286720876237259,0.0,1-218245,grid,0.025156188756227493,-0.022389449179172516,-0.0016549206338822842,0.002613149583339691,0.020913994672968353,0.031212483030577876,,,,,,,,
290,8942-1901,0.046131670476439665,none,1544,0.25041353077408546,0.17578125,0.09423828125,0.51153564453125,1.32,2.473067982147142,2.98470112277034,0.0,5.5919460477287535,0.0,1-218293,grid,0.028062257915735245,-0.00447339192032814,-0.0022221836261451244,-0.007171515142545104,0.02401902726130048,0.026996059065122383,,,,,,,,
291,9509-9101,0.11002116808193013,none,14027,0.11314938304588242,0.17578125,0.85614013671875,1.0,1.32,2.563499347720072,6.605511460501921,0.0,12.828200242692525,0.0,1-218306,grid,-0.045866869390010834,0.01294967532157898,-0.0029066717252135277,0.010371501091867685,0.03784284020620407,0.010330441100235075,,,,,,,,
292,11746-6101,0.06555234014585419,none,7154,0.18033415523928523,0.17578125,0.4366455078125,0.97900390625,1.32,2.452722228076478,4.144581183007518,0.0,7.701141207295486,0.0,1-218690,grid,0.013778917491436005,-0.03291109949350357,0.01987407635897398,-0.020713013131171465,0.017639856164229094,0.011182461351953653,,,,,,,,
293,11746-3704,0.02998027080156592,none,1196,0.3779202908930457,0.17578125,0.072998046875,0.54547119140625,1.32,2.4535942917327658,1.9776909694161426,0.0,3.6760994495233996,0.0,1-218723,grid,0.00439850240945816,0.032244615256786346,-0.012710150331258774,-0.0020973500795662403,0.008519208821219888,0.022217503206596958,,,,,,,,
294,7992-3704,0.03662515595311349,none,822,0.3118399293433098,0.17578125,0.0501708984375,0.998291015625,1.32,2.509251498756287,2.396773075315388,0.0,4.556141235919585,0.0,1-22333,grid,0.0030653923749923706,-0.001470182090997696,-0.020924369804561138,-0.006773434579372406,0.02252098517354992,0.017435502394231975,,,,,,,,
295,11983-1901,0.034344707469218624,none,754,0.33163501218260405,0.17578125,0.0460205078125,0.218017578125,1.32,2.4237645820690754,2.253711215650419,0.0,4.138231380837367,0.0,1-22648,grid,-0.00614657998085022,0.019366782158613205,-0.010346558876335621,0.006353200878947973,0.019280087943828277,0.01812601169250374,,,,,,,,
296,8610-6101,0.023362535691496104,none,1265,0.48110429816759726,0.17578125,0.07720947265625,0.54266357421875,1.32,2.8403127729476854,1.5535291397416093,0.0,3.342809589965547,0.0,1-22865,grid,0.010241605341434479,-0.01593734323978424,0.002855953760445118,-0.017090957146137953,0.010822064610260041,0.012451531404609023,,,,,,,,
297,8610-12702,0.03049334658540388,none,4522,0.3717915965335158,0.17578125,0.2760009765625,1.0,1.32,2.7747091357131626,2.010291661852883,0.0,4.225738363326659,0.0,1-22876,grid,0.028537865728139877,-0.02544478327035904,0.0155492490157485,-0.018840015400201082,0.022377315659567954,0.010132279564437817,,,,,,,,
298,8610-3702,0.027518842041183215,none,938,0.4105010938252124,0.17578125,0.0572509765625,0.63970947265625,1.32,2.800460940759325,1.820724859691941,0.0,3.8627794344218045,0.0,1-22887,grid,0.0012869909405708313,0.011824209243059158,-0.0026724115014076233,0.014248780440539122,0.008023269749316435,0.01368475771385634,,,,,,,,
299,8086-9101,0.03980686081387896,none,5129,0.2880129362167163,0.17578125,0.31304931640625,1.0,1.32,2.5719758640887913,2.5950554731191215,0.0,5.056378820328711,0.0,1-228997,grid,0.007080823183059692,0.016379140317440033,0.015467156190425158,-0.011281353188678622,0.01619187365812695,0.019008831124208043,,,,,,,,
300,8086-9102,0.03578805467425415,none,4351,0.3188130788586281,0.17578125,0.26556396484375,1.0,1.32,2.647026909696164,2.344350329459737,0.0,4.7011806119962065,0.0,1-229060,grid,-0.005833223462104797,-0.009410612285137177,-0.0025038914754986763,-0.0060452737379819155,0.01327136411614222,0.013059608413642993,,,,,,,,
301,8610-12701,0.07173690959416662,none,13152,0.16599115896451663,0.17578125,0.802734375,1.0,1.32,2.800093899772648,4.502706958134254,0.0,9.551516883284528,0.0,1-22911,grid,-0.0352134183049202,0.057870980352163315,-0.013157716020941734,0.002855675993487239,0.025944401005536764,0.03613150874032723,,,,,,,,
302,9497-9101,0.016865525765860992,none,292,0.6611974309599301,0.17578125,0.017822265625,0.07708740234375,1.32,2.468988012772526,1.1303878561252192,0.0,2.1143288383006067,0.0,1-229538,grid,0.011769525706768036,0.00922984629869461,-0.001761940773576498,0.004536840599030256,0.01496188581450053,0.005548768170689451,,,,,,,,
303,9497-12701,0.06323889661155202,none,7868,0.18642155273200398,0.17578125,0.480224609375,1.0,1.32,2.3965794539554612,4.009244293403991,0.0,7.279145832924381,0.0,1-229567,grid,0.0019482821226119995,-0.03347908705472946,0.012401998043060303,-0.026734701823443174,0.027075885167912022,0.012150163422717375,,,,,,,,
304,9496-12702,0.04484726851422853,none,3229,0.2571902869459291,0.17578125,0.19708251953125,1.0,1.32,2.4013401595303785,2.9060566607456337,0.0,5.286689822211543,0.0,1-229614,grid,-0.017754986882209778,0.06988949328660965,-0.005000583361834288,-0.0010947547852993011,0.01739482377616399,0.03923830657294111,0.33298743,0.34142438,0.32558817,0.99365765,0.3333995,0.34075582,0.32584462,0.99383456
305,9496-12701,0.02855694362711546,none,2636,0.3960751592210387,0.17578125,0.160888671875,1.0,1.32,2.4284592894732975,1.8870396919822718,0.0,3.4716659618175583,0.0,1-229615,grid,-0.02015271782875061,-0.007557295262813568,-0.020127386320382357,-0.007795372977852821,0.013655998505162421,0.015891648722436598,,,,,,,,
306,9496-12703,0.04491476861735003,none,6198,0.25682448714216577,0.17578125,0.3782958984375,1.0,1.32,2.4927193798054996,2.9101958102794456,0.0,5.495682950994198,0.0,1-229705,grid,0.004978921264410019,0.06368228793144226,0.017041279934346676,0.03530653612688184,0.023076901846253852,0.026115764003692934,,,,,,,,
307,10221-12701,0.04170336371121111,none,3600,0.2755407870025848,0.17578125,0.2197265625,1.0,1.32,2.641589250181884,2.712518733029847,0.0,5.428303277339868,0.0,1-229777,grid,-0.0013075768947601318,0.027956226840615273,0.014205060433596373,0.00578807108104229,0.019597117416583768,0.02094421835465201,,,,,,,,
308,8940-12705,0.04635057081085886,none,3752,0.2492960555167779,0.17578125,0.22900390625,1.0,1.32,2.517497847959392,2.9980801136582627,0.0,5.717924419806459,0.0,1-229888,grid,0.0025445744395256042,0.055948227643966675,0.007219898514449596,0.0030592335388064384,0.017091309906675105,0.032275545272692864,,,,,,,,
309,9509-12703,0.045242369117833026,none,9906,0.2550646535335014,0.17578125,0.6046142578125,1.0,1.32,2.561740858973154,2.9302748777777228,0.0,5.6868218806255735,0.0,1-230042,grid,-0.007921978831291199,0.05353058874607086,-0.007287883199751377,0.01667001098394394,0.012526073299347034,0.033896203431102556,,,,,,,,
310,9509-9102,0.04557236962198258,none,3476,0.2533175252896561,0.17578125,0.212158203125,0.95501708984375,1.32,2.5859892078012923,2.9504849520524568,0.0,5.780244124081642,0.0,1-230045,grid,0.01758972927927971,0.05792050063610077,0.008764639962464571,0.030086340848356485,0.008288318548498137,0.023926040773539232,,,,,,,,
311,9509-6104,0.021089632219127928,none,1069,0.5314869525563389,0.17578125,0.06524658203125,0.5750732421875,1.32,2.5752283024461997,1.4062613256325815,0.0,2.743518156367072,0.0,1-230149,grid,-0.0029578059911727905,-0.038946934044361115,-0.005339933559298515,-0.0076112523674964905,0.012597659480056353,0.020888194796188215,,,,,,,,
312,9510-6102,0.055228484373856544,none,4871,0.21144520966899402,0.17578125,0.29730224609375,0.990966796875,1.32,2.361532951032166,3.534766985869896,0.0,6.323839932842734,0.0,1-230406,grid,0.03578050434589386,-0.021956458687782288,0.02027851901948452,-0.033529652282595634,0.01711589150237021,0.02625021907957183,,,,,,,,
313,9510-12703,0.07846481987255365,none,13827,0.15295997784073703,0.17578125,0.84393310546875,1.0,1.32,2.360636223323786,4.886307889221231,0.0,8.73848136485487,0.0,1-230670,grid,-0.034236058592796326,0.005561076104640961,-0.016805578023195267,-0.013414106098935008,0.037855814845276094,0.012343009274801897,,,,,,,,
314,10502-12704,0.049253375245541575,none,3183,0.2354172879013533,0.17578125,0.19427490234375,0.98760986328125,1.32,2.5317073302366087,3.174828633534698,0.0,6.08919463921581,0.0,1-230850,grid,0.07440260797739029,-0.015701912343502045,0.03406227007508278,-0.011995307635515928,0.02267226221733053,0.03498100840841273,,,,,,,,
315,11747-9101,0.050687740436855054,none,5361,0.22914662904188496,0.17578125,0.32720947265625,0.96453857421875,1.32,2.5446041909784136,3.2617086691756727,0.0,6.287695113132605,0.0,1-230917,grid,-0.01626976579427719,0.058236297219991684,-0.00964782852679491,0.015456254594027996,0.01306904276685028,0.033593977530914115,,,,,,,,
316,10502-12703,0.051315178395406814,none,5139,0.2265139447294157,0.17578125,0.31365966796875,1.0,1.32,2.4659539420308314,3.2996182524264595,0.0,6.1641716945211416,0.0,1-230972,grid,0.03303376957774162,0.021441582590341568,0.02121538994833827,-0.005507825408130884,0.008601805641565367,0.03522678084160234,,,,,,,,
317,10501-6103,0.05201227946038453,none,3388,0.22366351303114954,0.17578125,0.206787109375,0.9984130859375,1.32,2.5226774261541327,3.3416695299523735,0.0,6.386329006725715,0.0,1-231135,grid,0.06314603239297867,0.011665251106023788,0.026877766475081444,-0.009183783549815416,0.021654772460789094,0.031242199790679166,,,,,,,,
318,10500-12704,0.05817608887698138,none,10627,0.20143491584721257,0.17578125,0.64862060546875,1.0,1.32,2.3299465923487923,3.710426979924398,0.0,6.54931568032869,0.0,1-231628,grid,-0.010068565607070923,-0.0031349919736385345,-0.0037579243071377277,-0.003532601986080408,0.013476907100110114,0.018467573875352722,,,,,,,,
319,8152-3702,0.041635463607478516,none,1552,0.2759677020253312,0.17578125,0.0947265625,0.422119140625,1.32,2.457203355937394,2.708322535474434,0.0,5.041590320552007,0.0,1-232104,grid,0.003325164318084717,0.01018872857093811,-0.003910979256033897,-0.00392096396535635,0.008854564906757735,0.01962123406061384,,,,,,,,
320,10504-12704,0.026589040620703688,none,3051,0.42437859688993196,0.17578125,0.18621826171875,0.6744384765625,1.32,2.30980993503948,1.7611857712328232,0.0,3.0818215089725323,0.0,1-232143,grid,-0.016341328620910645,-0.012790240347385406,-0.01055193692445755,0.00422927550971508,0.008840420688182866,0.018264012197461873,,,,,,,,
321,11760-12703,0.04886282964889587,none,6828,0.2371884687462055,0.17578125,0.416748046875,1.0,1.32,2.6736517313730865,3.151120922569112,0.0,6.3825756896915635,0.0,1-233359,grid,-0.032559432089328766,0.021337836980819702,-0.02151134517043829,0.0016254743095487356,0.023261625053009206,0.035427961101290664,,,,,,,,
322,11018-3701,0.0308618591483892,none,1181,0.36751549263097094,0.17578125,0.07208251953125,1.0,1.32,2.3835116973174464,2.0336817398029687,0.0,3.672200163213084,0.0,1-233399,grid,-0.02229597419500351,0.0315791517496109,-0.007215740159153938,0.011050344910472631,0.014954761439181528,0.013549877752452586,,,,,,,,
323,11760-6103,0.02806613287729232,none,1809,0.4027626539016158,0.17578125,0.11041259765625,0.878662109375,1.32,2.694726227698883,1.855707174481153,0.0,3.7883506015176893,0.0,1-233531,grid,-0.0074333250522613525,0.0023805834352970123,-0.00010363012552261353,-0.018327105324715376,0.01901815978073653,0.011091402348631518,,,,,,,,
324,11019-6101,0.04839814393898456,none,2920,0.23933315613717582,0.17578125,0.17822265625,1.0,1.32,2.4255236001786407,3.1228834254369424,0.0,5.738354128033346,0.0,1-233546,grid,0.004693068563938141,0.017813824117183685,0.019692284055054188,-0.0059266488533467054,0.016073905193852857,0.02857304771230044,,,,,,,,
325,11760-9102,0.05307919409033513,none,5564,0.21944603935822277,0.17578125,0.339599609375,1.0,1.32,2.5193749264906016,3.405892166676246,0.0,6.500544944738547,0.0,1-233574,grid,-0.0035627856850624084,0.037540510296821594,-0.014933280646800995,0.0031408509239554405,0.0063424121148102355,0.038659002348295717,,,,,,,,
326,11760-12704,0.047697322868323705,none,4408,0.24264679250409305,0.17578125,0.26904296875,1.0,1.32,2.6214025445840896,3.080236663114723,0.0,6.117075929250105,0.0,1-233594,grid,0.01830543577671051,-0.002582050859928131,0.011463935021311045,-0.008903923910111189,0.013309360132296026,0.02437038257122653,,,,,,,,
327,11018-9101,0.036029353042891336,none,4421,0.3167697817056557,0.17578125,0.26983642578125,1.0,1.32,2.372646464275562,2.3594723664418074,0.0,4.241055884692458,0.0,1-233665,grid,0.00429680198431015,-0.025007568299770355,0.015823151916265488,-0.022796143544837832,0.009350902073334602,0.007113506477624448,,,,,,,,
328,11018-6101,0.03389548878293667,none,2012,0.33584854428670013,0.17578125,0.122802734375,1.0,1.32,2.427522370548505,2.225436313995946,0.0,4.092648815497094,0.0,1-234176,grid,0.0018746033310890198,0.021387681365013123,0.013392057735472918,0.004998122341930866,0.007904181247698589,0.014218893289574744,,,,,,,,
329,8319-3703,0.06888390523556466,none,5836,0.17228719528378741,0.17578125,0.356201171875,1.0,1.32,2.4476035531874865,4.338160739265519,0.0,8.04401336342783,0.0,1-234362,grid,0.029532335698604584,0.043859872967004776,0.03663355065509677,0.0025070817209780216,0.021144925528311372,0.046445056109852834,,,,,,,,
330,8319-12705,0.060759792824166756,none,7272,0.19346013129057055,0.17578125,0.44384765625,1.0,1.32,2.5394126713392144,3.8633776451630455,0.0,7.432356171436131,0.0,1-234618,grid,-0.059118546545505524,0.014630720019340515,-0.06584782619029284,-0.02644073311239481,0.010423709629879622,0.03244587894820665,,,,,,,,
331,11025-12701,0.08118264902464525,none,16384,0.1483095513406484,0.17578125,1.0,1.0,1.32,2.4563845369871484,5.039524020550721,0.0,9.37803702867886,0.0,1-23485,grid,-0.01591852307319641,0.062185391783714294,-0.017743839416652918,0.017422672361135483,0.038334239698215304,0.02539479671426314,,,,,,,,
332,8325-9101,0.06627960125690813,none,8643,0.1785084212179761,0.17578125,0.52752685546875,1.0,1.32,2.521109024942877,4.186970795879923,0.0,7.996825652019042,0.0,1-235186,grid,-0.07511836290359497,-0.010051846504211426,-0.05510177509859204,-0.021053406409919262,0.016251161531218822,0.026530602502685553,,,,,,,,
333,8325-12703,0.02808444290526498,none,3049,0.4025089738873963,0.17578125,0.18609619140625,0.96826171875,1.32,2.458848319991983,1.856876728088525,0.0,3.458922896433848,0.0,1-235398,grid,0.0204765647649765,0.0035817399621009827,0.0079030548222363,0.009109677048400044,0.009658402950778766,0.015440730008806528,,,,,,,,
334,8980-9101,0.027091841388844264,none,1831,0.41675587000788983,0.17578125,0.11175537109375,0.97320556640625,1.32,2.29285525689491,1.7933989662680658,0.0,3.115154732967903,0.0,1-235986,grid,0.0232696570456028,-0.020545169711112976,0.006803943309932947,0.008675642777234316,0.01872102173416059,0.024076902195982373,,,,,,,,
335,8980-1901,0.03127524777993275,none,611,0.3628386231034455,0.17578125,0.03729248046875,0.31915283203125,1.32,2.2553744360091805,2.0598952230209826,0.0,3.519571990044661,0.0,1-236032,grid,0.0113324373960495,0.012245163321495056,0.0010759052820503712,0.006160177756100893,0.016082531917312053,0.008394231343084462,,,,,,,,
336,8611-1902,0.02736254180239966,none,455,0.4127679494842222,0.17578125,0.02777099609375,0.24676513671875,1.32,2.4590506810834,1.810725729534549,0.0,3.3732320745963396,0.0,1-23729,grid,0.03952261805534363,-0.016192860901355743,0.001278188545256853,-0.013524518813937902,0.023737377774898746,0.015327908313448949,,,,,,,,
337,8611-12704,0.020317531039570767,none,2083,0.5511672982753109,0.17578125,0.12713623046875,0.896484375,1.32,2.4995896839268417,1.3560484244929991,0.0,2.5678520096726865,0.0,1-23745,grid,0.026589125394821167,-0.019342266023159027,0.01751244254410267,0.0029725106433033943,0.005714537840708967,0.017445739963757256,,,,,,,,
338,8611-9102,0.027566142113444655,none,1746,0.4098201588314686,0.17578125,0.1065673828125,0.92559814453125,1.32,2.505663143104411,1.8237500775691644,0.0,3.4618964784839887,0.0,1-23784,grid,-0.015936248004436493,0.0289445910602808,0.00043306732550263405,0.03230629954487085,0.014207447273760285,0.008119799601908022,,,,,,,,
339,11838-12703,0.021503508851417004,none,1998,0.5215194271669007,0.17578125,0.1219482421875,0.45892333984375,1.32,2.466498671971779,1.4331384556823157,0.0,2.6779046194637255,0.0,1-2386,grid,0.005849562585353851,-0.013193406164646149,-0.007796629332005978,0.01121202576905489,0.023995987782402986,0.015347841655260827,,,,,,,,
340,7990-12702,0.028364343332875453,none,2343,0.3986718182163976,0.17578125,0.14300537109375,1.0,1.32,2.494637626948282,1.874748884438596,0.0,3.5430447789392714,0.0,1-23877,grid,0.010643109679222107,0.00041653960943222046,-0.001887305174022913,-0.0070686794351786375,0.01558737343312966,0.013349150559683517,,,,,,,,
341,7991-1902,0.02816584302962187,none,486,0.4013851927858922,0.17578125,0.0296630859375,0.20196533203125,1.32,2.3273298706037666,1.8620755321609062,0.0,3.283078793423092,0.0,1-24099,grid,0.04170931503176689,-0.03268013149499893,0.0032169702462852,-0.0023125060833990574,0.03517606459144124,0.012710201885933107,,,,,,,,
342,11013-12702,0.03998452108529474,none,7691,0.28679431862623145,0.17578125,0.46942138671875,1.0,1.32,2.3759710625567116,2.6060821219836283,0.0,4.690890688242038,0.0,1-244372,grid,-0.01267695426940918,0.05294468626379967,-0.0025060828775167465,0.01644287956878543,0.013030579172072574,0.023092139981190543,,,,,,,,
343,8626-3703,0.029419444944779043,none,1107,0.3848639730460326,0.17578125,0.06756591796875,0.622802734375,1.32,2.5096714465394943,1.9420096418557273,0.0,3.692277384143718,0.0,1-24440,grid,0.005211599171161652,0.012358292937278748,-0.009151181671768427,0.010273896623402834,0.018501271046117984,0.01633625264223971,,,,,,,,
344,8626-12703,0.06927680583580817,none,13390,0.17138929547343185,0.17578125,0.8172607421875,1.0,1.32,2.487018198261568,4.360888142947987,0.0,8.216369827344497,0.0,1-24482,grid,0.036527879536151886,0.06803739070892334,0.037415951024740934,-0.0002587600611150265,0.011700232974081674,0.04025566686348135,,,,,,,,
345,11012-6101,0.041673863666143195,none,2193,0.27572609453790115,0.17578125,0.13385009765625,0.54693603515625,1.32,2.6194130496778074,2.710695727623849,0.0,5.37911497169984,0.0,1-245002,grid,-0.01848091185092926,-0.006503008306026459,-0.001710229553282261,-0.015839796047657728,0.014035120636157411,0.013175050983385237,,,,,,,,
346,8591-12702,0.04282746542852778,none,4466,0.26866994022987556,0.17578125,0.2725830078125,1.0,1.32,2.490424533490686,2.781887492954404,0.0,5.248546107473139,0.0,1-245054,grid,-0.03482527285814285,0.036338865756988525,-0.006534317042678595,0.00170432822778821,0.020906085325784522,0.018481681843491,,,,,,,,
347,11012-6102,0.042262231565006705,none,2190,0.2720791045290194,0.17578125,0.1336669921875,0.5616455078125,1.32,2.6812266985672193,2.7470303085277203,0.0,5.579856821968083,0.0,1-245268,grid,0.00017303228378295898,0.017370406538248062,0.008136050309985876,0.008542302530258894,0.008335747524045908,0.01083902498736482,0.33663365,0.3346404,0.32872596,0.9954683,0.33663833,0.33462375,0.3287379,0.99546516
348,8309-9102,0.08319672710159978,none,15149,0.1450597464791125,0.17578125,0.92462158203125,1.0,1.32,2.559746551188506,5.152425566702059,0.0,9.991593617137179,0.0,1-245472,grid,-0.06230388581752777,0.008593328297138214,0.008177850395441055,0.009128582663834095,0.04123769576384286,0.025073983065744213,,,,,,,,
349,9196-1902,0.024214036992354696,none,398,0.46466525754592125,0.17578125,0.0242919921875,0.24591064453125,1.32,2.582907135984352,1.6084902719124299,0.0,3.1474098496091094,0.0,1-24553,grid,0.009640075266361237,-0.019527748227119446,-0.006196246948093176,0.004097407683730125,0.02004703408564797,0.027774116050594072,,,,,,,,
350,9196-6101,0.09894345115824105,none,14176,0.12422338520307451,0.17578125,0.865234375,1.0,1.32,2.577600723885548,6.016657372816466,0.0,11.74889424207806,0.0,1-24557,grid,0.006323300302028656,0.03293253108859062,0.0077531905844807625,-0.0034018061123788357,0.05566933584520629,0.027779925191917472,,,,,,,,
351,8547-6102,0.030466246544002505,none,2137,0.37211014155075245,0.17578125,0.13043212890625,0.9954833984375,1.32,2.521129723690152,2.008570750970404,0.0,3.8362631987925258,0.0,1-245670,grid,-0.0060771554708480835,-0.003957182168960571,0.001203599851578474,-0.003127066418528557,0.012112301227116309,0.015701691502372474,,,,,,,,
352,8595-12702,0.04636367083087207,none,8232,0.24922951545237707,0.17578125,0.50244140625,1.0,1.32,2.32473020173135,2.9988805503299774,0.0,5.281506202073355,0.0,1-245980,grid,-0.00042135268449783325,0.015161357820034027,0.004042305983603001,0.006301679648458958,0.016384086948043258,0.021120781170575666,,,,,,,,
353,9196-6103,0.02987974564799127,none,2009,0.3791457310148766,0.17578125,0.12261962890625,1.0,1.32,2.6060839567701355,1.9712988577180417,0.0,3.8919472174986987,0.0,1-24603,grid,-0.028314784169197083,0.017187658697366714,-0.017911161296069622,-0.007657675072550774,0.015231191316516067,0.013345122714010726,,,,,,,,
354,9196-3702,0.07975992185111144,none,7231,0.1507043364559777,0.17578125,0.44134521484375,1.0,1.32,2.621850080922964,4.959442866971676,0.0,9.850693698562502,0.0,1-24641,grid,-0.04635927081108093,0.06740312278270721,-0.025179144460707903,0.010261394083499908,0.03673239865355997,0.044947016483690885,,,,,,,,
355,8592-6101,0.025994639712623415,none,1644,0.43377048481370006,0.17578125,0.100341796875,0.7183837890625,1.32,2.4237539706422577,1.7230530260243566,0.0,3.1638307677679474,0.0,1-246437,grid,-0.006371840834617615,-0.0005587488412857056,0.00503132538869977,0.012301274575293064,0.010152477490652288,0.015937154118144153,,,,,,,,
356,9865-1902,0.030266446238762873,none,555,0.3744762883578588,0.17578125,0.03387451171875,0.2318115234375,1.32,2.637658944715764,1.995879498100705,0.0,3.9882192505607073,0.0,1-246484,grid,0.01706850528717041,-0.05263450741767883,-0.0004368303343653679,-0.0023086704313755035,0.01808100090819107,0.039152954639683143,,,,,,,,
357,9196-12704,0.060900393038965016,none,7127,0.19304559574688818,0.17578125,0.43499755859375,1.0,1.32,2.6031676837330555,3.871673650810788,0.0,7.635314946781379,0.0,1-24652,grid,0.025317169725894928,0.01716567575931549,-0.016374527011066675,-0.017809048062190413,0.02539932257274245,0.03599868896613606,,,,,,,,
358,9196-12703,0.08185772505597481,none,14659,0.14720242604138808,0.17578125,0.89471435546875,1.0,1.32,2.5667625566754935,5.077426823442115,0.0,9.873143223235616,0.0,1-24660,grid,-0.02811090648174286,0.08155744522809982,-0.027740100864320993,0.01983006577938795,0.030523921742291116,0.03798518670530198,,,,,,,,
359,9865-3703,0.037361857078589154,none,1587,0.30596174210661914,0.17578125,0.09686279296875,0.82958984375,1.32,2.7551471309570856,2.4428202732544473,0.0,5.0987342934096915,0.0,1-246760,grid,-0.0022210627794265747,0.008654780685901642,0.00042195990681648254,-0.012066921684890985,0.006345607955289328,0.008961798831695294,,,,,,,,
360,8598-12702,0.05594778547274978,none,9965,0.2089050068747081,0.17578125,0.60821533203125,1.0,1.32,2.5589368614918304,3.577748363429896,0.0,6.935781945699114,0.0,1-246857,grid,0.009652804583311081,0.010331310331821442,0.013442955911159515,0.004506711382418871,0.01246863462174319,0.02413237746818267,,,,,,,,
361,12518-6102,0.08450973910751915,none,10962,0.14302474835882173,0.17578125,0.6690673828125,1.0,1.32,2.368483973230318,5.225735790726166,0.0,9.376569294447714,0.0,1-2469,grid,-0.00980599969625473,0.047064151614904404,0.01040333230048418,-0.012917882297188044,0.01720050106173141,0.05697766972591476,,,,,,,,
362,8596-12702,0.038333758563385945,none,7203,0.29855268472384094,0.17578125,0.43963623046875,1.0,1.32,2.446315310492519,2.503442724521625,0.0,4.639553231771482,0.0,1-247082,grid,0.000755801796913147,-0.014707304537296295,-0.0039098020642995834,-0.010913742240518332,0.011636375673447871,0.011918211935523726,,,,,,,,
363,8598-6104,0.06897940538146248,none,10203,0.17206800529042898,0.17578125,0.62274169921875,1.0,1.32,2.5456966397171095,4.343686934690534,0.0,8.377052449715759,0.0,1-247247,grid,-0.016761578619480133,0.0064819976687431335,0.008157492149621248,0.01673786249011755,0.013888646438077688,0.011544527320565523,,,,,,,,
364,8488-12705,0.036541755825701155,none,5853,0.31252032617692693,0.17578125,0.35723876953125,1.0,1.32,2.442400875326681,2.3915549929228206,0.0,4.425103036444388,0.0,1-247377,grid,0.03093203902244568,0.010177969932556152,0.023819361813366413,-0.0065887433011084795,0.012247020862523458,0.03131513628937111,,,,,,,,
365,8551-12704,0.029372044872364837,none,3009,0.38546299786024074,0.17578125,0.18365478515625,1.0,1.32,2.458018048598746,1.9389916817107569,0.0,3.610664052824148,0.0,1-247417,grid,-0.008809447288513184,0.03723827749490738,-0.012009223457425833,0.025300538633018732,0.009703737642008128,0.009999229357411649,,,,,,,,
366,8551-12702,0.07050550771292496,none,11593,0.16864601971657625,0.17578125,0.70758056640625,1.0,1.32,2.3595003687790643,4.431824407800328,0.0,7.921887367097677,0.0,1-247456,grid,-0.03063139319419861,0.008642300963401794,-0.0039550671353936195,0.0016467771492898464,0.020304611734438156,0.01443206797757868,,,,,,,,
367,8488-12702,0.06635110136614052,none,10089,0.17833108969796635,0.17578125,0.61578369140625,1.0,1.32,2.3646719814237667,4.1911342981426385,0.0,7.508074125153075,0.0,1-247614,grid,-0.009621575474739075,0.03583686798810959,0.030681581236422062,0.046891366597265005,0.03036444771952793,0.022427898599153253,,,,,,,,
368,9035-6102,0.10117315456461147,none,13583,0.12179874557363457,0.17578125,0.82904052734375,1.0,1.32,2.5214011221815906,6.1364305760147975,0.0,11.721517379206919,0.0,1-247674,grid,-0.0441717803478241,0.011178713291883469,0.004201045259833336,0.02349707344546914,0.03971845219159408,0.012161246368673283,,,,,,,,
369,9035-3701,0.03707425663921519,none,917,0.30822871420590725,0.17578125,0.05596923828125,0.25286865234375,1.32,2.492298657471866,2.4248537271547095,0.0,4.578378552085858,0.0,1-247714,grid,0.011524736881256104,-0.020145423710346222,-0.0033921864815056324,-0.005176186561584473,0.012681438979584654,0.0133726723696123,,,,,,,,
370,9035-3702,0.036887556353988764,none,916,0.309719285599981,0.17578125,0.055908203125,0.250244140625,1.32,2.474924033709566,2.4131837480201908,0.0,4.524580648282196,0.0,1-247755,grid,0.019544057548046112,-0.004678551107645035,0.00013694213703274727,0.02188333822414279,0.02603103819530868,0.026951235604525645,,,,,,,,
371,9037-1902,0.01980503025661125,none,259,0.5650780422542067,0.17578125,0.01580810546875,0.16839599609375,1.32,2.5233040330682184,1.322666057730248,0.0,2.528400452934224,0.0,1-247775,grid,0.008781462907791138,-0.0032903961837291718,-0.0007933387532830238,0.0005485187284648418,0.016374136452330566,0.013664974981280532,,,,,,,,
372,8551-6104,0.03650775577375848,none,813,0.3127985985751876,0.17578125,0.04962158203125,0.53607177734375,1.32,2.4070426730200003,2.3894274138783995,0.0,4.357161931279642,0.0,1-247817,grid,-0.004161320626735687,0.016829833388328552,-0.017109649255871773,-0.007764147594571114,0.018622029430568742,0.02253418945184457,,,,,,,,
373,8488-3701,0.03746355723395888,none,1267,0.30516843830866314,0.17578125,0.07733154296875,0.346923828125,1.32,2.3483163724759026,2.4491705321843584,0.0,4.357141863419733,0.0,1-247885,grid,0.02787570282816887,-0.013725772500038147,-0.0022815456613898277,-0.0012680655345320702,0.020557146552593237,0.013311477730004642,,,,,,,,
374,9196-9101,0.06186389451092891,none,9306,0.19025564137737833,0.17578125,0.5679931640625,1.0,1.32,2.5954410507893346,3.9284488020819666,0.0,7.7242858233694855,0.0,1-24814,grid,0.045944228768348694,-0.003955461084842682,0.018588092178106308,-0.006684903288260102,0.016167112563823808,0.020226477132799216,,,,,,,,
375,8313-12705,0.03153714818004416,none,4880,0.3599390808647239,0.17578125,0.2978515625,1.0,1.32,2.603608437545104,2.0764890121481345,0.0,4.095730539771652,0.0,1-248233,grid,-0.03285825997591019,0.02468816563487053,-0.027703655418008566,0.012914067134261131,0.010379639264454217,0.009111983693309648,,,,,,,,
376,8313-12702,0.033343350939422665,none,5500,0.3411830182433579,0.17578125,0.335693359375,1.0,1.32,2.597575887576558,2.190641111935965,0.0,4.310876159620274,0.0,1-248388,grid,0.004548579454421997,0.0459165945649147,-0.004163878969848156,-0.0011545796878635883,0.01267993366150274,0.022441142546840376,,,,,,,,
377,8314-12705,0.03114604758255057,none,3661,0.3642869871456874,0.17578125,0.22344970703125,1.0,1.32,2.3947937846851057,2.0517053115580834,0.0,3.722281157670239,0.0,1-248848,grid,0.027201469987630844,-0.05035403370857239,-0.00426434725522995,-0.039221471175551414,0.019933337422017333,0.007722514937812731,,,,,,,,
378,12674-9101,0.046610781208388415,none,2548,0.24798135864092694,0.17578125,0.155517578125,0.8468017578125,1.32,2.6124651511340407,3.0139747219488995,0.0,5.965078732947279,0.0,1-248992,grid,-0.0002593323588371277,0.028978876769542694,0.0037055225111544132,0.006957305129617453,0.013816827482212142,0.03915527376447877,,,,,,,,
379,12667-6101,0.03414063515745254,none,2501,0.33353539738002486,0.17578125,0.15264892578125,0.92242431640625,1.32,2.4289633196961766,2.2408702414476016,0.0,4.123478500511317,0.0,1-249009,grid,0.008689992129802704,-0.01676277071237564,0.007746073883026838,-0.001625168602913618,0.015272800272587577,0.01599969102195043,,,,,,,,
380,11940-9102,0.03291225228082309,none,3487,0.3454725500627086,0.17578125,0.21282958984375,1.0,1.32,2.5896852787926252,2.1634411947421923,0.0,4.244418040573776,0.0,1-249088,grid,-0.014931194484233856,-0.02590721845626831,-0.00958725530654192,-0.021492355037480593,0.009368613243940328,0.012372024946863229,,,,,,,,
381,12675-12702,0.05783506335598865,none,6848,0.20254081030867466,0.17578125,0.41796875,0.9981689453125,1.32,2.5530154064355046,3.690167652233823,0.0,7.137162779153701,0.0,1-249204,grid,0.056550972163677216,-0.050410449504852295,0.04053495544940233,-0.036933429073542356,0.01888176111654386,0.010975159803541386,,,,,,,,
382,12675-12701,0.03117946263359953,none,4603,0.3639112455641782,0.17578125,0.28094482421875,1.0,1.32,2.5884544788735484,2.0538237154490115,0.0,4.027446359902049,0.0,1-249206,grid,0.025196358561515808,-0.041392408311367035,0.03486588271334767,-0.031069615157321095,0.014893527492367073,0.006145012341803128,,,,,,,,
383,11950-6101,0.03575872162944138,none,2760,0.3190633496698914,0.17578125,0.16845703125,0.9774169921875,1.32,2.3010237375620513,2.342511439284961,0.0,4.083465475231318,0.0,1-250008,grid,-0.008346065878868103,0.01975100487470627,0.00582587905228138,-0.0006987305823713541,0.013198260017630973,0.015081082088553311,,,,,,,,
384,11951-9102,0.062463110426365175,none,12058,0.18856399329824816,0.17578125,0.7359619140625,1.0,1.32,2.663651876771269,3.9636917599434494,0.0,7.998405299481956,0.0,1-250343,grid,-0.018109388649463654,0.01265009120106697,-0.007200449705123901,-0.01293034479022026,0.027643740121725952,0.021585148331025445,,,,,,,,
385,11951-12701,0.05509547417065371,none,9139,0.21192220776360993,0.17578125,0.55780029296875,1.0,1.32,2.7397780395067013,3.526810872468831,0.0,7.320211346881495,0.0,1-250479,grid,-0.026391401886940002,0.04402638226747513,-0.011590230278670788,-0.007258764933794737,0.022496998918286867,0.040492909193412654,,,,,,,,
386,8327-12701,0.053492081721113305,none,4948,0.21785910401803407,0.17578125,0.302001953125,1.0,1.32,2.5250972926776485,3.4307014610526836,0.0,6.562768917643472,0.0,1-250806,grid,0.07842903584241867,-0.019439779222011566,0.043649159371852875,-0.02995563205331564,0.025801481563635504,0.03496230093576378,,,,,,,,
387,8327-3701,0.07814411938261194,none,7339,0.15353010715993684,0.17578125,0.44793701171875,0.99517822265625,1.32,2.4790430094596525,4.868162735532383,0.0,9.14271575638904,0.0,1-250810,grid,-0.08793482184410095,0.02948669157922268,-0.026301355566829443,0.018564444733783603,0.034902166982598584,0.03414451016174089,,,,,,,,
388,8327-12704,0.06444149844879517,none,10988,0.1832025024352383,0.17578125,0.670654296875,1.0,1.32,2.529921914732131,4.079690705767001,0.0,7.819165849885552,0.0,1-250870,grid,-0.0009414777159690857,0.031073082238435745,0.009785919915884733,-0.005806985776871443,0.00882741563872861,0.05140336170317408,,,,,,,,
389,8331-12704,0.02793134267137015,none,3860,0.40464037123415336,0.17578125,0.235595703125,1.0,1.32,2.4292694219069033,1.8470958401374993,0.0,3.399313214982931,0.0,1-250997,grid,-0.023282185196876526,0.029385332018136978,-0.012168613728135824,0.0078111616894602776,0.012456345848541597,0.013477442885348039,,,,,,,,
390,8332-12702,0.09293114197309468,none,14596,0.1313432311678033,0.17578125,0.890869140625,1.0,1.32,2.488276013034015,5.690506772316362,0.0,10.726932957244255,0.0,1-251115,grid,-0.010803788900375366,0.015374820679426193,0.0429693628102541,0.016158523969352245,0.035146939094560285,0.03253970784867698,,,,,,,,
391,8332-3704,0.042767165336405906,none,1148,0.2690293389143182,0.17578125,0.070068359375,0.32861328125,1.32,2.5446795140499163,2.7781711447327937,0.0,5.355723635247079,0.0,1-251198,grid,0.015507247298955917,0.006345197558403015,-0.00644938088953495,0.001106103416532278,0.0199928462071136,0.010876712570055735,,,,,,,,
392,8332-9102,0.03233174939397516,none,2599,0.3514294809207898,0.17578125,0.15863037109375,1.0,1.32,2.5031931193519594,2.1267696281484136,0.0,4.033117499718055,0.0,1-251307,grid,-0.012799300253391266,0.018605094403028488,-0.011159767396748066,0.010384712368249893,0.012135654597216395,0.01486500414394758,,,,,,,,
393,8335-12701,0.06332119673728386,none,9522,0.186197353783036,0.17578125,0.5811767578125,1.0,1.32,2.330410015279663,4.014071796794744,0.0,7.086691755531897,0.0,1-251762,grid,0.0451200008392334,0.0022754445672035217,0.06175502296537161,0.015111488290131092,0.012617843146711947,0.030756380454744367,,,,,,,,
394,8333-6102,0.10265615683022897,none,15756,0.12024461964220698,0.17578125,0.961669921875,1.0,1.32,2.560810451072433,6.215742115383185,0.0,12.058588916851768,0.0,1-251871,grid,-0.03676397353410721,-0.03081546723842621,-0.004994693212211132,-0.006403228268027306,0.025744396212367418,0.021318640182779867,,,,,,,,
395,8441-12701,0.031661748370398805,none,3117,0.358576456807254,0.17578125,0.19024658203125,1.0,1.32,2.4873557292170525,2.0843798645153493,0.0,3.927722877171907,0.0,1-252202,grid,0.026278428733348846,0.0020105652511119843,-0.0012753382325172424,-0.02608442259952426,0.01531639540243436,0.02765241714547406,,,,,,,,
396,8441-6104,0.028443243453413033,none,1882,0.39760382444312387,0.17578125,0.1148681640625,0.9493408203125,1.32,2.503729210732352,1.8797846009280852,0.0,3.5655087994155332,0.0,1-252508,grid,-0.006369046866893768,-0.003932483494281769,-0.017934396397322416,0.005525745451450348,0.013985504530928288,0.011770849104913345,,,,,,,,
397,8441-12704,0.028971644260663395,none,4221,0.3906013493353838,0.17578125,0.25762939453125,1.0,1.32,2.4784734292688233,1.9134842921818647,0.0,3.592818163254555,0.0,1-252522,grid,0.0161028653383255,-0.0038837529718875885,0.01278179744258523,-0.022725753486156464,0.014371235836581137,0.009762636093960324,,,,,,,,
398,8255-12705,0.05675238670195802,none,11779,0.20613994670674238,0.17578125,0.71893310546875,1.0,1.32,2.629144444732366,3.6257385256898975,0.0,7.221659320355842,0.0,1-255958,grid,-0.01962292194366455,0.03714432939887047,0.0053145866841077805,-0.003706160932779312,0.019727048578536927,0.03657143724591261,,,,,,,,
399,8255-12704,0.025189338482345763,none,1527,0.4472019394911071,0.17578125,0.09320068359375,1.0,1.32,2.6553148571604215,1.671302113109822,0.0,3.3619949482909983,0.0,1-256150,grid,0.002572782337665558,-0.027616776525974274,-0.00012483680620789528,-0.022592245135456324,0.010048448222230841,0.022646483210784944,,,,,,,,
400,8255-1901,0.03648725574244009,none,897,0.312966631187778,0.17578125,0.05474853515625,0.53448486328125,1.32,2.6399034257977263,2.3881445239759667,0.0,4.7761143258668435,0.0,1-256155,grid,-0.004579462110996246,0.013196945190429688,-0.00969920214265585,-0.007606381783261895,0.015182477031734132,0.01942810946651937,,,,,,,,
401,8258-12704,0.025028738236992976,none,3090,0.4499839535007713,0.17578125,0.1885986328125,1.0,1.32,2.460237154041823,1.6609693315586573,0.0,3.0957412585035002,0.0,1-256293,grid,-0.0005817338824272156,0.0026395097374916077,-0.004240542184561491,0.013314134906977415,0.011323640269795395,0.020041390034971934,,,,,,,,
402,8624-12702,0.030052845912440625,none,2795,0.3770406699010624,0.17578125,0.17059326171875,1.0,1.32,2.542458990475493,1.9823048443405924,0.0,3.818127858603683,0.0,1-25656,grid,0.016913972795009613,-0.02709432691335678,-0.0023809587582945824,-0.009626075625419617,0.01405563647853752,0.01523849158458464,,,,,,,,
403,8258-12703,0.06608080095319623,none,9725,0.17900349714807887,0.17578125,0.59356689453125,1.0,1.32,2.3477460881858265,4.175390751388566,0.0,7.426331290318019,0.0,1-256574,grid,0.013236694037914276,0.009523630142211914,0.002001776359975338,-0.02299914602190256,0.010736044106850912,0.036835549941667454,,,,,,,,
404,8466-12705,0.045258069141818326,none,3671,0.2549809549319451,0.17578125,0.22406005859375,1.0,1.32,2.311758630897831,2.931236753183323,0.0,5.133569593467032,0.0,1-257100,grid,-0.008022628724575043,0.026751646772027016,-0.016553346067667007,-0.005903698271140456,0.011966153625402261,0.02375850774094115,,,,,,,,
405,8624-9102,0.028360843327528418,none,2783,0.3987193320512192,0.17578125,0.16986083984375,0.9892578125,1.32,2.6567246122402115,1.8745254778925202,0.0,3.772801494991214,0.0,1-25740,grid,-0.0033269301056861877,0.029156344011425972,0.016588401049375534,0.0100562849547714,0.01699839515277471,0.009968935206261265,,,,,,,,
406,8624-12703,0.030702646905156908,none,3311,0.3693503433341491,0.17578125,0.20208740234375,1.0,1.32,2.6614629879176728,2.023578859332807,0.0,4.080060785793127,0.0,1-25746,grid,-0.005624309182167053,-0.018261656165122986,0.009191709570586681,-0.005180191248655319,0.013283378253758374,0.016750679541745556,,,,,,,,
407,8259-6102,0.042651965160411885,none,1804,0.26971877830365665,0.17578125,0.110107421875,0.8763427734375,1.32,2.534631851722311,2.7710697458997253,0.0,5.320940637349617,0.0,1-257627,grid,-0.03463498502969742,0.02252195030450821,-0.007562503684312105,0.0203707255423069,0.01621143710941737,0.016610795804545896,,,,,,,,
408,8259-1902,0.024211136987924292,none,413,0.46471928214988073,0.17578125,0.02520751953125,0.11187744140625,1.32,2.4802870341471306,1.60830328150069,0.0,3.0220104364260933,0.0,1-257652,grid,0.03859288617968559,-0.036317773163318634,0.007449743337929249,0.0014767767861485481,0.040447176128132215,0.03218474299662113,,,,,,,,
409,8260-9101,0.03754225735419091,none,4672,0.3045574957423471,0.17578125,0.28515625,1.0,1.32,2.355077845962105,2.4540835701203685,0.0,4.378452915250052,0.0,1-258373,grid,0.008065484464168549,0.010549716651439667,0.016038594767451286,-0.007343159755691886,0.009654489144351385,0.01586236928896327,,,,,,,,
410,8261-6103,0.06654140165686676,none,9294,0.17786097480688592,0.17578125,0.5672607421875,1.0,1.32,2.7415126286981537,4.2022121337736085,0.0,8.727589116067396,0.0,1-258380,grid,-0.024759486317634583,0.04681229963898659,-0.014562984928488731,-0.0021435697562992573,0.009805166849526389,0.04860607136879736,,,,,,,,
411,11755-12704,0.06542512995151219,none,8384,0.180657683922004,0.17578125,0.51171875,1.0,1.32,2.502417391390326,4.137158908673821,0.0,7.843104851523324,0.0,1-258555,grid,-0.019583269953727722,0.07435671985149384,-0.014508227352052927,0.03572079539299011,0.022001466388899174,0.034507977109291245,,,,,,,,
412,8262-12705,0.07472641416130317,none,10681,0.15991058930279792,0.17578125,0.65191650390625,1.0,1.32,2.582149082978785,4.6739215315068625,0.0,9.143001664011546,0.0,1-258631,grid,-0.017491601407527924,0.004848368465900421,-0.024705416057258844,-0.03091936418786645,0.00976871056658817,0.03784379884705138,,,,,,,,
413,8262-3703,0.06743940302876461,none,5785,0.17567842049150073,0.17578125,0.35308837890625,1.0,1.32,2.5927117113055225,4.2544186381414875,0.0,8.356425021140852,0.0,1-258667,grid,0.0018451958894729614,0.04194752871990204,0.022041579708456993,-0.0014241680037230253,0.013126332618669101,0.038651128729506566,,,,,,,,
414,8464-12702,0.05358598186456676,none,6093,0.21750161501246904,0.17578125,0.37188720703125,1.0,1.32,2.482278831242144,3.436340214832199,0.0,6.462086797139429,0.0,1-258988,grid,-0.006677806377410889,0.051800914108753204,-0.008047659881412983,0.026297383476048708,0.007564454926887172,0.03418826945789698,,,,,,,,
415,8341-9101,0.05121367824034263,none,8145,0.22693545449072783,0.17578125,0.49713134765625,1.0,1.32,2.5057689003008723,3.2934895436924156,0.0,6.252063387917095,0.0,1-259050,grid,-0.021703705191612244,0.040516555309295654,-0.011516121216118336,-0.006218811497092247,0.009720519727892646,0.03737968272309797,,,,,,,,
416,8341-3702,0.024225037009159685,none,799,0.4644604542386854,0.17578125,0.04876708984375,0.3609619140625,1.32,2.527154788578399,1.6091995338621565,0.0,3.0808305361953607,0.0,1-259058,grid,0.0031532980501651764,-0.004974186420440674,-0.0013752062804996967,-0.005390496924519539,0.02909838988306778,0.018864964300999394,,,,,,,,
417,8317-12703,0.07189850984104712,none,11088,0.1656495163740833,0.17578125,0.6767578125,1.0,1.32,2.597661654947693,4.511993531997019,0.0,8.879267110182319,0.0,1-259108,grid,-0.06514345109462738,0.02130088210105896,-0.05018756538629532,-0.010228392900899053,0.014992041376254511,0.046753865337611715,,,,,,,,
418,8317-12704,0.05432348299126461,none,12193,0.2147368746528284,0.17578125,0.74420166015625,1.0,1.32,2.509343322855224,3.4805831446818702,0.0,6.616650055871129,0.0,1-259142,grid,0.027530446648597717,0.05451086908578873,0.015747561119496822,0.02000297186896205,0.010867718142132976,0.02920675824320573,,,,,,,,
419,8317-9101,0.05024357675829575,none,6191,0.23105009204192734,0.17578125,0.37786865234375,1.0,1.32,2.5385373276216887,3.234837691917777,0.0,6.221027446765806,0.0,1-259175,grid,-0.01285068690776825,0.037254348397254944,-0.005412199068814516,0.006160735618323088,0.011889793237426649,0.03663214918878807,,,,,,,,
420,7991-12705,0.11315317286676763,none,15992,0.11041313307761279,0.17578125,0.97607421875,1.0,1.32,2.281032793660574,6.769208749224796,0.0,11.697566018269569,0.0,1-25937,grid,-0.030273638665676117,0.05012504756450653,-0.031918753404170275,-0.004915035329759121,0.04511137610958823,0.03148532147489801,,,,,,,,
421,8330-9102,0.02411053683423507,none,1624,0.4666014236195906,0.17578125,0.09912109375,1.0,1.32,2.7044284922175432,1.6018158295797311,0.0,3.281815430909473,0.0,1-260481,grid,0.012538343667984009,-0.050697386264801025,0.006309927441179752,-0.027215739712119102,0.011046961253939119,0.02444544640724562,,,,,,,,
422,12066-12701,0.060273594081389464,none,10989,0.19490853072636413,0.17578125,0.67071533203125,1.0,1.32,2.477174690082878,3.834668209097532,0.0,7.196320479122609,0.0,1-26079,grid,-0.01519717276096344,0.045373380184173584,-0.0019109584391117096,-0.0102096451446414,0.024520759977841696,0.044478766892213056,,,,,,,,
423,8336-3703,0.024966438141815657,none,841,0.4510727903550191,0.17578125,0.05133056640625,0.16058349609375,1.32,2.427805949820025,1.6569599462429234,0.0,3.0475584970469987,0.0,1-260946,grid,0.024353552609682083,-0.025657400488853455,-0.005140760913491249,-0.007788131013512611,0.027283940991525753,0.02616289950658448,,,,,,,,
424,12066-9101,0.07359608243446877,none,6739,0.16215146573261568,0.17578125,0.41131591796875,1.0,1.32,2.4722565901004483,4.609329573935277,0.0,8.632913193262407,0.0,1-26135,grid,0.05495934933423996,0.03921404853463173,0.07453169813379645,-0.0003343846183270216,0.023274412068094007,0.04445473948108884,,,,,,,,
425,8334-3704,0.046151370506535866,none,2120,0.2503125287138077,0.17578125,0.12939453125,0.37896728515625,1.32,2.321255560144422,2.9859054610600064,0.0,5.25079519208419,0.0,1-261360,grid,0.04303682595491409,-0.01428859680891037,0.0048361835069954395,-0.008924310561269522,0.02143177210542069,0.015173353430409178,,,,,,,,
426,12066-3703,0.027504866019831726,none,973,0.4107027419137978,0.17578125,0.05938720703125,0.64398193359375,1.32,2.4700026352976012,1.8198309146306393,0.0,3.405293299192214,0.0,1-26172,grid,-0.006585299968719482,-0.01716061681509018,0.0008416278287768364,-0.003638685215264559,0.022970813533179243,0.012929796165192782,,,,,,,,
427,9024-9101,0.06568390034684181,none,10867,0.1800008834851935,0.17578125,0.66326904296875,1.0,1.32,2.169256932423309,4.152254877792188,0.0,6.823717938514548,0.0,1-262322,grid,-0.047625333070755005,0.0052790455520153046,-0.021730503998696804,-0.006001223810017109,0.02103083242034197,0.022652273094790898,,,,,,,,
428,8652-12703,0.03008874596728598,none,4556,0.37660712510998046,0.17578125,0.278076171875,1.0,1.32,2.3947253016443963,1.9845868456153937,0.0,3.6004093428074424,0.0,1-26406,grid,-0.006987705826759338,0.022829342633485794,-0.003313397988677025,0.022160480730235577,0.006627715565740774,0.012967893216391066,,,,,,,,
429,9041-1901,0.031618548304401056,none,737,0.3590476748043404,0.17578125,0.04498291015625,0.32568359375,1.32,2.504758101317098,2.0816443021545585,0.0,3.9500116893047026,0.0,1-264158,grid,0.04869488626718521,-0.03136613219976425,0.029936129227280617,-0.02347971871495247,0.017745584721329907,0.028731160826117073,,,,,,,,
430,9887-12705,0.07485281435440773,none,14117,0.15966421689239102,0.17578125,0.86163330078125,1.0,1.32,2.495483942947016,4.681133700496149,0.0,8.849768169982035,0.0,1-264375,grid,-0.04724743962287903,-0.030760236084461212,-0.010726540349423885,-0.029973000055179,0.03554463617271832,0.014764563015891944,,,,,,,,
431,9887-3702,0.030724346938308555,none,1304,0.36909914039574687,0.17578125,0.07958984375,0.65777587890625,1.32,2.528293307170229,2.024956074557443,0.0,3.8785476444070306,0.0,1-264427,grid,-0.02205660194158554,0.018367260694503784,-0.020262121222913265,0.0022133197635412216,0.013995576505634967,0.017789432902178017,,,,,,,,
432,12067-6101,0.045543019577143816,none,4608,0.2534718873010691,0.17578125,0.28125,1.0,1.32,2.407893864538049,2.948688134280308,0.0,5.378884899219471,0.0,1-26458,grid,-0.00518595427274704,0.046142950654029846,0.011747417971491814,0.015328716486692429,0.015485903679248826,0.021818182508282467,,,,,,,,
433,9887-3703,0.09330324254156148,none,10707,0.1308758617727399,0.17578125,0.65350341796875,1.0,1.32,2.487644461783984,5.710828080399893,0.0,10.762507459399433,0.0,1-264944,grid,-0.02640864998102188,-0.025675348937511444,-0.021212049759924412,-0.009535090532153845,0.0114918030539283,0.026992245130744667,,,,,,,,
434,9093-12701,0.05140407853122165,none,6274,0.22614612900932235,0.17578125,0.3829345703125,1.0,1.32,2.523425686813392,3.3049849216189227,0.0,6.318093822533435,0.0,1-265338,grid,0.006775569170713425,0.037613797932863235,0.030612190254032612,0.01887848717160523,0.016707149009045737,0.031048774334893545,,,,,,,,
435,9088-3703,0.04776517297197991,none,1878,0.24232172761502146,0.17578125,0.1146240234375,0.4051513671875,1.32,2.4007298928736835,3.08436867718983,0.0,5.609648548464307,0.0,1-265618,grid,0.051929086446762085,-0.028779245913028717,0.017469382379204035,-0.008734170347452164,0.02218718394074173,0.029175653262080797,,,,,,,,
436,9088-12701,0.06901190543111357,none,10069,0.17199355041823708,0.17578125,0.61456298828125,1.0,1.32,2.469335183972481,4.3455672880804,0.0,8.129289544527886,0.0,1-265639,grid,-0.019195526838302612,-0.029897667467594147,-0.019100909121334553,-0.035421598702669144,0.01844286528556427,0.01819258782710022,,,,,,,,
437,9091-1902,0.030734746954196906,none,615,0.36897887398458934,0.17578125,0.03753662109375,0.38812255859375,1.32,2.3488476168202452,2.025616096626481,0.0,3.6044420766316945,0.0,1-265713,grid,0.015587080270051956,-0.009047135710716248,-0.004443868063390255,-0.015598699450492859,0.017809475217982318,0.01606897512980257,,,,,,,,
438,9088-6102,0.031197747661533996,none,1684,0.3637059771050296,0.17578125,0.102783203125,0.97479248046875,1.32,2.4662049722069077,2.054982852928106,0.0,3.839400704311538,0.0,1-265769,grid,-0.01598098874092102,-0.022814609110355377,0.00015803612768650055,-0.014416806399822235,0.009737021407024609,0.007212914671573302,,,,,,,,
439,9091-6104,0.031875748697332146,none,2281,0.35626102376456986,0.17578125,0.13922119140625,1.0,1.32,2.39190546226211,2.097926791318641,0.0,3.8015473875614223,0.0,1-265783,grid,0.0035939812660217285,0.002197232097387314,-0.014969626441597939,-0.001277268398553133,0.014036026749744957,0.011935523975732665,,,,,,,,
440,8329-6103,0.03126724776771095,none,2284,0.3629279573412592,0.17578125,0.139404296875,0.95269775390625,1.32,2.4604685739099748,2.059388182529881,0.0,3.8386817459063263,0.0,1-265988,grid,-0.0036857575178146362,-0.035305529832839966,0.0001160111278295517,-0.014591259881854057,0.012724201687747915,0.012688066219742996,,,,,,,,
441,8329-3702,0.0403451616362538,none,1591,0.28435361549194177,0.17578125,0.09710693359375,0.295166015625,1.32,2.3689801460004345,2.6284510051516428,0.0,4.717233519650853,0.0,1-266045,grid,0.01788432151079178,-0.00919456034898758,-0.00349063565954566,-0.01089702919125557,0.01907654251198995,0.020547809840216383,,,,,,,,
442,8333-12703,0.03501455349255817,none,4150,0.32555294647462996,0.17578125,0.2532958984375,1.0,1.32,2.6014063832768337,2.295815640902341,0.0,4.524507168992534,0.0,1-266112,grid,0.023431453853845596,-0.029642276465892792,0.010797097813338041,-0.01921024126932025,0.010909950356043472,0.015050635386922452,,,,,,,,
443,12067-12704,0.08938373655363986,none,15783,0.13599485635967104,0.17578125,0.96331787109375,1.0,1.32,2.434235262137958,5.495866288366041,0.0,10.135023875102934,0.0,1-26670,grid,-0.024586021900177002,0.03134087845683098,-0.022473507560789585,-0.0009966790676116943,0.008789656830908509,0.027747877711615788,,,,,,,,
444,9032-3703,0.05390958235893886,none,2914,0.21627917995170723,0.17578125,0.1778564453125,1.0,1.32,2.3233094602884377,3.4557628090932586,0.0,6.082429111272206,0.0,1-268956,grid,0.02547503262758255,0.04949452728033066,0.004904469009488821,0.0019857636652886868,0.026067379472944935,0.02653134785326238,,,,,,,,
445,9028-12705,0.06101649321633399,none,8676,0.192704736275623,0.17578125,0.529541015625,1.0,1.32,2.2513980958766178,3.8785219341432695,0.0,6.615224922231707,0.0,1-269070,grid,-0.007793635129928589,0.041991256177425385,0.01709534553810954,0.017958253156393766,0.01596299127334439,0.01936054263688704,,,,,,,,
446,9030-12702,0.047118171983541256,none,5674,0.2454595920947205,0.17578125,0.3463134765625,0.994873046875,1.32,2.4390781290660923,3.044939250815181,0.0,5.626397523483484,0.0,1-269165,grid,0.015068288892507553,0.03184453397989273,-0.0006190887652337551,0.006179610267281532,0.01461175932828143,0.04006933028309787,,,,,,,,
447,12067-12703,0.05702789712286179,none,6948,0.20521109093052403,0.17578125,0.424072265625,1.0,1.32,2.436353654979826,3.642149861731108,0.0,6.72239782394913,0.0,1-26934,grid,-0.020151615142822266,0.012450315058231354,-0.015767110977321863,-0.018112598452717066,0.011113607686770258,0.029376886514481722,,,,,,,,
448,9025-6103,0.061035293245055244,none,7136,0.1926496632648755,0.17578125,0.435546875,1.0,1.32,2.421055149061385,3.8796306922721113,0.0,7.11575747271362,0.0,1-269577,grid,0.006032656878232956,-0.05883810669183731,0.0015330356545746326,-0.044678212609142065,0.01551010037095943,0.009674719471758547,,,,,,,,
449,9047-12703,0.04772557291148196,none,10636,0.24251133622274823,0.17578125,0.649169921875,1.0,1.32,2.3653042609828767,3.08195714930125,0.0,5.522550285915823,0.0,1-269638,grid,0.020611945539712906,0.017547979950904846,0.010853755287826061,-0.0006297826766967773,0.013033758823655347,0.016054423511667578,,,,,,,,
450,12068-9102,0.0567805297449528,none,10260,0.20604465143985481,0.17578125,0.626220703125,1.0,1.32,2.574780328926731,3.627415422993737,0.0,7.075604451492203,0.0,1-26985,grid,-0.02001146972179413,0.024565905332565308,-0.007373577915132046,0.011443688767030835,0.009156864238552795,0.029895636001861164,,,,,,,,
451,9049-9101,0.049715375951350935,none,3547,0.23335800779435537,0.17578125,0.21649169921875,0.9520263671875,1.32,2.517342270436133,3.202845077066933,0.0,6.108073710726411,0.0,1-269986,grid,0.01998249813914299,-0.021254003047943115,-0.003963974770158529,-0.048369907308369875,0.022196344162199805,0.015790720462944833,,,,,,,,
452,9047-6104,0.058614389546583635,none,7480,0.20003249258268957,0.17578125,0.45654296875,1.0,1.32,2.3925116562528186,3.7364406992495653,0.0,6.772331762009104,0.0,1-270129,grid,0.0008102357387542725,-0.01785055547952652,-0.019785167649388313,-0.00013859663158655167,0.011848855335207818,0.026022658801888827,,,,,,,,
453,11757-12703,0.06592215071082251,none,15208,0.1794007322207975,0.17578125,0.92822265625,1.0,1.32,2.5377459340340924,4.166145462207052,0.0,8.009559626750404,0.0,1-270196,grid,-0.028828158974647522,-0.03600581735372543,-0.006441403180360794,-0.03342899796552956,0.022379200896139345,0.012020723340905851,,,,,,,,
454,11979-6101,0.04840948795631508,none,5304,0.23928030881850432,0.17578125,0.32373046875,1.0,1.32,2.517497091019603,3.1235731437692733,0.0,5.9572623507773494,0.0,1-270298,grid,-0.011408165097236633,0.017616238445043564,-0.011992136482149363,-0.015800439286977053,0.008769093422877138,0.032418865681336284,,,,,,,,
455,12652-12703,0.03506693757258656,none,5716,0.3250871097858467,0.17578125,0.348876953125,1.0,1.32,2.271753424914872,2.299105451922283,0.0,3.9568187004885615,0.0,1-270440,grid,-0.006703823804855347,0.0132901631295681,-0.003662103321403265,0.010289631318300962,0.01656744697583334,0.013709401430180061,,,,,,,,
456,11975-6101,0.04547231146912139,none,3200,0.25384458450512215,0.17578125,0.1953125,0.73663330078125,1.32,2.565205864178625,2.9443588403329386,0.0,5.721883760203203,0.0,1-270469,grid,-0.00910641998052597,0.011130619794130325,-0.0027151312679052353,-0.007132256403565407,0.011674544929918566,0.02729407057006735,,,,,,,,
457,11980-12702,0.03543957414187223,none,3699,0.32181311685875114,0.17578125,0.22576904296875,1.0,1.32,2.414854531090418,2.3224955954369877,0.0,4.2488553121807175,0.0,1-270684,grid,0.01753443479537964,-0.02182614803314209,-7.469207048416138e-05,-0.023906836286187172,0.016707074516476777,0.020784089165627413,,,,,,,,
458,9866-3701,0.04937787543574345,none,2642,0.2348585558215941,0.17578125,0.1612548828125,0.57470703125,1.32,2.406235570115315,3.182381599187103,0.0,5.801181667912473,0.0,1-271717,grid,0.013782542198896408,-0.0011606141924858093,-0.01317437645047903,-0.028129696380347013,0.01695024879611341,0.01672737091224093,,,,,,,,
459,9027-6101,0.04879847455057907,none,2408,0.23748305140955353,0.17578125,0.14697265625,0.69049072265625,1.32,2.5223957668835184,3.1472121569187106,0.0,6.0140262288606845,0.0,1-272080,grid,0.0071873292326927185,0.04353388398885727,0.01089143706485629,0.02332979254424572,0.023149226540910377,0.019251495265756105,,,,,,,,
460,9030-9102,0.06172079429231133,none,6289,0.1906644932385112,0.17578125,0.38385009765625,1.0,1.32,2.317016979289774,3.920024823517236,0.0,6.880881875247601,0.0,1-272178,grid,0.016746852546930313,-0.03534220904111862,0.03381021786481142,0.01038062572479248,0.009298542198483336,0.028779541818430624,,,,,,,,
461,9866-6102,0.09494294504657362,none,13507,0.12886012032327276,0.17578125,0.82440185546875,1.0,1.32,2.5316390712799763,5.800161792362632,0.0,11.124178949462523,0.0,1-272266,grid,-0.07218486070632935,-0.010526880621910095,-0.015927163884043694,0.005287291947752237,0.05643966797054541,0.014741425290720223,,,,,,,,
462,9027-12701,0.031546748194710324,none,4978,0.3598337125408715,0.17578125,0.3038330078125,1.0,1.32,2.4272693570006285,2.0770970601410896,0.0,3.8194500345428466,0.0,1-272287,grid,0.02159794420003891,-0.013735882937908173,0.00876107718795538,-0.006917148362845182,0.02085147761980072,0.012695990491412332,,,,,,,,
463,9866-1902,0.030516146620236034,none,555,0.37152403393358474,0.17578125,0.03387451171875,0.23583984375,1.32,2.4017432568602266,2.011739425158988,0.0,3.6603648476783834,0.0,1-272299,grid,0.020361103117465973,-0.037023745477199554,0.0004956088960170746,0.00784251932054758,0.027361349249097038,0.039250753095734996,,,,,,,,
464,9027-9101,0.02219773391200099,none,1042,0.505634925124811,0.17578125,0.0635986328125,0.7347412109375,1.32,2.500505723251128,1.4781604460447575,0.0,2.8001126175896633,0.0,1-272321,grid,-0.02557077258825302,0.0012817829847335815,-0.007504520006477833,-0.014528597705066204,0.011446770707967338,0.027114928865501695,,,,,,,,
465,11823-12702,0.06586281062016726,none,13160,0.17954980290858005,0.17578125,0.80322265625,1.0,1.32,2.4260284703106954,4.162686532375926,0.0,7.6506030610021964,0.0,1-272423,grid,0.002234354615211487,-0.00979413092136383,-0.0038374587893486023,-0.00037695467472076416,0.016788063591244105,0.018953401901556626,,,,,,,,
466,9025-6104,0.05304498103806706,none,6048,0.2195786468096211,0.17578125,0.369140625,1.0,1.32,2.4203782013616144,3.403835287801534,0.0,6.241339948197174,0.0,1-272639,grid,-0.007400520145893097,0.022389039397239685,-0.011175245977938175,-0.0005499706603586674,0.011080114320480746,0.03688933468183858,,,,,,,,
467,11757-12704,0.051353555454036366,none,12544,0.22635500700306568,0.17578125,0.765625,1.0,1.32,2.5464652986299408,3.301935116673498,0.0,6.369896358285353,0.0,1-272819,grid,-0.007910862565040588,0.03504432737827301,0.01198085444048047,0.023259589448571205,0.02110876088805757,0.016249400666829963,,,,,,,,
468,11979-6102,0.05597649551661078,none,5500,0.20880497401693562,0.17578125,0.335693359375,0.8963623046875,1.32,2.470033716285416,3.579462366627711,0.0,6.698024796776691,0.0,1-273022,grid,-0.0178566575050354,-0.0023124441504478455,-0.007918951567262411,-0.03792453510686755,0.020501803090324514,0.022044492923104286,,,,,,,,
469,11979-9102,0.03159989427590285,none,3414,0.35925154777280355,0.17578125,0.2083740234375,0.9927978515625,1.32,2.4771375681100842,2.0804629822526803,0.0,3.9042371306064068,0.0,1-273041,grid,-0.005175374448299408,-0.00269123911857605,0.008275119587779045,-0.0014212108217179775,0.007051429003942623,0.008427469745775884,,,,,,,,
470,11981-6104,0.045128768944283366,none,4574,0.2556720052815539,0.17578125,0.2791748046875,1.0,1.32,2.3748069524796955,2.923313976574117,0.0,5.259322996855514,0.0,1-273422,grid,0.00034252554178237915,0.01058819517493248,-0.011728193145245314,-0.02535236068069935,0.011964369622174984,0.025572382645609622,,,,,,,,
471,11984-12702,0.05576667919606944,none,7418,0.20953840241523247,0.17578125,0.4527587890625,1.0,1.32,2.6380402118599764,3.5669334968832653,0.0,7.12857121046089,0.0,1-273477,grid,0.014499571174383163,0.003674350678920746,0.011379312258213758,-0.022591833490878344,0.023157553958290236,0.029679070168903986,,,,,,,,
472,12068-9101,0.05815674884743516,none,5584,0.20149728534184533,0.17578125,0.3408203125,1.0,1.32,2.4532663534244454,3.7092784907265557,0.0,6.893824330894293,0.0,1-27376,grid,-0.0005293935537338257,0.04022225737571716,0.011227370239794254,0.009165532886981964,0.018276584137543836,0.03994525216458589,,,,,,,,
473,12518-9101,0.02922448164692902,none,2983,0.38734029253619784,0.17578125,0.18206787109375,1.0,1.32,2.3968811686360434,1.9295941084891162,0.0,3.503793774051982,0.0,1-2742,grid,0.02413840964436531,0.03411531448364258,0.01616544183343649,0.006339714862406254,0.008874938731740388,0.027272130830808636,,,,,,,,
474,8253-9102,0.029126744497613672,none,2726,0.3885941762724712,0.17578125,0.1663818359375,0.99615478515625,1.32,2.678479661500797,1.9233678528785663,0.0,3.9028042996361334,0.0,1-274593,grid,-0.020319923758506775,-0.016776062548160553,-0.006899116560816765,-0.012878789566457272,0.011024104250531883,0.027053170833359473,,,,,,,,
475,8253-3703,0.0272573416416829,none,1003,0.4143083311448012,0.17578125,0.06121826171875,0.37799072265625,1.32,2.6410666354455463,1.8039935243230183,0.0,3.6094447785222328,0.0,1-274689,grid,0.01705210655927658,-0.0017841607332229614,-0.005576679017394781,-0.011440318077802658,0.022428746140232516,0.009037925386640984,,,,,,,,
476,12069-6102,0.05547261474682026,none,6068,0.21057567345815886,0.17578125,0.370361328125,1.0,1.32,2.5360637480151853,3.5493632012854865,0.0,6.8192510176660965,0.0,1-27654,grid,-0.019912652671337128,0.02327200397849083,-0.010818148497492075,-0.010014481609687209,0.0046335856631491605,0.04043886880413905,,,,,,,,
477,8255-12701,0.024542837494670972,none,1939,0.4586227856781537,0.17578125,0.11834716796875,1.0,1.32,2.6165628824343488,1.6296825404196236,0.0,3.230429428343411,0.0,1-276574,grid,0.007554933428764343,-0.013026706874370575,0.0061906203627586365,0.010153637733310461,0.014540192091334307,0.01979811452435028,,,,,,,,
478,8254-6103,0.1404982146424321,none,16384,0.09172865067547306,0.17578125,1.0,1.0,1.32,2.311004955195993,8.148049065962603,0.0,14.265289217136099,0.0,1-276590,grid,0.009929515421390533,0.03937828913331032,0.009489842224866152,-0.0037116524763405323,0.02813196743766789,0.03739577143335429,,,,,,,,
479,8258-1901,0.021032032131130914,none,269,0.5329052559526432,0.17578125,0.01641845703125,0.11572265625,1.32,2.4748289026316703,1.4025186242950416,0.0,2.629540627185286,0.0,1-277213,grid,0.0017807185649871826,-0.011385716497898102,-0.0011746203526854515,0.0019645951688289642,0.01146216471383311,0.007779018918569565,,,,,,,,
480,8257-6101,0.02943514496876434,none,2095,0.3846659873318871,0.17578125,0.12786865234375,0.939453125,1.32,2.605644176025407,1.9430091847799331,0.0,3.8354473987012927,0.0,1-277272,grid,-0.013864189386367798,0.026458751410245895,-0.002276168204843998,0.010778388939797878,0.017139853439847887,0.01526820397097136,,,,,,,,
481,8257-1902,0.03682935626507512,none,962,0.31018703270656445,0.17578125,0.0587158203125,0.5439453125,1.32,2.576017593242777,2.4095447831481214,0.0,4.702295267496902,0.0,1-278081,grid,0.03862074017524719,0.006798498332500458,0.030825278256088495,0.005662488751113415,0.01439561537854193,0.008789167254673842,,,,,,,,
482,10509-12702,0.035797554688767545,none,5552,0.31873211228852305,0.17578125,0.3388671875,1.0,1.32,2.3608390031222464,2.3449458577983733,0.0,4.193969425227539,0.0,1-278113,grid,0.01678501069545746,-0.013117454946041107,0.020859503652900457,-0.013025864958763123,0.016632234165529922,0.013249152659736122,,,,,,,,
483,8257-12703,0.024932538090025748,none,2208,0.4516675579264964,0.17578125,0.134765625,1.0,1.32,2.55653483765156,1.6547780183493503,0.0,3.2049224640076717,0.0,1-278153,grid,-0.013421602547168732,0.02128097414970398,-0.006591598968952894,0.0163109814748168,0.018356016917523837,0.012571959941259814,,,,,,,,
484,10509-3704,0.036039855058935526,none,1738,0.3166814729965225,0.17578125,0.1060791015625,1.0,1.32,2.2698210845824716,2.3601303208113644,0.0,4.058389064045476,0.0,1-278191,grid,-0.03937014937400818,0.002658151090145111,-0.011483844835311174,-0.008611236233264208,0.01412160860572471,0.01803837308891166,,,,,,,,
485,8451-3704,0.09905355132644367,none,9104,0.12410108827384816,0.17578125,0.5556640625,1.0,1.32,2.3880324155177646,6.0225865611188185,0.0,10.895554494858631,0.0,1-278485,grid,-0.030594170093536377,0.051646921783685684,-0.016719765961170197,-0.005237457109615207,0.055814120764707285,0.04541727694794017,,,,,,,,
486,8945-9101,0.040554161955548514,none,2264,0.282959045197334,0.17578125,0.13818359375,0.9803466796875,1.32,2.5766815929766667,2.6414053876138115,0.0,5.15610654685902,0.0,1-279011,grid,0.01192106306552887,0.004117310047149658,0.0022993236780166626,-0.014612792525440454,0.016165651658409365,0.013041785005619427,,,,,,,,
487,12070-3701,0.05815408884337141,none,3147,0.20150586681501273,0.17578125,0.19207763671875,1.0,1.32,2.7024419336164045,3.7091205247360772,0.0,7.593699123397011,0.0,1-27925,grid,0.0022368580102920532,0.06473328173160553,-0.01261540874838829,0.026782217901200056,0.016441519952773997,0.036940306508385125,,,,,,,,
488,8945-6103,0.05371378205981014,none,6598,0.21701707467013126,0.17578125,0.4027099609375,1.0,1.32,2.665315728102335,3.444012631699004,0.0,6.954076541704901,0.0,1-279329,grid,-0.03552747517824173,0.03070305660367012,-0.05090702697634697,-0.008814627071842551,0.01226262941063019,0.02829824380248042,,,,,,,,
489,8945-6101,0.03334305093896434,none,2397,0.34118596473550145,0.17578125,0.14630126953125,0.89508056640625,1.32,2.620688870377494,2.190622193494139,0.0,4.349196364918199,0.0,1-279381,grid,-0.00896473228931427,-0.0014913342893123627,-0.012490723747760057,-0.010167751926928759,0.01132980043542564,0.0092696318000392,,,,,,,,
490,8945-12703,0.05867038963213628,none,7058,0.199854821451541,0.17578125,0.4307861328125,1.0,1.32,2.62512599607573,3.7397623986745967,0.0,7.437384463566068,0.0,1-279676,grid,-0.00218915194272995,0.04801791161298752,-0.023506843019276857,-0.006775197573006153,0.010753285403207694,0.04515812522857796,,,,,,,,
491,10507-3701,0.02663964069800662,none,938,0.4235984479256144,0.17578125,0.0572509765625,0.60150146484375,1.32,2.4411035119759017,1.764429379093349,0.0,3.2629960257107826,0.0,1-280132,grid,0.002903267741203308,0.01422121375799179,0.0006815353408455849,-0.008265016134828329,0.010675490914182316,0.014327157031422297,,,,,,,,
492,12070-12704,0.0493077123285536,none,4587,0.2351730865998595,0.17578125,0.27996826171875,1.0,1.32,2.5960372646981296,3.1781253427608185,0.0,6.250402895218637,0.0,1-28052,grid,-0.0015851408243179321,0.04436182975769043,0.018156615551561117,0.01571506028994918,0.015145052704772588,0.03317733652441578,,,,,,,,
493,10507-9102,0.03202554892618548,none,3528,0.35465863877894965,0.17578125,0.21533203125,1.0,1.32,2.4650432328963725,2.1074054449414974,0.0,3.9354890386530346,0.0,1-280728,grid,0.003084275871515274,0.009923689067363739,0.00738940853625536,-0.007103325333446264,0.008776483582474959,0.012812713054665404,,,,,,,,
494,8260-6101,0.022880634955284997,none,1095,0.49095013063685244,0.17578125,0.06683349609375,0.5186767578125,1.32,2.386946087853585,1.5223736583770142,0.0,2.7528968546320938,0.0,1-281126,grid,0.026389621198177338,-0.03326622396707535,0.010072505101561546,0.0040263282135128975,0.027141447755379782,0.02700655268885959,,,,,,,,
495,8263-3701,0.03856655891904053,none,1283,0.2968334503810001,0.17578125,0.07830810546875,0.36187744140625,1.32,2.334242946276193,2.517942453921422,0.0,4.45264349408746,0.0,1-282106,grid,0.017652686685323715,-0.018322713673114777,0.004156838171184063,6.75576739013195e-05,0.012117972772039912,0.020899534583809897,,,,,,,,
496,11755-9102,0.038534282869731644,none,5211,0.29707056852415376,0.17578125,0.31805419921875,1.0,1.32,2.4824637503378826,2.5159326626377965,0.0,4.731599722188937,0.0,1-282627,grid,-0.0075348615646362305,0.027744758874177933,0.010173395276069641,-0.0056368266232311726,0.015752797462336956,0.030189277755334774,,,,,,,,
497,11755-6104,0.052961810911006095,none,3324,0.2199017237021079,0.17578125,0.202880859375,0.8511962890625,1.32,2.5079864335290463,3.3988344150989196,0.0,6.457750456727061,0.0,1-282637,grid,-0.04486175626516342,0.026801206171512604,-0.04036985523998737,0.005670373328030109,0.010256207544870732,0.027834506073508222,,,,,,,,
498,8341-6103,0.03952036037618549,none,1626,0.2900012098468654,0.17578125,0.0992431640625,0.3800048828125,1.32,2.559480358447346,2.577263546083019,0.0,4.997314715713517,0.0,1-282665,grid,0.019775964319705963,0.023123878985643387,0.004121764563024044,0.012034418061375618,0.015460437587164111,0.013838378203534599,,,,,,,,
499,8317-3701,0.03524645384683781,none,1281,0.323501230390064,0.17578125,0.07818603515625,0.306640625,1.32,2.5502799603946182,2.310376209565273,0.0,4.46371677895969,0.0,1-284174,grid,0.019994664937257767,-0.038840942084789276,0.0006240815855562687,0.002280866727232933,0.020340704290456098,0.0482009111971869,,,,,,,,
500,8324-9101,0.028765343945493543,none,2851,0.3933046612992396,0.17578125,0.17401123046875,1.0,1.32,2.4795019709206163,1.9003322869078418,0.0,3.569604280903087,0.0,1-284292,grid,0.0015661492943763733,0.0077074021100997925,-0.0011920654214918613,0.014565241988748312,0.010405379559485946,0.013595597879580212,,,,,,,,
501,8318-6103,0.034866353266149196,none,1011,0.3268784338268074,0.17578125,0.06170654296875,0.389404296875,1.32,2.3174947171416234,2.286506141467577,0.0,4.014368108759839,0.0,1-284335,grid,0.019271641969680786,-0.01193380355834961,0.002124134451150894,0.008062849752604961,0.023058300385141638,0.02156506349203869,,,,,,,,
502,8324-1902,0.02880134400049167,none,526,0.3928301347126737,0.17578125,0.0321044921875,0.3414306640625,1.32,2.430799045634545,1.902627829214205,0.0,3.503716599584557,0.0,1-284505,grid,0.01417713612318039,-0.01183938980102539,-0.0032608257606625557,0.0029134657233953476,0.014130876648057933,0.017459015847947238,,,,,,,,
503,8465-3703,0.03034054635196736,none,1154,0.373595116686275,0.17578125,0.0704345703125,0.65985107421875,1.32,2.389110099536185,2.0005870341338863,0.0,3.6209262789775836,0.0,1-285031,grid,-0.0017128139734268188,-0.02348848432302475,-0.014482931699603796,-0.0193629483692348,0.011145067055098306,0.013138204814657752,,,,,,,,
504,8330-12703,0.02694574116564351,none,3541,0.41894149888198917,0.17578125,0.21612548828125,1.0,1.32,2.692199411903186,1.7840427564537704,0.0,3.6386354997992263,0.0,1-285737,grid,-0.015407584607601166,-0.010018683969974518,-0.00583266094326973,-0.0075090862810611725,0.018285138395820088,0.009622074467745018,,,,,,,,
505,8328-9101,0.0643650983320769,none,8678,0.18340342228653855,0.17578125,0.5296630859375,1.0,1.32,2.3847885300412326,4.075221373408126,0.0,7.362531203547405,0.0,1-286277,grid,0.028521299362182617,0.03144045174121857,0.03828326193615794,0.012692909454926848,0.010069721763397987,0.040960077129637285,,,,,,,,
506,8328-12701,0.06389839761908724,none,7744,0.18464121583265558,0.17578125,0.47265625,1.0,1.32,2.41563412418141,4.047901997870789,0.0,7.407765301059683,0.0,1-286729,grid,-0.05682156980037689,0.005715474486351013,-0.04406041884794831,-0.007556824246421456,0.022281958417390633,0.028363847048796128,,,,,,,,
507,8328-3701,0.0406096620403373,none,1605,0.2825911301071897,0.17578125,0.09796142578125,0.29840087890625,1.32,2.4128082020968304,2.644844323934718,0.0,4.834471271256767,0.0,1-286772,grid,0.004315979778766632,-0.012654520571231842,-0.013463630806654692,-0.0007660519331693649,0.0223301800153184,0.018081748804452985,,,,,,,,
508,8656-12705,0.05854138943505964,none,13846,0.2002646105618694,0.17578125,0.8450927734375,1.0,1.32,2.4342455949155477,3.732109953732413,0.0,6.882478950464843,0.0,1-287790,grid,0.007266409695148468,0.06043523550033569,0.015470475424081087,0.03207255154848099,0.018634702561426873,0.0382604317189589,,,,,,,,
509,9894-6101,0.060400692275560386,none,5144,0.19452764779279064,0.17578125,0.31396484375,0.867431640625,1.32,2.4975505889963863,3.842176446067106,0.0,7.269719731744653,0.0,1-294355,grid,-0.023723602294921875,0.02326294407248497,-0.006025753915309906,0.0204858030192554,0.012262434560865502,0.01888030189978355,,,,,,,,
510,9894-6104,0.0353909540675942,none,3035,0.3222363812705366,0.17578125,0.18524169921875,0.94476318359375,1.32,2.419878564536027,2.319444947561037,0.0,4.252102356230563,0.0,1-294374,grid,0.007287520915269852,-0.0011498220264911652,0.008736829739063978,0.0012970007956027985,0.011966293781025603,0.018236541028466446,,,,,,,,
511,11978-1901,0.023139810351233355,none,324,0.4856038770732071,0.17578125,0.019775390625,0.104248046875,1.32,2.5630529477401893,1.5391342238925791,0.0,2.9885473556937,0.0,1-294598,grid,0.027936480939388275,-0.013487309217453003,0.003619165625423193,-0.0014505526050925255,0.03384223056766039,0.023555306528829773,,,,,,,,
512,9892-6104,0.05140017852526352,none,4762,0.22616223819902975,0.17578125,0.2906494140625,0.737548828125,1.32,2.5831552479101707,3.3047495126067625,0.0,6.467182610999044,0.0,1-295025,grid,0.0006468072533607483,0.03065565600991249,0.013606215361505747,0.01329256035387516,0.010800119276415627,0.02142523113879975,,,,,,,,
513,9050-12705,0.08575643101211974,none,15134,0.14115035365310016,0.17578125,0.9237060546875,1.0,1.32,2.583270326850393,5.295130526524773,0.0,10.362692095432681,0.0,1-295183,grid,-0.040157973766326904,0.03405452519655228,0.013494109734892845,0.005116544663906097,0.04284254959133582,0.02321862086407743,,,,,,,,
514,9047-3704,0.04226416456795978,none,1426,0.2720672902861157,0.17578125,0.0870361328125,0.4345703125,1.32,2.400976188061573,2.7471495955000527,0.0,4.996849063514096,0.0,1-295448,grid,0.008940774947404861,-0.0009225383400917053,-0.0009150435216724873,-0.0025578071363270283,0.011068359056990412,0.0159846239367329,,,,,,,,
515,9049-12702,0.09059103839806333,none,15890,0.13437073765278673,0.17578125,0.9698486328125,1.0,1.32,2.479362325198034,5.562293989853657,0.0,10.447683454635312,0.0,1-295476,grid,-0.021272897720336914,-0.006294906139373779,-0.011490041390061378,0.006537230219691992,0.014443623472039355,0.011750770902855508,,,,,,,,
516,9050-12704,0.057703588155130894,none,14332,0.20297065982529217,0.17578125,0.874755859375,1.0,1.32,2.5713941820312134,3.6823526469374146,0.0,7.173318312516746,0.0,1-295629,grid,0.0017784684896469116,-0.021547488868236542,-0.00010625133290886879,0.006733826361596584,0.010893689536450703,0.016913610707303583,,,,,,,,
517,9047-9101,0.039653360579373034,none,1295,0.28907463181881726,0.17578125,0.07904052734375,0.869873046875,1.32,2.269327475500049,2.5855245123229995,0.0,4.445001374540491,0.0,1-295790,grid,0.03182848542928696,-0.0028962455689907074,0.01600949140265584,0.01123303733766079,0.01378329239025947,0.021980934646147053,,,,,,,,
518,9049-6102,0.041684063681725995,none,2216,0.27566199241833117,0.17578125,0.13525390625,0.6614990234375,1.32,2.5184193701909736,2.7113260696602155,0.0,5.1729212823757935,0.0,1-295832,grid,0.014634251594543457,0.005986005067825317,0.0033283941447734833,-0.0022022943012416363,0.010890163885618477,0.02625663850544685,,,,,,,,
519,8654-6101,0.03608245512401665,none,2906,0.31632378758930474,0.17578125,0.1773681640625,1.0,1.32,2.4680333894227195,2.362799055215817,0.0,4.417778000582645,0.0,1-29590,grid,0.005146551877260208,0.014573801308870316,0.020221366081386805,0.011380975600332022,0.015239542753750421,0.008462656884876385,,,,,,,,
520,9048-6104,0.09509434527787132,none,13997,0.1286775154783513,0.17578125,0.85430908203125,1.0,1.32,2.582192836157241,5.8083927380774005,0.0,11.362416755947882,0.0,1-295935,grid,-0.0318269282579422,-0.02183903008699417,0.015792368911206722,-0.007465183734893799,0.03896374194393299,0.020287393490906344,,,,,,,,
521,9088-6104,0.03219714918834325,none,2367,0.35284139247956664,0.17578125,0.14447021484375,0.88739013671875,1.32,2.376273815024881,2.1182592586599127,0.0,3.813306068020884,0.0,1-296457,grid,0.010707207024097443,-0.008402593433856964,0.012483538128435612,0.004929772578179836,0.008355644215636887,0.00837440950118367,,,,,,,,
522,9040-12704,0.049774176041181215,none,4198,0.23309866222623216,0.17578125,0.2562255859375,1.0,1.32,2.498576485472005,3.2064085624520033,0.0,6.069285634059597,0.0,1-296466,grid,0.019862685352563858,-0.012147866189479828,-0.025228342041373253,-0.035922141280025244,0.035057154585441515,0.025186545926439197,,,,,,,,
523,9040-9102,0.06420959809451553,none,8396,0.18381384161754702,0.17578125,0.512451171875,1.0,1.32,2.4785725848171536,4.066122223882349,0.0,7.63498414441708,0.0,1-296537,grid,-0.017986968159675598,0.03283459693193436,0.02945547690615058,0.04366852808743715,0.02611020200842956,0.010164199140117578,,,,,,,,
524,9040-6104,0.03326125081399637,none,2389,0.34199135876681036,0.17578125,0.14581298828125,0.90899658203125,1.32,2.4555196140141495,2.1854632501633633,0.0,4.065490815517613,0.0,1-296599,grid,0.023244738578796387,0.00798848271369934,-0.001492383424192667,0.0018557950388640165,0.011691333645288415,0.012641084381190786,,,,,,,,
525,9040-12701,0.03185134866005564,none,4419,0.3565234543536169,0.17578125,0.26971435546875,1.0,1.32,2.5703452283854,2.096382544630519,0.0,4.082141568531437,0.0,1-296690,grid,-0.0073585063219070435,0.005336575210094452,0.01048740092664957,-0.000718447845429182,0.011503453813679804,0.019114067631250894,,,,,,,,
526,9090-1902,0.024945838110344506,none,401,0.4514340198021793,0.17578125,0.02447509765625,0.2615966796875,1.32,2.676781884687463,1.655634076461089,0.0,3.3574025026835606,0.0,1-296716,grid,0.016656633466482162,-0.03812433034181595,0.010203312616795301,0.010558866895735264,0.023026587669132067,0.035213357631880764,,,,,,,,
527,9093-6102,0.034283152375179454,none,2073,0.33220584860856045,0.17578125,0.12652587890625,0.964111328125,1.32,2.4421482084522697,2.2498386153910674,0.0,4.162454048396992,0.0,1-296732,grid,0.004151005297899246,-0.004802100360393524,-0.005888858810067177,-0.012267077108845115,0.013521744289384062,0.016678109777885156,,,,,,,,
528,8654-6102,0.06018399194450219,none,5612,0.19517801497573029,0.17578125,0.342529296875,1.0,1.32,2.4500909434991027,3.8293736441127137,0.0,7.107813397511147,0.0,1-29679,grid,-0.03729012608528137,0.03708430007100105,-0.013859960250556469,-0.011738461442291737,0.0199208958517908,0.04209458620380293,,,,,,,,
529,8655-1901,0.022108033774963974,none,319,0.5076312153044077,0.17578125,0.01947021484375,0.12359619140625,1.32,2.4540755333415776,1.4723474914955814,0.0,2.737312087466782,0.0,1-29748,grid,0.040959157049655914,-0.002421412616968155,0.007867951411753893,-0.003655475564301014,0.035763713651930575,0.009699723267922263,,,,,,,,
530,9492-12702,0.11571017677316273,none,10964,0.10828954749573474,0.17578125,0.669189453125,1.0,1.32,2.414125617354588,6.901954655297979,0.0,12.622867835738338,0.0,1-297860,grid,-0.06815211474895477,0.009559769183397293,-0.021511264145374298,0.022808344336226583,0.04935427256386683,0.011529410644778063,,,,,,,,
531,9492-3702,0.05087717772626288,none,2481,0.22834491477416663,0.17578125,0.15142822265625,0.45538330078125,1.32,2.3509287340740705,3.2731604607770093,0.0,5.829520438239237,0.0,1-297924,grid,0.019940730184316635,-0.014065414667129517,0.00474368454888463,-0.017978414427489042,0.02369568048102166,0.011454629096297157,,,,,,,,
532,10216-6103,0.04620207058399157,none,3048,0.25005298577114843,0.17578125,0.18603515625,0.6422119140625,1.32,2.7534190238548493,2.9890046869599733,0.0,6.234835126868862,0.0,1-297986,grid,0.009245112538337708,-0.000987183302640915,0.010016738437116146,-0.023945364635437727,0.007358740153480714,0.02255710890344234,,,,,,,,
533,9492-12703,0.0467243713819228,none,5784,0.2474120460697047,0.17578125,0.35302734375,1.0,1.32,2.396472512555165,3.020910090399262,0.0,5.484490904956341,0.0,1-298089,grid,0.007195677608251572,0.04879845306277275,0.022614013869315386,0.006068791728466749,0.011112338363646758,0.033792262214060655,,,,,,,,
534,9496-9101,0.09247504127629891,none,14419,0.13192125355076004,0.17578125,0.88006591796875,1.0,1.32,2.4515186862891216,5.665573410964545,0.0,10.522165973880588,0.0,1-298280,grid,-0.027545660734176636,-0.025572068989276886,-0.004469272680580616,-0.018599126487970352,0.014083679472462814,0.011867902157126246,,,,,,,,
535,10221-3701,0.039929961001942016,none,1547,0.2871674059223189,0.17578125,0.09442138671875,0.39056396484375,1.32,2.6418618449787408,2.602696305514834,0.0,5.209063684550585,0.0,1-298596,grid,0.020366515964269638,0.00017730891704559326,0.0023779640905559063,-0.000530867837369442,0.01762862201790589,0.013887501610516054,,,,,,,,
536,10221-6102,0.09962845220473329,none,14369,0.12346690645150532,0.17578125,0.87701416015625,1.0,1.32,2.64043409941335,6.053521287113982,0.0,12.10903335456087,0.0,1-298623,grid,-0.025207534432411194,0.02675100602209568,0.00039529241621494293,0.011799052124843001,0.037143612205338454,0.02204888481264265,,,,,,,,
537,9509-12701,0.02048593129683981,none,852,0.5467483761475003,0.17578125,0.052001953125,0.760498046875,1.32,2.6109625152422913,1.3670082602251095,0.0,2.703944943541167,0.0,1-298640,grid,-0.0041989609599113464,0.014015629887580872,-0.006528069730848074,-0.002299192361533642,0.014026403990088409,0.023795207981308006,,,,,,,,
538,8939-3702,0.024886438019597584,none,829,0.4524789722102253,0.17578125,0.05059814453125,0.53076171875,1.32,2.619933171774375,1.651810564383632,0.0,3.278510069027294,0.0,1-298668,grid,0.01064322143793106,0.010715670883655548,0.01155973644927144,0.007728767581284046,0.007985546475289774,0.00946297307946094,,,,,,,,
539,9508-12705,0.027860642563359926,none,2907,0.4056325370242938,0.17578125,0.17742919921875,1.0,1.32,2.3462954243067284,1.842577895602923,0.0,3.2751758222589835,0.0,1-298798,grid,0.01980862021446228,-0.01158788800239563,0.017014536540955305,-0.0020832386799156666,0.011920568051055734,0.0195736488986956,,,,,,,,
540,9508-12701,0.09518374541445002,none,16288,0.12856996302054574,0.17578125,0.994140625,1.0,1.32,2.367737157353947,5.813251625022716,0.0,10.427463543647349,0.0,1-298823,grid,0.020499542355537415,-0.00019078701734542847,0.027655971236526966,-0.013232506811618805,0.030286019757325023,0.023105428145428666,,,,,,,,
541,9508-9102,0.08626203178453795,none,15560,0.14040566658242273,0.17578125,0.94970703125,1.0,1.32,2.3520417586342917,5.3232149716660055,0.0,9.485169623898258,0.0,1-298842,grid,-0.08617196977138519,0.053979821503162384,-0.02452753111720085,0.05392402969300747,0.04040234140530515,0.019245304384355906,,,,,,,,
542,9507-9102,0.0586520896041789,none,7295,0.1999128444749941,0.17578125,0.44525146484375,0.735107421875,1.32,2.388260664613533,3.7386769640596405,0.0,6.764344796182107,0.0,1-299016,grid,-0.006479628384113312,0.030575433745980263,-0.01974788634106517,0.03503651567734778,0.016137164536326454,0.004870777314274593,,,,,,,,
543,11747-12705,0.018554624346336687,none,1164,0.6022427495680042,0.17578125,0.071044921875,0.764404296875,1.32,2.5689341123221756,1.2410436605412414,0.0,2.4152722685193764,0.0,1-299056,grid,-0.029494576156139374,-0.016366250813007355,-0.006396549753844738,0.014332932885736227,0.016810659020454054,0.019915877681741415,,,,,,,,
544,10499-3702,0.04881617457761982,none,2706,0.23740195280799842,0.17578125,0.1651611328125,0.98565673828125,1.32,2.4534558056219615,3.148287272357756,0.0,5.8516543076756555,0.0,1-299674,grid,-0.0028262585401535034,0.07397186756134033,-0.015657195821404457,0.025791912339627743,0.01390593056814703,0.035350262246862836,,,,,,,,
545,10499-6102,0.02661094065416088,none,1634,0.42404057923609134,0.17578125,0.0997314453125,0.671875,1.32,2.4568036002506366,1.7625896743296494,0.0,3.2805580739830904,0.0,1-299684,grid,0.005810458213090897,-0.013823501765727997,0.002953918185085058,0.002552356570959091,0.009443490761344773,0.012123466581926848,,,,,,,,
546,9506-12704,0.04893857476461346,none,7018,0.2368427421679215,0.17578125,0.4283447265625,1.0,1.32,2.654435083559049,3.1557207099400353,0.0,6.34595133816568,0.0,1-299793,grid,-0.004338003695011139,0.01875276118516922,0.02033293666318059,0.001678723143413663,0.014223677260974007,0.026201916593025947,,,,,,,,
547,10499-12704,0.08179242495621432,none,14500,0.1473087180160802,0.17578125,0.885009765625,1.0,1.32,2.5369519030595944,5.073763158923907,0.0,9.751434167958836,0.0,1-299794,grid,0.004247844219207764,-0.024951957166194916,0.004408505745232105,-0.008063775021582842,0.02838523289963304,0.02258672344757636,,,,,,,,
548,10501-1901,0.026646540708547925,none,471,0.4234922935949715,0.17578125,0.02874755859375,0.18243408203125,1.32,2.544931132312208,1.764871658262385,0.0,3.40263396033895,0.0,1-299960,grid,0.03376835957169533,-0.045038335025310516,0.01271825423464179,-0.009018929675221443,0.02988633148635628,0.028555715877123345,,,,,,,,
549,12488-6102,0.0490250548967312,none,3730,0.23644932453587972,0.17578125,0.2276611328125,0.95538330078125,1.32,2.6853149223193187,3.1609713748405452,0.0,6.430457274154189,0.0,1-300145,grid,0.03890197351574898,-0.011845454573631287,0.020538535434752703,-0.022099199471995234,0.014708223269360984,0.019865692806380467,,,,,,,,
550,10500-6101,0.03063814680661859,none,1757,0.37009910784796946,0.17578125,0.10723876953125,0.86077880859375,1.32,2.393084567217986,2.0194848639443936,0.0,3.6612106527542734,0.0,1-300275,grid,-0.021067611873149872,0.03211203217506409,-0.014865309465676546,0.010122963692992926,0.00783053755151211,0.021713199379638604,,,,,,,,
551,10500-3702,0.052168179698557,none,3280,0.22303647309046895,0.17578125,0.2001953125,0.63043212890625,1.32,2.3163585364837496,3.351064227755838,0.0,5.880504719899665,0.0,1-300318,grid,0.05737263336777687,-0.01268848031759262,0.018256527837365866,-0.014597728848457336,0.030698984175835123,0.016183998776666778,,,,,,,,
552,10500-6104,0.11751117952459705,none,16284,0.10684954874092553,0.17578125,0.993896484375,1.0,1.32,2.3321032275197755,6.9949714834127805,0.0,12.358329979451314,0.0,1-300493,grid,-0.009373366832733154,0.006229255348443985,-0.004701375961303711,0.0023913132026791573,0.01678279701652839,0.016764555144314863,,,,,,,,
553,10505-12701,0.04960337578024564,none,5398,0.23385370176893944,0.17578125,0.3294677734375,1.0,1.32,2.398616164026561,3.196056084657495,0.0,5.807660443784021,0.0,1-300625,grid,0.024559542536735535,0.05583127588033676,0.022842503152787685,0.011738758534193039,0.011949887260721732,0.03356727263952337,,,,,,,,
554,10505-12704,0.050459477088131775,none,6503,0.23012066222416105,0.17578125,0.39691162109375,0.8416748046875,1.32,2.4332508111585147,3.2479028142646524,0.0,5.987092543464763,0.0,1-300718,grid,-0.008527278900146484,0.035930681973695755,-0.004000439308583736,-0.011679921066388488,0.01114172273194241,0.037495362205515324,,,,,,,,
555,11751-3701,0.02087832989631639,none,563,0.5367282188192266,0.17578125,0.03436279296875,0.2740478515625,1.32,2.4491755859663957,1.3925288819405828,0.0,2.5837482881833003,0.0,1-301265,grid,0.022924333810806274,-0.028787247836589813,-0.0016145692206919193,-0.006418144796043634,0.02786074591338973,0.02836742127689612,,,,,,,,
556,8152-1901,0.022338334126799246,none,341,0.5025381110268103,0.17578125,0.02081298828125,0.16851806640625,1.32,2.4267796454165826,1.4872693832735482,0.0,2.734299292863273,0.0,1-301273,grid,0.024172209203243256,-0.02950362116098404,-0.0010171160101890564,-0.014428003691136837,0.022237870085980337,0.023228540284894135,,,,,,,,
557,11751-6102,0.0427692353395683,none,3993,0.26901698453948547,0.17578125,0.24371337890625,0.98394775390625,1.32,2.3908555938528866,2.7782987298654955,0.0,5.032205348252491,0.0,1-301470,grid,-0.0020578280091285706,0.020666204392910004,-0.023316136561334133,-0.009317221119999886,0.018149476838968896,0.02770642205227388,,,,,,,,
558,10837-3701,0.0658248805622206,none,5216,0.1796452295873747,0.17578125,0.318359375,1.0,1.32,2.4613314430826096,4.160475333383555,0.0,7.757809663807991,0.0,1-3050,grid,0.01069735735654831,0.044820912182331085,0.013051148504018784,0.01438151253387332,0.015611617122885073,0.03468872564979999,,,,,,,,
559,12769-1901,0.06397948774297053,none,2309,0.184424848794699,0.17578125,0.14093017578125,1.0,1.32,2.595284713839405,4.0526509922223735,0.0,7.968017553515773,0.0,1-30632,grid,-0.05364254117012024,0.05905686318874359,-0.050892382860183716,-0.015016952529549599,0.009349080255658847,0.04990589614503082,,,,,,,,
560,12769-6101,0.10714835369306393,none,7517,0.11580047187529932,0.17578125,0.45880126953125,1.0,1.32,2.597747372583929,6.454287572015701,0.0,12.70197619856431,0.0,1-30993,grid,-0.06506247818470001,0.05204814672470093,-0.033978316467255354,-0.014270077459514141,0.03092125644809826,0.05608633683206237,,,,,,,,
561,8656-12701,0.04281866541508379,none,2437,0.268722326665998,0.17578125,0.14874267578125,1.0,1.32,2.5568584254387887,2.7813451741480084,0.0,5.38750442619231,0.0,1-31189,grid,-0.009256280958652496,0.04347015544772148,-0.020244906190782785,0.008810003288090229,0.01076729346200367,0.020311776029578735,,,,,,,,
562,8336-12701,0.05461778344087434,none,8564,0.21365446581890615,0.17578125,0.522705078125,1.0,1.32,2.424374933774806,3.4982163541191955,0.0,6.424990940793688,0.0,1-313054,grid,-0.01753414422273636,0.06928323209285736,-0.01203908585011959,0.02025450812652707,0.004792384375250995,0.04195368455039673,,,,,,,,
563,8337-6104,0.022193333905278993,none,1175,0.5057324715140702,0.17578125,0.07171630859375,0.5625,1.32,2.4149864750718297,1.4778753363822799,0.0,2.7038249615192695,0.0,1-313322,grid,0.004059158265590668,-0.0005111470818519592,-0.006277324631810188,0.003436473198235035,0.01725196638509445,0.03329170007645038,,,,,,,,
564,12769-9102,0.04475101236717574,none,3194,0.257713833011102,0.17578125,0.1949462890625,1.0,1.32,2.6535983873742084,2.9001530019775874,0.0,5.830182825141056,0.0,1-31375,grid,0.009099114686250687,0.022266045212745667,0.007972005289047956,0.004686875501647592,0.01837476970232673,0.022791506991426812,,,,,,,,
565,9024-6101,0.07046250764723275,none,10075,0.16874040606792928,0.17578125,0.61492919921875,0.7747802734375,1.32,2.2941223472493872,4.429345429910936,0.0,7.698076010943653,0.0,1-314059,grid,-0.038229331374168396,-0.011056296527385712,-0.019805542193353176,-0.016770245507359505,0.021975066198491194,0.023117834586324267,,,,,,,,
566,9024-9102,0.13308420331587234,none,13444,0.09603152241962502,0.17578125,0.820556640625,1.0,1.32,2.3807092782650816,7.7829605074089425,0.0,14.037095676029677,0.0,1-314386,grid,0.051640477031469345,0.009623773396015167,0.06827653804793954,0.030608668457716703,0.011840130947607382,0.028397708139090545,,,,,,,,
567,9024-12702,0.04513136894825546,none,3560,0.25565807041291155,0.17578125,0.21728515625,0.9976806640625,1.32,2.3150372991249872,2.9234733143810483,0.0,5.127234671052028,0.0,1-314424,grid,-0.02466617524623871,0.025251546874642372,0.00425713462755084,0.00041453493759036064,0.015228147293006174,0.02390639837439526,,,,,,,,
568,9002-12704,0.05801108862490661,none,9074,0.20196836137024576,0.17578125,0.5538330078125,1.0,1.32,2.409361993897659,3.7006268773362807,0.0,6.754658902916824,0.0,1-314817,grid,-0.028883114457130432,0.025013672187924385,-0.0220690555870533,-0.010409245966002345,0.013421068354550982,0.04112965546339429,,,,,,,,
569,9890-12701,0.0813999243565819,none,12482,0.14795121089541244,0.17578125,0.7618408203125,1.0,1.32,2.4171167471689596,5.051729836713848,0.0,9.250470295828906,0.0,1-315503,grid,-0.0408904105424881,-0.026543892920017242,-0.018117244821041822,-0.02594993496313691,0.029174594700267904,0.01317862729482552,,,,,,,,
570,9094-12701,0.04560186966705049,none,3096,0.2531625747428856,0.17578125,0.18896484375,1.0,1.32,2.58378557565109,2.95229082425542,0.0,5.778853368816834,0.0,1-317497,grid,-0.007619060575962067,0.01888134330511093,0.009544691070914268,0.0023864738177508116,0.012882847220531483,0.023861305581644204,,,,,,,,
571,9886-6104,0.04066096211870964,none,1264,0.28225195097851047,0.17578125,0.0771484375,0.52301025390625,1.32,2.4058069869438206,2.6480226048648388,0.0,4.826235821491669,0.0,1-317575,grid,0.019012559205293655,-0.04284851998090744,-0.010118104983121157,-0.017882850486785173,0.02024882053421891,0.01129262123030428,,,,,,,,
572,9091-3701,0.09055763834703728,none,7696,0.13441508485236683,0.17578125,0.4697265625,0.99505615234375,1.32,2.3198268154081285,5.560458837482462,0.0,9.772198119064335,0.0,1-317727,grid,-0.026435278356075287,0.029832348227500916,0.014982404187321663,0.058880588971078396,0.043872892532031346,0.017332825112654344,,,,,,,,
573,9089-6104,0.04857587421050729,none,5286,0.23850801898117233,0.17578125,0.3226318359375,1.0,1.32,2.3482515764150427,3.1336872850270834,0.0,5.574762202315624,0.0,1-317809,grid,-0.02736390382051468,0.010960787534713745,-0.02700604684650898,-0.004766888218000531,0.0148931774636211,0.018501295471550133,,,,,,,,
574,9095-1901,0.032526849692034475,none,668,0.34940369500412866,0.17578125,0.040771484375,0.34375,1.32,2.4328054585130525,2.139100293285297,0.0,3.9424355074328346,0.0,1-317822,grid,0.03224083036184311,-0.00761616975069046,-0.0029127346351742744,-0.013526573777198792,0.026434437785010693,0.010864034308015035,,,,,,,,
575,9092-6101,0.048113873504697924,none,5428,0.24066560351965796,0.17578125,0.331298828125,1.0,1.32,2.3462370589866004,3.1055935519146525,0.0,5.520044455796958,0.0,1-318034,grid,-0.03377100080251694,-0.002666432410478592,-0.02763047767803073,-0.004021025262773037,0.014027209970636882,0.016179658199529184,0.32866085,0.34073907,0.33060002,0.99327594,0.32773575,0.3413176,0.33094662,0.9930792
576,9089-12704,0.031781248552962056,none,4736,0.35727964714018373,0.17578125,0.2890625,1.0,1.32,2.3912972988633903,2.0919454898729266,0.0,3.789745150986804,0.0,1-318089,grid,0.01898181438446045,0.0005876608192920685,-0.008818245027214289,-0.028678686823695898,0.017917603779086116,0.019763319772267078,,,,,,,,
577,9095-6102,0.03191614875905228,none,2357,0.3558273900559392,0.17578125,0.14385986328125,0.9637451171875,1.32,2.431586624043397,2.10048345727629,0.0,3.869323847528376,0.0,1-318321,grid,0.006739389151334763,0.0041884928941726685,0.0064095924608409405,-0.008428469765931368,0.003640911406571357,0.019068315799602924,,,,,,,,
578,9095-9102,0.03226494929192306,none,3614,0.35212871889490943,0.17578125,0.2205810546875,1.0,1.32,2.392590960845317,2.122546405200644,0.0,3.847261623528622,0.0,1-318334,grid,0.00046876072883605957,-0.005935657769441605,0.0068824454210698605,-0.006665904074907303,0.008462471254375386,0.009610450106982573,,,,,,,,
579,9095-6104,0.044725068327540425,none,1704,0.257855330855126,0.17578125,0.10400390625,0.72967529296875,1.32,2.3329613241836666,2.898561546040808,0.0,5.122903017181225,0.0,1-318463,grid,0.006729833781719208,-0.008867405354976654,-0.007895286194980145,-0.01729767583310604,0.013436229804096924,0.02450770964555285,,,,,,,,
580,9050-12701,0.03841925869400651,none,1938,0.2979188427971916,0.17578125,0.1182861328125,1.0,1.32,2.6424913779104973,2.508768963523054,0.0,5.022272996423579,0.0,1-318499,grid,-0.02840123325586319,0.013043969869613647,-0.019677456934005022,0.011382670141756535,0.012335583680049602,0.015102764786936975,,,,,,,,
581,11017-9101,0.025322930686437713,none,2343,0.4449146658498994,0.17578125,0.14300537109375,0.80572509765625,1.32,2.5252512607996205,1.6798941546027866,0.0,3.213753660545908,0.0,1-319387,grid,-0.045876435935497284,0.0179782435297966,-0.015708650462329388,-0.00012616533786058426,0.015031407642512443,0.0159913263338613,,,,,,,,
582,11017-12701,0.029442074979351484,none,4102,0.3845786633765513,0.17578125,0.2503662109375,1.0,1.32,2.46169665699273,1.9434503721452934,0.0,3.62438279101617,0.0,1-319408,grid,-0.03199480473995209,0.015247970819473267,-0.012572554871439934,-0.008308499120175838,0.015036630747091646,0.015842275510514214,,,,,,,,
583,11830-1902,0.0248930460296928,none,402,0.45236247907042987,0.17578125,0.0245361328125,0.258544921875,1.32,2.1980354001711855,1.6522359413940946,0.0,2.751267491378321,0.0,1-319447,grid,-0.0037045106291770935,-0.025962375104427338,-0.011846150737255812,-0.008639775216579437,0.014902097770274599,0.030310173228767705,,,,,,,,
584,11830-6104,0.03156508122271813,none,2257,0.35963267009717753,0.17578125,0.13775634765625,0.99371337890625,1.32,2.24814906287859,2.078258202338342,0.0,3.5395713863687015,0.0,1-319474,grid,-0.0051966458559036255,-0.0007380694150924683,0.012955461628735065,-0.00198089936748147,0.008806276249237159,0.011401769904938455,,,,,,,,
585,11017-6104,0.06778757356067293,none,7236,0.1748477873463587,0.17578125,0.441650390625,1.0,1.32,2.397622933425714,4.27462970965565,0.0,7.764356230131278,0.0,1-319661,grid,0.00357113778591156,0.004850432276725769,0.047074498143047094,-0.009985197801142931,0.026133629882865012,0.03724641835589129,,,,,,,,
586,11017-12704,0.02539879980234475,none,3254,0.4436264019957113,0.17578125,0.1986083984375,0.998779296875,1.32,2.5065576218846664,1.6847724641634914,0.0,3.199226713023038,0.0,1-319668,grid,0.00022914260625839233,-0.030082814395427704,0.005783775821328163,-0.01396091002970934,0.009484779898433946,0.01350911919100105,,,,,,,,
587,11758-3703,0.06736878292087661,none,5557,0.1758479484252105,0.17578125,0.33917236328125,0.98895263671875,1.32,2.286408516147742,4.25031712426362,0.0,7.362091870640092,0.0,1-319949,grid,-0.005594462156295776,0.0394853800535202,0.012570896185934544,0.015278036938980222,0.01327805476166107,0.03836141201550677,,,,,,,,
588,11016-9101,0.040118878290555424,none,2393,0.2858798993300139,0.17578125,0.14605712890625,0.854736328125,1.32,2.6643425873041093,2.614417971357629,0.0,5.2770493500767754,0.0,1-320267,grid,0.009819269180297852,0.003091808408498764,0.009082105942070484,-0.008954239543527365,0.016851295428909993,0.030957133053856365,,,,,,,,
589,11016-6104,0.04877300151166332,none,5138,0.23759986806531447,0.17578125,0.3135986328125,0.7147216796875,1.32,2.620955349275257,3.145664821046284,0.0,6.245944727082009,0.0,1-320543,grid,-0.002424269914627075,-0.009133629500865936,-0.00030204886570572853,-0.016147978138178587,0.006430203440316359,0.02749341961596454,,,,,,,,
590,8326-12703,0.052152079673960614,none,8416,0.223101054591117,0.17578125,0.513671875,1.0,1.32,2.5551037641255316,3.350094188609259,0.0,6.484725963250444,0.0,1-320606,grid,-0.017529286444187164,-0.0094984769821167,-0.0057143536396324635,-0.011846581241115928,0.01579726415817887,0.035837808191664454,,,,,,,,
591,9868-6101,0.026879341064202512,none,1580,0.41994268548848884,0.17578125,0.096435546875,0.873779296875,1.32,2.696393897063273,1.7797894148076203,0.0,3.6356161485947585,0.0,1-320912,grid,0.014960255473852158,-0.023690782487392426,0.005515791475772858,-0.012119311606511474,0.017033461274414075,0.018909143890873663,,,,,,,,
592,9868-12705,0.07313631173206624,none,10606,0.16308281394345228,0.17578125,0.6473388671875,1.0,1.32,2.599809885522708,4.583006194125744,0.0,9.026473340075691,0.0,1-321271,grid,-0.060649558901786804,-0.03932859003543854,-0.03832529531791806,-0.02859041327610612,0.030010552626833293,0.023943967002334216,,,,,,,,
593,9033-6101,0.04323546605183994,none,2816,0.2662645437229767,0.17578125,0.171875,0.70574951171875,1.32,2.4596919343439962,2.80701867401432,0.0,5.230606963656062,0.0,1-321512,grid,-0.01872444897890091,0.024447791278362274,-0.01669105188921094,-0.0171083128079772,0.013138363747980311,0.03681176817982861,,,,,,,,
594,9033-3701,0.07478971425800822,none,5172,0.15978710388299344,0.17578125,0.315673828125,0.92828369140625,1.32,2.4630587066969767,4.67753359498649,0.0,8.72806049015082,0.0,1-321684,grid,0.021180301904678345,0.02397829294204712,0.06165757915005088,0.049406731966882944,0.0245722783055654,0.018101601071022683,,,,,,,,
595,8552-12701,0.028340243296057263,none,3540,0.39899922278421746,0.17578125,0.216064453125,1.0,1.32,2.575567761088801,1.8732105321982147,0.0,3.6549853458043304,0.0,1-321739,grid,0.02513740211725235,0.022509202361106873,-0.00482269749045372,0.00610190536826849,0.017113322354696318,0.019706549814989833,,,,,,,,
596,9871-3702,0.02776294241410111,none,911,0.40701192491552196,0.17578125,0.05560302734375,0.558349609375,1.32,2.5147593228457454,1.836333288302125,0.0,3.4984365580376915,0.0,1-321932,grid,0.02620626986026764,0.018889635801315308,0.0067619928158819675,0.017497837776318192,0.018332712959055347,0.013339245857186216,,,,,,,,
597,8552-6102,0.04030476157453367,none,2014,0.28462485694115913,0.17578125,0.1229248046875,0.51470947265625,1.32,2.6470374682802724,2.625946147116768,0.0,5.265892303866897,0.0,1-321961,grid,0.014479488134384155,-0.022675208747386932,0.0031801885925233364,-0.014685558155179024,0.019046339130569415,0.013650727819090495,,,,,,,,
598,8980-6104,0.05027067679969712,none,5548,0.23093299048247126,0.17578125,0.338623046875,1.0,1.32,2.230266098543815,3.2364780142360368,0.0,5.468338783206847,0.0,1-321982,grid,0.0020025521516799927,0.029514750465750694,0.01144067570567131,-0.0007412857376039028,0.006572684042904343,0.037923504746372204,,,,,,,,
599,8552-9101,0.06609410097351498,none,12718,0.17897028277135538,0.17578125,0.7762451171875,1.0,1.32,2.530547341977294,4.1761656454058125,0.0,8.006049146695885,0.0,1-322020,grid,-0.012546487152576447,0.00029227137565612793,0.018340752460062504,0.023715590126812458,0.017425039565098888,0.018528514938226985,,,,,,,,
600,9871-6102,0.07519041487016799,none,6316,0.1590102528982977,0.17578125,0.385498046875,1.0,1.32,2.5200304112058514,4.700385873458978,0.0,8.973572231453788,0.0,1-322240,grid,-0.01934167742729187,-0.047148436307907104,-0.0015474800020456314,-0.017756015062332153,0.023849398234840603,0.016691564976660238,,,,,,,,
601,9872-12705,0.05571408511572023,none,5986,0.2097231157349325,0.17578125,0.3653564453125,1.0,1.32,2.382312598868791,3.5637919255545656,0.0,6.431868487875387,0.0,1-322586,grid,0.02602071315050125,0.03728043660521507,0.044728913344442844,0.03908592648804188,0.01936810093289886,0.018515605999389794,,,,,,,,
602,8315-12703,0.07801281918202153,none,14539,0.15376488305843972,0.17578125,0.88739013671875,1.0,1.32,2.439407897495378,4.860729781677383,0.0,8.982805012889994,0.0,1-322802,grid,-0.04668952524662018,-0.005800135433673859,-0.0020894864574074745,0.005936546251177788,0.0319605457526066,0.011306035006902177,,,,,,,,
603,8315-12704,0.04793397322986004,none,3745,0.24151701363890177,0.17578125,0.22857666015625,1.0,1.32,2.4209863772650433,3.094645529096219,0.0,5.67582929424706,0.0,1-322806,grid,-0.022425808012485504,0.03846440464258194,-0.011828145943582058,-0.0015297075733542442,0.010939007385652651,0.03159898123890332,,,,,,,,
604,11823-12703,0.0552417843941753,none,5883,0.21139763990366012,0.17578125,0.35906982421875,0.98974609375,1.32,2.4507230542164042,3.535562397001754,0.0,6.564154754509702,0.0,1-324389,grid,-0.01573234796524048,0.03481951355934143,0.009580997284501791,0.030096647329628468,0.018943619377924003,0.021046747395767975,,,,,,,,
605,9893-12702,0.048244973704982784,none,5210,0.2400491512424377,0.17578125,0.3179931640625,0.99786376953125,1.32,2.6234029029884556,3.1135687945151354,0.0,6.1879889501403555,0.0,1-324605,grid,-0.007106028497219086,-0.004252556711435318,-0.012212729547172785,-0.03661725344136357,0.023835174843894975,0.037401566258576394,,,,,,,,
606,11984-3702,0.05736944764465656,none,3620,0.20407198687415717,0.17578125,0.220947265625,0.70977783203125,1.32,2.593321789161314,3.6624798822544657,0.0,7.195446121981416,0.0,1-324877,grid,0.014962077140808105,-0.029608234763145447,0.012512948829680681,-0.023007404757663608,0.013092160665009171,0.010518967391568025,,,,,,,,
607,11984-9101,0.04612046045931386,none,3412,0.2504710430824497,0.17578125,0.208251953125,0.9088134765625,1.32,2.5030219499804383,2.9840157858577956,0.0,5.658376523553173,0.0,1-324879,grid,0.006777860224246979,0.0465792715549469,0.007214423734694719,0.016678293235599995,0.01244296844222804,0.020767284897042174,,,,,,,,
608,11952-12701,0.04584586003980033,none,9864,0.25188865298424395,0.17578125,0.60205078125,1.0,1.32,2.459094518515916,2.967221975279092,0.0,5.527787344415745,0.0,1-325038,grid,-0.007226340472698212,0.058516766875982285,0.0007520071230828762,0.018255742732435465,0.011915575168976107,0.025283650665883277,,,,,,,,
609,11975-3702,0.035956157931069446,none,1742,0.31738669359463784,0.17578125,0.1063232421875,0.66961669921875,1.32,2.5703766916744883,2.3548862051944743,0.0,4.585564101043683,0.0,1-325492,grid,0.015683773905038834,-0.018064290285110474,-0.004629360977560282,-0.03501953789964318,0.013653728322413029,0.010629344785225153,,,,,,,,
610,11977-3702,0.046515484062800705,none,1520,0.24846113326641212,0.17578125,0.0927734375,0.5191650390625,1.32,2.4270118844707183,3.008154783134186,0.0,5.530929855298565,0.0,1-325727,grid,-0.006480678915977478,0.025605935603380203,-0.003373608458787203,-0.009462412912398577,0.010723395214868625,0.027171325927845907,,,,,,,,
611,11952-1902,0.03438923553724519,none,794,0.33122335166030065,0.17578125,0.0484619140625,0.480224609375,1.32,2.428710281053907,2.2565122377749316,0.0,4.151829144854495,0.0,1-325800,grid,-0.021529532968997955,0.050164781510829926,-0.014713659882545471,0.01820214930921793,0.00838617435891952,0.02086628229693948,,,,,,,,
612,12073-3704,0.04657176914878876,none,2344,0.2481775277771615,0.17578125,0.14306640625,0.5166015625,1.32,2.504036003370552,3.0115923595201446,0.0,5.712981587662206,0.0,1-32585,grid,-0.00923524796962738,0.01559840515255928,0.0037129074335098267,-0.0026507244911044836,0.014552441221352184,0.023795893963365032,,,,,,,,
613,9893-6102,0.042520364959363156,none,1488,0.2705109412924749,0.17578125,0.0908203125,0.56475830078125,1.32,2.5051812234432056,2.7629549580776596,0.0,5.2437143046935315,0.0,1-325918,grid,0.004777427762746811,-0.0030930601060390472,-0.008207004517316818,-0.0030128590296953917,0.00731407800172855,0.013765816638039566,,,,,,,,
614,11977-12701,0.04607330038726631,none,2912,0.25071330170381695,0.17578125,0.177734375,1.0,1.32,2.4273067641694306,2.9811323985564155,0.0,5.481911239318656,0.0,1-325995,grid,-0.010781973600387573,0.05499894917011261,0.003649108111858368,0.025123422034084797,0.013072767551235107,0.03382564692072639,,,,,,,,
615,11977-12703,0.03138651294991517,none,4869,0.36160087417596654,0.17578125,0.29718017578125,1.0,1.32,2.384275543818144,2.066946182476829,0.0,3.7334615403543765,0.0,1-326068,grid,-0.009315401315689087,0.0034519657492637634,0.014438102021813393,-0.0017211828380823135,0.014848796343837978,0.013520021071419846,,,,,,,,
616,12696-3701,0.04162621159334399,none,1784,0.27602598100803405,0.17578125,0.10888671875,0.539306640625,1.32,2.504278564279007,2.707750711468512,0.0,5.137092472834714,0.0,1-32643,grid,0.0051735080778598785,-0.0007349327206611633,0.0009927451610565186,0.0010328558273613453,0.009746510064528318,0.0029406504987846576,,,,,,,,
617,11970-3704,0.02924063967161402,none,1104,0.3871338066101692,0.17578125,0.0673828125,0.91357421875,1.32,2.523641909880299,1.9306232979309774,0.0,3.691062020340858,0.0,1-333018,grid,0.005644835531711578,-0.00437445193529129,-0.002752297092229128,0.0019717919640243053,0.01177901621155615,0.013660588391116292,,,,,,,,
618,11970-12704,0.0316748803904609,none,5023,0.358433470096448,0.17578125,0.30657958984375,1.0,1.32,2.6857250323672557,2.0852113678367803,0.0,4.242654824527277,0.0,1-333381,grid,-0.0022607967257499695,0.0006701834499835968,0.0012694364413619041,-0.0012248805724084377,0.010011547379578737,0.009837555509816959,,,,,,,,
619,11970-6102,0.04549319950103252,none,4752,0.2537343645785198,0.17578125,0.2900390625,1.0,1.32,2.658435981267385,2.9456378433399286,0.0,5.932416386755852,0.0,1-333429,grid,-0.02231551706790924,0.03420219197869301,-0.005192318931221962,0.004895833320915699,0.017685895753802465,0.029408304121372932,,,,,,,,
620,11962-12705,0.046677616310493976,none,4836,0.24764604613722105,0.17578125,0.295166015625,1.0,1.32,2.6723381489970373,3.0180556407678614,0.0,6.110049412590647,0.0,1-333721,grid,-0.04910664260387421,0.03474585339426994,-0.013131266459822655,0.0073444179724901915,0.021018318750131115,0.027467862261961046,,,,,,,,
621,11970-6101,0.0293599068538213,none,1019,0.38561670486630023,0.17578125,0.06219482421875,0.91815185546875,1.32,2.5173337629284047,1.9382187986836243,0.0,3.6963209256581964,0.0,1-333824,grid,-0.0008217692375183105,0.0007935576140880585,-0.016665547620505095,-0.005196924787014723,0.009677346526774882,0.013114797051922252,,,,,,,,
622,12074-3701,0.04548733949208004,none,1556,0.25376527587836406,0.17578125,0.094970703125,0.371337890625,1.32,2.437280910302282,2.945279033434621,0.0,5.438236639169513,0.0,1-33389,grid,0.014162823557853699,0.03193017095327377,0.002335481345653534,0.0032741816248744726,0.01976828432683734,0.024431899283644358,,,,,,,,
623,11970-12703,0.025631193157377555,none,2640,0.4397278126026048,0.17578125,0.1611328125,1.0,1.32,2.6991967817884337,1.6997095135616418,0.0,3.475644279530884,0.0,1-333998,grid,0.01993880793452263,-0.010565482079982758,0.0043738302774727345,-0.001725032925605774,0.01453239276588942,0.010953454410549318,,,,,,,,
624,12074-3704,0.043181391969229696,none,2216,0.26658072669098826,0.17578125,0.13525390625,0.45086669921875,1.32,2.362656121317433,2.8036893579507383,0.0,5.018298351390041,0.0,1-33518,grid,0.012430179864168167,0.00903184711933136,0.00784121174365282,-0.0034251431934535503,0.011382339833056601,0.018177367337690736,,,,,,,,
625,11967-1901,0.031182165637728975,none,593,0.3638808863628786,0.17578125,0.03619384765625,0.39642333984375,1.32,2.2283841695390576,2.0539950694550835,0.0,3.467492497791655,0.0,1-335441,grid,0.03424863517284393,-0.03922354429960251,0.020494870375841856,-0.00414591608569026,0.01907012703276691,0.019020222834710686,,,,,,,,
626,11967-3704,0.04376544086149494,none,1747,0.2632070461717648,0.17578125,0.10662841796875,0.34210205078125,1.32,2.3229503434753185,2.8396259041277725,0.0,4.9972045222235,0.0,1-335450,grid,0.0030060410499572754,0.015089277178049088,0.009746421128511429,0.012106306850910187,0.017326833502158634,0.015722597616998703,,,,,,,,
627,11963-12701,0.04301367571300562,none,2198,0.26756646011335017,0.17578125,0.1341552734375,1.0,1.32,2.412760470646196,2.793360371631296,0.0,5.105840518895118,0.0,1-335786,grid,-0.013811253011226654,0.03705378994345665,-0.005008748732507229,0.0015964992344379425,0.008055096452850014,0.01939520016596722,,,,,,,,
628,11963-9102,0.03342179805926819,none,3555,0.34041435606918724,0.17578125,0.21697998046875,0.882080078125,1.32,2.3450182501488235,2.195587621769957,0.0,3.900525032463182,0.0,1-336095,grid,-0.007357053458690643,-0.020478330552577972,-0.0011500073596835136,-0.014566041994839907,0.01052448102587061,0.010411541982924913,,,,,,,,
629,11960-12702,0.03462263989382255,none,2496,0.3290828648444151,0.17578125,0.15234375,1.0,1.32,2.4069887562588446,2.2711894975499893,0.0,4.141460290860604,0.0,1-336336,grid,-0.002650998532772064,0.03400155156850815,0.0032867593690752983,0.016232282854616642,0.00762814071151119,0.022907473957865708,,,,,,,,
630,11960-12703,0.03639179859660795,none,4340,0.313751559044561,0.17578125,0.264892578125,1.0,1.32,2.283993729723138,2.382169984220369,0.0,4.121864626586355,0.0,1-336486,grid,0.015565622597932816,0.020223937928676605,0.02071257820352912,0.003413055557757616,0.009893507034652839,0.012855622742302628,,,,,,,,
631,11974-6101,0.05786106239570799,none,3290,0.2024560397670524,0.17578125,0.2008056640625,0.76947021484375,1.32,2.507174270190311,3.6917127654886155,0.0,7.011944892853161,0.0,1-336908,grid,0.04742760583758354,-0.051347531378269196,0.00483940914273262,-0.04648186592385173,0.03391846974704624,0.017851366567319803,,,,,,,,
632,12075-6102,0.042157226404587814,none,2089,0.2727225102979649,0.17578125,0.12750244140625,0.8570556640625,1.32,2.426515318214009,2.740549526482836,0.0,5.03786773207178,0.0,1-33721,grid,-0.002397313714027405,0.022019140422344208,0.009467849507927895,0.008406390668824315,0.017441518314538256,0.020099159812597127,,,,,,,,
633,11974-6102,0.04231047063870267,none,1680,0.2717845969470346,0.17578125,0.1025390625,0.32159423828125,1.32,2.4354646054285505,2.750007008689875,0.0,5.073897526018663,0.0,1-337230,grid,-0.002535223960876465,-0.005209110677242279,-0.0035734204575419426,-0.005903341807425022,0.014716886240484233,0.01029416021119522,,,,,,,,
634,8131-6101,0.05187167924558628,none,5443,0.224232250825722,0.17578125,0.33221435546875,0.87188720703125,1.32,2.448061668429154,3.3331937921775596,0.0,6.181715118239314,0.0,1-338034,grid,0.004836082458496094,0.020179864019155502,0.022723889909684658,0.00047359871678054333,0.01058950802068353,0.0208586172186146,,,,,,,,
635,8131-3701,0.08067252324531408,none,7715,0.14915847769322282,0.17578125,0.47088623046875,1.0,1.32,2.4876796990054655,5.010841877828158,0.0,9.443461829090555,0.0,1-338090,grid,-0.02735249698162079,-0.026679955422878265,-0.006963821593672037,-0.014776961179450154,0.03019064276342031,0.012256004250694225,,,,,,,,
636,8131-12704,0.049755476012612744,none,6914,0.23318107464411933,0.17578125,0.4219970703125,1.0,1.32,2.4120726257043077,3.2052753320525413,0.0,5.857088550219107,0.0,1-338113,grid,-0.052986517548561096,0.03713621571660042,-0.03251067688688636,0.0025764680467545986,0.013525914555717763,0.03231856884345351,,,,,,,,
637,8135-6104,0.05080607761764157,none,2783,0.22864511483197622,0.17578125,0.16986083984375,0.7457275390625,1.32,2.478304862963078,3.2688629582466473,0.0,6.1373022468049525,0.0,1-338237,grid,0.013352259993553162,0.009059526026248932,0.030992648098617792,0.009051505476236343,0.01547648361208151,0.031119640349029743,,,,,,,,
638,8131-6104,0.10102515433850803,none,13585,0.12195635697670025,0.17578125,0.82916259765625,1.0,1.32,2.3644252221641895,6.1285001043536464,0.0,10.977560773310325,0.0,1-338359,grid,-0.06698451936244965,-0.030254311859607697,-0.02144167246297002,-0.019619281869381666,0.03557927957537269,0.022755967310251906,,,,,,,,
639,8137-1901,0.023256035528793295,none,347,0.4832450988129123,0.17578125,0.02117919921875,0.2283935546875,1.32,2.9328238352758236,1.5466469257407962,0.0,3.4363961883096086,0.0,1-338677,grid,0.043062642216682434,-0.034070320427417755,0.002909750211983919,-0.026718168519437313,0.026175498865063478,0.02466838297882973,,,,,,,,
640,8137-12703,0.03828695849188837,none,6909,0.2989008292456963,0.17578125,0.42169189453125,1.0,1.32,2.924064928039065,2.500526841442544,0.0,5.539168817183668,0.0,1-338796,grid,0.014340076595544815,0.028092773631215096,0.018529560416936874,0.024262283695861697,0.008759075767687495,0.02848257192388622,,,,,,,,
641,8137-3704,0.04182546389774644,none,1397,0.27477658391241827,0.17578125,0.08526611328125,0.776123046875,1.32,2.933938466079327,2.7200627353913314,0.0,6.045830825389077,0.0,1-338828,grid,-0.009229660034179688,-0.0012899897992610931,-0.005080628674477339,0.003892953973263502,0.012105389921428964,0.03161024069511654,,,,,,,,
642,8138-12702,0.0500591764765831,none,4450,0.2318502706217441,0.17578125,0.2716064453125,1.0,1.32,2.399612200382798,3.223673383921434,0.0,5.8602772591721,0.0,1-338963,grid,-0.007723294198513031,0.040135081857442856,-0.019317273050546646,-0.007049445528537035,0.010010098448268927,0.04425999612639176,,,,,,,,
643,8138-12704,0.03080504706159604,none,4691,0.3681680496850971,0.17578125,0.28631591796875,1.0,1.32,2.4581873293263232,2.0300771538909346,0.0,3.7805378312496507,0.0,1-339041,grid,-0.002586051821708679,0.00989282876253128,-0.0070501044392585754,0.004407342756167054,0.009354009226890366,0.014502204230793816,,,,,,,,
644,8138-12705,0.05312928116685435,none,4957,0.21925221360482258,0.17578125,0.30255126953125,1.0,1.32,2.3993273245285245,3.408903080930437,0.0,6.196268415716567,0.0,1-339042,grid,0.02776418998837471,0.046036384999752045,0.035846677143126726,0.02008972829207778,0.015391999670668649,0.02555938745879263,,,,,,,,
645,8141-3702,0.023946136583076934,none,781,0.469711254441397,0.17578125,0.04766845703125,0.356201171875,1.32,2.522770048405975,1.591210641412357,0.0,3.0411049597423894,0.0,1-339116,grid,0.02690863609313965,-0.05156945437192917,0.006791710387915373,-0.00748700276017189,0.02810570613042434,0.033049782130213416,,,,,,,,
646,12075-9102,0.027699270316827746,none,2546,0.4079161234447544,0.17578125,0.1553955078125,1.0,1.32,2.3853606294826974,1.8322628194899544,0.0,3.31106635793659,0.0,1-34048,grid,-0.02063491940498352,-0.012821145355701447,-0.0010533817112445831,-0.00888250395655632,0.024837997385973518,0.010143547393611735,,,,,,,,
647,12075-6104,0.046696294339028825,none,2880,0.24755250997713196,0.17578125,0.17578125,0.67291259765625,1.32,2.416491607545479,3.0191959941239985,0.0,5.527168016163312,0.0,1-34179,grid,-0.04956239461898804,0.05068344622850418,-0.015095754060894251,0.014602407347410917,0.01799690170710251,0.03393410215135225,,,,,,,,
648,8720-3701,0.05820178891624393,none,3646,0.2013521002244005,0.17578125,0.2225341796875,0.7296142578125,1.32,2.462573244130791,3.7119530694009844,0.0,6.924966903163657,0.0,1-351470,grid,0.002755396068096161,-0.04064711928367615,-0.00035376381129026413,-0.019940821919590235,0.013624520556436084,0.024221377818723133,,,,,,,,
649,8567-3701,0.030753246982459837,none,1231,0.3687651396497007,0.17578125,0.07513427734375,0.739501953125,1.32,2.5991094720448173,2.026790133059435,0.0,3.9907950247589037,0.0,1-351566,grid,0.016363050788640976,-0.007697008550167084,0.0033714999444782734,-0.009745412040501833,0.007406436168881967,0.007823927050665983,,,,,,,,
650,8720-1901,0.022721434712071033,none,343,0.4942945825590465,0.17578125,0.02093505859375,0.21875,1.32,2.4374222987361134,1.5120731094984547,0.0,2.7920914503112018,0.0,1-351790,grid,0.03581758588552475,-0.004437070339918137,0.004937655758112669,0.005219000857323408,0.0343086643615482,0.008546407383153013,,,,,,,,
651,8716-12704,0.04179956385817834,none,2112,0.2749383143001963,0.17578125,0.12890625,0.987548828125,1.32,2.3704292639632163,2.718462679021978,0.0,4.881760217686015,0.0,1-352245,grid,0.009417593479156494,-0.02809007465839386,-0.006594500970095396,-0.009729413082823157,0.008532491392825076,0.018440125119692286,,,,,,,,
652,8723-12703,0.03824685843062657,none,6796,0.29919981067449464,0.17578125,0.414794921875,1.0,1.32,2.278584535304252,2.4980281397016646,0.0,4.312097187787168,0.0,1-352833,grid,-0.017799012362957,-0.004192732274532318,-0.01419401541352272,-0.0183134526014328,0.008409590021095061,0.029316668683976217,,,,,,,,
653,12079-12702,0.027728955362178287,none,2591,0.40749405344901696,0.17578125,0.15814208984375,1.0,1.32,2.386509595413618,1.8341606218109123,0.0,3.3160923662739017,0.0,1-35296,grid,-0.014261990785598755,0.013020865619182587,-0.015077739022672176,0.007383664604276419,0.01926607054460297,0.0149880562292801,,,,,,,,
654,12079-6101,0.04200079016559652,none,3214,0.27368702371779,0.17578125,0.1961669921875,1.0,1.32,2.4468870170732466,2.7308914259266555,0.0,5.062259678133771,0.0,1-35362,grid,-0.0178326815366745,-0.030487798154354095,-0.015900337137281895,-0.045733514707535505,0.007582601371250855,0.008423382128824356,,,,,,,,
655,12078-1902,0.02233061111500062,none,319,0.5027072031771762,0.17578125,0.01947021484375,0.1263427734375,1.32,2.5640845185383867,1.4867691207417968,0.0,2.8880315796477047,0.0,1-35371,grid,0.04253983497619629,-0.013022460043430328,0.002366890199482441,-0.0005908692255616188,0.037520171334826456,0.01392350413704936,,,,,,,,
656,12078-3703,0.03924443195464315,none,1264,0.2919435732052973,0.17578125,0.0771484375,0.48345947265625,1.32,2.6476554686584777,2.560116457616668,0.0,5.135080560160106,0.0,1-35528,grid,0.00024584680795669556,0.010903172194957733,0.0005982317961752415,0.014800552278757095,0.022347510591549255,0.018188836013021528,,,,,,,,
657,12079-1902,0.05959188103992042,none,2283,0.19697922448990687,0.17578125,0.13934326171875,1.0,1.32,2.486282843901588,3.7943572394183884,0.0,7.1468525060604,0.0,1-35580,grid,-0.010880164802074432,0.04357917979359627,0.015249339863657951,0.007147541269659996,0.020730176241598928,0.04133331477363068,,,,,,,,
658,12079-12705,0.05007925050725066,none,5749,0.23176287616645677,0.17578125,0.35089111328125,1.0,1.32,2.461912195757983,3.224888984901505,0.0,6.0146920620413615,0.0,1-35716,grid,-0.03607866168022156,0.05716883763670921,-0.044175167102366686,-0.003987686708569527,0.006267425899114315,0.04682166567284173,,,,,,,,
659,10223-12703,0.04291796556678697,none,3716,0.2681324406494767,0.17578125,0.226806640625,1.0,1.32,2.53669032236877,2.787464078005276,0.0,5.356767538353462,0.0,1-36004,grid,-0.016289465129375458,-0.009714074432849884,0.01497008465230465,-0.0085842355620116,0.0191185109370286,0.02892667152311285,,,,,,,,
660,12082-6101,0.04924847523805572,none,4846,0.23543933598749076,0.17578125,0.2957763671875,1.0,1.32,2.4254407530520306,3.174531321724459,0.0,5.833058817841387,0.0,1-36357,grid,0.007264316082000732,-0.010463692247867584,0.0029996056109666824,-0.02785625495016575,0.009094748967502925,0.02457560100176601,,,,,,,,
661,12082-6104,0.050217790718901804,none,5103,0.23116163313402713,0.17578125,0.31146240234375,1.0,1.32,2.3380336407104774,3.233276804308401,0.0,5.726901468334778,0.0,1-36382,grid,-0.023005321621894836,0.03918559104204178,0.006836890242993832,0.0005115105304867029,0.023905212619546465,0.03336557732824748,,,,,,,,
662,10226-3703,0.020005430562767518,none,542,0.5595537310115446,0.17578125,0.0330810546875,0.347900390625,1.32,2.314587320901041,1.3357243550269127,0.0,2.3421595881545545,0.0,1-36392,grid,0.008997097611427307,-0.04439615458250046,-0.014442647341638803,-0.026375432033091784,0.021172430776579217,0.019698224927713455,,,,,,,,
663,11962-6104,0.04591203014088995,none,3624,0.2515455014859629,0.17578125,0.22119140625,0.653076171875,1.32,2.6360300755895674,2.971269778402323,0.0,5.933603407999145,0.0,1-364106,grid,0.007908277213573456,0.003512769937515259,0.0017343228682875633,-0.008987606270238757,0.013488441927893564,0.017278657796818184,,,,,,,,
664,11969-6102,0.03187717169950611,none,2161,0.35624573130109044,0.17578125,0.13189697265625,0.93682861328125,1.32,2.278149836883397,2.098016848450614,0.0,3.620906622027564,0.0,1-364559,grid,-0.014637455344200134,-0.029773958027362823,-0.0043035838752985,-0.01829111622646451,0.016606219738509242,0.008724781720170544,,,,,,,,
665,11969-6104,0.043796508908958316,none,1963,0.26303010787067527,0.17578125,0.11981201171875,0.75238037109375,1.32,2.458343140119212,2.8415360983153266,0.0,5.292023314162569,0.0,1-364846,grid,-0.015682600438594818,0.030939385294914246,0.000814598985016346,0.011189020704478025,0.01910046993878868,0.01639669978016629,,,,,,,,
666,10226-12704,0.0537824821647649,none,5812,0.21675755839579847,0.17578125,0.354736328125,0.67291259765625,1.32,2.353705695119808,3.4481360280573523,0.0,6.1484071263533195,0.0,1-36593,grid,0.003829255700111389,0.026336461305618286,0.011130709201097488,-0.0006234247703105211,0.010867065997149436,0.03324346591311019,,,,,,,,
667,11022-3702,0.029182456582726345,none,1129,0.3878784084620196,0.17578125,0.06890869140625,0.61151123046875,1.32,2.687483572644159,1.9269171218420196,0.0,3.923150083937266,0.0,1-368248,grid,0.0053838640451431274,-0.008027501404285431,-0.016919422894716263,-0.006217647343873978,0.011657115977582498,0.005469633465181094,,,,,,,,
668,8078-12701,0.02666954074368562,none,3605,0.42313884263113954,0.17578125,0.22003173828125,1.0,1.32,2.4605036351053013,1.7663458684407125,0.0,3.2925003258724264,0.0,1-36832,grid,-0.049438610672950745,-0.0029102452099323273,-0.03366041649132967,-0.0022577447816729546,0.009401418951053932,0.011258756949367923,,,,,,,,
669,11022-6103,0.058371159174994865,none,5344,0.20080814877673525,0.17578125,0.326171875,0.97137451171875,1.32,2.6834766061030964,3.7220080510243205,0.0,7.566607221705411,0.0,1-368442,grid,-0.02760632336139679,0.026589561253786087,-0.017972579691559076,0.0014876066707074642,0.011280116760164651,0.03994201451540613,,,,,,,,
670,11022-12704,0.026861031036229853,none,1984,0.42021963658306993,0.17578125,0.12109375,0.80828857421875,1.32,2.6356213867447,1.7786164219637757,0.0,3.55133293980535,0.0,1-368603,grid,-4.26173210144043e-06,-0.009153313934803009,-0.0018100766465067863,-0.0011453777551651,0.011912862750665283,0.01715942007659754,,,,,,,,
671,11824-3701,0.04538452433500691,none,2630,0.2543089210816723,0.17578125,0.1605224609375,0.49267578125,1.32,2.5685605196635586,2.9389828059483003,0.0,5.7189054570672955,0.0,1-368851,grid,0.01109488308429718,-0.020649418234825134,-0.0015534721314907074,-0.008609214331954718,0.022565595445994374,0.03255223586679372,,,,,,,,
672,11824-12701,0.0570631571767294,none,12638,0.20509286332171148,0.17578125,0.7713623046875,1.0,1.32,2.5826146583307397,3.644249411477089,0.0,7.130069658101439,0.0,1-368926,grid,-0.015688903629779816,0.026214756071567535,-0.0018643485382199287,0.001654371153563261,0.011932396215047191,0.031741745359480225,,,,,,,,
673,8077-12703,0.07515841482128076,none,8912,0.15907198746716458,0.17578125,0.5439453125,1.0,1.32,2.525141556780842,4.698561691212775,0.0,8.98828286634837,0.0,1-36925,grid,-0.0178946852684021,0.07686938345432281,-0.007516689598560333,0.030607495456933975,0.005386917861354972,0.04266855283930218,,,,,,,,
674,8079-12704,0.027807742482543227,none,3762,0.4063782077497485,0.17578125,0.2296142578125,1.0,1.32,2.4165117857734013,1.8391969160869963,0.0,3.3670007758199385,0.0,1-37069,grid,0.013611577451229095,0.0072285085916519165,-0.003872453235089779,-0.01565376832149923,0.01696147476962469,0.016951092088984165,,,,,,,,
675,8154-3701,0.0435077664678397,none,1381,0.2646842952865854,0.17578125,0.08428955078125,0.451416015625,1.32,2.419079646116902,2.8237774577786894,0.0,5.17495649490618,0.0,1-37126,grid,-0.0080171599984169,0.013605497777462006,0.01546444371342659,0.012125043198466301,0.016830524261427216,0.022195745516624614,,,,,,,,
676,8079-9102,0.043588066590516096,none,1893,0.2642220595348991,0.17578125,0.11553955078125,1.0,1.32,2.413388820749348,2.8287174347741337,0.0,5.17181441980505,0.0,1-37192,grid,0.027761202305555344,-0.03950779139995575,0.01049314346164465,0.00614851713180542,0.0217708485384029,0.04063307312123024,,,,,,,,
677,8079-6103,0.04305146577073838,none,1596,0.26734368257358543,0.17578125,0.097412109375,0.57427978515625,1.32,2.2804018602213256,2.795688079341752,0.0,4.829766891461754,0.0,1-37201,grid,0.011559747159481049,-0.007982619106769562,0.01197013445198536,-0.009785424917936325,0.005494358649876104,0.02241582411115701,,,,,,,,
678,8078-12703,0.028076642893348717,none,4102,0.4026170002783699,0.17578125,0.2503662109375,1.0,1.32,2.4545008943840245,1.8563785084622313,0.0,3.4518808404059302,0.0,1-37211,grid,-0.008917443454265594,0.004015281796455383,0.007434147875756025,-0.0031341728754341602,0.015159344614732478,0.011273332187880092,,,,,,,,
679,8078-6103,0.02823344313289614,none,1910,0.4004568564130213,0.17578125,0.1165771484375,0.57427978515625,1.32,2.422528176146936,1.8663921830506465,0.0,3.425293675136803,0.0,1-37213,grid,-0.04113497585058212,-0.0019092299044132233,-0.03621488390490413,-5.420297384262085e-05,0.01325403330842398,0.013154046361376646,,,,,,,,
680,9002-6101,0.06404639784519067,none,7753,0.18424673044482603,0.17578125,0.47320556640625,0.9415283203125,1.32,2.4298909981518473,4.056568844689024,0.0,7.467439484161438,0.0,1-373191,grid,-0.015434496104717255,0.026750607416033745,-0.005756388884037733,0.002085038460791111,0.013811997562899287,0.029188382102238425,,,,,,,,
681,9002-3704,0.05386808229553824,none,3192,0.21643512902019596,0.17578125,0.19482421875,0.67181396484375,1.32,2.390362445532999,3.4532728113122335,0.0,6.253464880561306,0.0,1-373354,grid,-0.017255552113056183,0.007625892758369446,-0.02328014699742198,-0.0021819020621478558,0.02186654738828521,0.0255360040771026,,,,,,,,
682,9193-12705,0.044885268572282117,none,8401,0.25698421976622293,0.17578125,0.51275634765625,1.0,1.32,2.4226175600729403,2.908386931844345,0.0,5.337810039827857,0.0,1-37388,grid,-0.029688067734241486,0.05356781557202339,-0.017812723759561777,0.021403761114925146,0.017620151978862637,0.023745431621205345,,,,,,,,
683,9192-6102,0.023048335211484628,none,1240,0.4874770885297736,0.17578125,0.07568359375,0.9613037109375,1.32,2.3966299114685135,1.533219845700807,0.0,2.783757987169464,0.0,1-37418,grid,-0.016917943954467773,-0.04530218243598938,-0.0005631111562252045,-0.014397069346159697,0.011906920330352063,0.0274755436940247,,,,,,,,
684,9042-6103,0.07321331184970112,none,8509,0.16292601935850026,0.17578125,0.51934814453125,0.98492431640625,1.32,2.543894023471272,4.587416726936095,0.0,8.840834844564297,0.0,1-375009,grid,-0.029289737343788147,-0.030023492872714996,-0.00044416310265660286,-0.008843493182212114,0.022422565276707548,0.017926211409851494,,,,,,,,
685,9888-12705,0.03157894824390311,none,5052,0.35948075759415554,0.17578125,0.308349609375,1.0,1.32,2.4240249278573263,2.0791364507529613,0.0,3.818089837153017,0.0,1-375695,grid,0.030502937734127045,0.019679006189107895,0.018082030583173037,0.007330673281103373,0.009214268048984588,0.01514227646260265,,,,,,,,
686,9886-12702,0.04168876368890631,none,3493,0.27563246573036215,0.17578125,0.21319580078125,0.9661865234375,1.32,2.368638969670776,2.711616516138025,0.0,4.8657882961571435,0.0,1-375869,grid,-0.015898510813713074,-0.03497602790594101,-0.013143701944500208,-0.020062193274497986,0.014254327281510446,0.010500346064740039,,,,,,,,
687,9092-3702,0.04104006269787052,none,1798,0.2797717646833451,0.17578125,0.1097412109375,0.90509033203125,1.32,2.4062254655815574,2.671497416132185,0.0,4.869867510554995,0.0,1-375992,grid,-0.015219420194625854,0.03702860698103905,0.003814290277659893,0.017540978966280818,0.011554642026794506,0.033464176374770414,,,,,,,,
688,9192-9102,0.028963944248899903,none,2849,0.39070155647949534,0.17578125,0.17388916015625,1.0,1.32,2.391238847330433,1.9129935216869898,0.0,3.4654730482949865,0.0,1-37606,grid,0.005090136080980301,0.02161184325814247,-0.011692281812429428,0.007568346336483955,0.017792702440015115,0.012206527985670512,,,,,,,,
689,9095-1902,0.03130334782286185,none,630,0.3625251985822301,0.17578125,0.0384521484375,0.18402099609375,1.32,2.4157081216631124,2.0616761245322546,0.0,3.7730361805087096,0.0,1-376429,grid,0.010862436145544052,-0.04077877104282379,0.0011831894516944885,0.007394390180706978,0.020626954857947202,0.03152833352758132,,,,,,,,
690,8081-9101,0.028204743089050407,none,2715,0.4008504436549069,0.17578125,0.16571044921875,1.0,1.32,2.47314085839119,1.864559608924232,0.0,3.49342314525486,0.0,1-37727,grid,-0.05396389216184616,-0.0042769648134708405,-0.03267879504710436,-0.0006462694145739079,0.018274668252498145,0.011819389203274957,,,,,,,,
691,8132-6102,0.026552140564330598,none,1179,0.42494939503363005,0.17578125,0.07196044921875,0.86956787109375,1.32,2.49201673389263,1.758820121156188,0.0,3.3204614953244564,0.0,1-377378,grid,-0.018882766366004944,0.004141852259635925,-0.001769730355590582,0.020105880219489336,0.00996544449566725,0.01763819066666579,,,,,,,,
692,8132-9101,0.023054835221414844,none,1726,0.4873434918073152,0.17578125,0.1053466796875,0.76806640625,1.32,2.536146195911046,1.5336401511930053,0.0,2.9466179055640773,0.0,1-377560,grid,-0.010156989097595215,-0.006812162697315216,-0.0071511161513626575,-0.003267694730311632,0.01003361702379523,0.012084098750589843,,,,,,,,
693,8132-1902,0.06996080688077266,none,2994,0.16985024223977788,0.17578125,0.1827392578125,0.98065185546875,1.32,2.5331468856674784,4.400403182252626,0.0,8.44459667939735,0.0,1-377626,grid,-0.03999333828687668,0.02643548510968685,-0.012490878347307444,-0.0010815353598445654,0.013818601130449089,0.023052486042879024,,,,,,,,
694,8133-9101,0.056451186241806985,none,8538,0.20716579957009224,0.17578125,0.5211181640625,0.985595703125,1.32,2.5552629564180465,3.607784431645149,0.0,6.983968115851957,0.0,1-377679,grid,0.024382658302783966,0.03048516809940338,0.01343909977003932,-0.005563775077462196,0.012616700162542158,0.029061875298731343,,,,,,,,
695,8080-9101,0.044820968474049344,none,3529,0.25733311186930113,0.17578125,0.21539306640625,1.0,1.32,2.5418174871569765,2.9044437423113494,0.0,5.592852950508059,0.0,1-37769,grid,0.004547394812107086,0.011543340981006622,0.0014670668169856071,-0.015522039029747248,0.01585160372511196,0.02906524929066476,,,,,,,,
696,8133-6104,0.06759320326372885,none,10023,0.17531044128206366,0.17578125,0.61175537109375,0.99609375,1.32,2.5200605823729814,4.2633487257941605,0.0,8.139315964230256,0.0,1-377787,grid,0.01960214227437973,0.026566823944449425,0.048199291341006756,0.02837822283618152,0.014480434681636034,0.0255543806225679,,,,,,,,
697,8567-3702,0.08082792348272269,none,6774,0.1488987306764841,0.17578125,0.4134521484375,0.87274169921875,1.32,2.570714185115349,5.019583062008857,0.0,9.77569195520523,0.0,1-378394,grid,-0.09157797694206238,-0.03252431005239487,-0.057571316603571177,-0.038789885118603706,0.03595645621013335,0.016328303196056108,,,,,,,,
698,8567-3704,0.06117459345786746,none,3743,0.19224265166288637,0.17578125,0.22845458984375,0.8887939453125,1.32,2.584272895685595,3.88784455475023,0.0,7.611554019302916,0.0,1-378401,grid,-0.04922056943178177,-0.0025598034262657166,-0.012990692630410194,-0.007104132324457169,0.023319458073692925,0.02108973510148962,,,,,,,,
699,8239-12702,0.08172812485798153,none,10500,0.14741354860249664,0.17578125,0.640869140625,1.0,1.32,2.6219326083735646,5.0701550403192694,0.0,10.070912749789908,0.0,1-378479,grid,-0.02841029316186905,0.024825502187013626,0.028546566143631935,0.03286059619858861,0.03776695619784267,0.012720698615344419,,,,,,,,
700,8715-12705,0.09672174776409244,none,12957,0.12675090745652165,0.17578125,0.79083251953125,1.0,1.32,2.5163478749629675,5.896680043215281,0.0,11.240983557637355,0.0,1-378795,grid,-0.08947831392288208,-0.04239191859960556,-0.056783202569931746,-0.03362918412312865,0.034944356549718766,0.01850676470700366,,,,,,,,
701,8711-6102,0.06959650632422214,none,10132,0.17066617383526,0.17578125,0.618408203125,1.0,1.32,2.355298225663781,4.379365457502754,0.0,7.81417552393143,0.0,1-378966,grid,-0.046516790986061096,0.026750562712550163,-0.01048288494348526,-0.005752775818109512,0.02440834724649446,0.026961881836421495,,,,,,,,
702,8715-6101,0.05435748304320729,none,5394,0.21461122629111296,0.17578125,0.3292236328125,0.79931640625,1.32,2.5600656325402023,3.48262092051262,0.0,6.754347068007487,0.0,1-379030,grid,-0.007041335105895996,-0.01455555111169815,0.005792939569801092,0.0021343936678022146,0.012400229821250103,0.027395829665671702,,,,,,,,
703,8715-6103,0.02241413424260087,none,758,0.5008846841831406,0.17578125,0.0462646484375,0.64056396484375,1.32,2.605639640695247,1.4921788788115942,0.0,2.9455154830603623,0.0,1-379045,grid,-0.0031809955835342407,-0.006761990487575531,0.003953122533857822,0.019576420076191425,0.010306224431834503,0.03195245767327889,,,,,,,,
704,8080-6101,0.026421040364045738,none,1578,0.42699025067489377,0.17578125,0.0963134765625,0.77935791015625,1.32,2.5478004752419126,1.750413610795457,0.0,3.378564113223164,0.0,1-37908,grid,-0.002687022089958191,0.011327624320983887,-0.0063177673146128654,0.0016911779530346394,0.017250054531742942,0.01229050082762181,,,,,,,,
705,8716-9101,0.02293563503930992,none,1729,0.48980549082769104,0.17578125,0.10552978515625,0.77716064453125,1.32,2.5374317020661814,1.5259313348964267,0.0,2.9332928366230004,0.0,1-379214,grid,0.021846584975719452,-0.0037950389087200165,0.004723721649497747,-0.0007397737354040146,0.018660424056614434,0.016066975089250514,,,,,,,,
706,8711-12703,0.040472261830427764,none,1704,0.2835038127660888,0.17578125,0.10400390625,0.63983154296875,1.32,2.4495519101450323,2.636329787476139,0.0,4.892292929306381,0.0,1-379241,grid,0.020137526094913483,-0.04895354062318802,0.007933290209621191,-0.00792673695832491,0.020840116610531072,0.032537844140425064,,,,,,,,
707,8716-6103,0.07117230873161258,none,9567,0.16719699493128815,0.17578125,0.58392333984375,1.0,1.32,2.4348362676484085,4.470233132870936,0.0,8.245671027846758,0.0,1-379380,grid,-0.008563876152038574,0.012739911675453186,0.026158456690609455,0.013701871270313859,0.020504374777350242,0.013117679762810069,,,,,,,,
708,8712-3703,0.03277955007809081,none,1221,0.34681568717100064,0.17578125,0.07452392578125,0.718994140625,1.32,2.6135967336274097,2.155062686336276,0.0,4.26701878619,0.0,1-379536,grid,-0.019355684518814087,0.019608940929174423,-0.007029051426798105,0.005076924338936806,0.007495518464950735,0.012373442505045058,,,,,,,,
709,8712-12705,0.03286855021405841,none,4412,0.34591367966254927,0.17578125,0.269287109375,1.0,1.32,2.653749650717494,2.160682246470917,0.0,4.343871027942186,0.0,1-379741,grid,-0.011000007390975952,0.028933940455317497,-0.011947737075388432,0.025512758875265718,0.01537150786837321,0.020209809322578213,,,,,,,,
710,10492-6102,0.02971224539209719,none,2051,0.3812060481893802,0.17578125,0.12518310546875,0.83544921875,1.32,2.746359252814876,1.9606445123530434,0.0,4.079268331804159,0.0,1-380000,grid,-0.05065084993839264,0.007779523730278015,-0.040986408945173025,-0.0017313044518232346,0.010770029653758138,0.012036287698510789,,,,,,,,
711,8083-9101,0.0382806584822637,none,3938,0.29894775989542854,0.17578125,0.2403564453125,1.0,1.32,2.4097734279178615,2.5001342934288613,0.0,4.564209989796263,0.0,1-38017,grid,-0.00022732466459274292,-0.009553320705890656,-0.012772250920534134,-0.02319032372906804,0.009273921953561219,0.011138150615617959,,,,,,,,
712,8081-6102,0.036921256405473134,none,3009,0.30944911680798626,0.17578125,0.18365478515625,1.0,1.32,2.4781598663989968,2.4152906111606938,0.0,4.534451710809648,0.0,1-38033,grid,-0.044146060943603516,0.007532209157943726,-0.031307837925851345,0.00426857452839613,0.020900436730156412,0.007640084946825592,,,,,,,,
713,8082-12703,0.021046032152519076,none,1541,0.5325598151722953,0.17578125,0.09405517578125,1.0,1.32,2.573236706423383,1.4034283570879151,0.0,2.7358737600712772,0.0,1-38042,grid,0.012867234647274017,-0.04296489804983139,-0.0016207648441195488,-0.014416968449950218,0.020025561432835914,0.025851378909202277,,,,,,,,
714,8081-9102,0.03356565127903613,none,2731,0.3390141525599079,0.17578125,0.16668701171875,1.0,1.32,2.4908174972854593,2.2046558847605096,0.0,4.160148070647599,0.0,1-38160,grid,-0.028847604990005493,0.0336281843483448,-0.005500131752341986,0.019755210261791945,0.01592271283182025,0.020534449107143513,,,,,,,,
715,10218-3701,0.045906470132395794,none,2180,0.25157429703520023,0.17578125,0.133056640625,0.8397216796875,1.32,2.3888135861926756,2.9709296826683396,0.0,5.376513022410018,0.0,1-382312,grid,-0.00041610002517700195,0.0597759373486042,-0.003333181608468294,0.023459272924810648,0.016322613087017886,0.028624435267541395,,,,,,,,
716,9492-12705,0.0634800969800395,none,14486,0.1857661306611851,0.17578125,0.8841552734375,1.0,1.32,2.347092865651043,4.023389752470446,0.0,7.1539919573915896,0.0,1-382322,grid,-0.035416364669799805,0.010871030390262604,-0.011272881180047989,0.00910151656717062,0.020526873943072944,0.008414628837957797,0.3340827,0.33868557,0.32723176,0.99378556,0.33253825,0.34138972,0.326072,0.99359906
717,9492-12704,0.04459016812145021,none,9592,0.25859372740868,0.17578125,0.58544921875,1.0,1.32,2.427505026175183,2.8902849034582214,0.0,5.3152887350174876,0.0,1-382459,grid,-0.015934430062770844,0.04921925067901611,-0.022152628283947706,0.009991656988859177,0.015137115130587464,0.026773792322598754,,,,,,,,
718,10218-6102,0.028887444132028876,none,1923,0.39170002362573536,0.17578125,0.11737060546875,0.6741943359375,1.32,2.2981878775935938,1.9081171850335115,0.0,3.3221301391454756,0.0,1-382696,grid,0.028167586773633957,0.0007851570844650269,0.020286659244447947,0.0021739655639976263,0.010410590283373605,0.014336258324782612,,,,,,,,
719,10218-1902,0.036405155617013796,none,851,0.31364147873612314,0.17578125,0.05194091796875,0.32843017578125,1.32,2.3524374653224527,2.383006066257959,0.0,4.246873295724168,0.0,1-382697,grid,0.014824066311120987,0.0010791830718517303,-0.006640936713665724,-0.01225896691903472,0.02752111096083261,0.01620305097529958,,,,,,,,
720,9491-6101,0.041244863010748783,none,3774,0.2784508806163234,0.17578125,0.2303466796875,0.98193359375,1.32,2.5764835495509457,2.6841701660414263,0.0,5.239182028031185,0.0,1-382712,grid,0.014200691133737564,0.0034964829683303833,0.0074343555606901646,-0.005776764126494527,0.011018067851304571,0.01947133459347299,,,,,,,,
721,10497-6104,0.044974568708708036,none,2144,0.2565013335271413,0.17578125,0.130859375,0.6236572265625,1.32,2.4394668895886196,2.913862225122553,0.0,5.38505334773446,0.0,1-383050,grid,0.011119470000267029,0.04004707187414169,0.002551757264882326,0.005742449313402176,0.010803148544309079,0.024443080618576633,,,,,,,,
722,10218-3703,0.028756843932507874,none,934,0.3934168757265054,0.17578125,0.0570068359375,0.59381103515625,1.32,2.3913452654109006,1.8997902544929985,0.0,3.441707901784546,0.0,1-383171,grid,0.017126303166151047,0.026236802339553833,0.000892197247594595,-0.0029319957830011845,0.012680821513240022,0.019405247494015086,,,,,,,,
723,8083-3704,0.03755185736885707,none,941,0.3044831469387736,0.17578125,0.05743408203125,0.347900390625,1.32,2.373283421202087,2.4546828091230593,0.0,4.413377284243579,0.0,1-38352,grid,0.029532425105571747,-0.037960976362228394,0.013826088048517704,-0.00024689314886927605,0.020353840505029634,0.03001827352843561,,,,,,,,
724,8084-6104,0.05350428173975156,none,3109,0.21781258610354196,0.17578125,0.18975830078125,1.0,1.32,2.5805241848558094,3.4314341509310244,0.0,6.708256678195202,0.0,1-38354,grid,-0.046001970767974854,0.025309477001428604,-0.05089237727224827,-0.016367259435355663,0.008240511544949662,0.027234218379749004,,,,,,,,
725,9489-6102,0.04381036693012955,none,2224,0.26295126485303916,0.17578125,0.1357421875,0.7125244140625,1.32,2.430988327492107,2.8423881013693464,0.0,5.234706285326767,0.0,1-383751,grid,0.02252848818898201,0.03346298635005951,0.008148304652422667,0.0011138792615383863,0.010456347627911942,0.027212427663207712,,,,,,,,
726,8085-3701,0.03684545628967151,none,1061,0.3100574908319929,0.17578125,0.06475830078125,0.25,1.32,2.517976100327792,2.4105514898309224,0.0,4.598265939396829,0.0,1-38379,grid,0.01136958971619606,-0.0486011728644371,0.0014937715604901314,-0.0077043985947966576,0.017577009717902038,0.02778611467001311,,,,,,,,
727,8084-12705,0.02517663846294364,none,1852,0.44742064421234795,0.17578125,0.113037109375,1.0,1.32,2.5948723696308087,1.6704851600534865,0.0,3.283860443712947,0.0,1-38381,grid,0.019818291068077087,-0.0656898021697998,0.00623619370162487,-0.0268878024071455,0.011215070677923478,0.021816258495224672,,,,,,,,
728,8081-12703,0.025259138588981024,none,1530,0.4460038513690394,0.17578125,0.0933837890625,1.0,1.32,2.576764474553513,1.675791686919459,0.0,3.271303398186488,0.0,1-38398,grid,0.010707598179578781,0.011499404907226562,0.005716484505683184,0.008201001677662134,0.014562574924452216,0.011309449857635621,,,,,,,,
729,9488-3702,0.022887234965367986,none,631,0.49081248333727634,0.17578125,0.03851318359375,0.45220947265625,1.32,2.3421676509691083,1.522800604777392,0.0,2.7020108449892435,0.0,1-384124,grid,0.028779998421669006,0.0093279629945755,0.012668032199144363,0.00017939368262887,0.010076501184935948,0.01788152322393284,,,,,,,,
730,8083-6103,0.036078355117752973,none,2873,0.31635817595853527,0.17578125,0.17535400390625,0.52789306640625,1.32,2.415967097667396,2.362542217199597,0.0,4.324109290609397,0.0,1-38428,grid,-0.019346140325069427,0.023339897394180298,-0.00794901279732585,0.008731327019631863,0.012721465918182644,0.010284955325945913,,,,,,,,
731,9494-12704,0.028463043483662003,none,2871,0.3973367404308187,0.17578125,0.17523193359375,1.0,1.32,2.3442171822243973,1.8810481649592923,0.0,3.340595021885792,0.0,1-384396,grid,0.01586979627609253,0.022778939455747604,-0.004420028068125248,0.02186745242215693,0.012996662439079805,0.008279010844619334,,,,,,,,
732,9493-3701,0.07674611724685114,none,7025,0.1560712000007665,0.17578125,0.42877197265625,0.99298095703125,1.32,2.158150190036352,4.788901132653733,0.0,7.829672643562088,0.0,1-384789,grid,-0.009003505110740662,0.0018241629004478455,0.009378962218761444,-0.0016105161048471928,0.03531934040524196,0.00525442257768658,,,,,,,,
733,9494-9102,0.025004638200174782,none,2219,0.4504045132262008,0.17578125,0.13543701171875,0.84893798828125,1.32,2.3602751005244875,1.6594184216864991,0.0,2.967184834892642,0.0,1-384848,grid,-0.010665908455848694,-0.005212821066379547,-0.005053278524428606,-0.01665919739753008,0.00923065032203136,0.010138343117292248,,,,,,,,
734,9502-9102,0.023200335443698962,none,1649,0.48437257682567997,0.17578125,0.10064697265625,0.83050537109375,1.32,2.380814501151456,1.5430467830289287,0.0,2.783112240144225,0.0,1-385129,grid,0.015574567019939423,0.0046636685729026794,0.0065459092147648335,0.013482513837516308,0.009203388988758653,0.017800547586899078,,,,,,,,
735,9507-3704,0.04365726669623472,none,2120,0.263825084348914,0.17578125,0.12939453125,0.46136474609375,1.32,2.490535993978991,2.8329737799679195,0.0,5.345169067430925,0.0,1-385153,grid,0.003885112702846527,0.03241870552301407,-0.004765860270708799,0.00024269474670290947,0.017229287887989112,0.017205676105121286,,,,,,,,
736,9501-12704,0.05792058848664741,none,9467,0.20226224032512985,0.17578125,0.57781982421875,1.0,1.32,2.782118010122389,3.6952500143223075,0.0,7.788349709659928,0.0,1-385225,grid,-0.03595367819070816,0.045756660401821136,-0.025417341850697994,0.02070240257307887,0.014682076479180546,0.02605347427574302,0.3356961,0.34393045,0.32037348,0.9937126,0.33654892,0.3436394,0.3198116,0.9938638
737,10498-3704,0.04389236705540308,none,2106,0.2624857576552229,0.17578125,0.1285400390625,0.4656982421875,1.32,2.433782821038434,2.8474289543740743,0.0,5.250017934305343,0.0,1-385342,grid,-0.014104574918746948,0.03355354815721512,-0.007907664868980646,0.009881159756332636,0.00839417459068747,0.019204064264913452,,,,,,,,
738,10498-3701,0.05380898220524964,none,3633,0.21665763114844583,0.17578125,0.22174072265625,1.0,1.32,2.4866458082741625,3.449726383956449,0.0,6.49867246390764,0.0,1-385544,grid,-0.030677124857902527,0.009422723203897476,-0.018690144177526236,-0.009286904707551003,0.007283664172427927,0.02961173928395178,,,,,,,,
739,9501-9102,0.029184144585305147,none,2945,0.38785676430940585,0.17578125,0.17974853515625,0.91717529296875,1.32,2.7497855612945368,1.9270246524876007,0.0,4.014321640658353,0.0,1-385547,grid,0.015142738819122314,-0.004615277051925659,0.003017387818545103,-0.013758771121501923,0.00932166657489051,0.007133381568664631,,,,,,,,
740,10498-6104,0.0506935774457724,none,4340,0.22912183679094927,0.17578125,0.264892578125,0.73211669921875,1.32,2.4307902189824064,3.2620616041073136,0.0,6.007111697713723,0.0,1-385828,grid,-0.006268441677093506,0.022864528000354767,-0.012742461636662483,0.00514417327940464,0.005406382175437997,0.02572225031623835,,,,,,,,
741,9506-1902,0.027173241513201152,none,495,0.4155483387347235,0.17578125,0.03021240234375,0.1893310546875,1.32,2.552011190701133,1.7986103583858317,0.0,3.477328607811831,0.0,1-386154,grid,0.03990183025598526,-0.009721420705318451,0.005178258288651705,0.003165668807923794,0.030003026103603288,0.023025096089809814,,,,,,,,
742,12488-9101,0.04254965300410718,none,5637,0.27033421871247826,0.17578125,0.34405517578125,1.0,1.32,2.6610659773385192,2.7647611538708943,0.0,5.573645334873502,0.0,1-386400,grid,0.014926914125680923,0.031578466296195984,0.011625168845057487,0.01561091560870409,0.009864128900308642,0.01802751755139559,,,,,,,,
743,8987-3702,0.04867637436404374,none,2139,0.2380441023579378,0.17578125,0.13055419921875,0.70013427734375,1.32,2.3633214029378498,3.1397944290778814,0.0,5.6214722538369575,0.0,1-386430,grid,0.03878408297896385,-0.007148094475269318,0.006156211718916893,-0.022600546712055802,0.01826490409945816,0.016401373387396365,,,,,,,,
744,8987-3701,0.048643374313628786,none,3002,0.23819622163563567,0.17578125,0.1832275390625,0.5635986328125,1.32,2.3600748206521374,3.1377892618363887,0.0,5.610164719221755,0.0,1-386605,grid,0.026703953742980957,0.02368120476603508,0.008061382919549942,-0.0035698306746780872,0.017822819325414553,0.026878152301544056,,,,,,,,
745,12487-9101,0.0482392896962992,none,4243,0.24007580873856846,0.17578125,0.25897216796875,0.89080810546875,1.32,2.3793536163341336,3.1132230706018063,0.0,5.611711039008532,0.0,1-386826,grid,-0.02239396423101425,0.0669366717338562,-0.016951327212154865,0.005296221235767007,0.023396367117278424,0.036768732007812596,,,,,,,,
746,12488-12703,0.02292575102420988,none,1641,0.4900107881298254,0.17578125,0.10015869140625,0.99078369140625,1.32,2.602744197288109,1.5252920232855698,0.0,3.00753406270936,0.0,1-386876,grid,0.02825114130973816,-0.02264624834060669,0.0033970773220062256,-0.012919395696371794,0.021318288311214646,0.014425082577464233,,,,,,,,
747,12487-3702,0.04802330136632872,none,2502,0.2410934543492068,0.17578125,0.1527099609375,0.4085693359375,1.32,2.3792524059594453,3.1000822833444834,0.0,5.587786538878494,0.0,1-386913,grid,0.02074699103832245,0.04174747318029404,-0.02598100481554866,0.01625536778010428,0.034030029117308985,0.0235433325141899,,,,,,,,
748,12487-1902,0.026493662474992248,none,485,0.4258572359185344,0.17578125,0.02960205078125,0.13433837890625,1.32,2.3310104093374537,1.7550706749087055,0.0,3.099309100253866,0.0,1-386932,grid,0.02485325187444687,0.003727070987224579,-0.012940102722495794,0.0011702915653586388,0.034839246822339416,0.02032845412958383,,,,,,,,
749,9505-12701,0.04579206995762396,none,9426,0.252168334232151,0.17578125,0.5753173828125,1.0,1.32,2.4416795630486066,2.9639310135197956,0.0,5.482552865149416,0.0,1-387106,grid,0.04352203384041786,0.032456886023283005,0.04660029336810112,-0.0013767690397799015,0.01416247336380999,0.022153700385572597,,,,,,,,
750,12487-12705,0.026520478515959744,none,3573,0.4254404341727308,0.17578125,0.21807861328125,1.0,1.32,2.402611593497644,1.7567901083770667,0.0,3.197639607370245,0.0,1-387136,grid,0.0004067942500114441,0.04015417397022247,0.009679761715233326,0.029875491512939334,0.011243879281929731,0.013222971578726987,,,,,,,,
751,11749-3701,0.04884013161421956,none,2880,0.23729227932164532,0.17578125,0.17578125,0.567138671875,1.32,2.355693348788057,3.149742370864069,0.0,5.621081176848799,0.0,1-387439,grid,0.012038260698318481,0.025647612288594246,-0.007979688234627247,-0.003033824497833848,0.01593320560278107,0.020998316414160053,,,,,,,,
752,11749-3704,0.022364103166167215,none,464,0.5019747536447093,0.17578125,0.0283203125,0.2596435546875,1.32,2.3645545415083604,1.4889385193808056,0.0,2.6671790439610734,0.0,1-387482,grid,0.01120583713054657,-0.01462603360414505,-0.013376726303249598,-0.007696731481701136,0.018160468281527578,0.030170418353224787,,,,,,,,
753,8086-12704,0.10852916580256311,none,13247,0.11450864065431414,0.17578125,0.80853271484375,1.0,1.32,2.7003572826960247,6.527101729507251,0.0,13.352656583464181,0.0,1-38802,grid,-0.09554734826087952,0.06498762220144272,-0.044127470813691616,0.007530514150857925,0.03549354227926619,0.05367663533700264,,,,,,,,
754,8944-6103,0.05259298034753496,none,4445,0.22134678253177056,0.17578125,0.27130126953125,0.8857421875,1.32,2.4972404595313336,3.376645180514518,0.0,6.388102244138132,0.0,1-389499,grid,-0.007853984832763672,0.04187604784965515,-0.012640013359487057,0.0004569017328321934,0.016155004665421017,0.032891292669154186,,,,,,,,
755,8150-6104,0.027008441261431926,none,1752,0.4180006213914384,0.17578125,0.10693359375,0.79766845703125,1.32,2.3857335533957476,1.7880584578327299,0.0,3.2316901956701503,0.0,1-389509,grid,0.012429337948560715,-0.009324975311756134,0.005786491557955742,-0.008511240594089031,0.012207775374211968,0.012953093318450171,,,,,,,,
756,8944-12705,0.0489690748112091,none,5547,0.23670383182714624,0.17578125,0.33856201171875,1.0,1.32,2.304913245995546,3.1575726539319247,0.0,5.51358411760682,0.0,1-390054,grid,0.0351683646440506,0.023718833923339844,0.03637590305879712,-0.018703057430684566,0.020366689608647702,0.03102801024572575,,,,,,,,
757,8944-12702,0.05027177680137762,none,5109,0.23092823995127054,0.17578125,0.31182861328125,1.0,1.32,2.3193938454467493,3.236544593316145,0.0,5.6869860683722875,0.0,1-390282,grid,-0.04766194522380829,0.04507165029644966,-0.04533251840621233,0.001045718789100647,0.014795122949802841,0.03385786731920323,,,,,,,,
758,8150-1902,0.021525132884452552,none,336,0.5210091866601956,0.17578125,0.0205078125,0.1962890625,1.32,2.449918808424203,1.4345419727613398,0.0,2.662508606471187,0.0,1-390521,grid,0.024928070604801178,0.0011447444558143616,0.0031488905660808086,0.012522529810667038,0.027138630345629296,0.01860797249894928,,,,,,,,
759,8569-6104,0.017423926618943132,none,579,0.64044264340083,0.17578125,0.03533935546875,0.30670166015625,1.32,2.4194634857637154,1.167020269745719,0.0,2.139062825602946,0.0,1-39196,grid,0.015558667480945587,-0.04182754456996918,-0.0048941378481686115,-0.019831192679703236,0.022296648594460785,0.02748672122816048,,,,,,,,
760,8943-1901,0.026117739900686474,none,429,0.4317903214141197,0.17578125,0.02618408203125,0.1749267578125,1.32,2.474915580375511,1.7309548394010332,0.0,3.2454296219393997,0.0,1-392007,grid,0.02922356128692627,-0.008158080279827118,0.0066264173947274685,0.01366910245269537,0.03329351507690976,0.013586857488557416,,,,,,,,
761,8568-9101,0.025916539593308023,none,2273,0.43503654210115084,0.17578125,0.13873291015625,0.97979736328125,1.32,2.495137475642694,1.718038541885332,0.0,3.2475320836792587,0.0,1-392067,grid,-0.012773081660270691,-0.002193234860897064,-0.017761513590812683,0.006529734469950199,0.0044974918303261205,0.01692268530037398,,,,,,,,
762,8943-12701,0.059046590206866756,none,10041,0.19866999906539654,0.17578125,0.61285400390625,1.0,1.32,2.398922089958538,3.76206548534926,0.0,6.837046967177977,0.0,1-392720,grid,-0.0026580393314361572,0.015424594283103943,-0.01785509055480361,0.018335192697122693,0.03017085963830606,0.009383783340336932,,,,,,,,
763,8569-3703,0.10336215790880345,none,11026,0.11952048571468998,0.17578125,0.6729736328125,1.0,1.32,2.2690728914471943,6.253401180467557,0.0,10.749562952986981,0.0,1-39333,grid,-0.04058048129081726,0.07098172605037689,0.009983768686652184,0.016582488548010588,0.04497078545335979,0.05434782449395397,,,,,,,,
764,8943-3703,0.12653719331385094,none,12950,0.10025326483284026,0.17578125,0.7904052734375,1.0,1.32,2.4610158593451845,7.455214029233958,0.0,13.899545424816276,0.0,1-394326,grid,-0.024108916521072388,0.066920205950737,-0.03139326022937894,0.0068411489482969046,0.03817091028430259,0.04572695458775859,,,,,,,,
765,8568-6104,0.04553346956255404,none,4304,0.2535221570626817,0.17578125,0.2626953125,1.0,1.32,2.4992064782775714,2.9481034522497604,0.0,5.58175700492051,0.0,1-394404,grid,0.00526074692606926,0.022794514894485474,0.011804602574557066,0.00042825378477573395,0.012540537336385604,0.01834476894879595,,,,,,,,
766,8988-12703,0.04849837409210853,none,4834,0.23886707970955784,0.17578125,0.2950439453125,1.0,1.32,2.398239888463956,3.1289767822635284,0.0,5.684876461592418,0.0,1-397212,grid,0.010957174003124237,0.026369627565145493,0.02035668957978487,-0.001780395396053791,0.014605025324447367,0.03328472509250143,,,,,,,,
767,8091-6104,0.05621298587790268,none,6153,0.20798487500532717,0.17578125,0.37554931640625,1.0,1.32,2.3381909616435963,3.5935764388595786,0.0,6.365506022209732,0.0,1-39741,grid,-0.0089450404047966,0.05652732402086258,-0.015431412030011415,0.0049899001605808735,0.005134912373276365,0.04273415710767012,,,,,,,,
768,11750-9101,0.05733918259841994,none,6553,0.2041723751443361,0.17578125,0.39996337890625,1.0,1.32,2.5090967303378298,3.660679099853396,0.0,6.958331788074381,0.0,1-397456,grid,-0.0513283908367157,0.037282757461071014,-0.036664052400738,-0.011105923913419247,0.013021684855841265,0.04333311183244059,,,,,,,,
769,8091-3703,0.06234659524836219,none,4928,0.1888903775278861,0.17578125,0.30078125,1.0,1.32,2.3659419442162477,3.95684288548768,0.0,7.0921670829158705,0.0,1-39805,grid,0.003715530037879944,0.019332371652126312,-0.0019079004414379597,-0.00532161770388484,0.0099678918218491,0.035351988597931455,,,,,,,,
770,8091-3704,0.07977872187983268,none,7687,0.15067213343656485,0.17578125,0.46917724609375,1.0,1.32,2.3688056426160635,4.960502844230106,0.0,8.901869036079777,0.0,1-39830,grid,-0.05429575592279434,0.0496542751789093,-0.019541572779417038,0.0006421769503504038,0.02853669339387137,0.047900014341203556,,,,,,,,
771,12092-3704,0.04031660159262195,none,1571,0.28454530805431033,0.17578125,0.09588623046875,1.0,1.32,2.368628611874366,2.626680269546536,0.0,4.713356091434695,0.0,1-40006,grid,-0.017144277691841125,0.03417497128248215,-0.0073476373217999935,-0.001082426169887185,0.009792685920601752,0.022440849838424388,,,,,,,,
772,8091-1902,0.049424375506782706,none,1611,0.23465059536789512,0.17578125,0.09832763671875,1.0,1.32,2.3071686706717496,3.185202003372196,0.0,5.56727141813729,0.0,1-40058,grid,-0.028707638382911682,0.030415214598178864,-0.0051267677918076515,0.0156841017305851,0.02423888010945621,0.030092755586927977,,,,,,,,
773,8981-6101,0.033324250910243096,none,2526,0.3413707174481338,0.17578125,0.1541748046875,1.0,1.32,2.550039990659191,2.1894366102794267,0.0,4.2296597827468485,0.0,1-401864,grid,-7.356703281402588e-05,-0.0023655369877815247,-0.008504831697791815,-0.012909457553178072,0.009600811012873068,0.01090986856005808,,,,,,,,
774,8981-9101,0.040838062389269895,none,5198,0.28108757513789084,0.17578125,0.3172607421875,1.0,1.32,2.5414398002446195,2.6589917611678406,0.0,5.119445068450367,0.0,1-401876,grid,0.004764173179864883,-1.0125339031219482e-05,0.0018084007315337658,-0.018123663030564785,0.01862406208849605,0.022079969607962546,,,,,,,,
775,8981-6103,0.07443891372208197,none,9869,0.16047409153176595,0.17578125,0.60235595703125,1.0,1.32,2.5560596494657752,4.657509130128634,0.0,9.018841783742607,0.0,1-401964,grid,-0.023180752992630005,0.01799522340297699,0.00044816266745328903,-0.018170200288295746,0.020022214376097282,0.05710025200169378,,,,,,,,
776,12093-12705,0.059831077405346336,none,10677,0.1962472885493979,0.17578125,0.65167236328125,1.0,1.32,2.4883817593394544,3.8085089072207268,0.0,7.179563708340829,0.0,1-40201,grid,-0.013402923941612244,0.06537024676799774,0.01868509780615568,0.003510504961013794,0.026188609300375816,0.05022915704299876,,,,,,,,
777,12094-6104,0.04276409933172189,none,3018,0.2690476399120609,0.17578125,0.1842041015625,0.71929931640625,1.32,2.6521483133890245,2.777982169635799,0.0,5.581530852897247,0.0,1-40212,grid,-0.023178108036518097,-0.0009879618883132935,-0.018118562642484903,-0.012736775446683168,0.007532395671112843,0.0106801657824636,,,,,,,,
778,12094-3701,0.056612556488336116,none,4281,0.20661483274203024,0.17578125,0.26129150390625,0.55059814453125,1.32,2.593575507836451,3.6174050843265415,0.0,7.1075857792669455,0.0,1-40248,grid,0.014475710690021515,0.004413004964590073,-0.005817548371851444,0.0017594518139958382,0.023186353547152875,0.0241294303325729,,,,,,,,
779,9879-12703,0.020648231544789716,none,1394,0.5425577409213459,0.17578125,0.0850830078125,0.92156982421875,1.32,2.457335197618984,1.377566828535305,0.0,2.5645026172970913,0.0,1-403619,grid,-0.005272760987281799,-0.00478004664182663,-0.008283843751996756,0.017072505317628384,0.009006467872974702,0.01735271833996241,,,,,,,,
780,8321-6104,0.031284047793376735,none,2034,0.36274040823064874,0.17578125,0.1241455078125,0.923583984375,1.32,2.635856139779395,2.06045295616213,0.0,4.114437556989815,0.0,1-403672,grid,-0.018067754805088043,0.0383627787232399,0.006632426753640175,0.00838129548355937,0.014883349505140144,0.019281388795583974,,,,,,,,
781,8934-12703,0.03928386001487832,none,2399,0.2916643525330534,0.17578125,0.14642333984375,0.37579345703125,1.32,2.540684142997896,2.562567348279549,0.0,4.9323289599530415,0.0,1-403684,grid,-0.006025046110153198,-0.019430749118328094,-0.008498379494994879,0.0020094714127480984,0.01486498877043516,0.019920371404684032,,,,,,,,
782,8981-12703,0.022625634565714894,none,2458,0.4963298222158156,0.17578125,0.1500244140625,1.0,1.32,2.4880047660678293,1.5058727342265306,0.0,2.838347378672122,0.0,1-404032,grid,0.009707242250442505,-0.010175123810768127,0.00263746315613389,0.019185233861207962,0.008325396574955261,0.020275745794820648,,,,,,,,
783,11826-6102,0.03372205751798163,none,2473,0.33750532396669486,0.17578125,0.15093994140625,0.939697265625,1.32,2.4920472586066627,2.214511871024745,0.0,4.1808092707114595,0.0,1-404070,grid,-0.03250919282436371,0.02399202436208725,-0.027275321073830128,-0.007765046786516905,0.013222866964470264,0.021826285094184123,,,,,,,,
784,11826-6103,0.05062673134365003,none,3425,0.22940610297191608,0.17578125,0.20904541015625,1.0,1.32,2.4553234600333473,3.258019454477181,0.0,6.060220908956721,0.0,1-404102,grid,-0.04561915993690491,0.04850064590573311,-0.042253369465470314,0.00416073901578784,0.007685056832588961,0.042015108869769294,,,,,,,,
785,9875-12704,0.06234059523919585,none,14347,0.1889072179272812,0.17578125,0.87567138671875,1.0,1.32,2.5760145937824532,3.956490147168486,0.0,7.721194211562503,0.0,1-404293,grid,-0.05525243282318115,0.029467301443219185,-0.04523310996592045,-0.000953572103753686,0.01976728870217816,0.04862772361356733,,,,,,,,
786,12483-9101,0.021839439364625967,none,1367,0.5137069087187637,0.17578125,0.08343505859375,0.9566650390625,1.32,2.5576356464525536,1.454933803250597,0.0,2.8190837563806914,0.0,1-405457,grid,0.008985009044408798,-0.06367332488298416,-9.296787902712822e-05,-0.01523330993950367,0.011321941422767262,0.044665826074550455,,,,,,,,
787,8323-6103,0.02323153549136401,none,1165,0.48374036104749707,0.17578125,0.07110595703125,0.53485107421875,1.32,2.4458202991060416,1.545063440312999,0.0,2.8628390346395065,0.0,1-405760,grid,0.019587989896535873,-0.01985517144203186,0.011564013082534075,0.021751003805547953,0.016797666362957868,0.029053738080575913,,,,,,,,
788,12094-12702,0.059392244734931314,none,7071,0.19759462666622904,0.17578125,0.43157958984375,1.0,1.32,2.616152504863935,3.7825398345512706,0.0,7.496743229476455,0.0,1-40793,grid,0.04478934034705162,0.018721800297498703,0.04889746988192201,-0.0015201792120933533,0.012571412993773214,0.0435345771487792,,,,,,,,
789,8445-12704,0.02453613748443521,none,1743,0.4587442972043341,0.17578125,0.10638427734375,0.95263671875,1.32,2.429284609277612,1.62925087246455,0.0,2.9984197493411,0.0,1-409200,grid,-0.007687963545322418,0.02683020941913128,0.0029118326492607594,0.0005077680107206106,0.014212411788192764,0.02170222540542969,,,,,,,,
790,12484-12702,0.023734382259574863,none,1156,0.47378034019586135,0.17578125,0.070556640625,1.0,1.32,2.5378325540396567,1.5775444505555425,0.0,3.0329876227761057,0.0,1-409473,grid,-0.007049471139907837,0.00536743551492691,-0.002743864431977272,0.02176461322233081,0.011663694383514656,0.012531123760717865,,,,,,,,
791,12484-3702,0.02438327525090397,none,817,0.4615347553678798,0.17578125,0.04986572265625,0.11358642578125,1.32,2.5297173423329284,1.6194003545032125,0.0,3.103503909823385,0.0,1-409482,grid,0.04500044137239456,-0.04295802116394043,0.010889667086303234,0.006411516107618809,0.03339265178327462,0.04191281434975154,,,,,,,,
792,8442-6103,0.0608686929905361,none,6277,0.19313889045877314,0.17578125,0.38311767578125,1.0,1.32,2.538036303118819,3.869803459484189,0.0,7.440683080383081,0.0,1-409567,grid,-0.029431864619255066,0.031488724052906036,-0.018998323008418083,-0.0074196550995111465,0.008751307113329068,0.03675833440670507,,,,,,,,
793,8323-1901,0.025331538699588384,none,401,0.44476811288990853,0.17578125,0.02447509765625,0.12213134765625,1.32,2.388374069779114,1.680447686777629,0.0,3.04055884903029,0.0,1-410131,grid,0.03243391588330269,-0.015712641179561615,-0.00024496903643012047,0.0022676708176732063,0.02851634818797228,0.018893549341800084,,,,,,,,
794,10216-6101,0.04086736243403226,none,3763,0.2808959104810184,0.17578125,0.22967529296875,0.94390869140625,1.32,2.775815254060296,2.660806080011636,0.0,5.595383412873241,0.0,1-412105,grid,-0.01336623728275299,0.026782110333442688,-0.012136383913457394,0.01114709535613656,0.009574475928734404,0.02201999034263603,,,,,,,,
795,10216-12702,0.02890854416426389,none,2274,0.3914241015066236,0.17578125,0.1387939453125,1.0,1.32,2.773146079565121,1.9094622522768965,0.0,4.011528605287319,0.0,1-412128,grid,-0.02109113335609436,0.015363726764917374,-0.007165114860981703,0.023640899220481515,0.012466761042694407,0.014016812886982014,,,,,,,,
796,11744-3703,0.04480679445239536,none,2164,0.2574101548490431,0.17578125,0.132080078125,0.9036865234375,1.32,2.387668649846192,2.9035744409408113,0.0,5.252101261461409,0.0,1-412207,grid,0.013804838061332703,0.022379502654075623,0.005415956489741802,-0.0039777304045856,0.010360174690306855,0.02957861108853789,,,,,,,,
797,9494-1902,0.02327093555155641,none,348,0.4829444085709289,0.17578125,0.021240234375,0.18243408203125,1.32,2.45826316709527,1.5476098971099856,0.0,2.8821457629527103,0.0,1-412851,grid,0.03235473483800888,-0.021873272955417633,-0.00124342180788517,0.0019322261214256287,0.03459696721624506,0.02578152456501404,,,,,,,,
798,9493-6101,0.10909116666114506,none,15923,0.11399225814384104,0.17578125,0.97186279296875,1.0,1.32,2.343763258492268,6.5566693618366605,0.0,11.641879354814172,0.0,1-413061,grid,9.712576866149902e-05,0.02038462460041046,0.009064766112715006,-0.006054041674360633,0.020112465784283277,0.026928618902709443,,,,,,,,
799,12484-6103,0.03711944870825619,none,2299,0.30787016635612163,0.17578125,0.14031982421875,0.5509033203125,1.32,2.5168847608770846,2.4276777295587304,0.0,4.62892809230837,0.0,1-415430,grid,-0.0007096901535987854,0.00015771761536598206,-0.002858750056475401,-0.0069369166158139706,0.009323440542545301,0.00776910647047557,,,,,,,,
800,12485-12703,0.033865853737662474,none,4691,0.33613044376970447,0.17578125,0.28631591796875,1.0,1.32,2.5047982769918224,2.223569927424891,0.0,4.21938948710962,0.0,1-415475,grid,0.04165869951248169,-0.0009525790810585022,0.04396839812397957,-0.024001856334507465,0.009113444275495427,0.019322765867307277,,,,,,,,
801,12621-12703,0.03445820564261244,none,5314,0.33058782636038436,0.17578125,0.3243408203125,0.94744873046875,1.32,2.5470520026769257,2.260850179170007,0.0,4.362502255005645,0.0,1-415848,grid,-0.005281612277030945,0.024231240153312683,0.0059811691753566265,0.014563235687091947,0.01934861327943863,0.01367838837916514,,,,,,,,
802,12621-6103,0.026070876829092655,none,1576,0.4325419459266407,0.17578125,0.09619140625,0.5777587890625,1.32,2.474181064191734,1.7279469736908684,0.0,3.238828547146484,0.0,1-415931,grid,0.023369397968053818,-0.02200266718864441,0.013394516427069902,-0.014979929197579622,0.00909198692866124,0.015070114005678094,,,,,,,,
803,8985-12702,0.03560975440186063,none,6088,0.3203407112436428,0.17578125,0.37158203125,1.0,1.32,2.4570066775227266,2.3331706530733083,0.0,4.342890813940286,0.0,1-415939,grid,0.023252379149198532,0.02221689373254776,0.02287687361240387,0.014155721757560968,0.01246700357728337,0.014294236941586934,,,,,,,,
804,8985-9102,0.06474829891750147,none,11502,0.18240044918698164,0.17578125,0.7020263671875,1.0,1.32,2.380607412258722,4.097629966317224,0.0,7.390036568566849,0.0,1-416039,grid,1.51023268699646e-05,0.049266278743743896,0.00837432686239481,0.014100590022280812,0.01295035995664858,0.04035172859394233,,,,,,,,
805,8445-9102,0.02690944111018706,none,1732,0.41948822194886204,0.17578125,0.105712890625,0.9677734375,1.32,2.4851940395415166,1.7817175962318474,0.0,3.3544802653800185,0.0,1-418006,grid,-0.009446203708648682,-0.022670544683933258,0.0038398848846554756,-0.0016929698176681995,0.008538517538528238,0.010892817064000752,,,,,,,,
806,8446-3704,0.05745908778160191,none,4368,0.2037752743485785,0.17578125,0.2666015625,0.76031494140625,1.32,2.568751893518989,3.6678127356107857,0.0,7.13765220429793,0.0,1-418014,grid,0.04217127338051796,0.015351515263319016,0.027078159153461456,-0.0002526538446545601,0.016443520367300665,0.032119673743097425,,,,,,,,
807,8446-12704,0.026572740595801756,none,3603,0.4246305425608066,0.17578125,0.21990966796875,1.0,1.32,2.4822933333102246,1.7601408084093948,0.0,3.309989238183265,0.0,1-418252,grid,-0.020547188818454742,-0.007509641349315643,-0.015067728701978922,-0.006454886868596077,0.007296959485376831,0.007315038859985511,,,,,,,,
808,8322-6104,0.04693207169923147,none,2328,0.24637818640468456,0.17578125,0.14208984375,0.68060302734375,1.32,2.399287949386423,3.033586525515909,0.0,5.5139754500692035,0.0,1-418974,grid,0.015416845679283142,0.0005665607750415802,0.013266289606690407,-0.010078560095280409,0.018561584312008172,0.022894859614861426,,,,,,,,
809,12485-3704,0.06075153881155691,none,4668,0.19348452653023296,0.17578125,0.284912109375,0.84173583984375,1.32,2.4649189345323346,3.862890536321577,0.0,7.213418200761226,0.0,1-419166,grid,-0.003905065357685089,0.020510710775852203,-0.01595030538737774,-0.015794787788763642,0.008391634779051195,0.040837507943473204,,,,,,,,
810,8442-6101,0.06135469373301089,none,6763,0.1917191721454091,0.17578125,0.41278076171875,1.0,1.32,2.4318676007552513,3.898460117965805,0.0,7.182226404331467,0.0,1-419240,grid,-0.0033919140696525574,0.005019254982471466,0.0007423027418553829,-0.009970366721972823,0.012095084355347764,0.044068478193687415,,,,,,,,
811,8554-6104,0.061338193707803405,none,6700,0.19176700304247904,0.17578125,0.408935546875,1.0,1.32,2.540880814791037,3.89748775649759,0.0,7.50231201997552,0.0,1-419301,grid,0.09126332402229309,0.024868685752153397,0.08627956546843052,-0.00016403803601861,0.01116712431820082,0.03300984429323268,,,,,,,,
812,8554-1902,0.02286343492900811,none,320,0.49130922131990384,0.17578125,0.01953125,0.174072265625,1.32,2.459403717779547,1.5212609778631467,0.0,2.83439007929513,0.0,1-419351,grid,0.030959714204072952,0.0062268637120723724,-0.006943587679415941,-0.0030516316182911396,0.0430870449693319,0.012111737341494757,,,,,,,,
813,8157-6103,0.042946165609868844,none,2058,0.2679654178030534,0.17578125,0.1256103515625,0.575927734375,1.32,2.5328017117539536,2.7892015043807703,0.0,5.3518896550926645,0.0,1-41974,grid,-0.011026322841644287,0.0013222657144069672,-0.0009643253870308399,0.0008090012706816196,0.007552964579683138,0.012523018073115013,,,,,,,,
814,9513-3703,0.08623963175031689,none,8636,0.14043847371071239,0.17578125,0.527099609375,1.0,1.32,2.6303001366915466,5.321971442084158,0.0,10.604835008774595,0.0,1-41982,grid,0.02400687336921692,0.010676920413970947,0.029406270943582058,0.015207286458462477,0.010595844154940491,0.023504202713152206,,,,,,,,
815,8985-1902,0.016646525431289028,none,169,0.6697174653490002,0.17578125,0.01031494140625,0.05535888671875,1.32,2.450707086300212,1.116007249517991,0.0,2.071974905118294,0.0,1-420638,grid,0.0065716467797756195,-0.00012611597776412964,-0.004818490706384182,0.0022581545636057854,0.020683315151852035,0.008724283377929834,,,,,,,,
816,8157-6104,0.07790191901259673,none,10004,0.1539637998033103,0.17578125,0.610595703125,1.0,1.32,2.4806818749169395,4.854449860377039,0.0,9.122989228280597,0.0,1-42065,grid,-0.09109833836555481,-0.022356189787387848,-0.04154474334791303,-0.019593939650803804,0.03789891614478547,0.018659091100363394,,,,,,,,
817,9514-3701,0.06033349217289721,none,3924,0.1947288302703564,0.17578125,0.239501953125,0.83349609375,1.32,2.476296244715914,3.8382069333062514,0.0,7.200407132870342,0.0,1-42082,grid,0.016799744218587875,0.04191146045923233,0.014421986415982246,0.0038470341823995113,0.01582016751025353,0.038522979618970735,,,,,,,,
818,12621-12701,0.061192643485442906,none,8991,0.1921900483309371,0.17578125,0.54876708984375,1.0,1.32,2.3931643353729326,3.8889086763291396,0.0,7.050604202813073,0.0,1-420973,grid,0.04774810001254082,0.02781505137681961,0.04246150283142924,-0.018151457887142897,0.024585101618248277,0.04772679382017509,,,,,,,,
819,8157-3704,0.06043679233071129,none,3034,0.1944197570454002,0.17578125,0.1851806640625,1.0,1.32,2.316053743944555,3.8443086125437635,0.0,6.745170723454757,0.0,1-42106,grid,0.003908857703208923,0.017993565648794174,0.01616022503003478,-0.019072107039391994,0.007363538557430305,0.03940857030017299,,,,,,,,
820,8444-6102,0.0254602388962067,none,1493,0.44258878857635275,0.17578125,0.09112548828125,0.89837646484375,1.32,2.546311022605115,1.6887222761842724,0.0,3.257584959065766,0.0,1-421767,grid,0.02194816619157791,-0.012248776853084564,0.01121995085850358,-0.005331844091415405,0.006508626063799628,0.013354106947559622,,,,,,,,
821,8444-12704,0.03562775442935969,none,1203,0.3201857973019458,0.17578125,0.07342529296875,0.9483642578125,1.32,2.6062704132725676,2.3342994997166167,0.0,4.6089513044154335,0.0,1-421775,grid,0.008672654628753662,-0.008708983659744263,0.0013345158658921719,0.015388984698802233,0.01747915751570093,0.01616838690325056,,,,,,,,
822,12622-9102,0.042610412096930304,none,5810,0.26996837665997087,0.17578125,0.3546142578125,1.0,1.32,2.3003251162755833,2.7685077626690746,0.0,4.824596925054237,0.0,1-421842,grid,0.013486549258232117,0.02277063950896263,0.02638628799468279,-0.008400218095630407,0.012160686852938212,0.025191314688740928,,,,,,,,
823,8442-3703,0.038682059095492875,none,1366,0.2959881639146381,0.17578125,0.0833740234375,0.4735107421875,1.32,2.509707966617347,2.5251332234820314,0.0,4.80102043010833,0.0,1-421884,grid,0.002680860459804535,0.01219983771443367,0.0006218478083610535,0.0061211432330310345,0.008454347696572145,0.01667057520569623,,,,,,,,
824,9514-12704,0.026254140109068284,none,3480,0.42961790860793225,0.17578125,0.21240234375,1.0,1.32,2.474316446376342,1.7397076134002163,0.0,3.261050878577492,0.0,1-42199,grid,0.013336073607206345,-0.04594852775335312,0.02341668540611863,-0.0012298272922635078,0.01892289226742954,0.036616265265470106,,,,,,,,
825,7993-3704,0.021933033507611947,none,659,0.5115728835867234,0.17578125,0.04022216796875,0.41412353515625,1.32,2.3929031014457123,1.4610030563349725,0.0,2.6485142005497124,0.0,1-42248,grid,0.005931895226240158,-0.014321237802505493,-0.004829845391213894,5.892151966691017e-05,0.013668528937864756,0.02048400807987435,,,,,,,,
826,8443-12703,0.0569421869919204,none,12944,0.20549908979806455,0.17578125,0.7900390625,1.0,1.32,2.4248213428054464,3.6370455323804425,0.0,6.681201236114616,0.0,1-422823,grid,0.012787308543920517,0.0203096903860569,0.019914957229048014,0.012391372583806515,0.009883850800105473,0.02709872377056406,,,,,,,,
827,8443-1902,0.02994764575172386,none,549,0.3783171007420631,0.17578125,0.03350830078125,0.2259521484375,1.32,2.411010483757242,1.9756166057317153,0.0,3.608509354775805,0.0,1-424438,grid,0.011287067085504532,-0.03366886079311371,0.0024654692970216274,-0.002748632337898016,0.028556529454599813,0.019427797762465667,,,,,,,,
828,8097-12703,0.06977810660165716,none,7023,0.17025837313012068,0.17578125,0.42864990234375,1.0,1.32,2.41646268429844,4.389854858339843,0.0,8.03630337474579,0.0,1-42548,grid,-0.09132952988147736,0.0487382672727108,-0.08813043590635061,-0.009106525918468833,0.015889341714423185,0.044427958393813465,,,,,,,,
829,9513-9101,0.04729657225608755,none,4102,0.244585796745807,0.17578125,0.2503662109375,1.0,1.32,2.578425169178013,3.055817453026782,0.0,5.969088358558867,0.0,1-42896,grid,-0.020593196153640747,0.0330396369099617,0.012477911077439785,0.013411554042249918,0.02405504935462456,0.032672816083213915,,,,,,,,
830,8135-12703,0.05098577789217391,none,6785,0.2278879988974349,0.17578125,0.41412353515625,1.0,1.32,2.5126530079366156,3.279723153805406,0.0,6.243035036067056,0.0,1-43009,grid,-0.010853596031665802,0.033619873225688934,-0.0072731138207018375,0.0019259029068052769,0.008771619527542032,0.029084242949515043,,,,,,,,
831,8566-12702,0.042275864585834176,none,4759,0.27199580449213967,0.17578125,0.29046630859375,0.92156982421875,1.32,2.578575487814452,2.747871599908804,0.0,5.367874508474486,0.0,1-43285,grid,-0.036221228539943695,0.03574930876493454,-0.015505477786064148,0.009425483644008636,0.020007653390770853,0.014574607677167232,,,,,,,,
832,8566-12704,0.04161996358379877,none,8693,0.27606535225443696,0.17578125,0.53057861328125,1.0,1.32,2.553852469838263,2.7073645437745646,0.0,5.238037596114555,0.0,1-43311,grid,-0.012602351605892181,0.015180792659521103,-0.003868323750793934,-0.004835633095353842,0.01233619942804755,0.020164500508594103,,,,,,,,
833,8135-12704,0.09448794435145834,none,16114,0.1294124328992632,0.17578125,0.9835205078125,1.0,1.32,2.4904049419185834,5.77540758421638,0.0,10.89629059797465,0.0,1-43506,grid,-0.014701098203659058,-0.015922240912914276,-0.007454255595803261,-0.023530983831733465,0.02152760794900101,0.011650016818508573,,,,,,,,
834,8140-12702,0.04170656371609983,none,1960,0.27552070161589226,0.17578125,0.11962890625,0.921142578125,1.32,2.6795251056188936,2.7127164749321575,0.0,5.506660529550531,0.0,1-43632,grid,0.016923312097787857,0.04103432595729828,0.005265898071229458,-0.004013022407889366,0.016093319730648505,0.026673420533421068,,,,,,,,
835,8140-12703,0.032032248936421245,none,5192,0.35458732029864926,0.17578125,0.31689453125,1.0,1.32,2.7009999903546804,2.107829309375181,0.0,4.313065866887634,0.0,1-43783,grid,0.004772059619426727,-0.0349501371383667,0.0007478995248675346,-0.022367034573107958,0.01329169417005191,0.013000752469582249,,,,,,,,
836,8143-12702,0.044916868620558256,none,5470,0.256813124350338,0.17578125,0.3338623046875,0.99951171875,1.32,2.613365387242535,2.910324572971204,0.0,5.7619253823063294,0.0,1-43823,grid,-0.03155238926410675,0.030354665592312813,-0.024057949893176556,0.0133142767008394,0.020155049035344954,0.017223327680041707,,,,,,,,
837,9182-12702,0.027990242761353205,none,2645,0.4038176284911012,0.17578125,0.16143798828125,1.0,1.32,2.368735978574128,1.850859134731332,0.0,3.3213610785687013,0.0,1-43864,grid,-0.00347001850605011,0.008167240768671036,-0.00409673061221838,0.002612943295389414,0.004658696239305045,0.01206680381905094,,,,,,,,
838,9182-12703,0.06877660507163967,none,13255,0.1725341958187499,0.17578125,0.80902099609375,1.0,1.32,2.3753446120485693,4.331950213762056,0.0,7.795359545395717,0.0,1-43868,grid,-0.03356276452541351,0.06596075743436813,0.01705191982910037,0.02718757651746273,0.027218481898221313,0.019882055718026564,,,,,,,,
839,9889-1902,0.022821834865454714,none,323,0.4921799577834956,0.17578125,0.01971435546875,0.175537109375,1.32,2.5047426579371646,1.5185696504673094,0.0,2.8815349867986364,0.0,1-440292,grid,0.04405660554766655,-0.018188029527664185,0.013906147796660662,-0.0016799522563815117,0.02570778932410091,0.028144271155923762,,,,,,,,
840,8141-3701,0.03155954821426522,none,1445,0.35969332119251457,0.17578125,0.08819580078125,0.7603759765625,1.32,2.5469839658870437,2.0779077687079726,0.0,4.009392249614644,0.0,1-44180,grid,-0.009437710046768188,0.03727669268846512,-0.0018375315703451633,0.014038299676030874,0.007430812335574636,0.012550066141455835,,,,,,,,
841,8718-6102,0.04716157204984456,none,2639,0.24524641185344212,0.17578125,0.16107177734375,0.77587890625,1.32,2.4296804142723327,3.0475860617481563,0.0,5.6095910341203385,0.0,1-44361,grid,-0.02989250421524048,0.034398965537548065,0.0006697624921798706,0.000717715360224247,0.018672011091265928,0.03094258613182205,,,,,,,,
842,8718-12702,0.03892805947131344,none,4498,0.29420454075476044,0.17578125,0.2745361328125,0.999267578125,1.32,2.4810938073981244,2.540441913441829,0.0,4.775056590526638,0.0,1-44379,grid,0.008934363722801208,-0.002721581608057022,-0.0034222323447465897,-0.01869884692132473,0.011553947620382133,0.017777589573336333,,,,,,,,
843,11976-3704,0.03531600695309571,none,687,0.32289112085842214,0.17578125,0.04193115234375,0.30859375,1.32,2.461788266782037,2.3147417137742052,0.0,4.316972720909305,0.0,1-444671,grid,0.01709553226828575,-0.015145398676395416,-0.006185133941471577,0.004477408714592457,0.020556200044964553,0.0356192435441753,,,,,,,,
844,8609-6101,0.04939297545881211,none,3497,0.2347909816106253,0.17578125,0.21343994140625,0.8433837890625,1.32,2.4487147687914246,3.1832975071325076,0.0,5.905293650888104,0.0,1-445618,grid,0.0032539106905460358,-0.008199714124202728,-0.011920607648789883,-0.006289242068305612,0.011987712081215372,0.028376638535630837,,,,,,,,
845,8609-3703,0.051326978413433984,none,3216,0.2264650498922979,0.17578125,0.1962890625,0.62005615234375,1.32,2.6202871287982608,3.3003306550558267,0.0,6.551374194106906,0.0,1-446684,grid,0.03175231069326401,0.006690669804811478,0.016610741149634123,0.011574637144804,0.015840223872592426,0.02128100015855078,,,,,,,,
846,8714-12705,0.06237809529648557,none,6975,0.18880201865357243,0.17578125,0.42572021484375,1.0,1.32,2.232031149348916,3.9586946780992793,0.0,6.693886236575281,0.0,1-44763,grid,-0.01991266757249832,0.03880682215094566,0.002317567355930805,-0.0018191954586654902,0.023872481891230275,0.03694892806338804,,,,,,,,
847,8719-12703,0.05861308954459758,none,6042,0.20003662112799436,0.17578125,0.3687744140625,1.0,1.32,2.4805972477383667,3.7363635830464497,0.0,7.02152516716279,0.0,1-44789,grid,0.007103182375431061,0.03529895097017288,0.012934262864291668,0.003554794006049633,0.021616513683769246,0.03815296519646526,,,,,,,,
848,8719-12701,0.05924699051302303,none,6197,0.19804499945401574,0.17578125,0.37823486328125,1.0,1.32,2.5201678341405653,3.773937986411214,0.0,7.205270546511176,0.0,1-44801,grid,0.014195036143064499,0.02127961814403534,0.01129383035004139,-0.004811115097254515,0.01830121297787516,0.030417533464323028,,,,,,,,
849,8718-1901,0.031995948880964804,none,754,0.35497407502588946,0.17578125,0.0460205078125,0.3333740234375,1.32,2.431446798330504,2.1055327671571145,0.0,3.878402201124342,0.0,1-45108,grid,0.018352188169956207,-0.01842864602804184,0.006803086958825588,-0.006543968804180622,0.0160722791950931,0.011772244707664706,,,,,,,,
850,8722-6101,0.0787593203224689,none,8237,0.15244052427720917,0.17578125,0.50274658203125,1.0,1.32,2.7445776185828183,4.9029583832915264,0.0,10.19435594214009,0.0,1-45490,grid,-0.04805687069892883,-0.009654037654399872,-0.03473046701401472,-0.008478999137878418,0.027078628480703568,0.011638892622100149,,,,,,,,
851,9487-12703,0.05413258269962174,none,7901,0.2154452872252346,0.17578125,0.48223876953125,1.0,1.32,2.3928019533711136,3.469138527392934,0.0,6.288607155197575,0.0,1-45529,grid,-0.010524854063987732,-0.0034684762358665466,-0.0012107286602258682,-0.007616885472089052,0.009384118227754461,0.02860364176465677,,,,,,,,
852,10495-12701,0.1276921950783743,none,16384,0.09947683874027351,0.17578125,1.0,1.0,1.32,2.782140768193997,7.513402676674596,0.0,15.83586658684416,0.0,1-45571,grid,-0.026962116360664368,-0.023377589881420135,-0.006916332524269819,-0.006900566630065441,0.0180658061165433,0.012367081817140187,,,,,,,,
853,11014-12701,0.057338671597639265,none,5825,0.20417407102972515,0.17578125,0.35552978515625,1.0,1.32,2.4267074843034457,3.6606486939739025,0.0,6.72979059323644,0.0,1-456001,grid,0.0044769421219825745,-0.02040211856365204,-0.01953338785097003,-0.03620639396831393,0.01691967448542659,0.027746832959619272,,,,,,,,
854,11871-1902,0.027133991453237912,none,481,0.41612968958949414,0.17578125,0.02935791015625,0.3035888671875,1.32,2.556605302168891,1.7960976233049044,0.0,3.478721747692622,0.0,1-456420,grid,-0.006563842296600342,-0.015081331133842468,-0.009575819596648216,-0.009172707796096802,0.007668720865348606,0.026937626665446815,,,,,,,,
855,8950-1901,0.02795334270498012,none,503,0.40433265917661443,0.17578125,0.03070068359375,0.2559814453125,1.32,2.527798200240041,1.848501548156727,0.0,3.5398779443723516,0.0,1-456687,grid,0.015625346451997757,-0.026782624423503876,-0.0003880229778587818,0.0019097011536359787,0.022192016918473317,0.031601496838543706,,,,,,,,
856,11009-6102,0.0451889090361608,none,2610,0.2553500917599385,0.17578125,0.1593017578125,0.79718017578125,1.32,2.4814677841979393,2.9269993259331106,0.0,5.502465554297045,0.0,1-456751,grid,0.006977923214435577,0.008751310408115387,0.013185720425099134,0.002974780974909663,0.008303880785775345,0.019014202519179683,,,,,,,,
857,8933-12701,0.04531416922752375,none,3196,0.2546823532540353,0.17578125,0.195068359375,1.0,1.32,2.432036510978773,2.9346734742661478,0.0,5.406994725163784,0.0,1-456759,grid,0.00464509055018425,0.009771063923835754,0.01670463616028428,-0.001964997500181198,0.008501818162280975,0.0312629279732705,,,,,,,,
858,9875-6101,0.028998644301911992,none,1243,0.39025039421435165,0.17578125,0.07586669921875,0.3447265625,1.32,2.511301772014023,1.9152051030287254,0.0,3.643680279550255,0.0,1-456828,grid,0.01951506733894348,-0.020091354846954346,-0.003386904951184988,-0.003075956366956234,0.021108041173455244,0.026040867394858565,,,,,,,,
859,11004-3703,0.03810705821705049,none,1938,0.30024706816350044,0.17578125,0.1182861328125,1.0,1.32,2.509626357998179,2.4893150531991006,0.0,4.7327656597500765,0.0,1-457017,grid,-0.037052057683467865,0.01806500554084778,-0.024410833604633808,-0.011244322173297405,0.010409607563444962,0.024212108567301473,,,,,,,,
860,10495-6102,0.05476898367186649,none,5282,0.21310289390693943,0.17578125,0.3223876953125,0.79119873046875,1.32,2.6332426084480547,3.507270749615848,0.0,6.996586952463636,0.0,1-45702,grid,0.0005553886294364929,0.043875448405742645,0.008975187316536903,0.026790935546159744,0.014832986775308862,0.022471661566469566,,,,,,,,
861,9879-6102,0.034063952040301944,none,2614,0.3342553824951903,0.17578125,0.1595458984375,1.0,1.32,2.4624451450479743,2.236043413508989,0.0,4.171313824024022,0.0,1-457054,grid,0.011290129274129868,0.03972659632563591,0.0030055437237024307,0.004189888946712017,0.010805160615809392,0.02666962795100266,,,,,,,,
862,11004-12705,0.035952540925543675,none,5446,0.3174172440379443,0.17578125,0.3323974609375,1.0,1.32,2.4348565622481044,2.3546595545670863,0.0,4.343377475983233,0.0,1-457074,grid,0.016270466148853302,-0.014480166137218475,0.012744901236146688,-0.012048660777509212,0.011463691208225475,0.008106500434327707,,,,,,,,
863,8932-9102,0.02093793198737191,none,1508,0.5352391007493124,0.17578125,0.092041015625,0.8792724609375,1.32,2.563974447024213,1.3964031129488785,0.0,2.712380226777265,0.0,1-457236,grid,-0.006827846169471741,-0.017891407012939453,-0.005549263209104538,0.00658727390691638,0.015185035021231967,0.021445467596839105,,,,,,,,
864,11004-3702,0.019592517931951166,none,504,0.571059716070559,0.17578125,0.03076171875,0.28533935546875,1.32,2.5218880259748238,1.3088115400630878,0.0,2.5005122357142184,0.0,1-457248,grid,0.030678585171699524,-0.03809221833944321,-0.0007186955772340298,-0.023555233608931303,0.02824661097672367,0.032422972975821286,,,,,,,,
865,8982-3701,0.07525871497451166,none,6565,0.15887866413187793,0.17578125,0.40069580078125,1.0,1.32,2.4764323505939516,4.704278894477031,0.0,8.825627606438838,0.0,1-457523,grid,-0.006851568818092346,0.040510401129722595,0.021986400242894888,0.025703626684844494,0.017502506306453978,0.03765045345562812,,,,,,,,
866,8982-1902,0.02406283676136254,none,369,0.467499351686927,0.17578125,0.02252197265625,0.14898681640625,1.32,2.453340775769379,1.598739214848837,0.0,2.971403110310738,0.0,1-457547,grid,0.01129915937781334,-0.011984899640083313,-0.014988041017204523,0.00013256259262561798,0.03679288427611043,0.017112564170081165,,,,,,,,
867,9878-12702,0.07321711185550649,none,15790,0.1629182899991692,0.17578125,0.9637451171875,1.0,1.32,2.5016005431721515,4.587634368505276,0.0,8.694264112218201,0.0,1-457614,grid,-0.04024461656808853,0.03880946338176727,-0.018864819779992104,-0.008929616305977106,0.016494888264442197,0.051005281244419956,,,,,,,,
868,9878-12705,0.06523909966730933,none,11997,0.18113308246941087,0.17578125,0.73223876953125,1.0,1.32,2.525707263453463,4.126300597708417,0.0,7.8953237809276615,0.0,1-458007,grid,0.028383024036884308,0.03792695701122284,0.036197729408741,0.016024982556700706,0.007806599251371009,0.03484707975588285,,,,,,,,
869,8984-12705,0.036557755850144764,none,6363,0.3123895536442681,0.17578125,0.38836669921875,1.0,1.32,2.3665398901124166,2.392556145809557,0.0,4.289454210902982,0.0,1-458137,grid,-0.005132682621479034,0.02890869788825512,0.00222648773342371,-0.003580087563022971,0.010433113859163096,0.02174231247411348,,,,,,,,
870,10217-3704,0.059588891035352504,none,4000,0.19698841107357276,0.17578125,0.244140625,0.7523193359375,1.32,2.4235286155633737,3.794180289007711,0.0,6.96613977501265,0.0,1-458682,grid,0.046619243919849396,0.005701679736375809,0.009378604125231504,-0.012384206987917423,0.01875327499835292,0.012703030761567391,,,,,,,,
871,11743-9102,0.029343383828578685,none,2983,0.38582614482593663,0.17578125,0.18206787109375,0.9783935546875,1.32,2.5227423353315883,1.9371666655599193,0.0,3.7022517862129813,0.0,1-458706,grid,0.00021944940090179443,0.011636018753051758,-0.0006679757498204708,0.012396120466291904,0.006617643637408286,0.008597895752131038,,,,,,,,
872,11744-12701,0.028497117535717736,none,3311,0.3968779822943552,0.17578125,0.20208740234375,1.0,1.32,2.380265303698996,1.8832225011262067,0.0,3.395885741345419,0.0,1-459619,grid,-0.025014661252498627,0.032010290771722794,-0.020015169866383076,0.005058214068412781,0.008077351395107296,0.02112775227912055,,,,,,,,
873,8241-12702,0.043763866859090304,none,2845,0.26321601709834336,0.17578125,0.17364501953125,1.0,1.32,2.5231499742108072,2.839529124016223,0.0,5.427695330327552,0.0,1-460434,grid,0.001416042447090149,-0.017658375203609467,-0.00867593428120017,-0.00419262982904911,0.014451019149559548,0.02157984458236422,,,,,,,,
874,8241-12703,0.02893984421208171,none,2524,0.3910155365574712,0.17578125,0.154052734375,1.0,1.32,2.482959207144492,1.911457414297512,0.0,3.5955081711322805,0.0,1-460862,grid,0.011536195874214172,0.04524347186088562,0.0018911845982074738,0.0048309857957065105,0.01594433366692971,0.02557331780724677,,,,,,,,
875,10495-12705,0.04879887455119016,none,4690,0.2374812180225277,0.17578125,0.2862548828125,0.9989013671875,1.32,2.792373334396634,3.147236453820942,0.0,6.65777208385653,0.0,1-46266,grid,-0.022617459297180176,0.0037896186113357544,-0.0002757585607469082,0.005718833766877651,0.017128036231211577,0.03112950161339622,,,,,,,,
876,8245-3704,0.03128314779200179,none,1285,0.36275045039609166,0.17578125,0.07843017578125,0.246337890625,1.32,2.5071246264608877,2.0603959158208967,0.0,3.913385864253033,0.0,1-462964,grid,0.014050878584384918,0.021693110466003418,0.008623027242720127,0.02319058310240507,0.030630720236210617,0.017304334797153407,,,,,,,,
877,8245-1902,0.02536943875748919,none,405,0.4441240408001721,0.17578125,0.02471923828125,0.2689208984375,1.32,2.4919654633100414,1.6828846848995176,0.0,3.1770382678053024,0.0,1-464210,grid,0.036343902349472046,-0.007956370711326599,0.0009428281337022781,-0.0048136282712221146,0.02300813250908231,0.012793358664333978,,,,,,,,
878,8244-1902,0.03918765986791109,none,879,0.292346607867973,0.17578125,0.05364990234375,0.60223388671875,1.32,2.7490447523538886,2.5565870317737245,0.0,5.324372851237546,0.0,1-46864,grid,0.011296983808279037,-0.03719905763864517,-0.005824412684887648,-0.002052346710115671,0.018171598605546155,0.022547394084422707,,,,,,,,
879,8244-6102,0.03048094656646007,none,2140,0.3719372811338836,0.17578125,0.130615234375,0.930908203125,1.32,2.7084089258526927,2.0095042480811665,0.0,4.123150940940858,0.0,1-47136,grid,0.0012332946062088013,0.014362413436174393,-0.0031848233193159103,-0.001706408802419901,0.009150974599959612,0.010021086568127746,,,,,,,,
880,8723-1901,0.025823639451382288,none,475,0.4365524926745603,0.17578125,0.02899169921875,0.22247314453125,1.32,2.3107501837894207,1.712072566300691,0.0,2.9970999979092023,0.0,1-47408,grid,-0.0034179240465164185,0.002781156450510025,-0.0068795345723629,0.004570119548588991,0.015934092477318956,0.031644105642853776,,,,,,,,
881,8438-6102,0.0501999766916869,none,5076,0.2312387571652426,0.17578125,0.309814453125,0.89398193359375,1.32,2.4515733459152265,3.23219842391819,0.0,6.003008715747756,0.0,1-474575,grid,-0.014611631631851196,0.03818422555923462,-0.013445493299514055,0.00352062052115798,0.008730620157772121,0.02670977220410585,,,,,,,,
882,8724-6104,0.04611857045642646,none,2496,0.2504807423831773,0.17578125,0.15234375,0.63970947265625,1.32,2.5182599673164248,2.983900236589587,0.0,5.6926034183860335,0.0,1-47499,grid,-0.003029748797416687,0.03572671487927437,0.015538392122834921,0.01862603984773159,0.011010444878314166,0.02915542780340254,,,,,,,,
883,10001-6102,0.026104639880673262,none,1529,0.43200015738834524,0.17578125,0.09332275390625,0.7703857421875,1.32,2.594095893503594,1.7301140605521044,0.0,3.4000619543720014,0.0,1-48116,grid,0.027698826044797897,-0.02311817556619644,0.0027568689547479153,-0.0007734466344118118,0.016453189115318168,0.012821696270432188,,,,,,,,
884,8248-6102,0.07292721141261875,none,9576,0.16351027640144492,0.17578125,0.58447265625,1.0,1.32,2.456546392236325,4.571024909916264,0.0,8.506768750967552,0.0,1-481824,grid,-0.024424582719802856,0.05885547399520874,-0.029985897708684206,0.01681674923747778,0.02472716798948948,0.032289116722317136,,,,,,,,
885,8721-12702,0.043927767109484574,none,3599,0.26228533223318595,0.17578125,0.21966552734375,1.0,1.32,2.4859099476292106,2.8496048181368003,0.0,5.36656133652909,0.0,1-48545,grid,-0.031228579580783844,0.0460064522922039,-0.008636683691293001,0.0003253850154578686,0.024433470314347828,0.028843886223492404,,,,,,,,
886,8448-12703,0.07383901280559921,none,11618,0.1616640585198329,0.17578125,0.7091064453125,1.0,1.32,2.48990049657687,4.623226419659668,0.0,8.720737695528719,0.0,1-487432,grid,0.002801641821861267,0.0231715589761734,0.009365848265588284,-0.014655236154794693,0.019817967752578974,0.03470860850432396,,,,,,,,
887,8450-12705,0.04282676542745837,none,8844,0.26867410654411245,0.17578125,0.539794921875,1.0,1.32,2.533105790901448,2.781844354381743,0.0,5.33841366929613,0.0,1-489642,grid,0.002023749053478241,0.015056639909744263,0.016982126515358686,0.012567060068249702,0.014632331903197432,0.011241406711114921,,,,,,,,
888,8338-6103,0.033289750857536556,none,1238,0.34171030137233355,0.17578125,0.0755615234375,1.0,1.32,2.6529407353032557,2.187260797981936,0.0,4.395964598256199,0.0,1-489932,grid,-0.009582079946994781,0.014134280383586884,0.0005445657297968864,-0.0018294933252036572,0.015055249723367824,0.010240908623550688,,,,,,,,
889,8450-9102,0.04930037531734469,none,4991,0.23520602907770793,0.17578125,0.30462646484375,1.0,1.32,2.526207670650615,3.177680220991984,0.0,6.081424355412644,0.0,1-491058,grid,-0.044365592300891876,0.03298238664865494,-0.021256479434669018,-0.005105410236865282,0.020250797651676738,0.03582467107746995,,,,,,,,
890,8450-1902,0.03350245118248386,none,701,0.33962783280719777,0.17578125,0.04278564453125,0.278564453125,1.32,2.505963970804814,2.20067224844494,0.0,4.177882853146242,0.0,1-491220,grid,0.01704464480280876,-0.008586108684539795,-0.0043035345152020454,-0.011379846837371588,0.019446225623569374,0.015100424707144941,,,,,,,,
891,8338-3704,0.033158650657251695,none,1080,0.3430071672981116,0.17578125,0.06591796875,0.546142578125,1.32,2.530994667286559,2.1789910465885853,0.0,4.178041453773384,0.0,1-491233,grid,-0.005807854235172272,0.013132862746715546,0.001893920823931694,0.01584391575306654,0.011205101396092229,0.017218106172794245,,,,,,,,
892,8310-12702,0.025591739097102655,none,2025,0.44038469581604933,0.17578125,0.12359619140625,1.0,1.32,2.3807255392088087,1.697174206004866,0.0,3.0609893763047094,0.0,1-494684,grid,-0.01895178109407425,-0.0027912408113479614,-0.00945764034986496,-0.010919599328190088,0.014347744477016235,0.021693322806146068,,,,,,,,
893,10222-3704,0.07897892065795752,none,5721,0.15205570979505773,0.17578125,0.34918212890625,1.0,1.32,2.465329039543409,4.915366528923277,0.0,9.180299881632001,0.0,1-50472,grid,-0.08806201815605164,0.06580532342195511,-0.061360045336186886,0.013076553121209145,0.03187647205147541,0.0520772765751024,,,,,,,,
894,10222-12702,0.06234079523950139,none,13625,0.1889066565283384,0.17578125,0.83160400390625,1.0,1.32,2.4539756317191723,3.9565019051945223,0.0,7.355423683483208,0.0,1-50480,grid,0.00996387004852295,-0.0030891522765159607,0.0028011947870254517,-0.0146073242649436,0.011536627506660383,0.02523480525679061,,,,,,,,
895,10222-12701,0.01675492559689451,none,1077,0.6654724021057308,0.17578125,0.06573486328125,0.82080078125,1.32,2.442018236062393,1.1231262845661167,0.0,2.077799142660195,0.0,1-50542,grid,0.036027781665325165,-0.010825172066688538,0.011390885803848505,0.010056780651211739,0.031413141018166044,0.018437014874175223,,,,,,,,
896,9188-9102,0.023143635357076905,none,1773,0.48552587188541996,0.17578125,0.10821533203125,0.93011474609375,1.32,2.701066101673496,1.5393815031028473,0.0,3.1499781784653735,0.0,1-50982,grid,0.011090021580457687,-0.00423131138086319,0.011297534685581923,0.003353648353368044,0.009786082817587943,0.017374460806744613,,,,,,,,
897,9188-6102,0.10517416067704276,none,15742,0.11770660698642635,0.17578125,0.9608154296875,1.0,1.32,2.662651669825078,6.349767150662049,0.0,12.808498565689948,0.0,1-51113,grid,-0.017796359956264496,0.011106684803962708,0.017107686027884483,0.003609783947467804,0.02865684249827071,0.028048194246511275,,,,,,,,
898,9188-6104,0.018465028209458556,none,727,0.6050990123117077,0.17578125,0.04437255859375,0.44677734375,1.32,2.692708403266703,1.2351855336912718,0.0,2.5196927773969353,0.0,1-51118,grid,0.02141847461462021,0.006251409649848938,0.00018145795911550522,-0.004712928086519241,0.013953413394356334,0.027059400355505154,,,,,,,,
899,9189-9101,0.03478175313690359,none,4241,0.32764015507628297,0.17578125,0.25885009765625,1.0,1.32,2.762953140954229,2.2811903085697236,0.0,4.774865097103837,0.0,1-51296,grid,0.01084877923130989,-0.004573017358779907,0.005231509916484356,-0.005101053509861231,0.012898298409503213,0.010623907170274309,,,,,,,,
900,9190-3702,0.03747755725534704,none,1208,0.3050595695795613,0.17578125,0.07373046875,0.3441162109375,1.32,2.564875725313073,2.4500445846966596,0.0,4.760651425169099,0.0,1-51523,grid,0.00937611237168312,-0.00627513974905014,0.0032730302773416042,0.01851440779864788,0.024889302697722358,0.02603690330047945,,,,,,,,
901,8727-9101,0.03351965120876074,none,3269,0.3394605892761632,0.17578125,0.19952392578125,1.0,1.32,2.448964630336847,2.20175646325251,0.0,4.084866441758293,0.0,1-51660,grid,-0.03707939386367798,0.03698147088289261,0.0011563878506422043,0.03026936063542962,0.024240364439767917,0.010482030489631713,,,,,,,,
902,8311-12702,0.04945517555383666,none,4422,0.23451306500085642,0.17578125,0.2698974609375,0.7506103515625,1.32,2.61734930292263,3.187069967532805,0.0,6.319451028702755,0.0,1-519381,grid,0.0350862517952919,0.017663896083831787,0.030948473140597343,0.0024421215057373047,0.010925285079936503,0.031777662153285494,,,,,,,,
903,8311-3704,0.03248414962680058,none,1394,0.3498449819937797,0.17578125,0.0850830078125,0.86895751953125,1.32,2.637494415132188,2.1364020778539765,0.0,4.268748900618685,0.0,1-519429,grid,0.0013150125741958618,0.0075317248702049255,0.0014989767223596573,-0.020560588454827666,0.013215528817846768,0.01945114447220171,,,,,,,,
904,11010-3701,0.02477630985135219,none,790,0.45442957981822957,0.17578125,0.0482177734375,0.203125,1.32,2.4886427252482304,1.644720281539022,0.0,3.1008493664547787,0.0,1-521847,grid,0.008198373019695282,-0.04370339959859848,-0.018304449506103992,-0.020815500058233738,0.03354745068006944,0.027528072522221263,,,,,,,,
905,11009-12705,0.07281773124536332,none,12796,0.1637350670088135,0.17578125,0.781005859375,1.0,1.32,2.539351329611492,4.564749385164186,0.0,8.781441227696902,0.0,1-521998,grid,0.006553657352924347,0.013165488839149475,0.015798751264810562,-0.01635838858783245,0.015576350733603545,0.0433091190400371,,,,,,,,
906,11010-9101,0.024156685904738087,none,2081,0.4657360680305966,0.17578125,0.12701416015625,0.92901611328125,1.32,2.360310799575867,1.6047920652114855,0.0,2.86955154741843,0.0,1-522062,grid,0.001311756670475006,0.012773007154464722,-0.009366693440824747,0.011559885460883379,0.015297669201577775,0.00795715729463726,,,,,,,,
907,11010-9102,0.06942881106803013,none,13913,0.17104464723806453,0.17578125,0.84918212890625,1.0,1.32,2.3731208644153514,4.369675161000703,0.0,7.8558843146123305,0.0,1-522187,grid,0.001462303102016449,0.05225295200943947,0.021998124197125435,0.008917582221329212,0.018213087543403075,0.050490432366576916,,,,,,,,
908,9878-6101,0.033497551174998,none,2560,0.3396755092124177,0.17578125,0.15625,0.9749755859375,1.32,2.4724973825036662,2.2003633649987466,0.0,4.1215095913002715,0.0,1-522568,grid,-0.0036253631114959717,-0.02341250330209732,0.004554832354187965,-0.022218407597392797,0.012158601552939395,0.00911630847415685,,,,,,,,
909,8320-12702,0.027940442685272453,none,1826,0.4045130315568697,0.17578125,0.1114501953125,1.0,1.32,2.406334794684235,1.8476773012273677,0.0,3.3682804388573326,0.0,1-523065,grid,0.026896126568317413,-0.013326801359653473,0.000557231716811657,-0.011026275809854269,0.017964426965407072,0.013250099239753652,,,,,,,,
910,9881-12705,0.03069404689201846,none,4676,0.369449996724343,0.17578125,0.285400390625,1.0,1.32,2.532401958827406,2.0230330304102324,0.0,3.8811612189268305,0.0,1-523085,grid,-0.0026436448097229004,0.026145799085497856,0.01731279958039522,0.009261073311790824,0.019021955879936634,0.018530750231914816,,,,,,,,
911,9881-12702,0.05320438128158656,none,8642,0.21896227748219335,0.17578125,0.5274658203125,1.0,1.32,2.4970431852815453,3.41341693670993,0.0,6.457158712375862,0.0,1-523178,grid,0.007994972169399261,0.009636089205741882,0.025411717128008604,0.0011969455517828465,0.01508630307903357,0.029819690121152556,,,,,,,,
912,8158-12705,0.03855425890024951,none,1286,0.2969237664439508,0.17578125,0.0784912109375,0.86224365234375,1.32,2.540017762786303,2.5171765649126097,0.0,4.843691808293514,0.0,1-52578,grid,0.010718397796154022,-0.00841880589723587,-0.0022651245817542076,0.007631493266671896,0.01639376866762558,0.022437570887637787,,,,,,,,
913,8158-6104,0.05779188829002909,none,7160,0.2026817524218383,0.17578125,0.43701171875,0.936767578125,1.32,2.4729972299006473,3.687601560217056,0.0,6.908657911662186,0.0,1-52590,grid,0.0011069625616073608,0.03950222209095955,-0.010771628003567457,-0.010435141623020172,0.009929037807629796,0.04181494106475882,,,,,,,,
914,11754-3704,0.04921495218684174,none,2323,0.23559029425601805,0.17578125,0.14178466796875,0.42462158203125,1.32,2.313621957856139,3.172497189744504,0.0,5.560575120780135,0.0,1-52986,grid,-0.0010613873600959778,0.016688786447048187,-0.01661834167316556,0.003684539347887039,0.014604998912536318,0.010565246577077454,,,,,,,,
915,11754-6104,0.05145430560795475,none,5792,0.22593888173939908,0.17578125,0.353515625,1.0,1.32,2.421637549407569,3.3080164896999458,0.0,6.0688007163006095,0.0,1-53025,grid,-0.020285218954086304,0.054605767130851746,-0.018552997149527073,0.006563865579664707,0.008750423112876089,0.03726677492906486,,,,,,,,
916,10839-3704,0.028214466103904483,none,888,0.4007170142687411,0.17578125,0.05419921875,0.67291259765625,1.32,2.4093814184118516,1.865180463630245,0.0,3.4044932962541776,0.0,1-53120,grid,-0.028982922434806824,0.035376399755477905,-0.02505792723968625,-0.001013576053082943,0.0070341770100106945,0.02420884711852501,,,,,,,,
917,8320-9102,0.052373980012962985,none,9269,0.2222144539109442,0.17578125,0.56573486328125,1.0,1.32,2.4177500573497843,3.3634605369002406,0.0,6.1606112924123435,0.0,1-532459,grid,0.01004575565457344,0.043988246470689774,0.009754651691764593,0.0095836715772748,0.0066335764522677445,0.029520404445164055,,,,,,,,
918,11867-3702,0.05343648763618092,none,3210,0.21807135001313424,0.17578125,0.1959228515625,0.66650390625,1.32,2.596141730494299,3.4273624041547976,0.0,6.740847396176922,0.0,1-53278,grid,0.010255791246891022,-0.014329984784126282,-0.01255417987704277,-0.040361950639635324,0.014101081804856329,0.027577841844836738,,,,,,,,
919,12511-12705,0.041475955363794025,none,6632,0.27697609596112915,0.17578125,0.40478515625,1.0,1.32,2.6104568910792354,2.698462276553965,0.0,5.33652988268762,0.0,1-53328,grid,0.023436889052391052,0.027952050790190697,0.035799294244498014,-0.004374716663733125,0.011719928996631388,0.029907388744935638,,,,,,,,
920,11867-12703,0.10349851811712414,none,14477,0.11938176585184981,0.17578125,0.88360595703125,1.0,1.32,2.4639019231288066,6.2606675410197665,0.0,11.686114238173255,0.0,1-53660,grid,-0.02980954945087433,0.04569009691476822,0.00763943325728178,0.018376020481809974,0.02517820710153218,0.035754386080197265,,,,,,,,
921,11867-1901,0.027369069812372655,none,464,0.4126727541296189,0.17578125,0.0283203125,0.140625,1.32,2.5159061564756584,1.8111434277619878,0.0,3.452020378914251,0.0,1-53664,grid,0.008549056947231293,-0.027405433356761932,-0.01710126781836152,-0.004308759234845638,0.019411562486713527,0.03224805598715825,0.32400954,0.34035996,0.33563042,0.9912883,0.32430896,0.33960426,0.3360868,0.9914586
922,9882-12705,0.028242143146187355,none,3829,0.4003377040358863,0.17578125,0.23370361328125,1.0,1.32,2.5710992843721607,1.8669476767326925,0.0,3.636445330005828,0.0,1-537118,grid,0.005417678505182266,0.010563105344772339,0.004944739863276482,-0.011081613134592772,0.010554143553695924,0.01881036253738855,,,,,,,,
923,11867-3704,0.05146204361977628,none,2261,0.22590698910391693,0.17578125,0.13800048828125,0.617431640625,1.32,2.536136246073203,3.30848350209515,0.0,6.356640097877816,0.0,1-53854,grid,-0.038861051201820374,0.06325104832649231,-0.02885742485523224,0.03396065020933747,0.018804441088607887,0.02881983456306497,,,,,,,,
924,9512-12701,0.054166282751106104,none,6197,0.21531986627689959,0.17578125,0.37823486328125,1.0,1.32,2.4916876199462927,3.4711592542842076,0.0,6.552306470274216,0.0,1-53870,grid,-0.0458453893661499,0.045845963060855865,-0.05256838444620371,-0.0028050104156136513,0.009923653305846165,0.03038358705773843,,,,,,,,
925,10513-12703,0.05040777700914834,none,3915,0.23034250039155515,0.17578125,0.23895263671875,1.0,1.32,2.5691040971687915,3.244774825261468,0.0,6.3152759833101415,0.0,1-54080,grid,-0.0223136767745018,0.0462036058306694,-0.030621779151260853,0.016471705166622996,0.011399966279337826,0.03162321822663698,,,,,,,,
926,8482-12705,0.04168146367775391,none,7977,0.2756783291932134,0.17578125,0.48687744140625,1.0,1.32,2.4220834478001905,2.7111653957190978,0.0,4.974749113045363,0.0,1-542392,grid,0.005688048899173737,0.012998871505260468,0.010808629915118217,0.0007439199835062027,0.012939511093664828,0.018265825435595486,,,,,,,,
927,12651-12701,0.05360529889407786,none,4472,0.2174282282636882,0.17578125,0.27294921875,1.0,1.32,2.4315132293647244,3.4375000542793823,0.0,6.332065801456269,0.0,1-543357,grid,-0.001699000597000122,0.05980968847870827,0.006624497007578611,0.03245781920850277,0.009759095757254447,0.022152528867962294,,,,,,,,
928,11757-6103,0.05775093822746871,none,7266,0.20281562611325474,0.17578125,0.4434814453125,0.91705322265625,1.32,2.5284302488244057,3.6851674635806186,0.0,7.058855217349049,0.0,1-543394,grid,0.00996561348438263,-0.04225081950426102,-0.011459188535809517,-0.021781446412205696,0.018415903603664886,0.015415803267590126,,,,,,,,
929,12651-6103,0.04672312438001771,none,3060,0.24741828098922042,0.17578125,0.186767578125,0.65130615234375,1.32,2.4423400035042455,3.0208339637234056,0.0,5.589320934504519,0.0,1-543583,grid,-0.006125360727310181,0.046559274196624756,0.007739681750535965,0.012863915413618088,0.016866994785642124,0.036542286737919975,,,,,,,,
930,12651-6101,0.05459842641130214,none,3823,0.2137253002403015,0.17578125,0.23333740234375,0.7861328125,1.32,2.496136860057726,3.497056949354849,0.0,6.612979358337623,0.0,1-543598,grid,-0.014887303113937378,0.024223703891038895,-0.027118511497974396,-0.008808474754914641,0.00626861331113725,0.01822931398384089,,,,,,,,
931,10841-6101,0.050483067124170826,none,3557,0.23001959160822755,0.17578125,0.21710205078125,0.96728515625,1.32,2.6422550232720283,3.2493299428654585,0.0,6.504210881670052,0.0,1-54586,grid,0.006814099848270416,0.04739783704280853,0.021074684336781502,0.004433106631040573,0.013408133939369434,0.0386550835322894,,,,,,,,
932,7957-3704,0.036745756137357234,none,996,0.3108615108372468,0.17578125,0.060791015625,0.33367919921875,1.32,2.5034849766866603,2.404316779022567,0.0,4.559977981423225,0.0,1-547107,grid,0.012327253818511963,-0.021380171179771423,-0.002083620522171259,-0.00911780633032322,0.020412639342579503,0.021256763218297732,,,,,,,,
933,7957-12702,0.023427835791256603,none,2471,0.4798013032472219,0.17578125,0.15081787109375,1.0,1.32,2.4733667465584386,1.557748054038087,0.0,2.918850179071153,0.0,1-547131,grid,0.02115759253501892,0.024014323949813843,0.01864640600979328,0.03626238089054823,0.011565836534030483,0.011951743841292228,,,,,,,,
934,8614-9102,0.06279519593370003,none,12456,0.1876404044185171,0.17578125,0.76025390625,1.0,1.32,2.5998194934533094,3.983201532604141,0.0,7.845155296073743,0.0,1-547143,grid,0.016914378851652145,0.024130146950483322,0.004405665211379528,-0.011131750419735909,0.014313156993831814,0.018179357243454344,,,,,,,,
935,7957-12705,0.07361891246934675,none,13633,0.16210552312420995,0.17578125,0.83209228515625,1.0,1.32,2.372050917210209,4.610635912051012,0.0,8.285350866744643,0.0,1-547159,grid,-0.005011551082134247,0.049572791904211044,-0.006535472348332405,0.0025601452216506004,0.029519131308646102,0.03800078123279218,,,,,,,,
936,9186-3703,0.04680227150093264,none,2788,0.2470232102637863,0.17578125,0.170166015625,0.5250244140625,1.32,2.447401957096459,3.025665263034065,0.0,5.609862944142684,0.0,1-547596,grid,0.004404418170452118,0.001986972987651825,-0.015770293306559324,-0.013980062678456306,0.015700687305761896,0.020045898505411646,,,,,,,,
937,12079-9101,0.04592007015317287,none,6444,0.25150387421998605,0.17578125,0.393310546875,1.0,1.32,2.466005872258081,2.9717615634204977,0.0,5.551804141171062,0.0,1-547851,grid,-0.02963436394929886,0.02954080142080784,-0.01407225662842393,-0.01136833755299449,0.021826040026535452,0.02446606372132626,,,,,,,,
938,8153-6102,0.026727640832446498,none,1575,0.4222487045964121,0.17578125,0.09613037109375,0.793212890625,1.32,2.3644019829183915,1.7700694835113269,0.0,3.170572573270844,0.0,1-547926,grid,0.010915294289588928,-0.0399501696228981,0.0060791922733187675,-0.011134484317153692,0.009623332586518988,0.024047634302589656,,,,,,,,
939,11752-12702,0.060715332756244064,none,6280,0.19359161420335225,0.17578125,0.38330078125,1.0,1.32,2.3650671112184325,3.8607537291011225,0.0,6.917380052432562,0.0,1-54809,grid,-0.065544992685318,0.057775598019361496,-0.05164478765800595,0.020501805003732443,0.01464578564889529,0.03498871308674786,,,,,,,,
940,12082-12705,0.04326897410303097,none,3127,0.2660690116705235,0.17578125,0.19085693359375,1.0,1.32,2.4419620593972193,2.809081530260369,0.0,5.196720089885834,0.0,1-548398,grid,-0.02836446464061737,0.015162881463766098,-0.027544617652893066,-0.01332076732069254,0.015303738330209433,0.026721691181914448,,,,,,,,
941,9181-12705,0.08383622807858047,none,10423,0.14406062087267732,0.17578125,0.63616943359375,1.0,1.32,2.253224193084887,5.18815996995368,0.0,8.856126940828933,0.0,1-548626,grid,-0.017886146903038025,-0.01765984296798706,0.031154651194810867,0.0034897527657449245,0.037588503719722145,0.02701494720976863,,,,,,,,
942,12514-12703,0.031983021861215884,none,2750,0.35511201651906815,0.17578125,0.1678466796875,1.0,1.32,2.687149890843578,2.1047148834462637,0.0,4.284609370689,0.0,1-549165,grid,-0.01366385817527771,0.011622197926044464,0.013587796594947577,0.0038171210326254368,0.021390979417293655,0.014141189015212656,,,,,,,,
943,10514-6101,0.050333676895943855,none,3415,0.2306612494926364,0.17578125,0.20843505859375,0.7742919921875,1.32,2.4855617020013123,3.2402908945577282,0.0,6.101471932466864,0.0,1-54999,grid,0.018044911324977875,0.030292674899101257,0.032890332862734795,0.013079880271106958,0.009479434878993694,0.026848331930968417,,,,,,,,
944,11753-1901,0.030569970702464346,none,627,0.3708939821388289,0.17578125,0.03826904296875,0.38067626953125,1.32,2.5131140324274015,2.0151568438728025,0.0,3.8366052589991315,0.0,1-55399,grid,0.021206509321928024,-0.009580433368682861,0.010085852816700935,0.001222223974764347,0.011707087377951765,0.011823175079317225,,,,,,,,
945,10001-12703,0.04620947059529674,none,3676,0.2500151514283459,0.17578125,0.224365234375,1.0,1.32,2.5918712791338536,2.989457007658613,0.0,5.869914968451358,0.0,1-55648,grid,-0.016971617937088013,0.02978530339896679,0.005015864968299866,0.013126746518537402,0.022174367148520613,0.027891897950941096,,,,,,,,
946,8145-1902,0.027158441490590806,none,468,0.4157673513402374,0.17578125,0.028564453125,0.30743408203125,1.32,2.474257900379545,1.797662909434815,0.0,3.369607315066946,0.0,1-556501,grid,0.026416562497615814,-0.032494619488716125,0.0022111586295068264,-0.012127156369388103,0.027785523682515335,0.022699701295493188,,,,,,,,
947,8937-6101,0.05977999132730093,none,7343,0.19640311838652424,0.17578125,0.44818115234375,0.85711669921875,1.32,2.515315351950499,3.805487166386967,0.0,7.2515153721695,0.0,1-556527,grid,-0.013547353446483612,-0.0034336894750595093,-0.006583031266927719,-0.002488193567842245,0.012631617609152698,0.017595425434740602,,,,,,,,
948,10217-3702,0.05186357923321169,none,2996,0.22426510997701066,0.17578125,0.182861328125,0.6241455078125,1.32,2.4621901166626987,3.332705415188813,0.0,6.216480556837992,0.0,1-556959,grid,-0.0023641586303710938,0.027662493288517,-0.010016876738518476,0.000566587783396244,0.006738996080835101,0.02401688701164519,,,,,,,,
949,10001-12705,0.04623497063425375,none,5560,0.24988486916881839,0.17578125,0.33935546875,1.0,1.32,2.7096865846142966,2.991015618290036,0.0,6.139935526706322,0.0,1-55784,grid,-0.018028028309345245,0.04091127589344978,-0.005646327044814825,0.006701537407934666,0.018743510358779088,0.03395606893778934,,,,,,,,
950,8247-1901,0.024668437686553343,none,421,0.4563571170733188,0.17578125,0.02569580078125,0.15771484375,1.32,2.7156214575041484,1.637773398279704,0.0,3.369373168862009,0.0,1-558242,grid,0.03673730418086052,-0.03652813285589218,-0.0012731198221445084,0.004905346781015396,0.02960549777847311,0.03439117917809152,,,,,,,,
951,8253-12702,0.09874145084964042,none,13744,0.12444847452484903,0.17578125,0.8388671875,1.0,1.32,2.6891716918510062,6.005775075282746,0.0,12.235272969753565,0.0,1-558442,grid,-0.097446009516716,0.055062416940927505,-0.059845530427992344,0.023640121333301067,0.04263172964432206,0.02890752812466327,,,,,,,,
952,8095-6102,0.024071336774348213,none,1337,0.46733908291714976,0.17578125,0.08160400390625,0.35711669921875,1.32,2.4292955800382114,1.5992874847807226,0.0,2.9432894075668465,0.0,1-558603,grid,0.016196634620428085,-0.02042839676141739,-0.013178146444261074,-0.011600521393120289,0.022699680115444123,0.014268819899127226,,,,,,,,
953,9041-3704,0.08511653003452793,none,7239,0.14210556529038768,0.17578125,0.44183349609375,1.0,1.32,2.4268581524109627,5.259537477867199,0.0,9.669811671267427,0.0,1-559120,grid,-0.03804687410593033,-0.02101234346628189,0.0026805466040968895,-0.012039106339216232,0.03419180542554067,0.010436563787264883,,,,,,,,
954,7960-12702,0.029649745296614318,none,2829,0.3819807886269768,0.17578125,0.17266845703125,1.0,1.32,2.5090217266671324,1.9566678972124447,0.0,3.719183534831905,0.0,1-561017,grid,0.024742819368839264,0.016055718064308167,0.004027828574180603,0.0008325167000293732,0.012314954024151215,0.012187310690133579,,,,,,,,
955,8245-12702,0.0343052524089422,none,5813,0.3320006662495213,0.17578125,0.35479736328125,1.0,1.32,2.5231578596373825,2.251229055957883,0.0,4.303186580594073,0.0,1-567244,grid,-0.0005009472370147705,0.024139784276485443,-0.004455529153347015,0.004347744397819042,0.010564627775212717,0.02450211216623111,,,,,,,,
956,8978-12705,0.02860354369830749,none,3205,0.3954521471794265,0.17578125,0.19561767578125,1.0,1.32,2.407640018885555,1.890012614141098,0.0,3.4473257621247044,0.0,1-569095,grid,-0.0018894225358963013,0.06678616255521774,0.013812113553285599,0.0345568279735744,0.021621213632956233,0.017891163035154617,0.32958934,0.34765032,0.3227604,0.99364626,0.3314641,0.3475229,0.32101297,0.99427825
957,11942-1902,0.030657792836632287,none,605,0.3698707085240024,0.17578125,0.03692626953125,0.1768798828125,1.32,2.414457610515915,2.020731918569312,0.0,3.6961905754561366,0.0,1-569171,grid,0.02493058145046234,-0.010055184364318848,-0.0023138117976486683,-0.002578394953161478,0.033394705269295236,0.011940088214267721,,,,,,,,
958,8313-12704,0.03403575199722007,none,5557,0.33452097163050853,0.17578125,0.33917236328125,1.0,1.32,2.551606688075201,2.2342681321751066,0.0,4.318919325008552,0.0,1-569216,grid,-0.0011245012283325195,0.029300015419721603,-0.0024688998237252235,0.021752871107310057,0.0175963857025052,0.017933276766219097,,,,,,,,
959,8322-12705,0.04850227409806666,none,11316,0.23884898340620822,0.17578125,0.690673828125,1.0,1.32,2.4143105641654667,3.129213848012012,0.0,5.723404583930509,0.0,1-575232,grid,-0.0011257007718086243,0.03705690801143646,-0.005687101744115353,0.0189110585488379,0.010580777825636262,0.03471267667300318,,,,,,,,
960,9033-12705,0.03618755528458064,none,6243,0.31544493235799737,0.17578125,0.38104248046875,1.0,1.32,2.474748215408566,2.36938200550981,0.0,4.442139310421644,0.0,1-576436,grid,0.006768971681594849,0.023179106414318085,0.008458687923848629,-0.006483112694695592,0.01741172020104928,0.03229412827835543,,,,,,,,
961,10224-9101,0.02952714510931512,none,2576,0.3835100492308401,0.17578125,0.1572265625,1.0,1.32,2.4132819019775957,1.9488656111027272,0.0,3.5630015974702403,0.0,1-582042,grid,-0.0030794665217399597,-0.021068498492240906,0.010308226570487022,-0.0030574314296245575,0.010968692757586758,0.009688390343052983,,,,,,,,
962,10222-6101,0.030034245884024924,none,2108,0.37726569971720963,0.17578125,0.128662109375,1.0,1.32,2.4829644212967916,1.9811224477034102,0.0,3.7265579938484703,0.0,1-582721,grid,-0.015986189246177673,0.01089266687631607,0.003178874496370554,0.009701663628220558,0.01689733602524425,0.012746287461495543,,,,,,,,
963,8149-9102,0.021748533225746516,none,1723,0.5157972316748386,0.17578125,0.10516357421875,0.8087158203125,1.32,2.63748597382059,1.4490375297893596,0.0,2.8953152729992953,0.0,1-584746,grid,0.026794549077749252,-0.02539537101984024,0.005172335542738438,0.0090012620203197,0.021956361120273084,0.01866388592671125,,,,,,,,
964,11745-12705,0.0350572185577386,none,5676,0.32517343298555224,0.17578125,0.346435546875,1.0,1.32,2.425894879671253,2.2984951125804494,0.0,4.22417236708963,0.0,1-585221,grid,0.019277382642030716,-0.0332452729344368,-0.005510229617357254,-0.031181457452476025,0.013724968760076115,0.011684764144362559,,,,,,,,
965,10519-6102,0.04600507028302957,none,4608,0.2510646756398122,0.17578125,0.28125,1.0,1.32,2.503201924414988,2.976960197819954,0.0,5.645403406128585,0.0,1-586574,grid,0.023013900965452194,0.04781445488333702,0.02412346750497818,0.010712515097111464,0.009049565640323068,0.025819699182176643,,,,,,,,
966,12483-12703,0.031225793704380594,none,4381,0.36339159840481394,0.17578125,0.26739501953125,1.0,1.32,2.4375927070892627,2.0567606673880574,0.0,3.79814000231301,0.0,1-590252,grid,-0.006656445562839508,0.009106729179620743,-0.01171959936618805,-0.017106959596276283,0.015647054705681444,0.01785643514757085,,,,,,,,
967,8465-9101,0.02438343725115146,none,1097,0.4615317795742544,0.17578125,0.06695556640625,0.8177490234375,1.32,2.485917652476076,1.619410795823757,0.0,3.0497893060216725,0.0,1-591474,grid,-0.0037466585636138916,-0.03664206713438034,0.0006986502557992935,-0.02313570585101843,0.0058347868621299705,0.011732006871560216,,,,,,,,
968,9878-3702,0.01651742523405962,none,368,0.6748458649320747,0.17578125,0.0224609375,0.20556640625,1.32,2.5572427996095004,1.1075263038524021,0.0,2.145616413564151,0.0,1-591690,grid,0.008790969848632812,-0.06106538325548172,-0.0055879633873701096,-0.021762185730040073,0.020695944976789796,0.033159224188633235,,,,,,,,
969,8443-9101,0.04859107423372872,none,7083,0.23843773120538495,0.17578125,0.43231201171875,1.0,1.32,2.338447308574888,3.134611047839975,0.0,5.55312330928068,0.0,1-592031,grid,0.014508675783872604,-0.0021144188940525055,0.013472241815179586,-0.009785236092284322,0.01835396936080118,0.022060782941506773,,,,,,,,
970,8547-12701,0.04488116856601844,none,8848,0.2570064365251163,0.17578125,0.5400390625,1.0,1.32,2.533857756785699,2.9081355181750728,0.0,5.582425560993867,0.0,1-593159,grid,-0.01632820814847946,0.043833471834659576,-0.014026705641299486,0.015592733398079872,0.01959676524386578,0.020054547152658052,,,,,,,,
971,9094-12703,0.05215547967915488,none,6628,0.22308741293770465,0.17578125,0.404541015625,1.0,1.32,2.555457152179516,3.350299044738154,0.0,6.486019436224482,0.0,1-594116,grid,-0.006105020642280579,0.01744052767753601,0.012247647158801556,-0.002529039978981018,0.011856846645786054,0.03394765001055716,,,,,,,,
972,11940-6104,0.03126505776436523,none,2320,0.3629524205620456,0.17578125,0.1416015625,0.86395263671875,1.32,2.4609748262254407,2.059249378474749,0.0,3.839212788899047,0.0,1-594544,grid,0.028228435665369034,-0.010930322110652924,0.011587281711399555,-0.007185680791735649,0.01676817273094461,0.008188202470055908,,,,,,,,
973,11981-12704,0.031411827988589554,none,4744,0.3613204865557375,0.17578125,0.28955078125,1.0,1.32,2.447864547373715,2.068550149433617,0.0,3.836008011562993,0.0,1-594878,grid,0.01472444087266922,0.042731963098049164,0.00953539414331317,0.011135016102343798,0.007232132277106093,0.012440530012490719,,,,,,,,
974,7981-12703,0.03672555610649717,none,5350,0.31102494365792277,0.17578125,0.3265380859375,1.0,1.32,2.573732156690559,2.4030533939436314,0.0,4.685466510785688,0.0,1-596957,grid,-0.010340288281440735,0.04422663152217865,-0.008529537357389927,0.014152307994663715,0.007963554588274045,0.02127221291737154,,,,,,,,
975,12700-12703,0.037421120169126756,none,6494,0.30549894069369116,0.17578125,0.3963623046875,1.0,1.32,2.7345514878295596,2.446520910223676,0.0,5.0682859053471825,0.0,1-599614,grid,0.021289389580488205,-0.03664395213127136,0.01648340979591012,-0.040581264067441225,0.01357652429167638,0.00992837432430467,,,,,,,,
976,9195-12705,0.02128953252452033,none,1233,0.5266242940692284,0.17578125,0.07525634765625,0.98724365234375,1.32,2.4760565510295973,1.4192462346981016,0.0,2.6622226795063058,0.0,1-602993,grid,0.016393620520830154,0.025844763964414597,-0.0002773008309304714,0.01932083023712039,0.009085825146018866,0.014823680591412257,,,,,,,,
977,9195-6104,0.04381836694235136,none,4536,0.2629057727691367,0.17578125,0.27685546875,1.0,1.32,2.4961071856968005,2.8428799359784875,0.0,5.375858360809971,0.0,1-603028,grid,-0.029734306037425995,0.030275963246822357,-0.011689688544720411,0.0007597166113555431,0.010745524017628008,0.021362555549658817,,,,,,,,
978,12078-12701,0.02805900386640116,none,1578,0.402861513807658,0.17578125,0.0963134765625,1.0,1.32,2.617443297748007,1.855251794578573,0.0,3.6788002843595815,0.0,1-603032,grid,0.00017981231212615967,-0.014207690954208374,-0.00824684090912342,-0.005223819520324469,0.009850785275544019,0.013353988566658247,,,,,,,,
979,12078-12703,0.0232795985647911,none,2702,0.48276976142398415,0.17578125,0.1649169921875,1.0,1.32,2.6149537475256732,1.5481697616141676,0.0,3.066963878741587,0.0,1-603098,grid,0.0005082711577415466,0.01946166530251503,-0.020258880220353603,-0.009905334562063217,0.009862434830637265,0.01828646886964586,,,,,,,,
980,10223-9102,0.041873063970466196,none,2398,0.2744798717354982,0.17578125,0.1463623046875,1.0,1.32,2.6167752470507577,2.7230031176148946,0.0,5.398096330164166,0.0,1-603261,grid,-0.02921973168849945,0.04952751100063324,0.0009727682918310165,0.01524709863588214,0.01969081361849517,0.02153051744819393,,,,,,,,
981,10224-12703,0.04087446244487912,none,5791,0.28084950752815874,0.17578125,0.35345458984375,1.0,1.32,2.3569106678066767,2.661245707840028,0.0,4.751756362471887,0.0,1-603624,grid,0.016203656792640686,0.015604052692651749,0.023664592765271664,0.0098363037686795,0.011511717243070062,0.019387310954873647,,,,,,,,
982,8079-12705,0.06697080231287227,none,10495,0.1768100208745489,0.17578125,0.64056396484375,1.0,1.32,2.36632265830995,4.227189967861628,0.0,7.577951062069303,0.0,1-603793,grid,-0.07938949763774872,0.06629867851734161,-0.06535688368603587,0.004620749969035387,0.013565711653966217,0.03937395735068125,,,,,,,,
983,8154-9102,0.027591742152554437,none,2706,0.40945259293064973,0.17578125,0.1651611328125,1.0,1.32,2.4205219980361767,1.825387259386312,0.0,3.347265163848134,0.0,1-603941,grid,-0.02837035059928894,0.0075457654893398285,-0.015700206626206636,0.00412522628903389,0.019584035759812626,0.01126565788301659,,,,,,,,
984,8080-12703,0.022796734827108794,none,2480,0.49270686746228004,0.17578125,0.1513671875,1.0,1.32,2.600869211254192,1.5169456644837962,0.0,2.9889221771980576,0.0,1-604022,grid,-2.568960189819336e-05,0.04813515767455101,-0.004147108178585768,0.003611918305978179,0.012417062914756707,0.02533806250984048,,,,,,,,
985,8085-12704,0.030802947058387813,none,3451,0.36819221696588716,0.17578125,0.21063232421875,1.0,1.32,2.5135759694462134,2.029943904348052,0.0,3.8654683464341564,0.0,1-604085,grid,-0.03773839771747589,0.007624387741088867,-0.012543895281851292,0.01285686157643795,0.027834523346780268,0.01387276860002755,,,,,,,,
986,11743-12705,0.02960720523162486,none,3229,0.3825099793358497,0.17578125,0.19708251953125,1.0,1.32,2.507888516809421,1.9539609077808162,0.0,3.7123606991803184,0.0,1-604873,grid,0.005586877465248108,-0.010853171348571777,0.005992759019136429,-0.016649980563670397,0.01284329107834619,0.0067767898234588845,,,,,,,,
987,9182-3701,0.028089142912445294,none,1033,0.402443910036924,0.17578125,0.06304931640625,0.6475830078125,1.32,2.3742118761128026,1.8571769327798342,0.0,3.3404026741277506,0.0,1-604915,grid,-0.0037205591797828674,0.0033249668776988983,0.0036048591136932373,-0.004906069487333298,0.007073298065196427,0.007545267303309516,,,,,,,,
988,8141-12703,0.03137254792858048,none,4710,0.36175574351464185,0.17578125,0.2874755859375,1.0,1.32,2.5819438559881527,2.0660613130750396,0.0,4.041253267718873,0.0,1-604937,grid,-0.03667847812175751,0.0033415257930755615,-0.02732829423621297,-0.0033859089016914368,0.007751059770294358,0.01607682434920161,,,,,,,,
989,9496-6104,0.029486045046525584,none,1791,0.38402556031354623,0.17578125,0.10931396484375,0.9124755859375,1.32,2.383421737892203,1.9462494784150797,0.0,3.5141919047089862,0.0,1-604956,grid,0.006772540509700775,0.004512138664722443,-0.0058022732846438885,0.003378726076334715,0.012230115310499124,0.01172823005919362,,,,,,,,
990,9508-12702,0.02791494264631544,none,3189,0.40487007221425253,0.17578125,0.19464111328125,1.0,1.32,2.20906337001535,1.8460478996896013,0.0,3.0894218140136886,0.0,1-605195,grid,0.033377185463905334,-0.030668996274471283,-0.008598148822784424,-0.03451343369670212,0.024835156578841798,0.007576207069371004,,,,,,,,
991,9489-6104,0.0199314304497158,none,955,0.561580707975775,0.17578125,0.05828857421875,0.4588623046875,1.32,2.4191433607477646,1.3309031735658186,0.0,2.43912543646203,0.0,1-605215,grid,-0.007558770477771759,-0.02060876041650772,-0.00397772341966629,-0.001018662005662918,0.01034151738791338,0.025787717812430912,,,,,,,,
992,8723-12701,0.03882485931365213,none,7266,0.29495003889259286,0.17578125,0.4434814453125,1.0,1.32,2.2748720157965665,2.534020843884242,0.0,4.367100837270804,0.0,1-605245,grid,-0.025553420186042786,0.035153135657310486,-0.011410962790250778,0.00034989207051694393,0.01086165431400589,0.0313754602544694,,,,,,,,
993,11745-12702,0.03111748453891413,none,3121,0.36460880937695606,0.17578125,0.19049072265625,1.0,1.32,2.4203114328102537,2.0498943723698626,0.0,3.758623322348619,0.0,1-605270,grid,0.02069948986172676,-0.003531903028488159,0.0006868746131658554,-0.019488703459501266,0.010749327845337107,0.008202634080148177,,,,,,,,
994,10498-9101,0.056766286723193414,none,10337,0.20609286796848533,0.17578125,0.63092041015625,1.0,1.32,2.46250248904846,3.6265667697563804,0.0,6.765477043352666,0.0,1-605458,grid,-0.026323601603507996,0.021310828626155853,-0.01368619129061699,0.009062736760824919,0.01581794535556786,0.018019671201012843,,,,,,,,
995,9500-12704,0.018840828783577946,none,1832,0.593300759440093,0.17578125,0.11181640625,0.73919677734375,1.32,2.347312224783396,1.2597481708326819,0.0,2.2401683951091482,0.0,1-605482,grid,-0.012366130948066711,0.023310407996177673,-0.001686559058725834,0.02228066837415099,0.01041446868873015,0.0142407028654785,,,,,,,,
996,9500-12702,0.027649642241009763,none,3876,0.4086237734524405,0.17578125,0.236572265625,0.99957275390625,1.32,2.2900225638254423,1.8290897275591056,0.0,3.173224808614911,0.0,1-605504,grid,-0.021045461297035217,-0.0314503014087677,-0.015726160258054733,-0.017323197796940804,0.012889736978802448,0.01999516221300103,,,,,,,,
997,10512-12701,0.05107877803425242,none,11226,0.22749826305230336,0.17578125,0.6851806640625,1.0,1.32,2.6265608078407086,3.285341771099429,0.0,6.537234800251317,0.0,1-605601,grid,0.0011564791202545166,0.020640403032302856,-0.0016408334486186504,-0.008529168087989092,0.019244535261571317,0.01799271404333985,,,,,,,,
998,9512-9101,0.02839944338649864,none,1941,0.3981959701519966,0.17578125,0.11846923828125,1.0,1.32,2.5251431910403563,1.8769892276232785,0.0,3.590656490749256,0.0,1-605753,grid,0.07475930452346802,-0.04780188947916031,0.07325844652950764,-0.013390216045081615,0.007592806550906737,0.0271994264839698,,,,,,,,
999,10504-12701,0.022468334325403613,none,1278,0.4997092602125817,0.17578125,0.0780029296875,0.0985107421875,1.32,2.410619667933651,1.4956888054072521,0.0,2.731467311684022,0.0,1-605814,grid,0.03846166282892227,-0.03792399913072586,0.0012620040215551853,0.004614366218447685,0.043878646274177285,0.03993839373796378,,,,,,,,
1000,10842-12704,0.027981702748306424,none,3547,0.4039367044542556,0.17578125,0.21649169921875,1.0,1.32,2.639436256130399,1.8503135224319276,0.0,3.699836815390286,0.0,1-605818,grid,-0.045262791216373444,-0.017676256597042084,-0.025030420627444983,0.002380938269197941,0.01628179128172272,0.023364597549295787,,,,,,,,
1001,10841-12701,0.0585367894280321,none,14606,0.20027925658720616,0.17578125,0.8914794921875,1.0,1.32,2.651985401061313,3.7318370319237677,0.0,7.497558581668039,0.0,1-605877,grid,0.019115936011075974,0.008119188249111176,0.01969110779464245,0.0032424679957330227,0.006049663895134355,0.015120911371986156,,,,,,,,
1002,8439-12703,0.025107638357530555,none,3155,0.44861274981187843,0.17578125,0.19256591796875,1.0,1.32,2.482001414849397,1.666046153997445,0.0,3.1326734177470104,0.0,1-605884,grid,-0.014890410006046295,-0.008669577538967133,-0.010288145393133163,-0.00435027526691556,0.010249625773475641,0.017514366820332625,,,,,,,,
1003,11759-12702,0.02524963357445999,none,2410,0.44616661108369104,0.17578125,0.1470947265625,1.0,1.32,2.5585663077540697,1.6751803651172377,0.0,3.2470151830303973,0.0,1-606022,grid,0.04228312522172928,-0.014732889831066132,0.014103958383202553,-0.018804483115673065,0.02170659140729382,0.016971478466237953,,,,,,,,
1004,11753-3703,0.034538489765264385,none,1698,0.3298512461631384,0.17578125,0.1036376953125,1.0,1.32,2.5463856836265686,2.265898810910185,0.0,4.371100221703152,0.0,1-606121,grid,-0.004436329007148743,0.03741929680109024,-0.0019677644595503807,0.01165163516998291,0.011224769281813273,0.022693208660582706,,,,,,,,
1005,10843-3702,0.027469967966517145,none,997,0.4112071522253118,0.17578125,0.06085205078125,0.45880126953125,1.32,2.713066953298731,1.8175986055047304,0.0,3.7358081143611668,0.0,1-606422,grid,0.019277241080999374,-0.01642739027738571,0.010347735602408648,-0.016544892452657223,0.012621855357500255,0.017310997027393398,,,,,,,,
1006,10516-3704,0.022017733637010328,none,647,0.5096572906344912,0.17578125,0.03948974609375,0.4163818359375,1.32,2.4453218057696273,1.4664943682603273,0.0,2.7167050429888877,0.0,1-60707,grid,0.007597241550683975,-0.006320081651210785,-8.598528802394867e-05,0.017882758751511574,0.024713220836225767,0.03341480698836568,,,,,,,,
1007,11865-6104,0.052013133461689204,none,4319,0.2236600679391005,0.17578125,0.26361083984375,1.0,1.32,2.491704754782807,3.341721002525168,0.0,6.308016750870854,0.0,1-61134,grid,-0.006343945860862732,0.033580027520656586,0.012106144800782204,0.001327635021880269,0.013880154563134689,0.0389892681315601,,,,,,,,
1008,8947-12701,0.05760168799945562,none,9546,0.20330516702599163,0.17578125,0.5826416015625,1.0,1.32,2.3509966818701034,3.6762939053228547,0.0,6.547693009843419,0.0,1-614456,grid,0.08745361119508743,0.006694216281175613,0.08692497108131647,-0.007979178801178932,0.005839306715132746,0.02060518066455669,,,,,,,,
1009,8989-3703,0.02644204039612798,none,926,0.426661978637193,0.17578125,0.0565185546875,0.993408203125,1.32,2.4350558625231886,1.7517603720997346,0.0,3.231541184710045,0.0,1-617323,grid,0.005621194839477539,-0.009241707623004913,-0.0016134236939251423,-0.0064715975895524025,0.009973433874372585,0.00695357153808236,,,,,,,,
1010,12491-6101,0.05309924112096146,none,6128,0.21936841791469383,0.17578125,0.3740234375,1.0,1.32,2.6857135535105376,3.4070973094629533,0.0,6.932187441025711,0.0,1-62047,grid,-0.026189029216766357,0.015910156071186066,-0.01895418530330062,-0.004211390856653452,0.006521958125553173,0.04030458608831155,,,,,,,,
1011,11019-12702,0.027210357569904222,none,3732,0.4150001388369849,0.17578125,0.227783203125,1.0,1.32,2.4297205007383944,1.8009862564211963,0.0,3.3150706278596016,0.0,1-622991,grid,0.015331495553255081,0.01301003247499466,0.016017910093069077,-0.002813665196299553,0.008036617445074971,0.02007102167113876,,,,,,,,
1012,11831-1901,0.02394016657395641,none,384,0.46982498825261937,0.17578125,0.0234375,0.23956298828125,1.32,2.392086569256452,1.5908254459561115,0.0,2.882872866138651,0.0,1-624268,grid,0.030212394893169403,-0.028842918574810028,0.0013036774471402168,-0.0054249949753284454,0.027803243613049557,0.023153260936991698,,,,,,,,
1013,12514-9102,0.03629035544163086,none,4310,0.3145902367221833,0.17578125,0.2630615234375,1.0,1.32,2.6457536794550705,2.3758192696817235,0.0,4.761994374606575,0.0,1-625206,grid,-0.03323683887720108,0.015816397964954376,-0.0063763270154595375,-0.0031029055826365948,0.015108173645693718,0.009470845730318539,,,,,,,,
1014,11017-6103,0.029711798391414294,none,2187,0.3812115775572712,0.17578125,0.13348388671875,0.83245849609375,1.32,2.3997527968449464,1.9606160737497835,0.0,3.5643893231213637,0.0,1-625718,grid,-0.017290808260440826,-0.004683509469032288,0.0008696122094988823,0.01528140902519226,0.011046684592902214,0.01040863122182169,,,,,,,,
1015,12620-3703,0.023597796050908896,none,754,0.4764437416430695,0.17578125,0.0460205078125,0.28607177734375,1.32,2.317582572380089,1.5687257091063316,0.0,2.7542813365677508,0.0,1-626078,grid,0.035888466984033585,-0.012063510715961456,0.01229444332420826,0.0006133299320936203,0.027050174749643753,0.009835251936516786,,,,,,,,
1016,9878-12704,0.024690837720774402,none,2171,0.45595547132284514,0.17578125,0.13250732421875,1.0,1.32,2.5355390816715397,1.6392160933826918,0.0,3.148709445512696,0.0,1-626306,grid,0.020525425672531128,-0.03204917162656784,0.006681646686047316,-0.02637614356353879,0.010692839026580874,0.013735928301696242,,,,,,,,
1017,8983-12701,0.025373838764211183,none,3230,0.4440493919395223,0.17578125,0.1971435546875,0.951904296875,1.32,2.569655296605038,1.6831675935727712,0.0,3.2766367590138077,0.0,1-626658,grid,0.0076265111565589905,-0.025664009153842926,0.0032302923500537872,-0.015598689671605825,0.01138452453243185,0.011182739649508501,,,,,,,,
1018,12510-6104,0.021749019226488992,none,1083,0.5157860099605479,0.17578125,0.06610107421875,0.6103515625,1.32,2.468997751313774,1.4490690558192278,0.0,2.7104153335727625,0.0,1-626763,grid,0.025476910173892975,-0.006736092269420624,0.002126496285200119,0.01322610629722476,0.0181480812644183,0.03190385685707913,,,,,,,,
1019,8952-12701,0.028185043058954206,none,3558,0.4011210703815588,0.17578125,0.2171630859375,1.0,1.32,2.500811618591458,1.8633016354571923,0.0,3.5301260446150087,0.0,1-626830,grid,-0.0029027462005615234,-0.016599521040916443,-0.007754664868116379,-0.013068376807495952,0.009156551491152036,0.010225062995807777,,,,,,,,
1020,11958-6103,0.029637076277259557,none,2036,0.38213823004293535,0.17578125,0.124267578125,1.0,1.32,2.5445467522433702,1.9558617476569213,0.0,3.7702891347253487,0.0,1-627746,grid,-0.011749610304832458,0.02702820487320423,0.007035775110125542,0.0013689890038222075,0.02325134708383579,0.014112969479167474,,,,,,,,
1021,9044-12701,0.031158447601494367,none,2979,0.3641474588178834,0.17578125,0.18182373046875,1.0,1.32,2.362062612011825,2.0524914519095705,0.0,3.6728131212344413,0.0,1-632610,grid,0.03480895608663559,-0.0438242107629776,0.01844001840800047,-0.012090743519365788,0.014591171588528832,0.020157709962323467,,,,,,,,
1022,9041-6102,0.059072490246434864,none,6524,0.19858898426698526,0.17578125,0.398193359375,0.9412841796875,1.32,2.4445355111438083,3.7636002279636633,0.0,6.969889702277353,0.0,1-633214,grid,-0.00365409255027771,0.006224650889635086,-0.01948022935539484,-0.008099828846752644,0.017422062478664645,0.022022708256093832,,,,,,,,
1023,9092-12705,0.03315005064411325,none,5516,0.34309259876661824,0.17578125,0.336669921875,1.0,1.32,2.4297956572226953,2.1784484688540546,0.0,4.009988355382585,0.0,1-633549,grid,0.012204408645629883,0.018999945372343063,0.025457611307501793,0.011164095718413591,0.015671885313346363,0.018017765494467847,,,,,,,,
1024,9046-1901,0.03263224985305679,none,780,0.34831937459245543,0.17578125,0.047607421875,0.4345703125,1.32,2.541495789274306,2.145759326000142,0.0,4.131392645322298,0.0,1-633776,grid,-0.0001432076096534729,0.0595456101000309,-0.008615029975771904,0.03594681480899453,0.02436882447230053,0.020112153534519797,,,,,,,,
1025,9040-6101,0.032806450119186634,none,2465,0.3465425416801138,0.17578125,0.15045166015625,0.94317626953125,1.32,2.521857322090233,2.156761310847129,0.0,4.120488108909667,0.0,1-633819,grid,-0.007310979068279266,0.0035527795553207397,-0.00046462658792734146,0.016496520955115557,0.010848642881760342,0.013401826827677009,,,,,,,,
1026,8555-12702,0.054835983774224134,none,5844,0.21285945398639303,0.17578125,0.356689453125,0.88397216796875,1.32,2.4800273110144784,3.511281892633606,0.0,6.597026507880264,0.0,1-633832,grid,-0.022379562258720398,0.019651159644126892,-0.02545469580218196,0.0185943515971303,0.006591537985971325,0.014037283754224902,,,,,,,,
1027,8548-12704,0.020642931536692773,none,1837,0.5426935475831303,0.17578125,0.11212158203125,0.91082763671875,1.32,2.772427030262616,1.3772220985247836,0.0,2.892611948958419,0.0,1-633839,grid,-0.005373500287532806,-0.011914581060409546,-0.0018669976852834225,0.006003374233841896,0.012127552999675622,0.0197524085155554,,,,,,,,
1028,9869-12703,0.029389244898641722,none,4334,0.3852454067762221,0.17578125,0.2645263671875,1.0,1.32,2.3963603699644964,1.9400868467523265,0.0,3.52208123776262,0.0,1-634089,grid,-0.043236345052719116,0.021583251655101776,-0.02748725190758705,-0.006456182338297367,0.016324747856958824,0.02649687335008711,,,,,,,,
1029,11978-12705,0.03112747955418375,none,4773,0.3644961274950504,0.17578125,0.29132080078125,1.0,1.32,2.5466197829779142,2.050528085427869,0.0,3.9559965059866946,0.0,1-634114,grid,0.0021255388855934143,0.009454384446144104,0.00191496592015028,-0.010576127097010612,0.013727054621746459,0.019302681292685853,,,,,,,,
1030,11948-12703,0.030861240147443538,none,4764,0.3675225896718429,0.17578125,0.290771484375,1.0,1.32,2.686551334544469,2.0336424684143966,0.0,4.139003702655307,0.0,1-634132,grid,-0.01566270738840103,0.04574042186141014,-0.011426358483731747,0.01483920682221651,0.006313487004490649,0.024554724819285507,,,,,,,,
1031,11952-12704,0.03383992169804551,none,5679,0.33637752410962074,0.17578125,0.34661865234375,1.0,1.32,2.4337355588369127,2.2219366422791307,0.0,4.0966713756041,0.0,1-634329,grid,-0.006392315030097961,-0.00730711966753006,-0.002642725594341755,-0.017125725047662854,0.01534296086666472,0.016592144141601622,,,,,,,,
1032,7959-12702,0.0317606485214909,none,3026,0.35750250123692906,0.17578125,0.1846923828125,1.0,1.32,2.4471061307923643,2.09064144690547,0.0,3.8757738651598452,0.0,1-634588,grid,0.01843629777431488,0.0942300409078598,-0.009985641576349735,0.06134868040680885,0.02472430839523411,0.026981884715807467,,,,,,,,
1033,8611-12703,0.027828042513556063,none,2922,0.4060917265921224,0.17578125,0.1783447265625,1.0,1.32,2.465596489332327,1.8404943945312005,0.0,3.4378155437817832,0.0,1-634763,grid,0.020544081926345825,0.02313387021422386,0.01171351270750165,0.02313970448449254,0.01865377509597977,0.012843657200299329,,,,,,,,
1034,8626-12702,0.02936134485601817,none,4156,0.38559848841816774,0.17578125,0.253662109375,1.0,1.32,2.4084100631832297,1.93831036403794,0.0,3.5365501411525178,0.0,1-634795,grid,-0.00794055312871933,0.00822882354259491,-0.005299779120832682,-0.0030619134195148945,0.016560801969374532,0.008951429066700628,,,,,,,,
1035,7990-1902,0.030050345908621306,none,571,0.37707089963431184,0.17578125,0.03485107421875,0.29449462890625,1.32,2.476140503700232,1.982145923175576,0.0,3.718236215620706,0.0,1-634828,grid,0.011370476335287094,-0.029391102492809296,-0.008457275107502937,-0.014008742291480303,0.021738185763556867,0.012915726328148412,0.33453596,0.35540977,0.3100543,0.99378407,0.3345093,0.35541502,0.31007567,0.9937931
1036,8623-12702,0.026767540893402757,none,2703,0.42163964358561296,0.17578125,0.16497802734375,1.0,1.32,2.383764783828371,1.7726263595670133,0.0,3.20115476577404,0.0,1-635285,grid,0.007964100688695908,-0.027442045509815216,-0.006119613070040941,-0.03639338444918394,0.013622645779859206,0.014011960185712184,,,,,,,,
1037,9191-12702,0.030243446203625176,none,4114,0.3747506748375533,0.17578125,0.2510986328125,1.0,1.32,2.5039203939664807,1.9944181468980267,0.0,3.783230509177882,0.0,1-635330,grid,-0.02061469852924347,0.028198860585689545,-0.006739988923072815,0.0022804811596870422,0.015336835617846083,0.016394561739308557,,,,,,,,
1038,7815-12705,0.029301244764201845,none,2942,0.38636135421605977,0.17578125,0.1795654296875,1.0,1.32,2.522979910841059,1.9344831937832323,0.0,3.6974713907384444,0.0,1-635503,grid,0.003138471394777298,0.04442647099494934,-0.01095423474907875,0.023602355271577835,0.010427236404801487,0.011026811170170986,,,,,,,,
1039,8616-12704,0.05002687642723755,none,11473,0.23199103971291463,0.17578125,0.70025634765625,1.0,1.32,2.518055684801801,3.221717301595812,0.0,6.145805731899735,0.0,1-635647,grid,-0.022197216749191284,0.03180704265832901,-0.013228637166321278,0.00025798194110393524,0.015432414171663156,0.0213718584825886,,,,,,,,
1040,7981-3703,0.037625557481450474,none,1870,0.3039136292531393,0.17578125,0.1141357421875,0.83502197265625,1.32,2.5360965581833548,2.45928275179708,0.0,4.724983729115351,0.0,1-636441,grid,-0.00019647181034088135,0.02055327594280243,0.008015801664441824,0.01595286326482892,0.014584718632559484,0.012489280925965886,,,,,,,,
1041,8075-12701,0.036227855346147995,none,6254,0.3151092934114834,0.17578125,0.3817138671875,1.0,1.32,2.5224011691301675,2.3719057548781914,0.0,4.532498370584334,0.0,1-638130,grid,-0.005756638944149017,0.046127043664455414,-0.014405868481844664,0.01870600925758481,0.010161744349146342,0.019211020452151742,,,,,,,,
1042,12514-12702,0.03455450078972481,none,5834,0.329704759853524,0.17578125,0.3560791015625,1.0,1.32,2.6410491602374906,2.2669055393387265,0.0,4.5356128568244385,0.0,1-67044,grid,0.00993872806429863,-0.0006834045052528381,0.012764626182615757,-0.00942167453467846,0.008095891801212457,0.028486908851072183,,,,,,,,
1043,11958-9101,0.04145438333083791,none,1745,0.2771130680968856,0.17578125,0.10650634765625,0.67803955078125,1.32,2.6567798733531296,2.697128473915872,0.0,5.428542913141916,0.0,1-68467,grid,0.007475364953279495,-0.045246563851833344,0.008957825601100922,-0.01624232903122902,0.015532750098058228,0.02250659201596378,,,,,,,,
1044,11835-12705,0.07852168495942777,none,16380,0.15285937235695934,0.17578125,0.999755859375,1.0,1.32,2.474724702051646,4.889523847533122,0.0,9.16683745966729,0.0,1-70173,grid,-0.02948276698589325,0.04439752548933029,-0.0061925421468913555,0.009966036304831505,0.014525920172547864,0.03430112470932989,,,,,,,,
1045,11834-9102,0.029348511836412867,none,2275,0.3857611187873706,0.17578125,0.13885498046875,1.0,1.32,2.4329585557596745,1.93749320514146,0.0,3.5710914167993546,0.0,1-70384,grid,-0.024103038012981415,-0.008116289973258972,-0.0018105395138263702,-0.00042820675298571587,0.011852839528012919,0.007239530397972185,,,,,,,,
1046,8717-9101,0.04573856987589062,none,6604,0.2524471606122492,0.17578125,0.403076171875,1.0,1.32,2.4458894194104355,2.960657369429856,0.0,5.4859397987788,0.0,1-71525,grid,-0.009512588381767273,0.01610337197780609,0.0055080014280974865,0.0091464021243155,0.009880949884494105,0.045622573097040486,,,,,,,,
1047,9182-9102,0.02828954321860156,none,2429,0.39968981672159937,0.17578125,0.14825439453125,0.9254150390625,1.32,2.3252024507822933,1.869973952773733,0.0,3.29399092264283,0.0,1-72203,grid,0.0016354024410247803,0.0394052192568779,0.009265178348869085,0.04624640662223101,0.010373413680732144,0.009775969306638045,,,,,,,,
1048,9182-12704,0.07396631300007872,none,7695,0.1614099286033595,0.17578125,0.46966552734375,1.0,1.32,2.382809099734021,4.630505402768278,0.0,8.358795765215,0.0,1-72289,grid,-0.023217305541038513,0.033603861927986145,0.020993552170693874,0.038892419077456,0.025962120476120294,0.012842783148225175,,,,,,,,
1049,8143-6101,0.1261681927501201,none,16384,0.10050433150401403,0.17578125,1.0,1.0,1.32,2.526224607540162,7.436590396389507,0.0,14.232195193603046,0.0,1-72322,grid,-0.020150765776634216,-0.030507154762744904,0.0025329934433102608,0.004645446315407753,0.014429622304346456,0.019098012109331895,,,,,,,,
1050,9486-9102,0.03932496007766785,none,1753,0.29137388745181103,0.17578125,0.10699462890625,0.86407470703125,1.32,2.427951151922268,2.565121922883047,0.0,4.71817479354921,0.0,1-72382,grid,0.01252816617488861,-0.027505509555339813,0.01586002390831709,-0.003258928656578064,0.009348162297151743,0.02832435436048529,,,,,,,,
1051,10496-12705,0.04874197446426256,none,6335,0.23774231988397973,0.17578125,0.38665771484375,1.0,1.32,2.6705564189490087,3.143779983399843,0.0,6.360334707902924,0.0,1-72416,grid,-0.00380542129278183,0.0324515625834465,0.012338056694716215,0.009809487732127309,0.01427212066281326,0.02406997865156331,,,,,,,,
1052,8240-3701,0.11668717826575091,none,13914,0.10750283905830474,0.17578125,0.8492431640625,1.0,1.32,2.5484580848204,6.952463330321319,0.0,13.422773775435399,0.0,1-72795,grid,-0.0601373165845871,-0.014645986258983612,-0.0020318767055869102,0.007482301909476519,0.04470496958116368,0.014030698053093536,,,,,,,,
1053,8240-1901,0.023532935951820592,none,391,0.4777193281198748,0.17578125,0.02386474609375,0.18646240234375,1.32,2.554925957220328,1.564536962320163,0.0,3.0282394667139587,0.0,1-72808,grid,0.03525809198617935,-0.03207880258560181,-0.0010761539451777935,0.0038180192932486534,0.025114512444800566,0.038295608061457466,,,,,,,,
1054,8725-12705,0.09703774824685382,none,15310,0.1263843253273764,0.17578125,0.9344482421875,1.0,1.32,2.5254477632662007,5.913783568668542,0.0,11.314357186313922,0.0,1-72914,grid,-0.006284095346927643,-0.016597650945186615,0.012219619937241077,-0.004230313468724489,0.017787518041818606,0.020199731393091783,,,,,,,,
1055,8725-12702,0.04770417287878863,none,4546,0.24261393260688802,0.17578125,0.2774658203125,0.996826171875,1.32,2.58627814929583,3.080653853747715,0.0,6.035930111736141,0.0,1-73002,grid,-0.027496784925460815,0.03353143110871315,-0.003867342136800289,0.005610812921077013,0.011320145652317802,0.026927772815292947,,,,,,,,
1056,8725-12701,0.05137807849150077,none,6481,0.22625356984460557,0.17578125,0.39556884765625,1.0,1.32,2.5829161575234174,3.3034154863131238,0.0,6.4639736625842765,0.0,1-73005,grid,-0.015877850353717804,0.003696553409099579,-0.012552557978779078,-0.019870874471962452,0.022700828044982434,0.028271230359841987,,,,,,,,
1057,8725-3703,0.053726882079823346,none,3543,0.21696753777222025,0.17578125,0.21624755859375,1.0,1.32,2.5804344643622055,3.444798950721161,0.0,6.734149950939126,0.0,1-73009,grid,-0.007316224277019501,-0.0035781674087047577,0.003350373823195696,-0.010680283419787884,0.014760055144161056,0.015163981140844418,,,,,,,,
1058,8244-12704,0.11513717589777579,none,16013,0.10875718490486115,0.17578125,0.97735595703125,1.0,1.32,2.7526571140561793,6.872277423437529,0.0,14.331078287418928,0.0,1-73638,grid,-0.01790878176689148,0.022040635347366333,-0.011619923636317253,0.006529913283884525,0.009374966124464512,0.011668417356055755,,,,,,,,
1059,11754-1901,0.04957870874256121,none,1644,0.23396317513666762,0.17578125,0.100341796875,1.0,1.32,2.3526891146029874,3.1945606227206698,0.0,5.69379394167747,0.0,1-76466,grid,-0.01533278077840805,0.024997500702738762,0.022633917164057493,0.005936682689934969,0.0240972608471851,0.0415116030960322,,,,,,,,
1060,9511-9101,0.08002912226237525,none,11753,0.1502446626179308,0.17578125,0.71734619140625,1.0,1.32,2.397641016746457,4.974616292087165,0.0,9.035866715517695,0.0,1-76561,grid,0.032149285078048706,0.03339327499270439,0.0510824890807271,-0.013386283069849014,0.030472523916294646,0.0483402778421993,,,,,,,,
1061,10840-3704,0.054386069086878874,none,2682,0.21450570727549523,0.17578125,0.1636962890625,1.0,1.32,2.4224963370835546,3.4843340811365016,0.0,6.394535264188308,0.0,1-76694,grid,-0.05205231159925461,0.042345475405454636,-0.043375397101044655,-0.011419046204537153,0.010688673995898481,0.047257478528142195,,,,,,,,
1062,10840-1901,0.027706658328114586,none,422,0.40781099414689725,0.17578125,0.0257568359375,0.14447021484375,1.32,2.3658140128705107,1.8327351571818447,0.0,3.284780694500944,0.0,1-76744,grid,0.026336543262004852,-0.01821916550397873,0.011222431436181068,0.011389574036002159,0.020384114310302046,0.023095773129591126,,,,,,,,
1063,10512-6104,0.02389193650027419,none,1302,0.4707458974645558,0.17578125,0.0794677734375,0.48760986328125,1.32,2.5599194805158705,1.5877133512662707,0.0,3.0791048010467144,0.0,1-76920,grid,0.01331031322479248,-0.013234272599220276,-0.00019981944933533669,-0.0013475562445819378,0.008862796321893152,0.011441176341925336,,,,,,,,
1064,10512-9101,0.0548882838541242,none,5472,0.21266983896708785,0.17578125,0.333984375,1.0,1.32,2.676145436602165,3.5144125283038603,0.0,7.125059886331707,0.0,1-76996,grid,-0.007716283202171326,0.041032347828149796,-0.008850262500345707,0.005795423407107592,0.006731550253978158,0.03599247843648472,,,,,,,,
1065,12512-6101,0.030703553906542554,none,1965,0.36933983663309655,0.17578125,0.11993408203125,1.0,1.32,2.54006080412072,2.023636424577664,0.0,3.8940602756520604,0.0,1-76,grid,-0.003440968692302704,-0.016931183636188507,0.013361221179366112,0.004218991380184889,0.036026743064288394,0.01618519678634383,,,,,,,,
1066,10512-12704,0.07067630797386054,none,13195,0.16827224443941877,0.17578125,0.80535888671875,1.0,1.32,2.5532552420687904,4.441668612362153,0.0,8.591449748519754,0.0,1-77024,grid,-0.03897646814584732,0.06206641346216202,-0.023705463856458664,0.011167561169713736,0.017617118635741398,0.04460325668583499,,,,,,,,
1067,10841-6103,0.08748521365322169,none,11993,0.13863976530827973,0.17578125,0.73199462890625,1.0,1.32,2.621945722015757,5.391018549377636,0.0,10.70830153246082,0.0,1-77488,grid,-0.015689894556999207,0.06370474398136139,0.01481004897505045,-0.000373124610632658,0.037779356315309424,0.05926057080230376,,,,,,,,
1068,10842-12705,0.0647680789477199,none,12971,0.18234900034955134,0.17578125,0.79168701171875,1.0,1.32,2.5600030443300943,4.09878609164603,0.0,7.94917035808461,0.0,1-77595,grid,-0.02018827199935913,0.038275476545095444,-0.016074398532509804,0.0032702498137950897,0.006010600411385048,0.03590545529265827,,,,,,,,
1069,10841-3703,0.08878212563454468,none,9026,0.13682070796000007,0.17578125,0.5509033203125,1.0,1.32,2.641224487288232,5.462693166861887,0.0,10.930453756710389,0.0,1-77675,grid,-0.04367513954639435,0.025919590145349503,-0.030464045237749815,-0.009746707510203123,0.039542854226092224,0.04538656463577637,,,,,,,,
1070,10844-6101,0.028529564585287853,none,1492,0.39644214827807095,0.17578125,0.091064453125,0.7918701171875,1.32,2.1958770796486915,1.8852928471521977,0.0,3.136266175369041,0.0,1-77949,grid,-0.04002506285905838,-0.005847804248332977,-0.004599357955157757,-0.0008670189417898655,0.026033519919882436,0.01278903199325159,,,,,,,,
1071,11753-12701,0.10420080919003076,none,15045,0.11867309389092873,0.17578125,0.91827392578125,1.0,1.32,2.564357142048758,6.298053939212496,0.0,12.235196666687784,0.0,1-78006,grid,-0.03070889413356781,0.03005758300423622,-0.0315813897177577,-0.0030782436951994896,0.008725208106549904,0.02900198762401659,,,,,,,,
1072,10514-6103,0.05387178230119082,none,5424,0.2164212153616831,0.17578125,0.3310546875,1.0,1.32,2.396127153257183,3.4534948212411956,0.0,6.268949026370523,0.0,1-78040,grid,-0.015357732772827148,0.021122846752405167,-0.006212983280420303,-0.0073264897800982,0.014768049242205452,0.04522907139773528,,,,,,,,
1073,10844-12705,0.06323284660230927,none,7975,0.18643805700250662,0.17578125,0.48675537109375,1.0,1.32,2.421944169069618,4.008889378461229,0.0,7.355535041370682,0.0,1-78142,grid,-0.06486184895038605,0.061450518667697906,-0.05379045754671097,-0.004775090608745813,0.010322670948194215,0.054156483799496856,,,,,,,,
1074,10845-9101,0.030310658306306693,none,2726,0.373950015900512,0.17578125,0.1663818359375,1.0,1.32,2.440186822293314,1.99868836656807,0.0,3.6948280408866303,0.0,1-78213,grid,-0.036962591111660004,0.009943060576915741,-0.012855129316449165,0.0056503573432564735,0.019222689497629196,0.006659397026244825,,,,,,,,
1075,10845-12701,0.06007194177332051,none,8188,0.19551614581669985,0.17578125,0.499755859375,1.0,1.32,2.5255480143480904,3.822751023125266,0.0,7.314046405909958,0.0,1-78255,grid,-0.002346046268939972,0.04708202928304672,0.019295241683721542,-0.002085525542497635,0.019531284810383798,0.04926702840861816,,,,,,,,
1076,11753-6104,0.02410567682681032,none,1210,0.4666927480096964,0.17578125,0.0738525390625,0.6568603515625,1.32,2.6022278651774617,1.6015023795543726,0.0,3.157177362291212,0.0,1-78294,grid,0.018448952585458755,0.00957372784614563,-0.016707367729395628,0.00391206331551075,0.024071441058157964,0.02216384132345688,,,,,,,,
1077,10517-3704,0.02905044438104819,none,1142,0.3895789072178956,0.17578125,0.0697021484375,0.60614013671875,1.32,2.46266051302617,1.9185061937664503,0.0,3.5792647328672507,0.0,1-78439,grid,-0.0015956014394760132,0.013617359101772308,0.014238266274333,0.006668650079518557,0.020096658025738137,0.015749827976892727,,,,,,,,
1078,10845-12705,0.02927645072632341,none,3954,0.3866769841283833,0.17578125,0.2413330078125,1.0,1.32,2.503659420776942,1.9329041477424616,0.0,3.666161877995636,0.0,1-78451,grid,-0.03231605887413025,0.01448168233036995,-0.017513860017061234,0.003214831929653883,0.019489487254752393,0.01040511617031958,,,,,,,,
1079,10845-6104,0.061516158979685154,none,6878,0.19125246643951535,0.17578125,0.4197998046875,1.0,1.32,2.5204230007469315,3.9079733734815414,0.0,7.461928770325345,0.0,1-78519,grid,-0.030182987451553345,0.03420531749725342,-0.009886886458843946,-0.0030139684677124023,0.009543968552644073,0.04676309979130843,,,,,,,,
1080,10515-9102,0.034490752692335355,none,3971,0.3302888045166263,0.17578125,0.24237060546875,1.0,1.32,2.5868280249505924,2.2628970047959176,0.0,4.434640446653662,0.0,1-78580,grid,-0.030586659908294678,-0.007922016084194183,-0.009671154897660017,0.016731743700802326,0.013992048491943063,0.017376758136203162,,,,,,,,
1081,10516-12703,0.04321096601441066,none,4954,0.2664077026820937,0.17578125,0.3023681640625,1.0,1.32,2.506789819178448,2.805510272164268,0.0,5.327897415046927,0.0,1-78765,grid,-0.016484513878822327,0.015602245926856995,0.00042391568422317505,0.008110824972391129,0.020598186107032623,0.006369619633988584,,,,,,,,
1082,10516-12704,0.04493956865523763,none,6000,0.2566903658104638,0.17578125,0.3662109375,1.0,1.32,2.420111008244262,2.911716394569221,0.0,5.338391590441109,0.0,1-78783,grid,0.004343658685684204,0.008613791316747665,0.025410354137420654,0.00941551011055708,0.016569106235488476,0.023870197681233978,,,,,,,,
1083,10517-12703,0.06329049669038267,none,13985,0.18628091743296124,0.17578125,0.85357666015625,1.0,1.32,2.4866203888731597,4.01227112662936,0.0,7.55832968876034,0.0,1-78856,grid,0.03898637741804123,0.04697227105498314,0.05400315532460809,-9.792810305953026e-05,0.013613682048341078,0.038040982328410626,,,,,,,,
1084,10516-6104,0.028620143723667744,none,1884,0.395230706064215,0.17578125,0.114990234375,1.0,1.32,2.4574636813057005,1.8910715564110623,0.0,3.52063611259881,0.0,1-78868,grid,-0.013827957212924957,-0.002977795898914337,-0.01236818777397275,0.016885243821889162,0.010354456744432774,0.018194988834685476,,,,,,,,
1085,10518-9101,0.041976964129196916,none,5512,0.273834555244686,0.17578125,0.33642578125,1.0,1.32,2.5041681680098784,2.7294201266543854,0.0,5.177974998707123,0.0,1-78873,grid,0.00709761306643486,-0.021855510771274567,-0.017434403765946627,-0.024823400657624006,0.019824321559937456,0.021744014262373206,,,,,,,,
1086,10518-12702,0.03205214896682299,none,5242,0.3543756696234486,0.17578125,0.3199462890625,1.0,1.32,2.494110102077302,2.1090882092793737,0.0,3.9850744007089487,0.0,1-79033,grid,-0.04761262238025665,0.04177519679069519,-0.022352802101522684,0.0059319110587239265,0.017233051675952113,0.020713253951711832,,,,,,,,
1087,10518-1902,0.03203034893351857,none,650,0.35460754191043375,0.17578125,0.0396728515625,0.3310546875,1.32,2.5030566213415217,2.1077091097150933,0.0,3.996753971919855,0.0,1-79052,grid,0.035035841166973114,-0.05177246034145355,0.020054418593645096,-0.008890214376151562,0.02212260078929588,0.024244000636799663,,,,,,,,
1088,10520-6104,0.06362499720140698,none,8630,0.18537478099772708,0.17578125,0.5267333984375,1.0,1.32,2.4718381654088466,4.031883638300628,0.0,7.550124133059826,0.0,1-79489,grid,-0.044066525995731354,0.035514701157808304,-0.023321785032749176,0.006808372447267175,0.01727677507581243,0.03773960853840037,,,,,,,,
1089,10520-9102,0.04540996937387989,none,6886,0.25417414855037523,0.17578125,0.4202880859375,1.0,1.32,2.5087896868516504,2.9405411632968157,0.0,5.588787382001367,0.0,1-79606,grid,-0.024751119315624237,0.014221660792827606,0.003833024762570858,0.006097564939409494,0.017360236621888882,0.015524760591712256,,,,,,,,
1090,12495-6102,0.026804342949626126,none,1578,0.42107948050338,0.17578125,0.0963134765625,1.0,1.32,2.4533940839563506,1.7749844888304849,0.0,3.299042760614393,0.0,1-79764,grid,-0.00017865002155303955,0.002812393009662628,0.0038487063720822334,-0.021143699530512094,0.018281970750302395,0.020904740100974463,,,,,,,,
1091,12495-9102,0.05477205067655204,none,4713,0.2130917371509996,0.17578125,0.28765869140625,1.0,1.32,2.3655988709703353,3.507454378339756,0.0,6.285780391954915,0.0,1-79770,grid,-0.008545972406864166,0.01714431867003441,0.008142172358930111,-0.012642815476283431,0.017389089837190848,0.03537835436484789,,,,,,,,
1092,11828-12704,0.05576401119199348,none,10817,0.2095477641949425,0.17578125,0.66021728515625,1.0,1.32,2.485045275505316,3.5667741401572877,0.0,6.714844868024545,0.0,1-80494,grid,-0.009842365980148315,0.05098038166761398,0.0016760770231485367,0.011768210446462035,0.012342954187752065,0.03540971087445537,,,,,,,,
1093,11828-9102,0.022022437644196747,none,981,0.5095513359511407,0.17578125,0.05987548828125,0.78936767578125,1.32,2.3900371217102845,1.4667993070083225,0.0,2.6558369650369777,0.0,1-80572,grid,-0.0003238096833229065,-0.02262663096189499,-0.008367008529603481,-0.005949199199676514,0.01633827436660268,0.03350353925127749,,,,,,,,
1094,11866-12701,0.04747763453270067,none,10430,0.24370568256253858,0.17578125,0.6365966796875,1.0,1.32,2.418816283161656,3.066853175516338,0.0,5.619813938640114,0.0,1-811,grid,0.01592858135700226,0.013620451092720032,0.011967854108661413,-0.0060333991423249245,0.006076443271049375,0.03419077893186707,,,,,,,,
1095,11022-6104,0.0610295032362097,none,7199,0.19266662096001874,0.17578125,0.43939208984375,1.0,1.32,2.5027164860359363,3.8792892237072913,0.0,7.355122041116504,0.0,1-83151,grid,-0.0037896335124969482,0.026464425027370453,0.0034353947266936302,-0.008223073091357946,0.013987438573578946,0.037453040398662804,,,,,,,,
1096,11824-1902,0.02755671809904736,none,465,0.4099556410496414,0.17578125,0.02838134765625,0.31256103515625,1.32,2.5373136750805907,1.823147364296896,0.0,3.50446722660428,0.0,1-83455,grid,0.0029901713132858276,0.018629007041454315,-0.004771790467202663,0.015190832316875458,0.010883876395409907,0.014889853666626216,,,,,,,,
1097,10843-6101,0.08765552891341634,none,11734,0.13839780132908786,0.17578125,0.7161865234375,1.0,1.32,2.5265725898876616,5.4004437879838685,0.0,10.336828218143285,0.0,1-834,grid,-0.014732517302036285,0.06820818036794662,0.0012124618515372276,0.016111487755551934,0.028037445074131886,0.042522973568768614,,,,,,,,
1098,8553-12705,0.04821407365777606,none,2692,0.24019414557382382,0.17578125,0.164306640625,0.679443359375,1.32,2.527154802115963,3.1116892739943207,0.0,5.9573640086874855,0.0,1-90901,grid,0.004210822284221649,0.016932576894760132,0.009216953534632921,-0.002698814030736685,0.008075410220407768,0.03735254941598399,,,,,,,,
1099,8553-3703,0.07385351282775125,none,5821,0.16163506776877368,0.17578125,0.35528564453125,1.0,1.32,2.2844593966223052,4.624055638269669,0.0,8.002626782840528,0.0,1-91010,grid,-0.07619097828865051,-0.012350805103778839,-0.03163887653499842,0.0032020192593336105,0.04216092944127708,0.030920327288758393,,,,,,,,
1100,8553-9101,0.046305070741347334,none,3120,0.24952746064750686,0.17578125,0.1904296875,0.8392333984375,1.32,2.4400186619217363,2.995299773895911,0.0,5.536808595724226,0.0,1-91016,grid,-0.008897706866264343,0.01192929595708847,0.004480752628296614,-0.012537108734250069,0.018653136042089003,0.03575119749353892,,,,,,,,
1101,8561-6102,0.048567374197521614,none,3441,0.2385473438412841,0.17578125,0.21002197265625,0.7921142578125,1.32,2.4928737461260884,3.1331706923367886,0.0,5.917120425043999,0.0,1-91113,grid,0.023840293288230896,0.00314880907535553,0.0048538013361394405,-0.023416210431605577,0.012863557298415344,0.02577742722467082,,,,,,,,
1102,8561-6103,0.04969037591315779,none,3662,0.23346845988282955,0.17578125,0.2235107421875,0.70623779296875,1.32,2.5058684693920923,3.2013298363016545,0.0,6.077357194630654,0.0,1-91317,grid,0.016669925302267075,0.03627273812890053,-0.012184376828372478,-0.00910722091794014,0.02475763475402359,0.026945286705558916,,,,,,,,
1103,8481-3701,0.043673666721289424,none,1488,0.263731188042413,0.17578125,0.0908203125,0.9295654296875,1.32,2.4973225014362845,2.833982404606999,0.0,5.361642445226944,0.0,1-91417,grid,0.013623885810375214,-0.006267134100198746,0.004877833649516106,-0.023536718916147947,0.015966175923591026,0.028059041974033895,,,,,,,,
1104,8481-12702,0.046555971124653754,none,3632,0.24825706051730706,0.17578125,0.2216796875,1.0,1.32,2.6318768322981683,3.010627552347874,0.0,6.002727958865839,0.0,1-91678,grid,-0.0028650015592575073,0.05322078987956047,0.005754241719841957,0.012882606592029333,0.012166757141949288,0.032656678995943156,,,,,,,,
1105,8563-12702,0.03875135920136428,none,1791,0.29548341190342275,0.17578125,0.10931396484375,0.9085693359375,1.32,2.496635380430762,2.529446717985594,0.0,4.784171340179776,0.0,1-91877,grid,0.02791496366262436,0.0068472325801849365,0.0063428375869989395,0.004688349319621921,0.01746413676204943,0.030430022566092847,,,,,,,,
1106,8563-3702,0.07105670855500747,none,6030,0.1674462534944847,0.17578125,0.3680419921875,0.7523193359375,1.32,2.445786724860836,4.4635787953471056,0.0,8.270425578053237,0.0,1-91919,grid,-0.036479197442531586,-0.0005852058529853821,-0.010548477992415428,0.008663893211632967,0.025016260934815276,0.014605517382558914,,,,,,,,
1107,8546-3704,0.044420467862195126,none,2212,0.2595289811566007,0.17578125,0.135009765625,0.60528564453125,1.32,2.254097482041159,2.8798693044893833,0.0,4.917807687770562,0.0,1-91923,grid,0.0062100887298583984,0.02114049345254898,-0.005637087393552065,-0.005656245164573193,0.01221778857253479,0.028476406842212535,,,,,,,,
1108,8563-6104,0.029682845347182043,none,1898,0.3815700795763908,0.17578125,0.1158447265625,0.87335205078125,1.32,2.4393730984368807,1.95877398796062,0.0,3.619833766779593,0.0,1-92045,grid,0.010116718709468842,0.01553201675415039,-0.0026054605841636658,0.018080517183989286,0.006955029265378945,0.006630280754852602,,,,,,,,
1109,8563-12705,0.04233766468024764,none,8770,0.2716188687790714,0.17578125,0.5352783203125,1.0,1.32,2.3733774458011276,2.751684924607443,0.0,4.947565862132031,0.0,1-92763,grid,0.03185809403657913,-0.026659764349460602,0.004581152927130461,-0.010988818481564522,0.014723224194175913,0.023366114852613428,,,,,,,,
1110,8562-3701,0.05317048122979666,none,3529,0.21909305259678505,0.17578125,0.21539306640625,0.493896484375,1.32,2.614392550774492,3.411379491954121,0.0,6.756579645174033,0.0,1-92894,grid,0.04535592347383499,-0.05619741231203079,0.001329728402197361,-0.04228136129677296,0.028970826421170267,0.011131289991571008,,,,,,,,
1111,8562-6102,0.033594051322423546,none,2447,0.3387391370708885,0.17578125,0.14935302734375,0.86651611328125,1.32,2.5634124113858543,2.206445800509572,0.0,4.2848716288457815,0.0,1-93082,grid,-0.00894463062286377,-0.035130202770233154,0.0016114911995828152,-0.034163144417107105,0.010229846521932076,0.014779188542744086,,,,,,,,
1112,8562-12703,0.0632206965837474,none,9878,0.18647121149744814,0.17578125,0.6029052734375,1.0,1.32,2.614465652873287,4.008176599788576,0.0,7.938818220301265,0.0,1-93093,grid,-0.02985619753599167,0.014101099222898483,-0.01700063142925501,-0.02353282319381833,0.020056301743869694,0.028572150491287685,,,,,,,,
1113,8483-3704,0.03286255020489206,none,1101,0.34597433551623796,0.17578125,0.06719970703125,0.7183837890625,1.32,2.4227736036030794,2.1603034379502963,0.0,3.9650955645749693,0.0,1-93503,grid,-0.0053692832589149475,-0.006557106971740723,0.004584131296724081,-0.013831995660439134,0.011276385146740718,0.011038625960891132,,,,,,,,
1114,8483-6101,0.019795330241792305,none,902,0.5653482749641666,0.17578125,0.0550537109375,0.3389892578125,1.32,2.410473662227969,1.3220338321642018,0.0,2.4141876765197874,0.0,1-93557,grid,0.05518021434545517,-0.03572184592485428,0.02425844967365265,-0.010018611792474985,0.032579651863363895,0.027737194465288734,,,,,,,,
1115,8482-3704,0.03239494949052743,none,1413,0.35077058217430607,0.17578125,0.08624267578125,0.89239501953125,1.32,2.411004078039424,2.1307646206399737,0.0,3.8918804467462897,0.0,1-93612,grid,-0.007104143500328064,0.025770125910639763,0.007893331348896027,0.01552077173255384,0.009370328036102294,0.009234662397944524,,,,,,,,
1116,8484-6101,0.03104844743344452,none,1875,0.36538910224012233,0.17578125,0.11444091796875,1.0,1.32,2.490270798651585,2.0455167980547047,0.0,3.8590081442022135,0.0,1-93835,grid,0.017148472368717194,0.022636108100414276,0.005546680651605129,0.004143160302191973,0.022178152396471387,0.017527496233705628,,,,,,,,
1117,8555-3703,0.047059971894627614,none,1910,0.24574608741147583,0.17578125,0.1165771484375,0.53033447265625,1.32,2.569626269279729,3.041389404531352,0.0,5.920631900752117,0.0,1-93858,grid,0.05922453850507736,-0.024985410273075104,0.0217545535415411,-0.01268349215388298,0.020022800438696583,0.023003311199794874,,,,,,,,
1118,8978-12704,0.028351843313778886,none,3235,0.3988415643654422,0.17578125,0.19744873046875,1.0,1.32,2.3915205114840923,1.8739509951712987,0.0,3.3951456382334753,0.0,1-94403,grid,-0.03819116950035095,0.020419657230377197,-0.020292553585022688,-0.0010801088064908981,0.011904836148199715,0.016616176022477315,,,,,,,,
1119,8601-1902,0.027984942753256258,none,430,0.4038915195354034,0.17578125,0.0262451171875,0.20013427734375,1.32,2.680567505716712,1.8505205242190863,0.0,3.7579130196087407,0.0,1-94470,grid,0.020023953169584274,-0.020321354269981384,-0.00024524563923478127,-0.0020484477281570435,0.02798722105482059,0.029119210927530795,,,,,,,,
1120,11945-6102,0.02964908329560296,none,1756,0.38198901216444575,0.17578125,0.107177734375,0.9571533203125,1.32,2.795111510769634,1.9566257736663362,0.0,4.143172138063117,0.0,1-95208,grid,0.00761781632900238,-0.020633362233638763,-0.0010945005342364311,-0.03074409463442862,0.005531253104978242,0.008411304091923418,,,,,,,,
1121,8612-9101,0.051905879297834495,none,7618,0.22409362535491784,0.17578125,0.4649658203125,1.0,1.32,2.615822346376793,3.335255723024501,0.0,6.609421553915587,0.0,1-95770,grid,0.015134673565626144,0.026990998536348343,0.0058867549523711205,-0.0038917534984648228,0.012841483797015905,0.039683488691403694,,,,,,,,
1122,8612-1902,0.033179050688417304,none,721,0.34280469310068445,0.17578125,0.04400634765625,0.35711669921875,1.32,2.5684752305780147,2.1802780460732434,0.0,4.242416785691026,0.0,1-95825,grid,0.0005016699433326721,0.04448544234037399,-0.018735196441411972,0.02501827199012041,0.025121449048756017,0.019448304836951705,,,,,,,,
1123,8612-6101,0.03360075133265931,none,2610,0.3386743244576581,0.17578125,0.1593017578125,0.8797607421875,1.32,2.5677305303034688,2.206868051350438,0.0,4.29291096348776,0.0,1-95982,grid,-0.006536751985549927,0.013596273958683014,-0.012223266530781984,0.012963068205863237,0.011015078293011453,0.01491243329219379,,,,,,,,
1124,11945-9102,0.05218351372198314,none,5776,0.22297500131127437,0.17578125,0.3525390625,0.999755859375,1.32,2.7028686411848333,3.3519880796632897,0.0,6.863623837990359,0.0,1-96067,grid,0.05154131352901459,0.007977433502674103,0.03299845429137349,-0.013170296093448997,0.015236218309878403,0.02165058449759053,,,,,,,,
1125,11982-3703,0.026870193050226875,none,870,0.4200810079641888,0.17578125,0.0531005859375,0.52288818359375,1.32,2.5382251734304684,1.7792033733693895,0.0,3.421226356771661,0.0,1-96410,grid,0.00264769047498703,0.005464598536491394,-0.0068857804872095585,0.0023970669135451317,0.01594213403056203,0.025132971756560436,,,,,,,,
1126,9187-3702,0.05325468135843118,none,3091,0.2187685436242308,0.17578125,0.18865966796875,1.0,1.32,2.5307460999299924,3.4164397407247495,0.0,6.550107234458327,0.0,1-96548,grid,-0.013290025293827057,0.052740443497896194,-0.0028333482332527637,0.020134905353188515,0.01072014556301583,0.04061733904076251,,,,,,,,
1127,11982-6104,0.04544346642505414,none,4198,0.2539969579084992,0.17578125,0.2562255859375,0.993896484375,1.32,2.5597640815839346,2.9425925121809833,0.0,5.706320166226302,0.0,1-96555,grid,-0.017962515354156494,0.010000240057706833,0.0008901963010430336,-0.0010624285787343979,0.013077339432223509,0.010626158276708186,,,,,,,,
1128,9187-6103,0.04566716976681099,none,2736,0.2528202950375926,0.17578125,0.1669921875,0.81243896484375,1.32,2.5079138939141123,2.956287770913183,0.0,5.616753920516326,0.0,1-96589,grid,-0.005586802959442139,0.00030113011598587036,-0.0062072305008769035,-0.021815510466694832,0.02085920177937631,0.018534756587268667,,,,,,,,
1129,12678-9102,0.08078683341994844,none,13068,0.14896731412935982,0.17578125,0.797607421875,1.0,1.32,2.588741936884898,5.017272082983686,0.0,9.839714128774023,0.0,1-97030,grid,-0.0751536637544632,0.022666916251182556,-0.04206972802057862,-0.012873793486505747,0.02537127305503998,0.05629265315560366,,,,,,,,
1130,12679-9102,0.06501275532151775,none,12968,0.18171517754261657,0.17578125,0.79150390625,1.0,1.32,2.4301739056974565,4.113082663571196,0.0,7.572353152263112,0.0,1-97179,grid,-0.020196989178657532,0.050875224173069,-0.020676362328231335,0.0038712825626134872,0.013762691580108248,0.05591075541762898,,,,,,,,
1131,12679-12705,0.02848880352301622,none,4084,0.39698981728331045,0.17578125,0.249267578125,1.0,1.32,2.4624658919439093,1.8826919833183322,0.0,3.512170298452745,0.0,1-97191,grid,-0.0170309916138649,0.016969352960586548,-0.01280691334977746,-0.008708500536158681,0.01145520526026525,0.01937490425595544,,,,,,,,
1132,11866-6101,0.045890430107891074,none,3892,0.2516574082164958,0.17578125,0.237548828125,1.0,1.32,2.407674612899226,2.96994851753109,0.0,5.417173975210074,0.0,1-999,grid,-0.03201431781053543,0.029848754405975342,-0.013274958357214928,0.015153275104239583,0.016456625456891697,0.01997878331023637,,,,,,,,
1133,7495-12702,0.02840134338940132,none,3091,0.3981702455604507,0.17578125,0.18865966796875,1.0,1.32,2.321636775118972,1.8771104942969061,0.0,3.301491480698066,0.0,12-129612,grid,0.006016790866851807,-0.011082760989665985,-0.013770103454589844,-0.024982738308608532,0.017839400659434363,0.021569020104326715,,,,,,,,
1134,7443-12705,0.06447359849783516,none,10275,0.1831182268074709,0.17578125,0.62713623046875,1.0,1.32,2.6070249002384913,4.081568282354103,0.0,8.061174351606661,0.0,12-84627,grid,-0.030217371881008148,0.008786965161561966,-0.03144992934539914,-0.012242443859577179,0.01738882642523585,0.01573565426050177,,,,,,,,
0,11866-12705,0.06482475503430525,strict,4837,0.18220175716448087,0.17578125,0.29522705078125,1.0,1.32,2.454859751604621,4.1020984544269865,0.0,7.628845752191159,0.0,1-1009,grid,-0.028109267354011536,0.04466855898499489,-0.008804570883512497,0.009218713035807014,0.015323047351883603,0.035395437343123025,,,,,,,,
1,12514-9101,0.08058366310956036,strict,15683,0.14930745608226115,0.17578125,0.95721435546875,1.0,1.32,2.595580864918931,5.005842079624689,0.0,9.84323326869684,0.0,1-10166,grid,-0.012097813189029694,0.02773851715028286,0.012425578199326992,0.014614260056987405,0.030399572345216713,0.032295155850513346,,,,,,,,
2,11866-6102,0.033372717984287405,strict,1988,0.34089484262923153,0.17578125,0.121337890625,1.0,1.32,2.439001832287017,2.192492971421118,0.0,4.0511321019488715,0.0,1-1038,grid,-0.040998250246047974,0.017959289252758026,-0.01765098562464118,-0.0027010608464479446,0.013548848461397922,0.019087182669255236,,,,,,,,
3,11866-3701,0.0464753470014824,strict,2044,0.24866379307734163,0.17578125,0.124755859375,0.38153076171875,1.32,2.4698607102131778,3.005703151265903,0.0,5.6239909999057485,0.0,1-1081,grid,0.034210722893476486,-0.01634117215871811,0.008480834309011698,-0.005605303682386875,0.01672828625526817,0.009933709005824378,,,,,,,,
4,12081-6101,0.12829411599794313,strict,9821,0.09907778319469304,0.17578125,0.59942626953125,1.0,1.32,2.5627353871090626,7.5436644054661475,0.0,14.645769485123596,0.0,1-108698,grid,0.03130351006984711,0.02869216352701187,0.04984106821939349,-0.0008246256038546562,0.02182771516515306,0.04616208863658398,,,,,,,,
5,8080-12702,0.026791140929457093,strict,1628,0.42128025103244754,0.17578125,0.099365234375,1.0,1.32,2.5461595397183308,1.774138580260036,0.0,3.4221514173571412,0.0,1-109244,grid,-0.022636331617832184,-0.02092643827199936,-0.004647087771445513,0.0020576822571456432,0.012102684060647547,0.030235933826210412,,,,,,,,
6,8080-6103,0.06861020481742608,strict,5779,0.17291877288246557,0.17578125,0.35272216796875,1.0,1.32,2.578367989842404,4.322315813369316,0.0,8.442818738773543,0.0,1-109284,grid,0.02006608620285988,0.05649697035551071,0.016035777051001787,-0.004812560044229031,0.0091506552544386,0.05508097100924958,,,,,,,,
7,8082-12704,0.1316812011724729,strict,10979,0.09690067182739076,0.17578125,0.67010498046875,1.0,1.32,2.4560082876452496,7.71315133696554,0.0,14.35118455109803,0.0,1-109308,grid,-0.026399411261081696,0.03394411876797676,-0.01883458625525236,0.008403105894103646,0.009565960777032593,0.016996501568301004,,,,,,,,
8,8082-9102,0.03610735516205703,strict,3095,0.31611510896359735,0.17578125,0.18890380859375,1.0,1.32,2.572266169176324,2.364358821407575,0.0,4.607394097045689,0.0,1-109394,grid,-0.0020029693841934204,0.05167141929268837,0.0009046248160302639,0.029984398745000362,0.007870226437740163,0.022325645550552633,,,,,,,,
9,12685-12702,0.04659821918919711,strict,4160,0.24804448990510197,0.17578125,0.25390625,1.0,1.32,2.674046664886564,3.0132076174892886,0.0,6.104134681937895,0.0,1-109836,grid,-0.02661951631307602,0.006104163825511932,-0.008883167058229446,0.005646819248795509,0.01391804796353871,0.006975460811099133,,,,,,,,
10,12685-3703,0.051232476269060814,strict,1562,0.22685726392284894,0.17578125,0.0953369140625,0.7447509765625,1.32,2.6150614113449566,3.294624706011097,0.0,6.527004495116168,0.0,1-109934,grid,0.0003726780414581299,0.07528795301914215,-0.0052039893344044685,0.01806146721355617,0.011085212284289506,0.042745054489712685,,,,,,,,
11,7972-3702,0.062216295049299514,strict,1865,0.1892568265073923,0.17578125,0.11383056640625,0.8548583984375,1.32,2.5372218676733533,3.949181439059502,0.0,7.590870838326887,0.0,1-113315,grid,0.06632818281650543,0.03742905706167221,0.050087123177945614,0.011819196864962578,0.011994413208306116,0.028733422295273228,,,,,,,,
12,7815-12704,0.04308066581534798,strict,3821,0.2671718121748607,0.17578125,0.23321533203125,1.0,1.32,2.530566815285619,2.797486532632895,0.0,5.363050443703964,0.0,1-113418,grid,0.023296743631362915,0.013357296586036682,0.020416006445884705,-0.012691894313320518,0.010858511996602257,0.028232045179044474,,,,,,,,
13,8618-9102,0.04306946579823744,strict,2577,0.267237707498882,0.17578125,0.15728759765625,0.99566650390625,1.32,2.4109047250714633,2.7967967299727903,0.0,5.1081897358756185,0.0,1-113654,grid,-0.04910604655742645,0.02448149025440216,-0.013759066350758076,0.009276308119297028,0.01801955818536331,0.01405018890327931,,,,,,,,
14,7975-3701,0.040268361518924455,strict,1574,0.2848697091546458,0.17578125,0.0960693359375,0.98223876953125,1.32,2.493889383825251,2.623689084656437,0.0,4.956962389911271,0.0,1-114082,grid,0.010514505207538605,0.01703544706106186,-0.00884884549304843,0.004655952099710703,0.010601193847144065,0.010706416535613588,,,,,,,,
15,7975-12701,0.08793143433492354,strict,3430,0.13800782170116357,0.17578125,0.2093505859375,1.0,1.32,2.541031490366223,5.415704249551216,0.0,10.425359879257432,0.0,1-114121,grid,-0.007361806929111481,0.05229048430919647,-0.01274132076650858,-0.01185372518375516,0.03705007768317475,0.049768950209094366,,,,,,,,
16,7975-6102,0.03418855223065659,strict,2380,0.33308713970237447,0.17578125,0.145263671875,1.0,1.32,2.497384876545149,2.2438859306490664,0.0,4.245338475678345,0.0,1-114145,grid,-0.026057332754135132,0.010508306324481964,-0.0004864218644797802,0.015983975492417812,0.017222028484720476,0.0063587555517367,,,,,,,,
17,7975-1902,0.022247333987776192,strict,351,0.5045379807756525,0.17578125,0.02142333984375,0.12860107421875,1.32,2.5393949606341657,1.4813741976555788,0.0,2.849844069954589,0.0,1-114334,grid,0.06053277105093002,-0.024507857859134674,0.012403571978211403,0.000917261466383934,0.03922570625773491,0.02078798246418162,,,,,,,,
18,7975-9102,0.022084933739673508,strict,1283,0.5081479363058442,0.17578125,0.07830810546875,0.86273193359375,1.32,2.5886406993220668,1.4708503037360503,0.0,2.8844719385313353,0.0,1-114500,grid,0.003482505679130554,-0.002832278609275818,-0.005888202227652073,-0.005493578966706991,0.01112165530907801,0.017896912444513767,0.33316627,0.35687706,0.30995667,0.993472,0.33320385,0.35709378,0.30970237,0.9933966
19,7977-9102,0.06309159638651798,strict,6780,0.18682428484944277,0.17578125,0.413818359375,1.0,1.32,2.5356008727381494,4.000601672639173,0.0,7.684794767137565,0.0,1-114980,grid,-0.012592002749443054,0.06429608911275864,-0.0021115317940711975,0.0023750397376716137,0.014620364004198397,0.04850919652898777,,,,,,,,
20,7977-12703,0.07386281284195909,strict,12123,0.16161647970361082,0.17578125,0.73992919921875,1.0,1.32,2.548096290988992,4.624587466754479,0.0,8.927192554084291,0.0,1-115162,grid,0.01696871593594551,0.016717806458473206,0.033226198982447386,0.0014223800972104073,0.02441132126413049,0.03665676793373186,,,,,,,,
21,7979-9101,0.06759870327213134,strict,7958,0.17529731313707006,0.17578125,0.4857177734375,1.0,1.32,2.470297264941769,4.2636680111227765,0.0,7.979187444315382,0.0,1-115277,grid,0.004351958632469177,0.0456409715116024,0.0181347387842834,0.00465563777834177,0.011319824145600751,0.041936730761779194,,,,,,,,
22,7980-1902,0.02684334100920438,strict,154,0.42048756869423254,0.17578125,0.0093994140625,0.23712158203125,1.32,2.5086255680924467,1.7774830984404073,0.0,3.3780602633331727,0.0,1-115650,grid,0.013831641525030136,0.01114054024219513,0.009082481730729342,-0.002593293087556958,0.019223745732187644,0.012117819307719577,,,,,,,,
23,7981-6102,0.08298662678062457,strict,6979,0.14539136591094448,0.17578125,0.42596435546875,1.0,1.32,2.5004657767689147,5.140673531577545,0.0,9.73793805700867,0.0,1-116087,grid,-0.0668971836566925,0.07822974771261215,-0.044439911376684904,0.02800723910331726,0.018768022496235208,0.03880579681225743,,,,,,,,
24,12083-3703,0.09107933914405188,strict,358,0.1337261166520465,0.17578125,0.0218505859375,1.0,1.32,2.5903591079224397,5.589106789087784,0.0,10.968025512321729,0.0,1-116828,grid,-0.026883520185947418,0.06924240291118622,-0.006730767898261547,0.008921333122998476,0.032191368570852384,0.039913114825388424,,,,,,,,
25,12085-9102,0.02765169824415077,strict,2540,0.40859440631838845,0.17578125,0.155029296875,1.0,1.32,2.5328772067209613,1.8292211907470293,0.0,3.509994439465247,0.0,1-116989,grid,-0.015022039413452148,0.0027716942131519318,-0.008453433401882648,-0.0028491453267633915,0.017337585223832837,0.004779460408302767,,,,,,,,
26,12085-6103,0.027062321343745796,strict,1132,0.41719558085512887,0.17578125,0.069091796875,0.61962890625,1.32,2.4528982476581853,1.79150878090877,0.0,3.3290823858752834,0.0,1-117014,grid,0.010017696768045425,-0.03800218552350998,0.0049357484094798565,-0.00902861775830388,0.02121179186807797,0.01852965737923498,,,,,,,,
27,12084-12705,0.02720933156833678,strict,2033,0.41501527265740823,0.17578125,0.12408447265625,1.0,1.32,2.7061787297890394,1.8009205822053653,0.0,3.692131040608676,0.0,1-117020,grid,-0.014938130974769592,-0.02150331437587738,-0.021090805996209383,0.0022568744607269764,0.005898791395144455,0.011186090881333315,,,,,,,,
28,12085-6101,0.03554050829607171,strict,2136,0.32093812877859573,0.17578125,0.13037109375,0.97821044921875,1.32,2.3683620376101215,2.3288275198174118,0.0,4.178414159149462,0.0,1-117381,grid,-0.022954106330871582,-6.645917892456055e-05,-0.018429447431117296,0.0018745418637990952,0.01268845031869501,0.008763988323408111,,,,,,,,
29,12087-6104,0.05168422395920642,strict,3399,0.2249953381278718,0.17578125,0.20745849609375,0.81365966796875,1.32,2.428079242114723,3.321889034134219,0.0,6.110461976052895,0.0,1-117559,grid,-0.045978084206581116,0.0675087720155716,-0.03142200782895088,-0.004796783672645688,0.008742231787453992,0.04458283082336791,,,,,,,,
30,12087-12705,0.03981257682261144,strict,3205,0.28797355921625756,0.17578125,0.19561767578125,1.0,1.32,2.3582078264511597,2.595410316462495,0.0,4.636755243283286,0.0,1-117635,grid,-0.03260457515716553,0.02027719095349312,-0.02878757519647479,-0.013319990364834666,0.006891721914976815,0.022248839457171266,,,,,,,,
31,12087-3703,0.03948153031686389,strict,1111,0.29027290680433065,0.17578125,0.06781005859375,0.281494140625,1.32,2.3933472647613483,2.5748512139375017,0.0,4.668570537912695,0.0,1-117781,grid,0.011283878237009048,-0.018803857266902924,0.0003820285201072693,-0.003442702814936638,0.01709074243575035,0.015595867099220489,,,,,,,,
32,12088-12703,0.04337633326704612,strict,2179,0.26544456649863124,0.17578125,0.13299560546875,1.0,1.32,2.6538987138186974,2.815689755179646,0.0,5.661026833169503,0.0,1-117998,grid,0.006646066904067993,0.008990131318569183,-0.00079739885404706,-0.001424402929842472,0.006632311110324677,0.01698506240563022,,,,,,,,
33,12088-9101,0.0407402622398583,strict,5010,0.2817293265449576,0.17578125,0.3057861328125,1.0,1.32,2.703293200200554,2.652934842191619,0.0,5.433076302630099,0.0,1-118083,grid,0.008158408105373383,0.034542541950941086,0.019079688470810652,-0.004019781947135925,0.014216323278581055,0.028239325344037246,,,,,,,,
34,8622-6103,0.04339886630147036,strict,1842,0.26531389759483925,0.17578125,0.1124267578125,0.73876953125,1.32,2.451419971250968,2.8170765015848014,0.0,5.231695148883933,0.0,1-118178,grid,0.013466771692037582,-0.009313337504863739,-0.00020478246733546257,0.00012500956654548645,0.008188489634725524,0.008344353042549749,,,,,,,,
35,8622-12704,0.07008220706623859,strict,11685,0.16958022729398087,0.17578125,0.71319580078125,1.0,1.32,2.4883184585873246,4.407409745728221,0.0,8.308362897616059,0.0,1-118204,grid,-0.0012567713856697083,0.03685452789068222,0.02000141516327858,-0.00038498127833008766,0.015064504712704308,0.04023955928182155,,,,,,,,
36,12090-3701,0.06424191814389163,strict,3073,0.18372837394163122,0.17578125,0.18756103515625,0.93023681640625,1.32,2.544801083105602,4.068013722778296,0.0,7.842640702889893,0.0,1-118294,grid,-0.01905246078968048,0.049507834017276764,-0.012720898259431124,0.007919045630842447,0.011858617423901815,0.04655606476628191,,,,,,,,
37,12089-12705,0.06235053225437683,strict,9405,0.18887932918261194,0.17578125,0.57403564453125,1.0,1.32,2.751301261599731,3.9570743378471502,0.0,8.247805771183929,0.0,1-118326,grid,-0.009505078196525574,0.06250124424695969,0.007893991656601429,0.010450079571455717,0.0136615317152593,0.05472684787124072,,,,,,,,
38,8087-6101,0.11645317790826307,strict,9417,0.10769005458548123,0.17578125,0.57476806640625,1.0,1.32,2.3747797645334874,6.94037670734976,0.0,12.486262244586182,0.0,1-118970,grid,-0.05116436630487442,0.07521095871925354,-0.018710213713347912,0.0220529199577868,0.036547746655501825,0.04133189131544713,,,,,,,,
39,8087-1902,0.02703834130711093,strict,0,0.4175534783811544,0.17578125,0.0,0.13775634765625,1.32,2.3153036986698474,1.7899732253602303,0.0,3.13964517363374,0.0,1-119362,grid,0.025864169001579285,0.0042010582983493805,0.005560342222452164,-0.000523311085999012,0.01353690439498746,0.003429462917887712,,,,,,,,
40,8075-3703,0.02001683058018359,strict,576,0.5592427994200332,0.17578125,0.03515625,0.250244140625,1.32,2.5027621504975675,1.3364670000819046,0.0,2.533984108480318,0.0,1-119871,grid,0.03020709753036499,-0.031933680176734924,-0.008614039048552513,-0.003700227476656437,0.03404079460104724,0.029557032389285594,,,,,,,,
41,8075-12703,0.04254656499938958,strict,2858,0.2703528400955331,0.17578125,0.1744384765625,1.0,1.32,2.551187530681615,2.76457072244623,0.0,5.343135117266883,0.0,1-119929,grid,-0.0049348995089530945,-0.006642431020736694,-0.011667346116155386,-0.008711969014257193,0.017070925257662718,0.015779595351857554,,,,,,,,
42,12700-6102,0.044148157446180086,strict,3233,0.2610447767880457,0.17578125,0.19732666015625,0.93670654296875,1.32,2.6740917070985075,2.863146911631771,0.0,5.800240464090319,0.0,1-120269,grid,0.0005303993821144104,0.0007500126957893372,0.006799785420298576,-0.0035598271060734987,0.009624007141788628,0.014937875546265736,,,,,,,,
43,8088-12705,0.025187738479901398,strict,2109,0.44722948069668905,0.17578125,0.12872314453125,1.0,1.32,2.2924388157699904,1.6711991912831685,0.0,2.9023650719552663,0.0,1-120750,grid,-0.03019879013299942,-0.02116198092699051,-0.007769143208861351,-0.010631419252604246,0.01812362352791458,0.019632192235865806,,,,,,,,
44,8088-9102,0.036639655975265514,strict,3796,0.31172195115329665,0.17578125,0.231689453125,1.0,1.32,2.2552769756401565,2.397680188042778,0.0,4.0965400932132106,0.0,1-120803,grid,-0.0605846643447876,0.025046207010746002,-0.02942810719832778,-0.0014820436481386423,0.026946758332278116,0.016676142435830953,,,,,,,,
45,8936-3702,0.0609332930892272,strict,252,0.19294887215870646,0.17578125,0.015380859375,0.8748779296875,1.32,2.3984975438844196,3.8736144870726714,0.0,7.03852638878705,0.0,1-121235,grid,-0.028105266392230988,0.01817077398300171,-0.016223224811255932,-0.013649563072249293,0.016468946368587385,0.028110677433728984,,,,,,,,
46,8139-6104,0.0607858928640404,strict,4185,0.19338303467723209,0.17578125,0.25543212890625,1.0,1.32,2.461388963812849,3.8649178698936524,0.0,7.206868326514621,0.0,1-121236,grid,-0.04629429429769516,-0.03653553128242493,-0.06377843953669071,-0.038407750660553575,0.020011441423936776,0.018771508598132897,0.33481106,0.34838527,0.3168037,0.9937394,0.33490086,0.34779552,0.31730366,0.9935133
47,8977-12703,0.07524261494991528,strict,6676,0.1589096612981956,0.17578125,0.407470703125,1.0,1.32,2.375421821804209,4.70336127050058,0.0,8.463990149830188,0.0,1-121523,grid,-0.041739821434020996,0.014080852270126343,-0.004145285114645958,0.0001378706656396389,0.03480483646795822,0.01912571858098164,,,,,,,,
48,9484-3702,0.0716155094087007,strict,4329,0.1662488297666064,0.17578125,0.26422119140625,1.0,1.32,2.5130666601151046,4.495728165470832,0.0,8.559139822413021,0.0,1-121576,grid,-0.03251119703054428,0.00025577470660209656,-0.007705262862145901,-0.026033544912934303,0.030420985700356507,0.016696967977084275,,,,,,,,
49,8717-6102,0.10977816771069275,strict,14154,0.11336823401580032,0.17578125,0.8638916015625,1.0,1.32,2.4978381383643304,6.5927598938705385,0.0,12.475490227264093,0.0,1-121717,grid,-0.03739988058805466,0.0011597871780395508,0.005253458861261606,0.022427584044635296,0.024900865007375695,0.018152176530758284,,,,,,,,
50,9485-3702,0.04150416340688811,strict,1115,0.2767972032691762,0.17578125,0.06805419921875,0.41998291015625,1.32,2.5362272821179186,2.700206279654737,0.0,5.1881339650049005,0.0,1-121837,grid,-0.012818053364753723,0.01744624599814415,-0.01463288627564907,0.009174274513497949,0.020088977218940023,0.009290043108036314,,,,,,,,
51,9485-6101,0.07199240998450059,strict,4617,0.1654517058397156,0.17578125,0.28179931640625,1.0,1.32,2.4867554086778685,4.517387975330789,0.0,8.510332561174396,0.0,1-121851,grid,-0.038810670375823975,-0.04520910233259201,-0.0028904788196086884,-0.02460310491733253,0.03522236518269442,0.011316507523159236,,,,,,,,
52,9485-3703,0.044164667471402845,strict,2004,0.26095234231355285,0.17578125,0.122314453125,0.471435546875,1.32,2.5070113365989486,2.8641610948263962,0.0,5.439760859526841,0.0,1-121871,grid,-0.016406968235969543,0.06751424819231033,-0.004680238198488951,0.017934855073690414,0.009309036142424908,0.03261561385675752,,,,,,,,
53,9181-9102,0.039443960259467226,strict,1117,0.2905362968819345,0.17578125,0.06817626953125,0.7977294921875,1.32,2.3493037379394277,2.5725169435956,0.0,4.578502781440648,0.0,1-122044,grid,0.021698668599128723,0.014772742986679077,-0.0011114086955785751,0.002625485882163048,0.015661887289166974,0.007315641404246117,,,,,,,,
54,9183-9101,0.03551895426314312,strict,1518,0.3211245607693946,0.17578125,0.0926513671875,1.0,1.32,2.6200627616593617,2.327475496323143,0.0,4.619796876205233,0.0,1-122094,grid,0.002877853810787201,-0.010782711207866669,0.013062331825494766,-0.009109250269830227,0.009537743751708835,0.016531317699842688,,,,,,,,
55,9486-6102,0.06388109759265757,strict,2023,0.1846874474660232,0.17578125,0.12347412109375,0.9041748046875,1.32,2.4807549210142117,4.046888712324634,0.0,7.605559915072879,0.0,1-122361,grid,-0.01731245219707489,-0.004952926188707352,0.0065886881202459335,-0.00011735130101442337,0.014997981580991783,0.008465729484018915,,,,,,,,
56,11742-12701,0.06752055315273957,strict,8017,0.17548405317160864,0.17578125,0.48931884765625,1.0,1.32,2.569836377559849,4.259130860895915,0.0,8.291870775089485,0.0,1-122388,grid,-0.0120602548122406,-0.05254749208688736,0.020953055005520582,-0.005150137469172478,0.025425393629009932,0.022326148512756192,,,,,,,,
57,10496-12702,0.06200929473306026,strict,13325,0.18984215349728548,0.17578125,0.81329345703125,1.0,1.32,2.500509648212839,3.937005205058345,0.0,7.457969318418602,0.0,1-122623,grid,-0.0022411271929740906,-0.02761012315750122,-0.011018166318535805,-0.03242568951100111,0.014669648588713415,0.014883255811455026,,,,,,,,
58,11745-3704,0.045070075854616566,strict,994,0.25598700231875177,0.17578125,0.0606689453125,0.36383056640625,1.32,2.3590509442162673,2.9197167812748286,0.0,5.218000477053383,0.0,1-123273,grid,0.027305666357278824,0.01257367804646492,-0.00863309670239687,-0.017509520053863525,0.021025724931208432,0.026099106804082572,,,,,,,,
59,11745-6104,0.03852629885753429,strict,3306,0.2971292849265773,0.17578125,0.2017822265625,1.0,1.32,2.418712030372324,2.51543548338895,0.0,4.609177322195663,0.0,1-123312,grid,-0.04603995382785797,0.050444744527339935,-0.017424899619072676,0.012758970260620117,0.014384294253405651,0.02421430229976559,,,,,,,,
60,8589-9101,0.06478999898120764,strict,4507,0.1822920220070464,0.17578125,0.27508544921875,1.0,1.32,2.509537173178643,4.100067234041693,0.0,7.794902376029824,0.0,1-131087,grid,-0.0634092390537262,-0.029370881617069244,-0.04712401796132326,-0.01960451388731599,0.016160073462530577,0.01690152095609766,,,,,,,,
61,8589-9102,0.04547196946859889,strict,2849,0.2538463899832235,0.17578125,0.17388916015625,1.0,1.32,2.4845918081101055,2.9443378986311126,0.0,5.542028653974986,0.0,1-131338,grid,-0.03510206937789917,0.020633962005376816,0.0016629351302981377,-0.011118300724774599,0.020462169613890222,0.025734656524006937,,,,,,,,
62,8563-6101,0.042326164662678786,strict,1358,0.27168892713106374,0.17578125,0.0828857421875,0.545166015625,1.32,2.444675774158516,2.7509753685977234,0.0,5.094880938573976,0.0,1-134157,grid,0.0013240724802017212,0.054425112903118134,-0.004899250343441963,0.02124179108068347,0.018912523163006033,0.029884314974426403,,,,,,,,
63,8565-3701,0.028431343435233094,strict,863,0.3977645236563705,0.17578125,0.05267333984375,0.6558837890625,1.32,2.356487332575137,1.8790251568638798,0.0,3.35446892404526,0.0,1-134259,grid,-0.007510840892791748,0.006301991641521454,-0.017013926524668932,-0.006288305390626192,0.02876075745477518,0.027463207195527892,,,,,,,,
64,8564-9102,0.043326766191321316,strict,3234,0.26573248424828283,0.17578125,0.1973876953125,0.86492919921875,1.32,2.460810310491437,2.8126389913247043,0.0,5.2434629011682325,0.0,1-134368,grid,-0.03933745622634888,0.03500616177916527,-0.009418362751603127,-0.02017509052529931,0.020831036880122306,0.05826730568669351,,,,,,,,
65,8600-6104,0.04224116453282209,strict,1951,0.2722079334257198,0.17578125,0.11907958984375,0.76849365234375,1.32,2.5864658692130527,2.7457302109170576,0.0,5.38010414894252,0.0,1-134793,grid,-0.019308745861053467,0.02560269460082054,0.004427586682140827,0.008637809194624424,0.013231676800221684,0.019020045096052058,,,,,,,,
66,8555-12703,0.058449589294814405,strict,5250,0.20055733085492328,0.17578125,0.3204345703125,1.0,1.32,2.468501796931446,3.7266628114379423,0.0,6.969146853478905,0.0,1-134848,grid,-0.056060440838336945,0.08539993315935135,-0.02713839802891016,0.051282402127981186,0.026008368808861232,0.022415344489725934,,,,,,,,
67,8555-12705,0.031523248158808775,strict,3652,0.3600917591896218,0.17578125,0.222900390625,0.97723388671875,1.32,2.472966465695941,2.075608584157344,0.0,3.8885685034331385,0.0,1-134954,grid,-0.013593293726444244,0.027610329911112785,0.0020849150605499744,0.007116850232705474,0.008845018511525702,0.011752893358440495,,,,,,,,
68,8555-1902,0.03148504810044964,strict,533,0.3605120445366346,0.17578125,0.03253173828125,0.40606689453125,1.32,2.524694816803831,2.0731888373353575,0.0,3.965279630209195,0.0,1-135207,grid,0.001273714005947113,0.024780891835689545,-0.00806340016424656,0.012794175650924444,0.011668710771743557,0.016917480655442237,,,,,,,,
69,11942-12703,0.1334711439070106,strict,13084,0.09579505054212031,0.17578125,0.798583984375,1.0,1.32,2.290924251305439,7.8021728912775945,0.0,13.541050825383117,0.0,1-135255,grid,-0.008293911814689636,-0.013017438352108002,-0.017263205256313086,-0.009638752322643995,0.016203445368780975,0.023932949971808854,,,,,,,,
70,8588-9101,0.03523595383079668,strict,2342,0.3235935443158779,0.17578125,0.1429443359375,0.993408203125,1.32,2.5644136053844213,2.3097171114412265,0.0,4.487174231188702,0.0,1-135371,grid,0.016415074467658997,-0.021100349724292755,0.005179692525416613,-0.0132527279201895,0.014490313010599854,0.015065295322810026,,,,,,,,
71,11942-6104,0.04862269428203541,strict,4454,0.2382916550452854,0.17578125,0.2718505859375,1.0,1.32,2.43709901446181,3.1365326088161125,0.0,5.7909397952826325,0.0,1-135440,grid,0.03693118691444397,0.029439173638820648,0.031602241564542055,0.00022994168102741241,0.009336735819195995,0.03177149794423785,,,,,,,,
72,9869-12705,0.0253577387396148,strict,1013,0.44432266496388695,0.17578125,0.06182861328125,0.88934326171875,1.32,2.4872879424962853,1.6821323902507765,0.0,3.1696572817827358,0.0,1-135500,grid,0.020431656390428543,-0.04370955377817154,0.016558436676859856,-0.00741956289857626,0.011974942082736258,0.027183081841088502,,,,,,,,
73,8978-9102,0.061300193649749826,strict,4867,0.1918772571115985,0.17578125,0.29705810546875,0.99249267578125,1.32,2.4503348125161057,3.8952482316525616,0.0,7.230804807128842,0.0,1-135626,grid,-0.007484659552574158,0.013547476381063461,-0.011124632321298122,0.0093516712076962,0.008570688745860552,0.016779146366659035,,,,,,,,
74,8588-12704,0.030363046386341196,strict,2663,0.3733284059533435,0.17578125,0.16253662109375,1.0,1.32,2.4827624141505233,2.00201627987479,0.0,3.765553615295896,0.0,1-135641,grid,-0.02637644112110138,0.018095463514328003,-0.019124782644212246,0.007635557092726231,0.008455892118088464,0.011871585342015531,,,,,,,,
75,8978-6102,0.02638474030858929,strict,644,0.427558924951952,0.17578125,0.039306640625,0.9727783203125,1.32,2.434041980108763,1.7480854751009818,0.0,3.223419266071334,0.0,1-135668,grid,0.017998788505792618,-0.05664604902267456,0.012423314619809389,-0.025387588422745466,0.013631992540418405,0.03071821043667387,,,,,,,,
76,8588-1902,0.03043434649526805,strict,340,0.37248583496522786,0.17578125,0.020751953125,0.2344970703125,1.32,2.4251394722466335,2.0065448838559727,0.0,3.6864781823285266,0.0,1-135794,grid,0.03953272104263306,-0.014757990837097168,-0.0020518279634416103,-0.02017021831125021,0.03292729664120692,0.007273303708888704,,,,,,,,
77,11946-9101,0.06164759118047723,strict,6496,0.1908743767762681,0.17578125,0.396484375,1.0,1.32,2.432013414062596,3.9157144037953735,0.0,7.214446936112476,0.0,1-135812,grid,-0.03762238472700119,0.038231074810028076,-0.02206964185461402,0.028631444554775953,0.017339327361442048,0.012727873862319853,,,,,,,,
78,11947-9102,0.03172590546841312,strict,1712,0.3578790124427694,0.17578125,0.1044921875,1.0,1.32,2.336675240812513,2.088441960752926,0.0,3.6969777436100753,0.0,1-135911,grid,0.0122285857796669,-0.03161407262086868,0.00014059292152523994,-0.037180856335908175,0.01903927461443954,0.02218579599236883,,,,,,,,
79,11947-6102,0.061029266235847625,strict,7752,0.19266731515192864,0.17578125,0.47314453125,1.0,1.32,2.3329674593627647,3.8792752463951916,0.0,6.856229481629888,0.0,1-135927,grid,0.010090731084346771,0.019795715808868408,-0.0014451788738369942,0.01392728160135448,0.017137655472990086,0.01029440064003771,,,,,,,,
80,11949-3702,0.029725790412790238,strict,858,0.3810385760997097,0.17578125,0.0523681640625,0.8782958984375,1.32,2.499718003560661,1.961506244613713,0.0,3.714554904361788,0.0,1-135971,grid,0.007048584520816803,-0.003764241933822632,-0.0044173612259328365,0.017947915475815535,0.011708106131709504,0.01874166259447514,,,,,,,,
81,11947-12703,0.02319236843152757,strict,1696,0.4845342874302159,0.17578125,0.103515625,0.90179443359375,1.32,2.376758988571071,1.5425317998077528,0.0,2.777444182083173,0.0,1-136027,grid,0.015723593533039093,0.03536149114370346,-0.0007144119590520859,0.0394468093290925,0.024042213984452117,0.011312829113861179,,,,,,,,
82,11947-6103,0.03000880884516416,strict,1792,0.3775738978856872,0.17578125,0.109375,0.83770751953125,1.32,2.309864649170895,1.979505338275743,0.0,3.463931366460767,0.0,1-136047,grid,-0.012373574078083038,0.005207136273384094,0.001716572791337967,0.013621995458379388,0.01104383055985859,0.011095785559457566,,,,,,,,
83,8606-3701,0.05733518759231667,strict,4187,0.2041856343895161,0.17578125,0.25555419921875,1.0,1.32,2.518394679285888,3.660441385570237,0.0,6.9836637191348085,0.0,1-136120,grid,-0.0025045424699783325,0.04933157190680504,0.0029939371161162853,0.012639815919101238,0.011458105711011824,0.02002917871408418,,,,,,,,
84,8606-6101,0.041694663697919895,strict,1501,0.2755954097422706,0.17578125,0.09161376953125,0.7666015625,1.32,2.5928400748298763,2.7119811144795745,0.0,5.327070693791236,0.0,1-136268,grid,-0.005431376397609711,0.0390443317592144,-0.0007510855793952942,0.008679176215082407,0.014542296887742775,0.02878338240050547,,,,,,,,
85,8614-12704,0.03349335116858155,strict,2930,0.3397163858098379,0.17578125,0.1788330078125,1.0,1.32,2.651556248271915,2.200098604830541,0.0,4.419458486706622,0.0,1-136307,grid,0.026672493666410446,-0.003226861357688904,0.01090144319459796,-0.017257704865187407,0.01369634701628282,0.013963970267676866,0.32818276,0.3414347,0.33038253,0.9935682,0.32820016,0.3413358,0.330464,0.9936865
86,11836-9102,0.046364567832242416,strict,3448,0.24922496061224514,0.17578125,0.21044921875,1.0,1.32,2.6023042273617563,2.9989353579280924,0.0,5.912228908727966,0.0,1-1363,grid,-0.024494163691997528,0.04880019277334213,-0.02418777672573924,0.004662203835323453,0.02176800278122756,0.030113602599232816,,,,,,,,
87,10220-12704,0.04389076705295872,strict,2506,0.2624948240729759,0.17578125,0.1529541015625,0.87457275390625,1.32,2.457680912389829,2.8473306058427714,0.0,5.301386425184201,0.0,1-136450,grid,-0.023177072405815125,0.01839769259095192,-0.002950434572994709,-0.0008334137964993715,0.019159014448691516,0.02384350313245592,,,,,,,,
88,8247-12703,0.05333468148064925,strict,8601,0.21846117170918825,0.17578125,0.52496337890625,1.0,1.32,2.773511143111904,3.4212466252503524,0.0,7.188534574595338,0.0,1-137797,grid,0.01293148472905159,0.04821909964084625,0.014936842489987612,0.0036091760266572237,0.011334092811720552,0.04336982870763987,,,,,,,,
89,8252-3701,0.02726704165650184,strict,779,0.4141658021792684,0.17578125,0.04754638671875,0.9442138671875,1.32,2.6098441920804163,1.804614341709429,0.0,3.5680017111025584,0.0,1-138034,grid,0.010228514671325684,0.01149248331785202,0.013984238263219595,0.01693450240418315,0.013500765190483743,0.006740692072786358,,,,,,,,
90,12490-9101,0.029239214669437005,strict,977,0.3871520077575319,0.17578125,0.05963134765625,1.0,1.32,2.3735889463902105,1.9305325336873642,0.0,3.471432335308344,0.0,1-138276,grid,-0.03149139881134033,-0.00508374348282814,-0.005620148964226246,0.0018707369454205036,0.02049281892181299,0.01769567508486097,,,,,,,,
91,12490-12702,0.03927932300794701,strict,1101,0.2916964540422072,0.17578125,0.06719970703125,1.0,1.32,2.357351360394594,2.5622853349809707,0.0,4.575914257679173,0.0,1-138298,grid,-0.014843575656414032,0.028279557824134827,0.006104452535510063,0.011268494185060263,0.00999147435973514,0.022286286568750993,,,,,,,,
92,11834-3701,0.04336268024618806,strict,1443,0.26552380638079753,0.17578125,0.08807373046875,0.45159912109375,1.32,2.5205382187572827,2.8148494729938087,0.0,5.374951270249766,0.0,1-14130,grid,-0.007141686975955963,-0.0057601407170295715,-0.011403024196624756,-0.012270138133317232,0.014541584837018388,0.016864483119313104,,,,,,,,
93,11958-3703,0.024379154244608212,strict,542,0.4616104677160865,0.17578125,0.0330810546875,0.24749755859375,1.32,2.597461580379009,1.6191347439677046,0.0,3.1860911294794816,0.0,1-144889,grid,0.031055860221385956,-0.04831681400537491,0.014772448688745499,-0.0022921431809663773,0.016745312254378975,0.03618285049534754,,,,,,,,
94,11958-9102,0.07656104696411492,strict,7722,0.15641456517865307,0.17578125,0.4713134765625,1.0,1.32,2.6128054627931085,4.7783884167348765,0.0,9.45833284741833,0.0,1-144990,grid,0.023852478712797165,0.058655865490436554,0.03056041384115815,0.0163407688960433,0.01945182140400173,0.04363094910656428,,,,,,,,
95,8149-12703,0.04632167076670759,strict,4120,0.24944298320724498,0.17578125,0.25146484375,1.0,1.32,2.6075279383322814,2.996314175080752,0.0,5.9189188814728055,0.0,1-146001,grid,0.004768557846546173,0.0438026562333107,0.006475931964814663,0.028050721157342196,0.004214139142323177,0.02330132544596435,,,,,,,,
96,8148-6104,0.021674433112542028,strict,926,0.5175140854719491,0.17578125,0.0565185546875,0.47125244140625,1.32,2.3977750542287306,1.4442303454923255,0.0,2.623439011349727,0.0,1-146104,grid,0.016976259648799896,-0.0483623743057251,0.010279517155140638,-0.0027824919670820236,0.009650820117620359,0.029587911060157936,,,,,,,,
97,8986-1901,0.07345631222093851,strict,3283,0.16243335970498932,0.17578125,0.20037841796875,1.0,1.32,2.541740915125802,4.601330341351923,0.0,8.860143630775722,0.0,1-146171,grid,-0.02744211256504059,0.04063548892736435,0.004658258520066738,0.016080473084002733,0.02182230666010576,0.01927488984264237,,,,,,,,
98,9504-12701,0.0802960226701253,strict,11434,0.1497919657670402,0.17578125,0.6978759765625,1.0,1.32,2.4834116590759763,4.989650430388811,0.0,9.387390949652296,0.0,1-146283,grid,-0.03340653330087662,0.010292734950780869,0.006790158338844776,0.0005082362331449986,0.035733203522744415,0.0065741571599121475,,,,,,,,
99,8938-6102,0.04526916915877609,strict,808,0.2549218145448695,0.17578125,0.04931640625,0.36700439453125,1.32,2.6778833442158487,2.9319167831623303,0.0,5.947978121407056,0.0,1-146344,grid,0.01566239446401596,0.003908466547727585,4.687486216425896e-05,-0.003728108014911413,0.01961048472253972,0.01319935545672963,,,,,,,,
100,8937-12703,0.04572776985939118,strict,1926,0.25250352626304656,0.17578125,0.1175537109375,1.0,1.32,2.441856575799928,2.9599964702262462,0.0,5.475671852398889,0.0,1-146380,grid,-0.014827482402324677,-0.0029183775186538696,-0.016385724302381277,-0.0054819174110889435,0.010308427530355848,0.01240035509702883,,,,,,,,
101,8938-12704,0.03635755554429405,strict,2014,0.31403413876386926,0.17578125,0.1229248046875,1.0,1.32,2.7126539214601886,2.380026418147791,0.0,4.891051512399583,0.0,1-146440,grid,0.04705679789185524,0.011899836361408234,0.02044545393437147,0.0025222585536539555,0.014142934379463302,0.02728071819900218,,,,,,,,
102,8938-12703,0.0753202150684668,strict,11707,0.15876038103747278,0.17578125,0.71453857421875,1.0,1.32,2.662131176934762,4.70778377813218,0.0,9.494498462146515,0.0,1-146465,grid,-0.01697610318660736,0.0028580091893672943,0.011733777821063995,-0.008743322920054197,0.031112603423940184,0.010682296200929767,,,,,,,,
103,8456-12703,0.023937536569938488,strict,2351,0.46987511009664373,0.17578125,0.14349365234375,0.9853515625,1.32,2.6553277682752006,1.5906557517051096,0.0,3.199782111567606,0.0,1-147485,grid,0.010042693465948105,-0.017558977007865906,-0.0024879304692149162,0.00993327354080975,0.00888589635230309,0.016058956432990837,,,,,,,,
104,8453-1902,0.024152636898552328,strict,398,0.4658118598379679,0.17578125,0.0242919921875,0.2449951171875,1.32,2.4989252768127668,1.6045309510116028,0.0,3.037577993114637,0.0,1-147488,grid,0.006856150925159454,-0.026916280388832092,0.0021935156546533108,-0.007638704031705856,0.009599114476494131,0.028765661791045595,,,,,,,,
105,8453-3702,0.025302438655131553,strict,754,0.4452639476701855,0.17578125,0.0460205078125,0.46844482421875,1.32,2.4652591589326973,1.6785763823212494,0.0,3.1349437882466464,0.0,1-147521,grid,-0.011149853467941284,0.019260551780462265,-0.018430403899401426,-0.0017907186411321163,0.010327252311518985,0.02781438521555038,,,,,,,,
106,8452-12702,0.042573565040638174,strict,2179,0.27019011510337554,0.17578125,0.13299560546875,1.0,1.32,2.4598718242095963,2.7662357158119457,0.0,5.154988860945506,0.0,1-147685,grid,0.007121749222278595,0.01636054366827011,0.014915273990482092,0.002955964533612132,0.020251605928990203,0.016115075572625297,,,,,,,,
107,8453-6104,0.04037576168300221,strict,1277,0.28414853170851756,0.17578125,0.07794189453125,0.515625,1.32,2.38432907210102,2.630348085785635,0.0,4.751223795972695,0.0,1-147787,grid,-0.013706982135772705,0.030736183747649193,-0.014338221400976181,-0.00840908708050847,0.010747059607099712,0.025122347620491866,,,,,,,,
108,8453-12703,0.06320269655624833,strict,10126,0.1865203527311797,0.17578125,0.6180419921875,1.0,1.32,2.454013638437964,4.007120593083444,0.0,7.4496428684033305,0.0,1-147863,grid,-0.05166877806186676,0.022610630840063095,-0.028507028706371784,0.009693358093500137,0.014060087100676653,0.024040067094168126,,,,,,,,
109,8452-12703,0.060963193134906196,strict,14574,0.19286105901927453,0.17578125,0.8895263671875,1.0,1.32,2.532676081381982,3.8753782140312834,0.0,7.43566493104989,0.0,1-148068,grid,0.04115501791238785,0.009426817297935486,0.01678222231566906,-0.012752875685691833,0.013629195318878944,0.018331315067065816,,,,,,,,
110,8994-6103,0.044594068127408334,strict,829,0.25857231738702463,0.17578125,0.05059814453125,0.62042236328125,1.32,2.791623018192729,2.890524221661339,0.0,6.113071175631375,0.0,1-148527,grid,0.0016171187162399292,0.01595792919397354,0.007001586724072695,-0.005461349617689848,0.010563161766523582,0.036079402866099244,,,,,,,,
111,8994-12701,0.024818937916476092,strict,2741,0.45367249085992806,0.17578125,0.16729736328125,0.9820556640625,1.32,2.7430139576496577,1.6474649918525954,0.0,3.4234995965082184,0.0,1-148581,grid,0.0023153498768806458,-0.013075627386569977,-0.0018018558621406555,-0.0007862430065870285,0.007746280611028182,0.013057582040967686,,,,,,,,
112,8999-6103,0.06701650238268933,strict,6031,0.17669896456683332,0.17578125,0.36810302734375,1.0,1.32,2.4686482414886384,4.229846780882541,0.0,7.910608952569744,0.0,1-148615,grid,0.07970882952213287,-0.01958335191011429,0.07368917670100927,-0.037804629653692245,0.013040225540495368,0.01997611987824871,,,,,,,,
113,8994-12705,0.031943348800606425,strict,4519,0.35553605670370975,0.17578125,0.27581787109375,1.0,1.32,2.7738726060074113,2.1022046354110318,0.0,4.417612007870044,0.0,1-148691,grid,0.03632410615682602,-0.0229593887925148,0.01716273743659258,-0.022779997903853655,0.014270842413323536,0.010602300375871678,,,,,,,,
114,8948-12701,0.021934133509292443,strict,2111,0.5115479109209385,0.17578125,0.12884521484375,1.0,1.32,2.474248855822282,1.461074379353321,0.0,2.7386830389289427,0.0,1-149054,grid,-0.006765410304069519,-0.006983421742916107,0.004802416078746319,0.0048963939771056175,0.009883220422759487,0.017314681285446807,,,,,,,,
115,8997-1902,0.0276203421962474,strict,118,0.4090427589175255,0.17578125,0.0072021484375,0.19384765625,1.32,2.61881837610291,1.8272161776832645,0.0,3.6251115933556455,0.0,1-149193,grid,0.005849786102771759,0.02383599430322647,-0.001670274417847395,0.0034810942597687244,0.007606988048055907,0.009517967799473753,,,,,,,,
116,8947-6103,0.0464368709427016,strict,2960,0.2488583952933484,0.17578125,0.1806640625,0.66827392578125,1.32,2.398521991564363,3.0033527523846217,0.0,5.457278503802934,0.0,1-149235,grid,-0.0026043057441711426,0.03758889064192772,0.003038516268134117,0.002052663592621684,0.011197723603307431,0.020457537777094924,,,,,,,,
117,8997-6103,0.027505542020864464,strict,725,0.41069298375423463,0.17578125,0.04425048828125,0.64056396484375,1.32,2.5177394724611823,1.8198741542308894,0.0,3.471188631075014,0.0,1-149384,grid,-0.01350449025630951,0.007474910467863083,-0.012314926367253065,-0.007956647779792547,0.020363376917167324,0.015787284796801488,,,,,,,,
118,8997-12704,0.04832967383438117,strict,4883,0.23965265864238353,0.17578125,0.29803466796875,1.0,1.32,2.632058994943917,3.118720028779667,0.0,6.218678109440358,0.0,1-149454,grid,0.05263616144657135,0.05380844697356224,0.060179647989571095,0.015886512119323015,0.012942606447716113,0.03248111259123573,,,,,,,,
119,8992-6103,0.048555574179494444,strict,3616,0.2386019588423033,0.17578125,0.220703125,0.72509765625,1.32,2.6793420894573514,3.1324535225307,0.0,6.358268610746549,0.0,1-149471,grid,-0.007719606161117554,0.025194590911269188,-0.009112500585615635,-0.013171709841117263,0.010119068455434282,0.032297546883115355,,,,,,,,
120,8992-6101,0.03370285148864012,strict,2357,0.33768984724815426,0.17578125,0.14385986328125,1.0,1.32,2.6805529414708182,2.213301799118224,0.0,4.494600490900764,0.0,1-149536,grid,-0.03376498818397522,-0.006796389818191528,-0.00334349786862731,0.01078889425843954,0.01619135066477445,0.008624916786696397,,,,,,,,
121,8992-12702,0.03286245020473928,strict,3703,0.34597534663485324,0.17578125,0.22601318359375,1.0,1.32,2.695354590102225,2.1602971244281273,0.0,4.411186947206052,0.0,1-149556,grid,-0.020413480699062347,-0.0023055821657180786,-0.011329626198858023,-0.01778136659413576,0.007120456401891262,0.021321744516641282,,,,,,,,
122,8997-6102,0.08010852238367668,strict,8693,0.15010967404864434,0.17578125,0.53057861328125,1.0,1.32,2.5758216146615256,4.979089796811454,0.0,9.716096303005761,0.0,1-149631,grid,0.03268367052078247,0.018839243799448013,0.036738196387887,-0.0010751951485872269,0.023844856247470323,0.038765610414782985,,,,,,,,
123,8992-12701,0.049120075041895715,strict,3143,0.23601865501794528,0.17578125,0.19183349609375,1.0,1.32,2.663964008903849,3.166739283390417,0.0,6.390969300404574,0.0,1-149650,grid,0.0460469014942646,0.032798998057842255,0.027796341571956873,-0.0028425396885722876,0.014140576650349613,0.02525784150849952,,,,,,,,
124,8996-12705,0.04764027278116694,strict,7723,0.24292083244329235,0.17578125,0.47137451171875,1.0,1.32,2.333627125196589,3.0767618361128988,0.0,5.439405211002062,0.0,1-149686,grid,-0.033853307366371155,0.031520262360572815,-0.006107796914875507,0.009256513323634863,0.025346631196576933,0.018968575304337165,,,,,,,,
125,8991-3701,0.05818338888813377,strict,1163,0.20141138489564192,0.17578125,0.07098388671875,0.78021240234375,1.32,2.3962628864486164,3.710860470204087,0.0,6.736513046620693,0.0,1-149720,grid,0.01370740681886673,0.04712584242224693,-0.0038863597437739372,0.014028115198016167,0.011534658178625626,0.03235805570795644,,,,,,,,
126,8991-12705,0.056302186014175824,strict,10414,0.20767733892979057,0.17578125,0.6356201171875,1.0,1.32,2.4216743204247293,3.598897936143985,0.0,6.602544480143518,0.0,1-150245,grid,-0.006741136312484741,0.04953641816973686,0.014139896724373102,0.004892117343842983,0.01521329920514006,0.0344964567905904,,,,,,,,
127,11957-12702,0.028289840219055295,strict,2468,0.39968576402081063,0.17578125,0.150634765625,1.0,1.32,2.9266145516338056,1.8699929137815938,0.0,4.146021570397963,0.0,1-150906,grid,0.011640533804893494,-0.012299276888370514,0.01883507799357176,-0.007208069320768118,0.01217184615054559,0.027076203207757926,,,,,,,,
128,10508-12702,0.02942304495027886,strict,2995,0.384818556372798,0.17578125,0.18280029296875,1.0,1.32,2.7191434203124607,1.9422388397877448,0.0,4.000928759003147,0.0,1-150962,grid,-0.010645724833011627,0.0015611089766025543,0.01302303560078144,0.0051625980995595455,0.02354933679892371,0.013411957579165029,,,,,,,,
129,10508-12701,0.06210499487926362,strict,14074,0.18957106019054049,0.17578125,0.8590087890625,1.0,1.32,2.611734664418864,3.942635261453233,0.0,7.800846349619348,0.0,1-150991,grid,-0.027046725153923035,0.03923153132200241,0.008974471129477024,0.0059634477365761995,0.015843436283285574,0.041472195296457744,,,,,,,,
130,11872-6104,0.08257565615277505,strict,10387,0.14604492685376577,0.17578125,0.63397216796875,1.0,1.32,2.4429335038374127,5.117668669221742,0.0,9.471306252712742,0.0,1-151055,grid,-0.049738578498363495,0.04047241806983948,-0.01799249928444624,0.010212904773652554,0.03728561581523683,0.0511404349646123,,,,,,,,
131,11957-6103,0.02859528268568695,strict,644,0.3955624433196886,0.17578125,0.039306640625,0.793212890625,1.32,2.880194967518456,1.8894856149279347,0.0,4.122793150995417,0.0,1-151307,grid,-0.03400157392024994,0.059107061475515366,-0.025045777671039104,0.008555152453482151,0.011653742313198887,0.033532806316852584,,,,,,,,
132,11956-12702,0.03999317109850956,strict,3969,0.2867352625107298,0.17578125,0.24224853515625,1.0,1.32,2.6557879865693383,2.606618871755718,0.0,5.244414458464968,0.0,1-151624,grid,0.014341495931148529,-0.013906367123126984,0.02363734133541584,-0.009073980618268251,0.013702589974512748,0.01929208875697705,,,,,,,,
133,11957-12703,0.05210751460587751,strict,4147,0.2232800253023364,0.17578125,0.25311279296875,1.0,1.32,2.814097129343638,3.3474089115058745,0.0,7.136313491369692,0.0,1-151637,grid,0.05139157176017761,0.03172438591718674,0.03626383934170008,-0.014318710193037987,0.011559081527720937,0.03450849053912182,,,,,,,,
134,11019-12701,0.1197269229096404,strict,15479,0.10513766738439893,0.17578125,0.94476318359375,1.0,1.32,2.390024072412246,7.108865595483089,0.0,12.871484773293787,0.0,1-151896,grid,-0.0681958943605423,0.05029377341270447,-0.03946402668952942,0.0034905129577964544,0.02434388673133088,0.03934940951949903,,,,,,,,
135,11831-12701,0.037519780319852196,strict,3710,0.3047317215196614,0.17578125,0.2264404296875,1.0,1.32,2.371645431903323,2.4526804847590347,0.0,4.406733687573629,0.0,1-152017,grid,0.0018424466252326965,0.008900318294763565,0.017912188544869423,-0.002891631331294775,0.0265808361355574,0.01208294819524884,,,,,,,,
136,11019-12703,0.05483898677881188,strict,4603,0.21284855673392797,0.17578125,0.28094482421875,1.0,1.32,2.424795715937603,3.5114616604734596,0.0,6.450437265905443,0.0,1-152053,grid,0.0733969509601593,0.018963638693094254,0.06120248232036829,-0.01553844753652811,0.013302707318460347,0.04602344061533075,,,,,,,,
137,11019-3703,0.05471540059000637,strict,1836,0.21329801358210795,0.17578125,0.112060546875,0.6986083984375,1.32,2.4170885548667513,3.504062386265902,0.0,6.416385673774537,0.0,1-152056,grid,0.03356904536485672,0.047929733991622925,0.006437275558710098,0.00883415900170803,0.01573509566760902,0.03237105766146564,,,,,,,,
138,11830-9102,0.05583483330019006,strict,9398,0.2092995596267899,0.17578125,0.5736083984375,1.0,1.32,2.4021309294470488,3.571003913199974,0.0,6.498499203844015,0.0,1-152118,grid,0.02873297780752182,0.051930077373981476,0.020621818490326405,0.014463766478002071,0.011033008006640555,0.03980152572801634,,,,,,,,
139,8146-12702,0.0625398955436716,strict,11866,0.18834956727545618,0.17578125,0.7242431640625,1.0,1.32,2.4416979000846593,3.968204213419995,0.0,7.340269617435378,0.0,1-152596,grid,-0.02178391069173813,0.032652124762535095,0.012454294599592686,0.00403548963367939,0.025325777771036742,0.030146681937154,,,,,,,,
140,8144-9102,0.023585636032331752,strict,1578,0.4766823550683458,0.17578125,0.0963134765625,0.792236328125,1.32,2.5151396914879762,1.5679404503049752,0.0,2.9875676215542217,0.0,1-152666,grid,0.01723974198102951,0.015981677919626236,0.0022598886862397194,-0.006007297430187464,0.014078191663561097,0.022863498097034404,,,,,,,,
141,8936-9102,0.06265129571386027,strict,3104,0.18803941278547373,0.17578125,0.189453125,0.99530029296875,1.32,2.3820535385249846,3.97474941761803,0.0,7.172777208323598,0.0,1-152777,grid,-0.0006796345114707947,0.013308383524417877,0.01766413077712059,0.015607379842549562,0.021016060634499623,0.011290860363595757,,,,,,,,
142,8977-9101,0.02795324270482735,strict,1126,0.4043340567716874,0.17578125,0.0687255859375,0.94976806640625,1.32,2.468113139211537,1.8484951587452672,0.0,3.4562842341425077,0.0,1-153028,grid,-0.006395556032657623,0.004959002137184143,-0.020844161044806242,-0.003205547109246254,0.012891001622522795,0.012020326022653566,,,,,,,,
143,8977-9102,0.06755540320598082,strict,7465,0.17540072536498216,0.17578125,0.45562744140625,0.9871826171875,1.32,2.5142434825529074,4.261154250662606,0.0,8.116347956728086,0.0,1-153082,grid,-0.03763002157211304,-0.0031064078211784363,-0.014143340289592743,-0.00014864839613437653,0.028471932327323413,0.01930879922756293,,,,,,,,
144,10220-12702,0.038206558369059215,strict,3292,0.2995009158989425,0.17578125,0.200927734375,1.0,1.32,2.504982100688011,2.4955167306082253,0.0,4.73577631980384,0.0,1-153142,grid,0.014751352369785309,0.016290538012981415,-0.004269886761903763,-0.021708077751100063,0.016670729046262545,0.02769913162118459,,,,,,,,
145,9484-6101,0.01790002734629343,strict,669,0.6237696099905935,0.17578125,0.04083251953125,0.83563232421875,1.32,2.431525718685759,1.1982141074002772,0.0,2.207188195936268,0.0,1-153153,grid,0.004864770919084549,0.020450402051210403,-0.008915792685002089,0.021430015563964844,0.010691799408649817,0.02487932991072145,,,,,,,,
146,9484-9101,0.03211584906413913,strict,3562,0.3536999389369906,0.17578125,0.2174072265625,1.0,1.32,2.4296961954363683,2.1131175445055543,0.0,3.889570953329534,0.0,1-153293,grid,0.004262998700141907,0.01920194923877716,0.01616354938596487,0.007619361625984311,0.00942314328038321,0.017037522936623226,,,,,,,,
147,9484-12704,0.0547408836289374,strict,4925,0.21320517089494934,0.17578125,0.30059814453125,1.0,1.32,2.4829811898921275,3.505588271245834,0.0,6.594174043189292,0.0,1-153332,grid,-0.012188643217086792,0.011174019426107407,-0.0199795956723392,-0.013564419467002153,0.011873800523723829,0.03176771686419737,,,,,,,,
148,10214-9102,0.14678222424266157,strict,3335,0.0884242512789094,0.17578125,0.20355224609375,1.0,1.32,2.7039732973274986,8.452540288984807,0.0,17.31472972424225,0.0,1-153556,grid,0.0030879974365234375,-0.009159974753856659,-0.006137561518698931,-0.013153801672160625,0.02360608332006628,0.00934746797510713,,,,,,,,
149,10214-12703,0.03301905044398116,strict,607,0.3443994425270946,0.17578125,0.03704833984375,1.0,1.32,2.8705277384541503,2.170182219152396,0.0,4.719369892103739,0.0,1-153608,grid,0.015574507415294647,0.01640165224671364,0.007738060317933559,-0.00019393907859921455,0.008383584564278311,0.03152480237972702,,,,,,,,
150,10215-9102,0.0414319632965863,strict,858,0.27725557587864147,0.17578125,0.0523681640625,0.833740234375,1.32,2.421416479665486,2.695742165291743,0.0,4.945086745429201,0.0,1-153613,grid,0.018157988786697388,0.030669890344142914,0.007087883539497852,-0.014163634739816189,0.015247158391482775,0.027540277322962558,,,,,,,,
151,9485-12705,0.03231354936617054,strict,5009,0.3516197052329089,0.17578125,0.30572509765625,0.93017578125,1.32,2.4803251109643463,2.1256190575645424,0.0,3.9941108521376525,0.0,1-153627,grid,0.007145058363676071,-0.026032917201519012,-0.002222317736595869,-0.023920214734971523,0.012872447785654578,0.006898355001295109,,,,,,,,
152,8439-12702,0.026928841139824942,strict,3337,0.4191958504468677,0.17578125,0.20367431640625,0.99365234375,1.32,2.476834928703088,1.7829602694338478,0.0,3.3455289938057744,0.0,1-155926,grid,0.005379006266593933,0.001601625233888626,-0.0015994696877896786,-0.010595414554700255,0.008977084322306319,0.011174450794542181,,,,,,,,
153,8439-12704,0.06403759783174669,strict,7675,0.18427013527377664,0.17578125,0.46844482421875,1.0,1.32,2.5175144562312184,4.056053604930854,0.0,7.735737564895586,0.0,1-156137,grid,-0.05902957171201706,0.048823293298482895,-0.05638647126033902,0.030803459230810404,0.015972160117366883,0.015199141808432902,,,,,,,,
154,12510-9102,0.03604462306621971,strict,4097,0.316641397061537,0.17578125,0.25006103515625,1.0,1.32,2.365623647177196,2.3604290323196255,0.0,4.23021722449916,0.0,1-159093,grid,0.014925826340913773,0.014900505542755127,-0.0003909110091626644,-0.002946646884083748,0.01063882574708446,0.01600129736261815,,,,,,,,
155,9498-12703,0.05003887644557026,strict,2261,0.23193872036372562,0.17578125,0.13800048828125,0.98797607421875,1.32,2.6986074029158145,3.222444037313876,0.0,6.587963132255417,0.0,1-163668,grid,0.011949755251407623,-0.03320799022912979,0.0023466139100492,-0.025526842568069696,0.017324961589820838,0.023349871062240207,,,,,,,,
156,9499-3701,0.05027527680672466,strict,972,0.23091312600892183,0.17578125,0.059326171875,0.59088134765625,1.32,2.849109581430567,3.236756434666344,0.0,6.9862680081552435,0.0,1-163709,grid,0.006811514496803284,0.009945020079612732,0.0043513039126992226,-0.02609063172712922,0.02044218291121149,0.02710862635218145,,,,,,,,
157,8940-9101,0.07411991323473742,strict,11104,0.16110446009784515,0.17578125,0.677734375,1.0,1.32,2.5380174149612564,4.639285256313615,0.0,8.920141495073446,0.0,1-163959,grid,-0.038807667791843414,-0.0030345916748046875,-0.0031865211203694344,0.010883703827857971,0.02380385336931804,0.023398914380173306,,,,,,,,
158,9499-9101,0.0273569417938444,strict,1616,0.41284964837816346,0.17578125,0.0986328125,0.9615478515625,1.32,2.9293967617742602,1.8103674046821114,0.0,4.017639706740491,0.0,1-164052,grid,-0.014607556164264679,0.019214186817407608,-0.0012960820458829403,0.00667164009064436,0.007959416809584308,0.009793337922961585,,,,,,,,
159,8147-6103,0.06161439412976131,strict,7892,0.1909697219346364,0.17578125,0.481689453125,1.0,1.32,2.724895207233097,3.91375941110767,0.0,8.07923050120509,0.0,1-164053,grid,-0.017827019095420837,0.0005706548690795898,-0.01626338390633464,-0.0051134813111275434,0.009110593442236406,0.01329033239483246,,,,,,,,
160,8986-12705,0.02292173501807453,strict,1479,0.49009425373335297,0.17578125,0.09027099609375,0.96575927734375,1.32,2.507117402879196,1.5250322581111988,0.0,2.8965416017142003,0.0,1-164063,grid,-0.0005395710468292236,-0.02005186676979065,-0.010112878866493702,-0.005292731802910566,0.009527946236948266,0.019360839709939508,,,,,,,,
161,9504-3701,0.04896437480402879,strict,1019,0.23672522639460292,0.17578125,0.06219482421875,0.42388916015625,1.32,2.385962272571353,3.1572872812989665,0.0,5.706945709733872,0.0,1-164336,grid,-0.004489675164222717,0.04255030304193497,-0.007278015837073326,0.008850069250911474,0.015441636321623353,0.031115894423621584,,,,,,,,
162,8459-6101,0.04638057085669064,strict,3716,0.2491437292552749,0.17578125,0.226806640625,0.77203369140625,1.32,2.647918106828278,2.999913137257794,0.0,6.017821450800709,0.0,1-167080,grid,0.029857341200113297,0.047138288617134094,0.016316394321620464,-0.0062689948827028275,0.011723211716816537,0.029374047664881203,,,,,,,,
163,8453-12705,0.024247037042769655,strict,2723,0.46405140520650645,0.17578125,0.16619873046875,1.0,1.32,2.443613249304874,1.6106180006624375,0.0,2.981611731808832,0.0,1-167564,grid,-0.021184474229812622,0.026383619755506516,-0.006571408361196518,0.019918353762477636,0.012340945649378517,0.011527524264673837,,,,,,,,
164,8454-9102,0.025019238222479583,strict,1374,0.45014963754323745,0.17578125,0.0838623046875,0.91400146484375,1.32,2.645818860260132,1.6603579879290884,0.0,3.328035211550261,0.0,1-167627,grid,-0.033719345927238464,-0.012236043810844421,-0.027692454401403666,-0.021412483882158995,0.01599910663125577,0.0142593360768687,,,,,,,,
165,8452-6102,0.0424731648872545,strict,3407,0.27079625734583784,0.17578125,0.20794677734375,1.0,1.32,2.509981399173771,2.760043856528528,0.0,5.248226318780641,0.0,1-172948,grid,0.010326839983463287,0.033211320638656616,0.0039062253199517727,0.02000217931345105,0.006727372339397363,0.014362685907783479,,,,,,,,
166,8452-6104,0.04274826530753189,strict,2591,0.2691421950967166,0.17578125,0.15814208984375,0.706787109375,1.32,2.447069030019433,2.777006207405403,0.0,5.148125671449609,0.0,1-172987,grid,0.0030286312103271484,0.023494534194469452,0.002158684190362692,-0.002515302039682865,0.009738694800303645,0.01744641395594244,,,,,,,,
167,8452-3704,0.025059938284658027,strict,748,0.4494406961561263,0.17578125,0.045654296875,0.620361328125,1.32,2.530439193595448,1.6629770130977717,0.0,3.1879259181749173,0.0,1-173030,grid,-0.005787178874015808,-0.013109587132930756,-0.00416561309248209,-0.0013333787210285664,0.009449947079132777,0.01514915102452588,,,,,,,,
168,8998-12702,0.028043242842322673,strict,2343,0.40308025460276226,0.17578125,0.14300537109375,1.0,1.32,2.6520125387345286,1.8542449994105372,0.0,3.7253643850928353,0.0,1-173605,grid,-0.009459234774112701,-0.03944897651672363,0.008632445242255926,-0.009084003046154976,0.017066530459142117,0.020612250198219884,,,,,,,,
169,10509-6103,0.025135338399848557,strict,893,0.4481333933728682,0.17578125,0.05450439453125,0.62322998046875,1.32,2.357814270507958,1.667828279506093,0.0,2.9791131198304557,0.0,1-173676,grid,0.0014008954167366028,-0.006726115942001343,0.00034885574132204056,-0.004873267374932766,0.008806301455804228,0.016591148366673393,,,,,,,,
170,10509-6104,0.024334037175681805,strict,1191,0.46244104943051373,0.17578125,0.07269287109375,0.585693359375,1.32,2.340089451281178,1.6162266463557182,0.0,2.8652385803155838,0.0,1-173966,grid,-0.003416597843170166,0.00014381110668182373,0.0020754081197082996,-0.013905114959925413,0.011674773903587567,0.01673140166512367,,,,,,,,
171,8990-12704,0.05184007919731014,strict,2370,0.22436050024775636,0.17578125,0.1446533203125,1.0,1.32,2.2265336735940022,3.3312884649167307,0.0,5.619110563327554,0.0,1-174895,grid,-0.019090622663497925,0.03129759430885315,-0.047904882580041885,-0.013478466309607029,0.015913689506417413,0.045377562725402186,,,,,,,,
172,8989-3701,0.05720638739554558,strict,2280,0.20461410989168538,0.17578125,0.13916015625,0.7576904296875,1.32,2.486317968825489,3.6527761787979682,0.0,6.880275037456889,0.0,1-174979,grid,-0.015358299016952515,0.022141657769680023,-0.013410668820142746,-0.003654270898550749,0.004782652579752349,0.03425058969633121,,,,,,,,
173,8989-6104,0.07850251993014891,strict,10700,0.152893262731529,0.17578125,0.653076171875,1.0,1.32,2.5008883284350936,4.888440033951675,0.0,9.261698958458027,0.0,1-175200,grid,0.03720308095216751,0.059109725058078766,0.053409161511808634,0.0008445063140243292,0.025803399651638484,0.04188683090641778,,,,,,,,
174,10508-3701,0.08353932762499866,strict,852,0.14452257689399872,0.17578125,0.052001953125,1.0,1.32,2.6149693352577117,5.171576389801656,0.0,10.245086116874326,0.0,1-175599,grid,-0.043688446283340454,0.03703688830137253,-0.020911136642098427,0.00499624153599143,0.023838241378255087,0.046013137796666215,,,,,,,,
175,11833-9102,0.029377208880254014,strict,2351,0.3853976431593802,0.17578125,0.14349365234375,1.0,1.32,2.5189614215776674,1.9393204907306836,0.0,3.700813257746714,0.0,1-175928,grid,-0.0026739686727523804,0.030566450208425522,0.001974374521523714,0.03302284888923168,0.015392434126705387,0.0104491063751661,,,,,,,,
176,11833-6102,0.04543457941147723,strict,3824,0.254043942405173,0.17578125,0.2333984375,1.0,1.32,2.514110887285987,2.9420482904735414,0.0,5.603511846970194,0.0,1-176074,grid,-0.027926146984100342,0.013163790106773376,-0.006272841710597277,0.005525628570467234,0.018024282562790456,0.023507583076514793,,,,,,,,
177,11832-1901,0.02968585035177286,strict,346,0.38153283851319747,0.17578125,0.0211181640625,0.28643798828125,1.32,2.3828451249671385,1.9589651820558682,0.0,3.536295934880446,0.0,1-176205,grid,0.006874453276395798,0.0007436200976371765,-0.014346158597618341,-0.00027303723618388176,0.01104824149080767,0.015831998761002015,,,,,,,,
178,11832-3704,0.03109738350820531,strict,1143,0.364835643925601,0.17578125,0.06976318359375,0.581787109375,1.32,2.3678971016981287,2.04861986185405,0.0,3.674940176791988,0.0,1-176264,grid,0.021845772862434387,-0.03161855787038803,0.015961059369146824,-0.012307069264352322,0.013083661581280668,0.02308386580204666,,,,,,,,
179,8613-9101,0.056245485927553775,strict,3687,0.20787271122554013,0.17578125,0.22503662109375,0.96820068359375,1.32,2.640411314597782,3.5955154577618655,0.0,7.192151285216404,0.0,1-176402,grid,-0.022198840975761414,0.056887801736593246,-0.033954139333218336,0.020642641931772232,0.007973440840783672,0.019740927966253784,,,,,,,,
180,8606-12705,0.056662186564157155,strict,5268,0.20644601235878646,0.17578125,0.321533203125,1.0,1.32,2.5387348269901318,3.6203632025566117,0.0,6.962986476275757,0.0,1-176546,grid,-0.027621380984783173,0.05225048214197159,-0.02907319739460945,0.020373522071167827,0.013085611608643619,0.021014555650821398,,,,,,,,
181,9883-12703,0.08262082622178243,strict,9981,0.14597277471069292,0.17578125,0.60919189453125,1.0,1.32,2.4665982534514463,5.1201982557336985,0.0,9.56778187493779,0.0,1-177034,grid,-0.026132486760616302,0.029654357582330704,0.009228687733411789,0.01132165640592575,0.03948163611354859,0.015678212539243837,,,,,,,,
182,8614-6101,0.07054340777082578,strict,8022,0.16856292359570327,0.17578125,0.4896240234375,1.0,1.32,2.56739301713346,4.434009155245512,0.0,8.624124350820576,0.0,1-177061,grid,-0.008900262415409088,-0.013548411428928375,0.0018405248410999775,-0.018561214674264193,0.017420565043602225,0.021923492498085253,,,,,,,,
183,9185-3702,0.030221246169709663,strict,308,0.37501591367158094,0.17578125,0.018798828125,0.55450439453125,1.32,2.355128327446336,1.9930075477086013,0.0,3.555900403350668,0.0,1-177250,grid,0.018375836312770844,0.009588640183210373,0.001870634499937296,0.009676296729594469,0.02568609921906729,0.014440472019769855,,,,,,,,
184,7958-3702,0.037047156597813824,strict,1851,0.3084441420744642,0.17578125,0.11297607421875,0.89788818359375,1.32,2.4145457812909665,2.423160126924568,0.0,4.432447774134999,0.0,1-177284,grid,-0.004075728356838226,0.023363232612609863,-0.00536092696711421,0.01732223411090672,0.013440092999659663,0.012635927002200576,,,,,,,,
185,7959-12701,0.033689551468321366,strict,3023,0.3378177514710199,0.17578125,0.18450927734375,1.0,1.32,2.3163888614812973,2.212463800980617,0.0,3.8825200795621773,0.0,1-177434,grid,0.049386441707611084,-0.059958018362522125,0.009080483112484217,-0.05152124725282192,0.027665279373433285,0.0095268922579646,,,,,,,,
186,7959-3703,0.030456146528572477,strict,155,0.3722290063339958,0.17578125,0.00946044921875,0.3812255859375,1.32,2.4329029340418247,2.0079293492449057,0.0,3.700831216005017,0.0,1-177495,grid,0.019655361771583557,0.011277470737695694,-0.005683878902345896,-0.000626751221716404,0.02961829828893671,0.007412436421147673,,,,,,,,
187,7959-3701,0.03298845039723275,strict,926,0.34470620121244205,0.17578125,0.0565185546875,0.63946533203125,1.32,2.512016901469355,2.168250944802906,0.0,4.126275015130149,0.0,1-177659,grid,0.018214266747236252,-0.0022929683327674866,0.003473227843642235,0.005683235824108124,0.009865898239153473,0.008913222480548958,,,,,,,,
188,7961-12702,0.028991844291523454,strict,2743,0.3903387213092484,0.17578125,0.16741943359375,1.0,1.32,2.7019817459855804,1.9147717242895765,0.0,3.91945321724225,0.0,1-177959,grid,-0.014680974185466766,0.030227649956941605,-0.013051963411271572,0.011831067502498627,0.011080086154953416,0.023283955296144854,,,,,,,,
189,9085-9101,0.054632183462873594,strict,3649,0.21360180348712854,0.17578125,0.22271728515625,0.96319580078125,1.32,2.3331922351341245,3.4990788198253036,0.0,6.184866312529299,0.0,1-177985,grid,-0.011337772011756897,0.03756852447986603,-0.007112118415534496,0.0025328565388917923,0.01466731027418973,0.026603759595062153,,,,,,,,
190,9186-3704,0.04488926857839302,strict,166,0.2569625487933054,0.17578125,0.0101318359375,0.485595703125,1.32,2.3748230634413723,2.9086322110678346,0.0,5.232944589327549,0.0,1-178027,grid,0.04159076511859894,0.0038430914282798767,0.006903135683387518,-0.004501909017562866,0.03402626527543238,0.02280497555553303,,,,,,,,
191,7961-9102,0.046372270844010514,strict,2524,0.24918585311854585,0.17578125,0.154052734375,0.9744873046875,1.32,2.5439875084103947,2.9994060140433856,0.0,5.7806450245283205,0.0,1-178052,grid,0.003645770251750946,0.017390981316566467,-0.007444975432008505,-0.0014324067160487175,0.011716637420394957,0.02577739004836631,,,,,,,,
192,9186-6101,0.03069814689828214,strict,2210,0.3694024805834044,0.17578125,0.1348876953125,1.0,1.32,2.467523706673702,2.023293252600524,0.0,3.782215201776314,0.0,1-178095,grid,0.011017240583896637,-0.007318221032619476,0.01322847232222557,-0.010298999957740307,0.008232602027338621,0.005527900445693718,,,,,,,,
193,9085-3702,0.04156296349671839,strict,822,0.27642507986331144,0.17578125,0.0501708984375,0.4207763671875,1.32,2.4177089365684075,2.703841296990426,0.0,4.952349444542778,0.0,1-178315,grid,0.009428251534700394,0.029886621981859207,-0.006161793135106564,0.0077291380148380995,0.01810943242632001,0.01889901058626848,,,,,,,,
194,9085-6101,0.06687670216911325,strict,5004,0.177039173572144,0.17578125,0.305419921875,0.99334716796875,1.32,2.3147000375712996,4.221718455738986,0.0,7.4030392940261205,0.0,1-178403,grid,0.03505094349384308,-0.0025553107261657715,0.018960624001920223,-0.018201089929789305,0.01192018252894466,0.010237133808471539,,,,,,,,
195,7962-12703,0.04774017293378676,strict,8604,0.2424413933825667,0.17578125,0.525146484375,1.0,1.32,2.4780193505787986,3.082846274847562,0.0,5.78738842722123,0.0,1-178586,grid,0.045559655874967575,0.0016653388738632202,0.02217511646449566,-0.017227850388735533,0.015387920343890015,0.025842832027942925,,,,,,,,
196,8623-6101,0.08493152975189866,strict,10877,0.14238441338055735,0.17578125,0.66387939453125,1.0,1.32,2.3900803199366374,5.249237108985112,0.0,9.504619930959398,0.0,1-178601,grid,-0.013063579797744751,0.0709688737988472,0.012454330921173096,0.007060108706355095,0.026775335056543097,0.040097596618224665,,,,,,,,
197,9191-6102,0.054280382925419625,strict,4563,0.2148963788980193,0.17578125,0.27850341796875,1.0,1.32,2.621052687997575,3.4779997238249742,0.0,6.906076155292629,0.0,1-178735,grid,0.014139901846647263,0.053288888186216354,0.009335148613899946,0.00015080999583005905,0.014573067716178828,0.049109677411938155,,,,,,,,
198,9191-6101,0.05633478606397969,strict,4477,0.2075651867311977,0.17578125,0.27325439453125,0.95367431640625,1.32,2.5930187470110275,3.6008425026794733,0.0,7.073524329153015,0.0,1-178745,grid,-0.0034528300166130066,0.042160697281360626,-0.001135434489697218,-0.011901915539056063,0.006656399419021402,0.03493522026146685,0.3353263,0.3364171,0.32825652,0.9945479,0.33538872,0.33631894,0.3282923,0.99451905
199,8651-3702,0.02461223760069515,strict,536,0.4573680363648788,0.17578125,0.03271484375,0.59820556640625,1.32,2.481939026494401,1.6341534323181914,0.0,3.072628165871436,0.0,1-178844,grid,-0.018117755651474,-0.025204330682754517,-0.008985533844679594,-0.017778341192752123,0.012431360088364847,0.02014015808071673,,,,,,,,
200,7963-3701,0.04744467248234376,strict,108,0.24386540518361188,0.17578125,0.006591796875,0.40045166015625,1.32,2.4315802880687922,3.0648445026286373,0.0,5.645769301960451,0.0,1-178906,grid,0.006377086043357849,0.04324190691113472,-0.004292440600693226,0.005819418001919985,0.010103278067442928,0.033400376657133385,,,,,,,,
201,9191-9102,0.029824945564271895,strict,3048,0.3798172451323253,0.17578125,0.18603515625,1.0,1.32,2.560000746286281,1.9678136157243378,0.0,3.8163669127322795,0.0,1-179069,grid,-0.018216021358966827,0.025724343955516815,0.005496625788509846,0.003954809159040451,0.014809431028424497,0.02089639522019234,,,,,,,,
202,7963-1902,0.02366873615928577,strict,365,0.4750565875094937,0.17578125,0.02227783203125,0.19140625,1.32,2.3754840666615338,1.5733063515162005,0.0,2.8313364924273667,0.0,1-179096,grid,0.01859152317047119,0.009817611426115036,0.0025497744791209698,0.01402151258662343,0.030153646478898843,0.022197264542326633,,,,,,,,
203,7964-12702,0.07954232151867828,strict,8624,0.15107817950631233,0.17578125,0.5263671875,1.0,1.32,2.343706211765197,4.947170722473989,0.0,8.783874812822123,0.0,1-179139,grid,-0.05802396684885025,0.049685727804899216,-0.035009408835321665,-0.002387820277363062,0.02058582019204818,0.04977923745104718,,,,,,,,
204,7963-3703,0.05263908041796312,strict,315,0.2211650564411787,0.17578125,0.01922607421875,0.64752197265625,1.32,2.4156622895788957,3.37941968991417,0.0,6.184497504231867,0.0,1-179173,grid,0.018318288028240204,0.05127403885126114,-0.0012904494069516659,0.015904929488897324,0.016630114055327737,0.03908162547683612,,,,,,,,
205,7963-9102,0.02318153541497772,strict,1682,0.48475434917754356,0.17578125,0.1026611328125,0.87158203125,1.32,2.4395558693250177,1.5418315435980872,0.0,2.849533478556943,0.0,1-179208,grid,0.00469522550702095,-0.028831258416175842,-0.006125076673924923,-0.014095510356128216,0.009283632965354302,0.011204019322399086,,,,,,,,
206,7963-12704,0.051703678988928324,strict,2575,0.2249158836110339,0.17578125,0.15716552734375,1.0,1.32,2.3292449242946573,3.3230625354626206,0.0,5.8638079877576095,0.0,1-179246,grid,-0.03485424816608429,0.009223472326993942,-0.02390438923612237,-0.0004145260900259018,0.014819258971945895,0.020658526400018435,,,,,,,,
207,7965-12702,0.046866271598707106,strict,5788,0.24670472390195897,0.17578125,0.353271484375,1.0,1.32,2.466859828002528,3.0295712811535798,0.0,5.6617634011726645,0.0,1-179321,grid,-0.06057228147983551,0.05173260346055031,-0.040000413078814745,0.014671595301479101,0.009342060574564139,0.03130875905955267,,,,,,,,
208,7964-9101,0.05807108871657016,strict,6033,0.20177403002973693,0.17578125,0.36822509765625,1.0,1.32,2.464538591151904,3.7041910019250084,0.0,6.916001267607439,0.0,1-179503,grid,0.0020809248089790344,0.030154168605804443,0.01773299789056182,0.006084096152335405,0.01990900926106615,0.03748871908940099,,,,,,,,
209,7964-12703,0.047329572306502504,strict,546,0.24442488669108928,0.17578125,0.0333251953125,0.685791015625,1.32,2.497197711228252,3.0578291620643943,0.0,5.78485150366228,0.0,1-179535,grid,-0.006311595439910889,0.022478502243757248,-0.007152841426432133,0.0014002984389662743,0.014026220013832375,0.018646847645353116,,,,,,,,
210,8615-9101,0.03322405075716496,strict,1821,0.34235893835054715,0.17578125,0.11114501953125,1.0,1.32,2.5111466320400604,2.183116789820784,0.0,4.15312604099134,0.0,1-179556,grid,0.010708380490541458,0.03767848014831543,0.0016419598832726479,0.011949458625167608,0.012292304772954744,0.023232088441728416,,,,,,,,
211,8615-9102,0.0317398484897142,strict,2956,0.3577278125695232,0.17578125,0.180419921875,1.0,1.32,2.4806631167823716,2.0893246770211404,0.0,3.9264474736890778,0.0,1-180039,grid,-0.007089003920555115,-0.006087273359298706,0.0036579230800271034,-0.018862973898649216,0.020870857606076924,0.011002620415469167,,,,,,,,
212,7968-9101,0.0498216761137482,strict,3303,0.23288960426101865,0.17578125,0.20159912109375,1.0,1.32,2.496323490606757,3.209286858595089,0.0,6.069256191823096,0.0,1-180172,grid,0.03410319238901138,-0.005864139646291733,0.02503710240125656,-0.030074563343077898,0.009206883252624296,0.028248133483886703,,,,,,,,
213,8616-1902,0.030178846104934084,strict,427,0.3755235806630365,0.17578125,0.02606201171875,0.29058837890625,1.32,2.5214060440623727,1.990313218516525,0.0,3.801808923291515,0.0,1-180208,grid,0.022437289357185364,0.005005501210689545,0.0001783282496035099,0.008527113124728203,0.010941631426819913,0.010747487414963388,,,,,,,,
214,8616-6104,0.05398818247901812,strict,4338,0.21598447388654404,0.17578125,0.2647705078125,1.0,1.32,2.5195226140634146,3.460478121454739,0.0,6.6051158200582565,0.0,1-180334,grid,-0.03646446019411087,0.02716240845620632,-0.01848442107439041,-0.0031057645101100206,0.02011835285616121,0.028142122299582482,,,,,,,,
215,8617-12701,0.08521503018500894,strict,13730,0.14195759271110175,0.17578125,0.8380126953125,1.0,1.32,2.489509671461965,5.265019870964937,0.0,9.929786279701998,0.0,1-180618,grid,-0.02296169102191925,0.03927748650312424,0.004115503281354904,0.004755084868520498,0.023833423916474056,0.043991203491975696,,,,,,,,
216,7968-12704,0.05092527779974649,strict,3268,0.22814230163628177,0.17578125,0.199462890625,1.0,1.32,2.5036166916860934,3.2760673540054994,0.0,6.213649174678835,0.0,1-180621,grid,0.026579786092042923,0.025642206892371178,0.017007217276841402,-0.008331132819876075,0.00559667119606379,0.03020383082370276,,,,,,,,
217,7968-12703,0.10370415843128569,strict,15591,0.11917325954391829,0.17578125,0.95159912109375,1.0,1.32,2.549522791768466,6.271621245560203,0.0,12.113364626435661,0.0,1-180629,grid,0.013430975377559662,0.017842285335063934,0.029790128581225872,0.017561578657478094,0.017661650747799403,0.03564427443235674,,,,,,,,
218,10842-1901,0.07193152389148347,strict,3015,0.165579909828109,0.17578125,0.18402099609375,1.0,1.32,2.573194285839169,4.513890285567827,0.0,8.799330825551566,0.0,1-181037,grid,0.035534292459487915,0.03903999179601669,0.04389279102906585,0.006000595632940531,0.01592894355167237,0.038773787838005704,,,,,,,,
219,10515-1901,0.024183336945453514,strict,384,0.46523783075888,0.17578125,0.0234375,0.19415283203125,1.32,2.7403240867172487,1.6065106855974056,0.0,3.335121157053948,0.0,1-181880,grid,0.04221833869814873,-0.002254381775856018,0.0007804124616086483,-0.0004016743041574955,0.033506330709660505,0.017953991499272424,,,,,,,,
220,10518-6103,0.04436166777236484,strict,3678,0.25985471110822445,0.17578125,0.2244873046875,1.0,1.32,2.489435686706032,2.8762593653613484,0.0,5.424441445721957,0.0,1-182523,grid,-0.010425634682178497,0.020412534475326538,-0.008700329344719648,-0.011963965371251106,0.012938376459056015,0.0200348005704015,,,,,,,,
221,10518-1901,0.022915335008297084,strict,34,0.49022732711822087,0.17578125,0.0020751953125,0.2200927734375,1.32,2.53296845553409,1.5246182844434872,0.0,2.925613652443828,0.0,1-182525,grid,0.0118398517370224,0.007071595638990402,0.002180485986173153,-0.0014393264427781105,0.022135239051613007,0.00935385625557894,,,,,,,,
222,10519-9102,0.032429649543539524,strict,3493,0.35040990591369686,0.17578125,0.21319580078125,1.0,1.32,2.43419381508577,2.1329578126777586,0.0,3.9333581177720247,0.0,1-182705,grid,-0.008756272494792938,-0.0040967389941215515,-0.0096553317271173,-0.016816347371786833,0.013521450365990036,0.009718699457464995,,,,,,,,
223,10518-6102,0.031244547733031567,strict,1918,0.36318169239212483,0.17578125,0.1170654296875,0.9937744140625,1.32,2.4938539305457503,2.0579494014013378,0.0,3.888049396628029,0.0,1-182818,grid,-0.032298944890499115,0.02166728302836418,-0.015148691833019257,0.004702670034021139,0.020935771889375336,0.014180158435548755,,,,,,,,
224,10519-6104,0.0694463060947577,strict,2633,0.1710050769637503,0.17578125,0.16070556640625,1.0,1.32,2.6023395937155462,4.370686296154436,0.0,8.616674242570182,0.0,1-183193,grid,0.0036939382553100586,0.024579286575317383,0.008885853923857212,-0.029115114826709032,0.014601864560279084,0.0488210350174799,,,,,,,,
225,11838-9101,0.047089745940114114,strict,3368,0.24559943337821818,0.17578125,0.20556640625,1.0,1.32,2.5017743242621537,3.043205500019629,0.0,5.767737411668543,0.0,1-1832,grid,-0.026610180735588074,0.01487930491566658,-0.019893416669219732,-0.004955966491252184,0.016099293925623377,0.020390681520571063,,,,,,,,
226,8994-12703,0.02514773841879236,strict,2105,0.4479191500656296,0.17578125,0.12847900390625,0.99713134765625,1.32,2.6983604623780133,1.6686260150939893,0.0,3.411026110321968,0.0,1-186604,grid,-0.010477401316165924,-0.006572067737579346,-0.006175752729177475,0.013081551063805819,0.013242721723114569,0.013322991862481894,,,,,,,,
227,8996-12704,0.03986656090508419,strict,1627,0.2876022255917667,0.17578125,0.09930419921875,1.0,1.32,2.364181343049144,2.5987613444939015,0.0,4.654502337643781,0.0,1-188309,grid,0.02730320766568184,-0.013502836227416992,0.012953360565006733,-0.006884459871798754,0.014527539157601478,0.017469691137396784,,,,,,,,
228,8996-3703,0.027247141626100098,strict,818,0.4144583164540225,0.17578125,0.0499267578125,0.62884521484375,1.32,2.3584445483933023,1.8033406902119942,0.0,3.2220295603987066,0.0,1-188330,grid,0.005147654563188553,-0.003486271947622299,-0.0039154766127467155,0.01806429587304592,0.013161570732106768,0.024965856757058563,,,,,,,,
229,8995-9101,0.05592638544005644,strict,2425,0.20897963673533884,0.17578125,0.14801025390625,1.0,1.32,2.339470236682134,3.5764706941511766,0.0,6.338671773736794,0.0,1-188803,grid,-0.06618542969226837,0.06197545304894447,-0.06471356749534607,0.003156246617436409,0.016786965588266853,0.044653403202650745,,,,,,,,
230,7965-6103,0.060096991811590034,strict,6558,0.1954404434084556,0.17578125,0.4002685546875,1.0,1.32,2.467398508214728,3.8242317374212527,0.0,7.148411881803496,0.0,1-191503,grid,0.03482846915721893,-0.02123419940471649,0.036331468261778355,0.004317638697102666,0.015598703407388299,0.027986207229787327,,,,,,,,
231,11954-1901,0.023667854157938317,strict,283,0.4750737829947825,0.17578125,0.01727294921875,0.18682861328125,1.32,2.643361183395987,1.573249405064532,0.0,3.1505048554154644,0.0,1-195235,grid,0.011457696557044983,-0.012706436216831207,-6.683217361569405e-05,-0.0053851427510380745,0.01855994113634353,0.00524358458359421,,,,,,,,
232,11955-3704,0.03788001287018797,strict,1643,0.30196436735717525,0.17578125,0.10028076171875,0.3515625,1.32,2.4479809923899776,2.475158089014631,0.0,4.5902575417182705,0.0,1-195241,grid,-0.006724640727043152,0.023390300571918488,-0.0044366661459207535,0.01106033381074667,0.011437120632768897,0.012955856333379104,,,,,,,,
233,11955-1902,0.029660967313758457,strict,367,0.38184144187235736,0.17578125,0.02239990234375,0.28680419921875,1.32,2.2988508972576263,1.9573819509830561,0.0,3.408885798707031,0.0,1-195282,grid,0.016148831695318222,0.026109211146831512,-0.005455875303596258,0.007368108257651329,0.023301895331636135,0.01884790055522005,,,,,,,,
234,11761-12704,0.03285511019352577,strict,5191,0.346049579553549,0.17578125,0.31683349609375,1.0,1.32,2.3964730132476726,2.1598337077090455,0.0,3.921199389111658,0.0,1-195293,grid,0.010874390602111816,-0.0124264657497406,0.004648028407245874,-0.03366097016260028,0.011151042787199788,0.023952711922367857,,,,,,,,
235,11021-9101,0.02993403573093151,strict,1905,0.37848289158150267,0.17578125,0.11627197265625,1.0,1.32,2.3084699300880036,1.974751205623123,0.0,3.4535255890803116,0.0,1-195704,grid,-0.012131594121456146,-0.00013458356261253357,-0.006228726357221603,0.001867974642664194,0.00983684149177436,0.01226267827879478,,,,,,,,
236,11955-6104,0.04387504702894286,strict,1801,0.2625839368146599,0.17578125,0.10992431640625,0.60003662109375,1.32,2.4118347346164106,2.846364311255808,0.0,5.200727510044904,0.0,1-195753,grid,0.00037595629692077637,-0.007359705865383148,0.005298526957631111,0.00272842263802886,0.005920445081660939,0.0200781541417307,,,,,,,,
237,9884-9101,0.06363099721057333,strict,7828,0.18535861452635893,0.17578125,0.477783203125,1.0,1.32,2.4436576579964813,4.032235288163597,0.0,7.4646989702762285,0.0,1-196331,grid,-0.0521465539932251,0.0006069988012313843,-0.05675542866811156,-0.035714724101126194,0.010657984607141817,0.03249669273195228,,,,,,,,
238,8309-12701,0.06757210323149383,strict,4571,0.17536082547771606,0.17578125,0.27899169921875,1.0,1.32,2.4761176453554783,4.262123792028311,0.0,7.995090854644472,0.0,1-196597,grid,-0.06367841362953186,-0.003528505563735962,-0.07142928335815668,-0.023568393662571907,0.025869640323647504,0.019599484167138442,,,,,,,,
239,11016-3703,0.0847899995356796,strict,717,0.1425985633197185,0.17578125,0.04376220703125,1.0,1.32,2.6641014570968857,5.241353973409536,0.0,10.578408149788556,0.0,1-196806,grid,-0.05302274227142334,-0.011278979480266571,0.010418426245450974,-0.006949742324650288,0.03917402931472383,0.026978591642371607,,,,,,,,
240,11016-12703,0.04612209646181323,strict,8916,0.2504626479279507,0.17578125,0.544189453125,1.0,1.32,2.6233240552745176,2.984115805855816,0.0,5.930532406989744,0.0,1-197191,grid,0.01780570298433304,0.019269835203886032,0.014751478098332882,0.008728212676942348,0.005527112336689247,0.030053536975849334,,,,,,,,
241,9864-12704,0.065412499932217,strict,1465,0.18068987412519855,0.17578125,0.08941650390625,1.0,1.32,2.7107185332167605,4.1364218668967805,0.0,8.49445107257589,0.0,1-197264,grid,-0.08353331685066223,0.021519459784030914,-0.05707835406064987,-0.022964793723076582,0.015002449196169613,0.038851105838057017,,,,,,,,
242,9864-6102,0.044275467640674866,strict,322,0.2603337916834336,0.17578125,0.0196533203125,0.6107177734375,1.32,2.6773212133652535,2.8709663145349547,0.0,5.823105315728403,0.0,1-197270,grid,0.0001443922519683838,0.03219650685787201,-0.01094701886177063,-0.006770276930183172,0.008949235743397507,0.03487500645844111,,,,,,,,
243,9867-9101,0.03820475836630931,strict,4915,0.2995143795950099,0.17578125,0.29998779296875,1.0,1.32,2.5648403154150605,2.4954045527594104,0.0,4.848722878930018,0.0,1-197736,grid,0.025873742997646332,0.005022376775741577,0.023183662444353104,0.006299105938524008,0.011328218156710859,0.02501345868276255,,,,,,,,
244,9867-6102,0.025474738918358726,strict,673,0.4423446352683782,0.17578125,0.04107666015625,0.21649169921875,1.32,2.483573924040982,1.6896543709744138,0.0,3.1790769215105477,0.0,1-198001,grid,0.04504605382680893,-0.023203454911708832,0.007703845389187336,0.0023049544543027878,0.024890503158436307,0.033301170166763594,,,,,,,,
245,8597-1902,0.03643305565963735,strict,20,0.31341180432267923,0.17578125,0.001220703125,0.3287353515625,1.32,2.4678190114352443,2.3847523805733495,0.0,4.458437319957855,0.0,1-198125,grid,0.012912198901176453,0.022161204367876053,0.001863101962953806,-0.0039595323614776134,0.010965387989698762,0.025145582753767298,,,,,,,,
246,8597-12702,0.035378154048039304,strict,4798,0.32234800599933766,0.17578125,0.2928466796875,1.0,1.32,2.4672048861958755,2.3186417553326937,0.0,4.3337608091625786,0.0,1-198153,grid,0.002352118492126465,0.013753440231084824,0.024220025166869164,-0.004245826508849859,0.017738269837975912,0.017874697308311302,,,,,,,,
247,9867-3703,0.03626925540939585,strict,1265,0.31476527014808897,0.17578125,0.07720947265625,0.2423095703125,1.32,2.435775947713023,2.3744981335032964,0.0,4.381625334452118,0.0,1-198173,grid,0.0347968265414238,-0.0577581450343132,0.0028778361156582832,0.006591952871531248,0.02396574602171439,0.036989420037036765,,,,,,,,
248,9034-3702,0.03771375761619589,strict,1797,0.3032349899192188,0.17578125,0.10968017578125,0.94744873046875,1.32,2.508617299471208,2.4647866219442762,0.0,4.684247241905008,0.0,1-198233,grid,0.021762147545814514,0.005823343992233276,0.013658102601766586,0.009967414196580648,0.01477181143020974,0.01976848245100554,,,,,,,,
249,9034-12703,0.028943144217123202,strict,2636,0.39097251252891296,0.17578125,0.160888671875,0.9425048828125,1.32,2.4197904883832035,1.9116677579808787,0.0,3.504420801296192,0.0,1-198747,grid,0.0033387839794158936,-0.007213912904262543,0.002971894573420286,-0.0021320898085832596,0.01465486515206982,0.010366874321421176,,,,,,,,
250,9870-12703,0.0711869087539174,strict,13077,0.16716557185782355,0.17578125,0.79815673828125,1.0,1.32,2.6485816844637795,4.471073428289286,0.0,8.971214539439151,0.0,1-198831,grid,-0.024907991290092468,-0.004243128001689911,0.012861787341535091,0.0028617591597139835,0.037652896553544625,0.007354399271489583,,,,,,,,
251,8937-1902,0.022682134652031408,strict,188,0.4951274181061982,0.17578125,0.011474609375,0.13482666015625,1.32,2.48313567586597,1.5095297071550757,0.0,2.839672022436574,0.0,1-201392,grid,0.014891013503074646,-0.0023526251316070557,-0.01355374464765191,0.01576462807133794,0.030926616443065966,0.01631263570414259,,,,,,,,
252,8938-12702,0.04030186157010327,strict,7744,0.28464434817359097,0.17578125,0.47265625,1.0,1.32,2.6460964129731646,2.625766333510647,0.0,5.263659754854713,0.0,1-201756,grid,0.024941537529230118,0.011411726474761963,-0.0035284338518977165,-0.011712961830198765,0.01966872613525688,0.015193177675543519,,,,,,,,
253,8938-9101,0.0469399717113005,strict,2846,0.24633904365559475,0.17578125,0.1737060546875,0.91943359375,1.32,2.687917646610003,3.0340685559502587,0.0,6.178277585275174,0.0,1-201812,grid,-0.015066146850585938,0.009354919195175171,-0.001712678000330925,-0.021419028285890818,0.0115503792700959,0.03229400894054398,,,,,,,,
254,9184-6104,0.046159370518757674,strict,2432,0.25027153728024465,0.17578125,0.1484375,0.99993896484375,1.32,2.529885131655528,2.986394516054684,0.0,5.723662941988144,0.0,1-201816,grid,-0.0028935372829437256,0.022247374057769775,-0.0026706568896770477,-0.008280708454549313,0.019098797377508716,0.03138830433316699,,,,,,,,
255,8938-12701,0.05279948066301035,strict,5320,0.22053523530725852,0.17578125,0.32470703125,1.0,1.32,2.673478112541841,3.3890708911751775,0.0,6.864096098037505,0.0,1-201874,grid,0.015715189278125763,0.02398471161723137,0.011126106604933739,0.002354514319449663,0.012601947305840008,0.028032087065553705,,,,,,,,
256,9184-12701,0.05919099042747038,strict,12378,0.19821922345779683,0.17578125,0.7554931640625,1.0,1.32,2.4951840035672146,3.7706208985196144,0.0,7.12757041628968,0.0,1-201913,grid,-0.028395935893058777,0.03510398417711258,-0.009412211365997791,0.0014023869298398495,0.017084633809178722,0.026192643533355188,,,,,,,,
257,10220-9101,0.03635535554093305,strict,3977,0.3140523117872128,0.17578125,0.24273681640625,1.0,1.32,2.4786579976972356,2.3798886949913864,0.0,4.468886475355785,0.0,1-201969,grid,-0.0019192546606063843,0.031894586980342865,0.0027729645371437073,0.01319256448186934,0.010728734494970606,0.021779097957971442,,,,,,,,
258,10220-6104,0.03969886064888456,strict,1971,0.2887590706488768,0.17578125,0.12030029296875,0.92279052734375,1.32,2.562030918104644,2.5883500205855965,0.0,5.023812711831129,0.0,1-202008,grid,-0.01059412956237793,0.029938459396362305,0.008390232920646667,0.00288956705480814,0.01863579359505209,0.028040378627014678,,,,,,,,
259,8593-12703,0.08033632273169264,strict,11695,0.14972387373372015,0.17578125,0.71380615234375,1.0,1.32,2.6183063355344545,4.9919196439409905,0.0,9.901799113795144,0.0,1-208539,grid,0.009432308375835419,-0.015895187854766846,0.0062612006440758705,-0.006692150607705116,0.013795005044300722,0.024604266077350345,,,,,,,,
260,8485-9102,0.026195640019696324,strict,2466,0.4305468538791123,0.17578125,0.1505126953125,0.9404296875,1.32,2.426417549843084,1.7359540308431882,0.0,3.191022216786935,0.0,1-209199,grid,-0.03172793239355087,-0.003531675785779953,-0.013440344948321581,-0.013110604137182236,0.014813189480097761,0.015423190873145217,,,,,,,,
261,8485-6103,0.024994138184133666,strict,1192,0.4505879983476599,0.17578125,0.07275390625,0.73345947265625,1.32,2.2932518502878074,1.6587426855555523,0.0,2.881753585455785,0.0,1-209221,grid,0.0028064027428627014,-0.02592870593070984,0.00733967125415802,-0.008238540031015873,0.005785512346641684,0.020517664075929636,,,,,,,,
262,8486-12701,0.03817535832139417,strict,6456,0.2997344664463763,0.17578125,0.39404296875,1.0,1.32,2.4778249669078045,2.493572245192605,0.0,4.680784519641353,0.0,1-209537,grid,-0.018267013132572174,0.03179336339235306,0.0061550624668598175,0.01158861629664898,0.018985176540926473,0.019871580108349326,,,,,,,,
263,8979-12701,0.07775711879138202,strict,15290,0.1542243774720132,0.17578125,0.9332275390625,1.0,1.32,2.4793861495050304,4.846247776840138,0.0,9.1028178901265,0.0,1-210173,grid,-0.04904549568891525,0.02146938443183899,-0.007016061805188656,0.013615011237561703,0.03379590730751349,0.014966230515055743,,,,,,,,
264,8600-6102,0.03828375848699965,strict,979,0.2989246651048208,0.17578125,0.05975341796875,0.7681884765625,1.32,2.6569089105818837,2.5003274527252937,0.0,5.032683551907829,0.0,1-210447,grid,0.002147100865840912,-0.014703430235385895,-0.0006310325115919113,-0.011589924804866314,0.01624320651098085,0.016260616265874054,,,,,,,,
265,8600-12702,0.06055249250746918,strict,10945,0.19407483665195138,0.17578125,0.66802978515625,1.0,1.32,2.6060636596736373,3.8511409276550483,0.0,7.603271530184576,0.0,1-210646,grid,0.008488554507493973,-0.00221068412065506,0.006602367851883173,0.007766696158796549,0.00899233667498466,0.01865826309236546,,,,,,,,
266,8604-12702,0.035318653957139616,strict,4328,0.32286794921734313,0.17578125,0.26416015625,1.0,1.32,2.7110784656749596,2.314907838545376,0.0,4.754467265986769,0.0,1-210736,grid,0.009817853569984436,-0.0015998147428035736,-3.4978147596120834e-05,-0.02309688925743103,0.017778635576574362,0.015485179235689659,,,,,,,,
267,11943-6102,0.029280083731873636,strict,1041,0.38663070226853746,0.17578125,0.06353759765625,0.21807861328125,1.32,2.492906827902794,1.9331355271914719,0.0,3.65085360227052,0.0,1-210769,grid,0.03862530365586281,-0.023455746471881866,-0.003848738968372345,-0.002604757435619831,0.029314176436000153,0.03556682915214605,,,,,,,,
268,8312-12702,0.032025348925879944,strict,4534,0.35466076814765257,0.17578125,0.2767333984375,1.0,1.32,2.4643154044532194,2.1073927921656566,0.0,3.9343034249753854,0.0,1-210923,grid,0.010279707610607147,0.026826201006770134,0.011072044260799885,-0.0024612387642264366,0.008522914354948763,0.020275473808421544,,,,,,,,
269,8602-1901,0.02609133986035451,strict,54,0.43221341257511964,0.17578125,0.0032958984375,0.2266845703125,1.32,2.6434072233696537,1.7292604179154127,0.0,3.4629844543975965,0.0,1-211055,grid,0.036503709852695465,-0.012697942554950714,-0.0027735671028494835,-0.01365568581968546,0.0216774937199041,0.004965233462260092,,,,,,,,
270,11946-6102,0.030317426316646343,strict,773,0.3738695893017477,0.17578125,0.04718017578125,1.0,1.32,2.4455872866908153,1.9991183231944247,0.0,3.70380178469314,0.0,1-211533,grid,0.015572629868984222,-0.03166324645280838,0.007901470176875591,-0.01821689587086439,0.0072042484762569175,0.011467975254691462,,,,,,,,
271,11946-12702,0.06336907681043136,strict,12437,0.1860671889868632,0.17578125,0.75909423828125,1.0,1.32,2.4029097945803946,4.016879872953136,0.0,7.3122727199787425,0.0,1-211562,grid,0.00815313309431076,-0.031073682010173798,0.01153249153867364,-0.007613224908709526,0.02493279098733985,0.01579142871894368,,,,,,,,
272,11949-3704,0.05480156672164438,strict,371,0.21298443137522297,0.17578125,0.02264404296875,0.67236328125,1.32,2.4399969221602356,3.5092215033386998,0.0,6.48673459645829,0.0,1-211633,grid,0.005432989448308945,0.035922322422266006,-0.010162898804992437,0.03246395755559206,0.02567127323736113,0.01116279861746984,,,,,,,,
273,11949-9102,0.05375627812473238,strict,4053,0.2168564664481847,0.17578125,0.24737548828125,0.99981689453125,1.32,2.4541565697138044,3.446563336108231,0.0,6.407883374427834,0.0,1-211814,grid,-0.03362603485584259,0.07603010535240173,-0.021756145637482405,0.016454943921416998,0.010126743886696649,0.034772309349233005,,,,,,,,
274,12683-6101,0.05158602880919137,strict,2352,0.22539728345922205,0.17578125,0.1435546875,0.9581298828125,1.32,2.497829195510421,3.3159651926040907,0.0,6.2747838404415415,0.0,1-212222,grid,-0.03055824339389801,0.06822818517684937,-0.018024294637143612,0.015029864851385355,0.00969211305568651,0.037189906843992114,,,,,,,,
275,12683-3702,0.05835624915221647,strict,2579,0.20085590708171758,0.17578125,0.15740966796875,0.78594970703125,1.32,2.416354159539826,3.7211230544203855,0.0,6.811781189930484,0.0,1-212393,grid,-0.014986470341682434,0.050641924142837524,-0.02252595592290163,0.007373321335762739,0.0134133838026573,0.039713176564619895,,,,,,,,
276,12518-12701,0.03494359338415075,strict,2010,0.32618620282632627,0.17578125,0.1226806640625,1.0,1.32,2.4479415802091933,2.291358555273556,0.0,4.249327183804699,0.0,1-2125,grid,-0.016482383012771606,0.047688379883766174,-0.004933864809572697,0.0016185170970857143,0.011340371567993647,0.03185592684219291,,,,,,,,
277,12684-1901,0.05244476512110306,strict,1695,0.2219332125499163,0.17578125,0.10345458984375,1.0,1.32,2.5039608781336704,3.3677228291830987,0.0,6.388368342933423,0.0,1-212813,grid,-0.013265758752822876,0.0463566817343235,0.006312889512628317,-0.0015374966897070408,0.017744468394338863,0.04235336822177028,,,,,,,,
278,12684-12702,0.05791690848102538,strict,7899,0.20227420977492794,0.17578125,0.48211669921875,1.0,1.32,2.5223164637546196,3.695031350214871,0.0,7.060635158133659,0.0,1-212861,grid,-0.02313990890979767,0.028158340603113174,-0.020113762468099594,-0.004304914735257626,0.009419986043885763,0.04015772564749221,,,,,,,,
279,9511-6102,0.029314644784673376,strict,168,0.3861909932947554,0.17578125,0.01025390625,0.2159423828125,1.32,2.372227735035533,1.9353365548011294,0.0,3.4780750393389046,0.0,1-213422,grid,0.05095416679978371,-0.0020078271627426147,0.008104396052658558,-0.000467024277895689,0.02267020685677323,0.011686827698510071,,,,,,,,
280,10511-12704,0.058949490058524574,strict,9965,0.19897436086107026,0.17578125,0.60821533203125,1.0,1.32,2.3409911245010475,3.7563108293141414,0.0,6.661735085069373,0.0,1-213726,grid,-0.04472276568412781,0.025248438119888306,-0.02156834863126278,0.008401486556977034,0.01403333315607229,0.03504740555584616,,,,,,,,
281,10512-12703,0.06778030354956636,strict,2233,0.17486504409778214,0.17578125,0.13629150390625,1.0,1.32,2.6500727558248713,4.274207863067,0.0,8.581031674732044,0.0,1-214751,grid,-0.08730868995189667,0.06671909987926483,-0.08552231919020414,0.010548033751547337,0.012134913463739813,0.046780563490684886,,,,,,,,
282,8440-12705,0.04124676301365146,strict,3851,0.2784386877663643,0.17578125,0.23504638671875,1.0,1.32,2.7341920392198995,2.684287706044081,0.0,5.560119755183008,0.0,1-216973,grid,-0.02538115531206131,0.05342023819684982,-0.018129635136574507,0.005543680861592293,0.014261538403107054,0.043212587402190604,,,,,,,,
283,8440-12704,0.027015141271667688,strict,2295,0.4179003393986288,0.17578125,0.14007568359375,0.68218994140625,1.32,2.6814099196888317,1.7884875315819149,0.0,3.633081976078438,0.0,1-217018,grid,-0.014388225972652435,-0.012695357203483582,-0.011498314328491688,0.011544787324965,0.006439637257548533,0.018897644977433903,,,,,,,,
284,8250-1902,0.02464093764454088,strict,172,0.4568512077147144,0.17578125,0.010498046875,0.1173095703125,1.32,2.4827484415022836,1.6360021246239673,0.0,3.0771073675792264,0.0,1-217324,grid,0.013310477137565613,0.001623827964067459,-0.001509399153292179,0.0016159527003765106,0.018367905058422118,0.0032933864703536546,,,,,,,,
285,8461-6103,0.024675937698011286,strict,938,0.456222556250092,0.17578125,0.0572509765625,0.73187255859375,1.32,2.6113415564017712,1.6382564522929535,0.0,3.2409448135726704,0.0,1-217400,grid,-0.029452607035636902,0.025934351608157158,-0.0045463452115654945,0.015395336551591754,0.01350458606734983,0.01494471018752436,,,,,,,,
286,8458-6101,0.04202416420130557,strict,1501,0.2735424536493268,0.17578125,0.09161376953125,0.555908203125,1.32,2.596587266591408,2.732334730814599,0.0,5.374807250074734,0.0,1-217479,grid,0.03792610764503479,0.025987422093749046,0.004690841771662235,0.005779926432296634,0.01588061094912594,0.02791668714374598,,,,,,,,
287,8726-12702,0.08512653004980521,strict,13788,0.1420905270358109,0.17578125,0.841552734375,1.0,1.32,2.6226144684574413,5.260094124852738,0.0,10.45090830097483,0.0,1-217637,grid,-0.04023332893848419,0.033787801861763,-0.007465256378054619,0.03056001290678978,0.03326915801801957,0.014281744830582283,,,,,,,,
288,8940-3703,0.07152010926295564,strict,6660,0.16645193061542404,0.17578125,0.406494140625,1.0,1.32,2.540251967275389,4.490242580514956,0.0,8.641172385376391,0.0,1-218243,grid,-0.032987527549266815,0.022302795201539993,-0.012363813817501068,0.017701695673167706,0.029458388722326756,0.009476967513219692,,,,,,,,
289,9509-1901,0.02542423884120857,strict,427,0.443196166611392,0.17578125,0.02606201171875,0.167236328125,1.32,2.5726109225709064,1.6864079673181145,0.0,3.286720876237259,0.0,1-218245,grid,0.025156188756227493,-0.022389449179172516,-0.0016549206338822842,0.002613149583339691,0.020913994672968353,0.031212483030577876,,,,,,,,
290,8942-1901,0.046131670476439665,strict,796,0.25041353077408546,0.17578125,0.048583984375,0.51153564453125,1.32,2.473067982147142,2.98470112277034,0.0,5.5919460477287535,0.0,1-218293,grid,0.027914658188819885,-0.008886836469173431,-0.0018307403661310673,-0.00638828263618052,0.02452941925564048,0.0229254940288721,,,,,,,,
291,9509-9101,0.11002116808193013,strict,10811,0.11314938304588242,0.17578125,0.65985107421875,1.0,1.32,2.563499347720072,6.605511460501921,0.0,12.828200242692525,0.0,1-218306,grid,-0.04355219006538391,0.017316505312919617,-0.0037293722853064537,0.014729471411556005,0.038819432915083614,0.011104673233394438,,,,,,,,
292,11746-6101,0.06555234014585419,strict,2268,0.18033415523928523,0.17578125,0.138427734375,0.97900390625,1.32,2.452722228076478,4.144581183007518,0.0,7.701141207295486,0.0,1-218690,grid,0.004174135625362396,-0.02451837807893753,0.017857171595096588,-0.017552509903907776,0.020100533552381214,0.008802235247952914,,,,,,,,
293,11746-3704,0.02998027080156592,strict,1172,0.3779202908930457,0.17578125,0.071533203125,0.54547119140625,1.32,2.4535942917327658,1.9776909694161426,0.0,3.6760994495233996,0.0,1-218723,grid,0.004190489649772644,0.03244742378592491,-0.012899210210889578,-0.002092297188937664,0.00865095436379863,0.02228531318940894,,,,,,,,
294,7992-3704,0.03662515595311349,strict,800,0.3118399293433098,0.17578125,0.048828125,0.998291015625,1.32,2.509251498756287,2.396773075315388,0.0,4.556141235919585,0.0,1-22333,grid,0.0013908147811889648,-0.0008173398673534393,-0.02065473096445203,-0.0065441434271633625,0.022150947995811972,0.01773033128344191,,,,,,,,
295,11983-1901,0.034344707469218624,strict,490,0.33163501218260405,0.17578125,0.0299072265625,0.218017578125,1.32,2.4237645820690754,2.253711215650419,0.0,4.138231380837367,0.0,1-22648,grid,-0.008360274136066437,0.007055014371871948,-0.008733691647648811,0.004247783217579126,0.0126899654060283,0.012086066616376295,,,,,,,,
296,8610-6101,0.023362535691496104,strict,1265,0.48110429816759726,0.17578125,0.07720947265625,0.54266357421875,1.32,2.8403127729476854,1.5535291397416093,0.0,3.342809589965547,0.0,1-22865,grid,0.010241605341434479,-0.01593734323978424,0.002855953760445118,-0.017090957146137953,0.010822064610260041,0.012451531404609023,,,,,,,,
297,8610-12702,0.03049334658540388,strict,2186,0.3717915965335158,0.17578125,0.1334228515625,1.0,1.32,2.7747091357131626,2.010291661852883,0.0,4.225738363326659,0.0,1-22876,grid,0.02645861729979515,-0.021363690495491028,0.01759900851175189,-0.019213904161006212,0.01960987620578459,0.009364206157919905,,,,,,,,
298,8610-3702,0.027518842041183215,strict,930,0.4105010938252124,0.17578125,0.0567626953125,0.63970947265625,1.32,2.800460940759325,1.820724859691941,0.0,3.8627794344218045,0.0,1-22887,grid,0.0019042715430259705,0.012328855693340302,-0.0026592863723635674,0.014280353672802448,0.008074116944915664,0.013764582564191987,,,,,,,,
299,8086-9101,0.03980686081387896,strict,4571,0.2880129362167163,0.17578125,0.27899169921875,1.0,1.32,2.5719758640887913,2.5950554731191215,0.0,5.056378820328711,0.0,1-228997,grid,0.007889583706855774,0.014642033725976944,0.016201774589717388,-0.012009256519377232,0.016123440515782274,0.018836193096931613,,,,,,,,
300,8086-9102,0.03578805467425415,strict,3671,0.3188130788586281,0.17578125,0.22406005859375,1.0,1.32,2.647026909696164,2.344350329459737,0.0,4.7011806119962065,0.0,1-229060,grid,-0.005459800362586975,-0.006886899471282959,-0.002917033154517412,-0.005570088978856802,0.01157279416136228,0.014348556893225875,,,,,,,,
301,8610-12701,0.07173690959416662,strict,12666,0.16599115896451663,0.17578125,0.7730712890625,1.0,1.32,2.800093899772648,4.502706958134254,0.0,9.551516883284528,0.0,1-22911,grid,-0.03133971989154816,0.05962327867746353,-0.015014862641692162,0.004235490225255489,0.023532897814649723,0.036634169834787025,,,,,,,,
302,9497-9101,0.016865525765860992,strict,278,0.6611974309599301,0.17578125,0.0169677734375,0.07708740234375,1.32,2.468988012772526,1.1303878561252192,0.0,2.1143288383006067,0.0,1-229538,grid,0.011769525706768036,0.00922984629869461,-0.001761940773576498,0.004536840599030256,0.01496188581450053,0.005548768170689451,,,,,,,,
303,9497-12701,0.06323889661155202,strict,5026,0.18642155273200398,0.17578125,0.3067626953125,1.0,1.32,2.3965794539554612,4.009244293403991,0.0,7.279145832924381,0.0,1-229567,grid,-0.0037994682788848877,-0.031241871416568756,0.010816787369549274,-0.02746660029515624,0.02453708063632306,0.013254818994178815,,,,,,,,
304,9496-12702,0.04484726851422853,strict,2022,0.2571902869459291,0.17578125,0.1234130859375,1.0,1.32,2.4013401595303785,2.9060566607456337,0.0,5.286689822211543,0.0,1-229614,grid,-0.018334150314331055,0.07221968472003937,-0.003515413962304592,-0.001752984244376421,0.01691990243822395,0.0444993822073506,0.33233446,0.33743986,0.33022565,0.99407095,0.33167174,0.33836246,0.32996574,0.9940462
305,9496-12701,0.02855694362711546,strict,2287,0.3960751592210387,0.17578125,0.13958740234375,1.0,1.32,2.4284592894732975,1.8870396919822718,0.0,3.4716659618175583,0.0,1-229615,grid,-0.01986101269721985,-0.005115073174238205,-0.018364466726779938,-0.005714614875614643,0.015448527889311428,0.015983791988767367,,,,,,,,
306,9496-12703,0.04491476861735003,strict,2980,0.25682448714216577,0.17578125,0.181884765625,1.0,1.32,2.4927193798054996,2.9101958102794456,0.0,5.495682950994198,0.0,1-229705,grid,0.00020110607147216797,0.0571858286857605,0.015609167516231537,0.034907500725239515,0.023270691923520128,0.031967926902226836,,,,,,,,
307,10221-12701,0.04170336371121111,strict,2203,0.2755407870025848,0.17578125,0.13446044921875,1.0,1.32,2.641589250181884,2.712518733029847,0.0,5.428303277339868,0.0,1-229777,grid,-0.00018648803234100342,0.027582544833421707,0.014120402280241251,0.005752926226705313,0.020324818205147758,0.020840969906804275,,,,,,,,
308,8940-12705,0.04635057081085886,strict,3396,0.2492960555167779,0.17578125,0.207275390625,1.0,1.32,2.517497847959392,2.9980801136582627,0.0,5.717924419806459,0.0,1-229888,grid,0.0022006481885910034,0.053927212953567505,0.006924641318619251,0.003207816043868661,0.01646072737452026,0.030932873300598265,,,,,,,,
309,9509-12703,0.045242369117833026,strict,5621,0.2550646535335014,0.17578125,0.34307861328125,1.0,1.32,2.561740858973154,2.9302748777777228,0.0,5.6868218806255735,0.0,1-230042,grid,-0.009441472589969635,0.050334230065345764,-0.005918419454246759,0.01420593075454235,0.010833737322629232,0.03874066972842447,,,,,,,,
310,9509-9102,0.04557236962198258,strict,3260,0.2533175252896561,0.17578125,0.198974609375,0.95501708984375,1.32,2.5859892078012923,2.9504849520524568,0.0,5.780244124081642,0.0,1-230045,grid,0.018242929130792618,0.056234654039144516,0.009717523586004972,0.029468609020113945,0.008748881282546089,0.02438126109043734,,,,,,,,
311,9509-6104,0.021089632219127928,strict,1068,0.5314869525563389,0.17578125,0.065185546875,0.5750732421875,1.32,2.5752283024461997,1.4062613256325815,0.0,2.743518156367072,0.0,1-230149,grid,-0.0032191649079322815,-0.03869534283876419,-0.005401570815593004,-0.007561057806015015,0.012541790496465404,0.020752376669059117,,,,,,,,
312,9510-6102,0.055228484373856544,strict,2420,0.21144520966899402,0.17578125,0.147705078125,0.990966796875,1.32,2.361532951032166,3.534766985869896,0.0,6.323839932842734,0.0,1-230406,grid,0.03555764630436897,-0.02539251744747162,0.024877327494323254,-0.03036050545051694,0.015487978313832133,0.02695231103067914,,,,,,,,
313,9510-12703,0.07846481987255365,strict,12973,0.15295997784073703,0.17578125,0.79180908203125,1.0,1.32,2.360636223323786,4.886307889221231,0.0,8.73848136485487,0.0,1-230670,grid,-0.025301240384578705,0.012697894126176834,-0.01545731257647276,-0.013404578436166048,0.03687726428871548,0.016122475535988598,,,,,,,,
314,10502-12704,0.049253375245541575,strict,2544,0.2354172879013533,0.17578125,0.1552734375,0.98760986328125,1.32,2.5317073302366087,3.174828633534698,0.0,6.08919463921581,0.0,1-230850,grid,0.0719745010137558,-0.018870897591114044,0.032785173039883375,-0.013392989989370108,0.022876583319614754,0.035120136979046195,,,,,,,,
315,11747-9101,0.050687740436855054,strict,3057,0.22914662904188496,0.17578125,0.18658447265625,0.96453857421875,1.32,2.5446041909784136,3.2617086691756727,0.0,6.287695113132605,0.0,1-230917,grid,-0.016091085970401764,0.05988273769617081,-0.011384619399905205,0.01874761702492833,0.010267731935275675,0.028136380569775965,,,,,,,,
316,10502-12703,0.051315178395406814,strict,4626,0.2265139447294157,0.17578125,0.2823486328125,1.0,1.32,2.4659539420308314,3.2996182524264595,0.0,6.1641716945211416,0.0,1-230972,grid,0.024616867303848267,0.020295869559049606,0.022121692541986704,-0.007566065527498722,0.011253721982820947,0.035675950468913434,,,,,,,,
317,10501-6103,0.05201227946038453,strict,940,0.22366351303114954,0.17578125,0.057373046875,0.9984130859375,1.32,2.5226774261541327,3.3416695299523735,0.0,6.386329006725715,0.0,1-231135,grid,0.05691918730735779,0.022702012211084366,0.026888764463365078,-0.006930277217179537,0.01672088985565637,0.03700117014925249,,,,,,,,
318,10500-12704,0.05817608887698138,strict,8270,0.20143491584721257,0.17578125,0.5047607421875,1.0,1.32,2.3299465923487923,3.710426979924398,0.0,6.54931568032869,0.0,1-231628,grid,-0.007636129856109619,-0.0016868077218532562,-0.0028292923234403133,-0.003458829130977392,0.01309499915037933,0.018020051335047544,,,,,,,,
319,8152-3702,0.041635463607478516,strict,1178,0.2759677020253312,0.17578125,0.0718994140625,0.422119140625,1.32,2.457203355937394,2.708322535474434,0.0,5.041590320552007,0.0,1-232104,grid,0.0006194338202476501,0.0063021183013916016,-0.0024229902774095535,-0.0052098375745117664,0.010732214995152433,0.01789295019466614,,,,,,,,
320,10504-12704,0.026589040620703688,strict,2971,0.42437859688993196,0.17578125,0.18133544921875,0.6744384765625,1.32,2.30980993503948,1.7611857712328232,0.0,3.0818215089725323,0.0,1-232143,grid,-0.018382474780082703,-0.01151854544878006,-0.011070644948631525,0.00497078150510788,0.008347267548870217,0.0187526764697096,,,,,,,,
321,11760-12703,0.04886282964889587,strict,5343,0.2371884687462055,0.17578125,0.32611083984375,1.0,1.32,2.6736517313730865,3.151120922569112,0.0,6.3825756896915635,0.0,1-233359,grid,-0.03601191192865372,0.01971198245882988,-0.02107782568782568,0.0015112808905541897,0.022484145570886224,0.03623196717699949,,,,,,,,
322,11018-3701,0.0308618591483892,strict,1050,0.36751549263097094,0.17578125,0.0640869140625,1.0,1.32,2.3835116973174464,2.0336817398029687,0.0,3.672200163213084,0.0,1-233399,grid,-0.02246062457561493,0.03132963180541992,-0.0073020001873373985,0.010118767619132996,0.015786997683506995,0.012361839157483538,,,,,,,,
323,11760-6103,0.02806613287729232,strict,1757,0.4027626539016158,0.17578125,0.10723876953125,0.878662109375,1.32,2.694726227698883,1.855707174481153,0.0,3.7883506015176893,0.0,1-233531,grid,-0.009752035140991211,0.00492313876748085,-0.00043549761176109314,-0.01724018040113151,0.019068448123789803,0.011278605192884072,,,,,,,,
324,11019-6101,0.04839814393898456,strict,2870,0.23933315613717582,0.17578125,0.1751708984375,1.0,1.32,2.4255236001786407,3.1228834254369424,0.0,5.738354128033346,0.0,1-233546,grid,0.003596670925617218,0.01901686191558838,0.01905401749536395,-0.005629015155136585,0.016335046434282463,0.02762181846168363,,,,,,,,
325,11760-9102,0.05307919409033513,strict,3429,0.21944603935822277,0.17578125,0.20928955078125,1.0,1.32,2.5193749264906016,3.405892166676246,0.0,6.500544944738547,0.0,1-233574,grid,-0.009765125811100006,0.03999227657914162,-0.015450392384082079,0.004190798848867416,0.007036137708195644,0.038965302325449466,,,,,,,,
326,11760-12704,0.047697322868323705,strict,3612,0.24264679250409305,0.17578125,0.220458984375,1.0,1.32,2.6214025445840896,3.080236663114723,0.0,6.117075929250105,0.0,1-233594,grid,0.017757374793291092,-0.004954766482114792,0.010805370286107063,-0.008767611114308238,0.01241949475475511,0.024937911808137876,,,,,,,,
327,11018-9101,0.036029353042891336,strict,4092,0.3167697817056557,0.17578125,0.249755859375,1.0,1.32,2.372646464275562,2.3594723664418074,0.0,4.241055884692458,0.0,1-233665,grid,0.0053993575274944305,-0.02600754052400589,0.015650771092623472,-0.02340421755798161,0.009004321671166896,0.007793268539460191,,,,,,,,
328,11018-6101,0.03389548878293667,strict,1252,0.33584854428670013,0.17578125,0.076416015625,1.0,1.32,2.427522370548505,2.225436313995946,0.0,4.092648815497094,0.0,1-234176,grid,0.001634165644645691,0.021401941776275635,0.012251376174390316,0.004678402096033096,0.006921874060990687,0.014962631359991055,,,,,,,,
329,8319-3703,0.06888390523556466,strict,5044,0.17228719528378741,0.17578125,0.307861328125,1.0,1.32,2.4476035531874865,4.338160739265519,0.0,8.04401336342783,0.0,1-234362,grid,0.029127180576324463,0.04361889511346817,0.037166735623031855,0.002603088039904833,0.01959817930145794,0.04586313509461621,,,,,,,,
330,8319-12705,0.060759792824166756,strict,5589,0.19346013129057055,0.17578125,0.34112548828125,1.0,1.32,2.5394126713392144,3.8633776451630455,0.0,7.432356171436131,0.0,1-234618,grid,-0.06415465474128723,0.01753058284521103,-0.06736632110551,-0.02735661482438445,0.011370653765032258,0.033968449497072846,,,,,,,,
331,11025-12701,0.08118264902464525,strict,16384,0.1483095513406484,0.17578125,1.0,1.0,1.32,2.4563845369871484,5.039524020550721,0.0,9.37803702867886,0.0,1-23485,grid,-0.01591852307319641,0.062185391783714294,-0.017743839416652918,0.017422672361135483,0.038334239698215304,0.02539479671426314,,,,,,,,
332,8325-9101,0.06627960125690813,strict,4505,0.1785084212179761,0.17578125,0.27496337890625,1.0,1.32,2.521109024942877,4.186970795879923,0.0,7.996825652019042,0.0,1-235186,grid,-0.07492367923259735,-0.013419896364212036,-0.054340018425136805,-0.019736582413315773,0.013092570014850445,0.027017051504988628,,,,,,,,
333,8325-12703,0.02808444290526498,strict,2432,0.4025089738873963,0.17578125,0.1484375,0.96826171875,1.32,2.458848319991983,1.856876728088525,0.0,3.458922896433848,0.0,1-235398,grid,0.020154304802417755,0.0010264664888381958,0.00894947350025177,0.007034110836684704,0.008833003278732989,0.016529911644580356,,,,,,,,
334,8980-9101,0.027091841388844264,strict,1610,0.41675587000788983,0.17578125,0.0982666015625,0.97320556640625,1.32,2.29285525689491,1.7933989662680658,0.0,3.115154732967903,0.0,1-235986,grid,0.025288954377174377,-0.01959851384162903,0.007271953392773867,0.009269937872886658,0.019672927925259518,0.02434892510665472,,,,,,,,
335,8980-1901,0.03127524777993275,strict,192,0.3628386231034455,0.17578125,0.01171875,0.31915283203125,1.32,2.2553744360091805,2.0598952230209826,0.0,3.519571990044661,0.0,1-236032,grid,0.01799614727497101,0.027804916724562645,0.0055493516847491264,0.005333747481927276,0.01723558399443002,0.013069803438267238,,,,,,,,
336,8611-1902,0.02736254180239966,strict,446,0.4127679494842222,0.17578125,0.0272216796875,0.24676513671875,1.32,2.4590506810834,1.810725729534549,0.0,3.3732320745963396,0.0,1-23729,grid,0.04010750353336334,-0.014939956367015839,0.0011632014065980911,-0.013965689111500978,0.024226552655530347,0.014795088011599705,,,,,,,,
337,8611-12704,0.020317531039570767,strict,1764,0.5511672982753109,0.17578125,0.107666015625,0.896484375,1.32,2.4995896839268417,1.3560484244929991,0.0,2.5678520096726865,0.0,1-23745,grid,0.02320914715528488,-0.023594461381435394,0.017179157119244337,0.003512631170451641,0.0058081567805038405,0.021154798435086136,,,,,,,,
338,8611-9102,0.027566142113444655,strict,1328,0.4098201588314686,0.17578125,0.0810546875,0.92559814453125,1.32,2.505663143104411,1.8237500775691644,0.0,3.4618964784839887,0.0,1-23784,grid,-0.012963995337486267,0.02145913988351822,0.0031501930207014084,0.030727983452379704,0.011467109140029366,0.012787059652809888,,,,,,,,
339,11838-12703,0.021503508851417004,strict,1071,0.5215194271669007,0.17578125,0.06536865234375,0.45892333984375,1.32,2.466498671971779,1.4331384556823157,0.0,2.6779046194637255,0.0,1-2386,grid,0.0037403330206871033,-0.02264036238193512,-0.009574186988174915,0.006329537369310856,0.023499543682131453,0.01425794042110995,,,,,,,,
340,7990-12702,0.028364343332875453,strict,984,0.3986718182163976,0.17578125,0.06005859375,1.0,1.32,2.494637626948282,1.874748884438596,0.0,3.5430447789392714,0.0,1-23877,grid,0.008625946938991547,0.004774749279022217,-0.001371447928249836,-0.009192553348839283,0.01606223765858189,0.012327930140206859,,,,,,,,
341,7991-1902,0.02816584302962187,strict,18,0.4013851927858922,0.17578125,0.0010986328125,0.20196533203125,1.32,2.3273298706037666,1.8620755321609062,0.0,3.283078793423092,0.0,1-24099,grid,0.011618025600910187,0.008225001394748688,0.0026515591889619827,0.0011778147891163826,0.014226027087439986,0.009448208141572845,,,,,,,,
342,11013-12702,0.03998452108529474,strict,7499,0.28679431862623145,0.17578125,0.45770263671875,1.0,1.32,2.3759710625567116,2.6060821219836283,0.0,4.690890688242038,0.0,1-244372,grid,-0.01488223671913147,0.05271017551422119,-0.0027422173880040646,0.016503905411809683,0.012772561223016983,0.02338515675484024,,,,,,,,
343,8626-3703,0.029419444944779043,strict,950,0.3848639730460326,0.17578125,0.0579833984375,0.622802734375,1.32,2.5096714465394943,1.9420096418557273,0.0,3.692277384143718,0.0,1-24440,grid,0.004054352641105652,0.015354841947555542,-0.010280235670506954,0.010405181907117367,0.01697519805361777,0.017854259821394533,,,,,,,,
344,8626-12703,0.06927680583580817,strict,12411,0.17138929547343185,0.17578125,0.75750732421875,1.0,1.32,2.487018198261568,4.360888142947987,0.0,8.216369827344497,0.0,1-24482,grid,0.03849119693040848,0.06426877528429031,0.03685629880055785,-0.0009036136325448751,0.00940769002599485,0.04144775134972357,,,,,,,,
345,11012-6101,0.041673863666143195,strict,1998,0.27572609453790115,0.17578125,0.1219482421875,0.54693603515625,1.32,2.6194130496778074,2.710695727623849,0.0,5.37911497169984,0.0,1-245002,grid,-0.018501609563827515,-0.008748218417167664,-0.0019447952508926392,-0.015170962316915393,0.013825508640294432,0.013191701277134519,,,,,,,,
346,8591-12702,0.04282746542852778,strict,4241,0.26866994022987556,0.17578125,0.25885009765625,1.0,1.32,2.490424533490686,2.781887492954404,0.0,5.248546107473139,0.0,1-245054,grid,-0.03737091273069382,0.03861643373966217,-0.0052407728508114815,0.0021417494863271713,0.021705139307379967,0.01923139465004722,,,,,,,,
347,11012-6102,0.042262231565006705,strict,1432,0.2720791045290194,0.17578125,0.08740234375,0.5616455078125,1.32,2.6812266985672193,2.7470303085277203,0.0,5.579856821968083,0.0,1-245268,grid,-0.00855330377817154,0.018006563186645508,0.008194223046302795,0.006483512464910746,0.007816359933282144,0.010995354695185231,0.3357114,0.33643535,0.32785326,0.99505186,0.33604884,0.33541697,0.32853413,0.9951011
348,8309-9102,0.08319672710159978,strict,12079,0.1450597464791125,0.17578125,0.73724365234375,1.0,1.32,2.559746551188506,5.152425566702059,0.0,9.991593617137179,0.0,1-245472,grid,-0.061516523361206055,0.010710742324590683,0.007431001868098974,0.010011192411184311,0.039826417412242104,0.02482590393042852,,,,,,,,
349,9196-1902,0.024214036992354696,strict,398,0.46466525754592125,0.17578125,0.0242919921875,0.24591064453125,1.32,2.582907135984352,1.6084902719124299,0.0,3.1474098496091094,0.0,1-24553,grid,0.009640075266361237,-0.019527748227119446,-0.006196246948093176,0.004097407683730125,0.02004703408564797,0.027774116050594072,,,,,,,,
350,9196-6101,0.09894345115824105,strict,11808,0.12422338520307451,0.17578125,0.720703125,1.0,1.32,2.577600723885548,6.016657372816466,0.0,11.74889424207806,0.0,1-24557,grid,0.0031893551349639893,0.038947299122810364,0.007481792010366917,-0.0023529776372015476,0.04554742871291131,0.030188348970453558,,,,,,,,
351,8547-6102,0.030466246544002505,strict,2066,0.37211014155075245,0.17578125,0.1260986328125,0.9954833984375,1.32,2.521129723690152,2.008570750970404,0.0,3.8362631987925258,0.0,1-245670,grid,-0.0059305354952812195,-0.0029234811663627625,0.001321528572589159,-0.0027202588971704245,0.012090959700035426,0.01560338156198203,,,,,,,,
352,8595-12702,0.04636367083087207,strict,7016,0.24922951545237707,0.17578125,0.42822265625,1.0,1.32,2.32473020173135,2.9988805503299774,0.0,5.281506202073355,0.0,1-245980,grid,0.0002659112215042114,0.014107577502727509,0.0031945863738656044,0.0066526285372674465,0.014626673261461307,0.017719788301225566,,,,,,,,
353,9196-6103,0.02987974564799127,strict,2007,0.3791457310148766,0.17578125,0.12249755859375,1.0,1.32,2.6060839567701355,1.9712988577180417,0.0,3.8919472174986987,0.0,1-24603,grid,-0.028263866901397705,0.017182819545269012,-0.0178948356769979,-0.007639234885573387,0.015226369374654745,0.01331771141908282,,,,,,,,
354,9196-3702,0.07975992185111144,strict,5166,0.1507043364559777,0.17578125,0.3153076171875,1.0,1.32,2.621850080922964,4.959442866971676,0.0,9.850693698562502,0.0,1-24641,grid,-0.04944518208503723,0.07140699028968811,-0.028315279632806778,0.012401955900713801,0.03717017071679443,0.04687367788040092,,,,,,,,
355,8592-6101,0.025994639712623415,strict,1642,0.43377048481370006,0.17578125,0.1002197265625,0.7183837890625,1.32,2.4237539706422577,1.7230530260243566,0.0,3.1638307677679474,0.0,1-246437,grid,-0.006305411458015442,-0.0003880448639392853,0.005059461575001478,0.012394502758979797,0.010134174151582362,0.015920050245281106,,,,,,,,
356,9865-1902,0.030266446238762873,strict,164,0.3744762883578588,0.17578125,0.010009765625,0.2318115234375,1.32,2.637658944715764,1.995879498100705,0.0,3.9882192505607073,0.0,1-246484,grid,0.013594064861536026,-0.03886403888463974,0.002779047004878521,-0.0036375895142555237,0.01645671917556001,0.021267872905413647,,,,,,,,
357,9196-12704,0.060900393038965016,strict,4580,0.19304559574688818,0.17578125,0.279541015625,1.0,1.32,2.6031676837330555,3.871673650810788,0.0,7.635314946781379,0.0,1-24652,grid,0.02130545675754547,0.013859245926141739,-0.019013131968677044,-0.016455068485811353,0.024171061312339325,0.03414682034726306,,,,,,,,
358,9196-12703,0.08185772505597481,strict,13469,0.14720242604138808,0.17578125,0.82208251953125,1.0,1.32,2.5667625566754935,5.077426823442115,0.0,9.873143223235616,0.0,1-24660,grid,-0.028689488768577576,0.08060340583324432,-0.02818186627700925,0.02056240919046104,0.03136656944172615,0.03578501552704438,,,,,,,,
359,9865-3703,0.037361857078589154,strict,603,0.30596174210661914,0.17578125,0.03680419921875,0.82958984375,1.32,2.7551471309570856,2.4428202732544473,0.0,5.0987342934096915,0.0,1-246760,grid,-0.01169462502002716,0.014676712453365326,0.001780608668923378,-0.004724765662103891,0.009845159695289776,0.01016320890838504,,,,,,,,
360,8598-12702,0.05594778547274978,strict,9878,0.2089050068747081,0.17578125,0.6029052734375,1.0,1.32,2.5589368614918304,3.577748363429896,0.0,6.935781945699114,0.0,1-246857,grid,0.010376393795013428,0.011003896594047546,0.01347799552604556,0.004619999090209603,0.012474571765448268,0.024768562068425534,,,,,,,,
361,12518-6102,0.08450973910751915,strict,1612,0.14302474835882173,0.17578125,0.098388671875,1.0,1.32,2.368483973230318,5.225735790726166,0.0,9.376569294447714,0.0,1-2469,grid,-0.010745547711849213,0.0406406968832016,0.005068213678896427,-0.015875840559601784,0.0131317420346836,0.05371584821511032,,,,,,,,
362,8596-12702,0.038333758563385945,strict,6604,0.29855268472384094,0.17578125,0.403076171875,1.0,1.32,2.446315310492519,2.503442724521625,0.0,4.639553231771482,0.0,1-247082,grid,0.0017155110836029053,-0.009720377624034882,-0.004309776239097118,-0.010526576545089483,0.012761611965433486,0.011520373070498474,,,,,,,,
363,8598-6104,0.06897940538146248,strict,9154,0.17206800529042898,0.17578125,0.5587158203125,1.0,1.32,2.5456966397171095,4.343686934690534,0.0,8.377052449715759,0.0,1-247247,grid,-0.01656179130077362,0.006751909852027893,0.009480297099798918,0.016935519874095917,0.015347799909880234,0.01041176632063906,,,,,,,,
364,8488-12705,0.036541755825701155,strict,3429,0.31252032617692693,0.17578125,0.20928955078125,1.0,1.32,2.442400875326681,2.3915549929228206,0.0,4.425103036444388,0.0,1-247377,grid,0.027977794408798218,0.006638690829277039,0.02223258651793003,-0.006815042579546571,0.013628461403427848,0.02809574389421229,,,,,,,,
365,8551-12704,0.029372044872364837,strict,2618,0.38546299786024074,0.17578125,0.1597900390625,1.0,1.32,2.458018048598746,1.9389916817107569,0.0,3.610664052824148,0.0,1-247417,grid,-0.01062602549791336,0.03504810482263565,-0.012578308116644621,0.025072395335882902,0.009136644703644805,0.009281575566641284,,,,,,,,
366,8551-12702,0.07050550771292496,strict,9948,0.16864601971657625,0.17578125,0.607177734375,1.0,1.32,2.3595003687790643,4.431824407800328,0.0,7.921887367097677,0.0,1-247456,grid,-0.031642839312553406,0.010149538516998291,-0.004527910612523556,0.002054271288216114,0.02028202783411161,0.013983237272024465,,,,,,,,
367,8488-12702,0.06635110136614052,strict,7429,0.17833108969796635,0.17578125,0.45343017578125,1.0,1.32,2.3646719814237667,4.1911342981426385,0.0,7.508074125153075,0.0,1-247614,grid,-0.003186732530593872,0.04198622703552246,0.03013669792562723,0.05016745300963521,0.02784066427187512,0.021819661660338944,,,,,,,,
368,9035-6102,0.10117315456461147,strict,12882,0.12179874557363457,0.17578125,0.7862548828125,1.0,1.32,2.5214011221815906,6.1364305760147975,0.0,11.721517379206919,0.0,1-247674,grid,-0.045976102352142334,0.008473724126815796,0.004227674566209316,0.023223029915243387,0.04104625111841494,0.013371653899504777,,,,,,,,
369,9035-3701,0.03707425663921519,strict,708,0.30822871420590725,0.17578125,0.043212890625,0.25286865234375,1.32,2.492298657471866,2.4248537271547095,0.0,4.578378552085858,0.0,1-247714,grid,0.009538616985082626,-0.018373459577560425,-0.0024427324533462524,-0.003177305217832327,0.01259748367600218,0.013510500280585884,,,,,,,,
370,9035-3702,0.036887556353988764,strict,717,0.309719285599981,0.17578125,0.04376220703125,0.250244140625,1.32,2.474924033709566,2.4131837480201908,0.0,4.524580648282196,0.0,1-247755,grid,0.013780280947685242,-0.007124565541744232,0.00037067290395498276,0.021581850945949554,0.02268006066301216,0.028526879023307555,,,,,,,,
371,9037-1902,0.01980503025661125,strict,181,0.5650780422542067,0.17578125,0.01104736328125,0.16839599609375,1.32,2.5233040330682184,1.322666057730248,0.0,2.528400452934224,0.0,1-247775,grid,0.008781462907791138,-0.0032903961837291718,-0.0007933387532830238,0.0005485187284648418,0.016374136452330566,0.013664974981280532,,,,,,,,
372,8551-6104,0.03650775577375848,strict,599,0.3127985985751876,0.17578125,0.03656005859375,0.53607177734375,1.32,2.4070426730200003,2.3894274138783995,0.0,4.357161931279642,0.0,1-247817,grid,-0.007463514804840088,0.013456016778945923,-0.017463109921664,-0.005194597411900759,0.01596878282688294,0.021286296080199253,,,,,,,,
373,8488-3701,0.03746355723395888,strict,1214,0.30516843830866314,0.17578125,0.0740966796875,0.346923828125,1.32,2.3483163724759026,2.4491705321843584,0.0,4.357141863419733,0.0,1-247885,grid,0.023707516491413116,-0.01851119101047516,-0.0017135683447122574,-0.0016340827569365501,0.01544599264397392,0.01500025398081022,,,,,,,,
374,9196-9101,0.06186389451092891,strict,8873,0.19025564137737833,0.17578125,0.54156494140625,1.0,1.32,2.5954410507893346,3.9284488020819666,0.0,7.7242858233694855,0.0,1-24814,grid,0.0454251728951931,-0.004719331860542297,0.01852736482396722,-0.0070135085843503475,0.015872557019041326,0.020017738383220213,,,,,,,,
375,8313-12705,0.03153714818004416,strict,4264,0.3599390808647239,0.17578125,0.26025390625,1.0,1.32,2.603608437545104,2.0764890121481345,0.0,4.095730539771652,0.0,1-248233,grid,-0.031721919775009155,0.022874899208545685,-0.027290727011859417,0.01273874705657363,0.01032438045694041,0.008468212260751206,,,,,,,,
376,8313-12702,0.033343350939422665,strict,5423,0.3411830182433579,0.17578125,0.33099365234375,1.0,1.32,2.597575887576558,2.190641111935965,0.0,4.310876159620274,0.0,1-248388,grid,0.0050370171666145325,0.045051731169223785,-0.004372954834252596,-0.0015668952837586403,0.012972645605132003,0.02226523327349761,,,,,,,,
377,8314-12705,0.03114604758255057,strict,2721,0.3642869871456874,0.17578125,0.16607666015625,1.0,1.32,2.3947937846851057,2.0517053115580834,0.0,3.722281157670239,0.0,1-248848,grid,0.024548612534999847,-0.05710650235414505,-0.005044841673225164,-0.04152326891198754,0.01730121351188199,0.007603624121806451,,,,,,,,
378,12674-9101,0.046610781208388415,strict,1776,0.24798135864092694,0.17578125,0.1083984375,0.8468017578125,1.32,2.6124651511340407,3.0139747219488995,0.0,5.965078732947279,0.0,1-248992,grid,-0.004474915564060211,0.031016670167446136,0.0005322638899087906,0.007761610904708505,0.014238185848299884,0.03751906803081344,,,,,,,,
379,12667-6101,0.03414063515745254,strict,2422,0.33353539738002486,0.17578125,0.1478271484375,0.92242431640625,1.32,2.4289633196961766,2.2408702414476016,0.0,4.123478500511317,0.0,1-249009,grid,0.008703779429197311,-0.016319140791893005,0.0076851267367601395,-0.0014674549456685781,0.015317716428967796,0.01593754822770109,,,,,,,,
380,11940-9102,0.03291225228082309,strict,2827,0.3454725500627086,0.17578125,0.17254638671875,1.0,1.32,2.5896852787926252,2.1634411947421923,0.0,4.244418040573776,0.0,1-249088,grid,-0.01482485979795456,-0.028540760278701782,-0.00988075090572238,-0.021849544253200293,0.010374107025980713,0.014276666211277643,,,,,,,,
381,12675-12702,0.05783506335598865,strict,3064,0.20254081030867466,0.17578125,0.18701171875,0.9981689453125,1.32,2.5530154064355046,3.690167652233823,0.0,7.137162779153701,0.0,1-249204,grid,0.051801443099975586,-0.044610895216464996,0.04062506929039955,-0.03475422225892544,0.01806703151431521,0.010571872625261726,,,,,,,,
382,12675-12701,0.03117946263359953,strict,2675,0.3639112455641782,0.17578125,0.16326904296875,1.0,1.32,2.5884544788735484,2.0538237154490115,0.0,4.027446359902049,0.0,1-249206,grid,0.028984423726797104,-0.045906104147434235,0.03305129799991846,-0.03360856999643147,0.016682717861146876,0.011822049796072664,,,,,,,,
383,11950-6101,0.03575872162944138,strict,738,0.3190633496698914,0.17578125,0.0450439453125,0.9774169921875,1.32,2.3010237375620513,2.342511439284961,0.0,4.083465475231318,0.0,1-250008,grid,-0.01587221771478653,0.02495517022907734,0.00264599546790123,-0.004800605354830623,0.015443214904258281,0.021805993842027593,,,,,,,,
384,11951-9102,0.062463110426365175,strict,11667,0.18856399329824816,0.17578125,0.71209716796875,1.0,1.32,2.663651876771269,3.9636917599434494,0.0,7.998405299481956,0.0,1-250343,grid,-0.01756937801837921,0.013047877699136734,-0.007013946771621704,-0.013382138218730688,0.027749865272162295,0.021929416037644495,,,,,,,,
385,11951-12701,0.05509547417065371,strict,8757,0.21192220776360993,0.17578125,0.53448486328125,1.0,1.32,2.7397780395067013,3.526810872468831,0.0,7.320211346881495,0.0,1-250479,grid,-0.028737932443618774,0.04149243235588074,-0.012124822475016117,-0.006680471356958151,0.02222967236190239,0.039977839333118874,,,,,,,,
386,8327-12701,0.053492081721113305,strict,4012,0.21785910401803407,0.17578125,0.244873046875,1.0,1.32,2.5250972926776485,3.4307014610526836,0.0,6.562768917643472,0.0,1-250806,grid,0.08143965899944305,-0.02234587073326111,0.04433780908584595,-0.03141940385103226,0.026414538606955636,0.03264293052480116,,,,,,,,
387,8327-3701,0.07814411938261194,strict,2969,0.15353010715993684,0.17578125,0.18121337890625,0.99517822265625,1.32,2.4790430094596525,4.868162735532383,0.0,9.14271575638904,0.0,1-250810,grid,-0.08231788873672485,0.029374489560723305,-0.02449984196573496,0.021445037564262748,0.032783665395534047,0.03099740178685916,,,,,,,,
388,8327-12704,0.06444149844879517,strict,9436,0.1832025024352383,0.17578125,0.575927734375,1.0,1.32,2.529921914732131,4.079690705767001,0.0,7.819165849885552,0.0,1-250870,grid,0.0013748407363891602,0.032302435487508774,0.009581181220710278,-0.00503891333937645,0.008962246209531241,0.05106275166921912,,,,,,,,
389,8331-12704,0.02793134267137015,strict,2606,0.40464037123415336,0.17578125,0.1590576171875,1.0,1.32,2.4292694219069033,1.8470958401374993,0.0,3.399313214982931,0.0,1-250997,grid,-0.023732557892799377,0.028575416654348373,-0.012772699352353811,0.008458598516881466,0.011290832672201448,0.012486504108914952,,,,,,,,
390,8332-12702,0.09293114197309468,strict,13359,0.1313432311678033,0.17578125,0.81536865234375,1.0,1.32,2.488276013034015,5.690506772316362,0.0,10.726932957244255,0.0,1-251115,grid,-0.011379219591617584,0.014379806816577911,0.042736672796308994,0.016098960768431425,0.03516775918978103,0.03155943299672651,,,,,,,,
391,8332-3704,0.042767165336405906,strict,704,0.2690293389143182,0.17578125,0.04296875,0.32861328125,1.32,2.5446795140499163,2.7781711447327937,0.0,5.355723635247079,0.0,1-251198,grid,0.007584713399410248,0.0020682215690612793,-0.008153537753969431,2.385210245847702e-05,0.01358327133359233,0.00960724369122607,,,,,,,,
392,8332-9102,0.03233174939397516,strict,1746,0.3514294809207898,0.17578125,0.1065673828125,1.0,1.32,2.5031931193519594,2.1267696281484136,0.0,4.033117499718055,0.0,1-251307,grid,-0.03049209713935852,0.015391364693641663,-0.013507794588804245,0.009505917318165302,0.014444120668978105,0.013209140590590869,,,,,,,,
393,8335-12701,0.06332119673728386,strict,8550,0.186197353783036,0.17578125,0.5218505859375,1.0,1.32,2.330410015279663,4.014071796794744,0.0,7.086691755531897,0.0,1-251762,grid,0.042296670377254486,0.003210362046957016,0.059763142839074135,0.015953265596181154,0.012782821377805542,0.03438038683109922,,,,,,,,
394,8333-6102,0.10265615683022897,strict,14782,0.12024461964220698,0.17578125,0.9022216796875,1.0,1.32,2.560810451072433,6.215742115383185,0.0,12.058588916851768,0.0,1-251871,grid,-0.03675462305545807,-0.03082209825515747,-0.004997996613383293,-0.006407084874808788,0.025740509988154827,0.021313874014418775,,,,,,,,
395,8441-12701,0.031661748370398805,strict,2534,0.358576456807254,0.17578125,0.1546630859375,1.0,1.32,2.4873557292170525,2.0843798645153493,0.0,3.927722877171907,0.0,1-252202,grid,0.022149071097373962,0.003887377679347992,-0.0011291229166090488,-0.026164486538618803,0.014278935918220511,0.028430736798868293,,,,,,,,
396,8441-6104,0.028443243453413033,strict,1857,0.39760382444312387,0.17578125,0.11334228515625,0.9493408203125,1.32,2.503729210732352,1.8797846009280852,0.0,3.5655087994155332,0.0,1-252508,grid,-0.006726905703544617,-0.004763931035995483,-0.017833507154136896,0.005099812522530556,0.013928954252400622,0.01190727464904828,,,,,,,,
397,8441-12704,0.028971644260663395,strict,1647,0.3906013493353838,0.17578125,0.10052490234375,1.0,1.32,2.4784734292688233,1.9134842921818647,0.0,3.592818163254555,0.0,1-252522,grid,0.012202389538288116,-0.002468738704919815,0.012089208234101534,-0.02102865558117628,0.012933973838682295,0.008829665710257334,,,,,,,,
398,8255-12705,0.05675238670195802,strict,10266,0.20613994670674238,0.17578125,0.6265869140625,1.0,1.32,2.629144444732366,3.6257385256898975,0.0,7.221659320355842,0.0,1-255958,grid,-0.021464653313159943,0.03792305290699005,0.005195583216845989,-0.003267974127084017,0.020714627316868395,0.037554314289629846,,,,,,,,
399,8255-12704,0.025189338482345763,strict,1464,0.4472019394911071,0.17578125,0.08935546875,1.0,1.32,2.6553148571604215,1.671302113109822,0.0,3.3619949482909983,0.0,1-256150,grid,0.00026553869247436523,-0.02717466652393341,0.00010074535384774208,-0.02113364916294813,0.008371236901233054,0.021405848992842008,,,,,,,,
400,8255-1901,0.03648725574244009,strict,712,0.312966631187778,0.17578125,0.04345703125,0.53448486328125,1.32,2.6399034257977263,2.3881445239759667,0.0,4.7761143258668435,0.0,1-256155,grid,-0.003291584551334381,0.012157820165157318,-0.007485982030630112,-0.007365919416770339,0.013531421370102116,0.019961590943513196,,,,,,,,
401,8258-12704,0.025028738236992976,strict,2940,0.4499839535007713,0.17578125,0.179443359375,1.0,1.32,2.460237154041823,1.6609693315586573,0.0,3.0957412585035002,0.0,1-256293,grid,0.0004948973655700684,0.005725540220737457,-0.004200097639113665,0.01367972232401371,0.012586558446105142,0.01867485508978936,,,,,,,,
402,8624-12702,0.030052845912440625,strict,2255,0.3770406699010624,0.17578125,0.13763427734375,1.0,1.32,2.542458990475493,1.9823048443405924,0.0,3.818127858603683,0.0,1-25656,grid,0.017058778554201126,-0.027465470135211945,-0.0032088751904666424,-0.010439036879688501,0.014184433180369384,0.014292958236202776,,,,,,,,
403,8258-12703,0.06608080095319623,strict,9068,0.17900349714807887,0.17578125,0.553466796875,1.0,1.32,2.3477460881858265,4.175390751388566,0.0,7.426331290318019,0.0,1-256574,grid,0.012935109436511993,0.00928659737110138,0.0019510816782712936,-0.02311242977157235,0.010701213238206955,0.03671123331393739,,,,,,,,
404,8466-12705,0.045258069141818326,strict,2932,0.2549809549319451,0.17578125,0.178955078125,1.0,1.32,2.311758630897831,2.931236753183323,0.0,5.133569593467032,0.0,1-257100,grid,-0.004337124526500702,0.018238775432109833,-0.016711882781237364,-0.005380849353969097,0.011011990783130084,0.022129837228355147,,,,,,,,
405,8624-9102,0.028360843327528418,strict,2681,0.3987193320512192,0.17578125,0.16363525390625,0.9892578125,1.32,2.6567246122402115,1.8745254778925202,0.0,3.772801494991214,0.0,1-25740,grid,-0.004912018775939941,0.024930831044912338,0.017075103241950274,0.00937785068526864,0.018699530820768497,0.011045230482523484,,,,,,,,
406,8624-12703,0.030702646905156908,strict,2445,0.3693503433341491,0.17578125,0.14923095703125,1.0,1.32,2.6614629879176728,2.023578859332807,0.0,4.080060785793127,0.0,1-25746,grid,-0.005035907030105591,-0.017371870577335358,0.008013593964278698,-0.005046005826443434,0.013772368274095193,0.015148236083712945,,,,,,,,
407,8259-6102,0.042651965160411885,strict,1160,0.26971877830365665,0.17578125,0.07080078125,0.8763427734375,1.32,2.534631851722311,2.7710697458997253,0.0,5.320940637349617,0.0,1-257627,grid,-0.03537255525588989,0.02462385967373848,-0.008551177568733692,0.020295001100748777,0.016324925779323915,0.018021796245600904,,,,,,,,
408,8259-1902,0.024211136987924292,strict,395,0.46471928214988073,0.17578125,0.02410888671875,0.11187744140625,1.32,2.4802870341471306,1.60830328150069,0.0,3.0220104364260933,0.0,1-257652,grid,0.03862814977765083,-0.035998471081256866,0.006878520827740431,0.0013022394850850105,0.04087950719578141,0.03106426461926844,,,,,,,,
409,8260-9101,0.03754225735419091,strict,4666,0.3045574957423471,0.17578125,0.2847900390625,1.0,1.32,2.355077845962105,2.4540835701203685,0.0,4.378452915250052,0.0,1-258373,grid,0.008289419114589691,0.01058957725763321,0.016183572821319103,-0.007247785106301308,0.0095206114358408,0.015820393534756512,,,,,,,,
410,8261-6103,0.06654140165686676,strict,2737,0.17786097480688592,0.17578125,0.16705322265625,1.0,1.32,2.7415126286981537,4.2022121337736085,0.0,8.727589116067396,0.0,1-258380,grid,-0.024768903851509094,0.059293489903211594,-0.013322461862117052,0.002939585130661726,0.009560328977234795,0.05206665595594561,,,,,,,,
411,11755-12704,0.06542512995151219,strict,6387,0.180657683922004,0.17578125,0.38983154296875,1.0,1.32,2.502417391390326,4.137158908673821,0.0,7.843104851523324,0.0,1-258555,grid,-0.02914862334728241,0.07072098553180695,-0.018225996755063534,0.036865174770355225,0.017382603721203427,0.03464184771801008,,,,,,,,
412,8262-12705,0.07472641416130317,strict,8213,0.15991058930279792,0.17578125,0.50128173828125,1.0,1.32,2.582149082978785,4.6739215315068625,0.0,9.143001664011546,0.0,1-258631,grid,-0.02905932068824768,-0.0003965646028518677,-0.025000831577926874,-0.03377917408943176,0.011023399571364502,0.03740501443313957,,,,,,,,
413,8262-3703,0.06743940302876461,strict,4593,0.17567842049150073,0.17578125,0.28033447265625,1.0,1.32,2.5927117113055225,4.2544186381414875,0.0,8.356425021140852,0.0,1-258667,grid,0.000825926661491394,0.03930933028459549,0.021811651065945625,-0.0005312173161655664,0.014423087202816504,0.03762982673055462,,,,,,,,
414,8464-12702,0.05358598186456676,strict,3469,0.21750161501246904,0.17578125,0.21173095703125,1.0,1.32,2.482278831242144,3.436340214832199,0.0,6.462086797139429,0.0,1-258988,grid,-0.004371531307697296,0.051716309040784836,-0.00900963693857193,0.029780746903270483,0.00859752419098297,0.03419602604063864,,,,,,,,
415,8341-9101,0.05121367824034263,strict,7142,0.22693545449072783,0.17578125,0.4359130859375,1.0,1.32,2.5057689003008723,3.2934895436924156,0.0,6.252063387917095,0.0,1-259050,grid,-0.021875053644180298,0.04202878847718239,-0.011907842941582203,-0.006482554599642754,0.00943613202174026,0.036564860911246944,,,,,,,,
416,8341-3702,0.024225037009159685,strict,788,0.4644604542386854,0.17578125,0.048095703125,0.3609619140625,1.32,2.527154788578399,1.6091995338621565,0.0,3.0808305361953607,0.0,1-259058,grid,0.00305233895778656,-0.004481252282857895,-0.0013872236013412476,-0.005501690786331892,0.029142171276961983,0.018869740544007998,,,,,,,,
417,8317-12703,0.07189850984104712,strict,5427,0.1656495163740833,0.17578125,0.33123779296875,1.0,1.32,2.597661654947693,4.511993531997019,0.0,8.879267110182319,0.0,1-259108,grid,-0.0685068666934967,0.016677632927894592,-0.051520662382245064,-0.008518496993929148,0.016500035775083504,0.04183103295528127,,,,,,,,
418,8317-12704,0.05432348299126461,strict,10059,0.2147368746528284,0.17578125,0.61395263671875,1.0,1.32,2.509343322855224,3.4805831446818702,0.0,6.616650055871129,0.0,1-259142,grid,0.027881920337677002,0.048575110733509064,0.014928772579878569,0.020050492137670517,0.012343440952721569,0.030343454156120022,,,,,,,,
419,8317-9101,0.05024357675829575,strict,5390,0.23105009204192734,0.17578125,0.3289794921875,1.0,1.32,2.5385373276216887,3.234837691917777,0.0,6.221027446765806,0.0,1-259175,grid,-0.012742072343826294,0.04089495539665222,-0.004725108854472637,0.00605957442894578,0.014513104648953879,0.03715579529590146,,,,,,,,
420,7991-12705,0.11315317286676763,strict,15916,0.11041313307761279,0.17578125,0.971435546875,1.0,1.32,2.281032793660574,6.769208749224796,0.0,11.697566018269569,0.0,1-25937,grid,-0.030273638665676117,0.05012504756450653,-0.031918753404170275,-0.004915035329759121,0.04511137610958823,0.03148532147489801,,,,,,,,
421,8330-9102,0.02411053683423507,strict,1228,0.4666014236195906,0.17578125,0.074951171875,1.0,1.32,2.7044284922175432,1.6018158295797311,0.0,3.281815430909473,0.0,1-260481,grid,0.006908155977725983,-0.04923345148563385,0.005599654279649258,-0.02704339800402522,0.011848835377699788,0.024856632507990594,,,,,,,,
422,12066-12701,0.060273594081389464,strict,8699,0.19490853072636413,0.17578125,0.53094482421875,1.0,1.32,2.477174690082878,3.834668209097532,0.0,7.196320479122609,0.0,1-26079,grid,-0.013629019260406494,0.04301338642835617,-0.0007780455052852631,-0.010301231872290373,0.026472952598834008,0.045488925999776914,,,,,,,,
423,8336-3703,0.024966438141815657,strict,168,0.4510727903550191,0.17578125,0.01025390625,0.16058349609375,1.32,2.427805949820025,1.6569599462429234,0.0,3.0475584970469987,0.0,1-260946,grid,0.0018312931060791016,0.008151084184646606,-0.0062302411533892155,0.001346889417618513,0.008690343329287833,0.007303889264901882,,,,,,,,
424,12066-9101,0.07359608243446877,strict,4928,0.16215146573261568,0.17578125,0.30078125,1.0,1.32,2.4722565901004483,4.609329573935277,0.0,8.632913193262407,0.0,1-26135,grid,0.06212810426950455,0.03866490721702576,0.0779594392515719,0.000903070904314518,0.022694959044967343,0.04714736431691653,,,,,,,,
425,8334-3704,0.046151370506535866,strict,1612,0.2503125287138077,0.17578125,0.098388671875,0.37896728515625,1.32,2.321255560144422,2.9859054610600064,0.0,5.25079519208419,0.0,1-261360,grid,0.038277607411146164,-0.0111270472407341,0.0018509235233068466,-0.006399763748049736,0.019829543350438725,0.016040683127945713,,,,,,,,
426,12066-3703,0.027504866019831726,strict,891,0.4107027419137978,0.17578125,0.05438232421875,0.64398193359375,1.32,2.4700026352976012,1.8198309146306393,0.0,3.405293299192214,0.0,1-26172,grid,-0.0068349689245224,-0.01758786290884018,0.0008689332753419876,-0.004186470294371247,0.023066275947271793,0.01421552699862023,,,,,,,,
427,9024-9101,0.06568390034684181,strict,8628,0.1800008834851935,0.17578125,0.526611328125,1.0,1.32,2.169256932423309,4.152254877792188,0.0,6.823717938514548,0.0,1-262322,grid,-0.04709281027317047,0.007259875535964966,-0.02272653765976429,-0.0033702843356877565,0.018825309852381112,0.02228258958999388,,,,,,,,
428,8652-12703,0.03008874596728598,strict,4163,0.37660712510998046,0.17578125,0.25408935546875,1.0,1.32,2.3947253016443963,1.9845868456153937,0.0,3.6004093428074424,0.0,1-26406,grid,-0.009133458137512207,0.023395869880914688,-0.0038752020336687565,0.02469664253294468,0.007204855437174096,0.012294340819454012,,,,,,,,
429,9041-1901,0.031618548304401056,strict,55,0.3590476748043404,0.17578125,0.00335693359375,0.32568359375,1.32,2.504758101317098,2.0816443021545585,0.0,3.9500116893047026,0.0,1-264158,grid,0.05896151438355446,0.02487591840326786,0.026170769706368446,-0.010448740795254707,0.017611244366445712,0.027461906268539532,,,,,,,,
430,9887-12705,0.07485281435440773,strict,11015,0.15966421689239102,0.17578125,0.67230224609375,1.0,1.32,2.495483942947016,4.681133700496149,0.0,8.849768169982035,0.0,1-264375,grid,-0.05327232927083969,-0.037598587572574615,-0.010955514386296272,-0.031056896084919572,0.038032762876126676,0.012903397651279406,,,,,,,,
431,9887-3702,0.030724346938308555,strict,478,0.36909914039574687,0.17578125,0.0291748046875,0.65777587890625,1.32,2.528293307170229,2.024956074557443,0.0,3.8785476444070306,0.0,1-264427,grid,-0.015856802463531494,0.014094635844230652,-0.020940632559359074,0.0020871805027127266,0.015347758178718657,0.018059528528597428,,,,,,,,
432,12067-6101,0.045543019577143816,strict,4606,0.2534718873010691,0.17578125,0.2811279296875,1.0,1.32,2.407893864538049,2.948688134280308,0.0,5.378884899219471,0.0,1-26458,grid,-0.0052006542682647705,0.046151578426361084,0.011736501939594746,0.015347745968028903,0.015478808404269956,0.021833478867885434,,,,,,,,
433,9887-3703,0.09330324254156148,strict,10120,0.1308758617727399,0.17578125,0.61767578125,1.0,1.32,2.487644461783984,5.710828080399893,0.0,10.762507459399433,0.0,1-264944,grid,-0.027495503425598145,-0.019592829048633575,-0.022006360348314047,-0.009029058739542961,0.01128838211566655,0.028772326882855727,,,,,,,,
434,9093-12701,0.05140407853122165,strict,1696,0.22614612900932235,0.17578125,0.103515625,1.0,1.32,2.523425686813392,3.3049849216189227,0.0,6.318093822533435,0.0,1-265338,grid,0.007696110755205154,0.0372973307967186,0.028939551673829556,0.017633609008044004,0.013422157942792091,0.02679419778114356,,,,,,,,
435,9088-3703,0.04776517297197991,strict,750,0.24232172761502146,0.17578125,0.0457763671875,0.4051513671875,1.32,2.4007298928736835,3.08436867718983,0.0,5.609648548464307,0.0,1-265618,grid,0.03562591224908829,-0.02660694718360901,0.010507163591682911,-0.008677247911691666,0.015190174646171522,0.026695406823935477,,,,,,,,
436,9088-12701,0.06901190543111357,strict,9532,0.17199355041823708,0.17578125,0.581787109375,1.0,1.32,2.469335183972481,4.3455672880804,0.0,8.129289544527886,0.0,1-265639,grid,-0.019767023622989655,-0.03206399828195572,-0.018936348613351583,-0.03631649073213339,0.01809079784104462,0.018218820980564328,,,,,,,,
437,9091-1902,0.030734746954196906,strict,116,0.36897887398458934,0.17578125,0.007080078125,0.38812255859375,1.32,2.3488476168202452,2.025616096626481,0.0,3.6044420766316945,0.0,1-265713,grid,0.010806471109390259,-0.016266457736492157,-0.007802473846822977,-0.01742140529677272,0.013849228063133963,0.011462111624103441,,,,,,,,
438,9088-6102,0.031197747661533996,strict,1174,0.3637059771050296,0.17578125,0.0716552734375,0.97479248046875,1.32,2.4662049722069077,2.054982852928106,0.0,3.839400704311538,0.0,1-265769,grid,-0.016214773058891296,-0.016904957592487335,0.000682963989675045,-0.015733609441667795,0.009984572566055934,0.004485927107581839,,,,,,,,
439,9091-6104,0.031875748697332146,strict,1787,0.35626102376456986,0.17578125,0.10906982421875,1.0,1.32,2.39190546226211,2.097926791318641,0.0,3.8015473875614223,0.0,1-265783,grid,0.0032280460000038147,0.006776142865419388,-0.014040111098438501,-0.0015234746970236301,0.013492672081738157,0.013517602309353107,,,,,,,,
440,8329-6103,0.03126724776771095,strict,2017,0.3629279573412592,0.17578125,0.12310791015625,0.95269775390625,1.32,2.4604685739099748,2.059388182529881,0.0,3.8386817459063263,0.0,1-265988,grid,-0.005856417119503021,-0.03753180056810379,0.00035690050572156906,-0.014570688363164663,0.012987058204283811,0.0137673285060954,,,,,,,,
441,8329-3702,0.0403451616362538,strict,1022,0.28435361549194177,0.17578125,0.0623779296875,0.295166015625,1.32,2.3689801460004345,2.6284510051516428,0.0,4.717233519650853,0.0,1-266045,grid,0.010673530399799347,-0.0065949708223342896,-0.004114843904972076,-0.010530197527259588,0.016300731303160905,0.02106532848135686,,,,,,,,
442,8333-12703,0.03501455349255817,strict,2909,0.32555294647462996,0.17578125,0.17755126953125,1.0,1.32,2.6014063832768337,2.295815640902341,0.0,4.524507168992534,0.0,1-266112,grid,0.027621924877166748,-0.02552507072687149,0.012192328926175833,-0.01937149092555046,0.012171473947323014,0.016557177370148793,,,,,,,,
443,12067-12704,0.08938373655363986,strict,14396,0.13599485635967104,0.17578125,0.878662109375,1.0,1.32,2.434235262137958,5.495866288366041,0.0,10.135023875102934,0.0,1-26670,grid,-0.023162752389907837,0.03143369406461716,-0.022118257824331522,-0.0005418637301772833,0.00876826818108099,0.027261844757439858,,,,,,,,
444,9032-3703,0.05390958235893886,strict,2269,0.21627917995170723,0.17578125,0.13848876953125,1.0,1.32,2.3233094602884377,3.4557628090932586,0.0,6.082429111272206,0.0,1-268956,grid,0.025813139975070953,0.05263466760516167,0.004200459457933903,0.0018511414527893066,0.027493024094339496,0.029401918953332884,,,,,,,,
445,9028-12705,0.06101649321633399,strict,6349,0.192704736275623,0.17578125,0.38751220703125,1.0,1.32,2.2513980958766178,3.8785219341432695,0.0,6.615224922231707,0.0,1-269070,grid,-0.007072195410728455,0.03912857919931412,0.015625495929270983,0.01695872936397791,0.015078047320086956,0.020578029957259332,,,,,,,,
446,9030-12702,0.047118171983541256,strict,4946,0.2454595920947205,0.17578125,0.3018798828125,0.994873046875,1.32,2.4390781290660923,3.044939250815181,0.0,5.626397523483484,0.0,1-269165,grid,0.014326740056276321,0.03931190073490143,-0.0013803313486278057,0.0058399527333676815,0.01302231727056189,0.04035246650966617,,,,,,,,
447,12067-12703,0.05702789712286179,strict,4206,0.20521109093052403,0.17578125,0.2567138671875,1.0,1.32,2.436353654979826,3.642149861731108,0.0,6.72239782394913,0.0,1-26934,grid,-0.021380983293056488,0.014598872512578964,-0.015993716195225716,-0.020384567324072123,0.01096028533822811,0.031765430906129904,,,,,,,,
448,9025-6103,0.061035293245055244,strict,1102,0.1926496632648755,0.17578125,0.0672607421875,1.0,1.32,2.421055149061385,3.8796306922721113,0.0,7.11575747271362,0.0,1-269577,grid,0.010485704988241196,-0.060980431735515594,0.0008810623548924923,-0.03770811902359128,0.014317774035499827,0.017247506963638366,,,,,,,,
449,9047-12703,0.04772557291148196,strict,8414,0.24251133622274823,0.17578125,0.5135498046875,1.0,1.32,2.3653042609828767,3.08195714930125,0.0,5.522550285915823,0.0,1-269638,grid,0.017486438155174255,0.025252999737858772,0.009856987278908491,0.003341164905577898,0.012305541878601948,0.019692351337952135,,,,,,,,
450,12068-9102,0.0567805297449528,strict,7517,0.20604465143985481,0.17578125,0.45880126953125,1.0,1.32,2.574780328926731,3.627415422993737,0.0,7.075604451492203,0.0,1-26985,grid,-0.02043592929840088,0.037040263414382935,-0.0035306215286254883,0.011766377836465836,0.010765381032475001,0.03440207284765457,,,,,,,,
451,9049-9101,0.049715375951350935,strict,2612,0.23335800779435537,0.17578125,0.159423828125,0.9520263671875,1.32,2.517342270436133,3.202845077066933,0.0,6.108073710726411,0.0,1-269986,grid,0.011127777397632599,-0.021381668746471405,-0.007389983627945185,-0.05005617253482342,0.022899239357196344,0.016132800085896223,,,,,,,,
452,9047-6104,0.058614389546583635,strict,6003,0.20003249258268957,0.17578125,0.36639404296875,1.0,1.32,2.3925116562528186,3.7364406992495653,0.0,6.772331762009104,0.0,1-270129,grid,-0.005107603967189789,-0.01025310903787613,-0.020429781172424555,0.0028181392699480057,0.010903436357193961,0.02265837913137346,,,,,,,,
453,11757-12703,0.06592215071082251,strict,13766,0.1794007322207975,0.17578125,0.8402099609375,1.0,1.32,2.5377459340340924,4.166145462207052,0.0,8.009559626750404,0.0,1-270196,grid,-0.027170605957508087,-0.03989540785551071,-0.006282489281147718,-0.0335010583512485,0.021517126332014,0.015342507004497246,,,,,,,,
454,11979-6101,0.04840948795631508,strict,4938,0.23928030881850432,0.17578125,0.3013916015625,1.0,1.32,2.517497091019603,3.1235731437692733,0.0,5.9572623507773494,0.0,1-270298,grid,-0.009606152772903442,0.013796910643577576,-0.011712376959621906,-0.019013551995158195,0.00815741008423345,0.029345289071366427,,,,,,,,
455,12652-12703,0.03506693757258656,strict,4561,0.3250871097858467,0.17578125,0.27838134765625,1.0,1.32,2.271753424914872,2.299105451922283,0.0,3.9568187004885615,0.0,1-270440,grid,-0.006669364869594574,0.01589345932006836,-0.00298438873142004,0.01042267307639122,0.016247575419282678,0.013547357776591405,,,,,,,,
456,11975-6101,0.04547231146912139,strict,2350,0.25384458450512215,0.17578125,0.1434326171875,0.73663330078125,1.32,2.565205864178625,2.9443588403329386,0.0,5.721883760203203,0.0,1-270469,grid,-0.008150726556777954,0.008086640387773514,-0.0012762686237692833,-0.005730827338993549,0.011160796831544268,0.028667185201608766,,,,,,,,
457,11980-12702,0.03543957414187223,strict,3055,0.32181311685875114,0.17578125,0.18646240234375,1.0,1.32,2.414854531090418,2.3224955954369877,0.0,4.2488553121807175,0.0,1-270684,grid,0.0172077938914299,-0.018130145967006683,0.0005750451236963272,-0.022303305799141526,0.013983250969376798,0.020494124364684264,,,,,,,,
458,9866-3701,0.04937787543574345,strict,1174,0.2348585558215941,0.17578125,0.0716552734375,0.57470703125,1.32,2.406235570115315,3.182381599187103,0.0,5.801181667912473,0.0,1-271717,grid,0.006727933883666992,0.004961758852005005,-0.012910471763461828,-0.02445786027237773,0.01262581942819576,0.020249543233913467,,,,,,,,
459,9027-6101,0.04879847455057907,strict,1117,0.23748305140955353,0.17578125,0.06817626953125,0.69049072265625,1.32,2.5223957668835184,3.1472121569187106,0.0,6.0140262288606845,0.0,1-272080,grid,0.0047059208154678345,0.03934025764465332,0.010076254140585661,0.020120319444686174,0.0174721864296805,0.021725336130713375,,,,,,,,
460,9030-9102,0.06172079429231133,strict,5240,0.1906644932385112,0.17578125,0.31982421875,1.0,1.32,2.317016979289774,3.920024823517236,0.0,6.880881875247601,0.0,1-272178,grid,0.014060143381357193,-0.028978392481803894,0.034090185072273016,0.010277025401592255,0.010033582754524232,0.026530276011464557,,,,,,,,
461,9866-6102,0.09494294504657362,strict,7657,0.12886012032327276,0.17578125,0.46734619140625,1.0,1.32,2.5316390712799763,5.800161792362632,0.0,11.124178949462523,0.0,1-272266,grid,-0.07510152459144592,-0.009141877293586731,-0.017210393212735653,0.0046258787624537945,0.05498441650557716,0.014128373034314209,,,,,,,,
462,9027-12701,0.031546748194710324,strict,4967,0.3598337125408715,0.17578125,0.30316162109375,1.0,1.32,2.4272693570006285,2.0770970601410896,0.0,3.8194500345428466,0.0,1-272287,grid,0.021570894867181778,-0.013860203325748444,0.008735043462365866,-0.006934483535587788,0.020850308393556647,0.012699482773098479,,,,,,,,
463,9866-1902,0.030516146620236034,strict,489,0.37152403393358474,0.17578125,0.02984619140625,0.23583984375,1.32,2.4017432568602266,2.011739425158988,0.0,3.6603648476783834,0.0,1-272299,grid,0.024146288633346558,-0.016531504690647125,-0.00017675990238785744,0.009093474131077528,0.029480612676264305,0.031347117682213,,,,,,,,
464,9027-9101,0.02219773391200099,strict,947,0.505634925124811,0.17578125,0.05780029296875,0.7347412109375,1.32,2.500505723251128,1.4781604460447575,0.0,2.8001126175896633,0.0,1-272321,grid,-0.025562599301338196,0.0018582791090011597,-0.007699580397456884,-0.01420913403853774,0.011872595688619612,0.027127410891865402,,,,,,,,
465,11823-12702,0.06586281062016726,strict,11107,0.17954980290858005,0.17578125,0.67791748046875,1.0,1.32,2.4260284703106954,4.162686532375926,0.0,7.6506030610021964,0.0,1-272423,grid,0.0003583356738090515,-0.005991257727146149,-0.004511181265115738,-0.00011878181248903275,0.016920473851891552,0.01782084668993287,,,,,,,,
466,9025-6104,0.05304498103806706,strict,6030,0.2195786468096211,0.17578125,0.3680419921875,1.0,1.32,2.4203782013616144,3.403835287801534,0.0,6.241339948197174,0.0,1-272639,grid,-0.007270395755767822,0.022241659462451935,-0.011114572640508413,-0.0006591537967324257,0.011077686506539479,0.03694422661242389,,,,,,,,
467,11757-12704,0.051353555454036366,strict,9602,0.22635500700306568,0.17578125,0.5860595703125,1.0,1.32,2.5464652986299408,3.301935116673498,0.0,6.369896358285353,0.0,1-272819,grid,0.0017454177141189575,0.024030834436416626,0.013289842288941145,0.02057540975511074,0.01944773553462081,0.01860020694551806,,,,,,,,
468,11979-6102,0.05597649551661078,strict,1999,0.20880497401693562,0.17578125,0.12200927734375,0.8963623046875,1.32,2.470033716285416,3.579462366627711,0.0,6.698024796776691,0.0,1-273022,grid,-0.013963885605335236,-0.006091967225074768,-0.006783849559724331,-0.03493502037599683,0.01852737339020323,0.022045005923277617,,,,,,,,
469,11979-9102,0.03159989427590285,strict,2804,0.35925154777280355,0.17578125,0.171142578125,0.9927978515625,1.32,2.4771375681100842,2.0804629822526803,0.0,3.9042371306064068,0.0,1-273041,grid,-0.00422484427690506,-7.62939453125e-06,0.008320177905261517,-0.0009492929093539715,0.006530404224789661,0.008177751287652187,,,,,,,,
470,11981-6104,0.045128768944283366,strict,4466,0.2556720052815539,0.17578125,0.2725830078125,1.0,1.32,2.3748069524796955,2.923313976574117,0.0,5.259322996855514,0.0,1-273422,grid,0.0009321719408035278,0.013738170266151428,-0.0119495983235538,-0.025143586099147797,0.012238988688527814,0.025610388544232372,,,,,,,,
471,11984-12702,0.05576667919606944,strict,6734,0.20953840241523247,0.17578125,0.4110107421875,1.0,1.32,2.6380402118599764,3.5669334968832653,0.0,7.12857121046089,0.0,1-273477,grid,0.01998009905219078,0.00969146192073822,0.010297571774572134,-0.020509119145572186,0.022927974303785046,0.031463970361556445,,,,,,,,
472,12068-9101,0.05815674884743516,strict,5216,0.20149728534184533,0.17578125,0.318359375,1.0,1.32,2.4532663534244454,3.7092784907265557,0.0,6.893824330894293,0.0,1-27376,grid,-0.0011614859104156494,0.04087532311677933,0.01167479157447815,0.007942836266011,0.01924898828800154,0.04073733896074759,,,,,,,,
473,12518-9101,0.02922448164692902,strict,2983,0.38734029253619784,0.17578125,0.18206787109375,1.0,1.32,2.3968811686360434,1.9295941084891162,0.0,3.503793774051982,0.0,1-2742,grid,0.02413840964436531,0.03411531448364258,0.01616544183343649,0.006339714862406254,0.008874938731740388,0.027272130830808636,,,,,,,,
474,8253-9102,0.029126744497613672,strict,2496,0.3885941762724712,0.17578125,0.15234375,0.99615478515625,1.32,2.678479661500797,1.9233678528785663,0.0,3.9028042996361334,0.0,1-274593,grid,-0.02108924835920334,-0.013555414974689484,-0.005717603024095297,-0.010018529370427132,0.010726171862214823,0.025885015802192757,,,,,,,,
475,8253-3703,0.0272573416416829,strict,1003,0.4143083311448012,0.17578125,0.06121826171875,0.37799072265625,1.32,2.6410666354455463,1.8039935243230183,0.0,3.6094447785222328,0.0,1-274689,grid,0.01705210655927658,-0.0017841607332229614,-0.005576679017394781,-0.011440318077802658,0.022428746140232516,0.009037925386640984,,,,,,,,
476,12069-6102,0.05547261474682026,strict,5855,0.21057567345815886,0.17578125,0.35736083984375,1.0,1.32,2.5360637480151853,3.5493632012854865,0.0,6.8192510176660965,0.0,1-27654,grid,-0.02262970805168152,0.02251802757382393,-0.009098220616579056,-0.010976835386827588,0.006643078158507411,0.038105538618842624,,,,,,,,
477,8255-12701,0.024542837494670972,strict,1309,0.4586227856781537,0.17578125,0.07989501953125,1.0,1.32,2.6165628824343488,1.6296825404196236,0.0,3.230429428343411,0.0,1-276574,grid,0.01159876212477684,-0.011593222618103027,0.0061943246982991695,0.010096990037709475,0.01352181528615936,0.022852205640615946,,,,,,,,
478,8254-6103,0.1404982146424321,strict,12373,0.09172865067547306,0.17578125,0.75518798828125,1.0,1.32,2.311004955195993,8.148049065962603,0.0,14.265289217136099,0.0,1-276590,grid,0.008959520608186722,0.036918289959430695,0.008986134547740221,-0.003402083646506071,0.030776542062544356,0.03827743614772529,,,,,,,,
479,8258-1901,0.021032032131130914,strict,269,0.5329052559526432,0.17578125,0.01641845703125,0.11572265625,1.32,2.4748289026316703,1.4025186242950416,0.0,2.629540627185286,0.0,1-277213,grid,0.0017807185649871826,-0.011385716497898102,-0.0011746203526854515,0.0019645951688289642,0.01146216471383311,0.007779018918569565,,,,,,,,
480,8257-6101,0.02943514496876434,strict,2086,0.3846659873318871,0.17578125,0.1273193359375,0.939453125,1.32,2.605644176025407,1.9430091847799331,0.0,3.8354473987012927,0.0,1-277272,grid,-0.013875290751457214,0.026514161378145218,-0.0022650547325611115,0.010823432356119156,0.01714521341324066,0.01526342908577431,,,,,,,,
481,8257-1902,0.03682935626507512,strict,962,0.31018703270656445,0.17578125,0.0587158203125,0.5439453125,1.32,2.576017593242777,2.4095447831481214,0.0,4.702295267496902,0.0,1-278081,grid,0.03862074017524719,0.006798498332500458,0.030825278256088495,0.005662488751113415,0.01439561537854193,0.008789167254673842,,,,,,,,
482,10509-12702,0.035797554688767545,strict,4339,0.31873211228852305,0.17578125,0.26483154296875,1.0,1.32,2.3608390031222464,2.3449458577983733,0.0,4.193969425227539,0.0,1-278113,grid,0.01705407351255417,-0.019111134111881256,0.02405635267496109,-0.014048762153834105,0.01811492596481666,0.012533363835444778,,,,,,,,
483,8257-12703,0.024932538090025748,strict,1937,0.4516675579264964,0.17578125,0.11822509765625,1.0,1.32,2.55653483765156,1.6547780183493503,0.0,3.2049224640076717,0.0,1-278153,grid,-0.012026563286781311,0.021250002086162567,-0.005837924778461456,0.01881270855665207,0.01985561679198025,0.013441197748496373,,,,,,,,
484,10509-3704,0.036039855058935526,strict,1118,0.3166814729965225,0.17578125,0.0682373046875,1.0,1.32,2.2698210845824716,2.3601303208113644,0.0,4.058389064045476,0.0,1-278191,grid,-0.03676965832710266,0.00819307193160057,-0.009278440847992897,-0.009111142717301846,0.015854609571093276,0.022649685052185883,,,,,,,,
485,8451-3704,0.09905355132644367,strict,864,0.12410108827384816,0.17578125,0.052734375,1.0,1.32,2.3880324155177646,6.0225865611188185,0.0,10.895554494858631,0.0,1-278485,grid,-0.011020690202713013,0.047425128519535065,-0.011905013583600521,-0.007463281508535147,0.04827451917676346,0.04375849039063852,,,,,,,,
486,8945-9101,0.040554161955548514,strict,2078,0.282959045197334,0.17578125,0.1268310546875,0.9803466796875,1.32,2.5766815929766667,2.6414053876138115,0.0,5.15610654685902,0.0,1-279011,grid,0.012318544089794159,0.004021741449832916,0.0021426407620310783,-0.01482264045625925,0.015722130341907985,0.013552495509150957,,,,,,,,
487,12070-3701,0.05815408884337141,strict,3069,0.20150586681501273,0.17578125,0.18731689453125,1.0,1.32,2.7024419336164045,3.7091205247360772,0.0,7.593699123397011,0.0,1-27925,grid,0.003196902573108673,0.06438741087913513,-0.012669167947024107,0.02698213839903474,0.01639083607752714,0.03691969335515527,,,,,,,,
488,8945-6103,0.05371378205981014,strict,4307,0.21701707467013126,0.17578125,0.26287841796875,1.0,1.32,2.665315728102335,3.444012631699004,0.0,6.954076541704901,0.0,1-279329,grid,-0.03299325704574585,0.03016354888677597,-0.049198518972843885,-0.008225861936807632,0.011979553302639376,0.028384997260076237,,,,,,,,
489,8945-6101,0.03334305093896434,strict,1810,0.34118596473550145,0.17578125,0.1104736328125,0.89508056640625,1.32,2.620688870377494,2.190622193494139,0.0,4.349196364918199,0.0,1-279381,grid,-0.01652565598487854,0.00013763830065727234,-0.013185141142457724,-0.008429478853940964,0.015679058012552784,0.011401384793808686,,,,,,,,
490,8945-12703,0.05867038963213628,strict,4632,0.199854821451541,0.17578125,0.28271484375,1.0,1.32,2.62512599607573,3.7397623986745967,0.0,7.437384463566068,0.0,1-279676,grid,-0.015236258506774902,0.029757201671600342,-0.028368441853672266,-0.01070203585550189,0.009800766911092116,0.03870400782787039,,,,,,,,
491,10507-3701,0.02663964069800662,strict,445,0.4235984479256144,0.17578125,0.02716064453125,0.60150146484375,1.32,2.4411035119759017,1.764429379093349,0.0,3.2629960257107826,0.0,1-280132,grid,-0.002509757876396179,0.02372579276561737,0.0006772899068892002,-0.007911897730082273,0.010864771268297655,0.018790375213058708,,,,,,,,
492,12070-12704,0.0493077123285536,strict,4481,0.2351730865998595,0.17578125,0.27349853515625,1.0,1.32,2.5960372646981296,3.1781253427608185,0.0,6.250402895218637,0.0,1-28052,grid,0.0021141469478607178,0.04895482957363129,0.017576271202415228,0.01580308028496802,0.015774246831098265,0.03350035968618939,,,,,,,,
493,10507-9102,0.03202554892618548,strict,3173,0.35465863877894965,0.17578125,0.19366455078125,1.0,1.32,2.4650432328963725,2.1074054449414974,0.0,3.9354890386530346,0.0,1-280728,grid,0.0008658245205879211,0.006599549204111099,0.007765303831547499,-0.0074727581813931465,0.009275165786441794,0.012580803708806803,,,,,,,,
494,8260-6101,0.022880634955284997,strict,1095,0.49095013063685244,0.17578125,0.06683349609375,0.5186767578125,1.32,2.386946087853585,1.5223736583770142,0.0,2.7528968546320938,0.0,1-281126,grid,0.026389621198177338,-0.03326622396707535,0.010072505101561546,0.0040263282135128975,0.027141447755379782,0.02700655268885959,,,,,,,,
495,8263-3701,0.03856655891904053,strict,716,0.2968334503810001,0.17578125,0.043701171875,0.36187744140625,1.32,2.334242946276193,2.517942453921422,0.0,4.45264349408746,0.0,1-282106,grid,0.01586831733584404,-0.012579478323459625,0.00532324705272913,0.0014381632208824158,0.009496882277788977,0.015327461992820795,,,,,,,,
496,11755-9102,0.038534282869731644,strict,5040,0.29707056852415376,0.17578125,0.3076171875,1.0,1.32,2.4824637503378826,2.5159326626377965,0.0,4.731599722188937,0.0,1-282627,grid,-0.0069093406200408936,0.026819471269845963,0.01041652075946331,-0.005845421925187111,0.015820775590896737,0.029877052349204576,,,,,,,,
497,11755-6104,0.052961810911006095,strict,2003,0.2199017237021079,0.17578125,0.12225341796875,0.8511962890625,1.32,2.5079864335290463,3.3988344150989196,0.0,6.457750456727061,0.0,1-282637,grid,-0.04446062445640564,0.03880349546670914,-0.041239173617213964,0.009034295566380024,0.009091926403058179,0.031829465625452386,,,,,,,,
498,8341-6103,0.03952036037618549,strict,957,0.2900012098468654,0.17578125,0.05841064453125,0.3800048828125,1.32,2.559480358447346,2.577263546083019,0.0,4.997314715713517,0.0,1-282665,grid,0.01856984570622444,0.01472189649939537,0.0021875742822885513,0.0073528592474758625,0.012944286540131446,0.006394225150103717,,,,,,,,
499,8317-3701,0.03524645384683781,strict,676,0.323501230390064,0.17578125,0.041259765625,0.306640625,1.32,2.5502799603946182,2.310376209565273,0.0,4.46371677895969,0.0,1-284174,grid,0.02266770601272583,-0.03153195232152939,0.002286917995661497,0.0011599613353610039,0.01860557774433208,0.03948385971145027,,,,,,,,
500,8324-9101,0.028765343945493543,strict,2712,0.3933046612992396,0.17578125,0.16552734375,1.0,1.32,2.4795019709206163,1.9003322869078418,0.0,3.569604280903087,0.0,1-284292,grid,0.0016236528754234314,0.0070885419845581055,-0.0008144923485815525,0.01442916551604867,0.010458258274683307,0.013547638352657506,,,,,,,,
501,8318-6103,0.034866353266149196,strict,259,0.3268784338268074,0.17578125,0.01580810546875,0.389404296875,1.32,2.3174947171416234,2.286506141467577,0.0,4.014368108759839,0.0,1-284335,grid,0.01943986862897873,-0.014424644410610199,0.00032033631578087807,0.0016248766332864761,0.01634998318844557,0.01569518840936567,,,,,,,,
502,8324-1902,0.02880134400049167,strict,119,0.3928301347126737,0.17578125,0.00726318359375,0.3414306640625,1.32,2.430799045634545,1.902627829214205,0.0,3.503716599584557,0.0,1-284505,grid,0.013732008635997772,0.03230113908648491,-0.0036326218396425247,0.005540839629247785,0.016617774596274688,0.018494285247523386,,,,,,,,
503,8465-3703,0.03034054635196736,strict,891,0.373595116686275,0.17578125,0.05438232421875,0.65985107421875,1.32,2.389110099536185,2.0005870341338863,0.0,3.6209262789775836,0.0,1-285031,grid,0.004864230751991272,-0.018829114735126495,-0.015514930244535208,-0.020083701238036156,0.012596940288669306,0.014456556840952758,,,,,,,,
504,8330-12703,0.02694574116564351,strict,3264,0.41894149888198917,0.17578125,0.19921875,1.0,1.32,2.692199411903186,1.7840427564537704,0.0,3.6386354997992263,0.0,1-285737,grid,-0.013082057237625122,-0.011875927448272705,-0.005234533920884132,-0.009169438388198614,0.01814329060533039,0.009461392820012921,,,,,,,,
505,8328-9101,0.0643650983320769,strict,8242,0.18340342228653855,0.17578125,0.5030517578125,1.0,1.32,2.3847885300412326,4.075221373408126,0.0,7.362531203547405,0.0,1-286277,grid,0.028693046420812607,0.031366508454084396,0.038144730031490326,0.012797957751899958,0.009935331348187111,0.04090165398000471,,,,,,,,
506,8328-12701,0.06389839761908724,strict,5188,0.18464121583265558,0.17578125,0.316650390625,1.0,1.32,2.41563412418141,4.047901997870789,0.0,7.407765301059683,0.0,1-286729,grid,-0.059301115572452545,-0.0012996867299079895,-0.0445440118201077,-0.007150095887482166,0.02199040668649363,0.02417441718829368,,,,,,,,
507,8328-3701,0.0406096620403373,strict,1567,0.2825911301071897,0.17578125,0.09564208984375,0.29840087890625,1.32,2.4128082020968304,2.644844323934718,0.0,4.834471271256767,0.0,1-286772,grid,0.0021243244409561157,-0.013284660875797272,-0.01449435530230403,-0.0005425224080681801,0.021017745373228675,0.017494455266950884,,,,,,,,
508,8656-12705,0.05854138943505964,strict,11863,0.2002646105618694,0.17578125,0.72406005859375,1.0,1.32,2.4342455949155477,3.732109953732413,0.0,6.882478950464843,0.0,1-287790,grid,0.004727069288492203,0.06039263680577278,0.01533928094431758,0.031201937701553106,0.018725125007919223,0.03555691839051476,,,,,,,,
509,9894-6101,0.060400692275560386,strict,4518,0.19452764779279064,0.17578125,0.2757568359375,0.867431640625,1.32,2.4975505889963863,3.842176446067106,0.0,7.269719731744653,0.0,1-294355,grid,-0.025680892169475555,0.021873511373996735,-0.006343211513012648,0.020535181742161512,0.01307331648305434,0.018778305867289374,,,,,,,,
510,9894-6104,0.0353909540675942,strict,3029,0.3222363812705366,0.17578125,0.18487548828125,0.94476318359375,1.32,2.419878564536027,2.319444947561037,0.0,4.252102356230563,0.0,1-294374,grid,0.007285416126251221,-0.0011479109525680542,0.008733734488487244,0.0012989379465579987,0.011970847297708266,0.01824154107476997,,,,,,,,
511,11978-1901,0.023139810351233355,strict,324,0.4856038770732071,0.17578125,0.019775390625,0.104248046875,1.32,2.5630529477401893,1.5391342238925791,0.0,2.9885473556937,0.0,1-294598,grid,0.027936480939388275,-0.013487309217453003,0.003619165625423193,-0.0014505526050925255,0.03384223056766039,0.023555306528829773,,,,,,,,
512,9892-6104,0.05140017852526352,strict,293,0.22616223819902975,0.17578125,0.01788330078125,0.737548828125,1.32,2.5831552479101707,3.3047495126067625,0.0,6.467182610999044,0.0,1-295025,grid,0.012214574962854385,0.048222169280052185,0.007594497874379158,0.014151423703879118,0.01495030920675808,0.029717137522007643,,,,,,,,
513,9050-12705,0.08575643101211974,strict,10628,0.14115035365310016,0.17578125,0.648681640625,1.0,1.32,2.583270326850393,5.295130526524773,0.0,10.362692095432681,0.0,1-295183,grid,-0.03777322173118591,0.030774714425206184,0.014451649971306324,0.0023421861696988344,0.041314386152850026,0.021346505298752497,,,,,,,,
514,9047-3704,0.04226416456795978,strict,1202,0.2720672902861157,0.17578125,0.0733642578125,0.4345703125,1.32,2.400976188061573,2.7471495955000527,0.0,4.996849063514096,0.0,1-295448,grid,0.008940882980823517,0.003048844635486603,-0.0007392670959234238,-0.00241777952760458,0.010828502397685761,0.016983638795055735,,,,,,,,
515,9049-12702,0.09059103839806333,strict,15643,0.13437073765278673,0.17578125,0.95477294921875,1.0,1.32,2.479362325198034,5.562293989853657,0.0,10.447683454635312,0.0,1-295476,grid,-0.0213610976934433,-0.006329014897346497,-0.01149539090692997,0.006509195547550917,0.014442170586729142,0.011747516693159687,,,,,,,,
516,9050-12704,0.057703588155130894,strict,11380,0.20297065982529217,0.17578125,0.694580078125,1.0,1.32,2.5713941820312134,3.6823526469374146,0.0,7.173318312516746,0.0,1-295629,grid,0.0064406245946884155,-0.009257271885871887,-0.001057279296219349,0.011900137644261122,0.01014788858395468,0.015470430972893436,,,,,,,,
517,9047-9101,0.039653360579373034,strict,778,0.28907463181881726,0.17578125,0.0474853515625,0.869873046875,1.32,2.269327475500049,2.5855245123229995,0.0,4.445001374540491,0.0,1-295790,grid,0.026757139712572098,-0.005423378199338913,0.01586328586563468,0.01393012423068285,0.013686715219668397,0.020355394127368587,,,,,,,,
518,9049-6102,0.041684063681725995,strict,2100,0.27566199241833117,0.17578125,0.128173828125,0.6614990234375,1.32,2.5184193701909736,2.7113260696602155,0.0,5.1729212823757935,0.0,1-295832,grid,0.013176601380109787,0.008206751197576523,0.00233504269272089,-0.0031814021058380604,0.011118400952936397,0.025777281955051162,,,,,,,,
519,8654-6101,0.03608245512401665,strict,2906,0.31632378758930474,0.17578125,0.1773681640625,1.0,1.32,2.4680333894227195,2.362799055215817,0.0,4.417778000582645,0.0,1-29590,grid,0.005146551877260208,0.014573801308870316,0.020221366081386805,0.011380975600332022,0.015239542753750421,0.008462656884876385,,,,,,,,
520,9048-6104,0.09509434527787132,strict,11415,0.1286775154783513,0.17578125,0.69671630859375,1.0,1.32,2.582192836157241,5.8083927380774005,0.0,11.362416755947882,0.0,1-295935,grid,-0.026634305715560913,-0.026680603623390198,0.015899423509836197,-0.006587307434529066,0.0374130543900355,0.02277172636497681,,,,,,,,
521,9088-6104,0.03219714918834325,strict,605,0.35284139247956664,0.17578125,0.03692626953125,0.88739013671875,1.32,2.376273815024881,2.1182592586599127,0.0,3.813306068020884,0.0,1-296457,grid,0.010037142783403397,0.0021478869020938873,0.012224855832755566,0.005995860323309898,0.006766060591858143,0.014295888014174111,,,,,,,,
522,9040-12704,0.049774176041181215,strict,2785,0.23309866222623216,0.17578125,0.16998291015625,1.0,1.32,2.498576485472005,3.2064085624520033,0.0,6.069285634059597,0.0,1-296466,grid,0.0005148574709892273,-0.003508731722831726,-0.025737378746271133,-0.027565433643758297,0.02592176527562338,0.023314327529994593,,,,,,,,
523,9040-9102,0.06420959809451553,strict,5147,0.18381384161754702,0.17578125,0.31414794921875,1.0,1.32,2.4785725848171536,4.066122223882349,0.0,7.63498414441708,0.0,1-296537,grid,-0.017924919724464417,0.03324208781123161,0.027924928814172745,0.049116709269583225,0.02500745584311726,0.012685359647192716,,,,,,,,
524,9040-6104,0.03326125081399637,strict,2389,0.34199135876681036,0.17578125,0.14581298828125,0.90899658203125,1.32,2.4555196140141495,2.1854632501633633,0.0,4.065490815517613,0.0,1-296599,grid,0.023244738578796387,0.00798848271369934,-0.001492383424192667,0.0018557950388640165,0.011691333645288415,0.012641084381190786,,,,,,,,
525,9040-12701,0.03185134866005564,strict,2105,0.3565234543536169,0.17578125,0.12847900390625,1.0,1.32,2.5703452283854,2.096382544630519,0.0,4.082141568531437,0.0,1-296690,grid,-0.002844497561454773,0.009330973029136658,0.009764822665601969,0.0006995704025030136,0.012039072112916487,0.01799946118039826,,,,,,,,
526,9090-1902,0.024945838110344506,strict,399,0.4514340198021793,0.17578125,0.02435302734375,0.2615966796875,1.32,2.676781884687463,1.655634076461089,0.0,3.3574025026835606,0.0,1-296716,grid,0.017598867416381836,-0.03411248326301575,0.010729676578193903,0.01051789429038763,0.022729612493923888,0.03312240074391783,,,,,,,,
527,9093-6102,0.034283152375179454,strict,1685,0.33220584860856045,0.17578125,0.10284423828125,0.964111328125,1.32,2.4421482084522697,2.2498386153910674,0.0,4.162454048396992,0.0,1-296732,grid,0.005258709192276001,-0.004129335284233093,-0.006153004243969917,-0.012248581275343895,0.0121524113790986,0.01695826866773177,,,,,,,,
528,8654-6102,0.06018399194450219,strict,4795,0.19517801497573029,0.17578125,0.29266357421875,1.0,1.32,2.4500909434991027,3.8293736441127137,0.0,7.107813397511147,0.0,1-29679,grid,-0.034529656171798706,0.03657789155840874,-0.013587749563157558,-0.013444252777844667,0.019500591725397375,0.04117637493246453,,,,,,,,
529,8655-1901,0.022108033774963974,strict,47,0.5076312153044077,0.17578125,0.00286865234375,0.12359619140625,1.32,2.4540755333415776,1.4723474914955814,0.0,2.737312087466782,0.0,1-29748,grid,0.005661133676767349,0.003817915916442871,0.0024019554257392883,-0.0012111668474972248,0.009882796100658895,0.005018938464167823,,,,,,,,
530,9492-12702,0.11571017677316273,strict,8290,0.10828954749573474,0.17578125,0.5059814453125,1.0,1.32,2.414125617354588,6.901954655297979,0.0,12.622867835738338,0.0,1-297860,grid,-0.06818956136703491,0.014478649944067001,-0.021511181257665157,0.020126228220760822,0.049452538779573604,0.01069346189009639,,,,,,,,
531,9492-3702,0.05087717772626288,strict,227,0.22834491477416663,0.17578125,0.01385498046875,0.45538330078125,1.32,2.3509287340740705,3.2731604607770093,0.0,5.829520438239237,0.0,1-297924,grid,0.03154931589961052,-0.0067253559827804565,0.0017484617419540882,-0.012480314821004868,0.03730171631780842,0.0238411767177669,,,,,,,,
532,10216-6103,0.04620207058399157,strict,2472,0.25005298577114843,0.17578125,0.15087890625,0.6422119140625,1.32,2.7534190238548493,2.9890046869599733,0.0,6.234835126868862,0.0,1-297986,grid,0.006416343152523041,-0.013865701854228973,0.008038016501814127,-0.023339127656072378,0.006204399349628027,0.017063125278064757,,,,,,,,
533,9492-12703,0.0467243713819228,strict,5632,0.2474120460697047,0.17578125,0.34375,1.0,1.32,2.396472512555165,3.020910090399262,0.0,5.484490904956341,0.0,1-298089,grid,0.00366254523396492,0.0485832653939724,0.022388984449207783,0.005932022351771593,0.012736153942968537,0.03284149624966281,,,,,,,,
534,9496-9101,0.09247504127629891,strict,14031,0.13192125355076004,0.17578125,0.85638427734375,1.0,1.32,2.4515186862891216,5.665573410964545,0.0,10.522165973880588,0.0,1-298280,grid,-0.025632888078689575,-0.0247475728392601,-0.0039689866825938225,-0.018755555152893066,0.013694424822814123,0.011388906929923273,,,,,,,,
535,10221-3701,0.039929961001942016,strict,818,0.2871674059223189,0.17578125,0.0499267578125,0.39056396484375,1.32,2.6418618449787408,2.602696305514834,0.0,5.209063684550585,0.0,1-298596,grid,0.018195725977420807,0.01341664046049118,0.002631107345223427,-0.002509521786123514,0.014937156866249857,0.016323216803596486,,,,,,,,
536,10221-6102,0.09962845220473329,strict,13340,0.12346690645150532,0.17578125,0.814208984375,1.0,1.32,2.64043409941335,6.053521287113982,0.0,12.10903335456087,0.0,1-298623,grid,-0.027673155069351196,0.03064480796456337,-0.0008704150095582008,0.01486204843968153,0.03840900161386617,0.02041621185287356,,,,,,,,
537,9509-12701,0.02048593129683981,strict,803,0.5467483761475003,0.17578125,0.04901123046875,0.760498046875,1.32,2.6109625152422913,1.3670082602251095,0.0,2.703944943541167,0.0,1-298640,grid,-0.004885852336883545,0.012992344796657562,-0.00623663142323494,-0.002250172197818756,0.014120364662050008,0.023669459569615033,,,,,,,,
538,8939-3702,0.024886438019597584,strict,808,0.4524789722102253,0.17578125,0.04931640625,0.53076171875,1.32,2.619933171774375,1.651810564383632,0.0,3.278510069027294,0.0,1-298668,grid,0.01150030642747879,0.010587625205516815,0.011940903030335903,0.008377162972465158,0.007380820026500649,0.009782435765377757,,,,,,,,
539,9508-12705,0.027860642563359926,strict,2278,0.4056325370242938,0.17578125,0.1390380859375,1.0,1.32,2.3462954243067284,1.842577895602923,0.0,3.2751758222589835,0.0,1-298798,grid,0.023370958864688873,-0.014709942042827606,0.016112053766846657,0.001160898245871067,0.010620618765035918,0.021037576317425814,,,,,,,,
540,9508-12701,0.09518374541445002,strict,15178,0.12856996302054574,0.17578125,0.9263916015625,1.0,1.32,2.367737157353947,5.813251625022716,0.0,10.427463543647349,0.0,1-298823,grid,0.02113451436161995,0.0022258460521698,0.028092398773878813,-0.014434286393225193,0.03081275935249925,0.021406538008068236,,,,,,,,
541,9508-9102,0.08626203178453795,strict,9620,0.14040566658242273,0.17578125,0.587158203125,1.0,1.32,2.3520417586342917,5.3232149716660055,0.0,9.485169623898258,0.0,1-298842,grid,-0.08264803886413574,0.05342002958059311,-0.024696200154721737,0.04848464485257864,0.0408026328649404,0.013124978995005148,,,,,,,,
542,9507-9102,0.0586520896041789,strict,2824,0.1999128444749941,0.17578125,0.17236328125,0.735107421875,1.32,2.388260664613533,3.7386769640596405,0.0,6.764344796182107,0.0,1-299016,grid,-0.008521400392055511,0.025168977677822113,-0.016838214360177517,0.037014382891356945,0.012963804140087343,0.009027469645923042,,,,,,,,
543,11747-12705,0.018554624346336687,strict,801,0.6022427495680042,0.17578125,0.04888916015625,0.764404296875,1.32,2.5689341123221756,1.2410436605412414,0.0,2.4152722685193764,0.0,1-299056,grid,-0.03274469077587128,-0.017961449921131134,-0.004985758103430271,0.01332336850464344,0.017866904985440298,0.01756890625235234,,,,,,,,
544,10499-3702,0.04881617457761982,strict,2650,0.23740195280799842,0.17578125,0.1617431640625,0.98565673828125,1.32,2.4534558056219615,3.148287272357756,0.0,5.8516543076756555,0.0,1-299674,grid,-0.004207737743854523,0.07381561398506165,-0.016105813439935446,0.02568134944885969,0.013716432700557439,0.03538995411111081,,,,,,,,
545,10499-6102,0.02661094065416088,strict,576,0.42404057923609134,0.17578125,0.03515625,0.671875,1.32,2.4568036002506366,1.7625896743296494,0.0,3.2805580739830904,0.0,1-299684,grid,0.011548738926649094,-0.006602399051189423,0.0037675132043659687,-0.002005955670028925,0.007046792776710914,0.011252223688378069,,,,,,,,
546,9506-12704,0.04893857476461346,strict,6764,0.2368427421679215,0.17578125,0.412841796875,1.0,1.32,2.654435083559049,3.1557207099400353,0.0,6.34595133816568,0.0,1-299793,grid,-0.007061302661895752,0.01647701859474182,0.020482197403907776,0.001820695586502552,0.014807731529861997,0.02358610060293314,,,,,,,,
547,10499-12704,0.08179242495621432,strict,10839,0.1473087180160802,0.17578125,0.66156005859375,1.0,1.32,2.5369519030595944,5.073763158923907,0.0,9.751434167958836,0.0,1-299794,grid,0.0020575374364852905,-0.016725845634937286,0.004946546629071236,-0.0066810413263738155,0.030070151395412283,0.020128593594161855,,,,,,,,
548,10501-1901,0.026646540708547925,strict,399,0.4234922935949715,0.17578125,0.02435302734375,0.18243408203125,1.32,2.544931132312208,1.764871658262385,0.0,3.40263396033895,0.0,1-299960,grid,0.03297065570950508,-0.039140358567237854,0.01307798782363534,-0.008411630056798458,0.028317756267400306,0.02428121615532633,,,,,,,,
549,12488-6102,0.0490250548967312,strict,2402,0.23644932453587972,0.17578125,0.1466064453125,0.95538330078125,1.32,2.6853149223193187,3.1609713748405452,0.0,6.430457274154189,0.0,1-300145,grid,0.042882852256298065,-0.013393953442573547,0.02098836936056614,-0.022635931614786386,0.0147245610768919,0.017557403428903436,,,,,,,,
550,10500-6101,0.03063814680661859,strict,1323,0.37009910784796946,0.17578125,0.08074951171875,0.86077880859375,1.32,2.393084567217986,2.0194848639443936,0.0,3.6612106527542734,0.0,1-300275,grid,-0.025280699133872986,0.027262616902589798,-0.015145580749958754,0.010427749250084162,0.011992764923462964,0.018323203719136157,,,,,,,,
551,10500-3702,0.052168179698557,strict,2332,0.22303647309046895,0.17578125,0.142333984375,0.63043212890625,1.32,2.3163585364837496,3.351064227755838,0.0,5.880504719899665,0.0,1-300318,grid,0.0581633560359478,-0.01678728312253952,0.022254214622080326,-0.020044879522174597,0.02699414141818017,0.016035380511024388,,,,,,,,
552,10500-6104,0.11751117952459705,strict,16269,0.10684954874092553,0.17578125,0.99298095703125,1.0,1.32,2.3321032275197755,6.9949714834127805,0.0,12.358329979451314,0.0,1-300493,grid,-0.009373366832733154,0.006229255348443985,-0.004701375961303711,0.0023913132026791573,0.01678279701652839,0.016764555144314863,,,,,,,,
553,10505-12701,0.04960337578024564,strict,3034,0.23385370176893944,0.17578125,0.1851806640625,1.0,1.32,2.398616164026561,3.196056084657495,0.0,5.807660443784021,0.0,1-300625,grid,0.01781856268644333,0.05479048937559128,0.02302389219403267,0.013017446734011173,0.012052096618329268,0.03720887197771239,,,,,,,,
554,10505-12704,0.050459477088131775,strict,4596,0.23012066222416105,0.17578125,0.280517578125,0.8416748046875,1.32,2.4332508111585147,3.2479028142646524,0.0,5.987092543464763,0.0,1-300718,grid,-0.009330995380878448,0.027859942987561226,-0.005064080934971571,-0.010017582215368748,0.011649609943716985,0.03234472414958431,,,,,,,,
555,11751-3701,0.02087832989631639,strict,558,0.5367282188192266,0.17578125,0.0340576171875,0.2740478515625,1.32,2.4491755859663957,1.3925288819405828,0.0,2.5837482881833003,0.0,1-301265,grid,0.022567354142665863,-0.027771972119808197,-0.001968194730579853,-0.006184849888086319,0.028181901903062523,0.02794133387327302,,,,,,,,
556,8152-1901,0.022338334126799246,strict,341,0.5025381110268103,0.17578125,0.02081298828125,0.16851806640625,1.32,2.4267796454165826,1.4872693832735482,0.0,2.734299292863273,0.0,1-301273,grid,0.024172209203243256,-0.02950362116098404,-0.0010171160101890564,-0.014428003691136837,0.022237870085980337,0.023228540284894135,,,,,,,,
557,11751-6102,0.0427692353395683,strict,3126,0.26901698453948547,0.17578125,0.1907958984375,0.98394775390625,1.32,2.3908555938528866,2.7782987298654955,0.0,5.032205348252491,0.0,1-301470,grid,-0.0010422617197036743,0.021272003650665283,-0.02346656657755375,-0.008676692377775908,0.017743238027113313,0.024014733877702893,,,,,,,,
558,10837-3701,0.0658248805622206,strict,4971,0.1796452295873747,0.17578125,0.30340576171875,1.0,1.32,2.4613314430826096,4.160475333383555,0.0,7.757809663807991,0.0,1-3050,grid,0.012759692966938019,0.04817111790180206,0.013909488916397095,0.016051967162638903,0.016269846588132644,0.035168248714906904,,,,,,,,
559,12769-1901,0.06397948774297053,strict,1588,0.184424848794699,0.17578125,0.096923828125,1.0,1.32,2.595284713839405,4.0526509922223735,0.0,7.968017553515773,0.0,1-30632,grid,-0.04654373228549957,0.05733376741409302,-0.04900158988311887,-0.01365851261653006,0.00906712636540217,0.05161471404018387,,,,,,,,
560,12769-6101,0.10714835369306393,strict,1516,0.11580047187529932,0.17578125,0.092529296875,1.0,1.32,2.597747372583929,6.454287572015701,0.0,12.70197619856431,0.0,1-30993,grid,-0.05765467882156372,0.049343694001436234,-0.030951193999499083,-0.010455646086484194,0.03054563862387171,0.05788916209528646,,,,,,,,
561,8656-12701,0.04281866541508379,strict,2087,0.268722326665998,0.17578125,0.12738037109375,1.0,1.32,2.5568584254387887,2.7813451741480084,0.0,5.38750442619231,0.0,1-31189,grid,-0.008560843765735626,0.04040757566690445,-0.01915746834129095,0.008887579664587975,0.01073367782274209,0.020192910705512976,,,,,,,,
562,8336-12701,0.05461778344087434,strict,1445,0.21365446581890615,0.17578125,0.08819580078125,1.0,1.32,2.424374933774806,3.4982163541191955,0.0,6.424990940793688,0.0,1-313054,grid,-0.019165031611919403,0.06516402214765549,-0.009086394216865301,0.017954798182472587,0.008170837574995708,0.04297786904824184,,,,,,,,
563,8337-6104,0.022193333905278993,strict,933,0.5057324715140702,0.17578125,0.05694580078125,0.5625,1.32,2.4149864750718297,1.4778753363822799,0.0,2.7038249615192695,0.0,1-313322,grid,0.003224976360797882,-0.001871258020401001,-0.0048849740996956825,0.004011544398963451,0.01624884495282131,0.034274308657044304,,,,,,,,
564,12769-9102,0.04475101236717574,strict,3120,0.257713833011102,0.17578125,0.1904296875,1.0,1.32,2.6535983873742084,2.9001530019775874,0.0,5.830182825141056,0.0,1-31375,grid,0.008385427296161652,0.02387731522321701,0.007851493544876575,0.005639625713229179,0.01901183726696298,0.02432770932097167,,,,,,,,
565,9024-6101,0.07046250764723275,strict,198,0.16874040606792928,0.17578125,0.0120849609375,0.7747802734375,1.32,2.2941223472493872,4.429345429910936,0.0,7.698076010943653,0.0,1-314059,grid,-0.02214578539133072,-0.019272394478321075,-0.017035168129950762,-0.01444275677204132,0.02294607379109602,0.02225205105754782,,,,,,,,
566,9024-9102,0.13308420331587234,strict,10964,0.09603152241962502,0.17578125,0.669189453125,1.0,1.32,2.3807092782650816,7.7829605074089425,0.0,14.037095676029677,0.0,1-314386,grid,0.05030570179224014,0.006088845431804657,0.0674257418140769,0.030045852065086365,0.011663385587441113,0.028318573952655916,,,,,,,,
567,9024-12702,0.04513136894825546,strict,1312,0.25565807041291155,0.17578125,0.080078125,0.9976806640625,1.32,2.3150372991249872,2.9234733143810483,0.0,5.127234671052028,0.0,1-314424,grid,-0.030336245894432068,0.020173847675323486,0.003628653474152088,-0.003134668804705143,0.017317622987299334,0.02304687958483492,,,,,,,,
568,9002-12704,0.05801108862490661,strict,8927,0.20196836137024576,0.17578125,0.54486083984375,1.0,1.32,2.409361993897659,3.7006268773362807,0.0,6.754658902916824,0.0,1-314817,grid,-0.029939137399196625,0.02533286064863205,-0.02195942448452115,-0.009811492171138525,0.013930981571190531,0.042028672125819413,,,,,,,,
569,9890-12701,0.0813999243565819,strict,10630,0.14795121089541244,0.17578125,0.6488037109375,1.0,1.32,2.4171167471689596,5.051729836713848,0.0,9.250470295828906,0.0,1-315503,grid,-0.04180460423231125,-0.025682397186756134,-0.017704247497022152,-0.02504259068518877,0.029926499687247244,0.013254691246417722,,,,,,,,
570,9094-12701,0.04560186966705049,strict,2492,0.2531625747428856,0.17578125,0.152099609375,1.0,1.32,2.58378557565109,2.95229082425542,0.0,5.778853368816834,0.0,1-317497,grid,-0.015342213213443756,0.022301070392131805,0.009284647181630135,0.002043127780780196,0.015031420228630065,0.023818410609787073,,,,,,,,
571,9886-6104,0.04066096211870964,strict,997,0.28225195097851047,0.17578125,0.06085205078125,0.52301025390625,1.32,2.4058069869438206,2.6480226048648388,0.0,4.826235821491669,0.0,1-317575,grid,0.017472438514232635,-0.04228133708238602,-0.010203442070633173,-0.015785779803991318,0.019703177817265462,0.013733628410066135,,,,,,,,
572,9091-3701,0.09055763834703728,strict,124,0.13441508485236683,0.17578125,0.007568359375,0.99505615234375,1.32,2.3198268154081285,5.560458837482462,0.0,9.772198119064335,0.0,1-317727,grid,0.008330289274454117,0.007891122251749039,0.02559006307274103,0.044325527269393206,0.023941592816695598,0.02150741234340499,,,,,,,,
573,9089-6104,0.04857587421050729,strict,5006,0.23850801898117233,0.17578125,0.3055419921875,1.0,1.32,2.3482515764150427,3.1336872850270834,0.0,5.574762202315624,0.0,1-317809,grid,-0.03222723305225372,0.011019311845302582,-0.02832223754376173,-0.0048966784961521626,0.014941650970055436,0.01858679948281743,,,,,,,,
574,9095-1901,0.032526849692034475,strict,666,0.34940369500412866,0.17578125,0.0406494140625,0.34375,1.32,2.4328054585130525,2.139100293285297,0.0,3.9424355074328346,0.0,1-317822,grid,0.032342247664928436,-0.007602952420711517,-0.00297129200771451,-0.013481296366080642,0.026459456702358344,0.01098595031310111,,,,,,,,
575,9092-6101,0.048113873504697924,strict,5292,0.24066560351965796,0.17578125,0.322998046875,1.0,1.32,2.3462370589866004,3.1055935519146525,0.0,5.520044455796958,0.0,1-318034,grid,-0.03377065062522888,-0.0026131607592105865,-0.02754733944311738,-0.00413103005848825,0.013992181432085787,0.016038505017161392,0.3297417,0.34129325,0.32896504,0.99281925,0.32984847,0.34182084,0.3283307,0.9928955
576,9089-12704,0.031781248552962056,strict,2900,0.35727964714018373,0.17578125,0.177001953125,1.0,1.32,2.3912972988633903,2.0919454898729266,0.0,3.789745150986804,0.0,1-318089,grid,0.00938071683049202,0.0015080943703651428,-0.009617239236831665,-0.030369787476956844,0.015168061558148234,0.019002503083102907,,,,,,,,
577,9095-6102,0.03191614875905228,strict,1298,0.3558273900559392,0.17578125,0.0792236328125,0.9637451171875,1.32,2.431586624043397,2.10048345727629,0.0,3.869323847528376,0.0,1-318321,grid,0.004463549703359604,0.009606927633285522,0.006218319293111563,-0.0073953792452812195,0.004577603635542751,0.020155894713693983,,,,,,,,
578,9095-9102,0.03226494929192306,strict,3542,0.35212871889490943,0.17578125,0.2161865234375,1.0,1.32,2.392590960845317,2.122546405200644,0.0,3.847261623528622,0.0,1-318334,grid,5.5886805057525635e-05,-0.005326472222805023,0.00686037540435791,-0.007081545423716307,0.00939347295556374,0.010385506293138584,,,,,,,,
579,9095-6104,0.044725068327540425,strict,1440,0.257855330855126,0.17578125,0.087890625,0.72967529296875,1.32,2.3329613241836666,2.898561546040808,0.0,5.122903017181225,0.0,1-318463,grid,0.007294543087482452,-0.004737023264169693,-0.009057821240276098,-0.015069115674123168,0.011668938327062041,0.025256340350911677,,,,,,,,
580,9050-12701,0.03841925869400651,strict,1388,0.2979188427971916,0.17578125,0.084716796875,1.0,1.32,2.6424913779104973,2.508768963523054,0.0,5.022272996423579,0.0,1-318499,grid,-0.03124135732650757,0.01528242975473404,-0.020000343676656485,0.013905938481912017,0.012376342313012986,0.013217097822651373,,,,,,,,
581,11017-9101,0.025322930686437713,strict,2114,0.4449146658498994,0.17578125,0.1290283203125,0.80572509765625,1.32,2.5252512607996205,1.6798941546027866,0.0,3.213753660545908,0.0,1-319387,grid,-0.050086699426174164,0.02534107118844986,-0.01936578843742609,-0.0006603933870792389,0.013910987044082161,0.018470263267236393,,,,,,,,
582,11017-12701,0.029442074979351484,strict,1904,0.3845786633765513,0.17578125,0.1162109375,1.0,1.32,2.46169665699273,1.9434503721452934,0.0,3.62438279101617,0.0,1-319408,grid,-0.025690540671348572,0.01643741875886917,-0.009767552372068167,-0.0059399791061878204,0.011715280344694158,0.017219453192967946,,,,,,,,
583,11830-1902,0.0248930460296928,strict,196,0.45236247907042987,0.17578125,0.011962890625,0.258544921875,1.32,2.1980354001711855,1.6522359413940946,0.0,2.751267491378321,0.0,1-319447,grid,0.003202378749847412,-0.0040595754981040955,-0.005213454831391573,-0.004914612974971533,0.00920590924542668,0.016430264215990073,,,,,,,,
584,11830-6104,0.03156508122271813,strict,2257,0.35963267009717753,0.17578125,0.13775634765625,0.99371337890625,1.32,2.24814906287859,2.078258202338342,0.0,3.5395713863687015,0.0,1-319474,grid,-0.0051966458559036255,-0.0007380694150924683,0.012955461628735065,-0.00198089936748147,0.008806276249237159,0.011401769904938455,,,,,,,,
585,11017-6104,0.06778757356067293,strict,6268,0.1748477873463587,0.17578125,0.382568359375,1.0,1.32,2.397622933425714,4.27462970965565,0.0,7.764356230131278,0.0,1-319661,grid,0.001970455050468445,0.0052138566970825195,0.04812422627583146,-0.010491658933460712,0.02576631368163959,0.038157645189124983,,,,,,,,
586,11017-12704,0.02539879980234475,strict,3162,0.4436264019957113,0.17578125,0.1929931640625,0.998779296875,1.32,2.5065576218846664,1.6847724641634914,0.0,3.199226713023038,0.0,1-319668,grid,-0.0012461021542549133,-0.032417990267276764,0.006208066828548908,-0.01399749401025474,0.010232431251148404,0.014012655508040366,,,,,,,,
587,11758-3703,0.06736878292087661,strict,36,0.1758479484252105,0.17578125,0.002197265625,0.98895263671875,1.32,2.286408516147742,4.25031712426362,0.0,7.362091870640092,0.0,1-319949,grid,-0.012336216866970062,0.046803902834653854,0.010728638153523207,0.01728691766038537,0.021546993891315945,0.038057068302715574,,,,,,,,
588,11016-9101,0.040118878290555424,strict,2365,0.2858798993300139,0.17578125,0.14434814453125,0.854736328125,1.32,2.6643425873041093,2.614417971357629,0.0,5.2770493500767754,0.0,1-320267,grid,0.009981367737054825,0.0031224116683006287,0.009153909515589476,-0.008893453981727362,0.016971482836872824,0.031057625464956155,,,,,,,,
589,11016-6104,0.04877300151166332,strict,144,0.23759986806531447,0.17578125,0.0087890625,0.7147216796875,1.32,2.620955349275257,3.145664821046284,0.0,6.245944727082009,0.0,1-320543,grid,-0.0021608173847198486,0.04354836791753769,0.007256047800183296,-0.012004271848127246,0.004782174204638405,0.04894168283860547,,,,,,,,
590,8326-12703,0.052152079673960614,strict,8257,0.223101054591117,0.17578125,0.50396728515625,1.0,1.32,2.5551037641255316,3.350094188609259,0.0,6.484725963250444,0.0,1-320606,grid,-0.017411261796951294,-0.009170562028884888,-0.005753110162913799,-0.011732714483514428,0.015686317358613328,0.03592874542168851,,,,,,,,
591,9868-6101,0.026879341064202512,strict,1482,0.41994268548848884,0.17578125,0.0904541015625,0.873779296875,1.32,2.696393897063273,1.7797894148076203,0.0,3.6356161485947585,0.0,1-320912,grid,0.014964751899242401,-0.02572472393512726,0.005968071054667234,-0.01247594365850091,0.017641937207105825,0.018993306427075606,,,,,,,,
592,9868-12705,0.07313631173206624,strict,9145,0.16308281394345228,0.17578125,0.55816650390625,1.0,1.32,2.599809885522708,4.583006194125744,0.0,9.026473340075691,0.0,1-321271,grid,-0.05945847928524017,-0.03826647251844406,-0.038615004159510136,-0.028337710537016392,0.02907953671908919,0.023434340395727955,,,,,,,,
593,9033-6101,0.04323546605183994,strict,2134,0.2662645437229767,0.17578125,0.1302490234375,0.70574951171875,1.32,2.4596919343439962,2.80701867401432,0.0,5.230606963656062,0.0,1-321512,grid,-0.017483577132225037,0.0302658062428236,-0.015571922063827515,-0.014403179753571749,0.01461696286249001,0.03797778526281931,,,,,,,,
594,9033-3701,0.07478971425800822,strict,93,0.15978710388299344,0.17578125,0.00567626953125,0.92828369140625,1.32,2.4630587066969767,4.67753359498649,0.0,8.72806049015082,0.0,1-321684,grid,0.02290022000670433,0.04139578342437744,0.045378888957202435,0.0413022949360311,0.01778743343507965,0.012053047606986347,,,,,,,,
595,8552-12701,0.028340243296057263,strict,1979,0.39899922278421746,0.17578125,0.12078857421875,1.0,1.32,2.575567761088801,1.8732105321982147,0.0,3.6549853458043304,0.0,1-321739,grid,0.01897299662232399,0.026691630482673645,-0.0061401319690048695,0.007681848481297493,0.016246808552574505,0.019602380583794703,,,,,,,,
596,9871-3702,0.02776294241410111,strict,797,0.40701192491552196,0.17578125,0.04864501953125,0.558349609375,1.32,2.5147593228457454,1.836333288302125,0.0,3.4984365580376915,0.0,1-321932,grid,0.02816760167479515,0.019747033715248108,0.006956520024687052,0.01815963047556579,0.01849226630889658,0.012520107834464013,,,,,,,,
597,8552-6102,0.04030476157453367,strict,1928,0.28462485694115913,0.17578125,0.11767578125,0.51470947265625,1.32,2.6470374682802724,2.625946147116768,0.0,5.265892303866897,0.0,1-321961,grid,0.01500583067536354,-0.0208236426115036,0.003844692837446928,-0.014116926351562142,0.020328678281730184,0.014456687740035282,,,,,,,,
598,8980-6104,0.05027067679969712,strict,5274,0.23093299048247126,0.17578125,0.3218994140625,1.0,1.32,2.230266098543815,3.2364780142360368,0.0,5.468338783206847,0.0,1-321982,grid,0.002733789384365082,0.030384300276637077,0.011694409884512424,-0.0005133578088134527,0.006408085000325824,0.03838821928156614,,,,,,,,
599,8552-9101,0.06609410097351498,strict,11782,0.17897028277135538,0.17578125,0.7191162109375,1.0,1.32,2.530547341977294,4.1761656454058125,0.0,8.006049146695885,0.0,1-322020,grid,-0.010232627391815186,0.002537038177251816,0.019434628076851368,0.02412119461223483,0.016255337489579084,0.01840873509149115,,,,,,,,
600,9871-6102,0.07519041487016799,strict,39,0.1590102528982977,0.17578125,0.00238037109375,1.0,1.32,2.5200304112058514,4.700385873458978,0.0,8.973572231453788,0.0,1-322240,grid,-0.03171369433403015,-0.05926769971847534,-0.006466769613325596,-0.012011007871478796,0.015064923832127717,0.026550534279787392,,,,,,,,
601,9872-12705,0.05571408511572023,strict,3628,0.2097231157349325,0.17578125,0.221435546875,1.0,1.32,2.382312598868791,3.5637919255545656,0.0,6.431868487875387,0.0,1-322586,grid,0.0182378888130188,0.04016897454857826,0.04452382866293192,0.041297306306660175,0.019614345399020437,0.021495318909262907,,,,,,,,
602,8315-12703,0.07801281918202153,strict,13985,0.15376488305843972,0.17578125,0.85357666015625,1.0,1.32,2.439407897495378,4.860729781677383,0.0,8.982805012889994,0.0,1-322802,grid,-0.04461637884378433,-0.0085233673453331,-0.0021204138174653053,0.004358015488833189,0.03152633804927603,0.012007226476626805,,,,,,,,
603,8315-12704,0.04793397322986004,strict,3545,0.24151701363890177,0.17578125,0.21636962890625,1.0,1.32,2.4209863772650433,3.094645529096219,0.0,5.67582929424706,0.0,1-322806,grid,-0.021759532392024994,0.038038741797208786,-0.013114202301949263,-0.0006307419389486313,0.011424327699260828,0.03277549844260329,,,,,,,,
604,11823-12703,0.0552417843941753,strict,2156,0.21139763990366012,0.17578125,0.131591796875,0.98974609375,1.32,2.4507230542164042,3.535562397001754,0.0,6.564154754509702,0.0,1-324389,grid,-0.02222166210412979,0.031201228499412537,0.008644972927868366,0.03050374984741211,0.0220208713017696,0.026707597786808413,,,,,,,,
605,9893-12702,0.048244973704982784,strict,5048,0.2400491512424377,0.17578125,0.30810546875,0.99786376953125,1.32,2.6234029029884556,3.1135687945151354,0.0,6.1879889501403555,0.0,1-324605,grid,-0.006395190954208374,-0.0031250789761543274,-0.012285864911973476,-0.036395096220076084,0.022862242424178107,0.036573207104572264,,,,,,,,
606,11984-3702,0.05736944764465656,strict,83,0.20407198687415717,0.17578125,0.00506591796875,0.70977783203125,1.32,2.593321789161314,3.6624798822544657,0.0,7.195446121981416,0.0,1-324877,grid,0.02196769416332245,-0.021867483854293823,0.0018934337422251701,-0.019432659028097987,0.013914714498186395,0.007040288194874302,,,,,,,,
607,11984-9101,0.04612046045931386,strict,3140,0.2504710430824497,0.17578125,0.191650390625,0.9088134765625,1.32,2.5030219499804383,2.9840157858577956,0.0,5.658376523553173,0.0,1-324879,grid,0.008533567190170288,0.04731817543506622,0.007504257373511791,0.015112766996026039,0.011045443731571252,0.022773647174961106,,,,,,,,
608,11952-12701,0.04584586003980033,strict,1772,0.25188865298424395,0.17578125,0.108154296875,1.0,1.32,2.459094518515916,2.967221975279092,0.0,5.527787344415745,0.0,1-325038,grid,-0.017951682209968567,0.05924580618739128,0.0018358025699853897,0.01772223669104278,0.013620267679758501,0.02846372971566206,,,,,,,,
609,11975-3702,0.035956157931069446,strict,814,0.31738669359463784,0.17578125,0.0496826171875,0.66961669921875,1.32,2.5703766916744883,2.3548862051944743,0.0,4.585564101043683,0.0,1-325492,grid,0.012541137635707855,-0.010362766683101654,-0.001253532711416483,-0.032790486235171556,0.01110310438725541,0.01165244566289831,,,,,,,,
610,11977-3702,0.046515484062800705,strict,616,0.24846113326641212,0.17578125,0.03759765625,0.5191650390625,1.32,2.4270118844707183,3.008154783134186,0.0,5.530929855298565,0.0,1-325727,grid,-0.004329420626163483,0.020415470004081726,-0.0018164105713367462,-0.014632344711571932,0.008367725052764024,0.026071640993382144,,,,,,,,
611,11952-1902,0.03438923553724519,strict,70,0.33122335166030065,0.17578125,0.0042724609375,0.480224609375,1.32,2.428710281053907,2.2565122377749316,0.0,4.151829144854495,0.0,1-325800,grid,-0.004217937588691711,0.043787624686956406,-0.0029215128161013126,0.015301706735044718,0.010764453291219072,0.01885547863609069,,,,,,,,
612,12073-3704,0.04657176914878876,strict,1848,0.2481775277771615,0.17578125,0.11279296875,0.5166015625,1.32,2.504036003370552,3.0115923595201446,0.0,5.712981587662206,0.0,1-32585,grid,-0.0069259703159332275,0.019994884729385376,0.0046515995636582375,-0.001923167146742344,0.014678859395191885,0.024430778727013838,,,,,,,,
613,9893-6102,0.042520364959363156,strict,568,0.2705109412924749,0.17578125,0.03466796875,0.56475830078125,1.32,2.5051812234432056,2.7629549580776596,0.0,5.2437143046935315,0.0,1-325918,grid,-0.005002081394195557,-0.0008424706757068634,-0.012722349725663662,-0.005344687961041927,0.005401257891649763,0.01509835906686101,,,,,,,,
614,11977-12701,0.04607330038726631,strict,2176,0.25071330170381695,0.17578125,0.1328125,1.0,1.32,2.4273067641694306,2.9811323985564155,0.0,5.481911239318656,0.0,1-325995,grid,-0.013258323073387146,0.05657859519124031,0.00421828543767333,0.024441321846097708,0.013637644288232628,0.03637059151049237,,,,,,,,
615,11977-12703,0.03138651294991517,strict,2358,0.36160087417596654,0.17578125,0.1439208984375,1.0,1.32,2.384275543818144,2.066946182476829,0.0,3.7334615403543765,0.0,1-326068,grid,-0.014862626791000366,-0.005325727164745331,0.011526853777468204,-0.004259938606992364,0.013491626025205527,0.015607668922751162,,,,,,,,
616,12696-3701,0.04162621159334399,strict,340,0.27602598100803405,0.17578125,0.020751953125,0.539306640625,1.32,2.504278564279007,2.707750711468512,0.0,5.137092472834714,0.0,1-32643,grid,0.00831020250916481,0.004077248275279999,0.0052100783213973045,0.004712096881121397,0.009877752009315018,0.01358627552137976,,,,,,,,
617,11970-3704,0.02924063967161402,strict,1090,0.3871338066101692,0.17578125,0.0665283203125,0.91357421875,1.32,2.523641909880299,1.9306232979309774,0.0,3.691062020340858,0.0,1-333018,grid,0.005772162228822708,-0.004289709031581879,-0.002651108894497156,0.0019222418777644634,0.011753116347623162,0.013637002044278514,,,,,,,,
618,11970-12704,0.0316748803904609,strict,2529,0.358433470096448,0.17578125,0.15435791015625,1.0,1.32,2.6857250323672557,2.0852113678367803,0.0,4.242654824527277,0.0,1-333381,grid,-0.007706992328166962,0.0030158236622810364,0.0009293342009186745,-0.0019126893021166325,0.012816260061207925,0.012891300888857921,,,,,,,,
619,11970-6102,0.04549319950103252,strict,4752,0.2537343645785198,0.17578125,0.2900390625,1.0,1.32,2.658435981267385,2.9456378433399286,0.0,5.932416386755852,0.0,1-333429,grid,-0.02231551706790924,0.03420219197869301,-0.005192318931221962,0.004895833320915699,0.017685895753802465,0.029408304121372932,,,,,,,,
620,11962-12705,0.046677616310493976,strict,4656,0.24764604613722105,0.17578125,0.2841796875,1.0,1.32,2.6723381489970373,3.0180556407678614,0.0,6.110049412590647,0.0,1-333721,grid,-0.0475427508354187,0.03374800831079483,-0.011844866909086704,0.007857883581891656,0.02100329467420205,0.026575837573352395,,,,,,,,
621,11970-6101,0.0293599068538213,strict,900,0.38561670486630023,0.17578125,0.054931640625,0.91815185546875,1.32,2.5173337629284047,1.9382187986836243,0.0,3.6963209256581964,0.0,1-333824,grid,0.003495045006275177,0.0019432157278060913,-0.016486728563904762,-0.006233480293303728,0.010785342549164858,0.012383306383815995,,,,,,,,
622,12074-3701,0.04548733949208004,strict,1212,0.25376527587836406,0.17578125,0.073974609375,0.371337890625,1.32,2.437280910302282,2.945279033434621,0.0,5.438236639169513,0.0,1-33389,grid,0.004689164459705353,0.04250717908143997,0.0015298998914659023,0.003890849417075515,0.014596634211321461,0.024457245745163187,,,,,,,,
623,11970-12703,0.025631193157377555,strict,2126,0.4397278126026048,0.17578125,0.1297607421875,1.0,1.32,2.6991967817884337,1.6997095135616418,0.0,3.475644279530884,0.0,1-333998,grid,0.02073124423623085,-0.011809088289737701,0.0060410164296627045,-0.0021508540958166122,0.013038584345492987,0.011955898391567058,,,,,,,,
624,12074-3704,0.043181391969229696,strict,2196,0.26658072669098826,0.17578125,0.134033203125,0.45086669921875,1.32,2.362656121317433,2.8036893579507383,0.0,5.018298351390041,0.0,1-33518,grid,0.01195184513926506,0.005576558411121368,0.0070066931657493114,-0.004427443258464336,0.011765745625518494,0.016461779124891728,,,,,,,,
625,11967-1901,0.031182165637728975,strict,553,0.3638808863628786,0.17578125,0.03375244140625,0.39642333984375,1.32,2.2283841695390576,2.0539950694550835,0.0,3.467492497791655,0.0,1-335441,grid,0.03061269223690033,-0.034172751009464264,0.016816875897347927,-0.0019378894940018654,0.014323527955954696,0.019381732318808294,,,,,,,,
626,11967-3704,0.04376544086149494,strict,966,0.2632070461717648,0.17578125,0.0589599609375,0.34210205078125,1.32,2.3229503434753185,2.8396259041277725,0.0,4.9972045222235,0.0,1-335450,grid,-0.0070071741938591,0.002575516700744629,0.0030543659813702106,0.008082997519522905,0.015220584490830618,0.0184606749622699,,,,,,,,
627,11963-12701,0.04301367571300562,strict,858,0.26756646011335017,0.17578125,0.0523681640625,1.0,1.32,2.412760470646196,2.793360371631296,0.0,5.105840518895118,0.0,1-335786,grid,-0.012200921773910522,0.03227568417787552,-0.003592371940612793,0.0022292984649538994,0.009462119543216584,0.01704233524638992,,,,,,,,
628,11963-9102,0.03342179805926819,strict,1841,0.34041435606918724,0.17578125,0.11236572265625,0.882080078125,1.32,2.3450182501488235,2.195587621769957,0.0,3.900525032463182,0.0,1-336095,grid,-0.01038430631160736,-0.018372327089309692,-0.0035218982957303524,-0.012787411455065012,0.01483403505329871,0.009502338050494316,,,,,,,,
629,11960-12702,0.03462263989382255,strict,1818,0.3290828648444151,0.17578125,0.1109619140625,1.0,1.32,2.4069887562588446,2.2711894975499893,0.0,4.141460290860604,0.0,1-336336,grid,-0.0037876740097999573,0.03514491394162178,0.003256896510720253,0.017055631848052144,0.008184638063259267,0.02310509701498645,,,,,,,,
630,11960-12703,0.03639179859660795,strict,2394,0.313751559044561,0.17578125,0.1461181640625,1.0,1.32,2.283993729723138,2.382169984220369,0.0,4.121864626586355,0.0,1-336486,grid,0.006026893854141235,0.01853998750448227,0.017882002983242273,0.002517590532079339,0.009799828167538747,0.014424267836132106,,,,,,,,
631,11974-6101,0.05786106239570799,strict,1519,0.2024560397670524,0.17578125,0.09271240234375,0.76947021484375,1.32,2.507174270190311,3.6917127654886155,0.0,7.011944892853161,0.0,1-336908,grid,0.05171685293316841,-0.03565140813589096,0.004247927572578192,-0.04137669410556555,0.033740453954372876,0.02119386012028983,,,,,,,,
632,12075-6102,0.042157226404587814,strict,1917,0.2727225102979649,0.17578125,0.11700439453125,0.8570556640625,1.32,2.426515318214009,2.740549526482836,0.0,5.03786773207178,0.0,1-33721,grid,-0.002681031823158264,0.019082318991422653,0.009001091122627258,0.0075324473436921835,0.020172170313645488,0.01850017299847881,,,,,,,,
633,11974-6102,0.04231047063870267,strict,469,0.2717845969470346,0.17578125,0.02862548828125,0.32159423828125,1.32,2.4354646054285505,2.750007008689875,0.0,5.073897526018663,0.0,1-337230,grid,-0.01854565739631653,0.0029524825513362885,-0.00424218038097024,-0.004734036512672901,0.012277126981491332,0.008919437810616956,,,,,,,,
634,8131-6101,0.05187167924558628,strict,5195,0.224232250825722,0.17578125,0.31707763671875,0.87188720703125,1.32,2.448061668429154,3.3331937921775596,0.0,6.181715118239314,0.0,1-338034,grid,0.009069718420505524,0.018231544643640518,0.02236171718686819,0.00046800985001027584,0.009318125010355867,0.020366965107317357,,,,,,,,
635,8131-3701,0.08067252324531408,strict,5160,0.14915847769322282,0.17578125,0.31494140625,1.0,1.32,2.4876796990054655,5.010841877828158,0.0,9.443461829090555,0.0,1-338090,grid,-0.02534572035074234,-0.03476930409669876,-0.00854174280539155,-0.01615904737263918,0.02748814571421969,0.014474601647569214,,,,,,,,
636,8131-12704,0.049755476012612744,strict,5380,0.23318107464411933,0.17578125,0.328369140625,1.0,1.32,2.4120726257043077,3.2052753320525413,0.0,5.857088550219107,0.0,1-338113,grid,-0.04652649164199829,0.03879530355334282,-0.02825058437883854,0.003456997685134411,0.011663498954944396,0.031164555978241467,,,,,,,,
637,8135-6104,0.05080607761764157,strict,974,0.22864511483197622,0.17578125,0.0594482421875,0.7457275390625,1.32,2.478304862963078,3.2688629582466473,0.0,6.1373022468049525,0.0,1-338237,grid,0.029043622314929962,0.01775214821100235,0.03526231646537781,0.007289145607501268,0.01544257931895197,0.030480590886930337,,,,,,,,
638,8131-6104,0.10102515433850803,strict,8143,0.12195635697670025,0.17578125,0.49700927734375,1.0,1.32,2.3644252221641895,6.1285001043536464,0.0,10.977560773310325,0.0,1-338359,grid,-0.0723438411951065,-0.026853710412979126,-0.020177116617560387,-0.016727072186768055,0.039963895985541766,0.02258636651834584,,,,,,,,
639,8137-1901,0.023256035528793295,strict,334,0.4832450988129123,0.17578125,0.0203857421875,0.2283935546875,1.32,2.9328238352758236,1.5466469257407962,0.0,3.4363961883096086,0.0,1-338677,grid,0.04334552586078644,-0.03501627594232559,0.0027775270864367485,-0.026372424326837063,0.026488950572030538,0.024849193798844676,,,,,,,,
640,8137-12703,0.03828695849188837,strict,6839,0.2989008292456963,0.17578125,0.41741943359375,1.0,1.32,2.924064928039065,2.500526841442544,0.0,5.539168817183668,0.0,1-338796,grid,0.017270926386117935,0.028639793395996094,0.01865038089454174,0.022572671063244343,0.009294623275218067,0.031002369411821263,,,,,,,,
641,8137-3704,0.04182546389774644,strict,1393,0.27477658391241827,0.17578125,0.08502197265625,0.776123046875,1.32,2.933938466079327,2.7200627353913314,0.0,6.045830825389077,0.0,1-338828,grid,-0.00926421582698822,-0.0011764317750930786,-0.00505331763997674,0.003928416641429067,0.012161513796184579,0.03164887558509845,,,,,,,,
642,8138-12702,0.0500591764765831,strict,4233,0.2318502706217441,0.17578125,0.25836181640625,1.0,1.32,2.399612200382798,3.223673383921434,0.0,5.8602772591721,0.0,1-338963,grid,-0.006071515381336212,0.039820484817028046,-0.01896974863484502,-0.007083644159138203,0.010068491487017658,0.04384986941906859,,,,,,,,
643,8138-12704,0.03080504706159604,strict,4526,0.3681680496850971,0.17578125,0.2762451171875,1.0,1.32,2.4581873293263232,2.0300771538909346,0.0,3.7805378312496507,0.0,1-339041,grid,-0.0027773305773735046,0.00962895154953003,-0.007358940783888102,0.004376328317448497,0.00897497502915322,0.014324429098089501,,,,,,,,
644,8138-12705,0.05312928116685435,strict,4555,0.21925221360482258,0.17578125,0.27801513671875,1.0,1.32,2.3993273245285245,3.408903080930437,0.0,6.196268415716567,0.0,1-339042,grid,0.0264904648065567,0.04208126664161682,0.035963349509984255,0.01978017622604966,0.015574874524273478,0.025898696168781595,,,,,,,,
645,8141-3702,0.023946136583076934,strict,765,0.469711254441397,0.17578125,0.04669189453125,0.356201171875,1.32,2.522770048405975,1.591210641412357,0.0,3.0411049597423894,0.0,1-339116,grid,0.028319813311100006,-0.05193314701318741,0.0069718630984425545,-0.007529989816248417,0.02814911787576766,0.03333133390101095,,,,,,,,
646,12075-9102,0.027699270316827746,strict,1376,0.4079161234447544,0.17578125,0.083984375,1.0,1.32,2.3853606294826974,1.8322628194899544,0.0,3.31106635793659,0.0,1-34048,grid,-0.019515231251716614,-0.013871915638446808,-0.002711996901780367,-0.012143959756940603,0.027288673206082505,0.012419661626821931,,,,,,,,
647,12075-6104,0.046696294339028825,strict,1252,0.24755250997713196,0.17578125,0.076416015625,0.67291259765625,1.32,2.416491607545479,3.0191959941239985,0.0,5.527168016163312,0.0,1-34179,grid,-0.055792100727558136,0.06108616292476654,-0.014059941750019789,0.011943815276026726,0.02533550996510511,0.040465218151548715,,,,,,,,
648,8720-3701,0.05820178891624393,strict,2467,0.2013521002244005,0.17578125,0.15057373046875,0.7296142578125,1.32,2.462573244130791,3.7119530694009844,0.0,6.924966903163657,0.0,1-351470,grid,0.002566099166870117,-0.037925221025943756,0.0009504351764917374,-0.01970276003703475,0.013479201972189978,0.025714814510455077,,,,,,,,
649,8567-3701,0.030753246982459837,strict,1176,0.3687651396497007,0.17578125,0.07177734375,0.739501953125,1.32,2.5991094720448173,2.026790133059435,0.0,3.9907950247589037,0.0,1-351566,grid,0.016570143401622772,-0.008087091147899628,0.003514106385409832,-0.009866790613159537,0.0071480298276137095,0.007871496066287837,,,,,,,,
650,8720-1901,0.022721434712071033,strict,327,0.4942945825590465,0.17578125,0.01995849609375,0.21875,1.32,2.4374222987361134,1.5120731094984547,0.0,2.7920914503112018,0.0,1-351790,grid,0.03581758588552475,-0.004437070339918137,0.004937655758112669,0.005219000857323408,0.0343086643615482,0.008546407383153013,,,,,,,,
651,8716-12704,0.04179956385817834,strict,1316,0.2749383143001963,0.17578125,0.080322265625,0.987548828125,1.32,2.3704292639632163,2.718462679021978,0.0,4.881760217686015,0.0,1-352245,grid,0.01379070058465004,-0.02618655562400818,-0.007785916328430176,-0.011173280188813806,0.011329684971815825,0.01983123722693578,,,,,,,,
652,8723-12703,0.03824685843062657,strict,5788,0.29919981067449464,0.17578125,0.353271484375,1.0,1.32,2.278584535304252,2.4980281397016646,0.0,4.312097187787168,0.0,1-352833,grid,-0.0175393745303154,-0.0033779069781303406,-0.016012245789170265,-0.01745907007716596,0.007143094863996765,0.02739701543526164,,,,,,,,
653,12079-12702,0.027728955362178287,strict,2491,0.40749405344901696,0.17578125,0.15203857421875,1.0,1.32,2.386509595413618,1.8341606218109123,0.0,3.3160923662739017,0.0,1-35296,grid,-0.019084706902503967,0.014525212347507477,-0.015199480578303337,0.007054410874843597,0.01899762113879265,0.015655802620555,,,,,,,,
654,12079-6101,0.04200079016559652,strict,1780,0.27368702371779,0.17578125,0.108642578125,1.0,1.32,2.4468870170732466,2.7308914259266555,0.0,5.062259678133771,0.0,1-35362,grid,-0.02914365381002426,-0.03981225937604904,-0.016323269810527563,-0.046906251925975084,0.007381679058594559,0.009541349496695103,,,,,,,,
655,12078-1902,0.02233061111500062,strict,317,0.5027072031771762,0.17578125,0.01934814453125,0.1263427734375,1.32,2.5640845185383867,1.4867691207417968,0.0,2.8880315796477047,0.0,1-35371,grid,0.042695388197898865,-0.012948699295520782,0.00225389888510108,-0.0006193183362483978,0.037264983486854995,0.013806267499049153,,,,,,,,
656,12078-3703,0.03924443195464315,strict,983,0.2919435732052973,0.17578125,0.05999755859375,0.48345947265625,1.32,2.6476554686584777,2.560116457616668,0.0,5.135080560160106,0.0,1-35528,grid,0.008142702281475067,0.0225740484893322,4.603574052453041e-05,0.01604550424963236,0.02297731216070192,0.014137923391414493,,,,,,,,
657,12079-1902,0.05959188103992042,strict,2283,0.19697922448990687,0.17578125,0.13934326171875,1.0,1.32,2.486282843901588,3.7943572394183884,0.0,7.1468525060604,0.0,1-35580,grid,-0.010880164802074432,0.04357917979359627,0.015249339863657951,0.007147541269659996,0.020730176241598928,0.04133331477363068,,,,,,,,
658,12079-12705,0.05007925050725066,strict,5001,0.23176287616645677,0.17578125,0.30523681640625,1.0,1.32,2.461912195757983,3.224888984901505,0.0,6.0146920620413615,0.0,1-35716,grid,-0.038346000015735626,0.04890421777963638,-0.04280438367277384,-0.005752360913902521,0.00562797698468337,0.045694697238357306,,,,,,,,
659,10223-12703,0.04291796556678697,strict,3497,0.2681324406494767,0.17578125,0.21343994140625,1.0,1.32,2.53669032236877,2.787464078005276,0.0,5.356767538353462,0.0,1-36004,grid,-0.019680418074131012,-0.009146913886070251,0.014533824753016233,-0.008328936528414488,0.019062299066665025,0.02769016770861866,,,,,,,,
660,12082-6101,0.04924847523805572,strict,3190,0.23543933598749076,0.17578125,0.1947021484375,1.0,1.32,2.4254407530520306,3.174531321724459,0.0,5.833058817841387,0.0,1-36357,grid,0.007647369056940079,-0.01316029578447342,0.0034374292008578777,-0.027850071899592876,0.00898063489481218,0.02204021609881561,,,,,,,,
661,12082-6104,0.050217790718901804,strict,2638,0.23116163313402713,0.17578125,0.1610107421875,1.0,1.32,2.3380336407104774,3.233276804308401,0.0,5.726901468334778,0.0,1-36382,grid,-0.019077874720096588,0.03522561490535736,0.009185404516756535,-0.002365071326494217,0.02119346463067634,0.03436275195216005,,,,,,,,
662,10226-3703,0.020005430562767518,strict,541,0.5595537310115446,0.17578125,0.03302001953125,0.347900390625,1.32,2.314587320901041,1.3357243550269127,0.0,2.3421595881545545,0.0,1-36392,grid,0.008815012872219086,-0.04465156048536301,-0.014492158312350512,-0.026477446779608727,0.02136479137659239,0.01940532121128788,,,,,,,,
663,11962-6104,0.04591203014088995,strict,2968,0.2515455014859629,0.17578125,0.18115234375,0.653076171875,1.32,2.6360300755895674,2.971269778402323,0.0,5.933603407999145,0.0,1-364106,grid,0.009641781449317932,0.0037432461977005005,0.0014686337672173977,-0.011446915101259947,0.013028133596526156,0.015835066448181126,,,,,,,,
664,11969-6102,0.03187717169950611,strict,2085,0.35624573130109044,0.17578125,0.12725830078125,0.93682861328125,1.32,2.278149836883397,2.098016848450614,0.0,3.620906622027564,0.0,1-364559,grid,-0.017373360693454742,-0.031792156398296356,-0.005020131357014179,-0.017981181386858225,0.017764749032810737,0.009478839206947701,,,,,,,,
665,11969-6104,0.043796508908958316,strict,899,0.26303010787067527,0.17578125,0.05487060546875,0.75238037109375,1.32,2.458343140119212,2.8415360983153266,0.0,5.292023314162569,0.0,1-364846,grid,-0.017008192837238312,0.03733181580901146,0.0005176626145839691,0.01037744153290987,0.020718056687327634,0.01926050817394483,,,,,,,,
666,10226-12704,0.0537824821647649,strict,4905,0.21675755839579847,0.17578125,0.29937744140625,0.67291259765625,1.32,2.353705695119808,3.4481360280573523,0.0,6.1484071263533195,0.0,1-36593,grid,0.003770478069782257,0.024779651314020157,0.011182400863617659,-0.0013170433230698109,0.010021692341410699,0.03177106570296419,,,,,,,,
667,11022-3702,0.029182456582726345,strict,1129,0.3878784084620196,0.17578125,0.06890869140625,0.61151123046875,1.32,2.687483572644159,1.9269171218420196,0.0,3.923150083937266,0.0,1-368248,grid,0.0053838640451431274,-0.008027501404285431,-0.016919422894716263,-0.006217647343873978,0.011657115977582498,0.005469633465181094,,,,,,,,
668,8078-12701,0.02666954074368562,strict,3585,0.42313884263113954,0.17578125,0.21881103515625,1.0,1.32,2.4605036351053013,1.7663458684407125,0.0,3.2925003258724264,0.0,1-36832,grid,-0.04925866425037384,-0.0032757967710494995,-0.03365909308195114,-0.0023183673620224,0.009304269016217313,0.011120661044721383,,,,,,,,
669,11022-6103,0.058371159174994865,strict,1625,0.20080814877673525,0.17578125,0.09918212890625,0.97137451171875,1.32,2.6834766061030964,3.7220080510243205,0.0,7.566607221705411,0.0,1-368442,grid,-0.02913130819797516,0.026466697454452515,-0.018549711909145117,-0.001160153653472662,0.008821752633810825,0.047441465627528163,,,,,,,,
670,11022-12704,0.026861031036229853,strict,1877,0.42021963658306993,0.17578125,0.11456298828125,0.80828857421875,1.32,2.6356213867447,1.7786164219637757,0.0,3.55133293980535,0.0,1-368603,grid,-0.0020126476883888245,-0.00557120144367218,-0.0031779385171830654,-0.001553133362904191,0.011361346384739998,0.016001602830537847,,,,,,,,
671,11824-3701,0.04538452433500691,strict,2524,0.2543089210816723,0.17578125,0.154052734375,0.49267578125,1.32,2.5685605196635586,2.9389828059483003,0.0,5.7189054570672955,0.0,1-368851,grid,0.01200500875711441,-0.020138747990131378,-0.0012842556461691856,-0.008457577787339687,0.022644205132448924,0.03235017255595103,,,,,,,,
672,11824-12701,0.0570631571767294,strict,12432,0.20509286332171148,0.17578125,0.7587890625,1.0,1.32,2.5826146583307397,3.644249411477089,0.0,7.130069658101439,0.0,1-368926,grid,-0.015311501920223236,0.02520100772380829,-0.0015403218567371368,0.0005419035442173481,0.0130133426295237,0.03203063348537544,,,,,,,,
673,8077-12703,0.07515841482128076,strict,6666,0.15907198746716458,0.17578125,0.4068603515625,1.0,1.32,2.525141556780842,4.698561691212775,0.0,8.98828286634837,0.0,1-36925,grid,-0.019302591681480408,0.0738649070262909,-0.008500572759658098,0.030913893599063158,0.00564674905096778,0.04026793716647208,,,,,,,,
674,8079-12704,0.027807742482543227,strict,2837,0.4063782077497485,0.17578125,0.17315673828125,1.0,1.32,2.4165117857734013,1.8391969160869963,0.0,3.3670007758199385,0.0,1-37069,grid,0.017089396715164185,0.004758059978485107,-0.002537081018090248,-0.017038466408848763,0.016258813893562606,0.014470022764155979,,,,,,,,
675,8154-3701,0.0435077664678397,strict,1099,0.2646842952865854,0.17578125,0.06707763671875,0.451416015625,1.32,2.419079646116902,2.8237774577786894,0.0,5.17495649490618,0.0,1-37126,grid,-0.0037023425102233887,0.009277336299419403,0.017284903209656477,0.010819636285305023,0.016874993357680532,0.023981876735367183,,,,,,,,
676,8079-9102,0.043588066590516096,strict,495,0.2642220595348991,0.17578125,0.03021240234375,1.0,1.32,2.413388820749348,2.8287174347741337,0.0,5.17181441980505,0.0,1-37192,grid,0.03257539123296738,-0.04382666200399399,0.011849919334053993,0.00566233042627573,0.023621664524118798,0.03706590978075245,,,,,,,,
677,8079-6103,0.04305146577073838,strict,1000,0.26734368257358543,0.17578125,0.06103515625,0.57427978515625,1.32,2.2804018602213256,2.795688079341752,0.0,4.829766891461754,0.0,1-37201,grid,-0.0007486715912818909,0.0021624043583869934,0.007886608596891165,-0.008239848539233208,0.0063879167189354715,0.021744251601863586,,,,,,,,
678,8078-12703,0.028076642893348717,strict,4102,0.4026170002783699,0.17578125,0.2503662109375,1.0,1.32,2.4545008943840245,1.8563785084622313,0.0,3.4518808404059302,0.0,1-37211,grid,-0.008917443454265594,0.004015281796455383,0.007434147875756025,-0.0031341728754341602,0.015159344614732478,0.011273332187880092,,,,,,,,
679,8078-6103,0.02823344313289614,strict,1910,0.4004568564130213,0.17578125,0.1165771484375,0.57427978515625,1.32,2.422528176146936,1.8663921830506465,0.0,3.425293675136803,0.0,1-37213,grid,-0.04113497585058212,-0.0019092299044132233,-0.03621488390490413,-5.420297384262085e-05,0.01325403330842398,0.013154046361376646,,,,,,,,
680,9002-6101,0.06404639784519067,strict,927,0.18424673044482603,0.17578125,0.05657958984375,0.9415283203125,1.32,2.4298909981518473,4.056568844689024,0.0,7.467439484161438,0.0,1-373191,grid,-0.012108735740184784,0.03159084916114807,-0.0036111436784267426,0.0038515503983944654,0.013822152608638455,0.035179946745153325,,,,,,,,
681,9002-3704,0.05386808229553824,strict,1607,0.21643512902019596,0.17578125,0.09808349609375,0.67181396484375,1.32,2.390362445532999,3.4532728113122335,0.0,6.253464880561306,0.0,1-373354,grid,-0.013265274465084076,0.018895655870437622,-0.021814668085426092,-0.003287745639681816,0.019134151682112657,0.024014719628684053,,,,,,,,
682,9193-12705,0.044885268572282117,strict,1034,0.25698421976622293,0.17578125,0.0631103515625,1.0,1.32,2.4226175600729403,2.908386931844345,0.0,5.337810039827857,0.0,1-37388,grid,-0.031155556440353394,0.06310518831014633,-0.017305482644587755,0.019910523667931557,0.020805389623685614,0.028535265752193326,,,,,,,,
683,9192-6102,0.023048335211484628,strict,1044,0.4874770885297736,0.17578125,0.063720703125,0.9613037109375,1.32,2.3966299114685135,1.533219845700807,0.0,2.783757987169464,0.0,1-37418,grid,-0.017464622855186462,-0.043210044503211975,-0.0004966035485267639,-0.013995541259646416,0.012310002391935224,0.027622167080915902,,,,,,,,
684,9042-6103,0.07321331184970112,strict,1665,0.16292601935850026,0.17578125,0.10162353515625,0.98492431640625,1.32,2.543894023471272,4.587416726936095,0.0,8.840834844564297,0.0,1-375009,grid,-0.025962188839912415,-0.017652682960033417,0.002981344237923622,-0.007945799734443426,0.026465861647939765,0.017689851441609866,,,,,,,,
685,9888-12705,0.03157894824390311,strict,4600,0.35948075759415554,0.17578125,0.28076171875,1.0,1.32,2.4240249278573263,2.0791364507529613,0.0,3.818089837153017,0.0,1-375695,grid,0.03480307757854462,0.02020508423447609,0.018110171891748905,0.008217156399041414,0.009431589198660526,0.014507541292198462,,,,,,,,
686,9886-12702,0.04168876368890631,strict,1329,0.27563246573036215,0.17578125,0.08111572265625,0.9661865234375,1.32,2.368638969670776,2.711616516138025,0.0,4.8657882961571435,0.0,1-375869,grid,-0.02341565489768982,-0.024004541337490082,-0.014665583148598671,-0.017391348723322153,0.014715087391167163,0.011314787537431868,,,,,,,,
687,9092-3702,0.04104006269787052,strict,1559,0.2797717646833451,0.17578125,0.09515380859375,0.90509033203125,1.32,2.4062254655815574,2.671497416132185,0.0,4.869867510554995,0.0,1-375992,grid,-0.014048568904399872,0.03748239204287529,0.003799199126660824,0.01829202612861991,0.011819586477371516,0.033863332403090515,,,,,,,,
688,9192-9102,0.028963944248899903,strict,1967,0.39070155647949534,0.17578125,0.12005615234375,1.0,1.32,2.391238847330433,1.9129935216869898,0.0,3.4654730482949865,0.0,1-37606,grid,0.0036288127303123474,0.02435753494501114,-0.010873129591345787,0.0067791929468512535,0.017157464717431233,0.01204655595556195,,,,,,,,
689,9095-1902,0.03130334782286185,strict,520,0.3625251985822301,0.17578125,0.03173828125,0.18402099609375,1.32,2.4157081216631124,2.0616761245322546,0.0,3.7730361805087096,0.0,1-376429,grid,0.012312754988670349,-0.04068735986948013,0.0009356895461678505,0.007467510178685188,0.02279814321669864,0.03020588693408854,,,,,,,,
690,8081-9101,0.028204743089050407,strict,1488,0.4008504436549069,0.17578125,0.0908203125,1.0,1.32,2.47314085839119,1.864559608924232,0.0,3.49342314525486,0.0,1-37727,grid,-0.05526157468557358,-0.002365279942750931,-0.03183228662237525,-0.0019655474461615086,0.019797807966142007,0.013252013586362419,,,,,,,,
691,8132-6102,0.026552140564330598,strict,600,0.42494939503363005,0.17578125,0.03662109375,0.86956787109375,1.32,2.49201673389263,1.758820121156188,0.0,3.3204614953244564,0.0,1-377378,grid,-0.020050697028636932,0.0015531927347183228,-0.0013636061921715736,0.016217943746596575,0.01291851883337448,0.019997497299730865,,,,,,,,
692,8132-9101,0.023054835221414844,strict,1283,0.4873434918073152,0.17578125,0.07830810546875,0.76806640625,1.32,2.536146195911046,1.5336401511930053,0.0,2.9466179055640773,0.0,1-377560,grid,-0.013198569416999817,-0.014819689095020294,-0.007290448062121868,-0.005353772547096014,0.01171423300431219,0.013398130592475459,,,,,,,,
693,8132-1902,0.06996080688077266,strict,243,0.16985024223977788,0.17578125,0.01483154296875,0.98065185546875,1.32,2.5331468856674784,4.400403182252626,0.0,8.44459667939735,0.0,1-377626,grid,-0.032165154814720154,0.020735234022140503,-0.008080224506556988,-7.740966975688934e-05,0.01724806304145313,0.024517618047641788,,,,,,,,
694,8133-9101,0.056451186241806985,strict,6145,0.20716579957009224,0.17578125,0.37506103515625,0.985595703125,1.32,2.5552629564180465,3.607784431645149,0.0,6.983968115851957,0.0,1-377679,grid,0.027043186128139496,0.026549581438302994,0.012971852906048298,-0.0064047351479530334,0.012913643980406753,0.027615131685196297,,,,,,,,
695,8080-9101,0.044820968474049344,strict,3103,0.25733311186930113,0.17578125,0.18939208984375,1.0,1.32,2.5418174871569765,2.9044437423113494,0.0,5.592852950508059,0.0,1-37769,grid,0.004330195486545563,0.011438697576522827,0.0017844224348664284,-0.015813640551641583,0.0184081054873596,0.02870322706801516,,,,,,,,
696,8133-6104,0.06759320326372885,strict,315,0.17531044128206366,0.17578125,0.01922607421875,0.99609375,1.32,2.5200605823729814,4.2633487257941605,0.0,8.139315964230256,0.0,1-377787,grid,0.013140887022018433,0.026672936975955963,0.042657237499952316,0.02509301109239459,0.01926064021007154,0.02646728077076955,,,,,,,,
697,8567-3702,0.08082792348272269,strict,3189,0.1488987306764841,0.17578125,0.19464111328125,0.87274169921875,1.32,2.570714185115349,5.019583062008857,0.0,9.77569195520523,0.0,1-378394,grid,-0.08433236181735992,-0.029485590755939484,-0.05556963477283716,-0.03886215714737773,0.032296404292353906,0.016685099674727352,,,,,,,,
698,8567-3704,0.06117459345786746,strict,50,0.19224265166288637,0.17578125,0.0030517578125,0.8887939453125,1.32,2.584272895685595,3.88784455475023,0.0,7.611554019302916,0.0,1-378401,grid,-0.02253711223602295,0.018060393631458282,-0.006426757201552391,0.003891022875905037,0.02028733017664392,0.01788765894204766,,,,,,,,
699,8239-12702,0.08172812485798153,strict,9714,0.14741354860249664,0.17578125,0.5928955078125,1.0,1.32,2.6219326083735646,5.0701550403192694,0.0,10.070912749789908,0.0,1-378479,grid,-0.024911053478717804,0.026221515610814095,0.027250159066170454,0.033724189503118396,0.03370214987704821,0.014814678452264736,,,,,,,,
700,8715-12705,0.09672174776409244,strict,10833,0.12675090745652165,0.17578125,0.66119384765625,1.0,1.32,2.5163478749629675,5.896680043215281,0.0,11.240983557637355,0.0,1-378795,grid,-0.09540610015392303,-0.030173711478710175,-0.05789469555020332,-0.030759909190237522,0.03924014181363087,0.022833126232860115,,,,,,,,
701,8711-6102,0.06959650632422214,strict,9802,0.17066617383526,0.17578125,0.5982666015625,1.0,1.32,2.355298225663781,4.379365457502754,0.0,7.81417552393143,0.0,1-378966,grid,-0.04620093107223511,0.027505889534950256,-0.010833279229700565,-0.005481481086462736,0.024238217396460805,0.027081463365912026,,,,,,,,
702,8715-6101,0.05435748304320729,strict,1443,0.21461122629111296,0.17578125,0.08807373046875,0.79931640625,1.32,2.5600656325402023,3.48262092051262,0.0,6.754347068007487,0.0,1-379030,grid,-0.005346260964870453,-0.010927371680736542,0.006231042556464672,0.003393549704924226,0.011464690320899543,0.02885997374598138,,,,,,,,
703,8715-6103,0.02241413424260087,strict,349,0.5008846841831406,0.17578125,0.02130126953125,0.64056396484375,1.32,2.605639640695247,1.4921788788115942,0.0,2.9455154830603623,0.0,1-379045,grid,-0.0031895339488983154,0.004149693995714188,0.0041855378076434135,0.019509723875671625,0.01372159813981578,0.023393722583362697,,,,,,,,
704,8080-6101,0.026421040364045738,strict,1565,0.42699025067489377,0.17578125,0.09552001953125,0.77935791015625,1.32,2.5478004752419126,1.750413610795457,0.0,3.378564113223164,0.0,1-37908,grid,-0.0032495111227035522,0.012075349688529968,-0.006949642673134804,0.0017133280634880066,0.017434137865689633,0.012460335728450796,,,,,,,,
705,8716-9101,0.02293563503930992,strict,420,0.48980549082769104,0.17578125,0.025634765625,0.77716064453125,1.32,2.5374317020661814,1.5259313348964267,0.0,2.9332928366230004,0.0,1-379214,grid,0.011760137975215912,-0.008729405701160431,0.0015369728207588196,-0.005730242468416691,0.011434024405109277,0.01369752566776624,,,,,,,,
706,8711-12703,0.040472261830427764,strict,956,0.2835038127660888,0.17578125,0.058349609375,0.63983154296875,1.32,2.4495519101450323,2.636329787476139,0.0,4.892292929306381,0.0,1-379241,grid,0.016689494252204895,-0.04329713433980942,0.009355897083878517,-0.007198571227490902,0.016781083993646268,0.029105708871828152,,,,,,,,
707,8716-6103,0.07117230873161258,strict,8055,0.16719699493128815,0.17578125,0.49163818359375,1.0,1.32,2.4348362676484085,4.470233132870936,0.0,8.245671027846758,0.0,1-379380,grid,-0.01371532678604126,0.005039792507886887,0.02437211526557803,0.016676697647199035,0.02326912835464095,0.016209934420264423,,,,,,,,
708,8712-3703,0.03277955007809081,strict,761,0.34681568717100064,0.17578125,0.04644775390625,0.718994140625,1.32,2.6135967336274097,2.155062686336276,0.0,4.26701878619,0.0,1-379536,grid,-0.02714349329471588,0.033149801194667816,-0.008508497849106789,0.006407682318240404,0.011405834098716044,0.01848112478129997,,,,,,,,
709,8712-12705,0.03286855021405841,strict,3892,0.34591367966254927,0.17578125,0.237548828125,1.0,1.32,2.653749650717494,2.160682246470917,0.0,4.343871027942186,0.0,1-379741,grid,-0.01024065911769867,0.028266670182347298,-0.011791137047111988,0.02570246788673103,0.015608529333440797,0.019507677872826625,,,,,,,,
710,10492-6102,0.02971224539209719,strict,1794,0.3812060481893802,0.17578125,0.1094970703125,0.83544921875,1.32,2.746359252814876,1.9606445123530434,0.0,4.079268331804159,0.0,1-380000,grid,-0.05379021167755127,-0.0005473420023918152,-0.03909636940807104,-0.0015646936371922493,0.011593736086168928,0.015990078208893036,,,,,,,,
711,8083-9101,0.0382806584822637,strict,3050,0.29894775989542854,0.17578125,0.1861572265625,1.0,1.32,2.4097734279178615,2.5001342934288613,0.0,4.564209989796263,0.0,1-38017,grid,-0.0004731118679046631,-0.012101732194423676,-0.010950061026960611,-0.019169780425727367,0.00875325663387347,0.007726781779812006,,,,,,,,
712,8081-6102,0.036921256405473134,strict,1811,0.30944911680798626,0.17578125,0.11053466796875,1.0,1.32,2.4781598663989968,2.4152906111606938,0.0,4.534451710809648,0.0,1-38033,grid,-0.04687739908695221,0.008568018674850464,-0.02997720055282116,0.004813643172383308,0.0220275670787039,0.007263199697136905,,,,,,,,
713,8082-12703,0.021046032152519076,strict,1293,0.5325598151722953,0.17578125,0.07891845703125,1.0,1.32,2.573236706423383,1.4034283570879151,0.0,2.7358737600712772,0.0,1-38042,grid,0.016317851841449738,-0.04277549684047699,-0.00024996697902679443,-0.014639091677963734,0.018431746684500653,0.025838478304021084,,,,,,,,
714,8081-9102,0.03356565127903613,strict,2078,0.3390141525599079,0.17578125,0.1268310546875,1.0,1.32,2.4908174972854593,2.2046558847605096,0.0,4.160148070647599,0.0,1-38160,grid,-0.02860422432422638,0.02816804125905037,-0.003910927101969719,0.01695919083431363,0.01752128721039098,0.020814198735928387,,,,,,,,
715,10218-3701,0.045906470132395794,strict,2084,0.25157429703520023,0.17578125,0.127197265625,0.8397216796875,1.32,2.3888135861926756,2.9709296826683396,0.0,5.376513022410018,0.0,1-382312,grid,-0.0009902864694595337,0.06046309322118759,-0.003805294632911682,0.023790468461811543,0.0161531779055337,0.0280575330945464,,,,,,,,
716,9492-12705,0.0634800969800395,strict,12691,0.1857661306611851,0.17578125,0.77459716796875,1.0,1.32,2.347092865651043,4.023389752470446,0.0,7.1539919573915896,0.0,1-382322,grid,-0.03566440939903259,0.010379187762737274,-0.011815293692052364,0.009890198241919279,0.02059813391408215,0.008612280429758526,0.33271262,0.34151694,0.32577044,0.994322,0.33272994,0.3415635,0.32570663,0.9943211
717,9492-12704,0.04459016812145021,strict,8544,0.25859372740868,0.17578125,0.521484375,1.0,1.32,2.427505026175183,2.8902849034582214,0.0,5.3152887350174876,0.0,1-382459,grid,-0.016587331891059875,0.03781436011195183,-0.022389860823750496,0.008678549900650978,0.014513085924502366,0.022219924949270067,,,,,,,,
718,10218-6102,0.028887444132028876,strict,712,0.39170002362573536,0.17578125,0.04345703125,0.6741943359375,1.32,2.2981878775935938,1.9081171850335115,0.0,3.3221301391454756,0.0,1-382696,grid,0.01287762075662613,-0.005240071564912796,0.018426536116749048,-0.0033313119783997536,0.012026549819606361,0.018162658652620598,,,,,,,,
719,10218-1902,0.036405155617013796,strict,487,0.31364147873612314,0.17578125,0.02972412109375,0.32843017578125,1.32,2.3524374653224527,2.383006066257959,0.0,4.246873295724168,0.0,1-382697,grid,0.013462990522384644,0.0003201141953468323,-0.005483236629515886,-0.008526230696588755,0.01967227969397404,0.014008792879771808,,,,,,,,
720,9491-6101,0.041244863010748783,strict,3770,0.2784508806163234,0.17578125,0.2301025390625,0.98193359375,1.32,2.5764835495509457,2.6841701660414263,0.0,5.239182028031185,0.0,1-382712,grid,0.014236658811569214,0.003539353609085083,0.007400488946586847,-0.005718441680073738,0.0110846150651458,0.01950683570146714,,,,,,,,
721,10497-6104,0.044974568708708036,strict,1715,0.2565013335271413,0.17578125,0.10467529296875,0.6236572265625,1.32,2.4394668895886196,2.913862225122553,0.0,5.38505334773446,0.0,1-383050,grid,0.009370483458042145,0.044141434133052826,0.0007605128921568394,0.007974551059305668,0.00943644568775741,0.02534856698141914,,,,,,,,
722,10218-3703,0.028756843932507874,strict,932,0.3934168757265054,0.17578125,0.056884765625,0.59381103515625,1.32,2.3913452654109006,1.8997902544929985,0.0,3.441707901784546,0.0,1-383171,grid,0.01720273494720459,0.026526162400841713,0.0008827121928334236,-0.00292752543464303,0.012723885076490351,0.019517002140688206,,,,,,,,
723,8083-3704,0.03755185736885707,strict,250,0.3044831469387736,0.17578125,0.0152587890625,0.347900390625,1.32,2.373283421202087,2.4546828091230593,0.0,4.413377284243579,0.0,1-38352,grid,0.036024246364831924,-0.025134414434432983,0.013709743041545153,0.0008951844647526741,0.013612925544434898,0.019527755131418023,,,,,,,,
724,8084-6104,0.05350428173975156,strict,199,0.21781258610354196,0.17578125,0.01214599609375,1.0,1.32,2.5805241848558094,3.4314341509310244,0.0,6.708256678195202,0.0,1-38354,grid,-0.033310264348983765,0.03878118842840195,-0.046821247320622206,-0.005350814899429679,0.0134127953532727,0.038181671011644325,,,,,,,,
725,9489-6102,0.04381036693012955,strict,1570,0.26295126485303916,0.17578125,0.0958251953125,0.7125244140625,1.32,2.430988327492107,2.8423881013693464,0.0,5.234706285326767,0.0,1-383751,grid,0.018589802086353302,0.032863009721040726,0.010656982194632292,-6.427569314837456e-05,0.011742642999997326,0.030188240904187244,,,,,,,,
726,8085-3701,0.03684545628967151,strict,927,0.3100574908319929,0.17578125,0.05657958984375,0.25,1.32,2.517976100327792,2.4105514898309224,0.0,4.598265939396829,0.0,1-38379,grid,0.009178020060062408,-0.03984261304140091,0.002539199311286211,-0.003079360816627741,0.01705403415537761,0.024433996430988796,,,,,,,,
727,8084-12705,0.02517663846294364,strict,1712,0.44742064421234795,0.17578125,0.1044921875,1.0,1.32,2.5948723696308087,1.6704851600534865,0.0,3.283860443712947,0.0,1-38381,grid,0.019411426037549973,-0.06879403442144394,0.006280300207436085,-0.026251396629959345,0.010898826036733908,0.023624135015690592,,,,,,,,
728,8081-12703,0.025259138588981024,strict,784,0.4460038513690394,0.17578125,0.0478515625,1.0,1.32,2.576764474553513,1.675791686919459,0.0,3.271303398186488,0.0,1-38398,grid,0.00799611583352089,0.010721635073423386,0.004073187708854675,0.010387496557086706,0.013290225735008175,0.01272661243850419,,,,,,,,
729,9488-3702,0.022887234965367986,strict,294,0.49081248333727634,0.17578125,0.0179443359375,0.45220947265625,1.32,2.3421676509691083,1.522800604777392,0.0,2.7020108449892435,0.0,1-384124,grid,0.037104930728673935,0.0040112994611263275,0.01538375811651349,-0.0004862355999648571,0.011164310779635063,0.02388290635034567,,,,,,,,
730,8083-6103,0.036078355117752973,strict,143,0.31635817595853527,0.17578125,0.00872802734375,0.52789306640625,1.32,2.415967097667396,2.362542217199597,0.0,4.324109290609397,0.0,1-38428,grid,-0.003747686743736267,0.014172084629535675,0.0016953609883785248,0.005962653085589409,0.009388611693414142,0.02175484569539592,,,,,,,,
731,9494-12704,0.028463043483662003,strict,2562,0.3973367404308187,0.17578125,0.1563720703125,1.0,1.32,2.3442171822243973,1.8810481649592923,0.0,3.340595021885792,0.0,1-384396,grid,0.01995888352394104,0.021406985819339752,-0.0036997604183852673,0.021686010295525193,0.014717553912915637,0.008598594640308266,,,,,,,,
732,9493-3701,0.07674611724685114,strict,539,0.1560712000007665,0.17578125,0.03289794921875,0.99298095703125,1.32,2.158150190036352,4.788901132653733,0.0,7.829672643562088,0.0,1-384789,grid,-0.0015557780861854553,0.0036479011178016663,0.007917666807770729,0.0009367829188704491,0.03095652100646806,0.0083064126433617,,,,,,,,
733,9494-9102,0.025004638200174782,strict,2219,0.4504045132262008,0.17578125,0.13543701171875,0.84893798828125,1.32,2.3602751005244875,1.6594184216864991,0.0,2.967184834892642,0.0,1-384848,grid,-0.010665908455848694,-0.005212821066379547,-0.005053278524428606,-0.01665919739753008,0.00923065032203136,0.010138343117292248,,,,,,,,
734,9502-9102,0.023200335443698962,strict,1584,0.48437257682567997,0.17578125,0.0966796875,0.83050537109375,1.32,2.380814501151456,1.5430467830289287,0.0,2.783112240144225,0.0,1-385129,grid,0.015178069472312927,0.004927989095449448,0.006282817106693983,0.014352790080010891,0.008718021011470093,0.017926909531824183,,,,,,,,
735,9507-3704,0.04365726669623472,strict,1552,0.263825084348914,0.17578125,0.0947265625,0.46136474609375,1.32,2.490535993978991,2.8329737799679195,0.0,5.345169067430925,0.0,1-385153,grid,0.0037637650966644287,0.02998865395784378,-0.005059547256678343,-0.0019517482724040747,0.019513480622426596,0.019071357045103984,,,,,,,,
736,9501-12704,0.05792058848664741,strict,8950,0.20226224032512985,0.17578125,0.5462646484375,1.0,1.32,2.782118010122389,3.6952500143223075,0.0,7.788349709659928,0.0,1-385225,grid,-0.03461669385433197,0.047207728028297424,-0.025565450079739094,0.021980097983032465,0.014878409889693243,0.024105417192009523,0.335924,0.34399435,0.32008168,0.9933126,0.3359007,0.3439424,0.3201569,0.9934047
737,10498-3704,0.04389236705540308,strict,2106,0.2624857576552229,0.17578125,0.1285400390625,0.4656982421875,1.32,2.433782821038434,2.8474289543740743,0.0,5.250017934305343,0.0,1-385342,grid,-0.014104574918746948,0.03355354815721512,-0.007907664868980646,0.009881159756332636,0.00839417459068747,0.019204064264913452,,,,,,,,
738,10498-3701,0.05380898220524964,strict,3551,0.21665763114844583,0.17578125,0.21673583984375,1.0,1.32,2.4866458082741625,3.449726383956449,0.0,6.49867246390764,0.0,1-385544,grid,-0.030811481177806854,0.00834648311138153,-0.01880949316546321,-0.009203982539474964,0.007400117263185917,0.02908698790746924,,,,,,,,
739,9501-9102,0.029184144585305147,strict,2640,0.38785676430940585,0.17578125,0.1611328125,0.91717529296875,1.32,2.7497855612945368,1.9270246524876007,0.0,4.014321640658353,0.0,1-385547,grid,0.01268589124083519,-0.0060781389474868774,0.0024616108275949955,-0.016069204080849886,0.00897090515698412,0.007588603923949946,,,,,,,,
740,10498-6104,0.0506935774457724,strict,1673,0.22912183679094927,0.17578125,0.10211181640625,0.73211669921875,1.32,2.4307902189824064,3.2620616041073136,0.0,6.007111697713723,0.0,1-385828,grid,-0.017925918102264404,0.032226912677288055,-0.013410263229161501,0.005704381735995412,0.004682003466283789,0.031261709368960944,,,,,,,,
741,9506-1902,0.027173241513201152,strict,312,0.4155483387347235,0.17578125,0.01904296875,0.1893310546875,1.32,2.552011190701133,1.7986103583858317,0.0,3.477328607811831,0.0,1-386154,grid,0.045038215816020966,-0.004500746726989746,0.0069030351005494595,0.0032909675501286983,0.035132122891530046,0.018909501916421656,,,,,,,,
742,12488-9101,0.04254965300410718,strict,5582,0.27033421871247826,0.17578125,0.3406982421875,1.0,1.32,2.6610659773385192,2.7647611538708943,0.0,5.573645334873502,0.0,1-386400,grid,0.015015043318271637,0.031733568757772446,0.011690532322973013,0.015669511631131172,0.009898361463292595,0.01809695796178613,,,,,,,,
743,8987-3702,0.04867637436404374,strict,1473,0.2380441023579378,0.17578125,0.08990478515625,0.70013427734375,1.32,2.3633214029378498,3.1397944290778814,0.0,5.6214722538369575,0.0,1-386430,grid,0.03371882438659668,-0.003721412271261215,0.007958326954394579,-0.017687635263428092,0.014751591300223911,0.016773324290176955,,,,,,,,
744,8987-3701,0.048643374313628786,strict,2944,0.23819622163563567,0.17578125,0.1796875,0.5635986328125,1.32,2.3600748206521374,3.1377892618363887,0.0,5.610164719221755,0.0,1-386605,grid,0.026334039866924286,0.024033106863498688,0.008043180219829082,-0.003350547980517149,0.017627310645334383,0.026974334006885325,,,,,,,,
745,12487-9101,0.0482392896962992,strict,1160,0.24007580873856846,0.17578125,0.07080078125,0.89080810546875,1.32,2.3793536163341336,3.1132230706018063,0.0,5.611711039008532,0.0,1-386826,grid,-0.017965562641620636,0.0728147029876709,-0.01868773577734828,0.005459991283714771,0.0233602202942825,0.04161866249255669,,,,,,,,
746,12488-12703,0.02292575102420988,strict,1641,0.4900107881298254,0.17578125,0.10015869140625,0.99078369140625,1.32,2.602744197288109,1.5252920232855698,0.0,3.00753406270936,0.0,1-386876,grid,0.02825114130973816,-0.02264624834060669,0.0033970773220062256,-0.012919395696371794,0.021318288311214646,0.014425082577464233,,,,,,,,
747,12487-3702,0.04802330136632872,strict,1458,0.2410934543492068,0.17578125,0.0889892578125,0.4085693359375,1.32,2.3792524059594453,3.1000822833444834,0.0,5.587786538878494,0.0,1-386913,grid,0.006674535572528839,0.056930575519800186,-0.02947859838604927,0.023575447034090757,0.03133878076638233,0.02624459124209365,,,,,,,,
748,12487-1902,0.026493662474992248,strict,484,0.4258572359185344,0.17578125,0.029541015625,0.13433837890625,1.32,2.3310104093374537,1.7550706749087055,0.0,3.099309100253866,0.0,1-386932,grid,0.024803154170513153,0.0037484504282474518,-0.012930878903716803,0.0011747325770556927,0.03494529753955462,0.020397015514750705,,,,,,,,
749,9505-12701,0.04579206995762396,strict,5994,0.252168334232151,0.17578125,0.3658447265625,1.0,1.32,2.4416795630486066,2.9639310135197956,0.0,5.482552865149416,0.0,1-387106,grid,0.03601974993944168,0.03621016442775726,0.04867067839950323,0.0010257968679070473,0.01500708929313241,0.021857600575026833,,,,,,,,
750,12487-12705,0.026520478515959744,strict,3116,0.4254404341727308,0.17578125,0.190185546875,1.0,1.32,2.402611593497644,1.7567901083770667,0.0,3.197639607370245,0.0,1-387136,grid,0.0011033415794372559,0.04097075015306473,0.009345252998173237,0.03001797548495233,0.011063016194063385,0.01321348231533329,,,,,,,,
751,11749-3701,0.04884013161421956,strict,1446,0.23729227932164532,0.17578125,0.0882568359375,0.567138671875,1.32,2.355693348788057,3.149742370864069,0.0,5.621081176848799,0.0,1-387439,grid,0.013380035758018494,0.03171658143401146,-0.009252541698515415,-0.00601981533691287,0.018143788806256864,0.021903794583620535,,,,,,,,
752,11749-3704,0.022364103166167215,strict,412,0.5019747536447093,0.17578125,0.025146484375,0.2596435546875,1.32,2.3645545415083604,1.4889385193808056,0.0,2.6671790439610734,0.0,1-387482,grid,0.010419439524412155,-0.014404796063899994,-0.013230213429778814,-0.007204996421933174,0.01827855225808015,0.030084991422355628,,,,,,,,
753,8086-12704,0.10852916580256311,strict,10048,0.11450864065431414,0.17578125,0.61328125,1.0,1.32,2.7003572826960247,6.527101729507251,0.0,13.352656583464181,0.0,1-38802,grid,-0.09644976258277893,0.07432152330875397,-0.043559190817177296,0.00610382528975606,0.03667420957568213,0.05813058061498894,,,,,,,,
754,8944-6103,0.05259298034753496,strict,3137,0.22134678253177056,0.17578125,0.19146728515625,0.8857421875,1.32,2.4972404595313336,3.376645180514518,0.0,6.388102244138132,0.0,1-389499,grid,-0.009282082319259644,0.042995207011699677,-0.01399793941527605,-0.001752709737047553,0.0161181348475721,0.0332740746363186,,,,,,,,
755,8150-6104,0.027008441261431926,strict,997,0.4180006213914384,0.17578125,0.06085205078125,0.79766845703125,1.32,2.3857335533957476,1.7880584578327299,0.0,3.2316901956701503,0.0,1-389509,grid,0.005453966557979584,-0.005029261112213135,0.00574603583663702,-0.011097264476120472,0.011611733038925993,0.010971330409692058,,,,,,,,
756,8944-12705,0.0489690748112091,strict,4776,0.23670383182714624,0.17578125,0.29150390625,1.0,1.32,2.304913245995546,3.1575726539319247,0.0,5.51358411760682,0.0,1-390054,grid,0.03140284866094589,0.02394969016313553,0.037650120444595814,-0.018756285775452852,0.02085141700747746,0.03061799407847529,,,,,,,,
757,8944-12702,0.05027177680137762,strict,3544,0.23092823995127054,0.17578125,0.21630859375,1.0,1.32,2.3193938454467493,3.236544593316145,0.0,5.6869860683722875,0.0,1-390282,grid,-0.050284333527088165,0.05002586916089058,-0.044326091185212135,-0.0007928828708827496,0.01562862538045547,0.03557441834757271,,,,,,,,
758,8150-1902,0.021525132884452552,strict,336,0.5210091866601956,0.17578125,0.0205078125,0.1962890625,1.32,2.449918808424203,1.4345419727613398,0.0,2.662508606471187,0.0,1-390521,grid,0.024928070604801178,0.0011447444558143616,0.0031488905660808086,0.012522529810667038,0.027138630345629296,0.01860797249894928,,,,,,,,
759,8569-6104,0.017423926618943132,strict,457,0.64044264340083,0.17578125,0.02789306640625,0.30670166015625,1.32,2.4194634857637154,1.167020269745719,0.0,2.139062825602946,0.0,1-39196,grid,0.015860244631767273,-0.04128314554691315,-0.004342452622950077,-0.018722022883594036,0.020773337981374453,0.025412290415050453,,,,,,,,
760,8943-1901,0.026117739900686474,strict,338,0.4317903214141197,0.17578125,0.0206298828125,0.1749267578125,1.32,2.474915580375511,1.7309548394010332,0.0,3.2454296219393997,0.0,1-392007,grid,0.014893382787704468,-0.018701739609241486,0.007946121972054243,0.013516400940716267,0.0296298628057516,0.01942638797200845,,,,,,,,
761,8568-9101,0.025916539593308023,strict,1300,0.43503654210115084,0.17578125,0.079345703125,0.97979736328125,1.32,2.495137475642694,1.718038541885332,0.0,3.2475320836792587,0.0,1-392067,grid,-0.01142372190952301,0.0010668560862541199,-0.016343190800398588,0.004711775109171867,0.0050734464008116865,0.012514029138051596,,,,,,,,
762,8943-12701,0.059046590206866756,strict,9416,0.19866999906539654,0.17578125,0.57470703125,1.0,1.32,2.398922089958538,3.76206548534926,0.0,6.837046967177977,0.0,1-392720,grid,-0.006644129753112793,0.013682909309864044,-0.019108681473881006,0.017272668657824397,0.03003386841440111,0.009937906266711777,,,,,,,,
763,8569-3703,0.10336215790880345,strict,6895,0.11952048571468998,0.17578125,0.42083740234375,1.0,1.32,2.2690728914471943,6.253401180467557,0.0,10.749562952986981,0.0,1-39333,grid,-0.03688491880893707,0.06745506823062897,0.01047608908265829,0.01938253454864025,0.04493217414247661,0.05188878713372976,,,,,,,,
764,8943-3703,0.12653719331385094,strict,875,0.10025326483284026,0.17578125,0.05340576171875,1.0,1.32,2.4610158593451845,7.455214029233958,0.0,13.899545424816276,0.0,1-394326,grid,-0.029104143381118774,0.05767939239740372,-0.03107541613280773,0.0038158788811415434,0.042524627588601274,0.04339568613428505,,,,,,,,
765,8568-6104,0.04553346956255404,strict,3976,0.2535221570626817,0.17578125,0.24267578125,1.0,1.32,2.4992064782775714,2.9481034522497604,0.0,5.58175700492051,0.0,1-394404,grid,0.006199166178703308,0.021238896995782852,0.011504737194627523,3.6603305488824844e-05,0.01144569772266724,0.017462389209153405,,,,,,,,
766,8988-12703,0.04849837409210853,strict,4387,0.23886707970955784,0.17578125,0.26776123046875,1.0,1.32,2.398239888463956,3.1289767822635284,0.0,5.684876461592418,0.0,1-397212,grid,0.009017430245876312,0.025435468181967735,0.020552898291498423,-0.0011508769821375608,0.0142920432344144,0.03226530495894112,,,,,,,,
767,8091-6104,0.05621298587790268,strict,214,0.20798487500532717,0.17578125,0.0130615234375,1.0,1.32,2.3381909616435963,3.5935764388595786,0.0,6.365506022209732,0.0,1-39741,grid,0.01948646456003189,0.0518212616443634,-0.010228787548840046,0.004448391031473875,0.015505295891320783,0.03941571192500727,,,,,,,,
768,11750-9101,0.05733918259841994,strict,6221,0.2041723751443361,0.17578125,0.37969970703125,1.0,1.32,2.5090967303378298,3.660679099853396,0.0,6.958331788074381,0.0,1-397456,grid,-0.05196590721607208,0.03606920316815376,-0.036846572533249855,-0.011392862070351839,0.013303468219265285,0.0434098276615687,,,,,,,,
769,8091-3703,0.06234659524836219,strict,4100,0.1888903775278861,0.17578125,0.250244140625,1.0,1.32,2.3659419442162477,3.95684288548768,0.0,7.0921670829158705,0.0,1-39805,grid,0.002195805311203003,0.021033264696598053,-0.0022081839852035046,-0.005030156811699271,0.009483836335634935,0.035186048682425614,,,,,,,,
770,8091-3704,0.07977872187983268,strict,6350,0.15067213343656485,0.17578125,0.3875732421875,1.0,1.32,2.3688056426160635,4.960502844230106,0.0,8.901869036079777,0.0,1-39830,grid,-0.051515862345695496,0.05002565681934357,-0.01887037605047226,-0.00013228552415966988,0.028356440191332176,0.04814988720448721,,,,,,,,
771,12092-3704,0.04031660159262195,strict,1539,0.28454530805431033,0.17578125,0.09393310546875,1.0,1.32,2.368628611874366,2.626680269546536,0.0,4.713356091434695,0.0,1-40006,grid,-0.018623709678649902,0.03441060334444046,-0.007307073567062616,-0.0009486882481724024,0.009833415633549171,0.022475077610620682,,,,,,,,
772,8091-1902,0.049424375506782706,strict,1607,0.23465059536789512,0.17578125,0.09808349609375,1.0,1.32,2.3071686706717496,3.185202003372196,0.0,5.56727141813729,0.0,1-40058,grid,-0.028678640723228455,0.03022731840610504,-0.005121731199324131,0.015598598401993513,0.02424225097644107,0.030047855767799683,,,,,,,,
773,8981-6101,0.033324250910243096,strict,2492,0.3413707174481338,0.17578125,0.152099609375,1.0,1.32,2.550039990659191,2.1894366102794267,0.0,4.2296597827468485,0.0,1-401864,grid,0.0004823952913284302,-0.004255399107933044,-0.008313642349094152,-0.013303739950060844,0.00939170733464981,0.010523496329415096,,,,,,,,
774,8981-9101,0.040838062389269895,strict,3542,0.28108757513789084,0.17578125,0.2161865234375,1.0,1.32,2.5414398002446195,2.6589917611678406,0.0,5.119445068450367,0.0,1-401876,grid,0.003666602075099945,0.0010573938488960266,0.002468809485435486,-0.019156171940267086,0.01846117270353429,0.023648619432267124,,,,,,,,
775,8981-6103,0.07443891372208197,strict,6307,0.16047409153176595,0.17578125,0.38494873046875,1.0,1.32,2.5560596494657752,4.657509130128634,0.0,9.018841783742607,0.0,1-401964,grid,-0.0212743878364563,0.010568547993898392,-0.00019734539091587067,-0.020090111531317234,0.017599376734923986,0.04834312618164878,,,,,,,,
776,12093-12705,0.059831077405346336,strict,8970,0.1962472885493979,0.17578125,0.5474853515625,1.0,1.32,2.4883817593394544,3.8085089072207268,0.0,7.179563708340829,0.0,1-40201,grid,-0.0022654682397842407,0.06955624371767044,0.02196241682395339,0.003861679695546627,0.02254439485839176,0.04865568698643289,,,,,,,,
777,12094-6104,0.04276409933172189,strict,2950,0.2690476399120609,0.17578125,0.1800537109375,0.71929931640625,1.32,2.6521483133890245,2.777982169635799,0.0,5.581530852897247,0.0,1-40212,grid,-0.022665977478027344,-0.0016165748238563538,-0.01831543492153287,-0.012813613284379244,0.006982657093677577,0.010911590138597169,,,,,,,,
778,12094-3701,0.056612556488336116,strict,2998,0.20661483274203024,0.17578125,0.1829833984375,0.55059814453125,1.32,2.593575507836451,3.6174050843265415,0.0,7.1075857792669455,0.0,1-40248,grid,0.012652911245822906,-0.004375331103801727,-0.004449745174497366,-0.004092969466000795,0.02265885067157643,0.02159408644479319,,,,,,,,
779,9879-12703,0.020648231544789716,strict,930,0.5425577409213459,0.17578125,0.0567626953125,0.92156982421875,1.32,2.457335197618984,1.377566828535305,0.0,2.5645026172970913,0.0,1-403619,grid,-0.0036016255617141724,-0.0001588389277458191,-0.008812571410089731,0.01938077574595809,0.008034204576790495,0.015873427013647478,,,,,,,,
780,8321-6104,0.031284047793376735,strict,1375,0.36274040823064874,0.17578125,0.08392333984375,0.923583984375,1.32,2.635856139779395,2.06045295616213,0.0,4.114437556989815,0.0,1-403672,grid,-0.020893529057502747,0.042604297399520874,0.003937387838959694,0.009773931233212352,0.0184612112107501,0.025364488917868556,,,,,,,,
781,8934-12703,0.03928386001487832,strict,2180,0.2916643525330534,0.17578125,0.133056640625,0.37579345703125,1.32,2.540684142997896,2.562567348279549,0.0,4.9323289599530415,0.0,1-403684,grid,-0.005291789770126343,-0.02426401525735855,-0.007659691385924816,0.0011750534176826477,0.01421328070519497,0.02149669522821709,,,,,,,,
782,8981-12703,0.022625634565714894,strict,2207,0.4963298222158156,0.17578125,0.13470458984375,1.0,1.32,2.4880047660678293,1.5058727342265306,0.0,2.838347378672122,0.0,1-404032,grid,0.00848817452788353,-0.012339197099208832,0.002102934755384922,0.017459347378462553,0.006806338664868153,0.02175566337517452,,,,,,,,
783,11826-6102,0.03372205751798163,strict,839,0.33750532396669486,0.17578125,0.05120849609375,0.939697265625,1.32,2.4920472586066627,2.214511871024745,0.0,4.1808092707114595,0.0,1-404070,grid,-0.03917478024959564,0.028921088203787804,-0.02693607285618782,-0.008276722161099315,0.013143281335321643,0.026968799201690354,,,,,,,,
784,11826-6103,0.05062673134365003,strict,2620,0.22940610297191608,0.17578125,0.159912109375,1.0,1.32,2.4553234600333473,3.258019454477181,0.0,6.060220908956721,0.0,1-404102,grid,-0.05795598775148392,0.05533003434538841,-0.04478193819522858,0.005068575963377953,0.00917183164095293,0.04362421066891372,,,,,,,,
785,9875-12704,0.06234059523919585,strict,7075,0.1889072179272812,0.17578125,0.43182373046875,1.0,1.32,2.5760145937824532,3.956490147168486,0.0,7.721194211562503,0.0,1-404293,grid,-0.05590449273586273,0.03524148464202881,-0.04735403601080179,-0.0010423590429127216,0.014847993718383152,0.04536866149266079,,,,,,,,
786,12483-9101,0.021839439364625967,strict,1286,0.5137069087187637,0.17578125,0.0784912109375,0.9566650390625,1.32,2.5576356464525536,1.454933803250597,0.0,2.8190837563806914,0.0,1-405457,grid,0.008081480860710144,-0.0635952278971672,-0.0006921263411641121,-0.015531525015830994,0.010997358741515428,0.044684757142852916,,,,,,,,
787,8323-6103,0.02323153549136401,strict,686,0.48374036104749707,0.17578125,0.0418701171875,0.53485107421875,1.32,2.4458202991060416,1.545063440312999,0.0,2.8628390346395065,0.0,1-405760,grid,0.020601872354745865,-0.024609841406345367,0.010222385171800852,0.023517298977822065,0.015640529529008837,0.0335041689659886,,,,,,,,
788,12094-12702,0.059392244734931314,strict,6315,0.19759462666622904,0.17578125,0.38543701171875,1.0,1.32,2.616152504863935,3.7825398345512706,0.0,7.496743229476455,0.0,1-40793,grid,0.0478239431977272,0.02068014070391655,0.04965041158720851,-0.003321414813399315,0.01259778445133009,0.04182292571101394,,,,,,,,
789,8445-12704,0.02453613748443521,strict,731,0.4587442972043341,0.17578125,0.04461669921875,0.95263671875,1.32,2.429284609277612,1.62925087246455,0.0,2.9984197493411,0.0,1-409200,grid,-0.011651858687400818,0.025034857913851738,0.001993293408304453,-0.0007331175729632378,0.011902050738803014,0.023533922849615335,,,,,,,,
790,12484-12702,0.023734382259574863,strict,1096,0.47378034019586135,0.17578125,0.06689453125,1.0,1.32,2.5378325540396567,1.5775444505555425,0.0,3.0329876227761057,0.0,1-409473,grid,-0.007579244673252106,0.0030809715390205383,-0.0036070169880986214,0.02246320154517889,0.010769160714383325,0.013242434541516829,,,,,,,,
791,12484-3702,0.02438327525090397,strict,156,0.4615347553678798,0.17578125,0.009521484375,0.11358642578125,1.32,2.5297173423329284,1.6194003545032125,0.0,3.103503909823385,0.0,1-409482,grid,0.018295317888259888,-0.008446946740150452,0.004870311822742224,-0.00022638775408267975,0.007412211608392661,0.006931415095962065,,,,,,,,
792,8442-6103,0.0608686929905361,strict,1860,0.19313889045877314,0.17578125,0.113525390625,1.0,1.32,2.538036303118819,3.869803459484189,0.0,7.440683080383081,0.0,1-409567,grid,-0.022847332060337067,0.03973131626844406,-0.02071877708658576,-0.004848034121096134,0.007230641385457948,0.04110156842290166,,,,,,,,
793,8323-1901,0.025331538699588384,strict,46,0.44476811288990853,0.17578125,0.0028076171875,0.12213134765625,1.32,2.388374069779114,1.680447686777629,0.0,3.04055884903029,0.0,1-410131,grid,0.006092093884944916,0.0022793039679527283,-0.0008584968745708466,0.0010041040368378162,0.012927573176926659,0.004696018917950496,,,,,,,,
794,10216-6101,0.04086736243403226,strict,1878,0.2808959104810184,0.17578125,0.1146240234375,0.94390869140625,1.32,2.775815254060296,2.660806080011636,0.0,5.595383412873241,0.0,1-412105,grid,-0.008621595799922943,0.029804063960909843,-0.010203191079199314,0.008822791976854205,0.01006521953206747,0.025580726404812397,,,,,,,,
795,10216-12702,0.02890854416426389,strict,1925,0.3914241015066236,0.17578125,0.11749267578125,1.0,1.32,2.773146079565121,1.9094622522768965,0.0,4.011528605287319,0.0,1-412128,grid,-0.019362270832061768,0.016078390181064606,-0.0075787752866744995,0.024981993017718196,0.012550960032410746,0.012687551491185884,,,,,,,,
796,11744-3703,0.04480679445239536,strict,1650,0.2574101548490431,0.17578125,0.1007080078125,0.9036865234375,1.32,2.387668649846192,2.9035744409408113,0.0,5.252101261461409,0.0,1-412207,grid,0.018314965069293976,0.02601814642548561,0.00209512235596776,-0.005581184756010771,0.01248094958777971,0.03579693044014701,,,,,,,,
797,9494-1902,0.02327093555155641,strict,66,0.4829444085709289,0.17578125,0.0040283203125,0.18243408203125,1.32,2.45826316709527,1.5476098971099856,0.0,2.8821457629527103,0.0,1-412851,grid,0.008621923625469208,-0.023793406784534454,-0.006231219042092562,-3.8699712604284286e-05,0.018947862080467958,0.02074157853903657,,,,,,,,
798,9493-6101,0.10909116666114506,strict,15603,0.11399225814384104,0.17578125,0.95233154296875,1.0,1.32,2.343763258492268,6.5566693618366605,0.0,11.641879354814172,0.0,1-413061,grid,9.712576866149902e-05,0.020384598523378372,0.009064763318747282,-0.0060540600679814816,0.020112467877491963,0.026928609972151078,,,,,,,,
799,12484-6103,0.03711944870825619,strict,2286,0.30787016635612163,0.17578125,0.1395263671875,0.5509033203125,1.32,2.5168847608770846,2.4276777295587304,0.0,4.62892809230837,0.0,1-415430,grid,-0.00038467347621917725,2.2992491722106934e-05,-0.0028880219906568527,-0.00702260946854949,0.009300184669737864,0.007548102904658691,,,,,,,,
800,12485-12703,0.033865853737662474,strict,1857,0.33613044376970447,0.17578125,0.11334228515625,1.0,1.32,2.5047982769918224,2.223569927424891,0.0,4.21938948710962,0.0,1-415475,grid,0.03986545652151108,0.006708040833473206,0.040734241250902414,-0.025755879003554583,0.005714772991347982,0.022093363795102922,,,,,,,,
801,12621-12703,0.03445820564261244,strict,3902,0.33058782636038436,0.17578125,0.2381591796875,0.94744873046875,1.32,2.5470520026769257,2.260850179170007,0.0,4.362502255005645,0.0,1-415848,grid,-0.008953914046287537,0.019289925694465637,0.003567132633179426,0.015064394567161798,0.021352000944262723,0.011881957245854353,,,,,,,,
802,12621-6103,0.026070876829092655,strict,1575,0.4325419459266407,0.17578125,0.09613037109375,0.5777587890625,1.32,2.474181064191734,1.7279469736908684,0.0,3.238828547146484,0.0,1-415931,grid,0.023382563143968582,-0.021996885538101196,0.013396737165749073,-0.014981049578636885,0.009090227507922188,0.015071350039140173,,,,,,,,
803,8985-12702,0.03560975440186063,strict,4021,0.3203407112436428,0.17578125,0.24542236328125,1.0,1.32,2.4570066775227266,2.3331706530733083,0.0,4.342890813940286,0.0,1-415939,grid,0.020521793514490128,0.009483151137828827,0.02099394565448165,0.013912615599110723,0.010448993489105097,0.015163301376975248,,,,,,,,
804,8985-9102,0.06474829891750147,strict,10885,0.18240044918698164,0.17578125,0.66436767578125,1.0,1.32,2.380607412258722,4.097629966317224,0.0,7.390036568566849,0.0,1-416039,grid,-0.00024059414863586426,0.04942556098103523,0.008346643298864365,0.014113427372649312,0.01295778912224001,0.04050076897162349,,,,,,,,
805,8445-9102,0.02690944111018706,strict,1102,0.41948822194886204,0.17578125,0.0672607421875,0.9677734375,1.32,2.4851940395415166,1.7817175962318474,0.0,3.3544802653800185,0.0,1-418006,grid,-0.015360794961452484,-0.023125171661376953,0.003408432938158512,-0.001667063683271408,0.011996514080137665,0.011387179322277235,,,,,,,,
806,8446-3704,0.05745908778160191,strict,2712,0.2037752743485785,0.17578125,0.16552734375,0.76031494140625,1.32,2.568751893518989,3.6678127356107857,0.0,7.13765220429793,0.0,1-418014,grid,0.04432246834039688,0.01367345079779625,0.027745454106479883,0.0019055884331464767,0.016602932096414218,0.025938865040434984,,,,,,,,
807,8446-12704,0.026572740595801756,strict,3394,0.4246305425608066,0.17578125,0.2071533203125,1.0,1.32,2.4822933333102246,1.7601408084093948,0.0,3.309989238183265,0.0,1-418252,grid,-0.017615698277950287,-0.008237391710281372,-0.01609175931662321,-0.00717557268217206,0.006669995521871446,0.007727512384023546,,,,,,,,
808,8322-6104,0.04693207169923147,strict,964,0.24637818640468456,0.17578125,0.058837890625,0.68060302734375,1.32,2.399287949386423,3.033586525515909,0.0,5.5139754500692035,0.0,1-418974,grid,0.012951157987117767,0.0025274083018302917,0.010892679914832115,-0.009765791473910213,0.01819034828303397,0.024563484302946588,,,,,,,,
809,12485-3704,0.06075153881155691,strict,137,0.19348452653023296,0.17578125,0.00836181640625,0.84173583984375,1.32,2.4649189345323346,3.862890536321577,0.0,7.213418200761226,0.0,1-419166,grid,0.006058190017938614,0.04618004709482193,-0.0107751889154315,-0.012276314664632082,0.014120146730594672,0.058317990267812474,,,,,,,,
810,8442-6101,0.06135469373301089,strict,5259,0.1917191721454091,0.17578125,0.32098388671875,1.0,1.32,2.4318676007552513,3.898460117965805,0.0,7.182226404331467,0.0,1-419240,grid,-0.008911579847335815,-0.00839293748140335,-0.001003478653728962,-0.011345165316015482,0.012211475687079639,0.04097933369193497,,,,,,,,
811,8554-6104,0.061338193707803405,strict,3244,0.19176700304247904,0.17578125,0.197998046875,1.0,1.32,2.540880814791037,3.89748775649759,0.0,7.50231201997552,0.0,1-419301,grid,0.07754506170749664,0.0316939502954483,0.08400627970695496,0.002248177770525217,0.014291312856742788,0.031366264391294175,,,,,,,,
812,8554-1902,0.02286343492900811,strict,189,0.49130922131990384,0.17578125,0.01153564453125,0.174072265625,1.32,2.459403717779547,1.5212609778631467,0.0,2.83439007929513,0.0,1-419351,grid,0.0082288458943367,-0.002552799880504608,-0.004132842645049095,-0.0004367167130112648,0.017117481456541416,0.005177072067318909,,,,,,,,
813,8157-6103,0.042946165609868844,strict,1316,0.2679654178030534,0.17578125,0.080322265625,0.575927734375,1.32,2.5328017117539536,2.7892015043807703,0.0,5.3518896550926645,0.0,1-41974,grid,-0.009541966021060944,0.006291799247264862,-0.001512664370238781,-0.0028651277534663677,0.005830668768714333,0.015420385503596815,,,,,,,,
814,9513-3703,0.08623963175031689,strict,7883,0.14043847371071239,0.17578125,0.48114013671875,1.0,1.32,2.6303001366915466,5.321971442084158,0.0,10.604835008774595,0.0,1-41982,grid,0.022363603115081787,0.00979643315076828,0.028770331759005785,0.01443691598251462,0.01041819829351189,0.023363131231878824,,,,,,,,
815,8985-1902,0.016646525431289028,strict,100,0.6697174653490002,0.17578125,0.006103515625,0.05535888671875,1.32,2.450707086300212,1.116007249517991,0.0,2.071974905118294,0.0,1-420638,grid,0.0065716467797756195,-0.00012611597776412964,-0.004818490706384182,0.0022581545636057854,0.020683315151852035,0.008724283377929834,,,,,,,,
816,8157-6104,0.07790191901259673,strict,6113,0.1539637998033103,0.17578125,0.37310791015625,1.0,1.32,2.4806818749169395,4.854449860377039,0.0,9.122989228280597,0.0,1-42065,grid,-0.09178920090198517,-0.017031461000442505,-0.04102991335093975,-0.017310295719653368,0.03797134520552304,0.013873927425425255,,,,,,,,
817,9514-3701,0.06033349217289721,strict,121,0.1947288302703564,0.17578125,0.00738525390625,0.83349609375,1.32,2.476296244715914,3.8382069333062514,0.0,7.200407132870342,0.0,1-42082,grid,0.011011689901351929,0.06269044429063797,0.0007039550691843033,0.004036266822367907,0.021176780842068574,0.05040737325840255,,,,,,,,
818,12621-12701,0.061192643485442906,strict,4763,0.1921900483309371,0.17578125,0.29071044921875,1.0,1.32,2.3931643353729326,3.8889086763291396,0.0,7.050604202813073,0.0,1-420973,grid,0.0521979033946991,0.01937171071767807,0.04158058436587453,-0.020101019414141774,0.024847321514277668,0.046480016118404584,,,,,,,,
819,8157-3704,0.06043679233071129,strict,3034,0.1944197570454002,0.17578125,0.1851806640625,1.0,1.32,2.316053743944555,3.8443086125437635,0.0,6.745170723454757,0.0,1-42106,grid,0.003908857703208923,0.017993565648794174,0.01616022503003478,-0.019072107039391994,0.007363538557430305,0.03940857030017299,,,,,,,,
820,8444-6102,0.0254602388962067,strict,1441,0.44258878857635275,0.17578125,0.08795166015625,0.89837646484375,1.32,2.546311022605115,1.6887222761842724,0.0,3.257584959065766,0.0,1-421767,grid,0.020671244710683823,-0.011872895061969757,0.010928777512162924,-0.004711051471531391,0.006512096170792815,0.01346565120070742,,,,,,,,
821,8444-12704,0.03562775442935969,strict,891,0.3201857973019458,0.17578125,0.05438232421875,0.9483642578125,1.32,2.6062704132725676,2.3342994997166167,0.0,4.6089513044154335,0.0,1-421775,grid,0.007903382182121277,-0.011704131960868835,0.0011537163518369198,0.01122133620083332,0.014762441465531611,0.01719350758546577,,,,,,,,
822,12622-9102,0.042610412096930304,strict,5283,0.26996837665997087,0.17578125,0.32244873046875,1.0,1.32,2.3003251162755833,2.7685077626690746,0.0,4.824596925054237,0.0,1-421842,grid,0.013755116611719131,0.022254489362239838,0.026396102271974087,-0.008342324756085873,0.012113325818691912,0.024727211984592587,,,,,,,,
823,8442-3703,0.038682059095492875,strict,841,0.2959881639146381,0.17578125,0.05133056640625,0.4735107421875,1.32,2.509707966617347,2.5251332234820314,0.0,4.80102043010833,0.0,1-421884,grid,-0.006221868097782135,0.025708824396133423,-3.406219184398651e-05,0.008140956982970238,0.011122214440586321,0.015136000181481526,,,,,,,,
824,9514-12704,0.026254140109068284,strict,2819,0.42961790860793225,0.17578125,0.17205810546875,1.0,1.32,2.474316446376342,1.7397076134002163,0.0,3.261050878577492,0.0,1-42199,grid,0.01526644453406334,-0.041651077568531036,0.02308767382055521,-0.0014950698241591454,0.020288360790818815,0.03498367447457848,,,,,,,,
825,7993-3704,0.021933033507611947,strict,659,0.5115728835867234,0.17578125,0.04022216796875,0.41412353515625,1.32,2.3929031014457123,1.4610030563349725,0.0,2.6485142005497124,0.0,1-42248,grid,0.005931895226240158,-0.014321237802505493,-0.004829845391213894,5.892151966691017e-05,0.013668528937864756,0.02048400807987435,,,,,,,,
826,8443-12703,0.0569421869919204,strict,12241,0.20549908979806455,0.17578125,0.74713134765625,1.0,1.32,2.4248213428054464,3.6370455323804425,0.0,6.681201236114616,0.0,1-422823,grid,0.011711448431015015,0.020849868655204773,0.019648189190775156,0.01162446616217494,0.009973159183716438,0.027740517981956404,,,,,,,,
827,8443-1902,0.02994764575172386,strict,112,0.3783171007420631,0.17578125,0.0068359375,0.2259521484375,1.32,2.411010483757242,1.9756166057317153,0.0,3.608509354775805,0.0,1-424438,grid,0.011485889554023743,-0.011278614401817322,-0.00232812762260437,-0.0007426203228533268,0.025300976415574137,0.007132254561960189,,,,,,,,
828,8097-12703,0.06977810660165716,strict,1104,0.17025837313012068,0.17578125,0.0673828125,1.0,1.32,2.41646268429844,4.389854858339843,0.0,8.03630337474579,0.0,1-42548,grid,-0.09384322166442871,0.05164530873298645,-0.08510886179283261,-0.011024375911802053,0.018154240174010176,0.05204604959301639,,,,,,,,
829,9513-9101,0.04729657225608755,strict,4058,0.244585796745807,0.17578125,0.2476806640625,1.0,1.32,2.578425169178013,3.055817453026782,0.0,5.969088358558867,0.0,1-42896,grid,-0.019681736826896667,0.03273274004459381,0.013001811690628529,0.013560688123106956,0.0233534494642699,0.03250339246673114,,,,,,,,
830,8135-12703,0.05098577789217391,strict,6569,0.2278879988974349,0.17578125,0.40093994140625,1.0,1.32,2.5126530079366156,3.279723153805406,0.0,6.243035036067056,0.0,1-43009,grid,-0.012092448770999908,0.03268106281757355,-0.007120200432837009,0.0021149616222828627,0.009012568568036046,0.02908360088591059,,,,,,,,
831,8566-12702,0.042275864585834176,strict,3910,0.27199580449213967,0.17578125,0.2386474609375,0.92156982421875,1.32,2.578575487814452,2.747871599908804,0.0,5.367874508474486,0.0,1-43285,grid,-0.033275507390499115,0.030707575380802155,-0.013905847910791636,0.009062394499778748,0.01960901938791344,0.012312186211358636,,,,,,,,
832,8566-12704,0.04161996358379877,strict,8475,0.27606535225443696,0.17578125,0.51727294921875,1.0,1.32,2.553852469838263,2.7073645437745646,0.0,5.238037596114555,0.0,1-43311,grid,-0.013667941093444824,0.01550208032131195,-0.003799919970333576,-0.0046174300368875265,0.013157930842432894,0.021065452977033532,,,,,,,,
833,8135-12704,0.09448794435145834,strict,13885,0.1294124328992632,0.17578125,0.84747314453125,1.0,1.32,2.4904049419185834,5.77540758421638,0.0,10.89629059797465,0.0,1-43506,grid,-0.014233410358428955,-0.009806148707866669,-0.00840811524540186,-0.021802641917020082,0.02346171113074933,0.013515035263056103,,,,,,,,
834,8140-12702,0.04170656371609983,strict,1742,0.27552070161589226,0.17578125,0.1063232421875,0.921142578125,1.32,2.6795251056188936,2.7127164749321575,0.0,5.506660529550531,0.0,1-43632,grid,0.01835542917251587,0.04064037650823593,0.006116210017353296,-0.003859227988868952,0.016630084785781804,0.02521482293347693,,,,,,,,
835,8140-12703,0.032032248936421245,strict,5120,0.35458732029864926,0.17578125,0.3125,1.0,1.32,2.7009999903546804,2.107829309375181,0.0,4.313065866887634,0.0,1-43783,grid,0.007282029837369919,-0.019529767334461212,-0.0012898724526166916,-0.02240691054612398,0.014397497400855433,0.012035279259244113,,,,,,,,
836,8143-12702,0.044916868620558256,strict,3416,0.256813124350338,0.17578125,0.20849609375,0.99951171875,1.32,2.613365387242535,2.910324572971204,0.0,5.7619253823063294,0.0,1-43823,grid,-0.03918100893497467,0.03499568998813629,-0.022095678374171257,0.013097183778882027,0.021393869965094316,0.022142493606996234,,,,,,,,
837,9182-12702,0.027990242761353205,strict,2207,0.4038176284911012,0.17578125,0.13470458984375,1.0,1.32,2.368735978574128,1.850859134731332,0.0,3.3213610785687013,0.0,1-43864,grid,-0.0041831135749816895,0.010963648557662964,-0.004179871175438166,0.0008132876828312874,0.00507238879823062,0.013429288264848505,,,,,,,,
838,9182-12703,0.06877660507163967,strict,8865,0.1725341958187499,0.17578125,0.54107666015625,1.0,1.32,2.3753446120485693,4.331950213762056,0.0,7.795359545395717,0.0,1-43868,grid,-0.034505560994148254,0.07289047539234161,0.020559558179229498,0.026980982162058353,0.028140868926986758,0.02508753307320014,,,,,,,,
839,9889-1902,0.022821834865454714,strict,323,0.4921799577834956,0.17578125,0.01971435546875,0.175537109375,1.32,2.5047426579371646,1.5185696504673094,0.0,2.8815349867986364,0.0,1-440292,grid,0.04405660554766655,-0.018188029527664185,0.013906147796660662,-0.0016799522563815117,0.02570778932410091,0.028144271155923762,,,,,,,,
840,8141-3701,0.03155954821426522,strict,1152,0.35969332119251457,0.17578125,0.0703125,0.7603759765625,1.32,2.5469839658870437,2.0779077687079726,0.0,4.009392249614644,0.0,1-44180,grid,-0.011587895452976227,0.03756740316748619,-0.001786903478205204,0.015670268796384335,0.00624994774459457,0.0117606435313521,,,,,,,,
841,8718-6102,0.04716157204984456,strict,1214,0.24524641185344212,0.17578125,0.0740966796875,0.77587890625,1.32,2.4296804142723327,3.0475860617481563,0.0,5.6095910341203385,0.0,1-44361,grid,-0.02937527745962143,0.04076026752591133,0.005416486412286758,-0.0004142196848988533,0.01809947462557073,0.035315660666820896,,,,,,,,
842,8718-12702,0.03892805947131344,strict,3752,0.29420454075476044,0.17578125,0.22900390625,0.999267578125,1.32,2.4810938073981244,2.540441913441829,0.0,4.775056590526638,0.0,1-44379,grid,0.001968786120414734,-0.005255959928035736,-0.0049918172881007195,-0.02062752703204751,0.010427006622631362,0.018729564371496015,,,,,,,,
843,11976-3704,0.03531600695309571,strict,685,0.32289112085842214,0.17578125,0.04180908203125,0.30859375,1.32,2.461788266782037,2.3147417137742052,0.0,4.316972720909305,0.0,1-444671,grid,0.017372436821460724,-0.014924593269824982,-0.006123763509094715,0.004458233714103699,0.020960147957715836,0.03520726701166143,,,,,,,,
844,8609-6101,0.04939297545881211,strict,2161,0.2347909816106253,0.17578125,0.13189697265625,0.8433837890625,1.32,2.4487147687914246,3.1832975071325076,0.0,5.905293650888104,0.0,1-445618,grid,0.0018930360674858093,0.0002083107829093933,-0.011442413087934256,-0.006091006565839052,0.01197422981696663,0.03211725902869896,,,,,,,,
845,8609-3703,0.051326978413433984,strict,369,0.2264650498922979,0.17578125,0.02252197265625,0.62005615234375,1.32,2.6202871287982608,3.3003306550558267,0.0,6.551374194106906,0.0,1-446684,grid,0.024884972721338272,-0.0014221146702766418,0.018188259564340115,0.0117510836571455,0.012774628020839422,0.017571246076298074,,,,,,,,
846,8714-12705,0.06237809529648557,strict,5290,0.18880201865357243,0.17578125,0.3228759765625,1.0,1.32,2.232031149348916,3.9586946780992793,0.0,6.693886236575281,0.0,1-44763,grid,-0.022254005074501038,0.03440949693322182,0.0020049745216965675,-0.006015029037371278,0.023526345831520582,0.03815982826095605,,,,,,,,
847,8719-12703,0.05861308954459758,strict,393,0.20003662112799436,0.17578125,0.02398681640625,1.0,1.32,2.4805972477383667,3.7363635830464497,0.0,7.02152516716279,0.0,1-44789,grid,0.009380955249071121,0.029948916286230087,0.012159666512161493,0.0033492196816951036,0.01927282275152497,0.03489718869426213,,,,,,,,
848,8719-12701,0.05924699051302303,strict,4871,0.19804499945401574,0.17578125,0.29730224609375,1.0,1.32,2.5201678341405653,3.773937986411214,0.0,7.205270546511176,0.0,1-44801,grid,0.020943325012922287,0.0229957178235054,0.013944820500910282,-0.005588443484157324,0.018849088884449732,0.03248868738481086,,,,,,,,
849,8718-1901,0.031995948880964804,strict,311,0.35497407502588946,0.17578125,0.01898193359375,0.3333740234375,1.32,2.431446798330504,2.1055327671571145,0.0,3.878402201124342,0.0,1-45108,grid,0.03408316522836685,0.00015200302004814148,0.004294184967875481,0.0012878170236945152,0.02757343873005617,0.014101714807332038,,,,,,,,
850,8722-6101,0.0787593203224689,strict,364,0.15244052427720917,0.17578125,0.022216796875,1.0,1.32,2.7445776185828183,4.9029583832915264,0.0,10.19435594214009,0.0,1-45490,grid,-0.038819193840026855,-0.014723040163516998,-0.03136132750660181,-0.0019450257532298565,0.021966547221384254,0.01009587695106127,,,,,,,,
851,9487-12703,0.05413258269962174,strict,5125,0.2154452872252346,0.17578125,0.31280517578125,1.0,1.32,2.3928019533711136,3.469138527392934,0.0,6.288607155197575,0.0,1-45529,grid,-0.02160099893808365,-0.012756146490573883,-0.002454688772559166,-0.010785318445414305,0.011581468572272048,0.028311413792256587,,,,,,,,
852,10495-12701,0.1276921950783743,strict,16348,0.09947683874027351,0.17578125,0.997802734375,1.0,1.32,2.782140768193997,7.513402676674596,0.0,15.83586658684416,0.0,1-45571,grid,-0.026962116360664368,-0.023377589881420135,-0.006916332524269819,-0.006900566630065441,0.0180658061165433,0.012367081817140187,,,,,,,,
853,11014-12701,0.057338671597639265,strict,4435,0.20417407102972515,0.17578125,0.27069091796875,1.0,1.32,2.4267074843034457,3.6606486939739025,0.0,6.72979059323644,0.0,1-456001,grid,0.004273474216461182,-0.021504051983356476,-0.020209002308547497,-0.03817211138084531,0.01752931351866514,0.02520200379527249,,,,,,,,
854,11871-1902,0.027133991453237912,strict,437,0.41612968958949414,0.17578125,0.02667236328125,0.3035888671875,1.32,2.556605302168891,1.7960976233049044,0.0,3.478721747692622,0.0,1-456420,grid,-0.006391972303390503,-0.014573782682418823,-0.009716281201690435,-0.009378645569086075,0.008039042914071589,0.027281928584171746,,,,,,,,
855,8950-1901,0.02795334270498012,strict,437,0.40433265917661443,0.17578125,0.02667236328125,0.2559814453125,1.32,2.527798200240041,1.848501548156727,0.0,3.5398779443723516,0.0,1-456687,grid,0.012454766780138016,-0.026948310434818268,-0.0005298210307955742,-0.0034699304960668087,0.01627608871686119,0.028871856295077266,,,,,,,,
856,11009-6102,0.0451889090361608,strict,2342,0.2553500917599385,0.17578125,0.1429443359375,0.79718017578125,1.32,2.4814677841979393,2.9269993259331106,0.0,5.502465554297045,0.0,1-456751,grid,0.009982474148273468,0.011013120412826538,0.011695503257215023,0.003308805637061596,0.008582696108391163,0.017011504975789425,,,,,,,,
857,8933-12701,0.04531416922752375,strict,2606,0.2546823532540353,0.17578125,0.1590576171875,1.0,1.32,2.432036510978773,2.9346734742661478,0.0,5.406994725163784,0.0,1-456759,grid,0.0034379027783870697,0.010206576436758041,0.016285361722111702,-0.002095369156450033,0.007201138664368784,0.029197335620516313,,,,,,,,
858,9875-6101,0.028998644301911992,strict,935,0.39025039421435165,0.17578125,0.05706787109375,0.3447265625,1.32,2.511301772014023,1.9152051030287254,0.0,3.643680279550255,0.0,1-456828,grid,0.01650243252515793,-0.013932354748249054,-0.006279096473008394,-0.0027198009192943573,0.02128766294356752,0.02598050751208144,,,,,,,,
859,11004-3703,0.03810705821705049,strict,1897,0.30024706816350044,0.17578125,0.11578369140625,1.0,1.32,2.509626357998179,2.4893150531991006,0.0,4.7327656597500765,0.0,1-457017,grid,-0.03763844072818756,0.01841118186712265,-0.02475122781470418,-0.011312362737953663,0.010455162925287418,0.024330919143977,,,,,,,,
860,10495-6102,0.05476898367186649,strict,3682,0.21310289390693943,0.17578125,0.2247314453125,0.79119873046875,1.32,2.6332426084480547,3.507270749615848,0.0,6.996586952463636,0.0,1-45702,grid,-0.0010073930025100708,0.04224162548780441,0.00872737541794777,0.02458592876791954,0.011208541134517963,0.02007515995240166,,,,,,,,
861,9879-6102,0.034063952040301944,strict,2492,0.3342553824951903,0.17578125,0.152099609375,1.0,1.32,2.4624451450479743,2.236043413508989,0.0,4.171313824024022,0.0,1-457054,grid,0.012623287737369537,0.0426115021109581,0.003498310223221779,0.005794081836938858,0.010185818697388535,0.02618962784483547,,,,,,,,
862,11004-12705,0.035952540925543675,strict,4695,0.3174172440379443,0.17578125,0.28656005859375,1.0,1.32,2.4348565622481044,2.3546595545670863,0.0,4.343377475983233,0.0,1-457074,grid,0.01856919378042221,-0.0138087198138237,0.01158663583919406,-0.01162878843024373,0.009345042781997374,0.0076218864120851165,,,,,,,,
863,8932-9102,0.02093793198737191,strict,1265,0.5352391007493124,0.17578125,0.07720947265625,0.8792724609375,1.32,2.563974447024213,1.3964031129488785,0.0,2.712380226777265,0.0,1-457236,grid,-0.005049996078014374,-0.014198541641235352,-0.004559808410704136,0.008496195077896118,0.01585822563891013,0.022649950776022616,,,,,,,,
864,11004-3702,0.019592517931951166,strict,486,0.571059716070559,0.17578125,0.0296630859375,0.28533935546875,1.32,2.5218880259748238,1.3088115400630878,0.0,2.5005122357142184,0.0,1-457248,grid,0.03021332621574402,-0.035699471831321716,-0.000309038907289505,-0.023149991407990456,0.027425571103820812,0.032231897171900684,,,,,,,,
865,8982-3701,0.07525871497451166,strict,6009,0.15887866413187793,0.17578125,0.36676025390625,1.0,1.32,2.4764323505939516,4.704278894477031,0.0,8.825627606438838,0.0,1-457523,grid,-0.006964065134525299,0.040523871779441833,0.022686020005494356,0.025744373444467783,0.017430366809258763,0.038503455685090324,,,,,,,,
866,8982-1902,0.02406283676136254,strict,368,0.467499351686927,0.17578125,0.0224609375,0.14898681640625,1.32,2.453340775769379,1.598739214848837,0.0,2.971403110310738,0.0,1-457547,grid,0.01129915937781334,-0.011984899640083313,-0.014988041017204523,0.00013256259262561798,0.03679288427611043,0.017112564170081165,,,,,,,,
867,9878-12702,0.07321711185550649,strict,14136,0.1629182899991692,0.17578125,0.86279296875,1.0,1.32,2.5016005431721515,4.587634368505276,0.0,8.694264112218201,0.0,1-457614,grid,-0.03665284812450409,0.035122573375701904,-0.017858405131846666,-0.010186395607888699,0.015707137450049143,0.05138511436020559,,,,,,,,
868,9878-12705,0.06523909966730933,strict,9300,0.18113308246941087,0.17578125,0.567626953125,1.0,1.32,2.525707263453463,4.126300597708417,0.0,7.8953237809276615,0.0,1-458007,grid,0.02386261522769928,0.027149148285388947,0.03760306164622307,0.014463797211647034,0.009263434661146876,0.0351440103309314,,,,,,,,
869,8984-12705,0.036557755850144764,strict,6363,0.3123895536442681,0.17578125,0.38836669921875,1.0,1.32,2.3665398901124166,2.392556145809557,0.0,4.289454210902982,0.0,1-458137,grid,-0.005132682621479034,0.02890869788825512,0.00222648773342371,-0.003580087563022971,0.010433113859163096,0.02174231247411348,,,,,,,,
870,10217-3704,0.059588891035352504,strict,2153,0.19698841107357276,0.17578125,0.13140869140625,0.7523193359375,1.32,2.4235286155633737,3.794180289007711,0.0,6.96613977501265,0.0,1-458682,grid,0.038393184542655945,0.007751341909170151,0.011278324294835329,-0.009514881065115333,0.014949592915074899,0.015550691493299627,,,,,,,,
871,11743-9102,0.029343383828578685,strict,2612,0.38582614482593663,0.17578125,0.159423828125,0.9783935546875,1.32,2.5227423353315883,1.9371666655599193,0.0,3.7022517862129813,0.0,1-458706,grid,-0.0006524026393890381,0.01094772294163704,-0.00048570381477475166,0.012024704366922379,0.006069071531495328,0.008723356793155277,,,,,,,,
872,11744-12701,0.028497117535717736,strict,2715,0.3968779822943552,0.17578125,0.16571044921875,1.0,1.32,2.380265303698996,1.8832225011262067,0.0,3.395885741345419,0.0,1-459619,grid,-0.01801641285419464,0.03638535737991333,-0.019289787858724594,0.004652699921280146,0.009385774971413017,0.02143138745755809,,,,,,,,
873,8241-12702,0.043763866859090304,strict,1421,0.26321601709834336,0.17578125,0.08673095703125,1.0,1.32,2.5231499742108072,2.839529124016223,0.0,5.427695330327552,0.0,1-460434,grid,-0.002226799726486206,-0.008520998060703278,-0.010847742669284344,-0.0011902698315680027,0.013001369118665352,0.017656133207244806,,,,,,,,
874,8241-12703,0.02893984421208171,strict,2112,0.3910155365574712,0.17578125,0.12890625,1.0,1.32,2.482959207144492,1.911457414297512,0.0,3.5955081711322805,0.0,1-460862,grid,0.009893834590911865,0.04539129510521889,0.002742544747889042,0.0038415896706283092,0.014570393761809623,0.02731805790414715,,,,,,,,
875,10495-12705,0.04879887455119016,strict,3892,0.2374812180225277,0.17578125,0.237548828125,0.9989013671875,1.32,2.792373334396634,3.147236453820942,0.0,6.65777208385653,0.0,1-46266,grid,-0.025424547493457794,0.008860975503921509,-0.0022635841742157936,0.0033623259514570236,0.02030327607555821,0.03201319363900582,,,,,,,,
876,8245-3704,0.03128314779200179,strict,112,0.36275045039609166,0.17578125,0.0068359375,0.246337890625,1.32,2.5071246264608877,2.0603959158208967,0.0,3.913385864253033,0.0,1-462964,grid,-0.008388876914978027,-0.0039910078048706055,0.00019131042063236237,0.004813915817067027,0.01754151470695361,0.011146049615734621,,,,,,,,
877,8245-1902,0.02536943875748919,strict,401,0.4441240408001721,0.17578125,0.02447509765625,0.2689208984375,1.32,2.4919654633100414,1.6828846848995176,0.0,3.1770382678053024,0.0,1-464210,grid,0.03617868572473526,-0.007330365478992462,0.0008528088219463825,-0.004705782514065504,0.022814998591935837,0.01254460236988769,,,,,,,,
878,8244-1902,0.03918765986791109,strict,622,0.292346607867973,0.17578125,0.0379638671875,0.60223388671875,1.32,2.7490447523538886,2.5565870317737245,0.0,5.324372851237546,0.0,1-46864,grid,0.00141153484582901,-0.02610509842634201,-0.0046035293489694595,0.002774239983409643,0.010156308410498588,0.01478206698326573,,,,,,,,
879,8244-6102,0.03048094656646007,strict,1411,0.3719372811338836,0.17578125,0.08612060546875,0.930908203125,1.32,2.7084089258526927,2.0095042480811665,0.0,4.123150940940858,0.0,1-47136,grid,0.004609543830156326,0.006524115800857544,-0.0016903080977499485,-0.0028911749832332134,0.009659892465467059,0.010840830615764518,,,,,,,,
880,8723-1901,0.025823639451382288,strict,331,0.4365524926745603,0.17578125,0.02020263671875,0.22247314453125,1.32,2.3107501837894207,1.712072566300691,0.0,2.9970999979092023,0.0,1-47408,grid,-0.0009819194674491882,0.0019676052033901215,-0.0042037637904286385,4.1828956454992294e-05,0.013866372016914714,0.033385411481056504,,,,,,,,
881,8438-6102,0.0501999766916869,strict,5020,0.2312387571652426,0.17578125,0.306396484375,0.89398193359375,1.32,2.4515733459152265,3.23219842391819,0.0,6.003008715747756,0.0,1-474575,grid,-0.015611700713634491,0.038102664053440094,-0.013274072669446468,0.003683327464386821,0.008482898550620935,0.026393417167742135,,,,,,,,
882,8724-6104,0.04611857045642646,strict,164,0.2504807423831773,0.17578125,0.010009765625,0.63970947265625,1.32,2.5182599673164248,2.983900236589587,0.0,5.6926034183860335,0.0,1-47499,grid,0.0019716396927833557,0.04182654991745949,-0.00026584649458527565,0.009882363956421614,0.01184673318252943,0.032819640079801184,,,,,,,,
883,10001-6102,0.026104639880673262,strict,1432,0.43200015738834524,0.17578125,0.08740234375,0.7703857421875,1.32,2.594095893503594,1.7301140605521044,0.0,3.4000619543720014,0.0,1-48116,grid,0.02852563187479973,-0.02285456657409668,0.002018253318965435,0.00013477960601449013,0.017126616854971917,0.013100662480386502,,,,,,,,
884,8248-6102,0.07292721141261875,strict,1170,0.16351027640144492,0.17578125,0.0714111328125,1.0,1.32,2.456546392236325,4.571024909916264,0.0,8.506768750967552,0.0,1-481824,grid,-0.026324689388275146,0.05437568202614784,-0.030374248046427965,0.016747838351875544,0.026066261302188552,0.03162701902644345,,,,,,,,
885,8721-12702,0.043927767109484574,strict,3097,0.26228533223318595,0.17578125,0.18902587890625,1.0,1.32,2.4859099476292106,2.8496048181368003,0.0,5.36656133652909,0.0,1-48545,grid,-0.02944636344909668,0.04247288405895233,-0.006557890214025974,2.5501707568764687e-05,0.02363241292164362,0.02876063420137063,,,,,,,,
886,8448-12703,0.07383901280559921,strict,11466,0.1616640585198329,0.17578125,0.6998291015625,1.0,1.32,2.48990049657687,4.623226419659668,0.0,8.720737695528719,0.0,1-487432,grid,0.003264978528022766,0.02325846627354622,0.009676744230091572,-0.014755848329514265,0.02016031407526032,0.034953587582323135,,,,,,,,
887,8450-12705,0.04282676542745837,strict,4564,0.26867410654411245,0.17578125,0.278564453125,1.0,1.32,2.533105790901448,2.781844354381743,0.0,5.33841366929613,0.0,1-489642,grid,0.0010036900639533997,0.02028169110417366,0.018284492194652557,0.012659766245633364,0.015979223662244954,0.010528257515509077,,,,,,,,
888,8338-6103,0.033289750857536556,strict,1084,0.34171030137233355,0.17578125,0.066162109375,1.0,1.32,2.6529407353032557,2.187260797981936,0.0,4.395964598256199,0.0,1-489932,grid,-0.008356094360351562,0.018967032432556152,0.00028360821306705475,-0.003678170032799244,0.016065221486586817,0.013198932547994018,,,,,,,,
889,8450-9102,0.04930037531734469,strict,4131,0.23520602907770793,0.17578125,0.25213623046875,1.0,1.32,2.526207670650615,3.177680220991984,0.0,6.081424355412644,0.0,1-491058,grid,-0.047036245465278625,0.028719056397676468,-0.02232990600168705,-0.005005494458600879,0.019443294924603925,0.03546518558367253,,,,,,,,
890,8450-1902,0.03350245118248386,strict,667,0.33962783280719777,0.17578125,0.04071044921875,0.278564453125,1.32,2.505963970804814,2.20067224844494,0.0,4.177882853146242,0.0,1-491220,grid,0.017571955919265747,-0.007460571825504303,-0.0044727991335093975,-0.00998719735071063,0.019494514555891802,0.014979224852565353,,,,,,,,
891,8338-3704,0.033158650657251695,strict,978,0.3430071672981116,0.17578125,0.0596923828125,0.546142578125,1.32,2.530994667286559,2.1789910465885853,0.0,4.178041453773384,0.0,1-491233,grid,-0.004121698439121246,0.014235816895961761,0.0028062742203474045,0.015588377602398396,0.01155847148256295,0.01704589323895372,,,,,,,,
892,8310-12702,0.025591739097102655,strict,1155,0.44038469581604933,0.17578125,0.07049560546875,1.0,1.32,2.3807255392088087,1.697174206004866,0.0,3.0609893763047094,0.0,1-494684,grid,-0.02625085413455963,-0.0033034533262252808,-0.008484597317874432,-0.009384949691593647,0.017400738552422988,0.021723995576507702,,,,,,,,
893,10222-3704,0.07897892065795752,strict,5329,0.15205570979505773,0.17578125,0.32525634765625,1.0,1.32,2.465329039543409,4.915366528923277,0.0,9.180299881632001,0.0,1-50472,grid,-0.08633846044540405,0.06817059218883514,-0.06371800415217876,0.01461425144225359,0.030417148296784068,0.05366135869916992,,,,,,,,
894,10222-12702,0.06234079523950139,strict,12992,0.1889066565283384,0.17578125,0.79296875,1.0,1.32,2.4539756317191723,3.9565019051945223,0.0,7.355423683483208,0.0,1-50480,grid,0.010232936590909958,-0.0035363435745239258,0.002450298983603716,-0.013510433491319418,0.012043864100674194,0.024394126347519696,,,,,,,,
895,10222-12701,0.01675492559689451,strict,551,0.6654724021057308,0.17578125,0.03363037109375,0.82080078125,1.32,2.442018236062393,1.1231262845661167,0.0,2.077799142660195,0.0,1-50542,grid,0.030864059925079346,-0.013159602880477905,0.01081060292199254,0.008912670658901334,0.026862983609597813,0.021826471561293796,,,,,,,,
896,9188-9102,0.023143635357076905,strict,1566,0.48552587188541996,0.17578125,0.0955810546875,0.93011474609375,1.32,2.701066101673496,1.5393815031028473,0.0,3.1499781784653735,0.0,1-50982,grid,0.013130538165569305,-0.004098810255527496,0.011586467735469341,0.0039439271204173565,0.01010807636310537,0.01654541951179466,,,,,,,,
897,9188-6102,0.10517416067704276,strict,15387,0.11770660698642635,0.17578125,0.93914794921875,1.0,1.32,2.662651669825078,6.349767150662049,0.0,12.808498565689948,0.0,1-51113,grid,-0.017672449350357056,0.011096436530351639,0.017139152623713017,0.003628673031926155,0.02860793037410671,0.028033328295934783,,,,,,,,
898,9188-6104,0.018465028209458556,strict,168,0.6050990123117077,0.17578125,0.01025390625,0.44677734375,1.32,2.692708403266703,1.2351855336912718,0.0,2.5196927773969353,0.0,1-51118,grid,0.01852913573384285,0.008263729512691498,0.003732172306627035,0.00014569703489542007,0.013554470282954258,0.01743266018964233,,,,,,,,
899,9189-9101,0.03478175313690359,strict,4140,0.32764015507628297,0.17578125,0.252685546875,1.0,1.32,2.762953140954229,2.2811903085697236,0.0,4.774865097103837,0.0,1-51296,grid,0.010245844721794128,-0.006022565066814423,0.005196607671678066,-0.005312434863299131,0.013243016248667703,0.010772278705746346,,,,,,,,
900,9190-3702,0.03747755725534704,strict,1160,0.3050595695795613,0.17578125,0.07080078125,0.3441162109375,1.32,2.564875725313073,2.4500445846966596,0.0,4.760651425169099,0.0,1-51523,grid,0.009333241730928421,-0.005143888294696808,0.003395814448595047,0.018942561699077487,0.02471291074175395,0.02548083672737916,,,,,,,,
901,8727-9101,0.03351965120876074,strict,1761,0.3394605892761632,0.17578125,0.10748291015625,1.0,1.32,2.448964630336847,2.20175646325251,0.0,4.084866441758293,0.0,1-51660,grid,-0.040865324437618256,0.03355032578110695,0.00043801264837384224,0.029713054420426488,0.024328015345400814,0.01055872933287409,,,,,,,,
902,8311-12702,0.04945517555383666,strict,772,0.23451306500085642,0.17578125,0.047119140625,0.7506103515625,1.32,2.61734930292263,3.187069967532805,0.0,6.319451028702755,0.0,1-519381,grid,0.019000664353370667,0.017358150333166122,0.02720596455037594,-0.003690981073305011,0.008497233591390861,0.03685098084379878,,,,,,,,
903,8311-3704,0.03248414962680058,strict,1389,0.3498449819937797,0.17578125,0.08477783203125,0.86895751953125,1.32,2.637494415132188,2.1364020778539765,0.0,4.268748900618685,0.0,1-519429,grid,0.0018725395202636719,0.005517803132534027,0.0015214672312140465,-0.02088666777126491,0.013325531750296276,0.01871198679018452,,,,,,,,
904,11010-3701,0.02477630985135219,strict,172,0.45442957981822957,0.17578125,0.010498046875,0.203125,1.32,2.4886427252482304,1.644720281539022,0.0,3.1008493664547787,0.0,1-521847,grid,0.011702995747327805,-0.019441835582256317,-0.013368237763643265,-0.007734303362667561,0.020226074778889616,0.007208532449777979,,,,,,,,
905,11009-12705,0.07281773124536332,strict,4016,0.1637350670088135,0.17578125,0.2451171875,1.0,1.32,2.539351329611492,4.564749385164186,0.0,8.781441227696902,0.0,1-521998,grid,0.006780833005905151,0.01523648202419281,0.012379339896142483,-0.02074226690456271,0.0146074468713352,0.04326896163784819,,,,,,,,
906,11010-9101,0.024156685904738087,strict,2033,0.4657360680305966,0.17578125,0.12408447265625,0.92901611328125,1.32,2.360310799575867,1.6047920652114855,0.0,2.86955154741843,0.0,1-522062,grid,0.002102077007293701,0.01322084292769432,-0.009201288223266602,0.011048784479498863,0.01540521878145663,0.007677273879876602,,,,,,,,
907,11010-9102,0.06942881106803013,strict,13835,0.17104464723806453,0.17578125,0.84442138671875,1.0,1.32,2.3731208644153514,4.369675161000703,0.0,7.8558843146123305,0.0,1-522187,grid,0.001462295651435852,0.052252933382987976,0.02199812000617385,0.008917576167732477,0.01821309091066495,0.05049043144516394,,,,,,,,
908,9878-6101,0.033497551174998,strict,2451,0.3396755092124177,0.17578125,0.14959716796875,0.9749755859375,1.32,2.4724973825036662,2.2003633649987466,0.0,4.1215095913002715,0.0,1-522568,grid,-0.005570933222770691,-0.028808750212192535,0.003938819281756878,-0.0245013483799994,0.012129749079723482,0.00946291606408712,,,,,,,,
909,8320-12702,0.027940442685272453,strict,1112,0.4045130315568697,0.17578125,0.06787109375,1.0,1.32,2.406334794684235,1.8476773012273677,0.0,3.3682804388573326,0.0,1-523065,grid,0.018779180943965912,-0.015412606298923492,-0.0031191064044833183,-0.013422269839793444,0.01788510818390613,0.015679691046284673,,,,,,,,
910,9881-12705,0.03069404689201846,strict,4188,0.369449996724343,0.17578125,0.255615234375,1.0,1.32,2.532401958827406,2.0230330304102324,0.0,3.8811612189268305,0.0,1-523085,grid,-0.006829753518104553,0.02372659742832184,0.01582524972036481,0.0068941384088248014,0.018231591200790143,0.01763938009848101,,,,,,,,
911,9881-12702,0.05320438128158656,strict,7919,0.21896227748219335,0.17578125,0.48333740234375,1.0,1.32,2.4970431852815453,3.41341693670993,0.0,6.457158712375862,0.0,1-523178,grid,0.007956914603710175,0.011403433978557587,0.02454132493585348,0.0016740176361054182,0.015288868079482305,0.0275692553292674,,,,,,,,
912,8158-12705,0.03855425890024951,strict,1182,0.2969237664439508,0.17578125,0.0721435546875,0.86224365234375,1.32,2.540017762786303,2.5171765649126097,0.0,4.843691808293514,0.0,1-52578,grid,0.010132089257240295,-0.010932669043540955,-0.0012323791161179543,0.010704573709517717,0.014231996522003179,0.02401465863088775,,,,,,,,
913,8158-6104,0.05779188829002909,strict,2388,0.2026817524218383,0.17578125,0.145751953125,0.936767578125,1.32,2.4729972299006473,3.687601560217056,0.0,6.908657911662186,0.0,1-52590,grid,0.0034925155341625214,0.025457732379436493,-0.00716334767639637,-0.01686321501620114,0.00901224933710743,0.03932585882299667,,,,,,,,
914,11754-3704,0.04921495218684174,strict,1635,0.23559029425601805,0.17578125,0.09979248046875,0.42462158203125,1.32,2.313621957856139,3.172497189744504,0.0,5.560575120780135,0.0,1-52986,grid,-0.00926266610622406,0.016495592892169952,-0.01892683655023575,0.0018253549933433533,0.011333662601418394,0.01152727812417211,,,,,,,,
915,11754-6104,0.05145430560795475,strict,3748,0.22593888173939908,0.17578125,0.228759765625,1.0,1.32,2.421637549407569,3.3080164896999458,0.0,6.0688007163006095,0.0,1-53025,grid,-0.020631298422813416,0.052776020020246506,-0.01823913026601076,0.005840859841555357,0.007664415142985837,0.03522073594358655,,,,,,,,
916,10839-3704,0.028214466103904483,strict,859,0.4007170142687411,0.17578125,0.05242919921875,0.67291259765625,1.32,2.4093814184118516,1.865180463630245,0.0,3.4044932962541776,0.0,1-53120,grid,-0.02901522070169449,0.03686954826116562,-0.02497170027345419,-0.0006078691221773624,0.0073715589780133815,0.0246794731944592,,,,,,,,
917,8320-9102,0.052373980012962985,strict,9239,0.2222144539109442,0.17578125,0.56390380859375,1.0,1.32,2.4177500573497843,3.3634605369002406,0.0,6.1606112924123435,0.0,1-532459,grid,0.010144703090190887,0.04400733858346939,0.009840481914579868,0.00953061692416668,0.0066848066851944886,0.029439396178458307,,,,,,,,
918,11867-3702,0.05343648763618092,strict,565,0.21807135001313424,0.17578125,0.03448486328125,0.66650390625,1.32,2.596141730494299,3.4273624041547976,0.0,6.740847396176922,0.0,1-53278,grid,0.014730595052242279,-0.001800544559955597,-0.007938457187265158,-0.03313515381887555,0.022594123089177277,0.039111382113260415,,,,,,,,
919,12511-12705,0.041475955363794025,strict,6433,0.27697609596112915,0.17578125,0.39263916015625,1.0,1.32,2.6104568910792354,2.698462276553965,0.0,5.33652988268762,0.0,1-53328,grid,0.026521924883127213,0.026955945417284966,0.03654159279540181,-0.004104497143998742,0.011400898346839059,0.029368534572642074,,,,,,,,
920,11867-12703,0.10349851811712414,strict,13314,0.11938176585184981,0.17578125,0.8126220703125,1.0,1.32,2.4639019231288066,6.2606675410197665,0.0,11.686114238173255,0.0,1-53660,grid,-0.03056340664625168,0.05235294625163078,0.00689775962382555,0.018718784675002098,0.024814098257381834,0.03803736199522963,,,,,,,,
921,11867-1901,0.027369069812372655,strict,438,0.4126727541296189,0.17578125,0.0267333984375,0.140625,1.32,2.5159061564756584,1.8111434277619878,0.0,3.452020378914251,0.0,1-53664,grid,0.009014010429382324,-0.02871822565793991,-0.016661650501191616,-0.00417163223028183,0.020636943794539522,0.03294728099823033,0.32535475,0.3371364,0.33750886,0.9924385,0.32667413,0.33705825,0.3362676,0.99334455
922,9882-12705,0.028242143146187355,strict,3253,0.4003377040358863,0.17578125,0.19854736328125,1.0,1.32,2.5710992843721607,1.8669476767326925,0.0,3.636445330005828,0.0,1-537118,grid,0.010431412607431412,0.01382337138056755,0.004620412364602089,-0.01132588880136609,0.010154500237433528,0.019472989853767185,,,,,,,,
923,11867-3704,0.05146204361977628,strict,1208,0.22590698910391693,0.17578125,0.07373046875,0.617431640625,1.32,2.536136246073203,3.30848350209515,0.0,6.356640097877816,0.0,1-53854,grid,-0.023073405027389526,0.05377646163105965,-0.0242452435195446,0.0270343953743577,0.012870946434806603,0.0257544595762716,,,,,,,,
924,9512-12701,0.054166282751106104,strict,5625,0.21531986627689959,0.17578125,0.34332275390625,1.0,1.32,2.4916876199462927,3.4711592542842076,0.0,6.552306470274216,0.0,1-53870,grid,-0.04448140412569046,0.039872609078884125,-0.05087122321128845,-0.0031795960385352373,0.011505197458836845,0.02815776293967421,,,,,,,,
925,10513-12703,0.05040777700914834,strict,2759,0.23034250039155515,0.17578125,0.16839599609375,1.0,1.32,2.5691040971687915,3.244774825261468,0.0,6.3152759833101415,0.0,1-54080,grid,-0.019415251910686493,0.04509338364005089,-0.031519094947725534,0.013177359011024237,0.013358556333905765,0.031447662268239175,,,,,,,,
926,8482-12705,0.04168146367775391,strict,6897,0.2756783291932134,0.17578125,0.42095947265625,1.0,1.32,2.4220834478001905,2.7111653957190978,0.0,4.974749113045363,0.0,1-542392,grid,0.0060859136283397675,0.01177644357085228,0.011076748836785555,0.0019274554215371609,0.011817914304087126,0.017528706732581906,,,,,,,,
927,12651-12701,0.05360529889407786,strict,4144,0.2174282282636882,0.17578125,0.2529296875,1.0,1.32,2.4315132293647244,3.4375000542793823,0.0,6.332065801456269,0.0,1-543357,grid,-0.002481326460838318,0.06343874335289001,0.006128781940788031,0.032140662195160985,0.011229249036045892,0.021416064483777662,,,,,,,,
928,11757-6103,0.05775093822746871,strict,138,0.20281562611325474,0.17578125,0.0084228515625,0.91705322265625,1.32,2.5284302488244057,3.6851674635806186,0.0,7.058855217349049,0.0,1-543394,grid,0.010256960988044739,-0.01759607344865799,-0.009098618756979704,-0.021962114609777927,0.019196421443366012,0.014195814051486007,,,,,,,,
929,12651-6103,0.04672312438001771,strict,2024,0.24741828098922042,0.17578125,0.12353515625,0.65130615234375,1.32,2.4423400035042455,3.0208339637234056,0.0,5.589320934504519,0.0,1-543583,grid,-0.009648412466049194,0.05207105353474617,0.006383318919688463,0.012266331352293491,0.01831033869949772,0.04065122283372826,,,,,,,,
930,12651-6101,0.05459842641130214,strict,1541,0.2137253002403015,0.17578125,0.09405517578125,0.7861328125,1.32,2.496136860057726,3.497056949354849,0.0,6.612979358337623,0.0,1-543598,grid,-0.010674133896827698,0.012120291590690613,-0.025332223623991013,-0.011258674087002873,0.008280345746469365,0.017619552043903287,,,,,,,,
931,10841-6101,0.050483067124170826,strict,807,0.23001959160822755,0.17578125,0.04925537109375,0.96728515625,1.32,2.6422550232720283,3.2493299428654585,0.0,6.504210881670052,0.0,1-54586,grid,0.0034221038222312927,0.0525897815823555,0.021364663261920214,0.002058646408841014,0.018650576111878227,0.04350451667485782,,,,,,,,
932,7957-3704,0.036745756137357234,strict,546,0.3108615108372468,0.17578125,0.0333251953125,0.33367919921875,1.32,2.5034849766866603,2.404316779022567,0.0,4.559977981423225,0.0,1-547107,grid,0.010000050067901611,-0.013083875179290771,-0.0016759946011006832,-0.00763175031170249,0.020483788873044237,0.019341648587571075,,,,,,,,
933,7957-12702,0.023427835791256603,strict,2354,0.4798013032472219,0.17578125,0.1436767578125,1.0,1.32,2.4733667465584386,1.557748054038087,0.0,2.918850179071153,0.0,1-547131,grid,0.02288477122783661,0.02369416505098343,0.01843849290162325,0.03559937793761492,0.012118835645272602,0.012179655500722617,,,,,,,,
934,8614-9102,0.06279519593370003,strict,12315,0.1876404044185171,0.17578125,0.75164794921875,1.0,1.32,2.5998194934533094,3.983201532604141,0.0,7.845155296073743,0.0,1-547143,grid,0.01715434342622757,0.02382071688771248,0.0042999074794352055,-0.011090394575148821,0.014362444714566748,0.01796467293763995,,,,,,,,
935,7957-12705,0.07361891246934675,strict,13157,0.16210552312420995,0.17578125,0.80303955078125,1.0,1.32,2.372050917210209,4.610635912051012,0.0,8.285350866744643,0.0,1-547159,grid,-0.004615470767021179,0.049727655947208405,-0.006559371016919613,0.0031102795619517565,0.029458852562094597,0.037855912046924366,,,,,,,,
936,9186-3703,0.04680227150093264,strict,1980,0.2470232102637863,0.17578125,0.120849609375,0.5250244140625,1.32,2.447401957096459,3.025665263034065,0.0,5.609862944142684,0.0,1-547596,grid,0.00847151130437851,0.007830917835235596,-0.01263800822198391,-0.012592393904924393,0.015932607788266103,0.016592260741260027,,,,,,,,
937,12079-9101,0.04592007015317287,strict,4932,0.25150387421998605,0.17578125,0.301025390625,1.0,1.32,2.466005872258081,2.9717615634204977,0.0,5.551804141171062,0.0,1-547851,grid,-0.03344648331403732,0.03115321882069111,-0.014576487243175507,-0.01165694952942431,0.022347874543918476,0.023931452889397197,,,,,,,,
938,8153-6102,0.026727640832446498,strict,1345,0.4222487045964121,0.17578125,0.08209228515625,0.793212890625,1.32,2.3644019829183915,1.7700694835113269,0.0,3.170572573270844,0.0,1-547926,grid,0.01144997775554657,-0.0408625528216362,0.0046547516249120235,-0.01124968146905303,0.009680086174037624,0.024895885680000795,,,,,,,,
939,11752-12702,0.060715332756244064,strict,2452,0.19359161420335225,0.17578125,0.149658203125,1.0,1.32,2.3650671112184325,3.8607537291011225,0.0,6.917380052432562,0.0,1-54809,grid,-0.0655333548784256,0.05952252447605133,-0.04936043731868267,0.01682398235425353,0.011595335243047037,0.03921853195431939,,,,,,,,
940,12082-12705,0.04326897410303097,strict,2085,0.2660690116705235,0.17578125,0.12725830078125,1.0,1.32,2.4419620593972193,2.809081530260369,0.0,5.196720089885834,0.0,1-548398,grid,-0.025401577353477478,0.026214653626084328,-0.027096316684037447,-0.012421602848917246,0.018440820894539807,0.028834032544560836,,,,,,,,
941,9181-12705,0.08383622807858047,strict,7343,0.14406062087267732,0.17578125,0.44818115234375,1.0,1.32,2.253224193084887,5.18815996995368,0.0,8.856126940828933,0.0,1-548626,grid,-0.011242516338825226,-0.02160567045211792,0.03258751053363085,0.004145897226408124,0.03483679906912826,0.029607929367972036,,,,,,,,
942,12514-12703,0.031983021861215884,strict,2376,0.35511201651906815,0.17578125,0.14501953125,1.0,1.32,2.687149890843578,2.1047148834462637,0.0,4.284609370689,0.0,1-549165,grid,-0.014996923506259918,0.011176936328411102,0.012956648133695126,0.004976475145667791,0.02294469936840496,0.01810259197301212,,,,,,,,
943,10514-6101,0.050333676895943855,strict,1817,0.2306612494926364,0.17578125,0.11090087890625,0.7742919921875,1.32,2.4855617020013123,3.2402908945577282,0.0,6.101471932466864,0.0,1-54999,grid,0.021434247493743896,0.024352196604013443,0.034535450860857964,0.01393685583025217,0.009972989870251588,0.027494673294071056,,,,,,,,
944,11753-1901,0.030569970702464346,strict,627,0.3708939821388289,0.17578125,0.03826904296875,0.38067626953125,1.32,2.5131140324274015,2.0151568438728025,0.0,3.8366052589991315,0.0,1-55399,grid,0.021206509321928024,-0.009580433368682861,0.010085852816700935,0.001222223974764347,0.011707087377951765,0.011823175079317225,,,,,,,,
945,10001-12703,0.04620947059529674,strict,3608,0.2500151514283459,0.17578125,0.22021484375,1.0,1.32,2.5918712791338536,2.989457007658613,0.0,5.869914968451358,0.0,1-55648,grid,-0.01693950593471527,0.030113859102129936,0.0050326501950621605,0.013574135256931186,0.021799574494960797,0.027709142632586777,,,,,,,,
946,8145-1902,0.027158441490590806,strict,466,0.4157673513402374,0.17578125,0.0284423828125,0.30743408203125,1.32,2.474257900379545,1.797662909434815,0.0,3.369607315066946,0.0,1-556501,grid,0.026377752423286438,-0.0325666144490242,0.002188348211348057,-0.012121976353228092,0.027771193592310194,0.022729717261293636,,,,,,,,
947,8937-6101,0.05977999132730093,strict,199,0.19640311838652424,0.17578125,0.01214599609375,0.85711669921875,1.32,2.515315351950499,3.805487166386967,0.0,7.2515153721695,0.0,1-556527,grid,-0.006259031593799591,0.00014138221740722656,-0.0017502903938293457,0.0012657593470066786,0.012123958213801491,0.017127540420601214,,,,,,,,
948,10217-3702,0.05186357923321169,strict,853,0.22426510997701066,0.17578125,0.05206298828125,0.6241455078125,1.32,2.4621901166626987,3.332705415188813,0.0,6.216480556837992,0.0,1-556959,grid,-0.002593196928501129,0.04469255357980728,-0.005965775344520807,-0.0024398856330662966,0.004410067730844547,0.03393363741175227,,,,,,,,
949,10001-12705,0.04623497063425375,strict,5324,0.24988486916881839,0.17578125,0.324951171875,1.0,1.32,2.7096865846142966,2.991015618290036,0.0,6.139935526706322,0.0,1-55784,grid,-0.01711893081665039,0.044168923050165176,-0.005394932348281145,0.0073172240518033504,0.018606130657267173,0.034242182421835146,,,,,,,,
950,8247-1901,0.024668437686553343,strict,232,0.4563571170733188,0.17578125,0.01416015625,0.15771484375,1.32,2.7156214575041484,1.637773398279704,0.0,3.369373168862009,0.0,1-558242,grid,0.0133901908993721,-0.005958814173936844,-0.0029966062866151333,0.004008159507066011,0.016164677527622937,0.0074340952480331035,,,,,,,,
951,8253-12702,0.09874145084964042,strict,7120,0.12444847452484903,0.17578125,0.4345703125,1.0,1.32,2.6891716918510062,6.005775075282746,0.0,12.235272969753565,0.0,1-558442,grid,-0.09948082268238068,0.05012613534927368,-0.06190097099170089,0.023522117640823126,0.044203662151999536,0.028295746088014422,,,,,,,,
952,8095-6102,0.024071336774348213,strict,1278,0.46733908291714976,0.17578125,0.0780029296875,0.35711669921875,1.32,2.4292955800382114,1.5992874847807226,0.0,2.9432894075668465,0.0,1-558603,grid,0.015924371778964996,-0.01909349113702774,-0.013456287793815136,-0.011512481607496738,0.022695787971523607,0.015951681845238604,,,,,,,,
953,9041-3704,0.08511653003452793,strict,7194,0.14210556529038768,0.17578125,0.4390869140625,1.0,1.32,2.4268581524109627,5.259537477867199,0.0,9.669811671267427,0.0,1-559120,grid,-0.03809855133295059,-0.020994149148464203,0.002710913307964802,-0.01203998550772667,0.03421710368270833,0.010466465155823328,,,,,,,,
954,7960-12702,0.029649745296614318,strict,1419,0.3819807886269768,0.17578125,0.08660888671875,1.0,1.32,2.5090217266671324,1.9566678972124447,0.0,3.719183534831905,0.0,1-561017,grid,0.019225984811782837,0.027069436386227608,0.00609277468174696,0.003571202279999852,0.008773489630973751,0.017452677220509177,,,,,,,,
955,8245-12702,0.0343052524089422,strict,4944,0.3320006662495213,0.17578125,0.3017578125,1.0,1.32,2.5231578596373825,2.251229055957883,0.0,4.303186580594073,0.0,1-567244,grid,0.00027792900800704956,0.035898640751838684,-0.007308725267648697,0.007791480049490929,0.011451261965365877,0.023347233620328315,,,,,,,,
956,8978-12705,0.02860354369830749,strict,2267,0.3954521471794265,0.17578125,0.13836669921875,1.0,1.32,2.407640018885555,1.890012614141098,0.0,3.4473257621247044,0.0,1-569095,grid,-0.0011858046054840088,0.0692046731710434,0.014063641894608736,0.03524807374924421,0.022314587928080876,0.01924281759664425,0.32711223,0.35060784,0.32227993,0.9943291,0.32830694,0.3501303,0.32156277,0.99400955
957,11942-1902,0.030657792836632287,strict,65,0.3698707085240024,0.17578125,0.00396728515625,0.1768798828125,1.32,2.414457610515915,2.020731918569312,0.0,3.6961905754561366,0.0,1-569171,grid,0.01959650218486786,0.007915213704109192,0.002573828212916851,-0.004150958266109228,0.012271003488361397,0.012626419833208417,,,,,,,,
958,8313-12704,0.03403575199722007,strict,4262,0.33452097163050853,0.17578125,0.2601318359375,1.0,1.32,2.551606688075201,2.2342681321751066,0.0,4.318919325008552,0.0,1-569216,grid,0.003478802740573883,0.029132168740034103,-0.00025812676176428795,0.022034851368516684,0.01909393397475573,0.018111326017838016,,,,,,,,
959,8322-12705,0.04850227409806666,strict,7156,0.23884898340620822,0.17578125,0.436767578125,1.0,1.32,2.4143105641654667,3.129213848012012,0.0,5.723404583930509,0.0,1-575232,grid,0.0033377744257450104,0.03773019090294838,-0.0035956711508333683,0.016841865377500653,0.01016622857173036,0.03710583688586379,,,,,,,,
960,9033-12705,0.03618755528458064,strict,5906,0.31544493235799737,0.17578125,0.3604736328125,1.0,1.32,2.474748215408566,2.36938200550981,0.0,4.442139310421644,0.0,1-576436,grid,0.005842097103595734,0.02320915088057518,0.008699645288288593,-0.006885456386953592,0.017519167976490394,0.031907293823264064,,,,,,,,
961,10224-9101,0.02952714510931512,strict,2145,0.3835100492308401,0.17578125,0.13092041015625,1.0,1.32,2.4132819019775957,1.9488656111027272,0.0,3.5630015974702403,0.0,1-582042,grid,-0.003348015248775482,-0.017503522336483,0.008318847045302391,-0.0037139859050512314,0.010109995822494278,0.01040125510387067,,,,,,,,
962,10222-6101,0.030034245884024924,strict,2108,0.37726569971720963,0.17578125,0.128662109375,1.0,1.32,2.4829644212967916,1.9811224477034102,0.0,3.7265579938484703,0.0,1-582721,grid,-0.015986189246177673,0.01089266687631607,0.003178874496370554,0.009701663628220558,0.01689733602524425,0.012746287461495543,,,,,,,,
963,8149-9102,0.021748533225746516,strict,1373,0.5157972316748386,0.17578125,0.08380126953125,0.8087158203125,1.32,2.63748597382059,1.4490375297893596,0.0,2.8953152729992953,0.0,1-584746,grid,0.027145978063344955,-0.025849156081676483,0.0052709984593093395,0.01229221560060978,0.019592094488844847,0.019383962013705784,,,,,,,,
964,11745-12705,0.0350572185577386,strict,4493,0.32517343298555224,0.17578125,0.27423095703125,1.0,1.32,2.425894879671253,2.2984951125804494,0.0,4.22417236708963,0.0,1-585221,grid,0.01952844113111496,-0.03993045538663864,-0.005295953713357449,-0.03498208802193403,0.013362919790740628,0.012547719570212302,,,,,,,,
965,10519-6102,0.04600507028302957,strict,4584,0.2510646756398122,0.17578125,0.27978515625,1.0,1.32,2.503201924414988,2.976960197819954,0.0,5.645403406128585,0.0,1-586574,grid,0.02333179861307144,0.04748716577887535,0.02415931085124612,0.010646429844200611,0.009015198985631218,0.025705065469574045,,,,,,,,
966,12483-12703,0.031225793704380594,strict,4133,0.36339159840481394,0.17578125,0.25225830078125,1.0,1.32,2.4375927070892627,2.0567606673880574,0.0,3.79814000231301,0.0,1-590252,grid,-0.0067728981375694275,0.009751580655574799,-0.01220949413254857,-0.016889459686353803,0.01570614558428129,0.018064044100465422,,,,,,,,
967,8465-9101,0.02438343725115146,strict,787,0.4615317795742544,0.17578125,0.04803466796875,0.8177490234375,1.32,2.485917652476076,1.619410795823757,0.0,3.0497893060216725,0.0,1-591474,grid,-0.004947371780872345,-0.034828998148441315,8.857296779751778e-05,-0.02407166687771678,0.0045479440110936225,0.01246707000671925,,,,,,,,
968,9878-3702,0.01651742523405962,strict,360,0.6748458649320747,0.17578125,0.02197265625,0.20556640625,1.32,2.5572427996095004,1.1075263038524021,0.0,2.145616413564151,0.0,1-591690,grid,0.009910441935062408,-0.06037500500679016,-0.005664850119501352,-0.022004833444952965,0.021035269326901414,0.03252107604685413,,,,,,,,
969,8443-9101,0.04859107423372872,strict,5075,0.23843773120538495,0.17578125,0.30975341796875,1.0,1.32,2.338447308574888,3.134611047839975,0.0,5.55312330928068,0.0,1-592031,grid,0.012200847268104553,-0.0067588165402412415,0.01322686206549406,-0.010209286119788885,0.018547461764954788,0.019197075711927945,,,,,,,,
970,8547-12701,0.04488116856601844,strict,5574,0.2570064365251163,0.17578125,0.3402099609375,1.0,1.32,2.533857756785699,2.9081355181750728,0.0,5.582425560993867,0.0,1-593159,grid,-0.011530183255672455,0.042584288865327835,-0.011956119909882545,0.017718414776027203,0.019208226756027798,0.018773447873163426,,,,,,,,
971,9094-12703,0.05215547967915488,strict,2145,0.22308741293770465,0.17578125,0.13092041015625,1.0,1.32,2.555457152179516,3.350299044738154,0.0,6.486019436224482,0.0,1-594116,grid,-0.002446673810482025,0.02265913039445877,0.014694294892251492,-0.0021409401670098305,0.013374449585994342,0.03293497358629218,,,,,,,,
972,11940-6104,0.03126505776436523,strict,1800,0.3629524205620456,0.17578125,0.10986328125,0.86395263671875,1.32,2.4609748262254407,2.059249378474749,0.0,3.839212788899047,0.0,1-594544,grid,0.03081274777650833,-0.009507894515991211,0.011768459808081388,-0.008043271489441395,0.016704193300144287,0.008459107422755748,,,,,,,,
973,11981-12704,0.031411827988589554,strict,3703,0.3613204865557375,0.17578125,0.22601318359375,1.0,1.32,2.447864547373715,2.068550149433617,0.0,3.836008011562993,0.0,1-594878,grid,0.014389745891094208,0.03575152903795242,0.009092880878597498,0.00937622832134366,0.007790186730561601,0.011106029020296079,,,,,,,,
974,7981-12703,0.03672555610649717,strict,4324,0.31102494365792277,0.17578125,0.263916015625,1.0,1.32,2.573732156690559,2.4030533939436314,0.0,4.685466510785688,0.0,1-596957,grid,-0.007242143154144287,0.047178592532873154,-0.009163114707916975,0.016354451421648264,0.008965810109087447,0.01776739828017671,,,,,,,,
975,12700-12703,0.037421120169126756,strict,4425,0.30549894069369116,0.17578125,0.27008056640625,1.0,1.32,2.7345514878295596,2.446520910223676,0.0,5.0682859053471825,0.0,1-599614,grid,0.020919345319271088,-0.043170131742954254,0.015413910616189241,-0.04121862817555666,0.013490967893269637,0.005923440104573508,,,,,,,,
976,9195-12705,0.02128953252452033,strict,813,0.5266242940692284,0.17578125,0.04962158203125,0.98724365234375,1.32,2.4760565510295973,1.4192462346981016,0.0,2.6622226795063058,0.0,1-602993,grid,0.01693546026945114,0.020482070744037628,0.0026642149314284325,0.017390655353665352,0.00820937606020976,0.01499954347625164,,,,,,,,
977,9195-6104,0.04381836694235136,strict,4532,0.2629057727691367,0.17578125,0.276611328125,1.0,1.32,2.4961071856968005,2.8428799359784875,0.0,5.375858360809971,0.0,1-603028,grid,-0.03095892071723938,0.030223675072193146,-0.011906462255865335,0.0005446611903607845,0.011075597302043192,0.021018039151406754,,,,,,,,
978,12078-12701,0.02805900386640116,strict,1526,0.402861513807658,0.17578125,0.0931396484375,1.0,1.32,2.617443297748007,1.855251794578573,0.0,3.6788002843595815,0.0,1-603032,grid,-0.0003724321722984314,-0.008828289806842804,-0.007824502419680357,-0.002604126464575529,0.010704230871652176,0.011312981232669035,,,,,,,,
979,12078-12703,0.0232795985647911,strict,2682,0.48276976142398415,0.17578125,0.1636962890625,1.0,1.32,2.6149537475256732,1.5481697616141676,0.0,3.066963878741587,0.0,1-603098,grid,0.0004641413688659668,0.019660282880067825,-0.020284823141992092,-0.009870190406218171,0.009849017604686249,0.018336901722229567,,,,,,,,
980,10223-9102,0.041873063970466196,strict,1249,0.2744798717354982,0.17578125,0.07623291015625,1.0,1.32,2.6167752470507577,2.7230031176148946,0.0,5.398096330164166,0.0,1-603261,grid,-0.03337675333023071,0.0521700456738472,-0.00018693506717681885,0.017840511165559292,0.020874522294813916,0.023655178731246566,,,,,,,,
981,10224-12703,0.04087446244487912,strict,5204,0.28084950752815874,0.17578125,0.317626953125,1.0,1.32,2.3569106678066767,2.661245707840028,0.0,4.751756362471887,0.0,1-603624,grid,0.014884274452924728,0.01425318792462349,0.02260418562218547,0.00993417575955391,0.012767070030828812,0.020096194545305632,,,,,,,,
982,8079-12705,0.06697080231287227,strict,6871,0.1768100208745489,0.17578125,0.41937255859375,1.0,1.32,2.36632265830995,4.227189967861628,0.0,7.577951062069303,0.0,1-603793,grid,-0.07799750566482544,0.07796167582273483,-0.06385935330763459,0.005055970046669245,0.011511838442065643,0.04508724466038477,,,,,,,,
983,8154-9102,0.027591742152554437,strict,2706,0.40945259293064973,0.17578125,0.1651611328125,1.0,1.32,2.4205219980361767,1.825387259386312,0.0,3.347265163848134,0.0,1-603941,grid,-0.02837035059928894,0.0075457654893398285,-0.015700206626206636,0.00412522628903389,0.019584035759812626,0.01126565788301659,,,,,,,,
984,8080-12703,0.022796734827108794,strict,2449,0.49270686746228004,0.17578125,0.14947509765625,1.0,1.32,2.600869211254192,1.5169456644837962,0.0,2.9889221771980576,0.0,1-604022,grid,0.0030769966542720795,0.055526770651340485,-0.005839274264872074,0.004849425982683897,0.013395889731614395,0.029783776410443906,,,,,,,,
985,8085-12704,0.030802947058387813,strict,2986,0.36819221696588716,0.17578125,0.1822509765625,1.0,1.32,2.5135759694462134,2.029943904348052,0.0,3.8654683464341564,0.0,1-604085,grid,-0.03804156929254532,0.009741626679897308,-0.012847101781517267,0.014328587334603071,0.027168099903971395,0.01415272767509948,,,,,,,,
986,11743-12705,0.02960720523162486,strict,3108,0.3825099793358497,0.17578125,0.189697265625,1.0,1.32,2.507888516809421,1.9539609077808162,0.0,3.7123606991803184,0.0,1-604873,grid,0.004542592912912369,-0.012125693261623383,0.0054365480318665504,-0.016160701401531696,0.01191083243985629,0.006344319458942775,,,,,,,,
987,9182-3701,0.028089142912445294,strict,1004,0.402443910036924,0.17578125,0.061279296875,0.6475830078125,1.32,2.3742118761128026,1.8571769327798342,0.0,3.3404026741277506,0.0,1-604915,grid,-0.004178225994110107,0.0036274492740631104,0.003699068445712328,-0.004865050781518221,0.007030519425615975,0.007790667897589073,,,,,,,,
988,8141-12703,0.03137254792858048,strict,2211,0.36175574351464185,0.17578125,0.13494873046875,1.0,1.32,2.5819438559881527,2.0660613130750396,0.0,4.041253267718873,0.0,1-604937,grid,-0.034268952906131744,0.009293153882026672,-0.022086021024733782,-0.006363760679960251,0.008807168179595405,0.01497439301308575,,,,,,,,
989,9496-6104,0.029486045046525584,strict,1377,0.38402556031354623,0.17578125,0.08404541015625,0.9124755859375,1.32,2.383421737892203,1.9462494784150797,0.0,3.5141919047089862,0.0,1-604956,grid,0.005343735218048096,-0.004174068570137024,-0.005376360844820738,0.003216520417481661,0.011897997188731975,0.009435592071032055,,,,,,,,
990,9508-12702,0.02791494264631544,strict,2259,0.40487007221425253,0.17578125,0.13787841796875,1.0,1.32,2.20906337001535,1.8460478996896013,0.0,3.0894218140136886,0.0,1-605195,grid,0.029271334409713745,-0.030804045498371124,-0.011382659897208214,-0.03272624220699072,0.022110910533595433,0.007111685152132876,,,,,,,,
991,9489-6104,0.0199314304497158,strict,953,0.561580707975775,0.17578125,0.05816650390625,0.4588623046875,1.32,2.4191433607477646,1.3309031735658186,0.0,2.43912543646203,0.0,1-605215,grid,-0.0072834789752960205,-0.01985887438058853,-0.003922781441360712,-0.001011523650959134,0.010309716717169497,0.02584320886595955,,,,,,,,
992,8723-12701,0.03882485931365213,strict,7082,0.29495003889259286,0.17578125,0.4322509765625,1.0,1.32,2.2748720157965665,2.534020843884242,0.0,4.367100837270804,0.0,1-605245,grid,-0.026293501257896423,0.033762648701667786,-0.012682232074439526,0.0004216618835926056,0.010371241394593812,0.03079019348962615,,,,,,,,
993,11745-12702,0.03111748453891413,strict,1386,0.36460880937695606,0.17578125,0.0845947265625,1.0,1.32,2.4203114328102537,2.0498943723698626,0.0,3.758623322348619,0.0,1-605270,grid,0.010446585714817047,-0.008525364100933075,-0.0005865306593477726,-0.016738809179514647,0.0075013832324872815,0.007810980853847777,,,,,,,,
994,10498-9101,0.056766286723193414,strict,9892,0.20609286796848533,0.17578125,0.603759765625,1.0,1.32,2.46250248904846,3.6265667697563804,0.0,6.765477043352666,0.0,1-605458,grid,-0.026533395051956177,0.020631898194551468,-0.013649404048919678,0.009035698138177395,0.01583036196543035,0.017949907907670065,,,,,,,,
995,9500-12704,0.018840828783577946,strict,1257,0.593300759440093,0.17578125,0.07672119140625,0.73919677734375,1.32,2.347312224783396,1.2597481708326819,0.0,2.2401683951091482,0.0,1-605482,grid,-0.015492275357246399,0.01955895870923996,-0.00031679775565862656,0.02505170600488782,0.009766176766434695,0.01594113674204126,,,,,,,,
996,9500-12702,0.027649642241009763,strict,3411,0.4086237734524405,0.17578125,0.20819091796875,0.99957275390625,1.32,2.2900225638254423,1.8290897275591056,0.0,3.173224808614911,0.0,1-605504,grid,-0.020706847310066223,-0.028954602777957916,-0.015564562752842903,-0.018800931982696056,0.013964987813776716,0.01910197793758686,,,,,,,,
997,10512-12701,0.05107877803425242,strict,10462,0.22749826305230336,0.17578125,0.6385498046875,1.0,1.32,2.6265608078407086,3.285341771099429,0.0,6.537234800251317,0.0,1-605601,grid,-0.0005256384611129761,0.020476747304201126,-0.0025334306992590427,-0.008660534396767616,0.01823389986231213,0.01950992685568079,,,,,,,,
998,9512-9101,0.02839944338649864,strict,1545,0.3981959701519966,0.17578125,0.09429931640625,1.0,1.32,2.5251431910403563,1.8769892276232785,0.0,3.590656490749256,0.0,1-605753,grid,0.07340633869171143,-0.045189887285232544,0.0726922107860446,-0.01222037710249424,0.007162012719750997,0.02626303610571758,,,,,,,,
999,10504-12701,0.022468334325403613,strict,682,0.4997092602125817,0.17578125,0.0416259765625,0.0985107421875,1.32,2.410619667933651,1.4956888054072521,0.0,2.731467311684022,0.0,1-605814,grid,0.04078153520822525,-0.03672913461923599,0.001277086790651083,-0.0010656099766492844,0.046518275538195916,0.02910915450495028,,,,,,,,
1000,10842-12704,0.027981702748306424,strict,3265,0.4039367044542556,0.17578125,0.19927978515625,1.0,1.32,2.639436256130399,1.8503135224319276,0.0,3.699836815390286,0.0,1-605818,grid,-0.047174230217933655,-0.0189785435795784,-0.025167630519717932,0.002235136926174164,0.017387150613568287,0.023528613211532465,,,,,,,,
1001,10841-12701,0.0585367894280321,strict,14486,0.20027925658720616,0.17578125,0.8841552734375,1.0,1.32,2.651985401061313,3.7318370319237677,0.0,7.497558581668039,0.0,1-605877,grid,0.01911463588476181,0.008120797574520111,0.01969214342534542,0.003243439830839634,0.0060490654332263465,0.015117784585275738,,,,,,,,
1002,8439-12703,0.025107638357530555,strict,2683,0.44861274981187843,0.17578125,0.16375732421875,1.0,1.32,2.482001414849397,1.666046153997445,0.0,3.1326734177470104,0.0,1-605884,grid,-0.011521227657794952,-0.004016488790512085,-0.009319726377725601,-0.005882708355784416,0.009861135133922541,0.01941976850073031,,,,,,,,
1003,11759-12702,0.02524963357445999,strict,2406,0.44616661108369104,0.17578125,0.1468505859375,1.0,1.32,2.5585663077540697,1.6751803651172377,0.0,3.2470151830303973,0.0,1-606022,grid,0.04185871779918671,-0.014182426035404205,0.01402851240709424,-0.018752390518784523,0.021805488473365768,0.01699450580642382,,,,,,,,
1004,11753-3703,0.034538489765264385,strict,1698,0.3298512461631384,0.17578125,0.1036376953125,1.0,1.32,2.5463856836265686,2.265898810910185,0.0,4.371100221703152,0.0,1-606121,grid,-0.004436329007148743,0.03741929680109024,-0.0019677644595503807,0.01165163516998291,0.011224769281813273,0.022693208660582706,,,,,,,,
1005,10843-3702,0.027469967966517145,strict,994,0.4112071522253118,0.17578125,0.0606689453125,0.45880126953125,1.32,2.713066953298731,1.8175986055047304,0.0,3.7358081143611668,0.0,1-606422,grid,0.01933899149298668,-0.016528747975826263,0.010367602109909058,-0.016550348605960608,0.01260866690150288,0.017333526845642103,,,,,,,,
1006,10516-3704,0.022017733637010328,strict,637,0.5096572906344912,0.17578125,0.03887939453125,0.4163818359375,1.32,2.4453218057696273,1.4664943682603273,0.0,2.7167050429888877,0.0,1-60707,grid,0.00852886214852333,-0.0050734542310237885,-0.00018915534019470215,0.01895858021453023,0.025850941567337974,0.03187689073988802,,,,,,,,
1007,11865-6104,0.052013133461689204,strict,3880,0.2236600679391005,0.17578125,0.23681640625,1.0,1.32,2.491704754782807,3.341721002525168,0.0,6.308016750870854,0.0,1-61134,grid,-0.0026183053851127625,0.03235773742198944,0.012039897963404655,0.002033661352470517,0.014371153776813136,0.03743350323002138,,,,,,,,
1008,8947-12701,0.05760168799945562,strict,7646,0.20330516702599163,0.17578125,0.4666748046875,1.0,1.32,2.3509966818701034,3.6762939053228547,0.0,6.547693009843419,0.0,1-614456,grid,0.0896344855427742,0.0007342398166656494,0.0871878731995821,-0.00719792116433382,0.006314670976632626,0.017598599264105532,,,,,,,,
1009,8989-3703,0.02644204039612798,strict,646,0.426661978637193,0.17578125,0.0394287109375,0.993408203125,1.32,2.4350558625231886,1.7517603720997346,0.0,3.231541184710045,0.0,1-617323,grid,0.0029049813747406006,-0.008491717278957367,-0.001523618120700121,-0.005927762016654015,0.006141501212806823,0.008038785841551424,,,,,,,,
1010,12491-6101,0.05309924112096146,strict,4945,0.21936841791469383,0.17578125,0.30181884765625,1.0,1.32,2.6857135535105376,3.4070973094629533,0.0,6.932187441025711,0.0,1-62047,grid,-0.02321644127368927,0.011536628007888794,-0.01599597791209817,-0.0048795477487146854,0.006988764682453478,0.03756869223655727,,,,,,,,
1011,11019-12702,0.027210357569904222,strict,3732,0.4150001388369849,0.17578125,0.227783203125,1.0,1.32,2.4297205007383944,1.8009862564211963,0.0,3.3150706278596016,0.0,1-622991,grid,0.015331495553255081,0.01301003247499466,0.016017910093069077,-0.002813665196299553,0.008036617445074971,0.02007102167113876,,,,,,,,
1012,11831-1901,0.02394016657395641,strict,382,0.46982498825261937,0.17578125,0.0233154296875,0.23956298828125,1.32,2.392086569256452,1.5908254459561115,0.0,2.882872866138651,0.0,1-624268,grid,0.030251264572143555,-0.02945505827665329,0.0016207639127969742,-0.005226911045610905,0.027793301598415792,0.023038268921742502,,,,,,,,
1013,12514-9102,0.03629035544163086,strict,4287,0.3145902367221833,0.17578125,0.26165771484375,1.0,1.32,2.6457536794550705,2.3758192696817235,0.0,4.761994374606575,0.0,1-625206,grid,-0.032833948731422424,0.015942566096782684,-0.006295070052146912,-0.0031574731692671776,0.01493351812594141,0.009382335173377412,,,,,,,,
1014,11017-6103,0.029711798391414294,strict,2185,0.3812115775572712,0.17578125,0.13336181640625,0.83245849609375,1.32,2.3997527968449464,1.9606160737497835,0.0,3.5643893231213637,0.0,1-625718,grid,-0.01729559153318405,-0.004684977233409882,0.0008725188672542572,0.015239769592881203,0.011045125832531418,0.010357932673948125,,,,,,,,
1015,12620-3703,0.023597796050908896,strict,754,0.4764437416430695,0.17578125,0.0460205078125,0.28607177734375,1.32,2.317582572380089,1.5687257091063316,0.0,2.7542813365677508,0.0,1-626078,grid,0.035888466984033585,-0.012063510715961456,0.01229444332420826,0.0006133299320936203,0.027050174749643753,0.009835251936516786,,,,,,,,
1016,9878-12704,0.024690837720774402,strict,1473,0.45595547132284514,0.17578125,0.08990478515625,1.0,1.32,2.5355390816715397,1.6392160933826918,0.0,3.148709445512696,0.0,1-626306,grid,0.020177599042654037,-0.0335797443985939,0.006230912171304226,-0.026933979708701372,0.010810476640845211,0.012408855791645731,,,,,,,,
1017,8983-12701,0.025373838764211183,strict,3059,0.4440493919395223,0.17578125,0.18670654296875,0.951904296875,1.32,2.569655296605038,1.6831675935727712,0.0,3.2766367590138077,0.0,1-626658,grid,0.007783830165863037,-0.02817366272211075,0.004373271018266678,-0.01690775202587247,0.009689963280178456,0.010863533466778087,,,,,,,,
1018,12510-6104,0.021749019226488992,strict,957,0.5157860099605479,0.17578125,0.05841064453125,0.6103515625,1.32,2.468997751313774,1.4490690558192278,0.0,2.7104153335727625,0.0,1-626763,grid,0.025137878954410553,-0.009246475994586945,0.0017233001999557018,0.012046705465763807,0.018319771699239495,0.03261987237008105,,,,,,,,
1019,8952-12701,0.028185043058954206,strict,2205,0.4011210703815588,0.17578125,0.13458251953125,1.0,1.32,2.500811618591458,1.8633016354571923,0.0,3.5301260446150087,0.0,1-626830,grid,-0.002682611346244812,-0.009613052010536194,-0.00590702798217535,-0.015246594557538629,0.008476184365874122,0.009052174448934544,,,,,,,,
1020,11958-6103,0.029637076277259557,strict,2036,0.38213823004293535,0.17578125,0.124267578125,1.0,1.32,2.5445467522433702,1.9558617476569213,0.0,3.7702891347253487,0.0,1-627746,grid,-0.011749610304832458,0.02702820487320423,0.007035775110125542,0.0013689890038222075,0.02325134708383579,0.014112969479167474,,,,,,,,
1021,9044-12701,0.031158447601494367,strict,1965,0.3641474588178834,0.17578125,0.11993408203125,1.0,1.32,2.362062612011825,2.0524914519095705,0.0,3.6728131212344413,0.0,1-632610,grid,0.029633216559886932,-0.04964285343885422,0.01860434515401721,-0.013354337774217129,0.011252388016963596,0.022951841612014894,,,,,,,,
1022,9041-6102,0.059072490246434864,strict,6207,0.19858898426698526,0.17578125,0.37884521484375,0.9412841796875,1.32,2.4445355111438083,3.7636002279636633,0.0,6.969889702277353,0.0,1-633214,grid,-0.004909500479698181,0.0062562525272369385,-0.01992954034358263,-0.008175079245120287,0.017191694785997694,0.022215469744629446,,,,,,,,
1023,9092-12705,0.03315005064411325,strict,1817,0.34309259876661824,0.17578125,0.11090087890625,1.0,1.32,2.4297956572226953,2.1784484688540546,0.0,4.009988355382585,0.0,1-633549,grid,0.01720079779624939,0.008164282888174057,0.02712178137153387,0.0056875841692090034,0.007583648891280065,0.01333131413804867,,,,,,,,
1024,9046-1901,0.03263224985305679,strict,37,0.34831937459245543,0.17578125,0.00225830078125,0.4345703125,1.32,2.541495789274306,2.145759326000142,0.0,4.131392645322298,0.0,1-633776,grid,-0.004909902811050415,0.03965242579579353,-0.012354183476418257,0.017479657661169767,0.024261600124021624,0.02040840571983948,,,,,,,,
1025,9040-6101,0.032806450119186634,strict,2409,0.3465425416801138,0.17578125,0.14703369140625,0.94317626953125,1.32,2.521857322090233,2.156761310847129,0.0,4.120488108909667,0.0,1-633819,grid,-0.0063585638999938965,0.004948645830154419,-0.00011013075709342957,0.017366427462548018,0.010921387587122801,0.014029603083345388,,,,,,,,
1026,8555-12702,0.054835983774224134,strict,4499,0.21285945398639303,0.17578125,0.27459716796875,0.88397216796875,1.32,2.4800273110144784,3.511281892633606,0.0,6.597026507880264,0.0,1-633832,grid,-0.023752279579639435,0.021149892359972,-0.026006431318819523,0.0179306345526129,0.007390137286793201,0.012042110662792678,,,,,,,,
1027,8548-12704,0.020642931536692773,strict,1610,0.5426935475831303,0.17578125,0.0982666015625,0.91082763671875,1.32,2.772427030262616,1.3772220985247836,0.0,2.892611948958419,0.0,1-633839,grid,-0.007767409086227417,-0.014299936592578888,-0.0016893129795789719,0.004440034739673138,0.012097525173273428,0.017686704728311638,,,,,,,,
1028,9869-12703,0.029389244898641722,strict,3800,0.3852454067762221,0.17578125,0.23193359375,1.0,1.32,2.3963603699644964,1.9400868467523265,0.0,3.52208123776262,0.0,1-634089,grid,-0.03834102302789688,0.021400567144155502,-0.022875153459608555,-0.005666613578796387,0.013758097797124306,0.0271301097886416,,,,,,,,
1029,11978-12705,0.03112747955418375,strict,4773,0.3644961274950504,0.17578125,0.29132080078125,1.0,1.32,2.5466197829779142,2.050528085427869,0.0,3.9559965059866946,0.0,1-634114,grid,0.0021255388855934143,0.009454384446144104,0.00191496592015028,-0.010576127097010612,0.013727054621746459,0.019302681292685853,,,,,,,,
1030,11948-12703,0.030861240147443538,strict,4389,0.3675225896718429,0.17578125,0.26788330078125,1.0,1.32,2.686551334544469,2.0336424684143966,0.0,4.139003702655307,0.0,1-634132,grid,-0.00781790167093277,0.035851843655109406,-0.010437336284667253,0.01646305317990482,0.006758888880581059,0.022485118905947718,,,,,,,,
1031,11952-12704,0.03383992169804551,strict,4434,0.33637752410962074,0.17578125,0.2706298828125,1.0,1.32,2.4337355588369127,2.2219366422791307,0.0,4.0966713756041,0.0,1-634329,grid,-0.0015401244163513184,-0.015596292912960052,-0.0023896824568510056,-0.016934212762862444,0.01394749985324373,0.014993468726126178,,,,,,,,
1032,7959-12702,0.0317606485214909,strict,1980,0.35750250123692906,0.17578125,0.120849609375,1.0,1.32,2.4471061307923643,2.09064144690547,0.0,3.8757738651598452,0.0,1-634588,grid,0.024899806827306747,0.0996631383895874,-0.006890689022839069,0.06079209502786398,0.024438077144305726,0.027820389764444033,,,,,,,,
1033,8611-12703,0.027828042513556063,strict,2080,0.4060917265921224,0.17578125,0.126953125,1.0,1.32,2.465596489332327,1.8404943945312005,0.0,3.4378155437817832,0.0,1-634763,grid,0.01675420254468918,0.02737494185566902,0.011254179291427135,0.025906256400048733,0.018330329540861688,0.011294014590599408,,,,,,,,
1034,8626-12702,0.02936134485601817,strict,1061,0.38559848841816774,0.17578125,0.06475830078125,1.0,1.32,2.4084100631832297,1.93831036403794,0.0,3.5365501411525178,0.0,1-634795,grid,-0.019552238285541534,0.01087803766131401,-0.004862325266003609,-0.0057420991361141205,0.016886662270706954,0.015568956476539515,,,,,,,,
1035,7990-1902,0.030050345908621306,strict,571,0.37707089963431184,0.17578125,0.03485107421875,0.29449462890625,1.32,2.476140503700232,1.982145923175576,0.0,3.718236215620706,0.0,1-634828,grid,0.011370476335287094,-0.029391102492809296,-0.008457275107502937,-0.014008742291480303,0.021738185763556867,0.012915726328148412,0.33126396,0.35706702,0.31166902,0.9946255,0.33178,0.3571067,0.31111333,0.9951357
1036,8623-12702,0.026767540893402757,strict,1861,0.42163964358561296,0.17578125,0.11358642578125,1.0,1.32,2.383764783828371,1.7726263595670133,0.0,3.20115476577404,0.0,1-635285,grid,0.004671044647693634,-0.025924570858478546,-0.005133556202054024,-0.03816125262528658,0.01177602551145827,0.013931302100641934,,,,,,,,
1037,9191-12702,0.030243446203625176,strict,4113,0.3747506748375533,0.17578125,0.25103759765625,1.0,1.32,2.5039203939664807,1.9944181468980267,0.0,3.783230509177882,0.0,1-635330,grid,-0.02044256031513214,0.028172459453344345,-0.006794234737753868,0.0022993641905486584,0.015328075729527418,0.016342571190947414,,,,,,,,
1038,7815-12705,0.029301244764201845,strict,2789,0.38636135421605977,0.17578125,0.17022705078125,1.0,1.32,2.522979910841059,1.9344831937832323,0.0,3.6974713907384444,0.0,1-635503,grid,0.0020216703414916992,0.04522683471441269,-0.01130835060030222,0.024045820347964764,0.010177612900463227,0.01124047870597727,,,,,,,,
1039,8616-12704,0.05002687642723755,strict,10884,0.23199103971291463,0.17578125,0.664306640625,1.0,1.32,2.518055684801801,3.221717301595812,0.0,6.145805731899735,0.0,1-635647,grid,-0.01917073130607605,0.026898808777332306,-0.01310294819995761,-0.0005372082814574242,0.01571905054663824,0.02142582484377424,,,,,,,,
1040,7981-3703,0.037625557481450474,strict,1774,0.3039136292531393,0.17578125,0.1082763671875,0.83502197265625,1.32,2.5360965581833548,2.45928275179708,0.0,4.724983729115351,0.0,1-636441,grid,0.0004182159900665283,0.020273469388484955,0.008041474502533674,0.015354120638221502,0.014166076383652425,0.01292782221309458,,,,,,,,
1041,8075-12701,0.036227855346147995,strict,6204,0.3151092934114834,0.17578125,0.378662109375,1.0,1.32,2.5224011691301675,2.3719057548781914,0.0,4.532498370584334,0.0,1-638130,grid,-0.005250059068202972,0.04642274230718613,-0.014331993646919727,0.0186968301422894,0.010082036979787615,0.019447617384991903,,,,,,,,
1042,12514-12702,0.03455450078972481,strict,4688,0.329704759853524,0.17578125,0.2861328125,1.0,1.32,2.6410491602374906,2.2669055393387265,0.0,4.5356128568244385,0.0,1-67044,grid,0.012645132839679718,-0.0018983706831932068,0.0128007298335433,-0.007843460887670517,0.008395669324566247,0.02832887502605757,,,,,,,,
1043,11958-9101,0.04145438333083791,strict,1615,0.2771130680968856,0.17578125,0.09857177734375,0.67803955078125,1.32,2.6567798733531296,2.697128473915872,0.0,5.428542913141916,0.0,1-68467,grid,0.00726623460650444,-0.044045813381671906,0.009574875701218843,-0.015132191125303507,0.013719921705607676,0.022789763955625937,,,,,,,,
1044,11835-12705,0.07852168495942777,strict,16350,0.15285937235695934,0.17578125,0.9979248046875,1.0,1.32,2.474724702051646,4.889523847533122,0.0,9.16683745966729,0.0,1-70173,grid,-0.02948276698589325,0.04439752548933029,-0.0061925421468913555,0.009966036304831505,0.014525920172547864,0.03430112470932989,,,,,,,,
1045,11834-9102,0.029348511836412867,strict,1775,0.3857611187873706,0.17578125,0.10833740234375,1.0,1.32,2.4329585557596745,1.93749320514146,0.0,3.5710914167993546,0.0,1-70384,grid,-0.026577427983283997,-0.007101364433765411,-0.0020931782200932503,-3.008125349879265e-05,0.012259693926072035,0.00758712327284227,,,,,,,,
1046,8717-9101,0.04573856987589062,strict,6588,0.2524471606122492,0.17578125,0.402099609375,1.0,1.32,2.4458894194104355,2.960657369429856,0.0,5.4859397987788,0.0,1-71525,grid,-0.009590506553649902,0.016097266227006912,0.005477693863213062,0.009187029208987951,0.009906201472197802,0.045645693718792166,,,,,,,,
1047,9182-9102,0.02828954321860156,strict,1860,0.39968981672159937,0.17578125,0.113525390625,0.9254150390625,1.32,2.3252024507822933,1.869973952773733,0.0,3.29399092264283,0.0,1-72203,grid,-0.0016686171293258667,0.037856705486774445,0.00869474932551384,0.04689730703830719,0.010677461295105176,0.010127351476007357,,,,,,,,
1048,9182-12704,0.07396631300007872,strict,2855,0.1614099286033595,0.17578125,0.17425537109375,1.0,1.32,2.382809099734021,4.630505402768278,0.0,8.358795765215,0.0,1-72289,grid,-0.02333948016166687,0.038582850247621536,0.020460138097405434,0.04234420321881771,0.024318487949182184,0.011807649302234236,,,,,,,,
1049,8143-6101,0.1261681927501201,strict,15571,0.10050433150401403,0.17578125,0.95037841796875,1.0,1.32,2.526224607540162,7.436590396389507,0.0,14.232195193603046,0.0,1-72322,grid,-0.020150765776634216,-0.030507147312164307,0.002532989252358675,0.0046454379335045815,0.014429609981593854,0.01909801584471207,,,,,,,,
1050,9486-9102,0.03932496007766785,strict,1621,0.29137388745181103,0.17578125,0.09893798828125,0.86407470703125,1.32,2.427951151922268,2.565121922883047,0.0,4.71817479354921,0.0,1-72382,grid,0.012517258524894714,-0.02553432434797287,0.01609367225319147,-0.002681231591850519,0.008865996319659696,0.028055771239050422,,,,,,,,
1051,10496-12705,0.04874197446426256,strict,6156,0.23774231988397973,0.17578125,0.375732421875,1.0,1.32,2.6705564189490087,3.143779983399843,0.0,6.360334707902924,0.0,1-72416,grid,-0.0033439993858337402,0.03406817466020584,0.011696147732436657,0.010500885779038072,0.013946664004258301,0.024897019543050507,,,,,,,,
1052,8240-3701,0.11668717826575091,strict,3248,0.10750283905830474,0.17578125,0.1982421875,1.0,1.32,2.5484580848204,6.952463330321319,0.0,13.422773775435399,0.0,1-72795,grid,-0.06638133525848389,-0.012992225587368011,-0.0008093183860182762,0.01215019216760993,0.04890254723451347,0.014243561506133333,,,,,,,,
1053,8240-1901,0.023532935951820592,strict,371,0.4777193281198748,0.17578125,0.02264404296875,0.18646240234375,1.32,2.554925957220328,1.564536962320163,0.0,3.0282394667139587,0.0,1-72808,grid,0.03701968491077423,-0.019586116075515747,-0.0002609812654554844,0.0025710826739668846,0.02975303401595928,0.023557025871136415,,,,,,,,
1054,8725-12705,0.09703774824685382,strict,13805,0.1263843253273764,0.17578125,0.84259033203125,1.0,1.32,2.5254477632662007,5.913783568668542,0.0,11.314357186313922,0.0,1-72914,grid,-0.009206689894199371,-0.018733933568000793,0.010795686393976212,-0.00474375719204545,0.016163697732589605,0.01928293686836652,,,,,,,,
1055,8725-12702,0.04770417287878863,strict,2878,0.24261393260688802,0.17578125,0.1756591796875,0.996826171875,1.32,2.58627814929583,3.080653853747715,0.0,6.035930111736141,0.0,1-73002,grid,-0.02870708703994751,0.029496291652321815,-0.0035720202140510082,0.004114898154512048,0.012003078876973232,0.027300734096702497,,,,,,,,
1056,8725-12701,0.05137807849150077,strict,5570,0.22625356984460557,0.17578125,0.3399658203125,1.0,1.32,2.5829161575234174,3.3034154863131238,0.0,6.4639736625842765,0.0,1-73005,grid,-0.02032523602247238,0.004903372377157211,-0.013264345470815897,-0.019727795850485563,0.02216064024029487,0.028426384099582307,,,,,,,,
1057,8725-3703,0.053726882079823346,strict,2883,0.21696753777222025,0.17578125,0.17596435546875,1.0,1.32,2.5804344643622055,3.444798950721161,0.0,6.734149950939126,0.0,1-73009,grid,-0.010398313403129578,-0.004394009709358215,0.002464467193931341,-0.011631367728114128,0.014618182493539772,0.015047203789439021,,,,,,,,
1058,8244-12704,0.11513717589777579,strict,14487,0.10875718490486115,0.17578125,0.88421630859375,1.0,1.32,2.7526571140561793,6.872277423437529,0.0,14.331078287418928,0.0,1-73638,grid,-0.0184774249792099,0.017825573682785034,-0.012212448753416538,0.009768827352672815,0.008750005618126049,0.00983425655748121,,,,,,,,
1059,11754-1901,0.04957870874256121,strict,1598,0.23396317513666762,0.17578125,0.0975341796875,1.0,1.32,2.3526891146029874,3.1945606227206698,0.0,5.69379394167747,0.0,1-76466,grid,-0.015148118138313293,0.02513892389833927,0.022655566222965717,0.005919779418036342,0.024009360947094105,0.041361229847791434,,,,,,,,
1060,9511-9101,0.08002912226237525,strict,9671,0.1502446626179308,0.17578125,0.59027099609375,1.0,1.32,2.397641016746457,4.974616292087165,0.0,9.035866715517695,0.0,1-76561,grid,0.03090010955929756,0.03684816509485245,0.04991912469267845,-0.011918061412870884,0.030638734653216298,0.04914417232718455,,,,,,,,
1061,10840-3704,0.054386069086878874,strict,2398,0.21450570727549523,0.17578125,0.1463623046875,1.0,1.32,2.4224963370835546,3.4843340811365016,0.0,6.394535264188308,0.0,1-76694,grid,-0.04833124577999115,0.04155365377664566,-0.04291216330602765,-0.011669123312458396,0.00949654501213026,0.04776617326284007,,,,,,,,
1062,10840-1901,0.027706658328114586,strict,60,0.40781099414689725,0.17578125,0.003662109375,0.14447021484375,1.32,2.3658140128705107,1.8327351571818447,0.0,3.284780694500944,0.0,1-76744,grid,0.010506674647331238,-0.008599802851676941,0.007968938443809748,0.0005890750326216221,0.010968301857191371,0.008334655193016998,,,,,,,,
1063,10512-6104,0.02389193650027419,strict,1282,0.4707458974645558,0.17578125,0.0782470703125,0.48760986328125,1.32,2.5599194805158705,1.5877133512662707,0.0,3.0791048010467144,0.0,1-76920,grid,0.012680720537900925,-0.013394244015216827,-0.00069033307954669,-0.0012742849066853523,0.008875625056608072,0.010823606938165597,,,,,,,,
1064,10512-9101,0.0548882838541242,strict,3892,0.21266983896708785,0.17578125,0.237548828125,1.0,1.32,2.676145436602165,3.5144125283038603,0.0,7.125059886331707,0.0,1-76996,grid,-0.00770626962184906,0.035776536911726,-0.008424234576523304,0.004584003239870071,0.007045645844556301,0.034913144673735325,,,,,,,,
1065,12512-6101,0.030703553906542554,strict,1894,0.36933983663309655,0.17578125,0.1156005859375,1.0,1.32,2.54006080412072,2.023636424577664,0.0,3.8940602756520604,0.0,1-76,grid,-0.002565622329711914,-0.015578024089336395,0.014513188041746616,0.004739298950880766,0.03669293518644702,0.015136224224792315,,,,,,,,
1066,10512-12704,0.07067630797386054,strict,11068,0.16827224443941877,0.17578125,0.675537109375,1.0,1.32,2.5532552420687904,4.441668612362153,0.0,8.591449748519754,0.0,1-77024,grid,-0.03186503052711487,0.0672963336110115,-0.024076581466943026,0.011708812788128853,0.01802415345102862,0.04462401487468753,,,,,,,,
1067,10841-6103,0.08748521365322169,strict,3831,0.13863976530827973,0.17578125,0.23382568359375,1.0,1.32,2.621945722015757,5.391018549377636,0.0,10.70830153246082,0.0,1-77488,grid,-0.010502226650714874,0.07533374428749084,0.01284564658999443,0.0034827832132577896,0.02970532228485076,0.058852581961306424,,,,,,,,
1068,10842-12705,0.0647680789477199,strict,12813,0.18234900034955134,0.17578125,0.78204345703125,1.0,1.32,2.5600030443300943,4.09878609164603,0.0,7.94917035808461,0.0,1-77595,grid,-0.020665191113948822,0.03967572748661041,-0.01648670667782426,0.0032882182858884335,0.005827133525171586,0.0356726351059626,,,,,,,,
1069,10841-3703,0.08878212563454468,strict,4935,0.13682070796000007,0.17578125,0.30120849609375,1.0,1.32,2.641224487288232,5.462693166861887,0.0,10.930453756710389,0.0,1-77675,grid,-0.03790432959794998,0.03300818055868149,-0.025878415443003178,-0.011947654653340578,0.03772882634908491,0.04838751627910497,,,,,,,,
1070,10844-6101,0.028529564585287853,strict,617,0.39644214827807095,0.17578125,0.03765869140625,0.7918701171875,1.32,2.1958770796486915,1.8852928471521977,0.0,3.136266175369041,0.0,1-77949,grid,-0.02115561068058014,-0.014476783573627472,-0.004281092435121536,-0.007655027788132429,0.019673295695426012,0.01026514365481017,,,,,,,,
1071,11753-12701,0.10420080919003076,strict,12997,0.11867309389092873,0.17578125,0.79327392578125,1.0,1.32,2.564357142048758,6.298053939212496,0.0,12.235196666687784,0.0,1-78006,grid,-0.029827743768692017,0.030416833236813545,-0.03087449911981821,-0.00518544833175838,0.008453895935520716,0.026137035079660056,,,,,,,,
1072,10514-6103,0.05387178230119082,strict,5044,0.2164212153616831,0.17578125,0.307861328125,1.0,1.32,2.396127153257183,3.4534948212411956,0.0,6.268949026370523,0.0,1-78040,grid,-0.015617020428180695,0.023393869400024414,-0.006456475704908371,-0.006413473282009363,0.015225320684213879,0.04579595304247593,,,,,,,,
1073,10844-12705,0.06323284660230927,strict,6991,0.18643805700250662,0.17578125,0.42669677734375,1.0,1.32,2.421944169069618,4.008889378461229,0.0,7.355535041370682,0.0,1-78142,grid,-0.06342844665050507,0.06339938938617706,-0.05717375222593546,-0.004989202134311199,0.006688759436671017,0.056069109059649555,,,,,,,,
1074,10845-9101,0.030310658306306693,strict,1456,0.373950015900512,0.17578125,0.0888671875,1.0,1.32,2.440186822293314,1.99868836656807,0.0,3.6948280408866303,0.0,1-78213,grid,-0.03793168067932129,0.011492379009723663,-0.013692362233996391,0.0077547370456159115,0.018687288477890036,0.006062235202692111,,,,,,,,
1075,10845-12701,0.06007194177332051,strict,1668,0.19551614581669985,0.17578125,0.101806640625,1.0,1.32,2.5255480143480904,3.822751023125266,0.0,7.314046405909958,0.0,1-78255,grid,-0.0028471723198890686,0.0509113147854805,0.019389068707823753,-0.0049599166959524155,0.019510400209952004,0.051611569849263225,,,,,,,,
1076,11753-6104,0.02410567682681032,strict,1205,0.4666927480096964,0.17578125,0.07354736328125,0.6568603515625,1.32,2.6022278651774617,1.6015023795543726,0.0,3.157177362291212,0.0,1-78294,grid,0.01859835535287857,0.009921863675117493,-0.016882620751857758,0.004093587398529053,0.024090458785129974,0.0220527279410955,,,,,,,,
1077,10517-3704,0.02905044438104819,strict,1136,0.3895789072178956,0.17578125,0.0693359375,0.60614013671875,1.32,2.46266051302617,1.9185061937664503,0.0,3.5792647328672507,0.0,1-78439,grid,-0.0017086714506149292,0.01399589329957962,0.013914748560637236,0.006690349895507097,0.020211602906378006,0.015920472107718964,,,,,,,,
1078,10845-12705,0.02927645072632341,strict,3259,0.3866769841283833,0.17578125,0.19891357421875,1.0,1.32,2.503659420776942,1.9329041477424616,0.0,3.666161877995636,0.0,1-78451,grid,-0.03159428387880325,0.017281711101531982,-0.01787920482456684,0.004198172595351934,0.01785196477252793,0.010386059322434934,,,,,,,,
1079,10845-6104,0.061516158979685154,strict,2530,0.19125246643951535,0.17578125,0.1544189453125,1.0,1.32,2.5204230007469315,3.9079733734815414,0.0,7.461928770325345,0.0,1-78519,grid,-0.03312157839536667,0.02430456131696701,-0.012660389766097069,-0.008397051133215427,0.009704736886920456,0.04351467254328434,,,,,,,,
1080,10515-9102,0.034490752692335355,strict,3559,0.3302888045166263,0.17578125,0.21722412109375,1.0,1.32,2.5868280249505924,2.2628970047959176,0.0,4.434640446653662,0.0,1-78580,grid,-0.031071744859218597,-0.007557295262813568,-0.009917670395225286,0.016970697324723005,0.013633387956839067,0.01683644414204821,,,,,,,,
1081,10516-12703,0.04321096601441066,strict,3399,0.2664077026820937,0.17578125,0.20745849609375,1.0,1.32,2.506789819178448,2.805510272164268,0.0,5.327897415046927,0.0,1-78765,grid,-0.012066274881362915,0.006475724279880524,0.0023463359102606773,0.006121851038187742,0.01605418985844343,0.008305766836712124,,,,,,,,
1082,10516-12704,0.04493956865523763,strict,5188,0.2566903658104638,0.17578125,0.316650390625,1.0,1.32,2.420111008244262,2.911716394569221,0.0,5.338391590441109,0.0,1-78783,grid,0.00439058244228363,0.009192019701004028,0.025289074052125216,0.008038279600441456,0.018283658255828904,0.022511741687524837,,,,,,,,
1083,10517-12703,0.06329049669038267,strict,12312,0.18628091743296124,0.17578125,0.75146484375,1.0,1.32,2.4866203888731597,4.01227112662936,0.0,7.55832968876034,0.0,1-78856,grid,0.039995238184928894,0.04731094464659691,0.05432651098817587,-0.001370531041175127,0.014423711519122225,0.03609664339681244,,,,,,,,
1084,10516-6104,0.028620143723667744,strict,1673,0.395230706064215,0.17578125,0.10211181640625,1.0,1.32,2.4574636813057005,1.8910715564110623,0.0,3.52063611259881,0.0,1-78868,grid,-0.014325380325317383,-0.0020359233021736145,-0.012070801574736834,0.01819588989019394,0.010198880806307953,0.019787694246666754,,,,,,,,
1085,10518-9101,0.041976964129196916,strict,3485,0.273834555244686,0.17578125,0.21270751953125,1.0,1.32,2.5041681680098784,2.7294201266543854,0.0,5.177974998707123,0.0,1-78873,grid,0.0018635392189025879,-0.023529134690761566,-0.020014538895338774,-0.027318015228956938,0.01831358777304924,0.014258679948983066,,,,,,,,
1086,10518-12702,0.03205214896682299,strict,3519,0.3543756696234486,0.17578125,0.21478271484375,1.0,1.32,2.494110102077302,2.1090882092793737,0.0,3.9850744007089487,0.0,1-79033,grid,-0.05897114425897598,0.04977669566869736,-0.024729207158088684,0.006769954692572355,0.02222822159003674,0.02736476696337729,,,,,,,,
1087,10518-1902,0.03203034893351857,strict,650,0.35460754191043375,0.17578125,0.0396728515625,0.3310546875,1.32,2.5030566213415217,2.1077091097150933,0.0,3.996753971919855,0.0,1-79052,grid,0.035035841166973114,-0.05177246034145355,0.020054418593645096,-0.008890214376151562,0.02212260078929588,0.024244000636799663,,,,,,,,
1088,10520-6104,0.06362499720140698,strict,8621,0.18537478099772708,0.17578125,0.52618408203125,1.0,1.32,2.4718381654088466,4.031883638300628,0.0,7.550124133059826,0.0,1-79489,grid,-0.04417910426855087,0.035585805773735046,-0.023359485436230898,0.0068000308237969875,0.017301677511320043,0.037745821547979126,,,,,,,,
1089,10520-9102,0.04540996937387989,strict,6338,0.25417414855037523,0.17578125,0.3868408203125,1.0,1.32,2.5087896868516504,2.9405411632968157,0.0,5.588787382001367,0.0,1-79606,grid,-0.02615363895893097,0.014248650521039963,0.003944274038076401,0.006155221024528146,0.017691810537107687,0.015842249408745273,,,,,,,,
1090,12495-6102,0.026804342949626126,strict,1499,0.42107948050338,0.17578125,0.09149169921875,1.0,1.32,2.4533940839563506,1.7749844888304849,0.0,3.299042760614393,0.0,1-79764,grid,-0.0009027197957038879,0.0020507052540779114,0.0038674878887832165,-0.020941418129950762,0.018479698202544883,0.020633948189918816,,,,,,,,
1091,12495-9102,0.05477205067655204,strict,3433,0.2130917371509996,0.17578125,0.20953369140625,1.0,1.32,2.3655988709703353,3.507454378339756,0.0,6.285780391954915,0.0,1-79770,grid,-0.005559347569942474,0.022585377097129822,0.009448408149182796,-0.012611588463187218,0.01731035482165601,0.03686486889072716,,,,,,,,
1092,11828-12704,0.05576401119199348,strict,9770,0.2095477641949425,0.17578125,0.5963134765625,1.0,1.32,2.485045275505316,3.5667741401572877,0.0,6.714844868024545,0.0,1-80494,grid,-0.018528804183006287,0.05186481028795242,0.0024454835802316666,0.011688879691064358,0.01622231407858275,0.03678393916272422,,,,,,,,
1093,11828-9102,0.022022437644196747,strict,981,0.5095513359511407,0.17578125,0.05987548828125,0.78936767578125,1.32,2.3900371217102845,1.4667993070083225,0.0,2.6558369650369777,0.0,1-80572,grid,-0.0003238096833229065,-0.02262663096189499,-0.008367008529603481,-0.005949199199676514,0.01633827436660268,0.03350353925127749,,,,,,,,
1094,11866-12701,0.04747763453270067,strict,9608,0.24370568256253858,0.17578125,0.58642578125,1.0,1.32,2.418816283161656,3.066853175516338,0.0,5.619813938640114,0.0,1-811,grid,0.01571621000766754,0.024602841585874557,0.012641355395317078,-0.005701778223738074,0.0071765007234812425,0.034555905343276766,,,,,,,,
1095,11022-6104,0.0610295032362097,strict,6419,0.19266662096001874,0.17578125,0.39178466796875,1.0,1.32,2.5027164860359363,3.8792892237072913,0.0,7.355122041116504,0.0,1-83151,grid,-0.004015624523162842,0.02297205477952957,0.0018112976104021072,-0.010111849755048752,0.012470104599182574,0.035056248675383525,,,,,,,,
1096,11824-1902,0.02755671809904736,strict,262,0.4099556410496414,0.17578125,0.0159912109375,0.31256103515625,1.32,2.5373136750805907,1.823147364296896,0.0,3.50446722660428,0.0,1-83455,grid,0.0007973611354827881,0.0276503823697567,-0.003441008273512125,0.01695457100868225,0.013573696201884719,0.02004813265488077,,,,,,,,
1097,10843-6101,0.08765552891341634,strict,1377,0.13839780132908786,0.17578125,0.08404541015625,1.0,1.32,2.5265725898876616,5.4004437879838685,0.0,10.336828218143285,0.0,1-834,grid,-0.00868254154920578,0.07562614977359772,0.003088408149778843,0.016054268926382065,0.022986642762392814,0.04720331680513021,,,,,,,,
1098,8553-12705,0.04821407365777606,strict,2130,0.24019414557382382,0.17578125,0.1300048828125,0.679443359375,1.32,2.527154802115963,3.1116892739943207,0.0,5.9573640086874855,0.0,1-90901,grid,0.004791468381881714,0.008349217474460602,0.00964454049244523,-0.003920589108020067,0.007660643563748389,0.03764726745244401,,,,,,,,
1099,8553-3703,0.07385351282775125,strict,4111,0.16163506776877368,0.17578125,0.25091552734375,1.0,1.32,2.2844593966223052,4.624055638269669,0.0,8.002626782840528,0.0,1-91010,grid,-0.07694858312606812,-0.017527900636196136,-0.03499237634241581,0.0038340892642736435,0.04090642407527391,0.032873487434347204,,,,,,,,
1100,8553-9101,0.046305070741347334,strict,2536,0.24952746064750686,0.17578125,0.15478515625,0.8392333984375,1.32,2.4400186619217363,2.995299773895911,0.0,5.536808595724226,0.0,1-91016,grid,-0.005973726511001587,0.008615121245384216,0.005454166792333126,-0.012072783429175615,0.017865085645413944,0.034469277789546525,,,,,,,,
1101,8561-6102,0.048567374197521614,strict,2992,0.2385473438412841,0.17578125,0.1826171875,0.7921142578125,1.32,2.4928737461260884,3.1331706923367886,0.0,5.917120425043999,0.0,1-91113,grid,0.01719505339860916,-0.0034219101071357727,0.004642970860004425,-0.023606260772794485,0.010628962294953302,0.025237602495363522,,,,,,,,
1102,8561-6103,0.04969037591315779,strict,2553,0.23346845988282955,0.17578125,0.15582275390625,0.70623779296875,1.32,2.5058684693920923,3.2013298363016545,0.0,6.077357194630654,0.0,1-91317,grid,0.00830448791384697,0.03932085633277893,-0.015049495734274387,-0.007256907410919666,0.02193832121185226,0.025330059365126792,,,,,,,,
1103,8481-3701,0.043673666721289424,strict,1478,0.263731188042413,0.17578125,0.0902099609375,0.9295654296875,1.32,2.4973225014362845,2.833982404606999,0.0,5.361642445226944,0.0,1-91417,grid,0.013454485684633255,-0.006629042327404022,0.004895061254501343,-0.023746829014271498,0.015892325894317848,0.028138888143845547,,,,,,,,
1104,8481-12702,0.046555971124653754,strict,3208,0.24825706051730706,0.17578125,0.19580078125,1.0,1.32,2.6318768322981683,3.010627552347874,0.0,6.002727958865839,0.0,1-91678,grid,-0.008430369198322296,0.06301097571849823,0.005047008860856295,0.012965361587703228,0.011910318371246358,0.036356465741448074,,,,,,,,
1105,8563-12702,0.03875135920136428,strict,1614,0.29548341190342275,0.17578125,0.0985107421875,0.9085693359375,1.32,2.496635380430762,2.529446717985594,0.0,4.784171340179776,0.0,1-91877,grid,0.026438884437084198,0.002051025629043579,0.006174681708216667,0.004848805256187916,0.01732891189181136,0.03129655804633591,,,,,,,,
1106,8563-3702,0.07105670855500747,strict,5319,0.1674462534944847,0.17578125,0.32464599609375,0.7523193359375,1.32,2.445786724860836,4.4635787953471056,0.0,8.270425578053237,0.0,1-91919,grid,-0.03488601744174957,-0.0005695037543773651,-0.010008132085204124,0.00925730587914586,0.02384215330488169,0.013464932751758826,,,,,,,,
1107,8546-3704,0.044420467862195126,strict,755,0.2595289811566007,0.17578125,0.04608154296875,0.60528564453125,1.32,2.254097482041159,2.8798693044893833,0.0,4.917807687770562,0.0,1-91923,grid,0.00768955796957016,0.02535630762577057,-0.008948320988565683,-0.00819377088919282,0.013845656169860415,0.032939946106510756,,,,,,,,
1108,8563-6104,0.029682845347182043,strict,1606,0.3815700795763908,0.17578125,0.0980224609375,0.87335205078125,1.32,2.4393730984368807,1.95877398796062,0.0,3.619833766779593,0.0,1-92045,grid,0.010804321616888046,0.016786441206932068,-0.002580012660473585,0.016645266208797693,0.0072018645370272045,0.005787995838151274,,,,,,,,
1109,8563-12705,0.04233766468024764,strict,8770,0.2716188687790714,0.17578125,0.5352783203125,1.0,1.32,2.3733774458011276,2.751684924607443,0.0,4.947565862132031,0.0,1-92763,grid,0.03185809403657913,-0.026659764349460602,0.004581152927130461,-0.010988818481564522,0.014723224194175913,0.023366114852613428,,,,,,,,
1110,8562-3701,0.05317048122979666,strict,262,0.21909305259678505,0.17578125,0.0159912109375,0.493896484375,1.32,2.614392550774492,3.411379491954121,0.0,6.756579645174033,0.0,1-92894,grid,0.044177696108818054,-0.03588017076253891,0.011736297979950905,-0.03012222098186612,0.02639141936891605,0.01144965102964591,,,,,,,,
1111,8562-6102,0.033594051322423546,strict,1752,0.3387391370708885,0.17578125,0.10693359375,0.86651611328125,1.32,2.5634124113858543,2.206445800509572,0.0,4.2848716288457815,0.0,1-93082,grid,-0.00709804892539978,-0.03190750628709793,0.0009257490746676922,-0.03291622316464782,0.010851387772484627,0.012850110089073703,,,,,,,,
1112,8562-12703,0.0632206965837474,strict,4787,0.18647121149744814,0.17578125,0.29217529296875,1.0,1.32,2.614465652873287,4.008176599788576,0.0,7.938818220301265,0.0,1-93093,grid,-0.02974739670753479,0.011904716491699219,-0.02009183680638671,-0.025527857476845384,0.013777735536718273,0.024289977446307127,,,,,,,,
1113,8483-3704,0.03286255020489206,strict,799,0.34597433551623796,0.17578125,0.04876708984375,0.7183837890625,1.32,2.4227736036030794,2.1603034379502963,0.0,3.9650955645749693,0.0,1-93503,grid,-0.010347440838813782,0.0031701475381851196,0.004326551221311092,-0.010981549974530935,0.012282927180615534,0.015151223599170123,,,,,,,,
1114,8483-6101,0.019795330241792305,strict,819,0.5653482749641666,0.17578125,0.04998779296875,0.3389892578125,1.32,2.410473662227969,1.3220338321642018,0.0,2.4141876765197874,0.0,1-93557,grid,0.0543123334646225,-0.037568993866443634,0.02323370659723878,-0.010341078508645296,0.032779713202075504,0.029307440365256968,,,,,,,,
1115,8482-3704,0.03239494949052743,strict,1413,0.35077058217430607,0.17578125,0.08624267578125,0.89239501953125,1.32,2.411004078039424,2.1307646206399737,0.0,3.8918804467462897,0.0,1-93612,grid,-0.007104143500328064,0.025770125910639763,0.007893331348896027,0.01552077173255384,0.009370328036102294,0.009234662397944524,,,,,,,,
1116,8484-6101,0.03104844743344452,strict,1077,0.36538910224012233,0.17578125,0.06573486328125,1.0,1.32,2.490270798651585,2.0455167980547047,0.0,3.8590081442022135,0.0,1-93835,grid,0.01773664355278015,0.021652594208717346,0.0032405825331807137,0.006604362279176712,0.0207336131604978,0.019432192856529557,,,,,,,,
1117,8555-3703,0.047059971894627614,strict,1400,0.24574608741147583,0.17578125,0.08544921875,0.53033447265625,1.32,2.569626269279729,3.041389404531352,0.0,5.920631900752117,0.0,1-93858,grid,0.05909280478954315,-0.025639332830905914,0.021291107404977083,-0.013886505737900734,0.021108663137485155,0.02197750123626039,,,,,,,,
1118,8978-12704,0.028351843313778886,strict,3026,0.3988415643654422,0.17578125,0.1846923828125,1.0,1.32,2.3915205114840923,1.8739509951712987,0.0,3.3951456382334753,0.0,1-94403,grid,-0.03835945576429367,0.02190527319908142,-0.019977799616754055,-0.00013946834951639175,0.011970324429064367,0.01748674133313316,,,,,,,,
1119,8601-1902,0.027984942753256258,strict,213,0.4038915195354034,0.17578125,0.01300048828125,0.20013427734375,1.32,2.680567505716712,1.8505205242190863,0.0,3.7579130196087407,0.0,1-94470,grid,0.01781412586569786,-0.016484320163726807,0.0004200185649096966,-7.779337465763092e-06,0.01201950120863876,0.009770032923140111,,,,,,,,
1120,11945-6102,0.02964908329560296,strict,1617,0.38198901216444575,0.17578125,0.09869384765625,0.9571533203125,1.32,2.795111510769634,1.9566257736663362,0.0,4.143172138063117,0.0,1-95208,grid,0.006794184446334839,-0.02108166366815567,-0.001065974123775959,-0.03072603838518262,0.005492305296080304,0.008511123788450006,,,,,,,,
1121,8612-9101,0.051905879297834495,strict,5877,0.22409362535491784,0.17578125,0.35870361328125,1.0,1.32,2.615822346376793,3.335255723024501,0.0,6.609421553915587,0.0,1-95770,grid,0.010150063782930374,0.03158775717020035,0.0034289383329451084,-0.004204246215522289,0.01320262078771855,0.03784958755177943,,,,,,,,
1122,8612-1902,0.033179050688417304,strict,692,0.34280469310068445,0.17578125,0.042236328125,0.35711669921875,1.32,2.5684752305780147,2.1802780460732434,0.0,4.242416785691026,0.0,1-95825,grid,0.001110166311264038,0.044234976172447205,-0.018442463129758835,0.024736416060477495,0.02528169375434555,0.019687104535350355,,,,,,,,
1123,8612-6101,0.03360075133265931,strict,320,0.3386743244576581,0.17578125,0.01953125,0.8797607421875,1.32,2.5677305303034688,2.206868051350438,0.0,4.29291096348776,0.0,1-95982,grid,0.006987575441598892,0.018178798258304596,-0.005090475082397461,0.010926345363259315,0.021752059199323992,0.014230599303233601,,,,,,,,
1124,11945-9102,0.05218351372198314,strict,4984,0.22297500131127437,0.17578125,0.30419921875,0.999755859375,1.32,2.7028686411848333,3.3519880796632897,0.0,6.863623837990359,0.0,1-96067,grid,0.052932463586330414,0.006970100104808807,0.03292874898761511,-0.013889280380681157,0.01470998884017319,0.0210201059302506,,,,,,,,
1125,11982-3703,0.026870193050226875,strict,852,0.4200810079641888,0.17578125,0.052001953125,0.52288818359375,1.32,2.5382251734304684,1.7792033733693895,0.0,3.421226356771661,0.0,1-96410,grid,0.0023614242672920227,0.005724325776100159,-0.007008261512964964,0.0031012967228889465,0.015569121982399651,0.025458432946666,,,,,,,,
1126,9187-3702,0.05325468135843118,strict,3063,0.2187685436242308,0.17578125,0.18695068359375,1.0,1.32,2.5307460999299924,3.4164397407247495,0.0,6.550107234458327,0.0,1-96548,grid,-0.01409410685300827,0.05386267602443695,-0.002696434035897255,0.020251326728612185,0.010357640764177055,0.040894183663116465,,,,,,,,
1127,11982-6104,0.04544346642505414,strict,4062,0.2539969579084992,0.17578125,0.2479248046875,0.993896484375,1.32,2.5597640815839346,2.9425925121809833,0.0,5.706320166226302,0.0,1-96555,grid,-0.01713678240776062,0.01239803433418274,0.001104927621781826,-0.00030786776915192604,0.012719897631224877,0.011506067075502975,,,,,,,,
1128,9187-6103,0.04566716976681099,strict,2476,0.2528202950375926,0.17578125,0.151123046875,0.81243896484375,1.32,2.5079138939141123,2.956287770913183,0.0,5.616753920516326,0.0,1-96589,grid,-0.008104264736175537,0.0011300407350063324,-0.006495616398751736,-0.02104482613503933,0.020651592660424843,0.017779254015460825,,,,,,,,
1129,12678-9102,0.08078683341994844,strict,7199,0.14896731412935982,0.17578125,0.43939208984375,1.0,1.32,2.588741936884898,5.017272082983686,0.0,9.839714128774023,0.0,1-97030,grid,-0.07425004243850708,0.025944026187062263,-0.039781301748007536,-0.012099524727091193,0.02403244358851655,0.05251399445929704,,,,,,,,
1130,12679-9102,0.06501275532151775,strict,11272,0.18171517754261657,0.17578125,0.68798828125,1.0,1.32,2.4301739056974565,4.113082663571196,0.0,7.572353152263112,0.0,1-97179,grid,-0.02053457498550415,0.04971323534846306,-0.021350868046283722,0.003849464002996683,0.012634030485047224,0.052466277836716015,,,,,,,,
1131,12679-12705,0.02848880352301622,strict,3872,0.39698981728331045,0.17578125,0.236328125,1.0,1.32,2.4624658919439093,1.8826919833183322,0.0,3.512170298452745,0.0,1-97191,grid,-0.019292287528514862,0.012255717068910599,-0.012441805563867092,-0.010216900147497654,0.01174750799785988,0.01850443435580814,,,,,,,,
1132,11866-6101,0.045890430107891074,strict,3460,0.2516574082164958,0.17578125,0.211181640625,1.0,1.32,2.407674612899226,2.96994851753109,0.0,5.417173975210074,0.0,1-999,grid,-0.030822038650512695,0.029973579570651054,-0.013272929470986128,0.01532443962059915,0.015429588395181174,0.019460761163226037,,,,,,,,
1133,7495-12702,0.02840134338940132,strict,3021,0.3981702455604507,0.17578125,0.18438720703125,1.0,1.32,2.321636775118972,1.8771104942969061,0.0,3.301491480698066,0.0,12-129612,grid,0.00491110235452652,-0.010498367249965668,-0.013564325403422117,-0.024932895321398973,0.016664774889031973,0.021957417710763896,,,,,,,,
1134,7443-12705,0.06447359849783516,strict,9858,0.1831182268074709,0.17578125,0.6016845703125,1.0,1.32,2.6070249002384913,4.081568282354103,0.0,8.061174351606661,0.0,12-84627,grid,-0.03180606663227081,0.008818868547677994,-0.03225954808294773,-0.012434302363544703,0.017990238914707333,0.01609379097159056,,,,,,,,
