sim,snap,redshift,subhalo_id,g1,g2,inclination,theta_int,draw_idx
TNG50-1,40,1.5,15216,0.01523585,-0.06510898,1.08110851,-0.85690483,0
TNG50-1,40,1.5,15216,-0.05199921,0.00639202,0.40082621,0.17148317,1
TNG50-1,40,1.5,15216,0.03752256,-0.01581213,0.80714714,-1.3703085,2
TNG50-1,40,1.5,15216,0.04702824,-0.00084006,0.57995764,1.02928368,3
TNG50-1,40,1.5,15216,-0.09755176,-0.0426522,1.0131663,0.41363591,4
TNG50-1,40,1.5,36234,-0.00924312,-0.01760668,0.68676915,-0.9755545,0
TNG50-1,40,1.5,36234,-0.03404648,0.02661546,0.30533523,-1.16263588,1
TNG50-1,40,1.5,36234,0.06112707,0.0182722,1.12195926,-0.07632523,2
TNG50-1,40,1.5,36234,-0.00772647,0.02063663,1.08141906,-0.85793958,3
TNG50-1,40,1.5,36234,-0.02141639,0.02154105,0.98800811,0.5334864,4
TNG50-1,40,1.5,44886,0.03716271,0.01093443,0.63097258,0.21595684,0
TNG50-1,40,1.5,44886,0.02715771,0.04357144,0.78333742,-1.1316111,1
TNG50-1,40,1.5,44886,-0.03327549,0.01117978,0.7359085,-1.21098949,2
TNG50-1,40,1.5,44886,0.01160807,0.03394568,0.63943124,0.52905351,3
TNG50-1,40,1.5,44886,0.00583429,0.00337895,0.99829699,-0.09080395,4
TNG50-1,40,1.5,83216,-0.08414349,0.03966736,0.5329569,0.50867573,0
TNG50-1,40,1.5,83216,-0.01674425,-0.01743625,1.20308426,0.17917179,1
TNG50-1,40,1.5,83216,0.00813765,-0.02311759,1.35185314,0.89189253,2
TNG50-1,40,1.5,83216,0.02931112,0.04289879,1.1615521,0.51620621,3
TNG50-1,40,1.5,83216,0.03556133,-0.00956522,1.15074504,-0.29409435,4
TNG50-1,40,1.5,72284,0.02283876,0.02434862,1.01054622,-1.29543598,0
TNG50-1,40,1.5,72284,-0.0330963,-0.02347012,1.07170008,-1.20006985,1
TNG50-1,40,1.5,72284,-0.01815269,0.00062471,1.14370856,1.45109431,2
TNG50-1,40,1.5,72284,-0.01908689,0.02403733,0.82227141,1.2835941,3
TNG50-1,40,1.5,72284,-0.05979198,0.02232656,1.08933899,0.62739846,4
TNG50-1,40,1.5,59042,-0.01890813,-0.01027188,1.13974914,0.68946321,0
TNG50-1,40,1.5,59042,0.06496141,-0.0475011,0.87734841,-0.21333601,1
TNG50-1,40,1.5,59042,-0.0178132,-0.01695165,1.25226651,0.39995252,2
TNG50-1,40,1.5,59042,0.03687578,0.04201541,0.52781442,0.26420156,3
TNG50-1,40,1.5,59042,-0.04668088,-0.08636602,0.66899819,0.47075698,4
TNG50-1,40,1.5,1,0.02072047,-0.02076786,1.28326804,0.50084098,0
TNG50-1,40,1.5,1,-0.04947691,-0.03060484,0.90359295,0.71312461,1
TNG50-1,40,1.5,1,-0.10660231,-0.00703954,1.30992314,0.84398099,2
TNG50-1,40,1.5,1,0.01338557,0.05329901,0.77481787,-1.23231816,3
TNG50-1,40,1.5,1,-0.04064705,0.00785243,1.16168465,1.30693976,4
TNG50-1,40,1.5,74669,-0.05924719,0.04192446,1.18389099,1.54684345,0
TNG50-1,40,1.5,74669,-0.04825584,-0.04514636,0.38110148,1.23049042,1
TNG50-1,40,1.5,74669,-0.0362613,0.04657865,1.26262582,0.78102513,2
TNG50-1,40,1.5,74669,0.10642349,0.01924755,1.36295393,1.22771082,3
TNG50-1,40,1.5,74669,-0.04106933,-0.00783189,1.02108744,1.23604907,4
TNG50-1,40,1.5,87010,0.01429131,0.02143782,1.2980126,1.17672136,0
TNG50-1,40,1.5,87010,0.06530009,0.0767878,0.56749325,-0.95367862,1
TNG50-1,40,1.5,87010,0.01096913,0.00916172,1.27223793,-0.59588576,2
TNG50-1,40,1.5,87010,-0.02054636,-0.06122345,1.25013705,0.871493,3
TNG50-1,40,1.5,87010,0.05531444,-0.06840796,0.85591632,1.48228643,4
TNG50-1,40,1.5,62918,0.0217383,-0.01331937,1.0600288,-1.43421539,0
TNG50-1,40,1.5,62918,-0.0188078,0.01160849,1.12899165,-1.00060226,1
TNG50-1,40,1.5,62918,-0.00669115,-0.02776636,0.95368273,-0.82704038,2
TNG50-1,40,1.5,62918,-0.06874479,0.02357693,0.49743762,-0.78732215,3
TNG50-1,40,1.5,62918,-0.01190869,0.05063579,0.53656751,0.22378398,4
TNG50-1,40,1.5,91585,0.01929233,0.02400717,0.60993046,0.11331108,0
TNG50-1,40,1.5,91585,-0.03815286,-0.0872293,0.64112826,0.04468246,1
TNG50-1,40,1.5,91585,-0.05562057,0.04637192,0.80869577,1.12334602,2
TNG50-1,40,1.5,91585,0.05955715,0.02272102,0.64177972,-0.11686924,3
TNG50-1,40,1.5,91585,0.01313746,-0.05552153,1.28807725,-0.36100199,4
TNG50-1,40,1.5,77694,0.00882562,0.08636751,0.75905395,-0.53921918,0
TNG50-1,40,1.5,77694,0.0147997,-0.07669307,1.14783062,0.11132168,1
TNG50-1,40,1.5,77694,-0.01859573,0.0431914,0.35214101,1.09503507,2
TNG50-1,40,1.5,77694,-0.08783609,-0.01642626,0.42193026,0.47936727,3
TNG50-1,40,1.5,77694,0.01639977,-0.00306622,0.97695068,0.95627513,4
TNG50-1,40,1.5,89366,-0.01482855,0.03911752,1.33006281,0.2943107,0
TNG50-1,40,1.5,89366,0.00332729,-0.00953255,0.38132738,0.88788981,1
TNG50-1,40,1.5,89366,-0.03487119,0.05856235,1.28566734,0.92713061,2
TNG50-1,40,1.5,89366,0.0494792,0.03754345,0.32779211,1.40123534,3
TNG50-1,40,1.5,89366,-0.05891518,0.09103231,0.61154326,-0.77476904,4
TNG50-1,40,1.5,80802,0.11638266,0.00539402,1.01421623,1.56148043,0
TNG50-1,40,1.5,80802,-0.01025808,0.06547753,1.14333889,1.19129201,1
TNG50-1,40,1.5,80802,-0.10017611,-0.08011298,0.41776894,-0.67887166,2
TNG50-1,40,1.5,80802,0.08021272,-0.06258236,0.63866382,1.05839182,3
TNG50-1,40,1.5,80802,-0.02288497,-0.0800639,1.3082352,-1.23646951,4
TNG50-1,40,1.5,44887,0.00800953,0.01569541,1.37027607,0.20662852,0
TNG50-1,40,1.5,44887,0.05381201,-0.04166844,1.03687501,0.63460857,1
TNG50-1,40,1.5,44887,-0.04228305,-0.07947837,0.98356084,0.46479386,2
TNG50-1,40,1.5,44887,0.01665352,-0.10364917,1.2103202,0.47888257,3
TNG50-1,40,1.5,44887,-0.00129314,-0.05586921,0.88445009,-0.57738027,4
TNG50-1,40,1.5,110111,-0.01696292,0.01115399,0.93795069,-1.20682169,0
TNG50-1,40,1.5,110111,0.05319258,0.07166073,0.61297222,-1.34441584,1
TNG50-1,40,1.5,110111,-0.05709691,0.00457601,1.132162,1.07440336,2
TNG50-1,40,1.5,110111,0.00031695,0.02903885,0.55797293,-1.39622457,3
TNG50-1,40,1.5,110111,0.12988369,-0.00283916,0.96396059,-0.6892295,4
TNG50-1,40,1.5,36235,0.02269828,-0.0995406,1.30060709,-0.59388193,0
TNG50-1,40,1.5,36235,-0.01543365,-0.07475304,1.0864973,0.58956714,1
TNG50-1,40,1.5,36235,0.04677736,0.06819311,0.32892519,0.64530313,2
TNG50-1,40,1.5,36235,-0.0915703,0.04475925,0.21772058,-0.35235571,3
TNG50-1,40,1.5,36235,-0.01678037,-0.03597401,0.65104841,0.4426147,4
TNG50-1,40,1.5,133930,0.0226167,-0.11971302,0.80120412,0.1241791,0
TNG50-1,40,1.5,133930,-0.07828795,-0.03932829,0.77717363,-0.50750393,1
TNG50-1,40,1.5,133930,0.03187355,-0.08432341,0.6632516,1.0822123,2
TNG50-1,40,1.5,133930,-0.02693857,-0.04131147,1.35201435,-0.05475008,3
TNG50-1,40,1.5,133930,0.05739063,0.0123833,1.0849506,0.84391846,4
TNG50-1,40,1.5,51913,0.10175367,-0.06222359,1.2516405,-0.16271148,0
TNG50-1,40,1.5,51913,-0.00435471,-0.04443987,1.11020945,-0.6046464,1
TNG50-1,40,1.5,51913,-0.01535416,-0.00353402,1.23958936,0.30937522,2
TNG50-1,40,1.5,51913,-0.03767638,0.01671476,1.37955642,-1.54781728,3
TNG50-1,40,1.5,51913,-0.05161313,0.0025571,0.39937979,-0.69736412,4
TNG50-1,40,1.5,139282,-0.08258796,0.01208299,0.90212199,-0.39991739,0
TNG50-1,40,1.5,139282,-0.06405346,-0.0887481,0.6098825,-1.41780556,1
TNG50-1,40,1.5,139282,-0.02118033,0.02577052,0.40508871,-1.22747588,2
TNG50-1,40,1.5,139282,-0.02602942,-0.02887694,0.5802215,0.55073888,3
TNG50-1,40,1.5,139282,0.04063006,0.06372236,1.36952301,0.66997038,4
TNG50-1,40,1.5,140124,0.02231611,-0.03069884,0.76895566,-0.82417056,0
TNG50-1,40,1.5,140124,-0.04032995,0.07255894,1.37560728,1.10829461,1
TNG50-1,40,1.5,140124,-0.06413173,-0.02203262,1.05284059,-0.47742336,2
TNG50-1,40,1.5,140124,0.03569101,0.00160538,0.46119699,1.11006502,3
TNG50-1,40,1.5,140124,0.01208223,0.01344567,0.77554398,-0.63163715,4
TNG50-1,40,1.5,114862,-0.0968419,0.02897806,1.14828758,0.63108631,0
TNG50-1,40,1.5,114862,-0.0155242,0.02622537,1.04668861,0.29911996,1
TNG50-1,40,1.5,114862,-0.01431115,-0.07472028,1.28616255,-0.33813247,2
TNG50-1,40,1.5,114862,-0.00949619,0.03495984,0.88191946,1.30469953,3
TNG50-1,40,1.5,114862,-0.0556694,0.10263425,0.2096387,-0.0096868,4
TNG50-1,40,1.5,153454,0.01361849,0.11913011,0.98149189,0.90349012,0
TNG50-1,40,1.5,153454,-0.03569374,0.02100943,0.22056283,-0.98903826,1
TNG50-1,40,1.5,153454,-0.06584151,0.01938516,0.77208427,0.19531512,2
TNG50-1,40,1.5,153454,0.04179039,-0.0083464,0.59185843,-1.25068639,3
TNG50-1,40,1.5,153454,0.01746753,0.04083879,0.44843758,0.48041903,4
TNG50-1,40,1.5,51914,-0.05597679,0.01390719,0.83341779,-1.5559008,0
TNG50-1,40,1.5,51914,0.02239069,0.00790595,1.19639146,1.1101429,1
TNG50-1,40,1.5,51914,0.00291372,0.03888837,0.88784455,0.37422365,2
TNG50-1,40,1.5,51914,0.02743694,0.04035041,0.86573033,-1.05952259,3
TNG50-1,40,1.5,51914,-0.00938355,-0.0809936,0.53924964,0.85745809,4
TNG50-1,40,1.5,131685,0.08409083,0.00060266,0.23115215,-1.17209688,0
TNG50-1,40,1.5,131685,0.08644977,0.01013986,1.39670456,1.24816167,1
TNG50-1,40,1.5,131685,0.06796103,-0.05467357,1.38635392,1.19499996,2
TNG50-1,40,1.5,131685,0.01276067,0.01984957,0.22647306,0.11372695,3
TNG50-1,40,1.5,131685,0.06753126,0.0030193,0.87162621,0.38262095,4
TNG50-1,40,1.5,143837,-0.00755259,-0.08933538,1.18590263,0.70927623,0
TNG50-1,40,1.5,143837,-0.03730491,-0.00613423,0.84363495,0.21029129,1
TNG50-1,40,1.5,143837,-0.06251578,0.04978507,0.90410362,0.8118574,2
TNG50-1,40,1.5,143837,0.02556109,0.05296119,1.05767223,1.51869953,3
TNG50-1,40,1.5,143837,0.01956323,0.05129184,0.76856722,-0.25361327,4
TNG50-1,40,1.5,128103,0.01086156,-0.0314033,0.32100768,-0.90431559,0
TNG50-1,40,1.5,128103,-0.01010416,0.01557264,1.25084252,-0.09487331,1
TNG50-1,40,1.5,128103,-0.02889471,-0.02009963,1.23278034,0.73354588,2
TNG50-1,40,1.5,128103,0.01264424,0.01220522,0.5239921,1.18867101,3
TNG50-1,40,1.5,128103,-0.02519789,0.0136602,0.42931785,-0.37996716,4
TNG50-1,40,1.5,80803,0.04256428,0.04543007,0.76044337,0.79640807,0
TNG50-1,40,1.5,80803,-0.03536323,0.00155428,1.10964677,1.19706006,1
TNG50-1,40,1.5,80803,0.04844989,0.0139288,0.33766801,-0.69707745,2
TNG50-1,40,1.5,80803,-0.01809163,0.00069926,1.1946868,-0.93591783,3
TNG50-1,40,1.5,80803,-0.02448751,0.01682916,1.31800677,-0.9871948,4
TNG50-1,40,1.5,141038,-0.02034719,0.03621413,1.1496977,1.51539963,0
TNG50-1,40,1.5,141038,-0.02924371,0.00315012,0.66074691,1.42313875,1
TNG50-1,40,1.5,141038,-0.00232936,-0.09459731,0.49453382,-1.34516042,2
TNG50-1,40,1.5,141038,0.01394321,-0.09792957,0.45013885,-1.13790517,3
TNG50-1,40,1.5,141038,-0.05039465,-0.00061596,0.25538695,-0.61428652,4
TNG50-1,40,1.5,142043,-0.06385082,0.0277791,0.92728428,1.21890285,0
TNG50-1,40,1.5,142043,0.00349598,-0.03110839,1.1904942,0.8713481,1
TNG50-1,40,1.5,142043,-0.05381226,0.04937026,1.19364162,0.05548531,2
TNG50-1,40,1.5,142043,-0.03758779,0.05787539,1.26547572,-0.0295061,3
TNG50-1,40,1.5,142043,0.01985167,0.07181509,0.37234715,0.09344877,4
TNG50-1,40,1.5,100091,0.02068962,0.05826538,1.18632205,0.33969794,0
TNG50-1,40,1.5,100091,-0.01161347,0.0823697,1.37523791,-0.10991135,1
TNG50-1,40,1.5,100091,0.00378566,0.015481,1.30121163,-0.31274164,2
TNG50-1,40,1.5,100091,0.00030083,0.02947734,0.42093932,0.10017311,3
TNG50-1,40,1.5,100091,0.0224162,-0.05754323,1.12581521,-0.98256783,4
TNG50-1,40,1.5,122851,-0.14652972,0.02387647,0.83061318,-0.19481141,0
TNG50-1,40,1.5,122851,0.01914429,-0.05812144,0.67896826,0.43672426,1
TNG50-1,40,1.5,122851,-0.18242064,-0.0356051,0.62169794,-1.5635431,2
TNG50-1,40,1.5,122851,-0.08617317,0.06852705,1.22210152,1.54996285,3
TNG50-1,40,1.5,122851,0.02258843,-0.02420151,0.4069723,-0.6883343,4
TNG50-1,40,1.5,104580,-0.0371096,0.0111561,0.78894645,-1.01399458,0
TNG50-1,40,1.5,104580,0.04621789,0.03084071,0.85558097,0.55949899,1
TNG50-1,40,1.5,104580,0.00173059,-0.04998561,0.98487272,1.08701481,2
TNG50-1,40,1.5,104580,-0.01413979,-0.05207938,0.34930413,-1.44433547,3
TNG50-1,40,1.5,104580,-0.0053091,0.05523396,1.10671747,-0.15823358,4
TNG50-1,40,1.5,167639,-0.01874207,-0.02503724,1.16704799,-0.93455342,0
TNG50-1,40,1.5,167639,0.03781241,-0.08275477,1.28461485,0.13219519,1
TNG50-1,40,1.5,167639,0.01894213,-0.05225219,1.15966443,0.6326888,2
TNG50-1,40,1.5,167639,-0.06174065,-0.05105226,0.77192277,1.4228979,3
TNG50-1,40,1.5,167639,0.07211524,0.00260867,0.43368727,0.3457652,4
TNG50-1,40,1.5,154108,0.001803,-0.02501805,1.01266147,-0.03196804,0
TNG50-1,40,1.5,154108,-0.00023165,0.02425806,0.38133244,0.4153264,1
TNG50-1,40,1.5,154108,0.05227661,-0.02639588,0.53202932,-0.52115483,2
TNG50-1,40,1.5,154108,0.05938172,-6.963e-05,1.12520241,-0.80360369,3
TNG50-1,40,1.5,154108,0.01013875,0.04930682,0.91333986,1.29644681,4
TNG50-1,40,1.5,132762,0.02712972,0.00548239,1.15453352,0.99291926,0
TNG50-1,40,1.5,132762,-0.04778126,0.12225651,1.182278,1.13276381,1
TNG50-1,40,1.5,132762,0.02187561,-0.06886578,0.87022557,-1.04395275,2
TNG50-1,40,1.5,132762,-0.06208778,0.07360073,1.04477833,-1.54721229,3
TNG50-1,40,1.5,132762,-0.01020343,0.00749212,1.2161457,-0.51481289,4
TNG50-1,40,1.5,2,0.02275119,-0.01146463,0.8339438,0.91338028,0
TNG50-1,40,1.5,2,0.0722563,-0.07963971,0.3878891,-0.72058035,1
TNG50-1,40,1.5,2,-0.00386781,-0.0456439,0.26714003,1.20903898,2
TNG50-1,40,1.5,2,-0.00984428,0.0113393,1.34243368,0.51350355,3
TNG50-1,40,1.5,2,-0.05573085,0.06595066,1.28516959,-1.21942552,4
TNG50-1,40,1.5,171647,-0.03972997,-0.05761244,1.27203348,-0.20006711,0
TNG50-1,40,1.5,171647,0.06517825,-0.01202186,0.92425345,0.86275637,1
TNG50-1,40,1.5,171647,0.04201101,0.00510156,1.3441983,-1.46134842,2
TNG50-1,40,1.5,171647,0.07436991,0.00394944,1.35641174,0.47833138,3
TNG50-1,40,1.5,171647,-0.01358372,0.05668402,1.39957355,1.01513441,4
TNG50-1,40,1.5,36236,-0.0049223,-0.03429263,0.67704346,-0.88219309,0
TNG50-1,40,1.5,36236,-0.01219481,0.06908538,0.954028,-0.91615332,1
TNG50-1,40,1.5,36236,-0.10487255,-0.00824689,0.67970656,0.79008168,2
TNG50-1,40,1.5,36236,-0.04471037,0.06442221,0.99273193,-1.19722845,3
TNG50-1,40,1.5,36236,-0.01315367,0.00308523,1.08376298,-1.30067481,4
TNG50-1,40,1.5,160809,-0.0192123,0.01363226,0.28273281,-0.66261347,0
TNG50-1,40,1.5,160809,0.05095218,-0.02807415,0.50106871,0.73741075,1
TNG50-1,40,1.5,160809,0.05150977,0.03489084,1.23899164,0.20866663,2
TNG50-1,40,1.5,160809,0.00920289,0.00553066,1.21446815,0.15993461,3
TNG50-1,40,1.5,160809,0.04813288,6.699e-05,0.79336328,1.03216061,4
TNG50-1,40,1.5,151882,0.0900871,-0.00584401,1.06768377,0.55496983,0
TNG50-1,40,1.5,151882,-0.02058747,-0.0498926,1.17096993,-1.36320236,1
TNG50-1,40,1.5,151882,-0.01817916,-0.00424253,0.93629869,-1.56744279,2
TNG50-1,40,1.5,151882,-0.0574602,-0.08001029,1.1318945,-0.90390803,3
TNG50-1,40,1.5,151882,-0.09540652,-0.03809872,0.89317675,1.23939442,4
TNG50-1,40,1.5,44888,-0.04397548,-0.00929783,0.83405238,0.08187156,0
TNG50-1,40,1.5,44888,0.11408164,-0.0356777,1.29867622,1.56035748,1
TNG50-1,40,1.5,44888,0.01487555,-0.13258542,0.53458218,-1.43201615,2
TNG50-1,40,1.5,44888,0.04433795,-0.06890046,0.67452759,-0.31018526,3
TNG50-1,40,1.5,44888,-0.02445387,-0.09053093,0.58430831,-0.55311927,4
TNG50-1,40,1.5,134949,-0.02883236,-0.05920642,1.12621668,-0.44399252,0
TNG50-1,40,1.5,134949,0.02797702,0.00432528,1.23821383,-0.28692361,1
TNG50-1,40,1.5,134949,0.02830939,0.01635049,1.31435793,-0.21513939,2
TNG50-1,40,1.5,134949,-0.02747763,-0.03962629,0.51227755,0.41830049,3
TNG50-1,40,1.5,134949,-0.05613842,0.00132927,0.86664926,1.34073559,4
TNG50-1,40,1.5,143012,-0.09038484,-0.03984555,1.07393931,-0.89680227,0
TNG50-1,40,1.5,143012,-0.00857823,0.01509854,1.32159012,0.19689118,1
TNG50-1,40,1.5,143012,-0.07796916,-0.03626958,1.26138876,0.80280115,2
TNG50-1,40,1.5,143012,0.04836496,-0.03142424,0.71398054,-0.76208012,3
TNG50-1,40,1.5,143012,0.07583963,0.03872474,1.06423399,1.02664069,4
TNG50-1,40,1.5,157790,-0.04982093,0.04022852,1.38026003,0.52882662,0
TNG50-1,40,1.5,157790,0.0616451,-0.0337557,0.9377675,-0.38725154,1
TNG50-1,40,1.5,157790,-0.13889971,0.0201977,0.99370267,0.37295347,2
TNG50-1,40,1.5,157790,-0.01737617,0.02827302,0.75388023,-1.44483414,3
TNG50-1,40,1.5,157790,-0.05900004,0.09181129,1.26365953,-0.12023756,4
TNG50-1,40,1.5,187778,0.01464669,-0.0537383,1.33319631,-0.21653001,0
TNG50-1,40,1.5,187778,-0.07944488,0.04382718,0.79835724,-1.45801665,1
TNG50-1,40,1.5,187778,-0.00619046,0.01350477,0.50350839,0.10870147,2
TNG50-1,40,1.5,187778,0.03710145,0.02059858,0.81789316,1.55051105,3
TNG50-1,40,1.5,187778,-0.09389944,0.09297474,1.02684511,1.44107219,4
TNG50-1,40,1.5,130662,0.01634217,0.02811364,0.92317906,-1.37250789,0
TNG50-1,40,1.5,130662,-0.03661427,-0.06459411,0.42312183,1.47262885,1
TNG50-1,40,1.5,130662,0.04579652,0.01763136,0.8896853,-0.59484742,2
TNG50-1,40,1.5,130662,-0.00545726,0.09564774,1.05667998,-0.97589337,3
TNG50-1,40,1.5,130662,-0.01264407,0.02330888,1.01163623,-0.67215222,4
TNG50-1,40,1.5,146376,-0.0563494,0.04145605,0.91218564,-0.05360063,0
TNG50-1,40,1.5,146376,0.06643155,0.02024275,0.9144169,-0.13696132,1
TNG50-1,40,1.5,146376,0.06228175,-0.08026356,0.45517751,-0.35706884,2
TNG50-1,40,1.5,146376,0.04797953,-0.00121487,0.29354254,-0.43479947,3
TNG50-1,40,1.5,146376,-0.07573774,0.01822672,0.73630312,-0.34084131,4
TNG50-1,40,1.5,184041,0.04122135,-0.04644946,1.01959475,-1.36085703,0
TNG50-1,40,1.5,184041,0.04605754,-0.04340967,0.22014349,0.29203187,1
TNG50-1,40,1.5,184041,0.03273298,-0.08177316,0.97169227,-0.85461445,2
TNG50-1,40,1.5,184041,0.03727495,0.01184743,0.97984484,0.43231136,3
TNG50-1,40,1.5,184041,-0.01354641,-0.00417244,1.03370434,-1.4110983,4
TNG50-1,40,1.5,169392,0.05992599,0.01546958,0.62257426,-0.58324314,0
TNG50-1,40,1.5,169392,-0.00851942,0.04907399,0.54176614,-0.30893909,1
TNG50-1,40,1.5,169392,-0.10673468,-0.0582414,0.22010891,-0.72858213,2
TNG50-1,40,1.5,169392,0.03086408,0.10043777,0.50097923,0.33394941,3
TNG50-1,40,1.5,169392,0.02776801,-0.04797139,0.47153111,1.37854768,4
TNG50-1,40,1.5,145447,-0.08903691,-0.03621713,1.2393168,-1.1307993,0
TNG50-1,40,1.5,145447,-0.040162,-0.02908607,1.2533842,0.55828808,1
TNG50-1,40,1.5,145447,0.02755959,-0.01827348,0.59569575,0.98794882,2
TNG50-1,40,1.5,145447,0.01977546,-0.06879568,1.17622775,-0.83171659,3
TNG50-1,40,1.5,145447,-0.07835291,-0.03141856,0.42794872,-0.7030653,4
TNG50-1,40,1.5,138265,-0.05817369,-0.01099679,1.3964593,0.0594221,0
TNG50-1,40,1.5,138265,0.00810298,0.01707543,0.88580086,0.97370754,1
TNG50-1,40,1.5,138265,0.03648578,-0.00064694,0.22286153,-1.29106262,2
TNG50-1,40,1.5,138265,-0.07935492,-0.07267996,1.36813911,-0.32913004,3
TNG50-1,40,1.5,138265,0.00125644,-0.06311946,1.22550984,0.77621152,4
TNG50-1,40,1.5,213766,-0.11721717,-0.07049849,1.05097587,-1.26358627,0
TNG50-1,40,1.5,213766,0.04713829,-0.00869189,0.4078644,-0.09980398,1
TNG50-1,40,1.5,213766,-0.04924975,-0.03647886,1.19270119,-0.94071074,2
TNG50-1,40,1.5,213766,-0.02277639,0.01889855,0.70565017,-0.98842273,3
TNG50-1,40,1.5,213766,-0.06932211,0.02262692,0.67413625,-0.11363734,4
TNG50-1,40,1.5,137026,0.02540396,-0.01261871,1.21110219,0.43746785,0
TNG50-1,40,1.5,137026,0.00976315,-0.00212893,0.54359489,0.88877313,1
TNG50-1,40,1.5,137026,-0.01088423,0.00392994,1.05485365,-0.9081264,2
TNG50-1,40,1.5,137026,-0.01919005,-0.03390358,1.37105557,1.31128692,3
TNG50-1,40,1.5,137026,0.01441095,0.02660647,1.26489171,1.10268997,4
TNG50-1,40,1.5,172175,-0.11721489,-0.04153849,0.70744737,1.00689912,0
TNG50-1,40,1.5,172175,0.07952261,0.00729691,1.01525718,0.78336512,1
TNG50-1,40,1.5,172175,0.01875311,-0.00085189,0.49458956,-0.66647356,2
TNG50-1,40,1.5,172175,0.05389217,0.01415343,0.9307155,-1.20057879,3
TNG50-1,40,1.5,172175,-0.06099379,0.05422576,0.68675794,-0.82203375,4
TNG50-1,40,1.5,172860,0.0026729,-0.02533013,1.24222049,1.52111287,0
TNG50-1,40,1.5,172860,-0.00595844,0.06364414,0.61947335,-0.46479651,1
TNG50-1,40,1.5,172860,0.05847691,0.02681485,0.32336996,0.4342421,2
TNG50-1,40,1.5,172860,-0.00893276,-0.0192815,0.71555943,-0.08189272,3
TNG50-1,40,1.5,172860,-0.03470693,-0.01182232,0.4189293,1.5287893,4
TNG50-1,40,1.5,178140,0.03201068,-0.02674057,0.92683626,1.44046828,0
TNG50-1,40,1.5,178140,-0.02691581,-0.07862641,0.64140938,0.65978749,1
TNG50-1,40,1.5,178140,0.01239738,-0.06909745,1.19285446,0.42587541,2
TNG50-1,40,1.5,178140,-0.00706978,-0.02659387,1.20585488,0.76653203,3
TNG50-1,40,1.5,178140,0.04365283,-0.062453,1.37760953,0.09931491,4
TNG50-1,40,1.5,202467,0.09514537,-0.02904801,0.44780427,-1.28804862,0
TNG50-1,40,1.5,202467,-0.02267191,-0.11378682,0.41081465,-1.19345765,1
TNG50-1,40,1.5,202467,0.01299039,0.03204954,1.1162528,-1.34678653,2
TNG50-1,40,1.5,202467,0.05124608,-0.00565842,1.25877491,1.53882456,3
TNG50-1,40,1.5,202467,-0.00819768,-0.05063419,1.22225878,-1.33813725,4
TNG50-1,40,1.5,118373,0.0048802,-0.00454355,1.10368018,-1.08846275,0
TNG50-1,40,1.5,118373,-0.04702651,-0.00154163,0.98985374,-0.79685793,1
TNG50-1,40,1.5,118373,-0.02646362,-0.01071876,1.25828169,1.07464508,2
TNG50-1,40,1.5,118373,0.00366377,-0.07209894,0.61760198,-0.53343836,3
TNG50-1,40,1.5,118373,0.00187616,-0.02582554,1.17974225,0.5844929,4
TNG50-1,40,1.5,129305,-0.03873259,-0.0387255,0.90333569,0.60802532,0
TNG50-1,40,1.5,129305,-0.02884982,-0.03094733,0.83154179,0.54899444,1
TNG50-1,40,1.5,129305,0.01569095,-0.03281854,0.84410628,0.5736175,2
TNG50-1,40,1.5,129305,-0.02458737,-0.02828194,0.82969377,-1.33809682,3
TNG50-1,40,1.5,129305,0.04464279,0.05495958,1.28763215,-0.1670107,4
TNG50-1,40,1.5,173605,-0.00721422,-0.02256922,0.39831564,-1.34507184,0
TNG50-1,40,1.5,173605,-0.06083592,0.00360088,0.96625563,0.04928354,1
TNG50-1,40,1.5,173605,0.04210635,-0.06476706,0.929503,-0.05783173,2
TNG50-1,40,1.5,173605,-0.04588768,0.08530459,0.85310858,1.32476245,3
TNG50-1,40,1.5,173605,0.14047845,0.05597503,0.69597691,-0.02039968,4
TNG50-1,40,1.5,164301,0.06064418,-0.08291678,1.37350788,0.39784884,0
TNG50-1,40,1.5,164301,0.05545849,-0.00039523,0.88703926,-0.54588828,1
TNG50-1,40,1.5,164301,-0.07960065,0.01369212,1.27139124,0.44472802,2
TNG50-1,40,1.5,164301,0.01507762,-0.01503823,0.36998572,-0.27564775,3
TNG50-1,40,1.5,164301,0.05077576,-0.09260809,1.26028092,0.81569271,4
TNG50-1,40,1.5,187232,0.03368972,0.0373636,0.95271234,-0.5319439,0
TNG50-1,40,1.5,187232,0.04302649,0.0028705,0.81518552,-1.17110418,1
TNG50-1,40,1.5,187232,0.07794081,-0.05586638,1.04633201,-0.97793943,2
TNG50-1,40,1.5,187232,-0.0438055,0.02073081,0.6811125,1.10119382,3
TNG50-1,40,1.5,187232,-0.01132273,0.02893308,1.11500193,-0.16875901,4
TNG50-1,40,1.5,227364,-0.10188643,-0.03207714,0.8747039,-0.17376768,0
TNG50-1,40,1.5,227364,0.00163476,0.0115641,1.38211346,-0.17953724,1
TNG50-1,40,1.5,227364,-0.05591529,-0.0149669,0.54026354,-1.34523895,2
TNG50-1,40,1.5,227364,-0.01922751,0.03360572,1.27044664,0.95112425,3
TNG50-1,40,1.5,227364,0.03306891,0.0237564,0.84818426,1.2348108,4
TNG50-1,40,1.5,182554,0.00786164,0.04359672,0.96403756,-1.42639852,0
TNG50-1,40,1.5,182554,-0.01045161,-0.02809033,1.1448121,-0.46428814,1
TNG50-1,40,1.5,182554,0.0339262,-0.03080964,0.98054089,0.66416205,2
TNG50-1,40,1.5,182554,-0.01853891,-0.05971827,1.09129973,-1.51287226,3
TNG50-1,40,1.5,182554,0.01177849,-0.05322364,1.21133896,-0.19107634,4
TNG50-1,40,1.5,100092,0.01333681,0.05122563,1.21205332,1.33733411,0
TNG50-1,40,1.5,100092,-0.05317799,-0.03915899,1.00216787,-0.93824193,1
TNG50-1,40,1.5,100092,0.00998175,-0.05684613,1.04107618,1.34954312,2
TNG50-1,40,1.5,100092,-0.07806015,-0.10780115,1.25235675,-1.51468447,3
TNG50-1,40,1.5,100092,0.02714291,-0.01332068,0.57750803,1.33505898,4
TNG50-1,40,1.5,124040,-0.09014281,0.00282058,0.54973341,1.2098053,0
TNG50-1,40,1.5,124040,-0.03760804,0.01226855,1.01032318,-0.0337244,1
TNG50-1,40,1.5,124040,-0.04545514,-0.08881991,0.34233983,-1.12582439,2
TNG50-1,40,1.5,124040,-0.0435608,-0.03269816,0.79934633,-1.09110612,3
TNG50-1,40,1.5,124040,0.10004816,0.01076513,1.30377785,0.58915523,4
TNG50-1,40,1.5,162442,0.05613391,-0.0632271,1.17526429,0.00758064,0
TNG50-1,40,1.5,162442,-0.00470973,0.08885914,0.95414189,1.48011473,1
TNG50-1,40,1.5,162442,-0.05554655,0.03293987,1.32488061,-0.75764019,2
TNG50-1,40,1.5,162442,0.05943921,-0.00050981,1.03192229,0.01427929,3
TNG50-1,40,1.5,162442,0.03128378,0.07951094,0.39383276,1.12949929,4
TNG50-1,40,1.5,215463,-0.07359062,0.06541233,1.23222949,-0.45484659,0
TNG50-1,40,1.5,215463,0.02825767,-0.02467341,0.76574956,-0.47481827,1
TNG50-1,40,1.5,215463,-0.13009442,0.03297421,1.24838395,0.68094571,2
TNG50-1,40,1.5,215463,0.01027053,-0.01984569,0.77183426,-0.10521425,3
TNG50-1,40,1.5,215463,-0.02390415,0.00568741,1.17731238,-0.43574236,4
TNG50-1,40,1.5,204085,-0.00864355,-0.01710764,1.2384423,-1.2888972,0
TNG50-1,40,1.5,204085,0.04822753,-0.07034571,1.07391338,-1.49161265,1
TNG50-1,40,1.5,204085,-0.00161686,-0.09888745,1.0678703,-0.93583553,2
TNG50-1,40,1.5,204085,0.0265347,-0.0130781,1.11007189,0.80628796,3
TNG50-1,40,1.5,204085,-0.00980021,0.00282483,1.12007149,1.54192435,4
TNG50-1,40,1.5,195521,-0.05011879,0.10054631,1.18512914,-0.35137509,0
TNG50-1,40,1.5,195521,-0.08702515,0.02744914,1.06717345,-0.4857424,1
TNG50-1,40,1.5,195521,0.00086673,0.03630492,1.234997,0.10651769,2
TNG50-1,40,1.5,195521,-0.00609026,-0.04655367,1.17869702,0.85407508,3
TNG50-1,40,1.5,195521,-0.02342128,-0.04995724,0.82594722,-0.38054754,4
TNG50-1,40,1.5,186577,-0.03970218,0.10929319,0.73758166,-0.94312204,0
TNG50-1,40,1.5,186577,-0.05498292,0.01386448,1.22864054,-0.65247253,1
TNG50-1,40,1.5,186577,0.01171492,0.02425409,1.32247344,1.4830522,2
TNG50-1,40,1.5,186577,0.00754608,-0.05387807,0.47485563,0.65403085,3
TNG50-1,40,1.5,186577,0.0289641,-0.06434537,0.66152955,0.34721512,4
TNG50-1,40,1.5,177300,0.04712968,-0.00273522,0.97192313,0.30840349,0
TNG50-1,40,1.5,177300,0.02461485,0.0582836,1.02009968,1.25073112,1
TNG50-1,40,1.5,177300,-0.03102593,-0.0518291,1.12302152,1.55511795,2
TNG50-1,40,1.5,177300,-0.07910835,-0.00422599,0.93650413,-1.32341699,3
TNG50-1,40,1.5,177300,-0.03723117,0.03375723,1.02483221,-0.36227756,4
TNG50-1,40,1.5,15218,-0.02173497,0.06455145,0.47784829,-0.41914795,0
TNG50-1,40,1.5,15218,0.0184679,0.01307102,0.78292047,0.06736583,1
TNG50-1,40,1.5,15218,-0.02466109,0.04132037,0.75967609,-0.11866446,2
TNG50-1,40,1.5,15218,0.09676906,0.01396208,1.17745109,-0.54381487,3
TNG50-1,40,1.5,15218,0.00066879,0.06843923,1.03671055,-0.61110068,4
TNG50-1,40,1.5,189576,-0.00942931,0.07510146,0.46679656,-0.534745,0
TNG50-1,40,1.5,189576,0.04058679,0.03747285,0.60461123,1.35699326,1
TNG50-1,40,1.5,189576,-0.04849002,0.03257703,1.19148798,0.57144284,2
TNG50-1,40,1.5,189576,-0.0088183,0.03108007,0.90169273,1.49096976,3
TNG50-1,40,1.5,189576,-0.03458849,-0.00186246,1.14735485,-0.26102696,4
TNG50-1,40,1.5,193644,0.02401671,-0.04415998,1.3196714,0.41352326,0
TNG50-1,40,1.5,193644,0.12659523,0.03944539,0.4526714,0.80848709,1
TNG50-1,40,1.5,193644,0.07400496,-0.05503306,0.71077406,1.03106396,2
TNG50-1,40,1.5,193644,0.05596986,-0.01192182,1.34328174,0.68596853,3
TNG50-1,40,1.5,193644,-0.0193894,-0.0057389,0.75184199,0.27073082,4
TNG50-1,40,1.5,183284,-0.03487786,-0.11860978,0.70038587,-0.16886054,0
TNG50-1,40,1.5,183284,-0.04329699,-0.02678574,0.57300329,1.14388013,1
TNG50-1,40,1.5,183284,-0.08237481,-0.0450517,0.8622565,0.70158151,2
TNG50-1,40,1.5,183284,0.01453666,0.07878388,0.86448807,0.06205795,3
TNG50-1,40,1.5,183284,-0.01772938,-0.08513893,1.11044836,-0.41396017,4
TNG50-1,40,1.5,36237,-0.0217865,-0.00084184,1.06955684,1.44229282,0
TNG50-1,40,1.5,36237,0.00504684,0.09110276,0.6505123,-0.3074423,1
TNG50-1,40,1.5,36237,0.05668946,-0.07610996,0.60896938,-1.41075075,2
TNG50-1,40,1.5,36237,0.10534424,0.05137905,1.30804028,1.32984462,3
TNG50-1,40,1.5,36237,-0.02884242,-0.05091578,0.84592107,1.20532317,4
TNG50-1,40,1.5,198703,0.0285587,-0.01880521,1.35598227,-0.11749537,0
TNG50-1,40,1.5,198703,-0.04858094,-0.02290409,0.37160627,-0.25206453,1
TNG50-1,40,1.5,198703,0.03698463,0.03844829,0.37887556,-1.195538,2
TNG50-1,40,1.5,198703,0.04096715,0.04095521,0.92569865,-1.26683813,3
TNG50-1,40,1.5,198703,0.13018131,-0.02675436,0.8088815,-0.83964672,4
TNG50-1,40,1.5,224995,-0.06565839,-0.02202539,1.27417935,0.37745186,0
TNG50-1,40,1.5,224995,-0.00773054,0.06612522,0.4276588,0.43734947,1
TNG50-1,40,1.5,224995,-0.05944401,0.03309738,0.44855715,0.59845942,2
TNG50-1,40,1.5,224995,-0.03513775,0.00080647,0.57053801,-1.51901597,3
TNG50-1,40,1.5,224995,-0.03870429,-0.02305131,0.82116152,1.43914028,4
TNG50-1,40,1.5,156291,-0.04406192,0.00535525,1.25554496,0.45157399,0
TNG50-1,40,1.5,156291,0.01087202,0.04239794,1.12749055,1.41372226,1
TNG50-1,40,1.5,156291,-0.00179124,0.06888681,1.15041966,-0.67474786,2
TNG50-1,40,1.5,156291,-0.00501488,-0.00011251,0.91460751,0.60560975,3
TNG50-1,40,1.5,156291,-0.00571611,0.0407658,0.95888406,-1.49213021,4
TNG50-1,40,1.5,233558,0.01244568,0.07608502,1.3171471,0.78856725,0
TNG50-1,40,1.5,233558,0.05043342,0.0179398,0.79458779,1.0265934,1
TNG50-1,40,1.5,233558,0.02422267,0.04526297,0.21737969,0.14201539,2
TNG50-1,40,1.5,233558,0.06088626,-0.01535635,1.38699382,0.37672716,3
TNG50-1,40,1.5,233558,0.04597118,-0.03007304,0.89992947,0.61802964,4
TNG50-1,40,1.5,200427,0.08911469,-0.00350064,1.05189364,-0.64279878,0
TNG50-1,40,1.5,200427,-0.01068984,-0.01857089,0.6569658,1.29847772,1
TNG50-1,40,1.5,200427,-0.09002393,0.0541176,0.46573552,-1.2920287,2
TNG50-1,40,1.5,200427,0.09465244,-0.02709917,0.79734126,-0.29262101,3
TNG50-1,40,1.5,200427,0.03411963,0.05741282,1.29662228,1.39016926,4
TNG50-1,40,1.5,163071,0.02401206,-0.02435568,1.09899378,-0.71899154,0
TNG50-1,40,1.5,163071,0.02038642,-0.01559457,0.47730062,-0.01803344,1
TNG50-1,40,1.5,163071,-0.01602702,0.10103198,0.58511476,-0.95038816,2
TNG50-1,40,1.5,163071,0.03937414,-0.0867488,0.96524584,1.13375734,3
TNG50-1,40,1.5,163071,-0.00227791,0.02498941,0.64999138,1.01494685,4
TNG50-1,40,1.5,170919,0.01794782,-0.04707688,1.19667395,0.06589689,0
TNG50-1,40,1.5,170919,0.00230291,0.01006724,1.33178517,-0.22433196,1
TNG50-1,40,1.5,170919,0.06640783,0.02197581,0.96156886,-0.11183559,2
TNG50-1,40,1.5,170919,0.08411918,-0.09048085,0.47532864,-0.91333215,3
TNG50-1,40,1.5,170919,0.05667844,0.02346803,0.82241583,1.01453298,4
TNG50-1,40,1.5,234153,-0.04752681,-0.01736914,0.4661418,-0.71614116,0
TNG50-1,40,1.5,234153,-0.008997,-0.07144077,1.39777403,-0.12554594,1
TNG50-1,40,1.5,234153,0.02249077,-0.02112805,1.14615752,-1.00052466,2
TNG50-1,40,1.5,234153,-0.05041544,0.00593983,0.90255495,0.09307044,3
TNG50-1,40,1.5,234153,-0.0350042,-0.01997745,1.11451113,0.64935439,4
TNG50-1,40,1.5,204556,0.02543298,0.04978174,1.37285774,1.20033253,0
TNG50-1,40,1.5,204556,-0.08867073,-0.03450578,1.21057604,0.93467786,1
TNG50-1,40,1.5,204556,0.02269978,-0.07427696,0.71286837,1.16139747,2
TNG50-1,40,1.5,204556,0.06164319,0.00705845,0.55797122,0.62338169,3
TNG50-1,40,1.5,204556,-0.01107981,-0.08782384,1.33315457,0.547118,4
TNG50-1,40,1.5,152694,-0.01175753,-0.04157614,1.26165213,-1.48191343,0
TNG50-1,40,1.5,152694,0.12291218,-0.08881838,1.36290954,0.18433074,1
TNG50-1,40,1.5,152694,0.06960355,0.05097555,0.50042584,-0.68318833,2
TNG50-1,40,1.5,152694,-0.04264689,0.05800464,0.74987291,0.30387479,3
TNG50-1,40,1.5,152694,0.03237871,0.05230261,1.36706208,-0.20544704,4
TNG50-1,40,1.5,122852,0.03193797,-0.08084797,0.69744264,0.57756511,0
TNG50-1,40,1.5,122852,0.01657708,-0.02667598,1.21346862,0.4497741,1
TNG50-1,40,1.5,122852,0.03750741,0.04445637,1.00570091,0.47069673,2
TNG50-1,40,1.5,122852,0.04359877,-0.0271002,0.99454997,-0.72108951,3
TNG50-1,40,1.5,122852,-0.03472326,-0.03470217,0.57454095,-0.40303096,4
TNG50-1,40,1.5,236236,0.0277956,-0.03305345,1.075895,0.81064467,0
TNG50-1,40,1.5,236236,-0.02319002,0.02505427,1.07242481,1.38087084,1
TNG50-1,40,1.5,236236,0.02327484,0.05329888,1.0246736,0.50538234,2
TNG50-1,40,1.5,236236,-0.05054345,0.01923843,0.59126809,-0.21463021,3
TNG50-1,40,1.5,236236,0.07522534,0.0047235,1.12643986,0.77845437,4
TNG50-1,40,1.5,246755,-0.02864255,-0.0129807,1.37014173,-1.19856393,0
TNG50-1,40,1.5,246755,0.02801646,0.04849022,0.83198418,-0.88971743,1
TNG50-1,40,1.5,246755,-0.01287606,0.04371388,0.9994344,-0.70820847,2
TNG50-1,40,1.5,246755,0.02866812,-0.04909549,1.38331936,-0.31005529,3
TNG50-1,40,1.5,246755,-0.03217806,-0.04277632,1.18949788,0.09122995,4
TNG50-1,40,1.5,247397,0.00036035,0.04215872,1.29456131,1.52900749,0
TNG50-1,40,1.5,247397,-0.02676278,-0.07703672,1.27794362,-1.29295774,1
TNG50-1,40,1.5,247397,-0.07312287,0.01494591,0.26573895,1.49068852,2
TNG50-1,40,1.5,247397,0.03899348,0.03379894,0.8361384,-0.92987012,3
TNG50-1,40,1.5,247397,0.03764361,-0.0515601,0.84415553,0.38664053,4
TNG50-1,40,1.5,230781,0.02466339,0.00376998,0.88930643,-0.13745314,0
TNG50-1,40,1.5,230781,-0.00537669,-0.0083937,0.73683548,-1.08389603,1
TNG50-1,40,1.5,230781,0.0277165,0.05480321,1.27571134,-0.80387363,2
TNG50-1,40,1.5,230781,0.01153362,0.0290198,0.92471272,1.11335779,3
TNG50-1,40,1.5,230781,0.05981697,0.03659067,0.77334194,-1.46250251,4
TNG50-1,40,1.5,207043,-0.04109459,-0.04448952,0.74537275,0.52412222,0
TNG50-1,40,1.5,207043,0.07876883,-0.07343197,0.86136195,-0.08861959,1
TNG50-1,40,1.5,207043,-0.00305087,0.03164342,1.22582053,-0.56051007,2
TNG50-1,40,1.5,207043,0.00630826,-0.03917005,0.89417416,-1.30097684,3
TNG50-1,40,1.5,207043,-0.01698025,0.15297656,0.48559011,-0.80227752,4
TNG50-1,40,1.5,148467,0.00584901,0.01982043,0.49694584,0.0561672,0
TNG50-1,40,1.5,148467,-0.11214138,0.01527901,1.27198911,-0.51402397,1
TNG50-1,40,1.5,148467,-0.0661098,0.04468994,0.64489614,-1.07748618,2
TNG50-1,40,1.5,148467,-0.02685969,0.03761919,1.27675876,-1.53369698,3
TNG50-1,40,1.5,148467,-0.04156429,0.05704064,0.42776144,-0.79184788,4
TNG50-1,40,1.5,112197,-0.03191136,0.00393088,1.24667806,0.01798467,0
TNG50-1,40,1.5,112197,-0.03315869,-0.04314,0.98841787,1.00382673,1
TNG50-1,40,1.5,112197,-0.03311224,0.04042739,0.79932636,0.48350817,2
TNG50-1,40,1.5,112197,-0.06051994,-0.02802244,1.29344686,0.65973741,3
TNG50-1,40,1.5,112197,0.04894207,-0.07032503,0.39279967,0.67899538,4
TNG50-1,40,1.5,179803,-0.01472844,0.00568998,0.62686666,0.64747779,0
TNG50-1,40,1.5,179803,-0.12580476,0.00921834,1.34674236,0.37003543,1
TNG50-1,40,1.5,179803,-0.10640848,0.09754717,1.18570458,-1.5551356,2
TNG50-1,40,1.5,179803,-0.05090588,-0.06345448,1.20641257,-0.99176938,3
TNG50-1,40,1.5,179803,0.02656116,-0.00137167,0.25282189,0.42581553,4
TNG50-1,40,1.5,170096,-0.00153719,-0.00625222,0.80199439,-1.09433073,0
TNG50-1,40,1.5,170096,-0.02920147,-0.03050494,0.63656247,-0.89356097,1
TNG50-1,40,1.5,170096,0.0059562,0.1149832,0.83946745,-0.72288253,2
TNG50-1,40,1.5,170096,0.01589993,-0.00448654,0.96258604,0.30718286,3
TNG50-1,40,1.5,170096,-0.03921293,0.07726161,0.8364802,-0.18252316,4
TNG50-1,40,1.5,238569,-0.00499173,0.02434093,1.0056207,-0.71365683,0
TNG50-1,40,1.5,238569,0.02859296,0.00695559,0.81987653,-1.06129303,1
TNG50-1,40,1.5,238569,-0.06147537,-0.00479418,1.26697113,-0.52660276,2
TNG50-1,40,1.5,238569,0.01785643,-0.04174256,0.77355694,-0.53014043,3
TNG50-1,40,1.5,238569,0.05457918,-0.00359993,1.17104562,-0.14395088,4
TNG50-1,40,1.5,66107,0.06190802,-0.05668855,0.76811167,0.02272684,0
TNG50-1,40,1.5,66107,-0.03325309,0.06642394,1.36686759,1.37292312,1
TNG50-1,40,1.5,66107,0.04686885,-0.03282431,0.51085276,-0.76236813,2
TNG50-1,40,1.5,66107,-0.03920711,0.10066232,1.08671796,-0.02666215,3
TNG50-1,40,1.5,66107,0.09131047,0.02956604,1.39641172,-1.02486013,4
TNG50-1,40,1.5,223494,0.011756,0.03744069,0.80263741,1.3565228,0
TNG50-1,40,1.5,223494,0.06077412,-0.03333754,1.06520016,0.82155082,1
TNG50-1,40,1.5,223494,0.08079912,-0.00766155,0.90258801,1.32807404,2
TNG50-1,40,1.5,223494,0.03897647,-0.04120654,1.32204188,1.30903972,3
TNG50-1,40,1.5,223494,0.01436454,-0.06243713,1.27137378,0.46933075,4
TNG50-1,40,1.5,106424,0.03342088,-0.05624647,1.27803725,-0.53218405,0
TNG50-1,40,1.5,106424,-0.03348407,0.06328875,0.68274808,-0.70922857,1
TNG50-1,40,1.5,106424,0.0025916,0.05328426,1.09573613,0.97976898,2
TNG50-1,40,1.5,106424,-0.03118013,0.02687169,1.38930862,0.81658286,3
TNG50-1,40,1.5,106424,-0.02632533,0.0986098,1.16225424,0.61434482,4
TNG50-1,40,1.5,233114,0.01195746,-0.03041199,1.26292712,-0.55895026,0
TNG50-1,40,1.5,233114,0.01352427,-0.03882372,1.28976898,1.25114067,1
TNG50-1,40,1.5,233114,-0.04544988,0.13358817,0.33959479,0.19781324,2
TNG50-1,40,1.5,233114,0.02092495,-0.01317386,1.15847644,1.31682966,3
TNG50-1,40,1.5,233114,-0.00670136,-0.07284927,1.09536952,-0.62855445,4
TNG50-1,40,1.5,231752,-0.05941944,0.03884038,1.36924225,-1.43578599,0
TNG50-1,40,1.5,231752,0.05321047,-0.08806447,0.6071313,-1.32161494,1
TNG50-1,40,1.5,231752,0.03443059,0.04315438,1.31590565,0.61611771,2
TNG50-1,40,1.5,231752,0.04883327,0.00885599,1.13725831,-1.34530194,3
TNG50-1,40,1.5,231752,0.00196565,0.03135548,0.89190604,-0.0719963,4
TNG50-1,40,1.5,188913,-0.06810254,-0.00579018,0.73717056,-1.24011984,0
TNG50-1,40,1.5,188913,-0.07110259,0.05292764,0.58430501,0.51723241,1
TNG50-1,40,1.5,188913,-0.04109176,-0.06508899,0.97444804,-1.46520749,2
TNG50-1,40,1.5,188913,0.00431269,-0.01032229,0.92474198,-0.70486328,3
TNG50-1,40,1.5,188913,-0.05902972,0.05123784,1.12375532,-1.27476448,4
TNG50-1,40,1.5,202938,-0.02741728,0.05084885,0.97100401,-1.48760978,0
TNG50-1,40,1.5,202938,0.0020603,0.02331644,0.30858687,1.39018385,1
TNG50-1,40,1.5,202938,-0.00307578,-0.06584625,0.67189954,-0.56808172,2
TNG50-1,40,1.5,202938,0.03520741,0.06041314,0.96115919,-0.76673999,3
TNG50-1,40,1.5,202938,-0.05125896,0.11170465,0.9785995,1.56893941,4
TNG50-1,40,1.5,168294,-0.06749337,-0.07025822,1.08487806,0.06525279,0
TNG50-1,40,1.5,168294,0.04361743,0.04830648,1.0988785,-0.50221829,1
TNG50-1,40,1.5,168294,0.00929173,-0.01851853,0.93353068,1.01087988,2
TNG50-1,40,1.5,168294,0.05746884,0.01710017,0.48346888,-1.07567657,3
TNG50-1,40,1.5,168294,-0.00223665,-0.03237297,1.15185871,-1.24560923,4
TNG50-1,40,1.5,244922,-0.00194646,-0.00887387,0.96262894,0.52452711,0
TNG50-1,40,1.5,244922,-0.01565211,-0.01885964,1.094355,-0.57156834,1
TNG50-1,40,1.5,244922,-0.04092488,-0.09584079,0.89680636,-0.48313154,2
TNG50-1,40,1.5,244922,0.05407252,-0.05659932,0.97724513,0.26749977,3
TNG50-1,40,1.5,244922,-0.01631218,0.04805467,0.76819183,0.30295153,4
TNG50-1,40,1.5,113444,0.03520075,-0.00870873,0.69226621,0.46484065,0
TNG50-1,40,1.5,113444,-0.0504483,0.00691117,0.40048272,-1.35456862,1
TNG50-1,40,1.5,113444,-0.02219508,0.05437273,1.3381559,1.05062006,2
TNG50-1,40,1.5,113444,-0.02530846,0.04315754,1.30858613,0.07358819,3
TNG50-1,40,1.5,113444,0.0323807,-0.00808605,0.75171146,1.27924828,4
TNG50-1,40,1.5,193025,0.00320684,-0.09427865,1.14548758,1.10044865,0
TNG50-1,40,1.5,193025,-0.03369258,-0.01987417,1.20469763,1.13338514,1
TNG50-1,40,1.5,193025,-0.01306322,0.00281028,0.83354664,-0.49552632,2
TNG50-1,40,1.5,193025,0.00094956,-0.0140685,0.6311616,0.49952601,3
TNG50-1,40,1.5,193025,-0.00173396,-0.01234119,1.3526828,-0.30595018,4
TNG50-1,40,1.5,225428,0.00887956,0.04128355,0.89541475,-0.74130999,0
TNG50-1,40,1.5,225428,0.02696523,-0.04028591,1.11929582,-0.98062129,1
TNG50-1,40,1.5,225428,-0.04585245,-0.01725784,1.1250919,-1.44377567,2
TNG50-1,40,1.5,225428,0.00324715,-0.13519088,1.39417245,-0.42612067,3
TNG50-1,40,1.5,225428,0.02101614,-0.0310731,0.85928342,1.19056583,4
TNG50-1,40,1.5,251469,-0.01415817,-0.0738604,0.6373174,-0.15348017,0
TNG50-1,40,1.5,251469,0.01515509,-0.02919435,0.37777339,0.90967393,1
TNG50-1,40,1.5,251469,0.00623486,-0.00041399,0.4489059,-1.54969807,2
TNG50-1,40,1.5,251469,-0.01275821,-0.0304124,1.38316941,-0.66539152,3
TNG50-1,40,1.5,251469,-0.07681362,0.0312606,0.62418076,0.78955693,4
TNG50-1,40,1.5,266628,-0.02503091,-0.03978394,1.02370908,-0.18174567,0
TNG50-1,40,1.5,266628,-0.07746286,-0.05235459,0.57408708,0.64478066,1
TNG50-1,40,1.5,266628,-0.02554173,0.02918933,0.43614044,1.06287491,2
TNG50-1,40,1.5,266628,-0.05368512,0.03005459,0.38957874,0.19786455,3
TNG50-1,40,1.5,266628,-0.08633033,-0.04519396,0.89296765,0.62825891,4
TNG50-1,40,1.5,248052,-0.09479926,0.05477612,0.94392115,1.48706875,0
TNG50-1,40,1.5,248052,0.0710538,0.02752168,0.72875508,0.98077554,1
TNG50-1,40,1.5,248052,0.04682002,-0.06545475,0.95427191,1.13327728,2
TNG50-1,40,1.5,248052,-0.077265,0.03053711,0.44477563,-0.05369663,3
TNG50-1,40,1.5,248052,-0.01516008,-0.10687503,1.2457141,1.05934991,4
TNG50-1,40,1.5,174639,0.02238575,-0.03128121,1.29189425,-1.12093051,0
TNG50-1,40,1.5,174639,0.02729394,0.05378615,0.95697382,-0.7964696,1
TNG50-1,40,1.5,174639,-0.05183114,0.01783781,1.21511603,-0.94575538,2
TNG50-1,40,1.5,174639,0.0255354,-0.01522389,0.38217319,-0.86149245,3
TNG50-1,40,1.5,174639,-0.06969176,0.02232305,1.39670822,0.49023801,4
TNG50-1,40,1.5,239903,-0.06617942,0.06534998,1.1649693,1.21002486,0
TNG50-1,40,1.5,239903,-0.07701772,0.01759654,1.00598868,0.54173489,1
TNG50-1,40,1.5,239903,-0.0056082,0.02356252,0.56082653,0.44839867,2
TNG50-1,40,1.5,239903,0.07805933,-0.06678603,0.77920431,-0.97462214,3
TNG50-1,40,1.5,239903,-0.00933791,0.04687615,0.89675103,-1.23656642,4
TNG50-1,40,1.5,212189,-0.05951717,0.01816315,0.47132479,-1.16682361,0
TNG50-1,40,1.5,212189,0.02453035,-0.00362062,0.76643204,-0.37699616,1
TNG50-1,40,1.5,212189,0.04254305,-0.03041837,1.19740558,0.2382006,2
TNG50-1,40,1.5,212189,0.0362854,-0.09489678,1.03554708,-0.44003448,3
TNG50-1,40,1.5,212189,0.03924771,0.01698209,1.2227338,0.34816559,4
TNG50-1,40,1.5,147367,0.07340409,-0.028972,1.34975536,0.73574551,0
TNG50-1,40,1.5,147367,0.03932584,-0.02317223,1.27239384,1.15484275,1
TNG50-1,40,1.5,147367,-0.0019455,-0.09263639,1.11705173,0.81170045,2
TNG50-1,40,1.5,147367,0.03225563,0.04308792,0.77730079,1.54644021,3
TNG50-1,40,1.5,147367,-0.03827477,0.05957968,1.01734172,0.79909886,4
TNG50-1,40,1.5,218213,-0.0463039,-0.03263981,0.58442885,0.80713641,0
TNG50-1,40,1.5,218213,0.06134704,-0.00636267,0.61369821,1.37060931,1
TNG50-1,40,1.5,218213,0.03154001,-0.00857249,0.32014267,1.27832165,2
TNG50-1,40,1.5,218213,0.03634364,-0.06453733,1.19004547,0.23098831,3
TNG50-1,40,1.5,218213,0.05953003,-0.01317951,0.73051704,0.24866707,4
TNG50-1,40,1.5,242783,-0.01965265,0.04266163,1.32535231,-0.94162696,0
TNG50-1,40,1.5,242783,0.06837008,0.03595465,0.72148727,-1.30420566,1
TNG50-1,40,1.5,242783,0.00258259,0.03116455,1.18895418,0.03622613,2
TNG50-1,40,1.5,242783,0.0714766,0.01739672,0.49507299,-0.15476243,3
TNG50-1,40,1.5,242783,0.01283472,-0.01164254,1.13652324,0.78952039,4
TNG50-1,40,1.5,89367,-0.05502827,0.02835854,1.35176049,0.41043817,0
TNG50-1,40,1.5,89367,-0.08671929,-0.09662945,0.62669569,1.38189892,1
TNG50-1,40,1.5,89367,0.00684367,-0.06805085,0.94568695,1.44909265,2
TNG50-1,40,1.5,89367,0.02439417,0.09867607,1.11189897,0.56763482,3
TNG50-1,40,1.5,89367,0.0263349,-0.05236044,0.78654815,0.99844818,4
TNG50-1,40,1.5,224515,0.02137405,-0.09693763,0.93338586,0.62248975,0
TNG50-1,40,1.5,224515,0.13132425,-0.06611432,0.3985503,-0.87474977,1
TNG50-1,40,1.5,224515,0.0675085,0.06413964,0.32438888,-0.55049931,2
TNG50-1,40,1.5,224515,0.03591739,-0.0394878,1.29369928,-1.4976253,3
TNG50-1,40,1.5,224515,-0.00428036,-0.0349626,1.10101056,-1.08849374,4
TNG50-1,40,1.5,176577,0.0115505,-0.00889129,1.28444858,-1.45762074,0
TNG50-1,40,1.5,176577,0.01176449,-0.0387386,0.434438,-0.00913996,1
TNG50-1,40,1.5,176577,-0.05626118,0.07155496,0.92669908,-0.74283064,2
TNG50-1,40,1.5,176577,-0.0483745,0.01409043,0.87006872,-0.49420966,3
TNG50-1,40,1.5,176577,0.10717234,0.02890775,0.94806917,0.46841649,4
TNG50-1,40,1.5,150534,-0.02068026,-0.11698741,0.2146974,-0.82399459,0
TNG50-1,40,1.5,150534,-0.01310521,-0.05281732,0.2707966,-1.52641638,1
TNG50-1,40,1.5,150534,-0.03629291,0.03137469,1.03245901,-1.27161112,2
TNG50-1,40,1.5,150534,-0.06077514,-0.07992493,1.33324207,-0.14705187,3
TNG50-1,40,1.5,150534,-0.07067587,-0.06840614,1.12398311,-0.50371523,4
TNG50-1,40,1.5,267973,-0.0710881,0.01756548,0.44349363,-1.18117659,0
TNG50-1,40,1.5,267973,-0.07171111,0.0549592,0.94736005,-0.33701305,1
TNG50-1,40,1.5,267973,-0.03777704,0.01982434,1.09550095,-0.58645552,2
TNG50-1,40,1.5,267973,-0.05281327,0.01043248,0.8110541,1.08961044,3
TNG50-1,40,1.5,267973,0.03776259,0.05998649,0.91171046,-0.38062733,4
TNG50-1,50,1.0,70415,0.06539578,0.11919305,0.35038674,1.0984805,0
TNG50-1,50,1.0,70415,-0.09850075,-0.00330963,0.77851947,-0.65019132,1
TNG50-1,50,1.0,70415,-0.00277267,-0.02038654,0.91065787,1.42446172,2
TNG50-1,50,1.0,70415,-0.00200475,0.00129811,1.00820967,-0.3295048,3
TNG50-1,50,1.0,70415,-0.03634972,-0.10014069,0.57187624,0.94272306,4
TNG50-1,50,1.0,79612,-0.04973866,0.01097013,1.06074613,-0.29343059,0
TNG50-1,50,1.0,79612,-0.05222082,0.01172978,0.80349165,0.46875398,1
TNG50-1,50,1.0,79612,-0.03090272,0.08503964,1.0356902,0.23242824,2
TNG50-1,50,1.0,79612,-0.05173605,-0.03341692,1.25393269,-1.07995,3
TNG50-1,50,1.0,79612,-0.07818526,0.01480503,1.37604961,-0.15490111,4
TNG50-1,50,1.0,126646,-0.05619859,-0.05170556,1.31631068,-0.55541068,0
TNG50-1,50,1.0,126646,0.0219962,-0.01524611,0.66073451,0.28612877,1
TNG50-1,50,1.0,126646,0.05983139,-0.03451648,0.56020474,0.38263403,2
TNG50-1,50,1.0,126646,-0.04540312,0.03009478,1.24399587,0.58670486,3
TNG50-1,50,1.0,126646,0.01417207,-0.03393941,1.21578705,1.27295059,4
TNG50-1,50,1.0,1,-0.01590137,0.01282295,1.12573502,-0.7292403,0
TNG50-1,50,1.0,1,0.02348484,0.03434768,0.57255514,0.28119243,1
TNG50-1,50,1.0,1,-0.04190096,0.08614149,0.65277702,1.14725766,2
TNG50-1,50,1.0,1,0.05831442,0.00854777,0.95785902,-0.57181854,3
TNG50-1,50,1.0,1,0.01808003,-0.00565202,0.65670531,-0.05167925,4
TNG50-1,50,1.0,25240,0.00907157,-0.11076401,0.31981233,0.17454207,0
TNG50-1,50,1.0,25240,0.02076398,-0.0109797,0.73388625,0.35110551,1
TNG50-1,50,1.0,25240,-0.04120532,-0.00786589,0.21694918,1.52635285,2
TNG50-1,50,1.0,25240,-0.00373813,-0.00801465,1.14944369,0.48376506,3
TNG50-1,50,1.0,25240,-0.00469994,0.07079571,0.62804327,1.25292022,4
TNG50-1,50,1.0,114772,0.05130948,0.03773218,1.33316591,0.06013255,0
TNG50-1,50,1.0,114772,-0.00098789,0.11382693,0.71328188,-1.20172301,1
TNG50-1,50,1.0,114772,-0.0409135,0.00308052,0.90532175,1.20828796,2
TNG50-1,50,1.0,114772,-0.08581243,-0.03826778,0.56025972,-1.02100202,3
TNG50-1,50,1.0,114772,-0.02206572,-0.05924826,1.162954,-1.24921583,4
TNG50-1,50,1.0,133837,-0.01758397,0.00149169,0.7429946,-0.9879549,0
TNG50-1,50,1.0,133837,0.03878762,0.02793855,1.09401282,0.56230004,1
TNG50-1,50,1.0,133837,-0.12093071,0.02792576,1.00748536,-1.34721288,2
TNG50-1,50,1.0,133837,0.06382354,-0.03213918,1.30580466,1.49506695,3
TNG50-1,50,1.0,133837,0.07343819,0.02735612,0.88957875,0.5797086,4
TNG50-1,50,1.0,118813,-0.01903124,-0.00580996,1.10894065,-1.34884056,0
TNG50-1,50,1.0,118813,0.0710014,-0.08666505,1.27516208,-1.47503773,1
TNG50-1,50,1.0,118813,-0.09205181,-0.0197959,1.24373971,-0.10942753,2
TNG50-1,50,1.0,118813,0.00471601,0.0727259,0.92737946,1.43315503,3
TNG50-1,50,1.0,118813,0.09972142,0.01880348,0.54436112,-0.69426118,4
TNG50-1,50,1.0,2,-0.06727355,-0.00470605,0.20699108,-1.4386407,0
TNG50-1,50,1.0,2,-0.01127835,0.02518251,0.9792927,-0.29924172,1
TNG50-1,50,1.0,2,0.01520752,0.05307594,0.60297,1.12072135,2
TNG50-1,50,1.0,2,-0.0568797,0.03035267,0.51830452,-0.66255158,3
TNG50-1,50,1.0,2,-0.05121312,0.00368283,1.22240494,0.62835043,4
TNG50-1,50,1.0,110862,-0.09945838,0.00044227,0.93787025,0.37597752,0
TNG50-1,50,1.0,110862,0.02703048,0.04438531,0.61554568,1.36582987,1
TNG50-1,50,1.0,110862,0.10600404,0.0561064,1.18159386,0.90433871,2
TNG50-1,50,1.0,110862,0.06947801,-0.01717679,0.58441157,1.11097458,3
TNG50-1,50,1.0,110862,-0.01286589,0.00170889,1.39748304,-0.32372637,4
TNG50-1,50,1.0,153494,0.01459064,-0.02388011,1.26175407,1.24496636,0
TNG50-1,50,1.0,153494,0.05595435,-0.03996682,0.86536646,-1.4884572,1
TNG50-1,50,1.0,153494,-0.02333946,0.01713236,1.25829631,0.06910683,2
TNG50-1,50,1.0,153494,0.04338878,0.05789845,0.71338515,-0.56515755,3
TNG50-1,50,1.0,153494,-0.03355744,-0.00920565,1.23647064,-0.86369757,4
TNG50-1,50,1.0,101009,0.07042244,0.08461576,0.79640342,-1.0775307,0
TNG50-1,50,1.0,101009,-0.1269604,-0.03570655,1.09159851,0.87431339,1
TNG50-1,50,1.0,101009,0.03989296,-0.03400346,1.01728225,0.93621929,2
TNG50-1,50,1.0,101009,-0.02318725,-0.00651971,1.24922032,0.77471978,3
TNG50-1,50,1.0,101009,-0.02051704,0.02069237,0.67161103,-1.50977784,4
TNG50-1,50,1.0,186226,-0.01249361,-0.02801636,0.78837441,-1.42960874,0
TNG50-1,50,1.0,186226,-0.10193053,0.01792298,0.93018792,1.01945488,1
TNG50-1,50,1.0,186226,0.05608921,-0.04468782,1.1143491,-0.24846322,2
TNG50-1,50,1.0,186226,-0.00405536,-0.11275878,1.27588606,-0.2678075,3
TNG50-1,50,1.0,186226,-0.02424002,0.02035649,0.87223518,-0.54295876,4
TNG50-1,50,1.0,189955,-0.06621911,0.03611371,1.31106739,1.11901979,0
TNG50-1,50,1.0,189955,0.09723811,-0.01902164,1.17036182,0.84998712,1
TNG50-1,50,1.0,189955,0.015627,-0.01416716,1.0931871,-1.51157234,2
TNG50-1,50,1.0,189955,0.02374082,0.0305501,0.97889648,-0.14130331,3
TNG50-1,50,1.0,189955,-0.03460075,-0.08144988,0.96418927,0.3709399,4
TNG50-1,50,1.0,158267,-0.06332981,-0.00411628,1.29863756,0.8268266,0
TNG50-1,50,1.0,158267,-0.0024242,0.06350215,1.30515149,-0.80027096,1
TNG50-1,50,1.0,158267,-0.02327934,-0.02666261,1.14476962,-1.30446862,2
TNG50-1,50,1.0,158267,-0.03428035,0.01223881,1.02477154,-0.27080588,3
TNG50-1,50,1.0,158267,0.07735447,-0.0027738,1.14635028,0.85884636,4
TNG50-1,50,1.0,179342,0.06790921,-0.05019441,0.97639343,-1.12647683,0
TNG50-1,50,1.0,179342,0.05781706,0.03637668,0.95504032,-0.42064147,1
TNG50-1,50,1.0,179342,0.03826713,0.0085326,1.32542074,-1.41790301,2
TNG50-1,50,1.0,179342,-0.07108637,-0.06952562,0.78176763,-1.47770501,3
TNG50-1,50,1.0,179342,-0.03478396,-0.00943721,0.51303327,1.53830754,4
TNG50-1,50,1.0,151037,-0.06988319,-0.05101316,0.77074675,-1.49387933,0
TNG50-1,50,1.0,151037,-0.04812363,0.00506535,1.18877474,0.64005747,1
TNG50-1,50,1.0,151037,0.01665713,-0.05388682,0.68505261,1.53983786,2
TNG50-1,50,1.0,151037,-0.10791248,0.02121241,0.65418962,-0.80856625,3
TNG50-1,50,1.0,151037,-0.00185804,0.00096637,0.7127507,-0.70925044,4
TNG50-1,50,1.0,138975,-0.02878793,-0.03084898,1.08716051,-0.03383788,0
TNG50-1,50,1.0,138975,0.01060569,0.0493087,0.5404579,-1.33413807,1
TNG50-1,50,1.0,138975,0.01908453,0.02692489,1.24041185,0.5589006,2
TNG50-1,50,1.0,138975,-0.00266874,-0.0006015,0.58200557,0.9129515,3
TNG50-1,50,1.0,138975,0.0543163,-0.01574683,1.3345848,1.09911304,4
TNG50-1,50,1.0,171738,-0.05532912,-0.04833968,0.48528144,1.30826363,0
TNG50-1,50,1.0,171738,0.03452787,0.0282355,1.31093746,-0.14209646,1
TNG50-1,50,1.0,171738,0.05289174,0.00105993,0.88252234,-1.30978409,2
TNG50-1,50,1.0,171738,0.01361667,-0.13470013,1.2702108,0.2489844,3
TNG50-1,50,1.0,171738,-0.09263989,0.06214152,0.75859954,-0.28740336,4
TNG50-1,50,1.0,162738,-0.01463521,0.05902636,1.009934,-0.51331414,0
TNG50-1,50,1.0,162738,0.03785592,0.09452295,0.91485541,0.95591386,1
TNG50-1,50,1.0,162738,0.04343513,0.03713025,1.17392665,-0.7562291,2
TNG50-1,50,1.0,162738,-0.01798308,0.00220694,0.84181673,0.33042282,3
TNG50-1,50,1.0,162738,0.01651537,-0.00270376,1.34200163,-0.28264999,4
TNG50-1,50,1.0,174075,-0.05888949,-0.02359298,0.95652511,-0.71474817,0
TNG50-1,50,1.0,174075,0.01566183,-0.03027247,0.95444727,0.49893759,1
TNG50-1,50,1.0,174075,-0.05997009,0.07597623,0.41067907,0.21879651,2
TNG50-1,50,1.0,174075,-0.15718332,-0.03067713,0.95090094,-0.89741028,3
TNG50-1,50,1.0,174075,-0.05219559,0.04404617,1.01793965,0.65789008,4
TNG50-1,50,1.0,130254,-0.02240314,-0.03105059,1.13737717,1.15616043,0
TNG50-1,50,1.0,130254,0.00727465,-0.04724669,0.20937166,-0.56894708,1
TNG50-1,50,1.0,130254,-0.00419113,-0.08113837,0.42202122,0.78412973,2
TNG50-1,50,1.0,130254,-0.04337955,-0.01793037,0.87091572,-1.1409266,3
TNG50-1,50,1.0,130254,0.00352481,0.02834853,0.3068477,0.5797854,4
TNG50-1,50,1.0,169401,0.02791093,0.03994565,1.01941927,0.72156726,0
TNG50-1,50,1.0,169401,0.00757585,-0.04697814,1.22488233,-0.28713916,1
TNG50-1,50,1.0,169401,0.01377363,-0.05476968,1.36199819,0.29751722,2
TNG50-1,50,1.0,169401,0.0660455,0.0807057,0.99471287,-0.20028746,3
TNG50-1,50,1.0,169401,0.01910288,0.00504508,0.59165961,0.24823643,4
TNG50-1,50,1.0,133838,0.01326588,-0.00469459,0.7245083,-0.30734484,0
TNG50-1,50,1.0,133838,-0.03715602,0.05395619,1.16749227,-1.00868753,1
TNG50-1,50,1.0,133838,-0.00605142,0.00039947,0.78327677,-0.27021663,2
TNG50-1,50,1.0,133838,0.01805006,0.03964236,0.73727494,0.90105995,3
TNG50-1,50,1.0,133838,0.03580979,-0.02449261,1.04356168,1.28482659,4
TNG50-1,50,1.0,156083,0.05547121,-0.01790047,0.49073427,-0.62372657,0
TNG50-1,50,1.0,156083,-0.04414328,0.01436904,1.03066972,-1.13757201,1
TNG50-1,50,1.0,156083,-0.02917617,0.00773961,1.16724252,0.48982287,2
TNG50-1,50,1.0,156083,0.08182126,-0.13728069,1.02679873,-1.14164094,3
TNG50-1,50,1.0,156083,0.0434291,-0.0453237,1.05890442,0.86527144,4
TNG50-1,50,1.0,219145,0.09193065,-0.04250121,0.95933066,0.2267077,0
TNG50-1,50,1.0,219145,-0.0170253,-0.06529912,1.15526638,1.1920291,1
TNG50-1,50,1.0,219145,0.03269739,-0.00357227,1.24960934,-1.18849501,2
TNG50-1,50,1.0,219145,-0.01185119,0.00157828,0.49167226,0.573307,3
TNG50-1,50,1.0,219145,0.03575029,-0.01741922,0.72985217,-0.88997452,4
TNG50-1,50,1.0,222506,-0.1555244,0.01751062,1.16651095,-0.04724877,0
TNG50-1,50,1.0,222506,0.03665268,0.04230867,0.48927559,0.68067434,1
TNG50-1,50,1.0,222506,-0.00481067,-0.02237318,0.98331807,-0.67012677,2
TNG50-1,50,1.0,222506,0.0570633,-0.02130428,1.10794943,0.80964033,3
TNG50-1,50,1.0,222506,-0.0440359,0.00126314,1.21851557,0.40774032,4
TNG50-1,50,1.0,193153,-0.01933418,0.09404382,0.8603779,0.88934817,0
TNG50-1,50,1.0,193153,-0.00087169,-0.00736442,0.25777506,0.48881339,1
TNG50-1,50,1.0,193153,-0.00198811,0.02903113,0.92662152,0.60045893,2
TNG50-1,50,1.0,193153,0.00874097,-0.06890507,0.61184283,-0.85510649,3
TNG50-1,50,1.0,193153,-0.11787437,-0.02355001,0.86041499,0.75970281,4
TNG50-1,50,1.0,197030,-0.09736526,-0.10073572,0.97161594,-0.57098272,0
TNG50-1,50,1.0,197030,-0.05437511,-0.05089944,1.19459969,-1.47291746,1
TNG50-1,50,1.0,197030,-0.04058,0.06002102,1.20159197,0.38086526,2
TNG50-1,50,1.0,197030,-0.08072406,0.0201794,1.39239999,0.39789899,3
TNG50-1,50,1.0,197030,-0.03670739,0.00937338,1.08142834,-1.34837008,4
TNG50-1,50,1.0,165282,-0.01005949,-0.07329457,1.13547955,-0.97500465,0
TNG50-1,50,1.0,165282,0.10185639,-0.03218737,1.26601188,1.3175743,1
TNG50-1,50,1.0,165282,-0.08810001,-0.02645192,1.13863918,-1.24689979,2
TNG50-1,50,1.0,165282,-0.01173384,-0.01116449,1.11567356,-1.54918842,3
TNG50-1,50,1.0,165282,0.06058745,-0.07979786,0.81914547,1.11509301,4
TNG50-1,50,1.0,203704,0.00901677,0.04684845,0.6580256,0.47368882,0
TNG50-1,50,1.0,203704,-0.0675898,0.02891991,1.26090096,0.63423013,1
TNG50-1,50,1.0,203704,-0.05995052,0.02614977,1.3638251,-0.30523922,2
TNG50-1,50,1.0,203704,-0.05205616,-0.05494623,1.01681574,-0.83269313,3
TNG50-1,50,1.0,203704,-0.02221547,-0.02706572,0.64847858,0.09983618,4
TNG50-1,50,1.0,176324,-0.0733621,0.0307322,0.49041717,-0.55887048,0
TNG50-1,50,1.0,176324,-0.05510685,0.06275792,0.82311803,0.2890356,1
TNG50-1,50,1.0,176324,-0.04167979,0.01540875,0.81703412,-1.49058569,2
TNG50-1,50,1.0,176324,-0.04274175,-0.02228398,0.8453377,-1.54737126,3
TNG50-1,50,1.0,176324,-0.00451449,-0.10411206,1.0212897,1.10471538,4
TNG50-1,50,1.0,248389,0.02502323,-0.08645356,1.13056684,1.03871994,0
TNG50-1,50,1.0,248389,0.01784544,-0.00256714,1.05601254,-1.07091318,1
TNG50-1,50,1.0,248389,-0.05441539,0.01406032,1.19278043,1.50873299,2
TNG50-1,50,1.0,248389,0.05984084,0.04863962,0.20447057,-0.86229349,3
TNG50-1,50,1.0,248389,0.00511552,-0.01687382,1.20680341,-0.24602266,4
TNG50-1,50,1.0,227888,-0.04556557,0.01283919,1.14322862,-0.4477141,0
TNG50-1,50,1.0,227888,0.08657144,-0.08355295,1.27932478,-0.70294348,1
TNG50-1,50,1.0,227888,0.02681507,0.03498366,0.41076634,0.00998137,2
TNG50-1,50,1.0,227888,-0.01929194,-0.04767854,0.94528575,-0.64615343,3
TNG50-1,50,1.0,227888,-0.0334135,0.01853041,0.82966217,-0.49120081,4
TNG50-1,50,1.0,198351,-0.07067543,0.00740894,1.38122531,-0.6657598,0
TNG50-1,50,1.0,198351,0.04945323,0.02808309,0.83968834,0.03138115,1
TNG50-1,50,1.0,198351,-0.13694057,0.05633824,0.57594321,1.05771524,2
TNG50-1,50,1.0,198351,-0.02231826,-0.03562024,1.00634873,-1.0312179,3
TNG50-1,50,1.0,198351,-0.03100992,0.02932912,1.26254223,0.35232923,4
TNG50-1,50,1.0,230938,-0.00329144,-0.01716279,1.02435891,-0.89906678,0
TNG50-1,50,1.0,230938,-0.02819373,0.03903405,0.90332274,1.3090862,1
TNG50-1,50,1.0,230938,-0.0338649,0.00248703,0.90512672,1.4972202,2
TNG50-1,50,1.0,230938,0.02143739,-0.04463661,1.36547766,-0.62942784,3
TNG50-1,50,1.0,230938,0.05387393,-0.0128976,1.01691634,-1.02043517,4
TNG50-1,50,1.0,87125,-0.06354764,-0.04669702,0.39526609,1.23869627,0
TNG50-1,50,1.0,87125,-0.07057686,-0.02552204,1.11714055,-0.70119315,1
TNG50-1,50,1.0,87125,0.08372158,-0.05952862,0.56169198,0.49773329,2
TNG50-1,50,1.0,87125,0.01757854,0.04417061,0.46070773,-1.29445006,3
TNG50-1,50,1.0,87125,-0.02096203,-0.03883756,0.97457888,-0.08188808,4
TNG50-1,50,1.0,87127,0.02096003,-0.00089243,0.77290412,1.24067112,0
TNG50-1,50,1.0,87127,0.00741115,-0.0136381,1.35518123,0.22773272,1
TNG50-1,50,1.0,87127,0.0547577,-0.01949028,0.51223486,0.34060125,2
TNG50-1,50,1.0,87127,-0.03653562,0.00364341,1.38134596,0.57054731,3
TNG50-1,50,1.0,87127,0.00155892,0.00172037,0.92766424,-1.18623759,4
TNG50-1,50,1.0,240072,-0.02390825,0.00195225,0.99804518,-1.34158151,0
TNG50-1,50,1.0,240072,-0.00244218,0.02077094,1.25793237,-1.34089241,1
TNG50-1,50,1.0,240072,0.0956893,0.00349793,1.38376639,-0.15334602,2
TNG50-1,50,1.0,240072,-0.01386691,0.04239258,1.35700725,-0.80079108,3
TNG50-1,50,1.0,240072,0.06194249,-0.03427658,0.394299,1.45359561,4
TNG50-1,50,1.0,255891,-0.00939975,0.02927431,1.17922133,-1.24740377,0
TNG50-1,50,1.0,255891,-0.0117483,0.04016571,0.99651734,1.01118588,1
TNG50-1,50,1.0,255891,0.00052876,-0.0099927,0.79677916,-0.06501626,2
TNG50-1,50,1.0,255891,0.03976777,-0.03538989,0.94884327,-1.37558032,3
TNG50-1,50,1.0,255891,0.08232465,0.03269931,1.23113585,-0.75988372,4
TNG50-1,50,1.0,212082,-0.01969509,-0.02185137,0.87396211,0.52206563,0
TNG50-1,50,1.0,212082,-0.06679587,0.02687149,1.14672358,-0.93059953,1
TNG50-1,50,1.0,212082,0.01898761,-0.03569975,1.34262006,1.29815653,2
TNG50-1,50,1.0,212082,0.03701115,-0.0391367,0.71361466,0.79531937,3
TNG50-1,50,1.0,212082,-0.02747135,0.05982492,0.68167407,0.49560611,4
TNG50-1,50,1.0,213279,0.01835722,0.10224116,0.45284215,1.03114933,0
TNG50-1,50,1.0,213279,-0.0155874,-0.03130402,0.48107371,-0.57900525,1
TNG50-1,50,1.0,213279,0.04339381,-0.01193419,0.34508686,-1.11420444,2
TNG50-1,50,1.0,213279,-0.07932283,-0.04412905,1.02795731,1.56145437,3
TNG50-1,50,1.0,213279,-0.02707879,0.01679228,0.63489422,-1.4758599,4
TNG50-1,50,1.0,130255,0.05272668,0.08547673,1.24186484,-0.13970378,0
TNG50-1,50,1.0,130255,0.01624388,0.07391646,1.19956854,1.35145639,1
TNG50-1,50,1.0,130255,-0.04379622,0.03925962,0.64163438,0.19439495,2
TNG50-1,50,1.0,130255,-0.00485296,-0.06278301,1.32880659,-0.35287045,3
TNG50-1,50,1.0,130255,0.07131635,0.02435809,1.24031063,1.50284438,4
TNG50-1,50,1.0,5,-0.10016846,-0.03096587,1.27795027,-0.85920805,0
TNG50-1,50,1.0,5,0.03703214,0.02951555,0.90491751,0.99938121,1
TNG50-1,50,1.0,5,-0.03765622,-0.03305784,0.70623057,-0.72995303,2
TNG50-1,50,1.0,5,0.04362493,-0.09229394,1.09586944,0.86300365,3
TNG50-1,50,1.0,5,0.05541738,0.00616547,1.26363839,-0.5303027,4
TNG50-1,50,1.0,187650,-0.0382794,0.01694693,1.39499124,1.3440934,0
TNG50-1,50,1.0,187650,0.04636253,0.1213736,0.38880632,0.31730259,1
TNG50-1,50,1.0,187650,0.08853989,0.00512114,0.80476191,-0.44827705,2
TNG50-1,50,1.0,187650,0.02401539,0.07309204,0.34791016,-0.17934076,3
TNG50-1,50,1.0,187650,-0.04487104,-0.03701647,0.58785178,0.49647315,4
TNG50-1,50,1.0,265881,-0.04071438,0.01518713,0.69290284,0.05774451,0
TNG50-1,50,1.0,265881,0.02632786,0.08437851,1.35442555,-1.26723839,1
TNG50-1,50,1.0,265881,0.02793989,0.05512333,0.59889206,0.41648477,2
TNG50-1,50,1.0,265881,0.01938129,-0.05300769,0.61819344,-1.37309586,3
TNG50-1,50,1.0,265881,0.01994898,0.03978605,1.28230119,1.39637779,4
TNG50-1,50,1.0,239390,0.07170091,0.0495718,0.48222949,0.77247102,0
TNG50-1,50,1.0,239390,0.02521038,-0.04134829,0.42931823,-0.58869969,1
TNG50-1,50,1.0,239390,-0.00149155,-0.00024142,0.48798383,0.51282739,2
TNG50-1,50,1.0,239390,-0.02824017,0.04340332,1.28079221,-0.82579005,3
TNG50-1,50,1.0,239390,0.01480848,-0.09680006,1.04278901,-0.55474476,4
TNG50-1,50,1.0,191612,0.09073377,-0.00328153,0.49761732,0.287417,0
TNG50-1,50,1.0,191612,0.00026615,-0.03120207,1.08869335,-1.25304555,1
TNG50-1,50,1.0,191612,0.08909481,0.00378958,1.25932132,0.11682689,2
TNG50-1,50,1.0,191612,0.03751006,0.04486807,1.05408076,-0.10026273,3
TNG50-1,50,1.0,191612,0.01535542,-0.00065557,0.63228633,-0.54314287,4
TNG50-1,50,1.0,204984,0.00024783,-0.05426176,1.15388887,-0.66645307,0
TNG50-1,50,1.0,204984,0.01181354,0.0252748,0.29417936,-1.36863804,1
TNG50-1,50,1.0,204984,0.05778755,0.03886083,0.83175402,-0.47051571,2
TNG50-1,50,1.0,204984,-0.07926273,0.06435851,0.77634373,-1.01756994,3
TNG50-1,50,1.0,204984,0.00153763,-0.02675147,1.00226558,0.50921531,4
TNG50-1,50,1.0,242495,-0.03712348,0.00855569,1.33275501,0.28517414,0
TNG50-1,50,1.0,242495,0.00370831,0.02128573,1.02155554,-0.43862332,1
TNG50-1,50,1.0,242495,-0.04726913,0.02011827,1.24718264,-0.66368961,2
TNG50-1,50,1.0,242495,-0.0256726,0.00061806,0.48302553,-0.93330503,3
TNG50-1,50,1.0,242495,-0.06126653,-0.07705365,1.01174635,1.29393274,4
TNG50-1,50,1.0,262167,0.0424433,-0.01138388,0.46797119,-0.43453041,0
TNG50-1,50,1.0,262167,-0.00801883,-0.00187265,0.7921169,0.15437968,1
TNG50-1,50,1.0,262167,-0.07049767,-0.03595427,0.56572627,0.04992117,2
TNG50-1,50,1.0,262167,0.02276014,0.03050653,0.83883237,1.26854592,3
TNG50-1,50,1.0,262167,0.01084809,-0.00217253,0.50778906,-1.05269929,4
TNG50-1,50,1.0,261670,-0.06020085,0.01687466,1.23644014,0.10813033,0
TNG50-1,50,1.0,261670,-0.00325808,-0.05025532,0.65474883,1.1171675,1
TNG50-1,50,1.0,261670,0.08351402,0.03593108,0.46769937,0.78375709,2
TNG50-1,50,1.0,261670,0.08571573,-0.00790106,0.91222131,-0.65628447,3
TNG50-1,50,1.0,261670,0.04936615,0.02802641,1.31244632,-1.1815825,4
TNG50-1,50,1.0,7,0.02237104,-0.06064453,0.55502647,1.51740653,0
TNG50-1,50,1.0,7,-0.0661996,-0.00621664,1.35241684,0.58448547,1
TNG50-1,50,1.0,7,-0.03865976,0.0097966,0.8378543,-1.2436214,2
TNG50-1,50,1.0,7,0.02545588,0.04322892,0.65083114,-0.94782475,3
TNG50-1,50,1.0,7,0.06705578,-0.01718005,0.90724405,1.02493085,4
TNG50-1,50,1.0,225857,0.03164196,0.00507,0.33991104,0.81578586,0
TNG50-1,50,1.0,225857,0.01892335,0.01147282,0.30224599,0.79446418,1
TNG50-1,50,1.0,225857,-0.00439795,0.02347682,0.30559496,-1.30090554,2
TNG50-1,50,1.0,225857,-0.06305619,0.04606651,1.36966466,0.34396948,3
TNG50-1,50,1.0,225857,-0.01080861,-0.0346077,1.07038304,-1.12195818,4
TNG50-1,50,1.0,70416,0.05647904,0.0022095,0.75319585,0.06087187,0
TNG50-1,50,1.0,70416,-0.09939379,0.01967079,1.28984901,1.27945065,1
TNG50-1,50,1.0,70416,-0.07574472,-0.07151266,1.30521748,0.50136789,2
TNG50-1,50,1.0,70416,-0.04229839,0.03885642,0.65129267,-0.32626462,3
TNG50-1,50,1.0,70416,-0.07964877,0.0300552,0.82758588,-0.2703912,4
TNG50-1,50,1.0,252468,0.0501016,0.02614398,1.33822951,-0.62753907,0
TNG50-1,50,1.0,252468,-0.0047749,-0.0277613,0.76694677,-0.93648609,1
TNG50-1,50,1.0,252468,0.01587974,0.01930735,0.72207491,-0.46893312,2
TNG50-1,50,1.0,252468,-0.00930855,0.00141277,0.93457887,-0.28258465,3
TNG50-1,50,1.0,252468,-0.03233795,-0.01519673,0.62147036,0.61554357,4
TNG50-1,50,1.0,214137,-0.04974672,-0.03984788,0.51646734,0.25574756,0
TNG50-1,50,1.0,214137,0.01134365,0.04335909,1.38048522,0.04309807,1
TNG50-1,50,1.0,214137,0.05064069,-0.15659524,1.18800028,0.17105935,2
TNG50-1,50,1.0,214137,0.02153596,0.01914229,1.36425221,-0.77769731,3
TNG50-1,50,1.0,214137,0.00833676,0.1285161,0.58288149,0.31930635,4
TNG50-1,50,1.0,253145,0.02603604,-0.00649101,0.86751774,-1.20447391,0
TNG50-1,50,1.0,253145,0.04342362,0.01940685,0.94049545,1.07058597,1
TNG50-1,50,1.0,253145,-0.09093789,0.01623408,0.54252956,0.0916598,2
TNG50-1,50,1.0,253145,-0.07505297,0.05585529,1.37730783,-1.37875265,3
TNG50-1,50,1.0,253145,-0.0368004,0.05742476,0.64427047,1.04692017,4
TNG50-1,50,1.0,266419,-0.00279685,0.06873743,1.19104114,-0.81740928,0
TNG50-1,50,1.0,266419,0.08845417,0.05633052,1.13664656,-0.33372727,1
TNG50-1,50,1.0,266419,0.02679964,0.0014075,1.18968329,0.4888525,2
TNG50-1,50,1.0,266419,-0.04560393,-0.02212632,1.17375098,1.05565745,3
TNG50-1,50,1.0,266419,-0.03639902,0.05624664,0.9050099,0.60551528,4
TNG50-1,50,1.0,194155,-0.01021347,-0.01955988,1.36138533,0.80329428,0
TNG50-1,50,1.0,194155,-0.09451861,-0.02693559,0.92262294,-0.48709819,1
TNG50-1,50,1.0,194155,0.02538309,-0.05547105,0.2179283,-1.06728548,2
TNG50-1,50,1.0,194155,0.04826711,0.0104321,0.3013155,0.5212364,3
TNG50-1,50,1.0,194155,0.12641782,0.01011591,1.21427429,0.00272919,4
TNG50-1,50,1.0,123138,0.02398663,0.02848539,0.75659837,0.25345637,0
TNG50-1,50,1.0,123138,0.07195375,-0.00183536,0.31627622,0.9925267,1
TNG50-1,50,1.0,123138,0.03663555,0.0504556,0.43825612,1.13486058,2
TNG50-1,50,1.0,123138,0.04810823,0.05365046,0.88497055,1.00167761,3
TNG50-1,50,1.0,123138,0.07230521,0.03242829,1.07606869,-0.13987508,4
TNG50-1,50,1.0,236658,-0.02766969,0.0026306,1.37721161,1.2151867,0
TNG50-1,50,1.0,236658,-0.00810673,-0.04326888,1.36848551,0.42447064,1
TNG50-1,50,1.0,236658,0.0067713,0.03583155,1.28840067,-0.30428445,2
TNG50-1,50,1.0,236658,0.085905,0.06833396,0.88651656,-1.08537405,3
TNG50-1,50,1.0,236658,-0.01198569,0.08122489,0.60116508,-0.30970342,4
TNG50-1,50,1.0,215165,0.0853681,-0.00516442,0.59730251,1.11890387,0
TNG50-1,50,1.0,215165,0.13552734,0.04478903,0.93474039,-0.96794269,1
TNG50-1,50,1.0,215165,-0.06021835,0.02956265,0.82716859,-1.46693779,2
TNG50-1,50,1.0,215165,-0.06297356,0.00860156,1.09306536,0.22840678,3
TNG50-1,50,1.0,215165,-0.04785764,0.02644678,1.34323423,-1.30913552,4
TNG50-1,50,1.0,258649,-0.02046252,0.06106781,1.04327568,-1.56948654,0
TNG50-1,50,1.0,258649,-0.07013453,-0.03990729,0.66355701,-1.39505289,1
TNG50-1,50,1.0,258649,0.07974684,-0.00424949,1.06644808,-0.42604895,2
TNG50-1,50,1.0,258649,-0.00336713,0.0060519,1.29038802,0.58715819,3
TNG50-1,50,1.0,258649,0.0953818,0.07631516,0.51720269,-0.49730062,4
TNG50-1,50,1.0,260271,-0.03751877,0.02841557,1.19180003,-0.97607286,0
TNG50-1,50,1.0,260271,0.07492101,-0.00806764,0.33276712,-1.07848219,1
TNG50-1,50,1.0,260271,-0.01032996,-0.024072,1.24051722,-1.26958188,2
TNG50-1,50,1.0,260271,0.03522058,0.009048,1.24679562,0.44036096,3
TNG50-1,50,1.0,260271,-0.12393783,-0.02479126,1.01161784,0.35211679,4
TNG50-1,50,1.0,250975,0.01125584,0.02726211,1.31959126,0.59481929,0
TNG50-1,50,1.0,250975,-0.00266715,-0.05017397,1.00563836,0.19429791,1
TNG50-1,50,1.0,250975,0.04320218,-0.07108644,1.36441882,-0.49919267,2
TNG50-1,50,1.0,250975,0.03033666,-0.00942367,1.39675527,0.22160171,3
TNG50-1,50,1.0,250975,-0.14929113,0.02054856,0.3908806,1.23017158,4
TNG50-1,50,1.0,228904,-0.00479172,0.02493179,0.73395993,0.0873878,0
TNG50-1,50,1.0,228904,-0.08540439,0.00445061,1.09173963,0.97823211,1
TNG50-1,50,1.0,228904,-0.00733583,-0.03218778,1.08046182,0.5044386,2
TNG50-1,50,1.0,228904,0.03067928,0.04273365,1.02516777,-0.94743885,3
TNG50-1,50,1.0,228904,-0.0668205,-0.11011284,1.36973676,0.7163907,4
TNG50-1,50,1.0,176325,0.10665803,-0.00298731,0.62919256,-0.00526586,0
TNG50-1,50,1.0,176325,-0.00309416,0.04384154,1.27610908,0.18470549,1
TNG50-1,50,1.0,176325,-0.06721974,-0.02668171,0.99730113,-0.98644636,2
TNG50-1,50,1.0,176325,-0.06723724,0.04153118,0.23813907,-1.10846735,3
TNG50-1,50,1.0,176325,0.03882828,-0.00791496,0.95229759,0.557176,4
TNG50-1,50,1.0,283184,-0.01169403,0.02495113,1.2362548,-1.11232585,0
TNG50-1,50,1.0,283184,0.05505963,0.08214241,1.01988812,0.03062793,1
TNG50-1,50,1.0,283184,-0.02603659,0.01768752,1.01198126,-1.21444072,2
TNG50-1,50,1.0,283184,-0.0435266,0.03219963,1.21863028,-0.04541986,3
TNG50-1,50,1.0,283184,0.00777321,0.03596376,0.89218403,-0.59187903,4
TNG50-1,50,1.0,259473,0.0499234,0.08711569,0.97569671,0.64223275,0
TNG50-1,50,1.0,259473,-0.00220426,0.01537054,1.19317814,-0.14675612,1
TNG50-1,50,1.0,259473,-0.01622984,0.00873059,0.48034226,1.06300465,2
TNG50-1,50,1.0,259473,-0.03542557,-0.01311234,1.28482739,-1.33634043,3
TNG50-1,50,1.0,259473,-0.02799679,0.12229893,1.35516532,0.94585857,4
TNG50-1,50,1.0,253881,-0.02415793,-0.01321828,0.68014957,-1.29861128,0
TNG50-1,50,1.0,253881,-0.02183978,-0.01431567,1.35099956,1.06383747,1
TNG50-1,50,1.0,253881,0.09992329,-0.07258527,0.65418458,0.19078511,2
TNG50-1,50,1.0,253881,0.05008546,0.03908701,1.17297035,0.0146564,3
TNG50-1,50,1.0,253881,0.04721612,0.02455273,1.06381774,1.47200835,4
TNG50-1,50,1.0,217773,0.01221391,0.00182219,0.50077865,0.43330024,0
TNG50-1,50,1.0,217773,-0.03838978,0.04228377,0.4427259,1.42849761,1
TNG50-1,50,1.0,217773,0.0017079,-0.09706571,0.48750333,0.71330065,2
TNG50-1,50,1.0,217773,-0.13036828,-0.01905777,1.00515549,-0.01618372,3
TNG50-1,50,1.0,217773,-0.05424807,0.05048429,1.15918237,0.59315963,4
TNG50-1,50,1.0,138977,0.06065616,-0.00041838,0.7905208,-1.16748443,0
TNG50-1,50,1.0,138977,0.04969423,-0.03308122,0.67603386,1.49616556,1
TNG50-1,50,1.0,138977,0.01043329,0.04520325,1.25520454,-0.93732582,2
TNG50-1,50,1.0,138977,0.03805753,-0.03467067,0.49334279,-1.1414915,3
TNG50-1,50,1.0,138977,-0.01442764,0.07425782,1.16654875,0.39590633,4
TNG50-1,50,1.0,283589,0.04322926,-0.00855161,1.39801734,-0.91497162,0
TNG50-1,50,1.0,283589,-0.00499227,-0.06583207,0.9335643,0.46840208,1
TNG50-1,50,1.0,283589,0.09041495,-0.05183634,1.23695078,-0.90529874,2
TNG50-1,50,1.0,283589,-0.00782693,-0.02653334,0.71258303,-1.51422611,3
TNG50-1,50,1.0,283589,-0.01188418,0.05679149,0.31929789,0.81227196,4
TNG50-1,50,1.0,271207,-0.10142347,0.03718035,0.55705832,-0.09851326,0
TNG50-1,50,1.0,271207,0.02684087,0.08226663,0.59451991,0.57715051,1
TNG50-1,50,1.0,271207,0.15509429,0.04874839,1.21030606,0.8187846,2
TNG50-1,50,1.0,271207,-0.00613381,-0.10778034,1.27237457,-0.64304158,3
TNG50-1,50,1.0,271207,-0.00595625,0.02816994,0.75391604,-0.67654062,4
TNG50-1,50,1.0,251634,0.07430753,-0.06256403,0.72380896,0.74135236,0
TNG50-1,50,1.0,251634,0.00517286,0.00559796,1.17456514,1.4261785,1
TNG50-1,50,1.0,251634,-0.02796012,0.04901169,0.90159607,1.15058292,2
TNG50-1,50,1.0,251634,-0.0572614,-0.02801757,0.52990589,-0.30938378,3
TNG50-1,50,1.0,251634,-0.09358507,0.07852718,1.18952016,0.33680303,4
TNG50-1,50,1.0,244863,0.01197918,-0.08098673,0.49324921,0.27884297,0
TNG50-1,50,1.0,244863,0.07196679,-0.09178493,0.64985709,0.23673038,1
TNG50-1,50,1.0,244863,0.00823438,0.01896696,1.36641119,0.89972144,2
TNG50-1,50,1.0,244863,-0.01242116,-0.06811247,0.36612554,-1.10444873,3
TNG50-1,50,1.0,244863,-0.08918624,0.06277887,1.36151621,-1.00728762,4
TNG50-1,50,1.0,160371,-0.04710594,0.00631406,0.94024273,0.69624459,0
TNG50-1,50,1.0,160371,0.08054505,-0.03303385,1.18137929,-0.69122048,1
TNG50-1,50,1.0,160371,0.03122742,0.00716506,0.54497978,1.14194354,2
TNG50-1,50,1.0,160371,0.10601851,-0.08870483,1.37071411,-0.81592011,3
TNG50-1,50,1.0,160371,-0.02252193,0.03424773,0.89793607,1.06774655,4
TNG50-1,50,1.0,260976,-0.0268369,-0.00050084,0.36267278,0.36623941,0
TNG50-1,50,1.0,260976,0.02107254,0.09571627,1.01815743,1.25142926,1
TNG50-1,50,1.0,260976,-0.0035141,-0.01266144,0.75363818,0.6261583,2
TNG50-1,50,1.0,260976,-0.06997029,0.05840017,0.88150409,0.10203918,3
TNG50-1,50,1.0,260976,0.0192658,-0.06335442,0.9564715,0.45611515,4
TNG50-1,50,1.0,254473,-0.05648977,-0.0157386,0.97879882,0.04303548,0
TNG50-1,50,1.0,254473,-0.03241792,-0.07987138,1.18271881,-0.77235337,1
TNG50-1,50,1.0,254473,0.08790555,-0.05070798,1.3971262,0.6062495,2
TNG50-1,50,1.0,254473,0.00364624,0.06801699,0.30740924,-0.20482843,3
TNG50-1,50,1.0,254473,-0.05011539,-0.00712412,0.51605954,0.95300067,4
TNG50-1,50,1.0,296598,-0.02267758,0.01658483,0.80944587,-1.38084441,0
TNG50-1,50,1.0,296598,0.07315868,-0.00108542,0.87334447,1.19646466,1
TNG50-1,50,1.0,296598,0.04002092,-0.03321691,1.23102162,0.24948444,2
TNG50-1,50,1.0,296598,0.01577906,0.00645212,0.74218548,0.9188118,3
TNG50-1,50,1.0,296598,-0.01609364,0.0132712,0.76899381,-0.74482741,4
TNG50-1,50,1.0,278928,-0.03839777,-0.00215702,0.60397265,-0.56334958,0
TNG50-1,50,1.0,278928,-0.03845651,0.00590049,0.98077138,0.03146676,1
TNG50-1,50,1.0,278928,0.0505262,-0.09863521,1.23900595,-0.20393259,2
TNG50-1,50,1.0,278928,-0.02098922,-0.00203732,0.54656867,0.5750755,3
TNG50-1,50,1.0,278928,-0.05473482,0.043399,1.08412595,-1.1397767,4
TNG50-1,50,1.0,303705,0.06355359,0.07856975,1.26076395,1.11950251,0
TNG50-1,50,1.0,303705,-0.11728941,-0.07250897,0.92654504,-0.59254384,1
TNG50-1,50,1.0,303705,-0.01452316,0.07055836,0.84882029,0.40945441,2
TNG50-1,50,1.0,303705,-0.01528952,-0.05857226,1.26879467,0.39826936,3
TNG50-1,50,1.0,303705,0.05763414,-0.05706076,1.27101752,1.06553673,4
TNG50-1,50,1.0,245604,-0.14171224,-0.00630378,1.37150613,0.13410845,0
TNG50-1,50,1.0,245604,-0.04784722,-0.03288431,1.16706716,1.11238696,1
TNG50-1,50,1.0,245604,0.00027704,0.00322345,0.67758887,0.93012223,2
TNG50-1,50,1.0,245604,-0.05427851,0.03140746,0.87868966,-1.26202624,3
TNG50-1,50,1.0,245604,-0.01291602,-0.01181332,0.60404837,1.4985597,4
TNG50-1,50,1.0,231714,-0.03235083,0.06072784,0.56605123,0.26071646,0
TNG50-1,50,1.0,231714,0.00188614,-0.03053037,0.98190817,-0.11094089,1
TNG50-1,50,1.0,231714,0.01915845,-0.02620915,0.58439696,1.4988913,2
TNG50-1,50,1.0,231714,0.08591186,-0.011769,1.06162604,0.05148889,3
TNG50-1,50,1.0,231714,0.03931618,-0.00717863,1.10146345,-0.36074271,4
TNG50-1,50,1.0,285389,0.0311821,0.00319421,1.00396298,-0.54337712,0
TNG50-1,50,1.0,285389,-0.03142188,0.08418741,0.7187436,0.67337557,1
TNG50-1,50,1.0,285389,-0.12499654,0.02913732,0.66934261,0.25699754,2
TNG50-1,50,1.0,285389,-0.05408499,0.00407651,0.54423701,0.41406677,3
TNG50-1,50,1.0,285389,-0.0030524,-0.00161956,1.07742829,0.17443036,4
TNG50-1,50,1.0,247697,-0.01253595,-0.02268789,0.93189354,-0.67295278,0
TNG50-1,50,1.0,247697,-0.02672353,-0.06680309,0.34932292,-0.50866915,1
TNG50-1,50,1.0,247697,-0.03271368,0.00388203,1.03125186,-1.23835063,2
TNG50-1,50,1.0,247697,0.01694809,-0.00906117,0.62939367,0.00566999,3
TNG50-1,50,1.0,247697,-0.01790271,-0.01608242,1.25979488,-0.9667933,4
TNG50-1,50,1.0,299541,0.00480286,-0.04185168,1.38767573,0.37197223,0
TNG50-1,50,1.0,299541,-0.04827283,-0.05469236,0.52032261,-0.7619308,1
TNG50-1,50,1.0,299541,-0.08304959,0.0211518,0.83361324,1.48835392,2
TNG50-1,50,1.0,299541,0.04097031,0.06874539,0.68685984,-0.31189729,3
TNG50-1,50,1.0,299541,-0.02372073,-0.02015369,0.96417807,-1.06083221,4
TNG50-1,50,1.0,292785,0.04058795,-0.05918607,1.03768397,0.65731225,0
TNG50-1,50,1.0,292785,-0.0056285,-0.08231168,1.23082486,-0.28974679,1
TNG50-1,50,1.0,292785,-0.04554536,0.09963714,0.34106856,-1.13251524,2
TNG50-1,50,1.0,292785,-0.00860926,-0.03212133,0.21722102,-0.51230942,3
TNG50-1,50,1.0,292785,0.02573921,-0.00686765,1.08098192,-0.83763751,4
TNG50-1,50,1.0,246598,-0.01067937,-0.01655253,0.60078599,0.52340431,0
TNG50-1,50,1.0,246598,0.09156502,-0.06849217,0.24634237,0.7535861,1
TNG50-1,50,1.0,246598,-0.08634827,0.0297874,1.08154042,0.78455407,2
TNG50-1,50,1.0,246598,0.04590731,0.03380687,0.68378788,1.21185413,3
TNG50-1,50,1.0,246598,-0.00502544,0.08925639,0.85226131,-0.47336992,4
TNG50-1,50,1.0,307741,0.01649514,0.03480024,0.43018452,0.23217404,0
TNG50-1,50,1.0,307741,-0.01534342,-0.00719861,1.13706097,0.6184855,1
TNG50-1,50,1.0,307741,0.03303365,-0.03991674,0.28515121,0.45225723,2
TNG50-1,50,1.0,307741,-0.00077354,0.02999134,1.19653144,0.64951983,3
TNG50-1,50,1.0,307741,-0.01846066,-0.00319928,0.71403338,1.27406363,4
TNG50-1,50,1.0,6,-0.05526024,0.03722044,0.85778632,1.41754908,0
TNG50-1,50,1.0,6,-0.0881059,-0.01877001,0.88977825,0.19232052,1
TNG50-1,50,1.0,6,-0.03229826,0.01778467,0.64903027,-1.48553363,2
TNG50-1,50,1.0,6,-0.07273191,-0.03616673,1.08956079,1.00754547,3
TNG50-1,50,1.0,6,-0.03114104,0.00325845,1.1901861,-0.95266265,4
TNG50-1,50,1.0,279432,-0.02262202,0.0174779,1.39573871,0.05853628,0
TNG50-1,50,1.0,279432,0.05459532,-0.02309965,1.35230021,0.93271291,1
TNG50-1,50,1.0,279432,-0.03794924,0.0024988,1.29364903,1.06283772,2
TNG50-1,50,1.0,279432,0.03889671,-0.05373469,1.18241447,0.73809551,3
TNG50-1,50,1.0,279432,-0.01951026,0.01237785,0.44014227,-0.3412237,4
TNG50-1,50,1.0,282698,0.03161577,0.06151292,1.3992146,0.39556593,0
TNG50-1,50,1.0,282698,-0.01495867,0.09436705,1.20742626,-1.24817239,1
TNG50-1,50,1.0,282698,-0.13309827,-0.00087641,1.22385512,0.74936915,2
TNG50-1,50,1.0,282698,-0.15314341,-0.06463174,1.29706337,1.21586733,3
TNG50-1,50,1.0,282698,0.06362111,-0.02097919,1.26135595,1.34016486,4
TNG50-1,50,1.0,284334,0.0240587,-0.00522055,1.21410208,1.12070261,0
TNG50-1,50,1.0,284334,-0.02928558,0.05794004,1.08262747,-1.12983924,1
TNG50-1,50,1.0,284334,0.00734376,-0.01005681,1.02651869,0.26396274,2
TNG50-1,50,1.0,284334,-0.07212334,-0.00680999,1.29607218,-0.29330808,3
TNG50-1,50,1.0,284334,0.05435436,-0.06061587,1.07003524,-1.0350394,4
TNG50-1,50,1.0,269902,0.0081203,-0.0525588,1.21770909,-0.85532519,0
TNG50-1,50,1.0,269902,-0.00629802,-0.01872409,1.14186502,1.55026819,1
TNG50-1,50,1.0,269902,-0.05152578,-0.06908157,0.92831764,-1.2076948,2
TNG50-1,50,1.0,269902,-0.00181731,0.0470691,0.61748223,1.43221724,3
TNG50-1,50,1.0,269902,0.04970366,-0.00461791,0.99550246,0.97089755,4
TNG50-1,50,1.0,257926,0.07288933,0.05435551,0.69952202,1.11780506,0
TNG50-1,50,1.0,257926,0.01501467,0.01046012,0.20299571,1.42793197,1
TNG50-1,50,1.0,257926,0.07221719,0.07125397,0.87805114,-0.96420754,2
TNG50-1,50,1.0,257926,-0.06208689,-0.05843174,0.60040116,-1.05098955,3
TNG50-1,50,1.0,257926,0.11986883,-0.01443074,0.68739297,0.27128227,4
TNG50-1,50,1.0,267987,-0.0543926,-0.06065169,0.91253309,-1.20798675,0
TNG50-1,50,1.0,267987,0.02017612,-0.02639046,0.6985881,1.48616387,1
TNG50-1,50,1.0,267987,-0.0556166,0.01683536,0.80082535,1.32679875,2
TNG50-1,50,1.0,267987,0.03701422,-0.01386766,1.09245857,-0.54948603,3
TNG50-1,50,1.0,267987,-0.0331483,0.00171051,1.39528692,-0.75758583,4
TNG50-1,50,1.0,200753,-0.0380517,-0.00878264,1.17082362,-1.16028282,0
TNG50-1,50,1.0,200753,0.03535204,-0.07273219,0.90377202,1.20609976,1
TNG50-1,50,1.0,200753,-0.08025666,-0.03033744,0.96537388,0.64338856,2
TNG50-1,50,1.0,200753,-0.07898593,-0.02005219,0.61843648,0.6049248,3
TNG50-1,50,1.0,200753,-0.01669444,-0.0196649,0.33500259,-0.39489538,4
TNG50-1,50,1.0,293832,-0.07505641,-0.01311413,0.63076596,0.59968856,0
TNG50-1,50,1.0,293832,0.00209272,0.0253303,0.79032527,0.6772982,1
TNG50-1,50,1.0,293832,0.07457833,-0.0090225,0.85371201,-0.70634454,2
TNG50-1,50,1.0,293832,0.06454457,0.08401536,0.59094701,-0.95614487,3
TNG50-1,50,1.0,293832,0.00984897,0.0039235,1.34357921,-0.89895896,4
TNG50-1,50,1.0,41131,0.10091328,0.0136942,1.21337346,-0.42544627,0
TNG50-1,50,1.0,41131,-0.02126426,0.04986923,1.23515978,0.39574951,1
TNG50-1,50,1.0,41131,0.00705477,0.02595354,1.07830209,-0.05636049,2
TNG50-1,50,1.0,41131,0.02857246,0.08804406,0.84895884,1.08854723,3
TNG50-1,50,1.0,41131,0.03630645,0.02611638,0.6377783,0.21690114,4
TNG50-1,50,1.0,287037,-0.01265953,-0.00427863,0.94430195,-0.16241132,0
TNG50-1,50,1.0,287037,0.07895016,0.02052758,0.53294403,1.28190037,1
TNG50-1,50,1.0,287037,0.02193341,0.01118075,0.84352363,0.66519055,2
TNG50-1,50,1.0,287037,0.04679713,0.04805786,0.92032386,-1.41071968,3
TNG50-1,50,1.0,287037,-0.10820384,-0.01829521,1.35968312,1.20634733,4
TNG50-1,50,1.0,202094,0.04378705,0.04189267,0.41793042,-0.33798243,0
TNG50-1,50,1.0,202094,0.04340339,-0.00210734,1.3826739,0.49245914,1
TNG50-1,50,1.0,202094,-0.00436856,-0.05230911,1.19831524,0.35235669,2
TNG50-1,50,1.0,202094,-0.03465403,-0.08424314,0.73022222,0.75327526,3
TNG50-1,50,1.0,202094,-0.0317617,0.04159157,0.67118497,0.68693571,4
TNG50-1,50,1.0,316899,0.05157619,0.02911763,1.17413871,0.5876493,0
TNG50-1,50,1.0,316899,-0.00931885,0.02806403,0.57077286,-1.32187698,1
TNG50-1,50,1.0,316899,-0.00687235,-0.04909862,1.27971614,1.281297,2
TNG50-1,50,1.0,316899,0.02092247,0.04951332,0.80454863,0.44949806,3
TNG50-1,50,1.0,316899,0.01724085,0.05833916,0.25753928,-0.13725311,4
TNG50-1,50,1.0,250015,0.01757324,-0.03854223,1.16273778,1.16040226,0
TNG50-1,50,1.0,250015,-0.00282545,-0.02690851,1.05176654,1.47916439,1
TNG50-1,50,1.0,250015,0.02582071,0.00094125,0.83575748,-0.13011275,2
TNG50-1,50,1.0,250015,-0.01957662,0.00739792,1.13490138,-0.5434336,3
TNG50-1,50,1.0,250015,-0.04007397,-0.00953599,1.25589888,-1.42162698,4
TNG50-1,50,1.0,202095,0.01261321,-0.04531557,0.553429,-1.32192077,0
TNG50-1,50,1.0,202095,0.01021105,-0.02862833,0.92181989,1.43639632,1
TNG50-1,50,1.0,202095,0.0301468,-0.02644625,0.57991295,-0.23309814,2
TNG50-1,50,1.0,202095,-0.03095685,-0.05360259,0.90942807,-0.46960324,3
TNG50-1,50,1.0,202095,0.03550682,0.05078311,1.27849661,-0.45143717,4
TNG50-1,50,1.0,300297,0.00367946,-0.03466521,1.38830396,-0.34584527,0
TNG50-1,50,1.0,300297,-0.02621883,0.00199159,1.21853414,-0.56732851,1
TNG50-1,50,1.0,300297,-0.04074847,-0.01500575,0.69496066,1.57035917,2
TNG50-1,50,1.0,300297,0.06449528,-0.05641054,0.52971029,0.84615798,3
TNG50-1,50,1.0,300297,0.03824021,0.00888257,0.45643952,0.11734502,4
TNG50-1,50,1.0,237548,-0.00327733,-0.06313373,0.69629351,-0.92334179,0
TNG50-1,50,1.0,237548,0.02884427,0.02697193,1.32115692,1.1863747,1
TNG50-1,50,1.0,237548,-0.00914554,-0.04685746,0.86061437,-0.12101078,2
TNG50-1,50,1.0,237548,-0.03935588,0.04591163,0.7909509,-1.26755843,3
TNG50-1,50,1.0,237548,0.00570588,-0.01692279,0.56074254,-1.23897747,4
TNG50-1,50,1.0,291550,0.05915527,-0.02699696,0.85183673,-1.21420005,0
TNG50-1,50,1.0,291550,0.05656786,0.0307975,0.33540907,0.48105533,1
TNG50-1,50,1.0,291550,-0.02101289,0.09312461,0.91953101,-0.05620083,2
TNG50-1,50,1.0,291550,0.02775349,0.02358503,0.70396383,0.22754852,3
TNG50-1,50,1.0,291550,0.02105895,0.02831782,0.60285838,-1.45010596,4
TNG50-1,50,1.0,191613,-0.02237096,-0.01982329,0.99642508,-0.2370142,0
TNG50-1,50,1.0,191613,0.06245261,0.07699257,1.06589166,1.28282899,1
TNG50-1,50,1.0,191613,0.00213838,-0.03030935,0.93684001,0.0090922,2
TNG50-1,50,1.0,191613,-0.07807985,0.0525613,0.97770112,1.30811649,3
TNG50-1,50,1.0,191613,0.02719948,0.0887849,1.16754876,0.15747877,4
TNG50-1,50,1.0,110864,0.00819404,-0.02194247,0.68802793,0.00484092,0
TNG50-1,50,1.0,110864,-0.02994132,0.01619698,1.11617934,0.73009179,1
TNG50-1,50,1.0,110864,-0.02775859,-0.09073809,0.95591426,-0.97946888,2
TNG50-1,50,1.0,110864,-0.00592938,-0.03652331,0.78688025,-0.17658712,3
TNG50-1,50,1.0,110864,-0.00223788,-0.01399639,1.38019393,0.10219641,4
TNG50-1,50,1.0,87131,-0.06149722,-0.09286934,0.32104975,1.40286703,0
TNG50-1,50,1.0,87131,0.03335334,0.0643383,0.95072115,-0.36583251,1
TNG50-1,50,1.0,87131,-0.00983142,-0.01745471,0.58013052,0.4662316,2
TNG50-1,50,1.0,87131,0.00261832,0.02662007,1.29253381,1.49579639,3
TNG50-1,50,1.0,87131,0.02781196,0.03103564,1.17327123,0.15955444,4
TNG50-1,50,1.0,194156,-0.02818626,0.00395499,0.41558685,1.30073424,0
TNG50-1,50,1.0,194156,-0.02031896,-0.02203181,1.14581963,-0.64982522,1
TNG50-1,50,1.0,194156,-0.02312894,0.02314334,1.12579177,-1.19282325,2
TNG50-1,50,1.0,194156,0.06177393,0.0674659,0.53161981,-0.18850319,3
TNG50-1,50,1.0,194156,-0.00204581,0.03239304,0.46529245,-0.6416236,4
TNG50-1,50,1.0,280271,-0.00347132,-0.00808129,0.2660249,-0.75857535,0
TNG50-1,50,1.0,280271,-0.03965269,0.03481654,0.44811514,1.08991989,1
TNG50-1,50,1.0,280271,0.00394626,0.01016069,1.37689099,-1.0666197,2
TNG50-1,50,1.0,280271,-0.02169168,-0.07010355,1.3850741,0.91310222,3
TNG50-1,50,1.0,280271,0.05452868,-0.00453291,1.08461975,0.17109019,4
TNG50-1,50,1.0,165283,0.00088755,0.14022312,0.4749835,1.56499381,0
TNG50-1,50,1.0,165283,0.00920735,-0.01365486,1.14569578,1.52217949,1
TNG50-1,50,1.0,165283,0.07735631,-0.09454969,0.73766786,0.03964381,2
TNG50-1,50,1.0,165283,-0.0740665,-0.02912751,1.04995506,0.23204888,3
TNG50-1,50,1.0,165283,-0.04555513,-0.13844366,0.85525531,1.24822315,4
TNG50-1,50,1.0,41132,-0.06318752,0.0103345,0.60009336,-0.56584611,0
TNG50-1,50,1.0,41132,0.01071567,-0.07231537,1.15057954,0.75991754,1
TNG50-1,50,1.0,41132,-0.00746165,0.02462958,0.76012621,-1.23624845,2
TNG50-1,50,1.0,41132,0.02745952,-0.01654332,0.71014361,-1.13706261,3
TNG50-1,50,1.0,41132,0.01001998,-0.00832992,0.54689862,-0.25969649,4
TNG50-1,50,1.0,297780,0.05867812,-0.00547405,1.39787984,-1.47365195,0
TNG50-1,50,1.0,297780,-0.04307794,0.05445686,0.96121652,1.30369629,1
TNG50-1,50,1.0,297780,-0.02120776,0.01055554,0.35126104,-0.54300336,2
TNG50-1,50,1.0,297780,0.02624452,0.06237132,0.88427839,0.64332718,3
TNG50-1,50,1.0,297780,-0.05568014,0.05668012,1.07914198,0.61021417,4
TNG50-1,50,1.0,238585,-0.00262229,0.00600805,0.62202761,1.54404974,0
TNG50-1,50,1.0,238585,0.01754565,0.02226064,0.64527907,0.48402477,1
TNG50-1,50,1.0,238585,-0.00771234,-0.02001164,1.28146071,1.36722769,2
TNG50-1,50,1.0,238585,0.05246342,0.0419855,0.90668438,-1.11416488,3
TNG50-1,50,1.0,238585,-0.03995719,0.00744793,1.03281561,-0.15433616,4
TNG50-1,50,1.0,276807,-0.02869701,-0.01961268,1.17565304,0.53344273,0
TNG50-1,50,1.0,276807,0.04805138,0.01691361,0.31555111,-0.15178449,1
TNG50-1,50,1.0,276807,-0.00625728,0.02326449,0.43144502,1.10186305,2
TNG50-1,50,1.0,276807,0.00589563,0.04811779,0.29044331,-1.4960111,3
TNG50-1,50,1.0,276807,-0.15081906,-0.01051289,0.21219436,1.05056129,4
TNG50-1,50,1.0,292022,0.01956568,-0.02461084,1.37694547,-0.77060054,0
TNG50-1,50,1.0,292022,0.02069542,-0.07290653,1.10204365,-0.6873384,1
TNG50-1,50,1.0,292022,-0.03047789,-0.03257475,0.891782,0.42357344,2
TNG50-1,50,1.0,292022,-0.04039112,0.01331115,1.09879398,-1.55865758,3
TNG50-1,50,1.0,292022,-0.0176926,0.06329718,0.36775817,0.71489156,4
TNG50-1,50,1.0,229968,-0.00098301,0.05583163,0.49975038,0.0154401,0
TNG50-1,50,1.0,229968,0.05427681,-0.02289506,1.23105047,-0.87025484,1
TNG50-1,50,1.0,229968,0.04699529,0.03578636,0.73407971,-0.3803537,2
TNG50-1,50,1.0,229968,0.03335228,-0.04862664,0.66269701,1.46126281,3
TNG50-1,50,1.0,229968,-0.08933094,-0.0592537,1.14980231,0.60676103,4
TNG50-1,50,1.0,290266,0.04626498,-0.02710926,0.4957502,-0.4581555,0
TNG50-1,50,1.0,290266,0.01270953,0.03733382,1.07305598,-0.05215349,1
TNG50-1,50,1.0,290266,-0.07410852,-0.00836034,1.17058297,-0.87078721,2
TNG50-1,50,1.0,290266,0.04257441,-0.05828307,1.23657489,0.58462234,3
TNG50-1,50,1.0,290266,-0.00035499,0.09239049,0.60688962,0.88289249,4
TNG50-1,50,1.0,281395,0.06866276,-0.04159435,0.78965813,-0.57316821,0
TNG50-1,50,1.0,281395,0.03739711,0.00022525,0.29071771,-0.77577191,1
TNG50-1,50,1.0,281395,-0.01332947,0.01542567,1.00139621,1.53269108,2
TNG50-1,50,1.0,281395,-0.00829549,-0.08434831,0.80225599,-0.92095047,3
TNG50-1,50,1.0,281395,0.01646589,-0.00946602,0.87859109,0.91192665,4
TNG50-1,50,1.0,297347,0.01198293,0.0227845,0.71934897,-1.35131076,0
TNG50-1,50,1.0,297347,-0.01770344,0.06128782,0.6911028,0.31374409,1
TNG50-1,50,1.0,297347,0.0429698,-0.11009843,1.12071761,-1.2344242,2
TNG50-1,50,1.0,297347,-0.06660989,0.06872356,0.49535876,-0.70163053,3
TNG50-1,50,1.0,297347,-0.0411848,-0.00700676,1.17261356,0.02257672,4
TNG50-1,50,1.0,158268,-0.03130952,-0.0059746,0.64417258,-0.53591733,0
TNG50-1,50,1.0,158268,-0.0201443,-0.09321866,0.29712506,0.65495961,1
TNG50-1,50,1.0,158268,-0.03749475,-0.03730603,0.35319869,-1.38292529,2
TNG50-1,50,1.0,158268,-0.01435484,-0.07596997,1.16862201,-0.44072568,3
TNG50-1,50,1.0,158268,0.02661163,0.01220301,1.37577053,-0.63449318,4
TNG50-1,50,1.0,298803,0.05896812,-0.12105889,1.33877096,1.39852872,0
TNG50-1,50,1.0,298803,-0.02467911,-0.01509566,0.32893617,0.51110018,1
TNG50-1,50,1.0,298803,0.03267507,0.0045545,1.14054418,1.42871255,2
TNG50-1,50,1.0,298803,-0.02554563,-0.02050248,1.091933,-0.98146145,3
TNG50-1,50,1.0,298803,-0.01119911,0.0878094,0.82960215,0.3732524,4
TNG50-1,50,1.0,210927,-0.02182422,-0.10232148,1.2075019,0.590264,0
TNG50-1,50,1.0,210927,-0.00128197,0.02198537,1.21963107,0.04294889,1
TNG50-1,50,1.0,210927,0.02809222,-0.12342651,0.83045715,0.30561687,2
TNG50-1,50,1.0,210927,-0.02992793,-0.01134234,1.26000337,-0.7825488,3
TNG50-1,50,1.0,210927,0.02839522,0.04271215,1.08852193,1.35941387,4
TNG50-1,50,1.0,269303,-0.01415186,0.00667065,1.18355309,0.60038091,0
TNG50-1,50,1.0,269303,0.02626605,-0.04765377,1.31308271,0.66021335,1
TNG50-1,50,1.0,269303,0.01118621,-0.02891713,0.36999046,-1.06572655,2
TNG50-1,50,1.0,269303,-0.02708271,0.02395621,1.28186287,0.98687215,3
TNG50-1,50,1.0,269303,-0.09680947,0.07086667,1.18085067,0.03231841,4
TNG50-1,50,1.0,317082,-0.05935987,0.00055617,0.55838873,1.35450501,0
TNG50-1,50,1.0,317082,-0.0656,-0.11930207,1.25775129,-0.91321605,1
TNG50-1,50,1.0,317082,0.06282095,-0.00952812,1.04417987,0.67617388,2
TNG50-1,50,1.0,317082,0.01369942,-0.03765234,0.55354587,1.50167665,3
TNG50-1,50,1.0,317082,-0.01132526,0.04590358,0.99938841,0.15586584,4
TNG50-1,50,1.0,87129,-0.03711333,-0.05507071,0.48551147,1.38030056,0
TNG50-1,50,1.0,87129,0.00862536,-0.05205607,0.80439453,-1.07883533,1
TNG50-1,50,1.0,87129,0.00067009,-0.05121126,1.20386569,-1.1702524,2
TNG50-1,50,1.0,87129,-0.0117041,-0.01801638,0.91378937,-0.27349597,3
TNG50-1,50,1.0,87129,0.05138022,-0.06142951,0.67236376,-1.1761772,4
TNG50-1,59,0.7,104587,-0.03677529,-0.02631028,0.39076211,0.62574799,0
TNG50-1,59,0.7,104587,-0.06610669,0.04229921,1.2332029,-1.48871557,1
TNG50-1,59,0.7,104587,0.03980253,0.05410987,1.24978389,-0.75410888,2
TNG50-1,59,0.7,104587,-0.01078778,-0.02606679,0.6817042,1.06781219,3
TNG50-1,59,0.7,104587,0.10193868,-0.03714604,0.71075109,0.31685513,4
TNG50-1,59,0.7,147940,-0.02389795,-0.00100085,0.71114209,1.39562579,0
TNG50-1,59,0.7,147940,-0.03361628,0.05577013,1.07607614,-0.45184656,1
TNG50-1,59,0.7,147940,0.0058918,-0.04149864,0.87784842,-0.25329167,2
TNG50-1,59,0.7,147940,0.02917341,-0.08374732,0.72944803,0.62365128,3
TNG50-1,59,0.7,147940,0.11348063,-0.01761508,1.23635625,0.34175844,4
TNG50-1,59,0.7,128023,-0.03666972,-0.00448706,1.12408193,0.32931606,0
TNG50-1,59,0.7,128023,-0.02704488,0.02643084,1.16048147,0.2625282,1
TNG50-1,59,0.7,128023,0.01724159,0.03728143,1.180979,-0.76745416,2
TNG50-1,59,0.7,128023,0.02966097,0.01002846,1.15978948,-0.92229534,3
TNG50-1,59,0.7,128023,0.03842419,-0.00713291,1.11096968,1.02528449,4
TNG50-1,59,0.7,151360,-0.0292368,0.0124197,1.38190461,-0.40645417,0
TNG50-1,59,0.7,151360,-0.02528711,0.01668012,0.2668885,-0.32119154,1
TNG50-1,59,0.7,151360,0.10202467,0.06181716,1.18110642,-0.51821598,2
TNG50-1,59,0.7,151360,-0.06600673,0.06079147,0.86262768,0.43165407,3
TNG50-1,59,0.7,151360,0.02129611,-0.02254784,1.14483125,1.448074,4
TNG50-1,59,0.7,143612,-0.04248205,-0.03864194,1.13562239,-1.13865732,0
TNG50-1,59,0.7,143612,0.05773661,0.07494858,0.63549995,0.62233916,1
TNG50-1,59,0.7,143612,0.0293959,-0.07327528,1.12003554,-1.05919659,2
TNG50-1,59,0.7,143612,0.05746016,0.03730502,0.41287141,1.41171566,3
TNG50-1,59,0.7,143612,0.07798636,-0.02466689,1.17336955,0.4886908,4
TNG50-1,59,0.7,195017,0.04213919,0.08209651,1.35115797,-1.04386864,0
TNG50-1,59,0.7,195017,-0.08136039,-0.02370424,0.33006871,-1.0848408,1
TNG50-1,59,0.7,195017,-0.00656367,0.0063626,0.22094545,-1.34110871,2
TNG50-1,59,0.7,195017,-0.06919232,0.03782434,1.08683825,-0.34158723,3
TNG50-1,59,0.7,195017,0.0138351,-0.10338615,0.36368028,-1.40648396,4
TNG50-1,59,0.7,133956,-0.01578269,0.06899564,0.57290069,-0.959416,0
TNG50-1,59,0.7,133956,0.00579063,-0.02040544,0.37316149,0.72637502,1
TNG50-1,59,0.7,133956,-0.03161852,-0.0476887,0.78211181,-0.47342287,2
TNG50-1,59,0.7,133956,0.06317417,0.06384868,0.31323501,-0.03921537,3
TNG50-1,59,0.7,133956,0.07607797,0.02719536,0.38528789,-1.07767488,4
TNG50-1,59,0.7,162908,0.0345641,-0.02673001,1.21587138,0.52572676,0
TNG50-1,59,0.7,162908,0.00498361,-0.00080389,0.99338253,-0.40608893,1
TNG50-1,59,0.7,162908,-0.06489315,0.0889008,0.6770181,1.47760472,2
TNG50-1,59,0.7,162908,-0.03187407,0.06235835,1.30080838,1.24000327,3
TNG50-1,59,0.7,162908,-0.01068551,-0.00794164,0.7519547,-0.57754574,4
TNG50-1,59,0.7,201917,-0.01631567,-0.0079836,1.13378576,-0.2218545,0
TNG50-1,59,0.7,201917,-0.00511235,-0.00977426,1.25642719,0.20714687,1
TNG50-1,59,0.7,201917,0.0242606,0.09182119,1.06723683,0.53116966,2
TNG50-1,59,0.7,201917,-0.06188981,0.01161233,0.28917056,-0.20434972,3
TNG50-1,59,0.7,201917,-0.03411219,-0.08067949,0.87364386,-0.16427449,4
TNG50-1,59,0.7,158822,0.02959005,-0.05500051,0.30752523,1.45798165,0
TNG50-1,59,0.7,158822,-0.05024737,0.0418378,1.10674703,0.29027585,1
TNG50-1,59,0.7,158822,-0.06445768,0.02625321,0.90623434,-1.5459854,2
TNG50-1,59,0.7,158822,0.02041758,-0.06269148,0.62668401,-1.49177498,3
TNG50-1,59,0.7,158822,-0.05498354,-0.0309568,1.20303872,1.20076703,4
TNG50-1,59,0.7,224175,0.01240068,0.01159688,1.04217931,-1.22391593,0
TNG50-1,59,0.7,224175,0.00391682,0.02054078,0.51627134,0.91814175,1
TNG50-1,59,0.7,224175,-0.00817887,0.00991796,1.38183913,1.38827796,2
TNG50-1,59,0.7,224175,-0.01480728,-0.05892985,1.02219945,-1.28511616,3
TNG50-1,59,0.7,224175,-0.02131324,-0.04994639,0.76573469,-1.09029558,4
TNG50-1,59,0.7,199650,0.02404629,-0.0153536,0.90707833,0.94007367,0
TNG50-1,59,0.7,199650,0.02297028,-0.04964562,0.64898047,0.6558582,1
TNG50-1,59,0.7,199650,0.13767886,-0.01571587,0.55675744,-0.92040622,2
TNG50-1,59,0.7,199650,0.03070678,0.03559801,0.36799299,1.35623267,3
TNG50-1,59,0.7,199650,0.05654689,0.02034139,1.34760043,-0.30095867,4
TNG50-1,59,0.7,227439,-0.064714,0.02273105,1.03968732,0.78166533,0
TNG50-1,59,0.7,227439,0.00611912,0.02398092,1.28669734,-0.73916894,1
TNG50-1,59,0.7,227439,0.04634752,-0.12170896,0.56312684,0.44627423,2
TNG50-1,59,0.7,227439,-0.04034827,0.10077032,0.58275298,-1.45135338,3
TNG50-1,59,0.7,227439,-0.03035835,0.02642767,0.74826189,-0.9522477,4
TNG50-1,59,0.7,229117,0.04321945,0.06377395,0.28681809,0.76526529,0
TNG50-1,59,0.7,229117,-0.05941895,-0.00422742,1.10745143,0.50779406,1
TNG50-1,59,0.7,229117,0.11227847,0.05832734,0.95390259,0.3410608,2
TNG50-1,59,0.7,229117,0.11189743,-0.00480882,0.68526826,0.47013591,3
TNG50-1,59,0.7,229117,0.08163498,-0.07767588,0.9066377,0.93985256,4
TNG50-1,59,0.7,208302,0.05043968,-0.04573977,1.10638403,1.14562995,0
TNG50-1,59,0.7,208302,-0.00438415,0.03276776,1.35932864,0.02720413,1
TNG50-1,59,0.7,208302,0.0394758,-0.01516245,1.14297272,0.05333793,2
TNG50-1,59,0.7,208302,0.03451232,0.04682146,0.44274017,-1.55440877,3
TNG50-1,59,0.7,208302,-0.03866482,-0.00891005,1.04369425,0.43072515,4
TNG50-1,59,0.7,196722,0.08617054,-0.00864858,1.12591529,0.45510232,0
TNG50-1,59,0.7,196722,0.0600865,0.01546989,1.07320827,-0.55819172,1
TNG50-1,59,0.7,196722,0.00397019,0.04253068,0.76018612,1.40986064,2
TNG50-1,59,0.7,196722,0.0107227,0.03746104,1.19107221,1.50693603,3
TNG50-1,59,0.7,196722,-0.03509353,-0.05546295,0.99699191,-1.19483073,4
TNG50-1,59,0.7,206045,-0.06638441,0.02524067,1.33722561,1.22287248,0
TNG50-1,59,0.7,206045,0.10049039,-0.013913,0.79282122,-1.36034633,1
TNG50-1,59,0.7,206045,0.05328284,0.01649977,1.00026008,-0.47250209,2
TNG50-1,59,0.7,206045,-0.02547621,0.03717034,0.75543255,1.52522478,3
TNG50-1,59,0.7,206045,-0.05148125,-0.02832209,0.85851166,-0.99813001,4
TNG50-1,59,0.7,233630,0.00078818,0.07511777,1.19238767,1.02168854,0
TNG50-1,59,0.7,233630,0.02805164,0.01025723,1.29407963,0.0188217,1
TNG50-1,59,0.7,233630,0.02025876,-0.0816574,0.63894044,-0.54464808,2
TNG50-1,59,0.7,233630,-0.02560799,0.01016002,1.18338073,-1.53489073,3
TNG50-1,59,0.7,233630,0.01489122,0.10219785,1.3736893,-1.45981189,4
TNG50-1,59,0.7,247082,-0.03345915,0.03433737,0.97986016,-0.4706765,0
TNG50-1,59,0.7,247082,-0.09085435,-0.02065157,1.03534064,0.687387,1
TNG50-1,59,0.7,247082,0.01378907,-0.01221667,1.29307141,-1.15844564,2
TNG50-1,59,0.7,247082,0.10270001,0.04923207,1.36795606,0.90157463,3
TNG50-1,59,0.7,247082,0.02291177,0.10043468,1.37077295,0.67756083,4
TNG50-1,59,0.7,232104,0.00481306,0.04712776,1.05545908,-1.32239948,0
TNG50-1,59,0.7,232104,0.0911681,0.06788888,1.0339903,-1.2475171,1
TNG50-1,59,0.7,232104,0.01034287,-0.05175011,0.61570595,1.47183843,2
TNG50-1,59,0.7,232104,0.01230901,-0.01762253,0.25556985,0.56308309,3
TNG50-1,59,0.7,232104,-0.01527454,0.04575393,0.89216495,0.79315513,4
TNG50-1,59,0.7,219801,-0.0483438,-0.05057886,0.70961335,1.00164613,0
TNG50-1,59,0.7,219801,-0.0357987,-0.09314708,1.20553691,1.21067838,1
TNG50-1,59,0.7,219801,-0.05325222,0.02095103,0.83789059,1.11548508,2
TNG50-1,59,0.7,219801,0.02275299,-0.09013668,0.78973042,-0.53156307,3
TNG50-1,59,0.7,219801,-0.09838196,0.00158646,1.11961765,0.76761756,4
TNG50-1,59,0.7,267924,0.0352517,-0.0101414,0.63780009,1.19515382,0
TNG50-1,59,0.7,267924,-0.11218542,-0.00707355,0.9079165,1.01478747,1
TNG50-1,59,0.7,267924,-0.03764729,-0.00873598,1.38053,1.54634356,2
TNG50-1,59,0.7,267924,-0.04119458,0.00112036,0.62877198,0.27143975,3
TNG50-1,59,0.7,267924,0.00391603,0.02700655,0.43533937,1.4532619,4
TNG50-1,59,0.7,212087,-0.01726823,-0.01853744,0.48934342,1.41478436,0
TNG50-1,59,0.7,212087,-0.0475095,0.00478014,0.49600903,-1.36913284,1
TNG50-1,59,0.7,212087,0.10939635,-0.01642209,0.71617257,0.17474129,2
TNG50-1,59,0.7,212087,-0.0251675,-0.00664434,0.33275676,-1.28743423,3
TNG50-1,59,0.7,212087,-0.02504206,-0.1764605,1.25068305,0.21363136,4
TNG50-1,59,0.7,241194,-0.00927943,0.05239256,0.64205783,1.49703959,0
TNG50-1,59,0.7,241194,0.07002362,-0.032608,0.85858337,-0.34255987,1
TNG50-1,59,0.7,241194,0.00905028,0.01126643,0.59949209,-1.09973909,2
TNG50-1,59,0.7,241194,0.07482441,0.01083414,0.86436589,-1.1454347,3
TNG50-1,59,0.7,241194,-0.03743664,0.03307459,0.61655267,0.3062349,4
TNG50-1,59,0.7,222130,-0.02281962,-0.06178368,1.34416924,0.46606364,0
TNG50-1,59,0.7,222130,-0.0134426,-0.05979392,0.984683,0.15536422,1
TNG50-1,59,0.7,222130,-0.00500598,0.0069615,1.3251897,1.17732687,2
TNG50-1,59,0.7,222130,0.0734877,-0.0564714,1.04830459,-1.51966633,3
TNG50-1,59,0.7,222130,0.00150348,-0.07811517,1.05082117,0.86079269,4
TNG50-1,59,0.7,138897,0.02589521,0.07539597,1.3605781,0.64838665,0
TNG50-1,59,0.7,138897,-0.02052283,0.05634931,0.85685154,0.79164016,1
TNG50-1,59,0.7,138897,0.00181013,-0.00592821,0.64458177,-0.80195947,2
TNG50-1,59,0.7,138897,0.037535,-0.00990231,1.37027547,-0.33427974,3
TNG50-1,59,0.7,138897,0.00404626,-0.14251621,0.63553814,-1.19458801,4
TNG50-1,59,0.7,275347,-0.02810359,-0.00805201,1.04773768,0.00226532,0
TNG50-1,59,0.7,275347,-0.01863734,-0.02240604,0.59347281,0.37901551,1
TNG50-1,59,0.7,275347,0.02960636,0.04057077,1.01367016,-0.29654593,2
TNG50-1,59,0.7,275347,-0.0473625,0.03206607,1.20248879,-0.21581381,3
TNG50-1,59,0.7,275347,-0.01489879,0.05832836,1.08318435,-0.74159301,4
TNG50-1,59,0.7,162909,0.02864141,0.05887309,0.68168184,-0.68721204,0
TNG50-1,59,0.7,162909,-0.02388127,0.0045463,0.31776246,-1.12673116,1
TNG50-1,59,0.7,162909,-0.02667085,-0.03699273,1.07264472,1.44997341,2
TNG50-1,59,0.7,162909,-0.06726976,0.0618072,1.09956037,0.97241704,3
TNG50-1,59,0.7,162909,-0.02858606,-0.02926068,0.84391133,1.44041883,4
TNG50-1,59,0.7,235213,-0.03311739,0.01405046,0.7137646,-0.53516568,0
TNG50-1,59,0.7,235213,0.01592367,-0.00731749,1.00817998,1.47576072,1
TNG50-1,59,0.7,235213,-0.05929351,-0.01254944,1.26832806,-0.07935116,2
TNG50-1,59,0.7,235213,0.03331672,-0.04341156,1.14938517,-0.40165102,3
TNG50-1,59,0.7,235213,-0.00114727,0.03952151,0.95703555,0.54401524,4
TNG50-1,59,0.7,254370,0.00658147,-0.01015286,0.27932676,-1.12676961,0
TNG50-1,59,0.7,254370,-0.02527375,-0.07482536,1.37371596,-0.42276171,1
TNG50-1,59,0.7,254370,-8.414e-05,-0.08397119,1.06656723,-0.225583,2
TNG50-1,59,0.7,254370,-0.02212951,-0.08633591,0.485343,1.3615476,3
TNG50-1,59,0.7,254370,0.0479773,0.03089854,1.24906588,1.05595066,4
TNG50-1,59,0.7,284017,0.08432288,0.05064281,0.90999932,1.22437601,0
TNG50-1,59,0.7,284017,-0.06815753,0.01752939,0.74689414,-0.63073724,1
TNG50-1,59,0.7,284017,-0.01748626,0.00830474,1.37343725,1.48979517,2
TNG50-1,59,0.7,284017,-0.07830574,0.06903156,1.00807215,1.08240904,3
TNG50-1,59,0.7,284017,0.07599425,0.06056626,0.7609253,0.47323404,4
TNG50-1,59,0.7,230669,-0.01316883,0.02110476,0.57368824,-0.31958296,0
TNG50-1,59,0.7,230669,0.01754665,0.02656917,1.38087695,1.21740553,1
TNG50-1,59,0.7,230669,0.02432995,0.0879442,1.33453243,-0.11801734,2
TNG50-1,59,0.7,230669,-0.02611832,-0.02245308,1.11236806,-0.66333811,3
TNG50-1,59,0.7,230669,0.09417603,-0.00442159,0.41941966,1.25866396,4
TNG50-1,59,0.7,184869,-0.12136541,-0.05947514,0.85935376,0.51508688,0
TNG50-1,59,0.7,184869,0.01954265,-0.02626535,0.77096534,0.55566679,1
TNG50-1,59,0.7,184869,0.07352869,0.09669072,1.10276828,0.75811951,2
TNG50-1,59,0.7,184869,0.06168952,-0.07083648,1.2184066,-1.17326985,3
TNG50-1,59,0.7,184869,0.02314745,-0.05739206,1.12567617,1.00065189,4
TNG50-1,59,0.7,252992,0.04468168,-0.0938458,0.58407123,-1.15763314,0
TNG50-1,59,0.7,252992,-0.02604508,0.02748901,0.9315436,-0.8714044,1
TNG50-1,59,0.7,252992,-0.02564706,-0.00606074,1.03112665,-0.87172171,2
TNG50-1,59,0.7,252992,0.07231574,-0.05166616,0.78641844,0.31401008,3
TNG50-1,59,0.7,252992,0.07312587,0.0130873,0.91644518,-0.12056061,4
TNG50-1,59,0.7,310579,-6.905e-05,-0.07090574,1.00541143,0.06944691,0
TNG50-1,59,0.7,310579,-0.02413687,-0.0496743,1.08390162,1.48393611,1
TNG50-1,59,0.7,310579,-0.01473179,-0.01643864,1.30634569,-0.09419273,2
TNG50-1,59,0.7,310579,-0.03451286,0.08068754,1.10411734,1.30195817,3
TNG50-1,59,0.7,310579,0.04444219,0.05271403,1.09999209,-0.12077018,4
TNG50-1,59,0.7,251338,0.0502109,0.01613382,0.84651577,0.06339124,0
TNG50-1,59,0.7,251338,-0.01676887,-0.06653662,0.67459333,-0.75871513,1
TNG50-1,59,0.7,251338,-0.01475473,-0.00352671,0.78992733,-0.04185749,2
TNG50-1,59,0.7,251338,0.01797437,-0.05842857,0.99332533,-1.11169841,3
TNG50-1,59,0.7,251338,-0.05648107,-0.0559042,1.15167415,0.20544476,4
TNG50-1,59,0.7,48194,0.0641881,0.03683544,1.03875133,-1.14707066,0
TNG50-1,59,0.7,48194,-0.03276156,-0.13583683,1.19299997,-1.22775091,1
TNG50-1,59,0.7,48194,-0.11210344,-0.02241782,0.68628954,-1.5508096,2
TNG50-1,59,0.7,48194,-0.04983854,0.07128977,0.36000358,0.76640862,3
TNG50-1,59,0.7,48194,-0.05485325,0.00036062,1.07189523,1.51234821,4
TNG50-1,59,0.7,181442,0.0459041,0.04115705,1.04990074,-1.31175468,0
TNG50-1,59,0.7,181442,0.04523646,-0.13256822,1.33420023,-1.06843304,1
TNG50-1,59,0.7,181442,0.07564433,0.02460031,1.04921435,-0.33832285,2
TNG50-1,59,0.7,181442,-0.0834218,0.05299022,0.51219986,-1.25231711,3
TNG50-1,59,0.7,181442,-0.04535916,-0.02881876,0.73802938,1.36358062,4
TNG50-1,59,0.7,263630,0.01720751,-0.06034991,1.10686145,0.22417308,0
TNG50-1,59,0.7,263630,-0.02884415,0.00918484,0.80874806,-1.03131538,1
TNG50-1,59,0.7,263630,-0.02947979,0.05380868,1.20925463,1.38617296,2
TNG50-1,59,0.7,263630,-0.08521853,-0.08933323,0.89720692,1.2155371,3
TNG50-1,59,0.7,263630,-0.07856831,-0.02745384,1.18558514,-0.51233643,4
TNG50-1,59,0.7,138898,0.0210241,0.02723387,1.35759456,0.35453275,0
TNG50-1,59,0.7,138898,0.02576701,0.04156735,0.8540002,0.4922268,1
TNG50-1,59,0.7,138898,-0.06835799,0.02387248,0.82934422,1.03130871,2
TNG50-1,59,0.7,138898,0.00875747,-0.01515967,1.36107921,-0.24902688,3
TNG50-1,59,0.7,138898,-0.00587866,0.0466665,1.07408072,0.15160629,4
TNG50-1,59,0.7,276162,-0.05149181,0.04763985,0.74403488,0.71277917,0
TNG50-1,59,0.7,276162,0.02046284,0.00462462,1.3812738,0.58454242,1
TNG50-1,59,0.7,276162,-0.02785113,-0.04070051,0.64488887,-0.5950546,2
TNG50-1,59,0.7,276162,-0.00164042,-0.02290194,0.95122453,1.51751137,3
TNG50-1,59,0.7,276162,0.0297579,0.03184777,1.1028131,0.46718149,4
TNG50-1,59,0.7,305741,0.05415915,0.01238925,0.66042156,1.47239599,0
TNG50-1,59,0.7,305741,0.02979555,0.00479038,0.6527286,0.23138034,1
TNG50-1,59,0.7,305741,-0.02083351,-0.00900673,0.47400747,-0.888077,2
TNG50-1,59,0.7,305741,-0.04717482,-0.05413259,1.33032529,1.56688129,3
TNG50-1,59,0.7,305741,0.0040489,0.02113441,0.74548111,-1.02203143,4
TNG50-1,59,0.7,143613,0.08304815,0.04615324,1.19805936,-0.90736447,0
TNG50-1,59,0.7,143613,0.02345179,-0.05290202,1.38936413,0.75823938,1
TNG50-1,59,0.7,143613,-0.04386362,-0.00696287,0.82313679,0.53262336,2
TNG50-1,59,0.7,143613,-0.01870783,0.01017615,0.54644072,0.20430574,3
TNG50-1,59,0.7,143613,0.05663812,-0.02538023,0.90481545,1.14145426,4
TNG50-1,59,0.7,274084,-0.03866479,0.04382025,0.73980615,1.45114958,0
TNG50-1,59,0.7,274084,-0.04449108,-0.02720511,0.80475167,1.13160596,1
TNG50-1,59,0.7,274084,0.02837232,-0.09827129,1.10713887,0.19179118,2
TNG50-1,59,0.7,274084,-0.03115169,-0.06505422,1.09434982,-0.30896575,3
TNG50-1,59,0.7,274084,-0.0134289,0.00049778,1.19196296,0.74400851,4
TNG50-1,59,0.7,245787,0.01042089,-0.04086559,1.19138002,0.52581018,0
TNG50-1,59,0.7,245787,-0.04600772,-0.05749873,1.10203059,0.10250744,1
TNG50-1,59,0.7,245787,-0.011697,-0.02100775,0.36750184,-1.13878062,2
TNG50-1,59,0.7,245787,-0.03853364,0.02162375,1.18858098,-0.92811835,3
TNG50-1,59,0.7,245787,-0.06075248,0.00603552,0.61134164,-1.00852154,4
TNG50-1,59,0.7,312793,0.07081368,-0.00294564,0.33397017,0.28394924,0
TNG50-1,59,0.7,312793,-0.07056837,-0.05672295,0.44445789,-1.31281531,1
TNG50-1,59,0.7,312793,0.11760825,-0.00193778,1.05720157,-1.06565889,2
TNG50-1,59,0.7,312793,-0.07689962,-0.00368634,0.35678143,-1.32928876,3
TNG50-1,59,0.7,312793,-0.10145819,-0.00978871,0.480523,-1.23152595,4
TNG50-1,59,0.7,255493,0.02637287,-0.0517383,0.71404636,0.96569099,0
TNG50-1,59,0.7,255493,-0.0888835,0.03821861,1.33943644,-1.01821353,1
TNG50-1,59,0.7,255493,0.07060967,-0.00014525,0.8646612,1.36025232,2
TNG50-1,59,0.7,255493,0.00798582,-0.03430483,1.01998283,1.20814667,3
TNG50-1,59,0.7,255493,-0.00219213,0.00999123,1.18885332,-0.43797714,4
TNG50-1,59,0.7,203535,0.01926538,-0.0076844,0.59008147,-0.01944114,0
TNG50-1,59,0.7,203535,-0.00330059,-0.02062966,1.1783281,1.31103616,1
TNG50-1,59,0.7,203535,-0.03145596,-0.06524743,0.91647193,-0.45597911,2
TNG50-1,59,0.7,203535,0.00209995,0.00373827,0.81254599,1.12292209,3
TNG50-1,59,0.7,203535,-0.00647652,-0.04013572,0.31906379,-0.82992638,4
TNG50-1,59,0.7,297676,-0.0707704,0.01782712,0.93311839,-1.24693395,0
TNG50-1,59,0.7,297676,-0.02571329,-0.09311385,1.27693331,-1.11180741,1
TNG50-1,59,0.7,297676,0.10850621,0.00783791,0.41628082,-1.50627331,2
TNG50-1,59,0.7,297676,0.08387097,-0.02746108,1.30449484,-0.42925439,3
TNG50-1,59,0.7,297676,0.03532439,-0.04083347,0.82349845,0.43851156,4
TNG50-1,59,0.7,244418,-0.01061691,0.00035472,1.33740283,0.68519096,0
TNG50-1,59,0.7,244418,-0.03302934,-0.01390883,0.8200255,-1.40682969,1
TNG50-1,59,0.7,244418,-0.02352862,-0.03056413,1.29998585,0.17304831,2
TNG50-1,59,0.7,244418,-0.00772759,0.07949211,0.79520996,-1.11564898,3
TNG50-1,59,0.7,244418,-0.03839183,0.020762,1.03750942,0.57296879,4
TNG50-1,59,0.7,155055,0.02699425,0.01319467,0.26544455,-0.83434951,0
TNG50-1,59,0.7,155055,0.01366789,-0.03468813,1.08513587,-1.40820109,1
TNG50-1,59,0.7,155055,0.00543495,0.01927794,0.36560491,-0.19545784,2
TNG50-1,59,0.7,155055,0.04486953,-0.0033504,0.74818361,-1.53884331,3
TNG50-1,59,0.7,155055,0.03593211,-0.0154128,0.81915668,-1.34773536,4
TNG50-1,59,0.7,293678,-0.04236085,-0.09034158,0.35117903,-0.56018786,0
TNG50-1,59,0.7,293678,0.04420282,-0.01144925,0.78750782,0.45490781,1
TNG50-1,59,0.7,293678,-0.02672647,-0.07842539,0.62808262,-1.49427507,2
TNG50-1,59,0.7,293678,0.03270048,0.07591345,0.30212583,0.22374133,3
TNG50-1,59,0.7,293678,-0.06645946,-0.07649017,1.20525591,0.96977315,4
TNG50-1,59,0.7,346240,0.03551546,0.03744797,1.23220985,0.54481807,0
TNG50-1,59,0.7,346240,0.02311762,-0.0584161,0.99948217,1.12103733,1
TNG50-1,59,0.7,346240,-0.04134005,0.10090553,0.53880067,1.00457951,2
TNG50-1,59,0.7,346240,-0.01629136,-0.03795917,0.61144297,-0.23363257,3
TNG50-1,59,0.7,346240,-0.01134612,-0.00043747,1.26395116,-1.41970821,4
TNG50-1,59,0.7,281996,-0.04469077,-0.07165224,0.50459307,-0.30763212,0
TNG50-1,59,0.7,281996,-0.01964844,-0.05713542,1.16376183,-1.22752313,1
TNG50-1,59,0.7,281996,0.04964194,-0.0639205,0.30764799,0.28473535,2
TNG50-1,59,0.7,281996,0.01074381,0.06534256,0.3984702,0.63003368,3
TNG50-1,59,0.7,281996,-0.00498448,0.02652816,0.92371289,-0.30160363,4
TNG50-1,59,0.7,133957,-0.02113295,0.01311802,1.27312187,0.15616647,0
TNG50-1,59,0.7,133957,0.02988954,0.00635363,1.00887569,-0.36822116,1
TNG50-1,59,0.7,133957,-0.01744163,0.08701332,1.24463829,-0.11012387,2
TNG50-1,59,0.7,133957,0.0815138,-0.07168752,0.69811461,-0.23638249,3
TNG50-1,59,0.7,133957,0.02021397,0.09191439,1.3520714,-1.08963256,4
TNG50-1,59,0.7,317932,-0.06516833,-0.0305844,0.84163173,-1.5653782,0
TNG50-1,59,0.7,317932,-0.01941786,-0.00213167,0.59389623,-0.03834586,1
TNG50-1,59,0.7,317932,0.12870118,0.00650254,1.05015819,-0.73947884,2
TNG50-1,59,0.7,317932,0.03889666,-0.02095349,0.52315849,-1.29988763,3
TNG50-1,59,0.7,317932,-0.01323652,0.02650296,0.61487283,1.08760694,4
TNG50-1,59,0.7,138899,-0.01243572,-0.03775506,0.37265697,-1.32899369,0
TNG50-1,59,0.7,138899,0.09255421,-0.06106293,1.14644119,0.2819744,1
TNG50-1,59,0.7,138899,0.05356564,0.0912869,1.07563241,-1.49455933,2
TNG50-1,59,0.7,138899,-0.05303463,-0.00051573,0.22557397,-1.00394861,3
TNG50-1,59,0.7,138899,-0.10103699,0.04667094,1.25273615,0.38393146,4
TNG50-1,59,0.7,85605,0.03171998,-0.01847902,1.28917897,0.32665007,0
TNG50-1,59,0.7,85605,0.00505063,0.02315804,0.33328543,-0.19346689,1
TNG50-1,59,0.7,85605,0.00499628,0.03195589,0.46823315,0.78403679,2
TNG50-1,59,0.7,85605,-0.02014123,-0.01155158,1.12635885,0.07728244,3
TNG50-1,59,0.7,85605,-0.02876089,0.04744687,1.38338261,-1.33049454,4
TNG50-1,59,0.7,307402,0.0294285,0.00616166,0.4477103,-0.96891042,0
TNG50-1,59,0.7,307402,-0.03411084,-0.00911805,1.20060073,0.33994706,1
TNG50-1,59,0.7,307402,-0.00704809,0.06356155,1.29963013,-1.51534761,2
TNG50-1,59,0.7,307402,-0.02075191,0.00027452,1.37102374,-0.66996372,3
TNG50-1,59,0.7,307402,-0.1310827,-0.06273737,1.36291845,-1.38805965,4
TNG50-1,59,0.7,239876,0.09727362,-0.02762517,0.7442862,0.49993242,0
TNG50-1,59,0.7,239876,0.0309927,0.0105755,1.09063768,0.35381081,1
TNG50-1,59,0.7,239876,0.01144053,0.00272566,1.26798478,0.05818546,2
TNG50-1,59,0.7,239876,-0.06924916,0.02358668,1.31227683,0.00102557,3
TNG50-1,59,0.7,239876,0.01540483,-0.00486654,1.32124436,-1.08970272,4
TNG50-1,59,0.7,264368,-0.00015971,0.00056959,1.18933419,-1.02012107,0
TNG50-1,59,0.7,264368,-0.03911787,-0.01801431,1.23030829,-0.46040656,1
TNG50-1,59,0.7,264368,-0.02576201,-0.02833419,1.09311438,-0.82469514,2
TNG50-1,59,0.7,264368,-0.05560765,0.02525282,0.5715642,-1.18550246,3
TNG50-1,59,0.7,264368,0.02641885,0.03902241,0.51915717,0.46008432,4
TNG50-1,59,0.7,238084,-0.06095662,-0.02476686,1.11215735,-1.2400333,0
TNG50-1,59,0.7,238084,0.00208052,-0.02472313,0.80877177,-1.17538557,1
TNG50-1,59,0.7,238084,-0.00668739,0.04845179,1.30812494,-0.68785983,2
TNG50-1,59,0.7,238084,-0.0744747,0.09071274,0.73067864,-1.53329886,3
TNG50-1,59,0.7,238084,0.14129135,0.05632184,0.55325178,1.52697518,4
TNG50-1,59,0.7,196723,0.03616198,0.08687712,1.28347534,-0.39769296,0
TNG50-1,59,0.7,196723,0.03223624,0.10110975,1.09469192,-0.05998,1
TNG50-1,59,0.7,196723,-0.06147005,0.02563283,1.00998117,0.69343868,2
TNG50-1,59,0.7,196723,0.08496839,0.05160065,1.13672366,0.663623,3
TNG50-1,59,0.7,196723,-0.04015326,-0.15414599,1.26199736,-0.93401111,4
TNG50-1,59,0.7,272859,-0.02371834,0.03112463,1.26510541,-0.73689492,0
TNG50-1,59,0.7,272859,0.0260638,-0.08205926,0.38282715,0.7071034,1
TNG50-1,59,0.7,272859,-0.01085494,-0.09149651,1.31445716,-1.03705488,2
TNG50-1,59,0.7,272859,0.01209542,-0.00609642,0.81693981,-0.67622696,3
TNG50-1,59,0.7,272859,-0.05736297,-0.01056216,0.62351738,-0.59117853,4
TNG50-1,59,0.7,315126,-0.01735466,-0.07005259,0.61256387,0.6851413,0
TNG50-1,59,0.7,315126,0.042244,-0.03260512,1.25872166,0.67153464,1
TNG50-1,59,0.7,315126,-0.02248333,-0.01909684,0.68573583,0.0484912,2
TNG50-1,59,0.7,315126,-0.00956598,0.00369129,0.90050494,-0.86246885,3
TNG50-1,59,0.7,315126,-0.0215159,0.02794736,1.25376386,-1.15518281,4
TNG50-1,59,0.7,128024,0.0174351,-0.01731448,0.81817271,-1.13252247,0
TNG50-1,59,0.7,128024,-0.015776,-0.08270331,0.50802856,-0.84018052,1
TNG50-1,59,0.7,128024,-0.02820192,0.02281891,0.7884156,1.49215372,2
TNG50-1,59,0.7,128024,0.02817661,-0.03836636,1.37015622,0.85147527,3
TNG50-1,59,0.7,128024,0.02487891,0.01071705,0.2973567,1.37154609,4
TNG50-1,59,0.7,312112,-0.03938815,-0.08963834,0.52125809,-0.15567914,0
TNG50-1,59,0.7,312112,0.01156121,-0.05212295,1.39135618,-0.58945764,1
TNG50-1,59,0.7,312112,0.03398921,-0.1032182,1.02017934,-1.33859295,2
TNG50-1,59,0.7,312112,-0.02439814,-0.04487026,0.36601484,-0.86555126,3
TNG50-1,59,0.7,312112,0.04127627,0.07540386,0.91529525,-1.28661285,4
TNG50-1,59,0.7,270248,0.00065968,0.09807259,0.54654395,-0.43295574,0
TNG50-1,59,0.7,270248,0.01415711,-0.00631222,0.90057143,-1.42535579,1
TNG50-1,59,0.7,270248,-0.0312502,-0.00206487,1.22348982,-1.54608867,2
TNG50-1,59,0.7,270248,0.00384822,0.07637262,0.69850724,1.02225189,3
TNG50-1,59,0.7,270248,0.03039698,-0.02745829,0.76422168,-0.56059408,4
TNG50-1,59,0.7,316982,-0.01223736,0.02164135,1.10904683,-0.57213863,0
TNG50-1,59,0.7,316982,-0.01937424,-0.04884049,1.09888013,0.76806665,1
TNG50-1,59,0.7,316982,-0.03488523,-0.08229918,1.10905917,-1.11066148,2
TNG50-1,59,0.7,316982,0.01239615,0.01311942,0.97031311,0.19077276,3
TNG50-1,59,0.7,316982,0.02216526,-0.02529595,0.62593933,-0.39242254,4
TNG50-1,59,0.7,184870,0.00640531,0.01175568,1.24144372,-0.72844961,0
TNG50-1,59,0.7,184870,-0.07689167,0.00904683,1.21520501,0.50559336,1
TNG50-1,59,0.7,184870,0.03223825,-0.00228568,0.7579102,1.17193277,2
TNG50-1,59,0.7,184870,-0.01302059,0.03932999,1.3263855,0.34435428,3
TNG50-1,59,0.7,184870,0.02323894,-0.00994463,0.70245647,-0.90263067,4
TNG50-1,59,0.7,271409,-0.07879617,0.02001972,1.13094285,-0.38991079,0
TNG50-1,59,0.7,271409,-0.08450009,0.03726035,0.75215466,1.30083532,1
TNG50-1,59,0.7,271409,0.03848433,-0.04069316,1.13921634,1.05790081,2
TNG50-1,59,0.7,271409,0.04329036,-0.03534242,0.47453229,1.46528139,3
TNG50-1,59,0.7,271409,-0.0096625,0.00948631,1.04405644,-1.36191785,4
TNG50-1,59,0.7,328138,-0.07957488,0.02754911,1.0963218,-1.42527917,0
TNG50-1,59,0.7,328138,-0.03568129,0.1043857,1.24276735,1.52002664,1
TNG50-1,59,0.7,328138,0.0258038,-0.03739294,1.28825103,0.53816482,2
TNG50-1,59,0.7,328138,0.0160301,-0.08097119,0.68751933,1.08128138,3
TNG50-1,59,0.7,328138,0.02997585,-0.05252765,0.98841927,-0.19418602,4
TNG50-1,59,0.7,322345,-0.09192972,-0.0590395,1.10223622,0.26105885,0
TNG50-1,59,0.7,322345,-0.03775015,-0.00054012,1.34942006,1.53112272,1
TNG50-1,59,0.7,322345,0.02600561,0.05018312,0.78233144,-0.80111053,2
TNG50-1,59,0.7,322345,-0.00511907,0.0009984,0.69346893,0.22926619,3
TNG50-1,59,0.7,322345,-0.00954764,-0.04151129,1.03158289,0.34859242,4
TNG50-1,59,0.7,85606,0.03445312,0.0374515,0.20382118,1.48995998,0
TNG50-1,59,0.7,85606,-0.03780548,0.00681096,0.72722412,-0.25953152,1
TNG50-1,59,0.7,85606,-0.04939502,0.01794258,0.54058128,0.96538134,2
TNG50-1,59,0.7,85606,0.0076586,-0.08755579,1.103386,0.08164722,3
TNG50-1,59,0.7,85606,0.11788496,-0.05611702,0.94931685,-0.86719942,4
TNG50-1,59,0.7,285957,-0.08790353,-0.0638769,1.39373683,-0.59652555,0
TNG50-1,59,0.7,285957,0.06901529,-0.00658718,1.24204376,0.68035078,1
TNG50-1,59,0.7,285957,-0.00350419,0.01036695,0.39135,0.85459224,2
TNG50-1,59,0.7,285957,-0.08783669,-0.02516085,0.85076568,1.49445438,3
TNG50-1,59,0.7,285957,-0.04621328,0.03885233,0.39501049,-1.51369322,4
TNG50-1,59,0.7,244419,-0.09526519,0.11520188,0.68962752,0.54708787,0
TNG50-1,59,0.7,244419,0.00808355,-0.05390003,0.98598909,0.65798007,1
TNG50-1,59,0.7,244419,-0.06756259,-0.00751587,0.76545968,1.01567626,2
TNG50-1,59,0.7,244419,-0.01906467,-0.03618793,0.97265966,0.1279337,3
TNG50-1,59,0.7,244419,0.03022702,-0.04349352,0.78966616,-0.96359507,4
TNG50-1,59,0.7,326511,-0.08706785,0.00196434,0.31025527,-1.03199202,0
TNG50-1,59,0.7,326511,0.04137976,-0.01718266,0.98613541,-0.98076637,1
TNG50-1,59,0.7,326511,-0.04814569,-0.00336855,1.33083772,-0.23936667,2
TNG50-1,59,0.7,326511,-0.02357455,-0.00298138,1.38531338,-0.74122552,3
TNG50-1,59,0.7,326511,-0.01066398,-0.02235155,0.71132407,0.3662377,4
TNG50-1,59,0.7,303109,-0.02770005,0.08204533,0.64009446,1.4866823,0
TNG50-1,59,0.7,303109,-0.12068062,-0.0070871,0.9310843,0.50834756,1
TNG50-1,59,0.7,303109,0.08826781,-0.00816683,1.25421146,-1.51991772,2
TNG50-1,59,0.7,303109,-0.04010477,-0.06140865,1.05777571,0.6440525,3
TNG50-1,59,0.7,303109,-0.01231865,-0.08174168,0.82706676,-0.78268129,4
TNG50-1,59,0.7,291301,-0.00593637,-0.00397482,0.50785635,-0.42119595,0
TNG50-1,59,0.7,291301,-0.0025669,-0.06857506,1.10541011,-1.40669053,1
TNG50-1,59,0.7,291301,0.05839792,0.03358836,0.74689233,-1.0334607,2
TNG50-1,59,0.7,291301,-0.11735869,-0.03622501,0.78832156,0.36616421,3
TNG50-1,59,0.7,291301,0.00152692,-0.01785163,0.65224122,0.86425273,4
TNG50-1,59,0.7,308587,-0.00279346,0.02208701,1.25667745,1.27695821,0
TNG50-1,59,0.7,308587,-0.07144691,-0.0304132,1.34917657,0.78360868,1
TNG50-1,59,0.7,308587,0.02142931,0.03164224,0.79632162,-1.51061209,2
TNG50-1,59,0.7,308587,-0.01345136,-0.02489525,0.86110363,-0.06161616,3
TNG50-1,59,0.7,308587,0.02653325,-0.02164409,0.34461225,1.24439093,4
TNG50-1,59,0.7,175519,-0.04330932,0.06417993,1.10161403,1.3362163,0
TNG50-1,59,0.7,175519,-0.02943591,0.02471101,0.75413637,-0.08344996,1
TNG50-1,59,0.7,175519,-0.02074069,-0.01546154,0.64644137,-1.06727942,2
TNG50-1,59,0.7,175519,0.06485965,-0.01951786,0.93972107,0.8574398,3
TNG50-1,59,0.7,175519,0.00799556,0.02808044,0.33284417,-0.80695082,4
TNG50-1,59,0.7,304768,0.06294887,-0.02640553,0.41531375,-0.51441259,0
TNG50-1,59,0.7,304768,-0.06780236,-0.02148662,1.05963713,0.05841253,1
TNG50-1,59,0.7,304768,-0.02986725,-0.07059963,1.3395829,0.97222575,2
TNG50-1,59,0.7,304768,-0.01789312,0.02417037,0.60618444,-0.96747552,3
TNG50-1,59,0.7,304768,0.03973585,-0.00806995,0.54952733,0.40518929,4
TNG50-1,59,0.7,331479,-0.01741496,0.06524555,0.76870696,0.86914043,0
TNG50-1,59,0.7,331479,0.0415779,-0.01789676,0.64892638,-0.26616694,1
TNG50-1,59,0.7,331479,0.05811683,-0.03775148,1.03434715,0.02897677,2
TNG50-1,59,0.7,331479,0.05420942,-0.00846638,1.17909949,-0.09631107,3
TNG50-1,59,0.7,331479,-0.05927358,0.04155642,1.32808372,-0.2163368,4
TNG50-1,59,0.7,279218,-0.02401375,-0.04877113,1.00206384,0.72557713,0
TNG50-1,59,0.7,279218,0.07960598,-0.02433954,1.20842075,0.81780616,1
TNG50-1,59,0.7,279218,-0.0701495,0.08852838,0.98514805,1.17650541,2
TNG50-1,59,0.7,279218,-0.00903543,0.00716851,1.34144289,0.9160023,3
TNG50-1,59,0.7,279218,-0.03499888,-0.0395854,0.45712777,-0.2140914,4
TNG50-1,59,0.7,245788,0.08114206,-0.06098862,1.07425362,-0.0434715,0
TNG50-1,59,0.7,245788,-0.09472231,0.08411316,1.14326446,-0.18626029,1
TNG50-1,59,0.7,245788,-0.04006964,0.00217612,0.76884541,1.28071482,2
TNG50-1,59,0.7,245788,-0.04271169,-0.00615731,0.32605443,0.24538069,3
TNG50-1,59,0.7,245788,0.00728607,0.07963569,0.64362144,-0.01055882,4
TNG50-1,59,0.7,203536,-0.06788466,-0.02256185,1.34033479,0.62220885,0
TNG50-1,59,0.7,203536,-0.07835282,-0.03370995,0.30131586,1.04732655,1
TNG50-1,59,0.7,203536,-0.02794436,-0.0820181,0.46636184,0.89887692,2
TNG50-1,59,0.7,203536,0.09772455,0.00390154,0.91002579,1.49868852,3
TNG50-1,59,0.7,203536,0.09489471,0.00810064,1.13668654,0.42994392,4
TNG50-1,59,0.7,283152,0.03972699,-0.02034323,1.17325267,-1.15600593,0
TNG50-1,59,0.7,283152,-0.07851995,-0.01873151,0.74467274,0.63406166,1
TNG50-1,59,0.7,283152,-0.05324581,0.06548419,0.66793988,1.54666146,2
TNG50-1,59,0.7,283152,-0.01350298,0.00712669,1.00110201,0.87311721,3
TNG50-1,59,0.7,283152,-0.07216317,0.05147148,0.97976407,-0.86986829,4
TNG50-1,59,0.7,341319,0.08975522,-0.05568186,0.8825477,-0.00369264,0
TNG50-1,59,0.7,341319,0.02984666,-0.05091134,0.97254708,1.04002836,1
TNG50-1,59,0.7,341319,-0.03178335,-0.0382973,0.67988545,0.98714389,2
TNG50-1,59,0.7,341319,-0.05548238,0.00570437,1.31954126,1.0941079,3
TNG50-1,59,0.7,341319,0.05140595,0.03103987,1.02761561,0.62163614,4
TNG50-1,59,0.7,122418,0.06681631,0.13016839,0.65842863,-1.46174134,0
TNG50-1,59,0.7,122418,0.02294904,0.01550514,1.38553793,-1.03841336,1
TNG50-1,59,0.7,122418,-0.02532386,0.0348844,0.8933635,1.52879133,2
TNG50-1,59,0.7,122418,0.05201631,0.01452119,1.2551038,1.56615544,3
TNG50-1,59,0.7,122418,0.02328324,-0.00495493,1.16331795,0.69067261,4
TNG50-1,59,0.7,343195,0.04837202,-0.04842677,1.06296358,-1.48394064,0
TNG50-1,59,0.7,343195,0.01382754,0.08642327,0.71609807,1.00075083,1
TNG50-1,59,0.7,343195,0.01518659,0.00569805,1.07411292,0.85720687,2
TNG50-1,59,0.7,343195,-0.00587239,0.05626339,0.36996815,0.05181658,3
TNG50-1,59,0.7,343195,-0.03938994,0.06924535,0.62720841,-0.00999844,4
TNG50-1,59,0.7,69764,-0.09170245,0.03336881,0.97294917,-0.89653279,0
TNG50-1,59,0.7,69764,0.02508216,0.03622618,0.39446895,1.01569043,1
TNG50-1,59,0.7,69764,-0.01266695,0.00930086,0.45231745,0.42638687,2
TNG50-1,59,0.7,69764,-0.03203275,0.05463707,1.24499453,-0.64679834,3
TNG50-1,59,0.7,69764,-0.01389379,0.06344165,0.75855591,-0.78815137,4
TNG50-1,59,0.7,48195,-0.00796005,-0.00554844,1.13932825,0.29690397,0
TNG50-1,59,0.7,48195,-0.02015179,0.02579971,0.37208874,-1.37805086,1
TNG50-1,59,0.7,48195,-0.03418838,-0.01075469,0.50873967,0.15734556,2
TNG50-1,59,0.7,48195,0.01223113,-0.05001021,1.31560114,0.26543767,3
TNG50-1,59,0.7,48195,-0.06477108,0.05150927,1.18950169,-0.65669597,4
TNG50-1,59,0.7,225435,0.15630865,0.04238797,0.66548977,-0.30477465,0
TNG50-1,59,0.7,225435,0.00082509,0.07037196,1.38125511,-0.07220671,1
TNG50-1,59,0.7,225435,-0.03709853,0.01240926,1.3136605,-0.80006517,2
TNG50-1,59,0.7,225435,-0.05042483,0.06270096,1.26495668,-1.36277477,3
TNG50-1,59,0.7,225435,0.08860495,-0.04241602,1.1339798,0.55770524,4
TNG50-1,59,0.7,324664,0.03524969,0.04815705,0.41707739,1.37362774,0
TNG50-1,59,0.7,324664,-0.01248712,-0.00366774,0.78926444,1.44447737,1
TNG50-1,59,0.7,324664,-0.09832332,-0.01863356,0.39565836,1.44754322,2
TNG50-1,59,0.7,324664,0.00503918,0.09931323,0.98328855,1.00184571,3
TNG50-1,59,0.7,324664,0.02194894,0.00032931,1.00243374,-0.11810458,4
TNG50-1,59,0.7,318580,0.07586326,0.03751578,0.24534263,0.11405241,0
TNG50-1,59,0.7,318580,-0.00137887,0.0919969,1.21673082,-1.15594967,1
TNG50-1,59,0.7,318580,0.04968836,-0.03186345,1.24307623,0.04159547,2
TNG50-1,59,0.7,318580,0.0265543,-0.04796005,0.31678906,1.39556191,3
TNG50-1,59,0.7,318580,0.00582185,-0.05089573,0.75498258,0.32324263,4
TNG50-1,59,0.7,323872,0.01715959,-0.04640373,0.87837968,0.66432469,0
TNG50-1,59,0.7,323872,0.02932317,0.01865315,1.11113067,-0.8745,1
TNG50-1,59,0.7,323872,0.00795328,0.03957541,1.16971941,-1.20016058,2
TNG50-1,59,0.7,323872,0.02621841,0.05775707,1.27415184,1.56725164,3
TNG50-1,59,0.7,323872,0.02292858,0.02080536,1.28386391,-0.75424455,4
TNG50-1,59,0.7,236587,-0.00315445,0.05444815,0.75850112,-0.80897656,0
TNG50-1,59,0.7,236587,-0.06244107,-0.04774642,1.02516561,0.67852018,1
TNG50-1,59,0.7,236587,0.08301894,0.00380236,0.38420633,-1.5066395,2
TNG50-1,59,0.7,236587,-0.02894109,0.0276734,0.31177101,1.02541742,3
TNG50-1,59,0.7,236587,0.0340753,0.00577731,0.65699256,-0.02004786,4
TNG50-1,59,0.7,347956,0.07477506,-0.06676337,0.54191908,0.34856926,0
TNG50-1,59,0.7,347956,-0.00170253,0.02466151,0.31292289,0.95752473,1
TNG50-1,59,0.7,347956,0.00819785,-0.01030118,1.11971307,1.2141826,2
TNG50-1,59,0.7,347956,0.04660334,-0.06037637,0.69456656,-0.16111286,3
TNG50-1,59,0.7,347956,-0.02451938,0.0250271,1.15802564,-0.40917459,4
TNG50-1,59,0.7,333646,0.00360474,-0.04641779,1.33248408,-0.87384856,0
TNG50-1,59,0.7,333646,0.00321065,-0.05172059,1.04041812,-0.48636387,1
TNG50-1,59,0.7,333646,0.09311605,0.05637014,0.87994575,1.25194275,2
TNG50-1,59,0.7,333646,-0.06178704,0.00133258,1.20627596,-0.21492469,3
TNG50-1,59,0.7,333646,-0.01907697,-0.02777836,1.16188004,-0.25814776,4
TNG50-1,59,0.7,184871,-0.04621297,0.03950055,0.52381592,-1.02813372,0
TNG50-1,59,0.7,184871,-0.02133822,0.02114904,1.3217742,0.94181022,1
TNG50-1,59,0.7,184871,-0.12156743,-0.03538187,0.78069366,-0.15669888,2
TNG50-1,59,0.7,184871,-0.01166662,-0.02292754,0.84162857,-0.22417176,3
TNG50-1,59,0.7,184871,-0.02539871,-0.0117309,0.50998363,-0.43421727,4
TNG50-1,59,0.7,290334,-0.00369364,0.03256332,0.90736237,-0.45775597,0
TNG50-1,59,0.7,290334,-0.01302648,-0.05695621,0.77002598,-0.87071508,1
TNG50-1,59,0.7,290334,-0.06501132,0.01758021,1.33615062,-1.30479745,2
TNG50-1,59,0.7,290334,0.03482891,0.01025998,0.33872124,0.91120887,3
TNG50-1,59,0.7,290334,0.00592671,0.00695175,1.13148363,-0.81527445,4
TNG50-1,59,0.7,358089,-0.01078057,0.07905243,1.15175824,-1.18299073,0
TNG50-1,59,0.7,358089,0.04193968,0.02158805,0.72134699,-1.419083,1
TNG50-1,59,0.7,358089,-0.09286566,-0.05886086,1.37885536,-1.22768677,2
TNG50-1,59,0.7,358089,-0.01797398,-0.02356472,1.2817529,0.59902052,3
TNG50-1,59,0.7,358089,-0.02566844,0.07780521,0.76241234,-1.13309312,4
TNG50-1,59,0.7,342076,0.08726725,0.06103732,1.3855346,1.38244819,0
TNG50-1,59,0.7,342076,0.02839446,-0.04438668,0.83455117,0.00526844,1
TNG50-1,59,0.7,342076,0.05631081,0.04826113,0.51482804,-0.87757805,2
TNG50-1,59,0.7,342076,-0.06045523,0.03666589,1.34548105,-0.45975194,3
TNG50-1,59,0.7,342076,-0.00634112,0.01373618,1.05636558,-0.28858806,4
TNG50-1,59,0.7,340937,-0.11777977,0.06007598,1.33501155,-0.82668473,0
TNG50-1,59,0.7,340937,0.05150828,0.0026467,0.95763069,-0.02934368,1
TNG50-1,59,0.7,340937,0.07502516,-0.10381478,0.80578168,-0.78474437,2
TNG50-1,59,0.7,340937,0.08296078,0.00139405,0.5815416,0.09024345,3
TNG50-1,59,0.7,340937,0.0519174,0.03107864,0.99424921,-0.11778402,4
TNG50-1,59,0.7,104589,0.0209056,-0.00822479,0.85062561,1.44947048,0
TNG50-1,59,0.7,104589,0.04897588,0.00150655,0.95648752,1.3557186,1
TNG50-1,59,0.7,104589,-0.04288112,-0.00875519,1.33622555,-0.20704155,2
TNG50-1,59,0.7,104589,-0.02887393,0.05665154,0.51786921,-0.85273211,3
TNG50-1,59,0.7,104589,0.07772847,0.05859043,1.15861051,1.05197082,4
TNG50-1,59,0.7,280787,-0.04607414,0.07162716,0.24563336,-0.75475708,0
TNG50-1,59,0.7,280787,0.02908792,0.0008673,0.3270753,1.17947649,1
TNG50-1,59,0.7,280787,0.03910954,-0.06206821,0.54016767,-1.53681644,2
TNG50-1,59,0.7,280787,0.13074546,-0.00599936,0.64673946,-0.8562726,3
TNG50-1,59,0.7,280787,-0.03711506,0.00012324,0.87909577,-0.30243344,4
TNG50-1,59,0.7,138900,-0.07013483,0.08873427,1.113782,0.60327629,0
TNG50-1,59,0.7,138900,-0.02811605,0.00653072,0.94640916,-1.43183924,1
TNG50-1,59,0.7,138900,0.00830105,0.03816546,0.52266801,1.03665846,2
TNG50-1,59,0.7,138900,0.05620622,-0.07272308,1.27553711,1.45086647,3
TNG50-1,59,0.7,138900,0.06489232,0.02149408,1.10851629,0.33815224,4
TNG50-1,59,0.7,332703,0.01727683,-0.15414026,1.24848267,0.74173348,0
TNG50-1,59,0.7,332703,-0.01959116,0.12104693,1.12161235,-1.3909459,1
TNG50-1,59,0.7,332703,-0.01553947,0.00915312,1.23606935,-0.23448194,2
TNG50-1,59,0.7,332703,0.07712409,0.01716845,0.74611143,1.46699364,3
TNG50-1,59,0.7,332703,0.01532888,0.05433474,0.94166547,-1.40234565,4
TNG50-1,59,0.7,379270,0.04400802,0.01285376,1.23884709,-1.13032409,0
TNG50-1,59,0.7,379270,-0.00160065,0.02599019,0.99834163,0.64762153,1
TNG50-1,59,0.7,379270,-0.04169243,-0.07072662,0.92460644,-1.04212058,2
TNG50-1,59,0.7,379270,-0.04287837,-0.02519976,1.11491806,-0.6530542,3
TNG50-1,59,0.7,379270,-0.03406088,0.01216427,1.18761857,-0.51236623,4
TNG50-1,59,0.7,330321,-0.08288784,0.08324714,0.88417376,0.55247891,0
TNG50-1,59,0.7,330321,-0.07682869,-0.06892992,1.26209602,-0.40078012,1
TNG50-1,59,0.7,330321,-0.02090254,-0.01413024,1.25575513,0.0403543,2
TNG50-1,59,0.7,330321,-0.06592091,0.10661523,0.83976677,-0.98030874,3
TNG50-1,59,0.7,330321,-0.01738609,0.0204065,1.03894686,-1.08321755,4
TNG50-1,59,0.7,172232,0.05460285,-0.03742072,1.17352344,-0.76677848,0
TNG50-1,59,0.7,172232,-0.02835495,0.00269305,1.35824503,0.59739015,1
TNG50-1,59,0.7,172232,0.01634259,0.03150767,1.16182482,0.13568031,2
TNG50-1,59,0.7,172232,0.04102775,0.07106189,1.37887333,1.06017326,3
TNG50-1,59,0.7,172232,-0.07416106,-0.01079399,0.62893292,1.44632243,4
TNG50-1,59,0.7,332100,-0.15128625,-0.02803581,1.15415798,0.9923922,0
TNG50-1,59,0.7,332100,-0.03018391,-0.00243112,0.49965629,0.80757875,1
TNG50-1,59,0.7,332100,-0.05756547,-0.02976862,0.69997202,-0.31730068,2
TNG50-1,59,0.7,332100,0.06016291,-0.02013241,1.02374796,-0.49834499,3
TNG50-1,59,0.7,332100,-0.02204664,0.00485552,1.09279662,-1.4486261,4
TNG50-1,59,0.7,334171,0.03820238,-0.01507608,0.7433603,-0.83819732,0
TNG50-1,59,0.7,334171,0.04873446,-0.05228458,1.16275047,0.74345984,1
TNG50-1,59,0.7,334171,0.01499445,-0.07670299,0.93897685,-1.24378559,2
TNG50-1,59,0.7,334171,0.03185411,0.0877837,0.3380976,-1.48678233,3
TNG50-1,59,0.7,334171,0.10925129,0.08843936,0.50483936,-1.48228423,4
TNG50-1,59,0.7,338415,0.02328925,-0.01512588,0.84126985,1.1303899,0
TNG50-1,59,0.7,338415,-0.07571029,-0.01820822,0.47909435,-0.60977092,1
TNG50-1,59,0.7,338415,-0.04204603,-0.01513451,1.14352912,-0.71849198,2
TNG50-1,59,0.7,338415,0.00525789,-0.02755409,0.97101722,1.56305912,3
TNG50-1,59,0.7,338415,-0.11354454,-0.0497946,1.39700364,0.26512824,4
TNG50-1,59,0.7,7,-0.08524326,0.04484138,1.08805276,0.47985658,0
TNG50-1,59,0.7,7,-0.08070097,-0.03386809,0.74711722,-1.15100372,1
TNG50-1,59,0.7,7,-0.11416722,-0.02817738,0.86673988,1.13135826,2
TNG50-1,59,0.7,7,0.03929925,-0.00605238,1.10264124,0.24015415,3
TNG50-1,59,0.7,7,0.03368335,0.07218497,1.16594453,-1.22049773,4
TNG50-1,59,0.7,307992,0.05125039,-0.07862377,1.27214799,0.29266826,0
TNG50-1,59,0.7,307992,0.02718437,-0.0599154,1.02405631,1.04463775,1
TNG50-1,59,0.7,307992,0.07147812,-0.03104108,1.00112906,1.54985666,2
TNG50-1,59,0.7,307992,-0.08146414,0.06538603,0.70127035,-0.55755317,3
TNG50-1,59,0.7,307992,0.09508485,0.01127867,1.01443482,1.26277719,4
TNG50-1,59,0.7,298387,-0.01688019,-0.08031359,1.24078362,-1.55903914,0
TNG50-1,59,0.7,298387,-0.02553108,0.04449935,1.31615081,-1.3221029,1
TNG50-1,59,0.7,298387,0.00410922,0.00196565,0.81325268,0.07142593,2
TNG50-1,59,0.7,298387,-0.03291447,-0.01073604,1.06049433,-0.84542475,3
TNG50-1,59,0.7,298387,0.03621347,-0.08214923,1.32393363,0.87195575,4
TNG50-1,59,0.7,309616,-0.04517924,0.09517338,0.58070372,0.53742628,0
TNG50-1,59,0.7,309616,-0.01710255,-0.04754946,1.14397823,0.55870411,1
TNG50-1,59,0.7,309616,0.02685971,0.05402092,1.2244571,0.0440748,2
TNG50-1,59,0.7,309616,-0.01057188,-0.05773403,0.27431247,-0.85310751,3
TNG50-1,59,0.7,309616,-0.01436527,0.03273905,1.12705828,-1.12639473,4
TNG50-1,59,0.7,345857,-0.0573522,-0.04670784,0.86573067,1.04931395,0
TNG50-1,59,0.7,345857,-0.00389903,-0.06569624,1.24827947,-0.24525422,1
TNG50-1,59,0.7,345857,-0.02505397,0.05413729,0.87341796,0.08606693,2
TNG50-1,59,0.7,345857,-0.05951831,-0.01800874,1.10039605,0.19752092,3
TNG50-1,59,0.7,345857,-0.03294367,-0.11011127,1.11014505,0.19791022,4
TNG50-1,59,0.7,262484,0.05850355,-0.06930536,0.71633464,0.53256639,0
TNG50-1,59,0.7,262484,-0.04023057,-0.03041338,0.79412009,-0.18375818,1
TNG50-1,59,0.7,262484,0.04878383,-0.04376532,0.73960938,0.43384791,2
TNG50-1,59,0.7,262484,-0.02151424,0.01127998,0.47313329,-0.07909388,3
TNG50-1,59,0.7,262484,0.00707187,0.00465988,1.00082056,0.86916442,4
TNG50-1,59,0.7,258554,-0.00381822,-0.08407839,0.54750794,0.49052015,0
TNG50-1,59,0.7,258554,-0.08290259,0.0176056,0.55139831,-0.93397861,1
TNG50-1,59,0.7,258554,-0.05307149,-0.02796294,1.23323273,0.77371732,2
TNG50-1,59,0.7,258554,0.05288544,-0.043725,1.17274463,-0.9425923,3
TNG50-1,59,0.7,258554,0.00419422,-0.05724364,0.85948688,-0.74452401,4
TNG50-1,59,0.7,261224,0.02438923,-0.09197977,1.30180964,0.47648706,0
TNG50-1,59,0.7,261224,-0.04405578,0.0167488,1.02895655,0.35841876,1
TNG50-1,59,0.7,261224,0.03487965,-0.02060533,0.93785961,-1.40003855,2
TNG50-1,59,0.7,261224,-0.02569451,0.05748519,1.33387717,-1.27127787,3
TNG50-1,59,0.7,261224,0.03475712,-0.00219904,0.99472983,-0.46697813,4
TNG50-1,59,0.7,359874,-0.05580194,-0.02313406,1.15480973,-1.21125679,0
TNG50-1,59,0.7,359874,-0.06197423,0.0846455,1.27274914,0.38237166,1
TNG50-1,59,0.7,359874,-0.10230385,-0.01334216,1.13614104,0.21138805,2
TNG50-1,59,0.7,359874,-0.05497535,-0.00837874,0.66796281,0.53029388,3
TNG50-1,59,0.7,359874,-0.04595403,0.02546277,0.5225799,0.53738944,4
TNG50-1,59,0.7,347066,-0.06875937,0.04270587,0.8657833,0.02141764,0
TNG50-1,59,0.7,347066,-0.05538897,0.01869093,0.67413379,-0.49764306,1
TNG50-1,59,0.7,347066,0.01719538,0.0086248,1.39023909,0.46809497,2
TNG50-1,59,0.7,347066,0.04988346,-0.02518466,1.21278185,-0.85954755,3
TNG50-1,59,0.7,347066,0.02513222,0.04065009,1.0753402,-1.49073932,4
TNG50-1,59,0.7,355595,-0.00193775,0.01539329,0.82052852,0.39425522,0
TNG50-1,59,0.7,355595,0.09211249,0.06547132,1.12504775,0.47843593,1
TNG50-1,59,0.7,355595,0.03942243,-0.02622271,0.65002635,-1.01804037,2
TNG50-1,59,0.7,355595,-0.02977411,0.00943381,1.24236158,0.5314758,3
TNG50-1,59,0.7,355595,0.03645301,-0.00495468,0.72248485,0.74448963,4
TNG50-1,59,0.7,296530,0.0541421,0.01900344,0.84359366,-0.10529341,0
TNG50-1,59,0.7,296530,0.06286395,-0.02800708,0.93981118,1.36105969,1
TNG50-1,59,0.7,296530,0.01883115,0.06665581,1.23426146,1.56449598,2
TNG50-1,59,0.7,296530,-0.02432482,0.02900421,0.54962266,-0.04336682,3
TNG50-1,59,0.7,296530,0.00545939,-0.04461115,0.31396346,0.70483319,4
TNG50-1,59,0.7,329661,0.0497587,-0.05506037,1.36809796,-0.38681005,0
TNG50-1,59,0.7,329661,0.03195612,0.05973462,0.84561811,0.91854132,1
TNG50-1,59,0.7,329661,-0.08683211,0.05184717,0.75575842,-1.44861744,2
TNG50-1,59,0.7,329661,-0.03962643,0.02624871,1.39723533,-1.41822272,3
TNG50-1,59,0.7,329661,0.06946726,-0.04237486,0.94745124,0.37764802,4
TNG50-1,59,0.7,344331,-0.0252105,-0.01483159,0.97146405,-1.05628913,0
TNG50-1,59,0.7,344331,-0.05406532,0.09280299,1.2721379,-0.49445407,1
TNG50-1,59,0.7,344331,0.02888378,-0.04903814,0.85647518,-0.76718017,2
TNG50-1,59,0.7,344331,0.03304855,0.02133189,0.61536261,-0.36687554,3
TNG50-1,59,0.7,344331,-0.06468196,0.0052761,1.37276992,1.41958613,4
TNG50-1,59,0.7,341580,-0.03651901,0.00491335,0.53051806,0.50279144,0
TNG50-1,59,0.7,341580,-0.01973375,-0.01516664,1.01340004,0.8052644,1
TNG50-1,59,0.7,341580,0.10325976,0.05369848,1.33144821,-1.16807337,2
TNG50-1,59,0.7,341580,-0.06744182,-0.0154249,0.22964428,0.83539596,3
TNG50-1,59,0.7,341580,-0.02094883,-0.01172707,0.54623215,-0.91813378,4
TNG50-1,59,0.7,374414,0.01244355,-0.09107085,1.23693938,1.15548085,0
TNG50-1,59,0.7,374414,0.07851254,0.01460596,0.82750197,0.0173785,1
TNG50-1,59,0.7,374414,0.03962006,-0.07718738,0.65381316,0.10001778,2
TNG50-1,59,0.7,374414,0.00719937,-0.08126346,1.27208757,0.69871596,3
TNG50-1,59,0.7,374414,0.01751705,0.00964393,1.12864023,0.2447075,4
TNG50-1,59,0.7,300306,0.05486472,-0.03282065,0.95373217,0.18151863,0
TNG50-1,59,0.7,300306,0.04850888,-0.06995338,1.28331937,-0.44541479,1
TNG50-1,59,0.7,300306,-0.03986463,-0.00690879,1.32593765,1.2839883,2
TNG50-1,59,0.7,300306,-0.02727791,0.03165692,1.01750967,-0.3498724,3
TNG50-1,59,0.7,300306,-0.04943434,-0.03925264,0.40880737,0.02873452,4
TNG50-1,59,0.7,350676,0.02174923,0.01240933,0.95789859,-0.34476162,0
TNG50-1,59,0.7,350676,-0.00098195,0.00046684,1.19952492,-0.35408365,1
TNG50-1,59,0.7,350676,-0.05410896,0.01051847,1.15147597,-1.20721098,2
TNG50-1,59,0.7,350676,-0.0326339,-0.0762414,1.06146135,1.14853617,3
TNG50-1,59,0.7,350676,-0.0148218,0.03326089,0.96259981,0.34291766,4
TNG50-1,67,0.5,92816,-0.01429199,0.04734266,1.25255107,-0.06185325,0
TNG50-1,67,0.5,92816,0.00781322,-0.02147049,1.12052802,0.78770644,1
TNG50-1,67,0.5,92816,0.05370185,-0.05543746,0.61174279,1.02475492,2
TNG50-1,67,0.5,92816,-0.04098066,-0.07219081,0.50548989,0.8320408,3
TNG50-1,67,0.5,92816,0.07257937,0.01358769,0.93851492,-0.36307999,4
TNG50-1,67,0.5,115152,0.01025734,0.03029054,0.45751511,1.08450762,0
TNG50-1,67,0.5,115152,-0.08465495,-0.01009743,0.58402065,0.67626404,1
TNG50-1,67,0.5,115152,0.01959189,0.05161964,0.93379102,-1.19390763,2
TNG50-1,67,0.5,115152,0.00799658,-0.01463153,0.735158,1.51012993,3
TNG50-1,67,0.5,115152,0.04464487,0.01235786,1.31382803,-1.50001485,4
TNG50-1,67,0.5,216072,-0.04020138,-0.00484593,1.2865612,-1.11172207,0
TNG50-1,67,0.5,216072,0.05448324,0.02873574,1.32911116,-0.76590236,1
TNG50-1,67,0.5,216072,0.00508256,-0.01685731,1.07025993,0.11576695,2
TNG50-1,67,0.5,216072,0.11630961,-0.08976366,1.18995649,0.81083124,3
TNG50-1,67,0.5,216072,0.01594154,-0.01202606,1.27852425,1.10828051,4
TNG50-1,67,0.5,199396,0.00054083,-0.0083105,0.77198235,-0.49251815,0
TNG50-1,67,0.5,199396,0.00290432,0.12105235,0.51505454,1.52536676,1
TNG50-1,67,0.5,199396,-0.0450125,-0.00703512,0.96071567,0.60087735,2
TNG50-1,67,0.5,199396,0.01338496,-0.01396171,1.34196779,0.69542234,3
TNG50-1,67,0.5,199396,0.01307263,-0.02111966,1.02742125,0.04972173,4
TNG50-1,67,0.5,173133,0.07802876,0.00315378,1.25614886,-0.79803,0
TNG50-1,67,0.5,173133,0.03754782,-0.00057322,1.33830344,1.47580721,1
TNG50-1,67,0.5,173133,0.02619824,0.07718934,0.42003173,0.83361015,2
TNG50-1,67,0.5,173133,0.09413245,0.00012577,0.44801177,0.54630595,3
TNG50-1,67,0.5,173133,-0.00485728,-0.03241387,0.76230986,-0.87049975,4
TNG50-1,67,0.5,139867,0.00779125,-0.0395676,0.66670126,-1.55756167,0
TNG50-1,67,0.5,139867,-0.0298196,0.01681496,1.37968767,-0.59048315,1
TNG50-1,67,0.5,139867,-0.06891509,0.03248594,1.35682798,0.82723934,2
TNG50-1,67,0.5,139867,0.06527031,0.03169765,0.44451718,-0.25886472,3
TNG50-1,67,0.5,139867,-0.01750164,0.00098752,0.73731731,-0.09802453,4
TNG50-1,67,0.5,2,-0.00268009,0.05334115,0.97468965,-0.10126993,0
TNG50-1,67,0.5,2,-0.0561132,0.02294949,0.77196586,1.12692517,1
TNG50-1,67,0.5,2,0.01173101,0.04301968,1.08448863,-0.11649715,2
TNG50-1,67,0.5,2,-0.00097004,-0.01751712,0.54809886,-0.26888847,3
TNG50-1,67,0.5,2,0.03717508,0.14115587,0.92495969,-1.24496166,4
TNG50-1,67,0.5,131715,-0.10167633,0.01830239,1.14390586,0.71068431,0
TNG50-1,67,0.5,131715,0.01282843,-0.05294708,1.32764767,0.37802719,1
TNG50-1,67,0.5,131715,-0.02817511,-0.00284846,0.96857818,-0.162522,2
TNG50-1,67,0.5,131715,0.02860601,-0.00900835,1.32304548,1.40070594,3
TNG50-1,67,0.5,131715,0.01585352,0.0247655,0.94300423,-1.25114797,4
TNG50-1,67,0.5,202856,0.00316716,0.02760947,0.83411581,1.32444381,0
TNG50-1,67,0.5,202856,0.04660598,-0.0574235,1.2194415,1.55260555,1
TNG50-1,67,0.5,202856,-0.00911635,0.05943443,1.02746553,-1.40772509,2
TNG50-1,67,0.5,202856,-0.02300455,-0.00279965,0.37574945,0.09858042,3
TNG50-1,67,0.5,202856,-0.01334821,-0.04675121,1.19933343,-1.03101008,4
TNG50-1,67,0.5,241010,0.06952731,-0.00078161,1.35500997,-1.27626234,0
TNG50-1,67,0.5,241010,-0.03900723,-0.00189978,1.34056388,0.28905175,1
TNG50-1,67,0.5,241010,0.00444514,-0.06556476,1.07612208,0.53953871,2
TNG50-1,67,0.5,241010,0.04791352,0.00842494,1.21215604,0.916844,3
TNG50-1,67,0.5,241010,-0.03880571,0.00157723,1.07757279,0.47288176,4
TNG50-1,67,0.5,190042,0.01419503,0.01439999,0.3516741,0.43233802,0
TNG50-1,67,0.5,190042,-0.03861084,0.02014739,0.82237875,-1.01011814,1
TNG50-1,67,0.5,190042,-0.08567367,0.01081752,0.30949474,-0.64342125,2
TNG50-1,67,0.5,190042,-0.01722586,0.02022637,0.43157055,-0.63617188,3
TNG50-1,67,0.5,190042,0.03613013,0.02647559,1.39785044,-0.0529998,4
TNG50-1,67,0.5,244815,-0.00727575,-0.10041892,0.28664592,0.13990202,0
TNG50-1,67,0.5,244815,-0.03952574,0.02951858,0.72415944,-0.27064661,1
TNG50-1,67,0.5,244815,0.00540059,0.00600919,0.95427022,1.07651226,2
TNG50-1,67,0.5,244815,0.02920975,-0.04966157,1.31990891,0.44706585,3
TNG50-1,67,0.5,244815,-0.01059574,0.03866351,1.38502193,-0.21395394,4
TNG50-1,67,0.5,229146,-0.09283451,0.0385366,0.73404349,0.93064207,0
TNG50-1,67,0.5,229146,0.06360339,-0.0649216,0.93008211,-1.15308733,1
TNG50-1,67,0.5,229146,-0.01221788,0.00669937,0.49578209,0.96795452,2
TNG50-1,67,0.5,229146,-0.03659675,-0.02918245,1.20842299,-0.46308577,3
TNG50-1,67,0.5,229146,-0.05642118,-0.02627098,1.05252684,-1.17651483,4
TNG50-1,67,0.5,146970,-0.0475392,0.06621416,1.37340953,1.46421764,0
TNG50-1,67,0.5,146970,-0.05263421,0.04600448,0.85861978,-0.08564449,1
TNG50-1,67,0.5,146970,0.01305058,-0.0966153,0.75523703,1.13140221,2
TNG50-1,67,0.5,146970,-0.02726257,-0.07372141,0.79629545,0.45870366,3
TNG50-1,67,0.5,146970,-0.06084016,0.02967285,0.88848445,-1.30639379,4
TNG50-1,67,0.5,260243,0.04023387,0.00426761,0.58214717,-0.84377456,0
TNG50-1,67,0.5,260243,0.11207624,-0.07536173,0.80779095,-0.88573283,1
TNG50-1,67,0.5,260243,-0.01088085,-2.648e-05,0.41652612,0.74176112,2
TNG50-1,67,0.5,260243,0.02752066,0.00217887,1.00152358,-1.3183407,3
TNG50-1,67,0.5,260243,-0.02159147,0.08994989,1.06264118,-0.80828911,4
TNG50-1,67,0.5,160812,-0.04640626,0.00463949,0.98630985,1.11324081,0
TNG50-1,67,0.5,160812,-0.02590387,0.02681313,1.13713298,0.51578923,1
TNG50-1,67,0.5,160812,-0.0246295,-0.02982067,0.34115081,-0.55676264,2
TNG50-1,67,0.5,160812,0.04047728,0.06819433,1.1533499,0.1647347,3
TNG50-1,67,0.5,160812,0.00727533,-8.723e-05,0.91589693,-1.31007201,4
TNG50-1,67,0.5,218606,-0.00063484,0.00303395,1.08561979,0.46584162,0
TNG50-1,67,0.5,218606,0.00602278,0.01836707,0.82012561,-0.33720651,1
TNG50-1,67,0.5,218606,-0.0858149,0.00665788,0.68353744,0.74715926,2
TNG50-1,67,0.5,218606,-0.03580819,0.1096002,0.33278753,1.29431472,3
TNG50-1,67,0.5,218606,0.04535038,-0.02152599,1.03315164,1.31703737,4
TNG50-1,67,0.5,268469,-0.03351105,-0.04793159,0.73885054,-0.70519633,0
TNG50-1,67,0.5,268469,-0.04114172,0.05993258,1.26784678,1.52004577,1
TNG50-1,67,0.5,268469,0.00080525,-0.01814186,0.62073247,0.69795856,2
TNG50-1,67,0.5,268469,-0.00193261,0.07130391,0.90043454,0.87356271,3
TNG50-1,67,0.5,268469,-0.00929297,0.00063717,0.98089758,0.84418028,4
TNG50-1,67,0.5,139868,0.02736578,-0.01957634,1.01708238,0.08059164,0
TNG50-1,67,0.5,139868,0.03816413,0.06479822,1.31934429,-0.03225723,1
TNG50-1,67,0.5,139868,-0.0676082,-0.03665731,0.7813889,0.21815898,2
TNG50-1,67,0.5,139868,0.01236514,-0.06973845,1.39216612,0.05154896,3
TNG50-1,67,0.5,139868,-0.00920389,0.03978581,0.63086389,-0.55362003,4
TNG50-1,67,0.5,232227,-0.03146873,0.04243548,0.84775203,-0.83827766,0
TNG50-1,67,0.5,232227,-0.04641953,-0.01157896,1.13809755,0.22875322,1
TNG50-1,67,0.5,232227,0.04533597,-0.01022965,1.24799091,1.50613834,2
TNG50-1,67,0.5,232227,0.04738559,-0.03240406,1.32217739,-0.57817299,3
TNG50-1,67,0.5,232227,0.03610356,0.00838646,0.79385342,-1.46101564,4
TNG50-1,67,0.5,207314,-0.01368461,-0.01972757,1.15273758,0.85630195,0
TNG50-1,67,0.5,207314,-0.08848983,0.00449802,0.94574819,0.12539988,1
TNG50-1,67,0.5,207314,-0.04496051,0.06198615,0.60312864,0.11329245,2
TNG50-1,67,0.5,207314,-0.07511137,0.03384531,0.75199493,0.6876619,3
TNG50-1,67,0.5,207314,-0.02171516,-0.08110848,0.67814277,0.62093035,4
TNG50-1,67,0.5,256225,0.04273066,-0.02821656,0.22220468,1.20242243,0
TNG50-1,67,0.5,256225,-0.06131594,-0.02835085,1.13264682,-1.03426855,1
TNG50-1,67,0.5,256225,0.02892791,0.07615475,0.36135374,-0.92476344,2
TNG50-1,67,0.5,256225,-0.03390072,-0.07045433,1.10583384,0.25433909,3
TNG50-1,67,0.5,256225,0.01210315,0.02426831,0.72384668,1.08015737,4
TNG50-1,67,0.5,292102,-0.00903734,0.03177723,0.61569745,0.99696199,0
TNG50-1,67,0.5,292102,0.09923477,-0.00206708,1.20318861,0.20273751,1
TNG50-1,67,0.5,292102,-0.04665935,-0.04481133,1.14702934,-0.2263539,2
TNG50-1,67,0.5,292102,-0.04884789,-0.01813978,1.07124414,0.68940572,3
TNG50-1,67,0.5,292102,-0.05665701,-0.03957552,1.04904897,-0.13237139,4
TNG50-1,67,0.5,258162,0.0247637,-0.01789024,0.49852888,0.48739861,0
TNG50-1,67,0.5,258162,0.01300677,-0.0830636,1.3595436,-1.24710955,1
TNG50-1,67,0.5,258162,-0.029476,-0.00122181,0.89892659,-1.10978569,2
TNG50-1,67,0.5,258162,0.00805667,0.04495468,0.81506893,0.42651559,3
TNG50-1,67,0.5,258162,-0.02239173,0.00287129,0.38897953,-0.89340713,4
TNG50-1,67,0.5,153307,0.02641602,-0.01103082,0.34215021,-0.69921173,0
TNG50-1,67,0.5,153307,-0.0432427,0.02709921,0.54526756,-1.3665826,1
TNG50-1,67,0.5,153307,-0.07196841,-0.00905627,1.15089513,0.44801154,2
TNG50-1,67,0.5,153307,-0.0103276,0.03585002,0.92811323,0.49298115,3
TNG50-1,67,0.5,153307,0.04058822,-0.0798629,1.23902125,1.06343421,4
TNG50-1,67,0.5,286811,0.07039744,0.02143598,0.38532054,-0.27804422,0
TNG50-1,67,0.5,286811,0.01659108,-0.02746023,1.15541992,1.35023267,1
TNG50-1,67,0.5,286811,0.08568371,0.00906171,0.95701095,-0.87179901,2
TNG50-1,67,0.5,286811,0.00464863,0.02515859,0.21367149,-1.00687812,3
TNG50-1,67,0.5,286811,0.05387202,-0.00160991,0.8905249,0.11110044,4
TNG50-1,67,0.5,234935,0.01208556,0.02049215,0.79987464,1.15172076,0
TNG50-1,67,0.5,234935,0.02084506,0.07893559,1.13298718,1.31643932,1
TNG50-1,67,0.5,234935,0.0128431,-0.01359629,1.31353293,1.09657845,2
TNG50-1,67,0.5,234935,-0.06007651,0.02754201,0.75698865,-0.55809845,3
TNG50-1,67,0.5,234935,-0.01266322,0.0439076,1.12838843,-0.82755009,4
TNG50-1,67,0.5,314577,-0.01600189,-0.10706263,1.19580056,1.22290924,0
TNG50-1,67,0.5,314577,0.04222374,-0.00891665,0.7116425,0.83283248,1
TNG50-1,67,0.5,314577,0.07134871,-0.04080041,0.63241627,0.63428727,2
TNG50-1,67,0.5,314577,-0.05436793,-0.01088838,0.33915394,-0.58730935,3
TNG50-1,67,0.5,314577,-0.00816631,0.14618217,1.27706439,-1.50107511,4
TNG50-1,67,0.5,246555,0.00497013,-0.00382429,0.40618821,0.42311746,0
TNG50-1,67,0.5,246555,-0.03542814,0.08113654,1.25011134,-1.38052855,1
TNG50-1,67,0.5,246555,-0.03971881,-0.03479103,1.22845965,-1.32892257,2
TNG50-1,67,0.5,246555,-0.00448896,0.00965549,0.35189085,0.30520178,3
TNG50-1,67,0.5,246555,0.04430755,-0.01771477,1.31880981,0.16137721,4
TNG50-1,67,0.5,253460,0.03000448,-0.02166139,1.01080317,-0.73207094,0
TNG50-1,67,0.5,253460,0.0933737,-0.04466447,0.84684605,0.04996572,1
TNG50-1,67,0.5,253460,-0.04436459,-0.01116435,0.57064631,-0.74640386,2
TNG50-1,67,0.5,253460,0.10592143,-0.09776392,0.94418184,1.07935763,3
TNG50-1,67,0.5,253460,0.01928512,-0.02076222,0.98254794,-0.34914396,4
TNG50-1,67,0.5,251705,-0.01245421,-0.02309396,1.05927434,-0.88540355,0
TNG50-1,67,0.5,251705,-0.040386,-0.02888347,0.75079864,-0.08124862,1
TNG50-1,67,0.5,251705,0.1300987,0.05127792,0.43165132,-0.23882033,2
TNG50-1,67,0.5,251705,0.01593133,-0.08379209,1.37182779,-0.34563907,3
TNG50-1,67,0.5,251705,0.02321248,-0.05714322,0.82514575,-0.972775,4
TNG50-1,67,0.5,273179,-0.04096411,-0.02902057,1.03025526,-0.31503436,0
TNG50-1,67,0.5,273179,0.00121965,0.00649656,0.87924363,-0.14766006,1
TNG50-1,67,0.5,273179,-0.00512534,-0.03784561,0.87107089,0.33086696,2
TNG50-1,67,0.5,273179,-0.05012177,-0.01650368,1.03019972,1.52948093,3
TNG50-1,67,0.5,273179,-0.06402065,-0.09428987,0.67011634,-0.75182676,4
TNG50-1,67,0.5,225712,0.12953429,0.11560333,1.31042915,-0.47225204,0
TNG50-1,67,0.5,225712,-0.03400912,-0.01405796,1.34433459,-1.55112985,1
TNG50-1,67,0.5,225712,-0.06255396,-0.04298279,1.08427466,-0.46781938,2
TNG50-1,67,0.5,225712,-0.03548119,-0.04492294,0.98477293,-1.19640854,3
TNG50-1,67,0.5,225712,-0.01097451,0.05700111,1.19383187,-1.16746459,4
TNG50-1,67,0.5,190043,-0.00087859,-0.08613294,0.32121667,-1.34108516,0
TNG50-1,67,0.5,190043,-0.02910233,0.05421685,0.64218119,-1.10095223,1
TNG50-1,67,0.5,190043,-0.01423016,-0.07807011,0.82897264,1.0392748,2
TNG50-1,67,0.5,190043,-0.07431625,0.09749811,0.84356797,-1.11491014,3
TNG50-1,67,0.5,190043,-0.07451932,-0.03651889,0.27590867,-0.3666349,4
TNG50-1,67,0.5,264305,-0.01756915,-0.01637203,1.10010026,0.39385905,0
TNG50-1,67,0.5,264305,-0.09094457,-0.04653883,1.39811755,0.50585255,1
TNG50-1,67,0.5,264305,-0.02904397,-0.03050257,0.63870251,-1.11295988,2
TNG50-1,67,0.5,264305,0.03517594,0.07044741,0.57309592,0.16501075,3
TNG50-1,67,0.5,264305,-0.01044498,-0.05698886,1.35152062,-0.80676451,4
TNG50-1,67,0.5,207315,0.0139095,0.07354622,0.97185717,1.03058986,0
TNG50-1,67,0.5,207315,-0.09561213,-0.02526337,0.70696589,-0.46809672,1
TNG50-1,67,0.5,207315,0.05815095,0.03609514,1.09417794,0.59800756,2
TNG50-1,67,0.5,207315,-0.01019353,-0.02969776,1.29120341,-0.02386697,3
TNG50-1,67,0.5,207315,0.10059627,0.00013454,0.51837469,0.81986802,4
TNG50-1,67,0.5,283791,0.00795287,-0.004869,1.08780977,-1.17218896,0
TNG50-1,67,0.5,283791,-0.02712619,0.02175027,0.68622775,-0.26614466,1
TNG50-1,67,0.5,283791,-0.02263512,0.01697192,0.52548343,-1.26429502,2
TNG50-1,67,0.5,283791,-0.03935479,-0.02129394,1.10814562,-1.40577478,3
TNG50-1,67,0.5,283791,0.02355754,-0.07293653,0.61226053,-1.36807759,4
TNG50-1,67,0.5,323513,0.01641211,0.02538167,1.15810983,-0.85416988,0
TNG50-1,67,0.5,323513,0.05826016,0.02018146,0.82361272,1.54696321,1
TNG50-1,67,0.5,323513,-0.01466478,0.06203652,1.24588776,-1.05731552,2
TNG50-1,67,0.5,323513,0.05172147,0.03607062,1.14228024,1.09935984,3
TNG50-1,67,0.5,323513,0.00614623,-0.02214727,0.99057043,-0.09393415,4
TNG50-1,67,0.5,160813,0.07083634,8.732e-05,1.06177006,-0.46772009,0
TNG50-1,67,0.5,160813,0.09571836,-0.02751109,0.46785998,-0.02022029,1
TNG50-1,67,0.5,160813,0.00573963,-0.00485151,0.92158796,-0.34601961,2
TNG50-1,67,0.5,160813,-0.01341093,0.02066164,0.44620374,1.03224654,3
TNG50-1,67,0.5,160813,-0.02999205,-0.02026565,0.70947995,-0.98144042,4
TNG50-1,67,0.5,285387,-0.07421449,0.02684652,0.8193384,0.38568967,0
TNG50-1,67,0.5,285387,0.02365658,-0.03999118,1.02267039,1.23439957,1
TNG50-1,67,0.5,285387,-0.02236524,-0.05484173,1.02873181,-0.87488842,2
TNG50-1,67,0.5,285387,-0.02094862,0.05658724,0.63811259,0.37667925,3
TNG50-1,67,0.5,285387,-0.03842073,-0.00894407,1.14414943,1.40734485,4
TNG50-1,67,0.5,347481,0.03387482,0.01502552,1.1847753,-0.13728807,0
TNG50-1,67,0.5,347481,0.00670849,-0.06647578,1.34507626,-0.56915661,1
TNG50-1,67,0.5,347481,0.03566617,0.02372921,0.94826502,-0.04296259,2
TNG50-1,67,0.5,347481,-0.04470022,-0.06244094,1.18005337,-0.37651397,3
TNG50-1,67,0.5,347481,0.00991811,-0.02139591,1.00582914,-1.21560994,4
TNG50-1,67,0.5,289152,0.1085226,-0.06818819,0.63614217,0.72992716,0
TNG50-1,67,0.5,289152,-0.05856471,0.04268564,0.83935829,0.74285882,1
TNG50-1,67,0.5,289152,-0.04921709,-0.02077869,0.71351063,0.95529918,2
TNG50-1,67,0.5,289152,0.05737902,0.03267098,0.69475534,0.177044,3
TNG50-1,67,0.5,289152,-0.02045758,0.0467783,0.47257534,-0.90154664,4
TNG50-1,67,0.5,237937,-0.041428,0.03871934,1.14386304,-1.45707165,0
TNG50-1,67,0.5,237937,-0.03917134,-0.0831764,0.77292075,0.55720313,1
TNG50-1,67,0.5,237937,0.07463523,0.00263229,0.81763521,1.36913225,2
TNG50-1,67,0.5,237937,-0.01218836,-0.05484359,1.37747682,1.28016093,3
TNG50-1,67,0.5,237937,-0.00557491,-0.01472075,0.94691495,-0.92453267,4
TNG50-1,67,0.5,318829,0.01285214,0.04066863,1.23442007,-0.83243564,0
TNG50-1,67,0.5,318829,0.09525746,-0.08049256,0.60729057,-0.63097386,1
TNG50-1,67,0.5,318829,-0.07569616,0.02985245,1.2020184,1.19673312,2
TNG50-1,67,0.5,318829,-0.0818875,0.02633533,0.69654505,-0.32306361,3
TNG50-1,67,0.5,318829,-0.03977541,0.10071951,1.16888826,-0.80500004,4
TNG50-1,67,0.5,343517,-0.01097802,-0.04547814,0.30070334,1.03334563,0
TNG50-1,67,0.5,343517,0.00142909,-0.09090397,0.32271709,-0.00461144,1
TNG50-1,67,0.5,343517,0.02737687,0.03435055,1.0204907,-0.53151666,2
TNG50-1,67,0.5,343517,0.08134004,-0.04345437,1.10175379,-0.62393912,3
TNG50-1,67,0.5,343517,0.00928268,0.04334185,0.76527897,-0.54475616,4
TNG50-1,67,0.5,335792,-0.13489459,-0.01824968,1.04145249,0.21687833,0
TNG50-1,67,0.5,335792,-0.01504158,-0.05294705,0.82067981,-1.14806765,1
TNG50-1,67,0.5,335792,0.04003599,-0.00085279,1.08180572,0.93021401,2
TNG50-1,67,0.5,335792,0.0073988,0.00260467,0.92347536,0.26323378,3
TNG50-1,67,0.5,335792,0.00731335,0.03076273,1.22894828,-0.05676194,4
TNG50-1,67,0.5,225713,0.03726937,0.05036849,1.34984671,1.54833821,0
TNG50-1,67,0.5,225713,-0.01725136,-0.06392801,0.30462192,1.10778604,1
TNG50-1,67,0.5,225713,0.06522963,-0.00978877,0.39968163,0.67586253,2
TNG50-1,67,0.5,225713,-0.03151838,0.01030615,1.30164379,-1.50023319,3
TNG50-1,67,0.5,225713,-0.09190672,0.01927327,0.92862691,-1.35598225,4
TNG50-1,67,0.5,287780,-0.03650831,-0.02314549,0.32715952,1.52403621,0
TNG50-1,67,0.5,287780,0.00067142,-0.0066791,0.7649989,1.12334893,1
TNG50-1,67,0.5,287780,-0.0264379,0.06098502,0.91711254,-0.68943903,2
TNG50-1,67,0.5,287780,0.05721231,0.04544354,0.57050837,-0.4051147,3
TNG50-1,67,0.5,287780,0.01134505,-0.05693854,1.04367423,-0.70452426,4
TNG50-1,67,0.5,317880,-0.02732303,0.02745117,0.80857055,1.01774843,0
TNG50-1,67,0.5,317880,0.00799384,0.01431184,1.29623212,-0.49206464,1
TNG50-1,67,0.5,317880,-0.01019884,0.00527688,0.61852014,0.38280555,2
TNG50-1,67,0.5,317880,-0.05727445,0.01353659,0.99049162,0.37044027,3
TNG50-1,67,0.5,317880,-0.06971296,-0.03094596,1.12346871,-1.40490144,4
TNG50-1,67,0.5,349548,-0.02750953,-0.05141322,0.36582026,-0.75205386,0
TNG50-1,67,0.5,349548,0.14791673,0.01160719,1.31751275,1.11498213,1
TNG50-1,67,0.5,349548,-0.0369702,0.03856903,0.67788099,-1.1272541,2
TNG50-1,67,0.5,349548,0.10526375,-0.01126261,1.21946295,-1.16028792,3
TNG50-1,67,0.5,349548,0.03741837,0.04189914,1.39447127,0.75099052,4
TNG50-1,67,0.5,269551,-0.03465409,-0.06294317,1.22527153,-0.53122773,0
TNG50-1,67,0.5,269551,-0.02445902,6.481e-05,1.23595912,0.11705975,1
TNG50-1,67,0.5,269551,-0.01082987,0.0599373,0.90725891,-1.36849104,2
TNG50-1,67,0.5,269551,0.01912853,-0.00126987,0.21752584,-1.01408484,3
TNG50-1,67,0.5,269551,-0.07426605,-0.03958299,0.96788941,-1.10294904,4
TNG50-1,67,0.5,340830,0.13146186,0.05824976,0.27009193,-0.77703504,0
TNG50-1,67,0.5,340830,0.00981745,0.0273972,1.06725257,0.35590352,1
TNG50-1,67,0.5,340830,-0.10963845,-0.0298961,0.80177241,-1.29225893,2
TNG50-1,67,0.5,340830,0.0190636,0.0751226,1.27305767,0.0784425,3
TNG50-1,67,0.5,340830,-0.035993,0.04697257,0.80991141,-0.82496654,4
TNG50-1,67,0.5,274916,-0.04965194,-0.01292002,0.56393054,0.42160024,0
TNG50-1,67,0.5,274916,-0.08857912,-0.06579509,0.60156762,0.13714123,1
TNG50-1,67,0.5,274916,-0.08242222,-0.03279245,0.94765188,0.30887803,2
TNG50-1,67,0.5,274916,0.02131776,0.01882276,1.08078847,0.40798767,3
TNG50-1,67,0.5,274916,-0.01111541,-0.00260436,0.35985457,0.66938821,4
TNG50-1,67,0.5,271075,0.02877644,0.11213704,0.49536778,0.29623506,0
TNG50-1,67,0.5,271075,0.0747983,0.04575354,1.08265121,-0.31444764,1
TNG50-1,67,0.5,271075,0.02069445,0.01031031,1.02199224,1.52615919,2
TNG50-1,67,0.5,271075,0.00114492,0.02162653,0.54963677,0.69549871,3
TNG50-1,67,0.5,271075,0.05739838,0.01280219,1.26572751,-1.53763285,4
TNG50-1,67,0.5,341492,-0.02972845,0.06470802,0.9420914,0.96229653,0
TNG50-1,67,0.5,341492,-0.00982251,0.04722062,0.30717255,1.55994443,1
TNG50-1,67,0.5,341492,0.02929358,-0.04505928,0.95641279,1.28832313,2
TNG50-1,67,0.5,341492,0.01602229,0.06120554,0.55657182,-0.61552685,3
TNG50-1,67,0.5,341492,-0.05284285,0.01634692,1.17814974,1.08748578,4
TNG50-1,67,0.5,312340,0.02408375,-0.00690553,0.69536814,0.02655013,0
TNG50-1,67,0.5,312340,-0.01738321,0.08417779,0.62823777,-1.21514128,1
TNG50-1,67,0.5,312340,0.05114941,-0.03566334,0.60257465,0.30832257,2
TNG50-1,67,0.5,312340,0.01024208,-0.01613373,1.0800601,0.69171518,3
TNG50-1,67,0.5,312340,0.00818214,-0.06186676,0.95219247,0.34861569,4
TNG50-1,67,0.5,282211,0.04270689,0.07996206,1.24473015,1.13688147,0
TNG50-1,67,0.5,282211,0.07792639,-0.02281089,0.88691616,-0.14922865,1
TNG50-1,67,0.5,282211,-0.00821119,-0.11824409,0.42845043,1.04068501,2
TNG50-1,67,0.5,282211,0.06497465,-0.00399559,1.13023113,-0.16841869,3
TNG50-1,67,0.5,282211,-0.00121282,0.08539816,0.9501656,-0.18773383,4
TNG50-1,67,0.5,294406,-0.09849943,-0.00386297,1.06477279,0.5966532,0
TNG50-1,67,0.5,294406,-0.01185129,-0.00618236,1.10503661,0.46408799,1
TNG50-1,67,0.5,294406,-0.02866669,0.05325657,1.06267197,0.02784272,2
TNG50-1,67,0.5,294406,0.010254,0.0150743,0.89839055,-1.40123442,3
TNG50-1,67,0.5,294406,0.01850248,0.00207125,1.11502999,1.37143928,4
TNG50-1,67,0.5,358978,0.06174788,0.04872683,0.75091875,-0.92053435,0
TNG50-1,67,0.5,358978,0.08318318,-0.00459396,0.466023,-1.38806534,1
TNG50-1,67,0.5,358978,-0.03811328,-0.00935204,0.65508943,0.91540273,2
TNG50-1,67,0.5,358978,0.05503976,0.04678573,1.10681304,0.96763917,3
TNG50-1,67,0.5,358978,0.02748404,0.04773463,0.73449102,-1.49875666,4
TNG50-1,67,0.5,290744,-0.05207935,-0.02447472,0.29352814,0.63333057,0
TNG50-1,67,0.5,290744,-0.03444148,-0.01820348,0.43655273,1.49906857,1
TNG50-1,67,0.5,290744,-0.03407112,-0.03970176,0.85566776,-0.38562419,2
TNG50-1,67,0.5,290744,0.00921969,-0.00899196,1.17384295,-1.38617121,3
TNG50-1,67,0.5,290744,-0.00870009,0.05566078,0.60249065,1.56572683,4
TNG50-1,67,0.5,335208,0.02097872,0.01077506,1.31220509,-0.19811471,0
TNG50-1,67,0.5,335208,0.03098291,0.06311557,1.27244765,0.30907408,1
TNG50-1,67,0.5,335208,0.0340127,-0.0119242,1.22738118,1.44555195,2
TNG50-1,67,0.5,335208,-0.04231779,-0.0011151,0.67515659,0.80572128,3
TNG50-1,67,0.5,335208,-0.02660241,-0.05129642,1.0710705,0.45776968,4
TNG50-1,67,0.5,303329,0.06009817,0.03048898,1.19636393,0.84451983,0
TNG50-1,67,0.5,303329,-0.19439022,0.01302784,0.44138794,-0.87264759,1
TNG50-1,67,0.5,303329,0.02200883,0.03389037,0.2322624,-0.36278393,2
TNG50-1,67,0.5,303329,0.01060586,-0.01339809,0.51742487,0.61942194,3
TNG50-1,67,0.5,303329,-0.00174316,0.07490903,1.1265836,1.473097,4
TNG50-1,67,0.5,160815,-0.03128047,0.09410901,1.16139797,-0.52715641,0
TNG50-1,67,0.5,160815,0.11653553,0.0126403,1.05403821,0.26658774,1
TNG50-1,67,0.5,160815,-0.10510199,-0.03968977,0.91105612,1.26204735,2
TNG50-1,67,0.5,160815,0.03186774,-0.01332474,0.8104747,-0.65900621,3
TNG50-1,67,0.5,160815,-0.03481237,-0.03569657,0.37175186,1.14683834,4
TNG50-1,67,0.5,324128,0.02755872,-0.08790513,1.2521808,-0.42138618,0
TNG50-1,67,0.5,324128,0.07863584,-0.10985693,0.80751689,1.29989145,1
TNG50-1,67,0.5,324128,0.04985339,-0.00036956,0.62337688,0.46596134,2
TNG50-1,67,0.5,324128,0.13399141,0.02521162,0.88832091,0.95240311,3
TNG50-1,67,0.5,324128,0.15503236,-0.00379425,0.55789575,-0.71318826,4
TNG50-1,67,0.5,352688,0.05583553,-0.04324797,0.82887706,0.16521887,0
TNG50-1,67,0.5,352688,-0.04597531,0.06717977,0.54197208,0.80021876,1
TNG50-1,67,0.5,352688,-0.05681819,0.09624684,0.74009191,0.13687155,2
TNG50-1,67,0.5,352688,0.01523145,-0.03139271,1.31538519,0.87194666,3
TNG50-1,67,0.5,352688,0.02021442,0.07436503,1.08459505,1.06063145,4
TNG50-1,67,0.5,153310,-0.00539689,-0.01432545,0.55710238,-0.5438799,0
TNG50-1,67,0.5,153310,0.10551508,-0.0268055,0.88570871,-0.19749719,1
TNG50-1,67,0.5,153310,-0.01929063,0.07688528,1.12820816,0.74762958,2
TNG50-1,67,0.5,153310,0.07458824,0.00926244,0.41269015,1.05477966,3
TNG50-1,67,0.5,153310,-0.08128463,-0.10440416,1.27023099,-1.38682316,4
TNG50-1,67,0.5,276422,-0.01921114,0.00283983,1.12914441,-1.52568556,0
TNG50-1,67,0.5,276422,-0.02240629,-0.0308647,0.53530825,-0.54751864,1
TNG50-1,67,0.5,276422,0.00859944,0.06690898,0.34017464,0.86372177,2
TNG50-1,67,0.5,276422,-0.03546441,0.01023913,1.03221889,-0.43950997,3
TNG50-1,67,0.5,276422,0.0256103,0.03154005,0.29000307,1.32249216,4
TNG50-1,67,0.5,369178,0.04657496,0.06356506,1.34468416,0.26375027,0
TNG50-1,67,0.5,369178,-0.01506111,-0.06337385,0.58455305,-0.28107987,1
TNG50-1,67,0.5,369178,0.04941808,-0.00286223,1.20055447,-1.55728683,2
TNG50-1,67,0.5,369178,0.03139827,-0.00785012,1.11924848,-0.15832818,3
TNG50-1,67,0.5,369178,-0.03427534,-0.04127191,0.84452092,0.75047187,4
TNG50-1,67,0.5,232228,-0.01666585,0.10064895,1.16439831,-0.24151328,0
TNG50-1,67,0.5,232228,-0.07178353,0.02282252,0.39171362,-0.40369785,1
TNG50-1,67,0.5,232228,0.00746791,-0.03483153,0.98608678,-1.46096227,2
TNG50-1,67,0.5,232228,-0.00478095,0.03233622,1.17421707,-1.01066615,3
TNG50-1,67,0.5,232228,0.05911201,0.00046515,0.2451442,0.97135329,4
TNG50-1,67,0.5,237938,-0.05187315,0.08011049,1.11247896,1.46451234,0
TNG50-1,67,0.5,237938,-0.02849467,0.01843001,0.99758527,-0.95903748,1
TNG50-1,67,0.5,237938,-0.03499193,-0.01882619,0.81603183,-0.83964374,2
TNG50-1,67,0.5,237938,-0.12804534,0.01992399,1.13237204,0.37286338,3
TNG50-1,67,0.5,237938,-0.05043159,-0.09767023,1.2505514,-1.32773661,4
TNG50-1,67,0.5,353965,-0.03289609,0.00094949,0.88480102,1.3602624,0
TNG50-1,67,0.5,353965,0.03824892,-0.04850283,1.18108155,1.2741729,1
TNG50-1,67,0.5,353965,0.02205882,0.01758022,0.64528593,0.43646899,2
TNG50-1,67,0.5,353965,-0.02102351,0.01184963,0.49703094,-0.49490562,3
TNG50-1,67,0.5,353965,0.04510334,0.04802091,0.41943894,1.33696029,4
TNG50-1,67,0.5,54053,0.12397017,-0.01746846,1.31653034,-0.5215275,0
TNG50-1,67,0.5,54053,0.03815352,-0.0747572,1.35990682,-1.40803844,1
TNG50-1,67,0.5,54053,-0.05637427,-0.0519532,0.80997702,0.56723391,2
TNG50-1,67,0.5,54053,0.00926147,0.02710465,0.92319898,-0.24671701,3
TNG50-1,67,0.5,54053,0.03863418,-0.08773082,1.0472349,-0.17194552,4
TNG50-1,67,0.5,337656,0.00627598,-0.04877341,0.46589698,0.40139608,0
TNG50-1,67,0.5,337656,-0.01697981,0.01411236,0.8320795,1.33183813,1
TNG50-1,67,0.5,337656,0.00801818,-0.16124781,0.77574907,1.43295494,2
TNG50-1,67,0.5,337656,-0.0904844,-0.0421773,0.64987,1.47127521,3
TNG50-1,67,0.5,337656,-0.14155103,-0.09613805,1.34451619,0.4581475,4
TNG50-1,67,0.5,297999,-0.00693901,-0.05235732,0.31379467,-1.08848048,0
TNG50-1,67,0.5,297999,-0.01730324,0.0716892,0.82505911,-0.90607684,1
TNG50-1,67,0.5,297999,0.04585854,0.023602,0.3601293,-1.26854563,2
TNG50-1,67,0.5,297999,-0.01682313,-0.04842675,0.48214752,0.26037258,3
TNG50-1,67,0.5,297999,0.06156264,0.02544893,1.21694865,-0.68282503,4
TNG50-1,67,0.5,146972,-0.03372225,-0.01139066,1.34643469,-1.50218732,0
TNG50-1,67,0.5,146972,0.07956577,-0.01659272,0.90356575,-0.64712095,1
TNG50-1,67,0.5,146972,0.04067475,0.06280787,0.95567778,-1.40268584,2
TNG50-1,67,0.5,146972,-0.03127882,0.04922615,1.36890028,-0.24140097,3
TNG50-1,67,0.5,146972,-0.03611277,0.00175348,1.32801131,0.98252183,4
TNG50-1,67,0.5,355961,-0.07365503,-0.00921429,0.70627578,1.52255046,0
TNG50-1,67,0.5,355961,0.0337976,0.00909722,0.93048852,1.50675503,1
TNG50-1,67,0.5,355961,0.01732041,-0.05409612,0.7824456,-0.55614862,2
TNG50-1,67,0.5,355961,-0.06696833,-0.06769971,1.27973916,-0.8135199,3
TNG50-1,67,0.5,355961,-0.01204584,0.02598622,1.17228932,-0.84974403,4
TNG50-1,67,0.5,377355,-0.10214347,-0.02182445,0.62875071,-0.15431459,0
TNG50-1,67,0.5,377355,0.12181973,-0.01798746,1.13872135,1.34029082,1
TNG50-1,67,0.5,377355,-0.01948839,-0.04185795,0.70420724,1.51454104,2
TNG50-1,67,0.5,377355,0.06451915,0.03936851,1.15741275,0.86118314,3
TNG50-1,67,0.5,377355,0.0542078,-0.02117341,0.80647279,1.3052197,4
TNG50-1,67,0.5,374417,-0.00875626,-0.08943277,0.47510391,1.49572014,0
TNG50-1,67,0.5,374417,0.02272275,0.08971278,0.53984544,-1.53420534,1
TNG50-1,67,0.5,374417,-0.05169318,0.07304068,1.20691804,-0.54313571,2
TNG50-1,67,0.5,374417,0.02136077,-0.04002815,0.926679,-0.49527129,3
TNG50-1,67,0.5,374417,0.01279101,-0.05612133,0.69759083,-0.66433824,4
TNG50-1,67,0.5,365785,0.05463294,0.01943892,0.25018048,-0.10194009,0
TNG50-1,67,0.5,365785,-0.02780237,0.05308316,1.24408368,-0.90355089,1
TNG50-1,67,0.5,365785,-0.06308695,-0.01370224,0.66497076,-1.42711036,2
TNG50-1,67,0.5,365785,-0.07293553,-0.07153686,0.90606339,1.0627639,3
TNG50-1,67,0.5,365785,0.02917164,-0.11763762,0.72700146,0.9889996,4
TNG50-1,67,0.5,324869,-0.02578471,-0.00293012,1.27919538,0.47508297,0
TNG50-1,67,0.5,324869,-0.01577153,0.01321692,0.40939869,0.30882095,1
TNG50-1,67,0.5,324869,0.1024573,-0.06402733,1.15763974,-1.22821127,2
TNG50-1,67,0.5,324869,-0.00941337,0.02010828,0.5592433,-0.20036693,3
TNG50-1,67,0.5,324869,-0.05947759,0.0604458,0.4652773,0.35074118,4
TNG50-1,67,0.5,184182,0.0409515,-0.0057747,1.2105246,-1.30383745,0
TNG50-1,67,0.5,184182,0.04355016,0.0696565,0.87261708,0.71018583,1
TNG50-1,67,0.5,184182,-0.03565723,0.03513341,0.65961828,-0.92958378,2
TNG50-1,67,0.5,184182,-0.03506501,-0.00352118,0.50204225,0.87687959,3
TNG50-1,67,0.5,184182,0.00226534,0.0303039,0.42154611,0.63048539,4
TNG50-1,67,0.5,330081,-0.02270631,-0.05496842,0.92603756,-0.88687077,0
TNG50-1,67,0.5,330081,-0.07062502,-0.07615097,1.30702925,-1.13982256,1
TNG50-1,67,0.5,330081,-0.01430566,0.1055923,0.350933,0.7580876,2
TNG50-1,67,0.5,330081,0.02725171,0.01625804,0.96610848,0.54608476,3
TNG50-1,67,0.5,330081,-0.00330109,-0.04120346,0.68636188,-0.70966163,4
TNG50-1,67,0.5,184180,-0.0480253,-0.03713227,0.95980995,1.08025988,0
TNG50-1,67,0.5,184180,-0.00213928,-0.04464832,0.89953288,-0.26884709,1
TNG50-1,67,0.5,184180,-0.03403344,0.01446803,0.66192757,0.47046395,2
TNG50-1,67,0.5,184180,-0.10650363,0.04057469,0.64094829,-0.05266799,3
TNG50-1,67,0.5,184180,-0.07064634,-0.00642196,0.47476253,-1.20020945,4
TNG50-1,67,0.5,178499,0.05479761,-0.04160245,0.87980747,-1.53275387,0
TNG50-1,67,0.5,178499,-0.10376711,0.09479776,1.39456436,-1.26538165,1
TNG50-1,67,0.5,178499,0.06714963,0.07057029,0.40156613,-0.15265531,2
TNG50-1,67,0.5,178499,0.02498322,-0.00597204,1.17395085,0.81243904,3
TNG50-1,67,0.5,178499,-0.03737607,0.00672959,0.50418373,1.39034859,4
TNG50-1,67,0.5,322045,0.01233016,-0.01691516,1.01561608,-0.84008202,0
TNG50-1,67,0.5,322045,-0.08097515,0.08591945,0.46467528,1.23961485,1
TNG50-1,67,0.5,322045,0.03451251,0.00857446,1.03116687,-0.32349476,2
TNG50-1,67,0.5,322045,-0.05300824,0.0972736,0.89207493,0.29227282,3
TNG50-1,67,0.5,322045,0.00231486,0.02803712,0.5006554,-0.5402299,4
TNG50-1,67,0.5,242561,-0.02964314,0.04088017,1.19186497,-0.70315097,0
TNG50-1,67,0.5,242561,-0.03718795,0.02728452,1.28545228,1.11352129,1
TNG50-1,67,0.5,242561,-0.04520669,-0.02725459,0.8578554,0.35129974,2
TNG50-1,67,0.5,242561,0.04148503,0.07819297,0.68790572,0.36023607,3
TNG50-1,67,0.5,242561,-0.04647375,-0.07311295,0.75961322,-0.90211319,4
TNG50-1,67,0.5,380357,-0.06317943,0.02321053,0.91556507,0.24011142,0
TNG50-1,67,0.5,380357,0.01339596,-0.0193185,1.14656302,-0.2573897,1
TNG50-1,67,0.5,380357,-0.08189467,0.00091533,0.9051979,0.62317471,2
TNG50-1,67,0.5,380357,-0.04907742,-0.02212353,0.38244559,1.32933142,3
TNG50-1,67,0.5,380357,0.04974846,-0.00309989,0.50745905,-0.03283885,4
TNG50-1,67,0.5,371170,-0.03704219,0.0590264,0.99949264,-1.27168098,0
TNG50-1,67,0.5,371170,-0.06232937,0.03147008,1.04024954,1.2633215,1
TNG50-1,67,0.5,371170,-0.08999827,0.02919172,1.14607482,-1.48625873,2
TNG50-1,67,0.5,371170,-0.01815075,-0.0446605,1.23287833,0.06990777,3
TNG50-1,67,0.5,371170,-0.0035108,0.04424666,0.56851084,-1.38755174,4
TNG50-1,67,0.5,242560,-0.01802248,-0.0432044,0.59497855,-0.55517413,0
TNG50-1,67,0.5,242560,0.03239915,-0.0250346,1.02596298,0.7116964,1
TNG50-1,67,0.5,242560,0.01397321,-0.02814205,0.66911767,-0.41180494,2
TNG50-1,67,0.5,242560,0.05019683,-0.0093235,0.73547333,-1.03645192,3
TNG50-1,67,0.5,242560,0.01854513,0.08973568,1.00022667,-0.56277529,4
TNG50-1,67,0.5,307254,-0.00047576,-0.0331235,0.61432906,1.0722888,0
TNG50-1,67,0.5,307254,0.03330341,0.01227692,0.32117551,-1.29170548,1
TNG50-1,67,0.5,307254,0.05109843,0.05011037,0.69059365,0.78440452,2
TNG50-1,67,0.5,307254,-0.00303451,0.01660497,0.72794725,-0.43356007,3
TNG50-1,67,0.5,307254,0.03806083,-0.02646718,1.02380548,0.20726317,4
TNG50-1,67,0.5,331154,-0.0099715,0.00554118,0.98353081,-0.481199,0
TNG50-1,67,0.5,331154,-0.03097603,0.04918268,0.54145713,0.84916567,1
TNG50-1,67,0.5,331154,-0.01488417,-0.03045841,0.43354909,1.17803805,2
TNG50-1,67,0.5,331154,-0.04423097,0.10665109,1.27769428,0.25208184,3
TNG50-1,67,0.5,331154,0.03571396,-0.09523244,1.2482038,-1.21495386,4
TNG50-1,67,0.5,308503,0.04090955,-0.06137745,1.02406753,0.8991206,0
TNG50-1,67,0.5,308503,0.03303391,0.08862615,1.01489815,-0.2026365,1
TNG50-1,67,0.5,308503,0.07142156,-0.0509075,1.27241992,1.23669505,2
TNG50-1,67,0.5,308503,0.08821205,0.01689821,1.14099917,-0.37617771,3
TNG50-1,67,0.5,308503,0.0165238,-0.0128367,0.59178918,1.14457513,4
TNG50-1,67,0.5,371626,-0.01296943,-0.02186077,0.78808565,-0.89666697,0
TNG50-1,67,0.5,371626,-0.10627992,-0.04734628,0.86827268,1.08716874,1
TNG50-1,67,0.5,371626,0.06975458,0.0969024,0.48002319,-1.54339864,2
TNG50-1,67,0.5,371626,0.02246297,0.00259224,0.9838411,1.15965723,3
TNG50-1,67,0.5,371626,-0.00655052,-0.08688756,1.25123027,-1.39616121,4
TNG50-1,67,0.5,379837,0.00705184,0.01237564,0.78963484,0.20200165,0
TNG50-1,67,0.5,379837,-0.02244477,0.02393218,0.26986105,1.12651259,1
TNG50-1,67,0.5,379837,-0.05102034,0.01223794,0.54107849,1.16121303,2
TNG50-1,67,0.5,379837,-0.05319474,0.01638444,0.54387047,0.94962355,3
TNG50-1,67,0.5,379837,0.05433169,-0.02341973,0.94105414,1.00082118,4
TNG50-1,67,0.5,359432,0.00293182,0.05028483,1.35936696,0.39230542,0
TNG50-1,67,0.5,359432,0.05222083,-0.00100776,1.00348384,0.22185416,1
TNG50-1,67,0.5,359432,0.03941393,-0.01231582,1.38306545,0.39436235,2
TNG50-1,67,0.5,359432,-0.0631982,-0.0785832,0.47462991,0.1992292,3
TNG50-1,67,0.5,359432,0.0274987,0.03418088,1.25471085,0.67729181,4
TNG50-1,67,0.5,234936,0.00079546,0.01053429,1.2465522,0.92805705,0
TNG50-1,67,0.5,234936,-0.05496768,0.0431824,0.93015213,0.23117053,1
TNG50-1,67,0.5,234936,-0.12298544,0.04304492,1.12672025,1.43656598,2
TNG50-1,67,0.5,234936,0.05145675,0.0097219,0.81444605,0.66529611,3
TNG50-1,67,0.5,234936,0.02790458,-0.01271071,1.2214241,0.33739304,4
TNG50-1,67,0.5,293092,-0.03988068,0.01631454,0.99305146,1.29690339,0
TNG50-1,67,0.5,293092,0.10960913,-0.0541677,0.53876165,-1.46408163,1
TNG50-1,67,0.5,293092,-0.00411084,0.02041269,1.22650751,0.09529069,2
TNG50-1,67,0.5,293092,-0.01137456,-0.05807826,1.08443404,-1.36529524,3
TNG50-1,67,0.5,293092,-0.10796242,0.08988499,0.2361865,1.33173659,4
TNG50-1,67,0.5,334210,-0.06298442,0.05832701,1.25362224,0.00237691,0
TNG50-1,67,0.5,334210,-0.02212134,-0.07390884,1.03461337,0.1940356,1
TNG50-1,67,0.5,334210,0.00580142,-0.02164847,0.63206503,0.20227439,2
TNG50-1,67,0.5,334210,0.05818472,0.03555025,1.35165162,-1.39434127,3
TNG50-1,67,0.5,334210,0.01476752,0.01715954,0.61955993,-0.78611822,4
TNG50-1,67,0.5,328098,0.04786592,0.05693504,1.34212654,0.79024303,0
TNG50-1,67,0.5,328098,0.03443592,-0.02822794,1.12009304,1.37528471,1
TNG50-1,67,0.5,328098,-0.02676794,-0.07443805,1.12165927,-1.27532929,2
TNG50-1,67,0.5,328098,0.02045551,-0.06586076,1.14258731,-1.09835787,3
TNG50-1,67,0.5,328098,0.06289867,-0.0155863,0.86253742,0.28224857,4
TNG50-1,67,0.5,355453,-0.04921656,0.0364813,1.34138252,-0.61011262,0
TNG50-1,67,0.5,355453,0.01661127,-0.04664452,0.72839521,1.3861066,1
TNG50-1,67,0.5,355453,-0.03107495,-0.00270774,1.244211,-0.04202924,2
TNG50-1,67,0.5,355453,-0.03791768,-0.01893281,1.23438922,-0.75122411,3
TNG50-1,67,0.5,355453,-0.0242408,0.04099454,1.25829659,-1.03549797,4
TNG50-1,67,0.5,378980,0.05061479,-0.06559645,1.24233331,-1.18483085,0
TNG50-1,67,0.5,378980,0.01656953,0.06638924,1.3092688,-0.93980447,1
TNG50-1,67,0.5,378980,-0.03061983,0.08501045,1.23563122,0.97290647,2
TNG50-1,67,0.5,378980,-0.02291523,-0.01179774,1.33499624,-0.79559453,3
TNG50-1,67,0.5,378980,0.0142338,0.01780522,0.26919034,-0.8724412,4
TNG50-1,67,0.5,376070,-0.04079651,0.0477129,0.91484856,0.70687577,0
TNG50-1,67,0.5,376070,-0.00812,-0.04442323,0.70078364,0.33868337,1
TNG50-1,67,0.5,376070,-0.03747771,-0.13083748,1.35000651,-0.54371651,2
TNG50-1,67,0.5,376070,-0.00975642,-0.08022715,1.00211487,-1.33115088,3
TNG50-1,67,0.5,376070,-0.01127162,-0.05141508,1.32111048,1.33769789,4
TNG50-1,67,0.5,321039,-0.04947647,0.05253484,1.38735317,-0.91362192,0
TNG50-1,67,0.5,321039,-0.01787983,-0.05761851,0.8342734,1.50522324,1
TNG50-1,67,0.5,321039,-0.02725113,-0.00246833,1.22816339,0.14590048,2
TNG50-1,67,0.5,321039,0.04044425,-0.02879455,0.45385961,-1.05095017,3
TNG50-1,67,0.5,321039,-0.00771396,-0.0613023,0.88348332,0.05416788,4
TNG50-1,67,0.5,131716,-0.00390725,-0.00030963,1.11817538,-0.70982232,0
TNG50-1,67,0.5,131716,0.02972943,-0.06084343,0.3415517,-0.7049122,1
TNG50-1,67,0.5,131716,0.03902018,-0.04948263,1.36993365,1.25271578,2
TNG50-1,67,0.5,131716,-0.02811523,-0.03262085,1.09708668,1.03855478,3
TNG50-1,67,0.5,131716,0.02096373,0.04642599,0.51009762,-1.23850632,4
TNG50-1,67,0.5,139869,-0.03951236,0.07824073,0.40144725,-0.65143084,0
TNG50-1,67,0.5,139869,-0.05144608,0.00433607,0.57975816,-0.35825669,1
TNG50-1,67,0.5,139869,0.05535725,0.05063599,1.17571828,-1.05304546,2
TNG50-1,67,0.5,139869,0.08270501,0.02532336,0.32228568,0.58752853,3
TNG50-1,67,0.5,139869,-0.1084524,0.07201975,1.17356982,0.18013052,4
TNG50-1,67,0.5,10,-0.00656971,-0.02200059,1.07121594,-0.58766928,0
TNG50-1,67,0.5,10,-0.00362374,0.03328871,1.10017545,1.38706888,1
TNG50-1,67,0.5,10,-0.04273523,0.05139158,0.95330365,0.62917139,2
TNG50-1,67,0.5,10,0.01398537,0.03386881,0.34055329,-0.73487971,3
TNG50-1,67,0.5,10,0.0097525,-0.05212217,0.83838704,1.27709753,4
TNG50-1,67,0.5,184183,0.08708619,0.07529721,0.64407574,0.19176629,0
TNG50-1,67,0.5,184183,-0.00825598,0.01214848,1.10367479,0.86745641,1
TNG50-1,67,0.5,184183,-0.06772903,-0.00100007,1.09315372,-1.40062633,2
TNG50-1,67,0.5,184183,0.05037334,0.07630604,0.9880294,1.00229605,3
TNG50-1,67,0.5,184183,0.00718878,-0.07692332,0.77301045,-1.38842263,4
TNG50-1,67,0.5,153311,0.06056908,0.03617644,0.72031587,1.43542213,0
TNG50-1,67,0.5,153311,-0.12682727,0.00847413,1.1421605,-0.26193198,1
TNG50-1,67,0.5,153311,0.06264884,0.01906146,1.09859939,1.55887769,2
TNG50-1,67,0.5,153311,0.01677313,0.04995546,1.26965496,-1.0165735,3
TNG50-1,67,0.5,153311,-0.07720067,0.02151377,0.86227006,0.93022389,4
TNG50-1,67,0.5,382229,-0.02215346,0.06929645,0.88810588,-0.23342364,0
TNG50-1,67,0.5,382229,0.03262651,0.07330361,1.20665734,-1.17126422,1
TNG50-1,67,0.5,382229,0.05326899,0.077634,0.6791409,0.42218215,2
TNG50-1,67,0.5,382229,0.05508796,-0.00789074,1.3271263,0.54365078,3
TNG50-1,67,0.5,382229,-0.05590905,-0.03759212,0.83024937,-0.1884318,4
TNG50-1,67,0.5,376440,0.02132141,-0.02909608,1.10067994,0.57530603,0
TNG50-1,67,0.5,376440,0.00335022,0.12172663,0.75575861,-1.48561915,1
TNG50-1,67,0.5,376440,-0.01080241,-0.01200086,0.78137554,0.1783901,2
TNG50-1,67,0.5,376440,-0.03119611,-0.01868785,1.16430575,-0.23845115,3
TNG50-1,67,0.5,376440,-0.0017303,-0.02708181,1.21855398,-0.81968294,4
TNG50-1,67,0.5,372099,-0.02098823,0.03250678,0.64960071,-0.99982962,0
TNG50-1,67,0.5,372099,-0.05858061,0.05789566,0.30527738,0.94030438,1
TNG50-1,67,0.5,372099,-0.00452201,-0.11827671,0.87172299,0.60852217,2
TNG50-1,67,0.5,372099,0.09417806,0.02051113,0.4451385,1.50149209,3
TNG50-1,67,0.5,372099,-0.05804503,0.03017053,0.80935617,-0.80603218,4
TNG50-1,67,0.5,384402,0.06033926,-0.02620256,0.70208017,-1.1758755,0
TNG50-1,67,0.5,384402,-0.00960089,0.02529656,0.80060508,-0.68867643,1
TNG50-1,67,0.5,384402,-0.01941161,-0.04811313,1.0452136,1.40360996,2
TNG50-1,67,0.5,384402,-0.00556086,-0.01509131,1.37666963,-0.62247194,3
TNG50-1,67,0.5,384402,0.01046384,-0.11073481,0.61028282,-0.76925305,4
TNG50-1,67,0.5,419738,0.00085703,0.0959395,0.77454663,1.40373193,0
TNG50-1,67,0.5,419738,0.06113867,-0.03956872,0.52152282,-0.83694917,1
TNG50-1,67,0.5,419738,0.01361724,-0.09972126,1.38541226,-0.55787668,2
TNG50-1,67,0.5,419738,0.027718,-0.01755629,0.52334018,0.50730043,3
TNG50-1,67,0.5,419738,-0.06939437,-0.12237419,0.67773322,1.33766813,4
TNG50-1,67,0.5,373825,0.12995141,-0.03804567,0.96412984,-1.32848707,0
TNG50-1,67,0.5,373825,0.02518119,-0.03941984,0.9030143,-1.00577569,1
TNG50-1,67,0.5,373825,-0.00727529,0.08391644,0.92153686,0.10128187,2
TNG50-1,67,0.5,373825,-0.01464791,-0.0276307,0.66981903,0.61118931,3
TNG50-1,67,0.5,373825,-0.02768,-0.10647095,0.84489527,0.04453061,4
TNG50-1,67,0.5,271076,-0.01207746,0.07995738,1.06727402,1.11490834,0
TNG50-1,67,0.5,271076,0.04100668,0.02946654,0.94753959,-0.08434022,1
TNG50-1,67,0.5,271076,0.03740124,-0.01955709,1.06666298,0.69080576,2
TNG50-1,67,0.5,271076,-0.0082714,-0.03265422,1.15376194,1.44091249,3
TNG50-1,67,0.5,271076,-0.02358118,0.05124488,1.39518832,-1.56190141,4
TNG50-1,67,0.5,242562,0.03451655,0.09785641,0.96322194,-0.52742804,0
TNG50-1,67,0.5,242562,0.05022282,-0.02698479,1.21920169,-0.06213395,1
TNG50-1,67,0.5,242562,0.05095191,-0.00776104,0.96759905,0.894657,2
TNG50-1,67,0.5,242562,0.04579996,-0.01072552,1.38947671,0.66846288,3
TNG50-1,67,0.5,242562,0.03155946,-0.01840336,0.20211902,1.22069423,4
TNG50-1,67,0.5,376847,-0.03503673,-0.04955962,1.02696359,-1.5020742,0
TNG50-1,67,0.5,376847,-0.02870795,0.00117418,0.24405772,-1.39900026,1
TNG50-1,67,0.5,376847,0.00858948,0.02696263,0.69724379,-0.94761434,2
TNG50-1,67,0.5,376847,0.03999947,0.07313776,0.60244127,0.48763046,3
TNG50-1,67,0.5,376847,-0.04092002,-0.05356648,0.57606791,0.38939788,4
TNG50-1,67,0.5,311366,-0.04953402,-0.00193597,1.02700695,-0.96973182,0
TNG50-1,67,0.5,311366,-0.06432729,0.06453787,1.33082219,1.54694614,1
TNG50-1,67,0.5,311366,0.01241693,0.04391147,0.39648855,1.39035718,2
TNG50-1,67,0.5,311366,0.08434106,0.02127075,1.11893482,-0.47302216,3
TNG50-1,67,0.5,311366,-0.00580335,-0.02911704,1.13359583,-0.75396533,4
TNG50-1,67,0.5,377799,-0.06252056,-0.05087777,1.04650157,-1.41456884,0
TNG50-1,67,0.5,377799,-0.01231569,-0.08194924,0.29488295,-0.32962934,1
TNG50-1,67,0.5,377799,0.08836476,-0.06140982,0.79618109,1.30495857,2
TNG50-1,67,0.5,377799,0.02004179,-0.08396946,1.3200344,-0.84131162,3
TNG50-1,67,0.5,377799,0.01094133,0.00375176,0.97877218,1.41550042,4
TNG50-1,67,0.5,295829,-0.04558396,0.05960886,0.55328574,-1.04721809,0
TNG50-1,67,0.5,295829,-0.01305701,-0.06947815,0.35260807,-0.39035259,1
TNG50-1,67,0.5,295829,-0.01658924,-0.08162626,0.58097049,-0.22644932,2
TNG50-1,67,0.5,295829,0.02557113,-0.0067558,1.39946697,1.39153943,3
TNG50-1,67,0.5,295829,-0.03501281,-0.04212795,0.88908439,0.42015262,4
TNG50-1,67,0.5,384936,0.01127716,-0.09443523,1.3277806,0.58171094,0
TNG50-1,67,0.5,384936,-0.00915935,-0.01172489,0.83577257,-0.37527081,1
TNG50-1,67,0.5,384936,0.02406243,0.01695949,0.83259931,-1.04801725,2
TNG50-1,67,0.5,384936,0.01951097,-0.0013142,0.51781754,0.42626048,3
TNG50-1,67,0.5,384936,0.06629238,-0.04695865,0.58018691,-0.00951966,4
TNG50-1,67,0.5,354839,-0.08073496,0.03214083,1.18826125,-0.68516017,0
TNG50-1,67,0.5,354839,-0.07819888,0.0544417,0.74032253,-0.79564983,1
TNG50-1,67,0.5,354839,-0.03138827,0.01393844,1.203366,0.83050062,2
TNG50-1,67,0.5,354839,-0.00133218,0.02802162,1.22453706,0.21900013,3
TNG50-1,67,0.5,354839,-0.02481459,0.01360498,1.3904358,-1.01214424,4
TNG50-1,67,0.5,383974,-0.03126747,-0.02217482,1.10163126,0.36445897,0
TNG50-1,67,0.5,383974,-0.05602382,-0.0202843,0.61173604,-0.63580766,1
TNG50-1,67,0.5,383974,0.03033296,0.09366913,0.8985083,0.61411334,2
TNG50-1,67,0.5,383974,-0.00840022,-0.08115302,1.20193767,0.63060298,3
TNG50-1,67,0.5,383974,0.0407607,0.06422406,1.35634439,-0.13992507,4
TNG50-1,67,0.5,296869,-0.03867242,-0.05902429,1.17845472,-0.12524199,0
TNG50-1,67,0.5,296869,-0.00148235,-0.0054644,1.27165104,-0.91576506,1
TNG50-1,67,0.5,296869,-0.07218859,0.05284861,0.71341406,1.46931848,2
TNG50-1,67,0.5,296869,0.00154053,0.02202068,0.87764982,-1.2317621,3
TNG50-1,67,0.5,296869,-0.0577963,0.02545602,1.34672477,0.30804942,4
TNG50-1,67,0.5,372664,-0.02347014,0.10570178,1.1934998,0.68606703,0
TNG50-1,67,0.5,372664,0.06507249,-0.03409065,0.92900784,-0.85622752,1
TNG50-1,67,0.5,372664,-0.05227878,-0.0071991,0.72489859,0.08276324,2
TNG50-1,67,0.5,372664,0.06625981,-0.04550915,1.09779751,-0.91078487,3
TNG50-1,67,0.5,372664,-0.02167222,-0.03438504,1.01643402,-1.56112776,4
TNG50-1,67,0.5,383421,0.04149682,0.04551974,1.11675917,1.51160919,0
TNG50-1,67,0.5,383421,-0.01210524,-0.01924576,0.45191833,0.6599553,1
TNG50-1,67,0.5,383421,-0.05455152,0.04762503,0.65043372,-0.23994,2
TNG50-1,67,0.5,383421,-0.04367905,0.00679572,0.72014623,1.44686692,3
TNG50-1,67,0.5,383421,-0.06846235,-0.01464092,1.01069517,1.24320674,4
TNG50-1,67,0.5,393423,0.09490457,-0.06040878,0.56920768,-0.14306528,0
TNG50-1,67,0.5,393423,0.01857802,0.0633462,1.16147733,-0.56469773,1
TNG50-1,67,0.5,393423,0.03499794,-0.05041797,1.37639309,0.53023677,2
TNG50-1,67,0.5,393423,-0.0018138,0.03729322,1.36663471,-0.04604702,3
TNG50-1,67,0.5,393423,-0.03871943,0.02080083,1.0267018,-1.33796326,4
TNG50-1,67,0.5,173134,0.06264293,-0.03380035,1.39522061,-1.02340462,0
TNG50-1,67,0.5,173134,-0.10833675,0.09959584,0.80347062,-1.46889959,1
TNG50-1,67,0.5,173134,0.05849418,0.006231,1.15418536,1.41180156,2
TNG50-1,67,0.5,173134,-0.04557368,-0.03540458,1.18901612,-0.60944786,3
TNG50-1,67,0.5,173134,0.01322626,-0.01505457,0.28496048,-0.33483079,4
TNG50-1,67,0.5,77280,0.02183623,0.06162144,0.74663034,0.90738925,0
TNG50-1,67,0.5,77280,-0.01088701,0.09150246,0.50675485,1.33943603,1
TNG50-1,67,0.5,77280,0.05970719,0.11429962,0.45033049,-1.49740059,2
TNG50-1,67,0.5,77280,-0.08690657,0.00251778,0.55176659,-0.27615159,3
TNG50-1,67,0.5,77280,-0.03376604,0.02289487,0.92753814,-0.92951722,4
TNG50-1,67,0.5,393003,-0.08258026,0.00940611,1.14460152,-0.50910007,0
TNG50-1,67,0.5,393003,-0.02118137,-0.01284556,1.06265103,-0.9447446,1
TNG50-1,67,0.5,393003,-0.01319412,-0.04575632,1.00223228,-0.28526584,2
TNG50-1,67,0.5,393003,0.00525185,0.04385345,1.37778149,0.66150435,3
TNG50-1,67,0.5,393003,0.02778689,-0.00509111,0.51586137,1.16526566,4
